Graph #0 from AudioThread1
2.69198 -193.28708
5.38396 -201.19197
8.07594 -200.55490
10.76791 -168.99664
13.45989 -202.93547
16.15187 -201.24332
18.84385 -201.92508
21.53583 -180.18961
24.22781 -207.04007
26.91979 -201.30989
29.61176 -199.93842
32.30375 -169.23932
34.99573 -204.35135
37.68771 -204.56221
40.37968 -201.01070
43.07167 -179.69586
45.76364 -203.32405
48.45562 -209.93246
51.14760 -213.43404
53.83958 -169.57001
56.53155 -201.79642
59.22354 -200.35280
61.91550 -202.51292
64.60748 -178.29663
67.29947 -211.87584
69.99145 -207.98981
72.68342 -205.79979
75.37541 -178.45854
78.06738 -204.30911
80.75936 -203.27946
83.45135 -200.61346
86.14331 -170.36288
88.83529 -213.15741
91.52726 -207.21448
94.21925 -206.29436
96.91125 -173.83226
99.60323 -205.84779
102.29519 -201.54535
104.98715 -203.32742
107.67915 -183.97221
110.37112 -206.17964
113.06311 -210.73982
115.75508 -213.56149
118.44704 -170.49855
121.13905 -208.25632
123.83102 -208.91782
126.52299 -217.81242
129.21498 -190.03625
131.90695 -202.18536
134.59895 -203.92006
137.29092 -214.03149
139.98288 -186.28424
142.67488 -207.35760
145.36685 -208.83107
148.05884 -209.70341
150.75082 -182.31429
153.44283 -212.59229
156.13478 -206.50040
158.82674 -206.46402
161.51871 -163.92038
164.21068 -205.06621
166.90265 -208.44014
169.59467 -209.76033
172.28662 -182.04623
174.97864 -210.19600
177.67059 -204.26785
180.36258 -207.37601
183.05452 -180.64536
185.74654 -203.14587
188.43854 -212.41237
191.13049 -203.32219
193.82245 -177.55023
196.51450 -205.31467
199.20641 -214.43408
201.89836 -204.03444
204.59042 -172.88101
207.28238 -199.83617
209.97437 -205.02995
212.66631 -208.78665
215.35828 -179.95166
218.05025 -208.45181
220.74232 -206.76166
223.43420 -207.09178
226.12619 -177.15442
228.81815 -203.63261
231.51018 -203.12418
234.20219 -198.51234
236.89415 -180.14545
239.58609 -202.51096
242.27808 -212.48567
244.97008 -208.86404
247.66197 -170.07184
250.35399 -207.34633
253.04602 -204.19177
255.73793 -207.10519
258.42996 -180.58992
261.12186 -205.47125
263.81393 -202.82925
266.50589 -202.04254
269.19791 -178.78751
271.88986 -212.51968
274.58182 -203.75549
277.27374 -197.71083
279.96582 -173.37003
282.65775 -202.19853
285.34970 -205.72725
288.04175 -207.21971
290.73367 -173.57462
293.42569 -209.14816
296.11768 -203.43964
298.80960 -205.91580
301.50159 -181.62553
304.19360 -200.86145
306.88565 -200.26170
309.57758 -201.32690
312.26950 -172.19557
314.96152 -213.53464
317.65353 -210.41481
320.34543 -206.04297
323.03745 -184.00740
325.72943 -209.50986
328.42145 -225.60965
331.11334 -209.77779
333.80530 -0.34508
336.49738 -203.37375
339.18933 -203.82715
341.88138 -213.49271
344.57330 -178.03386
347.26520 -209.49136
349.95728 -204.11107
352.64926 -205.80115
355.34119 -169.48996
358.03311 -218.24426
360.72513 -209.59752
363.41718 -202.00246
366.10907 -178.31465
368.80112 -214.12218
371.49304 -211.61378
374.18506 -215.00504
376.87698 -175.68381
379.56897 -197.33981
382.26089 -200.73146
384.95297 -215.55647
387.64499 -178.96155
390.33694 -208.40683
393.02887 -206.98546
395.72086 -212.57796
398.41293 -171.65215
401.10477 -210.01372
403.79681 -212.78317
406.48877 -204.48956
409.18088 -177.30261
411.87280 -206.16005
414.56479 -216.58099
417.25662 -208.46588
419.94867 -145.54846
422.64066 -204.10541
425.33264 -205.87730
428.02472 -218.00168
430.71658 -186.68352
433.40857 -214.39737
436.10052 -210.93764
438.79248 -204.34842
441.48456 -173.29352
444.17648 -205.16974
446.86844 -206.28560
449.56036 -206.71880
452.25244 -188.59372
454.94443 -200.21750
457.63635 -207.91296
460.32840 -213.48459
463.02029 -172.06714
465.71231 -206.54825
468.40430 -208.66699
471.09634 -204.70937
473.78821 -176.78922
476.48022 -210.54166
479.17224 -206.27722
481.86414 -199.08536
484.55624 -181.50214
487.24811 -208.98305
489.94006 -207.98489
492.63211 -205.64563
495.32404 -189.60326
498.01611 -203.00127
500.70804 -204.42072
503.39996 -205.42471
506.09195 -175.30009
508.78406 -209.89392
511.47589 -205.12579
514.16803 -209.06367
516.85980 -176.50482
519.55188 -208.86084
522.24377 -210.18230
524.93579 -204.60495
527.62781 -177.49533
530.31989 -201.81012
533.01172 -202.41437
535.70380 -203.32425
538.39569 -173.73317
541.08765 -209.88451
543.77960 -209.63863
546.47162 -211.64465
549.16370 -170.80615
551.85553 -212.65657
554.54749 -202.86305
557.23962 -198.25189
559.93170 -184.86911
562.62354 -213.43695
565.31555 -210.21738
568.00751 -223.96402
570.69934 -172.05502
573.39160 -199.94548
576.08344 -201.41650
578.77551 -204.32796
581.46741 -194.81583
584.15930 -204.06790
586.85126 -206.30060
589.54321 -209.59460
592.23523 -173.26996
594.92743 -203.38660
597.61926 -212.21935
600.31134 -207.22186
603.00323 -176.55583
605.69507 -204.15367
608.38708 -205.52353
611.07916 -212.50783
613.77124 -180.11298
616.46307 -205.36966
619.15515 -213.16617
621.84705 -206.89786
624.53906 -180.69241
627.23096 -204.07845
629.92303 -205.51917
632.61493 -201.54309
635.30695 -170.80463
637.99884 -214.75052
640.69092 -208.29709
643.38306 -218.72020
646.07477 -177.03716
648.76697 -210.04236
651.45898 -212.88170
654.15076 -218.25946
656.84277 -181.27310
659.53479 -209.48280
662.22681 -209.87134
664.91882 -206.03526
667.61072 -73.47282
670.30273 -199.47272
672.99475 -207.52026
675.68652 -210.03256
678.37878 -176.01743
681.07068 -203.49460
683.76257 -220.61826
686.45441 -221.32948
689.14667 -181.35310
691.83838 -207.38300
694.53033 -208.38228
697.22241 -201.06905
699.91443 -181.21083
702.60614 -217.70674
705.29840 -208.94322
707.99023 -205.71187
710.68225 -181.44252
713.37433 -214.78560
716.06616 -210.87527
718.75824 -217.62376
721.45032 -188.46194
724.14209 -210.23480
726.83423 -212.59239
729.52625 -213.88783
732.21826 -185.95348
734.90997 -205.48393
737.60205 -206.38683
740.29425 -209.61044
742.98615 -184.64478
745.67798 -205.89352
748.37024 -211.97853
751.06195 -200.49632
753.75403 -164.40286
756.44598 -203.69493
759.13782 -209.29549
761.82996 -208.26677
764.52161 -178.35367
767.21399 -204.47836
769.90588 -208.67067
772.59760 -220.88692
775.28986 -177.62720
777.98187 -203.11369
780.67358 -199.60458
783.36578 -200.58017
786.05780 -178.92033
788.74951 -209.61311
791.44159 -207.48285
794.13367 -202.68506
796.82568 -189.04749
799.51770 -208.99680
802.20947 -218.17130
804.90167 -208.87625
807.59369 -178.66478
810.28552 -199.32620
812.97742 -202.34041
815.66931 -206.54042
818.36182 -179.53714
821.05322 -204.49783
823.74542 -204.07039
826.43762 -199.35718
829.12915 -166.82768
831.82135 -200.11588
834.51331 -201.70830
837.20526 -202.12585
839.89740 -176.04433
842.58917 -203.48828
845.28137 -211.18730
847.97339 -212.44527
850.66516 -174.92734
853.35718 -200.00662
856.04950 -199.02718
858.74091 -203.83478
861.43304 -175.38596
864.12524 -206.22762
866.81702 -208.45793
869.50891 -206.77556
872.20123 -174.92784
874.89294 -215.28409
877.58484 -206.47246
880.27704 -204.52428
882.96924 -178.27557
885.66095 -204.90529
888.35278 -210.90692
891.04498 -207.20201
893.73669 -178.05832
896.42877 -205.22006
899.12079 -209.27950
901.81299 -209.55336
904.50470 -175.87778
907.19659 -208.03752
909.88867 -207.70338
912.58051 -205.56467
915.27277 -147.45894
917.96472 -216.45476
920.65668 -203.94801
923.34869 -202.98688
926.04065 -178.21416
928.73285 -203.99530
931.42450 -207.65334
934.11646 -208.32387
936.80847 -177.84544
939.50049 -206.37880
942.19275 -211.26021
944.88416 -202.97598
947.57660 -178.99637
950.26849 -212.65254
952.96051 -208.04660
955.65234 -209.74834
958.34424 -178.06184
961.03625 -211.44481
963.72833 -208.34482
966.42053 -203.41289
969.11200 -179.52925
971.80432 -208.18138
974.49640 -208.37102
977.18835 -207.95778
979.88025 -178.78040
982.57196 -206.28546
985.26434 -204.34392
987.95593 -208.63937
990.64813 -186.15977
993.34033 -205.63165
996.03210 -202.57544
998.72406 -204.94664
1001.41589 -32.92925
1004.10815 -209.09831
1006.80005 -208.58308
1009.49207 -208.20818
1012.18396 -175.49490
1014.87585 -203.56290
1017.56799 -210.35197
1020.25964 -221.17419
1022.95197 -188.59096
1025.64404 -205.38301
1028.33594 -201.87727
1031.02771 -201.40680
1033.71973 -175.74855
1036.41174 -207.87985
1039.10364 -211.90121
1041.79590 -204.90320
1044.48767 -175.46991
1047.17993 -204.98439
1049.87146 -203.95377
1052.56384 -202.65767
1055.25562 -178.13483
1057.94751 -197.65662
1060.63989 -200.96214
1063.33142 -206.72813
1066.02344 -184.30107
1068.71545 -204.08212
1071.40759 -202.75784
1074.09961 -202.05469
1076.79126 -179.78343
1079.48340 -203.17264
1082.17542 -202.67079
1084.86731 -200.14113
1087.55933 -146.03369
1090.25122 -201.48283
1092.94299 -204.40912
1095.63525 -207.94220
1098.32751 -178.18501
1101.01880 -201.52278
1103.71155 -200.63834
1106.40295 -200.83487
1109.09546 -174.70819
1111.78723 -204.08221
1114.47864 -201.05708
1117.17126 -202.25722
1119.86316 -178.77147
1122.55542 -211.49025
1125.24744 -208.28351
1127.93909 -201.10135
1130.63086 -179.36699
1133.32288 -199.79359
1136.01550 -203.03214
1138.70654 -205.84409
1141.39844 -182.17583
1144.09070 -203.68340
1146.78296 -205.91019
1149.47461 -205.04398
1152.16663 -187.99092
1154.85852 -218.41728
1157.55115 -209.89716
1160.24231 -204.58009
1162.93457 -197.06163
1165.62708 -211.61153
1168.31873 -208.10509
1171.01086 -202.02251
1173.70264 -165.18065
1176.39453 -204.31934
1179.08655 -208.35730
1181.77881 -208.39450
1184.47034 -178.67413
1187.16211 -205.65849
1189.85461 -204.23206
1192.54688 -202.30629
1195.23828 -170.80997
1197.93030 -203.21440
1200.62244 -204.55237
1203.31470 -208.09196
1206.00659 -173.73430
1208.69824 -221.23856
1211.39026 -211.59479
1214.08264 -201.87158
1216.77393 -184.65428
1219.46594 -200.72372
1222.15808 -203.82350
1224.85022 -212.29802
1227.54248 -180.93674
1230.23425 -208.11838
1232.92627 -206.82457
1235.61865 -207.77837
1238.31042 -182.65793
1241.00232 -201.85544
1243.69397 -200.60081
1246.38599 -201.50490
1249.07825 -177.36095
1251.77051 -219.46825
1254.46204 -212.12160
1257.15381 -219.17465
1259.84558 -176.16695
1262.53821 -203.89870
1265.22961 -202.95528
1267.92188 -203.92992
1270.61426 -176.67009
1273.30591 -203.62660
1275.99780 -202.90538
1278.68994 -207.97076
1281.38196 -185.62093
1284.07336 -208.67757
1286.76538 -231.06998
1289.45752 -205.51997
1292.14966 -179.81097
1294.84155 -205.02805
1297.53320 -210.26167
1300.22571 -210.35117
1302.91699 -189.06845
1305.60962 -204.73079
1308.30127 -204.11472
1310.99304 -207.31148
1313.68542 -175.17915
1316.37744 -206.61951
1319.06921 -204.27931
1321.76147 -207.88190
1324.45374 -176.83302
1327.14551 -202.39478
1329.83704 -202.26079
1332.52905 -203.65031
1335.22156 -76.99316
1337.91370 -203.92664
1340.60498 -204.98865
1343.29761 -208.46468
1345.98889 -186.74358
1348.68176 -201.56444
1351.37280 -201.89841
1354.06506 -203.53600
1356.75684 -187.00018
1359.44946 -213.85112
1362.14160 -211.73810
1364.83325 -205.74194
1367.52454 -180.35443
1370.21680 -203.98032
1372.90869 -211.35799
1375.60156 -212.93121
1378.29248 -179.37981
1380.98511 -203.97435
1383.67725 -206.05171
1386.36890 -205.51324
1389.06079 -175.59399
1391.75293 -205.72801
1394.44507 -202.96390
1397.13647 -200.61456
1399.82849 -180.98338
1402.52051 -212.57736
1405.21313 -215.65009
1407.90417 -212.30872
1410.59692 -177.23375
1413.28882 -205.49622
1415.98096 -208.04114
1418.67285 -202.58484
1421.36462 -163.83208
1424.05688 -204.92990
1426.74829 -212.54071
1429.44067 -214.43483
1432.13245 -175.73979
1434.82422 -202.33060
1437.51611 -204.78558
1440.20825 -202.42058
1442.90015 -187.89986
1445.59229 -204.59892
1448.28430 -207.03566
1450.97607 -212.92076
1453.66772 -173.02042
1456.35999 -211.96893
1459.05212 -215.46770
1461.74426 -204.72630
1464.43665 -180.04655
1467.12830 -202.10197
1469.82080 -200.11328
1472.51196 -201.91542
1475.20386 -181.88712
1477.89624 -201.00533
1480.58789 -204.78822
1483.28027 -209.16879
1485.97241 -182.41884
1488.66394 -207.16174
1491.35596 -200.28247
1494.04785 -198.47415
1496.74060 -172.88370
1499.43188 -203.07758
1502.12402 -208.59631
1504.81592 -206.67743
1507.50781 -175.02173
1510.19995 -205.71198
1512.89172 -203.36064
1515.58374 -200.99297
1518.27576 -178.93507
1520.96741 -204.94019
1523.66016 -206.31013
1526.35181 -214.05786
1529.04346 -184.04169
1531.73572 -206.57048
1534.42810 -213.07164
1537.12012 -208.12968
1539.81189 -177.53453
1542.50354 -206.84448
1545.19531 -206.84940
1547.88708 -209.91806
1550.57983 -188.15602
1553.27124 -213.80074
1555.96387 -219.03789
1558.65601 -216.89273
1561.34741 -173.93054
1564.03906 -212.73363
1566.73120 -207.96994
1569.42371 -211.47160
1572.11536 -181.22795
1574.80701 -209.31392
1577.49927 -206.20116
1580.19177 -207.12978
1582.88281 -149.35335
1585.57593 -217.78017
1588.26758 -206.63188
1590.95959 -205.16681
1593.65063 -180.40799
1596.34326 -206.35881
1599.03503 -212.38777
1601.72705 -206.45633
1604.41992 -178.34937
1607.11121 -200.91640
1609.80322 -208.56882
1612.49463 -208.52383
1615.18665 -173.63626
1617.87903 -205.95219
1620.57068 -211.33400
1623.26294 -208.14867
1625.95508 -177.11128
1628.64673 -211.38512
1631.33887 -210.98500
1634.03125 -205.53191
1636.72290 -184.39195
1639.41528 -213.50774
1642.10669 -212.01988
1644.79883 -211.48053
1647.49097 -176.42931
1650.18250 -203.78793
1652.87451 -207.08820
1655.56702 -205.45654
1658.25903 -179.81808
1660.95117 -214.91331
1663.64282 -207.37456
1666.33435 -207.95432
1669.02686 -43.27197
1671.71924 -201.70110
1674.41064 -210.31639
1677.10254 -207.11433
1679.79443 -180.26659
1682.48669 -212.99025
1685.17847 -216.13872
1687.87097 -208.18163
1690.56287 -192.48267
1693.25378 -202.60645
1695.94604 -205.21515
1698.63843 -208.29506
1701.33044 -177.70854
1704.02295 -204.45880
1706.71448 -220.48288
1709.40613 -215.00893
1712.09827 -179.78722
1714.79028 -203.39403
1717.48242 -200.81926
1720.17407 -208.32658
1722.86670 -183.01726
1725.55859 -206.66330
1728.25012 -205.37451
1730.94214 -205.60938
1733.63416 -182.56941
1736.32642 -207.57997
1739.01794 -209.90486
1741.71033 -202.98160
1744.40210 -182.25302
1747.09363 -203.43465
1749.78564 -205.63707
1752.47791 -208.02592
1755.16980 -159.95683
1757.86157 -213.52533
1760.55371 -207.12476
1763.24561 -202.69777
1765.93762 -179.61343
1768.62939 -206.29321
1771.32202 -207.04224
1774.01343 -202.36469
1776.70667 -172.58282
1779.39746 -210.42482
1782.08972 -206.80205
1784.78162 -210.01439
1787.47375 -176.63017
1790.16589 -202.85103
1792.85718 -203.16400
1795.54980 -209.53938
1798.24121 -174.85857
1800.93445 -211.79501
1803.62500 -211.86432
1806.31726 -211.29478
1809.00977 -193.41930
1811.70239 -220.95709
1814.39331 -209.31746
1817.08521 -207.37181
1819.77759 -186.88098
1822.46948 -202.89125
1825.16125 -205.54228
1827.85254 -206.05029
1830.54578 -182.11206
1833.23706 -208.48775
1835.92957 -213.83716
1838.62061 -221.06256
1841.31348 -164.67944
1844.00488 -215.23883
1846.69751 -209.38994
1849.38855 -202.94647
1852.08105 -186.42281
1854.77319 -206.55475
1857.46533 -206.15749
1860.15735 -206.26669
1862.84912 -180.04338
1865.54175 -200.86111
1868.23303 -205.16724
1870.92578 -209.94315
1873.61707 -174.36330
1876.30872 -203.61986
1879.00012 -207.02222
1881.69324 -209.25969
1884.38464 -186.92177
1887.07666 -210.13428
1889.76855 -210.07698
1892.46069 -203.43361
1895.15234 -187.36328
1897.84473 -200.77122
1900.53723 -208.45490
1903.22827 -204.06984
1905.92029 -182.08266
1908.61218 -205.01204
1911.30432 -206.13773
1913.99646 -220.94676
1916.68884 -177.48494
1919.38123 -206.31523
1922.07263 -203.07036
1924.76465 -205.39468
1927.45679 -171.16740
1930.14795 -209.18599
1932.84033 -216.40370
1935.53296 -218.12105
1938.22412 -176.23824
1940.91663 -206.48305
1943.60889 -205.21494
1946.30005 -211.96800
1948.99182 -176.97878
1951.68408 -212.07394
1954.37634 -208.05019
1957.06848 -206.85928
1959.76062 -182.32820
1962.45215 -204.77153
1965.14404 -201.31648
1967.83594 -198.44839
1970.52881 -185.27798
1973.22009 -203.24092
1975.91211 -207.30287
1978.60352 -208.36473
1981.29639 -180.66661
1983.98865 -210.79221
1986.68018 -212.75528
1989.37109 -204.04655
1992.06372 -172.17438
1994.75537 -201.48499
1997.44824 -203.31093
2000.13940 -203.38516
2002.83142 -85.42834
2005.52368 -210.78998
2008.21643 -208.63976
2010.90820 -209.93497
2013.60034 -177.94666
2016.29163 -206.77039
2018.98315 -211.76735
2021.67615 -209.79753
2024.36707 -180.09114
2027.05945 -205.98459
2029.75208 -212.91156
2032.44373 -209.11205
2035.13562 -170.99364
2037.82776 -200.36647
2040.52002 -202.68274
2043.21143 -201.24567
2045.90405 -176.01125
2048.59570 -203.26007
2051.28760 -207.57631
2053.97974 -211.70325
2056.67090 -184.75610
2059.36426 -216.76027
2062.05566 -211.26482
2064.74707 -212.66780
2067.43970 -182.29781
2070.13135 -204.72179
2072.82422 -206.25720
2075.51611 -210.25938
2078.20703 -173.31264
2080.89893 -205.65913
2083.59082 -214.20108
2086.28394 -211.59224
2088.97510 -164.23360
2091.66724 -207.52762
2094.35938 -206.38142
2097.05151 -202.37338
2099.74365 -179.68788
2102.43457 -207.24472
2105.12671 -210.78949
2107.81885 -209.70935
2110.51099 -181.45921
2113.20410 -206.95760
2115.89380 -205.41498
2118.58691 -202.37527
2121.27881 -178.42535
2123.97192 -213.44579
2126.66357 -220.53796
2129.35522 -214.81491
2132.04663 -188.60654
2134.73926 -231.49034
2137.43164 -220.43915
2140.12280 -206.49475
2142.81494 -183.39667
2145.50708 -206.70943
2148.19873 -204.90891
2150.89062 -209.41106
2153.58325 -182.46074
2156.27466 -209.08939
2158.96704 -208.94595
2161.65796 -205.73878
2164.35107 -161.14413
2167.04272 -203.05415
2169.73413 -201.59399
2172.42676 -208.57413
2175.11890 -176.18192
2177.81079 -210.91780
2180.50269 -214.55161
2183.19385 -215.49921
2185.88647 -194.74167
2188.57715 -206.45183
2191.27002 -201.47620
2193.96289 -201.23448
2196.65405 -179.08400
2199.34619 -203.99326
2202.03784 -202.22832
2204.73047 -204.57520
2207.42261 -178.25728
2210.11450 -209.24095
2212.80615 -208.49657
2215.49854 -204.18079
2218.19043 -177.03535
2220.88086 -203.21704
2223.57446 -212.90628
2226.26538 -209.24278
2228.95703 -179.97551
2231.65063 -206.91238
2234.34277 -211.49231
2237.03418 -208.70181
2239.72534 -190.03354
2242.41724 -201.74799
2245.10986 -201.91786
2247.80225 -201.68073
2250.49390 -154.72714
2253.18628 -216.54741
2255.87842 -208.88022
2258.56982 -206.02228
2261.26196 -177.53586
2263.95361 -203.02510
2266.64600 -206.32909
2269.33667 -211.54169
2272.02930 -183.58080
2274.72241 -201.28403
2277.41406 -203.37140
2280.10596 -204.29852
2282.79761 -174.63786
2285.48975 -201.25366
2288.18140 -207.73138
2290.87378 -205.20862
2293.56543 -180.44667
2296.25781 -205.71480
2298.94946 -205.00861
2301.64185 -205.68076
2304.33350 -183.63861
2307.02588 -202.11984
2309.71729 -206.48906
2312.40967 -217.81906
2315.10107 -172.62556
2317.79321 -205.94255
2320.48486 -204.61127
2323.17676 -206.02303
2325.86938 -176.56508
2328.56006 -202.14146
2331.25391 -199.42497
2333.94556 -201.12494
2336.63647 -65.23325
2339.32910 -214.00966
2342.02124 -209.17023
2344.71387 -205.60854
2347.40430 -181.02731
2350.09790 -207.08371
2352.78955 -204.63408
2355.48145 -201.13824
2358.17261 -187.82901
2360.86572 -212.84612
2363.55664 -217.23390
2366.24902 -205.79993
2368.94092 -187.61720
2371.63306 -212.08492
2374.32471 -207.68001
2377.01636 -202.39462
2379.70874 -174.11342
2382.40015 -206.23940
2385.09326 -209.95575
2387.78418 -215.59135
2390.47705 -186.07191
2393.16870 -205.29634
2395.85962 -202.43138
2398.55200 -209.70688
2401.24512 -180.07007
2403.93579 -202.85909
2406.62939 -205.07620
2409.32104 -213.97244
2412.01270 -185.45599
2414.70361 -222.27068
2417.39600 -218.69603
2420.08887 -216.44341
2422.78101 -143.54329
2425.47168 -225.97324
2428.16553 -240.34860
2430.85571 -219.25266
2433.54761 -185.31755
2436.23975 -214.59190
2438.93213 -205.37877
2441.62500 -204.84692
2444.31665 -174.99933
2447.00854 -216.20908
2449.70068 -208.60353
2452.39307 -203.28841
2455.08447 -181.32516
2457.77612 -209.07782
2460.46826 -209.23895
2463.16016 -215.89600
2465.85254 -171.67728
2468.54541 -202.95047
2471.23682 -205.68581
2473.92847 -205.27057
2476.62061 -178.70256
2479.31250 -203.90408
2482.00488 -204.72154
2484.69629 -208.95438
2487.38892 -174.22513
2490.07910 -211.86156
2492.77197 -212.72572
2495.46411 -211.11255
2498.15601 -181.52798
2500.84692 -213.29541
2503.54053 -212.78934
2506.23169 -205.69469
2508.92432 -179.10353
2511.61572 -207.36195
2514.30713 -211.22424
2517.00024 -206.34259
2519.69067 -177.90845
2522.38403 -215.84261
2525.07593 -207.09744
2527.76807 -212.89053
2530.45874 -183.10016
2533.15234 -202.61693
2535.84473 -203.28259
2538.53564 -203.81621
2541.22827 -182.75847
2543.91943 -207.27982
2546.61182 -207.84561
2549.30322 -206.40596
2551.99438 -184.06549
2554.68726 -199.73430
2557.38013 -202.03394
2560.07129 -206.02502
2562.76270 -182.53287
2565.45557 -209.19716
2568.14697 -208.17262
2570.83838 -207.33713
2573.53125 -184.52802
2576.22412 -202.88290
2578.91553 -198.79816
2581.60840 -198.88290
2584.29956 -175.02399
2586.99097 -210.23442
2589.68359 -205.77864
2592.37500 -212.32018
2595.06592 -167.04243
2597.76001 -209.68297
2600.45117 -206.67134
2603.14331 -201.90567
2605.83447 -181.57170
2608.52808 -205.86317
2611.22021 -204.90276
2613.91235 -205.79398
2616.60278 -174.72366
2619.29468 -212.16827
2621.98633 -206.82086
2624.67969 -203.15605
2627.37085 -181.31697
2630.06372 -203.99631
2632.75366 -216.08449
2635.44629 -211.58601
2638.13867 -171.63264
2640.82959 -210.79776
2643.52319 -206.19548
2646.21533 -206.76588
2648.90674 -170.98546
2651.59863 -203.94983
2654.28979 -205.19466
2656.98267 -209.57617
2659.67529 -172.36404
2662.36597 -212.26541
2665.05835 -206.39981
2667.75146 -202.73909
2670.44336 -94.21459
2673.13477 -205.48837
2675.82764 -206.65584
2678.51855 -210.87027
2681.21094 -171.90312
2683.90283 -206.63850
2686.59473 -218.01753
2689.28613 -207.60368
2691.97754 -190.20639
2694.67017 -204.17326
2697.36353 -208.46501
2700.05273 -214.01862
2702.74609 -179.19751
2705.43896 -205.88461
2708.13135 -212.12019
2710.82227 -206.86037
2713.51416 -179.78387
2716.20581 -204.49210
2718.89868 -203.14087
2721.58960 -209.52216
2724.28320 -174.56676
2726.97510 -214.01114
2729.66528 -226.15913
2732.35791 -210.50177
2735.05029 -182.61832
2737.74219 -208.53542
2740.43408 -204.67825
2743.12646 -209.18211
2745.81763 -179.17503
2748.50952 -206.01181
2751.20264 -211.57841
2753.89526 -205.02046
2756.58472 -168.27016
2759.27832 -204.25890
2761.97144 -210.58617
2764.66260 -201.73802
2767.35327 -167.89024
2770.04663 -209.77547
2772.73804 -211.12990
2775.43066 -211.63397
2778.12256 -185.01694
2780.81274 -205.17883
2783.50562 -203.73285
2786.19629 -204.07814
2788.89111 -177.80186
2791.58081 -206.09746
2794.27344 -215.87344
2796.96655 -215.31732
2799.65674 -184.23570
2802.34912 -202.45319
2805.04126 -205.02888
2807.73413 -205.60786
2810.42505 -175.66348
2813.11743 -211.31995
2815.80859 -201.90297
2818.50122 -204.41599
2821.19336 -183.01602
2823.88647 -217.49991
2826.57739 -205.10780
2829.26953 -199.88884
2831.96069 -161.44579
2834.65332 -204.34166
2837.34521 -209.77739
2840.03809 -214.68987
2842.72900 -193.88647
2845.42041 -208.59210
2848.11328 -207.44614
2850.80542 -205.14076
2853.49707 -181.52834
2856.18945 -204.21461
2858.87988 -202.93716
2861.57275 -201.96832
2864.26514 -182.14955
2866.95679 -205.77592
2869.64941 -205.49187
2872.34131 -231.28561
2875.03271 -195.58308
2877.72510 -198.78468
2880.41699 -201.10558
2883.10938 -205.75903
2885.79980 -175.93976
2888.49268 -203.43352
2891.18457 -209.80772
2893.87646 -210.36473
2896.56885 -177.88060
2899.26050 -217.57898
2901.95190 -210.62280
2904.64551 -205.46353
2907.33667 -180.05551
2910.02905 -218.49428
2912.72021 -211.88441
2915.41284 -207.24229
2918.10449 -144.96202
2920.79565 -209.71452
2923.48877 -213.11095
2926.18018 -202.72786
2928.87354 -178.79657
2931.56299 -210.81555
2934.25537 -224.85522
2936.94824 -213.22371
2939.64062 -177.18349
2942.33179 -198.49393
2945.02417 -201.01474
2947.71582 -210.01276
2950.40796 -180.17670
2953.10107 -205.50166
2955.79199 -213.36124
2958.48364 -215.75142
2961.17627 -182.39726
2963.86768 -205.63234
2966.56006 -201.31648
2969.25171 -200.87614
2971.94580 -194.27846
2974.63599 -204.45058
2977.32812 -215.20753
2980.02148 -208.51843
2982.71045 -188.96249
2985.40381 -216.78326
2988.09448 -203.77922
2990.78906 -209.08949
2993.48145 -185.19406
2996.17139 -235.57648
2998.86499 -203.81142
3001.55640 -200.63992
3004.24829 -57.30149
3006.93945 -213.01610
3009.63330 -206.56190
3012.32422 -212.29713
3015.01587 -177.00296
3017.70850 -202.01703
3020.39819 -210.69949
3023.09229 -215.29999
3025.78369 -185.78932
3028.47437 -203.19933
3031.16724 -205.72580
3033.85938 -210.99960
3036.55029 -181.71359
3039.24341 -211.12822
3041.93457 -213.81511
3044.62598 -207.05426
3047.31958 -173.31847
3050.01099 -215.08022
3052.70288 -200.91377
3055.39551 -197.15916
3058.08716 -179.16451
3060.77930 -203.01865
3063.47070 -202.68077
3066.16309 -206.22108
3068.85742 -192.93532
3071.54907 -205.88890
3074.23975 -211.56247
3076.93115 -206.68027
3079.62305 -181.66614
3082.31567 -201.12946
3085.00732 -204.01279
3087.69800 -206.21251
3090.39087 -144.89360
3093.08301 -204.42065
3095.77393 -203.88208
3098.46704 -200.22871
3101.16089 -181.71217
3103.85010 -202.40878
3106.54199 -206.42072
3109.23584 -208.90736
3111.92725 -171.44151
3114.61914 -200.29141
3117.31177 -207.65048
3120.00293 -206.19572
3122.69507 -183.74529
3125.38770 -206.65266
3128.07739 -199.32112
3130.76929 -200.53355
3133.46216 -181.03265
3136.15527 -202.57565
3138.84570 -206.86707
3141.53833 -216.41309
3144.22998 -172.25443
3146.92407 -201.77121
3149.61523 -201.44206
3152.30835 -201.71858
3154.99878 -170.50812
3157.69141 -204.02954
3160.38306 -206.46608
3163.07520 -212.21284
3165.76611 -173.41676
3168.45752 -208.70883
3171.14966 -212.23395
3173.84229 -200.78056
3176.53345 -160.93544
3179.22705 -206.77692
3181.91943 -216.17059
3184.60913 -206.67737
3187.30249 -175.77547
3189.99487 -202.01427
3192.68774 -205.68567
3195.37744 -204.03297
3198.06934 -165.55693
3200.76196 -210.46410
3203.45337 -207.25644
3206.14526 -212.58788
3208.83936 -179.29228
3211.53052 -213.48093
3214.22168 -209.25708
3216.91406 -206.40205
3219.60669 -191.94228
3222.29761 -203.14996
3224.98975 -206.65581
3227.68164 -213.58705
3230.37256 -179.70616
3233.06763 -209.73259
3235.75781 -211.63895
3238.44995 -203.71021
3241.14111 -172.50908
3243.83423 -201.93684
3246.52612 -209.14519
3249.21851 -203.72473
3251.90942 -167.41412
3254.60083 -206.70111
3257.29272 -206.60103
3259.98682 -217.25142
3262.67798 -176.20335
3265.36914 -202.85086
3268.06299 -202.41660
3270.75342 -204.17186
3273.44604 -180.48128
3276.13916 -213.74208
3278.82910 -210.41621
3281.52124 -207.09976
3284.21362 -182.77696
3286.90479 -207.82166
3289.59814 -208.39713
3292.29004 -210.67735
3294.98242 -179.42374
3297.67334 -211.14447
3300.36475 -204.65468
3303.06006 -203.58862
3305.75000 -174.91487
3308.44043 -214.66544
3311.13525 -207.66991
3313.82666 -199.15112
3316.51636 -170.12051
3319.20874 -204.21352
3321.90137 -209.16972
3324.59375 -202.65520
3327.28516 -174.73445
3329.97681 -198.70700
3332.66895 -199.20337
3335.36133 -201.36478
3338.05420 -85.14906
3340.74512 -207.53435
3343.43872 -208.97734
3346.12891 -209.73964
3348.82104 -174.98898
3351.51343 -200.20628
3354.20435 -200.12540
3356.89746 -202.13379
3359.58936 -185.57790
3362.28149 -199.56172
3364.97192 -201.93707
3367.66455 -207.66673
3370.35547 -179.46709
3373.04883 -203.58487
3375.74219 -201.11386
3378.43237 -205.07260
3381.12451 -185.13574
3383.81689 -206.00963
3386.50781 -203.10678
3389.20117 -201.19972
3391.89233 -178.43799
3394.58447 -206.61070
3397.27637 -210.54637
3399.96851 -209.42831
3402.66113 -180.73938
3405.35205 -207.11354
3408.04541 -203.31538
3410.73682 -207.09633
3413.42822 -169.53606
3416.12036 -204.52388
3418.81250 -204.52190
3421.50513 -212.57854
3424.19580 -177.16217
3426.88696 -203.05605
3429.58008 -206.93387
3432.27344 -203.53397
3434.96338 -182.03255
3437.65747 -209.38948
3440.34766 -205.01259
3443.04199 -201.73950
3445.73096 -188.41936
3448.42383 -210.24216
3451.11670 -210.43979
3453.80811 -215.97035
3456.49951 -178.53076
3459.19165 -217.56331
3461.88354 -204.78957
3464.57544 -202.36104
3467.26807 -182.40280
3469.96045 -215.46715
3472.65332 -208.24052
3475.34424 -202.89156
3478.03711 -180.50740
3480.72656 -214.39983
3483.42188 -206.09721
3486.11353 -202.00266
3488.80151 -186.36349
3491.49561 -202.13029
3494.18799 -204.43636
3496.88013 -208.30292
3499.57056 -186.75607
3502.26318 -205.35316
3504.95605 -213.34111
3507.64697 -211.77522
3510.33984 -176.48177
3513.03125 -204.58563
3515.72266 -202.23297
3518.41431 -201.63945
3521.10791 -173.41202
3523.79980 -221.03955
3526.49170 -208.36041
3529.18359 -203.25227
3531.87549 -180.71588
3534.56787 -203.30884
3537.26050 -199.22624
3539.95264 -202.53894
3542.64551 -174.45027
3545.33643 -206.54805
3548.02710 -204.32806
3550.71997 -209.96138
3553.41284 -177.09401
3556.10376 -212.79120
3558.79517 -226.27684
3561.48657 -205.74768
3564.17969 -175.77383
3566.87109 -206.04123
3569.56274 -207.70876
3572.25391 -210.05325
3574.94580 -179.58949
3577.63940 -212.94759
3580.33105 -211.24495
3583.02295 -207.49086
3585.71509 -148.67546
3588.40698 -205.36899
3591.10083 -209.81790
3593.79102 -203.85193
3596.48291 -182.44571
3599.17700 -202.74908
3601.86719 -203.62164
3604.55933 -206.06563
3607.25146 -176.60136
3609.94385 -200.48619
3612.63403 -201.07607
3615.32617 -206.28726
3618.02051 -174.09393
3620.71094 -213.36053
3623.40112 -221.48390
3626.09375 -204.43539
3628.78613 -180.82404
3631.47827 -202.30008
3634.17090 -205.20322
3636.86133 -205.28874
3639.55542 -181.03346
3642.24805 -206.89345
3644.93799 -214.02669
3647.63062 -209.27928
3650.32080 -172.05008
3653.01514 -214.80141
3655.70532 -207.29984
3658.39746 -204.01007
3661.09180 -192.24452
3663.78198 -218.03616
3666.47437 -206.55331
3669.16846 -200.75095
3671.85840 -58.93044
3674.55054 -221.77547
3677.24072 -209.33067
3679.93433 -210.61874
3682.62646 -180.46255
3685.31836 -214.13580
3688.01001 -222.96930
3690.70166 -213.51888
3693.39331 -188.32451
3696.08691 -204.17424
3698.77661 -206.86215
3701.46997 -211.46568
3704.16138 -176.25868
3706.85278 -208.49792
3709.54590 -217.14627
3712.23901 -201.79781
3714.93213 -170.52306
3717.62329 -205.41203
3720.31396 -205.34073
3723.00684 -200.41853
3725.69775 -173.02005
3728.38818 -211.72061
3731.08276 -210.77257
3733.77319 -214.04390
3736.46753 -177.06082
3739.15771 -199.97000
3741.85181 -200.38573
3744.54370 -201.54109
3747.23535 -187.21001
3749.92529 -203.50314
3752.61914 -206.77821
3755.31030 -208.88977
3758.00171 -161.66812
3760.69287 -206.97826
3763.38599 -209.44844
3766.07690 -208.29829
3768.76978 -196.33772
3771.46240 -206.00664
3774.15503 -205.41356
3776.84546 -211.08620
3779.53760 -174.68646
3782.22949 -203.67290
3784.91943 -206.82892
3787.61328 -208.31390
3790.30493 -177.26556
3792.99658 -211.82611
3795.68750 -204.98642
3798.38086 -205.10258
3801.07397 -181.48761
3803.76660 -206.31470
3806.45728 -207.97787
3809.14941 -217.89789
3811.84180 -179.89034
3814.53394 -204.53902
3817.22363 -202.32401
3819.91724 -204.41209
3822.60889 -174.45282
3825.30225 -203.87781
3827.99341 -203.82782
3830.68408 -211.66406
3833.37671 -174.37149
3836.06934 -205.95874
3838.76196 -219.36905
3841.45386 -207.95636
3844.14575 -162.98114
3846.83740 -214.02396
3849.52881 -206.78975
3852.21973 -206.71645
3854.91089 -184.34601
3857.60376 -215.71815
3860.29639 -210.81039
3862.98853 -202.33589
3865.68091 -173.02164
3868.37256 -207.79378
3871.06641 -209.71684
3873.75757 -219.42728
3876.44678 -180.80330
3879.13965 -207.16220
3881.83228 -208.65753
3884.52490 -207.03850
3887.21704 -181.53378
3889.91089 -206.66235
3892.59814 -204.42612
3895.29175 -209.40431
3897.98535 -181.65816
3900.67822 -205.69670
3903.36865 -210.34842
3906.05859 -205.11392
3908.75098 -167.50244
3911.44263 -209.94115
3914.13623 -210.37071
3916.82959 -204.35240
3919.52051 -166.36824
3922.21338 -209.22726
3924.90356 -204.59370
3927.59570 -207.67572
3930.28955 -169.08774
3932.97900 -222.66743
3935.67236 -209.91434
3938.36548 -202.89502
3941.05591 -179.10643
3943.74854 -203.73012
3946.44043 -211.73784
3949.13208 -216.31320
3951.82349 -185.00420
3954.51440 -215.39958
3957.20728 -211.34494
3959.89990 -206.58990
3962.59229 -174.72502
3965.28418 -208.69292
3967.97559 -209.13235
3970.66675 -218.21635
3973.35962 -175.53424
3976.05225 -205.13246
3978.74243 -211.26878
3981.43652 -206.35094
3984.12817 -178.48067
3986.81909 -224.22202
3989.51221 -205.19209
3992.20483 -203.85542
3994.89722 -173.99422
3997.58667 -204.78030
4000.28052 -205.09650
4002.97144 -205.98036
4005.66431 -85.53408
4008.35693 -210.97942
4011.04883 -206.39140
4013.74072 -202.61053
4016.43213 -187.02936
4019.12305 -204.03928
4021.81592 -204.49399
4024.50806 -213.37146
4027.19995 -184.59216
4029.89136 -206.21532
4032.58252 -206.65329
4035.27563 -202.56073
4037.96777 -173.33299
4040.65967 -215.85547
4043.35156 -213.72337
4046.04272 -219.25447
4048.73560 -179.58603
4051.42822 -206.31046
4054.11816 -204.63992
4056.80957 -204.06625
4059.50562 -168.52127
4062.19629 -205.46904
4064.88672 -212.88840
4067.57861 -212.74561
4070.27295 -183.81056
4072.96167 -208.07045
4075.65454 -204.30579
4078.34717 -201.22337
4081.03955 -175.63152
4083.73315 -215.27568
4086.42212 -208.27057
4089.11719 -211.07614
4091.80762 -173.01448
4094.49951 -203.89745
4097.19092 -214.70305
4099.88379 -205.85597
4102.57471 -170.36548
4105.26709 -203.77028
4107.95850 -216.51543
4110.64990 -209.14966
4113.34326 -184.67819
4116.03564 -212.95348
4118.72754 -217.00636
4121.41943 -214.99870
4124.11035 -182.47984
4126.80322 -216.44522
4129.49561 -209.05864
4132.18750 -201.39943
4134.87891 -180.37881
4137.56934 -206.54887
4140.26221 -208.85616
4142.95605 -208.12004
4145.64551 -182.19655
4148.33887 -205.17169
4151.03125 -218.78067
4153.72363 -210.73479
4156.41553 -180.37044
4159.10840 -220.36954
4161.79932 -211.08441
4164.49170 -206.48106
4167.18311 -166.17435
4169.87207 -201.37132
4172.56738 -209.82320
4175.25781 -211.34793
4177.95166 -179.27200
4180.64307 -203.52499
4183.33594 -207.78506
4186.02832 -208.84717
4188.71777 -187.70795
4191.40918 -204.38531
4194.10449 -208.97472
4196.79248 -207.08794
4199.48438 -178.98029
4202.17822 -211.93092
4204.87109 -203.88191
4207.56348 -201.68669
4210.25488 -175.68854
4212.94385 -201.12170
4215.63916 -201.52663
4218.32959 -208.04694
4221.02148 -186.11372
4223.71240 -208.26668
4226.40527 -228.17244
4229.09766 -214.67639
4231.78955 -172.96434
4234.48291 -208.49149
4237.17334 -210.46060
4239.86523 -204.16211
4242.55713 -175.86433
4245.25000 -203.25841
4247.94287 -209.02545
4250.63281 -210.55022
4253.32617 -154.33017
4256.01709 -202.58987
4258.70947 -215.38223
4261.40137 -209.22543
4264.09229 -175.17744
4266.78516 -218.48343
4269.47754 -214.27571
4272.16895 -207.12321
4274.86279 -178.01897
4277.55273 -213.28419
4280.24463 -205.46396
4282.93848 -210.68639
4285.62939 -172.89229
4288.32129 -206.83777
4291.01318 -210.82899
4293.70654 -212.37201
4296.39697 -190.84097
4299.09131 -203.15749
4301.78027 -206.05553
4304.47314 -211.47951
4307.16602 -178.19514
4309.85742 -218.62421
4312.54834 -225.47714
4315.24121 -219.26042
4317.93311 -175.43263
4320.62451 -212.42253
4323.31738 -209.62799
4326.00732 -199.40802
4328.69922 -178.60408
4331.39453 -203.05081
4334.08740 -211.34950
4336.77686 -209.34456
4339.46777 -69.25087
4342.16064 -211.62167
4344.85254 -211.80760
4347.54639 -208.13513
4350.23730 -192.09250
4352.92676 -207.96654
4355.62354 -208.54094
4358.31152 -211.41960
4361.00439 -184.30275
4363.69629 -209.03996
4366.38965 -206.10362
4369.08008 -207.22606
4371.77197 -178.30588
4374.46582 -201.42113
4377.15625 -203.80060
4379.84814 -214.65411
4382.53955 -176.45258
4385.23291 -211.37750
4387.92529 -205.87704
4390.61621 -202.21321
4393.30957 -178.56119
4396.00000 -206.89394
4398.69385 -211.50668
4401.38477 -207.21550
4404.07715 -182.29031
4406.76904 -212.88248
4409.45996 -210.42664
4412.15283 -214.26146
4414.84473 -184.01628
4417.53564 -210.21396
4420.22852 -206.44293
4422.92041 -205.89499
4425.61133 -145.58499
4428.30420 -207.52621
4430.99609 -223.41324
4433.68750 -220.93970
4436.38037 -175.95009
4439.07227 -200.06493
4441.76318 -200.61162
4444.45605 -205.45703
4447.14844 -170.78928
4449.83936 -205.35742
4452.53223 -210.43117
4455.22461 -210.14301
4457.91553 -188.96870
4460.60840 -206.60457
4463.30029 -202.20461
4465.99170 -198.70604
4468.68457 -178.24530
4471.37646 -206.53355
4474.06787 -218.26401
4476.76074 -209.84715
4479.45264 -175.05510
4482.14355 -212.37958
4484.83594 -207.67123
4487.52832 -202.96684
4490.22168 -188.36922
4492.91162 -204.14122
4495.60596 -206.77499
4498.29688 -206.49796
4500.98926 -181.16164
4503.67871 -210.04958
4506.37158 -221.19022
4509.06445 -210.72012
4511.75586 -171.43800
4514.44873 -207.19640
4517.14111 -227.56587
4519.83008 -205.50423
4522.52344 -179.19000
4525.21777 -206.79716
4527.90918 -209.29597
4530.59961 -207.16028
4533.29150 -168.91621
4535.98242 -213.18941
4538.67480 -218.97798
4541.36914 -209.07570
4544.06006 -174.29404
4546.75000 -219.28120
4549.44434 -206.53885
4552.13770 -202.82098
4554.82715 -172.27855
4557.51855 -205.15926
4560.21143 -210.29779
4562.90088 -219.84183
4565.59473 -177.07855
4568.28711 -205.37970
4570.97900 -207.43784
4573.67236 -205.44206
4576.36230 -182.10699
4579.05371 -202.70779
4581.74707 -205.19119
4584.43896 -212.75682
4587.12988 -165.64665
4589.82324 -212.96796
4592.51465 -206.58575
4595.20557 -203.70421
4597.89844 -178.77245
4600.59229 -202.52934
4603.28516 -203.64087
4605.97510 -203.09276
4608.66602 -180.14734
4611.36133 -204.38617
4614.05322 -212.01111
4616.74414 -214.76788
4619.43408 -174.03741
4622.12549 -204.61717
4624.81836 -201.50096
4627.51025 -201.31950
4630.20166 -172.50838
4632.89453 -214.35034
4635.58594 -220.71954
4638.27930 -205.24640
4640.97119 -176.62279
4643.66016 -203.18515
4646.35547 -208.03148
4649.04980 -210.27696
4651.74072 -185.87334
4654.43066 -207.65359
4657.12207 -210.92204
4659.81250 -219.59418
4662.50684 -171.36963
4665.19775 -206.36264
4667.89014 -207.96602
4670.58398 -208.67818
4673.27441 -90.47601
4675.96680 -211.39131
4678.65771 -215.59245
4681.35010 -216.29713
4684.04395 -185.00262
4686.73486 -203.40808
4689.42676 -203.19600
4692.12012 -205.32210
4694.81055 -204.71829
4697.50195 -223.13666
4700.19482 -215.20670
4702.88672 -213.92006
4705.57812 -178.75893
4708.27051 -212.16728
4710.96191 -206.44635
4713.65527 -203.20407
4716.34473 -180.92786
4719.03809 -204.52492
4721.73047 -206.49779
4724.42188 -213.62221
4727.11475 -176.89299
4729.80664 -211.77522
4732.49756 -218.93993
4735.18994 -206.29286
4737.88135 -183.87251
4740.57373 -202.20329
4743.26562 -205.67297
4745.95898 -207.04134
4748.65137 -168.42412
4751.34229 -215.89757
4754.03467 -204.63556
4756.72656 -204.47278
4759.41699 -179.71614
4762.10889 -201.83803
4764.80225 -204.88950
4767.49463 -212.03197
4770.18604 -174.23233
4772.87891 -213.79558
4775.57031 -209.25949
4778.26123 -209.00874
4780.95312 -180.37866
4783.64697 -216.55476
4786.33936 -212.46828
4789.03076 -210.65950
4791.72070 -175.94144
4794.41309 -212.90425
4797.10596 -209.39203
4799.79834 -205.93413
4802.48926 -179.87077
4805.17969 -201.79269
4807.87061 -206.79576
4810.56348 -209.16391
4813.25830 -179.12137
4815.94873 -204.41156
4818.64111 -207.52783
4821.33203 -210.18996
4824.02441 -177.53253
4826.71631 -201.67706
4829.40918 -200.80232
4832.10059 -202.73582
4834.79395 -171.36476
4837.48633 -212.24883
4840.17725 -214.87738
4842.86963 -219.96333
4845.55811 -174.59584
4848.25391 -202.03702
4850.94531 -199.80391
4853.63818 -200.56017
4856.33008 -183.36871
4859.02100 -202.41096
4861.71094 -205.53653
4864.40430 -212.28040
4867.09668 -186.10271
4869.78857 -209.84369
4872.48145 -202.87199
4875.17041 -198.96623
4877.86621 -172.91528
4880.55566 -203.66417
4883.24902 -207.81003
4885.93848 -208.92871
4888.63232 -175.54738
4891.32471 -209.09486
4894.01611 -216.50366
4896.70898 -218.86113
4899.40332 -172.53786
4902.09375 -205.20212
4904.78564 -207.31868
4907.47607 -210.24873
4910.16846 -172.73824
4912.85938 -211.42435
4915.55469 -208.24832
4918.24561 -213.03726
4920.93799 -147.03613
4923.62939 -204.63239
4926.31982 -206.11795
4929.01416 -212.89203
4931.70459 -183.37411
4934.39648 -212.41501
4937.08691 -206.42552
4939.78223 -202.86122
4942.47266 -179.19568
4945.16211 -209.05946
4947.85596 -218.74937
4950.54590 -208.77354
4953.24023 -177.26813
4955.93311 -212.61914
4958.62402 -209.60663
4961.31738 -207.87419
4964.00928 -170.12521
4966.70215 -204.50345
4969.39160 -203.46512
4972.08447 -204.03613
4974.77686 -184.87755
4977.46777 -210.41841
4980.16016 -216.87898
4982.85352 -210.74567
4985.54297 -176.58691
4988.23438 -200.77661
4990.92969 -201.78252
4993.62109 -205.19496
4996.31152 -178.56506
4999.00293 -210.54698
5001.69531 -212.61481
5004.38721 -208.94885
5007.08057 -76.90202
5009.77197 -208.12056
5012.46240 -204.42850
5015.15430 -202.40274
5017.84766 -196.30724
5020.54004 -206.40164
5023.23047 -209.94533
5025.92285 -203.04893
5028.61377 -177.33727
5031.30615 -203.83366
5034.00293 -202.76443
5036.69238 -202.29648
5039.38330 -171.31581
5042.07568 -206.62544
5044.77002 -209.47601
5047.45996 -211.10796
5050.15381 -189.80775
5052.84375 -205.87329
5055.53516 -206.07812
5058.22510 -205.95950
5060.91943 -185.75697
5063.60938 -204.90614
5066.30127 -210.15540
5068.99414 -210.70082
5071.68848 -172.26750
5074.37891 -205.22406
5077.07324 -207.72557
5079.76123 -215.10735
5082.45557 -182.68726
5085.14893 -207.24103
5087.83789 -206.08357
5090.53125 -205.48318
5093.22314 -150.72647
5095.91650 -205.56628
5098.60840 -203.09424
5101.29883 -201.60976
5103.99121 -173.80647
5106.68408 -203.45351
5109.37354 -204.92233
5112.06689 -213.51027
5114.75928 -169.18762
5117.45020 -215.88487
5120.14160 -215.16209
5122.83252 -206.69675
5125.52734 -177.59563
5128.21826 -202.65083
5130.91309 -203.76883
5133.60400 -205.94255
5136.29346 -175.55574
5138.98682 -210.39447
5141.67920 -223.67378
5144.37256 -206.05249
5147.06152 -174.30574
5149.75537 -201.79807
5152.44727 -205.76086
5155.13770 -206.23254
5157.83008 -172.65321
5160.52051 -210.71068
5163.21289 -217.87962
5165.90625 -208.62468
5168.60107 -180.45465
5171.28906 -220.90219
5173.98389 -209.90865
5176.67432 -207.50447
5179.36621 -162.14285
5182.06006 -223.85600
5184.75146 -210.07004
5187.43896 -203.85582
5190.13379 -176.05528
5192.82422 -205.96689
5195.51855 -211.82713
5198.20898 -209.06989
5200.90088 -184.07944
5203.59424 -205.72473
5206.28613 -206.41310
5208.97900 -207.29900
5211.67041 -181.45073
5214.36084 -202.62381
5217.05518 -205.08884
5219.74805 -208.12875
5222.43652 -165.63699
5225.13232 -220.13951
5227.82031 -221.24179
5230.51025 -218.49786
5233.20410 -177.12192
5235.89746 -203.18440
5238.59131 -199.86700
5241.28125 -199.47006
5243.97461 -173.45160
5246.66455 -203.45645
5249.35547 -206.65041
5252.04785 -209.78712
5254.74121 -176.31805
5257.43359 -210.86929
5260.12695 -205.07986
5262.81641 -204.34839
5265.50977 -174.18073
5268.20117 -204.54420
5270.89160 -204.92989
5273.58643 -203.99237
5276.27637 -175.09428
5278.96777 -205.38351
5281.66064 -212.21954
5284.35547 -206.55049
5287.04541 -186.94380
5289.73633 -202.80771
5292.42920 -208.07700
5295.12012 -214.81622
5297.81299 -180.05251
5300.50684 -203.55765
5303.19873 -204.73782
5305.88965 -207.27283
5308.58203 -167.47322
5311.27246 -202.72723
5313.96729 -203.72560
5316.65771 -205.71515
5319.34619 -178.58740
5322.04004 -211.78401
5324.73389 -208.83943
5327.42432 -203.59113
5330.11523 -180.70732
5332.80811 -205.28839
5335.50244 -211.10826
5338.19434 -219.15649
5340.88574 -102.86226
5343.57471 -217.03397
5346.27148 -214.34344
5348.96045 -224.52423
5351.65430 -181.11166
5354.34326 -204.82486
5357.03613 -206.35489
5359.72754 -204.72371
5362.42090 -178.55234
5365.11230 -203.40181
5367.80762 -208.62596
5370.49609 -207.70766
5373.18848 -183.14160
5375.87939 -202.12856
5378.57178 -202.57576
5381.26514 -208.58951
5383.95410 -181.75615
5386.65039 -218.99582
5389.34180 -214.74670
5392.03516 -206.94815
5394.72656 -181.78522
5397.41650 -219.17780
5400.10742 -207.61557
5402.80273 -202.96262
5405.49072 -181.25212
5408.18604 -204.37419
5410.87646 -223.17561
5413.56836 -208.05963
5416.26172 -167.65605
5418.95020 -204.85695
5421.64307 -203.53358
5424.33496 -202.85641
5427.03027 -184.17009
5429.72119 -206.25940
5432.41016 -215.19182
5435.10449 -210.10725
5437.79590 -171.69994
5440.48926 -209.04451
5443.18115 -209.68826
5445.87109 -207.94989
5448.56543 -176.35652
5451.25537 -206.90678
5453.94971 -207.62695
5456.64160 -205.22249
5459.33203 -179.91917
5462.02441 -207.37857
5464.71777 -208.72336
5467.40674 -205.02962
5470.09961 -181.04976
5472.79053 -205.25792
5475.48340 -208.38930
5478.17432 -209.63791
5480.86670 -176.75229
5483.56006 -212.80615
5486.25244 -204.04295
5488.94238 -201.94479
5491.63379 -185.33214
5494.32666 -206.80551
5497.01758 -210.94531
5499.71094 -211.99066
5502.40430 -171.18878
5505.09668 -210.21051
5507.78711 -207.83186
5510.47852 -208.20576
5513.16846 -174.49329
5515.86328 -203.16025
5518.55518 -204.93668
5521.24609 -206.83638
5523.93848 -179.18239
5526.62891 -204.70831
5529.32373 -207.11417
5532.01709 -206.27721
5534.70898 -185.68289
5537.40137 -201.83902
5540.09229 -202.02158
5542.78125 -200.97934
5545.47461 -185.09882
5548.16699 -207.04103
5550.85986 -212.04750
5553.55176 -207.96823
5556.24121 -175.66591
5558.93555 -209.30272
5561.62793 -213.46980
5564.31836 -212.79800
5567.00977 -183.57362
5569.70264 -223.82826
5572.39453 -210.89720
5575.08740 -209.28496
5577.77832 -180.84810
5580.46973 -210.52924
5583.16406 -212.86049
5585.85547 -209.54918
5588.54541 -153.87790
5591.23633 -206.52618
5593.92969 -212.68219
5596.62354 -207.19792
5599.31543 -175.08025
5602.00586 -203.26485
5604.70020 -209.27844
5607.39014 -211.87532
5610.08105 -173.80238
5612.77637 -212.04074
5615.46777 -214.23918
5618.15918 -210.64349
5620.85254 -182.12810
5623.54395 -211.93710
5626.23633 -205.02365
5628.92773 -202.68762
5631.61670 -179.78737
5634.31055 -205.02126
5637.00195 -208.02005
5639.69775 -205.50842
5642.38867 -175.44691
5645.08105 -213.78020
5647.77148 -213.74030
5650.46387 -216.28561
5653.15381 -179.47298
5655.84521 -211.13637
5658.53760 -205.16905
5661.23145 -201.78938
5663.92383 -175.94070
5666.61377 -205.38501
5669.30566 -215.31631
5671.99805 -204.56038
5674.69238 -73.71180
5677.38477 -204.34740
5680.07520 -216.73660
5682.76660 -207.37709
5685.45654 -174.48277
5688.15039 -204.99355
5690.83984 -210.35458
5693.53418 -215.92133
5696.22559 -188.95695
5698.91553 -204.87119
5701.61035 -204.04240
5704.30225 -205.03416
5706.99268 -180.94693
5709.68506 -214.04329
5712.38086 -208.99031
5715.06934 -207.07947
5717.76172 -174.44524
5720.45312 -208.77252
5723.14453 -209.20142
5725.83447 -209.89983
5728.52930 -185.72734
5731.22168 -210.41681
5733.91211 -216.95816
5736.60742 -210.43233
5739.29443 -171.43964
5741.98926 -204.23747
5744.68213 -206.90601
5747.37256 -212.56798
5750.06445 -174.98157
5752.75781 -207.74059
5755.44922 -206.86208
5758.14160 -207.10358
5760.83545 -150.70883
5763.52783 -206.83240
5766.21777 -211.70393
5768.90918 -219.45865
5771.60156 -171.71190
5774.29590 -215.46883
5776.98438 -210.85431
5779.67725 -208.85255
5782.36865 -173.73381
5785.06104 -208.25412
5787.75488 -202.36989
5790.44385 -201.52330
5793.13672 -180.43329
5795.82764 -208.39853
5798.52051 -213.51118
5801.21387 -226.72107
5803.90576 -176.61337
5806.59863 -212.84587
5809.28955 -209.99834
5811.98193 -206.39880
5814.67236 -173.21442
5817.36719 -206.11952
5820.05664 -208.18376
5822.74805 -207.95573
5825.43994 -180.48486
5828.13281 -205.02261
5830.82764 -212.19958
5833.51758 -210.43394
5836.20801 -184.43912
5838.90039 -202.70139
5841.59277 -206.00520
5844.28418 -210.85582
5846.97705 -169.46552
5849.66748 -213.94368
5852.35889 -208.46190
5855.05176 -206.14058
5857.74609 -185.16203
5860.43506 -210.21866
5863.12891 -208.67862
5865.82324 -214.91159
5868.51270 -176.59024
5871.20654 -212.52481
5873.89551 -209.29106
5876.58887 -209.36464
5879.27979 -176.39667
5881.97266 -207.58362
5884.66602 -206.96497
5887.35791 -206.38397
5890.04785 -176.38036
5892.74170 -219.74185
5895.43359 -214.31619
5898.12695 -210.81664
5900.81494 -182.71642
5903.51074 -207.97742
5906.19824 -208.02534
5908.89355 -203.62547
5911.58643 -175.83658
5914.27734 -204.42081
5916.96973 -204.85028
5919.65918 -205.60086
5922.35107 -172.83757
5925.04395 -216.70499
5927.73730 -206.28235
5930.42578 -208.44537
5933.11963 -179.09547
5935.81055 -205.08617
5938.50293 -202.11880
5941.19238 -203.36259
5943.88721 -179.86095
5946.58008 -214.43707
5949.27051 -216.19557
5951.96582 -214.40556
5954.65576 -185.54601
5957.34668 -212.76958
5960.03857 -214.92310
5962.73193 -210.84256
5965.42383 -184.93127
5968.11572 -218.57196
5970.80615 -211.66324
5973.49854 -208.10091
5976.19141 -170.96512
5978.88184 -217.92195
5981.57422 -210.89758
5984.26758 -206.00999
5986.95850 -183.27119
5989.65088 -207.17648
5992.34131 -219.93515
5995.03613 -215.88701
5997.72559 -180.59822
6000.41992 -209.09715
6003.11475 -211.32858
6005.80469 -208.93848
6008.49561 -106.36718
6011.18750 -209.00327
6013.87793 -207.81267
6016.57275 -206.25143
6019.26514 -169.08167
6021.95557 -203.86157
6024.64746 -202.76089
6027.33984 -203.87274
6030.03027 -177.15387
6032.72266 -206.92197
6035.41943 -213.13132
6038.10645 -208.83371
6040.79883 -182.64209
6043.49219 -230.17050
6046.18359 -209.40038
6048.87646 -203.30443
6051.56689 -178.27466
6054.25830 -205.37289
6056.95068 -207.59987
6059.64160 -207.78442
6062.33643 -184.01854
6065.02637 -213.45667
6067.71729 -210.45593
6070.41260 -209.18367
6073.10254 -181.00124
6075.79395 -210.10840
6078.48633 -212.71487
6081.17969 -204.92876
6083.87109 -174.85204
6086.56006 -202.17900
6089.25391 -204.08569
6091.94580 -207.41032
6094.63867 -167.96240
6097.33203 -206.27014
6100.02441 -205.61546
6102.71729 -203.33667
6105.40820 -174.41246
6108.09668 -224.00891
6110.79004 -209.66957
6113.48096 -208.76990
6116.17285 -186.44398
6118.86670 -211.48561
6121.55469 -212.77792
6124.25342 -213.08017
6126.94092 -175.85767
6129.63184 -215.63203
6132.32471 -222.99782
6135.02197 -210.73370
6137.70996 -184.33400
6140.40283 -210.86481
6143.09375 -209.37181
6145.78564 -217.84190
6148.47852 -175.57503
6151.17236 -211.06544
6153.86133 -216.27959
6156.55762 -205.04036
6159.24512 -180.88333
6161.93750 -205.78073
6164.63086 -211.15216
6167.32178 -210.41382
6170.01416 -166.29327
6172.70410 -210.53352
6175.39844 -210.13823
6178.09082 -209.71228
6180.78125 -183.51125
6183.47217 -213.29073
6186.16797 -210.01193
6188.85840 -208.53627
6191.54980 -175.40898
6194.24268 -209.65695
6196.93311 -214.11708
6199.62451 -217.45496
6202.31738 -183.57457
6205.01074 -212.85500
6207.70264 -206.46841
6210.39258 -202.60338
6213.08594 -176.00294
6215.77832 -200.29361
6218.47119 -205.12367
6221.15771 -226.96542
6223.85303 -186.25797
6226.54688 -202.89165
6229.23730 -213.19055
6231.92871 -216.27361
6234.62207 -186.25928
6237.31250 -212.74469
6240.00488 -217.12546
6242.70117 -220.06918
6245.39258 -178.43893
6248.08105 -207.98225
6250.77393 -209.25371
6253.46875 -210.29999
6256.15723 -155.80342
6258.85010 -211.35658
6261.54102 -207.31099
6264.23340 -206.97110
6266.92627 -179.69044
6269.62109 -204.17529
6272.30957 -205.77930
6275.00293 -214.90520
6277.69434 -175.68176
6280.38623 -211.16577
6283.07617 -211.31702
6285.77051 -216.35135
6288.45898 -183.04192
6291.15625 -217.14078
6293.84326 -208.81064
6296.53906 -201.46686
6299.22900 -173.85413
6301.91992 -200.80975
6304.61230 -202.69696
6307.30518 -203.13701
6309.99609 -182.84895
6312.68848 -219.51492
6315.38184 -217.84322
6318.07324 -215.83195
6320.76465 -184.19354
6323.45801 -204.87903
6326.14941 -201.32687
6328.84180 -199.05472
6331.53076 -178.42516
6334.22559 -208.04156
6336.91797 -211.17686
6339.61035 -205.50293
6342.30176 -82.21336
6344.99316 -201.64609
6347.68652 -206.70651
6350.37695 -213.21324
6353.06934 -174.63199
6355.76221 -207.30554
6358.45312 -205.53963
6361.14502 -210.18987
6363.83496 -171.49985
6366.52881 -208.57056
6369.22070 -206.85890
6371.90967 -203.94745
6374.60400 -190.90167
6377.29541 -204.62280
6379.98828 -209.27257
6382.67871 -209.10762
6385.37061 -171.87402
6388.06689 -208.52452
6390.75391 -210.42358
6393.45215 -213.66672
6396.13770 -187.60757
6398.83203 -221.39911
6401.52637 -207.10867
6404.21875 -205.75081
6406.90918 -178.60007
6409.60010 -205.53493
6412.28955 -204.76578
6414.98633 -207.29143
6417.67773 -175.84450
6420.37012 -218.03374
6423.05957 -219.99680
6425.75098 -213.90387
6428.44287 -145.55998
6431.13574 -209.24896
6433.82715 -213.36150
6436.51855 -209.58244
6439.20850 -176.99701
6441.90625 -202.50433
6444.59473 -207.02673
6447.29053 -213.09607
6449.97803 -167.63829
6452.66992 -213.96895
6455.36230 -212.94003
6458.05957 -208.43413
6460.74756 -182.36110
6463.44043 -206.75876
6466.13379 -206.74762
6468.82520 -202.31531
6471.51807 -170.36382
6474.20801 -209.59221
6476.89893 -209.98979
6479.59082 -204.55898
6482.28076 -181.65117
6484.97510 -204.08220
6487.67090 -203.16338
6490.35693 -203.23691
6493.05127 -176.97758
6495.74268 -209.65988
6498.43555 -209.96161
6501.12988 -213.81482
6503.81787 -195.41347
6506.51074 -215.26610
6509.20410 -210.07886
6511.89551 -204.76935
6514.58789 -165.68651
6517.28125 -206.35970
6519.97266 -210.41125
6522.66113 -203.45734
6525.35840 -192.34094
6528.04590 -203.45450
6530.73730 -209.83299
6533.43359 -206.88007
6536.12500 -171.58623
6538.81299 -206.52541
6541.50586 -208.86880
6544.19922 -204.48338
6546.89453 -173.69000
6549.58398 -209.21098
6552.27344 -212.14529
6554.96826 -206.16443
6557.65674 -189.03041
6560.35059 -216.60199
6563.04150 -224.19051
6565.73291 -209.29076
6568.42969 -173.04900
6571.12061 -201.09508
6573.80859 -202.99962
6576.50146 -202.31787
6579.19482 -183.81381
6581.88672 -203.44408
6584.57910 -208.44662
6587.27246 -210.48547
6589.96338 -188.84109
6592.65576 -225.51802
6595.34570 -206.29387
6598.03955 -200.06775
6600.72803 -181.64169
6603.42090 -198.41113
6606.11523 -204.04956
6608.80615 -213.65465
6611.49902 -176.20805
6614.19238 -207.68457
6616.88428 -210.82762
6619.57275 -218.81105
6622.26562 -180.35684
6624.95654 -210.39204
6627.64844 -203.98959
6630.34180 -206.12120
6633.03613 -177.24176
6635.72705 -213.06145
6638.41992 -208.95430
6641.10938 -204.25795
6643.80469 -181.21440
6646.49365 -210.85208
6649.18262 -212.77083
6651.87744 -224.84818
6654.56934 -191.30331
6657.26270 -206.31285
6659.95215 -209.19775
6662.64404 -212.78452
6665.33691 -171.93056
6668.03027 -207.34668
6670.72168 -213.05547
6673.41357 -207.12823
6676.10742 -103.30827
6678.79785 -208.54454
6681.48926 -210.69185
6684.18213 -205.74292
6686.87598 -164.23640
6689.56738 -202.87273
6692.25635 -201.88388
6694.95020 -201.95947
6697.64111 -175.15443
6700.33643 -211.27240
6703.02637 -217.36272
6705.71680 -211.17963
6708.41211 -172.48193
6711.10059 -206.38977
6713.79443 -205.79001
6716.48535 -204.38272
6719.17773 -178.24725
6721.87061 -215.66891
6724.56152 -227.05577
6727.25342 -208.14771
6729.94629 -172.02658
6732.63623 -203.50760
6735.32764 -208.11656
6738.02344 -204.51469
6740.71338 -182.18709
6743.40381 -200.50024
6746.09961 -205.50005
6748.78906 -206.42650
6751.48340 -171.67928
6754.17432 -206.35194
6756.86719 -207.65778
6759.55664 -206.94603
6762.25146 -164.80238
6764.93945 -208.38506
6767.63232 -214.64351
6770.32666 -214.69327
6773.01807 -186.05351
6775.71094 -219.36502
6778.40088 -209.35582
6781.09180 -209.60130
6783.78711 -177.65500
6786.47705 -211.15430
6789.17090 -208.96718
6791.86279 -224.16193
6794.55127 -181.44180
6797.24512 -203.31419
6799.93604 -206.10924
6802.62793 -210.10172
6805.32129 -176.87750
6808.01172 -216.19887
6810.70312 -216.84633
6813.39551 -204.60893
6816.08936 -178.86719
6818.78418 -206.41856
6821.47217 -206.50136
6824.16504 -205.80096
6826.85547 -180.31718
6829.55078 -203.77171
6832.23926 -207.64783
6834.92920 -207.79338
6837.62402 -173.84950
6840.31982 -210.19336
6843.00879 -210.54387
6845.69922 -208.72627
6848.39062 -178.34097
6851.08350 -203.96474
6853.77686 -201.71671
6856.46729 -201.22501
6859.15918 -169.93346
6861.85156 -204.72586
6864.54590 -207.94460
6867.23730 -202.61278
6869.92969 -193.57179
6872.61914 -200.89815
6875.31348 -201.34908
6878.00537 -204.18977
6880.69385 -174.96825
6883.38818 -225.59692
6886.07910 -213.19096
6888.77148 -219.62358
6891.46436 -182.25403
6894.15479 -230.56128
6896.85010 -206.32738
6899.54199 -201.61707
6902.23193 -198.84998
6904.92676 -206.84140
6907.61475 -216.57088
6910.30811 -209.56543
6912.99805 -175.05362
6915.68945 -205.24077
6918.38574 -213.58812
6921.07471 -211.78102
6923.76953 -151.28577
6926.45752 -214.82574
6929.14990 -207.13962
6931.84766 -211.63126
6934.53516 -179.00793
6937.22656 -227.50598
6939.92383 -215.87669
6942.61328 -217.73538
6945.30176 -174.40111
6947.99365 -207.97516
6950.68750 -218.50438
6953.37793 -222.86455
6956.07324 -183.40813
6958.76221 -207.39374
6961.45557 -206.28267
6964.14648 -203.55566
6966.83887 -172.72943
6969.53174 -210.29005
6972.22217 -212.87584
6974.91406 -207.76820
6977.60645 -177.04860
6980.29980 -215.79462
6982.99365 -209.92999
6985.68555 -203.12184
6988.37451 -171.03668
6991.06836 -201.84930
6993.75928 -206.61203
6996.45068 -210.46986
6999.14355 -175.17299
7001.83398 -213.00647
7004.52930 -214.82677
7007.21729 -210.49391
7009.91113 -91.79588
7012.60156 -205.73868
7015.29297 -207.15413
7017.98535 -213.35974
7020.67871 -175.08585
7023.37354 -223.79208
7026.06543 -210.19585
7028.75439 -208.11490
7031.44824 -180.22737
7034.13965 -204.47684
7036.83105 -203.38362
7039.52441 -204.24385
7042.21436 -182.22911
7044.90625 -211.17834
7047.59814 -215.67938
7050.29199 -214.14406
7052.98242 -183.33693
7055.67773 -205.74374
7058.36963 -217.23589
7061.05566 -209.53047
7063.75439 -188.44958
7066.44238 -219.19418
7069.13867 -213.15317
7071.82861 -209.65787
7074.51562 -184.25360
7077.21143 -204.34756
7079.90430 -207.41933
7082.59473 -216.45946
7085.28564 -174.12546
7087.97803 -208.65216
7090.67139 -207.47385
7093.36133 -210.84308
7096.05273 -152.39180
7098.74512 -206.70602
7101.43848 -203.32213
7104.12891 -204.33635
7106.82422 -182.27950
7109.51709 -211.91502
7112.20264 -209.36450
7114.89746 -206.55031
7117.58887 -170.15359
7120.28223 -211.94800
7122.97559 -210.33623
7125.66650 -205.66768
7128.35840 -173.62288
7131.05078 -202.68262
7133.74072 -209.60518
7136.43604 -211.97763
7139.12402 -172.97859
7141.82080 -211.59993
7144.51123 -207.01556
7147.20215 -201.91928
7149.89453 -181.73654
7152.58740 -200.87476
7155.27783 -209.12050
7157.97314 -214.05833
7160.66113 -175.09033
7163.35449 -214.35658
7166.04492 -210.64482
7168.74023 -211.00089
7171.42871 -187.75751
7174.11816 -206.68642
7176.81201 -207.36079
7179.50781 -211.21344
7182.19678 -165.52010
7184.89014 -217.29793
7187.58398 -214.31990
7190.27588 -223.04485
7192.96436 -183.63405
7195.65820 -206.02979
7198.34912 -208.34744
7201.04443 -208.00934
7203.73291 -171.64905
7206.42285 -210.68288
7209.11719 -208.30063
7211.80908 -206.81842
7214.50195 -185.94730
7217.19531 -209.28851
7219.88672 -210.72005
7222.57812 -211.32170
7225.27100 -188.17700
7227.96094 -214.82603
7230.65527 -216.40060
7233.34717 -214.78804
7236.03564 -176.28506
7238.72998 -206.40862
7241.42480 -203.88220
7244.11230 -205.01938
7246.80566 -182.06660
7249.49951 -205.72630
7252.18994 -211.31184
7254.88232 -214.06123
7257.57080 -181.05470
7260.26855 -203.39642
7262.95508 -202.89270
7265.64746 -207.09428
7268.34033 -171.33542
7271.03418 -212.20149
7273.72510 -215.91525
7276.41650 -210.05609
7279.10938 -179.51038
7281.79932 -213.59010
7284.49463 -207.56000
7287.18652 -203.99185
7289.87891 -171.73730
7292.56445 -207.69052
7295.25977 -215.91739
7297.95166 -211.74336
7300.64453 -176.89015
7303.33447 -208.84447
7306.03271 -216.69708
7308.72070 -207.13982
7311.41357 -174.53320
7314.10693 -209.98994
7316.79785 -210.27010
7319.48975 -207.23099
7322.18262 -180.79437
7324.87256 -209.39056
7327.56299 -209.81660
7330.25439 -222.76425
7332.94727 -171.36853
7335.64062 -214.61913
7338.33105 -211.01524
7341.02734 -208.06598
7343.71973 -106.95669
7346.40918 -210.03984
7349.10400 -204.69601
7351.79492 -205.84506
7354.48340 -172.21048
7357.17725 -214.60756
7359.86768 -211.54495
7362.56299 -204.78964
7365.25586 -177.88606
7367.94482 -203.85461
7370.63525 -204.44456
7373.33057 -202.31956
7376.01855 -175.31343
7378.71191 -204.41702
7381.40625 -212.69637
7384.09277 -213.20346
7386.78955 -183.66927
7389.48242 -212.34460
7392.17285 -218.97191
7394.86377 -208.48999
7397.55566 -168.00488
7400.24902 -203.09325
7402.93896 -205.69484
7405.63379 -207.02890
7408.32568 -179.56552
7411.01855 -206.71458
7413.70410 -214.44966
7416.39893 -214.91589
7419.09082 -171.91730
7421.78320 -201.49019
7424.47266 -202.15289
7427.16357 -206.52339
7429.85889 -166.81454
7432.55176 -226.05663
7435.24512 -220.04974
7437.93945 -210.97687
7440.62695 -174.13097
7443.31934 -209.02533
7446.01270 -206.30681
7448.70654 -202.88022
7451.39404 -176.39311
7454.08984 -215.17632
7456.77930 -218.48186
7459.47314 -207.87312
7462.16406 -170.76469
7464.85156 -208.66428
7467.54883 -215.13326
7470.23877 -205.24846
7472.92969 -174.51694
7475.62549 -216.60202
7478.31348 -211.84027
7481.00781 -208.30766
7483.69824 -172.08015
7486.39355 -228.37962
7489.08203 -211.04138
7491.77539 -213.32484
7494.46582 -172.88086
7497.15723 -208.75487
7499.85352 -213.05434
7502.54199 -211.65970
7505.23633 -166.40735
7507.92725 -207.92252
7510.61963 -204.81963
7513.31250 -201.13756
7516.00195 -181.61211
7518.69238 -209.14040
7521.38867 -208.20930
7524.08154 -207.51228
7526.77051 -171.65184
7529.46533 -215.85304
7532.15283 -208.22925
7534.84473 -202.63853
7537.54199 -185.07082
7540.23242 -202.97701
7542.91943 -211.09438
7545.61572 -212.00250
7548.30859 -168.22420
7550.99854 -209.42941
7553.68945 -230.04874
7556.38135 -211.94641
7559.07422 -182.39331
7561.76758 -204.52588
7564.45801 -212.86893
7567.14941 -207.86104
7569.84180 -177.22537
7572.53516 -213.26939
7575.22510 -207.34500
7577.92041 -212.73012
7580.60840 -177.27615
7583.30127 -202.25253
7585.99561 -204.67868
7588.69092 -205.43291
7591.37793 -163.07346
7594.07129 -206.45937
7596.76025 -210.31013
7599.45508 -215.12636
7602.14600 -175.76750
7604.83447 -212.62534
7607.53174 -212.53618
7610.22217 -208.16299
7612.91699 -175.04945
7615.60938 -211.84857
7618.29785 -210.33998
7620.99170 -202.35196
7623.67773 -183.28542
7626.37793 -208.89490
7629.06641 -211.60796
7631.75977 -205.77786
7634.45020 -178.25688
7637.14551 -203.33910
7639.83789 -210.65051
7642.53027 -208.53415
7645.21680 -179.98653
7647.90723 -203.29698
7650.60303 -206.15277
7653.29150 -220.27470
7655.98926 -170.09222
7658.67578 -211.39127
7661.37158 -206.86385
7664.05957 -204.12990
7666.75244 -179.21770
7669.44629 -202.38618
7672.13770 -205.61069
7674.82910 -203.26364
7677.52197 -88.19734
7680.21191 -203.97375
7682.90625 -209.46312
7685.59766 -208.45386
7688.29053 -181.79564
7690.98340 -213.42371
7693.67285 -206.88618
7696.36816 -202.91632
7699.05664 -196.83725
7701.74902 -213.92572
7704.43848 -206.83844
7707.13330 -203.73840
7709.82471 -174.11845
7712.51709 -207.65312
7715.21045 -212.48228
7717.90479 -213.33961
7720.59570 -180.93221
7723.28711 -207.41815
7725.97607 -213.20227
7728.66992 -209.15494
7731.36475 -178.55058
7734.05176 -204.49965
7736.74365 -208.06212
7739.43750 -211.58235
7742.13135 -181.25493
7744.82227 -211.93021
7747.51416 -219.39378
7750.20703 -211.17668
7752.89600 -185.90572
7755.59082 -204.47354
7758.28223 -204.46964
7760.97461 -203.06287
7763.66309 -151.63986
7766.35742 -220.21521
7769.04834 -212.24194
7771.74023 -212.86058
7774.43262 -175.72032
7777.12646 -205.74059
7779.81641 -207.53784
7782.50781 -211.20447
7785.19971 -173.52145
7787.89258 -208.87222
7790.58203 -205.97098
7793.27734 -203.83913
7795.96875 -174.45128
7798.66162 -218.11340
7801.35059 -215.30206
7804.04492 -216.42397
7806.74023 -167.01303
7809.42773 -199.43138
7812.12012 -205.59576
7814.81445 -221.53008
7817.50488 -178.57736
7820.19580 -207.21513
7822.88818 -212.66371
7825.58154 -208.95119
7828.27148 -182.37958
7830.96191 -208.40779
7833.65771 -203.73076
7836.34668 -203.69937
7839.04004 -177.48035
7841.73389 -211.02577
7844.42480 -207.22981
7847.11719 -201.22087
7849.80566 -175.52994
7852.49951 -204.73181
7855.18994 -207.32689
7857.88574 -225.42072
7860.57373 -179.08708
7863.26660 -222.63474
7865.96143 -212.48517
7868.65186 -206.20421
7871.34326 -169.13966
7874.03613 -206.50760
7876.72949 -218.39047
7879.41943 -203.52077
7882.11035 -180.18382
7884.80664 -201.42513
7887.49512 -207.48108
7890.18945 -205.00604
7892.87988 -182.70085
7895.57080 -203.49969
7898.26709 -205.29883
7900.95605 -203.43727
7903.64551 -177.61662
7906.34033 -205.68767
7909.03223 -206.45950
7911.72461 -207.58527
7914.41797 -172.42056
7917.10742 -207.18362
7919.79883 -204.80762
7922.49023 -204.69879
7925.18750 -178.17401
7927.87646 -205.56111
7930.56689 -207.82074
7933.26221 -214.83328
7935.94971 -173.81161
7938.64258 -209.25172
7941.33691 -204.03925
7944.02734 -203.85690
7946.72266 -174.03700
7949.41455 -203.66066
7952.10352 -215.48489
7954.79736 -209.88750
7957.48779 -173.25969
7960.18359 -215.19537
7962.87158 -215.95206
7965.56543 -211.08679
7968.25488 -186.64876
7970.94971 -211.28902
7973.64160 -211.13599
7976.32910 -209.23605
7979.02295 -177.95142
7981.71777 -207.70378
7984.40869 -209.58235
7987.10010 -204.03741
7989.79248 -178.22571
7992.48633 -212.04024
7995.17627 -205.91316
7997.86719 -211.45351
8000.55957 -177.77715
8003.24756 -208.21361
8005.94629 -211.21126
8008.63672 -205.51396
8011.32764 -112.92870
8014.01904 -223.71956
8016.71289 -217.27174
8019.40625 -203.21173
8022.09668 -170.88023
8024.78809 -206.69569
8027.47998 -205.84711
8030.16895 -205.05811
8032.86230 -182.90804
8035.55273 -207.64500
8038.24902 -221.96658
8040.93701 -213.94792
8043.62988 -173.12750
8046.32373 -207.91473
8049.01465 -226.06789
8051.70605 -205.05379
8054.39893 -175.68384
8057.09180 -201.93004
8059.78125 -203.42618
8062.47656 -204.75656
8065.16357 -179.19833
8067.86084 -200.91559
8070.54932 -202.85719
8073.23926 -208.80867
8075.93018 -196.76328
8078.62598 -212.40266
8081.31836 -208.57729
8084.01172 -209.43346
8086.70166 -177.86530
8089.39258 -206.20653
8092.08447 -206.44968
8094.78076 -209.38493
8097.46582 -171.83720
8100.16016 -203.21971
8102.85107 -207.67885
8105.54688 -212.55368
8108.23486 -175.13367
8110.92822 -206.57407
8113.62256 -210.81822
8116.31348 -210.37320
8119.00488 -190.28853
8121.69824 -203.20215
8124.39160 -210.71906
8127.08105 -207.17238
8129.77148 -174.27960
8132.46826 -206.06529
8135.15625 -211.86465
8137.84961 -212.85548
8140.54395 -173.25282
8143.23486 -209.24428
8145.92676 -206.59169
8148.61426 -204.95267
8151.31250 -176.18842
8154.00195 -209.99094
8156.69336 -225.33771
8159.38916 -217.32086
8162.08203 -177.04459
8164.77051 -206.26302
8167.46533 -205.12213
8170.15576 -210.43649
8172.84277 -164.60178
8175.53955 -210.94026
8178.23291 -208.64265
8180.92285 -201.43031
8183.61816 -179.33910
8186.30469 -206.64857
8188.99707 -206.22754
8191.68652 -204.55984
8194.38086 -176.40175
8197.07520 -203.78473
8199.76660 -208.10999
8202.45508 -215.98608
8205.14746 -174.77472
8207.84180 -215.23810
8210.53320 -213.18890
8213.22363 -208.45972
8215.91992 -169.34528
8218.60938 -227.19281
8221.30273 -218.45845
8223.99316 -212.16682
8226.68555 -177.38425
8229.37695 -210.17641
8232.06543 -209.28905
8234.76367 -214.24083
8237.45410 -171.68794
8240.14551 -203.30588
8242.83789 -201.84909
8245.52637 -206.11577
8248.21973 -175.61938
8250.91406 -220.15800
8253.60059 -216.47139
8256.30176 -217.52045
8258.99023 -156.00395
8261.68359 -205.71027
8264.37402 -214.51123
8267.06934 -218.54288
8269.76074 -187.42882
8272.44922 -207.25063
8275.13770 -208.83684
8277.83203 -206.42097
8280.52246 -171.20052
8283.21875 -216.78900
8285.91113 -211.03621
8288.59961 -214.32616
8291.29492 -173.92992
8293.98926 -205.80544
8296.67578 -207.10487
8299.37305 -210.39081
8302.06152 -177.85138
8304.75098 -201.51752
8307.44141 -202.28444
8310.13770 -206.26500
8312.82910 -172.94873
8315.52246 -206.72227
8318.21191 -219.12732
8320.90137 -208.85313
8323.59668 -182.22107
8326.28906 -207.86168
8328.98242 -206.29776
8331.67090 -207.49341
8334.36523 -189.32335
8337.05566 -211.57329
8339.74707 -211.53304
8342.44043 -226.61214
8345.13379 -107.10036
8347.82324 -207.21103
8350.51367 -204.16496
8353.20508 -204.39760
8355.90234 -180.42358
8358.59082 -204.48863
8361.28418 -211.25406
8363.97949 -206.06555
8366.67090 -174.95055
8369.35742 -208.09299
8372.05078 -212.59142
8374.74414 -202.53952
8377.43945 -178.36140
8380.12988 -217.90152
8382.81641 -209.86896
8385.51465 -209.34590
8388.20312 -176.66861
8390.89746 -212.96204
8393.58789 -211.76744
8396.27930 -213.87210
8398.97168 -177.36076
8401.66504 -203.80904
8404.35449 -207.64293
8407.04883 -212.04425
8409.74023 -173.08464
8412.43262 -210.50713
8415.12109 -203.72693
8417.81445 -200.96620
8420.50879 -186.65784
8423.20020 -216.91774
8425.89160 -206.75233
8428.58398 -203.30630
8431.27734 -146.89630
8433.96680 -212.65619
8436.65820 -214.71687
8439.35352 -208.26219
8442.04102 -188.71559
8444.73438 -203.65204
8447.42383 -208.22687
8450.12305 -209.28162
8452.81348 -182.10228
8455.50098 -208.96844
8458.19434 -206.15630
8460.88770 -202.01651
8463.57715 -177.04704
8466.27246 -219.45128
8468.96387 -210.87613
8471.65625 -214.12582
8474.34961 -167.88123
8477.03906 -202.37889
8479.73438 -203.36438
8482.42090 -211.52542
8485.11719 -191.26538
8487.80469 -204.63255
8490.49902 -206.70856
8493.19336 -214.74693
8495.88477 -170.35449
8498.57617 -216.39439
8501.26855 -212.55588
8503.95703 -207.93059
8506.65137 -175.35385
8509.34180 -206.69955
8512.03711 -212.83258
8514.72949 -206.24832
8517.41797 -164.09148
8520.11133 -203.45027
8522.80176 -206.05841
8525.49219 -208.52882
8528.18359 -183.97508
8530.87598 -208.26282
8533.56934 -209.42566
8536.26367 -220.84848
8538.95410 -172.60153
8541.64941 -207.74043
8544.34180 -210.25426
8547.03027 -210.47290
8549.72363 -184.29657
8552.41309 -210.96533
8555.10840 -211.82489
8557.79590 -210.56837
8560.48828 -180.83188
8563.18555 -208.87373
8565.87500 -218.14400
8568.57031 -205.67906
8571.25684 -184.39636
8573.94922 -200.88884
8576.64160 -205.38452
8579.33496 -204.46460
8582.02539 -167.03383
8584.72070 -212.27095
8587.41113 -210.43317
8590.09961 -212.92764
8592.79688 -177.95316
8595.48633 -207.09276
8598.18164 -211.30367
8600.86719 -203.02948
8603.56348 -179.94060
8606.25195 -212.15172
8608.94531 -219.71263
8611.63965 -223.11447
8614.33008 -182.59920
8617.02148 -210.25386
8619.71387 -214.85652
8622.40625 -210.96349
8625.09570 -174.59088
8627.79004 -207.04649
8630.48047 -205.34787
8633.17676 -210.32848
8635.87012 -182.05325
8638.55371 -217.15547
8641.25195 -221.13647
8643.94238 -205.14365
8646.63281 -170.94897
8649.32520 -211.06439
8652.01758 -211.42957
8654.71094 -203.20840
8657.40137 -187.48260
8660.09668 -207.71193
8662.78711 -205.55067
8665.47461 -207.90686
8668.16797 -177.59444
8670.86133 -205.25945
8673.55176 -207.55756
8676.24707 -208.28136
8678.93848 -116.40326
8681.63086 -216.74715
8684.32422 -213.17142
8687.01367 -207.20389
8689.70410 -172.79715
8692.39453 -204.80185
8695.09180 -204.97151
8697.78418 -201.37041
8700.47266 -174.00018
8703.16699 -207.53769
8705.85742 -209.01738
8708.54883 -209.64398
8711.24023 -174.76770
8713.93359 -202.78798
8716.62207 -204.90894
8719.31738 -215.03560
8722.00781 -183.57204
8724.70312 -212.27136
8727.39062 -211.42470
8730.08398 -211.23438
8732.77734 -169.35133
8735.46777 -201.07698
8738.15820 -201.80768
8740.85547 -205.65453
8743.54297 -180.80887
8746.24023 -206.97781
8748.92969 -212.36877
8751.62012 -210.25298
8754.31055 -169.55183
8757.00293 -209.98875
8759.69922 -204.54980
8762.38867 -203.94489
8765.08203 -177.55086
8767.77246 -203.42030
8770.46387 -212.00314
8773.15527 -205.65884
8775.84863 -177.10699
8778.54199 -206.70169
8781.23145 -204.56898
8783.92188 -209.75539
8786.61816 -188.74930
8789.30957 -202.86589
8791.99805 -209.50273
8794.69141 -216.56702
8797.38184 -167.01472
8800.07715 -224.60356
8802.76758 -221.95457
8805.45508 -207.54050
8808.14844 -183.09320
8810.84180 -218.77878
8813.53613 -208.53159
8816.22754 -205.18843
8818.91797 -181.48636
8821.61035 -207.87210
8824.30371 -211.61108
8826.99805 -201.51799
8829.69238 -181.82701
8832.37891 -217.56294
8835.06934 -231.52538
8837.76660 -204.85547
8840.45996 -178.99236
8843.14941 -208.98875
8845.83887 -209.44637
8848.53418 -202.32556
8851.22168 -184.45093
8853.91797 -216.21854
8856.60742 -222.40659
8859.30078 -211.06807
8861.99121 -174.91994
8864.68164 -204.29231
8867.37793 -206.19911
8870.07031 -203.48975
8872.76367 -176.92380
8875.45312 -205.14491
8878.14258 -212.59064
8880.83887 -215.58177
8883.52539 -178.95221
8886.22266 -211.30498
8888.91113 -211.79236
8891.60547 -201.38704
8894.29980 -178.85252
8896.98633 -210.07620
8899.68262 -205.97075
8902.37012 -203.51114
8905.06348 -174.30408
8907.75781 -203.04788
8910.44727 -202.60475
8913.13867 -204.11353
8915.83008 -181.26067
8918.52734 -211.15807
8921.21484 -206.37222
8923.90430 -216.33846
8926.59961 -154.43303
8929.29004 -205.92514
8931.98145 -206.72421
8934.67383 -211.82285
8937.36719 -177.47459
8940.06152 -212.55174
8942.75195 -212.18068
8945.44238 -211.96671
8948.13867 -168.68321
8950.82617 -221.93259
8953.52441 -213.50269
8956.20898 -214.80647
8958.90332 -174.60973
8961.59375 -200.69688
8964.29004 -207.06630
8966.97754 -207.96780
8969.67090 -173.56573
8972.36426 -204.83846
8975.05469 -201.78477
8977.74512 -206.94453
8980.44141 -181.55836
8983.13379 -208.69075
8985.82227 -213.76619
8988.51074 -206.66562
8991.20508 -170.26006
8993.90039 -208.04634
8996.59277 -211.54648
8999.28418 -207.24043
9001.97754 -174.79607
9004.67090 -208.14037
9007.35547 -210.27637
9010.05078 -223.03383
9012.74707 -93.43767
9015.43359 -215.55040
9018.12695 -208.80345
9020.81543 -204.60432
9023.50977 -175.84639
9026.20020 -216.09447
9028.89648 -210.13959
9031.58789 -198.92322
9034.27637 -182.37845
9036.96973 -201.96317
9039.66406 -222.66982
9042.35938 -208.50026
9045.04492 -188.27534
9047.74219 -207.16406
9050.42871 -208.83418
9053.12305 -220.49352
9055.81152 -178.86102
9058.50684 -210.62132
9061.19727 -211.33139
9063.88867 -207.88268
9066.58105 -172.92897
9069.27930 -218.19289
9071.96875 -209.04669
9074.65820 -219.11896
9077.34863 -177.56799
9080.04004 -207.45364
9082.73242 -210.77443
9085.42480 -200.73009
9088.11914 -176.48331
9090.81348 -201.50865
9093.50391 -205.10664
9096.19043 -214.80296
9098.88672 -159.23466
9101.57422 -203.66156
9104.27344 -206.87343
9106.95703 -209.73434
9109.65234 -181.29051
9112.34375 -208.45604
9115.03516 -209.05669
9117.72754 -204.99240
9120.42090 -172.64331
9123.11523 -204.94334
9125.80469 -210.97325
9128.50098 -209.05104
9131.19238 -182.16377
9133.87988 -204.97408
9136.57812 -219.77118
9139.26660 -218.56645
9141.96094 -191.59444
9144.64648 -202.79092
9147.34277 -198.88785
9150.03516 -204.04019
9152.72266 -176.54282
9155.41602 -206.68768
9158.11133 -210.87169
9160.80078 -203.22014
9163.49219 -166.51907
9166.18359 -215.70464
9168.87598 -215.79898
9171.57422 -213.80235
9174.26367 -179.86302
9176.95410 -210.53937
9179.64941 -208.55727
9182.34082 -211.50150
9185.02832 -164.99425
9187.72070 -216.03494
9190.41504 -204.26433
9193.10449 -201.79340
9195.79492 -179.64317
9198.48535 -222.58218
9201.18262 -214.52089
9203.87012 -206.04291
9206.56934 -169.13828
9209.25879 -201.89543
9211.95312 -209.97888
9214.64453 -211.91956
9217.33594 -179.22018
9220.02344 -213.30725
9222.71582 -219.05505
9225.41016 -204.18457
9228.10449 -172.32239
9230.79004 -205.40616
9233.48633 -208.11354
9236.17871 -212.74170
9238.86621 -189.61522
9241.56055 -214.37389
9244.25391 -215.67323
9246.94922 -215.63269
9249.63477 -170.28571
9252.32617 -202.04227
9255.01953 -203.88393
9257.71289 -204.33986
9260.40625 -177.04338
9263.09668 -204.38226
9265.79199 -211.81464
9268.47754 -206.14743
9271.17480 -171.42905
9273.86328 -207.64908
9276.56152 -218.02881
9279.25098 -209.29630
9281.93555 -183.64708
9284.63184 -210.25754
9287.32324 -207.30833
9290.01562 -205.99438
9292.70898 -169.45154
9295.39844 -212.98555
9298.09277 -212.46420
9300.78320 -206.60345
9303.47949 -175.83589
9306.17188 -200.70721
9308.86426 -203.86989
9311.55273 -206.13087
9314.24219 -175.51718
9316.93750 -225.24721
9319.62793 -206.09290
9322.31934 -209.07217
9325.01758 -177.75987
9327.70508 -207.70340
9330.39844 -204.70197
9333.08789 -203.02592
9335.78320 -179.35744
9338.46973 -214.76283
9341.16699 -215.13643
9343.85449 -206.61342
9346.54785 -116.19492
9349.24219 -205.77654
9351.93164 -221.95302
9354.62207 -209.00894
9357.31836 -168.15141
9360.00586 -206.92130
9362.69922 -204.83342
9365.39258 -201.94524
9368.08691 -183.47353
9370.77734 -211.65146
9373.46777 -215.29346
9376.16016 -210.53531
9378.85156 -171.88080
9381.54492 -201.53426
9384.23926 -203.54512
9386.92871 -204.84929
9389.61914 -170.94099
9392.31055 -206.07710
9395.00195 -205.43680
9397.69434 -207.59514
9400.38867 -171.77261
9403.07715 -213.13757
9405.77246 -217.06783
9408.46289 -213.63417
9411.15430 -174.25145
9413.84668 -218.37073
9416.53906 -207.34119
9419.23340 -201.85240
9421.92773 -171.94548
9424.61816 -200.39401
9427.30859 -206.85120
9430.00000 -209.75189
9432.69238 -178.19521
9435.38574 -216.05525
9438.07910 -214.17542
9440.76953 -205.52373
9443.45898 -172.45007
9446.15039 -213.20645
9448.84180 -208.10831
9451.53418 -227.84081
9454.22754 -180.00632
9456.92188 -207.04114
9459.61133 -206.67024
9462.30273 -208.11119
9464.99805 -172.58464
9467.68457 -205.81934
9470.38281 -216.04742
9473.07715 -213.91740
9475.76074 -170.09772
9478.45508 -203.29889
9481.14648 -204.47293
9483.83691 -210.43996
9486.52930 -173.83430
9489.22266 -223.67072
9491.91113 -217.18250
9494.61035 -210.13681
9497.29492 -173.57837
9499.99609 -207.59880
9502.68262 -205.19138
9505.37500 -201.54382
9508.06738 -170.94539
9510.75586 -203.62256
9513.45117 -213.15068
9516.14062 -210.81610
9518.83691 -175.88341
9521.52832 -204.00056
9524.21582 -209.13052
9526.90820 -217.33910
9529.60254 -175.11485
9532.29688 -203.82768
9534.98730 -203.60516
9537.68359 -206.24190
9540.37500 -184.30360
9543.06250 -209.51616
9545.75586 -208.58839
9548.44922 -205.63666
9551.13379 -167.93642
9553.82910 -201.55870
9556.52051 -205.42426
9559.21777 -204.10120
9561.90430 -187.99278
9564.60352 -208.57443
9567.29199 -203.64212
9569.98145 -205.73041
9572.67676 -166.83008
9575.36816 -220.23427
9578.05957 -206.84555
9580.74707 -200.75540
9583.44043 -186.18080
9586.13477 -206.45303
9588.82422 -212.24527
9591.51953 -211.90277
9594.20508 -169.37581
9596.90234 -205.05992
9599.59473 -206.69531
9602.28809 -202.94717
9604.97754 -182.95790
9607.67188 -220.46648
9610.36230 -217.21451
9613.05371 -210.12395
9615.74512 -175.59793
9618.43848 -202.89540
9621.13086 -205.74879
9623.82031 -218.66127
9626.51465 -182.48495
9629.20508 -216.94086
9631.89648 -209.73012
9634.58789 -204.46941
9637.28125 -179.08148
9639.97363 -204.18555
9642.66309 -204.43655
9645.36230 -217.15874
9648.05273 -176.30733
9650.74414 -204.17274
9653.43555 -212.73112
9656.12891 -218.51085
9658.81641 -176.96207
9661.51074 -212.28241
9664.20508 -207.31841
9666.89551 -208.42097
9669.58691 -177.89078
9672.27832 -211.93187
9674.96484 -210.14128
9677.66406 -203.51523
9680.35254 -94.63306
9683.04785 -205.32977
9685.73730 -211.27547
9688.42871 -210.70050
9691.12012 -178.18819
9693.81738 -202.89661
9696.50586 -205.92809
9699.19434 -207.14713
9701.88867 -181.07103
9704.57910 -211.28229
9707.27539 -211.69116
9709.96191 -207.94357
9712.65820 -178.56721
9715.34668 -203.30972
9718.04102 -203.27562
9720.73438 -202.80562
9723.42578 -194.54010
9726.11523 -205.95755
9728.80762 -203.63254
9731.50000 -200.92343
9734.18750 -174.87752
9736.88574 -211.72728
9739.57520 -208.90314
9742.27051 -233.50810
9744.96094 -178.28589
9747.65234 -207.83888
9750.34375 -209.87831
9753.03711 -201.87685
9755.72461 -181.18396
9758.42480 -209.77113
9761.11426 -224.82973
9763.80469 -227.59818
9766.50195 -152.59235
9769.18750 -203.59302
9771.88086 -205.47852
9774.57422 -207.26584
9777.26270 -196.15826
9779.95703 -200.12129
9782.64746 -203.59834
9785.33887 -212.83838
9788.03613 -184.18752
9790.72266 -209.35460
9793.41602 -209.54773
9796.10449 -215.70081
9798.79980 -184.50803
9801.49512 -204.91299
9804.18555 -204.20348
9806.87695 -202.53543
9809.56934 -172.45450
9812.25684 -205.74326
9814.95020 -207.10338
9817.64551 -221.13756
9820.34082 -177.96803
9823.03125 -221.43977
9825.71680 -210.05779
9828.41406 -208.32216
9831.10156 -172.23193
9833.79492 -215.58626
9836.48926 -209.40340
9839.17871 -207.36487
9841.87402 -184.65512
9844.56543 -209.81668
9847.25781 -214.02216
9849.95020 -203.34676
9852.64355 -171.28632
9855.33203 -210.33223
9858.02637 -217.15752
9860.71680 -209.93283
9863.40723 -188.44373
9866.09961 -208.32307
9868.79102 -207.32977
9871.48438 -212.49384
9874.17773 -179.20839
9876.86719 -209.70506
9879.55664 -208.80193
9882.24707 -211.04761
9884.94922 -180.98418
9887.64160 -218.70924
9890.32812 -205.45299
9893.02148 -200.29848
9895.71680 -182.11258
9898.40625 -202.32758
9901.09570 -209.79509
9903.79199 -206.35608
9906.47363 -172.78197
9909.17090 -200.63770
9911.86426 -205.39301
9914.55273 -216.14474
9917.24707 -181.96167
9919.94238 -210.37531
9922.63281 -218.16191
9925.32422 -218.69891
9928.01660 -191.01299
9930.70898 -215.37025
9933.39746 -211.99756
9936.09180 -206.21404
9938.78711 -172.34300
9941.47656 -201.95361
9944.16797 -205.00644
9946.85938 -203.70462
9949.55176 -173.74805
9952.24512 -201.75928
9954.93359 -205.65103
9957.62793 -221.24077
9960.31836 -167.75273
9963.01367 -217.59355
9965.70508 -204.97249
9968.39746 -201.90509
9971.08496 -181.63103
9973.77832 -204.30486
9976.47266 -217.78413
9979.16211 -206.62198
9981.85742 -183.04375
9984.54883 -217.87918
9987.24023 -209.65390
9989.93262 -207.85004
9992.62598 -184.06979
9995.31445 -214.41833
9998.00391 -212.38557
10000.69922 -223.67072
10003.38965 -183.48982
10006.08594 -207.60674
10008.77832 -206.91254
10011.47070 -204.30441
10014.15918 -117.15612
10016.85352 -206.21503
10019.54199 -209.38849
10022.23242 -203.76129
10024.92383 -176.94926
10027.62012 -204.62868
10030.31250 -210.41583
10033.00000 -210.24496
10035.69434 -176.48166
10038.38281 -210.83612
10041.07812 -209.87561
10043.77344 -203.97934
10046.46484 -188.33522
10049.15723 -213.69852
10051.84375 -205.30222
10054.53711 -205.81577
10057.23145 -172.02885
10059.92090 -211.48506
10062.61621 -210.49045
10065.30664 -204.44894
10067.99805 -172.70706
10070.68945 -205.56676
10073.38770 -211.62308
10076.07617 -206.21974
10078.76465 -177.18091
10081.45410 -202.99310
10084.14941 -212.26161
10086.84082 -209.41641
10089.53809 -179.03467
10092.22461 -208.99429
10094.91797 -208.88789
10097.61133 -213.15269
10100.30566 -171.90440
10102.99023 -205.26378
10105.68555 -212.32700
10108.37695 -208.99699
10111.06836 -176.36560
10113.76074 -208.97174
10116.45410 -208.98933
10119.14844 -205.94370
10121.83691 -179.57556
10124.53223 -205.68759
10127.22266 -206.53160
10129.91406 -212.21997
10132.60645 -178.60457
10135.29883 -219.01370
10137.98633 -215.51259
10140.68066 -210.12877
10143.37598 -183.06555
10146.06543 -211.86516
10148.75586 -211.05968
10151.44727 -207.14232
10154.13965 -180.01099
10156.83203 -213.39241
10159.52539 -211.57864
10162.22070 -205.14487
10164.91504 -188.76207
10167.60547 -200.09433
10170.29590 -208.75249
10172.98242 -209.19968
10175.67969 -169.84702
10178.37305 -213.94069
10181.06055 -214.27121
10183.75488 -210.69997
10186.44434 -179.15527
10189.13965 -203.00381
10191.82520 -203.50160
10194.52246 -204.21523
10197.21484 -181.47638
10199.90234 -213.50235
10202.60156 -213.52844
10205.29102 -204.09344
10207.98047 -182.73801
10210.66992 -214.76404
10213.36719 -215.85683
10216.05273 -209.21313
10218.75098 -168.25142
10221.43848 -211.21126
10224.13867 -216.73775
10226.82715 -208.45941
10229.51660 -172.17488
10232.20703 -203.80107
10234.89844 -209.79794
10237.59570 -203.06752
10240.28809 -171.39532
10242.97461 -203.93779
10245.66895 -212.25348
10248.35840 -213.89822
10251.05371 -177.36719
10253.74902 -211.59921
10256.43457 -206.26845
10259.13184 -204.81477
10261.81836 -157.36870
10264.51172 -214.43843
10267.20605 -219.80363
10269.90137 -206.13841
10272.58984 -178.57903
10275.28516 -203.38776
10277.97754 -203.98907
10280.66309 -203.42435
10283.35547 -181.73679
10286.04395 -203.31088
10288.73828 -206.81940
10291.43164 -220.64397
10294.12109 -189.76196
10296.81152 -204.36221
10299.50781 -204.37703
10302.20605 -205.55630
10304.89844 -181.10771
10307.58008 -220.79160
10310.27441 -216.70506
10312.96875 -213.96788
10315.65820 -179.76294
10318.34863 -205.19183
10321.04492 -210.80417
10323.73145 -211.53326
10326.42969 -174.59901
10329.11719 -216.17723
10331.81055 -212.47667
10334.50586 -208.64944
10337.20117 -182.76094
10339.89160 -207.32317
10342.57617 -208.27739
10345.27344 -206.99550
10347.95996 -117.27287
10350.65332 -219.18086
10353.34766 -206.24800
10356.04102 -206.13940
10358.73047 -182.15982
10361.42676 -205.78860
10364.11719 -216.31299
10366.80273 -212.10521
10369.50195 -176.39052
10372.19531 -226.65495
10374.88281 -221.89981
10377.57715 -209.10013
10380.26562 -178.21732
10382.96094 -214.57881
10385.65332 -209.99515
10388.34375 -208.39212
10391.03613 -170.70123
10393.72266 -205.81982
10396.42188 -219.63069
10399.11133 -205.39914
10401.80664 -193.52539
10404.49609 -201.38004
10407.18652 -210.23650
10409.88379 -212.81914
10412.57617 -173.81783
10415.26270 -211.48909
10417.95703 -218.59805
10420.65039 -209.90594
10423.33984 -176.05690
10426.02930 -214.92241
10428.71973 -212.18489
10431.41602 -205.49922
10434.10938 -151.86607
10436.80078 -207.76646
10439.49414 -208.08397
10442.18262 -216.57127
10444.87695 -173.65961
10447.56738 -207.22099
10450.26270 -217.32542
10452.95410 -210.29657
10455.64551 -182.23592
10458.33789 -216.59384
10461.02539 -223.62079
10463.71875 -210.21523
10466.40723 -179.50322
10469.10254 -208.31294
10471.79785 -212.12473
10474.49023 -209.04773
10477.17969 -178.71629
10479.87305 -209.44867
10482.56641 -212.35333
10485.25391 -212.94542
10487.94824 -181.57997
10490.63672 -212.67535
10493.32617 -209.89099
10496.02344 -208.56351
10498.71484 -169.55273
10501.40625 -216.47301
10504.09961 -212.26314
10506.79199 -209.88786
10509.48047 -179.27458
10512.17578 -210.59013
10514.86426 -210.40504
10517.56055 -207.59949
10520.25195 -175.78870
10522.93848 -207.90338
10525.63574 -210.18495
10528.32910 -211.24075
10531.01660 -177.58795
10533.71094 -217.88408
10536.40039 -206.77826
10539.09668 -203.18909
10541.78711 -185.48628
10544.47852 -211.97874
10547.16992 -218.01872
10549.85742 -204.96664
10552.55078 -185.09074
10555.24512 -206.80785
10557.94043 -212.92476
10560.62988 -209.56911
10563.32031 -171.92709
10566.01660 -208.75482
10568.70898 -211.71718
10571.39551 -215.14940
10574.08984 -172.39095
10576.77734 -210.22395
10579.47168 -206.26384
10582.16699 -203.66631
10584.85742 -167.57959
10587.55371 -207.16629
10590.24414 -208.15739
10592.93066 -214.12579
10595.62988 -174.81783
10598.31836 -212.13953
10601.00586 -213.82642
10603.70117 -207.44037
10606.39648 -195.49561
10609.08691 -212.09537
10611.77734 -220.15976
10614.46875 -210.49713
10617.16211 -182.41695
10619.85449 -201.47728
10622.54883 -202.50900
10625.23828 -207.56136
10627.93359 -178.08243
10630.62305 -207.81685
10633.31445 -208.19270
10636.01074 -206.75464
10638.69727 -175.36569
10641.39062 -204.85300
10644.08301 -204.54675
10646.77734 -206.66974
10649.46680 -177.23816
10652.16211 -216.10397
10654.85254 -212.97940
10657.54297 -205.61552
10660.22949 -179.35262
10662.92090 -202.75261
10665.62012 -202.64749
10668.31445 -203.89389
10671.00195 -170.96356
10673.69727 -208.36157
10676.38770 -206.82185
10679.07812 -204.84732
10681.76953 -122.43467
10684.46191 -211.65395
10687.14844 -209.48740
10689.84766 -209.63074
10692.53516 -164.51996
10695.23047 -206.51802
10697.92578 -210.27069
10700.61523 -208.33194
10703.30664 -173.42799
10705.99805 -215.49005
10708.69043 -208.89310
10711.37695 -208.32513
10714.07129 -189.66191
10716.76562 -204.22662
10719.45898 -207.41289
10722.14941 -207.44640
10724.83984 -178.29240
10727.53027 -243.71872
10730.22852 -211.39058
10732.92090 -204.87013
10735.60742 -177.69514
10738.30176 -209.32237
10740.99609 -230.25540
10743.68555 -211.51819
10746.38086 -179.63054
10749.06641 -208.60002
10751.75684 -211.98106
10754.44824 -213.58075
10757.14062 -172.39780
10759.83984 -205.15404
10762.52832 -207.58163
10765.21680 -208.06628
10767.91211 -174.69548
10770.60156 -214.13034
10773.29883 -212.63943
10775.99023 -208.67111
10778.68164 -172.48723
10781.37500 -216.14320
10784.06250 -219.44334
10786.75684 -207.53455
10789.45117 -180.48175
10792.14062 -201.71385
10794.83008 -204.45117
10797.52734 -213.98055
10800.21289 -177.41435
10802.90527 -205.61440
10805.59766 -205.57301
10808.29102 -211.69650
10810.98535 -179.32097
10813.67383 -210.67679
10816.36914 -209.31145
10819.06055 -209.15343
10821.75195 -174.44011
10824.44238 -206.52267
10827.13477 -212.43343
10829.82812 -217.72815
10832.52148 -173.05255
10835.20996 -211.18269
10837.90430 -205.24272
10840.60059 -205.81767
10843.28516 -175.69295
10845.98145 -208.52338
10848.67285 -215.82755
10851.36621 -214.41434
10854.05859 -182.53369
10856.74609 -209.31262
10859.44141 -203.24229
10862.13477 -200.85269
10864.82520 -184.49075
10867.51562 -201.72882
10870.20605 -211.54358
10872.90430 -205.09172
10875.59668 -180.12068
10878.29004 -210.30984
10880.97656 -208.14775
10883.66602 -214.78293
10886.35547 -167.24323
10889.05078 -230.19945
10891.74707 -211.15623
10894.43164 -203.17764
10897.12891 -173.57993
10899.81543 -209.17714
10902.50879 -215.65294
10905.20312 -208.04718
10907.89648 -167.07811
10910.58594 -202.97981
10913.28125 -201.23477
10915.97168 -200.71898
10918.66309 -175.88783
10921.35547 -206.87061
10924.05273 -213.29068
10926.73926 -204.13919
10929.42773 -157.20134
10932.12793 -203.99458
10934.81641 -221.76221
10937.50586 -206.07085
10940.19629 -188.01083
10942.89453 -203.72908
10945.58594 -208.59395
10948.27734 -214.64824
10950.96484 -175.91782
10953.66406 -210.96640
10956.35254 -209.28539
10959.04199 -217.27158
10961.73047 -175.41562
10964.42773 -214.60678
10967.11914 -208.93185
10969.81055 -208.60083
10972.50195 -176.69208
10975.19531 -202.84187
10977.88281 -205.03412
10980.57715 -215.89963
10983.26660 -174.69667
10985.96191 -203.76054
10988.65234 -210.05927
10991.34277 -210.91466
10994.03418 -176.69893
10996.73242 -215.80078
10999.41895 -206.75658
11002.11328 -202.89954
11004.81348 -172.28741
11007.50098 -203.61678
11010.18457 -204.44249
11012.88086 -222.43437
11015.57715 -99.97955
11018.26953 -212.02554
11020.95605 -211.21138
11023.65332 -202.27350
11026.34180 -187.19321
11029.04199 -204.38753
11031.72363 -204.22250
11034.41895 -204.79013
11037.11523 -181.33018
11039.79980 -204.08984
11042.49121 -204.78821
11045.18359 -203.60217
11047.88184 -180.64221
11050.57520 -209.68304
11053.26270 -213.98454
11055.95703 -208.82594
11058.64648 -166.18692
11061.33594 -205.83150
11064.03223 -213.54955
11066.72363 -209.20970
11069.41504 -183.34898
11072.10840 -205.90569
11074.80078 -205.36354
11077.48828 -204.07910
11080.18359 -167.28951
11082.87695 -203.19765
11085.56738 -203.93401
11088.25684 -202.42462
11090.95508 -176.65048
11093.64648 -200.87779
11096.33789 -211.24718
11099.02441 -216.38400
11101.71875 -178.66356
11104.41309 -209.18633
11107.10742 -210.73531
11109.79590 -208.69604
11112.48633 -175.73433
11115.17676 -214.22723
11117.86914 -208.58000
11120.55469 -200.24158
11123.25293 -176.11960
11125.95215 -206.55029
11128.64062 -211.35922
11131.32910 -209.23961
11134.02344 -179.47810
11136.71387 -200.37134
11139.40430 -204.29869
11142.10059 -211.75134
11144.78613 -170.72878
11147.47949 -206.90416
11150.17188 -206.63647
11152.86621 -207.44038
11155.56055 -188.84215
11158.25000 -207.10870
11160.94531 -206.84996
11163.63477 -202.73276
11166.32617 -163.02681
11169.01758 -217.23763
11171.70898 -210.63562
11174.40234 -205.74825
11177.08887 -181.36737
11179.78320 -209.67522
11182.47852 -211.14226
11185.16699 -212.31496
11187.86230 -168.89742
11190.55273 -204.72443
11193.24414 -199.87111
11195.93652 -200.04138
11198.62891 -173.16457
11201.32227 -205.94589
11204.01562 -205.66771
11206.70410 -207.37628
11209.39844 -166.55547
11212.08887 -201.44203
11214.78418 -209.14185
11217.46973 -208.25378
11220.16699 -180.95863
11222.85254 -200.52591
11225.55176 -205.51218
11228.23828 -205.12672
11230.93262 -167.60925
11233.62793 -212.57513
11236.31738 -208.51033
11239.01270 -204.87949
11241.70312 -178.57875
11244.39453 -214.46306
11247.08594 -203.02051
11249.77734 -198.34344
11252.47070 -184.69196
11255.15820 -201.73161
11257.85254 -207.57664
11260.54199 -205.58426
11263.23145 -174.19925
11265.92773 -202.64922
11268.62402 -208.09686
11271.31641 -204.68802
11274.00195 -172.26917
11276.69434 -204.37488
11279.38672 -205.96996
11282.08105 -222.61778
11284.77539 -179.70787
11287.46484 -210.58759
11290.15430 -214.34970
11292.85059 -204.44740
11295.54199 -176.44278
11298.22754 -211.95819
11300.92578 -205.30930
11303.61816 -201.43929
11306.31250 -181.53407
11309.00000 -199.89218
11311.69434 -212.77319
11314.38379 -207.36426
11317.07422 -178.74097
11319.76465 -204.20367
11322.46094 -202.88956
11325.15234 -205.37926
11327.84570 -190.86476
11330.53223 -213.93547
11333.22656 -213.61554
11335.91992 -209.16322
11338.61523 -171.55090
11341.30469 -204.20659
11343.99414 -211.80394
11346.69141 -220.11563
11349.38281 -157.93498
11352.07520 -217.66716
11354.76660 -212.40056
11357.45508 -205.02771
11360.15430 -166.23994
11362.84277 -203.17149
11365.53125 -204.05139
11368.22168 -203.97002
11370.91797 -172.79892
11373.60840 -216.09117
11376.29980 -216.60721
11378.99219 -207.57164
11381.67871 -173.88725
11384.37109 -206.03819
11387.06543 -199.50662
11389.75977 -197.52527
11392.45508 -181.91980
11395.13867 -201.64818
11397.83594 -207.11342
11400.52637 -205.98271
11403.21777 -181.63588
11405.91602 -215.85573
11408.60254 -224.92479
11411.29004 -204.44405
11413.98438 -179.00627
11416.68457 -207.53253
11419.37402 -204.93417
11422.06445 -202.35081
11424.75488 -166.87759
11427.44531 -204.25064
11430.14258 -206.07076
11432.83594 -203.16600
11435.52148 -174.71205
11438.21484 -200.49898
11440.90332 -207.65222
11443.59766 -209.61839
11446.29395 -171.97061
11448.98340 -203.59196
11451.67383 -206.33806
11454.36426 -214.66759
11457.05664 -180.74113
11459.75488 -211.32401
11462.44141 -206.59840
11465.13574 -203.58495
11467.83008 -168.28201
11470.51758 -207.94116
11473.21289 -212.60472
11475.89746 -209.36469
11478.59375 -170.87560
11481.28418 -204.81221
11483.98340 -215.16728
11486.66895 -207.56274
11489.36133 -175.45961
11492.05566 -217.12282
11494.74219 -214.77719
11497.43750 -208.44498
11500.12695 -180.41080
11502.82324 -203.91939
11505.51367 -206.42572
11508.20410 -204.63567
11510.89648 -171.44214
11513.58887 -213.47885
11516.28125 -206.84959
11518.97461 -205.01631
11521.66211 -179.52602
11524.35742 -207.50407
11527.04688 -215.65903
11529.74219 -209.73711
11532.44043 -169.91476
11535.12500 -210.65721
11537.82227 -213.38748
11540.50781 -206.54329
11543.20117 -173.62669
11545.89453 -212.26524
11548.58301 -207.97234
11551.27734 -206.46848
11553.96582 -171.51241
11556.66211 -204.89015
11559.35938 -203.72878
11562.04297 -202.97859
11564.74121 -187.66023
11567.42773 -206.88959
11570.12109 -204.76920
11572.81348 -200.02464
11575.50781 -165.50560
11578.20312 -205.76448
11580.89062 -205.64149
11583.58203 -201.87282
11586.27832 -170.24016
11588.96875 -204.98932
11591.66016 -206.29616
11594.35156 -209.72414
11597.04492 -175.26048
11599.73145 -206.53723
11602.42578 -203.54254
11605.11523 -205.95352
11607.80859 -176.05219
11610.50586 -201.70200
11613.19531 -207.65468
11615.88672 -206.43163
11618.58398 -183.20195
11621.27539 -205.36124
11623.95508 -210.54875
11626.64941 -208.20966
11629.34375 -177.64113
11632.03711 -207.93123
11634.72559 -202.86064
11637.42188 -201.61111
11640.11133 -166.48814
11642.80273 -208.67242
11645.49902 -208.26633
11648.19238 -215.85562
11650.87793 -178.46741
11653.57031 -209.50494
11656.26465 -211.88701
11658.95898 -207.12457
11661.64648 -181.91565
11664.34375 -203.26837
11667.03223 -202.96704
11669.72852 -204.64810
11672.41406 -173.52821
11675.11230 -208.66977
11677.79785 -207.46892
11680.49023 -203.75693
11683.18457 -101.22832
11685.87109 -209.72449
11688.56641 -211.38625
11691.26172 -205.09515
11693.95117 -197.95854
11696.64844 -202.74857
11699.33203 -209.29953
11702.03027 -203.57045
11704.72266 -180.90558
11707.41406 -213.92090
11710.10840 -207.50304
11712.80273 -202.55191
11715.49023 -174.79198
11718.17871 -209.90527
11720.87500 -215.05832
11723.56445 -213.29544
11726.25488 -160.74631
11728.95312 -210.26398
11731.63867 -214.64934
11734.33691 -216.68275
11737.02344 -181.09274
11739.71680 -216.82004
11742.40430 -213.33400
11745.10645 -204.05988
11747.78906 -176.61563
11750.48438 -202.11131
11753.17480 -210.32617
11755.86719 -208.36296
11758.56445 -184.66368
11761.25586 -207.39046
11763.94922 -205.73935
11766.63574 -205.42670
11769.32422 -151.33272
11772.01758 -209.27350
11774.70703 -202.63898
11777.41016 -200.83223
11780.09863 -189.88730
11782.78906 -202.98253
11785.48047 -211.69649
11788.17285 -209.02554
11790.86523 -166.14960
11793.55859 -206.80746
11796.25195 -204.36754
11798.93945 -209.67436
11801.62891 -179.18156
11804.32422 -211.67371
11807.01270 -205.06752
11809.70898 -202.39062
11812.40137 -170.26740
11815.09277 -228.67256
11817.78418 -217.47560
11820.47070 -205.03972
11823.16406 -175.29565
11825.85840 -201.47223
11828.55273 -206.71446
11831.24805 -208.84082
11833.93652 -170.32990
11836.62695 -206.46216
11839.32422 -205.55785
11842.01562 -203.68027
11844.69922 -176.72810
11847.39844 -206.89848
11850.08594 -203.75392
11852.77930 -201.34334
11855.47363 -167.16922
11858.16211 -210.71678
11860.85742 -211.12576
11863.55371 -209.42949
11866.24219 -170.43851
11868.93457 -209.71669
11871.62500 -209.04277
11874.31738 -210.45584
11877.00977 -166.44539
11879.70215 -204.86237
11882.39062 -206.47842
11885.07812 -216.81206
11887.77930 -178.53056
11890.46094 -205.51286
11893.15820 -210.47099
11895.85449 -208.24571
11898.54590 -170.17552
11901.23828 -204.07747
11903.92383 -215.70726
11906.62207 -208.35640
11909.30859 -183.38208
11912.00293 -212.93265
11914.69727 -209.45708
11917.38672 -219.61807
11920.08203 -166.58105
11922.77246 -203.12740
11925.45508 -204.78973
11928.15918 -203.95531
11930.84473 -176.62366
11933.53711 -226.23248
11936.23047 -219.89735
11938.91699 -210.65016
11941.61719 -172.44563
11944.31250 -204.17439
11947.00098 -216.20572
11949.68945 -214.89526
11952.38086 -187.31032
11955.07715 -213.37799
11957.76855 -214.18224
11960.45996 -207.22168
11963.15332 -165.22224
11965.84570 -209.78580
11968.53320 -217.23218
11971.22656 -205.78534
11973.92188 -171.54453
11976.61035 -201.21565
11979.30078 -203.41161
11981.99707 -205.00745
11984.68750 -170.03992
11987.38477 -216.86176
11990.06348 -212.65663
11992.76270 -212.02007
11995.45703 -177.58960
11998.14941 -208.52722
12000.83789 -204.97000
12003.52539 -207.82249
12006.22070 -170.64531
12008.91699 -207.55438
12011.60742 -211.35713
12014.29785 -217.05704
12016.99023 -127.52387
12019.68164 -203.03387
12022.37402 -202.09883
12025.06738 -205.25711
12027.75977 -169.99370
12030.44824 -205.51534
12033.14355 -215.02736
12035.83887 -205.65231
12038.52734 -172.68375
12041.21875 -211.96358
12043.90820 -207.78204
12046.60059 -207.03368
12049.29883 -171.58690
12051.98438 -206.56021
12054.67188 -203.98163
12057.37207 -203.48499
12060.06641 -171.48854
12062.75391 -211.42940
12065.44336 -207.60519
12068.13965 -205.92816
12070.83008 -168.55989
12073.52051 -201.28044
12076.21875 -204.67451
12078.90430 -201.14357
12081.59570 -172.99918
12084.28906 -209.36520
12086.98242 -210.71396
12089.67676 -217.08264
12092.36523 -166.00752
12095.05371 -207.75693
12097.75000 -208.54182
12100.44043 -203.79167
12103.13086 -169.73102
12105.82227 -207.73494
12108.51465 -216.30841
12111.20703 -219.70833
12113.90039 -176.94565
12116.59277 -201.78236
12119.28125 -206.72987
12121.97656 -206.62308
12124.67188 -172.99007
12127.36133 -204.42996
12130.05762 -207.14626
12132.74805 -207.80809
12135.43945 -182.90176
12138.13086 -200.94754
12140.82422 -208.21017
12143.51660 -207.19270
12146.20312 -175.97173
12148.89746 -202.58830
12151.59180 -203.27150
12154.28125 -206.75009
12156.97656 -179.82957
12159.66699 -203.91640
12162.35742 -207.58972
12165.04883 -207.90718
12167.74023 -174.18304
12170.43164 -209.43126
12173.12500 -211.96872
12175.81934 -202.79460
12178.50586 -169.97514
12181.20117 -211.99837
12183.88867 -212.36989
12186.58398 -209.88145
12189.28125 -178.05922
12191.97168 -208.32951
12194.65625 -211.29713
12197.35449 -221.56271
12200.04688 -172.09013
12202.74512 -217.68706
12205.42578 -209.09401
12208.12012 -204.73175
12210.81445 -177.70894
12213.50195 -211.39990
12216.19922 -222.01595
12218.88770 -202.95879
12221.57812 -175.53638
12224.27539 -205.83562
12226.96680 -210.94487
12229.65820 -206.40800
12232.34473 -177.87628
12235.04395 -209.97572
12237.73242 -207.79602
12240.42578 -201.77827
12243.11426 -170.41354
12245.80957 -203.65295
12248.50586 -208.20923
12251.19531 -207.45831
12253.88574 -169.20605
12256.57715 -202.03079
12259.26855 -206.23503
12261.96191 -206.21233
12264.65430 -159.64938
12267.34766 -207.79070
12270.03516 -206.69061
12272.72949 -201.62431
12275.42480 -174.49844
12278.11426 -208.26195
12280.80469 -214.44772
12283.50098 -213.65300
12286.19141 -177.20760
12288.88281 -199.66234
12291.56836 -206.17400
12294.26758 -211.79532
12296.96191 -183.62221
12299.64844 -203.48865
12302.34277 -210.00124
12305.03125 -221.75369
12307.71973 -174.60326
12310.41602 -203.70329
12313.11328 -206.67442
12315.80273 -203.46849
12318.49512 -176.36592
12321.18066 -212.35207
12323.87207 -213.84875
12326.57227 -203.22487
12329.26562 -174.85184
12331.95312 -207.30966
12334.64062 -205.62546
12337.33594 -212.58447
12340.02539 -175.79779
12342.72266 -204.95328
12345.41211 -207.89522
12348.10352 -206.04927
12350.79492 -118.90179
12353.48047 -208.19902
12356.18652 -208.86610
12358.86621 -211.93021
12361.56055 -177.17535
12364.25391 -200.14832
12366.94922 -208.23721
12369.64453 -216.40929
12372.32812 -171.67374
12375.02441 -210.55872
12377.72266 -212.92322
12380.41211 -207.27310
12383.09766 -173.89604
12385.79004 -206.96928
12388.48242 -204.34065
12391.17676 -199.88899
12393.86328 -163.55986
12396.55859 -209.32291
12399.25391 -200.90028
12401.94238 -199.80472
12404.63867 -188.37321
12407.32910 -203.11313
12410.02051 -208.43279
12412.71094 -215.04094
12415.40430 -191.30426
12418.09570 -204.67746
12420.78223 -212.61549
12423.48242 -211.30447
12426.17090 -174.12611
12428.86523 -206.51303
12431.55371 -203.99852
12434.24902 -198.49782
12436.93945 -151.67021
12439.63672 -202.75491
12442.32031 -213.17752
12445.01953 -203.21237
12447.71094 -178.86118
12450.39648 -201.79849
12453.09668 -205.36435
12455.78516 -204.20209
12458.47168 -166.87267
12461.16699 -200.77217
12463.85645 -211.25500
12466.54492 -211.41205
12469.24219 -178.30499
12471.93945 -210.75055
12474.62402 -205.42726
12477.32227 -213.97141
12480.01465 -165.03520
12482.70703 -207.23825
12485.39453 -211.83669
12488.08691 -211.58742
12490.78223 -170.97571
12493.47070 -211.53012
12496.16602 -209.63214
12498.85645 -211.48643
12501.54492 -178.25652
12504.23730 -204.63310
12506.92773 -207.10861
12509.61914 -224.25693
12512.31250 -175.75845
12515.01172 -202.71190
12517.70508 -205.48814
12520.39160 -200.33528
12523.08008 -166.16075
12525.77539 -206.20084
12528.47168 -214.82059
12531.16113 -210.43831
12533.85156 -172.70679
12536.54199 -205.67729
12539.23926 -213.36140
12541.92480 -208.35580
12544.61719 -168.13190
12547.30957 -205.13026
12550.00391 -203.50807
12552.69043 -200.75870
12555.38574 -177.69376
12558.08105 -205.69600
12560.77051 -212.27875
12563.45898 -201.24332
12566.15723 -182.12222
12568.84766 -206.16273
12571.53809 -207.44519
12574.22363 -210.32062
12576.92285 -184.86240
12579.61523 -207.18669
12582.30957 -210.66673
12584.99609 -204.75142
12587.69141 -169.28780
12590.37988 -207.48367
12593.07617 -206.00293
12595.76562 -204.71968
12598.45605 -181.90518
12601.14648 -204.67876
12603.84570 -210.72420
12606.52930 -203.18806
12609.22852 -174.77972
12611.91504 -212.68739
12614.60840 -214.48578
12617.30371 -207.99432
12619.99023 -179.29118
12622.68555 -206.60541
12625.38184 -206.63914
12628.07129 -204.56487
12630.76172 -172.69484
12633.44531 -200.51268
12636.14355 -202.17183
12638.83594 -206.06929
12641.53418 -181.04070
12644.22070 -212.39973
12646.91406 -212.54282
12649.60840 -208.56065
12652.29590 -175.07828
12654.99121 -206.57878
12657.68652 -209.98132
12660.37012 -201.85907
12663.06641 -172.73177
12665.75781 -205.25830
12668.44824 -205.85811
12671.14062 -211.96960
12673.83301 -174.72864
12676.52539 -201.05969
12679.21875 -203.54465
12681.90625 -203.74211
12684.60059 -126.83170
12687.29590 -212.88440
12689.98535 -211.57629
12692.68066 -204.18547
12695.36328 -179.83040
12698.06152 -202.46603
12700.75977 -202.46571
12703.44531 -204.91502
12706.13672 -168.02882
12708.82910 -208.82521
12711.52246 -210.72345
12714.21680 -203.31927
12716.90430 -179.25504
12719.59961 -206.35706
12722.28711 -205.58705
12724.97656 -211.51538
12727.67383 -177.54774
12730.36328 -215.42236
12733.05566 -204.72916
12735.74707 -201.26703
12738.43848 -165.56799
12741.13184 -207.32025
12743.82422 -205.58394
12746.52539 -203.86465
12749.20508 -178.65472
12751.90039 -199.82358
12754.59570 -204.07799
12757.28516 -206.31076
12759.98145 -167.08919
12762.67188 -210.88828
12765.35547 -209.32933
12768.05469 -207.27654
12770.74609 -171.55750
12773.43848 -216.78685
12776.13184 -210.94902
12778.81836 -200.21329
12781.51270 -174.28813
12784.20703 -210.15041
12786.89551 -217.48070
12789.59082 -207.86426
12792.28027 -178.75496
12794.97070 -201.57295
12797.66797 -202.91451
12800.35938 -206.86772
12803.05078 -168.33174
12805.74316 -209.05817
12808.42871 -208.73279
12811.12207 -207.53185
12813.81641 -184.88167
12816.50391 -211.36487
12819.20508 -208.89941
12821.88672 -208.90381
12824.58398 -174.33130
12827.28027 -204.59119
12829.97070 -207.94344
12832.66113 -211.02280
12835.35254 -183.07033
12838.04492 -217.38828
12840.73047 -216.55119
12843.42969 -208.04436
12846.11719 -163.11655
12848.81836 -212.76125
12851.50586 -214.04567
12854.19434 -206.98029
12856.89062 -175.03934
12859.58008 -205.56599
12862.26953 -202.59912
12864.96094 -204.22758
12867.65820 -176.88016
12870.35059 -211.55003
12873.04199 -204.44322
12875.73438 -204.29634
12878.42188 -172.10786
12881.11523 -203.10789
12883.80957 -204.89565
12886.49805 -204.12173
12889.19434 -170.55438
12891.88281 -212.64114
12894.57227 -206.59799
12897.26953 -207.57159
12899.96094 -179.04195
12902.65234 -205.55731
12905.34375 -205.38658
12908.03613 -201.44702
12910.73047 -177.88426
12913.41602 -203.18214
12916.11133 -199.86908
12918.80469 -200.23029
12921.49316 -172.42502
12924.18164 -205.43115
12926.87891 -212.44542
12929.56836 -207.77768
12932.26562 -161.54546
12934.95703 -201.74132
12937.64160 -204.50151
12940.34082 -206.79645
12943.03320 -178.18158
12945.71875 -225.83875
12948.41309 -208.08282
12951.10742 -208.22876
12953.80273 -169.54865
12956.49805 -200.39551
12959.18750 -201.81427
12961.87598 -203.27843
12964.56641 -176.74763
12967.25684 -200.64156
12969.94922 -204.59509
12972.64062 -202.47279
12975.33984 -171.57355
12978.02539 -202.25995
12980.71875 -204.35143
12983.41211 -208.06963
12986.09961 -180.53778
12988.79492 -205.45340
12991.48340 -217.74150
12994.17969 -207.02026
12996.86914 -192.75291
12999.56641 -207.64426
13002.25684 -206.86845
13004.94922 -217.09915
13007.64062 -171.28577
13010.32617 -209.80313
13013.02637 -223.60435
13015.71875 -215.88979
13018.40625 -108.88376
13021.10156 -210.24672
13023.78906 -212.26332
13026.48438 -208.02905
13029.17383 -176.20474
13031.87012 -208.39085
13034.56055 -213.46758
13037.25195 -206.80406
13039.94238 -183.85002
13042.63574 -207.73074
13045.32031 -203.79111
13048.01953 -202.53494
13050.70703 -181.66010
13053.40039 -205.36766
13056.09570 -208.65688
13058.78418 -208.44341
13061.47949 -168.39639
13064.16895 -203.07584
13066.86621 -208.14810
13069.55566 -208.87494
13072.24707 -174.73430
13074.94629 -206.90715
13077.63086 -206.53600
13080.32324 -209.24913
13083.00879 -170.60907
13085.70898 -203.31970
13088.39746 -204.03804
13091.08398 -204.12025
13093.77930 -173.19009
13096.47559 -210.51692
13099.16504 -209.77077
13101.86133 -212.09502
13104.55176 -168.83644
13107.23535 -201.89439
13109.93359 -203.44356
13112.63281 -205.62616
13115.31836 -175.39975
13118.01172 -212.46220
13120.70508 -204.71161
13123.39258 -207.87579
13126.08789 -170.34665
13128.77539 -205.34488
13131.46387 -205.68404
13134.16016 -201.48044
13136.85059 -175.85515
13139.54688 -201.57834
13142.23145 -201.12579
13144.93066 -204.37662
13147.62207 -174.63647
13150.31445 -209.97437
13153.00781 -214.60210
13155.69336 -207.88794
13158.38770 -180.72545
13161.08301 -203.48462
13163.77832 -203.85010
13166.46582 -204.47015
13169.16211 -176.01959
13171.84570 -214.96094
13174.54297 -217.86557
13177.23438 -212.19124
13179.92578 -195.46277
13182.61719 -202.27185
13185.30859 -202.98557
13187.99609 -206.24231
13190.68848 -162.68356
13193.38281 -202.62338
13196.07617 -203.93187
13198.76465 -207.25314
13201.46094 -178.93094
13204.15820 -221.76469
13206.83984 -209.44951
13209.53711 -208.80299
13212.23535 -167.63826
13214.92578 -201.72256
13217.61133 -210.66045
13220.31055 -211.86617
13222.99609 -175.42003
13225.68945 -220.68233
13228.38281 -224.82889
13231.07031 -207.56631
13233.76562 -176.52031
13236.46094 -207.29309
13239.15039 -201.71535
13241.83984 -200.49318
13244.53613 -180.52393
13247.22754 -215.73724
13249.91797 -211.40645
13252.60938 -202.88831
13255.30176 -168.28246
13257.99414 -206.94722
13260.68848 -207.69530
13263.37402 -207.12816
13266.06934 -178.82968
13268.75586 -201.21828
13271.45898 -206.13345
13274.14062 -210.99268
13276.83008 -175.72493
13279.53516 -201.89796
13282.22559 -203.98729
13284.90820 -203.46606
13287.60742 -177.76436
13290.29199 -209.61974
13292.98438 -215.05054
13295.68457 -209.05637
13298.37109 -169.69554
13301.06543 -210.31627
13303.75195 -203.99524
13306.45508 -199.99469
13309.14258 -181.62238
13311.83203 -210.96904
13314.52246 -215.27158
13317.21875 -208.15392
13319.91113 -171.59818
13322.60156 -200.71155
13325.28516 -202.85783
13327.98633 -203.86864
13330.67188 -183.28864
13333.37109 -204.20087
13336.05859 -205.33743
13338.75195 -210.98836
13341.44727 -173.64079
13344.13574 -202.40929
13346.82520 -209.54335
13349.52148 -204.04820
13352.21191 -130.61618
13354.91016 -206.03096
13357.59277 -216.15041
13360.29199 -203.42285
13362.97656 -173.48758
13365.67578 -202.65704
13368.36133 -203.73453
13371.05566 -203.34216
13373.75000 -170.71045
13376.43750 -211.57115
13379.13281 -206.33926
13381.82129 -199.76132
13384.51758 -173.68216
13387.20703 -205.11249
13389.89746 -221.70224
13392.58789 -204.89761
13395.28711 -174.08748
13397.97852 -205.99194
13400.66992 -212.42317
13403.36328 -208.77377
13406.04980 -172.49750
13408.74219 -211.96933
13411.43750 -209.47319
13414.13184 -205.48747
13416.82129 -183.04456
13419.50977 -208.13351
13422.20605 -213.42101
13424.89648 -203.45511
13427.58691 -176.70671
13430.28418 -208.04813
13432.97656 -204.53365
13435.66016 -200.33253
13438.35352 -171.12512
13441.04590 -199.85446
13443.73926 -211.04834
13446.43359 -207.66843
13449.12109 -182.44315
13451.81641 -202.46399
13454.50391 -207.06137
13457.20117 -214.16414
13459.89062 -176.91814
13462.57910 -202.32785
13465.27832 -203.35306
13467.96094 -202.44693
13470.66016 -180.49818
13473.34473 -208.25275
13476.04492 -209.32986
13478.73047 -203.64017
13481.42480 -180.08891
13484.11914 -204.37245
13486.80664 -207.46599
13489.50195 -216.30583
13492.19727 -180.48969
13494.88672 -200.45563
13497.57617 -206.12096
13500.26562 -211.60779
13502.95703 -170.55986
13505.64648 -207.67529
13508.34766 -212.23537
13511.03125 -212.63338
13513.72461 -162.06429
13516.42480 -204.56825
13519.11914 -213.79245
13521.80566 -210.70541
13524.50098 -187.08527
13527.18848 -203.65546
13529.87695 -207.45488
13532.56641 -207.76529
13535.27148 -176.17316
13537.95996 -210.25630
13540.65234 -212.12437
13543.34180 -209.81311
13546.02637 -177.09190
13548.72656 -206.39806
13551.41992 -202.83705
13554.10547 -201.54874
13556.80664 -162.45222
13559.49316 -212.45407
13562.18164 -211.53584
13564.87695 -205.34106
13567.56445 -174.53720
13570.26172 -208.96684
13572.95898 -214.58572
13575.64941 -220.13245
13578.33984 -180.76927
13581.03125 -208.69731
13583.72266 -209.70265
13586.41504 -198.24838
13589.10742 -177.98239
13591.79297 -204.27264
13594.49414 -210.22942
13597.18262 -204.56261
13599.87695 -171.39751
13602.56445 -199.36696
13605.25391 -202.58980
13607.95020 -209.07210
13610.63965 -176.90504
13613.33789 -206.80013
13616.02051 -206.04323
13618.71973 -205.97847
13621.41113 -171.32439
13624.10352 -217.03073
13626.78809 -205.73314
13629.48242 -200.91391
13632.17676 -169.67351
13634.87109 -203.11758
13637.56641 -215.04448
13640.25391 -205.08672
13642.94141 -164.43059
13645.63867 -201.94495
13648.33594 -200.15454
13651.01758 -214.78532
13653.71680 -187.29974
13656.40723 -202.58771
13659.09961 -205.90977
13661.79199 -211.48279
13664.48438 -176.07617
13667.16992 -202.68538
13669.86426 -205.49463
13672.55859 -205.72502
13675.24512 -176.63699
13677.94141 -211.96957
13680.63672 -207.40143
13683.31934 -211.89259
13686.01562 -111.64324
13688.70605 -223.30333
13691.40430 -204.55247
13694.08691 -203.30034
13696.78711 -178.69946
13699.47168 -203.84303
13702.16406 -205.10130
13704.85742 -203.65164
13707.55078 -183.14030
13710.24512 -209.61813
13712.93945 -200.81975
13715.62695 -199.53897
13718.32422 -184.31180
13721.01172 -212.33539
13723.70996 -212.07179
13726.39160 -206.86850
13729.08984 -173.50655
13731.78125 -202.20222
13734.47266 -201.28113
13737.17188 -200.43204
13739.85742 -169.21989
13742.54297 -215.56406
13745.23535 -206.28255
13747.93750 -203.33330
13750.62500 -171.60333
13753.31152 -208.24341
13756.01562 -209.32140
13758.70508 -198.28638
13761.39453 -177.03661
13764.08301 -203.72592
13766.77344 -208.14023
13769.47168 -203.41759
13772.16309 -151.63861
13774.84766 -201.00404
13777.54004 -209.23247
13780.24023 -205.15569
13782.92578 -171.63469
13785.62012 -203.79677
13788.31445 -206.86935
13791.00195 -208.17833
13793.69043 -178.27922
13796.39453 -210.38242
13799.08203 -212.16783
13801.77246 -206.36758
13804.47070 -176.31946
13807.16016 -204.84200
13809.85156 -206.07283
13812.53516 -203.75452
13815.23535 -173.45241
13817.91992 -203.57895
13820.61426 -207.82938
13823.30664 -205.36826
13826.00098 -175.95419
13828.68945 -202.86380
13831.38477 -223.54103
13834.07227 -202.56345
13836.76855 -167.23930
13839.46484 -211.22192
13842.14746 -209.60730
13844.83789 -222.50433
13847.53711 -179.34517
13850.22852 -211.44580
13852.91992 -213.28851
13855.61133 -213.67168
13858.30566 -173.60672
13860.99805 -207.74568
13863.69238 -207.46928
13866.37891 -209.68413
13869.07422 -176.22041
13871.76270 -206.96397
13874.45801 -213.41292
13877.14746 -210.71635
13879.84473 -186.77812
13882.52734 -222.13745
13885.22461 -208.50368
13887.90918 -210.20644
13890.60742 -185.59242
13893.29980 -205.69188
13895.98535 -215.38675
13898.68555 -201.58455
13901.37891 -170.11977
13904.06641 -208.97977
13906.75977 -205.10252
13909.45508 -203.78226
13912.14355 -179.84683
13914.83984 -202.16115
13917.52930 -212.88089
13920.21973 -208.79787
13922.90918 -172.90648
13925.60059 -207.11374
13928.29102 -207.03259
13930.98242 -211.11539
13933.68262 -178.95853
13936.37598 -201.81274
13939.06152 -203.42424
13941.75586 -206.77461
13944.44922 -177.16164
13947.14453 -203.97993
13949.83301 -201.68677
13952.52051 -199.69666
13955.20996 -180.08952
13957.90625 -202.32123
13960.59668 -207.89165
13963.29492 -207.05249
13965.98535 -168.10565
13968.67676 -202.42188
13971.36133 -206.61748
13974.06152 -202.29668
13976.74707 -181.06346
13979.43945 -201.55287
13982.13379 -205.41458
13984.82812 -203.12086
13987.51562 -167.77905
13990.21094 -206.25787
13992.90820 -203.44075
13995.59570 -202.36903
13998.28516 -177.63184
14000.97559 -207.23897
14003.67285 -216.30472
14006.36523 -206.86906
14009.05664 -172.10396
14011.74805 -198.18436
14014.43262 -200.38243
14017.12500 -203.44933
14019.81934 -135.46416
14022.51367 -199.89746
14025.20020 -223.77042
14027.90234 -207.73489
14030.59082 -176.67064
14033.28027 -202.29834
14035.97656 -199.72452
14038.66602 -203.52391
14041.35547 -177.80258
14044.04688 -213.93568
14046.73730 -216.22925
14049.42871 -207.90016
14052.12891 -174.39459
14054.82031 -206.93883
14057.51367 -203.55779
14060.20703 -207.39897
14062.89453 -189.03401
14065.58789 -218.01479
14068.28320 -209.89131
14070.97168 -204.58321
14073.66016 -170.94601
14076.34863 -224.76337
14079.03809 -202.77251
14081.73633 -203.60812
14084.42578 -169.84096
14087.11816 -210.82410
14089.81641 -213.28993
14092.50098 -203.43805
14095.20117 -167.74974
14097.88672 -209.25189
14100.58789 -210.40782
14103.26660 -208.66800
14105.96191 -174.12291
14108.65625 -209.45464
14111.35254 -211.63358
14114.04785 -218.05354
14116.72949 -166.78050
14119.42578 -204.23619
14122.11719 -199.44664
14124.80664 -200.40665
14127.50586 -176.05763
14130.18945 -225.05498
14132.88965 -208.48259
14135.58203 -215.56242
14138.26660 -177.58099
14140.96094 -203.51628
14143.65430 -212.61110
14146.34180 -207.86096
14149.03711 -185.51561
14151.73242 -207.29916
14154.41992 -211.78284
14157.11719 -207.78331
14159.81445 -180.34256
14162.49609 -210.76402
14165.19434 -211.69928
14167.87695 -222.30402
14170.57715 -176.84091
14173.26074 -200.65405
14175.95312 -203.05737
14178.65332 -208.43532
14181.33984 -167.30835
14184.03320 -203.25258
14186.72852 -205.58716
14189.42285 -209.12498
14192.10352 -175.76195
14194.79883 -202.50456
14197.49512 -204.61169
14200.19336 -209.93530
14202.87500 -179.96570
14205.57227 -211.69058
14208.26270 -221.24254
14210.94727 -204.92799
14213.65332 -173.01857
14216.33008 -203.40620
14219.03223 -205.18991
14221.72461 -204.24332
14224.41016 -191.88168
14227.09766 -205.16399
14229.79980 -203.14989
14232.48828 -199.85744
14235.17578 -171.99544
14237.87207 -219.79750
14240.56836 -222.67644
14243.25781 -206.32431
14245.94824 -174.65707
14248.64648 -199.67297
14251.33008 -208.52133
14254.02246 -204.35458
14256.72070 -178.27930
14259.41406 -209.00247
14262.09961 -231.02957
14264.79395 -209.74557
14267.47949 -161.63301
14270.18164 -202.62572
14272.87012 -201.70192
14275.56543 -199.55460
14278.25293 -187.76476
14280.94238 -206.13631
14283.63184 -207.82526
14286.32031 -200.21390
14289.01172 -164.03720
14291.70996 -200.61588
14294.40234 -207.52773
14297.09375 -205.80093
14299.78613 -174.16251
14302.47949 -205.79216
14305.17188 -212.14980
14307.86621 -206.18777
14310.56055 -168.98405
14313.24805 -202.05437
14315.94336 -200.76770
14318.63184 -202.05550
14321.32812 -179.45862
14324.01758 -208.78310
14326.70703 -208.41890
14329.39648 -222.18030
14332.09473 -169.66557
14334.78613 -207.33502
14337.47852 -207.71486
14340.16992 -207.57529
14342.85547 -169.20306
14345.54785 -202.40355
14348.24121 -215.12581
14350.93555 -209.58334
14353.63086 -122.14106
14356.31738 -204.09711
14359.01367 -201.78055
14361.70117 -201.95639
14364.39844 -190.82312
14367.08789 -200.49660
14369.78516 -205.94099
14372.46680 -214.26598
14375.15820 -171.75609
14377.85742 -206.66110
14380.54883 -221.43875
14383.23340 -208.21088
14385.92676 -176.04369
14388.61914 -216.27124
14391.31348 -213.13535
14394.00000 -207.00778
14396.70312 -168.30359
14399.39062 -198.77156
14402.07910 -199.37547
14404.77441 -198.61290
14407.47168 -173.47072
14410.15234 -201.85487
14412.85059 -212.56798
14415.54883 -212.16689
14418.24023 -170.78941
14420.93164 -200.55087
14423.61523 -212.32677
14426.31641 -213.51152
14429.00195 -175.91190
14431.69434 -214.12952
14434.39648 -210.76845
14437.07520 -210.38647
14439.77734 -153.33168
14442.46582 -199.71623
14445.14551 -202.51791
14447.84180 -202.44603
14450.53906 -171.99875
14453.22852 -209.33459
14455.91895 -205.45425
14458.61719 -203.90028
14461.30859 -173.98247
14464.00000 -206.20100
14466.69141 -214.88708
14469.38477 -212.77185
14472.07812 -178.11198
14474.76367 -205.81621
14477.45703 -219.38490
14480.15137 -215.04971
14482.83984 -171.18457
14485.54199 -202.87430
14488.22266 -208.78218
14490.91895 -205.39549
14493.60840 -175.01353
14496.30664 -204.75156
14498.98828 -217.32623
14501.69434 -215.29921
14504.37695 -162.46286
14507.06934 -201.43076
14509.76074 -201.24686
14512.45312 -203.80583
14515.14648 -192.44426
14517.84082 -207.35478
14520.52734 -205.81819
14523.23047 -203.56442
14525.91699 -174.45639
14528.60449 -217.11920
14531.29297 -218.45041
14533.98926 -215.27977
14536.67871 -175.25092
14539.37500 -207.61443
14542.06543 -209.16588
14544.75586 -203.31816
14547.44727 -181.52719
14550.13867 -210.93719
14552.83105 -200.83167
14555.52344 -208.08331
14558.21680 -173.75476
14560.91016 -206.64767
14563.59570 -208.76237
14566.29102 -202.84259
14568.98633 -165.67404
14571.67383 -210.51167
14574.36133 -212.22058
14577.05859 -205.84128
14579.75586 -173.99187
14582.44531 -202.22981
14585.13574 -202.90157
14587.82617 -210.89162
14590.51758 -176.11725
14593.20801 -206.90828
14595.90820 -202.71558
14598.60156 -201.08875
14601.28711 -182.47675
14603.97949 -208.28659
14606.66602 -207.15616
14609.36035 -205.54489
14612.05566 -167.42108
14614.75098 -202.73512
14617.43945 -201.60640
14620.13574 -198.19859
14622.82422 -175.95346
14625.51367 -212.26762
14628.20410 -207.91350
14630.90234 -207.54239
14633.59375 -170.34531
14636.29297 -197.23221
14638.96875 -200.58070
14641.66992 -207.06711
14644.36328 -175.15651
14647.05566 -214.06480
14649.74219 -209.92221
14652.43652 -211.19026
14655.13184 -183.99561
14657.81836 -211.28354
14660.50684 -211.19307
14663.21094 -200.26283
14665.89258 -174.14409
14668.58887 -203.23828
14671.27930 -212.22906
14673.96973 -204.50359
14676.66895 -169.58401
14679.36035 -198.19734
14682.05176 -200.43874
14684.74414 -210.43637
14687.43652 -136.59023
14690.12207 -225.98747
14692.81641 -206.67628
14695.50977 -201.51437
14698.20410 -184.65479
14700.89258 -212.56848
14703.58789 -210.70976
14706.27539 -208.28069
14708.96484 -178.54248
14711.66211 -210.53632
14714.35156 -211.97583
14717.04199 -211.02220
14719.74121 -172.83391
14722.43164 -217.48421
14725.11621 -208.58115
14727.80762 -217.56750
14730.50781 -177.62364
14733.20215 -206.06139
14735.88770 -216.26498
14738.57324 -199.38664
14741.27539 -176.64722
14743.96289 -220.14670
14746.65820 -202.80768
14749.35449 -201.82979
14752.03516 -175.92404
14754.73145 -203.93478
14757.42969 -204.67918
14760.11133 -204.11867
14762.81055 -179.16531
14765.50000 -202.83907
14768.19238 -206.92795
14770.88379 -205.61617
14773.57617 -177.62410
14776.26953 -212.40479
14778.96289 -213.08707
14781.64844 -224.81256
14784.35059 -161.28052
14787.03711 -206.31816
14789.72559 -200.23225
14792.42090 -196.10294
14795.10840 -178.77879
14797.80664 -200.79163
14800.50293 -201.64780
14803.18457 -201.14449
14805.87500 -175.79155
14808.57324 -198.09210
14811.26465 -203.69524
14813.95605 -208.60791
14816.64844 -177.52896
14819.34082 -203.32680
14822.03320 -205.74300
14824.72754 -207.15558
14827.41309 -181.87770
14830.10840 -200.26595
14832.80273 -206.57054
14835.49023 -203.71643
14838.18750 -192.60551
14840.87500 -203.48628
14843.57227 -210.57428
14846.26074 -212.07950
14848.95117 -164.84813
14851.64160 -199.88655
14854.33203 -200.32867
14857.03223 -213.16969
14859.71582 -171.85649
14862.40820 -212.01701
14865.09961 -205.73386
14867.79395 -205.81462
14870.49609 -179.95744
14873.17383 -201.16927
14875.86816 -210.51840
14878.56348 -211.55092
14881.25977 -175.46434
14883.94727 -208.55469
14886.63574 -217.91011
14889.33398 -213.24405
14892.03027 -176.08174
14894.71191 -216.80374
14897.41113 -210.64879
14900.10156 -209.75195
14902.79297 -176.20651
14905.48438 -213.77661
14908.17773 -211.54546
14910.87012 -201.11063
14913.55566 -180.23058
14916.25781 -202.53484
14918.94434 -205.77660
14921.63086 -215.70181
14924.33398 -179.11269
14927.01270 -209.34602
14929.70898 -205.73990
14932.39844 -198.83594
14935.08691 -165.78520
14937.78418 -204.40092
14940.47461 -210.26900
14943.16504 -212.71138
14945.86426 -179.27867
14948.55566 -205.28438
14951.24023 -212.66908
14953.94043 -212.97188
14956.63281 -159.86580
14959.32715 -202.78346
14962.02051 -205.59578
14964.70703 -202.38593
14967.39355 -177.79034
14970.08887 -206.39096
14972.78418 -204.18828
14975.48047 -202.77193
14978.16992 -174.37698
14980.86719 -207.26280
14983.54883 -204.42395
14986.23828 -202.79971
14988.93652 -181.89319
14991.62012 -200.11412
14994.32031 -202.75502
14997.00293 -213.88914
14999.70312 -168.97391
15002.38867 -208.27287
15005.08203 -209.50060
15007.77539 -203.60982
15010.47852 -176.57372
15013.16504 -208.02667
15015.85156 -207.95712
15018.54883 -229.25201
15021.23633 -112.34423
15023.92480 -201.08258
15026.62207 -198.72829
15029.31152 -201.93864
15032.00195 -176.95480
15034.69922 -207.88121
15037.39160 -203.95854
15040.08301 -203.48099
15042.77441 -177.78322
15045.46777 -206.17262
15048.16016 -209.35016
15050.85352 -203.04248
15053.54688 -186.46327
15056.23242 -202.02379
15058.92773 -211.66760
15061.61523 -206.31369
15064.31055 -175.16582
15066.99805 -201.26651
15069.69629 -200.81572
15072.38379 -203.05487
15075.07324 -178.00737
15077.77246 -203.23911
15080.46289 -205.19743
15083.15332 -201.01755
15085.84473 -174.22031
15088.53613 -204.00441
15091.22949 -205.71635
15093.92188 -207.14325
15096.62305 -177.43233
15099.30859 -199.55830
15101.99414 -205.58345
15104.68848 -206.00356
15107.38379 -178.23024
15110.08008 -219.55717
15112.76855 -208.47099
15115.45703 -215.38841
15118.14453 -172.99995
15120.84180 -207.51355
15123.53320 -205.50169
15126.22266 -198.19849
15128.91406 -169.87207
15131.60547 -201.28413
15134.29688 -207.77359
15136.99707 -205.74934
15139.68164 -172.84711
15142.37402 -217.19948
15145.06836 -213.97087
15147.76270 -227.32852
15150.44824 -172.54965
15153.14355 -204.38895
15155.83887 -210.49316
15158.52637 -211.61705
15161.21484 -171.44814
15163.91113 -204.72577
15166.60938 -204.76085
15169.29785 -206.08266
15171.98047 -170.98888
15174.67871 -209.12598
15177.37793 -212.81186
15180.06250 -206.35582
15182.75391 -179.67374
15185.45410 -207.58495
15188.13867 -205.94742
15190.83203 -206.34525
15193.52637 -169.12880
15196.22070 -206.00230
15198.90723 -213.31554
15201.59375 -210.55447
15204.29785 -196.45937
15206.98633 -204.29430
15209.67383 -201.53024
15212.36328 -199.26587
15215.06934 -179.04662
15217.75195 -216.38895
15220.44922 -217.57147
15223.14062 -219.67747
15225.82227 -173.88777
15228.52344 -200.75407
15231.21582 -207.10886
15233.90039 -210.27707
15236.60156 -169.80869
15239.28711 -204.03317
15241.98145 -204.64972
15244.67578 -211.49260
15247.36230 -176.35632
15250.05762 -204.65958
15252.74512 -203.52849
15255.44141 -200.99524
15258.12988 -171.12430
15260.82812 -222.26756
15263.51660 -207.15701
15266.20703 -202.08223
15268.89746 -181.54356
15271.58789 -201.15596
15274.27930 -204.27428
15276.97168 -207.54018
15279.66406 -166.13942
15282.35742 -208.53500
15285.04980 -211.28891
15287.74414 -208.28851
15290.42969 -176.80801
15293.12500 -206.17447
15295.82031 -209.03769
15298.51562 -202.71634
15301.21191 -168.83119
15303.89160 -200.95593
15306.58105 -202.16872
15309.27832 -201.62430
15311.96777 -172.92424
15314.66699 -204.40559
15317.35742 -213.55305
15320.04883 -205.66255
15322.73926 -169.90265
15325.43164 -198.08594
15328.12402 -205.37988
15330.80957 -212.81984
15333.51074 -173.65247
15336.19629 -214.42403
15338.89062 -209.44894
15341.58594 -216.66928
15344.27246 -172.10306
15346.96777 -200.01123
15349.65625 -201.97174
15352.34473 -204.97357
15355.04980 -135.78188
15357.73047 -208.49942
15360.42969 -209.55687
15363.11914 -207.97514
15365.81055 -175.08894
15368.50098 -205.31564
15371.20117 -206.36519
15373.89258 -205.33159
15376.57715 -184.54431
15379.26953 -207.74539
15381.96387 -205.98795
15384.64941 -204.64618
15387.34375 -170.21371
15390.03906 -211.27071
15392.73438 -215.70052
15395.42188 -217.68597
15398.11719 -172.73122
15400.80664 -203.60686
15403.49512 -220.50963
15406.19238 -209.40648
15408.88281 -169.43695
15411.57324 -222.75043
15414.27246 -207.32291
15416.96387 -212.10002
15419.64746 -182.33664
15422.33887 -208.17242
15425.03125 -203.09949
15427.72461 -200.92549
15430.41895 -173.22771
15433.11133 -210.37170
15435.80664 -204.45117
15438.49414 -201.19994
15441.18066 -182.98186
15443.87598 -204.06601
15446.56348 -205.56210
15449.25977 -206.32668
15451.95801 -186.07681
15454.64746 -204.63037
15457.34473 -208.27821
15460.03516 -206.36200
15462.72559 -171.42723
15465.40918 -210.76781
15468.10938 -207.55261
15470.80078 -202.60527
15473.49414 -171.32957
15476.18652 -203.95403
15478.87207 -207.88373
15481.56641 -203.81430
15484.25977 -169.48882
15486.94727 -199.07014
15489.64258 -201.17729
15492.32910 -207.23131
15495.02539 -175.00748
15497.72266 -205.85275
15500.40234 -214.45982
15503.10059 -216.43341
15505.79004 -182.78123
15508.48828 -219.76604
15511.17969 -213.24937
15513.87109 -210.86105
15516.55273 -171.23152
15519.25391 -200.62036
15521.94531 -203.86018
15524.63086 -205.19673
15527.33301 -175.66907
15530.02734 -215.51688
15532.71289 -206.63281
15535.40820 -217.76797
15538.09473 -165.93233
15540.79004 -206.68834
15543.47754 -207.97641
15546.17383 -206.44070
15548.87109 -184.56648
15551.56055 -207.33655
15554.24902 -206.84596
15556.93945 -208.05283
15559.63867 -163.99371
15562.33008 -218.72859
15565.02051 -215.24590
15567.70410 -211.12654
15570.39648 -179.21716
15573.08984 -205.46651
15575.78223 -212.38313
15578.47656 -214.73085
15581.17090 -174.53104
15583.85742 -214.30484
15586.56055 -208.41524
15589.24805 -205.05946
15591.93457 -176.05481
15594.63086 -217.85083
15597.32031 -201.29776
15600.01758 -196.91098
15602.70605 -166.59752
15605.39648 -203.34912
15608.08691 -208.95584
15610.77734 -205.69879
15613.47754 -175.74490
15616.16992 -200.67152
15618.86133 -203.84099
15621.54492 -207.91885
15624.23828 -166.33536
15626.93262 -210.65865
15629.62695 -211.64812
15632.32031 -213.72446
15635.00586 -185.12236
15637.69336 -210.68217
15640.38965 -205.00612
15643.08594 -199.04785
15645.77344 -175.47986
15648.47070 -201.90620
15651.16016 -208.51782
15653.84961 -202.36189
15656.54785 -181.18678
15659.23926 -200.21585
15661.92969 -202.82245
15664.62109 -211.81586
15667.32227 -175.92198
15670.00586 -208.09453
15672.69727 -206.82649
15675.38281 -204.01561
15678.08594 -172.20164
15680.77148 -208.46030
15683.46582 -212.82101
15686.15234 -209.31039
15688.85645 -117.90182
15691.54395 -204.84296
15694.23242 -207.39200
15696.92871 -202.94051
15699.61816 -174.00032
15702.30664 -204.79332
15705.00488 -203.39424
15707.69531 -212.65344
15710.38574 -177.92693
15713.07715 -203.57602
15715.76953 -204.25697
15718.46094 -203.96532
15721.15332 -174.56747
15723.84668 -210.58565
15726.53125 -207.65082
15729.22461 -206.27029
15731.91895 -173.95157
15734.61426 -208.63884
15737.30957 -210.41309
15739.99609 -213.75304
15742.69336 -175.84868
15745.38965 -210.07796
15748.06836 -216.84770
15750.76660 -212.37959
15753.45605 -167.33934
15756.14648 -213.81042
15758.84570 -204.08276
15761.53516 -203.81224
15764.22754 -170.07745
15766.91895 -211.59352
15769.60156 -206.02031
15772.29492 -200.98517
15774.99609 -156.30966
15777.69043 -212.93422
15780.38477 -212.72383
15783.06152 -203.10718
15785.75586 -172.43359
15788.45117 -200.99199
15791.14746 -207.72879
15793.82617 -211.51080
15796.52344 -170.90024
15799.21973 -206.48509
15801.91797 -213.61382
15804.59863 -210.50751
15807.29688 -177.84767
15809.98828 -205.91934
15812.67773 -213.26747
15815.37012 -201.03259
15818.06152 -178.42055
15820.76270 -201.98337
15823.44629 -204.55489
15826.13867 -199.90660
15828.82422 -181.24881
15831.52734 -201.17538
15834.22070 -200.53351
15836.90820 -202.53090
15839.59473 -167.85620
15842.29883 -202.35405
15844.97852 -203.80025
15847.67480 -204.55862
15850.36328 -172.87921
15853.06152 -209.95529
15855.75977 -208.35519
15858.43945 -204.88638
15861.14062 -170.33197
15863.83008 -202.85738
15866.52246 -211.33244
15869.20410 -203.34290
15871.90527 -174.06534
15874.59863 -199.64409
15877.29102 -200.57625
15879.97559 -205.46136
15882.66992 -169.54903
15885.36523 -207.16757
15888.05859 -205.66528
15890.74609 -202.63190
15893.44238 -175.87860
15896.12891 -201.06143
15898.81738 -201.37573
15901.51465 -202.73410
15904.20410 -164.09821
15906.90234 -202.17293
15909.59180 -209.21341
15912.28320 -212.91281
15914.97266 -177.76442
15917.66406 -209.58931
15920.35645 -204.99789
15923.04785 -205.45428
15925.74121 -176.17677
15928.43359 -213.26151
15931.12695 -208.45384
15933.82031 -204.43642
15936.50586 -194.41862
15939.20996 -203.51770
15941.89648 -206.63083
15944.58398 -202.20183
15947.28027 -186.74355
15949.97656 -209.57988
15952.66504 -208.45900
15955.34570 -205.14995
15958.04297 -189.36372
15960.74219 -213.08083
15963.43262 -205.43655
15966.12305 -204.92273
15968.81348 -166.14931
15971.49609 -206.17902
15974.19727 -237.29053
15976.88965 -204.57726
15979.58203 -174.13770
15982.27637 -200.84764
15984.96094 -214.70988
15987.65527 -207.16878
15990.35059 -171.99208
15993.04590 -203.80940
15995.73242 -209.56726
15998.42773 -206.06361
16001.11523 -186.95677
16003.81348 -203.86865
16006.49316 -202.17445
16009.19043 -202.47438
16011.87988 -178.79504
16014.57031 -202.69946
16017.26953 -209.01202
16019.96094 -222.45325
16022.66113 -137.62172
16025.35254 -201.93657
16028.03613 -208.59186
16030.72070 -224.12431
16033.43164 -168.31679
16036.11523 -205.80348
16038.80957 -228.43044
16041.50391 -207.19907
16044.19922 -196.54605
16046.87695 -203.28661
16049.57227 -206.31929
16052.26074 -214.35898
16054.95703 -173.10074
16057.64551 -206.22548
16060.34277 -204.92091
16063.03320 -205.07158
16065.73145 -172.40805
16068.42188 -201.84755
16071.11230 -203.07793
16073.80371 -204.17632
16076.49512 -173.96346
16079.18750 -208.69690
16081.87988 -206.44073
16084.57227 -201.43719
16087.26562 -176.69853
16089.95996 -205.69823
16092.64551 -206.74777
16095.34082 -214.76363
16098.02637 -176.02283
16100.72266 -206.66328
16103.40918 -208.50882
16106.10547 -205.15445
16108.80371 -175.39948
16111.49219 -200.35355
16114.18066 -200.66727
16116.87012 -197.92593
16119.56934 -164.34485
16122.25977 -204.74782
16124.95020 -204.23439
16127.64160 -202.48894
16130.33301 -174.93196
16133.02637 -201.80013
16135.70898 -213.51540
16138.41211 -212.52341
16141.10449 -168.27097
16143.79004 -209.34373
16146.48438 -219.86589
16149.17969 -207.14305
16151.86621 -174.46434
16154.56152 -202.97418
16157.25000 -205.55505
16159.94629 -203.02087
16162.64258 -176.27199
16165.32324 -203.77466
16168.02148 -204.62506
16170.71094 -204.99063
16173.40918 -175.04131
16176.09961 -204.23122
16178.79102 -209.98251
16181.48242 -210.99794
16184.16504 -167.45834
16186.86621 -214.16934
16189.55078 -213.95471
16192.25195 -212.09344
16194.93750 -181.70662
16197.63184 -200.92503
16200.31738 -204.78973
16203.02148 -214.13539
16205.70801 -170.68231
16208.40332 -207.67851
16211.09180 -210.34694
16213.77930 -215.00879
16216.47559 -181.97012
16219.16504 -221.70985
16221.86328 -214.71172
16224.55176 -215.18283
16227.24219 -168.24098
16229.93262 -208.62093
16232.62500 -209.84291
16235.32422 -210.47382
16238.01660 -176.08725
16240.69922 -206.14413
16243.40234 -203.66832
16246.08594 -202.20068
16248.78906 -169.56110
16251.47363 -209.67303
16254.15918 -214.14856
16256.85449 -209.49075
16259.54980 -175.30852
16262.23730 -205.89455
16264.92383 -209.66797
16267.62109 -206.27080
16270.31055 -167.56665
16273.00781 -212.70218
16275.69727 -213.18126
16278.39453 -204.87877
16281.08496 -191.54947
16283.77539 -202.03731
16286.46680 -199.86230
16289.16797 -198.46492
16291.85059 -174.71040
16294.54199 -205.34373
16297.23535 -209.65060
16299.92773 -205.33492
16302.62207 -177.04924
16305.31641 -201.25417
16308.00977 -210.79645
16310.69727 -216.08064
16313.39258 -172.45018
16316.07910 -205.54233
16318.76758 -211.67145
16321.47266 -216.62947
16324.16016 -177.63936
16326.84961 -203.12395
16329.53906 -203.99507
16332.23730 -202.65352
16334.92676 -168.36838
16337.61719 -205.23726
16340.30859 -204.64926
16342.99902 -200.12987
16345.69238 -176.22607
16348.38379 -203.77611
16351.07617 -211.29463
16353.76074 -208.30888
16356.46387 -122.91140
16359.14844 -203.49167
16361.84375 -204.79942
16364.53711 -207.19344
16367.22461 -178.41740
16369.91992 -202.26025
16372.60742 -206.80400
16375.30371 -223.09364
16377.99219 -176.00043
16380.68945 -207.30510
16383.37891 -214.51466
16386.07617 -205.77896
16388.76758 -171.92438
16391.45703 -205.65131
16394.14844 -208.45338
16396.83008 -213.96834
16399.53125 -183.84897
16402.22266 -206.90634
16404.91602 -202.58040
16407.60938 -200.06712
16410.30078 -172.68790
16412.99609 -213.91829
16415.68164 -210.22005
16418.37695 -206.06686
16421.07227 -173.84694
16423.75781 -207.26329
16426.45312 -219.96700
16429.14258 -211.00914
16431.83789 -170.87732
16434.52734 -208.91649
16437.22461 -215.87082
16439.91406 -217.14218
16442.59570 -163.43871
16445.29492 -206.98695
16447.98438 -206.83997
16450.67578 -204.25879
16453.36719 -176.88499
16456.06836 -205.73224
16458.75195 -205.60533
16461.44336 -203.48895
16464.13672 -170.47406
16466.83203 -205.93361
16469.51562 -215.68323
16472.21094 -204.83250
16474.91406 -180.91263
16477.59180 -208.51508
16480.28906 -218.30754
16482.98438 -212.73538
16485.67188 -170.51671
16488.36914 -202.82521
16491.05859 -206.01498
16493.74609 -209.69588
16496.44531 -178.21938
16499.12500 -202.82669
16501.82617 -204.28122
16504.52539 -201.19092
16507.20898 -169.45340
16509.90039 -207.08919
16512.59961 -213.60786
16515.28516 -204.23865
16517.97656 -178.77596
16520.66992 -202.52815
16523.36328 -206.13478
16526.05078 -215.34874
16528.74414 -165.38821
16531.43945 -207.44418
16534.12500 -208.86577
16536.82227 -208.58905
16539.51953 -169.19229
16542.20508 -209.27025
16544.89453 -214.61841
16547.59375 -207.05557
16550.28125 -162.48351
16552.97070 -207.61493
16555.66211 -209.72350
16558.36133 -208.40820
16561.05273 -179.73936
16563.74219 -204.77852
16566.42578 -206.97403
16569.12695 -210.07358
16571.82031 -174.16760
16574.51367 -209.55342
16577.20703 -204.83279
16579.89062 -202.45511
16582.58594 -177.40436
16585.27148 -213.32329
16587.96680 -217.82484
16590.66211 -232.03902
16593.34961 -178.79816
16596.03711 -215.79340
16598.74219 -210.05215
16601.42188 -207.05316
16604.11914 -181.21884
16606.80859 -214.37567
16609.50781 -212.43129
16612.19922 -217.22810
16614.88867 -171.37408
16617.58008 -216.33939
16620.28125 -206.11058
16622.96484 -199.80492
16625.65625 -180.34911
16628.34766 -206.25827
16631.04102 -217.33842
16633.73438 -201.78699
16636.42969 -174.06862
16639.11523 -199.88799
16641.80859 -202.39505
16644.49609 -209.31496
16647.20117 -167.25911
16649.88672 -209.15724
16652.57422 -209.52156
16655.27148 -210.97833
16657.96094 -185.20071
16660.65820 -209.79288
16663.33789 -214.24229
16666.02734 -204.74619
16668.73633 -185.60925
16671.42773 -202.24289
16674.11914 -203.19810
16676.80859 -198.86743
16679.49219 -169.60759
16682.19336 -199.19679
16684.87695 -200.20955
16687.57031 -208.68636
16690.26367 -147.09634
16692.95703 -205.27711
16695.65234 -209.44130
16698.33789 -208.76338
16701.03320 -167.47394
16703.72070 -217.04390
16706.41602 -214.20558
16709.10352 -213.76974
16711.80078 -182.14868
16714.49805 -203.16106
16717.17773 -204.68071
16719.87695 -203.20312
16722.57617 -166.77812
16725.25586 -208.45930
16727.95508 -207.33260
16730.63672 -211.44203
16733.33789 -183.24324
16736.03125 -204.60146
16738.71289 -202.11339
16741.41406 -199.86086
16744.10742 -169.52324
16746.80078 -208.13171
16749.48633 -212.79747
16752.17969 -203.12996
16754.86523 -186.60857
16757.56055 -208.37669
16760.25586 -207.54123
16762.95312 -215.11282
16765.64062 -167.96048
16768.33789 -209.64667
16771.02539 -205.71671
16773.71484 -210.36914
16776.41211 -174.78049
16779.10156 -208.88800
16781.79297 -207.55931
16784.48242 -209.35240
16787.17188 -173.01149
16789.87305 -207.98624
16792.55664 -204.71671
16795.24805 -198.67493
16797.94141 -172.14812
16800.63281 -204.95328
16803.32617 -216.65016
16806.01953 -204.79277
16808.71484 -172.94629
16811.40039 -206.89227
16814.09570 -207.60432
16816.79102 -203.81787
16819.47656 -181.30191
16822.17383 -203.94919
16824.86133 -213.39139
16827.55078 -213.84985
16830.24805 -182.35463
16832.94531 -205.23506
16835.62695 -209.04582
16838.32422 -205.02249
16841.01562 -180.19995
16843.70703 -203.37436
16846.40625 -206.20660
16849.08789 -202.07333
16851.77930 -178.72310
16854.47266 -201.18130
16857.16602 -201.26553
16859.85938 -207.34099
16862.55273 -180.93231
16865.23633 -205.88472
16867.93164 -222.12148
16870.63672 -210.60086
16873.31250 -188.11694
16876.01758 -205.28856
16878.70508 -204.96608
16881.40234 -206.25670
16884.08789 -180.39198
16886.78516 -204.67909
16889.47461 -206.43608
16892.15430 -202.75497
16894.85352 -177.28688
16897.55273 -203.59941
16900.24219 -203.94455
16902.93359 -210.48253
16905.62500 -173.78502
16908.31641 -203.63222
16911.00000 -204.07050
16913.70117 -205.88812
16916.39453 -164.76668
16919.08789 -199.32825
16921.77344 -200.14189
16924.46680 -199.53722
16927.16016 -176.63185
16929.84766 -212.70573
16932.54297 -206.79874
16935.23828 -200.91940
16937.92578 -162.73967
16940.61328 -201.82280
16943.31836 -208.28349
16946.00781 -205.70576
16948.69531 -179.29143
16951.38477 -207.46617
16954.08398 -201.61641
16956.77539 -201.84174
16959.46484 -178.07576
16962.15625 -196.86079
16964.84766 -198.67233
16967.53906 -197.89571
16970.23242 -180.43346
16972.92383 -202.11205
16975.61719 -203.33862
16978.31055 -202.02795
16980.99414 -179.47253
16983.69922 -207.50179
16986.38477 -212.51152
16989.07031 -206.89510
16991.76562 -174.32233
16994.46094 -223.55818
16997.14844 -204.36949
16999.83594 -202.75853
17002.53516 -162.27971
17005.22266 -203.15044
17007.91992 -211.43449
17010.60938 -201.19009
17013.29883 -179.06345
17015.99805 -197.26352
17018.67969 -203.19951
17021.37109 -212.40317
17024.07227 -116.59290
17026.76367 -205.45726
17029.45508 -202.27528
17032.14844 -205.47151
17034.84180 -180.70096
17037.52539 -223.55603
17040.23047 -208.98276
17042.91406 -213.97302
17045.60938 -168.94930
17048.29492 -200.93779
17050.99023 -203.61351
17053.67578 -210.20349
17056.37305 -174.36629
17059.06055 -208.87154
17061.75977 -208.57133
17064.44727 -202.59166
17067.14453 -167.96381
17069.83398 -202.25665
17072.53320 -201.72487
17075.21289 -205.63327
17077.91406 -183.52982
17080.60547 -206.55931
17083.29688 -205.68082
17085.98828 -217.83685
17088.67969 -165.89317
17091.36328 -201.35817
17094.05664 -198.97534
17096.75000 -198.50041
17099.44531 -178.43803
17102.13867 -207.45583
17104.83203 -202.26247
17107.52734 -201.18755
17110.21484 -159.33180
17112.90234 -207.53676
17115.58789 -215.49200
17118.28516 -213.72380
17120.98242 -180.86220
17123.67969 -202.02438
17126.36914 -199.84923
17129.05859 -200.49765
17131.74805 -171.52988
17134.43750 -200.64600
17137.13672 -203.23782
17139.82031 -197.80334
17142.51172 -180.30571
17145.21289 -200.66930
17147.90430 -203.32840
17150.58789 -201.64769
17153.27930 -182.92201
17155.97461 -199.27039
17158.66797 -201.50624
17161.35156 -207.93613
17164.04688 -177.08003
17166.74219 -204.88243
17169.43750 -202.96561
17172.13281 -206.23920
17174.83008 -169.53349
17177.50781 -207.28394
17180.20508 -206.56084
17182.90234 -201.23244
17185.58203 -174.63837
17188.27930 -198.23775
17190.97852 -202.72162
17193.66016 -203.54381
17196.35938 -176.93112
17199.05078 -201.55562
17201.74219 -203.17499
17204.43164 -208.09334
17207.11523 -172.42096
17209.81641 -202.83347
17212.50195 -202.52228
17215.19336 -199.18985
17217.88867 -169.59631
17220.58203 -213.64807
17223.27734 -213.67630
17225.97266 -209.52510
17228.66797 -185.45534
17231.35156 -205.02893
17234.04883 -213.40146
17236.73633 -213.73254
17239.43359 -174.93297
17242.11133 -205.46880
17244.82031 -202.14891
17247.49805 -206.12564
17250.19727 -175.79909
17252.88672 -213.30569
17255.58789 -207.43829
17258.26758 -199.88435
17260.96875 -165.13844
17263.66016 -214.19415
17266.34180 -202.56332
17269.04297 -201.06606
17271.73633 -189.11554
17274.42969 -213.73926
17277.11328 -213.73425
17279.80664 -205.31021
17282.50195 -172.66098
17285.19727 -206.59908
17287.88281 -213.24229
17290.57812 -205.39189
17293.26367 -179.05540
17295.96094 -207.31960
17298.65625 -206.83455
17301.33594 -204.77254
17304.03320 -167.95770
17306.73047 -204.67081
17309.41992 -199.73671
17312.11914 -197.93170
17314.80078 -173.19244
17317.48828 -216.00537
17320.17969 -204.04295
17322.88086 -197.59656
17325.57227 -163.43483
17328.26367 -196.07004
17330.94727 -202.50652
17333.65039 -206.40765
17336.34375 -172.61275
17339.03516 -200.26730
17341.72070 -198.93263
17344.42578 -199.86534
17347.10938 -184.06912
17349.79688 -203.38876
17352.49219 -204.16690
17355.17773 -203.23116
17357.87500 -147.60690
17360.57031 -201.38908
17363.25977 -201.85471
17365.94727 -199.92749
17368.63672 -184.16304
17371.33594 -199.30203
17374.03516 -200.31425
17376.72266 -201.17143
17379.41406 -180.76817
17382.10547 -203.38901
17384.79688 -201.72600
17387.48828 -198.03413
17390.17969 -168.40068
17392.86328 -208.52953
17395.56445 -204.82999
17398.24805 -202.58919
17400.95312 -179.39551
17403.63672 -197.61812
17406.33008 -202.56667
17409.02539 -205.84225
17411.71094 -181.32758
17414.40625 -213.03969
17417.09375 -205.36346
17419.78906 -202.40068
17422.48828 -172.49734
17425.17578 -202.97824
17427.87305 -202.53226
17430.56250 -200.78752
17433.25000 -164.33215
17435.93945 -206.38344
17438.64062 -201.11229
17441.33008 -200.25803
17444.02148 -172.60880
17446.71289 -204.54774
17449.40430 -209.65593
17452.09570 -201.60214
17454.77930 -169.00745
17457.47266 -203.27208
17460.16406 -205.78564
17462.86914 -200.91449
17465.55273 -175.00288
17468.24609 -216.01804
17470.93359 -216.33832
17473.62891 -210.89684
17476.32422 -174.76674
17479.00977 -203.05109
17481.69727 -203.81267
17484.39453 -200.33778
17487.09180 -175.07080
17489.77930 -201.48460
17492.47852 -202.53001
17495.17773 -202.53696
17497.85547 -178.60138
17500.54492 -204.68999
17503.23633 -207.27951
17505.93555 -203.52303
17508.62891 -177.16833
17511.32031 -204.68419
17514.01172 -202.66850
17516.70312 -205.21060
17519.39648 -180.85027
17522.08008 -200.60092
17524.77344 -206.44698
17527.46875 -202.19040
17530.16211 -187.24249
17532.84766 -207.42593
17535.54297 -211.14058
17538.23828 -211.12151
17540.92578 -177.89258
17543.62109 -200.01524
17546.31836 -200.16391
17548.99609 -203.68567
17551.69531 -177.08980
17554.39258 -212.52000
17557.08203 -208.78300
17559.76953 -202.24974
17562.46875 -173.12413
17565.16016 -204.85925
17567.84961 -208.03233
17570.54297 -211.87985
17573.23242 -181.78789
17575.92578 -205.72011
17578.61719 -204.04182
17581.31055 -203.63252
17584.00195 -177.20416
17586.68750 -202.14456
17589.37891 -202.69244
17592.07422 -212.45880
17594.76953 -173.92499
17597.46484 -201.27277
17600.15039 -201.03618
17602.85547 -201.20349
17605.53320 -168.51447
17608.23047 -201.47464
17610.91602 -204.22467
17613.61523 -202.81020
17616.30273 -174.31538
17619.00195 -204.27698
17621.68164 -201.09680
17624.39062 -200.79102
17627.07031 -172.54060
17629.76953 -211.03581
17632.45117 -209.91605
17635.14258 -214.34576
17637.83398 -176.88507
17640.53516 -202.72847
17643.22852 -205.89198
17645.92188 -200.92390
17648.61523 -167.84256
17651.29883 -203.76300
17653.99219 -203.27734
17656.68750 -197.42023
17659.37305 -174.05942
17662.06836 -199.94804
17664.76367 -201.72379
17667.45898 -203.47592
17670.14648 -163.66005
17672.83398 -197.99870
17675.53125 -200.89136
17678.21875 -215.92213
17680.91602 -180.57486
17683.60547 -204.19778
17686.29492 -210.24588
17688.98438 -205.56723
17691.68359 -122.28699
17694.37500 -219.60973
17697.06641 -201.10001
17699.74805 -197.35008
17702.44922 -170.37787
17705.14062 -206.83212
17707.82422 -210.82077
17710.52734 -205.99614
17713.22070 -169.67445
17715.90430 -197.02937
17718.59766 -200.19832
17721.28516 -216.32936
17723.98828 -183.22757
17726.67383 -206.49059
17729.37109 -202.71338
17732.05664 -200.46153
17734.75391 -170.47969
17737.43945 -215.09192
17740.13867 -211.19745
17742.82617 -208.63840
17745.51562 -179.37311
17748.21289 -205.88116
17750.90234 -205.88681
17753.59180 -206.41747
17756.29297 -173.86380
17758.98242 -204.31216
17761.67383 -201.52563
17764.35547 -205.47359
17767.04688 -173.76591
17769.75000 -219.54890
17772.44336 -204.40388
17775.12500 -198.95245
17777.82812 -154.03841
17780.51172 -210.37268
17783.20703 -204.84901
17785.89258 -199.81207
17788.58789 -170.04004
17791.28320 -202.80118
17793.96875 -205.63885
17796.66406 -212.72646
17799.36133 -176.94839
17802.04883 -202.44807
17804.73828 -203.42796
17807.43555 -224.35922
17810.12305 -177.43944
17812.81250 -221.89824
17815.51172 -213.12030
17818.21094 -202.57515
17820.90039 -195.89481
17823.59180 -206.87881
17826.27344 -204.34933
17828.96484 -202.28763
17831.65625 -171.76410
17834.34961 -208.91679
17837.05078 -206.95503
17839.73438 -198.75592
17842.43750 -166.67172
17845.12109 -199.09923
17847.81641 -205.47989
17850.50977 -204.88223
17853.20508 -172.24268
17855.89062 -204.36897
17858.58789 -206.82875
17861.27344 -211.02815
17863.96094 -176.59625
17866.65820 -200.88484
17869.34570 -209.16794
17872.04297 -207.45969
17874.74219 -171.45515
17877.42969 -196.95300
17880.11914 -202.56177
17882.81055 -201.83934
17885.50000 -170.48082
17888.20117 -201.22612
17890.89062 -203.17285
17893.58203 -202.81358
17896.26562 -183.79547
17898.96680 -202.03592
17901.65820 -201.08771
17904.35156 -202.23694
17907.03516 -173.29991
17909.72852 -215.49167
17912.42383 -208.69363
17915.11914 -204.08664
17917.80469 -170.38664
17920.50000 -201.64351
17923.18555 -224.45595
17925.88086 -208.69775
17928.56836 -166.45280
17931.26562 -206.89531
17933.96289 -200.13092
17936.65039 -201.42154
17939.33789 -190.76801
17942.03711 -209.79668
17944.72656 -203.96535
17947.41602 -198.33876
17950.11523 -175.18034
17952.79688 -200.62161
17955.49609 -204.84569
17958.18750 -204.18765
17960.88086 -176.54796
17963.57227 -210.36841
17966.26562 -205.10315
17968.94727 -199.85768
17971.64062 -171.44984
17974.33398 -205.08368
17977.02930 -202.33510
17979.73242 -198.20108
17982.40625 -178.35559
17985.10156 -202.20200
17987.78906 -205.15883
17990.49414 -211.82925
17993.18164 -167.95840
17995.87695 -195.89426
17998.55664 -198.95535
18001.25391 -205.62057
18003.96094 -183.73456
18006.63867 -206.30321
18009.33789 -201.90718
18012.02930 -201.51819
18014.70898 -166.47699
18017.40820 -216.20164
18020.10938 -204.42976
18022.78906 -204.15497
18025.49023 -142.48462
18028.18164 -206.87881
18030.86523 -211.96558
18033.55859 -204.42229
18036.25195 -162.67380
18038.94336 -198.38358
18041.63867 -206.21974
18044.33203 -209.24420
18047.02734 -180.07486
18049.72266 -203.61877
18052.40625 -204.34566
18055.09375 -207.26183
18057.79883 -167.08424
18060.47656 -202.17232
18063.17383 -200.57027
18065.86133 -214.29688
18068.55859 -169.84056
18071.24805 -203.44078
18073.94531 -208.92677
18076.63477 -208.13437
18079.32422 -173.03685
18082.02344 -200.57820
18084.71484 -202.64435
18087.40430 -202.98952
18090.09570 -206.27342
18092.78906 -208.67432
18095.47070 -204.05330
18098.17188 -201.19746
18100.86523 -178.56213
18103.55859 -207.09102
18106.24219 -206.68619
18108.93555 -210.96399
18111.62891 -173.24001
18114.32422 -206.64146
18117.00977 -210.92384
18119.70508 -201.63823
18122.39062 -168.49391
18125.08789 -201.43890
18127.77539 -206.46199
18130.47070 -206.96886
18133.16016 -175.29712
18135.85742 -202.04906
18138.54492 -198.63382
18141.24414 -197.50536
18143.93359 -175.14502
18146.62305 -203.35045
18149.31250 -219.76935
18152.00391 -219.44092
18154.69336 -170.07669
18157.39453 -208.11284
18160.08594 -203.83022
18162.77734 -200.28445
18165.47070 -166.05540
18168.16406 -200.36006
18170.84766 -201.75737
18173.53906 -196.95250
18176.23438 -170.93912
18178.91797 -198.05659
18181.62305 -198.06381
18184.30859 -202.60556
18187.00391 -171.87517
18189.69922 -204.68625
18192.38672 -211.60950
18195.08203 -208.85463
18197.77148 -179.65424
18200.45703 -217.24559
18203.15625 -215.05055
18205.84375 -209.30406
18208.54297 -172.93463
18211.22266 -201.98843
18213.92188 -203.94669
18216.61133 -202.26747
18219.30078 -180.20296
18221.99414 -203.33694
18224.69336 -207.27744
18227.38477 -208.97029
18230.06641 -181.76268
18232.76953 -203.06688
18235.46289 -209.35562
18238.14648 -201.07661
18240.84961 -170.34398
18243.53320 -217.18759
18246.22852 -203.68651
18248.92188 -202.72238
18251.60742 -165.48874
18254.31250 -200.28580
18256.99805 -201.03581
18259.68555 -204.24490
18262.37109 -175.03935
18265.06836 -205.28297
18267.75586 -217.88132
18270.45312 -207.67760
18273.15234 -161.85854
18275.84180 -202.81940
18278.53125 -202.33051
18281.21875 -205.47249
18283.91992 -197.00768
18286.60938 -207.91818
18289.30078 -211.28447
18291.99023 -200.00401
18294.69141 -177.66379
18297.37500 -216.03836
18300.06641 -204.82742
18302.75977 -204.30109
18305.45312 -179.59494
18308.14648 -205.27286
18310.83008 -208.75131
18313.52344 -198.76273
18316.21875 -168.40781
18318.91406 -202.33810
18321.59961 -209.20528
18324.29492 -211.30981
18326.98047 -174.89668
18329.67773 -206.18083
18332.36523 -207.77921
18335.06055 -207.28329
18337.75977 -173.85966
18340.44727 -203.96375
18343.13672 -203.20386
18345.82422 -202.36682
18348.52344 -179.19864
18351.21289 -205.39020
18353.90430 -210.48929
18356.60352 -196.83023
18359.29492 -131.29640
18361.98633 -197.38757
18364.67773 -212.68523
18367.37109 -200.64023
18370.06250 -173.09935
18372.74609 -199.64217
18375.43750 -199.15747
18378.13281 -202.44768
18380.82617 -171.25182
18383.51953 -201.30177
18386.20703 -204.88461
18388.90039 -209.08136
18391.59766 -179.93321
18394.28125 -207.03766
18396.97852 -207.59201
18399.66602 -204.44133
18402.36133 -171.06369
18405.06055 -202.91536
18407.74805 -205.57567
18410.44727 -212.01726
18413.13477 -175.26285
18415.82422 -205.81146
18418.51367 -200.63373
18421.20312 -201.66862
18423.90430 -170.20927
18426.59375 -203.98299
18429.28516 -212.92325
18431.97656 -203.23778
18434.66797 -174.30391
18437.36133 -204.13432
18440.04297 -204.65457
18442.74609 -201.23811
18445.42969 -159.49335
18448.13281 -212.94580
18450.81641 -204.07550
18453.52148 -204.01071
18456.20703 -174.97049
18458.89062 -198.98271
18461.58789 -198.76910
18464.27344 -198.19727
18466.98047 -167.80638
18469.65625 -210.29794
18472.35352 -205.24423
18475.05078 -204.80135
18477.73828 -172.56062
18480.43750 -199.70068
18483.11719 -210.08865
18485.81641 -201.66617
18488.50586 -182.40324
18491.19531 -207.50179
18493.89453 -206.37570
18496.58594 -205.68274
18499.27734 -188.83795
18501.95898 -200.57629
18504.66016 -204.86679
18507.34180 -204.31198
18510.03516 -180.62648
18512.73828 -201.81998
18515.42188 -204.69376
18518.11719 -210.27232
18520.81055 -184.95578
18523.50391 -218.78085
18526.18945 -212.46513
18528.88477 -211.72101
18531.58008 -178.48935
18534.26562 -201.79253
18536.96289 -201.63408
18539.65039 -203.99428
18542.33789 -185.17801
18545.03516 -202.80731
18547.73242 -211.71423
18550.42188 -204.62074
18553.10938 -171.06714
18555.80859 -200.23914
18558.49805 -211.88631
18561.18945 -207.77542
18563.87891 -173.63458
18566.57031 -204.91942
18569.25977 -201.80508
18571.95117 -205.74318
18574.64453 -168.51433
18577.33594 -208.62262
18580.02930 -204.74715
18582.72266 -220.83098
18585.41406 -181.51195
18588.11914 -214.75011
18590.80273 -224.38013
18593.49805 -205.63948
18596.19336 -164.89522
18598.87891 -218.26192
18601.57422 -210.28992
18604.25977 -207.03590
18606.95508 -182.07782
18609.64258 -229.50496
18612.33008 -205.01259
18615.02734 -212.30991
18617.72656 -168.98724
18620.41406 -203.22523
18623.10156 -203.97264
18625.80273 -203.66484
18628.49219 -174.97057
18631.19141 -215.87857
18633.87109 -205.08263
18636.56055 -199.89940
18639.25391 -167.93442
18641.95508 -204.54320
18644.64648 -212.56018
18647.33789 -213.47174
18650.03125 -177.43967
18652.72266 -203.11288
18655.41602 -199.39824
18658.10156 -202.77376
18660.79492 -179.42691
18663.47852 -205.14616
18666.17383 -200.76987
18668.85938 -204.61932
18671.56445 -183.19225
18674.25000 -206.61456
18676.93555 -204.58470
18679.64453 -197.40378
18682.33008 -179.73346
18685.01758 -200.81284
18687.71680 -211.33414
18690.40430 -203.10916
18693.10156 -144.33711
18695.78125 -200.20422
18698.48047 -201.56680
18701.16992 -207.59140
18703.85938 -170.90712
18706.56055 -204.64745
18709.25195 -208.78120
18711.94336 -207.11868
18714.63477 -180.58241
18717.31641 -206.96992
18720.01758 -206.61632
18722.71094 -204.26532
18725.40430 -168.83875
18728.09766 -199.09564
18730.78125 -201.34712
18733.47656 -201.85435
18736.16992 -177.54950
18738.86523 -198.39636
18741.55078 -200.29668
18744.24609 -223.20584
18746.94336 -175.70552
18749.62891 -202.31081
18752.32617 -202.81914
18755.01367 -201.84515
18757.70117 -177.24512
18760.39844 -205.36272
18763.08789 -215.16507
18765.77734 -204.46104
18768.47461 -168.72723
18771.16406 -210.40054
18773.85547 -205.32265
18776.54492 -207.54126
18779.24609 -184.62434
18781.92578 -228.91852
18784.61719 -205.43291
18787.32031 -203.79126
18790.00195 -171.01654
18792.70312 -206.37349
18795.39648 -206.49535
18798.08008 -204.46486
18800.77344 -190.20161
18803.46875 -207.19144
18806.15039 -208.96230
18808.84570 -205.80016
18811.54102 -176.67451
18814.23633 -212.88661
18816.93359 -212.63402
18819.61914 -203.78720
18822.31641 -175.12422
18825.00195 -204.94028
18827.69922 -211.52570
18830.37695 -206.06126
18833.07617 -171.24380
18835.77344 -203.66443
18838.46289 -209.51956
18841.15234 -208.04225
18843.84180 -176.55820
18846.54102 -202.54266
18849.23242 -199.39372
18851.93359 -198.90631
18854.61328 -176.33359
18857.30469 -207.35028
18859.99805 -209.44652
18862.68945 -203.77338
18865.38281 -173.94064
18868.07422 -201.69684
18870.76758 -207.21356
18873.46094 -210.14635
18876.14453 -172.42828
18878.84961 -202.11458
18881.53516 -209.33371
18884.23047 -211.90767
18886.91602 -172.11826
18889.61133 -212.50392
18892.30664 -217.78709
18894.98438 -213.34515
18897.69141 -166.65266
18900.37891 -197.35489
18903.06641 -204.19841
18905.76367 -227.19424
18908.46289 -174.77237
18911.14062 -205.32193
18913.83984 -200.70033
18916.53125 -202.76146
18919.22070 -177.95886
18921.91016 -216.49728
18924.60156 -219.76932
18927.30273 -214.84523
18929.98242 -190.44502
18932.68555 -199.91083
18935.36719 -200.37300
18938.05859 -199.69189
18940.76367 -165.85237
18943.45508 -203.81772
18946.14062 -213.32724
18948.84375 -209.99461
18951.51758 -176.46187
18954.21289 -201.54350
18956.90820 -205.89302
18959.60352 -199.97380
18962.30078 -171.40062
18964.98438 -208.88763
18967.68164 -203.41928
18970.36914 -204.55780
18973.05469 -183.91408
18975.75391 -198.90169
18978.45312 -200.33595
18981.14062 -199.43407
18983.82812 -177.79451
18986.51758 -201.90698
18989.21680 -201.04282
18991.90625 -201.34418
18994.59766 -189.37831
18997.28711 -209.38081
18999.97852 -212.43723
19002.67969 -207.46875
19005.37305 -170.57242
19008.06445 -215.63129
19010.74609 -199.21681
19013.43945 -197.40364
19016.13281 -175.36919
19018.83594 -197.94583
19021.51953 -203.06143
19024.21484 -203.97551
19026.89844 -124.39317
19029.59375 -197.05577
19032.27930 -200.94540
19034.97461 -201.39548
19037.66016 -188.44557
19040.36719 -206.82954
19043.05469 -201.17786
19045.75000 -202.67004
19048.43945 -170.91090
19051.13672 -210.46962
19053.82422 -204.44347
19056.51367 -201.68231
19059.20117 -174.84273
19061.89062 -204.51462
19064.59180 -228.94547
19067.28125 -208.78394
19069.97266 -171.89883
19072.66211 -198.49797
19075.35352 -205.64626
19078.04492 -229.21744
19080.73828 -172.33496
19083.42969 -214.34775
19086.12109 -202.13292
19088.81445 -205.59709
19091.50781 -167.70146
19094.19141 -208.67944
19096.88672 -207.63029
19099.58008 -202.80887
19102.27539 -177.98689
19104.97070 -210.85341
19107.65430 -222.92151
19110.35156 -215.45398
19113.04883 -160.15712
19115.73438 -219.13776
19118.43164 -207.91151
19121.11719 -209.72469
19123.81641 -182.75589
19126.51562 -211.02191
19129.20312 -205.80431
19131.89062 -203.09085
19134.58008 -164.30159
19137.26953 -209.17955
19139.96875 -203.69131
19142.66016 -206.91791
19145.34961 -175.52814
19148.05078 -199.41176
19150.73242 -200.92937
19153.42383 -198.58363
19156.11523 -174.73117
19158.80859 -203.13200
19161.50195 -203.34271
19164.19531 -200.01268
19166.88867 -182.03911
19169.57227 -203.13277
19172.26562 -215.85110
19174.95898 -210.45549
19177.65430 -169.04428
19180.33984 -207.59583
19183.03516 -211.19901
19185.72070 -204.20724
19188.41797 -187.87184
19191.11523 -204.19753
19193.81250 -204.66666
19196.50000 -198.73012
19199.18750 -192.21362
19201.88477 -198.74118
19204.57422 -203.67422
19207.26172 -200.67902
19209.96289 -171.18280
19212.65234 -196.00534
19215.33008 -198.13251
19218.03125 -216.05626
19220.72070 -164.38145
19223.42188 -216.74641
19226.10352 -205.26968
19228.80664 -200.80029
19231.48633 -176.47604
19234.17969 -201.29503
19236.88281 -202.28259
19239.57617 -202.23430
19242.25977 -171.17331
19244.95312 -201.46786
19247.64844 -203.63695
19250.33008 -203.32356
19253.02539 -176.17044
19255.72070 -203.09775
19258.40625 -199.47023
19261.10352 -202.34584
19263.78906 -171.43623
19266.48633 -206.97878
19269.18359 -204.83916
19271.87109 -199.15352
19274.56836 -171.14294
19277.25586 -212.81152
19279.94531 -211.82112
19282.64453 -204.87950
19285.33398 -175.00807
19288.02344 -200.54327
19290.71094 -206.00789
19293.40234 -199.86697
19296.09180 -180.99120
19298.78320 -207.96312
19301.48633 -221.25967
19304.17578 -209.16638
19306.86914 -176.84125
19309.56055 -202.08229
19312.25391 -203.15077
19314.94531 -206.90416
19317.62891 -182.07034
19320.33398 -205.11952
19323.01758 -200.50374
19325.71289 -198.11414
19328.39648 -170.00302
19331.09180 -209.06071
19333.78711 -210.33195
19336.48438 -203.59100
19339.16992 -176.69974
19341.86719 -198.92752
19344.55273 -207.44499
19347.25000 -207.06024
19349.93750 -177.30704
19352.62500 -203.25397
19355.32422 -205.24446
19358.01172 -216.92392
19360.71289 -149.22279
19363.39062 -206.45647
19366.09180 -207.68048
19368.79102 -202.10214
19371.47266 -171.37151
19374.16211 -201.15866
19376.86328 -200.52930
19379.54492 -199.60419
19382.23633 -175.54987
19384.93945 -201.19122
19387.62109 -204.83025
19390.32422 -204.85013
19393.00781 -171.75995
19395.70117 -201.24797
19398.39648 -199.63214
19401.07812 -200.33871
19403.77344 -170.44794
19406.46875 -200.68906
19409.16406 -208.12682
19411.85156 -204.88922
19414.54688 -175.01303
19417.23242 -199.69901
19419.92969 -202.81981
19422.61719 -204.20457
19425.32422 -174.98181
19428.00195 -204.94858
19430.70117 -206.15440
19433.38867 -204.77205
19436.08984 -174.25253
19438.77734 -200.92303
19441.46680 -201.67851
19444.15625 -199.39636
19446.84766 -179.40306
19449.54883 -204.83002
19452.23828 -201.52396
19454.91992 -200.34479
19457.61133 -169.95157
19460.31445 -200.23059
19462.99609 -206.27933
19465.68750 -212.17737
19468.38086 -177.41266
19471.07422 -212.26521
19473.75781 -206.81712
19476.46289 -208.87160
19479.15820 -177.03427
19481.85352 -211.14485
19484.53711 -200.99092
19487.22266 -198.59854
19489.91797 -175.07407
19492.62500 -199.50584
19495.31055 -201.22209
19497.99805 -198.17451
19500.68555 -179.44633
19503.38281 -206.78716
19506.07031 -209.72592
19508.76953 -206.10001
19511.45703 -171.83461
19514.14648 -207.01302
19516.84570 -208.72749
19519.53516 -200.62956
19522.22461 -174.92041
19524.91602 -207.95312
19527.60547 -217.38452
19530.30859 -206.38232
19533.00000 -178.45505
19535.67969 -198.32979
19538.37305 -205.01006
19541.07617 -208.00693
19543.75781 -171.85045
19546.45117 -208.56291
19549.14453 -214.54799
19551.83789 -211.68553
19554.53320 -177.65891
19557.22852 -205.90695
19559.92188 -205.67844
19562.60742 -214.74620
19565.30273 -190.14716
19567.98828 -204.68361
19570.68555 -207.56104
19573.37109 -212.02139
19576.06836 -174.03377
19578.75391 -204.30983
19581.44336 -222.16711
19584.14062 -214.04729
19586.82812 -171.83850
19589.51758 -217.09253
19592.21680 -203.85625
19594.91797 -204.81650
19597.60547 -177.73761
19600.29492 -199.34605
19602.98633 -204.63124
19605.68750 -211.37024
19608.37891 -177.23820
19611.04883 -215.42610
19613.75195 -203.40939
19616.44336 -203.11652
19619.13672 -173.99129
19621.82812 -205.90741
19624.52148 -205.71646
19627.21484 -204.85384
19629.89844 -170.94475
19632.59375 -210.97116
19635.28711 -203.00954
19637.98242 -202.15645
19640.67773 -178.68727
19643.36133 -212.76260
19646.04688 -208.30304
19648.74414 -210.26817
19651.44141 -170.11934
19654.12695 -217.76576
19656.83594 -203.91150
19659.51172 -200.93655
19662.21094 -177.80766
19664.89844 -207.45364
19667.59766 -204.56294
19670.28711 -197.50058
19672.97461 -173.73334
19675.66602 -200.56483
19678.36523 -206.82617
19681.05664 -214.56021
19683.74609 -168.22322
19686.43750 -203.16254
19689.12891 -203.92365
19691.82031 -209.56738
19694.52344 -134.27158
19697.19336 -207.16156
19699.89648 -206.41953
19702.58984 -202.33212
19705.28320 -182.00755
19707.96680 -206.26212
19710.67188 -203.57069
19713.35547 -201.42355
19716.05078 -178.07550
19718.74609 -199.54613
19721.42969 -201.23067
19724.11523 -215.84109
19726.82227 -180.52943
19729.50781 -200.69910
19732.20508 -201.09267
19734.89258 -208.08580
19737.58008 -164.36420
19740.27734 -208.34488
19742.97656 -209.21896
19745.66406 -217.17473
19748.35156 -178.90126
19751.04102 -211.13791
19753.74219 -212.46603
19756.41992 -207.13315
19759.12109 -185.10783
19761.82227 -204.95493
19764.50195 -225.13286
19767.19336 -211.19258
19769.88477 -177.52808
19772.57617 -203.61426
19775.26953 -204.87871
19777.96094 -205.45607
19780.64258 -155.60381
19783.34766 -210.01045
19786.03125 -201.78143
19788.73438 -203.25198
19791.41797 -175.31340
19794.11328 -205.42891
19796.79688 -209.09955
19799.49219 -207.73112
19802.18945 -163.31364
19804.88477 -225.32805
19807.57031 -214.52231
19810.26758 -212.81467
19812.95312 -174.10956
19815.66211 -214.12683
19818.33789 -207.05594
19821.03711 -213.67668
19823.72461 -173.61238
19826.42383 -209.85390
19829.11328 -206.67162
19831.80078 -200.29465
19834.50195 -175.09271
19837.17969 -214.44205
19839.88086 -209.13225
19842.57227 -206.28870
19845.26172 -170.13379
19847.95312 -202.86157
19850.64648 -208.59064
19853.33789 -207.40880
19856.02930 -173.50876
19858.72266 -207.74344
19861.41406 -205.27783
19864.10938 -203.06226
19866.79102 -173.39793
19869.49609 -204.20282
19872.17969 -207.72655
19874.87500 -212.60168
19877.57031 -189.55640
19880.25391 -203.02763
19882.95117 -204.15736
19885.64648 -205.05367
19888.33203 -164.47893
19891.02930 -205.54390
19893.71484 -206.42744
19896.41406 -199.79321
19899.09961 -183.25151
19901.78906 -205.14604
19904.48828 -212.93839
19907.18555 -221.07730
19909.86328 -168.08415
19912.56250 -203.04620
19915.25195 -205.20328
19917.94336 -205.86877
19920.63281 -177.30188
19923.33398 -206.21596
19926.02539 -210.51093
19928.71484 -216.43700
19931.40820 -176.26871
19934.09961 -203.37109
19936.79297 -215.44850
19939.48438 -212.37442
19942.17773 -174.60982
19944.85938 -202.17397
19947.55469 -200.90845
19950.24805 -207.18312
19952.94141 -169.57074
19955.63672 -208.54520
19958.32227 -222.96957
19961.01758 -216.08858
19963.71289 -168.09926
19966.40820 -207.79404
19969.09375 -204.27670
19971.79297 -202.23326
19974.47656 -167.15312
19977.16406 -209.90012
19979.86133 -206.90834
19982.55078 -203.39143
19985.25000 -177.18974
19987.92578 -203.89346
19990.63672 -206.16692
19993.32422 -202.08902
19996.01367 -171.99712
19998.70508 -202.04807
20001.39453 -206.62885
20004.08398 -203.15987
20006.77539 -175.56209
20009.47656 -202.09673
20012.16992 -210.09323
20014.86133 -210.56914
20017.55273 -169.71407
20020.23438 -210.12990
20022.92773 -205.96158
20025.62109 -199.95720
20028.31445 -152.95955
20031.01953 -206.75786
20033.69141 -219.08318
20036.38672 -206.43396
20039.08203 -181.04141
20041.78906 -202.21960
20044.46094 -211.26733
20047.15820 -208.58426
20049.84375 -176.41104
20052.54102 -198.56180
20055.23828 -203.99437
20057.92383 -206.29794
20060.61133 -170.01515
20063.30859 -202.07300
20065.99805 -202.70149
20068.69531 -206.97227
20071.38477 -172.57773
20074.08398 -202.39665
20076.77344 -202.67561
20079.46289 -206.49092
20082.16406 -178.15889
20084.85352 -201.91722
20087.54492 -212.66801
20090.23633 -204.92206
20092.92773 -176.05348
20095.61914 -201.28731
20098.31055 -204.48718
20101.00391 -207.38980
20103.69531 -171.88899
20106.38867 -204.45679
20109.08203 -203.74506
20111.77539 -202.20038
20114.45898 -189.26051
20117.15234 -203.45345
20119.84766 -203.63634
20122.53320 -208.99971
20125.22852 -168.57487
20127.92578 -209.11058
20130.60938 -209.33371
20133.30469 -212.23956
20136.00391 -181.25304
20138.68945 -203.28091
20141.38867 -204.00143
20144.06445 -200.41113
20146.76172 -177.91960
20149.46094 -205.90396
20152.14844 -211.21889
20154.83789 -209.65706
20157.52734 -171.09563
20160.22656 -214.52393
20162.91602 -207.98656
20165.60742 -204.47943
20168.29688 -167.07289
20170.98828 -209.83446
20173.68945 -212.57414
20176.38086 -203.76985
20179.07227 -185.03700
20181.75391 -201.59331
20184.45703 -208.48282
20187.13867 -205.43938
20189.83203 -168.87698
20192.52539 -201.25990
20195.23047 -200.70964
20197.91406 -199.76727
20200.60742 -176.15315
20203.30273 -213.79713
20205.98828 -217.99461
20208.68359 -211.88339
20211.37891 -177.68639
20214.05469 -202.43591
20216.76172 -206.95767
20219.44727 -200.86418
20222.13281 -183.59439
20224.83203 -198.51752
20227.51758 -203.43770
20230.20703 -208.30318
20232.90625 -173.46585
20235.59375 -207.19461
20238.29297 -207.60782
20240.97070 -208.26782
20243.66992 -182.71457
20246.37109 -207.18051
20249.06055 -212.71468
20251.75195 -202.35326
20254.43164 -171.97952
20257.13281 -202.51994
20259.83594 -202.77196
20262.51758 -214.21791
20265.20898 -185.41669
20267.90234 -203.28122
20270.59375 -205.04536
20273.28711 -205.44186
20275.98047 -171.37344
20278.67578 -204.57588
20281.36914 -207.06435
20284.05273 -210.93599
20286.74805 -172.19612
20289.44336 -210.33788
20292.12695 -204.79634
20294.81250 -204.07466
20297.50781 -166.92867
20300.19336 -209.05600
20302.90234 -202.68523
20305.60156 -199.80785
20308.28711 -180.71150
20310.97461 -206.67015
20313.67383 -204.65034
20316.34961 -207.65768
20319.04688 -167.12335
20321.73633 -210.46246
20324.43750 -205.25142
20327.12695 -201.97145
20329.82617 -173.53235
20332.50391 -208.82451
20335.20703 -207.56261
20337.89844 -203.51738
20340.58789 -185.42871
20343.27930 -198.78416
20345.97266 -201.50168
20348.65234 -201.31192
20351.35547 -174.16574
20354.04883 -214.33911
20356.74219 -202.91522
20359.43555 -199.23207
20362.11719 -131.07487
20364.81250 -205.09554
20367.50586 -221.49290
20370.20117 -200.33456
20372.89648 -175.75615
20375.58203 -200.62933
20378.26562 -206.28336
20380.97266 -226.50710
20383.65820 -174.68893
20386.34375 -198.54761
20389.04102 -200.41634
20391.74023 -206.49910
20394.42578 -175.53120
20397.11328 -213.26511
20399.81250 -210.57379
20402.50000 -205.25972
20405.19922 -166.84846
20407.88867 -211.92090
20410.57812 -218.27263
20413.26562 -202.33095
20415.96875 -176.41434
20418.64844 -198.61234
20421.34961 -203.36031
20424.02734 -206.74394
20426.73047 -172.73221
20429.42188 -209.02589
20432.11328 -204.19406
20434.80664 -206.54712
20437.49805 -199.52954
20440.19141 -202.26534
20442.88477 -212.97351
20445.56836 -208.93488
20448.26172 -163.27603
20450.96680 -203.28127
20453.65039 -203.97868
20456.34570 -205.32617
20459.04102 -169.29291
20461.72461 -203.88249
20464.41016 -203.45215
20467.10742 -207.72000
20469.80273 -173.99156
20472.50000 -204.54329
20475.18750 -200.12062
20477.87305 -197.74184
20480.57031 -174.17598
20483.24609 -205.72395
20485.95703 -212.63667
20488.64453 -206.77881
20491.33594 -176.99940
20494.03516 -208.10574
20496.72266 -205.55180
20499.41406 -199.02888
20502.10156 -183.98476
20504.79297 -205.15018
20507.49609 -206.77798
20510.18555 -202.73846
20512.87500 -170.69264
20515.56836 -198.70688
20518.26172 -198.42325
20520.95312 -197.75223
20523.64453 -173.70108
20526.33789 -204.30817
20529.02148 -218.25064
20531.71484 -204.73738
20534.41016 -170.56444
20537.10156 -206.81534
20539.79688 -209.50298
20542.48047 -211.79904
20545.17578 -171.90112
20547.87305 -209.28511
20550.55664 -205.38327
20553.24219 -201.40048
20555.93945 -180.66997
20558.63672 -198.18634
20561.32422 -202.20595
20564.02148 -210.91556
20566.70898 -175.08504
20569.40625 -203.05461
20572.09375 -204.40430
20574.79492 -210.47087
20577.48242 -180.23547
20580.17188 -204.00220
20582.87109 -211.21220
20585.56250 -211.61641
20588.25195 -175.22015
20590.93945 -216.21442
20593.63086 -218.18747
20596.33203 -214.35880
20599.02539 -182.21283
20601.71680 -210.81067
20604.39648 -207.54880
20607.08984 -215.36893
20609.78320 -175.48421
20612.47656 -203.96622
20615.16797 -216.14893
20617.86133 -206.34467
20620.55664 -164.93182
20623.25000 -206.85225
20625.92188 -203.99156
20628.62891 -210.87975
20631.32617 -175.21654
20634.00781 -208.04407
20636.70312 -205.12746
20639.40234 -201.43082
20642.08789 -173.79739
20644.78516 -207.48230
20647.47070 -208.73033
20650.15625 -204.94821
20652.85547 -172.11002
20655.55469 -201.64291
20658.23047 -204.83562
20660.92969 -209.19127
20663.63086 -178.71437
20666.31836 -214.46622
20669.00586 -204.32051
20671.69727 -203.57494
20674.39648 -168.69966
20677.07422 -209.38864
20679.77734 -214.16466
20682.48047 -201.72826
20685.14844 -181.21606
20687.85156 -205.71655
20690.54492 -202.68015
20693.23438 -199.22078
20695.92773 -152.41397
20698.62109 -199.26003
20701.31250 -202.54387
20703.99609 -205.93016
20706.70117 -168.06355
20709.38477 -205.05057
20712.08008 -207.04126
20714.77344 -209.70700
20717.46875 -188.12532
20720.14062 -217.97345
20722.84961 -210.06544
20725.53516 -208.74544
20728.24219 -178.94437
20730.91797 -205.80861
20733.61523 -200.89682
20736.31250 -198.72850
20739.00000 -174.90240
20741.68750 -201.76234
20744.37305 -210.48283
20747.07227 -205.65378
20749.76172 -164.57449
20752.44922 -197.81898
20755.14844 -200.24240
20757.83984 -202.07228
20760.52734 -173.07791
20763.23047 -207.24028
20765.90820 -211.81422
20768.61133 -205.91716
20771.30078 -176.86292
20773.99219 -205.18456
20776.68359 -204.41858
20779.37695 -205.70587
20782.06836 -191.01366
20784.77344 -206.39868
20787.45312 -223.29242
20790.14844 -220.35995
20792.83008 -182.89380
20795.53516 -201.81207
20798.21875 -199.67311
20800.92578 -204.35805
20803.60938 -177.98181
20806.29102 -202.62431
20809.00000 -218.47971
20811.68359 -201.19521
20814.37109 -177.04546
20817.06641 -207.41901
20819.76367 -214.99049
20822.44922 -209.75735
20825.14844 -179.69289
20827.83398 -219.44238
20830.52344 -210.04832
20833.22070 -204.16783
20835.90820 -173.63757
20838.60938 -209.22643
20841.29688 -210.79007
20843.99609 -204.86284
20846.67578 -192.18677
20849.37500 -210.42241
20852.06641 -207.64905
20854.75586 -205.08360
20857.44531 -170.68283
20860.13867 -210.23305
20862.84180 -206.21217
20865.51953 -202.25922
20868.22461 -174.18285
20870.90625 -202.92088
20873.61133 -207.54951
20876.29102 -203.92044
20878.98438 -165.69946
20881.67969 -205.97672
20884.35938 -229.89886
20887.06836 -207.14615
20889.75000 -175.15422
20892.43359 -208.66818
20895.14062 -209.17877
20897.82422 -216.28314
20900.52344 -176.88533
20903.21875 -206.24574
20905.90234 -208.77444
20908.58984 -202.14853
20911.28711 -177.76714
20913.98438 -203.21748
20916.67188 -216.98769
20919.37109 -212.85817
20922.04688 -170.35579
20924.74609 -206.84982
20927.44531 -203.61848
20930.13477 -204.71317
20932.81250 -191.24915
20935.51172 -206.12056
20938.21289 -202.86005
20940.89062 -202.62265
20943.59375 -173.85933
20946.29688 -203.53979
20948.97461 -207.84401
20951.66406 -209.37823
20954.35742 -175.45654
20957.05078 -203.63443
20959.74219 -206.05403
20962.43359 -213.57109
20965.11719 -175.12813
20967.82227 -203.79088
20970.51562 -202.95071
20973.19922 -203.52274
20975.89062 -170.91795
20978.57422 -209.39076
20981.28125 -204.57918
20983.96484 -203.19250
20986.66211 -183.62369
20989.34570 -201.60782
20992.04297 -203.63087
20994.73828 -204.20032
20997.42383 -179.13832
21000.12109 -204.97313
21002.81055 -217.51199
21005.50781 -207.16144
21008.19336 -166.06612
21010.89453 -208.07805
21013.58203 -202.69150
21016.26953 -200.33174
21018.96875 -184.55615
21021.65820 -209.34099
21024.34570 -208.09137
21027.03516 -204.58101
21029.73633 -130.27275
21032.42578 -196.17677
21035.11719 -200.40213
21037.81055 -206.79956
21040.50000 -175.04262
21043.19141 -205.24275
21045.88281 -204.10709
21048.57617 -201.38031
21051.25781 -165.43675
21053.96094 -210.20004
21056.65625 -202.96223
21059.34766 -200.10526
21062.04102 -176.82545
21064.73633 -206.47607
21067.41992 -228.08398
21070.11523 -202.18976
21072.81055 -154.45468
21075.50586 -197.86731
21078.18750 -204.28052
21080.87500 -212.88290
21083.57227 -172.01529
21086.26758 -201.32622
21088.96484 -203.60997
21091.65039 -203.39040
21094.33789 -173.36835
21097.03516 -208.11720
21099.72461 -204.75583
21102.42188 -203.90089
21105.10938 -180.02596
21107.79688 -219.12212
21110.48633 -217.03168
21113.18750 -217.20500
21115.87695 -163.88744
21118.56641 -207.50272
21121.26758 -217.85229
21123.95703 -215.46144
21126.64844 -170.84500
21129.32812 -204.87544
21132.04297 -204.70706
21134.72266 -201.91193
21137.41406 -171.06291
21140.10742 -201.47574
21142.80078 -202.39604
21145.49219 -202.46608
21148.18555 -181.50861
21150.87891 -214.56381
21153.56250 -216.87358
21156.26758 -208.07497
21158.93750 -171.31483
21161.63281 -202.73462
21164.32812 -211.86182
21167.02734 -214.61723
21169.70898 -171.55693
21172.40625 -216.21626
21175.10156 -204.44753
21177.78906 -201.12762
21180.48633 -173.00623
21183.17188 -212.89352
21185.86914 -206.84663
21188.55664 -204.97270
21191.25391 -177.76747
21193.94336 -205.01733
21196.63086 -214.96379
21199.33203 -209.24657
21202.01953 -172.62277
21204.70898 -200.42010
21207.39844 -200.06615
21210.09766 -197.99577
21212.78906 -183.21954
21215.47852 -204.89574
21218.16797 -210.50485
21220.85938 -209.76366
21223.55273 -181.35864
21226.24219 -201.11293
21228.93555 -205.71741
21231.63867 -209.36035
21234.32031 -181.97659
21237.01367 -222.39821
21239.71875 -214.49844
21242.40039 -209.05988
21245.08203 -168.16191
21247.78906 -207.40039
21250.48438 -209.51511
21253.16602 -205.10294
21255.86133 -186.30785
21258.54492 -199.43813
21261.24219 -203.91666
21263.92578 -208.93404
21266.62305 -184.11311
21269.32031 -200.28780
21272.00781 -204.38846
21274.70508 -214.13254
21277.39062 -175.80090
21280.08789 -209.75356
21282.77539 -215.08513
21285.47656 -208.26979
21288.15234 -166.47830
21290.86133 -207.09515
21293.55273 -204.47839
21296.24023 -220.73402
21298.92773 -179.91058
21301.63086 -206.67378
21304.30859 -209.09116
21307.00977 -202.76793
21309.70312 -169.16611
21312.39258 -205.28224
21315.08203 -208.67863
21317.76367 -224.92064
21320.46680 -173.21944
21323.16016 -211.64679
21325.85156 -202.91417
21328.54492 -198.59093
21331.22656 -166.09799
21333.92969 -207.73080
21336.62305 -204.06238
21339.30664 -201.27837
21342.01367 -186.67914
21344.69727 -213.61919
21347.39258 -216.91454
21350.07617 -201.32399
21352.77148 -172.00703
21355.45703 -200.87381
21358.15234 -208.29004
21360.84961 -213.28372
21363.54688 -154.48947
21366.22070 -204.02090
21368.91797 -202.03175
21371.60547 -203.01068
21374.30469 -165.47192
21376.99219 -207.98474
21379.69141 -204.14368
21382.38086 -202.89410
21385.07812 -186.97469
21387.76953 -208.05682
21390.45703 -216.08218
21393.14648 -203.01479
21395.84766 -176.00581
21398.52539 -200.47769
21401.22852 -209.67508
21403.91797 -201.35257
21406.62109 -173.93224
21409.30078 -202.17711
21412.00391 -200.82440
21414.68555 -203.71027
21417.37891 -178.39288
21420.06836 -201.13397
21422.75195 -200.22624
21425.45703 -205.98047
21428.13672 -181.79071
21430.83203 -205.74982
21433.52539 -204.55220
21436.22070 -201.80421
21438.91602 -174.79271
21441.59961 -204.68056
21444.28516 -209.95003
21446.99219 -209.53006
21449.67578 -181.94336
21452.37305 -207.45590
21455.05859 -202.99602
21457.75586 -201.34889
21460.45312 -176.95773
21463.15234 -206.07693
21465.83789 -204.43941
21468.53711 -205.28348
21471.22266 -177.39314
21473.89844 -207.84695
21476.59961 -215.24751
21479.28711 -204.70790
21481.98828 -174.51273
21484.67773 -208.12511
21487.37891 -206.78792
21490.05664 -207.91414
21492.74609 -178.70959
21495.44922 -206.17015
21498.14062 -205.57278
21500.83008 -201.88339
21503.52344 -170.54890
21506.21289 -202.18016
21508.90625 -203.28444
21511.59766 -203.90099
21514.28906 -181.43526
21516.98438 -219.86525
21519.67773 -211.01054
21522.35938 -199.61990
21525.06641 -182.00737
21527.74609 -206.00842
21530.44141 -208.40048
21533.12500 -200.45291
21535.82031 -173.21199
21538.51562 -204.07379
21541.21289 -205.71584
21543.89648 -204.48430
21546.59375 -169.12267
21549.29297 -199.09583
21551.97656 -202.86284
21554.67578 -206.82516
21557.36133 -177.18193
21560.05859 -206.17422
21562.74609 -213.48584
21565.43359 -203.65701
21568.13281 -176.66660
21570.82031 -204.82625
21573.50781 -209.48109
21576.19922 -204.41928
21578.91016 -183.01823
21581.58594 -207.41531
21584.28906 -206.69055
21586.96875 -209.87975
21589.66992 -169.60744
21592.34766 -201.26823
21595.05078 -213.53691
21597.73047 -206.37907
21600.43359 -188.70470
21603.12500 -203.72624
21605.81836 -202.16919
21608.51172 -203.36594
21611.20312 -174.49223
21613.89648 -204.30818
21616.58008 -204.14391
21619.27344 -211.71074
21621.96875 -177.14195
21624.65039 -208.40123
21627.34570 -216.84410
21630.04102 -210.06915
21632.75000 -173.28297
21635.43164 -201.95769
21638.11719 -204.76619
21640.81250 -209.11514
21643.51172 -171.11459
21646.19531 -214.15402
21648.89453 -205.89676
21651.58008 -203.36208
21654.26562 -172.79787
21656.96484 -206.87570
21659.66406 -206.65323
21662.35156 -205.92992
21665.03906 -184.01508
21667.72656 -207.50548
21670.42773 -208.73680
21673.11523 -202.35762
21675.80469 -172.52716
21678.49609 -203.65268
21681.19531 -209.67278
21683.88672 -203.00525
21686.57812 -181.08919
21689.26758 -199.90396
21691.95703 -202.08470
21694.65039 -205.44000
21697.33203 -150.56374
21700.04688 -205.98349
21702.72656 -203.37187
21705.41992 -209.67130
21708.11328 -180.55087
21710.80469 -209.06145
21713.50000 -205.96735
21716.18164 -199.10249
21718.87695 -173.80603
21721.57227 -198.08163
21724.26758 -217.28265
21726.96289 -203.11813
21729.63281 -176.17212
21732.33203 -199.32495
21735.02734 -203.65469
21737.72461 -214.01276
21740.41016 -143.11029
21743.10547 -203.46793
21745.80273 -204.25290
21748.49219 -219.96553
21751.18945 -174.38394
21753.86523 -211.75533
21756.56250 -210.44180
21759.25000 -206.58781
21761.95117 -171.33185
21764.63867 -203.22166
21767.32617 -216.27766
21770.02930 -212.23680
21772.71680 -184.51151
21775.40820 -204.45584
21778.10742 -203.29031
21780.79883 -209.65103
21783.47656 -164.17606
21786.17969 -204.90390
21788.87109 -209.39124
21791.56250 -203.58330
21794.26758 -177.88332
21796.93555 -205.91570
21799.62891 -206.65363
21802.33203 -202.39227
21805.02734 -175.79697
21807.70703 -214.43983
21810.40039 -206.22449
21813.09570 -207.24786
21815.80078 -176.55598
21818.48438 -209.20068
21821.16797 -205.85533
21823.86328 -203.00351
21826.57227 -171.64240
21829.24219 -208.27948
21831.94141 -201.96797
21834.63672 -202.66179
21837.32227 -175.49545
21840.00781 -206.07500
21842.71680 -216.22743
21845.39062 -204.74957
21848.08984 -174.73935
21850.78906 -208.48706
21853.48828 -210.00150
21856.16406 -202.89046
21858.86523 -199.73302
21861.55273 -205.17851
21864.25391 -206.75531
21866.94141 -201.66829
21869.63086 -175.58270
21872.32031 -208.93216
21875.00977 -216.87581
21877.71289 -208.09099
21880.39062 -177.61737
21883.09375 -201.19388
21885.77148 -203.49962
21888.47656 -211.27249
21891.16797 -169.29681
21893.85938 -204.31244
21896.55273 -205.45462
21899.24609 -206.24001
21901.92578 -190.20869
21904.63086 -214.91278
21907.31445 -212.82677
21910.01953 -202.13562
21912.70312 -173.64862
21915.39844 -201.10858
21918.08203 -209.60442
21920.77734 -206.31499
21923.47266 -187.85780
21926.15430 -210.66202
21928.86523 -207.45712
21931.54688 -208.39024
21934.23438 -179.71465
21936.94336 -206.17046
21939.61719 -206.45906
21942.31445 -214.97227
21945.01172 -174.69394
21947.69922 -208.01678
21950.38867 -209.59705
21953.08594 -212.56013
21955.77344 -175.46159
21958.46094 -206.66389
21961.15039 -212.76596
21963.85156 -216.54759
21966.54102 -174.99307
21969.24023 -206.26993
21971.91797 -204.70831
21974.62109 -205.62721
21977.30078 -176.06563
21980.00195 -207.70126
21982.69336 -208.67462
21985.39844 -203.48569
21988.07617 -186.04436
21990.75781 -204.01230
21993.46094 -201.66887
21996.15430 -197.78674
21998.84766 -181.84331
22001.54102 -213.76895
22004.23438 -208.37593
22006.91602 -205.25638
22009.62109 -178.49078
22012.30469 -200.76527
22015.00000 -203.28082
22017.69531 -205.80162
22020.37891 -170.58849
22023.08594 -206.50352
22025.77148 -204.75499
22028.45508 -203.53128
22031.15234 -163.88446
22033.83789 -210.44206
22036.52344 -209.55856
22039.22070 -201.71706
22041.90625 -186.56999
22044.60547 -209.74907
22047.30469 -207.55244
22049.99023 -199.56895
Graph #1 from AudioThread1
2.69198 -198.66640
5.38396 -201.19197
8.07594 -200.55490
10.76791 -168.99664
13.45989 -202.93547
16.15187 -201.24332
18.84385 -201.92508
21.53583 -180.18961
24.22781 -207.04007
26.91979 -201.30989
29.61176 -199.93842
32.30375 -169.23932
34.99573 -204.35135
37.68771 -204.56221
40.37968 -201.01070
43.07167 -179.69586
45.76364 -203.32405
48.45562 -209.93246
51.14760 -213.43404
53.83958 -169.57001
56.53155 -201.79642
59.22354 -200.35280
61.91550 -202.51292
64.60748 -178.29663
67.29947 -211.87584
69.99145 -207.98981
72.68342 -205.79979
75.37541 -178.45854
78.06738 -204.30911
80.75936 -203.27946
83.45135 -200.61346
86.14331 -170.36288
88.83529 -213.15741
91.52726 -207.21448
94.21925 -206.29436
96.91125 -173.83226
99.60323 -205.84779
102.29519 -201.54535
104.98715 -203.32742
107.67915 -183.97221
110.37112 -206.17964
113.06311 -210.73982
115.75508 -213.56149
118.44704 -170.49855
121.13905 -208.25632
123.83102 -208.91782
126.52299 -217.81242
129.21498 -190.03625
131.90695 -202.18536
134.59895 -203.92006
137.29092 -214.03149
139.98288 -186.28424
142.67488 -207.35760
145.36685 -208.83107
148.05884 -209.70341
150.75082 -182.31429
153.44283 -212.59229
156.13478 -206.50040
158.82674 -206.46402
161.51871 -163.92038
164.21068 -205.06621
166.90265 -208.44014
169.59467 -209.76033
172.28662 -182.04623
174.97864 -210.19600
177.67059 -204.26785
180.36258 -207.37601
183.05452 -180.64536
185.74654 -203.14587
188.43854 -212.41237
191.13049 -203.32219
193.82245 -177.55023
196.51450 -205.31467
199.20641 -214.43408
201.89836 -204.03444
204.59042 -172.88101
207.28238 -199.83617
209.97437 -205.02995
212.66631 -208.78665
215.35828 -179.95166
218.05025 -208.45181
220.74232 -206.76166
223.43420 -207.09178
226.12619 -177.15442
228.81815 -203.63261
231.51018 -203.12418
234.20219 -198.51234
236.89415 -180.14545
239.58609 -202.51096
242.27808 -212.48567
244.97008 -208.86404
247.66197 -170.07184
250.35399 -207.34633
253.04602 -204.19177
255.73793 -207.10519
258.42996 -180.58992
261.12186 -205.47125
263.81393 -202.82925
266.50589 -202.04254
269.19791 -178.78751
271.88986 -212.51968
274.58182 -203.75549
277.27374 -197.71083
279.96582 -173.37003
282.65775 -202.19853
285.34970 -205.72725
288.04175 -207.21971
290.73367 -173.57462
293.42569 -209.14816
296.11768 -203.43964
298.80960 -205.91580
301.50159 -181.62553
304.19360 -200.86145
306.88565 -200.26170
309.57758 -201.32690
312.26950 -172.19557
314.96152 -213.53464
317.65353 -210.41481
320.34543 -206.04297
323.03745 -184.00740
325.72943 -209.50986
328.42145 -225.60965
331.11334 -209.77779
333.80530 -0.34508
336.49738 -203.37375
339.18933 -203.82715
341.88138 -213.49271
344.57330 -178.03386
347.26520 -209.49136
349.95728 -204.11107
352.64926 -205.80115
355.34119 -169.48996
358.03311 -218.24426
360.72513 -209.59752
363.41718 -202.00246
366.10907 -178.31465
368.80112 -214.12218
371.49304 -211.61378
374.18506 -215.00504
376.87698 -175.68381
379.56897 -197.33981
382.26089 -200.73146
384.95297 -215.55647
387.64499 -178.96155
390.33694 -208.40683
393.02887 -206.98546
395.72086 -212.57796
398.41293 -171.65215
401.10477 -210.01372
403.79681 -212.78317
406.48877 -204.48956
409.18088 -177.30261
411.87280 -206.16005
414.56479 -216.58099
417.25662 -208.46588
419.94867 -145.54846
422.64066 -204.10541
425.33264 -205.87730
428.02472 -218.00168
430.71658 -186.68352
433.40857 -214.39737
436.10052 -210.93764
438.79248 -204.34842
441.48456 -173.29352
444.17648 -205.16974
446.86844 -206.28560
449.56036 -206.71880
452.25244 -188.59372
454.94443 -200.21750
457.63635 -207.91296
460.32840 -213.48459
463.02029 -172.06714
465.71231 -206.54825
468.40430 -208.66699
471.09634 -204.70937
473.78821 -176.78922
476.48022 -210.54166
479.17224 -206.27722
481.86414 -199.08536
484.55624 -181.50214
487.24811 -208.98305
489.94006 -207.98489
492.63211 -205.64563
495.32404 -189.60326
498.01611 -203.00127
500.70804 -204.42072
503.39996 -205.42471
506.09195 -175.30009
508.78406 -209.89392
511.47589 -205.12579
514.16803 -209.06367
516.85980 -176.50482
519.55188 -208.86084
522.24377 -210.18230
524.93579 -204.60495
527.62781 -177.49533
530.31989 -201.81012
533.01172 -202.41437
535.70380 -203.32425
538.39569 -173.73317
541.08765 -209.88451
543.77960 -209.63863
546.47162 -211.64465
549.16370 -170.80615
551.85553 -212.65657
554.54749 -202.86305
557.23962 -198.25189
559.93170 -184.86911
562.62354 -213.43695
565.31555 -210.21738
568.00751 -223.96402
570.69934 -172.05502
573.39160 -199.94548
576.08344 -201.41650
578.77551 -204.32796
581.46741 -194.81583
584.15930 -204.06790
586.85126 -206.30060
589.54321 -209.59460
592.23523 -173.26996
594.92743 -203.38660
597.61926 -212.21935
600.31134 -207.22186
603.00323 -176.55583
605.69507 -204.15367
608.38708 -205.52353
611.07916 -212.50783
613.77124 -180.11298
616.46307 -205.36966
619.15515 -213.16617
621.84705 -206.89786
624.53906 -180.69241
627.23096 -204.07845
629.92303 -205.51917
632.61493 -201.54309
635.30695 -170.80463
637.99884 -214.75052
640.69092 -208.29709
643.38306 -218.72020
646.07477 -177.03716
648.76697 -210.04236
651.45898 -212.88170
654.15076 -218.25946
656.84277 -181.27310
659.53479 -209.48280
662.22681 -209.87134
664.91882 -206.03526
667.61072 -73.47282
670.30273 -199.47272
672.99475 -207.52026
675.68652 -210.03256
678.37878 -176.01743
681.07068 -203.49460
683.76257 -220.61826
686.45441 -221.32948
689.14667 -181.35310
691.83838 -207.38300
694.53033 -208.38228
697.22241 -201.06905
699.91443 -181.21083
702.60614 -217.70674
705.29840 -208.94322
707.99023 -205.71187
710.68225 -181.44252
713.37433 -214.78560
716.06616 -210.87527
718.75824 -217.62376
721.45032 -188.46194
724.14209 -210.23480
726.83423 -212.59239
729.52625 -213.88783
732.21826 -185.95348
734.90997 -205.48393
737.60205 -206.38683
740.29425 -209.61044
742.98615 -184.64478
745.67798 -205.89352
748.37024 -211.97853
751.06195 -200.49632
753.75403 -164.40286
756.44598 -203.69493
759.13782 -209.29549
761.82996 -208.26677
764.52161 -178.35367
767.21399 -204.47836
769.90588 -208.67067
772.59760 -220.88692
775.28986 -177.62720
777.98187 -203.11369
780.67358 -199.60458
783.36578 -200.58017
786.05780 -178.92033
788.74951 -209.61311
791.44159 -207.48285
794.13367 -202.68506
796.82568 -189.04749
799.51770 -208.99680
802.20947 -218.17130
804.90167 -208.87625
807.59369 -178.66478
810.28552 -199.32620
812.97742 -202.34041
815.66931 -206.54042
818.36182 -179.53714
821.05322 -204.49783
823.74542 -204.07039
826.43762 -199.35718
829.12915 -166.82768
831.82135 -200.11588
834.51331 -201.70830
837.20526 -202.12585
839.89740 -176.04433
842.58917 -203.48828
845.28137 -211.18730
847.97339 -212.44527
850.66516 -174.92734
853.35718 -200.00662
856.04950 -199.02718
858.74091 -203.83478
861.43304 -175.38596
864.12524 -206.22762
866.81702 -208.45793
869.50891 -206.77556
872.20123 -174.92784
874.89294 -215.28409
877.58484 -206.47246
880.27704 -204.52428
882.96924 -178.27557
885.66095 -204.90529
888.35278 -210.90692
891.04498 -207.20201
893.73669 -178.05832
896.42877 -205.22006
899.12079 -209.27950
901.81299 -209.55336
904.50470 -175.87778
907.19659 -208.03752
909.88867 -207.70338
912.58051 -205.56467
915.27277 -147.45894
917.96472 -216.45476
920.65668 -203.94801
923.34869 -202.98688
926.04065 -178.21416
928.73285 -203.99530
931.42450 -207.65334
934.11646 -208.32387
936.80847 -177.84544
939.50049 -206.37880
942.19275 -211.26021
944.88416 -202.97598
947.57660 -178.99637
950.26849 -212.65254
952.96051 -208.04660
955.65234 -209.74834
958.34424 -178.06184
961.03625 -211.44481
963.72833 -208.34482
966.42053 -203.41289
969.11200 -179.52925
971.80432 -208.18138
974.49640 -208.37102
977.18835 -207.95778
979.88025 -178.78040
982.57196 -206.28546
985.26434 -204.34392
987.95593 -208.63937
990.64813 -186.15977
993.34033 -205.63165
996.03210 -202.57544
998.72406 -204.94664
1001.41589 -32.92925
1004.10815 -209.09831
1006.80005 -208.58308
1009.49207 -208.20818
1012.18396 -175.49490
1014.87585 -203.56290
1017.56799 -210.35197
1020.25964 -221.17419
1022.95197 -188.59096
1025.64404 -205.38301
1028.33594 -201.87727
1031.02771 -201.40680
1033.71973 -175.74855
1036.41174 -207.87985
1039.10364 -211.90121
1041.79590 -204.90320
1044.48767 -175.46991
1047.17993 -204.98439
1049.87146 -203.95377
1052.56384 -202.65767
1055.25562 -178.13483
1057.94751 -197.65662
1060.63989 -200.96214
1063.33142 -206.72813
1066.02344 -184.30107
1068.71545 -204.08212
1071.40759 -202.75784
1074.09961 -202.05469
1076.79126 -179.78343
1079.48340 -203.17264
1082.17542 -202.67079
1084.86731 -200.14113
1087.55933 -146.03369
1090.25122 -201.48283
1092.94299 -204.40912
1095.63525 -207.94220
1098.32751 -178.18501
1101.01880 -201.52278
1103.71155 -200.63834
1106.40295 -200.83487
1109.09546 -174.70819
1111.78723 -204.08221
1114.47864 -201.05708
1117.17126 -202.25722
1119.86316 -178.77147
1122.55542 -211.49025
1125.24744 -208.28351
1127.93909 -201.10135
1130.63086 -179.36699
1133.32288 -199.79359
1136.01550 -203.03214
1138.70654 -205.84409
1141.39844 -182.17583
1144.09070 -203.68340
1146.78296 -205.91019
1149.47461 -205.04398
1152.16663 -187.99092
1154.85852 -218.41728
1157.55115 -209.89716
1160.24231 -204.58009
1162.93457 -197.06163
1165.62708 -211.61153
1168.31873 -208.10509
1171.01086 -202.02251
1173.70264 -165.18065
1176.39453 -204.31934
1179.08655 -208.35730
1181.77881 -208.39450
1184.47034 -178.67413
1187.16211 -205.65849
1189.85461 -204.23206
1192.54688 -202.30629
1195.23828 -170.80997
1197.93030 -203.21440
1200.62244 -204.55237
1203.31470 -208.09196
1206.00659 -173.73430
1208.69824 -221.23856
1211.39026 -211.59479
1214.08264 -201.87158
1216.77393 -184.65428
1219.46594 -200.72372
1222.15808 -203.82350
1224.85022 -212.29802
1227.54248 -180.93674
1230.23425 -208.11838
1232.92627 -206.82457
1235.61865 -207.77837
1238.31042 -182.65793
1241.00232 -201.85544
1243.69397 -200.60081
1246.38599 -201.50490
1249.07825 -177.36095
1251.77051 -219.46825
1254.46204 -212.12160
1257.15381 -219.17465
1259.84558 -176.16695
1262.53821 -203.89870
1265.22961 -202.95528
1267.92188 -203.92992
1270.61426 -176.67009
1273.30591 -203.62660
1275.99780 -202.90538
1278.68994 -207.97076
1281.38196 -185.62093
1284.07336 -208.67757
1286.76538 -231.06998
1289.45752 -205.51997
1292.14966 -179.81097
1294.84155 -205.02805
1297.53320 -210.26167
1300.22571 -210.35117
1302.91699 -189.06845
1305.60962 -204.73079
1308.30127 -204.11472
1310.99304 -207.31148
1313.68542 -175.17915
1316.37744 -206.61951
1319.06921 -204.27931
1321.76147 -207.88190
1324.45374 -176.83302
1327.14551 -202.39478
1329.83704 -202.26079
1332.52905 -203.65031
1335.22156 -76.99316
1337.91370 -203.92664
1340.60498 -204.98865
1343.29761 -208.46468
1345.98889 -186.74358
1348.68176 -201.56444
1351.37280 -201.89841
1354.06506 -203.53600
1356.75684 -187.00018
1359.44946 -213.85112
1362.14160 -211.73810
1364.83325 -205.74194
1367.52454 -180.35443
1370.21680 -203.98032
1372.90869 -211.35799
1375.60156 -212.93121
1378.29248 -179.37981
1380.98511 -203.97435
1383.67725 -206.05171
1386.36890 -205.51324
1389.06079 -175.59399
1391.75293 -205.72801
1394.44507 -202.96390
1397.13647 -200.61456
1399.82849 -180.98338
1402.52051 -212.57736
1405.21313 -215.65009
1407.90417 -212.30872
1410.59692 -177.23375
1413.28882 -205.49622
1415.98096 -208.04114
1418.67285 -202.58484
1421.36462 -163.83208
1424.05688 -204.92990
1426.74829 -212.54071
1429.44067 -214.43483
1432.13245 -175.73979
1434.82422 -202.33060
1437.51611 -204.78558
1440.20825 -202.42058
1442.90015 -187.89986
1445.59229 -204.59892
1448.28430 -207.03566
1450.97607 -212.92076
1453.66772 -173.02042
1456.35999 -211.96893
1459.05212 -215.46770
1461.74426 -204.72630
1464.43665 -180.04655
1467.12830 -202.10197
1469.82080 -200.11328
1472.51196 -201.91542
1475.20386 -181.88712
1477.89624 -201.00533
1480.58789 -204.78822
1483.28027 -209.16879
1485.97241 -182.41884
1488.66394 -207.16174
1491.35596 -200.28247
1494.04785 -198.47415
1496.74060 -172.88370
1499.43188 -203.07758
1502.12402 -208.59631
1504.81592 -206.67743
1507.50781 -175.02173
1510.19995 -205.71198
1512.89172 -203.36064
1515.58374 -200.99297
1518.27576 -178.93507
1520.96741 -204.94019
1523.66016 -206.31013
1526.35181 -214.05786
1529.04346 -184.04169
1531.73572 -206.57048
1534.42810 -213.07164
1537.12012 -208.12968
1539.81189 -177.53453
1542.50354 -206.84448
1545.19531 -206.84940
1547.88708 -209.91806
1550.57983 -188.15602
1553.27124 -213.80074
1555.96387 -219.03789
1558.65601 -216.89273
1561.34741 -173.93054
1564.03906 -212.73363
1566.73120 -207.96994
1569.42371 -211.47160
1572.11536 -181.22795
1574.80701 -209.31392
1577.49927 -206.20116
1580.19177 -207.12978
1582.88281 -149.35335
1585.57593 -217.78017
1588.26758 -206.63188
1590.95959 -205.16681
1593.65063 -180.40799
1596.34326 -206.35881
1599.03503 -212.38777
1601.72705 -206.45633
1604.41992 -178.34937
1607.11121 -200.91640
1609.80322 -208.56882
1612.49463 -208.52383
1615.18665 -173.63626
1617.87903 -205.95219
1620.57068 -211.33400
1623.26294 -208.14867
1625.95508 -177.11128
1628.64673 -211.38512
1631.33887 -210.98500
1634.03125 -205.53191
1636.72290 -184.39195
1639.41528 -213.50774
1642.10669 -212.01988
1644.79883 -211.48053
1647.49097 -176.42931
1650.18250 -203.78793
1652.87451 -207.08820
1655.56702 -205.45654
1658.25903 -179.81808
1660.95117 -214.91331
1663.64282 -207.37456
1666.33435 -207.95432
1669.02686 -43.27197
1671.71924 -201.70110
1674.41064 -210.31639
1677.10254 -207.11433
1679.79443 -180.26659
1682.48669 -212.99025
1685.17847 -216.13872
1687.87097 -208.18163
1690.56287 -192.48267
1693.25378 -202.60645
1695.94604 -205.21515
1698.63843 -208.29506
1701.33044 -177.70854
1704.02295 -204.45880
1706.71448 -220.48288
1709.40613 -215.00893
1712.09827 -179.78722
1714.79028 -203.39403
1717.48242 -200.81926
1720.17407 -208.32658
1722.86670 -183.01726
1725.55859 -206.66330
1728.25012 -205.37451
1730.94214 -205.60938
1733.63416 -182.56941
1736.32642 -207.57997
1739.01794 -209.90486
1741.71033 -202.98160
1744.40210 -182.25302
1747.09363 -203.43465
1749.78564 -205.63707
1752.47791 -208.02592
1755.16980 -159.95683
1757.86157 -213.52533
1760.55371 -207.12476
1763.24561 -202.69777
1765.93762 -179.61343
1768.62939 -206.29321
1771.32202 -207.04224
1774.01343 -202.36469
1776.70667 -172.58282
1779.39746 -210.42482
1782.08972 -206.80205
1784.78162 -210.01439
1787.47375 -176.63017
1790.16589 -202.85103
1792.85718 -203.16400
1795.54980 -209.53938
1798.24121 -174.85857
1800.93445 -211.79501
1803.62500 -211.86432
1806.31726 -211.29478
1809.00977 -193.41930
1811.70239 -220.95709
1814.39331 -209.31746
1817.08521 -207.37181
1819.77759 -186.88098
1822.46948 -202.89125
1825.16125 -205.54228
1827.85254 -206.05029
1830.54578 -182.11206
1833.23706 -208.48775
1835.92957 -213.83716
1838.62061 -221.06256
1841.31348 -164.67944
1844.00488 -215.23883
1846.69751 -209.38994
1849.38855 -202.94647
1852.08105 -186.42281
1854.77319 -206.55475
1857.46533 -206.15749
1860.15735 -206.26669
1862.84912 -180.04338
1865.54175 -200.86111
1868.23303 -205.16724
1870.92578 -209.94315
1873.61707 -174.36330
1876.30872 -203.61986
1879.00012 -207.02222
1881.69324 -209.25969
1884.38464 -186.92177
1887.07666 -210.13428
1889.76855 -210.07698
1892.46069 -203.43361
1895.15234 -187.36328
1897.84473 -200.77122
1900.53723 -208.45490
1903.22827 -204.06984
1905.92029 -182.08266
1908.61218 -205.01204
1911.30432 -206.13773
1913.99646 -220.94676
1916.68884 -177.48494
1919.38123 -206.31523
1922.07263 -203.07036
1924.76465 -205.39468
1927.45679 -171.16740
1930.14795 -209.18599
1932.84033 -216.40370
1935.53296 -218.12105
1938.22412 -176.23824
1940.91663 -206.48305
1943.60889 -205.21494
1946.30005 -211.96800
1948.99182 -176.97878
1951.68408 -212.07394
1954.37634 -208.05019
1957.06848 -206.85928
1959.76062 -182.32820
1962.45215 -204.77153
1965.14404 -201.31648
1967.83594 -198.44839
1970.52881 -185.27798
1973.22009 -203.24092
1975.91211 -207.30287
1978.60352 -208.36473
1981.29639 -180.66661
1983.98865 -210.79221
1986.68018 -212.75528
1989.37109 -204.04655
1992.06372 -172.17438
1994.75537 -201.48499
1997.44824 -203.31093
2000.13940 -203.38516
2002.83142 -85.42834
2005.52368 -210.78998
2008.21643 -208.63976
2010.90820 -209.93497
2013.60034 -177.94666
2016.29163 -206.77039
2018.98315 -211.76735
2021.67615 -209.79753
2024.36707 -180.09114
2027.05945 -205.98459
2029.75208 -212.91156
2032.44373 -209.11205
2035.13562 -170.99364
2037.82776 -200.36647
2040.52002 -202.68274
2043.21143 -201.24567
2045.90405 -176.01125
2048.59570 -203.26007
2051.28760 -207.57631
2053.97974 -211.70325
2056.67090 -184.75610
2059.36426 -216.76027
2062.05566 -211.26482
2064.74707 -212.66780
2067.43970 -182.29781
2070.13135 -204.72179
2072.82422 -206.25720
2075.51611 -210.25938
2078.20703 -173.31264
2080.89893 -205.65913
2083.59082 -214.20108
2086.28394 -211.59224
2088.97510 -164.23360
2091.66724 -207.52762
2094.35938 -206.38142
2097.05151 -202.37338
2099.74365 -179.68788
2102.43457 -207.24472
2105.12671 -210.78949
2107.81885 -209.70935
2110.51099 -181.45921
2113.20410 -206.95760
2115.89380 -205.41498
2118.58691 -202.37527
2121.27881 -178.42535
2123.97192 -213.44579
2126.66357 -220.53796
2129.35522 -214.81491
2132.04663 -188.60654
2134.73926 -231.49034
2137.43164 -220.43915
2140.12280 -206.49475
2142.81494 -183.39667
2145.50708 -206.70943
2148.19873 -204.90891
2150.89062 -209.41106
2153.58325 -182.46074
2156.27466 -209.08939
2158.96704 -208.94595
2161.65796 -205.73878
2164.35107 -161.14413
2167.04272 -203.05415
2169.73413 -201.59399
2172.42676 -208.57413
2175.11890 -176.18192
2177.81079 -210.91780
2180.50269 -214.55161
2183.19385 -215.49921
2185.88647 -194.74167
2188.57715 -206.45183
2191.27002 -201.47620
2193.96289 -201.23448
2196.65405 -179.08400
2199.34619 -203.99326
2202.03784 -202.22832
2204.73047 -204.57520
2207.42261 -178.25728
2210.11450 -209.24095
2212.80615 -208.49657
2215.49854 -204.18079
2218.19043 -177.03535
2220.88086 -203.21704
2223.57446 -212.90628
2226.26538 -209.24278
2228.95703 -179.97551
2231.65063 -206.91238
2234.34277 -211.49231
2237.03418 -208.70181
2239.72534 -190.03354
2242.41724 -201.74799
2245.10986 -201.91786
2247.80225 -201.68073
2250.49390 -154.72714
2253.18628 -216.54741
2255.87842 -208.88022
2258.56982 -206.02228
2261.26196 -177.53586
2263.95361 -203.02510
2266.64600 -206.32909
2269.33667 -211.54169
2272.02930 -183.58080
2274.72241 -201.28403
2277.41406 -203.37140
2280.10596 -204.29852
2282.79761 -174.63786
2285.48975 -201.25366
2288.18140 -207.73138
2290.87378 -205.20862
2293.56543 -180.44667
2296.25781 -205.71480
2298.94946 -205.00861
2301.64185 -205.68076
2304.33350 -183.63861
2307.02588 -202.11984
2309.71729 -206.48906
2312.40967 -217.81906
2315.10107 -172.62556
2317.79321 -205.94255
2320.48486 -204.61127
2323.17676 -206.02303
2325.86938 -176.56508
2328.56006 -202.14146
2331.25391 -199.42497
2333.94556 -201.12494
2336.63647 -65.23325
2339.32910 -214.00966
2342.02124 -209.17023
2344.71387 -205.60854
2347.40430 -181.02731
2350.09790 -207.08371
2352.78955 -204.63408
2355.48145 -201.13824
2358.17261 -187.82901
2360.86572 -212.84612
2363.55664 -217.23390
2366.24902 -205.79993
2368.94092 -187.61720
2371.63306 -212.08492
2374.32471 -207.68001
2377.01636 -202.39462
2379.70874 -174.11342
2382.40015 -206.23940
2385.09326 -209.95575
2387.78418 -215.59135
2390.47705 -186.07191
2393.16870 -205.29634
2395.85962 -202.43138
2398.55200 -209.70688
2401.24512 -180.07007
2403.93579 -202.85909
2406.62939 -205.07620
2409.32104 -213.97244
2412.01270 -185.45599
2414.70361 -222.27068
2417.39600 -218.69603
2420.08887 -216.44341
2422.78101 -143.54329
2425.47168 -225.97324
2428.16553 -240.34860
2430.85571 -219.25266
2433.54761 -185.31755
2436.23975 -214.59190
2438.93213 -205.37877
2441.62500 -204.84692
2444.31665 -174.99933
2447.00854 -216.20908
2449.70068 -208.60353
2452.39307 -203.28841
2455.08447 -181.32516
2457.77612 -209.07782
2460.46826 -209.23895
2463.16016 -215.89600
2465.85254 -171.67728
2468.54541 -202.95047
2471.23682 -205.68581
2473.92847 -205.27057
2476.62061 -178.70256
2479.31250 -203.90408
2482.00488 -204.72154
2484.69629 -208.95438
2487.38892 -174.22513
2490.07910 -211.86156
2492.77197 -212.72572
2495.46411 -211.11255
2498.15601 -181.52798
2500.84692 -213.29541
2503.54053 -212.78934
2506.23169 -205.69469
2508.92432 -179.10353
2511.61572 -207.36195
2514.30713 -211.22424
2517.00024 -206.34259
2519.69067 -177.90845
2522.38403 -215.84261
2525.07593 -207.09744
2527.76807 -212.89053
2530.45874 -183.10016
2533.15234 -202.61693
2535.84473 -203.28259
2538.53564 -203.81621
2541.22827 -182.75847
2543.91943 -207.27982
2546.61182 -207.84561
2549.30322 -206.40596
2551.99438 -184.06549
2554.68726 -199.73430
2557.38013 -202.03394
2560.07129 -206.02502
2562.76270 -182.53287
2565.45557 -209.19716
2568.14697 -208.17262
2570.83838 -207.33713
2573.53125 -184.52802
2576.22412 -202.88290
2578.91553 -198.79816
2581.60840 -198.88290
2584.29956 -175.02399
2586.99097 -210.23442
2589.68359 -205.77864
2592.37500 -212.32018
2595.06592 -167.04243
2597.76001 -209.68297
2600.45117 -206.67134
2603.14331 -201.90567
2605.83447 -181.57170
2608.52808 -205.86317
2611.22021 -204.90276
2613.91235 -205.79398
2616.60278 -174.72366
2619.29468 -212.16827
2621.98633 -206.82086
2624.67969 -203.15605
2627.37085 -181.31697
2630.06372 -203.99631
2632.75366 -216.08449
2635.44629 -211.58601
2638.13867 -171.63264
2640.82959 -210.79776
2643.52319 -206.19548
2646.21533 -206.76588
2648.90674 -170.98546
2651.59863 -203.94983
2654.28979 -205.19466
2656.98267 -209.57617
2659.67529 -172.36404
2662.36597 -212.26541
2665.05835 -206.39981
2667.75146 -202.73909
2670.44336 -94.21459
2673.13477 -205.48837
2675.82764 -206.65584
2678.51855 -210.87027
2681.21094 -171.90312
2683.90283 -206.63850
2686.59473 -218.01753
2689.28613 -207.60368
2691.97754 -190.20639
2694.67017 -204.17326
2697.36353 -208.46501
2700.05273 -214.01862
2702.74609 -179.19751
2705.43896 -205.88461
2708.13135 -212.12019
2710.82227 -206.86037
2713.51416 -179.78387
2716.20581 -204.49210
2718.89868 -203.14087
2721.58960 -209.52216
2724.28320 -174.56676
2726.97510 -214.01114
2729.66528 -226.15913
2732.35791 -210.50177
2735.05029 -182.61832
2737.74219 -208.53542
2740.43408 -204.67825
2743.12646 -209.18211
2745.81763 -179.17503
2748.50952 -206.01181
2751.20264 -211.57841
2753.89526 -205.02046
2756.58472 -168.27016
2759.27832 -204.25890
2761.97144 -210.58617
2764.66260 -201.73802
2767.35327 -167.89024
2770.04663 -209.77547
2772.73804 -211.12990
2775.43066 -211.63397
2778.12256 -185.01694
2780.81274 -205.17883
2783.50562 -203.73285
2786.19629 -204.07814
2788.89111 -177.80186
2791.58081 -206.09746
2794.27344 -215.87344
2796.96655 -215.31732
2799.65674 -184.23570
2802.34912 -202.45319
2805.04126 -205.02888
2807.73413 -205.60786
2810.42505 -175.66348
2813.11743 -211.31995
2815.80859 -201.90297
2818.50122 -204.41599
2821.19336 -183.01602
2823.88647 -217.49991
2826.57739 -205.10780
2829.26953 -199.88884
2831.96069 -161.44579
2834.65332 -204.34166
2837.34521 -209.77739
2840.03809 -214.68987
2842.72900 -193.88647
2845.42041 -208.59210
2848.11328 -207.44614
2850.80542 -205.14076
2853.49707 -181.52834
2856.18945 -204.21461
2858.87988 -202.93716
2861.57275 -201.96832
2864.26514 -182.14955
2866.95679 -205.77592
2869.64941 -205.49187
2872.34131 -231.28561
2875.03271 -195.58308
2877.72510 -198.78468
2880.41699 -201.10558
2883.10938 -205.75903
2885.79980 -175.93976
2888.49268 -203.43352
2891.18457 -209.80772
2893.87646 -210.36473
2896.56885 -177.88060
2899.26050 -217.57898
2901.95190 -210.62280
2904.64551 -205.46353
2907.33667 -180.05551
2910.02905 -218.49428
2912.72021 -211.88441
2915.41284 -207.24229
2918.10449 -144.96202
2920.79565 -209.71452
2923.48877 -213.11095
2926.18018 -202.72786
2928.87354 -178.79657
2931.56299 -210.81555
2934.25537 -224.85522
2936.94824 -213.22371
2939.64062 -177.18349
2942.33179 -198.49393
2945.02417 -201.01474
2947.71582 -210.01276
2950.40796 -180.17670
2953.10107 -205.50166
2955.79199 -213.36124
2958.48364 -215.75142
2961.17627 -182.39726
2963.86768 -205.63234
2966.56006 -201.31648
2969.25171 -200.87614
2971.94580 -194.27846
2974.63599 -204.45058
2977.32812 -215.20753
2980.02148 -208.51843
2982.71045 -188.96249
2985.40381 -216.78326
2988.09448 -203.77922
2990.78906 -209.08949
2993.48145 -185.19406
2996.17139 -235.57648
2998.86499 -203.81142
3001.55640 -200.63992
3004.24829 -57.30149
3006.93945 -213.01610
3009.63330 -206.56190
3012.32422 -212.29713
3015.01587 -177.00296
3017.70850 -202.01703
3020.39819 -210.69949
3023.09229 -215.29999
3025.78369 -185.78932
3028.47437 -203.19933
3031.16724 -205.72580
3033.85938 -210.99960
3036.55029 -181.71359
3039.24341 -211.12822
3041.93457 -213.81511
3044.62598 -207.05426
3047.31958 -173.31847
3050.01099 -215.08022
3052.70288 -200.91377
3055.39551 -197.15916
3058.08716 -179.16451
3060.77930 -203.01865
3063.47070 -202.68077
3066.16309 -206.22108
3068.85742 -192.93532
3071.54907 -205.88890
3074.23975 -211.56247
3076.93115 -206.68027
3079.62305 -181.66614
3082.31567 -201.12946
3085.00732 -204.01279
3087.69800 -206.21251
3090.39087 -144.89360
3093.08301 -204.42065
3095.77393 -203.88208
3098.46704 -200.22871
3101.16089 -181.71217
3103.85010 -202.40878
3106.54199 -206.42072
3109.23584 -208.90736
3111.92725 -171.44151
3114.61914 -200.29141
3117.31177 -207.65048
3120.00293 -206.19572
3122.69507 -183.74529
3125.38770 -206.65266
3128.07739 -199.32112
3130.76929 -200.53355
3133.46216 -181.03265
3136.15527 -202.57565
3138.84570 -206.86707
3141.53833 -216.41309
3144.22998 -172.25443
3146.92407 -201.77121
3149.61523 -201.44206
3152.30835 -201.71858
3154.99878 -170.50812
3157.69141 -204.02954
3160.38306 -206.46608
3163.07520 -212.21284
3165.76611 -173.41676
3168.45752 -208.70883
3171.14966 -212.23395
3173.84229 -200.78056
3176.53345 -160.93544
3179.22705 -206.77692
3181.91943 -216.17059
3184.60913 -206.67737
3187.30249 -175.77547
3189.99487 -202.01427
3192.68774 -205.68567
3195.37744 -204.03297
3198.06934 -165.55693
3200.76196 -210.46410
3203.45337 -207.25644
3206.14526 -212.58788
3208.83936 -179.29228
3211.53052 -213.48093
3214.22168 -209.25708
3216.91406 -206.40205
3219.60669 -191.94228
3222.29761 -203.14996
3224.98975 -206.65581
3227.68164 -213.58705
3230.37256 -179.70616
3233.06763 -209.73259
3235.75781 -211.63895
3238.44995 -203.71021
3241.14111 -172.50908
3243.83423 -201.93684
3246.52612 -209.14519
3249.21851 -203.72473
3251.90942 -167.41412
3254.60083 -206.70111
3257.29272 -206.60103
3259.98682 -217.25142
3262.67798 -176.20335
3265.36914 -202.85086
3268.06299 -202.41660
3270.75342 -204.17186
3273.44604 -180.48128
3276.13916 -213.74208
3278.82910 -210.41621
3281.52124 -207.09976
3284.21362 -182.77696
3286.90479 -207.82166
3289.59814 -208.39713
3292.29004 -210.67735
3294.98242 -179.42374
3297.67334 -211.14447
3300.36475 -204.65468
3303.06006 -203.58862
3305.75000 -174.91487
3308.44043 -214.66544
3311.13525 -207.66991
3313.82666 -199.15112
3316.51636 -170.12051
3319.20874 -204.21352
3321.90137 -209.16972
3324.59375 -202.65520
3327.28516 -174.73445
3329.97681 -198.70700
3332.66895 -199.20337
3335.36133 -201.36478
3338.05420 -85.14906
3340.74512 -207.53435
3343.43872 -208.97734
3346.12891 -209.73964
3348.82104 -174.98898
3351.51343 -200.20628
3354.20435 -200.12540
3356.89746 -202.13379
3359.58936 -185.57790
3362.28149 -199.56172
3364.97192 -201.93707
3367.66455 -207.66673
3370.35547 -179.46709
3373.04883 -203.58487
3375.74219 -201.11386
3378.43237 -205.07260
3381.12451 -185.13574
3383.81689 -206.00963
3386.50781 -203.10678
3389.20117 -201.19972
3391.89233 -178.43799
3394.58447 -206.61070
3397.27637 -210.54637
3399.96851 -209.42831
3402.66113 -180.73938
3405.35205 -207.11354
3408.04541 -203.31538
3410.73682 -207.09633
3413.42822 -169.53606
3416.12036 -204.52388
3418.81250 -204.52190
3421.50513 -212.57854
3424.19580 -177.16217
3426.88696 -203.05605
3429.58008 -206.93387
3432.27344 -203.53397
3434.96338 -182.03255
3437.65747 -209.38948
3440.34766 -205.01259
3443.04199 -201.73950
3445.73096 -188.41936
3448.42383 -210.24216
3451.11670 -210.43979
3453.80811 -215.97035
3456.49951 -178.53076
3459.19165 -217.56331
3461.88354 -204.78957
3464.57544 -202.36104
3467.26807 -182.40280
3469.96045 -215.46715
3472.65332 -208.24052
3475.34424 -202.89156
3478.03711 -180.50740
3480.72656 -214.39983
3483.42188 -206.09721
3486.11353 -202.00266
3488.80151 -186.36349
3491.49561 -202.13029
3494.18799 -204.43636
3496.88013 -208.30292
3499.57056 -186.75607
3502.26318 -205.35316
3504.95605 -213.34111
3507.64697 -211.77522
3510.33984 -176.48177
3513.03125 -204.58563
3515.72266 -202.23297
3518.41431 -201.63945
3521.10791 -173.41202
3523.79980 -221.03955
3526.49170 -208.36041
3529.18359 -203.25227
3531.87549 -180.71588
3534.56787 -203.30884
3537.26050 -199.22624
3539.95264 -202.53894
3542.64551 -174.45027
3545.33643 -206.54805
3548.02710 -204.32806
3550.71997 -209.96138
3553.41284 -177.09401
3556.10376 -212.79120
3558.79517 -226.27684
3561.48657 -205.74768
3564.17969 -175.77383
3566.87109 -206.04123
3569.56274 -207.70876
3572.25391 -210.05325
3574.94580 -179.58949
3577.63940 -212.94759
3580.33105 -211.24495
3583.02295 -207.49086
3585.71509 -148.67546
3588.40698 -205.36899
3591.10083 -209.81790
3593.79102 -203.85193
3596.48291 -182.44571
3599.17700 -202.74908
3601.86719 -203.62164
3604.55933 -206.06563
3607.25146 -176.60136
3609.94385 -200.48619
3612.63403 -201.07607
3615.32617 -206.28726
3618.02051 -174.09393
3620.71094 -213.36053
3623.40112 -221.48390
3626.09375 -204.43539
3628.78613 -180.82404
3631.47827 -202.30008
3634.17090 -205.20322
3636.86133 -205.28874
3639.55542 -181.03346
3642.24805 -206.89345
3644.93799 -214.02669
3647.63062 -209.27928
3650.32080 -172.05008
3653.01514 -214.80141
3655.70532 -207.29984
3658.39746 -204.01007
3661.09180 -192.24452
3663.78198 -218.03616
3666.47437 -206.55331
3669.16846 -200.75095
3671.85840 -58.93044
3674.55054 -221.77547
3677.24072 -209.33067
3679.93433 -210.61874
3682.62646 -180.46255
3685.31836 -214.13580
3688.01001 -222.96930
3690.70166 -213.51888
3693.39331 -188.32451
3696.08691 -204.17424
3698.77661 -206.86215
3701.46997 -211.46568
3704.16138 -176.25868
3706.85278 -208.49792
3709.54590 -217.14627
3712.23901 -201.79781
3714.93213 -170.52306
3717.62329 -205.41203
3720.31396 -205.34073
3723.00684 -200.41853
3725.69775 -173.02005
3728.38818 -211.72061
3731.08276 -210.77257
3733.77319 -214.04390
3736.46753 -177.06082
3739.15771 -199.97000
3741.85181 -200.38573
3744.54370 -201.54109
3747.23535 -187.21001
3749.92529 -203.50314
3752.61914 -206.77821
3755.31030 -208.88977
3758.00171 -161.66812
3760.69287 -206.97826
3763.38599 -209.44844
3766.07690 -208.29829
3768.76978 -196.33772
3771.46240 -206.00664
3774.15503 -205.41356
3776.84546 -211.08620
3779.53760 -174.68646
3782.22949 -203.67290
3784.91943 -206.82892
3787.61328 -208.31390
3790.30493 -177.26556
3792.99658 -211.82611
3795.68750 -204.98642
3798.38086 -205.10258
3801.07397 -181.48761
3803.76660 -206.31470
3806.45728 -207.97787
3809.14941 -217.89789
3811.84180 -179.89034
3814.53394 -204.53902
3817.22363 -202.32401
3819.91724 -204.41209
3822.60889 -174.45282
3825.30225 -203.87781
3827.99341 -203.82782
3830.68408 -211.66406
3833.37671 -174.37149
3836.06934 -205.95874
3838.76196 -219.36905
3841.45386 -207.95636
3844.14575 -162.98114
3846.83740 -214.02396
3849.52881 -206.78975
3852.21973 -206.71645
3854.91089 -184.34601
3857.60376 -215.71815
3860.29639 -210.81039
3862.98853 -202.33589
3865.68091 -173.02164
3868.37256 -207.79378
3871.06641 -209.71684
3873.75757 -219.42728
3876.44678 -180.80330
3879.13965 -207.16220
3881.83228 -208.65753
3884.52490 -207.03850
3887.21704 -181.53378
3889.91089 -206.66235
3892.59814 -204.42612
3895.29175 -209.40431
3897.98535 -181.65816
3900.67822 -205.69670
3903.36865 -210.34842
3906.05859 -205.11392
3908.75098 -167.50244
3911.44263 -209.94115
3914.13623 -210.37071
3916.82959 -204.35240
3919.52051 -166.36824
3922.21338 -209.22726
3924.90356 -204.59370
3927.59570 -207.67572
3930.28955 -169.08774
3932.97900 -222.66743
3935.67236 -209.91434
3938.36548 -202.89502
3941.05591 -179.10643
3943.74854 -203.73012
3946.44043 -211.73784
3949.13208 -216.31320
3951.82349 -185.00420
3954.51440 -215.39958
3957.20728 -211.34494
3959.89990 -206.58990
3962.59229 -174.72502
3965.28418 -208.69292
3967.97559 -209.13235
3970.66675 -218.21635
3973.35962 -175.53424
3976.05225 -205.13246
3978.74243 -211.26878
3981.43652 -206.35094
3984.12817 -178.48067
3986.81909 -224.22202
3989.51221 -205.19209
3992.20483 -203.85542
3994.89722 -173.99422
3997.58667 -204.78030
4000.28052 -205.09650
4002.97144 -205.98036
4005.66431 -85.53408
4008.35693 -210.97942
4011.04883 -206.39140
4013.74072 -202.61053
4016.43213 -187.02936
4019.12305 -204.03928
4021.81592 -204.49399
4024.50806 -213.37146
4027.19995 -184.59216
4029.89136 -206.21532
4032.58252 -206.65329
4035.27563 -202.56073
4037.96777 -173.33299
4040.65967 -215.85547
4043.35156 -213.72337
4046.04272 -219.25447
4048.73560 -179.58603
4051.42822 -206.31046
4054.11816 -204.63992
4056.80957 -204.06625
4059.50562 -168.52127
4062.19629 -205.46904
4064.88672 -212.88840
4067.57861 -212.74561
4070.27295 -183.81056
4072.96167 -208.07045
4075.65454 -204.30579
4078.34717 -201.22337
4081.03955 -175.63152
4083.73315 -215.27568
4086.42212 -208.27057
4089.11719 -211.07614
4091.80762 -173.01448
4094.49951 -203.89745
4097.19092 -214.70305
4099.88379 -205.85597
4102.57471 -170.36548
4105.26709 -203.77028
4107.95850 -216.51543
4110.64990 -209.14966
4113.34326 -184.67819
4116.03564 -212.95348
4118.72754 -217.00636
4121.41943 -214.99870
4124.11035 -182.47984
4126.80322 -216.44522
4129.49561 -209.05864
4132.18750 -201.39943
4134.87891 -180.37881
4137.56934 -206.54887
4140.26221 -208.85616
4142.95605 -208.12004
4145.64551 -182.19655
4148.33887 -205.17169
4151.03125 -218.78067
4153.72363 -210.73479
4156.41553 -180.37044
4159.10840 -220.36954
4161.79932 -211.08441
4164.49170 -206.48106
4167.18311 -166.17435
4169.87207 -201.37132
4172.56738 -209.82320
4175.25781 -211.34793
4177.95166 -179.27200
4180.64307 -203.52499
4183.33594 -207.78506
4186.02832 -208.84717
4188.71777 -187.70795
4191.40918 -204.38531
4194.10449 -208.97472
4196.79248 -207.08794
4199.48438 -178.98029
4202.17822 -211.93092
4204.87109 -203.88191
4207.56348 -201.68669
4210.25488 -175.68854
4212.94385 -201.12170
4215.63916 -201.52663
4218.32959 -208.04694
4221.02148 -186.11372
4223.71240 -208.26668
4226.40527 -228.17244
4229.09766 -214.67639
4231.78955 -172.96434
4234.48291 -208.49149
4237.17334 -210.46060
4239.86523 -204.16211
4242.55713 -175.86433
4245.25000 -203.25841
4247.94287 -209.02545
4250.63281 -210.55022
4253.32617 -154.33017
4256.01709 -202.58987
4258.70947 -215.38223
4261.40137 -209.22543
4264.09229 -175.17744
4266.78516 -218.48343
4269.47754 -214.27571
4272.16895 -207.12321
4274.86279 -178.01897
4277.55273 -213.28419
4280.24463 -205.46396
4282.93848 -210.68639
4285.62939 -172.89229
4288.32129 -206.83777
4291.01318 -210.82899
4293.70654 -212.37201
4296.39697 -190.84097
4299.09131 -203.15749
4301.78027 -206.05553
4304.47314 -211.47951
4307.16602 -178.19514
4309.85742 -218.62421
4312.54834 -225.47714
4315.24121 -219.26042
4317.93311 -175.43263
4320.62451 -212.42253
4323.31738 -209.62799
4326.00732 -199.40802
4328.69922 -178.60408
4331.39453 -203.05081
4334.08740 -211.34950
4336.77686 -209.34456
4339.46777 -69.25087
4342.16064 -211.62167
4344.85254 -211.80760
4347.54639 -208.13513
4350.23730 -192.09250
4352.92676 -207.96654
4355.62354 -208.54094
4358.31152 -211.41960
4361.00439 -184.30275
4363.69629 -209.03996
4366.38965 -206.10362
4369.08008 -207.22606
4371.77197 -178.30588
4374.46582 -201.42113
4377.15625 -203.80060
4379.84814 -214.65411
4382.53955 -176.45258
4385.23291 -211.37750
4387.92529 -205.87704
4390.61621 -202.21321
4393.30957 -178.56119
4396.00000 -206.89394
4398.69385 -211.50668
4401.38477 -207.21550
4404.07715 -182.29031
4406.76904 -212.88248
4409.45996 -210.42664
4412.15283 -214.26146
4414.84473 -184.01628
4417.53564 -210.21396
4420.22852 -206.44293
4422.92041 -205.89499
4425.61133 -145.58499
4428.30420 -207.52621
4430.99609 -223.41324
4433.68750 -220.93970
4436.38037 -175.95009
4439.07227 -200.06493
4441.76318 -200.61162
4444.45605 -205.45703
4447.14844 -170.78928
4449.83936 -205.35742
4452.53223 -210.43117
4455.22461 -210.14301
4457.91553 -188.96870
4460.60840 -206.60457
4463.30029 -202.20461
4465.99170 -198.70604
4468.68457 -178.24530
4471.37646 -206.53355
4474.06787 -218.26401
4476.76074 -209.84715
4479.45264 -175.05510
4482.14355 -212.37958
4484.83594 -207.67123
4487.52832 -202.96684
4490.22168 -188.36922
4492.91162 -204.14122
4495.60596 -206.77499
4498.29688 -206.49796
4500.98926 -181.16164
4503.67871 -210.04958
4506.37158 -221.19022
4509.06445 -210.72012
4511.75586 -171.43800
4514.44873 -207.19640
4517.14111 -227.56587
4519.83008 -205.50423
4522.52344 -179.19000
4525.21777 -206.79716
4527.90918 -209.29597
4530.59961 -207.16028
4533.29150 -168.91621
4535.98242 -213.18941
4538.67480 -218.97798
4541.36914 -209.07570
4544.06006 -174.29404
4546.75000 -219.28120
4549.44434 -206.53885
4552.13770 -202.82098
4554.82715 -172.27855
4557.51855 -205.15926
4560.21143 -210.29779
4562.90088 -219.84183
4565.59473 -177.07855
4568.28711 -205.37970
4570.97900 -207.43784
4573.67236 -205.44206
4576.36230 -182.10699
4579.05371 -202.70779
4581.74707 -205.19119
4584.43896 -212.75682
4587.12988 -165.64665
4589.82324 -212.96796
4592.51465 -206.58575
4595.20557 -203.70421
4597.89844 -178.77245
4600.59229 -202.52934
4603.28516 -203.64087
4605.97510 -203.09276
4608.66602 -180.14734
4611.36133 -204.38617
4614.05322 -212.01111
4616.74414 -214.76788
4619.43408 -174.03741
4622.12549 -204.61717
4624.81836 -201.50096
4627.51025 -201.31950
4630.20166 -172.50838
4632.89453 -214.35034
4635.58594 -220.71954
4638.27930 -205.24640
4640.97119 -176.62279
4643.66016 -203.18515
4646.35547 -208.03148
4649.04980 -210.27696
4651.74072 -185.87334
4654.43066 -207.65359
4657.12207 -210.92204
4659.81250 -219.59418
4662.50684 -171.36963
4665.19775 -206.36264
4667.89014 -207.96602
4670.58398 -208.67818
4673.27441 -90.47601
4675.96680 -211.39131
4678.65771 -215.59245
4681.35010 -216.29713
4684.04395 -185.00262
4686.73486 -203.40808
4689.42676 -203.19600
4692.12012 -205.32210
4694.81055 -204.71829
4697.50195 -223.13666
4700.19482 -215.20670
4702.88672 -213.92006
4705.57812 -178.75893
4708.27051 -212.16728
4710.96191 -206.44635
4713.65527 -203.20407
4716.34473 -180.92786
4719.03809 -204.52492
4721.73047 -206.49779
4724.42188 -213.62221
4727.11475 -176.89299
4729.80664 -211.77522
4732.49756 -218.93993
4735.18994 -206.29286
4737.88135 -183.87251
4740.57373 -202.20329
4743.26562 -205.67297
4745.95898 -207.04134
4748.65137 -168.42412
4751.34229 -215.89757
4754.03467 -204.63556
4756.72656 -204.47278
4759.41699 -179.71614
4762.10889 -201.83803
4764.80225 -204.88950
4767.49463 -212.03197
4770.18604 -174.23233
4772.87891 -213.79558
4775.57031 -209.25949
4778.26123 -209.00874
4780.95312 -180.37866
4783.64697 -216.55476
4786.33936 -212.46828
4789.03076 -210.65950
4791.72070 -175.94144
4794.41309 -212.90425
4797.10596 -209.39203
4799.79834 -205.93413
4802.48926 -179.87077
4805.17969 -201.79269
4807.87061 -206.79576
4810.56348 -209.16391
4813.25830 -179.12137
4815.94873 -204.41156
4818.64111 -207.52783
4821.33203 -210.18996
4824.02441 -177.53253
4826.71631 -201.67706
4829.40918 -200.80232
4832.10059 -202.73582
4834.79395 -171.36476
4837.48633 -212.24883
4840.17725 -214.87738
4842.86963 -219.96333
4845.55811 -174.59584
4848.25391 -202.03702
4850.94531 -199.80391
4853.63818 -200.56017
4856.33008 -183.36871
4859.02100 -202.41096
4861.71094 -205.53653
4864.40430 -212.28040
4867.09668 -186.10271
4869.78857 -209.84369
4872.48145 -202.87199
4875.17041 -198.96623
4877.86621 -172.91528
4880.55566 -203.66417
4883.24902 -207.81003
4885.93848 -208.92871
4888.63232 -175.54738
4891.32471 -209.09486
4894.01611 -216.50366
4896.70898 -218.86113
4899.40332 -172.53786
4902.09375 -205.20212
4904.78564 -207.31868
4907.47607 -210.24873
4910.16846 -172.73824
4912.85938 -211.42435
4915.55469 -208.24832
4918.24561 -213.03726
4920.93799 -147.03613
4923.62939 -204.63239
4926.31982 -206.11795
4929.01416 -212.89203
4931.70459 -183.37411
4934.39648 -212.41501
4937.08691 -206.42552
4939.78223 -202.86122
4942.47266 -179.19568
4945.16211 -209.05946
4947.85596 -218.74937
4950.54590 -208.77354
4953.24023 -177.26813
4955.93311 -212.61914
4958.62402 -209.60663
4961.31738 -207.87419
4964.00928 -170.12521
4966.70215 -204.50345
4969.39160 -203.46512
4972.08447 -204.03613
4974.77686 -184.87755
4977.46777 -210.41841
4980.16016 -216.87898
4982.85352 -210.74567
4985.54297 -176.58691
4988.23438 -200.77661
4990.92969 -201.78252
4993.62109 -205.19496
4996.31152 -178.56506
4999.00293 -210.54698
5001.69531 -212.61481
5004.38721 -208.94885
5007.08057 -76.90202
5009.77197 -208.12056
5012.46240 -204.42850
5015.15430 -202.40274
5017.84766 -196.30724
5020.54004 -206.40164
5023.23047 -209.94533
5025.92285 -203.04893
5028.61377 -177.33727
5031.30615 -203.83366
5034.00293 -202.76443
5036.69238 -202.29648
5039.38330 -171.31581
5042.07568 -206.62544
5044.77002 -209.47601
5047.45996 -211.10796
5050.15381 -189.80775
5052.84375 -205.87329
5055.53516 -206.07812
5058.22510 -205.95950
5060.91943 -185.75697
5063.60938 -204.90614
5066.30127 -210.15540
5068.99414 -210.70082
5071.68848 -172.26750
5074.37891 -205.22406
5077.07324 -207.72557
5079.76123 -215.10735
5082.45557 -182.68726
5085.14893 -207.24103
5087.83789 -206.08357
5090.53125 -205.48318
5093.22314 -150.72647
5095.91650 -205.56628
5098.60840 -203.09424
5101.29883 -201.60976
5103.99121 -173.80647
5106.68408 -203.45351
5109.37354 -204.92233
5112.06689 -213.51027
5114.75928 -169.18762
5117.45020 -215.88487
5120.14160 -215.16209
5122.83252 -206.69675
5125.52734 -177.59563
5128.21826 -202.65083
5130.91309 -203.76883
5133.60400 -205.94255
5136.29346 -175.55574
5138.98682 -210.39447
5141.67920 -223.67378
5144.37256 -206.05249
5147.06152 -174.30574
5149.75537 -201.79807
5152.44727 -205.76086
5155.13770 -206.23254
5157.83008 -172.65321
5160.52051 -210.71068
5163.21289 -217.87962
5165.90625 -208.62468
5168.60107 -180.45465
5171.28906 -220.90219
5173.98389 -209.90865
5176.67432 -207.50447
5179.36621 -162.14285
5182.06006 -223.85600
5184.75146 -210.07004
5187.43896 -203.85582
5190.13379 -176.05528
5192.82422 -205.96689
5195.51855 -211.82713
5198.20898 -209.06989
5200.90088 -184.07944
5203.59424 -205.72473
5206.28613 -206.41310
5208.97900 -207.29900
5211.67041 -181.45073
5214.36084 -202.62381
5217.05518 -205.08884
5219.74805 -208.12875
5222.43652 -165.63699
5225.13232 -220.13951
5227.82031 -221.24179
5230.51025 -218.49786
5233.20410 -177.12192
5235.89746 -203.18440
5238.59131 -199.86700
5241.28125 -199.47006
5243.97461 -173.45160
5246.66455 -203.45645
5249.35547 -206.65041
5252.04785 -209.78712
5254.74121 -176.31805
5257.43359 -210.86929
5260.12695 -205.07986
5262.81641 -204.34839
5265.50977 -174.18073
5268.20117 -204.54420
5270.89160 -204.92989
5273.58643 -203.99237
5276.27637 -175.09428
5278.96777 -205.38351
5281.66064 -212.21954
5284.35547 -206.55049
5287.04541 -186.94380
5289.73633 -202.80771
5292.42920 -208.07700
5295.12012 -214.81622
5297.81299 -180.05251
5300.50684 -203.55765
5303.19873 -204.73782
5305.88965 -207.27283
5308.58203 -167.47322
5311.27246 -202.72723
5313.96729 -203.72560
5316.65771 -205.71515
5319.34619 -178.58740
5322.04004 -211.78401
5324.73389 -208.83943
5327.42432 -203.59113
5330.11523 -180.70732
5332.80811 -205.28839
5335.50244 -211.10826
5338.19434 -219.15649
5340.88574 -102.86226
5343.57471 -217.03397
5346.27148 -214.34344
5348.96045 -224.52423
5351.65430 -181.11166
5354.34326 -204.82486
5357.03613 -206.35489
5359.72754 -204.72371
5362.42090 -178.55234
5365.11230 -203.40181
5367.80762 -208.62596
5370.49609 -207.70766
5373.18848 -183.14160
5375.87939 -202.12856
5378.57178 -202.57576
5381.26514 -208.58951
5383.95410 -181.75615
5386.65039 -218.99582
5389.34180 -214.74670
5392.03516 -206.94815
5394.72656 -181.78522
5397.41650 -219.17780
5400.10742 -207.61557
5402.80273 -202.96262
5405.49072 -181.25212
5408.18604 -204.37419
5410.87646 -223.17561
5413.56836 -208.05963
5416.26172 -167.65605
5418.95020 -204.85695
5421.64307 -203.53358
5424.33496 -202.85641
5427.03027 -184.17009
5429.72119 -206.25940
5432.41016 -215.19182
5435.10449 -210.10725
5437.79590 -171.69994
5440.48926 -209.04451
5443.18115 -209.68826
5445.87109 -207.94989
5448.56543 -176.35652
5451.25537 -206.90678
5453.94971 -207.62695
5456.64160 -205.22249
5459.33203 -179.91917
5462.02441 -207.37857
5464.71777 -208.72336
5467.40674 -205.02962
5470.09961 -181.04976
5472.79053 -205.25792
5475.48340 -208.38930
5478.17432 -209.63791
5480.86670 -176.75229
5483.56006 -212.80615
5486.25244 -204.04295
5488.94238 -201.94479
5491.63379 -185.33214
5494.32666 -206.80551
5497.01758 -210.94531
5499.71094 -211.99066
5502.40430 -171.18878
5505.09668 -210.21051
5507.78711 -207.83186
5510.47852 -208.20576
5513.16846 -174.49329
5515.86328 -203.16025
5518.55518 -204.93668
5521.24609 -206.83638
5523.93848 -179.18239
5526.62891 -204.70831
5529.32373 -207.11417
5532.01709 -206.27721
5534.70898 -185.68289
5537.40137 -201.83902
5540.09229 -202.02158
5542.78125 -200.97934
5545.47461 -185.09882
5548.16699 -207.04103
5550.85986 -212.04750
5553.55176 -207.96823
5556.24121 -175.66591
5558.93555 -209.30272
5561.62793 -213.46980
5564.31836 -212.79800
5567.00977 -183.57362
5569.70264 -223.82826
5572.39453 -210.89720
5575.08740 -209.28496
5577.77832 -180.84810
5580.46973 -210.52924
5583.16406 -212.86049
5585.85547 -209.54918
5588.54541 -153.87790
5591.23633 -206.52618
5593.92969 -212.68219
5596.62354 -207.19792
5599.31543 -175.08025
5602.00586 -203.26485
5604.70020 -209.27844
5607.39014 -211.87532
5610.08105 -173.80238
5612.77637 -212.04074
5615.46777 -214.23918
5618.15918 -210.64349
5620.85254 -182.12810
5623.54395 -211.93710
5626.23633 -205.02365
5628.92773 -202.68762
5631.61670 -179.78737
5634.31055 -205.02126
5637.00195 -208.02005
5639.69775 -205.50842
5642.38867 -175.44691
5645.08105 -213.78020
5647.77148 -213.74030
5650.46387 -216.28561
5653.15381 -179.47298
5655.84521 -211.13637
5658.53760 -205.16905
5661.23145 -201.78938
5663.92383 -175.94070
5666.61377 -205.38501
5669.30566 -215.31631
5671.99805 -204.56038
5674.69238 -73.71180
5677.38477 -204.34740
5680.07520 -216.73660
5682.76660 -207.37709
5685.45654 -174.48277
5688.15039 -204.99355
5690.83984 -210.35458
5693.53418 -215.92133
5696.22559 -188.95695
5698.91553 -204.87119
5701.61035 -204.04240
5704.30225 -205.03416
5706.99268 -180.94693
5709.68506 -214.04329
5712.38086 -208.99031
5715.06934 -207.07947
5717.76172 -174.44524
5720.45312 -208.77252
5723.14453 -209.20142
5725.83447 -209.89983
5728.52930 -185.72734
5731.22168 -210.41681
5733.91211 -216.95816
5736.60742 -210.43233
5739.29443 -171.43964
5741.98926 -204.23747
5744.68213 -206.90601
5747.37256 -212.56798
5750.06445 -174.98157
5752.75781 -207.74059
5755.44922 -206.86208
5758.14160 -207.10358
5760.83545 -150.70883
5763.52783 -206.83240
5766.21777 -211.70393
5768.90918 -219.45865
5771.60156 -171.71190
5774.29590 -215.46883
5776.98438 -210.85431
5779.67725 -208.85255
5782.36865 -173.73381
5785.06104 -208.25412
5787.75488 -202.36989
5790.44385 -201.52330
5793.13672 -180.43329
5795.82764 -208.39853
5798.52051 -213.51118
5801.21387 -226.72107
5803.90576 -176.61337
5806.59863 -212.84587
5809.28955 -209.99834
5811.98193 -206.39880
5814.67236 -173.21442
5817.36719 -206.11952
5820.05664 -208.18376
5822.74805 -207.95573
5825.43994 -180.48486
5828.13281 -205.02261
5830.82764 -212.19958
5833.51758 -210.43394
5836.20801 -184.43912
5838.90039 -202.70139
5841.59277 -206.00520
5844.28418 -210.85582
5846.97705 -169.46552
5849.66748 -213.94368
5852.35889 -208.46190
5855.05176 -206.14058
5857.74609 -185.16203
5860.43506 -210.21866
5863.12891 -208.67862
5865.82324 -214.91159
5868.51270 -176.59024
5871.20654 -212.52481
5873.89551 -209.29106
5876.58887 -209.36464
5879.27979 -176.39667
5881.97266 -207.58362
5884.66602 -206.96497
5887.35791 -206.38397
5890.04785 -176.38036
5892.74170 -219.74185
5895.43359 -214.31619
5898.12695 -210.81664
5900.81494 -182.71642
5903.51074 -207.97742
5906.19824 -208.02534
5908.89355 -203.62547
5911.58643 -175.83658
5914.27734 -204.42081
5916.96973 -204.85028
5919.65918 -205.60086
5922.35107 -172.83757
5925.04395 -216.70499
5927.73730 -206.28235
5930.42578 -208.44537
5933.11963 -179.09547
5935.81055 -205.08617
5938.50293 -202.11880
5941.19238 -203.36259
5943.88721 -179.86095
5946.58008 -214.43707
5949.27051 -216.19557
5951.96582 -214.40556
5954.65576 -185.54601
5957.34668 -212.76958
5960.03857 -214.92310
5962.73193 -210.84256
5965.42383 -184.93127
5968.11572 -218.57196
5970.80615 -211.66324
5973.49854 -208.10091
5976.19141 -170.96512
5978.88184 -217.92195
5981.57422 -210.89758
5984.26758 -206.00999
5986.95850 -183.27119
5989.65088 -207.17648
5992.34131 -219.93515
5995.03613 -215.88701
5997.72559 -180.59822
6000.41992 -209.09715
6003.11475 -211.32858
6005.80469 -208.93848
6008.49561 -106.36718
6011.18750 -209.00327
6013.87793 -207.81267
6016.57275 -206.25143
6019.26514 -169.08167
6021.95557 -203.86157
6024.64746 -202.76089
6027.33984 -203.87274
6030.03027 -177.15387
6032.72266 -206.92197
6035.41943 -213.13132
6038.10645 -208.83371
6040.79883 -182.64209
6043.49219 -230.17050
6046.18359 -209.40038
6048.87646 -203.30443
6051.56689 -178.27466
6054.25830 -205.37289
6056.95068 -207.59987
6059.64160 -207.78442
6062.33643 -184.01854
6065.02637 -213.45667
6067.71729 -210.45593
6070.41260 -209.18367
6073.10254 -181.00124
6075.79395 -210.10840
6078.48633 -212.71487
6081.17969 -204.92876
6083.87109 -174.85204
6086.56006 -202.17900
6089.25391 -204.08569
6091.94580 -207.41032
6094.63867 -167.96240
6097.33203 -206.27014
6100.02441 -205.61546
6102.71729 -203.33667
6105.40820 -174.41246
6108.09668 -224.00891
6110.79004 -209.66957
6113.48096 -208.76990
6116.17285 -186.44398
6118.86670 -211.48561
6121.55469 -212.77792
6124.25342 -213.08017
6126.94092 -175.85767
6129.63184 -215.63203
6132.32471 -222.99782
6135.02197 -210.73370
6137.70996 -184.33400
6140.40283 -210.86481
6143.09375 -209.37181
6145.78564 -217.84190
6148.47852 -175.57503
6151.17236 -211.06544
6153.86133 -216.27959
6156.55762 -205.04036
6159.24512 -180.88333
6161.93750 -205.78073
6164.63086 -211.15216
6167.32178 -210.41382
6170.01416 -166.29327
6172.70410 -210.53352
6175.39844 -210.13823
6178.09082 -209.71228
6180.78125 -183.51125
6183.47217 -213.29073
6186.16797 -210.01193
6188.85840 -208.53627
6191.54980 -175.40898
6194.24268 -209.65695
6196.93311 -214.11708
6199.62451 -217.45496
6202.31738 -183.57457
6205.01074 -212.85500
6207.70264 -206.46841
6210.39258 -202.60338
6213.08594 -176.00294
6215.77832 -200.29361
6218.47119 -205.12367
6221.15771 -226.96542
6223.85303 -186.25797
6226.54688 -202.89165
6229.23730 -213.19055
6231.92871 -216.27361
6234.62207 -186.25928
6237.31250 -212.74469
6240.00488 -217.12546
6242.70117 -220.06918
6245.39258 -178.43893
6248.08105 -207.98225
6250.77393 -209.25371
6253.46875 -210.29999
6256.15723 -155.80342
6258.85010 -211.35658
6261.54102 -207.31099
6264.23340 -206.97110
6266.92627 -179.69044
6269.62109 -204.17529
6272.30957 -205.77930
6275.00293 -214.90520
6277.69434 -175.68176
6280.38623 -211.16577
6283.07617 -211.31702
6285.77051 -216.35135
6288.45898 -183.04192
6291.15625 -217.14078
6293.84326 -208.81064
6296.53906 -201.46686
6299.22900 -173.85413
6301.91992 -200.80975
6304.61230 -202.69696
6307.30518 -203.13701
6309.99609 -182.84895
6312.68848 -219.51492
6315.38184 -217.84322
6318.07324 -215.83195
6320.76465 -184.19354
6323.45801 -204.87903
6326.14941 -201.32687
6328.84180 -199.05472
6331.53076 -178.42516
6334.22559 -208.04156
6336.91797 -211.17686
6339.61035 -205.50293
6342.30176 -82.21336
6344.99316 -201.64609
6347.68652 -206.70651
6350.37695 -213.21324
6353.06934 -174.63199
6355.76221 -207.30554
6358.45312 -205.53963
6361.14502 -210.18987
6363.83496 -171.49985
6366.52881 -208.57056
6369.22070 -206.85890
6371.90967 -203.94745
6374.60400 -190.90167
6377.29541 -204.62280
6379.98828 -209.27257
6382.67871 -209.10762
6385.37061 -171.87402
6388.06689 -208.52452
6390.75391 -210.42358
6393.45215 -213.66672
6396.13770 -187.60757
6398.83203 -221.39911
6401.52637 -207.10867
6404.21875 -205.75081
6406.90918 -178.60007
6409.60010 -205.53493
6412.28955 -204.76578
6414.98633 -207.29143
6417.67773 -175.84450
6420.37012 -218.03374
6423.05957 -219.99680
6425.75098 -213.90387
6428.44287 -145.55998
6431.13574 -209.24896
6433.82715 -213.36150
6436.51855 -209.58244
6439.20850 -176.99701
6441.90625 -202.50433
6444.59473 -207.02673
6447.29053 -213.09607
6449.97803 -167.63829
6452.66992 -213.96895
6455.36230 -212.94003
6458.05957 -208.43413
6460.74756 -182.36110
6463.44043 -206.75876
6466.13379 -206.74762
6468.82520 -202.31531
6471.51807 -170.36382
6474.20801 -209.59221
6476.89893 -209.98979
6479.59082 -204.55898
6482.28076 -181.65117
6484.97510 -204.08220
6487.67090 -203.16338
6490.35693 -203.23691
6493.05127 -176.97758
6495.74268 -209.65988
6498.43555 -209.96161
6501.12988 -213.81482
6503.81787 -195.41347
6506.51074 -215.26610
6509.20410 -210.07886
6511.89551 -204.76935
6514.58789 -165.68651
6517.28125 -206.35970
6519.97266 -210.41125
6522.66113 -203.45734
6525.35840 -192.34094
6528.04590 -203.45450
6530.73730 -209.83299
6533.43359 -206.88007
6536.12500 -171.58623
6538.81299 -206.52541
6541.50586 -208.86880
6544.19922 -204.48338
6546.89453 -173.69000
6549.58398 -209.21098
6552.27344 -212.14529
6554.96826 -206.16443
6557.65674 -189.03041
6560.35059 -216.60199
6563.04150 -224.19051
6565.73291 -209.29076
6568.42969 -173.04900
6571.12061 -201.09508
6573.80859 -202.99962
6576.50146 -202.31787
6579.19482 -183.81381
6581.88672 -203.44408
6584.57910 -208.44662
6587.27246 -210.48547
6589.96338 -188.84109
6592.65576 -225.51802
6595.34570 -206.29387
6598.03955 -200.06775
6600.72803 -181.64169
6603.42090 -198.41113
6606.11523 -204.04956
6608.80615 -213.65465
6611.49902 -176.20805
6614.19238 -207.68457
6616.88428 -210.82762
6619.57275 -218.81105
6622.26562 -180.35684
6624.95654 -210.39204
6627.64844 -203.98959
6630.34180 -206.12120
6633.03613 -177.24176
6635.72705 -213.06145
6638.41992 -208.95430
6641.10938 -204.25795
6643.80469 -181.21440
6646.49365 -210.85208
6649.18262 -212.77083
6651.87744 -224.84818
6654.56934 -191.30331
6657.26270 -206.31285
6659.95215 -209.19775
6662.64404 -212.78452
6665.33691 -171.93056
6668.03027 -207.34668
6670.72168 -213.05547
6673.41357 -207.12823
6676.10742 -103.30827
6678.79785 -208.54454
6681.48926 -210.69185
6684.18213 -205.74292
6686.87598 -164.23640
6689.56738 -202.87273
6692.25635 -201.88388
6694.95020 -201.95947
6697.64111 -175.15443
6700.33643 -211.27240
6703.02637 -217.36272
6705.71680 -211.17963
6708.41211 -172.48193
6711.10059 -206.38977
6713.79443 -205.79001
6716.48535 -204.38272
6719.17773 -178.24725
6721.87061 -215.66891
6724.56152 -227.05577
6727.25342 -208.14771
6729.94629 -172.02658
6732.63623 -203.50760
6735.32764 -208.11656
6738.02344 -204.51469
6740.71338 -182.18709
6743.40381 -200.50024
6746.09961 -205.50005
6748.78906 -206.42650
6751.48340 -171.67928
6754.17432 -206.35194
6756.86719 -207.65778
6759.55664 -206.94603
6762.25146 -164.80238
6764.93945 -208.38506
6767.63232 -214.64351
6770.32666 -214.69327
6773.01807 -186.05351
6775.71094 -219.36502
6778.40088 -209.35582
6781.09180 -209.60130
6783.78711 -177.65500
6786.47705 -211.15430
6789.17090 -208.96718
6791.86279 -224.16193
6794.55127 -181.44180
6797.24512 -203.31419
6799.93604 -206.10924
6802.62793 -210.10172
6805.32129 -176.87750
6808.01172 -216.19887
6810.70312 -216.84633
6813.39551 -204.60893
6816.08936 -178.86719
6818.78418 -206.41856
6821.47217 -206.50136
6824.16504 -205.80096
6826.85547 -180.31718
6829.55078 -203.77171
6832.23926 -207.64783
6834.92920 -207.79338
6837.62402 -173.84950
6840.31982 -210.19336
6843.00879 -210.54387
6845.69922 -208.72627
6848.39062 -178.34097
6851.08350 -203.96474
6853.77686 -201.71671
6856.46729 -201.22501
6859.15918 -169.93346
6861.85156 -204.72586
6864.54590 -207.94460
6867.23730 -202.61278
6869.92969 -193.57179
6872.61914 -200.89815
6875.31348 -201.34908
6878.00537 -204.18977
6880.69385 -174.96825
6883.38818 -225.59692
6886.07910 -213.19096
6888.77148 -219.62358
6891.46436 -182.25403
6894.15479 -230.56128
6896.85010 -206.32738
6899.54199 -201.61707
6902.23193 -198.84998
6904.92676 -206.84140
6907.61475 -216.57088
6910.30811 -209.56543
6912.99805 -175.05362
6915.68945 -205.24077
6918.38574 -213.58812
6921.07471 -211.78102
6923.76953 -151.28577
6926.45752 -214.82574
6929.14990 -207.13962
6931.84766 -211.63126
6934.53516 -179.00793
6937.22656 -227.50598
6939.92383 -215.87669
6942.61328 -217.73538
6945.30176 -174.40111
6947.99365 -207.97516
6950.68750 -218.50438
6953.37793 -222.86455
6956.07324 -183.40813
6958.76221 -207.39374
6961.45557 -206.28267
6964.14648 -203.55566
6966.83887 -172.72943
6969.53174 -210.29005
6972.22217 -212.87584
6974.91406 -207.76820
6977.60645 -177.04860
6980.29980 -215.79462
6982.99365 -209.92999
6985.68555 -203.12184
6988.37451 -171.03668
6991.06836 -201.84930
6993.75928 -206.61203
6996.45068 -210.46986
6999.14355 -175.17299
7001.83398 -213.00647
7004.52930 -214.82677
7007.21729 -210.49391
7009.91113 -91.79588
7012.60156 -205.73868
7015.29297 -207.15413
7017.98535 -213.35974
7020.67871 -175.08585
7023.37354 -223.79208
7026.06543 -210.19585
7028.75439 -208.11490
7031.44824 -180.22737
7034.13965 -204.47684
7036.83105 -203.38362
7039.52441 -204.24385
7042.21436 -182.22911
7044.90625 -211.17834
7047.59814 -215.67938
7050.29199 -214.14406
7052.98242 -183.33693
7055.67773 -205.74374
7058.36963 -217.23589
7061.05566 -209.53047
7063.75439 -188.44958
7066.44238 -219.19418
7069.13867 -213.15317
7071.82861 -209.65787
7074.51562 -184.25360
7077.21143 -204.34756
7079.90430 -207.41933
7082.59473 -216.45946
7085.28564 -174.12546
7087.97803 -208.65216
7090.67139 -207.47385
7093.36133 -210.84308
7096.05273 -152.39180
7098.74512 -206.70602
7101.43848 -203.32213
7104.12891 -204.33635
7106.82422 -182.27950
7109.51709 -211.91502
7112.20264 -209.36450
7114.89746 -206.55031
7117.58887 -170.15359
7120.28223 -211.94800
7122.97559 -210.33623
7125.66650 -205.66768
7128.35840 -173.62288
7131.05078 -202.68262
7133.74072 -209.60518
7136.43604 -211.97763
7139.12402 -172.97859
7141.82080 -211.59993
7144.51123 -207.01556
7147.20215 -201.91928
7149.89453 -181.73654
7152.58740 -200.87476
7155.27783 -209.12050
7157.97314 -214.05833
7160.66113 -175.09033
7163.35449 -214.35658
7166.04492 -210.64482
7168.74023 -211.00089
7171.42871 -187.75751
7174.11816 -206.68642
7176.81201 -207.36079
7179.50781 -211.21344
7182.19678 -165.52010
7184.89014 -217.29793
7187.58398 -214.31990
7190.27588 -223.04485
7192.96436 -183.63405
7195.65820 -206.02979
7198.34912 -208.34744
7201.04443 -208.00934
7203.73291 -171.64905
7206.42285 -210.68288
7209.11719 -208.30063
7211.80908 -206.81842
7214.50195 -185.94730
7217.19531 -209.28851
7219.88672 -210.72005
7222.57812 -211.32170
7225.27100 -188.17700
7227.96094 -214.82603
7230.65527 -216.40060
7233.34717 -214.78804
7236.03564 -176.28506
7238.72998 -206.40862
7241.42480 -203.88220
7244.11230 -205.01938
7246.80566 -182.06660
7249.49951 -205.72630
7252.18994 -211.31184
7254.88232 -214.06123
7257.57080 -181.05470
7260.26855 -203.39642
7262.95508 -202.89270
7265.64746 -207.09428
7268.34033 -171.33542
7271.03418 -212.20149
7273.72510 -215.91525
7276.41650 -210.05609
7279.10938 -179.51038
7281.79932 -213.59010
7284.49463 -207.56000
7287.18652 -203.99185
7289.87891 -171.73730
7292.56445 -207.69052
7295.25977 -215.91739
7297.95166 -211.74336
7300.64453 -176.89015
7303.33447 -208.84447
7306.03271 -216.69708
7308.72070 -207.13982
7311.41357 -174.53320
7314.10693 -209.98994
7316.79785 -210.27010
7319.48975 -207.23099
7322.18262 -180.79437
7324.87256 -209.39056
7327.56299 -209.81660
7330.25439 -222.76425
7332.94727 -171.36853
7335.64062 -214.61913
7338.33105 -211.01524
7341.02734 -208.06598
7343.71973 -106.95669
7346.40918 -210.03984
7349.10400 -204.69601
7351.79492 -205.84506
7354.48340 -172.21048
7357.17725 -214.60756
7359.86768 -211.54495
7362.56299 -204.78964
7365.25586 -177.88606
7367.94482 -203.85461
7370.63525 -204.44456
7373.33057 -202.31956
7376.01855 -175.31343
7378.71191 -204.41702
7381.40625 -212.69637
7384.09277 -213.20346
7386.78955 -183.66927
7389.48242 -212.34460
7392.17285 -218.97191
7394.86377 -208.48999
7397.55566 -168.00488
7400.24902 -203.09325
7402.93896 -205.69484
7405.63379 -207.02890
7408.32568 -179.56552
7411.01855 -206.71458
7413.70410 -214.44966
7416.39893 -214.91589
7419.09082 -171.91730
7421.78320 -201.49019
7424.47266 -202.15289
7427.16357 -206.52339
7429.85889 -166.81454
7432.55176 -226.05663
7435.24512 -220.04974
7437.93945 -210.97687
7440.62695 -174.13097
7443.31934 -209.02533
7446.01270 -206.30681
7448.70654 -202.88022
7451.39404 -176.39311
7454.08984 -215.17632
7456.77930 -218.48186
7459.47314 -207.87312
7462.16406 -170.76469
7464.85156 -208.66428
7467.54883 -215.13326
7470.23877 -205.24846
7472.92969 -174.51694
7475.62549 -216.60202
7478.31348 -211.84027
7481.00781 -208.30766
7483.69824 -172.08015
7486.39355 -228.37962
7489.08203 -211.04138
7491.77539 -213.32484
7494.46582 -172.88086
7497.15723 -208.75487
7499.85352 -213.05434
7502.54199 -211.65970
7505.23633 -166.40735
7507.92725 -207.92252
7510.61963 -204.81963
7513.31250 -201.13756
7516.00195 -181.61211
7518.69238 -209.14040
7521.38867 -208.20930
7524.08154 -207.51228
7526.77051 -171.65184
7529.46533 -215.85304
7532.15283 -208.22925
7534.84473 -202.63853
7537.54199 -185.07082
7540.23242 -202.97701
7542.91943 -211.09438
7545.61572 -212.00250
7548.30859 -168.22420
7550.99854 -209.42941
7553.68945 -230.04874
7556.38135 -211.94641
7559.07422 -182.39331
7561.76758 -204.52588
7564.45801 -212.86893
7567.14941 -207.86104
7569.84180 -177.22537
7572.53516 -213.26939
7575.22510 -207.34500
7577.92041 -212.73012
7580.60840 -177.27615
7583.30127 -202.25253
7585.99561 -204.67868
7588.69092 -205.43291
7591.37793 -163.07346
7594.07129 -206.45937
7596.76025 -210.31013
7599.45508 -215.12636
7602.14600 -175.76750
7604.83447 -212.62534
7607.53174 -212.53618
7610.22217 -208.16299
7612.91699 -175.04945
7615.60938 -211.84857
7618.29785 -210.33998
7620.99170 -202.35196
7623.67773 -183.28542
7626.37793 -208.89490
7629.06641 -211.60796
7631.75977 -205.77786
7634.45020 -178.25688
7637.14551 -203.33910
7639.83789 -210.65051
7642.53027 -208.53415
7645.21680 -179.98653
7647.90723 -203.29698
7650.60303 -206.15277
7653.29150 -220.27470
7655.98926 -170.09222
7658.67578 -211.39127
7661.37158 -206.86385
7664.05957 -204.12990
7666.75244 -179.21770
7669.44629 -202.38618
7672.13770 -205.61069
7674.82910 -203.26364
7677.52197 -88.19734
7680.21191 -203.97375
7682.90625 -209.46312
7685.59766 -208.45386
7688.29053 -181.79564
7690.98340 -213.42371
7693.67285 -206.88618
7696.36816 -202.91632
7699.05664 -196.83725
7701.74902 -213.92572
7704.43848 -206.83844
7707.13330 -203.73840
7709.82471 -174.11845
7712.51709 -207.65312
7715.21045 -212.48228
7717.90479 -213.33961
7720.59570 -180.93221
7723.28711 -207.41815
7725.97607 -213.20227
7728.66992 -209.15494
7731.36475 -178.55058
7734.05176 -204.49965
7736.74365 -208.06212
7739.43750 -211.58235
7742.13135 -181.25493
7744.82227 -211.93021
7747.51416 -219.39378
7750.20703 -211.17668
7752.89600 -185.90572
7755.59082 -204.47354
7758.28223 -204.46964
7760.97461 -203.06287
7763.66309 -151.63986
7766.35742 -220.21521
7769.04834 -212.24194
7771.74023 -212.86058
7774.43262 -175.72032
7777.12646 -205.74059
7779.81641 -207.53784
7782.50781 -211.20447
7785.19971 -173.52145
7787.89258 -208.87222
7790.58203 -205.97098
7793.27734 -203.83913
7795.96875 -174.45128
7798.66162 -218.11340
7801.35059 -215.30206
7804.04492 -216.42397
7806.74023 -167.01303
7809.42773 -199.43138
7812.12012 -205.59576
7814.81445 -221.53008
7817.50488 -178.57736
7820.19580 -207.21513
7822.88818 -212.66371
7825.58154 -208.95119
7828.27148 -182.37958
7830.96191 -208.40779
7833.65771 -203.73076
7836.34668 -203.69937
7839.04004 -177.48035
7841.73389 -211.02577
7844.42480 -207.22981
7847.11719 -201.22087
7849.80566 -175.52994
7852.49951 -204.73181
7855.18994 -207.32689
7857.88574 -225.42072
7860.57373 -179.08708
7863.26660 -222.63474
7865.96143 -212.48517
7868.65186 -206.20421
7871.34326 -169.13966
7874.03613 -206.50760
7876.72949 -218.39047
7879.41943 -203.52077
7882.11035 -180.18382
7884.80664 -201.42513
7887.49512 -207.48108
7890.18945 -205.00604
7892.87988 -182.70085
7895.57080 -203.49969
7898.26709 -205.29883
7900.95605 -203.43727
7903.64551 -177.61662
7906.34033 -205.68767
7909.03223 -206.45950
7911.72461 -207.58527
7914.41797 -172.42056
7917.10742 -207.18362
7919.79883 -204.80762
7922.49023 -204.69879
7925.18750 -178.17401
7927.87646 -205.56111
7930.56689 -207.82074
7933.26221 -214.83328
7935.94971 -173.81161
7938.64258 -209.25172
7941.33691 -204.03925
7944.02734 -203.85690
7946.72266 -174.03700
7949.41455 -203.66066
7952.10352 -215.48489
7954.79736 -209.88750
7957.48779 -173.25969
7960.18359 -215.19537
7962.87158 -215.95206
7965.56543 -211.08679
7968.25488 -186.64876
7970.94971 -211.28902
7973.64160 -211.13599
7976.32910 -209.23605
7979.02295 -177.95142
7981.71777 -207.70378
7984.40869 -209.58235
7987.10010 -204.03741
7989.79248 -178.22571
7992.48633 -212.04024
7995.17627 -205.91316
7997.86719 -211.45351
8000.55957 -177.77715
8003.24756 -208.21361
8005.94629 -211.21126
8008.63672 -205.51396
8011.32764 -112.92870
8014.01904 -223.71956
8016.71289 -217.27174
8019.40625 -203.21173
8022.09668 -170.88023
8024.78809 -206.69569
8027.47998 -205.84711
8030.16895 -205.05811
8032.86230 -182.90804
8035.55273 -207.64500
8038.24902 -221.96658
8040.93701 -213.94792
8043.62988 -173.12750
8046.32373 -207.91473
8049.01465 -226.06789
8051.70605 -205.05379
8054.39893 -175.68384
8057.09180 -201.93004
8059.78125 -203.42618
8062.47656 -204.75656
8065.16357 -179.19833
8067.86084 -200.91559
8070.54932 -202.85719
8073.23926 -208.80867
8075.93018 -196.76328
8078.62598 -212.40266
8081.31836 -208.57729
8084.01172 -209.43346
8086.70166 -177.86530
8089.39258 -206.20653
8092.08447 -206.44968
8094.78076 -209.38493
8097.46582 -171.83720
8100.16016 -203.21971
8102.85107 -207.67885
8105.54688 -212.55368
8108.23486 -175.13367
8110.92822 -206.57407
8113.62256 -210.81822
8116.31348 -210.37320
8119.00488 -190.28853
8121.69824 -203.20215
8124.39160 -210.71906
8127.08105 -207.17238
8129.77148 -174.27960
8132.46826 -206.06529
8135.15625 -211.86465
8137.84961 -212.85548
8140.54395 -173.25282
8143.23486 -209.24428
8145.92676 -206.59169
8148.61426 -204.95267
8151.31250 -176.18842
8154.00195 -209.99094
8156.69336 -225.33771
8159.38916 -217.32086
8162.08203 -177.04459
8164.77051 -206.26302
8167.46533 -205.12213
8170.15576 -210.43649
8172.84277 -164.60178
8175.53955 -210.94026
8178.23291 -208.64265
8180.92285 -201.43031
8183.61816 -179.33910
8186.30469 -206.64857
8188.99707 -206.22754
8191.68652 -204.55984
8194.38086 -176.40175
8197.07520 -203.78473
8199.76660 -208.10999
8202.45508 -215.98608
8205.14746 -174.77472
8207.84180 -215.23810
8210.53320 -213.18890
8213.22363 -208.45972
8215.91992 -169.34528
8218.60938 -227.19281
8221.30273 -218.45845
8223.99316 -212.16682
8226.68555 -177.38425
8229.37695 -210.17641
8232.06543 -209.28905
8234.76367 -214.24083
8237.45410 -171.68794
8240.14551 -203.30588
8242.83789 -201.84909
8245.52637 -206.11577
8248.21973 -175.61938
8250.91406 -220.15800
8253.60059 -216.47139
8256.30176 -217.52045
8258.99023 -156.00395
8261.68359 -205.71027
8264.37402 -214.51123
8267.06934 -218.54288
8269.76074 -187.42882
8272.44922 -207.25063
8275.13770 -208.83684
8277.83203 -206.42097
8280.52246 -171.20052
8283.21875 -216.78900
8285.91113 -211.03621
8288.59961 -214.32616
8291.29492 -173.92992
8293.98926 -205.80544
8296.67578 -207.10487
8299.37305 -210.39081
8302.06152 -177.85138
8304.75098 -201.51752
8307.44141 -202.28444
8310.13770 -206.26500
8312.82910 -172.94873
8315.52246 -206.72227
8318.21191 -219.12732
8320.90137 -208.85313
8323.59668 -182.22107
8326.28906 -207.86168
8328.98242 -206.29776
8331.67090 -207.49341
8334.36523 -189.32335
8337.05566 -211.57329
8339.74707 -211.53304
8342.44043 -226.61214
8345.13379 -107.10036
8347.82324 -207.21103
8350.51367 -204.16496
8353.20508 -204.39760
8355.90234 -180.42358
8358.59082 -204.48863
8361.28418 -211.25406
8363.97949 -206.06555
8366.67090 -174.95055
8369.35742 -208.09299
8372.05078 -212.59142
8374.74414 -202.53952
8377.43945 -178.36140
8380.12988 -217.90152
8382.81641 -209.86896
8385.51465 -209.34590
8388.20312 -176.66861
8390.89746 -212.96204
8393.58789 -211.76744
8396.27930 -213.87210
8398.97168 -177.36076
8401.66504 -203.80904
8404.35449 -207.64293
8407.04883 -212.04425
8409.74023 -173.08464
8412.43262 -210.50713
8415.12109 -203.72693
8417.81445 -200.96620
8420.50879 -186.65784
8423.20020 -216.91774
8425.89160 -206.75233
8428.58398 -203.30630
8431.27734 -146.89630
8433.96680 -212.65619
8436.65820 -214.71687
8439.35352 -208.26219
8442.04102 -188.71559
8444.73438 -203.65204
8447.42383 -208.22687
8450.12305 -209.28162
8452.81348 -182.10228
8455.50098 -208.96844
8458.19434 -206.15630
8460.88770 -202.01651
8463.57715 -177.04704
8466.27246 -219.45128
8468.96387 -210.87613
8471.65625 -214.12582
8474.34961 -167.88123
8477.03906 -202.37889
8479.73438 -203.36438
8482.42090 -211.52542
8485.11719 -191.26538
8487.80469 -204.63255
8490.49902 -206.70856
8493.19336 -214.74693
8495.88477 -170.35449
8498.57617 -216.39439
8501.26855 -212.55588
8503.95703 -207.93059
8506.65137 -175.35385
8509.34180 -206.69955
8512.03711 -212.83258
8514.72949 -206.24832
8517.41797 -164.09148
8520.11133 -203.45027
8522.80176 -206.05841
8525.49219 -208.52882
8528.18359 -183.97508
8530.87598 -208.26282
8533.56934 -209.42566
8536.26367 -220.84848
8538.95410 -172.60153
8541.64941 -207.74043
8544.34180 -210.25426
8547.03027 -210.47290
8549.72363 -184.29657
8552.41309 -210.96533
8555.10840 -211.82489
8557.79590 -210.56837
8560.48828 -180.83188
8563.18555 -208.87373
8565.87500 -218.14400
8568.57031 -205.67906
8571.25684 -184.39636
8573.94922 -200.88884
8576.64160 -205.38452
8579.33496 -204.46460
8582.02539 -167.03383
8584.72070 -212.27095
8587.41113 -210.43317
8590.09961 -212.92764
8592.79688 -177.95316
8595.48633 -207.09276
8598.18164 -211.30367
8600.86719 -203.02948
8603.56348 -179.94060
8606.25195 -212.15172
8608.94531 -219.71263
8611.63965 -223.11447
8614.33008 -182.59920
8617.02148 -210.25386
8619.71387 -214.85652
8622.40625 -210.96349
8625.09570 -174.59088
8627.79004 -207.04649
8630.48047 -205.34787
8633.17676 -210.32848
8635.87012 -182.05325
8638.55371 -217.15547
8641.25195 -221.13647
8643.94238 -205.14365
8646.63281 -170.94897
8649.32520 -211.06439
8652.01758 -211.42957
8654.71094 -203.20840
8657.40137 -187.48260
8660.09668 -207.71193
8662.78711 -205.55067
8665.47461 -207.90686
8668.16797 -177.59444
8670.86133 -205.25945
8673.55176 -207.55756
8676.24707 -208.28136
8678.93848 -116.40326
8681.63086 -216.74715
8684.32422 -213.17142
8687.01367 -207.20389
8689.70410 -172.79715
8692.39453 -204.80185
8695.09180 -204.97151
8697.78418 -201.37041
8700.47266 -174.00018
8703.16699 -207.53769
8705.85742 -209.01738
8708.54883 -209.64398
8711.24023 -174.76770
8713.93359 -202.78798
8716.62207 -204.90894
8719.31738 -215.03560
8722.00781 -183.57204
8724.70312 -212.27136
8727.39062 -211.42470
8730.08398 -211.23438
8732.77734 -169.35133
8735.46777 -201.07698
8738.15820 -201.80768
8740.85547 -205.65453
8743.54297 -180.80887
8746.24023 -206.97781
8748.92969 -212.36877
8751.62012 -210.25298
8754.31055 -169.55183
8757.00293 -209.98875
8759.69922 -204.54980
8762.38867 -203.94489
8765.08203 -177.55086
8767.77246 -203.42030
8770.46387 -212.00314
8773.15527 -205.65884
8775.84863 -177.10699
8778.54199 -206.70169
8781.23145 -204.56898
8783.92188 -209.75539
8786.61816 -188.74930
8789.30957 -202.86589
8791.99805 -209.50273
8794.69141 -216.56702
8797.38184 -167.01472
8800.07715 -224.60356
8802.76758 -221.95457
8805.45508 -207.54050
8808.14844 -183.09320
8810.84180 -218.77878
8813.53613 -208.53159
8816.22754 -205.18843
8818.91797 -181.48636
8821.61035 -207.87210
8824.30371 -211.61108
8826.99805 -201.51799
8829.69238 -181.82701
8832.37891 -217.56294
8835.06934 -231.52538
8837.76660 -204.85547
8840.45996 -178.99236
8843.14941 -208.98875
8845.83887 -209.44637
8848.53418 -202.32556
8851.22168 -184.45093
8853.91797 -216.21854
8856.60742 -222.40659
8859.30078 -211.06807
8861.99121 -174.91994
8864.68164 -204.29231
8867.37793 -206.19911
8870.07031 -203.48975
8872.76367 -176.92380
8875.45312 -205.14491
8878.14258 -212.59064
8880.83887 -215.58177
8883.52539 -178.95221
8886.22266 -211.30498
8888.91113 -211.79236
8891.60547 -201.38704
8894.29980 -178.85252
8896.98633 -210.07620
8899.68262 -205.97075
8902.37012 -203.51114
8905.06348 -174.30408
8907.75781 -203.04788
8910.44727 -202.60475
8913.13867 -204.11353
8915.83008 -181.26067
8918.52734 -211.15807
8921.21484 -206.37222
8923.90430 -216.33846
8926.59961 -154.43303
8929.29004 -205.92514
8931.98145 -206.72421
8934.67383 -211.82285
8937.36719 -177.47459
8940.06152 -212.55174
8942.75195 -212.18068
8945.44238 -211.96671
8948.13867 -168.68321
8950.82617 -221.93259
8953.52441 -213.50269
8956.20898 -214.80647
8958.90332 -174.60973
8961.59375 -200.69688
8964.29004 -207.06630
8966.97754 -207.96780
8969.67090 -173.56573
8972.36426 -204.83846
8975.05469 -201.78477
8977.74512 -206.94453
8980.44141 -181.55836
8983.13379 -208.69075
8985.82227 -213.76619
8988.51074 -206.66562
8991.20508 -170.26006
8993.90039 -208.04634
8996.59277 -211.54648
8999.28418 -207.24043
9001.97754 -174.79607
9004.67090 -208.14037
9007.35547 -210.27637
9010.05078 -223.03383
9012.74707 -93.43767
9015.43359 -215.55040
9018.12695 -208.80345
9020.81543 -204.60432
9023.50977 -175.84639
9026.20020 -216.09447
9028.89648 -210.13959
9031.58789 -198.92322
9034.27637 -182.37845
9036.96973 -201.96317
9039.66406 -222.66982
9042.35938 -208.50026
9045.04492 -188.27534
9047.74219 -207.16406
9050.42871 -208.83418
9053.12305 -220.49352
9055.81152 -178.86102
9058.50684 -210.62132
9061.19727 -211.33139
9063.88867 -207.88268
9066.58105 -172.92897
9069.27930 -218.19289
9071.96875 -209.04669
9074.65820 -219.11896
9077.34863 -177.56799
9080.04004 -207.45364
9082.73242 -210.77443
9085.42480 -200.73009
9088.11914 -176.48331
9090.81348 -201.50865
9093.50391 -205.10664
9096.19043 -214.80296
9098.88672 -159.23466
9101.57422 -203.66156
9104.27344 -206.87343
9106.95703 -209.73434
9109.65234 -181.29051
9112.34375 -208.45604
9115.03516 -209.05669
9117.72754 -204.99240
9120.42090 -172.64331
9123.11523 -204.94334
9125.80469 -210.97325
9128.50098 -209.05104
9131.19238 -182.16377
9133.87988 -204.97408
9136.57812 -219.77118
9139.26660 -218.56645
9141.96094 -191.59444
9144.64648 -202.79092
9147.34277 -198.88785
9150.03516 -204.04019
9152.72266 -176.54282
9155.41602 -206.68768
9158.11133 -210.87169
9160.80078 -203.22014
9163.49219 -166.51907
9166.18359 -215.70464
9168.87598 -215.79898
9171.57422 -213.80235
9174.26367 -179.86302
9176.95410 -210.53937
9179.64941 -208.55727
9182.34082 -211.50150
9185.02832 -164.99425
9187.72070 -216.03494
9190.41504 -204.26433
9193.10449 -201.79340
9195.79492 -179.64317
9198.48535 -222.58218
9201.18262 -214.52089
9203.87012 -206.04291
9206.56934 -169.13828
9209.25879 -201.89543
9211.95312 -209.97888
9214.64453 -211.91956
9217.33594 -179.22018
9220.02344 -213.30725
9222.71582 -219.05505
9225.41016 -204.18457
9228.10449 -172.32239
9230.79004 -205.40616
9233.48633 -208.11354
9236.17871 -212.74170
9238.86621 -189.61522
9241.56055 -214.37389
9244.25391 -215.67323
9246.94922 -215.63269
9249.63477 -170.28571
9252.32617 -202.04227
9255.01953 -203.88393
9257.71289 -204.33986
9260.40625 -177.04338
9263.09668 -204.38226
9265.79199 -211.81464
9268.47754 -206.14743
9271.17480 -171.42905
9273.86328 -207.64908
9276.56152 -218.02881
9279.25098 -209.29630
9281.93555 -183.64708
9284.63184 -210.25754
9287.32324 -207.30833
9290.01562 -205.99438
9292.70898 -169.45154
9295.39844 -212.98555
9298.09277 -212.46420
9300.78320 -206.60345
9303.47949 -175.83589
9306.17188 -200.70721
9308.86426 -203.86989
9311.55273 -206.13087
9314.24219 -175.51718
9316.93750 -225.24721
9319.62793 -206.09290
9322.31934 -209.07217
9325.01758 -177.75987
9327.70508 -207.70340
9330.39844 -204.70197
9333.08789 -203.02592
9335.78320 -179.35744
9338.46973 -214.76283
9341.16699 -215.13643
9343.85449 -206.61342
9346.54785 -116.19492
9349.24219 -205.77654
9351.93164 -221.95302
9354.62207 -209.00894
9357.31836 -168.15141
9360.00586 -206.92130
9362.69922 -204.83342
9365.39258 -201.94524
9368.08691 -183.47353
9370.77734 -211.65146
9373.46777 -215.29346
9376.16016 -210.53531
9378.85156 -171.88080
9381.54492 -201.53426
9384.23926 -203.54512
9386.92871 -204.84929
9389.61914 -170.94099
9392.31055 -206.07710
9395.00195 -205.43680
9397.69434 -207.59514
9400.38867 -171.77261
9403.07715 -213.13757
9405.77246 -217.06783
9408.46289 -213.63417
9411.15430 -174.25145
9413.84668 -218.37073
9416.53906 -207.34119
9419.23340 -201.85240
9421.92773 -171.94548
9424.61816 -200.39401
9427.30859 -206.85120
9430.00000 -209.75189
9432.69238 -178.19521
9435.38574 -216.05525
9438.07910 -214.17542
9440.76953 -205.52373
9443.45898 -172.45007
9446.15039 -213.20645
9448.84180 -208.10831
9451.53418 -227.84081
9454.22754 -180.00632
9456.92188 -207.04114
9459.61133 -206.67024
9462.30273 -208.11119
9464.99805 -172.58464
9467.68457 -205.81934
9470.38281 -216.04742
9473.07715 -213.91740
9475.76074 -170.09772
9478.45508 -203.29889
9481.14648 -204.47293
9483.83691 -210.43996
9486.52930 -173.83430
9489.22266 -223.67072
9491.91113 -217.18250
9494.61035 -210.13681
9497.29492 -173.57837
9499.99609 -207.59880
9502.68262 -205.19138
9505.37500 -201.54382
9508.06738 -170.94539
9510.75586 -203.62256
9513.45117 -213.15068
9516.14062 -210.81610
9518.83691 -175.88341
9521.52832 -204.00056
9524.21582 -209.13052
9526.90820 -217.33910
9529.60254 -175.11485
9532.29688 -203.82768
9534.98730 -203.60516
9537.68359 -206.24190
9540.37500 -184.30360
9543.06250 -209.51616
9545.75586 -208.58839
9548.44922 -205.63666
9551.13379 -167.93642
9553.82910 -201.55870
9556.52051 -205.42426
9559.21777 -204.10120
9561.90430 -187.99278
9564.60352 -208.57443
9567.29199 -203.64212
9569.98145 -205.73041
9572.67676 -166.83008
9575.36816 -220.23427
9578.05957 -206.84555
9580.74707 -200.75540
9583.44043 -186.18080
9586.13477 -206.45303
9588.82422 -212.24527
9591.51953 -211.90277
9594.20508 -169.37581
9596.90234 -205.05992
9599.59473 -206.69531
9602.28809 -202.94717
9604.97754 -182.95790
9607.67188 -220.46648
9610.36230 -217.21451
9613.05371 -210.12395
9615.74512 -175.59793
9618.43848 -202.89540
9621.13086 -205.74879
9623.82031 -218.66127
9626.51465 -182.48495
9629.20508 -216.94086
9631.89648 -209.73012
9634.58789 -204.46941
9637.28125 -179.08148
9639.97363 -204.18555
9642.66309 -204.43655
9645.36230 -217.15874
9648.05273 -176.30733
9650.74414 -204.17274
9653.43555 -212.73112
9656.12891 -218.51085
9658.81641 -176.96207
9661.51074 -212.28241
9664.20508 -207.31841
9666.89551 -208.42097
9669.58691 -177.89078
9672.27832 -211.93187
9674.96484 -210.14128
9677.66406 -203.51523
9680.35254 -94.63306
9683.04785 -205.32977
9685.73730 -211.27547
9688.42871 -210.70050
9691.12012 -178.18819
9693.81738 -202.89661
9696.50586 -205.92809
9699.19434 -207.14713
9701.88867 -181.07103
9704.57910 -211.28229
9707.27539 -211.69116
9709.96191 -207.94357
9712.65820 -178.56721
9715.34668 -203.30972
9718.04102 -203.27562
9720.73438 -202.80562
9723.42578 -194.54010
9726.11523 -205.95755
9728.80762 -203.63254
9731.50000 -200.92343
9734.18750 -174.87752
9736.88574 -211.72728
9739.57520 -208.90314
9742.27051 -233.50810
9744.96094 -178.28589
9747.65234 -207.83888
9750.34375 -209.87831
9753.03711 -201.87685
9755.72461 -181.18396
9758.42480 -209.77113
9761.11426 -224.82973
9763.80469 -227.59818
9766.50195 -152.59235
9769.18750 -203.59302
9771.88086 -205.47852
9774.57422 -207.26584
9777.26270 -196.15826
9779.95703 -200.12129
9782.64746 -203.59834
9785.33887 -212.83838
9788.03613 -184.18752
9790.72266 -209.35460
9793.41602 -209.54773
9796.10449 -215.70081
9798.79980 -184.50803
9801.49512 -204.91299
9804.18555 -204.20348
9806.87695 -202.53543
9809.56934 -172.45450
9812.25684 -205.74326
9814.95020 -207.10338
9817.64551 -221.13756
9820.34082 -177.96803
9823.03125 -221.43977
9825.71680 -210.05779
9828.41406 -208.32216
9831.10156 -172.23193
9833.79492 -215.58626
9836.48926 -209.40340
9839.17871 -207.36487
9841.87402 -184.65512
9844.56543 -209.81668
9847.25781 -214.02216
9849.95020 -203.34676
9852.64355 -171.28632
9855.33203 -210.33223
9858.02637 -217.15752
9860.71680 -209.93283
9863.40723 -188.44373
9866.09961 -208.32307
9868.79102 -207.32977
9871.48438 -212.49384
9874.17773 -179.20839
9876.86719 -209.70506
9879.55664 -208.80193
9882.24707 -211.04761
9884.94922 -180.98418
9887.64160 -218.70924
9890.32812 -205.45299
9893.02148 -200.29848
9895.71680 -182.11258
9898.40625 -202.32758
9901.09570 -209.79509
9903.79199 -206.35608
9906.47363 -172.78197
9909.17090 -200.63770
9911.86426 -205.39301
9914.55273 -216.14474
9917.24707 -181.96167
9919.94238 -210.37531
9922.63281 -218.16191
9925.32422 -218.69891
9928.01660 -191.01299
9930.70898 -215.37025
9933.39746 -211.99756
9936.09180 -206.21404
9938.78711 -172.34300
9941.47656 -201.95361
9944.16797 -205.00644
9946.85938 -203.70462
9949.55176 -173.74805
9952.24512 -201.75928
9954.93359 -205.65103
9957.62793 -221.24077
9960.31836 -167.75273
9963.01367 -217.59355
9965.70508 -204.97249
9968.39746 -201.90509
9971.08496 -181.63103
9973.77832 -204.30486
9976.47266 -217.78413
9979.16211 -206.62198
9981.85742 -183.04375
9984.54883 -217.87918
9987.24023 -209.65390
9989.93262 -207.85004
9992.62598 -184.06979
9995.31445 -214.41833
9998.00391 -212.38557
10000.69922 -223.67072
10003.38965 -183.48982
10006.08594 -207.60674
10008.77832 -206.91254
10011.47070 -204.30441
10014.15918 -117.15612
10016.85352 -206.21503
10019.54199 -209.38849
10022.23242 -203.76129
10024.92383 -176.94926
10027.62012 -204.62868
10030.31250 -210.41583
10033.00000 -210.24496
10035.69434 -176.48166
10038.38281 -210.83612
10041.07812 -209.87561
10043.77344 -203.97934
10046.46484 -188.33522
10049.15723 -213.69852
10051.84375 -205.30222
10054.53711 -205.81577
10057.23145 -172.02885
10059.92090 -211.48506
10062.61621 -210.49045
10065.30664 -204.44894
10067.99805 -172.70706
10070.68945 -205.56676
10073.38770 -211.62308
10076.07617 -206.21974
10078.76465 -177.18091
10081.45410 -202.99310
10084.14941 -212.26161
10086.84082 -209.41641
10089.53809 -179.03467
10092.22461 -208.99429
10094.91797 -208.88789
10097.61133 -213.15269
10100.30566 -171.90440
10102.99023 -205.26378
10105.68555 -212.32700
10108.37695 -208.99699
10111.06836 -176.36560
10113.76074 -208.97174
10116.45410 -208.98933
10119.14844 -205.94370
10121.83691 -179.57556
10124.53223 -205.68759
10127.22266 -206.53160
10129.91406 -212.21997
10132.60645 -178.60457
10135.29883 -219.01370
10137.98633 -215.51259
10140.68066 -210.12877
10143.37598 -183.06555
10146.06543 -211.86516
10148.75586 -211.05968
10151.44727 -207.14232
10154.13965 -180.01099
10156.83203 -213.39241
10159.52539 -211.57864
10162.22070 -205.14487
10164.91504 -188.76207
10167.60547 -200.09433
10170.29590 -208.75249
10172.98242 -209.19968
10175.67969 -169.84702
10178.37305 -213.94069
10181.06055 -214.27121
10183.75488 -210.69997
10186.44434 -179.15527
10189.13965 -203.00381
10191.82520 -203.50160
10194.52246 -204.21523
10197.21484 -181.47638
10199.90234 -213.50235
10202.60156 -213.52844
10205.29102 -204.09344
10207.98047 -182.73801
10210.66992 -214.76404
10213.36719 -215.85683
10216.05273 -209.21313
10218.75098 -168.25142
10221.43848 -211.21126
10224.13867 -216.73775
10226.82715 -208.45941
10229.51660 -172.17488
10232.20703 -203.80107
10234.89844 -209.79794
10237.59570 -203.06752
10240.28809 -171.39532
10242.97461 -203.93779
10245.66895 -212.25348
10248.35840 -213.89822
10251.05371 -177.36719
10253.74902 -211.59921
10256.43457 -206.26845
10259.13184 -204.81477
10261.81836 -157.36870
10264.51172 -214.43843
10267.20605 -219.80363
10269.90137 -206.13841
10272.58984 -178.57903
10275.28516 -203.38776
10277.97754 -203.98907
10280.66309 -203.42435
10283.35547 -181.73679
10286.04395 -203.31088
10288.73828 -206.81940
10291.43164 -220.64397
10294.12109 -189.76196
10296.81152 -204.36221
10299.50781 -204.37703
10302.20605 -205.55630
10304.89844 -181.10771
10307.58008 -220.79160
10310.27441 -216.70506
10312.96875 -213.96788
10315.65820 -179.76294
10318.34863 -205.19183
10321.04492 -210.80417
10323.73145 -211.53326
10326.42969 -174.59901
10329.11719 -216.17723
10331.81055 -212.47667
10334.50586 -208.64944
10337.20117 -182.76094
10339.89160 -207.32317
10342.57617 -208.27739
10345.27344 -206.99550
10347.95996 -117.27287
10350.65332 -219.18086
10353.34766 -206.24800
10356.04102 -206.13940
10358.73047 -182.15982
10361.42676 -205.78860
10364.11719 -216.31299
10366.80273 -212.10521
10369.50195 -176.39052
10372.19531 -226.65495
10374.88281 -221.89981
10377.57715 -209.10013
10380.26562 -178.21732
10382.96094 -214.57881
10385.65332 -209.99515
10388.34375 -208.39212
10391.03613 -170.70123
10393.72266 -205.81982
10396.42188 -219.63069
10399.11133 -205.39914
10401.80664 -193.52539
10404.49609 -201.38004
10407.18652 -210.23650
10409.88379 -212.81914
10412.57617 -173.81783
10415.26270 -211.48909
10417.95703 -218.59805
10420.65039 -209.90594
10423.33984 -176.05690
10426.02930 -214.92241
10428.71973 -212.18489
10431.41602 -205.49922
10434.10938 -151.86607
10436.80078 -207.76646
10439.49414 -208.08397
10442.18262 -216.57127
10444.87695 -173.65961
10447.56738 -207.22099
10450.26270 -217.32542
10452.95410 -210.29657
10455.64551 -182.23592
10458.33789 -216.59384
10461.02539 -223.62079
10463.71875 -210.21523
10466.40723 -179.50322
10469.10254 -208.31294
10471.79785 -212.12473
10474.49023 -209.04773
10477.17969 -178.71629
10479.87305 -209.44867
10482.56641 -212.35333
10485.25391 -212.94542
10487.94824 -181.57997
10490.63672 -212.67535
10493.32617 -209.89099
10496.02344 -208.56351
10498.71484 -169.55273
10501.40625 -216.47301
10504.09961 -212.26314
10506.79199 -209.88786
10509.48047 -179.27458
10512.17578 -210.59013
10514.86426 -210.40504
10517.56055 -207.59949
10520.25195 -175.78870
10522.93848 -207.90338
10525.63574 -210.18495
10528.32910 -211.24075
10531.01660 -177.58795
10533.71094 -217.88408
10536.40039 -206.77826
10539.09668 -203.18909
10541.78711 -185.48628
10544.47852 -211.97874
10547.16992 -218.01872
10549.85742 -204.96664
10552.55078 -185.09074
10555.24512 -206.80785
10557.94043 -212.92476
10560.62988 -209.56911
10563.32031 -171.92709
10566.01660 -208.75482
10568.70898 -211.71718
10571.39551 -215.14940
10574.08984 -172.39095
10576.77734 -210.22395
10579.47168 -206.26384
10582.16699 -203.66631
10584.85742 -167.57959
10587.55371 -207.16629
10590.24414 -208.15739
10592.93066 -214.12579
10595.62988 -174.81783
10598.31836 -212.13953
10601.00586 -213.82642
10603.70117 -207.44037
10606.39648 -195.49561
10609.08691 -212.09537
10611.77734 -220.15976
10614.46875 -210.49713
10617.16211 -182.41695
10619.85449 -201.47728
10622.54883 -202.50900
10625.23828 -207.56136
10627.93359 -178.08243
10630.62305 -207.81685
10633.31445 -208.19270
10636.01074 -206.75464
10638.69727 -175.36569
10641.39062 -204.85300
10644.08301 -204.54675
10646.77734 -206.66974
10649.46680 -177.23816
10652.16211 -216.10397
10654.85254 -212.97940
10657.54297 -205.61552
10660.22949 -179.35262
10662.92090 -202.75261
10665.62012 -202.64749
10668.31445 -203.89389
10671.00195 -170.96356
10673.69727 -208.36157
10676.38770 -206.82185
10679.07812 -204.84732
10681.76953 -122.43467
10684.46191 -211.65395
10687.14844 -209.48740
10689.84766 -209.63074
10692.53516 -164.51996
10695.23047 -206.51802
10697.92578 -210.27069
10700.61523 -208.33194
10703.30664 -173.42799
10705.99805 -215.49005
10708.69043 -208.89310
10711.37695 -208.32513
10714.07129 -189.66191
10716.76562 -204.22662
10719.45898 -207.41289
10722.14941 -207.44640
10724.83984 -178.29240
10727.53027 -243.71872
10730.22852 -211.39058
10732.92090 -204.87013
10735.60742 -177.69514
10738.30176 -209.32237
10740.99609 -230.25540
10743.68555 -211.51819
10746.38086 -179.63054
10749.06641 -208.60002
10751.75684 -211.98106
10754.44824 -213.58075
10757.14062 -172.39780
10759.83984 -205.15404
10762.52832 -207.58163
10765.21680 -208.06628
10767.91211 -174.69548
10770.60156 -214.13034
10773.29883 -212.63943
10775.99023 -208.67111
10778.68164 -172.48723
10781.37500 -216.14320
10784.06250 -219.44334
10786.75684 -207.53455
10789.45117 -180.48175
10792.14062 -201.71385
10794.83008 -204.45117
10797.52734 -213.98055
10800.21289 -177.41435
10802.90527 -205.61440
10805.59766 -205.57301
10808.29102 -211.69650
10810.98535 -179.32097
10813.67383 -210.67679
10816.36914 -209.31145
10819.06055 -209.15343
10821.75195 -174.44011
10824.44238 -206.52267
10827.13477 -212.43343
10829.82812 -217.72815
10832.52148 -173.05255
10835.20996 -211.18269
10837.90430 -205.24272
10840.60059 -205.81767
10843.28516 -175.69295
10845.98145 -208.52338
10848.67285 -215.82755
10851.36621 -214.41434
10854.05859 -182.53369
10856.74609 -209.31262
10859.44141 -203.24229
10862.13477 -200.85269
10864.82520 -184.49075
10867.51562 -201.72882
10870.20605 -211.54358
10872.90430 -205.09172
10875.59668 -180.12068
10878.29004 -210.30984
10880.97656 -208.14775
10883.66602 -214.78293
10886.35547 -167.24323
10889.05078 -230.19945
10891.74707 -211.15623
10894.43164 -203.17764
10897.12891 -173.57993
10899.81543 -209.17714
10902.50879 -215.65294
10905.20312 -208.04718
10907.89648 -167.07811
10910.58594 -202.97981
10913.28125 -201.23477
10915.97168 -200.71898
10918.66309 -175.88783
10921.35547 -206.87061
10924.05273 -213.29068
10926.73926 -204.13919
10929.42773 -157.20134
10932.12793 -203.99458
10934.81641 -221.76221
10937.50586 -206.07085
10940.19629 -188.01083
10942.89453 -203.72908
10945.58594 -208.59395
10948.27734 -214.64824
10950.96484 -175.91782
10953.66406 -210.96640
10956.35254 -209.28539
10959.04199 -217.27158
10961.73047 -175.41562
10964.42773 -214.60678
10967.11914 -208.93185
10969.81055 -208.60083
10972.50195 -176.69208
10975.19531 -202.84187
10977.88281 -205.03412
10980.57715 -215.89963
10983.26660 -174.69667
10985.96191 -203.76054
10988.65234 -210.05927
10991.34277 -210.91466
10994.03418 -176.69893
10996.73242 -215.80078
10999.41895 -206.75658
11002.11328 -202.89954
11004.81348 -172.28741
11007.50098 -203.61678
11010.18457 -204.44249
11012.88086 -222.43437
11015.57715 -99.97955
11018.26953 -212.02554
11020.95605 -211.21138
11023.65332 -202.27350
11026.34180 -187.19321
11029.04199 -204.38753
11031.72363 -204.22250
11034.41895 -204.79013
11037.11523 -181.33018
11039.79980 -204.08984
11042.49121 -204.78821
11045.18359 -203.60217
11047.88184 -180.64221
11050.57520 -209.68304
11053.26270 -213.98454
11055.95703 -208.82594
11058.64648 -166.18692
11061.33594 -205.83150
11064.03223 -213.54955
11066.72363 -209.20970
11069.41504 -183.34898
11072.10840 -205.90569
11074.80078 -205.36354
11077.48828 -204.07910
11080.18359 -167.28951
11082.87695 -203.19765
11085.56738 -203.93401
11088.25684 -202.42462
11090.95508 -176.65048
11093.64648 -200.87779
11096.33789 -211.24718
11099.02441 -216.38400
11101.71875 -178.66356
11104.41309 -209.18633
11107.10742 -210.73531
11109.79590 -208.69604
11112.48633 -175.73433
11115.17676 -214.22723
11117.86914 -208.58000
11120.55469 -200.24158
11123.25293 -176.11960
11125.95215 -206.55029
11128.64062 -211.35922
11131.32910 -209.23961
11134.02344 -179.47810
11136.71387 -200.37134
11139.40430 -204.29869
11142.10059 -211.75134
11144.78613 -170.72878
11147.47949 -206.90416
11150.17188 -206.63647
11152.86621 -207.44038
11155.56055 -188.84215
11158.25000 -207.10870
11160.94531 -206.84996
11163.63477 -202.73276
11166.32617 -163.02681
11169.01758 -217.23763
11171.70898 -210.63562
11174.40234 -205.74825
11177.08887 -181.36737
11179.78320 -209.67522
11182.47852 -211.14226
11185.16699 -212.31496
11187.86230 -168.89742
11190.55273 -204.72443
11193.24414 -199.87111
11195.93652 -200.04138
11198.62891 -173.16457
11201.32227 -205.94589
11204.01562 -205.66771
11206.70410 -207.37628
11209.39844 -166.55547
11212.08887 -201.44203
11214.78418 -209.14185
11217.46973 -208.25378
11220.16699 -180.95863
11222.85254 -200.52591
11225.55176 -205.51218
11228.23828 -205.12672
11230.93262 -167.60925
11233.62793 -212.57513
11236.31738 -208.51033
11239.01270 -204.87949
11241.70312 -178.57875
11244.39453 -214.46306
11247.08594 -203.02051
11249.77734 -198.34344
11252.47070 -184.69196
11255.15820 -201.73161
11257.85254 -207.57664
11260.54199 -205.58426
11263.23145 -174.19925
11265.92773 -202.64922
11268.62402 -208.09686
11271.31641 -204.68802
11274.00195 -172.26917
11276.69434 -204.37488
11279.38672 -205.96996
11282.08105 -222.61778
11284.77539 -179.70787
11287.46484 -210.58759
11290.15430 -214.34970
11292.85059 -204.44740
11295.54199 -176.44278
11298.22754 -211.95819
11300.92578 -205.30930
11303.61816 -201.43929
11306.31250 -181.53407
11309.00000 -199.89218
11311.69434 -212.77319
11314.38379 -207.36426
11317.07422 -178.74097
11319.76465 -204.20367
11322.46094 -202.88956
11325.15234 -205.37926
11327.84570 -190.86476
11330.53223 -213.93547
11333.22656 -213.61554
11335.91992 -209.16322
11338.61523 -171.55090
11341.30469 -204.20659
11343.99414 -211.80394
11346.69141 -220.11563
11349.38281 -157.93498
11352.07520 -217.66716
11354.76660 -212.40056
11357.45508 -205.02771
11360.15430 -166.23994
11362.84277 -203.17149
11365.53125 -204.05139
11368.22168 -203.97002
11370.91797 -172.79892
11373.60840 -216.09117
11376.29980 -216.60721
11378.99219 -207.57164
11381.67871 -173.88725
11384.37109 -206.03819
11387.06543 -199.50662
11389.75977 -197.52527
11392.45508 -181.91980
11395.13867 -201.64818
11397.83594 -207.11342
11400.52637 -205.98271
11403.21777 -181.63588
11405.91602 -215.85573
11408.60254 -224.92479
11411.29004 -204.44405
11413.98438 -179.00627
11416.68457 -207.53253
11419.37402 -204.93417
11422.06445 -202.35081
11424.75488 -166.87759
11427.44531 -204.25064
11430.14258 -206.07076
11432.83594 -203.16600
11435.52148 -174.71205
11438.21484 -200.49898
11440.90332 -207.65222
11443.59766 -209.61839
11446.29395 -171.97061
11448.98340 -203.59196
11451.67383 -206.33806
11454.36426 -214.66759
11457.05664 -180.74113
11459.75488 -211.32401
11462.44141 -206.59840
11465.13574 -203.58495
11467.83008 -168.28201
11470.51758 -207.94116
11473.21289 -212.60472
11475.89746 -209.36469
11478.59375 -170.87560
11481.28418 -204.81221
11483.98340 -215.16728
11486.66895 -207.56274
11489.36133 -175.45961
11492.05566 -217.12282
11494.74219 -214.77719
11497.43750 -208.44498
11500.12695 -180.41080
11502.82324 -203.91939
11505.51367 -206.42572
11508.20410 -204.63567
11510.89648 -171.44214
11513.58887 -213.47885
11516.28125 -206.84959
11518.97461 -205.01631
11521.66211 -179.52602
11524.35742 -207.50407
11527.04688 -215.65903
11529.74219 -209.73711
11532.44043 -169.91476
11535.12500 -210.65721
11537.82227 -213.38748
11540.50781 -206.54329
11543.20117 -173.62669
11545.89453 -212.26524
11548.58301 -207.97234
11551.27734 -206.46848
11553.96582 -171.51241
11556.66211 -204.89015
11559.35938 -203.72878
11562.04297 -202.97859
11564.74121 -187.66023
11567.42773 -206.88959
11570.12109 -204.76920
11572.81348 -200.02464
11575.50781 -165.50560
11578.20312 -205.76448
11580.89062 -205.64149
11583.58203 -201.87282
11586.27832 -170.24016
11588.96875 -204.98932
11591.66016 -206.29616
11594.35156 -209.72414
11597.04492 -175.26048
11599.73145 -206.53723
11602.42578 -203.54254
11605.11523 -205.95352
11607.80859 -176.05219
11610.50586 -201.70200
11613.19531 -207.65468
11615.88672 -206.43163
11618.58398 -183.20195
11621.27539 -205.36124
11623.95508 -210.54875
11626.64941 -208.20966
11629.34375 -177.64113
11632.03711 -207.93123
11634.72559 -202.86064
11637.42188 -201.61111
11640.11133 -166.48814
11642.80273 -208.67242
11645.49902 -208.26633
11648.19238 -215.85562
11650.87793 -178.46741
11653.57031 -209.50494
11656.26465 -211.88701
11658.95898 -207.12457
11661.64648 -181.91565
11664.34375 -203.26837
11667.03223 -202.96704
11669.72852 -204.64810
11672.41406 -173.52821
11675.11230 -208.66977
11677.79785 -207.46892
11680.49023 -203.75693
11683.18457 -101.22832
11685.87109 -209.72449
11688.56641 -211.38625
11691.26172 -205.09515
11693.95117 -197.95854
11696.64844 -202.74857
11699.33203 -209.29953
11702.03027 -203.57045
11704.72266 -180.90558
11707.41406 -213.92090
11710.10840 -207.50304
11712.80273 -202.55191
11715.49023 -174.79198
11718.17871 -209.90527
11720.87500 -215.05832
11723.56445 -213.29544
11726.25488 -160.74631
11728.95312 -210.26398
11731.63867 -214.64934
11734.33691 -216.68275
11737.02344 -181.09274
11739.71680 -216.82004
11742.40430 -213.33400
11745.10645 -204.05988
11747.78906 -176.61563
11750.48438 -202.11131
11753.17480 -210.32617
11755.86719 -208.36296
11758.56445 -184.66368
11761.25586 -207.39046
11763.94922 -205.73935
11766.63574 -205.42670
11769.32422 -151.33272
11772.01758 -209.27350
11774.70703 -202.63898
11777.41016 -200.83223
11780.09863 -189.88730
11782.78906 -202.98253
11785.48047 -211.69649
11788.17285 -209.02554
11790.86523 -166.14960
11793.55859 -206.80746
11796.25195 -204.36754
11798.93945 -209.67436
11801.62891 -179.18156
11804.32422 -211.67371
11807.01270 -205.06752
11809.70898 -202.39062
11812.40137 -170.26740
11815.09277 -228.67256
11817.78418 -217.47560
11820.47070 -205.03972
11823.16406 -175.29565
11825.85840 -201.47223
11828.55273 -206.71446
11831.24805 -208.84082
11833.93652 -170.32990
11836.62695 -206.46216
11839.32422 -205.55785
11842.01562 -203.68027
11844.69922 -176.72810
11847.39844 -206.89848
11850.08594 -203.75392
11852.77930 -201.34334
11855.47363 -167.16922
11858.16211 -210.71678
11860.85742 -211.12576
11863.55371 -209.42949
11866.24219 -170.43851
11868.93457 -209.71669
11871.62500 -209.04277
11874.31738 -210.45584
11877.00977 -166.44539
11879.70215 -204.86237
11882.39062 -206.47842
11885.07812 -216.81206
11887.77930 -178.53056
11890.46094 -205.51286
11893.15820 -210.47099
11895.85449 -208.24571
11898.54590 -170.17552
11901.23828 -204.07747
11903.92383 -215.70726
11906.62207 -208.35640
11909.30859 -183.38208
11912.00293 -212.93265
11914.69727 -209.45708
11917.38672 -219.61807
11920.08203 -166.58105
11922.77246 -203.12740
11925.45508 -204.78973
11928.15918 -203.95531
11930.84473 -176.62366
11933.53711 -226.23248
11936.23047 -219.89735
11938.91699 -210.65016
11941.61719 -172.44563
11944.31250 -204.17439
11947.00098 -216.20572
11949.68945 -214.89526
11952.38086 -187.31032
11955.07715 -213.37799
11957.76855 -214.18224
11960.45996 -207.22168
11963.15332 -165.22224
11965.84570 -209.78580
11968.53320 -217.23218
11971.22656 -205.78534
11973.92188 -171.54453
11976.61035 -201.21565
11979.30078 -203.41161
11981.99707 -205.00745
11984.68750 -170.03992
11987.38477 -216.86176
11990.06348 -212.65663
11992.76270 -212.02007
11995.45703 -177.58960
11998.14941 -208.52722
12000.83789 -204.97000
12003.52539 -207.82249
12006.22070 -170.64531
12008.91699 -207.55438
12011.60742 -211.35713
12014.29785 -217.05704
12016.99023 -127.52387
12019.68164 -203.03387
12022.37402 -202.09883
12025.06738 -205.25711
12027.75977 -169.99370
12030.44824 -205.51534
12033.14355 -215.02736
12035.83887 -205.65231
12038.52734 -172.68375
12041.21875 -211.96358
12043.90820 -207.78204
12046.60059 -207.03368
12049.29883 -171.58690
12051.98438 -206.56021
12054.67188 -203.98163
12057.37207 -203.48499
12060.06641 -171.48854
12062.75391 -211.42940
12065.44336 -207.60519
12068.13965 -205.92816
12070.83008 -168.55989
12073.52051 -201.28044
12076.21875 -204.67451
12078.90430 -201.14357
12081.59570 -172.99918
12084.28906 -209.36520
12086.98242 -210.71396
12089.67676 -217.08264
12092.36523 -166.00752
12095.05371 -207.75693
12097.75000 -208.54182
12100.44043 -203.79167
12103.13086 -169.73102
12105.82227 -207.73494
12108.51465 -216.30841
12111.20703 -219.70833
12113.90039 -176.94565
12116.59277 -201.78236
12119.28125 -206.72987
12121.97656 -206.62308
12124.67188 -172.99007
12127.36133 -204.42996
12130.05762 -207.14626
12132.74805 -207.80809
12135.43945 -182.90176
12138.13086 -200.94754
12140.82422 -208.21017
12143.51660 -207.19270
12146.20312 -175.97173
12148.89746 -202.58830
12151.59180 -203.27150
12154.28125 -206.75009
12156.97656 -179.82957
12159.66699 -203.91640
12162.35742 -207.58972
12165.04883 -207.90718
12167.74023 -174.18304
12170.43164 -209.43126
12173.12500 -211.96872
12175.81934 -202.79460
12178.50586 -169.97514
12181.20117 -211.99837
12183.88867 -212.36989
12186.58398 -209.88145
12189.28125 -178.05922
12191.97168 -208.32951
12194.65625 -211.29713
12197.35449 -221.56271
12200.04688 -172.09013
12202.74512 -217.68706
12205.42578 -209.09401
12208.12012 -204.73175
12210.81445 -177.70894
12213.50195 -211.39990
12216.19922 -222.01595
12218.88770 -202.95879
12221.57812 -175.53638
12224.27539 -205.83562
12226.96680 -210.94487
12229.65820 -206.40800
12232.34473 -177.87628
12235.04395 -209.97572
12237.73242 -207.79602
12240.42578 -201.77827
12243.11426 -170.41354
12245.80957 -203.65295
12248.50586 -208.20923
12251.19531 -207.45831
12253.88574 -169.20605
12256.57715 -202.03079
12259.26855 -206.23503
12261.96191 -206.21233
12264.65430 -159.64938
12267.34766 -207.79070
12270.03516 -206.69061
12272.72949 -201.62431
12275.42480 -174.49844
12278.11426 -208.26195
12280.80469 -214.44772
12283.50098 -213.65300
12286.19141 -177.20760
12288.88281 -199.66234
12291.56836 -206.17400
12294.26758 -211.79532
12296.96191 -183.62221
12299.64844 -203.48865
12302.34277 -210.00124
12305.03125 -221.75369
12307.71973 -174.60326
12310.41602 -203.70329
12313.11328 -206.67442
12315.80273 -203.46849
12318.49512 -176.36592
12321.18066 -212.35207
12323.87207 -213.84875
12326.57227 -203.22487
12329.26562 -174.85184
12331.95312 -207.30966
12334.64062 -205.62546
12337.33594 -212.58447
12340.02539 -175.79779
12342.72266 -204.95328
12345.41211 -207.89522
12348.10352 -206.04927
12350.79492 -118.90179
12353.48047 -208.19902
12356.18652 -208.86610
12358.86621 -211.93021
12361.56055 -177.17535
12364.25391 -200.14832
12366.94922 -208.23721
12369.64453 -216.40929
12372.32812 -171.67374
12375.02441 -210.55872
12377.72266 -212.92322
12380.41211 -207.27310
12383.09766 -173.89604
12385.79004 -206.96928
12388.48242 -204.34065
12391.17676 -199.88899
12393.86328 -163.55986
12396.55859 -209.32291
12399.25391 -200.90028
12401.94238 -199.80472
12404.63867 -188.37321
12407.32910 -203.11313
12410.02051 -208.43279
12412.71094 -215.04094
12415.40430 -191.30426
12418.09570 -204.67746
12420.78223 -212.61549
12423.48242 -211.30447
12426.17090 -174.12611
12428.86523 -206.51303
12431.55371 -203.99852
12434.24902 -198.49782
12436.93945 -151.67021
12439.63672 -202.75491
12442.32031 -213.17752
12445.01953 -203.21237
12447.71094 -178.86118
12450.39648 -201.79849
12453.09668 -205.36435
12455.78516 -204.20209
12458.47168 -166.87267
12461.16699 -200.77217
12463.85645 -211.25500
12466.54492 -211.41205
12469.24219 -178.30499
12471.93945 -210.75055
12474.62402 -205.42726
12477.32227 -213.97141
12480.01465 -165.03520
12482.70703 -207.23825
12485.39453 -211.83669
12488.08691 -211.58742
12490.78223 -170.97571
12493.47070 -211.53012
12496.16602 -209.63214
12498.85645 -211.48643
12501.54492 -178.25652
12504.23730 -204.63310
12506.92773 -207.10861
12509.61914 -224.25693
12512.31250 -175.75845
12515.01172 -202.71190
12517.70508 -205.48814
12520.39160 -200.33528
12523.08008 -166.16075
12525.77539 -206.20084
12528.47168 -214.82059
12531.16113 -210.43831
12533.85156 -172.70679
12536.54199 -205.67729
12539.23926 -213.36140
12541.92480 -208.35580
12544.61719 -168.13190
12547.30957 -205.13026
12550.00391 -203.50807
12552.69043 -200.75870
12555.38574 -177.69376
12558.08105 -205.69600
12560.77051 -212.27875
12563.45898 -201.24332
12566.15723 -182.12222
12568.84766 -206.16273
12571.53809 -207.44519
12574.22363 -210.32062
12576.92285 -184.86240
12579.61523 -207.18669
12582.30957 -210.66673
12584.99609 -204.75142
12587.69141 -169.28780
12590.37988 -207.48367
12593.07617 -206.00293
12595.76562 -204.71968
12598.45605 -181.90518
12601.14648 -204.67876
12603.84570 -210.72420
12606.52930 -203.18806
12609.22852 -174.77972
12611.91504 -212.68739
12614.60840 -214.48578
12617.30371 -207.99432
12619.99023 -179.29118
12622.68555 -206.60541
12625.38184 -206.63914
12628.07129 -204.56487
12630.76172 -172.69484
12633.44531 -200.51268
12636.14355 -202.17183
12638.83594 -206.06929
12641.53418 -181.04070
12644.22070 -212.39973
12646.91406 -212.54282
12649.60840 -208.56065
12652.29590 -175.07828
12654.99121 -206.57878
12657.68652 -209.98132
12660.37012 -201.85907
12663.06641 -172.73177
12665.75781 -205.25830
12668.44824 -205.85811
12671.14062 -211.96960
12673.83301 -174.72864
12676.52539 -201.05969
12679.21875 -203.54465
12681.90625 -203.74211
12684.60059 -126.83170
12687.29590 -212.88440
12689.98535 -211.57629
12692.68066 -204.18547
12695.36328 -179.83040
12698.06152 -202.46603
12700.75977 -202.46571
12703.44531 -204.91502
12706.13672 -168.02882
12708.82910 -208.82521
12711.52246 -210.72345
12714.21680 -203.31927
12716.90430 -179.25504
12719.59961 -206.35706
12722.28711 -205.58705
12724.97656 -211.51538
12727.67383 -177.54774
12730.36328 -215.42236
12733.05566 -204.72916
12735.74707 -201.26703
12738.43848 -165.56799
12741.13184 -207.32025
12743.82422 -205.58394
12746.52539 -203.86465
12749.20508 -178.65472
12751.90039 -199.82358
12754.59570 -204.07799
12757.28516 -206.31076
12759.98145 -167.08919
12762.67188 -210.88828
12765.35547 -209.32933
12768.05469 -207.27654
12770.74609 -171.55750
12773.43848 -216.78685
12776.13184 -210.94902
12778.81836 -200.21329
12781.51270 -174.28813
12784.20703 -210.15041
12786.89551 -217.48070
12789.59082 -207.86426
12792.28027 -178.75496
12794.97070 -201.57295
12797.66797 -202.91451
12800.35938 -206.86772
12803.05078 -168.33174
12805.74316 -209.05817
12808.42871 -208.73279
12811.12207 -207.53185
12813.81641 -184.88167
12816.50391 -211.36487
12819.20508 -208.89941
12821.88672 -208.90381
12824.58398 -174.33130
12827.28027 -204.59119
12829.97070 -207.94344
12832.66113 -211.02280
12835.35254 -183.07033
12838.04492 -217.38828
12840.73047 -216.55119
12843.42969 -208.04436
12846.11719 -163.11655
12848.81836 -212.76125
12851.50586 -214.04567
12854.19434 -206.98029
12856.89062 -175.03934
12859.58008 -205.56599
12862.26953 -202.59912
12864.96094 -204.22758
12867.65820 -176.88016
12870.35059 -211.55003
12873.04199 -204.44322
12875.73438 -204.29634
12878.42188 -172.10786
12881.11523 -203.10789
12883.80957 -204.89565
12886.49805 -204.12173
12889.19434 -170.55438
12891.88281 -212.64114
12894.57227 -206.59799
12897.26953 -207.57159
12899.96094 -179.04195
12902.65234 -205.55731
12905.34375 -205.38658
12908.03613 -201.44702
12910.73047 -177.88426
12913.41602 -203.18214
12916.11133 -199.86908
12918.80469 -200.23029
12921.49316 -172.42502
12924.18164 -205.43115
12926.87891 -212.44542
12929.56836 -207.77768
12932.26562 -161.54546
12934.95703 -201.74132
12937.64160 -204.50151
12940.34082 -206.79645
12943.03320 -178.18158
12945.71875 -225.83875
12948.41309 -208.08282
12951.10742 -208.22876
12953.80273 -169.54865
12956.49805 -200.39551
12959.18750 -201.81427
12961.87598 -203.27843
12964.56641 -176.74763
12967.25684 -200.64156
12969.94922 -204.59509
12972.64062 -202.47279
12975.33984 -171.57355
12978.02539 -202.25995
12980.71875 -204.35143
12983.41211 -208.06963
12986.09961 -180.53778
12988.79492 -205.45340
12991.48340 -217.74150
12994.17969 -207.02026
12996.86914 -192.75291
12999.56641 -207.64426
13002.25684 -206.86845
13004.94922 -217.09915
13007.64062 -171.28577
13010.32617 -209.80313
13013.02637 -223.60435
13015.71875 -215.88979
13018.40625 -108.88376
13021.10156 -210.24672
13023.78906 -212.26332
13026.48438 -208.02905
13029.17383 -176.20474
13031.87012 -208.39085
13034.56055 -213.46758
13037.25195 -206.80406
13039.94238 -183.85002
13042.63574 -207.73074
13045.32031 -203.79111
13048.01953 -202.53494
13050.70703 -181.66010
13053.40039 -205.36766
13056.09570 -208.65688
13058.78418 -208.44341
13061.47949 -168.39639
13064.16895 -203.07584
13066.86621 -208.14810
13069.55566 -208.87494
13072.24707 -174.73430
13074.94629 -206.90715
13077.63086 -206.53600
13080.32324 -209.24913
13083.00879 -170.60907
13085.70898 -203.31970
13088.39746 -204.03804
13091.08398 -204.12025
13093.77930 -173.19009
13096.47559 -210.51692
13099.16504 -209.77077
13101.86133 -212.09502
13104.55176 -168.83644
13107.23535 -201.89439
13109.93359 -203.44356
13112.63281 -205.62616
13115.31836 -175.39975
13118.01172 -212.46220
13120.70508 -204.71161
13123.39258 -207.87579
13126.08789 -170.34665
13128.77539 -205.34488
13131.46387 -205.68404
13134.16016 -201.48044
13136.85059 -175.85515
13139.54688 -201.57834
13142.23145 -201.12579
13144.93066 -204.37662
13147.62207 -174.63647
13150.31445 -209.97437
13153.00781 -214.60210
13155.69336 -207.88794
13158.38770 -180.72545
13161.08301 -203.48462
13163.77832 -203.85010
13166.46582 -204.47015
13169.16211 -176.01959
13171.84570 -214.96094
13174.54297 -217.86557
13177.23438 -212.19124
13179.92578 -195.46277
13182.61719 -202.27185
13185.30859 -202.98557
13187.99609 -206.24231
13190.68848 -162.68356
13193.38281 -202.62338
13196.07617 -203.93187
13198.76465 -207.25314
13201.46094 -178.93094
13204.15820 -221.76469
13206.83984 -209.44951
13209.53711 -208.80299
13212.23535 -167.63826
13214.92578 -201.72256
13217.61133 -210.66045
13220.31055 -211.86617
13222.99609 -175.42003
13225.68945 -220.68233
13228.38281 -224.82889
13231.07031 -207.56631
13233.76562 -176.52031
13236.46094 -207.29309
13239.15039 -201.71535
13241.83984 -200.49318
13244.53613 -180.52393
13247.22754 -215.73724
13249.91797 -211.40645
13252.60938 -202.88831
13255.30176 -168.28246
13257.99414 -206.94722
13260.68848 -207.69530
13263.37402 -207.12816
13266.06934 -178.82968
13268.75586 -201.21828
13271.45898 -206.13345
13274.14062 -210.99268
13276.83008 -175.72493
13279.53516 -201.89796
13282.22559 -203.98729
13284.90820 -203.46606
13287.60742 -177.76436
13290.29199 -209.61974
13292.98438 -215.05054
13295.68457 -209.05637
13298.37109 -169.69554
13301.06543 -210.31627
13303.75195 -203.99524
13306.45508 -199.99469
13309.14258 -181.62238
13311.83203 -210.96904
13314.52246 -215.27158
13317.21875 -208.15392
13319.91113 -171.59818
13322.60156 -200.71155
13325.28516 -202.85783
13327.98633 -203.86864
13330.67188 -183.28864
13333.37109 -204.20087
13336.05859 -205.33743
13338.75195 -210.98836
13341.44727 -173.64079
13344.13574 -202.40929
13346.82520 -209.54335
13349.52148 -204.04820
13352.21191 -130.61618
13354.91016 -206.03096
13357.59277 -216.15041
13360.29199 -203.42285
13362.97656 -173.48758
13365.67578 -202.65704
13368.36133 -203.73453
13371.05566 -203.34216
13373.75000 -170.71045
13376.43750 -211.57115
13379.13281 -206.33926
13381.82129 -199.76132
13384.51758 -173.68216
13387.20703 -205.11249
13389.89746 -221.70224
13392.58789 -204.89761
13395.28711 -174.08748
13397.97852 -205.99194
13400.66992 -212.42317
13403.36328 -208.77377
13406.04980 -172.49750
13408.74219 -211.96933
13411.43750 -209.47319
13414.13184 -205.48747
13416.82129 -183.04456
13419.50977 -208.13351
13422.20605 -213.42101
13424.89648 -203.45511
13427.58691 -176.70671
13430.28418 -208.04813
13432.97656 -204.53365
13435.66016 -200.33253
13438.35352 -171.12512
13441.04590 -199.85446
13443.73926 -211.04834
13446.43359 -207.66843
13449.12109 -182.44315
13451.81641 -202.46399
13454.50391 -207.06137
13457.20117 -214.16414
13459.89062 -176.91814
13462.57910 -202.32785
13465.27832 -203.35306
13467.96094 -202.44693
13470.66016 -180.49818
13473.34473 -208.25275
13476.04492 -209.32986
13478.73047 -203.64017
13481.42480 -180.08891
13484.11914 -204.37245
13486.80664 -207.46599
13489.50195 -216.30583
13492.19727 -180.48969
13494.88672 -200.45563
13497.57617 -206.12096
13500.26562 -211.60779
13502.95703 -170.55986
13505.64648 -207.67529
13508.34766 -212.23537
13511.03125 -212.63338
13513.72461 -162.06429
13516.42480 -204.56825
13519.11914 -213.79245
13521.80566 -210.70541
13524.50098 -187.08527
13527.18848 -203.65546
13529.87695 -207.45488
13532.56641 -207.76529
13535.27148 -176.17316
13537.95996 -210.25630
13540.65234 -212.12437
13543.34180 -209.81311
13546.02637 -177.09190
13548.72656 -206.39806
13551.41992 -202.83705
13554.10547 -201.54874
13556.80664 -162.45222
13559.49316 -212.45407
13562.18164 -211.53584
13564.87695 -205.34106
13567.56445 -174.53720
13570.26172 -208.96684
13572.95898 -214.58572
13575.64941 -220.13245
13578.33984 -180.76927
13581.03125 -208.69731
13583.72266 -209.70265
13586.41504 -198.24838
13589.10742 -177.98239
13591.79297 -204.27264
13594.49414 -210.22942
13597.18262 -204.56261
13599.87695 -171.39751
13602.56445 -199.36696
13605.25391 -202.58980
13607.95020 -209.07210
13610.63965 -176.90504
13613.33789 -206.80013
13616.02051 -206.04323
13618.71973 -205.97847
13621.41113 -171.32439
13624.10352 -217.03073
13626.78809 -205.73314
13629.48242 -200.91391
13632.17676 -169.67351
13634.87109 -203.11758
13637.56641 -215.04448
13640.25391 -205.08672
13642.94141 -164.43059
13645.63867 -201.94495
13648.33594 -200.15454
13651.01758 -214.78532
13653.71680 -187.29974
13656.40723 -202.58771
13659.09961 -205.90977
13661.79199 -211.48279
13664.48438 -176.07617
13667.16992 -202.68538
13669.86426 -205.49463
13672.55859 -205.72502
13675.24512 -176.63699
13677.94141 -211.96957
13680.63672 -207.40143
13683.31934 -211.89259
13686.01562 -111.64324
13688.70605 -223.30333
13691.40430 -204.55247
13694.08691 -203.30034
13696.78711 -178.69946
13699.47168 -203.84303
13702.16406 -205.10130
13704.85742 -203.65164
13707.55078 -183.14030
13710.24512 -209.61813
13712.93945 -200.81975
13715.62695 -199.53897
13718.32422 -184.31180
13721.01172 -212.33539
13723.70996 -212.07179
13726.39160 -206.86850
13729.08984 -173.50655
13731.78125 -202.20222
13734.47266 -201.28113
13737.17188 -200.43204
13739.85742 -169.21989
13742.54297 -215.56406
13745.23535 -206.28255
13747.93750 -203.33330
13750.62500 -171.60333
13753.31152 -208.24341
13756.01562 -209.32140
13758.70508 -198.28638
13761.39453 -177.03661
13764.08301 -203.72592
13766.77344 -208.14023
13769.47168 -203.41759
13772.16309 -151.63861
13774.84766 -201.00404
13777.54004 -209.23247
13780.24023 -205.15569
13782.92578 -171.63469
13785.62012 -203.79677
13788.31445 -206.86935
13791.00195 -208.17833
13793.69043 -178.27922
13796.39453 -210.38242
13799.08203 -212.16783
13801.77246 -206.36758
13804.47070 -176.31946
13807.16016 -204.84200
13809.85156 -206.07283
13812.53516 -203.75452
13815.23535 -173.45241
13817.91992 -203.57895
13820.61426 -207.82938
13823.30664 -205.36826
13826.00098 -175.95419
13828.68945 -202.86380
13831.38477 -223.54103
13834.07227 -202.56345
13836.76855 -167.23930
13839.46484 -211.22192
13842.14746 -209.60730
13844.83789 -222.50433
13847.53711 -179.34517
13850.22852 -211.44580
13852.91992 -213.28851
13855.61133 -213.67168
13858.30566 -173.60672
13860.99805 -207.74568
13863.69238 -207.46928
13866.37891 -209.68413
13869.07422 -176.22041
13871.76270 -206.96397
13874.45801 -213.41292
13877.14746 -210.71635
13879.84473 -186.77812
13882.52734 -222.13745
13885.22461 -208.50368
13887.90918 -210.20644
13890.60742 -185.59242
13893.29980 -205.69188
13895.98535 -215.38675
13898.68555 -201.58455
13901.37891 -170.11977
13904.06641 -208.97977
13906.75977 -205.10252
13909.45508 -203.78226
13912.14355 -179.84683
13914.83984 -202.16115
13917.52930 -212.88089
13920.21973 -208.79787
13922.90918 -172.90648
13925.60059 -207.11374
13928.29102 -207.03259
13930.98242 -211.11539
13933.68262 -178.95853
13936.37598 -201.81274
13939.06152 -203.42424
13941.75586 -206.77461
13944.44922 -177.16164
13947.14453 -203.97993
13949.83301 -201.68677
13952.52051 -199.69666
13955.20996 -180.08952
13957.90625 -202.32123
13960.59668 -207.89165
13963.29492 -207.05249
13965.98535 -168.10565
13968.67676 -202.42188
13971.36133 -206.61748
13974.06152 -202.29668
13976.74707 -181.06346
13979.43945 -201.55287
13982.13379 -205.41458
13984.82812 -203.12086
13987.51562 -167.77905
13990.21094 -206.25787
13992.90820 -203.44075
13995.59570 -202.36903
13998.28516 -177.63184
14000.97559 -207.23897
14003.67285 -216.30472
14006.36523 -206.86906
14009.05664 -172.10396
14011.74805 -198.18436
14014.43262 -200.38243
14017.12500 -203.44933
14019.81934 -135.46416
14022.51367 -199.89746
14025.20020 -223.77042
14027.90234 -207.73489
14030.59082 -176.67064
14033.28027 -202.29834
14035.97656 -199.72452
14038.66602 -203.52391
14041.35547 -177.80258
14044.04688 -213.93568
14046.73730 -216.22925
14049.42871 -207.90016
14052.12891 -174.39459
14054.82031 -206.93883
14057.51367 -203.55779
14060.20703 -207.39897
14062.89453 -189.03401
14065.58789 -218.01479
14068.28320 -209.89131
14070.97168 -204.58321
14073.66016 -170.94601
14076.34863 -224.76337
14079.03809 -202.77251
14081.73633 -203.60812
14084.42578 -169.84096
14087.11816 -210.82410
14089.81641 -213.28993
14092.50098 -203.43805
14095.20117 -167.74974
14097.88672 -209.25189
14100.58789 -210.40782
14103.26660 -208.66800
14105.96191 -174.12291
14108.65625 -209.45464
14111.35254 -211.63358
14114.04785 -218.05354
14116.72949 -166.78050
14119.42578 -204.23619
14122.11719 -199.44664
14124.80664 -200.40665
14127.50586 -176.05763
14130.18945 -225.05498
14132.88965 -208.48259
14135.58203 -215.56242
14138.26660 -177.58099
14140.96094 -203.51628
14143.65430 -212.61110
14146.34180 -207.86096
14149.03711 -185.51561
14151.73242 -207.29916
14154.41992 -211.78284
14157.11719 -207.78331
14159.81445 -180.34256
14162.49609 -210.76402
14165.19434 -211.69928
14167.87695 -222.30402
14170.57715 -176.84091
14173.26074 -200.65405
14175.95312 -203.05737
14178.65332 -208.43532
14181.33984 -167.30835
14184.03320 -203.25258
14186.72852 -205.58716
14189.42285 -209.12498
14192.10352 -175.76195
14194.79883 -202.50456
14197.49512 -204.61169
14200.19336 -209.93530
14202.87500 -179.96570
14205.57227 -211.69058
14208.26270 -221.24254
14210.94727 -204.92799
14213.65332 -173.01857
14216.33008 -203.40620
14219.03223 -205.18991
14221.72461 -204.24332
14224.41016 -191.88168
14227.09766 -205.16399
14229.79980 -203.14989
14232.48828 -199.85744
14235.17578 -171.99544
14237.87207 -219.79750
14240.56836 -222.67644
14243.25781 -206.32431
14245.94824 -174.65707
14248.64648 -199.67297
14251.33008 -208.52133
14254.02246 -204.35458
14256.72070 -178.27930
14259.41406 -209.00247
14262.09961 -231.02957
14264.79395 -209.74557
14267.47949 -161.63301
14270.18164 -202.62572
14272.87012 -201.70192
14275.56543 -199.55460
14278.25293 -187.76476
14280.94238 -206.13631
14283.63184 -207.82526
14286.32031 -200.21390
14289.01172 -164.03720
14291.70996 -200.61588
14294.40234 -207.52773
14297.09375 -205.80093
14299.78613 -174.16251
14302.47949 -205.79216
14305.17188 -212.14980
14307.86621 -206.18777
14310.56055 -168.98405
14313.24805 -202.05437
14315.94336 -200.76770
14318.63184 -202.05550
14321.32812 -179.45862
14324.01758 -208.78310
14326.70703 -208.41890
14329.39648 -222.18030
14332.09473 -169.66557
14334.78613 -207.33502
14337.47852 -207.71486
14340.16992 -207.57529
14342.85547 -169.20306
14345.54785 -202.40355
14348.24121 -215.12581
14350.93555 -209.58334
14353.63086 -122.14106
14356.31738 -204.09711
14359.01367 -201.78055
14361.70117 -201.95639
14364.39844 -190.82312
14367.08789 -200.49660
14369.78516 -205.94099
14372.46680 -214.26598
14375.15820 -171.75609
14377.85742 -206.66110
14380.54883 -221.43875
14383.23340 -208.21088
14385.92676 -176.04369
14388.61914 -216.27124
14391.31348 -213.13535
14394.00000 -207.00778
14396.70312 -168.30359
14399.39062 -198.77156
14402.07910 -199.37547
14404.77441 -198.61290
14407.47168 -173.47072
14410.15234 -201.85487
14412.85059 -212.56798
14415.54883 -212.16689
14418.24023 -170.78941
14420.93164 -200.55087
14423.61523 -212.32677
14426.31641 -213.51152
14429.00195 -175.91190
14431.69434 -214.12952
14434.39648 -210.76845
14437.07520 -210.38647
14439.77734 -153.33168
14442.46582 -199.71623
14445.14551 -202.51791
14447.84180 -202.44603
14450.53906 -171.99875
14453.22852 -209.33459
14455.91895 -205.45425
14458.61719 -203.90028
14461.30859 -173.98247
14464.00000 -206.20100
14466.69141 -214.88708
14469.38477 -212.77185
14472.07812 -178.11198
14474.76367 -205.81621
14477.45703 -219.38490
14480.15137 -215.04971
14482.83984 -171.18457
14485.54199 -202.87430
14488.22266 -208.78218
14490.91895 -205.39549
14493.60840 -175.01353
14496.30664 -204.75156
14498.98828 -217.32623
14501.69434 -215.29921
14504.37695 -162.46286
14507.06934 -201.43076
14509.76074 -201.24686
14512.45312 -203.80583
14515.14648 -192.44426
14517.84082 -207.35478
14520.52734 -205.81819
14523.23047 -203.56442
14525.91699 -174.45639
14528.60449 -217.11920
14531.29297 -218.45041
14533.98926 -215.27977
14536.67871 -175.25092
14539.37500 -207.61443
14542.06543 -209.16588
14544.75586 -203.31816
14547.44727 -181.52719
14550.13867 -210.93719
14552.83105 -200.83167
14555.52344 -208.08331
14558.21680 -173.75476
14560.91016 -206.64767
14563.59570 -208.76237
14566.29102 -202.84259
14568.98633 -165.67404
14571.67383 -210.51167
14574.36133 -212.22058
14577.05859 -205.84128
14579.75586 -173.99187
14582.44531 -202.22981
14585.13574 -202.90157
14587.82617 -210.89162
14590.51758 -176.11725
14593.20801 -206.90828
14595.90820 -202.71558
14598.60156 -201.08875
14601.28711 -182.47675
14603.97949 -208.28659
14606.66602 -207.15616
14609.36035 -205.54489
14612.05566 -167.42108
14614.75098 -202.73512
14617.43945 -201.60640
14620.13574 -198.19859
14622.82422 -175.95346
14625.51367 -212.26762
14628.20410 -207.91350
14630.90234 -207.54239
14633.59375 -170.34531
14636.29297 -197.23221
14638.96875 -200.58070
14641.66992 -207.06711
14644.36328 -175.15651
14647.05566 -214.06480
14649.74219 -209.92221
14652.43652 -211.19026
14655.13184 -183.99561
14657.81836 -211.28354
14660.50684 -211.19307
14663.21094 -200.26283
14665.89258 -174.14409
14668.58887 -203.23828
14671.27930 -212.22906
14673.96973 -204.50359
14676.66895 -169.58401
14679.36035 -198.19734
14682.05176 -200.43874
14684.74414 -210.43637
14687.43652 -136.59023
14690.12207 -225.98747
14692.81641 -206.67628
14695.50977 -201.51437
14698.20410 -184.65479
14700.89258 -212.56848
14703.58789 -210.70976
14706.27539 -208.28069
14708.96484 -178.54248
14711.66211 -210.53632
14714.35156 -211.97583
14717.04199 -211.02220
14719.74121 -172.83391
14722.43164 -217.48421
14725.11621 -208.58115
14727.80762 -217.56750
14730.50781 -177.62364
14733.20215 -206.06139
14735.88770 -216.26498
14738.57324 -199.38664
14741.27539 -176.64722
14743.96289 -220.14670
14746.65820 -202.80768
14749.35449 -201.82979
14752.03516 -175.92404
14754.73145 -203.93478
14757.42969 -204.67918
14760.11133 -204.11867
14762.81055 -179.16531
14765.50000 -202.83907
14768.19238 -206.92795
14770.88379 -205.61617
14773.57617 -177.62410
14776.26953 -212.40479
14778.96289 -213.08707
14781.64844 -224.81256
14784.35059 -161.28052
14787.03711 -206.31816
14789.72559 -200.23225
14792.42090 -196.10294
14795.10840 -178.77879
14797.80664 -200.79163
14800.50293 -201.64780
14803.18457 -201.14449
14805.87500 -175.79155
14808.57324 -198.09210
14811.26465 -203.69524
14813.95605 -208.60791
14816.64844 -177.52896
14819.34082 -203.32680
14822.03320 -205.74300
14824.72754 -207.15558
14827.41309 -181.87770
14830.10840 -200.26595
14832.80273 -206.57054
14835.49023 -203.71643
14838.18750 -192.60551
14840.87500 -203.48628
14843.57227 -210.57428
14846.26074 -212.07950
14848.95117 -164.84813
14851.64160 -199.88655
14854.33203 -200.32867
14857.03223 -213.16969
14859.71582 -171.85649
14862.40820 -212.01701
14865.09961 -205.73386
14867.79395 -205.81462
14870.49609 -179.95744
14873.17383 -201.16927
14875.86816 -210.51840
14878.56348 -211.55092
14881.25977 -175.46434
14883.94727 -208.55469
14886.63574 -217.91011
14889.33398 -213.24405
14892.03027 -176.08174
14894.71191 -216.80374
14897.41113 -210.64879
14900.10156 -209.75195
14902.79297 -176.20651
14905.48438 -213.77661
14908.17773 -211.54546
14910.87012 -201.11063
14913.55566 -180.23058
14916.25781 -202.53484
14918.94434 -205.77660
14921.63086 -215.70181
14924.33398 -179.11269
14927.01270 -209.34602
14929.70898 -205.73990
14932.39844 -198.83594
14935.08691 -165.78520
14937.78418 -204.40092
14940.47461 -210.26900
14943.16504 -212.71138
14945.86426 -179.27867
14948.55566 -205.28438
14951.24023 -212.66908
14953.94043 -212.97188
14956.63281 -159.86580
14959.32715 -202.78346
14962.02051 -205.59578
14964.70703 -202.38593
14967.39355 -177.79034
14970.08887 -206.39096
14972.78418 -204.18828
14975.48047 -202.77193
14978.16992 -174.37698
14980.86719 -207.26280
14983.54883 -204.42395
14986.23828 -202.79971
14988.93652 -181.89319
14991.62012 -200.11412
14994.32031 -202.75502
14997.00293 -213.88914
14999.70312 -168.97391
15002.38867 -208.27287
15005.08203 -209.50060
15007.77539 -203.60982
15010.47852 -176.57372
15013.16504 -208.02667
15015.85156 -207.95712
15018.54883 -229.25201
15021.23633 -112.34423
15023.92480 -201.08258
15026.62207 -198.72829
15029.31152 -201.93864
15032.00195 -176.95480
15034.69922 -207.88121
15037.39160 -203.95854
15040.08301 -203.48099
15042.77441 -177.78322
15045.46777 -206.17262
15048.16016 -209.35016
15050.85352 -203.04248
15053.54688 -186.46327
15056.23242 -202.02379
15058.92773 -211.66760
15061.61523 -206.31369
15064.31055 -175.16582
15066.99805 -201.26651
15069.69629 -200.81572
15072.38379 -203.05487
15075.07324 -178.00737
15077.77246 -203.23911
15080.46289 -205.19743
15083.15332 -201.01755
15085.84473 -174.22031
15088.53613 -204.00441
15091.22949 -205.71635
15093.92188 -207.14325
15096.62305 -177.43233
15099.30859 -199.55830
15101.99414 -205.58345
15104.68848 -206.00356
15107.38379 -178.23024
15110.08008 -219.55717
15112.76855 -208.47099
15115.45703 -215.38841
15118.14453 -172.99995
15120.84180 -207.51355
15123.53320 -205.50169
15126.22266 -198.19849
15128.91406 -169.87207
15131.60547 -201.28413
15134.29688 -207.77359
15136.99707 -205.74934
15139.68164 -172.84711
15142.37402 -217.19948
15145.06836 -213.97087
15147.76270 -227.32852
15150.44824 -172.54965
15153.14355 -204.38895
15155.83887 -210.49316
15158.52637 -211.61705
15161.21484 -171.44814
15163.91113 -204.72577
15166.60938 -204.76085
15169.29785 -206.08266
15171.98047 -170.98888
15174.67871 -209.12598
15177.37793 -212.81186
15180.06250 -206.35582
15182.75391 -179.67374
15185.45410 -207.58495
15188.13867 -205.94742
15190.83203 -206.34525
15193.52637 -169.12880
15196.22070 -206.00230
15198.90723 -213.31554
15201.59375 -210.55447
15204.29785 -196.45937
15206.98633 -204.29430
15209.67383 -201.53024
15212.36328 -199.26587
15215.06934 -179.04662
15217.75195 -216.38895
15220.44922 -217.57147
15223.14062 -219.67747
15225.82227 -173.88777
15228.52344 -200.75407
15231.21582 -207.10886
15233.90039 -210.27707
15236.60156 -169.80869
15239.28711 -204.03317
15241.98145 -204.64972
15244.67578 -211.49260
15247.36230 -176.35632
15250.05762 -204.65958
15252.74512 -203.52849
15255.44141 -200.99524
15258.12988 -171.12430
15260.82812 -222.26756
15263.51660 -207.15701
15266.20703 -202.08223
15268.89746 -181.54356
15271.58789 -201.15596
15274.27930 -204.27428
15276.97168 -207.54018
15279.66406 -166.13942
15282.35742 -208.53500
15285.04980 -211.28891
15287.74414 -208.28851
15290.42969 -176.80801
15293.12500 -206.17447
15295.82031 -209.03769
15298.51562 -202.71634
15301.21191 -168.83119
15303.89160 -200.95593
15306.58105 -202.16872
15309.27832 -201.62430
15311.96777 -172.92424
15314.66699 -204.40559
15317.35742 -213.55305
15320.04883 -205.66255
15322.73926 -169.90265
15325.43164 -198.08594
15328.12402 -205.37988
15330.80957 -212.81984
15333.51074 -173.65247
15336.19629 -214.42403
15338.89062 -209.44894
15341.58594 -216.66928
15344.27246 -172.10306
15346.96777 -200.01123
15349.65625 -201.97174
15352.34473 -204.97357
15355.04980 -135.78188
15357.73047 -208.49942
15360.42969 -209.55687
15363.11914 -207.97514
15365.81055 -175.08894
15368.50098 -205.31564
15371.20117 -206.36519
15373.89258 -205.33159
15376.57715 -184.54431
15379.26953 -207.74539
15381.96387 -205.98795
15384.64941 -204.64618
15387.34375 -170.21371
15390.03906 -211.27071
15392.73438 -215.70052
15395.42188 -217.68597
15398.11719 -172.73122
15400.80664 -203.60686
15403.49512 -220.50963
15406.19238 -209.40648
15408.88281 -169.43695
15411.57324 -222.75043
15414.27246 -207.32291
15416.96387 -212.10002
15419.64746 -182.33664
15422.33887 -208.17242
15425.03125 -203.09949
15427.72461 -200.92549
15430.41895 -173.22771
15433.11133 -210.37170
15435.80664 -204.45117
15438.49414 -201.19994
15441.18066 -182.98186
15443.87598 -204.06601
15446.56348 -205.56210
15449.25977 -206.32668
15451.95801 -186.07681
15454.64746 -204.63037
15457.34473 -208.27821
15460.03516 -206.36200
15462.72559 -171.42723
15465.40918 -210.76781
15468.10938 -207.55261
15470.80078 -202.60527
15473.49414 -171.32957
15476.18652 -203.95403
15478.87207 -207.88373
15481.56641 -203.81430
15484.25977 -169.48882
15486.94727 -199.07014
15489.64258 -201.17729
15492.32910 -207.23131
15495.02539 -175.00748
15497.72266 -205.85275
15500.40234 -214.45982
15503.10059 -216.43341
15505.79004 -182.78123
15508.48828 -219.76604
15511.17969 -213.24937
15513.87109 -210.86105
15516.55273 -171.23152
15519.25391 -200.62036
15521.94531 -203.86018
15524.63086 -205.19673
15527.33301 -175.66907
15530.02734 -215.51688
15532.71289 -206.63281
15535.40820 -217.76797
15538.09473 -165.93233
15540.79004 -206.68834
15543.47754 -207.97641
15546.17383 -206.44070
15548.87109 -184.56648
15551.56055 -207.33655
15554.24902 -206.84596
15556.93945 -208.05283
15559.63867 -163.99371
15562.33008 -218.72859
15565.02051 -215.24590
15567.70410 -211.12654
15570.39648 -179.21716
15573.08984 -205.46651
15575.78223 -212.38313
15578.47656 -214.73085
15581.17090 -174.53104
15583.85742 -214.30484
15586.56055 -208.41524
15589.24805 -205.05946
15591.93457 -176.05481
15594.63086 -217.85083
15597.32031 -201.29776
15600.01758 -196.91098
15602.70605 -166.59752
15605.39648 -203.34912
15608.08691 -208.95584
15610.77734 -205.69879
15613.47754 -175.74490
15616.16992 -200.67152
15618.86133 -203.84099
15621.54492 -207.91885
15624.23828 -166.33536
15626.93262 -210.65865
15629.62695 -211.64812
15632.32031 -213.72446
15635.00586 -185.12236
15637.69336 -210.68217
15640.38965 -205.00612
15643.08594 -199.04785
15645.77344 -175.47986
15648.47070 -201.90620
15651.16016 -208.51782
15653.84961 -202.36189
15656.54785 -181.18678
15659.23926 -200.21585
15661.92969 -202.82245
15664.62109 -211.81586
15667.32227 -175.92198
15670.00586 -208.09453
15672.69727 -206.82649
15675.38281 -204.01561
15678.08594 -172.20164
15680.77148 -208.46030
15683.46582 -212.82101
15686.15234 -209.31039
15688.85645 -117.90182
15691.54395 -204.84296
15694.23242 -207.39200
15696.92871 -202.94051
15699.61816 -174.00032
15702.30664 -204.79332
15705.00488 -203.39424
15707.69531 -212.65344
15710.38574 -177.92693
15713.07715 -203.57602
15715.76953 -204.25697
15718.46094 -203.96532
15721.15332 -174.56747
15723.84668 -210.58565
15726.53125 -207.65082
15729.22461 -206.27029
15731.91895 -173.95157
15734.61426 -208.63884
15737.30957 -210.41309
15739.99609 -213.75304
15742.69336 -175.84868
15745.38965 -210.07796
15748.06836 -216.84770
15750.76660 -212.37959
15753.45605 -167.33934
15756.14648 -213.81042
15758.84570 -204.08276
15761.53516 -203.81224
15764.22754 -170.07745
15766.91895 -211.59352
15769.60156 -206.02031
15772.29492 -200.98517
15774.99609 -156.30966
15777.69043 -212.93422
15780.38477 -212.72383
15783.06152 -203.10718
15785.75586 -172.43359
15788.45117 -200.99199
15791.14746 -207.72879
15793.82617 -211.51080
15796.52344 -170.90024
15799.21973 -206.48509
15801.91797 -213.61382
15804.59863 -210.50751
15807.29688 -177.84767
15809.98828 -205.91934
15812.67773 -213.26747
15815.37012 -201.03259
15818.06152 -178.42055
15820.76270 -201.98337
15823.44629 -204.55489
15826.13867 -199.90660
15828.82422 -181.24881
15831.52734 -201.17538
15834.22070 -200.53351
15836.90820 -202.53090
15839.59473 -167.85620
15842.29883 -202.35405
15844.97852 -203.80025
15847.67480 -204.55862
15850.36328 -172.87921
15853.06152 -209.95529
15855.75977 -208.35519
15858.43945 -204.88638
15861.14062 -170.33197
15863.83008 -202.85738
15866.52246 -211.33244
15869.20410 -203.34290
15871.90527 -174.06534
15874.59863 -199.64409
15877.29102 -200.57625
15879.97559 -205.46136
15882.66992 -169.54903
15885.36523 -207.16757
15888.05859 -205.66528
15890.74609 -202.63190
15893.44238 -175.87860
15896.12891 -201.06143
15898.81738 -201.37573
15901.51465 -202.73410
15904.20410 -164.09821
15906.90234 -202.17293
15909.59180 -209.21341
15912.28320 -212.91281
15914.97266 -177.76442
15917.66406 -209.58931
15920.35645 -204.99789
15923.04785 -205.45428
15925.74121 -176.17677
15928.43359 -213.26151
15931.12695 -208.45384
15933.82031 -204.43642
15936.50586 -194.41862
15939.20996 -203.51770
15941.89648 -206.63083
15944.58398 -202.20183
15947.28027 -186.74355
15949.97656 -209.57988
15952.66504 -208.45900
15955.34570 -205.14995
15958.04297 -189.36372
15960.74219 -213.08083
15963.43262 -205.43655
15966.12305 -204.92273
15968.81348 -166.14931
15971.49609 -206.17902
15974.19727 -237.29053
15976.88965 -204.57726
15979.58203 -174.13770
15982.27637 -200.84764
15984.96094 -214.70988
15987.65527 -207.16878
15990.35059 -171.99208
15993.04590 -203.80940
15995.73242 -209.56726
15998.42773 -206.06361
16001.11523 -186.95677
16003.81348 -203.86865
16006.49316 -202.17445
16009.19043 -202.47438
16011.87988 -178.79504
16014.57031 -202.69946
16017.26953 -209.01202
16019.96094 -222.45325
16022.66113 -137.62172
16025.35254 -201.93657
16028.03613 -208.59186
16030.72070 -224.12431
16033.43164 -168.31679
16036.11523 -205.80348
16038.80957 -228.43044
16041.50391 -207.19907
16044.19922 -196.54605
16046.87695 -203.28661
16049.57227 -206.31929
16052.26074 -214.35898
16054.95703 -173.10074
16057.64551 -206.22548
16060.34277 -204.92091
16063.03320 -205.07158
16065.73145 -172.40805
16068.42188 -201.84755
16071.11230 -203.07793
16073.80371 -204.17632
16076.49512 -173.96346
16079.18750 -208.69690
16081.87988 -206.44073
16084.57227 -201.43719
16087.26562 -176.69853
16089.95996 -205.69823
16092.64551 -206.74777
16095.34082 -214.76363
16098.02637 -176.02283
16100.72266 -206.66328
16103.40918 -208.50882
16106.10547 -205.15445
16108.80371 -175.39948
16111.49219 -200.35355
16114.18066 -200.66727
16116.87012 -197.92593
16119.56934 -164.34485
16122.25977 -204.74782
16124.95020 -204.23439
16127.64160 -202.48894
16130.33301 -174.93196
16133.02637 -201.80013
16135.70898 -213.51540
16138.41211 -212.52341
16141.10449 -168.27097
16143.79004 -209.34373
16146.48438 -219.86589
16149.17969 -207.14305
16151.86621 -174.46434
16154.56152 -202.97418
16157.25000 -205.55505
16159.94629 -203.02087
16162.64258 -176.27199
16165.32324 -203.77466
16168.02148 -204.62506
16170.71094 -204.99063
16173.40918 -175.04131
16176.09961 -204.23122
16178.79102 -209.98251
16181.48242 -210.99794
16184.16504 -167.45834
16186.86621 -214.16934
16189.55078 -213.95471
16192.25195 -212.09344
16194.93750 -181.70662
16197.63184 -200.92503
16200.31738 -204.78973
16203.02148 -214.13539
16205.70801 -170.68231
16208.40332 -207.67851
16211.09180 -210.34694
16213.77930 -215.00879
16216.47559 -181.97012
16219.16504 -221.70985
16221.86328 -214.71172
16224.55176 -215.18283
16227.24219 -168.24098
16229.93262 -208.62093
16232.62500 -209.84291
16235.32422 -210.47382
16238.01660 -176.08725
16240.69922 -206.14413
16243.40234 -203.66832
16246.08594 -202.20068
16248.78906 -169.56110
16251.47363 -209.67303
16254.15918 -214.14856
16256.85449 -209.49075
16259.54980 -175.30852
16262.23730 -205.89455
16264.92383 -209.66797
16267.62109 -206.27080
16270.31055 -167.56665
16273.00781 -212.70218
16275.69727 -213.18126
16278.39453 -204.87877
16281.08496 -191.54947
16283.77539 -202.03731
16286.46680 -199.86230
16289.16797 -198.46492
16291.85059 -174.71040
16294.54199 -205.34373
16297.23535 -209.65060
16299.92773 -205.33492
16302.62207 -177.04924
16305.31641 -201.25417
16308.00977 -210.79645
16310.69727 -216.08064
16313.39258 -172.45018
16316.07910 -205.54233
16318.76758 -211.67145
16321.47266 -216.62947
16324.16016 -177.63936
16326.84961 -203.12395
16329.53906 -203.99507
16332.23730 -202.65352
16334.92676 -168.36838
16337.61719 -205.23726
16340.30859 -204.64926
16342.99902 -200.12987
16345.69238 -176.22607
16348.38379 -203.77611
16351.07617 -211.29463
16353.76074 -208.30888
16356.46387 -122.91140
16359.14844 -203.49167
16361.84375 -204.79942
16364.53711 -207.19344
16367.22461 -178.41740
16369.91992 -202.26025
16372.60742 -206.80400
16375.30371 -223.09364
16377.99219 -176.00043
16380.68945 -207.30510
16383.37891 -214.51466
16386.07617 -205.77896
16388.76758 -171.92438
16391.45703 -205.65131
16394.14844 -208.45338
16396.83008 -213.96834
16399.53125 -183.84897
16402.22266 -206.90634
16404.91602 -202.58040
16407.60938 -200.06712
16410.30078 -172.68790
16412.99609 -213.91829
16415.68164 -210.22005
16418.37695 -206.06686
16421.07227 -173.84694
16423.75781 -207.26329
16426.45312 -219.96700
16429.14258 -211.00914
16431.83789 -170.87732
16434.52734 -208.91649
16437.22461 -215.87082
16439.91406 -217.14218
16442.59570 -163.43871
16445.29492 -206.98695
16447.98438 -206.83997
16450.67578 -204.25879
16453.36719 -176.88499
16456.06836 -205.73224
16458.75195 -205.60533
16461.44336 -203.48895
16464.13672 -170.47406
16466.83203 -205.93361
16469.51562 -215.68323
16472.21094 -204.83250
16474.91406 -180.91263
16477.59180 -208.51508
16480.28906 -218.30754
16482.98438 -212.73538
16485.67188 -170.51671
16488.36914 -202.82521
16491.05859 -206.01498
16493.74609 -209.69588
16496.44531 -178.21938
16499.12500 -202.82669
16501.82617 -204.28122
16504.52539 -201.19092
16507.20898 -169.45340
16509.90039 -207.08919
16512.59961 -213.60786
16515.28516 -204.23865
16517.97656 -178.77596
16520.66992 -202.52815
16523.36328 -206.13478
16526.05078 -215.34874
16528.74414 -165.38821
16531.43945 -207.44418
16534.12500 -208.86577
16536.82227 -208.58905
16539.51953 -169.19229
16542.20508 -209.27025
16544.89453 -214.61841
16547.59375 -207.05557
16550.28125 -162.48351
16552.97070 -207.61493
16555.66211 -209.72350
16558.36133 -208.40820
16561.05273 -179.73936
16563.74219 -204.77852
16566.42578 -206.97403
16569.12695 -210.07358
16571.82031 -174.16760
16574.51367 -209.55342
16577.20703 -204.83279
16579.89062 -202.45511
16582.58594 -177.40436
16585.27148 -213.32329
16587.96680 -217.82484
16590.66211 -232.03902
16593.34961 -178.79816
16596.03711 -215.79340
16598.74219 -210.05215
16601.42188 -207.05316
16604.11914 -181.21884
16606.80859 -214.37567
16609.50781 -212.43129
16612.19922 -217.22810
16614.88867 -171.37408
16617.58008 -216.33939
16620.28125 -206.11058
16622.96484 -199.80492
16625.65625 -180.34911
16628.34766 -206.25827
16631.04102 -217.33842
16633.73438 -201.78699
16636.42969 -174.06862
16639.11523 -199.88799
16641.80859 -202.39505
16644.49609 -209.31496
16647.20117 -167.25911
16649.88672 -209.15724
16652.57422 -209.52156
16655.27148 -210.97833
16657.96094 -185.20071
16660.65820 -209.79288
16663.33789 -214.24229
16666.02734 -204.74619
16668.73633 -185.60925
16671.42773 -202.24289
16674.11914 -203.19810
16676.80859 -198.86743
16679.49219 -169.60759
16682.19336 -199.19679
16684.87695 -200.20955
16687.57031 -208.68636
16690.26367 -147.09634
16692.95703 -205.27711
16695.65234 -209.44130
16698.33789 -208.76338
16701.03320 -167.47394
16703.72070 -217.04390
16706.41602 -214.20558
16709.10352 -213.76974
16711.80078 -182.14868
16714.49805 -203.16106
16717.17773 -204.68071
16719.87695 -203.20312
16722.57617 -166.77812
16725.25586 -208.45930
16727.95508 -207.33260
16730.63672 -211.44203
16733.33789 -183.24324
16736.03125 -204.60146
16738.71289 -202.11339
16741.41406 -199.86086
16744.10742 -169.52324
16746.80078 -208.13171
16749.48633 -212.79747
16752.17969 -203.12996
16754.86523 -186.60857
16757.56055 -208.37669
16760.25586 -207.54123
16762.95312 -215.11282
16765.64062 -167.96048
16768.33789 -209.64667
16771.02539 -205.71671
16773.71484 -210.36914
16776.41211 -174.78049
16779.10156 -208.88800
16781.79297 -207.55931
16784.48242 -209.35240
16787.17188 -173.01149
16789.87305 -207.98624
16792.55664 -204.71671
16795.24805 -198.67493
16797.94141 -172.14812
16800.63281 -204.95328
16803.32617 -216.65016
16806.01953 -204.79277
16808.71484 -172.94629
16811.40039 -206.89227
16814.09570 -207.60432
16816.79102 -203.81787
16819.47656 -181.30191
16822.17383 -203.94919
16824.86133 -213.39139
16827.55078 -213.84985
16830.24805 -182.35463
16832.94531 -205.23506
16835.62695 -209.04582
16838.32422 -205.02249
16841.01562 -180.19995
16843.70703 -203.37436
16846.40625 -206.20660
16849.08789 -202.07333
16851.77930 -178.72310
16854.47266 -201.18130
16857.16602 -201.26553
16859.85938 -207.34099
16862.55273 -180.93231
16865.23633 -205.88472
16867.93164 -222.12148
16870.63672 -210.60086
16873.31250 -188.11694
16876.01758 -205.28856
16878.70508 -204.96608
16881.40234 -206.25670
16884.08789 -180.39198
16886.78516 -204.67909
16889.47461 -206.43608
16892.15430 -202.75497
16894.85352 -177.28688
16897.55273 -203.59941
16900.24219 -203.94455
16902.93359 -210.48253
16905.62500 -173.78502
16908.31641 -203.63222
16911.00000 -204.07050
16913.70117 -205.88812
16916.39453 -164.76668
16919.08789 -199.32825
16921.77344 -200.14189
16924.46680 -199.53722
16927.16016 -176.63185
16929.84766 -212.70573
16932.54297 -206.79874
16935.23828 -200.91940
16937.92578 -162.73967
16940.61328 -201.82280
16943.31836 -208.28349
16946.00781 -205.70576
16948.69531 -179.29143
16951.38477 -207.46617
16954.08398 -201.61641
16956.77539 -201.84174
16959.46484 -178.07576
16962.15625 -196.86079
16964.84766 -198.67233
16967.53906 -197.89571
16970.23242 -180.43346
16972.92383 -202.11205
16975.61719 -203.33862
16978.31055 -202.02795
16980.99414 -179.47253
16983.69922 -207.50179
16986.38477 -212.51152
16989.07031 -206.89510
16991.76562 -174.32233
16994.46094 -223.55818
16997.14844 -204.36949
16999.83594 -202.75853
17002.53516 -162.27971
17005.22266 -203.15044
17007.91992 -211.43449
17010.60938 -201.19009
17013.29883 -179.06345
17015.99805 -197.26352
17018.67969 -203.19951
17021.37109 -212.40317
17024.07227 -116.59290
17026.76367 -205.45726
17029.45508 -202.27528
17032.14844 -205.47151
17034.84180 -180.70096
17037.52539 -223.55603
17040.23047 -208.98276
17042.91406 -213.97302
17045.60938 -168.94930
17048.29492 -200.93779
17050.99023 -203.61351
17053.67578 -210.20349
17056.37305 -174.36629
17059.06055 -208.87154
17061.75977 -208.57133
17064.44727 -202.59166
17067.14453 -167.96381
17069.83398 -202.25665
17072.53320 -201.72487
17075.21289 -205.63327
17077.91406 -183.52982
17080.60547 -206.55931
17083.29688 -205.68082
17085.98828 -217.83685
17088.67969 -165.89317
17091.36328 -201.35817
17094.05664 -198.97534
17096.75000 -198.50041
17099.44531 -178.43803
17102.13867 -207.45583
17104.83203 -202.26247
17107.52734 -201.18755
17110.21484 -159.33180
17112.90234 -207.53676
17115.58789 -215.49200
17118.28516 -213.72380
17120.98242 -180.86220
17123.67969 -202.02438
17126.36914 -199.84923
17129.05859 -200.49765
17131.74805 -171.52988
17134.43750 -200.64600
17137.13672 -203.23782
17139.82031 -197.80334
17142.51172 -180.30571
17145.21289 -200.66930
17147.90430 -203.32840
17150.58789 -201.64769
17153.27930 -182.92201
17155.97461 -199.27039
17158.66797 -201.50624
17161.35156 -207.93613
17164.04688 -177.08003
17166.74219 -204.88243
17169.43750 -202.96561
17172.13281 -206.23920
17174.83008 -169.53349
17177.50781 -207.28394
17180.20508 -206.56084
17182.90234 -201.23244
17185.58203 -174.63837
17188.27930 -198.23775
17190.97852 -202.72162
17193.66016 -203.54381
17196.35938 -176.93112
17199.05078 -201.55562
17201.74219 -203.17499
17204.43164 -208.09334
17207.11523 -172.42096
17209.81641 -202.83347
17212.50195 -202.52228
17215.19336 -199.18985
17217.88867 -169.59631
17220.58203 -213.64807
17223.27734 -213.67630
17225.97266 -209.52510
17228.66797 -185.45534
17231.35156 -205.02893
17234.04883 -213.40146
17236.73633 -213.73254
17239.43359 -174.93297
17242.11133 -205.46880
17244.82031 -202.14891
17247.49805 -206.12564
17250.19727 -175.79909
17252.88672 -213.30569
17255.58789 -207.43829
17258.26758 -199.88435
17260.96875 -165.13844
17263.66016 -214.19415
17266.34180 -202.56332
17269.04297 -201.06606
17271.73633 -189.11554
17274.42969 -213.73926
17277.11328 -213.73425
17279.80664 -205.31021
17282.50195 -172.66098
17285.19727 -206.59908
17287.88281 -213.24229
17290.57812 -205.39189
17293.26367 -179.05540
17295.96094 -207.31960
17298.65625 -206.83455
17301.33594 -204.77254
17304.03320 -167.95770
17306.73047 -204.67081
17309.41992 -199.73671
17312.11914 -197.93170
17314.80078 -173.19244
17317.48828 -216.00537
17320.17969 -204.04295
17322.88086 -197.59656
17325.57227 -163.43483
17328.26367 -196.07004
17330.94727 -202.50652
17333.65039 -206.40765
17336.34375 -172.61275
17339.03516 -200.26730
17341.72070 -198.93263
17344.42578 -199.86534
17347.10938 -184.06912
17349.79688 -203.38876
17352.49219 -204.16690
17355.17773 -203.23116
17357.87500 -147.60690
17360.57031 -201.38908
17363.25977 -201.85471
17365.94727 -199.92749
17368.63672 -184.16304
17371.33594 -199.30203
17374.03516 -200.31425
17376.72266 -201.17143
17379.41406 -180.76817
17382.10547 -203.38901
17384.79688 -201.72600
17387.48828 -198.03413
17390.17969 -168.40068
17392.86328 -208.52953
17395.56445 -204.82999
17398.24805 -202.58919
17400.95312 -179.39551
17403.63672 -197.61812
17406.33008 -202.56667
17409.02539 -205.84225
17411.71094 -181.32758
17414.40625 -213.03969
17417.09375 -205.36346
17419.78906 -202.40068
17422.48828 -172.49734
17425.17578 -202.97824
17427.87305 -202.53226
17430.56250 -200.78752
17433.25000 -164.33215
17435.93945 -206.38344
17438.64062 -201.11229
17441.33008 -200.25803
17444.02148 -172.60880
17446.71289 -204.54774
17449.40430 -209.65593
17452.09570 -201.60214
17454.77930 -169.00745
17457.47266 -203.27208
17460.16406 -205.78564
17462.86914 -200.91449
17465.55273 -175.00288
17468.24609 -216.01804
17470.93359 -216.33832
17473.62891 -210.89684
17476.32422 -174.76674
17479.00977 -203.05109
17481.69727 -203.81267
17484.39453 -200.33778
17487.09180 -175.07080
17489.77930 -201.48460
17492.47852 -202.53001
17495.17773 -202.53696
17497.85547 -178.60138
17500.54492 -204.68999
17503.23633 -207.27951
17505.93555 -203.52303
17508.62891 -177.16833
17511.32031 -204.68419
17514.01172 -202.66850
17516.70312 -205.21060
17519.39648 -180.85027
17522.08008 -200.60092
17524.77344 -206.44698
17527.46875 -202.19040
17530.16211 -187.24249
17532.84766 -207.42593
17535.54297 -211.14058
17538.23828 -211.12151
17540.92578 -177.89258
17543.62109 -200.01524
17546.31836 -200.16391
17548.99609 -203.68567
17551.69531 -177.08980
17554.39258 -212.52000
17557.08203 -208.78300
17559.76953 -202.24974
17562.46875 -173.12413
17565.16016 -204.85925
17567.84961 -208.03233
17570.54297 -211.87985
17573.23242 -181.78789
17575.92578 -205.72011
17578.61719 -204.04182
17581.31055 -203.63252
17584.00195 -177.20416
17586.68750 -202.14456
17589.37891 -202.69244
17592.07422 -212.45880
17594.76953 -173.92499
17597.46484 -201.27277
17600.15039 -201.03618
17602.85547 -201.20349
17605.53320 -168.51447
17608.23047 -201.47464
17610.91602 -204.22467
17613.61523 -202.81020
17616.30273 -174.31538
17619.00195 -204.27698
17621.68164 -201.09680
17624.39062 -200.79102
17627.07031 -172.54060
17629.76953 -211.03581
17632.45117 -209.91605
17635.14258 -214.34576
17637.83398 -176.88507
17640.53516 -202.72847
17643.22852 -205.89198
17645.92188 -200.92390
17648.61523 -167.84256
17651.29883 -203.76300
17653.99219 -203.27734
17656.68750 -197.42023
17659.37305 -174.05942
17662.06836 -199.94804
17664.76367 -201.72379
17667.45898 -203.47592
17670.14648 -163.66005
17672.83398 -197.99870
17675.53125 -200.89136
17678.21875 -215.92213
17680.91602 -180.57486
17683.60547 -204.19778
17686.29492 -210.24588
17688.98438 -205.56723
17691.68359 -122.28699
17694.37500 -219.60973
17697.06641 -201.10001
17699.74805 -197.35008
17702.44922 -170.37787
17705.14062 -206.83212
17707.82422 -210.82077
17710.52734 -205.99614
17713.22070 -169.67445
17715.90430 -197.02937
17718.59766 -200.19832
17721.28516 -216.32936
17723.98828 -183.22757
17726.67383 -206.49059
17729.37109 -202.71338
17732.05664 -200.46153
17734.75391 -170.47969
17737.43945 -215.09192
17740.13867 -211.19745
17742.82617 -208.63840
17745.51562 -179.37311
17748.21289 -205.88116
17750.90234 -205.88681
17753.59180 -206.41747
17756.29297 -173.86380
17758.98242 -204.31216
17761.67383 -201.52563
17764.35547 -205.47359
17767.04688 -173.76591
17769.75000 -219.54890
17772.44336 -204.40388
17775.12500 -198.95245
17777.82812 -154.03841
17780.51172 -210.37268
17783.20703 -204.84901
17785.89258 -199.81207
17788.58789 -170.04004
17791.28320 -202.80118
17793.96875 -205.63885
17796.66406 -212.72646
17799.36133 -176.94839
17802.04883 -202.44807
17804.73828 -203.42796
17807.43555 -224.35922
17810.12305 -177.43944
17812.81250 -221.89824
17815.51172 -213.12030
17818.21094 -202.57515
17820.90039 -195.89481
17823.59180 -206.87881
17826.27344 -204.34933
17828.96484 -202.28763
17831.65625 -171.76410
17834.34961 -208.91679
17837.05078 -206.95503
17839.73438 -198.75592
17842.43750 -166.67172
17845.12109 -199.09923
17847.81641 -205.47989
17850.50977 -204.88223
17853.20508 -172.24268
17855.89062 -204.36897
17858.58789 -206.82875
17861.27344 -211.02815
17863.96094 -176.59625
17866.65820 -200.88484
17869.34570 -209.16794
17872.04297 -207.45969
17874.74219 -171.45515
17877.42969 -196.95300
17880.11914 -202.56177
17882.81055 -201.83934
17885.50000 -170.48082
17888.20117 -201.22612
17890.89062 -203.17285
17893.58203 -202.81358
17896.26562 -183.79547
17898.96680 -202.03592
17901.65820 -201.08771
17904.35156 -202.23694
17907.03516 -173.29991
17909.72852 -215.49167
17912.42383 -208.69363
17915.11914 -204.08664
17917.80469 -170.38664
17920.50000 -201.64351
17923.18555 -224.45595
17925.88086 -208.69775
17928.56836 -166.45280
17931.26562 -206.89531
17933.96289 -200.13092
17936.65039 -201.42154
17939.33789 -190.76801
17942.03711 -209.79668
17944.72656 -203.96535
17947.41602 -198.33876
17950.11523 -175.18034
17952.79688 -200.62161
17955.49609 -204.84569
17958.18750 -204.18765
17960.88086 -176.54796
17963.57227 -210.36841
17966.26562 -205.10315
17968.94727 -199.85768
17971.64062 -171.44984
17974.33398 -205.08368
17977.02930 -202.33510
17979.73242 -198.20108
17982.40625 -178.35559
17985.10156 -202.20200
17987.78906 -205.15883
17990.49414 -211.82925
17993.18164 -167.95840
17995.87695 -195.89426
17998.55664 -198.95535
18001.25391 -205.62057
18003.96094 -183.73456
18006.63867 -206.30321
18009.33789 -201.90718
18012.02930 -201.51819
18014.70898 -166.47699
18017.40820 -216.20164
18020.10938 -204.42976
18022.78906 -204.15497
18025.49023 -142.48462
18028.18164 -206.87881
18030.86523 -211.96558
18033.55859 -204.42229
18036.25195 -162.67380
18038.94336 -198.38358
18041.63867 -206.21974
18044.33203 -209.24420
18047.02734 -180.07486
18049.72266 -203.61877
18052.40625 -204.34566
18055.09375 -207.26183
18057.79883 -167.08424
18060.47656 -202.17232
18063.17383 -200.57027
18065.86133 -214.29688
18068.55859 -169.84056
18071.24805 -203.44078
18073.94531 -208.92677
18076.63477 -208.13437
18079.32422 -173.03685
18082.02344 -200.57820
18084.71484 -202.64435
18087.40430 -202.98952
18090.09570 -206.27342
18092.78906 -208.67432
18095.47070 -204.05330
18098.17188 -201.19746
18100.86523 -178.56213
18103.55859 -207.09102
18106.24219 -206.68619
18108.93555 -210.96399
18111.62891 -173.24001
18114.32422 -206.64146
18117.00977 -210.92384
18119.70508 -201.63823
18122.39062 -168.49391
18125.08789 -201.43890
18127.77539 -206.46199
18130.47070 -206.96886
18133.16016 -175.29712
18135.85742 -202.04906
18138.54492 -198.63382
18141.24414 -197.50536
18143.93359 -175.14502
18146.62305 -203.35045
18149.31250 -219.76935
18152.00391 -219.44092
18154.69336 -170.07669
18157.39453 -208.11284
18160.08594 -203.83022
18162.77734 -200.28445
18165.47070 -166.05540
18168.16406 -200.36006
18170.84766 -201.75737
18173.53906 -196.95250
18176.23438 -170.93912
18178.91797 -198.05659
18181.62305 -198.06381
18184.30859 -202.60556
18187.00391 -171.87517
18189.69922 -204.68625
18192.38672 -211.60950
18195.08203 -208.85463
18197.77148 -179.65424
18200.45703 -217.24559
18203.15625 -215.05055
18205.84375 -209.30406
18208.54297 -172.93463
18211.22266 -201.98843
18213.92188 -203.94669
18216.61133 -202.26747
18219.30078 -180.20296
18221.99414 -203.33694
18224.69336 -207.27744
18227.38477 -208.97029
18230.06641 -181.76268
18232.76953 -203.06688
18235.46289 -209.35562
18238.14648 -201.07661
18240.84961 -170.34398
18243.53320 -217.18759
18246.22852 -203.68651
18248.92188 -202.72238
18251.60742 -165.48874
18254.31250 -200.28580
18256.99805 -201.03581
18259.68555 -204.24490
18262.37109 -175.03935
18265.06836 -205.28297
18267.75586 -217.88132
18270.45312 -207.67760
18273.15234 -161.85854
18275.84180 -202.81940
18278.53125 -202.33051
18281.21875 -205.47249
18283.91992 -197.00768
18286.60938 -207.91818
18289.30078 -211.28447
18291.99023 -200.00401
18294.69141 -177.66379
18297.37500 -216.03836
18300.06641 -204.82742
18302.75977 -204.30109
18305.45312 -179.59494
18308.14648 -205.27286
18310.83008 -208.75131
18313.52344 -198.76273
18316.21875 -168.40781
18318.91406 -202.33810
18321.59961 -209.20528
18324.29492 -211.30981
18326.98047 -174.89668
18329.67773 -206.18083
18332.36523 -207.77921
18335.06055 -207.28329
18337.75977 -173.85966
18340.44727 -203.96375
18343.13672 -203.20386
18345.82422 -202.36682
18348.52344 -179.19864
18351.21289 -205.39020
18353.90430 -210.48929
18356.60352 -196.83023
18359.29492 -131.29640
18361.98633 -197.38757
18364.67773 -212.68523
18367.37109 -200.64023
18370.06250 -173.09935
18372.74609 -199.64217
18375.43750 -199.15747
18378.13281 -202.44768
18380.82617 -171.25182
18383.51953 -201.30177
18386.20703 -204.88461
18388.90039 -209.08136
18391.59766 -179.93321
18394.28125 -207.03766
18396.97852 -207.59201
18399.66602 -204.44133
18402.36133 -171.06369
18405.06055 -202.91536
18407.74805 -205.57567
18410.44727 -212.01726
18413.13477 -175.26285
18415.82422 -205.81146
18418.51367 -200.63373
18421.20312 -201.66862
18423.90430 -170.20927
18426.59375 -203.98299
18429.28516 -212.92325
18431.97656 -203.23778
18434.66797 -174.30391
18437.36133 -204.13432
18440.04297 -204.65457
18442.74609 -201.23811
18445.42969 -159.49335
18448.13281 -212.94580
18450.81641 -204.07550
18453.52148 -204.01071
18456.20703 -174.97049
18458.89062 -198.98271
18461.58789 -198.76910
18464.27344 -198.19727
18466.98047 -167.80638
18469.65625 -210.29794
18472.35352 -205.24423
18475.05078 -204.80135
18477.73828 -172.56062
18480.43750 -199.70068
18483.11719 -210.08865
18485.81641 -201.66617
18488.50586 -182.40324
18491.19531 -207.50179
18493.89453 -206.37570
18496.58594 -205.68274
18499.27734 -188.83795
18501.95898 -200.57629
18504.66016 -204.86679
18507.34180 -204.31198
18510.03516 -180.62648
18512.73828 -201.81998
18515.42188 -204.69376
18518.11719 -210.27232
18520.81055 -184.95578
18523.50391 -218.78085
18526.18945 -212.46513
18528.88477 -211.72101
18531.58008 -178.48935
18534.26562 -201.79253
18536.96289 -201.63408
18539.65039 -203.99428
18542.33789 -185.17801
18545.03516 -202.80731
18547.73242 -211.71423
18550.42188 -204.62074
18553.10938 -171.06714
18555.80859 -200.23914
18558.49805 -211.88631
18561.18945 -207.77542
18563.87891 -173.63458
18566.57031 -204.91942
18569.25977 -201.80508
18571.95117 -205.74318
18574.64453 -168.51433
18577.33594 -208.62262
18580.02930 -204.74715
18582.72266 -220.83098
18585.41406 -181.51195
18588.11914 -214.75011
18590.80273 -224.38013
18593.49805 -205.63948
18596.19336 -164.89522
18598.87891 -218.26192
18601.57422 -210.28992
18604.25977 -207.03590
18606.95508 -182.07782
18609.64258 -229.50496
18612.33008 -205.01259
18615.02734 -212.30991
18617.72656 -168.98724
18620.41406 -203.22523
18623.10156 -203.97264
18625.80273 -203.66484
18628.49219 -174.97057
18631.19141 -215.87857
18633.87109 -205.08263
18636.56055 -199.89940
18639.25391 -167.93442
18641.95508 -204.54320
18644.64648 -212.56018
18647.33789 -213.47174
18650.03125 -177.43967
18652.72266 -203.11288
18655.41602 -199.39824
18658.10156 -202.77376
18660.79492 -179.42691
18663.47852 -205.14616
18666.17383 -200.76987
18668.85938 -204.61932
18671.56445 -183.19225
18674.25000 -206.61456
18676.93555 -204.58470
18679.64453 -197.40378
18682.33008 -179.73346
18685.01758 -200.81284
18687.71680 -211.33414
18690.40430 -203.10916
18693.10156 -144.33711
18695.78125 -200.20422
18698.48047 -201.56680
18701.16992 -207.59140
18703.85938 -170.90712
18706.56055 -204.64745
18709.25195 -208.78120
18711.94336 -207.11868
18714.63477 -180.58241
18717.31641 -206.96992
18720.01758 -206.61632
18722.71094 -204.26532
18725.40430 -168.83875
18728.09766 -199.09564
18730.78125 -201.34712
18733.47656 -201.85435
18736.16992 -177.54950
18738.86523 -198.39636
18741.55078 -200.29668
18744.24609 -223.20584
18746.94336 -175.70552
18749.62891 -202.31081
18752.32617 -202.81914
18755.01367 -201.84515
18757.70117 -177.24512
18760.39844 -205.36272
18763.08789 -215.16507
18765.77734 -204.46104
18768.47461 -168.72723
18771.16406 -210.40054
18773.85547 -205.32265
18776.54492 -207.54126
18779.24609 -184.62434
18781.92578 -228.91852
18784.61719 -205.43291
18787.32031 -203.79126
18790.00195 -171.01654
18792.70312 -206.37349
18795.39648 -206.49535
18798.08008 -204.46486
18800.77344 -190.20161
18803.46875 -207.19144
18806.15039 -208.96230
18808.84570 -205.80016
18811.54102 -176.67451
18814.23633 -212.88661
18816.93359 -212.63402
18819.61914 -203.78720
18822.31641 -175.12422
18825.00195 -204.94028
18827.69922 -211.52570
18830.37695 -206.06126
18833.07617 -171.24380
18835.77344 -203.66443
18838.46289 -209.51956
18841.15234 -208.04225
18843.84180 -176.55820
18846.54102 -202.54266
18849.23242 -199.39372
18851.93359 -198.90631
18854.61328 -176.33359
18857.30469 -207.35028
18859.99805 -209.44652
18862.68945 -203.77338
18865.38281 -173.94064
18868.07422 -201.69684
18870.76758 -207.21356
18873.46094 -210.14635
18876.14453 -172.42828
18878.84961 -202.11458
18881.53516 -209.33371
18884.23047 -211.90767
18886.91602 -172.11826
18889.61133 -212.50392
18892.30664 -217.78709
18894.98438 -213.34515
18897.69141 -166.65266
18900.37891 -197.35489
18903.06641 -204.19841
18905.76367 -227.19424
18908.46289 -174.77237
18911.14062 -205.32193
18913.83984 -200.70033
18916.53125 -202.76146
18919.22070 -177.95886
18921.91016 -216.49728
18924.60156 -219.76932
18927.30273 -214.84523
18929.98242 -190.44502
18932.68555 -199.91083
18935.36719 -200.37300
18938.05859 -199.69189
18940.76367 -165.85237
18943.45508 -203.81772
18946.14062 -213.32724
18948.84375 -209.99461
18951.51758 -176.46187
18954.21289 -201.54350
18956.90820 -205.89302
18959.60352 -199.97380
18962.30078 -171.40062
18964.98438 -208.88763
18967.68164 -203.41928
18970.36914 -204.55780
18973.05469 -183.91408
18975.75391 -198.90169
18978.45312 -200.33595
18981.14062 -199.43407
18983.82812 -177.79451
18986.51758 -201.90698
18989.21680 -201.04282
18991.90625 -201.34418
18994.59766 -189.37831
18997.28711 -209.38081
18999.97852 -212.43723
19002.67969 -207.46875
19005.37305 -170.57242
19008.06445 -215.63129
19010.74609 -199.21681
19013.43945 -197.40364
19016.13281 -175.36919
19018.83594 -197.94583
19021.51953 -203.06143
19024.21484 -203.97551
19026.89844 -124.39317
19029.59375 -197.05577
19032.27930 -200.94540
19034.97461 -201.39548
19037.66016 -188.44557
19040.36719 -206.82954
19043.05469 -201.17786
19045.75000 -202.67004
19048.43945 -170.91090
19051.13672 -210.46962
19053.82422 -204.44347
19056.51367 -201.68231
19059.20117 -174.84273
19061.89062 -204.51462
19064.59180 -228.94547
19067.28125 -208.78394
19069.97266 -171.89883
19072.66211 -198.49797
19075.35352 -205.64626
19078.04492 -229.21744
19080.73828 -172.33496
19083.42969 -214.34775
19086.12109 -202.13292
19088.81445 -205.59709
19091.50781 -167.70146
19094.19141 -208.67944
19096.88672 -207.63029
19099.58008 -202.80887
19102.27539 -177.98689
19104.97070 -210.85341
19107.65430 -222.92151
19110.35156 -215.45398
19113.04883 -160.15712
19115.73438 -219.13776
19118.43164 -207.91151
19121.11719 -209.72469
19123.81641 -182.75589
19126.51562 -211.02191
19129.20312 -205.80431
19131.89062 -203.09085
19134.58008 -164.30159
19137.26953 -209.17955
19139.96875 -203.69131
19142.66016 -206.91791
19145.34961 -175.52814
19148.05078 -199.41176
19150.73242 -200.92937
19153.42383 -198.58363
19156.11523 -174.73117
19158.80859 -203.13200
19161.50195 -203.34271
19164.19531 -200.01268
19166.88867 -182.03911
19169.57227 -203.13277
19172.26562 -215.85110
19174.95898 -210.45549
19177.65430 -169.04428
19180.33984 -207.59583
19183.03516 -211.19901
19185.72070 -204.20724
19188.41797 -187.87184
19191.11523 -204.19753
19193.81250 -204.66666
19196.50000 -198.73012
19199.18750 -192.21362
19201.88477 -198.74118
19204.57422 -203.67422
19207.26172 -200.67902
19209.96289 -171.18280
19212.65234 -196.00534
19215.33008 -198.13251
19218.03125 -216.05626
19220.72070 -164.38145
19223.42188 -216.74641
19226.10352 -205.26968
19228.80664 -200.80029
19231.48633 -176.47604
19234.17969 -201.29503
19236.88281 -202.28259
19239.57617 -202.23430
19242.25977 -171.17331
19244.95312 -201.46786
19247.64844 -203.63695
19250.33008 -203.32356
19253.02539 -176.17044
19255.72070 -203.09775
19258.40625 -199.47023
19261.10352 -202.34584
19263.78906 -171.43623
19266.48633 -206.97878
19269.18359 -204.83916
19271.87109 -199.15352
19274.56836 -171.14294
19277.25586 -212.81152
19279.94531 -211.82112
19282.64453 -204.87950
19285.33398 -175.00807
19288.02344 -200.54327
19290.71094 -206.00789
19293.40234 -199.86697
19296.09180 -180.99120
19298.78320 -207.96312
19301.48633 -221.25967
19304.17578 -209.16638
19306.86914 -176.84125
19309.56055 -202.08229
19312.25391 -203.15077
19314.94531 -206.90416
19317.62891 -182.07034
19320.33398 -205.11952
19323.01758 -200.50374
19325.71289 -198.11414
19328.39648 -170.00302
19331.09180 -209.06071
19333.78711 -210.33195
19336.48438 -203.59100
19339.16992 -176.69974
19341.86719 -198.92752
19344.55273 -207.44499
19347.25000 -207.06024
19349.93750 -177.30704
19352.62500 -203.25397
19355.32422 -205.24446
19358.01172 -216.92392
19360.71289 -149.22279
19363.39062 -206.45647
19366.09180 -207.68048
19368.79102 -202.10214
19371.47266 -171.37151
19374.16211 -201.15866
19376.86328 -200.52930
19379.54492 -199.60419
19382.23633 -175.54987
19384.93945 -201.19122
19387.62109 -204.83025
19390.32422 -204.85013
19393.00781 -171.75995
19395.70117 -201.24797
19398.39648 -199.63214
19401.07812 -200.33871
19403.77344 -170.44794
19406.46875 -200.68906
19409.16406 -208.12682
19411.85156 -204.88922
19414.54688 -175.01303
19417.23242 -199.69901
19419.92969 -202.81981
19422.61719 -204.20457
19425.32422 -174.98181
19428.00195 -204.94858
19430.70117 -206.15440
19433.38867 -204.77205
19436.08984 -174.25253
19438.77734 -200.92303
19441.46680 -201.67851
19444.15625 -199.39636
19446.84766 -179.40306
19449.54883 -204.83002
19452.23828 -201.52396
19454.91992 -200.34479
19457.61133 -169.95157
19460.31445 -200.23059
19462.99609 -206.27933
19465.68750 -212.17737
19468.38086 -177.41266
19471.07422 -212.26521
19473.75781 -206.81712
19476.46289 -208.87160
19479.15820 -177.03427
19481.85352 -211.14485
19484.53711 -200.99092
19487.22266 -198.59854
19489.91797 -175.07407
19492.62500 -199.50584
19495.31055 -201.22209
19497.99805 -198.17451
19500.68555 -179.44633
19503.38281 -206.78716
19506.07031 -209.72592
19508.76953 -206.10001
19511.45703 -171.83461
19514.14648 -207.01302
19516.84570 -208.72749
19519.53516 -200.62956
19522.22461 -174.92041
19524.91602 -207.95312
19527.60547 -217.38452
19530.30859 -206.38232
19533.00000 -178.45505
19535.67969 -198.32979
19538.37305 -205.01006
19541.07617 -208.00693
19543.75781 -171.85045
19546.45117 -208.56291
19549.14453 -214.54799
19551.83789 -211.68553
19554.53320 -177.65891
19557.22852 -205.90695
19559.92188 -205.67844
19562.60742 -214.74620
19565.30273 -190.14716
19567.98828 -204.68361
19570.68555 -207.56104
19573.37109 -212.02139
19576.06836 -174.03377
19578.75391 -204.30983
19581.44336 -222.16711
19584.14062 -214.04729
19586.82812 -171.83850
19589.51758 -217.09253
19592.21680 -203.85625
19594.91797 -204.81650
19597.60547 -177.73761
19600.29492 -199.34605
19602.98633 -204.63124
19605.68750 -211.37024
19608.37891 -177.23820
19611.04883 -215.42610
19613.75195 -203.40939
19616.44336 -203.11652
19619.13672 -173.99129
19621.82812 -205.90741
19624.52148 -205.71646
19627.21484 -204.85384
19629.89844 -170.94475
19632.59375 -210.97116
19635.28711 -203.00954
19637.98242 -202.15645
19640.67773 -178.68727
19643.36133 -212.76260
19646.04688 -208.30304
19648.74414 -210.26817
19651.44141 -170.11934
19654.12695 -217.76576
19656.83594 -203.91150
19659.51172 -200.93655
19662.21094 -177.80766
19664.89844 -207.45364
19667.59766 -204.56294
19670.28711 -197.50058
19672.97461 -173.73334
19675.66602 -200.56483
19678.36523 -206.82617
19681.05664 -214.56021
19683.74609 -168.22322
19686.43750 -203.16254
19689.12891 -203.92365
19691.82031 -209.56738
19694.52344 -134.27158
19697.19336 -207.16156
19699.89648 -206.41953
19702.58984 -202.33212
19705.28320 -182.00755
19707.96680 -206.26212
19710.67188 -203.57069
19713.35547 -201.42355
19716.05078 -178.07550
19718.74609 -199.54613
19721.42969 -201.23067
19724.11523 -215.84109
19726.82227 -180.52943
19729.50781 -200.69910
19732.20508 -201.09267
19734.89258 -208.08580
19737.58008 -164.36420
19740.27734 -208.34488
19742.97656 -209.21896
19745.66406 -217.17473
19748.35156 -178.90126
19751.04102 -211.13791
19753.74219 -212.46603
19756.41992 -207.13315
19759.12109 -185.10783
19761.82227 -204.95493
19764.50195 -225.13286
19767.19336 -211.19258
19769.88477 -177.52808
19772.57617 -203.61426
19775.26953 -204.87871
19777.96094 -205.45607
19780.64258 -155.60381
19783.34766 -210.01045
19786.03125 -201.78143
19788.73438 -203.25198
19791.41797 -175.31340
19794.11328 -205.42891
19796.79688 -209.09955
19799.49219 -207.73112
19802.18945 -163.31364
19804.88477 -225.32805
19807.57031 -214.52231
19810.26758 -212.81467
19812.95312 -174.10956
19815.66211 -214.12683
19818.33789 -207.05594
19821.03711 -213.67668
19823.72461 -173.61238
19826.42383 -209.85390
19829.11328 -206.67162
19831.80078 -200.29465
19834.50195 -175.09271
19837.17969 -214.44205
19839.88086 -209.13225
19842.57227 -206.28870
19845.26172 -170.13379
19847.95312 -202.86157
19850.64648 -208.59064
19853.33789 -207.40880
19856.02930 -173.50876
19858.72266 -207.74344
19861.41406 -205.27783
19864.10938 -203.06226
19866.79102 -173.39793
19869.49609 -204.20282
19872.17969 -207.72655
19874.87500 -212.60168
19877.57031 -189.55640
19880.25391 -203.02763
19882.95117 -204.15736
19885.64648 -205.05367
19888.33203 -164.47893
19891.02930 -205.54390
19893.71484 -206.42744
19896.41406 -199.79321
19899.09961 -183.25151
19901.78906 -205.14604
19904.48828 -212.93839
19907.18555 -221.07730
19909.86328 -168.08415
19912.56250 -203.04620
19915.25195 -205.20328
19917.94336 -205.86877
19920.63281 -177.30188
19923.33398 -206.21596
19926.02539 -210.51093
19928.71484 -216.43700
19931.40820 -176.26871
19934.09961 -203.37109
19936.79297 -215.44850
19939.48438 -212.37442
19942.17773 -174.60982
19944.85938 -202.17397
19947.55469 -200.90845
19950.24805 -207.18312
19952.94141 -169.57074
19955.63672 -208.54520
19958.32227 -222.96957
19961.01758 -216.08858
19963.71289 -168.09926
19966.40820 -207.79404
19969.09375 -204.27670
19971.79297 -202.23326
19974.47656 -167.15312
19977.16406 -209.90012
19979.86133 -206.90834
19982.55078 -203.39143
19985.25000 -177.18974
19987.92578 -203.89346
19990.63672 -206.16692
19993.32422 -202.08902
19996.01367 -171.99712
19998.70508 -202.04807
20001.39453 -206.62885
20004.08398 -203.15987
20006.77539 -175.56209
20009.47656 -202.09673
20012.16992 -210.09323
20014.86133 -210.56914
20017.55273 -169.71407
20020.23438 -210.12990
20022.92773 -205.96158
20025.62109 -199.95720
20028.31445 -152.95955
20031.01953 -206.75786
20033.69141 -219.08318
20036.38672 -206.43396
20039.08203 -181.04141
20041.78906 -202.21960
20044.46094 -211.26733
20047.15820 -208.58426
20049.84375 -176.41104
20052.54102 -198.56180
20055.23828 -203.99437
20057.92383 -206.29794
20060.61133 -170.01515
20063.30859 -202.07300
20065.99805 -202.70149
20068.69531 -206.97227
20071.38477 -172.57773
20074.08398 -202.39665
20076.77344 -202.67561
20079.46289 -206.49092
20082.16406 -178.15889
20084.85352 -201.91722
20087.54492 -212.66801
20090.23633 -204.92206
20092.92773 -176.05348
20095.61914 -201.28731
20098.31055 -204.48718
20101.00391 -207.38980
20103.69531 -171.88899
20106.38867 -204.45679
20109.08203 -203.74506
20111.77539 -202.20038
20114.45898 -189.26051
20117.15234 -203.45345
20119.84766 -203.63634
20122.53320 -208.99971
20125.22852 -168.57487
20127.92578 -209.11058
20130.60938 -209.33371
20133.30469 -212.23956
20136.00391 -181.25304
20138.68945 -203.28091
20141.38867 -204.00143
20144.06445 -200.41113
20146.76172 -177.91960
20149.46094 -205.90396
20152.14844 -211.21889
20154.83789 -209.65706
20157.52734 -171.09563
20160.22656 -214.52393
20162.91602 -207.98656
20165.60742 -204.47943
20168.29688 -167.07289
20170.98828 -209.83446
20173.68945 -212.57414
20176.38086 -203.76985
20179.07227 -185.03700
20181.75391 -201.59331
20184.45703 -208.48282
20187.13867 -205.43938
20189.83203 -168.87698
20192.52539 -201.25990
20195.23047 -200.70964
20197.91406 -199.76727
20200.60742 -176.15315
20203.30273 -213.79713
20205.98828 -217.99461
20208.68359 -211.88339
20211.37891 -177.68639
20214.05469 -202.43591
20216.76172 -206.95767
20219.44727 -200.86418
20222.13281 -183.59439
20224.83203 -198.51752
20227.51758 -203.43770
20230.20703 -208.30318
20232.90625 -173.46585
20235.59375 -207.19461
20238.29297 -207.60782
20240.97070 -208.26782
20243.66992 -182.71457
20246.37109 -207.18051
20249.06055 -212.71468
20251.75195 -202.35326
20254.43164 -171.97952
20257.13281 -202.51994
20259.83594 -202.77196
20262.51758 -214.21791
20265.20898 -185.41669
20267.90234 -203.28122
20270.59375 -205.04536
20273.28711 -205.44186
20275.98047 -171.37344
20278.67578 -204.57588
20281.36914 -207.06435
20284.05273 -210.93599
20286.74805 -172.19612
20289.44336 -210.33788
20292.12695 -204.79634
20294.81250 -204.07466
20297.50781 -166.92867
20300.19336 -209.05600
20302.90234 -202.68523
20305.60156 -199.80785
20308.28711 -180.71150
20310.97461 -206.67015
20313.67383 -204.65034
20316.34961 -207.65768
20319.04688 -167.12335
20321.73633 -210.46246
20324.43750 -205.25142
20327.12695 -201.97145
20329.82617 -173.53235
20332.50391 -208.82451
20335.20703 -207.56261
20337.89844 -203.51738
20340.58789 -185.42871
20343.27930 -198.78416
20345.97266 -201.50168
20348.65234 -201.31192
20351.35547 -174.16574
20354.04883 -214.33911
20356.74219 -202.91522
20359.43555 -199.23207
20362.11719 -131.07487
20364.81250 -205.09554
20367.50586 -221.49290
20370.20117 -200.33456
20372.89648 -175.75615
20375.58203 -200.62933
20378.26562 -206.28336
20380.97266 -226.50710
20383.65820 -174.68893
20386.34375 -198.54761
20389.04102 -200.41634
20391.74023 -206.49910
20394.42578 -175.53120
20397.11328 -213.26511
20399.81250 -210.57379
20402.50000 -205.25972
20405.19922 -166.84846
20407.88867 -211.92090
20410.57812 -218.27263
20413.26562 -202.33095
20415.96875 -176.41434
20418.64844 -198.61234
20421.34961 -203.36031
20424.02734 -206.74394
20426.73047 -172.73221
20429.42188 -209.02589
20432.11328 -204.19406
20434.80664 -206.54712
20437.49805 -199.52954
20440.19141 -202.26534
20442.88477 -212.97351
20445.56836 -208.93488
20448.26172 -163.27603
20450.96680 -203.28127
20453.65039 -203.97868
20456.34570 -205.32617
20459.04102 -169.29291
20461.72461 -203.88249
20464.41016 -203.45215
20467.10742 -207.72000
20469.80273 -173.99156
20472.50000 -204.54329
20475.18750 -200.12062
20477.87305 -197.74184
20480.57031 -174.17598
20483.24609 -205.72395
20485.95703 -212.63667
20488.64453 -206.77881
20491.33594 -176.99940
20494.03516 -208.10574
20496.72266 -205.55180
20499.41406 -199.02888
20502.10156 -183.98476
20504.79297 -205.15018
20507.49609 -206.77798
20510.18555 -202.73846
20512.87500 -170.69264
20515.56836 -198.70688
20518.26172 -198.42325
20520.95312 -197.75223
20523.64453 -173.70108
20526.33789 -204.30817
20529.02148 -218.25064
20531.71484 -204.73738
20534.41016 -170.56444
20537.10156 -206.81534
20539.79688 -209.50298
20542.48047 -211.79904
20545.17578 -171.90112
20547.87305 -209.28511
20550.55664 -205.38327
20553.24219 -201.40048
20555.93945 -180.66997
20558.63672 -198.18634
20561.32422 -202.20595
20564.02148 -210.91556
20566.70898 -175.08504
20569.40625 -203.05461
20572.09375 -204.40430
20574.79492 -210.47087
20577.48242 -180.23547
20580.17188 -204.00220
20582.87109 -211.21220
20585.56250 -211.61641
20588.25195 -175.22015
20590.93945 -216.21442
20593.63086 -218.18747
20596.33203 -214.35880
20599.02539 -182.21283
20601.71680 -210.81067
20604.39648 -207.54880
20607.08984 -215.36893
20609.78320 -175.48421
20612.47656 -203.96622
20615.16797 -216.14893
20617.86133 -206.34467
20620.55664 -164.93182
20623.25000 -206.85225
20625.92188 -203.99156
20628.62891 -210.87975
20631.32617 -175.21654
20634.00781 -208.04407
20636.70312 -205.12746
20639.40234 -201.43082
20642.08789 -173.79739
20644.78516 -207.48230
20647.47070 -208.73033
20650.15625 -204.94821
20652.85547 -172.11002
20655.55469 -201.64291
20658.23047 -204.83562
20660.92969 -209.19127
20663.63086 -178.71437
20666.31836 -214.46622
20669.00586 -204.32051
20671.69727 -203.57494
20674.39648 -168.69966
20677.07422 -209.38864
20679.77734 -214.16466
20682.48047 -201.72826
20685.14844 -181.21606
20687.85156 -205.71655
20690.54492 -202.68015
20693.23438 -199.22078
20695.92773 -152.41397
20698.62109 -199.26003
20701.31250 -202.54387
20703.99609 -205.93016
20706.70117 -168.06355
20709.38477 -205.05057
20712.08008 -207.04126
20714.77344 -209.70700
20717.46875 -188.12532
20720.14062 -217.97345
20722.84961 -210.06544
20725.53516 -208.74544
20728.24219 -178.94437
20730.91797 -205.80861
20733.61523 -200.89682
20736.31250 -198.72850
20739.00000 -174.90240
20741.68750 -201.76234
20744.37305 -210.48283
20747.07227 -205.65378
20749.76172 -164.57449
20752.44922 -197.81898
20755.14844 -200.24240
20757.83984 -202.07228
20760.52734 -173.07791
20763.23047 -207.24028
20765.90820 -211.81422
20768.61133 -205.91716
20771.30078 -176.86292
20773.99219 -205.18456
20776.68359 -204.41858
20779.37695 -205.70587
20782.06836 -191.01366
20784.77344 -206.39868
20787.45312 -223.29242
20790.14844 -220.35995
20792.83008 -182.89380
20795.53516 -201.81207
20798.21875 -199.67311
20800.92578 -204.35805
20803.60938 -177.98181
20806.29102 -202.62431
20809.00000 -218.47971
20811.68359 -201.19521
20814.37109 -177.04546
20817.06641 -207.41901
20819.76367 -214.99049
20822.44922 -209.75735
20825.14844 -179.69289
20827.83398 -219.44238
20830.52344 -210.04832
20833.22070 -204.16783
20835.90820 -173.63757
20838.60938 -209.22643
20841.29688 -210.79007
20843.99609 -204.86284
20846.67578 -192.18677
20849.37500 -210.42241
20852.06641 -207.64905
20854.75586 -205.08360
20857.44531 -170.68283
20860.13867 -210.23305
20862.84180 -206.21217
20865.51953 -202.25922
20868.22461 -174.18285
20870.90625 -202.92088
20873.61133 -207.54951
20876.29102 -203.92044
20878.98438 -165.69946
20881.67969 -205.97672
20884.35938 -229.89886
20887.06836 -207.14615
20889.75000 -175.15422
20892.43359 -208.66818
20895.14062 -209.17877
20897.82422 -216.28314
20900.52344 -176.88533
20903.21875 -206.24574
20905.90234 -208.77444
20908.58984 -202.14853
20911.28711 -177.76714
20913.98438 -203.21748
20916.67188 -216.98769
20919.37109 -212.85817
20922.04688 -170.35579
20924.74609 -206.84982
20927.44531 -203.61848
20930.13477 -204.71317
20932.81250 -191.24915
20935.51172 -206.12056
20938.21289 -202.86005
20940.89062 -202.62265
20943.59375 -173.85933
20946.29688 -203.53979
20948.97461 -207.84401
20951.66406 -209.37823
20954.35742 -175.45654
20957.05078 -203.63443
20959.74219 -206.05403
20962.43359 -213.57109
20965.11719 -175.12813
20967.82227 -203.79088
20970.51562 -202.95071
20973.19922 -203.52274
20975.89062 -170.91795
20978.57422 -209.39076
20981.28125 -204.57918
20983.96484 -203.19250
20986.66211 -183.62369
20989.34570 -201.60782
20992.04297 -203.63087
20994.73828 -204.20032
20997.42383 -179.13832
21000.12109 -204.97313
21002.81055 -217.51199
21005.50781 -207.16144
21008.19336 -166.06612
21010.89453 -208.07805
21013.58203 -202.69150
21016.26953 -200.33174
21018.96875 -184.55615
21021.65820 -209.34099
21024.34570 -208.09137
21027.03516 -204.58101
21029.73633 -130.27275
21032.42578 -196.17677
21035.11719 -200.40213
21037.81055 -206.79956
21040.50000 -175.04262
21043.19141 -205.24275
21045.88281 -204.10709
21048.57617 -201.38031
21051.25781 -165.43675
21053.96094 -210.20004
21056.65625 -202.96223
21059.34766 -200.10526
21062.04102 -176.82545
21064.73633 -206.47607
21067.41992 -228.08398
21070.11523 -202.18976
21072.81055 -154.45468
21075.50586 -197.86731
21078.18750 -204.28052
21080.87500 -212.88290
21083.57227 -172.01529
21086.26758 -201.32622
21088.96484 -203.60997
21091.65039 -203.39040
21094.33789 -173.36835
21097.03516 -208.11720
21099.72461 -204.75583
21102.42188 -203.90089
21105.10938 -180.02596
21107.79688 -219.12212
21110.48633 -217.03168
21113.18750 -217.20500
21115.87695 -163.88744
21118.56641 -207.50272
21121.26758 -217.85229
21123.95703 -215.46144
21126.64844 -170.84500
21129.32812 -204.87544
21132.04297 -204.70706
21134.72266 -201.91193
21137.41406 -171.06291
21140.10742 -201.47574
21142.80078 -202.39604
21145.49219 -202.46608
21148.18555 -181.50861
21150.87891 -214.56381
21153.56250 -216.87358
21156.26758 -208.07497
21158.93750 -171.31483
21161.63281 -202.73462
21164.32812 -211.86182
21167.02734 -214.61723
21169.70898 -171.55693
21172.40625 -216.21626
21175.10156 -204.44753
21177.78906 -201.12762
21180.48633 -173.00623
21183.17188 -212.89352
21185.86914 -206.84663
21188.55664 -204.97270
21191.25391 -177.76747
21193.94336 -205.01733
21196.63086 -214.96379
21199.33203 -209.24657
21202.01953 -172.62277
21204.70898 -200.42010
21207.39844 -200.06615
21210.09766 -197.99577
21212.78906 -183.21954
21215.47852 -204.89574
21218.16797 -210.50485
21220.85938 -209.76366
21223.55273 -181.35864
21226.24219 -201.11293
21228.93555 -205.71741
21231.63867 -209.36035
21234.32031 -181.97659
21237.01367 -222.39821
21239.71875 -214.49844
21242.40039 -209.05988
21245.08203 -168.16191
21247.78906 -207.40039
21250.48438 -209.51511
21253.16602 -205.10294
21255.86133 -186.30785
21258.54492 -199.43813
21261.24219 -203.91666
21263.92578 -208.93404
21266.62305 -184.11311
21269.32031 -200.28780
21272.00781 -204.38846
21274.70508 -214.13254
21277.39062 -175.80090
21280.08789 -209.75356
21282.77539 -215.08513
21285.47656 -208.26979
21288.15234 -166.47830
21290.86133 -207.09515
21293.55273 -204.47839
21296.24023 -220.73402
21298.92773 -179.91058
21301.63086 -206.67378
21304.30859 -209.09116
21307.00977 -202.76793
21309.70312 -169.16611
21312.39258 -205.28224
21315.08203 -208.67863
21317.76367 -224.92064
21320.46680 -173.21944
21323.16016 -211.64679
21325.85156 -202.91417
21328.54492 -198.59093
21331.22656 -166.09799
21333.92969 -207.73080
21336.62305 -204.06238
21339.30664 -201.27837
21342.01367 -186.67914
21344.69727 -213.61919
21347.39258 -216.91454
21350.07617 -201.32399
21352.77148 -172.00703
21355.45703 -200.87381
21358.15234 -208.29004
21360.84961 -213.28372
21363.54688 -154.48947
21366.22070 -204.02090
21368.91797 -202.03175
21371.60547 -203.01068
21374.30469 -165.47192
21376.99219 -207.98474
21379.69141 -204.14368
21382.38086 -202.89410
21385.07812 -186.97469
21387.76953 -208.05682
21390.45703 -216.08218
21393.14648 -203.01479
21395.84766 -176.00581
21398.52539 -200.47769
21401.22852 -209.67508
21403.91797 -201.35257
21406.62109 -173.93224
21409.30078 -202.17711
21412.00391 -200.82440
21414.68555 -203.71027
21417.37891 -178.39288
21420.06836 -201.13397
21422.75195 -200.22624
21425.45703 -205.98047
21428.13672 -181.79071
21430.83203 -205.74982
21433.52539 -204.55220
21436.22070 -201.80421
21438.91602 -174.79271
21441.59961 -204.68056
21444.28516 -209.95003
21446.99219 -209.53006
21449.67578 -181.94336
21452.37305 -207.45590
21455.05859 -202.99602
21457.75586 -201.34889
21460.45312 -176.95773
21463.15234 -206.07693
21465.83789 -204.43941
21468.53711 -205.28348
21471.22266 -177.39314
21473.89844 -207.84695
21476.59961 -215.24751
21479.28711 -204.70790
21481.98828 -174.51273
21484.67773 -208.12511
21487.37891 -206.78792
21490.05664 -207.91414
21492.74609 -178.70959
21495.44922 -206.17015
21498.14062 -205.57278
21500.83008 -201.88339
21503.52344 -170.54890
21506.21289 -202.18016
21508.90625 -203.28444
21511.59766 -203.90099
21514.28906 -181.43526
21516.98438 -219.86525
21519.67773 -211.01054
21522.35938 -199.61990
21525.06641 -182.00737
21527.74609 -206.00842
21530.44141 -208.40048
21533.12500 -200.45291
21535.82031 -173.21199
21538.51562 -204.07379
21541.21289 -205.71584
21543.89648 -204.48430
21546.59375 -169.12267
21549.29297 -199.09583
21551.97656 -202.86284
21554.67578 -206.82516
21557.36133 -177.18193
21560.05859 -206.17422
21562.74609 -213.48584
21565.43359 -203.65701
21568.13281 -176.66660
21570.82031 -204.82625
21573.50781 -209.48109
21576.19922 -204.41928
21578.91016 -183.01823
21581.58594 -207.41531
21584.28906 -206.69055
21586.96875 -209.87975
21589.66992 -169.60744
21592.34766 -201.26823
21595.05078 -213.53691
21597.73047 -206.37907
21600.43359 -188.70470
21603.12500 -203.72624
21605.81836 -202.16919
21608.51172 -203.36594
21611.20312 -174.49223
21613.89648 -204.30818
21616.58008 -204.14391
21619.27344 -211.71074
21621.96875 -177.14195
21624.65039 -208.40123
21627.34570 -216.84410
21630.04102 -210.06915
21632.75000 -173.28297
21635.43164 -201.95769
21638.11719 -204.76619
21640.81250 -209.11514
21643.51172 -171.11459
21646.19531 -214.15402
21648.89453 -205.89676
21651.58008 -203.36208
21654.26562 -172.79787
21656.96484 -206.87570
21659.66406 -206.65323
21662.35156 -205.92992
21665.03906 -184.01508
21667.72656 -207.50548
21670.42773 -208.73680
21673.11523 -202.35762
21675.80469 -172.52716
21678.49609 -203.65268
21681.19531 -209.67278
21683.88672 -203.00525
21686.57812 -181.08919
21689.26758 -199.90396
21691.95703 -202.08470
21694.65039 -205.44000
21697.33203 -150.56374
21700.04688 -205.98349
21702.72656 -203.37187
21705.41992 -209.67130
21708.11328 -180.55087
21710.80469 -209.06145
21713.50000 -205.96735
21716.18164 -199.10249
21718.87695 -173.80603
21721.57227 -198.08163
21724.26758 -217.28265
21726.96289 -203.11813
21729.63281 -176.17212
21732.33203 -199.32495
21735.02734 -203.65469
21737.72461 -214.01276
21740.41016 -143.11029
21743.10547 -203.46793
21745.80273 -204.25290
21748.49219 -219.96553
21751.18945 -174.38394
21753.86523 -211.75533
21756.56250 -210.44180
21759.25000 -206.58781
21761.95117 -171.33185
21764.63867 -203.22166
21767.32617 -216.27766
21770.02930 -212.23680
21772.71680 -184.51151
21775.40820 -204.45584
21778.10742 -203.29031
21780.79883 -209.65103
21783.47656 -164.17606
21786.17969 -204.90390
21788.87109 -209.39124
21791.56250 -203.58330
21794.26758 -177.88332
21796.93555 -205.91570
21799.62891 -206.65363
21802.33203 -202.39227
21805.02734 -175.79697
21807.70703 -214.43983
21810.40039 -206.22449
21813.09570 -207.24786
21815.80078 -176.55598
21818.48438 -209.20068
21821.16797 -205.85533
21823.86328 -203.00351
21826.57227 -171.64240
21829.24219 -208.27948
21831.94141 -201.96797
21834.63672 -202.66179
21837.32227 -175.49545
21840.00781 -206.07500
21842.71680 -216.22743
21845.39062 -204.74957
21848.08984 -174.73935
21850.78906 -208.48706
21853.48828 -210.00150
21856.16406 -202.89046
21858.86523 -199.73302
21861.55273 -205.17851
21864.25391 -206.75531
21866.94141 -201.66829
21869.63086 -175.58270
21872.32031 -208.93216
21875.00977 -216.87581
21877.71289 -208.09099
21880.39062 -177.61737
21883.09375 -201.19388
21885.77148 -203.49962
21888.47656 -211.27249
21891.16797 -169.29681
21893.85938 -204.31244
21896.55273 -205.45462
21899.24609 -206.24001
21901.92578 -190.20869
21904.63086 -214.91278
21907.31445 -212.82677
21910.01953 -202.13562
21912.70312 -173.64862
21915.39844 -201.10858
21918.08203 -209.60442
21920.77734 -206.31499
21923.47266 -187.85780
21926.15430 -210.66202
21928.86523 -207.45712
21931.54688 -208.39024
21934.23438 -179.71465
21936.94336 -206.17046
21939.61719 -206.45906
21942.31445 -214.97227
21945.01172 -174.69394
21947.69922 -208.01678
21950.38867 -209.59705
21953.08594 -212.56013
21955.77344 -175.46159
21958.46094 -206.66389
21961.15039 -212.76596
21963.85156 -216.54759
21966.54102 -174.99307
21969.24023 -206.26993
21971.91797 -204.70831
21974.62109 -205.62721
21977.30078 -176.06563
21980.00195 -207.70126
21982.69336 -208.67462
21985.39844 -203.48569
21988.07617 -186.04436
21990.75781 -204.01230
21993.46094 -201.66887
21996.15430 -197.78674
21998.84766 -181.84331
22001.54102 -213.76895
22004.23438 -208.37593
22006.91602 -205.25638
22009.62109 -178.49078
22012.30469 -200.76527
22015.00000 -203.28082
22017.69531 -205.80162
22020.37891 -170.58849
22023.08594 -206.50352
22025.77148 -204.75499
22028.45508 -203.53128
22031.15234 -163.88446
22033.83789 -210.44206
22036.52344 -209.55856
22039.22070 -201.71706
22041.90625 -186.56999
22044.60547 -209.74907
22047.30469 -207.55244
22049.99023 -199.56895
