Graph #0 from AudioThread1
2.69198 -54.68323
5.38396 -54.42550
8.07594 -7.54521
10.76791 -54.85988
13.45989 -55.46457
16.15187 -55.96836
18.84385 -57.58958
21.53583 -58.16615
24.22781 -13.73675
26.91979 -56.01867
29.61176 -54.98786
32.30375 -54.96316
34.99573 -54.45877
37.68771 -55.03290
40.37968 -19.92003
43.07167 -58.21286
45.76364 -60.83966
48.45562 -64.46955
51.14760 -65.93588
53.83958 -66.93759
56.53155 -25.63136
59.22354 -67.55644
61.91550 -70.97623
64.60748 -72.70465
67.29947 -73.46700
69.99145 -68.17049
72.68342 -30.15911
75.37541 -63.06943
78.06738 -62.53135
80.75936 -63.37639
83.45135 -63.78522
86.14331 -65.58969
88.83529 -34.74674
91.52726 -72.46598
94.21925 -74.68650
96.91125 -74.61771
99.60323 -71.88028
102.29519 -71.44257
104.98715 -38.86518
107.67915 -77.14845
110.37112 -79.18108
113.06311 -74.94797
115.75508 -72.21561
118.44704 -69.58743
121.13905 -42.38393
123.83102 -68.95277
126.52299 -69.51152
129.21498 -72.01507
131.90695 -74.61965
134.59895 -81.48687
137.29092 -46.93975
139.98288 -81.65419
142.67488 -77.43105
145.36685 -77.00941
148.05884 -76.43694
150.75082 -77.60828
153.44283 -52.11469
156.13478 -77.48425
158.82674 -75.23961
161.51871 -74.36087
164.21068 -73.44371
166.90265 -74.06381
169.59467 -58.02877
172.28662 -76.40343
174.97864 -80.28853
177.67059 -85.16583
180.36258 -92.74652
183.05452 -88.52156
185.74654 -63.34691
188.43854 -80.88402
191.13049 -79.83057
193.82245 -79.14878
196.51450 -78.47444
199.20641 -78.60182
201.89836 -66.91083
204.59042 -77.07944
207.28238 -77.58997
209.97437 -77.89430
212.66631 -78.65512
215.35828 -79.78365
218.05025 -70.86475
220.74232 -85.06705
223.43420 -90.71248
226.12619 -90.02673
228.81815 -86.20833
231.51018 -83.65898
234.20219 -70.32788
236.89415 -80.71887
239.58609 -80.94132
242.27808 -80.19403
244.97008 -80.20427
247.66197 -79.29842
250.35399 -68.84805
253.04602 -79.93765
255.73793 -80.63314
258.42996 -82.11928
261.12186 -84.49949
263.81393 -86.00993
266.50589 -73.28313
269.19791 -88.84600
271.88986 -86.91195
274.58182 -85.62421
277.27374 -84.74875
279.96582 -82.66461
282.65775 -73.84947
285.34970 -81.70622
288.04175 -80.61662
290.73367 -80.75403
293.42569 -81.09824
296.11768 -81.83136
298.80960 -75.32118
301.50159 -84.48308
304.19360 -84.64945
306.88565 -86.28313
309.57758 -87.16274
312.26950 -88.89796
314.96152 -78.30679
317.65353 -87.56025
320.34543 -84.53021
323.03745 -83.64336
325.72943 -82.57722
328.42145 -82.87009
331.11334 -80.56142
333.80530 -82.85811
336.49738 -82.82480
339.18933 -83.20211
341.88138 -83.34638
344.57330 -85.18283
347.26520 -104.61601
349.95728 -87.47675
352.64926 -89.77360
355.34119 -89.51025
358.03311 -87.60011
360.72513 -87.58897
363.41718 -92.87857
366.10907 -85.11659
368.80112 -85.15680
371.49304 -84.46526
374.18506 -83.84067
376.87698 -83.95670
379.56897 -81.11244
382.26089 -83.95120
384.95297 -85.85732
387.64499 -86.83832
390.33694 -88.45158
393.02887 -88.71422
395.72086 -80.63339
398.41293 -88.74584
401.10477 -90.03856
403.79681 -89.18156
406.48877 -88.41987
409.18088 -86.59928
411.87280 -78.77309
414.56479 -84.75905
417.25662 -84.99992
419.94867 -85.14032
422.64066 -86.02308
425.33264 -85.74566
428.02472 -78.45101
430.71658 -87.35258
433.40857 -87.63786
436.10052 -88.86803
438.79248 -90.58395
441.48456 -90.35294
444.17648 -80.51099
446.86844 -89.40076
449.56036 -87.57964
452.25244 -87.01284
454.94443 -86.76860
457.63635 -86.21116
460.32840 -80.16563
463.02029 -86.59750
465.71231 -85.70387
468.40430 -86.10065
471.09634 -86.46314
473.78821 -87.90105
476.48022 -84.67226
479.17224 -90.81558
481.86414 -90.23592
484.55624 -90.17738
487.24811 -89.29303
489.94006 -89.61889
492.63211 -86.05020
495.32404 -88.77161
498.01611 -87.44884
500.70804 -86.89529
503.39996 -86.09653
506.09195 -86.83194
508.78406 -88.22729
511.47589 -87.38844
514.16803 -88.59581
516.85980 -89.10656
519.55188 -89.22668
522.24377 -90.57684
524.93579 -92.89445
527.62781 -90.78256
530.31989 -91.89294
533.01172 -90.82040
535.70380 -89.32145
538.39569 -88.99573
541.08765 -88.15897
543.77960 -87.37091
546.47162 -88.34440
549.16370 -88.25881
551.85553 -88.48076
554.54749 -88.43401
557.23962 -86.33062
559.93170 -88.83846
562.62354 -90.72507
565.31555 -91.67809
568.00751 -93.05688
570.69934 -92.02590
573.39160 -87.00083
576.08344 -90.21487
578.77551 -90.48362
581.46741 -89.97485
584.15930 -90.11959
586.85126 -88.84879
589.54321 -84.40514
592.23523 -88.31192
594.92743 -88.36943
597.61926 -88.91101
600.31134 -90.13591
603.00323 -90.28615
605.69507 -85.70714
608.38708 -91.90611
611.07916 -91.34956
613.77124 -91.75016
616.46307 -92.36906
619.15515 -91.62704
621.84705 -85.35699
624.53906 -90.65776
627.23096 -89.14600
629.92303 -88.89859
632.61493 -88.91723
635.30695 -89.20509
637.99884 -85.86333
640.69092 -90.36120
643.38306 -89.86981
646.07477 -90.32729
648.76697 -90.59365
651.45898 -91.99181
654.15076 -89.22007
656.84277 -93.52757
659.53479 -92.31040
662.22681 -91.53409
664.91882 -90.50602
667.61072 -90.72075
670.30273 -89.38420
672.99475 -90.49238
675.68652 -90.21761
678.37878 -89.85772
681.07068 -89.37727
683.76257 -90.02560
686.45441 -96.59191
689.14667 -91.35047
691.83838 -93.02127
694.53033 -93.23468
697.22241 -92.73273
699.91443 -92.73574
702.60614 -101.92487
705.29840 -92.29349
707.99023 -92.95841
710.68225 -92.05830
713.37433 -91.10141
716.06616 -90.36959
718.75824 -92.81896
721.45032 -90.01215
724.14209 -91.14127
726.83423 -91.59138
729.52625 -92.31050
732.21826 -91.91388
734.90997 -90.16455
737.60205 -92.34045
740.29425 -93.46716
742.98615 -94.19424
745.67798 -94.78399
748.37024 -93.14334
751.06195 -88.47451
753.75403 -91.32234
756.44598 -91.12432
759.13782 -91.24625
761.82996 -91.89360
764.52161 -91.47084
767.21399 -86.62589
769.90588 -91.29350
772.59760 -91.09863
775.28986 -91.92740
777.98187 -93.26282
780.67358 -94.21584
783.36578 -88.07500
786.05780 -94.04202
788.74951 -92.71716
791.44159 -92.63557
794.13367 -92.78200
796.82568 -92.97914
799.51770 -87.65377
802.20947 -92.18199
804.90167 -91.00746
807.59369 -90.87093
810.28552 -90.97866
812.97742 -92.04174
815.66931 -91.11837
818.36182 -93.78419
821.05322 -93.53701
823.74542 -93.38860
826.43762 -93.09367
829.12915 -93.96729
831.82135 -95.06276
834.51331 -94.70453
837.20526 -93.79625
839.89740 -92.69575
842.58917 -91.64319
845.28137 -91.68697
847.97339 -98.93443
850.66516 -92.46664
853.35718 -93.18254
856.04950 -92.95267
858.74091 -92.56244
861.43304 -92.63129
864.12524 -97.86195
866.81702 -94.11977
869.50891 -95.82418
872.20123 -95.69228
874.89294 -94.67074
877.58484 -93.54494
880.27704 -93.66747
882.96924 -92.89222
885.66095 -93.59335
888.35278 -93.51985
891.04498 -93.23926
893.73669 -92.43790
896.42877 -89.56387
899.12079 -92.16411
901.81299 -93.13618
904.50470 -94.20433
907.19659 -95.41352
909.88867 -95.21987
912.58051 -89.75518
915.27277 -94.07016
917.96472 -94.26628
920.65668 -94.71284
923.34869 -95.15298
926.04065 -94.55282
928.73285 -88.54066
931.42450 -92.52129
934.11646 -92.23441
936.80847 -92.59590
939.50049 -93.40323
942.19275 -94.30450
944.88416 -89.87520
947.57660 -94.06213
950.26849 -93.89186
952.96051 -94.21983
955.65234 -95.05128
958.34424 -96.25693
961.03625 -91.73418
963.72833 -95.10523
966.42053 -94.07097
969.11200 -93.41644
971.80432 -93.30048
974.49640 -93.80093
977.18835 -93.76333
979.88025 -93.99010
982.57196 -93.83189
985.26434 -93.42773
987.95593 -93.52908
990.64813 -94.11385
993.34033 -101.06445
996.03210 -96.25134
998.72406 -96.61316
1001.41589 -95.60668
1004.10815 -94.98177
1006.80005 -94.49650
1009.49207 -101.95128
1012.18396 -95.18491
1014.87585 -95.24318
1017.56799 -94.32018
1020.25964 -93.71484
1022.95197 -92.98299
1025.64404 -97.32738
1028.33594 -94.47500
1031.02771 -95.38589
1033.71973 -95.75713
1036.41174 -95.77050
1039.10364 -94.82938
1041.79590 -96.87460
1044.48767 -96.01953
1047.17993 -96.41281
1049.87146 -96.42485
1052.56384 -95.82336
1055.25562 -94.28486
1057.94751 -94.12621
1060.63989 -94.13710
1063.33142 -94.14828
1066.02344 -94.74528
1068.71545 -94.98222
1071.40759 -94.63458
1074.09961 -94.08810
1076.79126 -94.81257
1079.48340 -95.00482
1082.17542 -96.14616
1084.86731 -96.84035
1087.55933 -96.90348
1090.25122 -95.33524
1092.94299 -95.39829
1095.63525 -94.80457
1098.32751 -95.06421
1101.01880 -95.19955
1103.71155 -95.55936
1106.40295 -95.07771
1109.09546 -94.22514
1111.78723 -94.07726
1114.47864 -94.50557
1117.17126 -95.21353
1119.86316 -96.68829
1122.55542 -98.40702
1125.24744 -96.09545
1127.93909 -96.06656
1130.63086 -95.97534
1133.32288 -96.31074
1136.01550 -97.16142
1138.70654 -98.67153
1141.39844 -95.56184
1144.09070 -95.22501
1146.78296 -94.58822
1149.47461 -94.72224
1152.16663 -95.14145
1154.85852 -98.71566
1157.55115 -95.73175
1160.24231 -96.15874
1162.93457 -95.79205
1165.62708 -96.12380
1168.31873 -96.17201
1171.01086 -100.93931
1173.70264 -97.72719
1176.39453 -97.65165
1179.08655 -96.53339
1181.77881 -96.04868
1184.47034 -95.08150
1187.16211 -98.68895
1189.85461 -96.28552
1192.54688 -96.10523
1195.23828 -95.64717
1197.93030 -95.35684
1200.62244 -94.55927
1203.31470 -97.89700
1206.00659 -97.02695
1208.69824 -97.16983
1211.39026 -97.63590
1214.08264 -97.17109
1216.77393 -96.02239
1219.46594 -98.22991
1222.15808 -97.30408
1224.85022 -96.66409
1227.54248 -96.79581
1230.23425 -95.98173
1232.92627 -95.11159
1235.61865 -95.52647
1238.31042 -95.48118
1241.00232 -95.35769
1243.69397 -96.32043
1246.38599 -96.37550
1249.07825 -96.87110
1251.77051 -95.58654
1254.46204 -96.40714
1257.15381 -96.54564
1259.84558 -97.54348
1262.53821 -97.47106
1265.22961 -98.10698
1267.92188 -94.97366
1270.61426 -95.54197
1273.30591 -95.41535
1275.99780 -95.82388
1278.68994 -96.05546
1281.38196 -97.58234
1284.07336 -94.53693
1286.76538 -95.33540
1289.45752 -95.97890
1292.14966 -96.35529
1294.84155 -97.28265
1297.53320 -99.33727
1300.22571 -96.63773
1302.91699 -96.87592
1305.60962 -97.33122
1308.30127 -96.79316
1310.99304 -97.12527
1313.68542 -97.91872
1316.37744 -96.97395
1319.06921 -96.18100
1321.76147 -96.70648
1324.45374 -95.91744
1327.14551 -96.40221
1329.83704 -96.39829
1332.52905 -100.80359
1335.22156 -97.83901
1337.91370 -98.69950
1340.60498 -97.71542
1343.29761 -97.98429
1345.98889 -96.89957
1348.68176 -104.58183
1351.37280 -98.77597
1354.06506 -98.73674
1356.75684 -97.39259
1359.44946 -96.95161
1362.14160 -95.28258
1364.83325 -101.02088
1367.52454 -97.72795
1370.21680 -97.56596
1372.90869 -97.53787
1375.60156 -97.33730
1378.29248 -95.90475
1380.98511 -99.05881
1383.67725 -98.90645
1386.36890 -98.45033
1389.06079 -99.03062
1391.75293 -98.32587
1394.44507 -96.58376
1397.13647 -97.35362
1399.82849 -97.66122
1402.52051 -96.77634
1405.21313 -97.50006
1407.90417 -96.99323
1410.59692 -96.54373
1413.28882 -95.48919
1415.98096 -96.71861
1418.67285 -96.44997
1421.36462 -97.79665
1424.05688 -98.00793
1426.74829 -99.09601
1429.44067 -96.76205
1432.13245 -97.59106
1434.82422 -97.18016
1437.51611 -97.91949
1440.20825 -97.75518
1442.90015 -99.08495
1445.59229 -96.89030
1448.28430 -96.36251
1450.97607 -96.32979
1453.66772 -96.72445
1456.35999 -97.10971
1459.05212 -99.18884
1461.74426 -100.11869
1464.43665 -97.28427
1467.12830 -97.97673
1469.82080 -97.92290
1472.51196 -98.54492
1475.20386 -100.04309
1477.89624 -105.11729
1480.58789 -98.01030
1483.28027 -98.44060
1485.97241 -97.48126
1488.66394 -97.72153
1491.35596 -97.78421
1494.04785 -105.22353
1496.74060 -97.67196
1499.43188 -98.46495
1502.12402 -97.68118
1504.81592 -98.30237
1507.50781 -97.50885
1510.19995 -101.58688
1512.89172 -99.65836
1515.58374 -100.10401
1518.27576 -99.10780
1520.96741 -99.27855
1523.66016 -97.39638
1526.35181 -98.99920
1529.04346 -99.26455
1531.73572 -98.72311
1534.42810 -98.16048
1537.12012 -98.03297
1539.81189 -96.38183
1542.50354 -96.00518
1545.19531 -99.01579
1547.88708 -98.23283
1550.57983 -98.94574
1553.27124 -98.79138
1555.96387 -97.74890
1558.65601 -96.18560
1561.34741 -100.02234
1564.03906 -98.56847
1566.73120 -99.18266
1569.42371 -98.32877
1572.11536 -97.61087
1574.80701 -95.75594
1577.49927 -98.28621
1580.19177 -97.16731
1582.88281 -98.06833
1585.57593 -97.46564
1588.26758 -98.42037
1590.95959 -96.98833
1593.65063 -98.29106
1596.34326 -98.02346
1599.03503 -99.12143
1601.72705 -98.55825
1604.41992 -100.39449
1607.11121 -99.38518
1609.80322 -98.31730
1612.49463 -98.10053
1615.18665 -98.43786
1617.87903 -97.81709
1620.57068 -99.73054
1623.26294 -100.60395
1625.95508 -97.22275
1628.64673 -98.05040
1631.33887 -98.26849
1634.03125 -98.56746
1636.72290 -100.66656
1639.41528 -102.77342
1642.10669 -98.35209
1644.79883 -99.76116
1647.49097 -99.36147
1650.18250 -99.75227
1652.87451 -100.62803
1655.56702 -101.39240
1658.25903 -98.08989
1660.95117 -99.21176
1663.64282 -98.36451
1666.33435 -99.10934
1669.02686 -98.77838
1671.71924 -98.37168
1674.41064 -98.62135
1677.10254 -99.74729
1679.79443 -99.16312
1682.48669 -100.32625
1685.17847 -99.10743
1687.87097 -98.14661
1690.56287 -100.35670
1693.25378 -100.48769
1695.94604 -99.56674
1698.63843 -99.94478
1701.33044 -98.08909
1704.02295 -96.91138
1706.71448 -99.83997
1709.40613 -99.12692
1712.09827 -98.84525
1714.79028 -98.88506
1717.48242 -97.63580
1720.17407 -97.17786
1722.86670 -100.80830
1725.55859 -99.74316
1728.25012 -100.18021
1730.94214 -99.60732
1733.63416 -98.59092
1736.32642 -98.46696
1739.01794 -100.82458
1741.71033 -99.35299
1744.40210 -99.68145
1747.09363 -98.54474
1749.78564 -98.10980
1752.47791 -98.74345
1755.16980 -99.13491
1757.86157 -98.57813
1760.55371 -99.48800
1763.24561 -98.76196
1765.93762 -99.59634
1768.62939 -101.29123
1771.32202 -99.47507
1774.01343 -99.57943
1776.70667 -100.44104
1779.39746 -99.60770
1782.08972 -100.64029
1784.78162 -102.17409
1787.47375 -98.52738
1790.16589 -98.79258
1792.85718 -99.21986
1795.54980 -99.05926
1798.24121 -100.60857
1800.93445 -101.59756
1803.62500 -98.25851
1806.31726 -99.24623
1809.00977 -99.55678
1811.70239 -100.42196
1814.39331 -102.00697
1817.08521 -102.31039
1819.77759 -99.34639
1822.46948 -100.15285
1825.16125 -99.73961
1827.85254 -100.50127
1830.54578 -100.85550
1833.23706 -100.47038
1835.92957 -98.98588
1838.62061 -99.50180
1841.31348 -98.94405
1844.00488 -100.02222
1846.69751 -99.67255
1849.38855 -99.31370
1852.08105 -100.55891
1854.77319 -100.73734
1857.46533 -100.08458
1860.15735 -100.94609
1862.84912 -99.80276
1865.54175 -99.36024
1868.23303 -101.47375
1870.92578 -100.64793
1873.61707 -99.80544
1876.30872 -99.83273
1879.00012 -98.46130
1881.69324 -97.88664
1884.38464 -100.97044
1887.07666 -99.99693
1889.76855 -100.00607
1892.46069 -99.70857
1895.15234 -98.86739
1897.84473 -98.26956
1900.53723 -101.91895
1903.22827 -100.87007
1905.92029 -101.17540
1908.61218 -100.13351
1911.30432 -99.29604
1913.99646 -98.37121
1916.68884 -100.70470
1919.38123 -99.79011
1922.07263 -100.32795
1924.76465 -99.21642
1927.45679 -99.31588
1930.14795 -98.59367
1932.84033 -99.73943
1935.53296 -99.79536
1938.22412 -100.84661
1940.91663 -100.11584
1943.60889 -101.19701
1946.30005 -100.66705
1948.99182 -100.12095
1951.68408 -100.37394
1954.37634 -100.94081
1957.06848 -100.15485
1959.76062 -101.32301
1962.45215 -101.28178
1965.14404 -99.01316
1967.83594 -99.60654
1970.52881 -99.95953
1973.22009 -100.09101
1975.91211 -101.74138
1978.60352 -102.50637
1981.29639 -99.60469
1983.98865 -100.67779
1986.68018 -100.72043
1989.37109 -101.42686
1992.06372 -102.57986
1994.75537 -102.69776
1997.44824 -100.09087
2000.13940 -100.74677
2002.83142 -100.13028
2005.52368 -100.85297
2008.21643 -100.98623
2010.90820 -99.98411
2013.60034 -99.96495
2016.29163 -100.51062
2018.98315 -100.04298
2021.67615 -101.19408
2024.36707 -100.79791
2027.05945 -98.88359
2029.75208 -101.59483
2032.44373 -101.61427
2035.13562 -100.94209
2037.82776 -101.64764
2040.52002 -100.52142
2043.21143 -97.89649
2045.90405 -101.49735
2048.59570 -100.80508
2051.28760 -100.26746
2053.97974 -100.46365
2056.67090 -99.49306
2059.36426 -97.11929
2062.05566 -101.65322
2064.74707 -100.95964
2067.43970 -101.14081
2070.13135 -100.91786
2072.82422 -100.26371
2075.51611 -98.11915
2078.20703 -102.44537
2080.89893 -101.45457
2083.59082 -101.54956
2086.28394 -100.55972
2088.97510 -99.93914
2091.66724 -98.53828
2094.35938 -101.07275
2097.05151 -100.54435
2099.74365 -101.02531
2102.43457 -100.10861
2105.12671 -100.29390
2107.81885 -100.79609
2110.51099 -101.01546
2113.20410 -101.28151
2115.89380 -102.07374
2118.58691 -101.14462
2121.27881 -101.57407
2123.97192 -103.53014
2126.66357 -100.81641
2129.35522 -101.07385
2132.04663 -101.40805
2134.73926 -100.71027
2137.43164 -101.30922
2140.12280 -103.75517
2142.81494 -99.88861
2145.50708 -100.61283
2148.19873 -100.98825
2150.89062 -101.35743
2153.58325 -102.46524
2156.27466 -103.25542
2158.96704 -100.69666
2161.65796 -101.47729
2164.35107 -101.50671
2167.04272 -102.14215
2169.73413 -102.83369
2172.42676 -101.09256
2175.11890 -100.44876
2177.81079 -100.78246
2180.50269 -100.43834
2183.19385 -101.35601
2185.88647 -101.81546
2188.57715 -98.92310
2191.27002 -100.92075
2193.96289 -101.20798
2196.65405 -100.88301
2199.34619 -102.01332
2202.03784 -102.18665
2204.73047 -98.76553
2207.42261 -102.22462
2210.11450 -101.92228
2212.80615 -101.18877
2215.49854 -101.61611
2218.19043 -101.15366
2220.88086 -98.08279
2223.57446 -101.87479
2226.26538 -101.40743
2228.95703 -100.90177
2231.65063 -100.99267
2234.34277 -100.49930
2237.03418 -98.73964
2239.72534 -102.73863
2242.41724 -102.49264
2245.10986 -102.28374
2247.80225 -101.80259
2250.49390 -100.95294
2253.18628 -100.06363
2255.87842 -102.73370
2258.56982 -102.32799
2261.26196 -102.18231
2263.95361 -101.21459
2266.64600 -100.30420
2269.33667 -100.93332
2272.02930 -101.59901
2274.72241 -101.71916
2277.41406 -102.29366
2280.10596 -101.66757
2282.79761 -101.16309
2285.48975 -103.49371
2288.18140 -101.98026
2290.87378 -102.28297
2293.56543 -102.99054
2296.25781 -102.37991
2298.94946 -101.81831
2301.64185 -104.23403
2304.33350 -101.19642
2307.02588 -101.23693
2309.71729 -101.76613
2312.40967 -101.72794
2315.10107 -101.94789
2317.79321 -103.36510
2320.48486 -101.00710
2323.17676 -101.21426
2325.86938 -101.74763
2328.56006 -102.41663
2331.25391 -103.36564
2333.94556 -103.17191
2336.63647 -101.78121
2339.32910 -101.64285
2342.02124 -101.62599
2344.71387 -102.11923
2347.40430 -102.98464
2350.09790 -101.23956
2352.78955 -101.30639
2355.48145 -101.10728
2358.17261 -100.90404
2360.86572 -101.53642
2363.55664 -102.59625
2366.24902 -100.32275
2368.94092 -102.23437
2371.63306 -102.22656
2374.32471 -101.78100
2377.01636 -102.24311
2379.70874 -102.84531
2382.40015 -100.17118
2385.09326 -102.64158
2387.78418 -102.42882
2390.47705 -101.63556
2393.16870 -101.63024
2395.85962 -101.59459
2398.55200 -99.35197
2401.24512 -102.21098
2403.93579 -102.43466
2406.62939 -102.06188
2409.32104 -102.01203
2412.01270 -101.66445
2414.70361 -100.09885
2417.39600 -103.10199
2420.08887 -103.45702
2422.78101 -103.14577
2425.47168 -102.65655
2428.16553 -101.66219
2430.85571 -100.45930
2433.54761 -102.48983
2436.23975 -102.58448
2438.93213 -102.58501
2441.62500 -102.12121
2444.31665 -101.20359
2447.00854 -101.28030
2449.70068 -102.25294
2452.39307 -102.47378
2455.08447 -103.10973
2457.77612 -102.90881
2460.46826 -102.20709
2463.16016 -103.27145
2465.85254 -102.77863
2468.54541 -102.59346
2471.23682 -103.00462
2473.92847 -102.66827
2476.62061 -102.12259
2479.31250 -103.50448
2482.00488 -101.90193
2484.69629 -101.62430
2487.38892 -102.07059
2490.07910 -102.17676
2492.77197 -102.63025
2495.46411 -103.76850
2498.15601 -102.26058
2500.84692 -102.16903
2503.54053 -102.55541
2506.23169 -102.80218
2508.92432 -103.73370
2511.61572 -103.19810
2514.30713 -102.31332
2517.00024 -102.05350
2519.69067 -101.93694
2522.38403 -102.09266
2525.07593 -103.22816
2527.76807 -101.18665
2530.45874 -101.78931
2533.15234 -102.04055
2535.84473 -101.90357
2538.53564 -102.35301
2541.22827 -103.72606
2543.91943 -100.84307
2546.61182 -102.61616
2549.30322 -103.18798
2551.99438 -102.68001
2554.68726 -102.87773
2557.38013 -103.57083
2560.07129 -100.28315
2562.76270 -102.35918
2565.45557 -102.98209
2568.14697 -102.27087
2570.83838 -102.41959
2573.53125 -102.39883
2576.22412 -100.37374
2578.91553 -102.63749
2581.60840 -103.69295
2584.29956 -103.23495
2586.99097 -103.40504
2589.68359 -102.58750
2592.37500 -101.91561
2595.06592 -103.53521
2597.76001 -104.26135
2600.45117 -103.67883
2603.14331 -103.42875
2605.83447 -101.83044
2608.52808 -102.84086
2611.22021 -103.02914
2613.91235 -103.30539
2616.60278 -103.26387
2619.29468 -103.23450
2621.98633 -101.61453
2624.67969 -105.42053
2627.37085 -103.58685
2630.06372 -103.47982
2632.75366 -104.01566
2635.44629 -104.04580
2638.13867 -102.34205
2640.82959 -106.95502
2643.52319 -103.57513
2646.21533 -102.76359
2648.90674 -103.20680
2651.59863 -103.18305
2654.28979 -102.15784
2656.98267 -105.03880
2659.67529 -102.82665
2662.36597 -101.97933
2665.05835 -102.65920
2667.75146 -103.05449
2670.44336 -103.35345
2673.13477 -103.96745
2675.82764 -103.34969
2678.51855 -102.41499
2681.21094 -102.90440
2683.90283 -103.13605
2686.59473 -104.09595
2689.28613 -102.49073
2691.97754 -102.82822
2694.67017 -101.93074
2697.36353 -102.05869
2700.05273 -102.21149
2702.74609 -103.93786
2705.43896 -101.46484
2708.13135 -102.83492
2710.82227 -102.62639
2713.51416 -102.57027
2716.20581 -102.72510
2718.89868 -104.60381
2721.58960 -102.11176
2724.28320 -103.50550
2726.97510 -103.55483
2729.66528 -102.94653
2732.35791 -102.66193
2735.05029 -103.65126
2737.74219 -102.09779
2740.43408 -103.00932
2743.12646 -103.65691
2745.81763 -102.99969
2748.50952 -102.74577
2751.20264 -102.91119
2753.89526 -103.40408
2756.58472 -103.59224
2759.27832 -104.86991
2761.97144 -104.28468
2764.66260 -103.94177
2767.35327 -103.05586
2770.04663 -104.61812
2772.73804 -103.68810
2775.43066 -104.56777
2778.12256 -104.14587
2780.81274 -103.78988
2783.50562 -102.30511
2786.19629 -104.18259
2788.89111 -103.14823
2791.58081 -103.68134
2794.27344 -104.07533
2796.96655 -104.30033
2799.65674 -102.89787
2802.34912 -104.35558
2805.04126 -103.77055
2807.73413 -103.72235
2810.42505 -104.31396
2813.11743 -104.58118
2815.80859 -103.38677
2818.50122 -103.37836
2821.19336 -103.30566
2823.88647 -102.65929
2826.57739 -103.17588
2829.26953 -103.46670
2831.96069 -103.50246
2834.65332 -102.56161
2837.34521 -103.29382
2840.03809 -102.66556
2842.72900 -103.21374
2845.42041 -103.57034
2848.11328 -104.72433
2850.80542 -103.03763
2853.49707 -103.88734
2856.18945 -103.13269
2858.87988 -103.14692
2861.57275 -103.07818
2864.26514 -104.43363
2866.95679 -102.80619
2869.64941 -103.29528
2872.34131 -103.05637
2875.03271 -102.84644
2877.72510 -102.75098
2880.41699 -104.22164
2883.10938 -103.81185
2885.79980 -103.77537
2888.49268 -104.38339
2891.18457 -103.85693
2893.87646 -103.61432
2896.56885 -104.42438
2899.26050 -104.81385
2901.95190 -103.83558
2904.64551 -104.72755
2907.33667 -103.83456
2910.02905 -103.52747
2912.72021 -103.36514
2915.41284 -104.74666
2918.10449 -103.38783
2920.79565 -104.69661
2923.48877 -104.27039
2926.18018 -104.43800
2928.87354 -103.48817
2931.56299 -105.56250
2934.25537 -104.12656
2936.94824 -105.16009
2939.64062 -104.94228
2942.33179 -105.19691
2945.02417 -103.44429
2947.71582 -105.01326
2950.40796 -103.84717
2953.10107 -104.03597
2955.79199 -104.12686
2958.48364 -104.59543
2961.17627 -103.05799
2963.86768 -104.50500
2966.56006 -104.04348
2969.25171 -103.63898
2971.94580 -104.26869
2974.63599 -104.85336
2977.32812 -103.88728
2980.02148 -105.09005
2982.71045 -104.75706
2985.40381 -103.61185
2988.09448 -104.02661
2990.78906 -104.14503
2993.48145 -103.72711
2996.17139 -104.50063
2998.86499 -104.19781
3001.55640 -102.97216
3004.24829 -103.38329
3006.93945 -103.38548
3009.63330 -104.04534
3012.32422 -104.94547
3015.01587 -104.54573
3017.70850 -103.65260
3020.39819 -103.99851
3023.09229 -103.74693
3025.78369 -104.82605
3028.47437 -105.24825
3031.16724 -104.44717
3033.85938 -103.79112
3036.55029 -103.71086
3039.24341 -103.24229
3041.93457 -104.32763
3044.62598 -104.49148
3047.31958 -103.77321
3050.01099 -104.03514
3052.70288 -103.95631
3055.39551 -103.74799
3058.08716 -104.80952
3060.77930 -104.92960
3063.47070 -104.27613
3066.16309 -105.04430
3068.85742 -104.70524
3071.54907 -104.40916
3074.23975 -104.74841
3076.93115 -104.58755
3079.62305 -103.91821
3082.31567 -104.69448
3085.00732 -104.27267
3087.69800 -104.24731
3090.39087 -104.04166
3093.08301 -104.47070
3095.77393 -104.08302
3098.46704 -104.94928
3101.16089 -104.83127
3103.85010 -105.13212
3106.54199 -104.47016
3109.23584 -105.48600
3111.92725 -104.79752
3114.61914 -105.06682
3117.31177 -104.86591
3120.00293 -104.92163
3122.69507 -103.94331
3125.38770 -105.24252
3128.07739 -104.40374
3130.76929 -104.22074
3133.46216 -104.32006
3136.15527 -104.51775
3138.84570 -103.96703
3141.53833 -105.66195
3144.22998 -104.89083
3146.92407 -104.50280
3149.61523 -104.83291
3152.30835 -104.93420
3154.99878 -104.64727
3157.69141 -105.75497
3160.38306 -104.83081
3163.07520 -104.14736
3165.76611 -104.33392
3168.45752 -104.21710
3171.14966 -104.39359
3173.84229 -104.52294
3176.53345 -104.21219
3179.22705 -103.90453
3181.91943 -104.25783
3184.60913 -104.36765
3187.30249 -105.19160
3189.99487 -104.50738
3192.68774 -104.64973
3195.37744 -104.58410
3198.06934 -104.72234
3200.76196 -104.68533
3203.45337 -105.41506
3206.14526 -104.04531
3208.83936 -104.23697
3211.53052 -104.31384
3214.22168 -104.25822
3216.91406 -104.26695
3219.60669 -104.85316
3222.29761 -103.97800
3224.98975 -104.38866
3227.68164 -104.89973
3230.37256 -104.82919
3233.06763 -104.98431
3235.75781 -105.13840
3238.44995 -105.10621
3241.14111 -105.09874
3243.83423 -105.43420
3246.52612 -105.03124
3249.21851 -104.90510
3251.90942 -104.36662
3254.60083 -105.47250
3257.29272 -104.81471
3259.98682 -104.97929
3262.67798 -104.78123
3265.36914 -104.73882
3268.06299 -104.05304
3270.75342 -106.68821
3273.44604 -105.45132
3276.13916 -105.42381
3278.82910 -105.42751
3281.52124 -105.30827
3284.21362 -104.43629
3286.90479 -107.23958
3289.59814 -105.47877
3292.29004 -104.95016
3294.98242 -104.95039
3297.67334 -104.68420
3300.36475 -104.12611
3303.06006 -105.96948
3305.75000 -104.83540
3308.44043 -104.39493
3311.13525 -104.79355
3313.82666 -104.77532
3316.51636 -105.03347
3319.20874 -105.43664
3321.90137 -105.14860
3324.59375 -104.75506
3327.28516 -105.06296
3329.97681 -104.94244
3332.66895 -105.57990
3335.36133 -104.47547
3338.05420 -104.52781
3340.74512 -104.27043
3343.43872 -104.44734
3346.12891 -104.43739
3348.82104 -105.62856
3351.51343 -103.82217
3354.20435 -104.40192
3356.89746 -104.72556
3359.58936 -104.91651
3362.28149 -105.08631
3364.97192 -106.34895
3367.66455 -104.37715
3370.35547 -104.87827
3373.04883 -105.34641
3375.74219 -105.09348
3378.43237 -105.09785
3381.12451 -105.59757
3383.81689 -104.40223
3386.50781 -104.56065
3389.20117 -105.26669
3391.89233 -105.01147
3394.58447 -105.22924
3397.27637 -105.03386
3399.96851 -105.61788
3402.66113 -105.31410
3405.35205 -106.07776
3408.04541 -105.85103
3410.73682 -106.04581
3413.42822 -104.98142
3416.12036 -106.74700
3418.81250 -105.67679
3421.50513 -105.83576
3424.19580 -105.53618
3426.88696 -105.59140
3429.58008 -104.16860
3432.27344 -106.79197
3434.96338 -105.57450
3437.65747 -105.27275
3440.34766 -105.47365
3443.04199 -105.65536
3445.73096 -104.52921
3448.42383 -107.30238
3451.11670 -106.31324
3453.80811 -105.40941
3456.49951 -105.69801
3459.19165 -105.56882
3461.88354 -104.75475
3464.57544 -106.44024
3467.26807 -105.82471
3469.96045 -104.63212
3472.65332 -104.91499
3475.34424 -104.69907
3478.03711 -104.87404
3480.72656 -105.43418
3483.42188 -105.53117
3486.11353 -104.70094
3488.80151 -105.14948
3491.49561 -104.92994
3494.18799 -106.01241
3496.88013 -105.39939
3499.57056 -105.65658
3502.26318 -105.03323
3504.95605 -105.16540
3507.64697 -104.69159
3510.33984 -106.02519
3513.03125 -104.63491
3515.72266 -104.83245
3518.41431 -104.89927
3521.10791 -104.95261
3523.79980 -104.75184
3526.49170 -106.28346
3529.18359 -104.71996
3531.87549 -105.02483
3534.56787 -105.81638
3537.26050 -105.75150
3539.95264 -105.66592
3542.64551 -106.61370
3545.33643 -105.06150
3548.02710 -105.06430
3550.71997 -105.93292
3553.41284 -105.60786
3556.10376 -105.65218
3558.79517 -105.64952
3561.48657 -104.83568
3564.17969 -104.94586
3566.87109 -105.89377
3569.56274 -105.78078
3572.25391 -106.31127
3574.94580 -105.57818
3577.63940 -105.65422
3580.33105 -105.88528
3583.02295 -106.32159
3585.71509 -106.21039
3588.40698 -106.58434
3591.10083 -105.23955
3593.79102 -105.77273
3596.48291 -105.94115
3599.17700 -105.56421
3601.86719 -105.57320
3604.55933 -105.76207
3607.25146 -104.69348
3609.94385 -105.84061
3612.63403 -106.32887
3615.32617 -105.47570
3618.02051 -105.78408
3620.71094 -105.77970
3623.40112 -105.25492
3626.09375 -106.45666
3628.78613 -106.81028
3631.47827 -105.50453
3634.17090 -105.69325
3636.86133 -105.17180
3639.55542 -105.16372
3642.24805 -105.82771
3644.93799 -105.95217
3647.63062 -105.01081
3650.32080 -105.30448
3653.01514 -104.76762
3655.70532 -105.72059
3658.39746 -105.64395
3661.09180 -105.81767
3663.78198 -105.61842
3666.47437 -105.86715
3669.16846 -105.27856
3671.85840 -106.67477
3674.55054 -105.46716
3677.24072 -105.38524
3679.93433 -105.65593
3682.62646 -105.63893
3685.31836 -105.13820
3688.01001 -106.58206
3690.70166 -104.74588
3693.39331 -104.75586
3696.08691 -105.82953
3698.77661 -105.82507
3701.46997 -105.92238
3704.16138 -107.09761
3706.85278 -105.06086
3709.54590 -105.23932
3712.23901 -106.64224
3714.93213 -106.33866
3717.62329 -106.67553
3720.31396 -106.77832
3723.00684 -105.08864
3725.69775 -105.15699
3728.38818 -106.30573
3731.08276 -105.94357
3733.77319 -106.62952
3736.46753 -105.79221
3739.15771 -105.39803
3741.85181 -105.76138
3744.54370 -106.50671
3747.23535 -106.35332
3749.92529 -107.22627
3752.61914 -105.71313
3755.31030 -106.40468
3758.00171 -106.75521
3760.69287 -106.52702
3763.38599 -106.30519
3766.07690 -106.71657
3768.76978 -105.01939
3771.46240 -106.40807
3774.15503 -106.74279
3776.84546 -105.72569
3779.53760 -105.86977
3782.22949 -105.97865
3784.91943 -104.96309
3787.61328 -106.71680
3790.30493 -107.35635
3792.99658 -105.89440
3795.68750 -106.26020
3798.38086 -105.94861
3801.07397 -105.50535
3803.76660 -106.64616
3806.45728 -107.10847
3809.14941 -105.54054
3811.84180 -105.80730
3814.53394 -105.17691
3817.22363 -105.55687
3819.91724 -105.73151
3822.60889 -106.21599
3825.30225 -105.38667
3827.99341 -105.82059
3830.68408 -105.23940
3833.37671 -106.61885
3836.06934 -105.79147
3838.76196 -106.23917
3841.45386 -106.05849
3844.14575 -106.24368
3846.83740 -105.53844
3849.52881 -107.10262
3852.21973 -105.49694
3854.91089 -105.54643
3857.60376 -105.97495
3860.29639 -105.92588
3862.98853 -105.53963
3865.68091 -106.99729
3868.37256 -105.50220
3871.06641 -105.42364
3873.75757 -106.64882
3876.44678 -106.55152
3879.13965 -106.58965
3881.83228 -107.35210
3884.52490 -106.23016
3887.21704 -105.84569
3889.91089 -107.13705
3892.59814 -106.72555
3895.29175 -106.94506
3897.98535 -106.53827
3900.67822 -106.09158
3903.36865 -105.65069
3906.05859 -106.68036
3908.75098 -106.46458
3911.44263 -107.23599
3914.13623 -106.11623
3916.82959 -106.35093
3919.52051 -106.43095
3922.21338 -106.88612
3924.90356 -106.91519
3927.59570 -107.72789
3930.28955 -106.18472
3932.97900 -106.32635
3935.67236 -106.78988
3938.36548 -106.29179
3941.05591 -106.33417
3943.74854 -106.81051
3946.44043 -105.65846
3949.13208 -105.56210
3951.82349 -106.79262
3954.51440 -105.77303
3957.20728 -106.10583
3959.89990 -106.35706
3962.59229 -106.15182
3965.28418 -105.68882
3967.97559 -107.45925
3970.66675 -106.06579
3973.35962 -106.31685
3976.05225 -105.99001
3978.74243 -106.36045
3981.43652 -105.46505
3984.12817 -106.97498
3986.81909 -105.75244
3989.51221 -105.85987
3992.20483 -105.26078
3994.89722 -106.34538
3997.58667 -105.52010
4000.28052 -106.70603
4002.97144 -106.33340
4005.66431 -106.40153
4008.35693 -105.66476
4011.04883 -107.06123
4013.74072 -106.31256
4016.43213 -106.72012
4019.12305 -106.95084
4021.81592 -106.69232
4024.50806 -105.76960
4027.19995 -106.78758
4029.89136 -106.23710
4032.58252 -105.94667
4035.27563 -106.94431
4037.96777 -106.70275
4040.65967 -106.27962
4043.35156 -106.83857
4046.04272 -106.59094
4048.73560 -106.10137
4051.42822 -107.59151
4054.11816 -107.39983
4056.80957 -107.43409
4059.50562 -107.14416
4062.19629 -106.59953
4064.88672 -106.08606
4067.57861 -107.19748
4070.27295 -107.01498
4072.96167 -107.50121
4075.65454 -106.60358
4078.34717 -105.86906
4081.03955 -106.00832
4083.73315 -106.66393
4086.42212 -106.80773
4089.11719 -107.86009
4091.80762 -106.90370
4094.49951 -106.00818
4097.19092 -106.82293
4099.88379 -106.76071
4102.57471 -106.88313
4105.26709 -107.67820
4107.95850 -106.83794
4110.64990 -105.78279
4113.34326 -106.83889
4116.03564 -106.14207
4118.72754 -106.24819
4121.41943 -106.64012
4124.11035 -106.49397
4126.80322 -105.90469
4129.49561 -107.20484
4132.18750 -106.39425
4134.87891 -106.55232
4137.56934 -106.58463
4140.26221 -106.94635
4142.95605 -106.74130
4145.64551 -107.58899
4148.33887 -106.76561
4151.03125 -106.65643
4153.72363 -106.17513
4156.41553 -106.62386
4159.10840 -106.83923
4161.79932 -106.93385
4164.49170 -106.72144
4167.18311 -106.65159
4169.87207 -106.12926
4172.56738 -106.72656
4175.25781 -107.36001
4177.95166 -107.00603
4180.64307 -107.51511
4183.33594 -107.38870
4186.02832 -106.88132
4188.71777 -107.11260
4191.40918 -107.47966
4194.10449 -106.74858
4196.79248 -107.43544
4199.48438 -107.19320
4202.17822 -106.94327
4204.87109 -106.73445
4207.56348 -106.76223
4210.25488 -106.41083
4212.94385 -107.23290
4215.63916 -107.25438
4218.32959 -107.61048
4221.02148 -107.08263
4223.71240 -106.85087
4226.40527 -107.00954
4229.09766 -107.45830
4231.78955 -107.42209
4234.48291 -107.91162
4237.17334 -106.99505
4239.86523 -106.52170
4242.55713 -106.95560
4245.25000 -106.76861
4247.94287 -106.77336
4250.63281 -107.28497
4253.32617 -106.64882
4256.01709 -106.49482
4258.70947 -107.37126
4261.40137 -106.77932
4264.09229 -106.96677
4266.78516 -107.32553
4269.47754 -107.06587
4272.16895 -107.13701
4274.86279 -107.88815
4277.55273 -106.85088
4280.24463 -106.86031
4282.93848 -106.77014
4285.62939 -106.80564
4288.32129 -107.00015
4291.01318 -107.35531
4293.70654 -106.50642
4296.39697 -106.62255
4299.09131 -106.41623
4301.78027 -107.09006
4304.47314 -107.28756
4307.16602 -107.42677
4309.85742 -107.07681
4312.54834 -107.19548
4315.24121 -106.80566
4317.93311 -107.66837
4320.62451 -107.21075
4323.31738 -107.05460
4326.00732 -107.04989
4328.69922 -106.97255
4331.39453 -106.60450
4334.08740 -107.48086
4336.77686 -106.48427
4339.46777 -106.52203
4342.16064 -107.17895
4344.85254 -107.19301
4347.54639 -107.17103
4350.23730 -107.94707
4352.92676 -106.55424
4355.62354 -106.90150
4358.31152 -107.81089
4361.00439 -107.62851
4363.69629 -107.62682
4366.38965 -107.74677
4369.08008 -106.27415
4371.77197 -106.71969
4374.46582 -107.53226
4377.15625 -107.27242
4379.84814 -107.49557
4382.53955 -107.11961
4385.23291 -106.38255
4387.92529 -107.10760
4390.61621 -107.83661
4393.30957 -107.72569
4396.00000 -108.01274
4398.69385 -107.20165
4401.38477 -107.18236
4404.07715 -107.72102
4406.76904 -107.92690
4409.45996 -107.72073
4412.15283 -107.70095
4414.84473 -106.66655
4417.53564 -107.30324
4420.22852 -107.49767
4422.92041 -107.36729
4425.61133 -107.39350
4428.30420 -107.40736
4430.99609 -106.73959
4433.68750 -107.97493
4436.38037 -107.84483
4439.07227 -107.56820
4441.76318 -107.75620
4444.45605 -107.63599
4447.14844 -107.26139
4449.83936 -108.18294
4452.53223 -107.60108
4455.22461 -107.18369
4457.91553 -107.28444
4460.60840 -107.12737
4463.30029 -107.30011
4465.99170 -107.54514
4468.68457 -107.07407
4471.37646 -106.98719
4474.06787 -107.17783
4476.76074 -107.33697
4479.45264 -108.15204
4482.14355 -107.65393
4484.83594 -107.32271
4487.52832 -107.42822
4490.22168 -107.40145
4492.91162 -107.55222
4495.60596 -108.37006
4498.29688 -107.22689
4500.98926 -106.98163
4503.67871 -107.22533
4506.37158 -107.02339
4509.06445 -107.35622
4511.75586 -107.98554
4514.44873 -107.11854
4517.14111 -107.22163
4519.83008 -107.74419
4522.52344 -107.48865
4525.21777 -107.99081
4527.90918 -108.03715
4530.59961 -107.71775
4533.29150 -107.78094
4535.98242 -108.10705
4538.67480 -107.64366
4541.36914 -107.92189
4544.06006 -107.21432
4546.75000 -107.63651
4549.44434 -107.71008
4552.13770 -107.83617
4554.82715 -107.60805
4557.51855 -107.86583
4560.21143 -106.85122
4562.90088 -108.12347
4565.59473 -108.35101
4568.28711 -108.17673
4570.97900 -108.17333
4573.67236 -108.18066
4576.36230 -106.94932
4579.05371 -108.35345
4581.74707 -108.36508
4584.43896 -107.72521
4587.12988 -107.84811
4589.82324 -107.55567
4592.51465 -106.67814
4595.20557 -107.85719
4597.89844 -107.97116
4600.59229 -107.36781
4603.28516 -107.83395
4605.97510 -107.51238
4608.66602 -107.36259
4611.36133 -108.10478
4614.05322 -108.13170
4616.74414 -107.57935
4619.43408 -107.96921
4622.12549 -107.44854
4624.81836 -107.79662
4627.51025 -107.81538
4630.20166 -107.49593
4632.89453 -107.19621
4635.58594 -107.47582
4638.27930 -107.06018
4640.97119 -108.13509
4643.66016 -107.74982
4646.35547 -107.28864
4649.04980 -107.59216
4651.74072 -107.78030
4654.43066 -107.58925
4657.12207 -108.97096
4659.81250 -108.32211
4662.50684 -107.40418
4665.19775 -107.95763
4667.89014 -107.73792
4670.58398 -107.67201
4673.27441 -108.68987
4675.96680 -108.11418
4678.65771 -107.05037
4681.35010 -107.89794
4684.04395 -107.58971
4686.73486 -107.99844
4689.42676 -108.50188
4692.12012 -108.44959
4694.81055 -107.56647
4697.50195 -108.51477
4700.19482 -108.07970
4702.88672 -108.73688
4705.57812 -108.37287
4708.27051 -108.48530
4710.96191 -107.81580
4713.65527 -108.31751
4716.34473 -107.78569
4719.03809 -108.46941
4721.73047 -107.51385
4724.42188 -107.90677
4727.11475 -108.01411
4729.80664 -108.10674
4732.49756 -107.92105
4735.18994 -108.56501
4737.88135 -107.45683
4740.57373 -108.10162
4743.26562 -108.81512
4745.95898 -108.31547
4748.65137 -108.21657
4751.34229 -108.37237
4754.03467 -107.22881
4756.72656 -107.79107
4759.41699 -108.63860
4762.10889 -107.76021
4764.80225 -107.86584
4767.49463 -107.64142
4770.18604 -107.02795
4772.87891 -107.79159
4775.57031 -108.62080
4778.26123 -107.87373
4780.95312 -108.31415
4783.64697 -107.75806
4786.33936 -107.62698
4789.03076 -108.39906
4791.72070 -108.56863
4794.41309 -107.95103
4797.10596 -108.29916
4799.79834 -107.47456
4802.48926 -107.69411
4805.17969 -108.29370
4807.87061 -107.74866
4810.56348 -107.64907
4813.25830 -108.06477
4815.94873 -107.50575
4818.64111 -108.31805
4821.33203 -108.82940
4824.02441 -107.71011
4826.71631 -108.10471
4829.40918 -108.42635
4832.10059 -108.08801
4834.79395 -109.01832
4837.48633 -109.05208
4840.17725 -107.48502
4842.86963 -107.97542
4845.55811 -107.96349
4848.25391 -108.01464
4850.94531 -108.85927
4853.63818 -108.58864
4856.33008 -107.33355
4859.02100 -108.01987
4861.71094 -107.90527
4864.40430 -108.51120
4867.09668 -109.14314
4869.78857 -108.86965
4872.48145 -107.97182
4875.17041 -108.49421
4877.86621 -108.09338
4880.55566 -108.71560
4883.24902 -108.72733
4885.93848 -108.44299
4888.63232 -108.04527
4891.32471 -108.24329
4894.01611 -107.75442
4896.70898 -108.34958
4899.40332 -108.00867
4902.09375 -108.21993
4904.78564 -108.56244
4907.47607 -108.58121
4910.16846 -108.23168
4912.85938 -108.63400
4915.55469 -108.01051
4918.24561 -108.54296
4920.93799 -109.05982
4923.62939 -108.72245
4926.31982 -108.39281
4929.01416 -108.29665
4931.70459 -107.50599
4934.39648 -108.15257
4937.08691 -108.67049
4939.78223 -108.34971
4942.47266 -108.40379
4945.16211 -108.14121
4947.85596 -107.59420
4950.54590 -108.47550
4953.24023 -108.81030
4955.93311 -108.63798
4958.62402 -108.95824
4961.31738 -108.47866
4964.00928 -108.02960
4966.70215 -108.72072
4969.39160 -108.47130
4972.08447 -108.29893
4974.77686 -108.65635
4977.46777 -108.14625
4980.16016 -108.01521
4982.85352 -108.61185
4985.54297 -108.01514
4988.23438 -108.11729
4990.92969 -108.62141
4993.62109 -108.45230
4996.31152 -108.72926
4999.00293 -109.33744
5001.69531 -108.30182
5004.38721 -108.41455
5007.08057 -108.69698
5009.77197 -108.61022
5012.46240 -108.89346
5015.15430 -109.38859
5017.84766 -108.03333
5020.54004 -108.07334
5023.23047 -108.16957
5025.92285 -108.34486
5028.61377 -108.75311
5031.30615 -109.46901
5034.00293 -108.28587
5036.69238 -108.37196
5039.38330 -108.35930
5042.07568 -108.76279
5044.77002 -109.06783
5047.45996 -109.80315
5050.15381 -108.71632
5052.84375 -108.53761
5055.53516 -108.24375
5058.22510 -108.53644
5060.91943 -108.57104
5063.60938 -109.03049
5066.30127 -108.54374
5068.99414 -108.30436
5071.68848 -108.09128
5074.37891 -108.42567
5077.07324 -108.47997
5079.76123 -108.74924
5082.45557 -109.01096
5085.14893 -108.73352
5087.83789 -108.53545
5090.53125 -108.69965
5093.22314 -108.59901
5095.91650 -108.41522
5098.60840 -108.97160
5101.29883 -108.54913
5103.99121 -108.35546
5106.68408 -108.27213
5109.37354 -108.19363
5112.06689 -107.84807
5114.75928 -108.72252
5117.45020 -108.52807
5120.14160 -108.63798
5122.83252 -108.44849
5125.52734 -108.50826
5128.21826 -108.23825
5130.91309 -109.02071
5133.60400 -108.90539
5136.29346 -109.00343
5138.98682 -108.53944
5141.67920 -108.47198
5144.37256 -108.29919
5147.06152 -108.59194
5149.75537 -108.57944
5152.44727 -108.77730
5155.13770 -108.31967
5157.83008 -108.36091
5160.52051 -108.74722
5163.21289 -108.54823
5165.90625 -108.80860
5168.60107 -109.18281
5171.28906 -108.82314
5173.98389 -108.85066
5176.67432 -109.56287
5179.36621 -108.67056
5182.06006 -108.83459
5184.75146 -109.02811
5187.43896 -108.73882
5190.13379 -108.69398
5192.82422 -109.41897
5195.51855 -108.26667
5198.20898 -108.43485
5200.90088 -108.66874
5203.59424 -108.77318
5206.28613 -108.99262
5208.97900 -109.54771
5211.67041 -108.59843
5214.36084 -108.71172
5217.05518 -108.85570
5219.74805 -109.09305
5222.43652 -109.36636
5225.13232 -109.26559
5227.82031 -108.60584
5230.51025 -108.47186
5233.20410 -108.37037
5235.89746 -108.64349
5238.59131 -109.06454
5241.28125 -108.51273
5243.97461 -108.57839
5246.66455 -108.50954
5249.35547 -108.41453
5252.04785 -108.74826
5254.74121 -109.33195
5257.43359 -108.62110
5260.12695 -109.11207
5262.81641 -109.00565
5265.50977 -108.70680
5268.20117 -108.75159
5270.89160 -109.07143
5273.58643 -108.36996
5276.27637 -108.91117
5278.96777 -108.89800
5281.66064 -108.56890
5284.35547 -108.51442
5287.04541 -108.64457
5289.73633 -108.49426
5292.42920 -109.05493
5295.12012 -109.36315
5297.81299 -109.19920
5300.50684 -109.05209
5303.19873 -108.82461
5305.88965 -109.10154
5308.58203 -109.21530
5311.27246 -109.51017
5313.96729 -109.35479
5316.65771 -109.07197
5319.34619 -108.44183
5322.04004 -108.99136
5324.73389 -108.78540
5327.42432 -109.09202
5330.11523 -109.25370
5332.80811 -109.26237
5335.50244 -108.57250
5338.19434 -109.39527
5340.88574 -109.06005
5343.57471 -109.21769
5346.27148 -109.56238
5348.96045 -109.67283
5351.65430 -108.89553
5354.34326 -109.44021
5357.03613 -108.99724
5359.72754 -108.73795
5362.42090 -109.04113
5365.11230 -109.18871
5367.80762 -108.72822
5370.49609 -109.06342
5373.18848 -108.92787
5375.87939 -108.48843
5378.57178 -108.87530
5381.26514 -109.13526
5383.95410 -109.20541
5386.65039 -109.40150
5389.34180 -109.44469
5392.03516 -108.73872
5394.72656 -108.93839
5397.41650 -108.90979
5400.10742 -109.20419
5402.80273 -109.22336
5405.49072 -109.23475
5408.18604 -108.49833
5410.87646 -108.57328
5413.56836 -108.41428
5416.26172 -109.06548
5418.95020 -109.27724
5421.64307 -109.34814
5424.33496 -108.93282
5427.03027 -108.95007
5429.72119 -108.70626
5432.41016 -109.44774
5435.10449 -109.65917
5437.79590 -109.45759
5440.48926 -109.21114
5443.18115 -109.02233
5445.87109 -108.61774
5448.56543 -109.16353
5451.25537 -109.19773
5453.94971 -108.95019
5456.64160 -109.11515
5459.33203 -109.00942
5462.02441 -108.84206
5464.71777 -109.30711
5467.40674 -109.15639
5470.09961 -109.12622
5472.79053 -109.56112
5475.48340 -109.44314
5478.17432 -109.41737
5480.86670 -109.53457
5483.56006 -108.90054
5486.25244 -108.99660
5488.94238 -109.31662
5491.63379 -109.17754
5494.32666 -109.28419
5497.01758 -109.17406
5499.71094 -108.33681
5502.40430 -108.89494
5505.09668 -109.21055
5507.78711 -109.27647
5510.47852 -109.59332
5513.16846 -109.40280
5515.86328 -108.55959
5518.55518 -109.39398
5521.24609 -109.44709
5523.93848 -109.44763
5526.62891 -109.58162
5529.32373 -109.20253
5532.01709 -108.40869
5534.70898 -109.24624
5537.40137 -109.06854
5540.09229 -109.16173
5542.78125 -109.15733
5545.47461 -108.93880
5548.16699 -108.63864
5550.85986 -109.44453
5553.55176 -109.28207
5556.24121 -109.52599
5558.93555 -109.37698
5561.62793 -109.26636
5564.31836 -109.22531
5567.00977 -109.61126
5569.70264 -109.32738
5572.39453 -109.45513
5575.08740 -109.09068
5577.77832 -109.06738
5580.46973 -109.16436
5583.16406 -109.16306
5585.85547 -109.05672
5588.54541 -109.29518
5591.23633 -109.04807
5593.92969 -109.37712
5596.62354 -109.55551
5599.31543 -109.33743
5602.00586 -109.41376
5604.70020 -109.57404
5607.39014 -109.37168
5610.08105 -109.77298
5612.77637 -109.57751
5615.46777 -109.17377
5618.15918 -109.23319
5620.85254 -109.17506
5623.54395 -109.10081
5626.23633 -109.58987
5628.92773 -109.22771
5631.61670 -109.04005
5634.31055 -109.30439
5637.00195 -109.23760
5639.69775 -109.40351
5642.38867 -109.91496
5645.08105 -109.48480
5647.77148 -109.47985
5650.46387 -109.71702
5653.15381 -109.41613
5655.84521 -109.52252
5658.53760 -109.67798
5661.23145 -109.22635
5663.92383 -109.32373
5666.61377 -109.51345
5669.30566 -109.17872
5671.99805 -109.37181
5674.69238 -109.29784
5677.38477 -109.18259
5680.07520 -109.55588
5682.76660 -109.83398
5685.45654 -109.65407
5688.15039 -109.86067
5690.83984 -109.45890
5693.53418 -109.40892
5696.22559 -109.76722
5698.91553 -109.84827
5701.61035 -109.67751
5704.30225 -109.75864
5706.99268 -109.08991
5709.68506 -108.98113
5712.38086 -109.41982
5715.06934 -109.44317
5717.76172 -109.58550
5720.45312 -109.80593
5723.14453 -109.23654
5725.83447 -109.06870
5728.52930 -109.68555
5731.22168 -109.60284
5733.91211 -109.92487
5736.60742 -110.06831
5739.29443 -109.53341
5741.98926 -108.98549
5744.68213 -109.57756
5747.37256 -109.23339
5750.06445 -109.51794
5752.75781 -109.57342
5755.44922 -109.36613
5758.14160 -108.79823
5760.83545 -109.49448
5763.52783 -109.14256
5766.21777 -109.50440
5768.90918 -109.56457
5771.60156 -109.78201
5774.29590 -109.33403
5776.98438 -109.94666
5779.67725 -109.45460
5782.36865 -109.61722
5785.06104 -109.39233
5787.75488 -109.70865
5790.44385 -109.47224
5793.13672 -109.75702
5795.82764 -109.28455
5798.52051 -109.28255
5801.21387 -108.99403
5803.90576 -109.53751
5806.59863 -109.92172
5809.28955 -109.91810
5811.98193 -109.72914
5814.67236 -109.63245
5817.36719 -109.30418
5820.05664 -109.86082
5822.74805 -110.43529
5825.43994 -110.02113
5828.13281 -109.92896
5830.82764 -109.62639
5833.51758 -109.20660
5836.20801 -109.60361
5838.90039 -110.02352
5841.59277 -109.54180
5844.28418 -109.79404
5846.97705 -109.55907
5849.66748 -109.43505
5852.35889 -109.81952
5855.05176 -109.81316
5857.74609 -109.65051
5860.43506 -110.16229
5863.12891 -109.95151
5865.82324 -109.97878
5868.51270 -110.10299
5871.20654 -109.31142
5873.89551 -109.41767
5876.58887 -109.89170
5879.27979 -109.71785
5881.97266 -109.91708
5884.66602 -109.85445
5887.35791 -108.62363
5890.04785 -109.24157
5892.74170 -109.81534
5895.43359 -109.87270
5898.12695 -110.35089
5900.81494 -110.12520
5903.51074 -108.70493
5906.19824 -109.63103
5908.89355 -110.02661
5911.58643 -110.07978
5914.27734 -110.43552
5916.96973 -109.89573
5919.65918 -108.58689
5922.35107 -109.51447
5925.04395 -109.65989
5927.73730 -109.81838
5930.42578 -110.09154
5933.11963 -109.56414
5935.81055 -108.96452
5938.50293 -109.85388
5941.19238 -109.83645
5943.88721 -110.10166
5946.58008 -110.25591
5949.27051 -109.74274
5951.96582 -109.71172
5954.65576 -110.19999
5957.34668 -109.81281
5960.03857 -109.93157
5962.73193 -109.80405
5965.42383 -109.42521
5968.11572 -109.94090
5970.80615 -110.01196
5973.49854 -109.52522
5976.19141 -109.67616
5978.88184 -109.53060
5981.57422 -109.62502
5984.26758 -110.51925
5986.95850 -110.34658
5989.65088 -109.84076
5992.34131 -109.84538
5995.03613 -109.59006
5997.72559 -109.94980
6000.41992 -110.50416
6003.11475 -110.17053
6005.80469 -109.67888
6008.49561 -109.48582
6011.18750 -109.19126
6013.87793 -109.86491
6016.57275 -109.98639
6019.26514 -109.88426
6021.95557 -109.83233
6024.64746 -109.64152
6027.33984 -109.46880
6030.03027 -110.34711
6032.72266 -109.91111
6035.41943 -110.03720
6038.10645 -110.29114
6040.79883 -109.90901
6043.49219 -109.68896
6046.18359 -110.29205
6048.87646 -109.40203
6051.56689 -109.60059
6054.25830 -110.17905
6056.95068 -109.85954
6059.64160 -109.85072
6062.33643 -110.11355
6065.02637 -109.21947
6067.71729 -109.59985
6070.41260 -110.54107
6073.10254 -110.43176
6075.79395 -110.64333
6078.48633 -110.32155
6081.17969 -109.42201
6083.87109 -109.71701
6086.56006 -110.51937
6089.25391 -110.45077
6091.94580 -110.77351
6094.63867 -109.90282
6097.33203 -109.25925
6100.02441 -109.52299
6102.71729 -110.09565
6105.40820 -110.32488
6108.09668 -110.91261
6110.79004 -109.91940
6113.48096 -109.71001
6116.17285 -110.00896
6118.86670 -110.17571
6121.55469 -110.49448
6124.25342 -110.98733
6126.94092 -110.01218
6129.63184 -109.99619
6132.32471 -110.16293
6135.02197 -109.77259
6137.70996 -109.96535
6140.40283 -110.21583
6143.09375 -109.71307
6145.78564 -110.14277
6148.47852 -110.33147
6151.17236 -109.68405
6153.86133 -109.88625
6156.55762 -109.93848
6159.24512 -110.03564
6161.93750 -110.80647
6164.63086 -110.83272
6167.32178 -109.98220
6170.01416 -109.93925
6172.70410 -109.61056
6175.39844 -109.98515
6178.09082 -110.78243
6180.78125 -110.54062
6183.47217 -109.87112
6186.16797 -109.67808
6188.85840 -109.25674
6191.54980 -109.96201
6194.24268 -110.80598
6196.93311 -110.48303
6199.62451 -110.34863
6202.31738 -110.11429
6205.01074 -109.68092
6207.70264 -110.39552
6210.39258 -110.81187
6213.08594 -110.35962
6215.77832 -110.55290
6218.47119 -110.17729
6221.15771 -109.79314
6223.85303 -110.22339
6226.54688 -110.08563
6229.23730 -109.81385
6231.92871 -110.41299
6234.62207 -110.20621
6237.31250 -110.28662
6240.00488 -110.44847
6242.70117 -109.83086
6245.39258 -109.95406
6248.08105 -110.69307
6250.77393 -110.60623
6253.46875 -110.95133
6256.15723 -110.60806
6258.85010 -109.52352
6261.54102 -109.85568
6264.23340 -110.32795
6266.92627 -110.32030
6269.62109 -110.83808
6272.30957 -110.24014
6275.00293 -109.22333
6277.69434 -109.91064
6280.38623 -110.17829
6283.07617 -110.39294
6285.77051 -111.00900
6288.45898 -110.40475
6291.15625 -109.66749
6293.84326 -110.44271
6296.53906 -110.30479
6299.22900 -110.48426
6301.91992 -110.73106
6304.61230 -110.16019
6307.30518 -109.87516
6309.99609 -110.38238
6312.68848 -109.97919
6315.38184 -110.17034
6318.07324 -110.14148
6320.76465 -109.97015
6323.45801 -110.50033
6326.14941 -110.63678
6328.84180 -110.24950
6331.53076 -110.43580
6334.22559 -110.16902
6336.91797 -110.28242
6339.61035 -111.26664
6342.30176 -110.73756
6344.99316 -110.34465
6347.68652 -110.32773
6350.37695 -109.82961
6353.06934 -110.12726
6355.76221 -111.22703
6358.45312 -110.31207
6361.14502 -110.25668
6363.83496 -110.21247
6366.52881 -109.86163
6369.22070 -110.43611
6371.90967 -111.34283
6374.60400 -110.43627
6377.29541 -110.68371
6379.98828 -110.48801
6382.67871 -110.23504
6385.37061 -110.72042
6388.06689 -110.92135
6390.75391 -110.21598
6393.45215 -110.54501
6396.13770 -110.23146
6398.83203 -110.17479
6401.52637 -110.51523
6404.21875 -110.22820
6406.90918 -110.08134
6409.60010 -110.60579
6412.28955 -110.39777
6414.98633 -110.66248
6417.67773 -110.78206
6420.37012 -110.16943
6423.05957 -110.43051
6425.75098 -110.84401
6428.44287 -110.57767
6431.13574 -110.84951
6433.82715 -110.55590
6436.51855 -109.84030
6439.20850 -110.25189
6441.90625 -110.49265
6444.59473 -110.39954
6447.29053 -110.74859
6449.97803 -110.33258
6452.66992 -109.96258
6455.36230 -110.47803
6458.05957 -110.64165
6460.74756 -110.76098
6463.44043 -111.08684
6466.13379 -110.56378
6468.82520 -110.42155
6471.51807 -110.65098
6474.20801 -110.55984
6476.89893 -110.65493
6479.59082 -110.79185
6482.28076 -110.30286
6484.97510 -110.48842
6487.67090 -110.39169
6490.35693 -110.28815
6493.05127 -110.54691
6495.74268 -110.69586
6498.43555 -110.52045
6501.12988 -111.05663
6503.81787 -110.68398
6506.51074 -110.58071
6509.20410 -110.77950
6511.89551 -110.79707
6514.58789 -110.71287
6517.28125 -111.25320
6519.97266 -110.58332
6522.66113 -110.42156
6525.35840 -110.44845
6528.04590 -110.40660
6530.73730 -110.47813
6533.43359 -111.13309
6536.12500 -110.54991
6538.81299 -110.55140
6541.50586 -110.57751
6544.19922 -110.57417
6546.89453 -110.72852
6549.58398 -111.44899
6552.27344 -110.93085
6554.96826 -110.89098
6557.65674 -110.70183
6560.35059 -110.54960
6563.04150 -110.50563
6565.73291 -111.14367
6568.42969 -110.75084
6571.12061 -110.69152
6573.80859 -110.48132
6576.50146 -110.37866
6579.19482 -110.32571
6581.88672 -111.05839
6584.57910 -110.94666
6587.27246 -110.93112
6589.96338 -110.82155
6592.65576 -110.71231
6595.34570 -110.57715
6598.03955 -111.18851
6600.72803 -111.06149
6603.42090 -110.87064
6606.11523 -110.71214
6608.80615 -110.52325
6611.49902 -110.36636
6614.19238 -110.78890
6616.88428 -110.71008
6619.57275 -110.56857
6622.26562 -110.61017
6624.95654 -110.58662
6627.64844 -110.67572
6630.34180 -110.91640
6633.03613 -110.86580
6635.72705 -110.77551
6638.41992 -110.89034
6641.10938 -110.83894
6643.80469 -110.98155
6646.49365 -110.87682
6649.18262 -110.61124
6651.87744 -110.52341
6654.56934 -110.61134
6657.26270 -110.62469
6659.95215 -110.89732
6662.64404 -110.67930
6665.33691 -110.40082
6668.03027 -110.55707
6670.72168 -110.76949
6673.41357 -110.98505
6676.10742 -111.30739
6678.79785 -111.01821
6681.48926 -110.62188
6684.18213 -110.81589
6686.87598 -110.92751
6689.56738 -111.09575
6692.25635 -111.15046
6694.95020 -110.88747
6697.64111 -110.38750
6700.33643 -110.59837
6703.02637 -110.68953
6705.71680 -111.00000
6708.41211 -110.92982
6711.10059 -110.93752
6713.79443 -110.66109
6716.48535 -110.87086
6719.17773 -110.96858
6721.87061 -111.30258
6724.56152 -111.03300
6727.25342 -111.16123
6729.94629 -110.96788
6732.63623 -110.87309
6735.32764 -110.81411
6738.02344 -110.92321
6740.71338 -110.57028
6743.40381 -110.85665
6746.09961 -110.96640
6748.78906 -110.70946
6751.48340 -110.67660
6754.17432 -110.67237
6756.86719 -110.55557
6759.55664 -111.07137
6762.25146 -111.48897
6764.93945 -111.05728
6767.63232 -110.93565
6770.32666 -110.58819
6773.01807 -110.58437
6775.71094 -111.11288
6778.40088 -111.43479
6781.09180 -110.92863
6783.78711 -110.73814
6786.47705 -110.12891
6789.17090 -110.37782
6791.86279 -111.05790
6794.55127 -111.21975
6797.24512 -111.07951
6799.93604 -110.99814
6802.62793 -110.33051
6805.32129 -110.80196
6808.01172 -111.53771
6810.70312 -111.20863
6813.39551 -111.37977
6816.08936 -111.24907
6818.78418 -110.51567
6821.47217 -110.92020
6824.16504 -111.44987
6826.85547 -110.56521
6829.55078 -111.09181
6832.23926 -111.11332
6834.92920 -110.78455
6837.62402 -111.18158
6840.31982 -111.48663
6843.00879 -110.37414
6845.69922 -111.21689
6848.39062 -111.38884
6851.08350 -111.62682
6853.77686 -111.75248
6856.46729 -111.53738
6859.15918 -110.32009
6861.85156 -111.03321
6864.54590 -111.14589
6867.23730 -111.86430
6869.92969 -111.61327
6872.61914 -110.98724
6875.31348 -110.16696
6878.00537 -110.65782
6880.69385 -110.87409
6883.38818 -112.08170
6886.07910 -111.65170
6888.77148 -110.96266
6891.46436 -110.77147
6894.15479 -110.84241
6896.85010 -110.96428
6899.54199 -112.06657
6902.23193 -111.40974
6904.92676 -110.85956
6907.61475 -111.13245
6910.30811 -110.64160
6912.99805 -110.63779
6915.68945 -111.25791
6918.38574 -110.70203
6921.07471 -110.78925
6923.76953 -111.65312
6926.45752 -110.81142
6929.14990 -110.85384
6931.84766 -110.89573
6934.53516 -110.55663
6937.22656 -111.40732
6939.92383 -112.34070
6942.61328 -111.21281
6945.30176 -111.11192
6947.99365 -110.47195
6950.68750 -110.21182
6953.37793 -111.58720
6956.07324 -112.05773
6958.76221 -111.13207
6961.45557 -111.10257
6964.14648 -110.11383
6966.83887 -110.18327
6969.53174 -111.95895
6972.22217 -111.84547
6974.91406 -111.47182
6977.60645 -111.56796
6980.29980 -110.42186
6982.99365 -110.69605
6985.68555 -112.24245
6988.37451 -111.42406
6991.06836 -111.42103
6993.75928 -111.45087
6996.45068 -110.47946
6999.14355 -110.93575
7001.83398 -111.63198
7004.52930 -110.68191
7007.21729 -111.10392
7009.91113 -111.26005
7012.60156 -110.93378
7015.29297 -111.70644
7017.98535 -111.38327
7020.67871 -110.65118
7023.37354 -111.23438
7026.06543 -111.33582
7028.75439 -111.50540
7031.44824 -112.22321
7034.13965 -110.94735
7036.83105 -110.47947
7039.52441 -110.91453
7042.21436 -110.89106
7044.90625 -111.53343
7047.59814 -112.07558
7050.29199 -110.50883
7052.98242 -110.59682
7055.67773 -110.93130
7058.36963 -110.95668
7061.05566 -111.88754
7063.75439 -112.10808
7066.44238 -110.78197
7069.13867 -111.17599
7071.82861 -111.18015
7074.51562 -111.08898
7077.21143 -111.76693
7079.90430 -111.50107
7082.59473 -110.80482
7085.28564 -111.28463
7087.97803 -111.03008
7090.67139 -110.98869
7093.36133 -111.38327
7096.05273 -110.95934
7098.74512 -111.20167
7101.43848 -111.73843
7104.12891 -111.37895
7106.82422 -111.45967
7109.51709 -111.43353
7112.20264 -110.91692
7114.89746 -111.74595
7117.58887 -111.91432
7120.28223 -111.42120
7122.97559 -111.47655
7125.66650 -111.01015
7128.35840 -110.57869
7131.05078 -111.65321
7133.74072 -111.56754
7136.43604 -111.29376
7139.12402 -111.48463
7141.82080 -110.90972
7144.51123 -110.83369
7147.20215 -111.84187
7149.89453 -111.64164
7152.58740 -111.58912
7155.27783 -111.75200
7157.97314 -111.04275
7160.66113 -111.15011
7163.35449 -111.63247
7166.04492 -111.28270
7168.74023 -111.36906
7171.42871 -111.42896
7174.11816 -110.84472
7176.81201 -111.22878
7179.50781 -111.22305
7182.19678 -111.04526
7184.89014 -111.42601
7187.58398 -111.49731
7190.27588 -111.22684
7192.96436 -111.76794
7195.65820 -111.36210
7198.34912 -111.20294
7201.04443 -111.60417
7203.73291 -111.52008
7206.42285 -111.41401
7209.11719 -111.77756
7211.80908 -111.10252
7214.50195 -110.95102
7217.19531 -111.30099
7219.88672 -111.22639
7222.57812 -111.50921
7225.27100 -111.75753
7227.96094 -111.18221
7230.65527 -111.18742
7233.34717 -111.46085
7236.03564 -111.42888
7238.72998 -111.98797
7241.42480 -111.96236
7244.11230 -111.41376
7246.80566 -111.38937
7249.49951 -111.33450
7252.18994 -111.24482
7254.88232 -111.82094
7257.57080 -111.58887
7260.26855 -111.19409
7262.95508 -111.35184
7265.64746 -111.10957
7268.34033 -111.15078
7271.03418 -111.76978
7273.72510 -111.58206
7276.41650 -111.43622
7279.10938 -111.82665
7281.79932 -111.37822
7284.49463 -111.39867
7287.18652 -111.75462
7289.87891 -111.50320
7292.56445 -111.41586
7295.25977 -111.82777
7297.95166 -111.22952
7300.64453 -111.23549
7303.33447 -111.25700
7306.03271 -111.12841
7308.72070 -111.32058
7311.41357 -111.86208
7314.10693 -111.43504
7316.79785 -111.54839
7319.48975 -111.29553
7322.18262 -111.26796
7324.87256 -111.70694
7327.56299 -112.08952
7330.25439 -111.76637
7332.94727 -111.78768
7335.64062 -111.19932
7338.33105 -111.09686
7341.02734 -111.60577
7343.71973 -111.69013
7346.40918 -111.61398
7349.10400 -111.71465
7351.79492 -111.10052
7354.48340 -111.12096
7357.17725 -111.70947
7359.86768 -111.65867
7362.56299 -111.87408
7365.25586 -112.04246
7367.94482 -111.49104
7370.63525 -111.51212
7373.33057 -111.83529
7376.01855 -111.54986
7378.71191 -111.74592
7381.40625 -111.81060
7384.09277 -111.43232
7386.78955 -111.51283
7389.48242 -111.37923
7392.17285 -111.20217
7394.86377 -111.45324
7397.55566 -111.59834
7400.24902 -111.61449
7402.93896 -111.95211
7405.63379 -111.38974
7408.32568 -111.43198
7411.01855 -111.61362
7413.70410 -111.66737
7416.39893 -111.82771
7419.09082 -112.19981
7421.78320 -111.19396
7424.47266 -111.33337
7427.16357 -111.34873
7429.85889 -111.29379
7432.55176 -111.58367
7435.24512 -112.03676
7437.93945 -111.01693
7440.62695 -111.39809
7443.31934 -111.45109
7446.01270 -111.43738
7448.70654 -111.80699
7451.39404 -112.22176
7454.08984 -111.41308
7456.77930 -111.75290
7459.47314 -111.72228
7462.16406 -111.56708
7464.85156 -111.78073
7467.54883 -111.87826
7470.23877 -111.42030
7472.92969 -111.60313
7475.62549 -111.58578
7478.31348 -111.46611
7481.00781 -111.69192
7483.69824 -111.59988
7486.39355 -111.71645
7489.08203 -111.84962
7491.77539 -111.90362
7494.46582 -111.85803
7497.15723 -112.01340
7499.85352 -111.64562
7502.54199 -111.97573
7505.23633 -111.95625
7507.92725 -111.86288
7510.61963 -111.76203
7513.31250 -111.79743
7516.00195 -111.28336
7518.69238 -111.60801
7521.38867 -111.77966
7524.08154 -111.67004
7526.77051 -111.71697
7529.46533 -111.77676
7532.15283 -111.40248
7534.84473 -111.57780
7537.54199 -112.07882
7540.23242 -111.86530
7542.91943 -111.93391
7545.61572 -111.78579
7548.30859 -111.49453
7550.99854 -111.28169
7553.68945 -111.92397
7556.38135 -111.59838
7559.07422 -111.65937
7561.76758 -111.36855
7564.45801 -111.39320
7567.14941 -110.98112
7569.84180 -111.82561
7572.53516 -111.66679
7575.22510 -111.84740
7577.92041 -111.47768
7580.60840 -111.80968
7583.30127 -111.26746
7585.99561 -111.93675
7588.69092 -111.86642
7591.37793 -111.96793
7594.07129 -111.42567
7596.76025 -111.84541
7599.45508 -111.26492
7602.14600 -111.52834
7604.83447 -111.69290
7607.53174 -111.80634
7610.22217 -111.43068
7612.91699 -112.01489
7615.60938 -111.67072
7618.29785 -111.52776
7620.99170 -111.99499
7623.67773 -112.08633
7626.37793 -111.93991
7629.06641 -112.41805
7631.75977 -112.14542
7634.45020 -111.48865
7637.14551 -111.96617
7639.83789 -111.88336
7642.53027 -112.00475
7645.21680 -112.23473
7647.90723 -112.05717
7650.60303 -111.31955
7653.29150 -111.83348
7655.98926 -111.72918
7658.67578 -112.32233
7661.37158 -112.33746
7664.05957 -112.23862
7666.75244 -111.72753
7669.44629 -112.07751
7672.13770 -111.84321
7674.82910 -112.57317
7677.52197 -112.21990
7680.21191 -111.93277
7682.90625 -111.81940
7685.59766 -111.83070
7688.29053 -111.54161
7690.98340 -112.21392
7693.67285 -111.73537
7696.36816 -111.49619
7699.05664 -112.09480
7701.74902 -111.90885
7704.43848 -111.72994
7707.13330 -112.22118
7709.82471 -111.73139
7712.51709 -111.51381
7715.21045 -112.53373
7717.90479 -112.06508
7720.59570 -111.88572
7723.28711 -111.91512
7725.97607 -111.42632
7728.66992 -111.22130
7731.36475 -112.34051
7734.05176 -111.85139
7736.74365 -111.87309
7739.43750 -111.56435
7742.13135 -111.34848
7744.82227 -111.37920
7747.51416 -112.39968
7750.20703 -112.12695
7752.89600 -112.32462
7755.59082 -111.72381
7758.28223 -111.65250
7760.97461 -111.72421
7763.66309 -112.20927
7766.35742 -112.07984
7769.04834 -112.27670
7771.74023 -111.55090
7774.43262 -111.63505
7777.12646 -111.78111
7779.81641 -111.74868
7782.50781 -111.96268
7785.19971 -112.27412
7787.89258 -111.77942
7790.58203 -112.07001
7793.27734 -112.31843
7795.96875 -111.80347
7798.66162 -112.20516
7801.35059 -112.39445
7804.04492 -112.15112
7806.74023 -112.35099
7809.42773 -112.40001
7812.12012 -111.57846
7814.81445 -111.93399
7817.50488 -111.95786
7820.19580 -112.13933
7822.88818 -112.30560
7825.58154 -112.26424
7828.27148 -111.61259
7830.96191 -111.94304
7833.65771 -111.91664
7836.34668 -112.52070
7839.04004 -112.59208
7841.73389 -112.34596
7844.42480 -111.97599
7847.11719 -112.00677
7849.80566 -111.77399
7852.49951 -112.45384
7855.18994 -112.35179
7857.88574 -111.80227
7860.57373 -111.96048
7863.26660 -111.71804
7865.96143 -111.47765
7868.65186 -112.15965
7871.34326 -112.17039
7874.03613 -111.56497
7876.72949 -112.35920
7879.41943 -111.95094
7882.11035 -111.73666
7884.80664 -112.16481
7887.49512 -112.23069
7890.18945 -111.44982
7892.87988 -112.53204
7895.57080 -111.96162
7898.26709 -111.69833
7900.95605 -111.70214
7903.64551 -111.85248
7906.34033 -111.13985
7909.03223 -112.34580
7911.72461 -112.02402
7914.41797 -111.94084
7917.10742 -111.62142
7919.79883 -111.92285
7922.49023 -111.48457
7925.18750 -112.48725
7927.87646 -112.50219
7930.56689 -112.47301
7933.26221 -111.74811
7935.94971 -111.91722
7938.64258 -111.71542
7941.33691 -112.11951
7944.02734 -112.48333
7946.72266 -112.52675
7949.41455 -111.70277
7952.10352 -111.74995
7954.79736 -112.09615
7957.48779 -111.85675
7960.18359 -112.68791
7962.87158 -112.91402
7965.56543 -112.26816
7968.25488 -112.09068
7970.94971 -112.85040
7973.64160 -111.87416
7976.32910 -112.76656
7979.02295 -112.91493
7981.71777 -112.55948
7984.40869 -112.06711
7987.10010 -112.92397
7989.79248 -111.56618
7992.48633 -112.30901
7995.17627 -112.44031
7997.86719 -112.75205
8000.55957 -112.23705
8003.24756 -112.98881
8005.94629 -111.78011
8008.63672 -112.23801
8011.32764 -112.31116
8014.01904 -113.09264
8016.71289 -112.61583
8019.40625 -112.76807
8022.09668 -111.97908
8024.78809 -111.92438
8027.47998 -111.79871
8030.16895 -112.67018
8032.86230 -112.46653
8035.55273 -112.00321
8038.24902 -112.07007
8040.93701 -111.69060
8043.62988 -111.54317
8046.32373 -112.40372
8049.01465 -112.64420
8051.70605 -111.77229
8054.39893 -112.59177
8057.09180 -111.95543
8059.78125 -111.70103
8062.47656 -112.19595
8065.16357 -112.57557
8067.86084 -111.46378
8070.54932 -112.60863
8073.23926 -111.93843
8075.93018 -111.65902
8078.62598 -111.74998
8081.31836 -112.19096
8084.01172 -111.40629
8086.70166 -112.63014
8089.39258 -112.33010
8092.08447 -112.17649
8094.78076 -111.95670
8097.46582 -112.26086
8100.16016 -111.90503
8102.85107 -112.73074
8105.54688 -112.72638
8108.23486 -112.59100
8110.92822 -112.04529
8113.62256 -111.96556
8116.31348 -112.14631
8119.00488 -112.31582
8121.69824 -112.67238
8124.39160 -112.73366
8127.08105 -112.23229
8129.77148 -111.87437
8132.46826 -112.77135
8135.15625 -112.33331
8137.84961 -112.90750
8140.54395 -113.09441
8143.23486 -112.76699
8145.92676 -112.08147
8148.61426 -113.21578
8151.31250 -112.29954
8154.00195 -112.66479
8156.69336 -112.78534
8159.38916 -112.67573
8162.08203 -111.91933
8164.77051 -113.05928
8167.46533 -112.16560
8170.15576 -112.32554
8172.84277 -112.49493
8175.53955 -112.70367
8178.23291 -112.20403
8180.92285 -113.11376
8183.61816 -112.51859
8186.30469 -112.35600
8188.99707 -112.40295
8191.68652 -112.61224
8194.38086 -112.36338
8197.07520 -112.71395
8199.76660 -112.45527
8202.45508 -112.02084
8205.14746 -111.98165
8207.84180 -112.12704
8210.53320 -112.35494
8213.22363 -112.32195
8215.91992 -112.46817
8218.60938 -112.08645
8221.30273 -112.08602
8223.99316 -112.17616
8226.68555 -112.78219
8229.37695 -112.36657
8232.06543 -112.57318
8234.76367 -112.24841
8237.45410 -112.14036
8240.14551 -112.07179
8242.83789 -112.77788
8245.52637 -112.05807
8248.21973 -112.19123
8250.91406 -112.15017
8253.60059 -112.10382
8256.30176 -112.09840
8258.99023 -112.88548
8261.68359 -112.16128
8264.37402 -112.22121
8267.06934 -112.51726
8269.76074 -112.49013
8272.44922 -112.54565
8275.13770 -113.08151
8277.83203 -112.30956
8280.52246 -112.19059
8283.21875 -112.56522
8285.91113 -112.43922
8288.59961 -112.55244
8291.29492 -112.68297
8293.98926 -112.18715
8296.67578 -112.11127
8299.37305 -112.59738
8302.06152 -112.54955
8304.75098 -112.80038
8307.44141 -112.57333
8310.13770 -112.56793
8312.82910 -112.55311
8315.52246 -112.93832
8318.21191 -112.81474
8320.90137 -112.92904
8323.59668 -112.28120
8326.28906 -112.64600
8328.98242 -112.62022
8331.67090 -112.76147
8334.36523 -112.63172
8337.05566 -112.60706
8339.74707 -111.85858
8342.44043 -112.78632
8345.13379 -112.80728
8347.82324 -112.84028
8350.51367 -112.85999
8353.20508 -112.70305
8355.90234 -111.99172
8358.59082 -113.22366
8361.28418 -113.02688
8363.97949 -112.85963
8366.67090 -112.85872
8369.35742 -112.50237
8372.05078 -111.91660
8374.74414 -113.07635
8377.43945 -112.64426
8380.12988 -112.47627
8382.81641 -112.59967
8385.51465 -112.36629
8388.20312 -112.22007
8390.89746 -113.09538
8393.58789 -112.58675
8396.27930 -112.52385
8398.97168 -112.71503
8401.66504 -112.61080
8404.35449 -112.79997
8407.04883 -112.97482
8409.74023 -112.38608
8412.43262 -112.31736
8415.12109 -112.39484
8417.81445 -112.45881
8420.50879 -112.96403
8423.20020 -112.46347
8425.89160 -112.11350
8428.58398 -112.19296
8431.27734 -112.28139
8433.96680 -112.64606
8436.65820 -113.40605
8439.35352 -112.47891
8442.04102 -112.38872
8444.73438 -112.47868
8447.42383 -112.43049
8450.12305 -112.80003
8452.81348 -113.35667
8455.50098 -112.35154
8458.19434 -112.39629
8460.88770 -112.43033
8463.57715 -112.28226
8466.27246 -112.62165
8468.96387 -112.87003
8471.65625 -112.44669
8474.34961 -112.66367
8477.03906 -112.73392
8479.73438 -112.61843
8482.42090 -112.86819
8485.11719 -112.72460
8487.80469 -113.00490
8490.49902 -113.08300
8493.19336 -113.00282
8495.88477 -112.81307
8498.57617 -112.76405
8501.26855 -112.22511
8503.95703 -113.16526
8506.65137 -112.98488
8509.34180 -112.86948
8512.03711 -112.81182
8514.72949 -112.66679
8517.41797 -112.04204
8520.11133 -113.55502
8522.80176 -113.16092
8525.49219 -113.05091
8528.18359 -113.11413
8530.87598 -112.87880
8533.56934 -112.22398
8536.26367 -113.62557
8538.95410 -113.04359
8541.64941 -112.83266
8544.34180 -112.90731
8547.03027 -112.63217
8549.72363 -112.17545
8552.41309 -113.11183
8555.10840 -112.68964
8557.79590 -112.58535
8560.48828 -112.80307
8563.18555 -112.70795
8565.87500 -112.64715
8568.57031 -112.91422
8571.25684 -112.76871
8573.94922 -112.67270
8576.64160 -112.84943
8579.33496 -112.77367
8582.02539 -112.94307
8584.72070 -112.47475
8587.41113 -112.51302
8590.09961 -112.40092
8592.79688 -112.53930
8595.48633 -112.53264
8598.18164 -113.01611
8600.86719 -112.23624
8603.56348 -112.51060
8606.25195 -112.51929
8608.94531 -112.67242
8611.63965 -112.73965
8614.33008 -113.37321
8617.02148 -112.50713
8619.71387 -112.73689
8622.40625 -112.67587
8625.09570 -112.67142
8627.79004 -112.63333
8630.48047 -113.15827
8633.17676 -112.55746
8635.87012 -112.61834
8638.55371 -112.59743
8641.25195 -112.57150
8643.94238 -112.56355
8646.63281 -113.04395
8649.32520 -113.07457
8652.01758 -112.90913
8654.71094 -112.95818
8657.40137 -112.85848
8660.09668 -112.80352
8662.78711 -113.05658
8665.47461 -113.51337
8668.16797 -112.98563
8670.86133 -112.97953
8673.55176 -112.75230
8676.24707 -112.64484
8678.93848 -112.66737
8681.63086 -113.49896
8684.32422 -112.86995
8687.01367 -113.00439
8689.70410 -112.86328
8692.39453 -112.85698
8695.09180 -112.71424
8697.78418 -113.70656
8700.47266 -113.09289
8703.16699 -113.26236
8705.85742 -113.10381
8708.54883 -113.06747
8711.24023 -112.62859
8713.93359 -113.34775
8716.62207 -112.86714
8719.31738 -113.00085
8722.00781 -112.94675
8724.70312 -113.00352
8727.39062 -112.46346
8730.08398 -112.93210
8732.77734 -112.81791
8735.46777 -112.98340
8738.15820 -113.16004
8740.85547 -113.33321
8743.54297 -112.74082
8746.24023 -112.83289
8748.92969 -112.93320
8751.62012 -112.89503
8754.31055 -113.10639
8757.00293 -113.22021
8759.69922 -112.67911
8762.38867 -112.41093
8765.08203 -112.69797
8767.77246 -112.50854
8770.46387 -112.84753
8773.15527 -113.00193
8775.84863 -112.88133
8778.54199 -112.41843
8781.23145 -112.91858
8783.92188 -112.60371
8786.61816 -112.95586
8789.30957 -112.97301
8791.99805 -113.21867
8794.69141 -112.54965
8797.38184 -112.97099
8800.07715 -112.49635
8802.76758 -112.68372
8805.45508 -112.50197
8808.14844 -113.14302
8810.84180 -112.58147
8813.53613 -112.89493
8816.22754 -112.55598
8818.91797 -112.68204
8821.61035 -112.42268
8824.30371 -113.41961
8826.99805 -113.15516
8829.69238 -113.17853
8832.37891 -113.01006
8835.06934 -112.91608
8837.76660 -112.46368
8840.45996 -113.37156
8843.14941 -113.47674
8845.83887 -112.98849
8848.53418 -113.09960
8851.22168 -112.84946
8853.91797 -112.45605
8856.60742 -113.10904
8859.30078 -113.82227
8861.99121 -112.96712
8864.68164 -113.48723
8867.37793 -113.21146
8870.07031 -113.03561
8872.76367 -113.18187
8875.45312 -114.24493
8878.14258 -113.07747
8880.83887 -113.67460
8883.52539 -113.31931
8886.22266 -113.36702
8888.91113 -112.83197
8891.60547 -113.85687
8894.29980 -112.84254
8896.98633 -113.35151
8899.68262 -113.17204
8902.37012 -113.70963
8905.06348 -112.71951
8907.75781 -113.47060
8910.44727 -113.09574
8913.13867 -113.29418
8915.83008 -113.29440
8918.52734 -114.04994
8921.21484 -112.78866
8923.90430 -112.93935
8926.59961 -113.21193
8929.29004 -112.87403
8931.98145 -112.96816
8934.67383 -113.58470
8937.36719 -112.56879
8940.06152 -112.20513
8942.75195 -113.23164
8945.44238 -112.53017
8948.13867 -112.84851
8950.82617 -113.19958
8953.52441 -112.82938
8956.20898 -112.07047
8958.90332 -113.59046
8961.59375 -112.59507
8964.29004 -112.95683
8966.97754 -112.75758
8969.67090 -112.95053
8972.36426 -111.96198
8975.05469 -113.39732
8977.74512 -112.43316
8980.44141 -112.81715
8983.13379 -112.18401
8985.82227 -113.04465
8988.51074 -112.24226
8991.20508 -113.25925
8993.90039 -112.73573
8996.59277 -113.14812
8999.28418 -112.23985
9001.97754 -113.53189
9004.67090 -113.02638
9007.35547 -113.16752
9010.05078 -113.08318
9012.74707 -113.29941
9015.43359 -112.26011
9018.12695 -113.55797
9020.81543 -113.60909
9023.50977 -112.69769
9026.20020 -113.21012
9028.89648 -113.28040
9031.58789 -112.60561
9034.27637 -113.70267
9036.96973 -114.44680
9039.66406 -112.72328
9042.35938 -113.67454
9045.04492 -113.50753
9047.74219 -113.33915
9050.42871 -113.78882
9053.12305 -114.74422
9055.81152 -112.71198
9058.50684 -113.63498
9061.19727 -113.22225
9063.88867 -113.66765
9066.58105 -113.31774
9069.27930 -114.11830
9071.96875 -112.77695
9074.65820 -113.49358
9077.34863 -113.08815
9080.04004 -114.13558
9082.73242 -113.16086
9085.42480 -113.55461
9088.11914 -113.32349
9090.81348 -113.49480
9093.50391 -113.07925
9096.19043 -114.14941
9098.88672 -112.83117
9101.57422 -112.67702
9104.27344 -113.48850
9106.95703 -113.02886
9109.65234 -112.79622
9112.34375 -113.54335
9115.03516 -112.51145
9117.72754 -112.00953
9120.42090 -113.78558
9123.11523 -112.92799
9125.80469 -113.00352
9128.50098 -113.22340
9131.19238 -112.71443
9133.87988 -111.88775
9136.57812 -113.94639
9139.26660 -112.85928
9141.96094 -113.07922
9144.64648 -112.65967
9147.34277 -112.73727
9150.03516 -111.72317
9152.72266 -113.48807
9155.41602 -112.67298
9158.11133 -113.13714
9160.80078 -112.32684
9163.49219 -113.15618
9166.18359 -112.16060
9168.87598 -113.30374
9171.57422 -113.01540
9174.26367 -113.56231
9176.95410 -112.47752
9179.64941 -113.71686
9182.34082 -112.78139
9185.02832 -112.92340
9187.72070 -113.11884
9190.41504 -113.52380
9193.10449 -112.51337
9195.79492 -113.84481
9198.48535 -113.40376
9201.18262 -112.56735
9203.87012 -113.36428
9206.56934 -113.64560
9209.25879 -113.10378
9211.95312 -114.14511
9214.64453 -114.42715
9217.33594 -112.73403
9220.02344 -113.81624
9222.71582 -113.76151
9225.41016 -113.71877
9228.10449 -113.90764
9230.79004 -114.81298
9233.48633 -112.71315
9236.17871 -113.70815
9238.86621 -113.39235
9241.56055 -114.05712
9244.25391 -113.37482
9246.94922 -114.71826
9249.63477 -113.09940
9252.32617 -113.77850
9255.01953 -113.37427
9257.71289 -114.52418
9260.40625 -113.17477
9263.09668 -114.37608
9265.79199 -113.63458
9268.47754 -113.62267
9271.17480 -113.12849
9273.86328 -114.20445
9276.56152 -112.70906
9279.25098 -113.31821
9281.93555 -113.79612
9284.63184 -113.14000
9287.32324 -112.82925
9290.01562 -113.62547
9292.70898 -112.64925
9295.39844 -112.58017
9298.09277 -114.20508
9300.78320 -113.10898
9303.47949 -112.98219
9306.17188 -113.22503
9308.86426 -112.87725
9311.55273 -112.05889
9314.24219 -114.09103
9316.93750 -112.86516
9319.62793 -112.87851
9322.31934 -112.55457
9325.01758 -112.97590
9327.70508 -111.60738
9330.39844 -113.65466
9333.08789 -112.85086
9335.78320 -113.13786
9338.46973 -112.43124
9341.16699 -113.57143
9343.85449 -111.85207
9346.54785 -113.48798
9349.24219 -113.20595
9351.93164 -113.57003
9354.62207 -112.52428
9357.31836 -113.88541
9360.00586 -112.16585
9362.69922 -112.95567
9365.39258 -113.26418
9368.08691 -113.67606
9370.77734 -112.71138
9373.46777 -113.97075
9376.16016 -112.92546
9378.85156 -112.78731
9381.54492 -113.68050
9384.23926 -114.07951
9386.92871 -113.48846
9389.61914 -114.14713
9392.31055 -114.05755
9395.00195 -112.89630
9397.69434 -113.90391
9400.38867 -114.03989
9403.07715 -113.96573
9405.77246 -113.67744
9408.46289 -114.72283
9411.15430 -112.88725
9413.84668 -113.74230
9416.53906 -113.69054
9419.23340 -114.37827
9421.92773 -113.34448
9424.61816 -115.19060
9427.30859 -113.43215
9430.00000 -113.82337
9432.69238 -113.57565
9435.38574 -114.58654
9438.07910 -113.14526
9440.76953 -114.79462
9443.45898 -113.78722
9446.15039 -113.47242
9448.84180 -113.08080
9451.53418 -113.94225
9454.22754 -112.76467
9456.92188 -113.68447
9459.61133 -113.99741
9462.30273 -113.21175
9464.99805 -112.90694
9467.68457 -113.44799
9470.38281 -112.96147
9473.07715 -112.98078
9475.76074 -114.29935
9478.45508 -113.24440
9481.14648 -112.97021
9483.83691 -112.95193
9486.52930 -113.13204
9489.22266 -112.24945
9491.91113 -113.88985
9494.61035 -113.01809
9497.29492 -112.89818
9499.99609 -112.45438
9502.68262 -113.42953
9505.37500 -111.90457
9508.06738 -113.52554
9510.75586 -113.25559
9513.45117 -113.34303
9516.14062 -112.60023
9518.83691 -114.10205
9521.52832 -112.09849
9524.21582 -113.23083
9526.90820 -113.48549
9529.60254 -113.60656
9532.29688 -112.71792
9534.98730 -114.25078
9537.68359 -112.27177
9540.37500 -112.74113
9543.06250 -113.58572
9545.75586 -113.82396
9548.44922 -113.20782
9551.13379 -114.37125
9553.82910 -113.02955
9556.52051 -112.82323
9559.21777 -114.06248
9561.90430 -114.25567
9564.60352 -114.02403
9567.29199 -114.22744
9569.98145 -113.77760
9572.67676 -112.90366
9575.36816 -114.07111
9578.05957 -114.10112
9580.74707 -114.41216
9583.44043 -113.51871
9586.13477 -114.30222
9588.82422 -113.14739
9591.51953 -114.04858
9594.20508 -114.05087
9596.90234 -114.91085
9599.59473 -113.19102
9602.28809 -114.91622
9604.97754 -113.79097
9607.67188 -114.06969
9610.36230 -113.94247
9613.05371 -114.83583
9615.74512 -112.80421
9618.43848 -114.68590
9621.13086 -114.00473
9623.82031 -113.57040
9626.51465 -113.44106
9629.20508 -114.15697
9631.89648 -112.60529
9634.58789 -114.17037
9637.28125 -114.31670
9639.97363 -113.39912
9642.66309 -113.35451
9645.36230 -113.74958
9648.05273 -112.96507
9650.74414 -113.74434
9653.43555 -114.39340
9656.12891 -113.19469
9658.81641 -113.09857
9661.51074 -113.07447
9664.20508 -113.20672
9666.89551 -112.95927
9669.58691 -113.92861
9672.27832 -112.94083
9674.96484 -112.91189
9677.66406 -112.66876
9680.35254 -113.86504
9683.04785 -112.65195
9685.73730 -113.78447
9688.42871 -113.22829
9691.12012 -113.17699
9693.81738 -112.70419
9696.50586 -114.49347
9699.19434 -112.52320
9701.88867 -113.43774
9704.57910 -113.33956
9707.27539 -113.20804
9709.96191 -112.65561
9712.65820 -114.53575
9715.34668 -112.47737
9718.04102 -113.16588
9720.73438 -113.70383
9723.42578 -113.63607
9726.11523 -113.18346
9728.80762 -114.57967
9731.50000 -113.05064
9734.18750 -113.33663
9736.88574 -114.25850
9739.57520 -114.13943
9742.27051 -113.76070
9744.96094 -114.06107
9747.65234 -113.51561
9750.34375 -113.25487
9753.03711 -114.28274
9755.72461 -114.24712
9758.42480 -114.23727
9761.11426 -113.41071
9763.80469 -114.20242
9766.50195 -113.51869
9769.18750 -114.42754
9771.88086 -114.55540
9774.57422 -114.93021
9777.26270 -113.19752
9779.95703 -114.89731
9782.64746 -113.83467
9785.33887 -114.20033
9788.03613 -114.31496
9790.72266 -114.84317
9793.41602 -112.83668
9796.10449 -114.75404
9798.79980 -113.82375
9801.49512 -113.64622
9804.18555 -113.82156
9806.87695 -114.45398
9809.56934 -112.96454
9812.25684 -114.48087
9814.95020 -114.13350
9817.64551 -113.50549
9820.34082 -113.62054
9823.03125 -114.04427
9825.71680 -113.33224
9828.41406 -113.87220
9831.10156 -114.06628
9833.79492 -113.16813
9836.48926 -113.13489
9839.17871 -113.24641
9841.87402 -113.57600
9844.56543 -113.10847
9847.25781 -113.87720
9849.95020 -113.14398
9852.64355 -113.07153
9855.33203 -112.95105
9858.02637 -114.22862
9860.71680 -112.93411
9863.40723 -113.93540
9866.09961 -113.47591
9868.79102 -113.24717
9871.48438 -112.81239
9874.17773 -114.45869
9876.86719 -112.75468
9879.55664 -113.58064
9882.24707 -113.60548
9884.94922 -113.33260
9887.64160 -112.79514
9890.32812 -114.43568
9893.02148 -112.99348
9895.71680 -113.50848
9898.40625 -114.13562
9901.09570 -113.89902
9903.79199 -113.37220
9906.47363 -114.47456
9909.17090 -113.61917
9911.86426 -113.52579
9914.55273 -114.43038
9917.24707 -114.17628
9919.94238 -113.78577
9922.63281 -113.96195
9925.32422 -113.98388
9928.01660 -113.34320
9930.70898 -114.37316
9933.39746 -114.32728
9936.09180 -114.41424
9938.78711 -113.68464
9941.47656 -114.60864
9944.16797 -113.61195
9946.85938 -114.46542
9949.55176 -114.55157
9952.24512 -115.02316
9954.93359 -113.52700
9957.62793 -114.74668
9960.31836 -113.68542
9963.01367 -114.05179
9965.70508 -114.19090
9968.39746 -114.89687
9971.08496 -113.21117
9973.77832 -114.37202
9976.47266 -113.78699
9979.16211 -113.72527
9981.85742 -114.00682
9984.54883 -114.77982
9987.24023 -113.40369
9989.93262 -114.23058
9992.62598 -114.14425
9995.31445 -113.63115
9998.00391 -113.83743
10000.69922 -114.32257
10003.38965 -113.47292
10006.08594 -113.72025
10008.77832 -114.06346
10011.47070 -113.30086
10014.15918 -113.45202
10016.85352 -113.64819
10019.54199 -113.63483
10022.23242 -113.48451
10024.92383 -114.18981
10027.62012 -113.45155
10030.31250 -113.53932
10033.00000 -113.44813
10035.69434 -114.09459
10038.38281 -113.58950
10041.07812 -114.25181
10043.77344 -113.58643
10046.46484 -113.45886
10049.15723 -113.08819
10051.84375 -114.12263
10054.53711 -113.47466
10057.23145 -113.99268
10059.92090 -113.69581
10062.61621 -113.49096
10065.30664 -113.05001
10067.99805 -114.32731
10070.68945 -113.82336
10073.38770 -114.09953
10076.07617 -114.20291
10078.76465 -113.86454
10081.45410 -113.33114
10084.14941 -114.38718
10086.84082 -114.06624
10089.53809 -113.93432
10092.22461 -114.31116
10094.91797 -113.89996
10097.61133 -113.44698
10100.30566 -114.05147
10102.99023 -114.12717
10105.68555 -113.77638
10108.37695 -114.48850
10111.06836 -114.24732
10113.76074 -114.03027
10116.45410 -114.05508
10119.14844 -114.52027
10121.83691 -113.89738
10124.53223 -114.63950
10127.22266 -114.50411
10129.91406 -114.46098
10132.60645 -113.81470
10135.29883 -114.44819
10137.98633 -113.66890
10140.68066 -114.24782
10143.37598 -114.35679
10146.06543 -114.68358
10148.75586 -113.65220
10151.44727 -114.43721
10154.13965 -113.75281
10156.83203 -114.11308
10159.52539 -114.45879
10162.22070 -115.05380
10164.91504 -113.84011
10167.60547 -114.50008
10170.29590 -113.87585
10172.98242 -113.82473
10175.67969 -114.15068
10178.37305 -114.75787
10181.06055 -113.73135
10183.75488 -114.09618
10186.44434 -113.81008
10189.13965 -113.46032
10191.82520 -113.80740
10194.52246 -114.38290
10197.21484 -113.93340
10199.90234 -114.03005
10202.60156 -114.17147
10205.29102 -113.57474
10207.98047 -113.79486
10210.66992 -114.08887
10213.36719 -114.10336
10216.05273 -113.84581
10218.75098 -114.24888
10221.43848 -113.50172
10224.13867 -113.52506
10226.82715 -113.47755
10229.51660 -113.96731
10232.20703 -113.63146
10234.89844 -114.30352
10237.59570 -113.72433
10240.28809 -113.66475
10242.97461 -113.34517
10245.66895 -114.16451
10248.35840 -113.89044
10251.05371 -114.51935
10253.74902 -114.15330
10256.43457 -113.91158
10259.13184 -113.26848
10261.81836 -114.06017
10264.51172 -113.93304
10267.20605 -114.21732
10269.90137 -114.23209
10272.58984 -113.96764
10275.28516 -113.26831
10277.97754 -114.00306
10280.66309 -114.23728
10283.35547 -114.11309
10286.04395 -114.57603
10288.73828 -114.36619
10291.43164 -113.75910
10294.12109 -114.24628
10296.81152 -114.62939
10299.50781 -113.98298
10302.20605 -114.58324
10304.89844 -114.36494
10307.58008 -113.99843
10310.27441 -114.14752
10312.96875 -114.53037
10315.65820 -113.64895
10318.34863 -114.31404
10321.04492 -114.26465
10323.73145 -114.43043
10326.42969 -114.34112
10329.11719 -114.62019
10331.81055 -113.78707
10334.50586 -114.32343
10337.20117 -114.33336
10339.89160 -114.84306
10342.57617 -114.44897
10345.27344 -114.38777
10347.95996 -113.77075
10350.65332 -113.99427
10353.34766 -114.02652
10356.04102 -114.71333
10358.73047 -114.20602
10361.42676 -114.02283
10364.11719 -113.89240
10366.80273 -113.89993
10369.50195 -114.06537
10372.19531 -114.76949
10374.88281 -114.24517
10377.57715 -114.11809
10380.26562 -114.29851
10382.96094 -114.01820
10385.65332 -114.15789
10388.34375 -114.54018
10391.03613 -113.96331
10393.72266 -113.99036
10396.42188 -114.31264
10399.11133 -113.89122
10401.80664 -114.08867
10404.49609 -114.15797
10407.18652 -113.73473
10409.88379 -114.22047
10412.57617 -114.53745
10415.26270 -114.14539
10417.95703 -114.39462
10420.65039 -114.16003
10423.33984 -113.83561
10426.02930 -114.62376
10428.71973 -114.60411
10431.41602 -114.21451
10434.10938 -114.35314
10436.80078 -113.88458
10439.49414 -113.70608
10442.18262 -114.61562
10444.87695 -114.32440
10447.56738 -114.13901
10450.26270 -114.26732
10452.95410 -113.83525
10455.64551 -113.98753
10458.33789 -114.82240
10461.02539 -114.37392
10463.71875 -114.33802
10466.40723 -114.33492
10469.10254 -113.95132
10471.79785 -114.30478
10474.49023 -114.63326
10477.17969 -114.14716
10479.87305 -114.14880
10482.56641 -114.00376
10485.25391 -113.79364
10487.94824 -114.41817
10490.63672 -114.21025
10493.32617 -114.00912
10496.02344 -114.14977
10498.71484 -114.00256
10501.40625 -114.01681
10504.09961 -114.83384
10506.79199 -114.16905
10509.48047 -114.16980
10512.17578 -114.27541
10514.86426 -114.03072
10517.56055 -114.08845
10520.25195 -114.78394
10522.93848 -113.89280
10525.63574 -114.02959
10528.32910 -114.11615
10531.01660 -113.93436
10533.71094 -114.12042
10536.40039 -114.61668
10539.09668 -113.96550
10541.78711 -114.22336
10544.47852 -114.34616
10547.16992 -114.28021
10549.85742 -114.49992
10552.55078 -114.56483
10555.24512 -114.29625
10557.94043 -114.37360
10560.62988 -114.37991
10563.32031 -114.34984
10566.01660 -114.51112
10568.70898 -114.09641
10571.39551 -114.35317
10574.08984 -114.29671
10576.77734 -114.28737
10579.47168 -114.46327
10582.16699 -114.68877
10584.85742 -113.94580
10587.55371 -114.75636
10590.24414 -114.55797
10592.93066 -114.46562
10595.62988 -114.71985
10598.31836 -114.85965
10601.00586 -113.84965
10603.70117 -114.80627
10606.39648 -114.48105
10609.08691 -114.22842
10611.77734 -114.49349
10614.46875 -114.55365
10617.16211 -113.66340
10619.85449 -114.58117
10622.54883 -114.43174
10625.23828 -114.14625
10627.93359 -114.47868
10630.62305 -114.47672
10633.31445 -113.95525
10636.01074 -114.58064
10638.69727 -114.58047
10641.39062 -114.17011
10644.08301 -114.37112
10646.77734 -114.14522
10649.46680 -114.07351
10652.16211 -114.20032
10654.85254 -114.33799
10657.54297 -113.93253
10660.22949 -114.04500
10662.92090 -113.71200
10665.62012 -114.34595
10668.31445 -114.08465
10671.00195 -114.37836
10673.69727 -114.12812
10676.38770 -114.14241
10679.07812 -113.67578
10681.76953 -114.82825
10684.46191 -114.17228
10687.14844 -114.35291
10689.84766 -114.22257
10692.53516 -114.04215
10695.23047 -113.46524
10697.92578 -114.86434
10700.61523 -114.09101
10703.30664 -114.10600
10705.99805 -114.32445
10708.69043 -114.11236
10711.37695 -113.63911
10714.07129 -115.06218
10716.76562 -114.46527
10719.45898 -114.22701
10722.14941 -114.75612
10724.83984 -114.46968
10727.53027 -114.08730
10730.22852 -115.00617
10732.92090 -114.67061
10735.60742 -114.07861
10738.30176 -114.75953
10740.99609 -114.49934
10743.68555 -114.43958
10746.38086 -114.58044
10749.06641 -114.77190
10751.75684 -114.04867
10754.44824 -114.83755
10757.14062 -114.78728
10759.83984 -115.23583
10762.52832 -114.46587
10765.21680 -115.05364
10767.91211 -114.28306
10770.60156 -114.82221
10773.29883 -114.87048
10775.99023 -115.66467
10778.68164 -114.09307
10781.37500 -114.75713
10784.06250 -114.24047
10786.75684 -114.35675
10789.45117 -114.59013
10792.14062 -115.63272
10794.83008 -113.87408
10797.52734 -114.51071
10800.21289 -114.56709
10802.90527 -114.20944
10805.59766 -114.55537
10808.29102 -115.46243
10810.98535 -113.98473
10813.67383 -114.25678
10816.36914 -114.82551
10819.06055 -113.93726
10821.75195 -114.21131
10824.44238 -114.61013
10827.13477 -113.88993
10829.82812 -113.75397
10832.52148 -114.84272
10835.20996 -113.74018
10837.90430 -114.01767
10840.60059 -113.90527
10843.28516 -114.20184
10845.98145 -113.75517
10848.67285 -115.10530
10851.36621 -114.00554
10854.05859 -114.15385
10856.74609 -113.47997
10859.44141 -114.49462
10862.13477 -113.75241
10864.82520 -114.88961
10867.51562 -114.09541
10870.20605 -114.10868
10872.90430 -113.05428
10875.59668 -114.61244
10878.29004 -113.98517
10880.97656 -114.61436
10883.66602 -114.52192
10886.35547 -114.48670
10889.05078 -113.27147
10891.74707 -115.02446
10894.43164 -114.70962
10897.12891 -114.49306
10899.81543 -114.99347
10902.50879 -114.79225
10905.20312 -113.61753
10907.89648 -114.98905
10910.58594 -115.13506
10913.28125 -114.06189
10915.97168 -115.03434
10918.66309 -114.82227
10921.35547 -114.22370
10924.05273 -114.90176
10926.73926 -115.64731
10929.42773 -114.04231
10932.12793 -115.21598
10934.81641 -115.02744
10937.50586 -115.23214
10940.19629 -114.89587
10942.89453 -115.74035
10945.58594 -114.10194
10948.27734 -114.93842
10950.96484 -114.72932
10953.66406 -115.71470
10956.35254 -114.46571
10959.04199 -115.00516
10961.73047 -114.15124
10964.42773 -114.46844
10967.11914 -114.43135
10969.81055 -115.97095
10972.50195 -114.34384
10975.19531 -114.41389
10977.88281 -114.64809
10980.57715 -114.30594
10983.26660 -114.35248
10985.96191 -115.69254
10988.65234 -114.20879
10991.34277 -113.70777
10994.03418 -114.84072
10996.73242 -113.91105
10999.41895 -114.05347
11002.11328 -114.75885
11004.81348 -114.01080
11007.50098 -113.19798
11010.18457 -115.03845
11012.88086 -113.88477
11015.57715 -114.20741
11018.26953 -114.19429
11020.95605 -114.27411
11023.65332 -113.30136
11026.34180 -115.21072
11029.04199 -114.07062
11031.72363 -114.39802
11034.41895 -113.64806
11037.11523 -114.35658
11039.79980 -113.44077
11042.49121 -114.81754
11045.18359 -114.14326
11047.88184 -114.50050
11050.57520 -113.33420
11053.26270 -114.62843
11055.95703 -114.12574
11058.64648 -114.62560
11061.33594 -114.65716
11064.03223 -114.92678
11066.72363 -113.58233
11069.41504 -115.06257
11072.10840 -114.98923
11074.80078 -114.36151
11077.48828 -114.92994
11080.18359 -114.92844
11082.87695 -113.77348
11085.56738 -115.03879
11088.25684 -115.52818
11090.95508 -114.03121
11093.64648 -115.10104
11096.33789 -114.90126
11099.02441 -114.40343
11101.71875 -115.16030
11104.41309 -115.99391
11107.10742 -114.18506
11109.79590 -115.38344
11112.48633 -114.94242
11115.17676 -115.09743
11117.86914 -114.99780
11120.55469 -115.64597
11123.25293 -114.19119
11125.95215 -115.10146
11128.64062 -114.58727
11131.32910 -115.40471
11134.02344 -114.55473
11136.71387 -114.89540
11139.40430 -114.42226
11142.10059 -114.90691
11144.78613 -114.56194
11147.47949 -115.78131
11150.17188 -114.47614
11152.86621 -114.39172
11155.56055 -114.83484
11158.25000 -114.70173
11160.94531 -114.49620
11163.63477 -115.54029
11166.32617 -114.20108
11169.01758 -113.75428
11171.70898 -114.85387
11174.40234 -114.25050
11177.08887 -114.33342
11179.78320 -115.02898
11182.47852 -114.18254
11185.16699 -113.55042
11187.86230 -115.06503
11190.55273 -114.23021
11193.24414 -114.55841
11195.93652 -114.77138
11198.62891 -114.47201
11201.32227 -113.63186
11204.01562 -115.01952
11206.70410 -114.12212
11209.39844 -114.51255
11212.08887 -114.25607
11214.78418 -114.54084
11217.46973 -113.72206
11220.16699 -114.72656
11222.85254 -114.13910
11225.55176 -114.60616
11228.23828 -114.12077
11230.93262 -114.93749
11233.62793 -114.29110
11236.31738 -114.76237
11239.01270 -114.51821
11241.70312 -114.84911
11244.39453 -114.19836
11247.08594 -115.11460
11249.77734 -114.68999
11252.47070 -114.54369
11255.15820 -114.62221
11257.85254 -114.74252
11260.54199 -114.17126
11263.23145 -114.96725
11265.92773 -115.10648
11268.62402 -114.52830
11271.31641 -114.98029
11274.00195 -114.91788
11276.69434 -114.57259
11279.38672 -115.00932
11282.08105 -115.58869
11284.77539 -114.74412
11287.46484 -115.24530
11290.15430 -114.91740
11292.85059 -114.73634
11295.54199 -114.65822
11298.22754 -115.44893
11300.92578 -114.67798
11303.61816 -115.11027
11306.31250 -114.71706
11309.00000 -114.82252
11311.69434 -114.45632
11314.38379 -115.31062
11317.07422 -114.91785
11319.76465 -115.19798
11322.46094 -114.81728
11325.15234 -115.04361
11327.84570 -114.51247
11330.53223 -114.98398
11333.22656 -114.96362
11335.91992 -114.94063
11338.61523 -114.60543
11341.30469 -114.81730
11343.99414 -114.38313
11346.69141 -114.35131
11349.38281 -114.77175
11352.07520 -114.66625
11354.76660 -114.56262
11357.45508 -114.81294
11360.15430 -114.68546
11362.84277 -114.13059
11365.53125 -114.83266
11368.22168 -114.69073
11370.91797 -114.71838
11373.60840 -114.85168
11376.29980 -114.91262
11378.99219 -113.85681
11381.67871 -114.55453
11384.37109 -114.44688
11387.06543 -114.61258
11389.75977 -114.71824
11392.45508 -114.98429
11395.13867 -113.78562
11397.83594 -114.44505
11400.52637 -114.52276
11403.21777 -114.85524
11405.91602 -114.99668
11408.60254 -115.26725
11411.29004 -114.15603
11413.98438 -114.55610
11416.68457 -114.65488
11419.37402 -114.93553
11422.06445 -115.03128
11424.75488 -115.06798
11427.44531 -114.36021
11430.14258 -114.46637
11432.83594 -114.58206
11435.52148 -114.82804
11438.21484 -115.00484
11440.90332 -114.88275
11443.59766 -114.88129
11446.29395 -114.79079
11448.98340 -114.86081
11451.67383 -114.97287
11454.36426 -115.09843
11457.05664 -114.79692
11459.75488 -115.29591
11462.44141 -115.01331
11465.13574 -114.87533
11467.83008 -114.75589
11470.51758 -114.71719
11473.21289 -114.42676
11475.89746 -115.26857
11478.59375 -115.07878
11481.28418 -114.89893
11483.98340 -114.69168
11486.66895 -114.54118
11489.36133 -114.47181
11492.05566 -115.35407
11494.74219 -115.34045
11497.43750 -115.14539
11500.12695 -114.81300
11502.82324 -114.41850
11505.51367 -114.50600
11508.20410 -115.05821
11510.89648 -115.10033
11513.58887 -115.02101
11516.28125 -114.69451
11518.97461 -114.20934
11521.66211 -114.54602
11524.35742 -114.75855
11527.04688 -114.86588
11529.74219 -115.12565
11532.44043 -114.95074
11535.12500 -114.52374
11537.82227 -114.98055
11540.50781 -114.76656
11543.20117 -114.72242
11545.89453 -115.16261
11548.58301 -115.05190
11551.27734 -114.75833
11553.96582 -115.08570
11556.66211 -114.56009
11559.35938 -114.32356
11562.04297 -114.90810
11564.74121 -114.97481
11567.42773 -115.15344
11570.12109 -115.28170
11572.81348 -114.64359
11575.50781 -114.36378
11578.20312 -114.95697
11580.89062 -115.11417
11583.58203 -115.74597
11586.27832 -115.45052
11588.96875 -114.71262
11591.66016 -114.42996
11594.35156 -114.74874
11597.04492 -114.85091
11599.73145 -115.75612
11602.42578 -115.12957
11605.11523 -114.53764
11607.80859 -114.55624
11610.50586 -114.59555
11613.19531 -114.72144
11615.88672 -115.71529
11618.58398 -115.03438
11621.27539 -114.63969
11623.95508 -115.07935
11626.64941 -114.72968
11629.34375 -114.75623
11632.03711 -115.38697
11634.72559 -114.77821
11637.42188 -114.52141
11640.11133 -115.27432
11642.80273 -114.62592
11645.49902 -114.58812
11648.19238 -114.70760
11650.87793 -114.46539
11653.57031 -114.55346
11656.26465 -115.51071
11658.95898 -114.85786
11661.64648 -114.83943
11664.34375 -114.44752
11667.03223 -114.57015
11669.72852 -114.90728
11672.41406 -115.63937
11675.11230 -115.09679
11677.79785 -114.99477
11680.49023 -114.14531
11683.18457 -114.49918
11685.87109 -115.06297
11688.56641 -115.24120
11691.26172 -115.13049
11693.95117 -115.05666
11696.64844 -114.09636
11699.33203 -114.69767
11702.03027 -115.54049
11704.72266 -115.06264
11707.41406 -115.43633
11710.10840 -115.34838
11712.80273 -114.48553
11715.49023 -115.04605
11718.17871 -115.81207
11720.87500 -114.75627
11723.56445 -115.36266
11726.25488 -115.19221
11728.95312 -114.73861
11731.63867 -115.07480
11734.33691 -115.60008
11737.02344 -114.45315
11739.71680 -115.21527
11742.40430 -115.10374
11745.10645 -115.34670
11747.78906 -115.33775
11750.48438 -115.44333
11753.17480 -114.58836
11755.86719 -115.20304
11758.56445 -115.06992
11761.25586 -115.79669
11763.94922 -115.28822
11766.63574 -114.88052
11769.32422 -114.55603
11772.01758 -114.82521
11774.70703 -114.75323
11777.41016 -115.77473
11780.09863 -115.04689
11782.78906 -114.38670
11785.48047 -114.79959
11788.17285 -114.73882
11790.86523 -114.81806
11793.55859 -115.79311
11796.25195 -115.07667
11798.93945 -114.27990
11801.62891 -115.14591
11804.32422 -114.68216
11807.01270 -114.79169
11809.70898 -115.30894
11812.40137 -114.82683
11815.09277 -114.09097
11817.78418 -115.15088
11820.47070 -114.53046
11823.16406 -114.74879
11825.85840 -114.81062
11828.55273 -114.84260
11831.24805 -114.39412
11833.93652 -115.37023
11836.62695 -114.80332
11839.32422 -115.02552
11842.01562 -114.62103
11844.69922 -115.03505
11847.39844 -114.82568
11850.08594 -115.28533
11852.77930 -114.89412
11855.47363 -114.98940
11858.16211 -114.28615
11860.85742 -114.99439
11863.55371 -115.17854
11866.24219 -115.04044
11868.93457 -115.10616
11871.62500 -115.11707
11874.31738 -114.41551
11877.00977 -115.26623
11879.70215 -115.81691
11882.39062 -115.08283
11885.07812 -115.50645
11887.77930 -115.29588
11890.46094 -114.67434
11893.15820 -115.26929
11895.85449 -115.96143
11898.54590 -114.85123
11901.23828 -115.49471
11903.92383 -115.15621
11906.62207 -114.89233
11909.30859 -115.07890
11912.00293 -115.90266
11914.69727 -114.87480
11917.38672 -115.64182
11920.08203 -115.31549
11922.77246 -115.47382
11925.45508 -115.09544
11928.15918 -115.83015
11930.84473 -115.04744
11933.53711 -115.58940
11936.23047 -115.26466
11938.91699 -115.65454
11941.61719 -114.77120
11944.31250 -115.30473
11947.00098 -114.97057
11949.68945 -115.21138
11952.38086 -115.11171
11955.07715 -115.72218
11957.76855 -114.70571
11960.45996 -115.02415
11963.15332 -115.21143
11965.84570 -115.12514
11968.53320 -115.22530
11971.22656 -115.76556
11973.92188 -114.82812
11976.61035 -114.80053
11979.30078 -115.20908
11981.99707 -114.80444
11984.68750 -115.00841
11987.38477 -115.31526
11990.06348 -114.81830
11992.76270 -114.50510
11995.45703 -115.07108
11998.14941 -114.62117
12000.83789 -114.98641
12003.52539 -115.13050
12006.22070 -115.25229
12008.91699 -114.65355
12011.60742 -115.17480
12014.29785 -114.73480
12016.99023 -115.05682
12019.68164 -114.95576
12022.37402 -115.49982
12025.06738 -114.70417
12027.75977 -114.95488
12030.44824 -114.66896
12033.14355 -114.89432
12035.83887 -114.71590
12038.52734 -115.61185
12041.21875 -114.95770
12043.90820 -114.97826
12046.60059 -114.96863
12049.29883 -115.08463
12051.98438 -114.91693
12054.67188 -115.81126
12057.37207 -115.44502
12060.06641 -115.13940
12062.75391 -115.25374
12065.44336 -115.10824
12068.13965 -114.93584
12070.83008 -115.44981
12073.52051 -115.60487
12076.21875 -115.10870
12078.90430 -115.36876
12081.59570 -115.10152
12084.28906 -115.07730
12086.98242 -115.14623
12089.67676 -115.93834
12092.36523 -115.44302
12095.05371 -115.72183
12097.75000 -115.35896
12100.44043 -115.36598
12103.13086 -114.90346
12105.82227 -115.97192
12108.51465 -115.54513
12111.20703 -115.64931
12113.90039 -115.27412
12116.59277 -115.27026
12119.28125 -114.49178
12121.97656 -115.63492
12124.67188 -115.49806
12127.36133 -115.50717
12130.05762 -115.36620
12132.74805 -115.38109
12135.43945 -114.56421
12138.13086 -115.52419
12140.82422 -115.59835
12143.51660 -115.44608
12146.20312 -115.46673
12148.89746 -115.35318
12151.59180 -114.63759
12154.28125 -115.14151
12156.97656 -115.25675
12159.66699 -115.02118
12162.35742 -115.24250
12165.04883 -115.13578
12167.74023 -114.86256
12170.43164 -114.92088
12173.12500 -115.07899
12175.81934 -114.91027
12178.50586 -115.30069
12181.20117 -115.24166
12183.88867 -115.44415
12186.58398 -114.99367
12189.28125 -114.99653
12191.97168 -114.81567
12194.65625 -115.13605
12197.35449 -115.09006
12200.04688 -115.67931
12202.74512 -114.86940
12205.42578 -114.75784
12208.12012 -114.68040
12210.81445 -114.93957
12213.50195 -115.05652
12216.19922 -115.99446
12218.88770 -115.09930
12221.57812 -114.96389
12224.27539 -114.97598
12226.96680 -115.05782
12229.65820 -115.19766
12232.34473 -116.06729
12235.04395 -115.27795
12237.73242 -115.06489
12240.42578 -115.08562
12243.11426 -114.94265
12245.80957 -115.05723
12248.50586 -115.62306
12251.19531 -115.28893
12253.88574 -115.20735
12256.57715 -115.35805
12259.26855 -115.13645
12261.96191 -115.22204
12264.65430 -115.38939
12267.34766 -115.61968
12270.03516 -115.57733
12272.72949 -115.74808
12275.42480 -115.42720
12278.11426 -115.30584
12280.80469 -114.97704
12283.50098 -115.63475
12286.19141 -115.51628
12288.88281 -115.69851
12291.56836 -115.47822
12294.26758 -115.26729
12296.96191 -114.65819
12299.64844 -115.73905
12302.34277 -115.55562
12305.03125 -115.79284
12307.71973 -115.78629
12310.41602 -115.53419
12313.11328 -114.75303
12315.80273 -115.96523
12318.49512 -115.51974
12321.18066 -115.64189
12323.87207 -115.73011
12326.57227 -115.48288
12329.26562 -114.72353
12331.95312 -115.75504
12334.64062 -115.18658
12337.33594 -115.23910
12340.02539 -115.49154
12342.72266 -115.48800
12345.41211 -115.04974
12348.10352 -115.71214
12350.79492 -115.21991
12353.48047 -115.17075
12356.18652 -115.42442
12358.86621 -115.57967
12361.56055 -115.44454
12364.25391 -115.47018
12366.94922 -115.11608
12369.64453 -114.89375
12372.32812 -115.04209
12375.02441 -115.30278
12377.72266 -115.56750
12380.41211 -115.02676
12383.09766 -115.08243
12385.79004 -114.82756
12388.48242 -114.95599
12391.17676 -115.30013
12393.86328 -115.89482
12396.55859 -114.95769
12399.25391 -115.36742
12401.94238 -115.03041
12404.63867 -115.02238
12407.32910 -115.20969
12410.02051 -115.81136
12412.71094 -114.76698
12415.40430 -115.34709
12418.09570 -115.02641
12420.78223 -114.98412
12423.48242 -115.03120
12426.17090 -115.59012
12428.86523 -114.86285
12431.55371 -115.53392
12434.24902 -115.35742
12436.93945 -115.34473
12439.63672 -115.22496
12442.32031 -115.56623
12445.01953 -115.27306
12447.71094 -115.66734
12450.39648 -115.55331
12453.09668 -115.48060
12455.78516 -115.18539
12458.47168 -115.23866
12461.16699 -115.48733
12463.85645 -115.48410
12466.54492 -115.54736
12469.24219 -115.55522
12471.93945 -115.30289
12474.62402 -115.20685
12477.32227 -115.96961
12480.01465 -115.58917
12482.70703 -115.75011
12485.39453 -115.74796
12488.08691 -115.54630
12490.78223 -115.25239
12493.47070 -116.13599
12496.16602 -115.45567
12498.85645 -115.56795
12501.54492 -115.51430
12504.23730 -115.44791
12506.92773 -115.12465
12509.61914 -115.91706
12512.31250 -115.33981
12515.01172 -115.46103
12517.70508 -115.47650
12520.39160 -115.58974
12523.08008 -115.32938
12525.77539 -115.83855
12528.47168 -115.49994
12531.16113 -115.48076
12533.85156 -115.45791
12536.54199 -115.53424
12539.23926 -115.29253
12541.92480 -115.42049
12544.61719 -115.36821
12547.30957 -115.22778
12550.00391 -115.26143
12552.69043 -115.32311
12555.38574 -115.24892
12558.08105 -115.20934
12560.77051 -115.47665
12563.45898 -115.30395
12566.15723 -115.44682
12568.84766 -115.39993
12571.53809 -115.42442
12574.22363 -115.26331
12576.92285 -115.56200
12579.61523 -115.28500
12582.30957 -115.41787
12584.99609 -115.20590
12587.69141 -115.30319
12590.37988 -115.15324
12593.07617 -115.38539
12595.76562 -115.18417
12598.45605 -115.38887
12601.14648 -115.19201
12603.84570 -115.46983
12606.52930 -115.39560
12609.22852 -115.49176
12611.91504 -115.38275
12614.60840 -115.55443
12617.30371 -115.32679
12619.99023 -115.65637
12622.68555 -115.48322
12625.38184 -115.34203
12628.07129 -115.29231
12630.76172 -115.35635
12633.44531 -115.22575
12636.14355 -115.64384
12638.83594 -115.38278
12641.53418 -115.22473
12644.22070 -115.35480
12646.91406 -115.39154
12649.60840 -115.44791
12652.29590 -115.92127
12654.99121 -115.51336
12657.68652 -115.36005
12660.37012 -115.52928
12663.06641 -115.43304
12665.75781 -115.53200
12668.44824 -115.85862
12671.14062 -115.32094
12673.83301 -115.23487
12676.52539 -115.42238
12679.21875 -115.29609
12681.90625 -115.51022
12684.60059 -115.70756
12687.29590 -115.32013
12689.98535 -115.41309
12692.68066 -115.62526
12695.36328 -115.52299
12698.06152 -115.73774
12700.75977 -115.68346
12703.44531 -115.51719
12706.13672 -115.59396
12708.82910 -115.66207
12711.52246 -115.52761
12714.21680 -115.61914
12716.90430 -115.30953
12719.59961 -115.48042
12722.28711 -115.57214
12724.97656 -115.56757
12727.67383 -115.55830
12730.36328 -115.61193
12733.05566 -115.19585
12735.74707 -115.77089
12738.43848 -115.83975
12741.13184 -115.72790
12743.82422 -115.76659
12746.52539 -115.68177
12749.20508 -115.14082
12751.90039 -115.83284
12754.59570 -115.77421
12757.28516 -115.52985
12759.98145 -115.60954
12762.67188 -115.45455
12765.35547 -115.00298
12768.05469 -115.66246
12770.74609 -115.67529
12773.43848 -115.46027
12776.13184 -115.65679
12778.81836 -115.52804
12781.51270 -115.27215
12784.20703 -115.68687
12786.89551 -115.73865
12789.59082 -115.49297
12792.28027 -115.64897
12794.97070 -115.46259
12797.66797 -115.38387
12800.35938 -115.36985
12803.05078 -115.45520
12805.74316 -115.25460
12808.42871 -115.42409
12811.12207 -115.31648
12813.81641 -115.59704
12816.50391 -115.22917
12819.20508 -115.45425
12821.88672 -115.36530
12824.58398 -115.51773
12827.28027 -115.45869
12829.97070 -115.97536
12832.66113 -115.28792
12835.35254 -115.46252
12838.04492 -115.37842
12840.73047 -115.38902
12843.42969 -115.31674
12846.11719 -115.95779
12848.81836 -115.16957
12851.50586 -115.32389
12854.19434 -115.35954
12856.89062 -115.33169
12859.58008 -115.36301
12862.26953 -116.08699
12864.96094 -115.42003
12867.65820 -115.54729
12870.35059 -115.65130
12873.04199 -115.50737
12875.73438 -115.52709
12878.42188 -116.03881
12881.11523 -115.55143
12883.80957 -115.53232
12886.49805 -115.64394
12889.19434 -115.41862
12891.88281 -115.46590
12894.57227 -115.69978
12897.26953 -115.58166
12899.96094 -115.56726
12902.65234 -115.77448
12905.34375 -115.62221
12908.03613 -115.74237
12910.73047 -115.63614
12913.41602 -115.83281
12916.11133 -115.77092
12918.80469 -115.91286
12921.49316 -115.76967
12924.18164 -115.85332
12926.87891 -115.34059
12929.56836 -115.70893
12932.26562 -115.63200
12934.95703 -115.69651
12937.64160 -115.70493
12940.34082 -115.84267
12943.03320 -115.15364
12945.71875 -115.69506
12948.41309 -115.73745
12951.10742 -115.72818
12953.80273 -115.89354
12956.49805 -116.01215
12959.18750 -115.23808
12961.87598 -115.70260
12964.56641 -115.77374
12967.25684 -115.55790
12969.94922 -115.73174
12972.64062 -115.75278
12975.33984 -115.12598
12978.02539 -115.40697
12980.71875 -115.62340
12983.41211 -115.33887
12986.09961 -115.58065
12988.79492 -115.55863
12991.48340 -115.36600
12994.17969 -115.39786
12996.86914 -115.76991
12999.56641 -115.43699
13002.25684 -115.61060
13004.94922 -115.42602
13007.64062 -115.61045
13010.32617 -115.23089
13013.02637 -115.64015
13015.71875 -115.31447
13018.40625 -115.36753
13021.10156 -115.07744
13023.78906 -115.72099
13026.48438 -115.07416
13029.17383 -115.55099
13031.87012 -115.45722
13034.56055 -115.46660
13037.25195 -115.13845
13039.94238 -116.11262
13042.63574 -115.27345
13045.32031 -115.61694
13048.01953 -115.70053
13050.70703 -115.57180
13053.40039 -115.17764
13056.09570 -116.14159
13058.78418 -115.29507
13061.47949 -115.38461
13064.16895 -115.70828
13066.86621 -115.55513
13069.55566 -115.32340
13072.24707 -116.11950
13074.94629 -115.62007
13077.63086 -115.44170
13080.32324 -115.99370
13083.00879 -115.84512
13085.70898 -115.82588
13088.39746 -116.14983
13091.08398 -116.03226
13093.77930 -115.47282
13096.47559 -115.98795
13099.16504 -115.79662
13101.86133 -116.03893
13104.55176 -115.77825
13107.23535 -116.08026
13109.93359 -115.41816
13112.63281 -115.84674
13115.31836 -115.74983
13118.01172 -116.35187
13120.70508 -115.63013
13123.39258 -116.25670
13126.08789 -115.71646
13128.77539 -115.89705
13131.46387 -115.81373
13134.16016 -116.50064
13136.85059 -115.44975
13139.54688 -115.98164
13142.23145 -115.76617
13144.93066 -115.60413
13147.62207 -115.55462
13150.31445 -116.13744
13153.00781 -115.17503
13155.69336 -115.50600
13158.38770 -115.90396
13161.08301 -115.53921
13163.77832 -115.61465
13166.46582 -115.93761
13169.16211 -115.28025
13171.84570 -115.30779
13174.54297 -116.12256
13177.23438 -115.57780
13179.92578 -115.66302
13182.61719 -115.53783
13185.30859 -115.23797
13187.99609 -114.94230
13190.68848 -115.93355
13193.38281 -115.44120
13196.07617 -115.62208
13198.76465 -115.17204
13201.46094 -115.38458
13204.15820 -114.96920
13206.83984 -115.92919
13209.53711 -115.68351
13212.23535 -115.91229
13214.92578 -115.20296
13217.61133 -115.74243
13220.31055 -115.24210
13222.99609 -115.77466
13225.68945 -115.74453
13228.38281 -115.88557
13231.07031 -115.11722
13233.76562 -115.84727
13236.46094 -115.44421
13239.15039 -115.46119
13241.83984 -115.77075
13244.53613 -115.87771
13247.22754 -115.38722
13249.91797 -116.20930
13252.60938 -115.98738
13255.30176 -115.49747
13257.99414 -115.99332
13260.68848 -115.92447
13263.37402 -115.77971
13266.06934 -116.36066
13268.75586 -116.20235
13271.45898 -115.34931
13274.14062 -115.83498
13276.83008 -115.60936
13279.53516 -115.95714
13282.22559 -116.22154
13284.90820 -116.16021
13287.60742 -115.40286
13290.29199 -115.84157
13292.98438 -115.57279
13295.68457 -116.35965
13298.37109 -116.23665
13301.06543 -116.13644
13303.75195 -115.68686
13306.45508 -115.84689
13309.14258 -115.49322
13311.83203 -116.35425
13314.52246 -115.86402
13317.21875 -115.69095
13319.91113 -115.73804
13322.60156 -115.63110
13325.28516 -115.37621
13327.98633 -116.13520
13330.67188 -115.55404
13333.37109 -115.47326
13336.05859 -116.07542
13338.75195 -115.75615
13341.44727 -115.63550
13344.13574 -116.04161
13346.82520 -115.43386
13349.52148 -115.38442
13352.21191 -116.23011
13354.91016 -115.72182
13357.59277 -115.68638
13360.29199 -115.60706
13362.97656 -115.13147
13365.67578 -115.21673
13368.36133 -116.12636
13371.05566 -115.71412
13373.75000 -115.88695
13376.43750 -115.44310
13379.13281 -115.22717
13381.82129 -115.47129
13384.51758 -116.18576
13387.20703 -115.93994
13389.89746 -116.16964
13392.58789 -115.41495
13395.28711 -115.35423
13397.97852 -115.56623
13400.66992 -115.86548
13403.36328 -115.84082
13406.04980 -116.07788
13408.74219 -115.29787
13411.43750 -115.48071
13414.13184 -115.69737
13416.82129 -115.62044
13419.50977 -115.92957
13422.20605 -116.17616
13424.89648 -115.59610
13427.58691 -115.95935
13430.28418 -115.99964
13432.97656 -115.54424
13435.66016 -115.97566
13438.35352 -116.05676
13441.04590 -115.73872
13443.73926 -116.13588
13446.43359 -115.93165
13449.12109 -115.28020
13451.81641 -115.78425
13454.50391 -115.76614
13457.20117 -115.90370
13459.89062 -116.35990
13462.57910 -116.04644
13465.27832 -115.39436
13467.96094 -115.89684
13470.66016 -115.76620
13473.34473 -116.22247
13476.04492 -116.54986
13478.73047 -116.10015
13481.42480 -115.49329
13484.11914 -115.79977
13486.80664 -115.52339
13489.50195 -116.12441
13492.19727 -116.26780
13494.88672 -115.89934
13497.57617 -115.57397
13500.26562 -115.75856
13502.95703 -115.48853
13505.64648 -116.17114
13508.34766 -116.15976
13511.03125 -115.98909
13513.72461 -115.94632
13516.42480 -115.95075
13519.11914 -115.64186
13521.80566 -116.15362
13524.50098 -115.88847
13527.18848 -115.83122
13529.87695 -116.00687
13532.56641 -115.84943
13535.27148 -115.60455
13537.95996 -115.90694
13540.65234 -115.51752
13543.34180 -115.68585
13546.02637 -116.14193
13548.72656 -115.97903
13551.41992 -115.90580
13554.10547 -115.99671
13556.80664 -115.50063
13559.49316 -115.78226
13562.18164 -116.27885
13564.87695 -116.05749
13567.56445 -116.05997
13570.26172 -115.89257
13572.95898 -115.31258
13575.64941 -115.59846
13578.33984 -116.05782
13581.03125 -115.89148
13583.72266 -116.06793
13586.41504 -115.82779
13589.10742 -115.35732
13591.79297 -115.68642
13594.49414 -116.08533
13597.18262 -116.00341
13599.87695 -116.26515
13602.56445 -115.97289
13605.25391 -115.59888
13607.95020 -115.77573
13610.63965 -115.96187
13613.33789 -115.86387
13616.02051 -116.06921
13618.71973 -115.79230
13621.41113 -115.65350
13624.10352 -115.67886
13626.78809 -115.75958
13629.48242 -115.76329
13632.17676 -115.96207
13634.87109 -115.82755
13637.56641 -116.02987
13640.25391 -115.88114
13642.94141 -115.85679
13645.63867 -115.89751
13648.33594 -115.94700
13651.01758 -115.83582
13653.71680 -116.23459
13656.40723 -115.85280
13659.09961 -115.69604
13661.79199 -115.76542
13664.48438 -115.69950
13667.16992 -115.66805
13669.86426 -116.28501
13672.55859 -115.89587
13675.24512 -115.71707
13677.94141 -115.91567
13680.63672 -115.80139
13683.31934 -115.85127
13686.01562 -116.49967
13688.70605 -116.17330
13691.40430 -115.84293
13694.08691 -116.04462
13696.78711 -115.80691
13699.47168 -115.84908
13702.16406 -116.28434
13704.85742 -116.18621
13707.55078 -115.73592
13710.24512 -115.97883
13712.93945 -115.76985
13715.62695 -115.93559
13718.32422 -116.12611
13721.01172 -116.43768
13723.70996 -115.94183
13726.39160 -116.18266
13729.08984 -115.98367
13731.78125 -116.22396
13734.47266 -116.01163
13737.17188 -116.53418
13739.85742 -116.00372
13742.54297 -116.09585
13745.23535 -115.88297
13747.93750 -116.16846
13750.62500 -115.64121
13753.31152 -116.26815
13756.01562 -115.99479
13758.70508 -116.00197
13761.39453 -115.92044
13764.08301 -116.28838
13766.77344 -115.60726
13769.47168 -116.14690
13772.16309 -116.22940
13774.84766 -116.06235
13777.54004 -116.01445
13780.24023 -116.26621
13782.92578 -115.50716
13785.62012 -115.69802
13788.31445 -116.12787
13791.00195 -115.82911
13793.69043 -115.88020
13796.39453 -115.97173
13799.08203 -115.43965
13801.77246 -115.35645
13804.47070 -116.13249
13807.16016 -115.86292
13809.85156 -116.07217
13812.53516 -115.94606
13815.23535 -115.71365
13817.91992 -115.33903
13820.61426 -116.16202
13823.30664 -115.89395
13826.00098 -116.11518
13828.68945 -115.69663
13831.38477 -115.77159
13834.07227 -115.26770
13836.76855 -115.89378
13839.46484 -115.80540
13842.14746 -116.10460
13844.83789 -115.57185
13847.53711 -116.05598
13850.22852 -115.69286
13852.91992 -115.90088
13855.61133 -116.04802
13858.30566 -116.30209
13860.99805 -115.71613
13863.69238 -116.38816
13866.37891 -116.20612
13869.07422 -115.77052
13871.76270 -116.05302
13874.45801 -116.12585
13877.14746 -115.68092
13879.84473 -116.39946
13882.52734 -116.62917
13885.22461 -115.62261
13887.90918 -116.11797
13890.60742 -116.06847
13893.29980 -115.99853
13895.98535 -116.61788
13898.68555 -117.19633
13901.37891 -115.77726
13904.06641 -116.29802
13906.75977 -116.02757
13909.45508 -116.27679
13912.14355 -116.50808
13914.83984 -117.09912
13917.52930 -115.71955
13920.21973 -116.13128
13922.90918 -115.75780
13925.60059 -116.38334
13928.29102 -116.21473
13930.98242 -116.72028
13933.68262 -115.90285
13936.37598 -116.17303
13939.06152 -115.83576
13941.75586 -116.68612
13944.44922 -116.11459
13947.14453 -116.34779
13949.83301 -116.16455
13952.52051 -116.10620
13955.20996 -115.80779
13957.90625 -116.55396
13960.59668 -115.71427
13963.29492 -115.68992
13965.98535 -116.20403
13968.67676 -115.89251
13971.36133 -115.81920
13974.06152 -116.34700
13976.74707 -115.54845
13979.43945 -115.45030
13982.13379 -116.50044
13984.82812 -115.98566
13987.51562 -116.10700
13990.21094 -116.20724
13992.90820 -115.54391
13995.59570 -115.34877
13998.28516 -116.51048
14000.97559 -115.85830
14003.67285 -116.10859
14006.36523 -115.76659
14009.05664 -115.44168
14011.74805 -115.31677
14014.43262 -116.37551
14017.12500 -115.86652
14019.81934 -116.27191
14022.51367 -115.65638
14025.20020 -115.75960
14027.90234 -115.72532
14030.59082 -116.38463
14033.28027 -116.05335
14035.97656 -116.40599
14038.66602 -115.59090
14041.35547 -115.99146
14044.04688 -115.96955
14046.73730 -116.03956
14049.42871 -115.97826
14052.12891 -116.23450
14054.82031 -115.52340
14057.51367 -116.24310
14060.20703 -116.36170
14062.89453 -115.89307
14065.58789 -116.16642
14068.28320 -116.30143
14070.97168 -115.86408
14073.66016 -116.67410
14076.34863 -116.81983
14079.03809 -115.84504
14081.73633 -116.24248
14084.42578 -116.14612
14087.11816 -116.01048
14089.81641 -116.65076
14092.50098 -116.85458
14095.20117 -115.66626
14097.88672 -116.14409
14100.58789 -115.95426
14103.26660 -116.27187
14105.96191 -116.64657
14108.65625 -116.98850
14111.35254 -115.88018
14114.04785 -116.29585
14116.72949 -116.00919
14119.42578 -116.57919
14122.11719 -116.51347
14124.80664 -116.83534
14127.50586 -115.97760
14130.18945 -116.15449
14132.88965 -115.82293
14135.58203 -116.45786
14138.26660 -116.06633
14140.96094 -116.39645
14143.65430 -116.10040
14146.34180 -116.09587
14149.03711 -115.89432
14151.73242 -116.47618
14154.41992 -115.93686
14157.11719 -116.19438
14159.81445 -116.42302
14162.49609 -116.17223
14165.19434 -116.03659
14167.87695 -116.29810
14170.57715 -115.69775
14173.26074 -115.77315
14175.95312 -116.36304
14178.65332 -115.98569
14181.33984 -116.02682
14184.03320 -115.98193
14186.72852 -115.57176
14189.42285 -115.56728
14192.10352 -116.41554
14194.79883 -116.07973
14197.49512 -116.32655
14200.19336 -115.99235
14202.87500 -115.77424
14205.57227 -115.63557
14208.26270 -116.40290
14210.94727 -116.08606
14213.65332 -116.38261
14216.33008 -115.82252
14219.03223 -115.79282
14221.72461 -115.61830
14224.41016 -116.12474
14227.09766 -115.98966
14229.79980 -116.36851
14232.48828 -115.85410
14235.17578 -116.08921
14237.87207 -116.01351
14240.56836 -116.15397
14243.25781 -116.16748
14245.94824 -116.47064
14248.64648 -116.05508
14251.33008 -116.37487
14254.02246 -116.32603
14256.72070 -116.02576
14259.41406 -116.07957
14262.09961 -116.20405
14264.79395 -116.02029
14267.47949 -116.40649
14270.18164 -116.51050
14272.87012 -115.94694
14275.56543 -116.11129
14278.25293 -116.12144
14280.94238 -116.24628
14283.63184 -116.65250
14286.32031 -116.80866
14289.01172 -116.12225
14291.70996 -116.24957
14294.40234 -116.07601
14297.09375 -116.29725
14299.78613 -116.56341
14302.47949 -116.64989
14305.17188 -116.03396
14307.86621 -116.12038
14310.56055 -115.89808
14313.24805 -116.21338
14315.94336 -116.40662
14318.63184 -116.52325
14321.32812 -116.16497
14324.01758 -116.26780
14326.70703 -116.09631
14329.39648 -116.36303
14332.09473 -116.41985
14334.78613 -116.49152
14337.47852 -116.26982
14340.16992 -116.27717
14342.85547 -116.13583
14345.54785 -116.22140
14348.24121 -116.12288
14350.93555 -116.24483
14353.63086 -116.16423
14356.31738 -116.18217
14359.01367 -116.20978
14361.70117 -116.22467
14364.39844 -116.07691
14367.08789 -116.35332
14369.78516 -116.34249
14372.46680 -116.33321
14375.15820 -116.43616
14377.85742 -116.33741
14380.54883 -116.06105
14383.23340 -116.35494
14385.92676 -116.29201
14388.61914 -116.18656
14391.31348 -116.29218
14394.00000 -116.19115
14396.70312 -115.89924
14399.39062 -116.20943
14402.07910 -116.27534
14404.77441 -116.16576
14407.47168 -116.30642
14410.15234 -116.31586
14412.85059 -116.07476
14415.54883 -116.24616
14418.24023 -116.45425
14420.93164 -116.22979
14423.61523 -116.26923
14426.31641 -116.27224
14429.00195 -116.05659
14431.69434 -115.93497
14434.39648 -116.32725
14437.07520 -116.05042
14439.77734 -116.07153
14442.46582 -116.11439
14445.14551 -116.09499
14447.84180 -115.77640
14450.53906 -116.41296
14453.22852 -116.17195
14455.91895 -116.21686
14458.61719 -116.20101
14461.30859 -116.32017
14464.00000 -115.80250
14466.69141 -116.43344
14469.38477 -116.17520
14472.07812 -116.20439
14474.76367 -116.01743
14477.45703 -116.25092
14480.15137 -115.76226
14482.83984 -116.23392
14485.54199 -116.12231
14488.22266 -116.26420
14490.91895 -116.01855
14493.60840 -116.40766
14496.30664 -116.17976
14498.98828 -116.30721
14501.69434 -116.33186
14504.37695 -116.48964
14507.06934 -116.14616
14509.76074 -116.50443
14512.45312 -116.56838
14515.14648 -116.14275
14517.84082 -116.23992
14520.52734 -116.36398
14523.23047 -116.07659
14525.91699 -116.39588
14528.60449 -116.88238
14531.29297 -116.04841
14533.98926 -116.27916
14536.67871 -116.38611
14539.37500 -116.32720
14542.06543 -116.54816
14544.75586 -117.23717
14547.44727 -116.17299
14550.13867 -116.36654
14552.83105 -116.30710
14555.52344 -116.41080
14558.21680 -116.41998
14560.91016 -116.96518
14563.59570 -116.06348
14566.29102 -116.17523
14568.98633 -116.04549
14571.67383 -116.38032
14574.36133 -116.30770
14577.05859 -116.57044
14579.75586 -116.24986
14582.44531 -116.26470
14585.13574 -116.10752
14587.82617 -116.52702
14590.51758 -116.33982
14593.20801 -116.17761
14595.90820 -116.40820
14598.60156 -116.20932
14601.28711 -116.01408
14603.97949 -116.30923
14606.66602 -116.09141
14609.36035 -115.62963
14612.05566 -116.39368
14614.75098 -116.12041
14617.43945 -116.07480
14620.13574 -116.21497
14622.82422 -116.11323
14625.51367 -115.53708
14628.20410 -116.62377
14630.90234 -116.31171
14633.59375 -116.35410
14636.29297 -116.18900
14638.96875 -116.12507
14641.66992 -115.52237
14644.36328 -116.52522
14647.05566 -116.24439
14649.74219 -116.37547
14652.43652 -115.97565
14655.13184 -116.05711
14657.81836 -115.69125
14660.50684 -116.41171
14663.21094 -116.35477
14665.89258 -116.61706
14668.58887 -116.12035
14671.27930 -116.32201
14673.96973 -116.22035
14676.66895 -116.41443
14679.36035 -116.50363
14682.05176 -116.69981
14684.74414 -116.17013
14687.43652 -116.36280
14690.12207 -116.51388
14692.81641 -116.12925
14695.50977 -116.38234
14698.20410 -116.53087
14700.89258 -116.24903
14703.58789 -116.47829
14706.27539 -116.92312
14708.96484 -116.13120
14711.66211 -116.50937
14714.35156 -116.57071
14717.04199 -116.56156
14719.74121 -116.67960
14722.43164 -117.14760
14725.11621 -116.13188
14727.80762 -116.42356
14730.50781 -116.32338
14733.20215 -116.54074
14735.88770 -116.51007
14738.57324 -116.90437
14741.27539 -116.06904
14743.96289 -116.27625
14746.65820 -116.16290
14749.35449 -116.63091
14752.03516 -116.53319
14754.73145 -116.77425
14757.42969 -116.33472
14760.11133 -116.35307
14762.81055 -116.20071
14765.50000 -116.65443
14768.19238 -116.43236
14770.88379 -116.39231
14773.57617 -116.36447
14776.26953 -116.16115
14778.96289 -116.02757
14781.64844 -116.39137
14784.35059 -116.20169
14787.03711 -115.98876
14789.72559 -116.46581
14792.42090 -116.17572
14795.10840 -116.16778
14797.80664 -116.39434
14800.50293 -116.29736
14803.18457 -115.89185
14805.87500 -116.64792
14808.57324 -116.24704
14811.26465 -116.27042
14813.95605 -116.23370
14816.64844 -116.19581
14819.34082 -115.63875
14822.03320 -116.48845
14824.72754 -116.13441
14827.41309 -116.26251
14830.10840 -116.10567
14832.80273 -116.24675
14835.49023 -115.69592
14838.18750 -116.55409
14840.87500 -116.33620
14843.57227 -116.51163
14846.26074 -116.24468
14848.95117 -116.44960
14851.64160 -115.89247
14854.33203 -116.50847
14857.03223 -116.36304
14859.71582 -116.47068
14862.40820 -116.14186
14865.09961 -116.37292
14867.79395 -115.98969
14870.49609 -116.34543
14873.17383 -116.39256
14875.86816 -116.48393
14878.56348 -116.26424
14881.25977 -116.52562
14883.94727 -116.40924
14886.63574 -116.47895
14889.33398 -116.62637
14892.03027 -116.58618
14894.71191 -116.39304
14897.41113 -116.52625
14900.10156 -116.59952
14902.79297 -116.35833
14905.48438 -116.53150
14908.17773 -116.40243
14910.87012 -116.30914
14913.55566 -116.37334
14916.25781 -116.71317
14918.94434 -116.34757
14921.63086 -116.60768
14924.33398 -116.47978
14927.01270 -116.49754
14929.70898 -116.47926
14932.39844 -116.89995
14935.08691 -116.43925
14937.78418 -116.63600
14940.47461 -116.46353
14943.16504 -116.46951
14945.86426 -116.33509
14948.55566 -116.70174
14951.24023 -116.25143
14953.94043 -116.40734
14956.63281 -116.34342
14959.32715 -116.43233
14962.02051 -116.32671
14964.70703 -116.62861
14967.39355 -116.33379
14970.08887 -116.45790
14972.78418 -116.48384
14975.48047 -116.59270
14978.16992 -116.45137
14980.86719 -116.54856
14983.54883 -116.31892
14986.23828 -116.30386
14988.93652 -116.35007
14991.62012 -116.44749
14994.32031 -116.33019
14997.00293 -116.27068
14999.70312 -116.23640
15002.38867 -116.18752
15005.08203 -116.31587
15007.77539 -116.49035
15010.47852 -116.47511
15013.16504 -116.26788
15015.85156 -116.44495
15018.54883 -116.31462
15021.23633 -116.37892
15023.92480 -116.50994
15026.62207 -116.48485
15029.31152 -116.07934
15032.00195 -116.40694
15034.69922 -116.20815
15037.39160 -116.20930
15040.08301 -116.32047
15042.77441 -116.39310
15045.46777 -115.91100
15048.16016 -116.49048
15050.85352 -116.36040
15053.54688 -116.34309
15056.23242 -116.41899
15058.92773 -116.54863
15061.61523 -115.95670
15064.31055 -116.63664
15066.99805 -116.51578
15069.69629 -116.40283
15072.38379 -116.32794
15075.07324 -116.43365
15077.77246 -115.82925
15080.46289 -116.47662
15083.15332 -116.48499
15085.84473 -116.41893
15088.53613 -116.30147
15091.22949 -116.45870
15093.92188 -116.03471
15096.62305 -116.54782
15099.30859 -116.71708
15101.99414 -116.70712
15104.68848 -116.49553
15107.38379 -116.56848
15110.08008 -116.32195
15112.76855 -116.46282
15115.45703 -116.67954
15118.14453 -116.67782
15120.84180 -116.43868
15123.53320 -116.42447
15126.22266 -116.56296
15128.91406 -116.29823
15131.60547 -116.62557
15134.29688 -116.71425
15136.99707 -116.62125
15139.68164 -116.54498
15142.37402 -117.06861
15145.06836 -116.41099
15147.76270 -116.70551
15150.44824 -116.74888
15153.14355 -116.73861
15155.83887 -116.50970
15158.52637 -117.18362
15161.21484 -116.28959
15163.91113 -116.47038
15166.60938 -116.44882
15169.29785 -116.63580
15171.98047 -116.40205
15174.67871 -117.07655
15177.37793 -116.35891
15180.06250 -116.45588
15182.75391 -116.40788
15185.45410 -116.75148
15188.13867 -116.54028
15190.83203 -116.89436
15193.52637 -116.52107
15196.22070 -116.41466
15198.90723 -116.26028
15201.59375 -116.57362
15204.29785 -116.41496
15206.98633 -116.29995
15209.67383 -116.44979
15212.36328 -116.24014
15215.06934 -116.11040
15217.75195 -116.41940
15220.44922 -116.46089
15223.14062 -115.96513
15225.82227 -116.64890
15228.52344 -116.38951
15231.21582 -116.28767
15233.90039 -116.43605
15236.60156 -116.58047
15239.28711 -115.76555
15241.98145 -116.65968
15244.67578 -116.35815
15247.36230 -116.26983
15250.05762 -116.22511
15252.74512 -116.46280
15255.44141 -115.60604
15258.12988 -116.58027
15260.82812 -116.42580
15263.51660 -116.44861
15266.20703 -116.31216
15268.89746 -116.61407
15271.58789 -115.91187
15274.27930 -116.70532
15276.97168 -116.67093
15279.66406 -116.68699
15282.35742 -116.41312
15285.04980 -116.58204
15287.74414 -116.13742
15290.42969 -116.52362
15293.12500 -116.63225
15295.82031 -116.64988
15298.51562 -116.42003
15301.21191 -116.46893
15303.89160 -116.48294
15306.58105 -116.49823
15309.27832 -116.80215
15311.96777 -116.83215
15314.66699 -116.71661
15317.35742 -116.57018
15320.04883 -116.91223
15322.73926 -116.53194
15325.43164 -116.83899
15328.12402 -116.78653
15330.80957 -116.73010
15333.51074 -116.38240
15336.19629 -116.93060
15338.89062 -116.35197
15341.58594 -116.66351
15344.27246 -116.64555
15346.96777 -116.74850
15349.65625 -116.37222
15352.34473 -117.04349
15355.04980 -116.47594
15357.73047 -116.72040
15360.42969 -116.71203
15363.11914 -116.82945
15365.81055 -116.43472
15368.50098 -116.98916
15371.20117 -116.45091
15373.89258 -116.51013
15376.57715 -116.49091
15379.26953 -116.55681
15381.96387 -116.31705
15384.64941 -116.74079
15387.34375 -116.40225
15390.03906 -116.38725
15392.73438 -116.44349
15395.42188 -116.51507
15398.11719 -116.52657
15400.80664 -116.75652
15403.49512 -116.57263
15406.19238 -116.44176
15408.88281 -116.44524
15411.57324 -116.42405
15414.27246 -116.59271
15416.96387 -116.53607
15419.64746 -116.45237
15422.33887 -116.27706
15425.03125 -116.25254
15427.72461 -116.26386
15430.41895 -116.65421
15433.11133 -116.36639
15435.80664 -116.50272
15438.49414 -116.41391
15441.18066 -116.37323
15443.87598 -116.44783
15446.56348 -116.90733
15449.25977 -116.32610
15451.95801 -116.57158
15454.64746 -116.50876
15457.34473 -116.35578
15460.03516 -116.45182
15462.72559 -116.81629
15465.40918 -116.04825
15468.10938 -116.43956
15470.80078 -116.51085
15473.49414 -116.38232
15476.18652 -116.59364
15478.87207 -116.82785
15481.56641 -116.07063
15484.25977 -116.60367
15486.94727 -116.78267
15489.64258 -116.65587
15492.32910 -116.85032
15495.02539 -116.77415
15497.72266 -116.11306
15500.40234 -116.59544
15503.10059 -116.78765
15505.79004 -116.66659
15508.48828 -116.78954
15511.17969 -116.46500
15513.87109 -116.17873
15516.55273 -116.58714
15519.25391 -116.85589
15521.94531 -116.86456
15524.63086 -116.91721
15527.33301 -116.43555
15530.02734 -116.60213
15532.71289 -116.76951
15535.40820 -116.98769
15538.09473 -117.00809
15540.79004 -116.87148
15543.47754 -116.26992
15546.17383 -116.81863
15548.87109 -116.63661
15551.56055 -116.78284
15554.24902 -116.85266
15556.93945 -116.67240
15559.63867 -116.18695
15562.33008 -117.11627
15565.02051 -116.66778
15567.70410 -116.78732
15570.39648 -116.90523
15573.08984 -116.73312
15575.78223 -116.38969
15578.47656 -117.37405
15581.17090 -116.67270
15583.85742 -116.64891
15586.56055 -116.69366
15589.24805 -116.55109
15591.93457 -116.39243
15594.63086 -117.16915
15597.32031 -116.47925
15600.01758 -116.40135
15602.70605 -116.46021
15605.39648 -116.51201
15608.08691 -116.64351
15610.77734 -117.08208
15613.47754 -116.59223
15616.16992 -116.43862
15618.86133 -116.45431
15621.54492 -116.59606
15624.23828 -116.85914
15626.93262 -116.81338
15629.62695 -116.53972
15632.32031 -116.27773
15635.00586 -116.22386
15637.69336 -116.44653
15640.38965 -116.82226
15643.08594 -116.43809
15645.77344 -116.54719
15648.47070 -116.31479
15651.16016 -116.27002
15653.84961 -116.55656
15656.54785 -116.98725
15659.23926 -116.38496
15661.92969 -116.75507
15664.62109 -116.50766
15667.32227 -116.37992
15670.00586 -116.54824
15672.69727 -116.85510
15675.38281 -116.15342
15678.08594 -116.67380
15680.77148 -116.51932
15683.46582 -116.38065
15686.15234 -116.46631
15688.85645 -116.70075
15691.54395 -116.12593
15694.23242 -116.77064
15696.92871 -116.82312
15699.61816 -116.70438
15702.30664 -116.64983
15705.00488 -116.73324
15707.69531 -116.27074
15710.38574 -116.78434
15713.07715 -116.96201
15715.76953 -116.82438
15718.46094 -116.59942
15721.15332 -116.50459
15723.84668 -116.25937
15726.53125 -116.58037
15729.22461 -116.96687
15731.91895 -116.94859
15734.61426 -116.72429
15737.30957 -116.52541
15739.99609 -116.59620
15742.69336 -116.64402
15745.38965 -117.13007
15748.06836 -117.17638
15750.76660 -116.92831
15753.45605 -116.54687
15756.14648 -116.84624
15758.84570 -116.51003
15761.53516 -116.91785
15764.22754 -117.01013
15766.91895 -116.86585
15769.60156 -116.41776
15772.29492 -117.04893
15774.99609 -116.45947
15777.69043 -116.77798
15780.38477 -116.96228
15783.06152 -117.03334
15785.75586 -116.57230
15788.45117 -117.42124
15791.14746 -116.62755
15793.82617 -116.69593
15796.52344 -116.80884
15799.21973 -116.95557
15801.91797 -116.51957
15804.59863 -117.35367
15807.29688 -116.56505
15809.98828 -116.38255
15812.67773 -116.46690
15815.37012 -116.73227
15818.06152 -116.53640
15820.76270 -117.23876
15823.44629 -116.74630
15826.13867 -116.39580
15828.82422 -116.43680
15831.52734 -116.70853
15834.22070 -116.73081
15836.90820 -117.05995
15839.59473 -116.86212
15842.29883 -116.33839
15844.97852 -116.26722
15847.67480 -116.41010
15850.36328 -116.67369
15853.06152 -116.59313
15855.75977 -116.78449
15858.43945 -116.31149
15861.14062 -116.26107
15863.83008 -116.31592
15866.52246 -116.85414
15869.20410 -116.45933
15871.90527 -116.93095
15874.59863 -116.59176
15877.29102 -116.49583
15879.97559 -116.35718
15882.66992 -116.94914
15885.36523 -116.31496
15888.05859 -116.79581
15890.74609 -116.65985
15893.44238 -116.54017
15896.12891 -116.28982
15898.81738 -116.85536
15901.51465 -116.27113
15904.20410 -116.69616
15906.90234 -116.91090
15909.59180 -116.85785
15912.28320 -116.59279
15914.97266 -116.97659
15917.66406 -116.57078
15920.35645 -116.73495
15923.04785 -117.15237
15925.74121 -117.05672
15928.43359 -116.79490
15931.12695 -116.81102
15933.82031 -116.65909
15936.50586 -116.52318
15939.20996 -117.07733
15941.89648 -117.03428
15944.58398 -116.99068
15947.28027 -116.69577
15949.97656 -116.89997
15952.66504 -116.57503
15955.34570 -117.16406
15958.04297 -117.19048
15960.74219 -117.33722
15963.43262 -116.71963
15966.12305 -117.07630
15968.81348 -116.59293
15971.49609 -116.97413
15974.19727 -116.99947
15976.88965 -117.26559
15979.58203 -116.50690
15982.27637 -116.94066
15984.96094 -116.53040
15987.65527 -116.68610
15990.35059 -116.84190
15993.04590 -117.21954
15995.73242 -116.57600
15998.42773 -117.02910
16001.11523 -116.76615
16003.81348 -116.62944
16006.49316 -116.82154
16009.19043 -117.07590
16011.87988 -116.59354
16014.57031 -116.93671
16017.26953 -116.77640
16019.96094 -116.35406
16022.66113 -116.54613
16025.35254 -116.65074
16028.03613 -116.52863
16030.72070 -116.85974
16033.43164 -116.88805
16036.11523 -116.34166
16038.80957 -116.56104
16041.50391 -116.52174
16044.19922 -116.74452
16046.87695 -117.03946
16049.57227 -117.08991
16052.26074 -116.43951
16054.95703 -116.52640
16057.64551 -116.29250
16060.34277 -116.71884
16063.03320 -116.92050
16065.73145 -116.97102
16068.42188 -116.42123
16071.11230 -116.41154
16073.80371 -116.16028
16076.49512 -116.80247
16079.18750 -116.93937
16081.87988 -117.05468
16084.57227 -116.72254
16087.26562 -116.59247
16089.95996 -116.33668
16092.64551 -116.98699
16095.34082 -116.89513
16098.02637 -116.98031
16100.72266 -116.83759
16103.40918 -116.56099
16106.10547 -116.34701
16108.80371 -116.88869
16111.49219 -116.58222
16114.18066 -116.75539
16116.87012 -116.93166
16119.56934 -116.67447
16122.25977 -116.61657
16124.95020 -117.01096
16127.64160 -116.56509
16130.33301 -116.79147
16133.02637 -117.16142
16135.70898 -116.92054
16138.41211 -116.89342
16141.10449 -116.98227
16143.79004 -116.43088
16146.48438 -116.59312
16149.17969 -117.03596
16151.86621 -116.92912
16154.56152 -116.95798
16157.25000 -116.80572
16159.94629 -116.42752
16162.64258 -116.54198
16165.32324 -117.05044
16168.02148 -117.17301
16170.71094 -117.23568
16173.40918 -116.85822
16176.09961 -116.74599
16178.79102 -116.63596
16181.48242 -117.01196
16184.16504 -117.23415
16186.86621 -117.21705
16189.55078 -116.65559
16192.25195 -116.88665
16194.93750 -116.52736
16197.63184 -116.75133
16200.31738 -117.10687
16203.02148 -117.12517
16205.70801 -116.58966
16208.40332 -117.26349
16211.09180 -116.71564
16213.77930 -116.76196
16216.47559 -117.13184
16219.16504 -117.15865
16221.86328 -116.65574
16224.55176 -117.53643
16227.24219 -116.80386
16229.93262 -116.58767
16232.62500 -116.82629
16235.32422 -116.85865
16238.01660 -116.52721
16240.69922 -117.43295
16243.40234 -116.82581
16246.08594 -116.46256
16248.78906 -116.62785
16251.47363 -116.75024
16254.15918 -116.70172
16256.85449 -117.43097
16259.54980 -117.08678
16262.23730 -116.56577
16264.92383 -116.54823
16267.62109 -116.62751
16270.31055 -116.77142
16273.00781 -117.07188
16275.69727 -117.04510
16278.39453 -116.46482
16281.08496 -116.31703
16283.77539 -116.36478
16286.46680 -116.79343
16289.16797 -116.68317
16291.85059 -117.09005
16294.54199 -116.63808
16297.23535 -116.44843
16299.92773 -116.42813
16302.62207 -117.04431
16305.31641 -116.53544
16308.00977 -117.13837
16310.69727 -116.81400
16313.39258 -116.53745
16316.07910 -116.36514
16318.76758 -117.01058
16321.47266 -116.22172
16324.16016 -116.88365
16326.84961 -116.85063
16329.53906 -116.66775
16332.23730 -116.44271
16334.92676 -117.10470
16337.61719 -116.27213
16340.30859 -116.85804
16342.99902 -117.14088
16345.69238 -117.05926
16348.38379 -116.75538
16351.07617 -117.20756
16353.76074 -116.42516
16356.46387 -116.69638
16359.14844 -117.14328
16361.84375 -117.14809
16364.53711 -116.87785
16367.22461 -117.02338
16369.91992 -116.56737
16372.60742 -116.52336
16375.30371 -117.12103
16377.99219 -117.31723
16380.68945 -117.23328
16383.37891 -117.05418
16386.07617 -117.06026
16388.76758 -116.64599
16391.45703 -117.17526
16394.14844 -117.39895
16396.83008 -117.46880
16399.53125 -116.88436
16402.22266 -117.29276
16404.91602 -116.58929
16407.60938 -116.89090
16410.30078 -117.10780
16412.99609 -117.41001
16415.68164 -116.64838
16418.37695 -117.48495
16421.07227 -116.77071
16423.75781 -116.81065
16426.45312 -117.01761
16429.14258 -117.45493
16431.83789 -116.65815
16434.52734 -117.60572
16437.22461 -117.02175
16439.91406 -116.68336
16442.59570 -116.75428
16445.29492 -117.11590
16447.98438 -116.46311
16450.67578 -117.22092
16453.36719 -117.04788
16456.06836 -116.45762
16458.75195 -116.49321
16461.44336 -116.75661
16464.13672 -116.51682
16466.83203 -116.95985
16469.51562 -117.29160
16472.21094 -116.55341
16474.91406 -116.54424
16477.59180 -116.55999
16480.28906 -116.68701
16482.98438 -116.64630
16485.67188 -117.25867
16488.36914 -116.49078
16491.05859 -116.43793
16493.74609 -116.19034
16496.44531 -116.72522
16499.12500 -116.30270
16501.82617 -117.11167
16504.52539 -116.58829
16507.20898 -116.59804
16509.90039 -116.17205
16512.59961 -117.06512
16515.28516 -116.39771
16517.97656 -117.12128
16520.66992 -116.86791
16523.36328 -116.84447
16526.05078 -116.22453
16528.74414 -117.19169
16531.43945 -116.43303
16534.12500 -116.83237
16536.82227 -116.92043
16539.51953 -116.90223
16542.20508 -116.31472
16544.89453 -117.22936
16547.59375 -116.69724
16550.28125 -116.74318
16552.97070 -117.21297
16555.66211 -117.18806
16558.36133 -116.76134
16561.05273 -117.36940
16563.74219 -117.12437
16566.42578 -116.71863
16569.12695 -117.33011
16571.82031 -117.20087
16574.51367 -117.01501
16577.20703 -117.13216
16579.89062 -117.20331
16582.58594 -116.54637
16585.27148 -117.22392
16587.96680 -117.11615
16590.66211 -117.35708
16593.34961 -117.02602
16596.03711 -117.37296
16598.74219 -116.69836
16601.42188 -117.26924
16604.11914 -117.16490
16606.80859 -117.67728
16609.50781 -116.92769
16612.19922 -117.25497
16614.88867 -116.70830
16617.58008 -116.97734
16620.28125 -116.92538
16622.96484 -117.54114
16625.65625 -116.65636
16628.34766 -116.92305
16631.04102 -116.75977
16633.73438 -116.76493
16636.42969 -116.89230
16639.11523 -117.47676
16641.80859 -116.70329
16644.49609 -116.86407
16647.20117 -117.01347
16649.88672 -116.70078
16652.57422 -116.89656
16655.27148 -117.19047
16657.96094 -116.61708
16660.65820 -116.64780
16663.33789 -116.99081
16666.02734 -116.47021
16668.73633 -116.76125
16671.42773 -116.76802
16674.11914 -116.59647
16676.80859 -116.65398
16679.49219 -117.14523
16682.19336 -116.57842
16684.87695 -116.91473
16687.57031 -116.65016
16690.26367 -116.80007
16692.95703 -116.84464
16695.65234 -117.23229
16698.33789 -116.65978
16701.03320 -116.86355
16703.72070 -116.38750
16706.41602 -116.77935
16709.10352 -116.81161
16711.80078 -117.08177
16714.49805 -116.72214
16717.17773 -116.83073
16719.87695 -116.36175
16722.57617 -116.99797
16725.25586 -116.99426
16727.95508 -117.15295
16730.63672 -117.03107
16733.33789 -116.94914
16736.03125 -116.52251
16738.71289 -117.18728
16741.41406 -116.97303
16744.10742 -116.98880
16746.80078 -117.04827
16749.48633 -116.79160
16752.17969 -116.54747
16754.86523 -117.19186
16757.56055 -116.81408
16760.25586 -116.84884
16762.95312 -117.15430
16765.64062 -116.86838
16768.33789 -116.87269
16771.02539 -117.41593
16773.71484 -116.88309
16776.41211 -116.90202
16779.10156 -117.26784
16781.79297 -116.92525
16784.48242 -117.05679
16787.17188 -117.33196
16789.87305 -116.73385
16792.55664 -116.72821
16795.24805 -117.09100
16797.94141 -116.85446
16800.63281 -117.15084
16803.32617 -117.20552
16806.01953 -116.80125
16808.71484 -116.81110
16811.40039 -117.15208
16814.09570 -117.07426
16816.79102 -117.41379
16819.47656 -117.17355
16822.17383 -116.98039
16824.86133 -116.87916
16827.55078 -117.05534
16830.24805 -117.06123
16832.94531 -117.33702
16835.62695 -116.84022
16838.32422 -116.94485
16841.01562 -116.82460
16843.70703 -116.90405
16846.40625 -117.08373
16849.08789 -117.34076
16851.77930 -116.73879
16854.47266 -117.13153
16857.16602 -117.03773
16859.85938 -116.98026
16862.55273 -117.22099
16865.23633 -117.33179
16867.93164 -116.63319
16870.63672 -117.08611
16873.31250 -117.01749
16876.01758 -116.80159
16878.70508 -117.04057
16881.40234 -117.04765
16884.08789 -116.45965
16886.78516 -116.92036
16889.47461 -117.06128
16892.15430 -116.79626
16894.85352 -117.06020
16897.55273 -116.98981
16900.24219 -116.62099
16902.93359 -116.95260
16905.62500 -117.21948
16908.31641 -116.85243
16911.00000 -116.99957
16913.70117 -116.76875
16916.39453 -116.63823
16919.08789 -116.73081
16921.77344 -117.08371
16924.46680 -116.72528
16927.16016 -116.79668
16929.84766 -116.52679
16932.54297 -116.80820
16935.23828 -116.72902
16937.92578 -117.15393
16940.61328 -116.89931
16943.31836 -116.87356
16946.00781 -116.55728
16948.69531 -117.14514
16951.38477 -116.82479
16954.08398 -117.10384
16956.77539 -116.92994
16959.46484 -116.74790
16962.15625 -116.42345
16964.84766 -117.23354
16967.53906 -116.74729
16970.23242 -116.89425
16972.92383 -116.96178
16975.61719 -116.74120
16978.31055 -116.56405
16980.99414 -117.52029
16983.69922 -116.96218
16986.38477 -116.93822
16989.07031 -117.19826
16991.76562 -116.89723
16994.46094 -116.82278
16997.14844 -117.60760
16999.83594 -116.97394
17002.53516 -116.75948
17005.22266 -117.13823
17007.91992 -116.84624
17010.60938 -116.96670
17013.29883 -117.42215
17015.99805 -116.95422
17018.67969 -116.71832
17021.37109 -117.22924
17024.07227 -117.06182
17026.76367 -117.39879
17029.45508 -117.36509
17032.14844 -117.10869
17034.84180 -116.84711
17037.52539 -117.29205
17040.23047 -117.18251
17042.91406 -117.56720
17045.60938 -116.98502
17048.29492 -116.97199
17050.99023 -116.78345
17053.67578 -117.10406
17056.37305 -117.17772
17059.06055 -117.59945
17061.75977 -116.69517
17064.44727 -117.02174
17067.14453 -117.00051
17069.83398 -117.16224
17072.53320 -117.36629
17075.21289 -117.66476
17077.91406 -116.59219
17080.60547 -117.05188
17083.29688 -117.10490
17085.98828 -117.01004
17088.67969 -117.23032
17091.36328 -117.30888
17094.05664 -116.38077
17096.75000 -116.88895
17099.44531 -117.08160
17102.13867 -116.85448
17104.83203 -117.14724
17107.52734 -117.08517
17110.21484 -116.55327
17112.90234 -116.99086
17115.58789 -117.25074
17118.28516 -116.91045
17120.98242 -117.11469
17123.67969 -116.88184
17126.36914 -116.74125
17129.05859 -116.89627
17131.74805 -117.11513
17134.43750 -116.74419
17137.13672 -116.84014
17139.82031 -116.57115
17142.51172 -116.94400
17145.21289 -116.84673
17147.90430 -117.07862
17150.58789 -116.83642
17153.27930 -116.84515
17155.97461 -116.62074
17158.66797 -117.37205
17161.35156 -117.00672
17164.04688 -117.12616
17166.74219 -116.95876
17169.43750 -116.77606
17172.13281 -116.58958
17174.83008 -117.44656
17177.50781 -116.91846
17180.20508 -116.96409
17182.90234 -116.95847
17185.58203 -116.69865
17188.27930 -116.67786
17190.97852 -117.51059
17193.66016 -117.05343
17196.35938 -117.07327
17199.05078 -117.23954
17201.74219 -116.90520
17204.43164 -116.98085
17207.11523 -117.49586
17209.81641 -117.11143
17212.50195 -117.05797
17215.19336 -117.27287
17217.88867 -116.89019
17220.58203 -117.03790
17223.27734 -117.16061
17225.97266 -116.95169
17228.66797 -116.96655
17231.35156 -117.29549
17234.04883 -117.04844
17236.73633 -117.29057
17239.43359 -117.08170
17242.11133 -117.01445
17244.82031 -117.07705
17247.49805 -117.39967
17250.19727 -117.25784
17252.88672 -117.42783
17255.58789 -116.91765
17258.26758 -116.84187
17260.96875 -116.91038
17263.66016 -117.16367
17266.34180 -117.20899
17269.04297 -117.34406
17271.73633 -116.76899
17274.42969 -116.77420
17277.11328 -116.89586
17279.80664 -117.12486
17282.50195 -117.38868
17285.19727 -117.46975
17287.88281 -116.90679
17290.57812 -116.92068
17293.26367 -116.95318
17295.96094 -117.03604
17298.65625 -117.34425
17301.33594 -117.31789
17304.03320 -116.81947
17306.73047 -116.89188
17309.41992 -116.84851
17312.11914 -116.83900
17314.80078 -117.18319
17317.48828 -117.20112
17320.17969 -116.89316
17322.88086 -117.14049
17325.57227 -117.05447
17328.26367 -116.94808
17330.94727 -117.19723
17333.65039 -117.21004
17336.34375 -116.99479
17339.03516 -117.29210
17341.72070 -117.12327
17344.42578 -116.87139
17347.10938 -116.91689
17349.79688 -116.94692
17352.49219 -116.88177
17355.17773 -117.21643
17357.87500 -117.16980
17360.57031 -116.90820
17363.25977 -116.81153
17365.94727 -116.89986
17368.63672 -117.04646
17371.33594 -117.28029
17374.03516 -117.38123
17376.72266 -117.08032
17379.41406 -116.78963
17382.10547 -116.79232
17384.79688 -117.07265
17387.48828 -117.01350
17390.17969 -117.25172
17392.86328 -117.00740
17395.56445 -116.65276
17398.24805 -116.59821
17400.95312 -117.11804
17403.63672 -116.83678
17406.33008 -117.22639
17409.02539 -117.18259
17411.71094 -116.86176
17414.40625 -116.71220
17417.09375 -117.37732
17419.78906 -116.86047
17422.48828 -117.16695
17425.17578 -117.26544
17427.87305 -116.98018
17430.56250 -116.68779
17433.25000 -117.34320
17435.93945 -116.76617
17438.64062 -116.88993
17441.33008 -117.24116
17444.02148 -117.14537
17446.71289 -116.87376
17449.40430 -117.41439
17452.09570 -117.05357
17454.77930 -116.90124
17457.47266 -117.45436
17460.16406 -117.48200
17462.86914 -117.26214
17465.55273 -117.39536
17468.24609 -117.29281
17470.93359 -116.78332
17473.62891 -117.37273
17476.32422 -117.47370
17479.00977 -117.46007
17481.69727 -117.08969
17484.39453 -117.41424
17487.09180 -116.73952
17489.77930 -117.33220
17492.47852 -117.54008
17495.17773 -117.89126
17497.85547 -117.00388
17500.54492 -117.63120
17503.23633 -116.94547
17505.93555 -117.32703
17508.62891 -117.46672
17511.32031 -118.03423
17514.01172 -116.75647
17516.70312 -117.38889
17519.39648 -116.94569
17522.08008 -117.01743
17524.77344 -117.13454
17527.46875 -117.81675
17530.16211 -116.59743
17532.84766 -117.12122
17535.54297 -117.17705
17538.23828 -116.94630
17540.92578 -117.04852
17543.62109 -117.62186
17546.31836 -116.71945
17548.99609 -116.91635
17551.69531 -117.36677
17554.39258 -116.79762
17557.08203 -116.80861
17559.76953 -117.04883
17562.46875 -116.71822
17565.16016 -116.56365
17567.84961 -117.33555
17570.54297 -116.64746
17573.23242 -116.68484
17575.92578 -116.60889
17578.61719 -117.03601
17581.31055 -116.61159
17584.00195 -117.48763
17586.68750 -116.82298
17589.37891 -116.81019
17592.07422 -116.38957
17594.76953 -117.36610
17597.46484 -116.70007
17600.15039 -117.34026
17602.85547 -116.85220
17605.53320 -116.77235
17608.23047 -116.15275
17610.91602 -117.52240
17613.61523 -116.88909
17616.30273 -117.17626
17619.00195 -117.09814
17621.68164 -117.01865
17624.39062 -116.38517
17627.07031 -117.82677
17629.76953 -117.36416
17632.45117 -117.15396
17635.14258 -117.42557
17637.83398 -117.22958
17640.53516 -116.68360
17643.22852 -117.70247
17645.92188 -117.53388
17648.61523 -116.90717
17651.29883 -117.49374
17653.99219 -117.28029
17656.68750 -117.10417
17659.37305 -117.44010
17662.06836 -117.72945
17664.76367 -116.93054
17667.45898 -117.72753
17670.14648 -117.53790
17672.83398 -117.76543
17675.53125 -117.23157
17678.21875 -117.76799
17680.91602 -116.96366
17683.60547 -117.65436
17686.29492 -117.47439
17688.98438 -118.00736
17691.68359 -116.76322
17694.37500 -117.41401
17697.06641 -116.92013
17699.74805 -117.41114
17702.44922 -117.39080
17705.14062 -118.12671
17707.82422 -116.60744
17710.52734 -117.25176
17713.22070 -117.15149
17715.90430 -117.31750
17718.59766 -117.38889
17721.28516 -117.97074
17723.98828 -116.54993
17726.67383 -116.95480
17729.37109 -117.14534
17732.05664 -116.94652
17734.75391 -117.08896
17737.43945 -117.38068
17740.13867 -116.53816
17742.82617 -116.71461
17745.51562 -117.19562
17748.21289 -116.79787
17750.90234 -117.03117
17753.59180 -117.04053
17756.29297 -116.91747
17758.98242 -116.79543
17761.67383 -117.32782
17764.35547 -116.76572
17767.04688 -116.94347
17769.75000 -116.65093
17772.44336 -117.14560
17775.12500 -116.75629
17777.82812 -117.18861
17780.51172 -116.65515
17783.20703 -116.80228
17785.89258 -116.40355
17788.58789 -117.45150
17791.28320 -117.00710
17793.96875 -117.28423
17796.66406 -116.91062
17799.36133 -116.97568
17802.04883 -116.54600
17804.73828 -117.73196
17807.43555 -117.31471
17810.12305 -117.28676
17812.81250 -117.05796
17815.51172 -116.98330
17818.21094 -116.60692
17820.90039 -117.56139
17823.59180 -117.42827
17826.27344 -117.18847
17828.96484 -117.23943
17831.65625 -117.13131
17834.34961 -116.97204
17837.05078 -117.47286
17839.73438 -117.73021
17842.43750 -117.32178
17845.12109 -117.56320
17847.81641 -117.37649
17850.50977 -117.36158
17853.20508 -117.22701
17855.89062 -117.68116
17858.58789 -117.18095
17861.27344 -117.51278
17863.96094 -117.34882
17866.65820 -117.50932
17869.34570 -116.91910
17872.04297 -117.51538
17874.74219 -117.11523
17877.42969 -117.54684
17880.11914 -117.50202
17882.81055 -117.77986
17885.50000 -116.95910
17888.20117 -117.45107
17890.89062 -117.12453
17893.58203 -117.47101
17896.26562 -117.45739
17898.96680 -117.66576
17901.65820 -116.89425
17904.35156 -117.11084
17907.03516 -116.90764
17909.72852 -117.17337
17912.42383 -117.27640
17915.11914 -117.44597
17917.80469 -117.05510
17920.50000 -117.03771
17923.18555 -116.97776
17925.88086 -117.15999
17928.56836 -117.30064
17931.26562 -117.36469
17933.96289 -117.33032
17936.65039 -117.01978
17939.33789 -116.98808
17942.03711 -117.00342
17944.72656 -117.08289
17947.41602 -117.05497
17950.11523 -117.34250
17952.79688 -116.93524
17955.49609 -117.00317
17958.18750 -116.95682
17960.88086 -117.03706
17963.57227 -117.03400
17966.26562 -117.50735
17968.94727 -117.16322
17971.64062 -117.28801
17974.33398 -117.12231
17977.02930 -117.09373
17979.73242 -117.07274
17982.40625 -117.40990
17985.10156 -117.18078
17987.78906 -117.33224
17990.49414 -117.05568
17993.18164 -116.97935
17995.87695 -117.03162
17998.55664 -117.17754
18001.25391 -117.23012
18003.96094 -117.49644
18006.63867 -117.19875
18009.33789 -117.15261
18012.02930 -117.26806
18014.70898 -117.15525
18017.40820 -117.37921
18020.10938 -117.63836
18022.78906 -117.24823
18025.49023 -117.18163
18028.18164 -117.25876
18030.86523 -116.92959
18033.55859 -117.24351
18036.25195 -117.47836
18038.94336 -117.12959
18041.63867 -117.17529
18044.33203 -117.23817
18047.02734 -116.94373
18049.72266 -117.34990
18052.40625 -117.50830
18055.09375 -117.25103
18057.79883 -117.36282
18060.47656 -117.28642
18063.17383 -117.07833
18065.86133 -117.40745
18068.55859 -117.33996
18071.24805 -117.16172
18073.94531 -117.26305
18076.63477 -117.04434
18079.32422 -117.06754
18082.02344 -117.36485
18084.71484 -117.13025
18087.40430 -117.18632
18090.09570 -117.31792
18092.78906 -117.04632
18095.47070 -117.33738
18098.17188 -117.56541
18100.86523 -117.14172
18103.55859 -117.35642
18106.24219 -117.38271
18108.93555 -117.03217
18111.62891 -117.40318
18114.32422 -117.46512
18117.00977 -116.94082
18119.70508 -117.29063
18122.39062 -117.23905
18125.08789 -116.97872
18127.77539 -117.38780
18130.47070 -117.38266
18133.16016 -116.95830
18135.85742 -117.43795
18138.54492 -117.35729
18141.24414 -117.24213
18143.93359 -117.51023
18146.62305 -117.34668
18149.31250 -117.03338
18152.00391 -117.43611
18154.69336 -117.29434
18157.39453 -117.29590
18160.08594 -117.30949
18162.77734 -117.05544
18165.47070 -116.97709
18168.16406 -117.26657
18170.84766 -117.22205
18173.53906 -117.43839
18176.23438 -117.26991
18178.91797 -117.05446
18181.62305 -117.21662
18184.30859 -117.29206
18187.00391 -117.32790
18189.69922 -117.61404
18192.38672 -117.24470
18195.08203 -117.05299
18197.77148 -117.28461
18200.45703 -117.06789
18203.15625 -117.16198
18205.84375 -117.44498
18208.54297 -117.05772
18211.22266 -117.06535
18213.92188 -117.36998
18216.61133 -116.98078
18219.30078 -117.17582
18221.99414 -117.44949
18224.69336 -117.16989
18227.38477 -117.38142
18230.06641 -117.59492
18232.76953 -117.03406
18235.46289 -117.17401
18238.14648 -117.30032
18240.84961 -117.12650
18243.53320 -117.44096
18246.22852 -117.49742
18248.92188 -116.92983
18251.60742 -117.02656
18254.31250 -117.06387
18256.99805 -117.13106
18259.68555 -117.55212
18262.37109 -117.54340
18265.06836 -117.13082
18267.75586 -117.16328
18270.45312 -117.09757
18273.15234 -117.31205
18275.84180 -117.60686
18278.53125 -117.50079
18281.21875 -117.23158
18283.91992 -117.14701
18286.60938 -116.93987
18289.30078 -117.23235
18291.99023 -117.33663
18294.69141 -117.26228
18297.37500 -117.28603
18300.06641 -117.22812
18302.75977 -116.96951
18305.45312 -117.34473
18308.14648 -117.30773
18310.83008 -117.27757
18313.52344 -117.53893
18316.21875 -117.48476
18318.91406 -117.10429
18321.59961 -117.38982
18324.29492 -117.19073
18326.98047 -117.10280
18329.67773 -117.48330
18332.36523 -117.48792
18335.06055 -117.06554
18337.75977 -117.27108
18340.44727 -117.12543
18343.13672 -117.01222
18345.82422 -117.52070
18348.52344 -117.65846
18351.21289 -117.30701
18353.90430 -117.40379
18356.60352 -117.37193
18359.29492 -117.10466
18361.98633 -117.54358
18364.67773 -117.66786
18367.37109 -117.39802
18370.06250 -117.31602
18372.74609 -117.40862
18375.43750 -116.99613
18378.13281 -117.30167
18380.82617 -117.42640
18383.51953 -117.45316
18386.20703 -117.30820
18388.90039 -117.56239
18391.59766 -117.14964
18394.28125 -117.29105
18396.97852 -117.36083
18399.66602 -117.68093
18402.36133 -117.43468
18405.06055 -117.62832
18407.74805 -117.26527
18410.44727 -117.12128
18413.13477 -117.04752
18415.82422 -117.57769
18418.51367 -117.29539
18421.20312 -117.34391
18423.90430 -117.29593
18426.59375 -116.95172
18429.28516 -116.85662
18431.97656 -117.56799
18434.66797 -117.36629
18437.36133 -117.22961
18440.04297 -117.57953
18442.74609 -117.02094
18445.42969 -116.87988
18448.13281 -117.49469
18450.81641 -117.32335
18453.52148 -116.95160
18456.20703 -117.59785
18458.89062 -116.90522
18461.58789 -116.79052
18464.27344 -117.16592
18466.98047 -117.15012
18469.65625 -116.75514
18472.35352 -117.65899
18475.05078 -117.03277
18477.73828 -117.05598
18480.43750 -117.08053
18483.11719 -117.23093
18485.81641 -116.88802
18488.50586 -117.74001
18491.19531 -117.20845
18493.89453 -117.29825
18496.58594 -116.85835
18499.27734 -117.10513
18501.95898 -116.92969
18504.66016 -117.48038
18507.34180 -117.24861
18510.03516 -117.47890
18512.73828 -116.72027
18515.42188 -117.14308
18518.11719 -117.29955
18520.81055 -117.39958
18523.50391 -117.54798
18526.18945 -117.83896
18528.88477 -116.86223
18531.58008 -117.31954
18534.26562 -117.69254
18536.96289 -117.19550
18539.65039 -117.60226
18542.33789 -117.81229
18545.03516 -116.87174
18547.73242 -117.28410
18550.42188 -117.87082
18553.10938 -116.94147
18555.80859 -117.61916
18558.49805 -117.75718
18561.18945 -117.18523
18563.87891 -117.49010
18566.57031 -118.14204
18569.25977 -116.98954
18571.95117 -117.71725
18574.64453 -117.66434
18577.33594 -117.50647
18580.02930 -117.50958
18582.72266 -117.96037
18585.41406 -116.89190
18588.11914 -117.47677
18590.80273 -117.27713
18593.49805 -117.65332
18596.19336 -117.38905
18598.87891 -117.61217
18601.57422 -117.01762
18604.25977 -117.38391
18606.95508 -117.14583
18609.64258 -117.96272
18612.33008 -117.44759
18615.02734 -117.33476
18617.72656 -117.26122
18620.41406 -117.23401
18623.10156 -116.95084
18625.80273 -117.86832
18628.49219 -117.24409
18631.19141 -116.81892
18633.87109 -117.31509
18636.56055 -116.94810
18639.25391 -116.79181
18641.95508 -117.65958
18644.64648 -117.22178
18647.33789 -116.61176
18650.03125 -117.59502
18652.72266 -116.96034
18655.41602 -116.93573
18658.10156 -117.50063
18660.79492 -117.31045
18663.47852 -116.52066
18666.17383 -117.64926
18668.85938 -116.84003
18671.56445 -116.93545
18674.25000 -117.06857
18676.93555 -117.24857
18679.64453 -116.49842
18682.33008 -117.58847
18685.01758 -116.88239
18687.71680 -117.17406
18690.40430 -116.91613
18693.10156 -117.46210
18695.78125 -116.90042
18698.48047 -117.67058
18701.16992 -117.14450
18703.85938 -117.47024
18706.56055 -116.82101
18709.25195 -117.47852
18711.94336 -117.23093
18714.63477 -117.45251
18717.31641 -117.24635
18720.01758 -117.57423
18722.71094 -116.74895
18725.40430 -117.39874
18728.09766 -117.74672
18730.78125 -117.39619
18733.47656 -117.62314
18736.16992 -117.87234
18738.86523 -117.04128
18741.55078 -117.43618
18744.24609 -118.27678
18746.94336 -117.36893
18749.62891 -117.85522
18752.32617 -117.86306
18755.01367 -117.19180
18757.70117 -117.17220
18760.39844 -118.30283
18763.08789 -117.16775
18765.77734 -117.84965
18768.47461 -117.71075
18771.16406 -117.47622
18773.85547 -117.10977
18776.54492 -118.24585
18779.24609 -117.23798
18781.92578 -117.92513
18784.61719 -117.63821
18787.32031 -117.78204
18790.00195 -117.12153
18792.70312 -117.80873
18795.39648 -117.14678
18798.08008 -117.58669
18800.77344 -117.24899
18803.46875 -117.71690
18806.15039 -117.07388
18808.84570 -117.17270
18811.54102 -117.08737
18814.23633 -117.27782
18816.93359 -117.07030
18819.61914 -117.74976
18822.31641 -117.38327
18825.00195 -116.84467
18827.69922 -117.22232
18830.37695 -117.07892
18833.07617 -116.95111
18835.77344 -117.55271
18838.46289 -117.54369
18841.15234 -116.45507
18843.84180 -117.14178
18846.54102 -116.75465
18849.23242 -116.78316
18851.93359 -117.25571
18854.61328 -117.72000
18857.30469 -116.38754
18859.99805 -117.29819
18862.68945 -116.80248
18865.38281 -116.97599
18868.07422 -117.23005
18870.76758 -117.94425
18873.46094 -116.59035
18876.14453 -117.44022
18878.84961 -116.87231
18881.53516 -117.06204
18884.23047 -117.04875
18886.91602 -117.72803
18889.61133 -116.74834
18892.30664 -117.44014
18894.98438 -117.01788
18897.69141 -117.25804
18900.37891 -117.11131
18903.06641 -117.58460
18905.76367 -117.23780
18908.46289 -117.67575
18911.14062 -117.43116
18913.83984 -117.59430
18916.53125 -117.28860
18919.22070 -117.32929
18921.91016 -117.55186
18924.60156 -117.64333
18927.30273 -117.58048
18929.98242 -117.62537
18932.68555 -117.27807
18935.36719 -116.94298
18938.05859 -117.73962
18940.76367 -117.60829
18943.45508 -117.80598
18946.14062 -117.78581
18948.84375 -117.49363
18951.51758 -116.90599
18954.21289 -117.97643
18956.90820 -117.65031
18959.60352 -117.91949
18962.30078 -117.77168
18964.98438 -117.45536
18967.68164 -116.78428
18970.36914 -117.80685
18973.05469 -117.38974
18975.75391 -117.68954
18978.45312 -117.54660
18981.14062 -117.31496
18983.82812 -116.88084
18986.51758 -117.73615
18989.21680 -117.33428
18991.90625 -117.64153
18994.59766 -117.52207
18997.28711 -117.34306
18999.97852 -117.21138
19002.67969 -117.66467
19005.37305 -117.21212
19008.06445 -117.40411
19010.74609 -117.27320
19013.43945 -117.12653
19016.13281 -117.36954
19018.83594 -117.40182
19021.51953 -117.01307
19024.21484 -117.18432
19026.89844 -117.14002
19029.59375 -117.16319
19032.27930 -117.75436
19034.97461 -117.39693
19037.66016 -117.10395
19040.36719 -117.20805
19043.05469 -117.16380
19045.75000 -117.28935
19048.43945 -117.92526
19051.13672 -117.21701
19053.82422 -117.02907
19056.51367 -117.05086
19059.20117 -117.02499
19061.89062 -117.31837
19064.59180 -117.83368
19067.28125 -117.03397
19069.97266 -117.12494
19072.66211 -117.14099
19075.35352 -117.18557
19078.04492 -117.64420
19080.73828 -117.82227
19083.42969 -117.02791
19086.12109 -117.34708
19088.81445 -117.25109
19091.50781 -117.27386
19094.19141 -117.72147
19096.88672 -117.46780
19099.58008 -116.81957
19102.27539 -117.36681
19104.97070 -117.21674
19107.65430 -117.32156
19110.35156 -117.73604
19113.04883 -117.22681
19115.73438 -116.87415
19118.43164 -117.61126
19121.11719 -117.42963
19123.81641 -117.57021
19126.51562 -117.78778
19129.20312 -117.13992
19131.89062 -116.97476
19134.58008 -117.66750
19137.26953 -117.41605
19139.96875 -117.52426
19142.66016 -117.47139
19145.34961 -116.95765
19148.05078 -117.03652
19150.73242 -117.58639
19153.42383 -117.42759
19156.11523 -117.55821
19158.80859 -117.32412
19161.50195 -117.14386
19164.19531 -117.41178
19166.88867 -117.66030
19169.57227 -117.56657
19172.26562 -117.58027
19174.95898 -117.16010
19177.65430 -117.28052
19180.33984 -117.57009
19183.03516 -117.43995
19185.72070 -117.44544
19188.41797 -117.36262
19191.11523 -116.94880
19193.81250 -117.41362
19196.50000 -117.76714
19199.18750 -117.36584
19201.88477 -117.55004
19204.57422 -117.40080
19207.26172 -117.08146
19209.96289 -117.69510
19212.65234 -117.97253
19215.33008 -117.36181
19218.03125 -117.59145
19220.72070 -117.31459
19223.42188 -117.09277
19226.10352 -117.60319
19228.80664 -117.77808
19231.48633 -117.19660
19234.17969 -117.49682
19236.88281 -117.25105
19239.57617 -117.27201
19242.25977 -117.56580
19244.95312 -117.71042
19247.64844 -117.32392
19250.33008 -117.62047
19253.02539 -117.42055
19255.72070 -117.57075
19258.40625 -117.47162
19261.10352 -117.48248
19263.78906 -117.29614
19266.48633 -117.47185
19269.18359 -117.35046
19271.87109 -117.59585
19274.56836 -117.19413
19277.25586 -117.14346
19279.94531 -117.26579
19282.64453 -117.37352
19285.33398 -117.44422
19288.02344 -117.78687
19290.71094 -117.24900
19293.40234 -117.08575
19296.09180 -117.40135
19298.78320 -117.36028
19301.48633 -117.49548
19304.17578 -117.75893
19306.86914 -117.21192
19309.56055 -116.88361
19312.25391 -117.27145
19314.94531 -117.12285
19317.62891 -117.33558
19320.33398 -117.55989
19323.01758 -117.28500
19325.71289 -116.88003
19328.39648 -117.34239
19331.09180 -117.17075
19333.78711 -117.40033
19336.48438 -117.55900
19339.16992 -117.56626
19341.86719 -117.04028
19344.55273 -117.40519
19347.25000 -117.17487
19349.93750 -117.28048
19352.62500 -117.31559
19355.32422 -117.55143
19358.01172 -117.06007
19360.71289 -117.34109
19363.39062 -117.19146
19366.09180 -117.22565
19368.79102 -117.24139
19371.47266 -117.65660
19374.16211 -117.35204
19376.86328 -117.54529
19379.54492 -117.48170
19382.23633 -117.36078
19384.93945 -117.28923
19387.62109 -117.60882
19390.32422 -117.48863
19393.00781 -117.53696
19395.70117 -117.53342
19398.39648 -117.30202
19401.07812 -117.17368
19403.77344 -117.33465
19406.46875 -117.54015
19409.16406 -117.54832
19411.85156 -117.70594
19414.54688 -117.47640
19417.23242 -117.34196
19419.92969 -117.30827
19422.61719 -117.72581
19425.32422 -117.64674
19428.00195 -117.83176
19430.70117 -117.58310
19433.38867 -117.35696
19436.08984 -117.12194
19438.77734 -117.60778
19441.46680 -117.44221
19444.15625 -117.65228
19446.84766 -117.53508
19449.54883 -117.32947
19452.23828 -117.09609
19454.91992 -117.63774
19457.61133 -117.42744
19460.31445 -117.66454
19462.99609 -117.67609
19465.68750 -117.48234
19468.38086 -117.28072
19471.07422 -117.67851
19473.75781 -117.33257
19476.46289 -117.47637
19479.15820 -117.53902
19481.85352 -117.37341
19484.53711 -117.29333
19487.22266 -117.52518
19489.91797 -117.15077
19492.62500 -117.29875
19495.31055 -117.45751
19497.99805 -117.46844
19500.68555 -117.55393
19503.38281 -117.61548
19506.07031 -117.24568
19508.76953 -117.35535
19511.45703 -117.46562
19514.14648 -117.59176
19516.84570 -117.66336
19519.53516 -117.47290
19522.22461 -117.15793
19524.91602 -117.20742
19527.60547 -117.25578
19530.30859 -117.56777
19533.00000 -117.61143
19535.67969 -117.27833
19538.37305 -117.22219
19541.07617 -117.28706
19543.75781 -117.30783
19546.45117 -117.80038
19549.14453 -117.70817
19551.83789 -117.21500
19554.53320 -117.38876
19557.22852 -117.36425
19559.92188 -117.28185
19562.60742 -117.77424
19565.30273 -117.51131
19567.98828 -116.90589
19570.68555 -117.35220
19573.37109 -117.27953
19576.06836 -117.21992
19578.75391 -117.68752
19581.44336 -117.43546
19584.14062 -116.87403
19586.82812 -117.56014
19589.51758 -117.44025
19592.21680 -117.40263
19594.91797 -117.65391
19597.60547 -117.45314
19600.29492 -116.92046
19602.98633 -117.61194
19605.68750 -117.39999
19608.37891 -117.35689
19611.04883 -117.30139
19613.75195 -117.29694
19616.44336 -117.00053
19619.13672 -117.58627
19621.82812 -117.42678
19624.52148 -117.45795
19627.21484 -117.16077
19629.89844 -117.42944
19632.59375 -117.45782
19635.28711 -117.73360
19637.98242 -117.61215
19640.67773 -117.58653
19643.36133 -117.04202
19646.04688 -117.42298
19648.74414 -117.76306
19651.44141 -117.57880
19654.12695 -117.56516
19656.83594 -117.48706
19659.51172 -116.92216
19662.21094 -117.37595
19664.89844 -118.09798
19667.59766 -117.54613
19670.28711 -117.74093
19672.97461 -117.61646
19675.66602 -117.17169
19678.36523 -117.50297
19681.05664 -118.34328
19683.74609 -117.51574
19686.43750 -117.79440
19689.12891 -117.55368
19691.82031 -117.30907
19694.52344 -117.33376
19697.19336 -118.04963
19699.89648 -117.28727
19702.58984 -117.65855
19705.28320 -117.46651
19707.96680 -117.61082
19710.67188 -117.32619
19713.35547 -117.77757
19716.05078 -117.33337
19718.74609 -117.68731
19721.42969 -117.56701
19724.11523 -117.96828
19726.82227 -117.32433
19729.50781 -117.35098
19732.20508 -117.23412
19734.89258 -117.42942
19737.58008 -117.41508
19740.27734 -117.94897
19742.97656 -117.17981
19745.66406 -116.90298
19748.35156 -117.18974
19751.04102 -117.26060
19753.74219 -117.45757
19756.41992 -117.99895
19759.12109 -117.34464
19761.82227 -116.84310
19764.50195 -117.34975
19767.19336 -117.21537
19769.88477 -117.47455
19772.57617 -117.77444
19775.26953 -117.37242
19777.96094 -116.74419
19780.64258 -117.28253
19783.34766 -117.02225
19786.03125 -117.32213
19788.73438 -117.39838
19791.41797 -117.48663
19794.11328 -116.95506
19796.79688 -117.43357
19799.49219 -117.15562
19802.18945 -117.40056
19804.88477 -117.27457
19807.57031 -117.76474
19810.26758 -117.31215
19812.95312 -117.53173
19815.66211 -117.23324
19818.33789 -117.27744
19821.03711 -117.00703
19823.72461 -117.75098
19826.42383 -117.49681
19829.11328 -117.48181
19831.80078 -117.33894
19834.50195 -117.23262
19837.17969 -117.00412
19839.88086 -117.86258
19842.57227 -117.85301
19845.26172 -117.66241
19847.95312 -117.67104
19850.64648 -117.35722
19853.33789 -117.16205
19856.02930 -117.79272
19858.72266 -117.89654
19861.41406 -117.59678
19864.10938 -117.72499
19866.79102 -117.31216
19869.49609 -117.22009
19872.17969 -117.48595
19874.87500 -117.80330
19877.57031 -117.59014
19880.25391 -117.88725
19882.95117 -117.54952
19885.64648 -117.56840
19888.33203 -117.37700
19891.02930 -117.82787
19893.71484 -117.66669
19896.41406 -117.96198
19899.09961 -117.71533
19901.78906 -117.71430
19904.48828 -117.07365
19907.18555 -117.59776
19909.86328 -117.47298
19912.56250 -117.74756
19915.25195 -117.75806
19917.94336 -117.77732
19920.63281 -116.95222
19923.33398 -117.60120
19926.02539 -117.48853
19928.71484 -117.72726
19931.40820 -117.95049
19934.09961 -117.91703
19936.79297 -117.04565
19939.48438 -117.63913
19942.17773 -117.38653
19944.85938 -117.48154
19947.55469 -117.76910
19950.24805 -117.70747
19952.94141 -117.05315
19955.63672 -117.51856
19958.32227 -117.21677
19961.01758 -117.26076
19963.71289 -117.60294
19966.40820 -117.65203
19969.09375 -117.40589
19971.79297 -117.63077
19974.47656 -117.30250
19977.16406 -117.25325
19979.86133 -117.46374
19982.55078 -117.56303
19985.25000 -117.65263
19987.92578 -117.47887
19990.63672 -117.20237
19993.32422 -117.06861
19996.01367 -117.13079
19998.70508 -117.36034
20001.39453 -117.80943
20004.08398 -117.31295
20006.77539 -117.30563
20009.47656 -117.16540
20012.16992 -117.11681
20014.86133 -117.44147
20017.55273 -118.04825
20020.23438 -117.27267
20022.92773 -117.49055
20025.62109 -117.27301
20028.31445 -117.06990
20031.01953 -117.34712
20033.69141 -117.86829
20036.38672 -117.02267
20039.08203 -117.50070
20041.78906 -117.29990
20044.46094 -117.10339
20047.15820 -117.34008
20049.84375 -117.74474
20052.54102 -117.07473
20055.23828 -117.74472
20057.92383 -117.57243
20060.61133 -117.40491
20063.30859 -117.45035
20065.99805 -117.60740
20068.69531 -117.15418
20071.38477 -117.75909
20074.08398 -117.59967
20076.77344 -117.49287
20079.46289 -117.31801
20082.16406 -117.30613
20084.85352 -117.26102
20087.54492 -117.69619
20090.23633 -117.68787
20092.92773 -117.73588
20095.61914 -117.41887
20098.31055 -117.33176
20101.00391 -117.68127
20103.69531 -117.75600
20106.38867 -117.81497
20109.08203 -117.89593
20111.77539 -117.42553
20114.45898 -117.24782
20117.15234 -117.87714
20119.84766 -117.52060
20122.53320 -117.67636
20125.22852 -117.78795
20127.92578 -117.37888
20130.60938 -117.22861
20133.30469 -118.15181
20136.00391 -117.47345
20138.68945 -117.75783
20141.38867 -117.84689
20144.06445 -117.58922
20146.76172 -117.39037
20149.46094 -118.32658
20152.14844 -117.43290
20154.83789 -117.68196
20157.52734 -117.64839
20160.22656 -117.57182
20162.91602 -117.29478
20165.60742 -118.06107
20168.29688 -117.26714
20170.98828 -117.52355
20173.68945 -117.47017
20176.38086 -117.69353
20179.07227 -117.39500
20181.75391 -117.88534
20184.45703 -117.38773
20187.13867 -117.55666
20189.83203 -117.45158
20192.52539 -117.81905
20195.23047 -117.44048
20197.91406 -117.48677
20200.60742 -117.32478
20203.30273 -117.32265
20205.98828 -117.22668
20208.68359 -117.65653
20211.37891 -117.38117
20214.05469 -117.07150
20216.76172 -117.34278
20219.44727 -117.24451
20222.13281 -117.27184
20224.83203 -117.67184
20227.51758 -117.60288
20230.20703 -116.96985
20232.90625 -117.49255
20235.59375 -117.22443
20238.29297 -117.28959
20240.97070 -117.46266
20243.66992 -117.61971
20246.37109 -116.78880
20249.06055 -117.41168
20251.75195 -117.09377
20254.43164 -117.26450
20257.13281 -117.23835
20259.83594 -117.73209
20262.51758 -116.96819
20265.20898 -117.57069
20267.90234 -117.28959
20270.59375 -117.50147
20273.28711 -117.24693
20275.98047 -117.88688
20278.67578 -117.29128
20281.36914 -117.62251
20284.05273 -117.37838
20286.74805 -117.51274
20289.44336 -117.10543
20292.12695 -117.72027
20294.81250 -117.56373
20297.50781 -117.58839
20300.19336 -117.54682
20302.90234 -117.63817
20305.60156 -117.26556
20308.28711 -117.70525
20310.97461 -118.08792
20313.67383 -117.75958
20316.34961 -117.87366
20319.04688 -117.78712
20321.73633 -117.47964
20324.43750 -117.49955
20327.12695 -118.23709
20329.82617 -117.64863
20332.50391 -117.86855
20335.20703 -117.66038
20337.89844 -117.60244
20340.58789 -117.22391
20343.27930 -118.20808
20345.97266 -117.64857
20348.65234 -117.96404
20351.35547 -117.73405
20354.04883 -117.93536
20356.74219 -117.20896
20359.43555 -118.10059
20362.11719 -117.66177
20364.81250 -117.86720
20367.50586 -117.62485
20370.20117 -117.92557
20372.89648 -117.03758
20375.58203 -117.61967
20378.26562 -117.45418
20380.97266 -117.54378
20383.65820 -117.47675
20386.34375 -117.83952
20389.04102 -117.13860
20391.74023 -117.38664
20394.42578 -117.50171
20397.11328 -117.44651
20399.81250 -117.54373
20402.50000 -117.74666
20405.19922 -117.35130
20407.88867 -117.19315
20410.57812 -117.38947
20413.26562 -117.16837
20415.96875 -117.39139
20418.64844 -117.36246
20421.34961 -117.46464
20424.02734 -117.05574
20426.73047 -117.30200
20429.42188 -117.07334
20432.11328 -117.44292
20434.80664 -117.24951
20437.49805 -117.84743
20440.19141 -117.29124
20442.88477 -117.41534
20445.56836 -117.17084
20448.26172 -117.50751
20450.96680 -117.13464
20453.65039 -117.97329
20456.34570 -117.38041
20459.04102 -117.31366
20461.72461 -117.15072
20464.41016 -117.41424
20467.10742 -117.08224
20469.80273 -118.01582
20472.50000 -117.62890
20475.18750 -117.44347
20477.87305 -117.43436
20480.57031 -117.55487
20483.24609 -117.36039
20485.95703 -118.07329
20488.64453 -117.84811
20491.33594 -117.55171
20494.03516 -117.59694
20496.72266 -117.48302
20499.41406 -117.46356
20502.10156 -117.74394
20504.79297 -117.73565
20507.49609 -117.53855
20510.18555 -117.69028
20512.87500 -117.45836
20515.56836 -117.72827
20518.26172 -117.57759
20520.95312 -117.76325
20523.64453 -117.76572
20526.33789 -117.90662
20529.02148 -117.55782
20531.71484 -117.93629
20534.41016 -117.36458
20537.10156 -117.56595
20539.79688 -117.73521
20542.48047 -117.77489
20545.17578 -117.43783
20547.87305 -117.81541
20550.55664 -117.09843
20553.24219 -117.37099
20555.93945 -117.74794
20558.63672 -117.73760
20561.32422 -117.55769
20564.02148 -117.82252
20566.70898 -117.16597
20569.40625 -117.42828
20572.09375 -117.81386
20574.79492 -117.66382
20577.48242 -117.58154
20580.17188 -117.56544
20582.87109 -117.11043
20585.56250 -117.32793
20588.25195 -117.60048
20590.93945 -117.42033
20593.63086 -117.53444
20596.33203 -117.31863
20599.02539 -117.25044
20601.71680 -117.50947
20604.39648 -117.60714
20607.08984 -117.46239
20609.78320 -117.69833
20612.47656 -117.29187
20615.16797 -117.49429
20617.86133 -117.69650
20620.55664 -117.49936
20623.25000 -117.35010
20625.92188 -117.60179
20628.62891 -117.11983
20631.32617 -117.51891
20634.00781 -117.72856
20636.70312 -117.36011
20639.40234 -117.33421
20642.08789 -117.63955
20644.78516 -117.25404
20647.47070 -117.73061
20650.15625 -117.95766
20652.85547 -117.46239
20655.55469 -117.48267
20658.23047 -117.69791
20660.92969 -117.40535
20663.63086 -117.70588
20666.31836 -117.84925
20669.00586 -117.35304
20671.69727 -117.40049
20674.39648 -117.54202
20677.07422 -117.48629
20679.77734 -117.60172
20682.48047 -117.73949
20685.14844 -117.43464
20687.85156 -117.53142
20690.54492 -117.62195
20693.23438 -117.77958
20695.92773 -117.67118
20698.62109 -117.68623
20701.31250 -117.52689
20703.99609 -117.54048
20706.70117 -117.50540
20709.38477 -117.76215
20712.08008 -117.51051
20714.77344 -117.39091
20717.46875 -117.44488
20720.14062 -117.42993
20722.84961 -117.38825
20725.53516 -117.75448
20728.24219 -117.59871
20730.91797 -117.36688
20733.61523 -117.60595
20736.31250 -117.53833
20739.00000 -117.44347
20741.68750 -117.73730
20744.37305 -117.70541
20747.07227 -117.29160
20749.76172 -117.55315
20752.44922 -117.41213
20755.14844 -117.27753
20757.83984 -117.45838
20760.52734 -117.67609
20763.23047 -117.23605
20765.90820 -117.54866
20768.61133 -117.46561
20771.30078 -117.36884
20773.99219 -117.44970
20776.68359 -117.86405
20779.37695 -117.45067
20782.06836 -117.68552
20784.77344 -117.59681
20787.45312 -117.46148
20790.14844 -117.34937
20792.83008 -117.74233
20795.53516 -117.46645
20798.21875 -117.57637
20800.92578 -117.56338
20803.60938 -117.48634
20806.29102 -117.30291
20809.00000 -117.60583
20811.68359 -117.67065
20814.37109 -117.69496
20817.06641 -117.77971
20819.76367 -117.76888
20822.44922 -117.51820
20825.14844 -117.52435
20827.83398 -117.84952
20830.52344 -117.70609
20833.22070 -117.77185
20835.90820 -117.79007
20838.60938 -117.52328
20841.29688 -117.20842
20843.99609 -117.78876
20846.67578 -117.59804
20849.37500 -117.70354
20852.06641 -117.85525
20854.75586 -117.71145
20857.44531 -117.18384
20860.13867 -117.91542
20862.84180 -117.70045
20865.51953 -117.72548
20868.22461 -117.90274
20870.90625 -117.80853
20873.61133 -117.14423
20876.29102 -117.75646
20878.98438 -117.54249
20881.67969 -117.44122
20884.35938 -117.64665
20887.06836 -117.66401
20889.75000 -117.16219
20892.43359 -117.60925
20895.14062 -117.51572
20897.82422 -117.36436
20900.52344 -117.59622
20903.21875 -117.68513
20905.90234 -117.47076
20908.58984 -117.60451
20911.28711 -117.55035
20913.98438 -117.27217
20916.67188 -117.40616
20919.37109 -117.45359
20922.04688 -117.58504
20924.74609 -117.36597
20927.44531 -117.40881
20930.13477 -117.14100
20932.81250 -117.24273
20935.51172 -117.30479
20938.21289 -117.86114
20940.89062 -117.40144
20943.59375 -117.53191
20946.29688 -117.32840
20948.97461 -117.33142
20951.66406 -117.32615
20954.35742 -118.06084
20957.05078 -117.38004
20959.74219 -117.49303
20962.43359 -117.34644
20965.11719 -117.23987
20967.82227 -117.20723
20970.51562 -117.97234
20973.19922 -117.30444
20975.89062 -117.47442
20978.57422 -117.52159
20981.28125 -117.40012
20983.96484 -117.41142
20986.66211 -118.03154
20989.34570 -117.46869
20992.04297 -117.61193
20994.73828 -117.74471
20997.42383 -117.54243
21000.12109 -117.52926
21002.81055 -117.79732
21005.50781 -117.39964
21008.19336 -117.49941
21010.89453 -117.70180
21013.58203 -117.54668
21016.26953 -117.60746
21018.96875 -117.57896
21021.65820 -117.49319
21024.34570 -117.61581
21027.03516 -117.84712
21029.73633 -117.77417
21032.42578 -117.83501
21035.11719 -117.50075
21037.81055 -117.64288
21040.50000 -117.65438
21043.19141 -117.76273
21045.88281 -117.71972
21048.57617 -117.72318
21051.25781 -117.22040
21053.96094 -117.61446
21056.65625 -117.59493
21059.34766 -117.62690
21062.04102 -117.72681
21064.73633 -117.71087
21067.41992 -117.22227
21070.11523 -117.85983
21072.81055 -117.76417
21075.50586 -117.66653
21078.18750 -117.79214
21080.87500 -117.64082
21083.57227 -117.18231
21086.26758 -117.87865
21088.96484 -117.66399
21091.65039 -117.46787
21094.33789 -117.60082
21097.03516 -117.40987
21099.72461 -117.13974
21102.42188 -117.86108
21105.10938 -117.66489
21107.79688 -117.48512
21110.48633 -117.65111
21113.18750 -117.46620
21115.87695 -117.35946
21118.56641 -117.91255
21121.26758 -117.68835
21123.95703 -117.48358
21126.64844 -117.55882
21129.32812 -117.36597
21132.04297 -117.36881
21134.72266 -117.61268
21137.41406 -117.48402
21140.10742 -117.36371
21142.80078 -117.44046
21145.49219 -117.38748
21148.18555 -117.57138
21150.87891 -117.50224
21153.56250 -117.53529
21156.26758 -117.48802
21158.93750 -117.53474
21161.63281 -117.54736
21164.32812 -117.77036
21167.02734 -117.31443
21169.70898 -117.42860
21172.40625 -117.39138
21175.10156 -117.40116
21177.78906 -117.48093
21180.48633 -117.76943
21183.17188 -117.10673
21185.86914 -117.36278
21188.55664 -117.40889
21191.25391 -117.47438
21193.94336 -117.62879
21196.63086 -117.98532
21199.33203 -117.22169
21202.01953 -117.49023
21204.70898 -117.50918
21207.39844 -117.52805
21210.09766 -117.61479
21212.78906 -117.93084
21215.47852 -117.20290
21218.16797 -117.39728
21220.85938 -117.41594
21223.55273 -117.44836
21226.24219 -117.52910
21228.93555 -117.88563
21231.63867 -117.42968
21234.32031 -117.53763
21237.01367 -117.59148
21239.71875 -117.60275
21242.40039 -117.63398
21245.08203 -117.92795
21247.78906 -117.70048
21250.48438 -117.60506
21253.16602 -117.60519
21255.86133 -117.51810
21258.54492 -117.48966
21261.24219 -117.69013
21263.92578 -117.75793
21266.62305 -117.56650
21269.32031 -117.61733
21272.00781 -117.53868
21274.70508 -117.55434
21277.39062 -117.66191
21280.08789 -117.99972
21282.77539 -117.75212
21285.47656 -117.78935
21288.15234 -117.64139
21290.86133 -117.62168
21293.55273 -117.49746
21296.24023 -117.91239
21298.92773 -117.67513
21301.63086 -117.67873
21304.30859 -117.54422
21307.00977 -117.55506
21309.70312 -117.26874
21312.39258 -117.77438
21315.08203 -117.72878
21317.76367 -117.75871
21320.46680 -117.71881
21323.16016 -117.72985
21325.85156 -117.25517
21328.54492 -117.73771
21331.22656 -117.80000
21333.92969 -117.73536
21336.62305 -117.72526
21339.30664 -117.64725
21342.01367 -117.04641
21344.69727 -117.45689
21347.39258 -117.65149
21350.07617 -117.56689
21352.77148 -117.70039
21355.45703 -117.62032
21358.15234 -117.08512
21360.84961 -117.45319
21363.54688 -117.73527
21366.22070 -117.60876
21368.91797 -117.80032
21371.60547 -117.64169
21374.30469 -117.20259
21376.99219 -117.39381
21379.69141 -117.59640
21382.38086 -117.39588
21385.07812 -117.57878
21387.76953 -117.41118
21390.45703 -117.28419
21393.14648 -117.29907
21395.84766 -117.48177
21398.52539 -117.33060
21401.22852 -117.52577
21403.91797 -117.43344
21406.62109 -117.69339
21409.30078 -117.43170
21412.00391 -117.50608
21414.68555 -117.33153
21417.37891 -117.40736
21420.06836 -117.32581
21422.75195 -117.90237
21425.45703 -117.32269
21428.13672 -117.31643
21430.83203 -117.19505
21433.52539 -117.21278
21436.22070 -117.25446
21438.91602 -118.17262
21441.59961 -117.38565
21444.28516 -117.39300
21446.99219 -117.36894
21449.67578 -117.32256
21452.37305 -117.41076
21455.05859 -118.38800
21457.75586 -117.44151
21460.45312 -117.39967
21463.15234 -117.40204
21465.83789 -117.27728
21468.53711 -117.37597
21471.22266 -118.18021
21473.89844 -117.37598
21476.59961 -117.38792
21479.28711 -117.52779
21481.98828 -117.45169
21484.67773 -117.58949
21487.37891 -118.06373
21490.05664 -117.59063
21492.74609 -117.60267
21495.44922 -117.78146
21498.14062 -117.68916
21500.83008 -117.73109
21503.52344 -117.69875
21506.21289 -117.60683
21508.90625 -117.56831
21511.59766 -117.76892
21514.28906 -117.73426
21516.98438 -117.74899
21519.67773 -117.31308
21522.35938 -117.74768
21525.06641 -117.70484
21527.74609 -117.94099
21530.44141 -117.96533
21533.12500 -117.93367
21535.82031 -117.17003
21538.51562 -117.94601
21541.21289 -117.78816
21543.89648 -117.91180
21546.59375 -117.88636
21549.29297 -117.79253
21551.97656 -116.90015
21554.67578 -117.85705
21557.36133 -117.70005
21560.05859 -117.76944
21562.74609 -117.77346
21565.43359 -117.73569
21568.13281 -116.95902
21570.82031 -117.94484
21573.50781 -117.82607
21576.19922 -117.78342
21578.91016 -117.72282
21581.58594 -117.66515
21584.28906 -117.05079
21586.96875 -117.77578
21589.66992 -117.69865
21592.34766 -117.52729
21595.05078 -117.43344
21597.73047 -117.41769
21600.43359 -117.15606
21603.12500 -117.55454
21605.81836 -117.66164
21608.51172 -117.46963
21611.20312 -117.42099
21613.89648 -117.44927
21616.58008 -117.51570
21619.27344 -117.47497
21621.96875 -117.66991
21624.65039 -117.40026
21627.34570 -117.33652
21630.04102 -117.32004
21632.75000 -117.63171
21635.43164 -117.18230
21638.11719 -117.47504
21640.81250 -117.22910
21643.51172 -117.28892
21646.19531 -117.31351
21648.89453 -117.88628
21651.58008 -117.16219
21654.26562 -117.52630
21656.96484 -117.32417
21659.66406 -117.47367
21662.35156 -117.43182
21665.03906 -118.04964
21667.72656 -117.14255
21670.42773 -117.40820
21673.11523 -117.22530
21675.80469 -117.44234
21678.49609 -117.36298
21681.19531 -117.97518
21683.88672 -117.14766
21686.57812 -117.35299
21689.26758 -117.29526
21691.95703 -117.61958
21694.65039 -117.53776
21697.33203 -118.07313
21700.04688 -117.41945
21702.72656 -117.44972
21705.41992 -117.43245
21708.11328 -117.71253
21710.80469 -117.55214
21713.50000 -117.88058
21716.18164 -117.51996
21718.87695 -117.35679
21721.57227 -117.44112
21724.26758 -117.67580
21726.96289 -117.56888
21729.63281 -117.75418
21732.33203 -117.80759
21735.02734 -117.51846
21737.72461 -117.70867
21740.41016 -117.81427
21743.10547 -117.72551
21745.80273 -117.69578
21748.49219 -117.99826
21751.18945 -117.56497
21753.86523 -117.76932
21756.56250 -117.67765
21759.25000 -117.64863
21761.95117 -117.45506
21764.63867 -117.96237
21767.32617 -117.58650
21770.02930 -117.87814
21772.71680 -117.66046
21775.40820 -117.77877
21778.10742 -117.47443
21780.79883 -118.02239
21783.47656 -117.75980
21786.17969 -118.00697
21788.87109 -117.62474
21791.56250 -117.79186
21794.26758 -117.36755
21796.93555 -117.74283
21799.62891 -117.67386
21802.33203 -117.84946
21805.02734 -117.45080
21807.70703 -117.71898
21810.40039 -117.32571
21813.09570 -117.52386
21815.80078 -117.75379
21818.48438 -117.84618
21821.16797 -117.51131
21823.86328 -117.77890
21826.57227 -117.42303
21829.24219 -117.35043
21831.94141 -117.74349
21834.63672 -117.64880
21837.32227 -117.40822
21840.00781 -117.57340
21842.71680 -117.34660
21845.39062 -117.09610
21848.08984 -117.63828
21850.78906 -117.45825
21853.48828 -117.43835
21856.16406 -117.50608
21858.86523 -117.48708
21861.55273 -117.14867
21864.25391 -117.70708
21866.94141 -117.41436
21869.63086 -117.54422
21872.32031 -117.40470
21875.00977 -117.52508
21877.71289 -117.15243
21880.39062 -117.56746
21883.09375 -117.22537
21885.77148 -117.50739
21888.47656 -117.24558
21891.16797 -117.56283
21893.85938 -117.32077
21896.55273 -117.55774
21899.24609 -117.27063
21901.92578 -117.66486
21904.63086 -117.32814
21907.31445 -117.74001
21910.01953 -117.60252
21912.70312 -117.54285
21915.39844 -117.28123
21918.08203 -117.64545
21920.77734 -117.29900
21923.47266 -117.71765
21926.15430 -117.71396
21928.86523 -117.43082
21931.54688 -117.29628
21934.23438 -117.62849
21936.94336 -117.44077
21939.61719 -117.83178
21942.31445 -117.92493
21945.01172 -117.51035
21947.69922 -117.47178
21950.38867 -117.66969
21953.08594 -117.62309
21955.77344 -117.84522
21958.46094 -117.89598
21961.15039 -117.46018
21963.85156 -117.48041
21966.54102 -117.53629
21969.24023 -117.67213
21971.91797 -117.73611
21974.62109 -117.75890
21977.30078 -117.50092
21980.00195 -117.60389
21982.69336 -117.56625
21985.39844 -117.82640
21988.07617 -117.72118
21990.75781 -117.66639
21993.46094 -117.60513
21996.15430 -117.69116
21998.84766 -117.54337
22001.54102 -117.76465
22004.23438 -117.52377
22006.91602 -117.42265
22009.62109 -117.57480
22012.30469 -117.67078
22015.00000 -117.51933
22017.69531 -117.65289
22020.37891 -117.41395
22023.08594 -117.36626
22025.77148 -117.67777
22028.45508 -117.78162
22031.15234 -117.63111
22033.83789 -117.57649
22036.52344 -117.35650
22039.22070 -117.35245
22041.90625 -117.65737
22044.60547 -117.74126
22047.30469 -117.60334
22049.99023 -117.37176
Graph #1 from AudioThread1
2.69198 -54.68323
5.38396 -54.42550
8.07594 -7.54521
10.76791 -54.85988
13.45989 -55.46457
16.15187 -55.96836
18.84385 -57.58958
21.53583 -58.16615
24.22781 -13.73675
26.91979 -56.01867
29.61176 -54.98786
32.30375 -54.96316
34.99573 -54.45877
37.68771 -55.03290
40.37968 -19.92003
43.07167 -58.21286
45.76364 -60.83966
48.45562 -64.46955
51.14760 -65.93588
53.83958 -66.93759
56.53155 -25.63136
59.22354 -67.55644
61.91550 -70.97623
64.60748 -72.70465
67.29947 -73.46700
69.99145 -68.17049
72.68342 -30.15911
75.37541 -63.06943
78.06738 -62.53135
80.75936 -63.37639
83.45135 -63.78522
86.14331 -65.58969
88.83529 -34.74674
91.52726 -72.46598
94.21925 -74.68650
96.91125 -74.61771
99.60323 -71.88028
102.29519 -71.44257
104.98715 -38.86518
107.67915 -77.14845
110.37112 -79.18108
113.06311 -74.94797
115.75508 -72.21561
118.44704 -69.58743
121.13905 -42.38393
123.83102 -68.95277
126.52299 -69.51152
129.21498 -72.01507
131.90695 -74.61965
134.59895 -81.48687
137.29092 -46.93975
139.98288 -81.65419
142.67488 -77.43105
145.36685 -77.00941
148.05884 -76.43694
150.75082 -77.60828
153.44283 -52.11469
156.13478 -77.48425
158.82674 -75.23961
161.51871 -74.36087
164.21068 -73.44371
166.90265 -74.06381
169.59467 -58.02877
172.28662 -76.40343
174.97864 -80.28853
177.67059 -85.16583
180.36258 -92.74652
183.05452 -88.52156
185.74654 -63.34691
188.43854 -80.88402
191.13049 -79.83057
193.82245 -79.14878
196.51450 -78.47444
199.20641 -78.60182
201.89836 -66.91083
204.59042 -77.07944
207.28238 -77.58997
209.97437 -77.89430
212.66631 -78.65512
215.35828 -79.78365
218.05025 -70.86475
220.74232 -85.06705
223.43420 -90.71248
226.12619 -90.02673
228.81815 -86.20833
231.51018 -83.65898
234.20219 -70.32788
236.89415 -80.71887
239.58609 -80.94132
242.27808 -80.19403
244.97008 -80.20427
247.66197 -79.29842
250.35399 -68.84805
253.04602 -79.93765
255.73793 -80.63314
258.42996 -82.11928
261.12186 -84.49949
263.81393 -86.00993
266.50589 -73.28313
269.19791 -88.84600
271.88986 -86.91195
274.58182 -85.62421
277.27374 -84.74875
279.96582 -82.66461
282.65775 -73.84947
285.34970 -81.70622
288.04175 -80.61662
290.73367 -80.75403
293.42569 -81.09824
296.11768 -81.83136
298.80960 -75.32118
301.50159 -84.48308
304.19360 -84.64945
306.88565 -86.28313
309.57758 -87.16274
312.26950 -88.89796
314.96152 -78.30679
317.65353 -87.56025
320.34543 -84.53021
323.03745 -83.64336
325.72943 -82.57722
328.42145 -82.87009
331.11334 -80.56142
333.80530 -82.85811
336.49738 -82.82480
339.18933 -83.20211
341.88138 -83.34638
344.57330 -85.18283
347.26520 -104.61601
349.95728 -87.47675
352.64926 -89.77360
355.34119 -89.51025
358.03311 -87.60011
360.72513 -87.58897
363.41718 -92.87857
366.10907 -85.11659
368.80112 -85.15680
371.49304 -84.46526
374.18506 -83.84067
376.87698 -83.95670
379.56897 -81.11244
382.26089 -83.95120
384.95297 -85.85732
387.64499 -86.83832
390.33694 -88.45158
393.02887 -88.71422
395.72086 -80.63339
398.41293 -88.74584
401.10477 -90.03856
403.79681 -89.18156
406.48877 -88.41987
409.18088 -86.59928
411.87280 -78.77309
414.56479 -84.75905
417.25662 -84.99992
419.94867 -85.14032
422.64066 -86.02308
425.33264 -85.74566
428.02472 -78.45101
430.71658 -87.35258
433.40857 -87.63786
436.10052 -88.86803
438.79248 -90.58395
441.48456 -90.35294
444.17648 -80.51099
446.86844 -89.40076
449.56036 -87.57964
452.25244 -87.01284
454.94443 -86.76860
457.63635 -86.21116
460.32840 -80.16563
463.02029 -86.59750
465.71231 -85.70387
468.40430 -86.10065
471.09634 -86.46314
473.78821 -87.90105
476.48022 -84.67226
479.17224 -90.81558
481.86414 -90.23592
484.55624 -90.17738
487.24811 -89.29303
489.94006 -89.61889
492.63211 -86.05020
495.32404 -88.77161
498.01611 -87.44884
500.70804 -86.89529
503.39996 -86.09653
506.09195 -86.83194
508.78406 -88.22729
511.47589 -87.38844
514.16803 -88.59581
516.85980 -89.10656
519.55188 -89.22668
522.24377 -90.57684
524.93579 -92.89445
527.62781 -90.78256
530.31989 -91.89294
533.01172 -90.82040
535.70380 -89.32145
538.39569 -88.99573
541.08765 -88.15897
543.77960 -87.37091
546.47162 -88.34440
549.16370 -88.25881
551.85553 -88.48076
554.54749 -88.43401
557.23962 -86.33062
559.93170 -88.83846
562.62354 -90.72507
565.31555 -91.67809
568.00751 -93.05688
570.69934 -92.02590
573.39160 -87.00083
576.08344 -90.21487
578.77551 -90.48362
581.46741 -89.97485
584.15930 -90.11959
586.85126 -88.84879
589.54321 -84.40514
592.23523 -88.31192
594.92743 -88.36943
597.61926 -88.91101
600.31134 -90.13591
603.00323 -90.28615
605.69507 -85.70714
608.38708 -91.90611
611.07916 -91.34956
613.77124 -91.75016
616.46307 -92.36906
619.15515 -91.62704
621.84705 -85.35699
624.53906 -90.65776
627.23096 -89.14600
629.92303 -88.89859
632.61493 -88.91723
635.30695 -89.20509
637.99884 -85.86333
640.69092 -90.36120
643.38306 -89.86981
646.07477 -90.32729
648.76697 -90.59365
651.45898 -91.99181
654.15076 -89.22007
656.84277 -93.52757
659.53479 -92.31040
662.22681 -91.53409
664.91882 -90.50602
667.61072 -90.72075
670.30273 -89.38420
672.99475 -90.49238
675.68652 -90.21761
678.37878 -89.85772
681.07068 -89.37727
683.76257 -90.02560
686.45441 -96.59191
689.14667 -91.35047
691.83838 -93.02127
694.53033 -93.23468
697.22241 -92.73273
699.91443 -92.73574
702.60614 -101.92487
705.29840 -92.29349
707.99023 -92.95841
710.68225 -92.05830
713.37433 -91.10141
716.06616 -90.36959
718.75824 -92.81896
721.45032 -90.01215
724.14209 -91.14127
726.83423 -91.59138
729.52625 -92.31050
732.21826 -91.91388
734.90997 -90.16455
737.60205 -92.34045
740.29425 -93.46716
742.98615 -94.19424
745.67798 -94.78399
748.37024 -93.14334
751.06195 -88.47451
753.75403 -91.32234
756.44598 -91.12432
759.13782 -91.24625
761.82996 -91.89360
764.52161 -91.47084
767.21399 -86.62589
769.90588 -91.29350
772.59760 -91.09863
775.28986 -91.92740
777.98187 -93.26282
780.67358 -94.21584
783.36578 -88.07500
786.05780 -94.04202
788.74951 -92.71716
791.44159 -92.63557
794.13367 -92.78200
796.82568 -92.97914
799.51770 -87.65377
802.20947 -92.18199
804.90167 -91.00746
807.59369 -90.87093
810.28552 -90.97866
812.97742 -92.04174
815.66931 -91.11837
818.36182 -93.78419
821.05322 -93.53701
823.74542 -93.38860
826.43762 -93.09367
829.12915 -93.96729
831.82135 -95.06276
834.51331 -94.70453
837.20526 -93.79625
839.89740 -92.69575
842.58917 -91.64319
845.28137 -91.68697
847.97339 -98.93443
850.66516 -92.46664
853.35718 -93.18254
856.04950 -92.95267
858.74091 -92.56244
861.43304 -92.63129
864.12524 -97.86195
866.81702 -94.11977
869.50891 -95.82418
872.20123 -95.69228
874.89294 -94.67074
877.58484 -93.54494
880.27704 -93.66747
882.96924 -92.89222
885.66095 -93.59335
888.35278 -93.51985
891.04498 -93.23926
893.73669 -92.43790
896.42877 -89.56387
899.12079 -92.16411
901.81299 -93.13618
904.50470 -94.20433
907.19659 -95.41352
909.88867 -95.21987
912.58051 -89.75518
915.27277 -94.07016
917.96472 -94.26628
920.65668 -94.71284
923.34869 -95.15298
926.04065 -94.55282
928.73285 -88.54066
931.42450 -92.52129
934.11646 -92.23441
936.80847 -92.59590
939.50049 -93.40323
942.19275 -94.30450
944.88416 -89.87520
947.57660 -94.06213
950.26849 -93.89186
952.96051 -94.21983
955.65234 -95.05128
958.34424 -96.25693
961.03625 -91.73418
963.72833 -95.10523
966.42053 -94.07097
969.11200 -93.41644
971.80432 -93.30048
974.49640 -93.80093
977.18835 -93.76333
979.88025 -93.99010
982.57196 -93.83189
985.26434 -93.42773
987.95593 -93.52908
990.64813 -94.11385
993.34033 -101.06445
996.03210 -96.25134
998.72406 -96.61316
1001.41589 -95.60668
1004.10815 -94.98177
1006.80005 -94.49650
1009.49207 -101.95128
1012.18396 -95.18491
1014.87585 -95.24318
1017.56799 -94.32018
1020.25964 -93.71484
1022.95197 -92.98299
1025.64404 -97.32738
1028.33594 -94.47500
1031.02771 -95.38589
1033.71973 -95.75713
1036.41174 -95.77050
1039.10364 -94.82938
1041.79590 -96.87460
1044.48767 -96.01953
1047.17993 -96.41281
1049.87146 -96.42485
1052.56384 -95.82336
1055.25562 -94.28486
1057.94751 -94.12621
1060.63989 -94.13710
1063.33142 -94.14828
1066.02344 -94.74528
1068.71545 -94.98222
1071.40759 -94.63458
1074.09961 -94.08810
1076.79126 -94.81257
1079.48340 -95.00482
1082.17542 -96.14616
1084.86731 -96.84035
1087.55933 -96.90348
1090.25122 -95.33524
1092.94299 -95.39829
1095.63525 -94.80457
1098.32751 -95.06421
1101.01880 -95.19955
1103.71155 -95.55936
1106.40295 -95.07771
1109.09546 -94.22514
1111.78723 -94.07726
1114.47864 -94.50557
1117.17126 -95.21353
1119.86316 -96.68829
1122.55542 -98.40702
1125.24744 -96.09545
1127.93909 -96.06656
1130.63086 -95.97534
1133.32288 -96.31074
1136.01550 -97.16142
1138.70654 -98.67153
1141.39844 -95.56184
1144.09070 -95.22501
1146.78296 -94.58822
1149.47461 -94.72224
1152.16663 -95.14145
1154.85852 -98.71566
1157.55115 -95.73175
1160.24231 -96.15874
1162.93457 -95.79205
1165.62708 -96.12380
1168.31873 -96.17201
1171.01086 -100.93931
1173.70264 -97.72719
1176.39453 -97.65165
1179.08655 -96.53339
1181.77881 -96.04868
1184.47034 -95.08150
1187.16211 -98.68895
1189.85461 -96.28552
1192.54688 -96.10523
1195.23828 -95.64717
1197.93030 -95.35684
1200.62244 -94.55927
1203.31470 -97.89700
1206.00659 -97.02695
1208.69824 -97.16983
1211.39026 -97.63590
1214.08264 -97.17109
1216.77393 -96.02239
1219.46594 -98.22991
1222.15808 -97.30408
1224.85022 -96.66409
1227.54248 -96.79581
1230.23425 -95.98173
1232.92627 -95.11159
1235.61865 -95.52647
1238.31042 -95.48118
1241.00232 -95.35769
1243.69397 -96.32043
1246.38599 -96.37550
1249.07825 -96.87110
1251.77051 -95.58654
1254.46204 -96.40714
1257.15381 -96.54564
1259.84558 -97.54348
1262.53821 -97.47106
1265.22961 -98.10698
1267.92188 -94.97366
1270.61426 -95.54197
1273.30591 -95.41535
1275.99780 -95.82388
1278.68994 -96.05546
1281.38196 -97.58234
1284.07336 -94.53693
1286.76538 -95.33540
1289.45752 -95.97890
1292.14966 -96.35529
1294.84155 -97.28265
1297.53320 -99.33727
1300.22571 -96.63773
1302.91699 -96.87592
1305.60962 -97.33122
1308.30127 -96.79316
1310.99304 -97.12527
1313.68542 -97.91872
1316.37744 -96.97395
1319.06921 -96.18100
1321.76147 -96.70648
1324.45374 -95.91744
1327.14551 -96.40221
1329.83704 -96.39829
1332.52905 -100.80359
1335.22156 -97.83901
1337.91370 -98.69950
1340.60498 -97.71542
1343.29761 -97.98429
1345.98889 -96.89957
1348.68176 -104.58183
1351.37280 -98.77597
1354.06506 -98.73674
1356.75684 -97.39259
1359.44946 -96.95161
1362.14160 -95.28258
1364.83325 -101.02088
1367.52454 -97.72795
1370.21680 -97.56596
1372.90869 -97.53787
1375.60156 -97.33730
1378.29248 -95.90475
1380.98511 -99.05881
1383.67725 -98.90645
1386.36890 -98.45033
1389.06079 -99.03062
1391.75293 -98.32587
1394.44507 -96.58376
1397.13647 -97.35362
1399.82849 -97.66122
1402.52051 -96.77634
1405.21313 -97.50006
1407.90417 -96.99323
1410.59692 -96.54373
1413.28882 -95.48919
1415.98096 -96.71861
1418.67285 -96.44997
1421.36462 -97.79665
1424.05688 -98.00793
1426.74829 -99.09601
1429.44067 -96.76205
1432.13245 -97.59106
1434.82422 -97.18016
1437.51611 -97.91949
1440.20825 -97.75518
1442.90015 -99.08495
1445.59229 -96.89030
1448.28430 -96.36251
1450.97607 -96.32979
1453.66772 -96.72445
1456.35999 -97.10971
1459.05212 -99.18884
1461.74426 -100.11869
1464.43665 -97.28427
1467.12830 -97.97673
1469.82080 -97.92290
1472.51196 -98.54492
1475.20386 -100.04309
1477.89624 -105.11729
1480.58789 -98.01030
1483.28027 -98.44060
1485.97241 -97.48126
1488.66394 -97.72153
1491.35596 -97.78421
1494.04785 -105.22353
1496.74060 -97.67196
1499.43188 -98.46495
1502.12402 -97.68118
1504.81592 -98.30237
1507.50781 -97.50885
1510.19995 -101.58688
1512.89172 -99.65836
1515.58374 -100.10401
1518.27576 -99.10780
1520.96741 -99.27855
1523.66016 -97.39638
1526.35181 -98.99920
1529.04346 -99.26455
1531.73572 -98.72311
1534.42810 -98.16048
1537.12012 -98.03297
1539.81189 -96.38183
1542.50354 -96.00518
1545.19531 -99.01579
1547.88708 -98.23283
1550.57983 -98.94574
1553.27124 -98.79138
1555.96387 -97.74890
1558.65601 -96.18560
1561.34741 -100.02234
1564.03906 -98.56847
1566.73120 -99.18266
1569.42371 -98.32877
1572.11536 -97.61087
1574.80701 -95.75594
1577.49927 -98.28621
1580.19177 -97.16731
1582.88281 -98.06833
1585.57593 -97.46564
1588.26758 -98.42037
1590.95959 -96.98833
1593.65063 -98.29106
1596.34326 -98.02346
1599.03503 -99.12143
1601.72705 -98.55825
1604.41992 -100.39449
1607.11121 -99.38518
1609.80322 -98.31730
1612.49463 -98.10053
1615.18665 -98.43786
1617.87903 -97.81709
1620.57068 -99.73054
1623.26294 -100.60395
1625.95508 -97.22275
1628.64673 -98.05040
1631.33887 -98.26849
1634.03125 -98.56746
1636.72290 -100.66656
1639.41528 -102.77342
1642.10669 -98.35209
1644.79883 -99.76116
1647.49097 -99.36147
1650.18250 -99.75227
1652.87451 -100.62803
1655.56702 -101.39240
1658.25903 -98.08989
1660.95117 -99.21176
1663.64282 -98.36451
1666.33435 -99.10934
1669.02686 -98.77838
1671.71924 -98.37168
1674.41064 -98.62135
1677.10254 -99.74729
1679.79443 -99.16312
1682.48669 -100.32625
1685.17847 -99.10743
1687.87097 -98.14661
1690.56287 -100.35670
1693.25378 -100.48769
1695.94604 -99.56674
1698.63843 -99.94478
1701.33044 -98.08909
1704.02295 -96.91138
1706.71448 -99.83997
1709.40613 -99.12692
1712.09827 -98.84525
1714.79028 -98.88506
1717.48242 -97.63580
1720.17407 -97.17786
1722.86670 -100.80830
1725.55859 -99.74316
1728.25012 -100.18021
1730.94214 -99.60732
1733.63416 -98.59092
1736.32642 -98.46696
1739.01794 -100.82458
1741.71033 -99.35299
1744.40210 -99.68145
1747.09363 -98.54474
1749.78564 -98.10980
1752.47791 -98.74345
1755.16980 -99.13491
1757.86157 -98.57813
1760.55371 -99.48800
1763.24561 -98.76196
1765.93762 -99.59634
1768.62939 -101.29123
1771.32202 -99.47507
1774.01343 -99.57943
1776.70667 -100.44104
1779.39746 -99.60770
1782.08972 -100.64029
1784.78162 -102.17409
1787.47375 -98.52738
1790.16589 -98.79258
1792.85718 -99.21986
1795.54980 -99.05926
1798.24121 -100.60857
1800.93445 -101.59756
1803.62500 -98.25851
1806.31726 -99.24623
1809.00977 -99.55678
1811.70239 -100.42196
1814.39331 -102.00697
1817.08521 -102.31039
1819.77759 -99.34639
1822.46948 -100.15285
1825.16125 -99.73961
1827.85254 -100.50127
1830.54578 -100.85550
1833.23706 -100.47038
1835.92957 -98.98588
1838.62061 -99.50180
1841.31348 -98.94405
1844.00488 -100.02222
1846.69751 -99.67255
1849.38855 -99.31370
1852.08105 -100.55891
1854.77319 -100.73734
1857.46533 -100.08458
1860.15735 -100.94609
1862.84912 -99.80276
1865.54175 -99.36024
1868.23303 -101.47375
1870.92578 -100.64793
1873.61707 -99.80544
1876.30872 -99.83273
1879.00012 -98.46130
1881.69324 -97.88664
1884.38464 -100.97044
1887.07666 -99.99693
1889.76855 -100.00607
1892.46069 -99.70857
1895.15234 -98.86739
1897.84473 -98.26956
1900.53723 -101.91895
1903.22827 -100.87007
1905.92029 -101.17540
1908.61218 -100.13351
1911.30432 -99.29604
1913.99646 -98.37121
1916.68884 -100.70470
1919.38123 -99.79011
1922.07263 -100.32795
1924.76465 -99.21642
1927.45679 -99.31588
1930.14795 -98.59367
1932.84033 -99.73943
1935.53296 -99.79536
1938.22412 -100.84661
1940.91663 -100.11584
1943.60889 -101.19701
1946.30005 -100.66705
1948.99182 -100.12095
1951.68408 -100.37394
1954.37634 -100.94081
1957.06848 -100.15485
1959.76062 -101.32301
1962.45215 -101.28178
1965.14404 -99.01316
1967.83594 -99.60654
1970.52881 -99.95953
1973.22009 -100.09101
1975.91211 -101.74138
1978.60352 -102.50637
1981.29639 -99.60469
1983.98865 -100.67779
1986.68018 -100.72043
1989.37109 -101.42686
1992.06372 -102.57986
1994.75537 -102.69776
1997.44824 -100.09087
2000.13940 -100.74677
2002.83142 -100.13028
2005.52368 -100.85297
2008.21643 -100.98623
2010.90820 -99.98411
2013.60034 -99.96495
2016.29163 -100.51062
2018.98315 -100.04298
2021.67615 -101.19408
2024.36707 -100.79791
2027.05945 -98.88359
2029.75208 -101.59483
2032.44373 -101.61427
2035.13562 -100.94209
2037.82776 -101.64764
2040.52002 -100.52142
2043.21143 -97.89649
2045.90405 -101.49735
2048.59570 -100.80508
2051.28760 -100.26746
2053.97974 -100.46365
2056.67090 -99.49306
2059.36426 -97.11929
2062.05566 -101.65322
2064.74707 -100.95964
2067.43970 -101.14081
2070.13135 -100.91786
2072.82422 -100.26371
2075.51611 -98.11915
2078.20703 -102.44537
2080.89893 -101.45457
2083.59082 -101.54956
2086.28394 -100.55972
2088.97510 -99.93914
2091.66724 -98.53828
2094.35938 -101.07275
2097.05151 -100.54435
2099.74365 -101.02531
2102.43457 -100.10861
2105.12671 -100.29390
2107.81885 -100.79609
2110.51099 -101.01546
2113.20410 -101.28151
2115.89380 -102.07374
2118.58691 -101.14462
2121.27881 -101.57407
2123.97192 -103.53014
2126.66357 -100.81641
2129.35522 -101.07385
2132.04663 -101.40805
2134.73926 -100.71027
2137.43164 -101.30922
2140.12280 -103.75517
2142.81494 -99.88861
2145.50708 -100.61283
2148.19873 -100.98825
2150.89062 -101.35743
2153.58325 -102.46524
2156.27466 -103.25542
2158.96704 -100.69666
2161.65796 -101.47729
2164.35107 -101.50671
2167.04272 -102.14215
2169.73413 -102.83369
2172.42676 -101.09256
2175.11890 -100.44876
2177.81079 -100.78246
2180.50269 -100.43834
2183.19385 -101.35601
2185.88647 -101.81546
2188.57715 -98.92310
2191.27002 -100.92075
2193.96289 -101.20798
2196.65405 -100.88301
2199.34619 -102.01332
2202.03784 -102.18665
2204.73047 -98.76553
2207.42261 -102.22462
2210.11450 -101.92228
2212.80615 -101.18877
2215.49854 -101.61611
2218.19043 -101.15366
2220.88086 -98.08279
2223.57446 -101.87479
2226.26538 -101.40743
2228.95703 -100.90177
2231.65063 -100.99267
2234.34277 -100.49930
2237.03418 -98.73964
2239.72534 -102.73863
2242.41724 -102.49264
2245.10986 -102.28374
2247.80225 -101.80259
2250.49390 -100.95294
2253.18628 -100.06363
2255.87842 -102.73370
2258.56982 -102.32799
2261.26196 -102.18231
2263.95361 -101.21459
2266.64600 -100.30420
2269.33667 -100.93332
2272.02930 -101.59901
2274.72241 -101.71916
2277.41406 -102.29366
2280.10596 -101.66757
2282.79761 -101.16309
2285.48975 -103.49371
2288.18140 -101.98026
2290.87378 -102.28297
2293.56543 -102.99054
2296.25781 -102.37991
2298.94946 -101.81831
2301.64185 -104.23403
2304.33350 -101.19642
2307.02588 -101.23693
2309.71729 -101.76613
2312.40967 -101.72794
2315.10107 -101.94789
2317.79321 -103.36510
2320.48486 -101.00710
2323.17676 -101.21426
2325.86938 -101.74763
2328.56006 -102.41663
2331.25391 -103.36564
2333.94556 -103.17191
2336.63647 -101.78121
2339.32910 -101.64285
2342.02124 -101.62599
2344.71387 -102.11923
2347.40430 -102.98464
2350.09790 -101.23956
2352.78955 -101.30639
2355.48145 -101.10728
2358.17261 -100.90404
2360.86572 -101.53642
2363.55664 -102.59625
2366.24902 -100.32275
2368.94092 -102.23437
2371.63306 -102.22656
2374.32471 -101.78100
2377.01636 -102.24311
2379.70874 -102.84531
2382.40015 -100.17118
2385.09326 -102.64158
2387.78418 -102.42882
2390.47705 -101.63556
2393.16870 -101.63024
2395.85962 -101.59459
2398.55200 -99.35197
2401.24512 -102.21098
2403.93579 -102.43466
2406.62939 -102.06188
2409.32104 -102.01203
2412.01270 -101.66445
2414.70361 -100.09885
2417.39600 -103.10199
2420.08887 -103.45702
2422.78101 -103.14577
2425.47168 -102.65655
2428.16553 -101.66219
2430.85571 -100.45930
2433.54761 -102.48983
2436.23975 -102.58448
2438.93213 -102.58501
2441.62500 -102.12121
2444.31665 -101.20359
2447.00854 -101.28030
2449.70068 -102.25294
2452.39307 -102.47378
2455.08447 -103.10973
2457.77612 -102.90881
2460.46826 -102.20709
2463.16016 -103.27145
2465.85254 -102.77863
2468.54541 -102.59346
2471.23682 -103.00462
2473.92847 -102.66827
2476.62061 -102.12259
2479.31250 -103.50448
2482.00488 -101.90193
2484.69629 -101.62430
2487.38892 -102.07059
2490.07910 -102.17676
2492.77197 -102.63025
2495.46411 -103.76850
2498.15601 -102.26058
2500.84692 -102.16903
2503.54053 -102.55541
2506.23169 -102.80218
2508.92432 -103.73370
2511.61572 -103.19810
2514.30713 -102.31332
2517.00024 -102.05350
2519.69067 -101.93694
2522.38403 -102.09266
2525.07593 -103.22816
2527.76807 -101.18665
2530.45874 -101.78931
2533.15234 -102.04055
2535.84473 -101.90357
2538.53564 -102.35301
2541.22827 -103.72606
2543.91943 -100.84307
2546.61182 -102.61616
2549.30322 -103.18798
2551.99438 -102.68001
2554.68726 -102.87773
2557.38013 -103.57083
2560.07129 -100.28315
2562.76270 -102.35918
2565.45557 -102.98209
2568.14697 -102.27087
2570.83838 -102.41959
2573.53125 -102.39883
2576.22412 -100.37374
2578.91553 -102.63749
2581.60840 -103.69295
2584.29956 -103.23495
2586.99097 -103.40504
2589.68359 -102.58750
2592.37500 -101.91561
2595.06592 -103.53521
2597.76001 -104.26135
2600.45117 -103.67883
2603.14331 -103.42875
2605.83447 -101.83044
2608.52808 -102.84086
2611.22021 -103.02914
2613.91235 -103.30539
2616.60278 -103.26387
2619.29468 -103.23450
2621.98633 -101.61453
2624.67969 -105.42053
2627.37085 -103.58685
2630.06372 -103.47982
2632.75366 -104.01566
2635.44629 -104.04580
2638.13867 -102.34205
2640.82959 -106.95502
2643.52319 -103.57513
2646.21533 -102.76359
2648.90674 -103.20680
2651.59863 -103.18305
2654.28979 -102.15784
2656.98267 -105.03880
2659.67529 -102.82665
2662.36597 -101.97933
2665.05835 -102.65920
2667.75146 -103.05449
2670.44336 -103.35345
2673.13477 -103.96745
2675.82764 -103.34969
2678.51855 -102.41499
2681.21094 -102.90440
2683.90283 -103.13605
2686.59473 -104.09595
2689.28613 -102.49073
2691.97754 -102.82822
2694.67017 -101.93074
2697.36353 -102.05869
2700.05273 -102.21149
2702.74609 -103.93786
2705.43896 -101.46484
2708.13135 -102.83492
2710.82227 -102.62639
2713.51416 -102.57027
2716.20581 -102.72510
2718.89868 -104.60381
2721.58960 -102.11176
2724.28320 -103.50550
2726.97510 -103.55483
2729.66528 -102.94653
2732.35791 -102.66193
2735.05029 -103.65126
2737.74219 -102.09779
2740.43408 -103.00932
2743.12646 -103.65691
2745.81763 -102.99969
2748.50952 -102.74577
2751.20264 -102.91119
2753.89526 -103.40408
2756.58472 -103.59224
2759.27832 -104.86991
2761.97144 -104.28468
2764.66260 -103.94177
2767.35327 -103.05586
2770.04663 -104.61812
2772.73804 -103.68810
2775.43066 -104.56777
2778.12256 -104.14587
2780.81274 -103.78988
2783.50562 -102.30511
2786.19629 -104.18259
2788.89111 -103.14823
2791.58081 -103.68134
2794.27344 -104.07533
2796.96655 -104.30033
2799.65674 -102.89787
2802.34912 -104.35558
2805.04126 -103.77055
2807.73413 -103.72235
2810.42505 -104.31396
2813.11743 -104.58118
2815.80859 -103.38677
2818.50122 -103.37836
2821.19336 -103.30566
2823.88647 -102.65929
2826.57739 -103.17588
2829.26953 -103.46670
2831.96069 -103.50246
2834.65332 -102.56161
2837.34521 -103.29382
2840.03809 -102.66556
2842.72900 -103.21374
2845.42041 -103.57034
2848.11328 -104.72433
2850.80542 -103.03763
2853.49707 -103.88734
2856.18945 -103.13269
2858.87988 -103.14692
2861.57275 -103.07818
2864.26514 -104.43363
2866.95679 -102.80619
2869.64941 -103.29528
2872.34131 -103.05637
2875.03271 -102.84644
2877.72510 -102.75098
2880.41699 -104.22164
2883.10938 -103.81185
2885.79980 -103.77537
2888.49268 -104.38339
2891.18457 -103.85693
2893.87646 -103.61432
2896.56885 -104.42438
2899.26050 -104.81385
2901.95190 -103.83558
2904.64551 -104.72755
2907.33667 -103.83456
2910.02905 -103.52747
2912.72021 -103.36514
2915.41284 -104.74666
2918.10449 -103.38783
2920.79565 -104.69661
2923.48877 -104.27039
2926.18018 -104.43800
2928.87354 -103.48817
2931.56299 -105.56250
2934.25537 -104.12656
2936.94824 -105.16009
2939.64062 -104.94228
2942.33179 -105.19691
2945.02417 -103.44429
2947.71582 -105.01326
2950.40796 -103.84717
2953.10107 -104.03597
2955.79199 -104.12686
2958.48364 -104.59543
2961.17627 -103.05799
2963.86768 -104.50500
2966.56006 -104.04348
2969.25171 -103.63898
2971.94580 -104.26869
2974.63599 -104.85336
2977.32812 -103.88728
2980.02148 -105.09005
2982.71045 -104.75706
2985.40381 -103.61185
2988.09448 -104.02661
2990.78906 -104.14503
2993.48145 -103.72711
2996.17139 -104.50063
2998.86499 -104.19781
3001.55640 -102.97216
3004.24829 -103.38329
3006.93945 -103.38548
3009.63330 -104.04534
3012.32422 -104.94547
3015.01587 -104.54573
3017.70850 -103.65260
3020.39819 -103.99851
3023.09229 -103.74693
3025.78369 -104.82605
3028.47437 -105.24825
3031.16724 -104.44717
3033.85938 -103.79112
3036.55029 -103.71086
3039.24341 -103.24229
3041.93457 -104.32763
3044.62598 -104.49148
3047.31958 -103.77321
3050.01099 -104.03514
3052.70288 -103.95631
3055.39551 -103.74799
3058.08716 -104.80952
3060.77930 -104.92960
3063.47070 -104.27613
3066.16309 -105.04430
3068.85742 -104.70524
3071.54907 -104.40916
3074.23975 -104.74841
3076.93115 -104.58755
3079.62305 -103.91821
3082.31567 -104.69448
3085.00732 -104.27267
3087.69800 -104.24731
3090.39087 -104.04166
3093.08301 -104.47070
3095.77393 -104.08302
3098.46704 -104.94928
3101.16089 -104.83127
3103.85010 -105.13212
3106.54199 -104.47016
3109.23584 -105.48600
3111.92725 -104.79752
3114.61914 -105.06682
3117.31177 -104.86591
3120.00293 -104.92163
3122.69507 -103.94331
3125.38770 -105.24252
3128.07739 -104.40374
3130.76929 -104.22074
3133.46216 -104.32006
3136.15527 -104.51775
3138.84570 -103.96703
3141.53833 -105.66195
3144.22998 -104.89083
3146.92407 -104.50280
3149.61523 -104.83291
3152.30835 -104.93420
3154.99878 -104.64727
3157.69141 -105.75497
3160.38306 -104.83081
3163.07520 -104.14736
3165.76611 -104.33392
3168.45752 -104.21710
3171.14966 -104.39359
3173.84229 -104.52294
3176.53345 -104.21219
3179.22705 -103.90453
3181.91943 -104.25783
3184.60913 -104.36765
3187.30249 -105.19160
3189.99487 -104.50738
3192.68774 -104.64973
3195.37744 -104.58410
3198.06934 -104.72234
3200.76196 -104.68533
3203.45337 -105.41506
3206.14526 -104.04531
3208.83936 -104.23697
3211.53052 -104.31384
3214.22168 -104.25822
3216.91406 -104.26695
3219.60669 -104.85316
3222.29761 -103.97800
3224.98975 -104.38866
3227.68164 -104.89973
3230.37256 -104.82919
3233.06763 -104.98431
3235.75781 -105.13840
3238.44995 -105.10621
3241.14111 -105.09874
3243.83423 -105.43420
3246.52612 -105.03124
3249.21851 -104.90510
3251.90942 -104.36662
3254.60083 -105.47250
3257.29272 -104.81471
3259.98682 -104.97929
3262.67798 -104.78123
3265.36914 -104.73882
3268.06299 -104.05304
3270.75342 -106.68821
3273.44604 -105.45132
3276.13916 -105.42381
3278.82910 -105.42751
3281.52124 -105.30827
3284.21362 -104.43629
3286.90479 -107.23958
3289.59814 -105.47877
3292.29004 -104.95016
3294.98242 -104.95039
3297.67334 -104.68420
3300.36475 -104.12611
3303.06006 -105.96948
3305.75000 -104.83540
3308.44043 -104.39493
3311.13525 -104.79355
3313.82666 -104.77532
3316.51636 -105.03347
3319.20874 -105.43664
3321.90137 -105.14860
3324.59375 -104.75506
3327.28516 -105.06296
3329.97681 -104.94244
3332.66895 -105.57990
3335.36133 -104.47547
3338.05420 -104.52781
3340.74512 -104.27043
3343.43872 -104.44734
3346.12891 -104.43739
3348.82104 -105.62856
3351.51343 -103.82217
3354.20435 -104.40192
3356.89746 -104.72556
3359.58936 -104.91651
3362.28149 -105.08631
3364.97192 -106.34895
3367.66455 -104.37715
3370.35547 -104.87827
3373.04883 -105.34641
3375.74219 -105.09348
3378.43237 -105.09785
3381.12451 -105.59757
3383.81689 -104.40223
3386.50781 -104.56065
3389.20117 -105.26669
3391.89233 -105.01147
3394.58447 -105.22924
3397.27637 -105.03386
3399.96851 -105.61788
3402.66113 -105.31410
3405.35205 -106.07776
3408.04541 -105.85103
3410.73682 -106.04581
3413.42822 -104.98142
3416.12036 -106.74700
3418.81250 -105.67679
3421.50513 -105.83576
3424.19580 -105.53618
3426.88696 -105.59140
3429.58008 -104.16860
3432.27344 -106.79197
3434.96338 -105.57450
3437.65747 -105.27275
3440.34766 -105.47365
3443.04199 -105.65536
3445.73096 -104.52921
3448.42383 -107.30238
3451.11670 -106.31324
3453.80811 -105.40941
3456.49951 -105.69801
3459.19165 -105.56882
3461.88354 -104.75475
3464.57544 -106.44024
3467.26807 -105.82471
3469.96045 -104.63212
3472.65332 -104.91499
3475.34424 -104.69907
3478.03711 -104.87404
3480.72656 -105.43418
3483.42188 -105.53117
3486.11353 -104.70094
3488.80151 -105.14948
3491.49561 -104.92994
3494.18799 -106.01241
3496.88013 -105.39939
3499.57056 -105.65658
3502.26318 -105.03323
3504.95605 -105.16540
3507.64697 -104.69159
3510.33984 -106.02519
3513.03125 -104.63491
3515.72266 -104.83245
3518.41431 -104.89927
3521.10791 -104.95261
3523.79980 -104.75184
3526.49170 -106.28346
3529.18359 -104.71996
3531.87549 -105.02483
3534.56787 -105.81638
3537.26050 -105.75150
3539.95264 -105.66592
3542.64551 -106.61370
3545.33643 -105.06150
3548.02710 -105.06430
3550.71997 -105.93292
3553.41284 -105.60786
3556.10376 -105.65218
3558.79517 -105.64952
3561.48657 -104.83568
3564.17969 -104.94586
3566.87109 -105.89377
3569.56274 -105.78078
3572.25391 -106.31127
3574.94580 -105.57818
3577.63940 -105.65422
3580.33105 -105.88528
3583.02295 -106.32159
3585.71509 -106.21039
3588.40698 -106.58434
3591.10083 -105.23955
3593.79102 -105.77273
3596.48291 -105.94115
3599.17700 -105.56421
3601.86719 -105.57320
3604.55933 -105.76207
3607.25146 -104.69348
3609.94385 -105.84061
3612.63403 -106.32887
3615.32617 -105.47570
3618.02051 -105.78408
3620.71094 -105.77970
3623.40112 -105.25492
3626.09375 -106.45666
3628.78613 -106.81028
3631.47827 -105.50453
3634.17090 -105.69325
3636.86133 -105.17180
3639.55542 -105.16372
3642.24805 -105.82771
3644.93799 -105.95217
3647.63062 -105.01081
3650.32080 -105.30448
3653.01514 -104.76762
3655.70532 -105.72059
3658.39746 -105.64395
3661.09180 -105.81767
3663.78198 -105.61842
3666.47437 -105.86715
3669.16846 -105.27856
3671.85840 -106.67477
3674.55054 -105.46716
3677.24072 -105.38524
3679.93433 -105.65593
3682.62646 -105.63893
3685.31836 -105.13820
3688.01001 -106.58206
3690.70166 -104.74588
3693.39331 -104.75586
3696.08691 -105.82953
3698.77661 -105.82507
3701.46997 -105.92238
3704.16138 -107.09761
3706.85278 -105.06086
3709.54590 -105.23932
3712.23901 -106.64224
3714.93213 -106.33866
3717.62329 -106.67553
3720.31396 -106.77832
3723.00684 -105.08864
3725.69775 -105.15699
3728.38818 -106.30573
3731.08276 -105.94357
3733.77319 -106.62952
3736.46753 -105.79221
3739.15771 -105.39803
3741.85181 -105.76138
3744.54370 -106.50671
3747.23535 -106.35332
3749.92529 -107.22627
3752.61914 -105.71313
3755.31030 -106.40468
3758.00171 -106.75521
3760.69287 -106.52702
3763.38599 -106.30519
3766.07690 -106.71657
3768.76978 -105.01939
3771.46240 -106.40807
3774.15503 -106.74279
3776.84546 -105.72569
3779.53760 -105.86977
3782.22949 -105.97865
3784.91943 -104.96309
3787.61328 -106.71680
3790.30493 -107.35635
3792.99658 -105.89440
3795.68750 -106.26020
3798.38086 -105.94861
3801.07397 -105.50535
3803.76660 -106.64616
3806.45728 -107.10847
3809.14941 -105.54054
3811.84180 -105.80730
3814.53394 -105.17691
3817.22363 -105.55687
3819.91724 -105.73151
3822.60889 -106.21599
3825.30225 -105.38667
3827.99341 -105.82059
3830.68408 -105.23940
3833.37671 -106.61885
3836.06934 -105.79147
3838.76196 -106.23917
3841.45386 -106.05849
3844.14575 -106.24368
3846.83740 -105.53844
3849.52881 -107.10262
3852.21973 -105.49694
3854.91089 -105.54643
3857.60376 -105.97495
3860.29639 -105.92588
3862.98853 -105.53963
3865.68091 -106.99729
3868.37256 -105.50220
3871.06641 -105.42364
3873.75757 -106.64882
3876.44678 -106.55152
3879.13965 -106.58965
3881.83228 -107.35210
3884.52490 -106.23016
3887.21704 -105.84569
3889.91089 -107.13705
3892.59814 -106.72555
3895.29175 -106.94506
3897.98535 -106.53827
3900.67822 -106.09158
3903.36865 -105.65069
3906.05859 -106.68036
3908.75098 -106.46458
3911.44263 -107.23599
3914.13623 -106.11623
3916.82959 -106.35093
3919.52051 -106.43095
3922.21338 -106.88612
3924.90356 -106.91519
3927.59570 -107.72789
3930.28955 -106.18472
3932.97900 -106.32635
3935.67236 -106.78988
3938.36548 -106.29179
3941.05591 -106.33417
3943.74854 -106.81051
3946.44043 -105.65846
3949.13208 -105.56210
3951.82349 -106.79262
3954.51440 -105.77303
3957.20728 -106.10583
3959.89990 -106.35706
3962.59229 -106.15182
3965.28418 -105.68882
3967.97559 -107.45925
3970.66675 -106.06579
3973.35962 -106.31685
3976.05225 -105.99001
3978.74243 -106.36045
3981.43652 -105.46505
3984.12817 -106.97498
3986.81909 -105.75244
3989.51221 -105.85987
3992.20483 -105.26078
3994.89722 -106.34538
3997.58667 -105.52010
4000.28052 -106.70603
4002.97144 -106.33340
4005.66431 -106.40153
4008.35693 -105.66476
4011.04883 -107.06123
4013.74072 -106.31256
4016.43213 -106.72012
4019.12305 -106.95084
4021.81592 -106.69232
4024.50806 -105.76960
4027.19995 -106.78758
4029.89136 -106.23710
4032.58252 -105.94667
4035.27563 -106.94431
4037.96777 -106.70275
4040.65967 -106.27962
4043.35156 -106.83857
4046.04272 -106.59094
4048.73560 -106.10137
4051.42822 -107.59151
4054.11816 -107.39983
4056.80957 -107.43409
4059.50562 -107.14416
4062.19629 -106.59953
4064.88672 -106.08606
4067.57861 -107.19748
4070.27295 -107.01498
4072.96167 -107.50121
4075.65454 -106.60358
4078.34717 -105.86906
4081.03955 -106.00832
4083.73315 -106.66393
4086.42212 -106.80773
4089.11719 -107.86009
4091.80762 -106.90370
4094.49951 -106.00818
4097.19092 -106.82293
4099.88379 -106.76071
4102.57471 -106.88313
4105.26709 -107.67820
4107.95850 -106.83794
4110.64990 -105.78279
4113.34326 -106.83889
4116.03564 -106.14207
4118.72754 -106.24819
4121.41943 -106.64012
4124.11035 -106.49397
4126.80322 -105.90469
4129.49561 -107.20484
4132.18750 -106.39425
4134.87891 -106.55232
4137.56934 -106.58463
4140.26221 -106.94635
4142.95605 -106.74130
4145.64551 -107.58899
4148.33887 -106.76561
4151.03125 -106.65643
4153.72363 -106.17513
4156.41553 -106.62386
4159.10840 -106.83923
4161.79932 -106.93385
4164.49170 -106.72144
4167.18311 -106.65159
4169.87207 -106.12926
4172.56738 -106.72656
4175.25781 -107.36001
4177.95166 -107.00603
4180.64307 -107.51511
4183.33594 -107.38870
4186.02832 -106.88132
4188.71777 -107.11260
4191.40918 -107.47966
4194.10449 -106.74858
4196.79248 -107.43544
4199.48438 -107.19320
4202.17822 -106.94327
4204.87109 -106.73445
4207.56348 -106.76223
4210.25488 -106.41083
4212.94385 -107.23290
4215.63916 -107.25438
4218.32959 -107.61048
4221.02148 -107.08263
4223.71240 -106.85087
4226.40527 -107.00954
4229.09766 -107.45830
4231.78955 -107.42209
4234.48291 -107.91162
4237.17334 -106.99505
4239.86523 -106.52170
4242.55713 -106.95560
4245.25000 -106.76861
4247.94287 -106.77336
4250.63281 -107.28497
4253.32617 -106.64882
4256.01709 -106.49482
4258.70947 -107.37126
4261.40137 -106.77932
4264.09229 -106.96677
4266.78516 -107.32553
4269.47754 -107.06587
4272.16895 -107.13701
4274.86279 -107.88815
4277.55273 -106.85088
4280.24463 -106.86031
4282.93848 -106.77014
4285.62939 -106.80564
4288.32129 -107.00015
4291.01318 -107.35531
4293.70654 -106.50642
4296.39697 -106.62255
4299.09131 -106.41623
4301.78027 -107.09006
4304.47314 -107.28756
4307.16602 -107.42677
4309.85742 -107.07681
4312.54834 -107.19548
4315.24121 -106.80566
4317.93311 -107.66837
4320.62451 -107.21075
4323.31738 -107.05460
4326.00732 -107.04989
4328.69922 -106.97255
4331.39453 -106.60450
4334.08740 -107.48086
4336.77686 -106.48427
4339.46777 -106.52203
4342.16064 -107.17895
4344.85254 -107.19301
4347.54639 -107.17103
4350.23730 -107.94707
4352.92676 -106.55424
4355.62354 -106.90150
4358.31152 -107.81089
4361.00439 -107.62851
4363.69629 -107.62682
4366.38965 -107.74677
4369.08008 -106.27415
4371.77197 -106.71969
4374.46582 -107.53226
4377.15625 -107.27242
4379.84814 -107.49557
4382.53955 -107.11961
4385.23291 -106.38255
4387.92529 -107.10760
4390.61621 -107.83661
4393.30957 -107.72569
4396.00000 -108.01274
4398.69385 -107.20165
4401.38477 -107.18236
4404.07715 -107.72102
4406.76904 -107.92690
4409.45996 -107.72073
4412.15283 -107.70095
4414.84473 -106.66655
4417.53564 -107.30324
4420.22852 -107.49767
4422.92041 -107.36729
4425.61133 -107.39350
4428.30420 -107.40736
4430.99609 -106.73959
4433.68750 -107.97493
4436.38037 -107.84483
4439.07227 -107.56820
4441.76318 -107.75620
4444.45605 -107.63599
4447.14844 -107.26139
4449.83936 -108.18294
4452.53223 -107.60108
4455.22461 -107.18369
4457.91553 -107.28444
4460.60840 -107.12737
4463.30029 -107.30011
4465.99170 -107.54514
4468.68457 -107.07407
4471.37646 -106.98719
4474.06787 -107.17783
4476.76074 -107.33697
4479.45264 -108.15204
4482.14355 -107.65393
4484.83594 -107.32271
4487.52832 -107.42822
4490.22168 -107.40145
4492.91162 -107.55222
4495.60596 -108.37006
4498.29688 -107.22689
4500.98926 -106.98163
4503.67871 -107.22533
4506.37158 -107.02339
4509.06445 -107.35622
4511.75586 -107.98554
4514.44873 -107.11854
4517.14111 -107.22163
4519.83008 -107.74419
4522.52344 -107.48865
4525.21777 -107.99081
4527.90918 -108.03715
4530.59961 -107.71775
4533.29150 -107.78094
4535.98242 -108.10705
4538.67480 -107.64366
4541.36914 -107.92189
4544.06006 -107.21432
4546.75000 -107.63651
4549.44434 -107.71008
4552.13770 -107.83617
4554.82715 -107.60805
4557.51855 -107.86583
4560.21143 -106.85122
4562.90088 -108.12347
4565.59473 -108.35101
4568.28711 -108.17673
4570.97900 -108.17333
4573.67236 -108.18066
4576.36230 -106.94932
4579.05371 -108.35345
4581.74707 -108.36508
4584.43896 -107.72521
4587.12988 -107.84811
4589.82324 -107.55567
4592.51465 -106.67814
4595.20557 -107.85719
4597.89844 -107.97116
4600.59229 -107.36781
4603.28516 -107.83395
4605.97510 -107.51238
4608.66602 -107.36259
4611.36133 -108.10478
4614.05322 -108.13170
4616.74414 -107.57935
4619.43408 -107.96921
4622.12549 -107.44854
4624.81836 -107.79662
4627.51025 -107.81538
4630.20166 -107.49593
4632.89453 -107.19621
4635.58594 -107.47582
4638.27930 -107.06018
4640.97119 -108.13509
4643.66016 -107.74982
4646.35547 -107.28864
4649.04980 -107.59216
4651.74072 -107.78030
4654.43066 -107.58925
4657.12207 -108.97096
4659.81250 -108.32211
4662.50684 -107.40418
4665.19775 -107.95763
4667.89014 -107.73792
4670.58398 -107.67201
4673.27441 -108.68987
4675.96680 -108.11418
4678.65771 -107.05037
4681.35010 -107.89794
4684.04395 -107.58971
4686.73486 -107.99844
4689.42676 -108.50188
4692.12012 -108.44959
4694.81055 -107.56647
4697.50195 -108.51477
4700.19482 -108.07970
4702.88672 -108.73688
4705.57812 -108.37287
4708.27051 -108.48530
4710.96191 -107.81580
4713.65527 -108.31751
4716.34473 -107.78569
4719.03809 -108.46941
4721.73047 -107.51385
4724.42188 -107.90677
4727.11475 -108.01411
4729.80664 -108.10674
4732.49756 -107.92105
4735.18994 -108.56501
4737.88135 -107.45683
4740.57373 -108.10162
4743.26562 -108.81512
4745.95898 -108.31547
4748.65137 -108.21657
4751.34229 -108.37237
4754.03467 -107.22881
4756.72656 -107.79107
4759.41699 -108.63860
4762.10889 -107.76021
4764.80225 -107.86584
4767.49463 -107.64142
4770.18604 -107.02795
4772.87891 -107.79159
4775.57031 -108.62080
4778.26123 -107.87373
4780.95312 -108.31415
4783.64697 -107.75806
4786.33936 -107.62698
4789.03076 -108.39906
4791.72070 -108.56863
4794.41309 -107.95103
4797.10596 -108.29916
4799.79834 -107.47456
4802.48926 -107.69411
4805.17969 -108.29370
4807.87061 -107.74866
4810.56348 -107.64907
4813.25830 -108.06477
4815.94873 -107.50575
4818.64111 -108.31805
4821.33203 -108.82940
4824.02441 -107.71011
4826.71631 -108.10471
4829.40918 -108.42635
4832.10059 -108.08801
4834.79395 -109.01832
4837.48633 -109.05208
4840.17725 -107.48502
4842.86963 -107.97542
4845.55811 -107.96349
4848.25391 -108.01464
4850.94531 -108.85927
4853.63818 -108.58864
4856.33008 -107.33355
4859.02100 -108.01987
4861.71094 -107.90527
4864.40430 -108.51120
4867.09668 -109.14314
4869.78857 -108.86965
4872.48145 -107.97182
4875.17041 -108.49421
4877.86621 -108.09338
4880.55566 -108.71560
4883.24902 -108.72733
4885.93848 -108.44299
4888.63232 -108.04527
4891.32471 -108.24329
4894.01611 -107.75442
4896.70898 -108.34958
4899.40332 -108.00867
4902.09375 -108.21993
4904.78564 -108.56244
4907.47607 -108.58121
4910.16846 -108.23168
4912.85938 -108.63400
4915.55469 -108.01051
4918.24561 -108.54296
4920.93799 -109.05982
4923.62939 -108.72245
4926.31982 -108.39281
4929.01416 -108.29665
4931.70459 -107.50599
4934.39648 -108.15257
4937.08691 -108.67049
4939.78223 -108.34971
4942.47266 -108.40379
4945.16211 -108.14121
4947.85596 -107.59420
4950.54590 -108.47550
4953.24023 -108.81030
4955.93311 -108.63798
4958.62402 -108.95824
4961.31738 -108.47866
4964.00928 -108.02960
4966.70215 -108.72072
4969.39160 -108.47130
4972.08447 -108.29893
4974.77686 -108.65635
4977.46777 -108.14625
4980.16016 -108.01521
4982.85352 -108.61185
4985.54297 -108.01514
4988.23438 -108.11729
4990.92969 -108.62141
4993.62109 -108.45230
4996.31152 -108.72926
4999.00293 -109.33744
5001.69531 -108.30182
5004.38721 -108.41455
5007.08057 -108.69698
5009.77197 -108.61022
5012.46240 -108.89346
5015.15430 -109.38859
5017.84766 -108.03333
5020.54004 -108.07334
5023.23047 -108.16957
5025.92285 -108.34486
5028.61377 -108.75311
5031.30615 -109.46901
5034.00293 -108.28587
5036.69238 -108.37196
5039.38330 -108.35930
5042.07568 -108.76279
5044.77002 -109.06783
5047.45996 -109.80315
5050.15381 -108.71632
5052.84375 -108.53761
5055.53516 -108.24375
5058.22510 -108.53644
5060.91943 -108.57104
5063.60938 -109.03049
5066.30127 -108.54374
5068.99414 -108.30436
5071.68848 -108.09128
5074.37891 -108.42567
5077.07324 -108.47997
5079.76123 -108.74924
5082.45557 -109.01096
5085.14893 -108.73352
5087.83789 -108.53545
5090.53125 -108.69965
5093.22314 -108.59901
5095.91650 -108.41522
5098.60840 -108.97160
5101.29883 -108.54913
5103.99121 -108.35546
5106.68408 -108.27213
5109.37354 -108.19363
5112.06689 -107.84807
5114.75928 -108.72252
5117.45020 -108.52807
5120.14160 -108.63798
5122.83252 -108.44849
5125.52734 -108.50826
5128.21826 -108.23825
5130.91309 -109.02071
5133.60400 -108.90539
5136.29346 -109.00343
5138.98682 -108.53944
5141.67920 -108.47198
5144.37256 -108.29919
5147.06152 -108.59194
5149.75537 -108.57944
5152.44727 -108.77730
5155.13770 -108.31967
5157.83008 -108.36091
5160.52051 -108.74722
5163.21289 -108.54823
5165.90625 -108.80860
5168.60107 -109.18281
5171.28906 -108.82314
5173.98389 -108.85066
5176.67432 -109.56287
5179.36621 -108.67056
5182.06006 -108.83459
5184.75146 -109.02811
5187.43896 -108.73882
5190.13379 -108.69398
5192.82422 -109.41897
5195.51855 -108.26667
5198.20898 -108.43485
5200.90088 -108.66874
5203.59424 -108.77318
5206.28613 -108.99262
5208.97900 -109.54771
5211.67041 -108.59843
5214.36084 -108.71172
5217.05518 -108.85570
5219.74805 -109.09305
5222.43652 -109.36636
5225.13232 -109.26559
5227.82031 -108.60584
5230.51025 -108.47186
5233.20410 -108.37037
5235.89746 -108.64349
5238.59131 -109.06454
5241.28125 -108.51273
5243.97461 -108.57839
5246.66455 -108.50954
5249.35547 -108.41453
5252.04785 -108.74826
5254.74121 -109.33195
5257.43359 -108.62110
5260.12695 -109.11207
5262.81641 -109.00565
5265.50977 -108.70680
5268.20117 -108.75159
5270.89160 -109.07143
5273.58643 -108.36996
5276.27637 -108.91117
5278.96777 -108.89800
5281.66064 -108.56890
5284.35547 -108.51442
5287.04541 -108.64457
5289.73633 -108.49426
5292.42920 -109.05493
5295.12012 -109.36315
5297.81299 -109.19920
5300.50684 -109.05209
5303.19873 -108.82461
5305.88965 -109.10154
5308.58203 -109.21530
5311.27246 -109.51017
5313.96729 -109.35479
5316.65771 -109.07197
5319.34619 -108.44183
5322.04004 -108.99136
5324.73389 -108.78540
5327.42432 -109.09202
5330.11523 -109.25370
5332.80811 -109.26237
5335.50244 -108.57250
5338.19434 -109.39527
5340.88574 -109.06005
5343.57471 -109.21769
5346.27148 -109.56238
5348.96045 -109.67283
5351.65430 -108.89553
5354.34326 -109.44021
5357.03613 -108.99724
5359.72754 -108.73795
5362.42090 -109.04113
5365.11230 -109.18871
5367.80762 -108.72822
5370.49609 -109.06342
5373.18848 -108.92787
5375.87939 -108.48843
5378.57178 -108.87530
5381.26514 -109.13526
5383.95410 -109.20541
5386.65039 -109.40150
5389.34180 -109.44469
5392.03516 -108.73872
5394.72656 -108.93839
5397.41650 -108.90979
5400.10742 -109.20419
5402.80273 -109.22336
5405.49072 -109.23475
5408.18604 -108.49833
5410.87646 -108.57328
5413.56836 -108.41428
5416.26172 -109.06548
5418.95020 -109.27724
5421.64307 -109.34814
5424.33496 -108.93282
5427.03027 -108.95007
5429.72119 -108.70626
5432.41016 -109.44774
5435.10449 -109.65917
5437.79590 -109.45759
5440.48926 -109.21114
5443.18115 -109.02233
5445.87109 -108.61774
5448.56543 -109.16353
5451.25537 -109.19773
5453.94971 -108.95019
5456.64160 -109.11515
5459.33203 -109.00942
5462.02441 -108.84206
5464.71777 -109.30711
5467.40674 -109.15639
5470.09961 -109.12622
5472.79053 -109.56112
5475.48340 -109.44314
5478.17432 -109.41737
5480.86670 -109.53457
5483.56006 -108.90054
5486.25244 -108.99660
5488.94238 -109.31662
5491.63379 -109.17754
5494.32666 -109.28419
5497.01758 -109.17406
5499.71094 -108.33681
5502.40430 -108.89494
5505.09668 -109.21055
5507.78711 -109.27647
5510.47852 -109.59332
5513.16846 -109.40280
5515.86328 -108.55959
5518.55518 -109.39398
5521.24609 -109.44709
5523.93848 -109.44763
5526.62891 -109.58162
5529.32373 -109.20253
5532.01709 -108.40869
5534.70898 -109.24624
5537.40137 -109.06854
5540.09229 -109.16173
5542.78125 -109.15733
5545.47461 -108.93880
5548.16699 -108.63864
5550.85986 -109.44453
5553.55176 -109.28207
5556.24121 -109.52599
5558.93555 -109.37698
5561.62793 -109.26636
5564.31836 -109.22531
5567.00977 -109.61126
5569.70264 -109.32738
5572.39453 -109.45513
5575.08740 -109.09068
5577.77832 -109.06738
5580.46973 -109.16436
5583.16406 -109.16306
5585.85547 -109.05672
5588.54541 -109.29518
5591.23633 -109.04807
5593.92969 -109.37712
5596.62354 -109.55551
5599.31543 -109.33743
5602.00586 -109.41376
5604.70020 -109.57404
5607.39014 -109.37168
5610.08105 -109.77298
5612.77637 -109.57751
5615.46777 -109.17377
5618.15918 -109.23319
5620.85254 -109.17506
5623.54395 -109.10081
5626.23633 -109.58987
5628.92773 -109.22771
5631.61670 -109.04005
5634.31055 -109.30439
5637.00195 -109.23760
5639.69775 -109.40351
5642.38867 -109.91496
5645.08105 -109.48480
5647.77148 -109.47985
5650.46387 -109.71702
5653.15381 -109.41613
5655.84521 -109.52252
5658.53760 -109.67798
5661.23145 -109.22635
5663.92383 -109.32373
5666.61377 -109.51345
5669.30566 -109.17872
5671.99805 -109.37181
5674.69238 -109.29784
5677.38477 -109.18259
5680.07520 -109.55588
5682.76660 -109.83398
5685.45654 -109.65407
5688.15039 -109.86067
5690.83984 -109.45890
5693.53418 -109.40892
5696.22559 -109.76722
5698.91553 -109.84827
5701.61035 -109.67751
5704.30225 -109.75864
5706.99268 -109.08991
5709.68506 -108.98113
5712.38086 -109.41982
5715.06934 -109.44317
5717.76172 -109.58550
5720.45312 -109.80593
5723.14453 -109.23654
5725.83447 -109.06870
5728.52930 -109.68555
5731.22168 -109.60284
5733.91211 -109.92487
5736.60742 -110.06831
5739.29443 -109.53341
5741.98926 -108.98549
5744.68213 -109.57756
5747.37256 -109.23339
5750.06445 -109.51794
5752.75781 -109.57342
5755.44922 -109.36613
5758.14160 -108.79823
5760.83545 -109.49448
5763.52783 -109.14256
5766.21777 -109.50440
5768.90918 -109.56457
5771.60156 -109.78201
5774.29590 -109.33403
5776.98438 -109.94666
5779.67725 -109.45460
5782.36865 -109.61722
5785.06104 -109.39233
5787.75488 -109.70865
5790.44385 -109.47224
5793.13672 -109.75702
5795.82764 -109.28455
5798.52051 -109.28255
5801.21387 -108.99403
5803.90576 -109.53751
5806.59863 -109.92172
5809.28955 -109.91810
5811.98193 -109.72914
5814.67236 -109.63245
5817.36719 -109.30418
5820.05664 -109.86082
5822.74805 -110.43529
5825.43994 -110.02113
5828.13281 -109.92896
5830.82764 -109.62639
5833.51758 -109.20660
5836.20801 -109.60361
5838.90039 -110.02352
5841.59277 -109.54180
5844.28418 -109.79404
5846.97705 -109.55907
5849.66748 -109.43505
5852.35889 -109.81952
5855.05176 -109.81316
5857.74609 -109.65051
5860.43506 -110.16229
5863.12891 -109.95151
5865.82324 -109.97878
5868.51270 -110.10299
5871.20654 -109.31142
5873.89551 -109.41767
5876.58887 -109.89170
5879.27979 -109.71785
5881.97266 -109.91708
5884.66602 -109.85445
5887.35791 -108.62363
5890.04785 -109.24157
5892.74170 -109.81534
5895.43359 -109.87270
5898.12695 -110.35089
5900.81494 -110.12520
5903.51074 -108.70493
5906.19824 -109.63103
5908.89355 -110.02661
5911.58643 -110.07978
5914.27734 -110.43552
5916.96973 -109.89573
5919.65918 -108.58689
5922.35107 -109.51447
5925.04395 -109.65989
5927.73730 -109.81838
5930.42578 -110.09154
5933.11963 -109.56414
5935.81055 -108.96452
5938.50293 -109.85388
5941.19238 -109.83645
5943.88721 -110.10166
5946.58008 -110.25591
5949.27051 -109.74274
5951.96582 -109.71172
5954.65576 -110.19999
5957.34668 -109.81281
5960.03857 -109.93157
5962.73193 -109.80405
5965.42383 -109.42521
5968.11572 -109.94090
5970.80615 -110.01196
5973.49854 -109.52522
5976.19141 -109.67616
5978.88184 -109.53060
5981.57422 -109.62502
5984.26758 -110.51925
5986.95850 -110.34658
5989.65088 -109.84076
5992.34131 -109.84538
5995.03613 -109.59006
5997.72559 -109.94980
6000.41992 -110.50416
6003.11475 -110.17053
6005.80469 -109.67888
6008.49561 -109.48582
6011.18750 -109.19126
6013.87793 -109.86491
6016.57275 -109.98639
6019.26514 -109.88426
6021.95557 -109.83233
6024.64746 -109.64152
6027.33984 -109.46880
6030.03027 -110.34711
6032.72266 -109.91111
6035.41943 -110.03720
6038.10645 -110.29114
6040.79883 -109.90901
6043.49219 -109.68896
6046.18359 -110.29205
6048.87646 -109.40203
6051.56689 -109.60059
6054.25830 -110.17905
6056.95068 -109.85954
6059.64160 -109.85072
6062.33643 -110.11355
6065.02637 -109.21947
6067.71729 -109.59985
6070.41260 -110.54107
6073.10254 -110.43176
6075.79395 -110.64333
6078.48633 -110.32155
6081.17969 -109.42201
6083.87109 -109.71701
6086.56006 -110.51937
6089.25391 -110.45077
6091.94580 -110.77351
6094.63867 -109.90282
6097.33203 -109.25925
6100.02441 -109.52299
6102.71729 -110.09565
6105.40820 -110.32488
6108.09668 -110.91261
6110.79004 -109.91940
6113.48096 -109.71001
6116.17285 -110.00896
6118.86670 -110.17571
6121.55469 -110.49448
6124.25342 -110.98733
6126.94092 -110.01218
6129.63184 -109.99619
6132.32471 -110.16293
6135.02197 -109.77259
6137.70996 -109.96535
6140.40283 -110.21583
6143.09375 -109.71307
6145.78564 -110.14277
6148.47852 -110.33147
6151.17236 -109.68405
6153.86133 -109.88625
6156.55762 -109.93848
6159.24512 -110.03564
6161.93750 -110.80647
6164.63086 -110.83272
6167.32178 -109.98220
6170.01416 -109.93925
6172.70410 -109.61056
6175.39844 -109.98515
6178.09082 -110.78243
6180.78125 -110.54062
6183.47217 -109.87112
6186.16797 -109.67808
6188.85840 -109.25674
6191.54980 -109.96201
6194.24268 -110.80598
6196.93311 -110.48303
6199.62451 -110.34863
6202.31738 -110.11429
6205.01074 -109.68092
6207.70264 -110.39552
6210.39258 -110.81187
6213.08594 -110.35962
6215.77832 -110.55290
6218.47119 -110.17729
6221.15771 -109.79314
6223.85303 -110.22339
6226.54688 -110.08563
6229.23730 -109.81385
6231.92871 -110.41299
6234.62207 -110.20621
6237.31250 -110.28662
6240.00488 -110.44847
6242.70117 -109.83086
6245.39258 -109.95406
6248.08105 -110.69307
6250.77393 -110.60623
6253.46875 -110.95133
6256.15723 -110.60806
6258.85010 -109.52352
6261.54102 -109.85568
6264.23340 -110.32795
6266.92627 -110.32030
6269.62109 -110.83808
6272.30957 -110.24014
6275.00293 -109.22333
6277.69434 -109.91064
6280.38623 -110.17829
6283.07617 -110.39294
6285.77051 -111.00900
6288.45898 -110.40475
6291.15625 -109.66749
6293.84326 -110.44271
6296.53906 -110.30479
6299.22900 -110.48426
6301.91992 -110.73106
6304.61230 -110.16019
6307.30518 -109.87516
6309.99609 -110.38238
6312.68848 -109.97919
6315.38184 -110.17034
6318.07324 -110.14148
6320.76465 -109.97015
6323.45801 -110.50033
6326.14941 -110.63678
6328.84180 -110.24950
6331.53076 -110.43580
6334.22559 -110.16902
6336.91797 -110.28242
6339.61035 -111.26664
6342.30176 -110.73756
6344.99316 -110.34465
6347.68652 -110.32773
6350.37695 -109.82961
6353.06934 -110.12726
6355.76221 -111.22703
6358.45312 -110.31207
6361.14502 -110.25668
6363.83496 -110.21247
6366.52881 -109.86163
6369.22070 -110.43611
6371.90967 -111.34283
6374.60400 -110.43627
6377.29541 -110.68371
6379.98828 -110.48801
6382.67871 -110.23504
6385.37061 -110.72042
6388.06689 -110.92135
6390.75391 -110.21598
6393.45215 -110.54501
6396.13770 -110.23146
6398.83203 -110.17479
6401.52637 -110.51523
6404.21875 -110.22820
6406.90918 -110.08134
6409.60010 -110.60579
6412.28955 -110.39777
6414.98633 -110.66248
6417.67773 -110.78206
6420.37012 -110.16943
6423.05957 -110.43051
6425.75098 -110.84401
6428.44287 -110.57767
6431.13574 -110.84951
6433.82715 -110.55590
6436.51855 -109.84030
6439.20850 -110.25189
6441.90625 -110.49265
6444.59473 -110.39954
6447.29053 -110.74859
6449.97803 -110.33258
6452.66992 -109.96258
6455.36230 -110.47803
6458.05957 -110.64165
6460.74756 -110.76098
6463.44043 -111.08684
6466.13379 -110.56378
6468.82520 -110.42155
6471.51807 -110.65098
6474.20801 -110.55984
6476.89893 -110.65493
6479.59082 -110.79185
6482.28076 -110.30286
6484.97510 -110.48842
6487.67090 -110.39169
6490.35693 -110.28815
6493.05127 -110.54691
6495.74268 -110.69586
6498.43555 -110.52045
6501.12988 -111.05663
6503.81787 -110.68398
6506.51074 -110.58071
6509.20410 -110.77950
6511.89551 -110.79707
6514.58789 -110.71287
6517.28125 -111.25320
6519.97266 -110.58332
6522.66113 -110.42156
6525.35840 -110.44845
6528.04590 -110.40660
6530.73730 -110.47813
6533.43359 -111.13309
6536.12500 -110.54991
6538.81299 -110.55140
6541.50586 -110.57751
6544.19922 -110.57417
6546.89453 -110.72852
6549.58398 -111.44899
6552.27344 -110.93085
6554.96826 -110.89098
6557.65674 -110.70183
6560.35059 -110.54960
6563.04150 -110.50563
6565.73291 -111.14367
6568.42969 -110.75084
6571.12061 -110.69152
6573.80859 -110.48132
6576.50146 -110.37866
6579.19482 -110.32571
6581.88672 -111.05839
6584.57910 -110.94666
6587.27246 -110.93112
6589.96338 -110.82155
6592.65576 -110.71231
6595.34570 -110.57715
6598.03955 -111.18851
6600.72803 -111.06149
6603.42090 -110.87064
6606.11523 -110.71214
6608.80615 -110.52325
6611.49902 -110.36636
6614.19238 -110.78890
6616.88428 -110.71008
6619.57275 -110.56857
6622.26562 -110.61017
6624.95654 -110.58662
6627.64844 -110.67572
6630.34180 -110.91640
6633.03613 -110.86580
6635.72705 -110.77551
6638.41992 -110.89034
6641.10938 -110.83894
6643.80469 -110.98155
6646.49365 -110.87682
6649.18262 -110.61124
6651.87744 -110.52341
6654.56934 -110.61134
6657.26270 -110.62469
6659.95215 -110.89732
6662.64404 -110.67930
6665.33691 -110.40082
6668.03027 -110.55707
6670.72168 -110.76949
6673.41357 -110.98505
6676.10742 -111.30739
6678.79785 -111.01821
6681.48926 -110.62188
6684.18213 -110.81589
6686.87598 -110.92751
6689.56738 -111.09575
6692.25635 -111.15046
6694.95020 -110.88747
6697.64111 -110.38750
6700.33643 -110.59837
6703.02637 -110.68953
6705.71680 -111.00000
6708.41211 -110.92982
6711.10059 -110.93752
6713.79443 -110.66109
6716.48535 -110.87086
6719.17773 -110.96858
6721.87061 -111.30258
6724.56152 -111.03300
6727.25342 -111.16123
6729.94629 -110.96788
6732.63623 -110.87309
6735.32764 -110.81411
6738.02344 -110.92321
6740.71338 -110.57028
6743.40381 -110.85665
6746.09961 -110.96640
6748.78906 -110.70946
6751.48340 -110.67660
6754.17432 -110.67237
6756.86719 -110.55557
6759.55664 -111.07137
6762.25146 -111.48897
6764.93945 -111.05728
6767.63232 -110.93565
6770.32666 -110.58819
6773.01807 -110.58437
6775.71094 -111.11288
6778.40088 -111.43479
6781.09180 -110.92863
6783.78711 -110.73814
6786.47705 -110.12891
6789.17090 -110.37782
6791.86279 -111.05790
6794.55127 -111.21975
6797.24512 -111.07951
6799.93604 -110.99814
6802.62793 -110.33051
6805.32129 -110.80196
6808.01172 -111.53771
6810.70312 -111.20863
6813.39551 -111.37977
6816.08936 -111.24907
6818.78418 -110.51567
6821.47217 -110.92020
6824.16504 -111.44987
6826.85547 -110.56521
6829.55078 -111.09181
6832.23926 -111.11332
6834.92920 -110.78455
6837.62402 -111.18158
6840.31982 -111.48663
6843.00879 -110.37414
6845.69922 -111.21689
6848.39062 -111.38884
6851.08350 -111.62682
6853.77686 -111.75248
6856.46729 -111.53738
6859.15918 -110.32009
6861.85156 -111.03321
6864.54590 -111.14589
6867.23730 -111.86430
6869.92969 -111.61327
6872.61914 -110.98724
6875.31348 -110.16696
6878.00537 -110.65782
6880.69385 -110.87409
6883.38818 -112.08170
6886.07910 -111.65170
6888.77148 -110.96266
6891.46436 -110.77147
6894.15479 -110.84241
6896.85010 -110.96428
6899.54199 -112.06657
6902.23193 -111.40974
6904.92676 -110.85956
6907.61475 -111.13245
6910.30811 -110.64160
6912.99805 -110.63779
6915.68945 -111.25791
6918.38574 -110.70203
6921.07471 -110.78925
6923.76953 -111.65312
6926.45752 -110.81142
6929.14990 -110.85384
6931.84766 -110.89573
6934.53516 -110.55663
6937.22656 -111.40732
6939.92383 -112.34070
6942.61328 -111.21281
6945.30176 -111.11192
6947.99365 -110.47195
6950.68750 -110.21182
6953.37793 -111.58720
6956.07324 -112.05773
6958.76221 -111.13207
6961.45557 -111.10257
6964.14648 -110.11383
6966.83887 -110.18327
6969.53174 -111.95895
6972.22217 -111.84547
6974.91406 -111.47182
6977.60645 -111.56796
6980.29980 -110.42186
6982.99365 -110.69605
6985.68555 -112.24245
6988.37451 -111.42406
6991.06836 -111.42103
6993.75928 -111.45087
6996.45068 -110.47946
6999.14355 -110.93575
7001.83398 -111.63198
7004.52930 -110.68191
7007.21729 -111.10392
7009.91113 -111.26005
7012.60156 -110.93378
7015.29297 -111.70644
7017.98535 -111.38327
7020.67871 -110.65118
7023.37354 -111.23438
7026.06543 -111.33582
7028.75439 -111.50540
7031.44824 -112.22321
7034.13965 -110.94735
7036.83105 -110.47947
7039.52441 -110.91453
7042.21436 -110.89106
7044.90625 -111.53343
7047.59814 -112.07558
7050.29199 -110.50883
7052.98242 -110.59682
7055.67773 -110.93130
7058.36963 -110.95668
7061.05566 -111.88754
7063.75439 -112.10808
7066.44238 -110.78197
7069.13867 -111.17599
7071.82861 -111.18015
7074.51562 -111.08898
7077.21143 -111.76693
7079.90430 -111.50107
7082.59473 -110.80482
7085.28564 -111.28463
7087.97803 -111.03008
7090.67139 -110.98869
7093.36133 -111.38327
7096.05273 -110.95934
7098.74512 -111.20167
7101.43848 -111.73843
7104.12891 -111.37895
7106.82422 -111.45967
7109.51709 -111.43353
7112.20264 -110.91692
7114.89746 -111.74595
7117.58887 -111.91432
7120.28223 -111.42120
7122.97559 -111.47655
7125.66650 -111.01015
7128.35840 -110.57869
7131.05078 -111.65321
7133.74072 -111.56754
7136.43604 -111.29376
7139.12402 -111.48463
7141.82080 -110.90972
7144.51123 -110.83369
7147.20215 -111.84187
7149.89453 -111.64164
7152.58740 -111.58912
7155.27783 -111.75200
7157.97314 -111.04275
7160.66113 -111.15011
7163.35449 -111.63247
7166.04492 -111.28270
7168.74023 -111.36906
7171.42871 -111.42896
7174.11816 -110.84472
7176.81201 -111.22878
7179.50781 -111.22305
7182.19678 -111.04526
7184.89014 -111.42601
7187.58398 -111.49731
7190.27588 -111.22684
7192.96436 -111.76794
7195.65820 -111.36210
7198.34912 -111.20294
7201.04443 -111.60417
7203.73291 -111.52008
7206.42285 -111.41401
7209.11719 -111.77756
7211.80908 -111.10252
7214.50195 -110.95102
7217.19531 -111.30099
7219.88672 -111.22639
7222.57812 -111.50921
7225.27100 -111.75753
7227.96094 -111.18221
7230.65527 -111.18742
7233.34717 -111.46085
7236.03564 -111.42888
7238.72998 -111.98797
7241.42480 -111.96236
7244.11230 -111.41376
7246.80566 -111.38937
7249.49951 -111.33450
7252.18994 -111.24482
7254.88232 -111.82094
7257.57080 -111.58887
7260.26855 -111.19409
7262.95508 -111.35184
7265.64746 -111.10957
7268.34033 -111.15078
7271.03418 -111.76978
7273.72510 -111.58206
7276.41650 -111.43622
7279.10938 -111.82665
7281.79932 -111.37822
7284.49463 -111.39867
7287.18652 -111.75462
7289.87891 -111.50320
7292.56445 -111.41586
7295.25977 -111.82777
7297.95166 -111.22952
7300.64453 -111.23549
7303.33447 -111.25700
7306.03271 -111.12841
7308.72070 -111.32058
7311.41357 -111.86208
7314.10693 -111.43504
7316.79785 -111.54839
7319.48975 -111.29553
7322.18262 -111.26796
7324.87256 -111.70694
7327.56299 -112.08952
7330.25439 -111.76637
7332.94727 -111.78768
7335.64062 -111.19932
7338.33105 -111.09686
7341.02734 -111.60577
7343.71973 -111.69013
7346.40918 -111.61398
7349.10400 -111.71465
7351.79492 -111.10052
7354.48340 -111.12096
7357.17725 -111.70947
7359.86768 -111.65867
7362.56299 -111.87408
7365.25586 -112.04246
7367.94482 -111.49104
7370.63525 -111.51212
7373.33057 -111.83529
7376.01855 -111.54986
7378.71191 -111.74592
7381.40625 -111.81060
7384.09277 -111.43232
7386.78955 -111.51283
7389.48242 -111.37923
7392.17285 -111.20217
7394.86377 -111.45324
7397.55566 -111.59834
7400.24902 -111.61449
7402.93896 -111.95211
7405.63379 -111.38974
7408.32568 -111.43198
7411.01855 -111.61362
7413.70410 -111.66737
7416.39893 -111.82771
7419.09082 -112.19981
7421.78320 -111.19396
7424.47266 -111.33337
7427.16357 -111.34873
7429.85889 -111.29379
7432.55176 -111.58367
7435.24512 -112.03676
7437.93945 -111.01693
7440.62695 -111.39809
7443.31934 -111.45109
7446.01270 -111.43738
7448.70654 -111.80699
7451.39404 -112.22176
7454.08984 -111.41308
7456.77930 -111.75290
7459.47314 -111.72228
7462.16406 -111.56708
7464.85156 -111.78073
7467.54883 -111.87826
7470.23877 -111.42030
7472.92969 -111.60313
7475.62549 -111.58578
7478.31348 -111.46611
7481.00781 -111.69192
7483.69824 -111.59988
7486.39355 -111.71645
7489.08203 -111.84962
7491.77539 -111.90362
7494.46582 -111.85803
7497.15723 -112.01340
7499.85352 -111.64562
7502.54199 -111.97573
7505.23633 -111.95625
7507.92725 -111.86288
7510.61963 -111.76203
7513.31250 -111.79743
7516.00195 -111.28336
7518.69238 -111.60801
7521.38867 -111.77966
7524.08154 -111.67004
7526.77051 -111.71697
7529.46533 -111.77676
7532.15283 -111.40248
7534.84473 -111.57780
7537.54199 -112.07882
7540.23242 -111.86530
7542.91943 -111.93391
7545.61572 -111.78579
7548.30859 -111.49453
7550.99854 -111.28169
7553.68945 -111.92397
7556.38135 -111.59838
7559.07422 -111.65937
7561.76758 -111.36855
7564.45801 -111.39320
7567.14941 -110.98112
7569.84180 -111.82561
7572.53516 -111.66679
7575.22510 -111.84740
7577.92041 -111.47768
7580.60840 -111.80968
7583.30127 -111.26746
7585.99561 -111.93675
7588.69092 -111.86642
7591.37793 -111.96793
7594.07129 -111.42567
7596.76025 -111.84541
7599.45508 -111.26492
7602.14600 -111.52834
7604.83447 -111.69290
7607.53174 -111.80634
7610.22217 -111.43068
7612.91699 -112.01489
7615.60938 -111.67072
7618.29785 -111.52776
7620.99170 -111.99499
7623.67773 -112.08633
7626.37793 -111.93991
7629.06641 -112.41805
7631.75977 -112.14542
7634.45020 -111.48865
7637.14551 -111.96617
7639.83789 -111.88336
7642.53027 -112.00475
7645.21680 -112.23473
7647.90723 -112.05717
7650.60303 -111.31955
7653.29150 -111.83348
7655.98926 -111.72918
7658.67578 -112.32233
7661.37158 -112.33746
7664.05957 -112.23862
7666.75244 -111.72753
7669.44629 -112.07751
7672.13770 -111.84321
7674.82910 -112.57317
7677.52197 -112.21990
7680.21191 -111.93277
7682.90625 -111.81940
7685.59766 -111.83070
7688.29053 -111.54161
7690.98340 -112.21392
7693.67285 -111.73537
7696.36816 -111.49619
7699.05664 -112.09480
7701.74902 -111.90885
7704.43848 -111.72994
7707.13330 -112.22118
7709.82471 -111.73139
7712.51709 -111.51381
7715.21045 -112.53373
7717.90479 -112.06508
7720.59570 -111.88572
7723.28711 -111.91512
7725.97607 -111.42632
7728.66992 -111.22130
7731.36475 -112.34051
7734.05176 -111.85139
7736.74365 -111.87309
7739.43750 -111.56435
7742.13135 -111.34848
7744.82227 -111.37920
7747.51416 -112.39968
7750.20703 -112.12695
7752.89600 -112.32462
7755.59082 -111.72381
7758.28223 -111.65250
7760.97461 -111.72421
7763.66309 -112.20927
7766.35742 -112.07984
7769.04834 -112.27670
7771.74023 -111.55090
7774.43262 -111.63505
7777.12646 -111.78111
7779.81641 -111.74868
7782.50781 -111.96268
7785.19971 -112.27412
7787.89258 -111.77942
7790.58203 -112.07001
7793.27734 -112.31843
7795.96875 -111.80347
7798.66162 -112.20516
7801.35059 -112.39445
7804.04492 -112.15112
7806.74023 -112.35099
7809.42773 -112.40001
7812.12012 -111.57846
7814.81445 -111.93399
7817.50488 -111.95786
7820.19580 -112.13933
7822.88818 -112.30560
7825.58154 -112.26424
7828.27148 -111.61259
7830.96191 -111.94304
7833.65771 -111.91664
7836.34668 -112.52070
7839.04004 -112.59208
7841.73389 -112.34596
7844.42480 -111.97599
7847.11719 -112.00677
7849.80566 -111.77399
7852.49951 -112.45384
7855.18994 -112.35179
7857.88574 -111.80227
7860.57373 -111.96048
7863.26660 -111.71804
7865.96143 -111.47765
7868.65186 -112.15965
7871.34326 -112.17039
7874.03613 -111.56497
7876.72949 -112.35920
7879.41943 -111.95094
7882.11035 -111.73666
7884.80664 -112.16481
7887.49512 -112.23069
7890.18945 -111.44982
7892.87988 -112.53204
7895.57080 -111.96162
7898.26709 -111.69833
7900.95605 -111.70214
7903.64551 -111.85248
7906.34033 -111.13985
7909.03223 -112.34580
7911.72461 -112.02402
7914.41797 -111.94084
7917.10742 -111.62142
7919.79883 -111.92285
7922.49023 -111.48457
7925.18750 -112.48725
7927.87646 -112.50219
7930.56689 -112.47301
7933.26221 -111.74811
7935.94971 -111.91722
7938.64258 -111.71542
7941.33691 -112.11951
7944.02734 -112.48333
7946.72266 -112.52675
7949.41455 -111.70277
7952.10352 -111.74995
7954.79736 -112.09615
7957.48779 -111.85675
7960.18359 -112.68791
7962.87158 -112.91402
7965.56543 -112.26816
7968.25488 -112.09068
7970.94971 -112.85040
7973.64160 -111.87416
7976.32910 -112.76656
7979.02295 -112.91493
7981.71777 -112.55948
7984.40869 -112.06711
7987.10010 -112.92397
7989.79248 -111.56618
7992.48633 -112.30901
7995.17627 -112.44031
7997.86719 -112.75205
8000.55957 -112.23705
8003.24756 -112.98881
8005.94629 -111.78011
8008.63672 -112.23801
8011.32764 -112.31116
8014.01904 -113.09264
8016.71289 -112.61583
8019.40625 -112.76807
8022.09668 -111.97908
8024.78809 -111.92438
8027.47998 -111.79871
8030.16895 -112.67018
8032.86230 -112.46653
8035.55273 -112.00321
8038.24902 -112.07007
8040.93701 -111.69060
8043.62988 -111.54317
8046.32373 -112.40372
8049.01465 -112.64420
8051.70605 -111.77229
8054.39893 -112.59177
8057.09180 -111.95543
8059.78125 -111.70103
8062.47656 -112.19595
8065.16357 -112.57557
8067.86084 -111.46378
8070.54932 -112.60863
8073.23926 -111.93843
8075.93018 -111.65902
8078.62598 -111.74998
8081.31836 -112.19096
8084.01172 -111.40629
8086.70166 -112.63014
8089.39258 -112.33010
8092.08447 -112.17649
8094.78076 -111.95670
8097.46582 -112.26086
8100.16016 -111.90503
8102.85107 -112.73074
8105.54688 -112.72638
8108.23486 -112.59100
8110.92822 -112.04529
8113.62256 -111.96556
8116.31348 -112.14631
8119.00488 -112.31582
8121.69824 -112.67238
8124.39160 -112.73366
8127.08105 -112.23229
8129.77148 -111.87437
8132.46826 -112.77135
8135.15625 -112.33331
8137.84961 -112.90750
8140.54395 -113.09441
8143.23486 -112.76699
8145.92676 -112.08147
8148.61426 -113.21578
8151.31250 -112.29954
8154.00195 -112.66479
8156.69336 -112.78534
8159.38916 -112.67573
8162.08203 -111.91933
8164.77051 -113.05928
8167.46533 -112.16560
8170.15576 -112.32554
8172.84277 -112.49493
8175.53955 -112.70367
8178.23291 -112.20403
8180.92285 -113.11376
8183.61816 -112.51859
8186.30469 -112.35600
8188.99707 -112.40295
8191.68652 -112.61224
8194.38086 -112.36338
8197.07520 -112.71395
8199.76660 -112.45527
8202.45508 -112.02084
8205.14746 -111.98165
8207.84180 -112.12704
8210.53320 -112.35494
8213.22363 -112.32195
8215.91992 -112.46817
8218.60938 -112.08645
8221.30273 -112.08602
8223.99316 -112.17616
8226.68555 -112.78219
8229.37695 -112.36657
8232.06543 -112.57318
8234.76367 -112.24841
8237.45410 -112.14036
8240.14551 -112.07179
8242.83789 -112.77788
8245.52637 -112.05807
8248.21973 -112.19123
8250.91406 -112.15017
8253.60059 -112.10382
8256.30176 -112.09840
8258.99023 -112.88548
8261.68359 -112.16128
8264.37402 -112.22121
8267.06934 -112.51726
8269.76074 -112.49013
8272.44922 -112.54565
8275.13770 -113.08151
8277.83203 -112.30956
8280.52246 -112.19059
8283.21875 -112.56522
8285.91113 -112.43922
8288.59961 -112.55244
8291.29492 -112.68297
8293.98926 -112.18715
8296.67578 -112.11127
8299.37305 -112.59738
8302.06152 -112.54955
8304.75098 -112.80038
8307.44141 -112.57333
8310.13770 -112.56793
8312.82910 -112.55311
8315.52246 -112.93832
8318.21191 -112.81474
8320.90137 -112.92904
8323.59668 -112.28120
8326.28906 -112.64600
8328.98242 -112.62022
8331.67090 -112.76147
8334.36523 -112.63172
8337.05566 -112.60706
8339.74707 -111.85858
8342.44043 -112.78632
8345.13379 -112.80728
8347.82324 -112.84028
8350.51367 -112.85999
8353.20508 -112.70305
8355.90234 -111.99172
8358.59082 -113.22366
8361.28418 -113.02688
8363.97949 -112.85963
8366.67090 -112.85872
8369.35742 -112.50237
8372.05078 -111.91660
8374.74414 -113.07635
8377.43945 -112.64426
8380.12988 -112.47627
8382.81641 -112.59967
8385.51465 -112.36629
8388.20312 -112.22007
8390.89746 -113.09538
8393.58789 -112.58675
8396.27930 -112.52385
8398.97168 -112.71503
8401.66504 -112.61080
8404.35449 -112.79997
8407.04883 -112.97482
8409.74023 -112.38608
8412.43262 -112.31736
8415.12109 -112.39484
8417.81445 -112.45881
8420.50879 -112.96403
8423.20020 -112.46347
8425.89160 -112.11350
8428.58398 -112.19296
8431.27734 -112.28139
8433.96680 -112.64606
8436.65820 -113.40605
8439.35352 -112.47891
8442.04102 -112.38872
8444.73438 -112.47868
8447.42383 -112.43049
8450.12305 -112.80003
8452.81348 -113.35667
8455.50098 -112.35154
8458.19434 -112.39629
8460.88770 -112.43033
8463.57715 -112.28226
8466.27246 -112.62165
8468.96387 -112.87003
8471.65625 -112.44669
8474.34961 -112.66367
8477.03906 -112.73392
8479.73438 -112.61843
8482.42090 -112.86819
8485.11719 -112.72460
8487.80469 -113.00490
8490.49902 -113.08300
8493.19336 -113.00282
8495.88477 -112.81307
8498.57617 -112.76405
8501.26855 -112.22511
8503.95703 -113.16526
8506.65137 -112.98488
8509.34180 -112.86948
8512.03711 -112.81182
8514.72949 -112.66679
8517.41797 -112.04204
8520.11133 -113.55502
8522.80176 -113.16092
8525.49219 -113.05091
8528.18359 -113.11413
8530.87598 -112.87880
8533.56934 -112.22398
8536.26367 -113.62557
8538.95410 -113.04359
8541.64941 -112.83266
8544.34180 -112.90731
8547.03027 -112.63217
8549.72363 -112.17545
8552.41309 -113.11183
8555.10840 -112.68964
8557.79590 -112.58535
8560.48828 -112.80307
8563.18555 -112.70795
8565.87500 -112.64715
8568.57031 -112.91422
8571.25684 -112.76871
8573.94922 -112.67270
8576.64160 -112.84943
8579.33496 -112.77367
8582.02539 -112.94307
8584.72070 -112.47475
8587.41113 -112.51302
8590.09961 -112.40092
8592.79688 -112.53930
8595.48633 -112.53264
8598.18164 -113.01611
8600.86719 -112.23624
8603.56348 -112.51060
8606.25195 -112.51929
8608.94531 -112.67242
8611.63965 -112.73965
8614.33008 -113.37321
8617.02148 -112.50713
8619.71387 -112.73689
8622.40625 -112.67587
8625.09570 -112.67142
8627.79004 -112.63333
8630.48047 -113.15827
8633.17676 -112.55746
8635.87012 -112.61834
8638.55371 -112.59743
8641.25195 -112.57150
8643.94238 -112.56355
8646.63281 -113.04395
8649.32520 -113.07457
8652.01758 -112.90913
8654.71094 -112.95818
8657.40137 -112.85848
8660.09668 -112.80352
8662.78711 -113.05658
8665.47461 -113.51337
8668.16797 -112.98563
8670.86133 -112.97953
8673.55176 -112.75230
8676.24707 -112.64484
8678.93848 -112.66737
8681.63086 -113.49896
8684.32422 -112.86995
8687.01367 -113.00439
8689.70410 -112.86328
8692.39453 -112.85698
8695.09180 -112.71424
8697.78418 -113.70656
8700.47266 -113.09289
8703.16699 -113.26236
8705.85742 -113.10381
8708.54883 -113.06747
8711.24023 -112.62859
8713.93359 -113.34775
8716.62207 -112.86714
8719.31738 -113.00085
8722.00781 -112.94675
8724.70312 -113.00352
8727.39062 -112.46346
8730.08398 -112.93210
8732.77734 -112.81791
8735.46777 -112.98340
8738.15820 -113.16004
8740.85547 -113.33321
8743.54297 -112.74082
8746.24023 -112.83289
8748.92969 -112.93320
8751.62012 -112.89503
8754.31055 -113.10639
8757.00293 -113.22021
8759.69922 -112.67911
8762.38867 -112.41093
8765.08203 -112.69797
8767.77246 -112.50854
8770.46387 -112.84753
8773.15527 -113.00193
8775.84863 -112.88133
8778.54199 -112.41843
8781.23145 -112.91858
8783.92188 -112.60371
8786.61816 -112.95586
8789.30957 -112.97301
8791.99805 -113.21867
8794.69141 -112.54965
8797.38184 -112.97099
8800.07715 -112.49635
8802.76758 -112.68372
8805.45508 -112.50197
8808.14844 -113.14302
8810.84180 -112.58147
8813.53613 -112.89493
8816.22754 -112.55598
8818.91797 -112.68204
8821.61035 -112.42268
8824.30371 -113.41961
8826.99805 -113.15516
8829.69238 -113.17853
8832.37891 -113.01006
8835.06934 -112.91608
8837.76660 -112.46368
8840.45996 -113.37156
8843.14941 -113.47674
8845.83887 -112.98849
8848.53418 -113.09960
8851.22168 -112.84946
8853.91797 -112.45605
8856.60742 -113.10904
8859.30078 -113.82227
8861.99121 -112.96712
8864.68164 -113.48723
8867.37793 -113.21146
8870.07031 -113.03561
8872.76367 -113.18187
8875.45312 -114.24493
8878.14258 -113.07747
8880.83887 -113.67460
8883.52539 -113.31931
8886.22266 -113.36702
8888.91113 -112.83197
8891.60547 -113.85687
8894.29980 -112.84254
8896.98633 -113.35151
8899.68262 -113.17204
8902.37012 -113.70963
8905.06348 -112.71951
8907.75781 -113.47060
8910.44727 -113.09574
8913.13867 -113.29418
8915.83008 -113.29440
8918.52734 -114.04994
8921.21484 -112.78866
8923.90430 -112.93935
8926.59961 -113.21193
8929.29004 -112.87403
8931.98145 -112.96816
8934.67383 -113.58470
8937.36719 -112.56879
8940.06152 -112.20513
8942.75195 -113.23164
8945.44238 -112.53017
8948.13867 -112.84851
8950.82617 -113.19958
8953.52441 -112.82938
8956.20898 -112.07047
8958.90332 -113.59046
8961.59375 -112.59507
8964.29004 -112.95683
8966.97754 -112.75758
8969.67090 -112.95053
8972.36426 -111.96198
8975.05469 -113.39732
8977.74512 -112.43316
8980.44141 -112.81715
8983.13379 -112.18401
8985.82227 -113.04465
8988.51074 -112.24226
8991.20508 -113.25925
8993.90039 -112.73573
8996.59277 -113.14812
8999.28418 -112.23985
9001.97754 -113.53189
9004.67090 -113.02638
9007.35547 -113.16752
9010.05078 -113.08318
9012.74707 -113.29941
9015.43359 -112.26011
9018.12695 -113.55797
9020.81543 -113.60909
9023.50977 -112.69769
9026.20020 -113.21012
9028.89648 -113.28040
9031.58789 -112.60561
9034.27637 -113.70267
9036.96973 -114.44680
9039.66406 -112.72328
9042.35938 -113.67454
9045.04492 -113.50753
9047.74219 -113.33915
9050.42871 -113.78882
9053.12305 -114.74422
9055.81152 -112.71198
9058.50684 -113.63498
9061.19727 -113.22225
9063.88867 -113.66765
9066.58105 -113.31774
9069.27930 -114.11830
9071.96875 -112.77695
9074.65820 -113.49358
9077.34863 -113.08815
9080.04004 -114.13558
9082.73242 -113.16086
9085.42480 -113.55461
9088.11914 -113.32349
9090.81348 -113.49480
9093.50391 -113.07925
9096.19043 -114.14941
9098.88672 -112.83117
9101.57422 -112.67702
9104.27344 -113.48850
9106.95703 -113.02886
9109.65234 -112.79622
9112.34375 -113.54335
9115.03516 -112.51145
9117.72754 -112.00953
9120.42090 -113.78558
9123.11523 -112.92799
9125.80469 -113.00352
9128.50098 -113.22340
9131.19238 -112.71443
9133.87988 -111.88775
9136.57812 -113.94639
9139.26660 -112.85928
9141.96094 -113.07922
9144.64648 -112.65967
9147.34277 -112.73727
9150.03516 -111.72317
9152.72266 -113.48807
9155.41602 -112.67298
9158.11133 -113.13714
9160.80078 -112.32684
9163.49219 -113.15618
9166.18359 -112.16060
9168.87598 -113.30374
9171.57422 -113.01540
9174.26367 -113.56231
9176.95410 -112.47752
9179.64941 -113.71686
9182.34082 -112.78139
9185.02832 -112.92340
9187.72070 -113.11884
9190.41504 -113.52380
9193.10449 -112.51337
9195.79492 -113.84481
9198.48535 -113.40376
9201.18262 -112.56735
9203.87012 -113.36428
9206.56934 -113.64560
9209.25879 -113.10378
9211.95312 -114.14511
9214.64453 -114.42715
9217.33594 -112.73403
9220.02344 -113.81624
9222.71582 -113.76151
9225.41016 -113.71877
9228.10449 -113.90764
9230.79004 -114.81298
9233.48633 -112.71315
9236.17871 -113.70815
9238.86621 -113.39235
9241.56055 -114.05712
9244.25391 -113.37482
9246.94922 -114.71826
9249.63477 -113.09940
9252.32617 -113.77850
9255.01953 -113.37427
9257.71289 -114.52418
9260.40625 -113.17477
9263.09668 -114.37608
9265.79199 -113.63458
9268.47754 -113.62267
9271.17480 -113.12849
9273.86328 -114.20445
9276.56152 -112.70906
9279.25098 -113.31821
9281.93555 -113.79612
9284.63184 -113.14000
9287.32324 -112.82925
9290.01562 -113.62547
9292.70898 -112.64925
9295.39844 -112.58017
9298.09277 -114.20508
9300.78320 -113.10898
9303.47949 -112.98219
9306.17188 -113.22503
9308.86426 -112.87725
9311.55273 -112.05889
9314.24219 -114.09103
9316.93750 -112.86516
9319.62793 -112.87851
9322.31934 -112.55457
9325.01758 -112.97590
9327.70508 -111.60738
9330.39844 -113.65466
9333.08789 -112.85086
9335.78320 -113.13786
9338.46973 -112.43124
9341.16699 -113.57143
9343.85449 -111.85207
9346.54785 -113.48798
9349.24219 -113.20595
9351.93164 -113.57003
9354.62207 -112.52428
9357.31836 -113.88541
9360.00586 -112.16585
9362.69922 -112.95567
9365.39258 -113.26418
9368.08691 -113.67606
9370.77734 -112.71138
9373.46777 -113.97075
9376.16016 -112.92546
9378.85156 -112.78731
9381.54492 -113.68050
9384.23926 -114.07951
9386.92871 -113.48846
9389.61914 -114.14713
9392.31055 -114.05755
9395.00195 -112.89630
9397.69434 -113.90391
9400.38867 -114.03989
9403.07715 -113.96573
9405.77246 -113.67744
9408.46289 -114.72283
9411.15430 -112.88725
9413.84668 -113.74230
9416.53906 -113.69054
9419.23340 -114.37827
9421.92773 -113.34448
9424.61816 -115.19060
9427.30859 -113.43215
9430.00000 -113.82337
9432.69238 -113.57565
9435.38574 -114.58654
9438.07910 -113.14526
9440.76953 -114.79462
9443.45898 -113.78722
9446.15039 -113.47242
9448.84180 -113.08080
9451.53418 -113.94225
9454.22754 -112.76467
9456.92188 -113.68447
9459.61133 -113.99741
9462.30273 -113.21175
9464.99805 -112.90694
9467.68457 -113.44799
9470.38281 -112.96147
9473.07715 -112.98078
9475.76074 -114.29935
9478.45508 -113.24440
9481.14648 -112.97021
9483.83691 -112.95193
9486.52930 -113.13204
9489.22266 -112.24945
9491.91113 -113.88985
9494.61035 -113.01809
9497.29492 -112.89818
9499.99609 -112.45438
9502.68262 -113.42953
9505.37500 -111.90457
9508.06738 -113.52554
9510.75586 -113.25559
9513.45117 -113.34303
9516.14062 -112.60023
9518.83691 -114.10205
9521.52832 -112.09849
9524.21582 -113.23083
9526.90820 -113.48549
9529.60254 -113.60656
9532.29688 -112.71792
9534.98730 -114.25078
9537.68359 -112.27177
9540.37500 -112.74113
9543.06250 -113.58572
9545.75586 -113.82396
9548.44922 -113.20782
9551.13379 -114.37125
9553.82910 -113.02955
9556.52051 -112.82323
9559.21777 -114.06248
9561.90430 -114.25567
9564.60352 -114.02403
9567.29199 -114.22744
9569.98145 -113.77760
9572.67676 -112.90366
9575.36816 -114.07111
9578.05957 -114.10112
9580.74707 -114.41216
9583.44043 -113.51871
9586.13477 -114.30222
9588.82422 -113.14739
9591.51953 -114.04858
9594.20508 -114.05087
9596.90234 -114.91085
9599.59473 -113.19102
9602.28809 -114.91622
9604.97754 -113.79097
9607.67188 -114.06969
9610.36230 -113.94247
9613.05371 -114.83583
9615.74512 -112.80421
9618.43848 -114.68590
9621.13086 -114.00473
9623.82031 -113.57040
9626.51465 -113.44106
9629.20508 -114.15697
9631.89648 -112.60529
9634.58789 -114.17037
9637.28125 -114.31670
9639.97363 -113.39912
9642.66309 -113.35451
9645.36230 -113.74958
9648.05273 -112.96507
9650.74414 -113.74434
9653.43555 -114.39340
9656.12891 -113.19469
9658.81641 -113.09857
9661.51074 -113.07447
9664.20508 -113.20672
9666.89551 -112.95927
9669.58691 -113.92861
9672.27832 -112.94083
9674.96484 -112.91189
9677.66406 -112.66876
9680.35254 -113.86504
9683.04785 -112.65195
9685.73730 -113.78447
9688.42871 -113.22829
9691.12012 -113.17699
9693.81738 -112.70419
9696.50586 -114.49347
9699.19434 -112.52320
9701.88867 -113.43774
9704.57910 -113.33956
9707.27539 -113.20804
9709.96191 -112.65561
9712.65820 -114.53575
9715.34668 -112.47737
9718.04102 -113.16588
9720.73438 -113.70383
9723.42578 -113.63607
9726.11523 -113.18346
9728.80762 -114.57967
9731.50000 -113.05064
9734.18750 -113.33663
9736.88574 -114.25850
9739.57520 -114.13943
9742.27051 -113.76070
9744.96094 -114.06107
9747.65234 -113.51561
9750.34375 -113.25487
9753.03711 -114.28274
9755.72461 -114.24712
9758.42480 -114.23727
9761.11426 -113.41071
9763.80469 -114.20242
9766.50195 -113.51869
9769.18750 -114.42754
9771.88086 -114.55540
9774.57422 -114.93021
9777.26270 -113.19752
9779.95703 -114.89731
9782.64746 -113.83467
9785.33887 -114.20033
9788.03613 -114.31496
9790.72266 -114.84317
9793.41602 -112.83668
9796.10449 -114.75404
9798.79980 -113.82375
9801.49512 -113.64622
9804.18555 -113.82156
9806.87695 -114.45398
9809.56934 -112.96454
9812.25684 -114.48087
9814.95020 -114.13350
9817.64551 -113.50549
9820.34082 -113.62054
9823.03125 -114.04427
9825.71680 -113.33224
9828.41406 -113.87220
9831.10156 -114.06628
9833.79492 -113.16813
9836.48926 -113.13489
9839.17871 -113.24641
9841.87402 -113.57600
9844.56543 -113.10847
9847.25781 -113.87720
9849.95020 -113.14398
9852.64355 -113.07153
9855.33203 -112.95105
9858.02637 -114.22862
9860.71680 -112.93411
9863.40723 -113.93540
9866.09961 -113.47591
9868.79102 -113.24717
9871.48438 -112.81239
9874.17773 -114.45869
9876.86719 -112.75468
9879.55664 -113.58064
9882.24707 -113.60548
9884.94922 -113.33260
9887.64160 -112.79514
9890.32812 -114.43568
9893.02148 -112.99348
9895.71680 -113.50848
9898.40625 -114.13562
9901.09570 -113.89902
9903.79199 -113.37220
9906.47363 -114.47456
9909.17090 -113.61917
9911.86426 -113.52579
9914.55273 -114.43038
9917.24707 -114.17628
9919.94238 -113.78577
9922.63281 -113.96195
9925.32422 -113.98388
9928.01660 -113.34320
9930.70898 -114.37316
9933.39746 -114.32728
9936.09180 -114.41424
9938.78711 -113.68464
9941.47656 -114.60864
9944.16797 -113.61195
9946.85938 -114.46542
9949.55176 -114.55157
9952.24512 -115.02316
9954.93359 -113.52700
9957.62793 -114.74668
9960.31836 -113.68542
9963.01367 -114.05179
9965.70508 -114.19090
9968.39746 -114.89687
9971.08496 -113.21117
9973.77832 -114.37202
9976.47266 -113.78699
9979.16211 -113.72527
9981.85742 -114.00682
9984.54883 -114.77982
9987.24023 -113.40369
9989.93262 -114.23058
9992.62598 -114.14425
9995.31445 -113.63115
9998.00391 -113.83743
10000.69922 -114.32257
10003.38965 -113.47292
10006.08594 -113.72025
10008.77832 -114.06346
10011.47070 -113.30086
10014.15918 -113.45202
10016.85352 -113.64819
10019.54199 -113.63483
10022.23242 -113.48451
10024.92383 -114.18981
10027.62012 -113.45155
10030.31250 -113.53932
10033.00000 -113.44813
10035.69434 -114.09459
10038.38281 -113.58950
10041.07812 -114.25181
10043.77344 -113.58643
10046.46484 -113.45886
10049.15723 -113.08819
10051.84375 -114.12263
10054.53711 -113.47466
10057.23145 -113.99268
10059.92090 -113.69581
10062.61621 -113.49096
10065.30664 -113.05001
10067.99805 -114.32731
10070.68945 -113.82336
10073.38770 -114.09953
10076.07617 -114.20291
10078.76465 -113.86454
10081.45410 -113.33114
10084.14941 -114.38718
10086.84082 -114.06624
10089.53809 -113.93432
10092.22461 -114.31116
10094.91797 -113.89996
10097.61133 -113.44698
10100.30566 -114.05147
10102.99023 -114.12717
10105.68555 -113.77638
10108.37695 -114.48850
10111.06836 -114.24732
10113.76074 -114.03027
10116.45410 -114.05508
10119.14844 -114.52027
10121.83691 -113.89738
10124.53223 -114.63950
10127.22266 -114.50411
10129.91406 -114.46098
10132.60645 -113.81470
10135.29883 -114.44819
10137.98633 -113.66890
10140.68066 -114.24782
10143.37598 -114.35679
10146.06543 -114.68358
10148.75586 -113.65220
10151.44727 -114.43721
10154.13965 -113.75281
10156.83203 -114.11308
10159.52539 -114.45879
10162.22070 -115.05380
10164.91504 -113.84011
10167.60547 -114.50008
10170.29590 -113.87585
10172.98242 -113.82473
10175.67969 -114.15068
10178.37305 -114.75787
10181.06055 -113.73135
10183.75488 -114.09618
10186.44434 -113.81008
10189.13965 -113.46032
10191.82520 -113.80740
10194.52246 -114.38290
10197.21484 -113.93340
10199.90234 -114.03005
10202.60156 -114.17147
10205.29102 -113.57474
10207.98047 -113.79486
10210.66992 -114.08887
10213.36719 -114.10336
10216.05273 -113.84581
10218.75098 -114.24888
10221.43848 -113.50172
10224.13867 -113.52506
10226.82715 -113.47755
10229.51660 -113.96731
10232.20703 -113.63146
10234.89844 -114.30352
10237.59570 -113.72433
10240.28809 -113.66475
10242.97461 -113.34517
10245.66895 -114.16451
10248.35840 -113.89044
10251.05371 -114.51935
10253.74902 -114.15330
10256.43457 -113.91158
10259.13184 -113.26848
10261.81836 -114.06017
10264.51172 -113.93304
10267.20605 -114.21732
10269.90137 -114.23209
10272.58984 -113.96764
10275.28516 -113.26831
10277.97754 -114.00306
10280.66309 -114.23728
10283.35547 -114.11309
10286.04395 -114.57603
10288.73828 -114.36619
10291.43164 -113.75910
10294.12109 -114.24628
10296.81152 -114.62939
10299.50781 -113.98298
10302.20605 -114.58324
10304.89844 -114.36494
10307.58008 -113.99843
10310.27441 -114.14752
10312.96875 -114.53037
10315.65820 -113.64895
10318.34863 -114.31404
10321.04492 -114.26465
10323.73145 -114.43043
10326.42969 -114.34112
10329.11719 -114.62019
10331.81055 -113.78707
10334.50586 -114.32343
10337.20117 -114.33336
10339.89160 -114.84306
10342.57617 -114.44897
10345.27344 -114.38777
10347.95996 -113.77075
10350.65332 -113.99427
10353.34766 -114.02652
10356.04102 -114.71333
10358.73047 -114.20602
10361.42676 -114.02283
10364.11719 -113.89240
10366.80273 -113.89993
10369.50195 -114.06537
10372.19531 -114.76949
10374.88281 -114.24517
10377.57715 -114.11809
10380.26562 -114.29851
10382.96094 -114.01820
10385.65332 -114.15789
10388.34375 -114.54018
10391.03613 -113.96331
10393.72266 -113.99036
10396.42188 -114.31264
10399.11133 -113.89122
10401.80664 -114.08867
10404.49609 -114.15797
10407.18652 -113.73473
10409.88379 -114.22047
10412.57617 -114.53745
10415.26270 -114.14539
10417.95703 -114.39462
10420.65039 -114.16003
10423.33984 -113.83561
10426.02930 -114.62376
10428.71973 -114.60411
10431.41602 -114.21451
10434.10938 -114.35314
10436.80078 -113.88458
10439.49414 -113.70608
10442.18262 -114.61562
10444.87695 -114.32440
10447.56738 -114.13901
10450.26270 -114.26732
10452.95410 -113.83525
10455.64551 -113.98753
10458.33789 -114.82240
10461.02539 -114.37392
10463.71875 -114.33802
10466.40723 -114.33492
10469.10254 -113.95132
10471.79785 -114.30478
10474.49023 -114.63326
10477.17969 -114.14716
10479.87305 -114.14880
10482.56641 -114.00376
10485.25391 -113.79364
10487.94824 -114.41817
10490.63672 -114.21025
10493.32617 -114.00912
10496.02344 -114.14977
10498.71484 -114.00256
10501.40625 -114.01681
10504.09961 -114.83384
10506.79199 -114.16905
10509.48047 -114.16980
10512.17578 -114.27541
10514.86426 -114.03072
10517.56055 -114.08845
10520.25195 -114.78394
10522.93848 -113.89280
10525.63574 -114.02959
10528.32910 -114.11615
10531.01660 -113.93436
10533.71094 -114.12042
10536.40039 -114.61668
10539.09668 -113.96550
10541.78711 -114.22336
10544.47852 -114.34616
10547.16992 -114.28021
10549.85742 -114.49992
10552.55078 -114.56483
10555.24512 -114.29625
10557.94043 -114.37360
10560.62988 -114.37991
10563.32031 -114.34984
10566.01660 -114.51112
10568.70898 -114.09641
10571.39551 -114.35317
10574.08984 -114.29671
10576.77734 -114.28737
10579.47168 -114.46327
10582.16699 -114.68877
10584.85742 -113.94580
10587.55371 -114.75636
10590.24414 -114.55797
10592.93066 -114.46562
10595.62988 -114.71985
10598.31836 -114.85965
10601.00586 -113.84965
10603.70117 -114.80627
10606.39648 -114.48105
10609.08691 -114.22842
10611.77734 -114.49349
10614.46875 -114.55365
10617.16211 -113.66340
10619.85449 -114.58117
10622.54883 -114.43174
10625.23828 -114.14625
10627.93359 -114.47868
10630.62305 -114.47672
10633.31445 -113.95525
10636.01074 -114.58064
10638.69727 -114.58047
10641.39062 -114.17011
10644.08301 -114.37112
10646.77734 -114.14522
10649.46680 -114.07351
10652.16211 -114.20032
10654.85254 -114.33799
10657.54297 -113.93253
10660.22949 -114.04500
10662.92090 -113.71200
10665.62012 -114.34595
10668.31445 -114.08465
10671.00195 -114.37836
10673.69727 -114.12812
10676.38770 -114.14241
10679.07812 -113.67578
10681.76953 -114.82825
10684.46191 -114.17228
10687.14844 -114.35291
10689.84766 -114.22257
10692.53516 -114.04215
10695.23047 -113.46524
10697.92578 -114.86434
10700.61523 -114.09101
10703.30664 -114.10600
10705.99805 -114.32445
10708.69043 -114.11236
10711.37695 -113.63911
10714.07129 -115.06218
10716.76562 -114.46527
10719.45898 -114.22701
10722.14941 -114.75612
10724.83984 -114.46968
10727.53027 -114.08730
10730.22852 -115.00617
10732.92090 -114.67061
10735.60742 -114.07861
10738.30176 -114.75953
10740.99609 -114.49934
10743.68555 -114.43958
10746.38086 -114.58044
10749.06641 -114.77190
10751.75684 -114.04867
10754.44824 -114.83755
10757.14062 -114.78728
10759.83984 -115.23583
10762.52832 -114.46587
10765.21680 -115.05364
10767.91211 -114.28306
10770.60156 -114.82221
10773.29883 -114.87048
10775.99023 -115.66467
10778.68164 -114.09307
10781.37500 -114.75713
10784.06250 -114.24047
10786.75684 -114.35675
10789.45117 -114.59013
10792.14062 -115.63272
10794.83008 -113.87408
10797.52734 -114.51071
10800.21289 -114.56709
10802.90527 -114.20944
10805.59766 -114.55537
10808.29102 -115.46243
10810.98535 -113.98473
10813.67383 -114.25678
10816.36914 -114.82551
10819.06055 -113.93726
10821.75195 -114.21131
10824.44238 -114.61013
10827.13477 -113.88993
10829.82812 -113.75397
10832.52148 -114.84272
10835.20996 -113.74018
10837.90430 -114.01767
10840.60059 -113.90527
10843.28516 -114.20184
10845.98145 -113.75517
10848.67285 -115.10530
10851.36621 -114.00554
10854.05859 -114.15385
10856.74609 -113.47997
10859.44141 -114.49462
10862.13477 -113.75241
10864.82520 -114.88961
10867.51562 -114.09541
10870.20605 -114.10868
10872.90430 -113.05428
10875.59668 -114.61244
10878.29004 -113.98517
10880.97656 -114.61436
10883.66602 -114.52192
10886.35547 -114.48670
10889.05078 -113.27147
10891.74707 -115.02446
10894.43164 -114.70962
10897.12891 -114.49306
10899.81543 -114.99347
10902.50879 -114.79225
10905.20312 -113.61753
10907.89648 -114.98905
10910.58594 -115.13506
10913.28125 -114.06189
10915.97168 -115.03434
10918.66309 -114.82227
10921.35547 -114.22370
10924.05273 -114.90176
10926.73926 -115.64731
10929.42773 -114.04231
10932.12793 -115.21598
10934.81641 -115.02744
10937.50586 -115.23214
10940.19629 -114.89587
10942.89453 -115.74035
10945.58594 -114.10194
10948.27734 -114.93842
10950.96484 -114.72932
10953.66406 -115.71470
10956.35254 -114.46571
10959.04199 -115.00516
10961.73047 -114.15124
10964.42773 -114.46844
10967.11914 -114.43135
10969.81055 -115.97095
10972.50195 -114.34384
10975.19531 -114.41389
10977.88281 -114.64809
10980.57715 -114.30594
10983.26660 -114.35248
10985.96191 -115.69254
10988.65234 -114.20879
10991.34277 -113.70777
10994.03418 -114.84072
10996.73242 -113.91105
10999.41895 -114.05347
11002.11328 -114.75885
11004.81348 -114.01080
11007.50098 -113.19798
11010.18457 -115.03845
11012.88086 -113.88477
11015.57715 -114.20741
11018.26953 -114.19429
11020.95605 -114.27411
11023.65332 -113.30136
11026.34180 -115.21072
11029.04199 -114.07062
11031.72363 -114.39802
11034.41895 -113.64806
11037.11523 -114.35658
11039.79980 -113.44077
11042.49121 -114.81754
11045.18359 -114.14326
11047.88184 -114.50050
11050.57520 -113.33420
11053.26270 -114.62843
11055.95703 -114.12574
11058.64648 -114.62560
11061.33594 -114.65716
11064.03223 -114.92678
11066.72363 -113.58233
11069.41504 -115.06257
11072.10840 -114.98923
11074.80078 -114.36151
11077.48828 -114.92994
11080.18359 -114.92844
11082.87695 -113.77348
11085.56738 -115.03879
11088.25684 -115.52818
11090.95508 -114.03121
11093.64648 -115.10104
11096.33789 -114.90126
11099.02441 -114.40343
11101.71875 -115.16030
11104.41309 -115.99391
11107.10742 -114.18506
11109.79590 -115.38344
11112.48633 -114.94242
11115.17676 -115.09743
11117.86914 -114.99780
11120.55469 -115.64597
11123.25293 -114.19119
11125.95215 -115.10146
11128.64062 -114.58727
11131.32910 -115.40471
11134.02344 -114.55473
11136.71387 -114.89540
11139.40430 -114.42226
11142.10059 -114.90691
11144.78613 -114.56194
11147.47949 -115.78131
11150.17188 -114.47614
11152.86621 -114.39172
11155.56055 -114.83484
11158.25000 -114.70173
11160.94531 -114.49620
11163.63477 -115.54029
11166.32617 -114.20108
11169.01758 -113.75428
11171.70898 -114.85387
11174.40234 -114.25050
11177.08887 -114.33342
11179.78320 -115.02898
11182.47852 -114.18254
11185.16699 -113.55042
11187.86230 -115.06503
11190.55273 -114.23021
11193.24414 -114.55841
11195.93652 -114.77138
11198.62891 -114.47201
11201.32227 -113.63186
11204.01562 -115.01952
11206.70410 -114.12212
11209.39844 -114.51255
11212.08887 -114.25607
11214.78418 -114.54084
11217.46973 -113.72206
11220.16699 -114.72656
11222.85254 -114.13910
11225.55176 -114.60616
11228.23828 -114.12077
11230.93262 -114.93749
11233.62793 -114.29110
11236.31738 -114.76237
11239.01270 -114.51821
11241.70312 -114.84911
11244.39453 -114.19836
11247.08594 -115.11460
11249.77734 -114.68999
11252.47070 -114.54369
11255.15820 -114.62221
11257.85254 -114.74252
11260.54199 -114.17126
11263.23145 -114.96725
11265.92773 -115.10648
11268.62402 -114.52830
11271.31641 -114.98029
11274.00195 -114.91788
11276.69434 -114.57259
11279.38672 -115.00932
11282.08105 -115.58869
11284.77539 -114.74412
11287.46484 -115.24530
11290.15430 -114.91740
11292.85059 -114.73634
11295.54199 -114.65822
11298.22754 -115.44893
11300.92578 -114.67798
11303.61816 -115.11027
11306.31250 -114.71706
11309.00000 -114.82252
11311.69434 -114.45632
11314.38379 -115.31062
11317.07422 -114.91785
11319.76465 -115.19798
11322.46094 -114.81728
11325.15234 -115.04361
11327.84570 -114.51247
11330.53223 -114.98398
11333.22656 -114.96362
11335.91992 -114.94063
11338.61523 -114.60543
11341.30469 -114.81730
11343.99414 -114.38313
11346.69141 -114.35131
11349.38281 -114.77175
11352.07520 -114.66625
11354.76660 -114.56262
11357.45508 -114.81294
11360.15430 -114.68546
11362.84277 -114.13059
11365.53125 -114.83266
11368.22168 -114.69073
11370.91797 -114.71838
11373.60840 -114.85168
11376.29980 -114.91262
11378.99219 -113.85681
11381.67871 -114.55453
11384.37109 -114.44688
11387.06543 -114.61258
11389.75977 -114.71824
11392.45508 -114.98429
11395.13867 -113.78562
11397.83594 -114.44505
11400.52637 -114.52276
11403.21777 -114.85524
11405.91602 -114.99668
11408.60254 -115.26725
11411.29004 -114.15603
11413.98438 -114.55610
11416.68457 -114.65488
11419.37402 -114.93553
11422.06445 -115.03128
11424.75488 -115.06798
11427.44531 -114.36021
11430.14258 -114.46637
11432.83594 -114.58206
11435.52148 -114.82804
11438.21484 -115.00484
11440.90332 -114.88275
11443.59766 -114.88129
11446.29395 -114.79079
11448.98340 -114.86081
11451.67383 -114.97287
11454.36426 -115.09843
11457.05664 -114.79692
11459.75488 -115.29591
11462.44141 -115.01331
11465.13574 -114.87533
11467.83008 -114.75589
11470.51758 -114.71719
11473.21289 -114.42676
11475.89746 -115.26857
11478.59375 -115.07878
11481.28418 -114.89893
11483.98340 -114.69168
11486.66895 -114.54118
11489.36133 -114.47181
11492.05566 -115.35407
11494.74219 -115.34045
11497.43750 -115.14539
11500.12695 -114.81300
11502.82324 -114.41850
11505.51367 -114.50600
11508.20410 -115.05821
11510.89648 -115.10033
11513.58887 -115.02101
11516.28125 -114.69451
11518.97461 -114.20934
11521.66211 -114.54602
11524.35742 -114.75855
11527.04688 -114.86588
11529.74219 -115.12565
11532.44043 -114.95074
11535.12500 -114.52374
11537.82227 -114.98055
11540.50781 -114.76656
11543.20117 -114.72242
11545.89453 -115.16261
11548.58301 -115.05190
11551.27734 -114.75833
11553.96582 -115.08570
11556.66211 -114.56009
11559.35938 -114.32356
11562.04297 -114.90810
11564.74121 -114.97481
11567.42773 -115.15344
11570.12109 -115.28170
11572.81348 -114.64359
11575.50781 -114.36378
11578.20312 -114.95697
11580.89062 -115.11417
11583.58203 -115.74597
11586.27832 -115.45052
11588.96875 -114.71262
11591.66016 -114.42996
11594.35156 -114.74874
11597.04492 -114.85091
11599.73145 -115.75612
11602.42578 -115.12957
11605.11523 -114.53764
11607.80859 -114.55624
11610.50586 -114.59555
11613.19531 -114.72144
11615.88672 -115.71529
11618.58398 -115.03438
11621.27539 -114.63969
11623.95508 -115.07935
11626.64941 -114.72968
11629.34375 -114.75623
11632.03711 -115.38697
11634.72559 -114.77821
11637.42188 -114.52141
11640.11133 -115.27432
11642.80273 -114.62592
11645.49902 -114.58812
11648.19238 -114.70760
11650.87793 -114.46539
11653.57031 -114.55346
11656.26465 -115.51071
11658.95898 -114.85786
11661.64648 -114.83943
11664.34375 -114.44752
11667.03223 -114.57015
11669.72852 -114.90728
11672.41406 -115.63937
11675.11230 -115.09679
11677.79785 -114.99477
11680.49023 -114.14531
11683.18457 -114.49918
11685.87109 -115.06297
11688.56641 -115.24120
11691.26172 -115.13049
11693.95117 -115.05666
11696.64844 -114.09636
11699.33203 -114.69767
11702.03027 -115.54049
11704.72266 -115.06264
11707.41406 -115.43633
11710.10840 -115.34838
11712.80273 -114.48553
11715.49023 -115.04605
11718.17871 -115.81207
11720.87500 -114.75627
11723.56445 -115.36266
11726.25488 -115.19221
11728.95312 -114.73861
11731.63867 -115.07480
11734.33691 -115.60008
11737.02344 -114.45315
11739.71680 -115.21527
11742.40430 -115.10374
11745.10645 -115.34670
11747.78906 -115.33775
11750.48438 -115.44333
11753.17480 -114.58836
11755.86719 -115.20304
11758.56445 -115.06992
11761.25586 -115.79669
11763.94922 -115.28822
11766.63574 -114.88052
11769.32422 -114.55603
11772.01758 -114.82521
11774.70703 -114.75323
11777.41016 -115.77473
11780.09863 -115.04689
11782.78906 -114.38670
11785.48047 -114.79959
11788.17285 -114.73882
11790.86523 -114.81806
11793.55859 -115.79311
11796.25195 -115.07667
11798.93945 -114.27990
11801.62891 -115.14591
11804.32422 -114.68216
11807.01270 -114.79169
11809.70898 -115.30894
11812.40137 -114.82683
11815.09277 -114.09097
11817.78418 -115.15088
11820.47070 -114.53046
11823.16406 -114.74879
11825.85840 -114.81062
11828.55273 -114.84260
11831.24805 -114.39412
11833.93652 -115.37023
11836.62695 -114.80332
11839.32422 -115.02552
11842.01562 -114.62103
11844.69922 -115.03505
11847.39844 -114.82568
11850.08594 -115.28533
11852.77930 -114.89412
11855.47363 -114.98940
11858.16211 -114.28615
11860.85742 -114.99439
11863.55371 -115.17854
11866.24219 -115.04044
11868.93457 -115.10616
11871.62500 -115.11707
11874.31738 -114.41551
11877.00977 -115.26623
11879.70215 -115.81691
11882.39062 -115.08283
11885.07812 -115.50645
11887.77930 -115.29588
11890.46094 -114.67434
11893.15820 -115.26929
11895.85449 -115.96143
11898.54590 -114.85123
11901.23828 -115.49471
11903.92383 -115.15621
11906.62207 -114.89233
11909.30859 -115.07890
11912.00293 -115.90266
11914.69727 -114.87480
11917.38672 -115.64182
11920.08203 -115.31549
11922.77246 -115.47382
11925.45508 -115.09544
11928.15918 -115.83015
11930.84473 -115.04744
11933.53711 -115.58940
11936.23047 -115.26466
11938.91699 -115.65454
11941.61719 -114.77120
11944.31250 -115.30473
11947.00098 -114.97057
11949.68945 -115.21138
11952.38086 -115.11171
11955.07715 -115.72218
11957.76855 -114.70571
11960.45996 -115.02415
11963.15332 -115.21143
11965.84570 -115.12514
11968.53320 -115.22530
11971.22656 -115.76556
11973.92188 -114.82812
11976.61035 -114.80053
11979.30078 -115.20908
11981.99707 -114.80444
11984.68750 -115.00841
11987.38477 -115.31526
11990.06348 -114.81830
11992.76270 -114.50510
11995.45703 -115.07108
11998.14941 -114.62117
12000.83789 -114.98641
12003.52539 -115.13050
12006.22070 -115.25229
12008.91699 -114.65355
12011.60742 -115.17480
12014.29785 -114.73480
12016.99023 -115.05682
12019.68164 -114.95576
12022.37402 -115.49982
12025.06738 -114.70417
12027.75977 -114.95488
12030.44824 -114.66896
12033.14355 -114.89432
12035.83887 -114.71590
12038.52734 -115.61185
12041.21875 -114.95770
12043.90820 -114.97826
12046.60059 -114.96863
12049.29883 -115.08463
12051.98438 -114.91693
12054.67188 -115.81126
12057.37207 -115.44502
12060.06641 -115.13940
12062.75391 -115.25374
12065.44336 -115.10824
12068.13965 -114.93584
12070.83008 -115.44981
12073.52051 -115.60487
12076.21875 -115.10870
12078.90430 -115.36876
12081.59570 -115.10152
12084.28906 -115.07730
12086.98242 -115.14623
12089.67676 -115.93834
12092.36523 -115.44302
12095.05371 -115.72183
12097.75000 -115.35896
12100.44043 -115.36598
12103.13086 -114.90346
12105.82227 -115.97192
12108.51465 -115.54513
12111.20703 -115.64931
12113.90039 -115.27412
12116.59277 -115.27026
12119.28125 -114.49178
12121.97656 -115.63492
12124.67188 -115.49806
12127.36133 -115.50717
12130.05762 -115.36620
12132.74805 -115.38109
12135.43945 -114.56421
12138.13086 -115.52419
12140.82422 -115.59835
12143.51660 -115.44608
12146.20312 -115.46673
12148.89746 -115.35318
12151.59180 -114.63759
12154.28125 -115.14151
12156.97656 -115.25675
12159.66699 -115.02118
12162.35742 -115.24250
12165.04883 -115.13578
12167.74023 -114.86256
12170.43164 -114.92088
12173.12500 -115.07899
12175.81934 -114.91027
12178.50586 -115.30069
12181.20117 -115.24166
12183.88867 -115.44415
12186.58398 -114.99367
12189.28125 -114.99653
12191.97168 -114.81567
12194.65625 -115.13605
12197.35449 -115.09006
12200.04688 -115.67931
12202.74512 -114.86940
12205.42578 -114.75784
12208.12012 -114.68040
12210.81445 -114.93957
12213.50195 -115.05652
12216.19922 -115.99446
12218.88770 -115.09930
12221.57812 -114.96389
12224.27539 -114.97598
12226.96680 -115.05782
12229.65820 -115.19766
12232.34473 -116.06729
12235.04395 -115.27795
12237.73242 -115.06489
12240.42578 -115.08562
12243.11426 -114.94265
12245.80957 -115.05723
12248.50586 -115.62306
12251.19531 -115.28893
12253.88574 -115.20735
12256.57715 -115.35805
12259.26855 -115.13645
12261.96191 -115.22204
12264.65430 -115.38939
12267.34766 -115.61968
12270.03516 -115.57733
12272.72949 -115.74808
12275.42480 -115.42720
12278.11426 -115.30584
12280.80469 -114.97704
12283.50098 -115.63475
12286.19141 -115.51628
12288.88281 -115.69851
12291.56836 -115.47822
12294.26758 -115.26729
12296.96191 -114.65819
12299.64844 -115.73905
12302.34277 -115.55562
12305.03125 -115.79284
12307.71973 -115.78629
12310.41602 -115.53419
12313.11328 -114.75303
12315.80273 -115.96523
12318.49512 -115.51974
12321.18066 -115.64189
12323.87207 -115.73011
12326.57227 -115.48288
12329.26562 -114.72353
12331.95312 -115.75504
12334.64062 -115.18658
12337.33594 -115.23910
12340.02539 -115.49154
12342.72266 -115.48800
12345.41211 -115.04974
12348.10352 -115.71214
12350.79492 -115.21991
12353.48047 -115.17075
12356.18652 -115.42442
12358.86621 -115.57967
12361.56055 -115.44454
12364.25391 -115.47018
12366.94922 -115.11608
12369.64453 -114.89375
12372.32812 -115.04209
12375.02441 -115.30278
12377.72266 -115.56750
12380.41211 -115.02676
12383.09766 -115.08243
12385.79004 -114.82756
12388.48242 -114.95599
12391.17676 -115.30013
12393.86328 -115.89482
12396.55859 -114.95769
12399.25391 -115.36742
12401.94238 -115.03041
12404.63867 -115.02238
12407.32910 -115.20969
12410.02051 -115.81136
12412.71094 -114.76698
12415.40430 -115.34709
12418.09570 -115.02641
12420.78223 -114.98412
12423.48242 -115.03120
12426.17090 -115.59012
12428.86523 -114.86285
12431.55371 -115.53392
12434.24902 -115.35742
12436.93945 -115.34473
12439.63672 -115.22496
12442.32031 -115.56623
12445.01953 -115.27306
12447.71094 -115.66734
12450.39648 -115.55331
12453.09668 -115.48060
12455.78516 -115.18539
12458.47168 -115.23866
12461.16699 -115.48733
12463.85645 -115.48410
12466.54492 -115.54736
12469.24219 -115.55522
12471.93945 -115.30289
12474.62402 -115.20685
12477.32227 -115.96961
12480.01465 -115.58917
12482.70703 -115.75011
12485.39453 -115.74796
12488.08691 -115.54630
12490.78223 -115.25239
12493.47070 -116.13599
12496.16602 -115.45567
12498.85645 -115.56795
12501.54492 -115.51430
12504.23730 -115.44791
12506.92773 -115.12465
12509.61914 -115.91706
12512.31250 -115.33981
12515.01172 -115.46103
12517.70508 -115.47650
12520.39160 -115.58974
12523.08008 -115.32938
12525.77539 -115.83855
12528.47168 -115.49994
12531.16113 -115.48076
12533.85156 -115.45791
12536.54199 -115.53424
12539.23926 -115.29253
12541.92480 -115.42049
12544.61719 -115.36821
12547.30957 -115.22778
12550.00391 -115.26143
12552.69043 -115.32311
12555.38574 -115.24892
12558.08105 -115.20934
12560.77051 -115.47665
12563.45898 -115.30395
12566.15723 -115.44682
12568.84766 -115.39993
12571.53809 -115.42442
12574.22363 -115.26331
12576.92285 -115.56200
12579.61523 -115.28500
12582.30957 -115.41787
12584.99609 -115.20590
12587.69141 -115.30319
12590.37988 -115.15324
12593.07617 -115.38539
12595.76562 -115.18417
12598.45605 -115.38887
12601.14648 -115.19201
12603.84570 -115.46983
12606.52930 -115.39560
12609.22852 -115.49176
12611.91504 -115.38275
12614.60840 -115.55443
12617.30371 -115.32679
12619.99023 -115.65637
12622.68555 -115.48322
12625.38184 -115.34203
12628.07129 -115.29231
12630.76172 -115.35635
12633.44531 -115.22575
12636.14355 -115.64384
12638.83594 -115.38278
12641.53418 -115.22473
12644.22070 -115.35480
12646.91406 -115.39154
12649.60840 -115.44791
12652.29590 -115.92127
12654.99121 -115.51336
12657.68652 -115.36005
12660.37012 -115.52928
12663.06641 -115.43304
12665.75781 -115.53200
12668.44824 -115.85862
12671.14062 -115.32094
12673.83301 -115.23487
12676.52539 -115.42238
12679.21875 -115.29609
12681.90625 -115.51022
12684.60059 -115.70756
12687.29590 -115.32013
12689.98535 -115.41309
12692.68066 -115.62526
12695.36328 -115.52299
12698.06152 -115.73774
12700.75977 -115.68346
12703.44531 -115.51719
12706.13672 -115.59396
12708.82910 -115.66207
12711.52246 -115.52761
12714.21680 -115.61914
12716.90430 -115.30953
12719.59961 -115.48042
12722.28711 -115.57214
12724.97656 -115.56757
12727.67383 -115.55830
12730.36328 -115.61193
12733.05566 -115.19585
12735.74707 -115.77089
12738.43848 -115.83975
12741.13184 -115.72790
12743.82422 -115.76659
12746.52539 -115.68177
12749.20508 -115.14082
12751.90039 -115.83284
12754.59570 -115.77421
12757.28516 -115.52985
12759.98145 -115.60954
12762.67188 -115.45455
12765.35547 -115.00298
12768.05469 -115.66246
12770.74609 -115.67529
12773.43848 -115.46027
12776.13184 -115.65679
12778.81836 -115.52804
12781.51270 -115.27215
12784.20703 -115.68687
12786.89551 -115.73865
12789.59082 -115.49297
12792.28027 -115.64897
12794.97070 -115.46259
12797.66797 -115.38387
12800.35938 -115.36985
12803.05078 -115.45520
12805.74316 -115.25460
12808.42871 -115.42409
12811.12207 -115.31648
12813.81641 -115.59704
12816.50391 -115.22917
12819.20508 -115.45425
12821.88672 -115.36530
12824.58398 -115.51773
12827.28027 -115.45869
12829.97070 -115.97536
12832.66113 -115.28792
12835.35254 -115.46252
12838.04492 -115.37842
12840.73047 -115.38902
12843.42969 -115.31674
12846.11719 -115.95779
12848.81836 -115.16957
12851.50586 -115.32389
12854.19434 -115.35954
12856.89062 -115.33169
12859.58008 -115.36301
12862.26953 -116.08699
12864.96094 -115.42003
12867.65820 -115.54729
12870.35059 -115.65130
12873.04199 -115.50737
12875.73438 -115.52709
12878.42188 -116.03881
12881.11523 -115.55143
12883.80957 -115.53232
12886.49805 -115.64394
12889.19434 -115.41862
12891.88281 -115.46590
12894.57227 -115.69978
12897.26953 -115.58166
12899.96094 -115.56726
12902.65234 -115.77448
12905.34375 -115.62221
12908.03613 -115.74237
12910.73047 -115.63614
12913.41602 -115.83281
12916.11133 -115.77092
12918.80469 -115.91286
12921.49316 -115.76967
12924.18164 -115.85332
12926.87891 -115.34059
12929.56836 -115.70893
12932.26562 -115.63200
12934.95703 -115.69651
12937.64160 -115.70493
12940.34082 -115.84267
12943.03320 -115.15364
12945.71875 -115.69506
12948.41309 -115.73745
12951.10742 -115.72818
12953.80273 -115.89354
12956.49805 -116.01215
12959.18750 -115.23808
12961.87598 -115.70260
12964.56641 -115.77374
12967.25684 -115.55790
12969.94922 -115.73174
12972.64062 -115.75278
12975.33984 -115.12598
12978.02539 -115.40697
12980.71875 -115.62340
12983.41211 -115.33887
12986.09961 -115.58065
12988.79492 -115.55863
12991.48340 -115.36600
12994.17969 -115.39786
12996.86914 -115.76991
12999.56641 -115.43699
13002.25684 -115.61060
13004.94922 -115.42602
13007.64062 -115.61045
13010.32617 -115.23089
13013.02637 -115.64015
13015.71875 -115.31447
13018.40625 -115.36753
13021.10156 -115.07744
13023.78906 -115.72099
13026.48438 -115.07416
13029.17383 -115.55099
13031.87012 -115.45722
13034.56055 -115.46660
13037.25195 -115.13845
13039.94238 -116.11262
13042.63574 -115.27345
13045.32031 -115.61694
13048.01953 -115.70053
13050.70703 -115.57180
13053.40039 -115.17764
13056.09570 -116.14159
13058.78418 -115.29507
13061.47949 -115.38461
13064.16895 -115.70828
13066.86621 -115.55513
13069.55566 -115.32340
13072.24707 -116.11950
13074.94629 -115.62007
13077.63086 -115.44170
13080.32324 -115.99370
13083.00879 -115.84512
13085.70898 -115.82588
13088.39746 -116.14983
13091.08398 -116.03226
13093.77930 -115.47282
13096.47559 -115.98795
13099.16504 -115.79662
13101.86133 -116.03893
13104.55176 -115.77825
13107.23535 -116.08026
13109.93359 -115.41816
13112.63281 -115.84674
13115.31836 -115.74983
13118.01172 -116.35187
13120.70508 -115.63013
13123.39258 -116.25670
13126.08789 -115.71646
13128.77539 -115.89705
13131.46387 -115.81373
13134.16016 -116.50064
13136.85059 -115.44975
13139.54688 -115.98164
13142.23145 -115.76617
13144.93066 -115.60413
13147.62207 -115.55462
13150.31445 -116.13744
13153.00781 -115.17503
13155.69336 -115.50600
13158.38770 -115.90396
13161.08301 -115.53921
13163.77832 -115.61465
13166.46582 -115.93761
13169.16211 -115.28025
13171.84570 -115.30779
13174.54297 -116.12256
13177.23438 -115.57780
13179.92578 -115.66302
13182.61719 -115.53783
13185.30859 -115.23797
13187.99609 -114.94230
13190.68848 -115.93355
13193.38281 -115.44120
13196.07617 -115.62208
13198.76465 -115.17204
13201.46094 -115.38458
13204.15820 -114.96920
13206.83984 -115.92919
13209.53711 -115.68351
13212.23535 -115.91229
13214.92578 -115.20296
13217.61133 -115.74243
13220.31055 -115.24210
13222.99609 -115.77466
13225.68945 -115.74453
13228.38281 -115.88557
13231.07031 -115.11722
13233.76562 -115.84727
13236.46094 -115.44421
13239.15039 -115.46119
13241.83984 -115.77075
13244.53613 -115.87771
13247.22754 -115.38722
13249.91797 -116.20930
13252.60938 -115.98738
13255.30176 -115.49747
13257.99414 -115.99332
13260.68848 -115.92447
13263.37402 -115.77971
13266.06934 -116.36066
13268.75586 -116.20235
13271.45898 -115.34931
13274.14062 -115.83498
13276.83008 -115.60936
13279.53516 -115.95714
13282.22559 -116.22154
13284.90820 -116.16021
13287.60742 -115.40286
13290.29199 -115.84157
13292.98438 -115.57279
13295.68457 -116.35965
13298.37109 -116.23665
13301.06543 -116.13644
13303.75195 -115.68686
13306.45508 -115.84689
13309.14258 -115.49322
13311.83203 -116.35425
13314.52246 -115.86402
13317.21875 -115.69095
13319.91113 -115.73804
13322.60156 -115.63110
13325.28516 -115.37621
13327.98633 -116.13520
13330.67188 -115.55404
13333.37109 -115.47326
13336.05859 -116.07542
13338.75195 -115.75615
13341.44727 -115.63550
13344.13574 -116.04161
13346.82520 -115.43386
13349.52148 -115.38442
13352.21191 -116.23011
13354.91016 -115.72182
13357.59277 -115.68638
13360.29199 -115.60706
13362.97656 -115.13147
13365.67578 -115.21673
13368.36133 -116.12636
13371.05566 -115.71412
13373.75000 -115.88695
13376.43750 -115.44310
13379.13281 -115.22717
13381.82129 -115.47129
13384.51758 -116.18576
13387.20703 -115.93994
13389.89746 -116.16964
13392.58789 -115.41495
13395.28711 -115.35423
13397.97852 -115.56623
13400.66992 -115.86548
13403.36328 -115.84082
13406.04980 -116.07788
13408.74219 -115.29787
13411.43750 -115.48071
13414.13184 -115.69737
13416.82129 -115.62044
13419.50977 -115.92957
13422.20605 -116.17616
13424.89648 -115.59610
13427.58691 -115.95935
13430.28418 -115.99964
13432.97656 -115.54424
13435.66016 -115.97566
13438.35352 -116.05676
13441.04590 -115.73872
13443.73926 -116.13588
13446.43359 -115.93165
13449.12109 -115.28020
13451.81641 -115.78425
13454.50391 -115.76614
13457.20117 -115.90370
13459.89062 -116.35990
13462.57910 -116.04644
13465.27832 -115.39436
13467.96094 -115.89684
13470.66016 -115.76620
13473.34473 -116.22247
13476.04492 -116.54986
13478.73047 -116.10015
13481.42480 -115.49329
13484.11914 -115.79977
13486.80664 -115.52339
13489.50195 -116.12441
13492.19727 -116.26780
13494.88672 -115.89934
13497.57617 -115.57397
13500.26562 -115.75856
13502.95703 -115.48853
13505.64648 -116.17114
13508.34766 -116.15976
13511.03125 -115.98909
13513.72461 -115.94632
13516.42480 -115.95075
13519.11914 -115.64186
13521.80566 -116.15362
13524.50098 -115.88847
13527.18848 -115.83122
13529.87695 -116.00687
13532.56641 -115.84943
13535.27148 -115.60455
13537.95996 -115.90694
13540.65234 -115.51752
13543.34180 -115.68585
13546.02637 -116.14193
13548.72656 -115.97903
13551.41992 -115.90580
13554.10547 -115.99671
13556.80664 -115.50063
13559.49316 -115.78226
13562.18164 -116.27885
13564.87695 -116.05749
13567.56445 -116.05997
13570.26172 -115.89257
13572.95898 -115.31258
13575.64941 -115.59846
13578.33984 -116.05782
13581.03125 -115.89148
13583.72266 -116.06793
13586.41504 -115.82779
13589.10742 -115.35732
13591.79297 -115.68642
13594.49414 -116.08533
13597.18262 -116.00341
13599.87695 -116.26515
13602.56445 -115.97289
13605.25391 -115.59888
13607.95020 -115.77573
13610.63965 -115.96187
13613.33789 -115.86387
13616.02051 -116.06921
13618.71973 -115.79230
13621.41113 -115.65350
13624.10352 -115.67886
13626.78809 -115.75958
13629.48242 -115.76329
13632.17676 -115.96207
13634.87109 -115.82755
13637.56641 -116.02987
13640.25391 -115.88114
13642.94141 -115.85679
13645.63867 -115.89751
13648.33594 -115.94700
13651.01758 -115.83582
13653.71680 -116.23459
13656.40723 -115.85280
13659.09961 -115.69604
13661.79199 -115.76542
13664.48438 -115.69950
13667.16992 -115.66805
13669.86426 -116.28501
13672.55859 -115.89587
13675.24512 -115.71707
13677.94141 -115.91567
13680.63672 -115.80139
13683.31934 -115.85127
13686.01562 -116.49967
13688.70605 -116.17330
13691.40430 -115.84293
13694.08691 -116.04462
13696.78711 -115.80691
13699.47168 -115.84908
13702.16406 -116.28434
13704.85742 -116.18621
13707.55078 -115.73592
13710.24512 -115.97883
13712.93945 -115.76985
13715.62695 -115.93559
13718.32422 -116.12611
13721.01172 -116.43768
13723.70996 -115.94183
13726.39160 -116.18266
13729.08984 -115.98367
13731.78125 -116.22396
13734.47266 -116.01163
13737.17188 -116.53418
13739.85742 -116.00372
13742.54297 -116.09585
13745.23535 -115.88297
13747.93750 -116.16846
13750.62500 -115.64121
13753.31152 -116.26815
13756.01562 -115.99479
13758.70508 -116.00197
13761.39453 -115.92044
13764.08301 -116.28838
13766.77344 -115.60726
13769.47168 -116.14690
13772.16309 -116.22940
13774.84766 -116.06235
13777.54004 -116.01445
13780.24023 -116.26621
13782.92578 -115.50716
13785.62012 -115.69802
13788.31445 -116.12787
13791.00195 -115.82911
13793.69043 -115.88020
13796.39453 -115.97173
13799.08203 -115.43965
13801.77246 -115.35645
13804.47070 -116.13249
13807.16016 -115.86292
13809.85156 -116.07217
13812.53516 -115.94606
13815.23535 -115.71365
13817.91992 -115.33903
13820.61426 -116.16202
13823.30664 -115.89395
13826.00098 -116.11518
13828.68945 -115.69663
13831.38477 -115.77159
13834.07227 -115.26770
13836.76855 -115.89378
13839.46484 -115.80540
13842.14746 -116.10460
13844.83789 -115.57185
13847.53711 -116.05598
13850.22852 -115.69286
13852.91992 -115.90088
13855.61133 -116.04802
13858.30566 -116.30209
13860.99805 -115.71613
13863.69238 -116.38816
13866.37891 -116.20612
13869.07422 -115.77052
13871.76270 -116.05302
13874.45801 -116.12585
13877.14746 -115.68092
13879.84473 -116.39946
13882.52734 -116.62917
13885.22461 -115.62261
13887.90918 -116.11797
13890.60742 -116.06847
13893.29980 -115.99853
13895.98535 -116.61788
13898.68555 -117.19633
13901.37891 -115.77726
13904.06641 -116.29802
13906.75977 -116.02757
13909.45508 -116.27679
13912.14355 -116.50808
13914.83984 -117.09912
13917.52930 -115.71955
13920.21973 -116.13128
13922.90918 -115.75780
13925.60059 -116.38334
13928.29102 -116.21473
13930.98242 -116.72028
13933.68262 -115.90285
13936.37598 -116.17303
13939.06152 -115.83576
13941.75586 -116.68612
13944.44922 -116.11459
13947.14453 -116.34779
13949.83301 -116.16455
13952.52051 -116.10620
13955.20996 -115.80779
13957.90625 -116.55396
13960.59668 -115.71427
13963.29492 -115.68992
13965.98535 -116.20403
13968.67676 -115.89251
13971.36133 -115.81920
13974.06152 -116.34700
13976.74707 -115.54845
13979.43945 -115.45030
13982.13379 -116.50044
13984.82812 -115.98566
13987.51562 -116.10700
13990.21094 -116.20724
13992.90820 -115.54391
13995.59570 -115.34877
13998.28516 -116.51048
14000.97559 -115.85830
14003.67285 -116.10859
14006.36523 -115.76659
14009.05664 -115.44168
14011.74805 -115.31677
14014.43262 -116.37551
14017.12500 -115.86652
14019.81934 -116.27191
14022.51367 -115.65638
14025.20020 -115.75960
14027.90234 -115.72532
14030.59082 -116.38463
14033.28027 -116.05335
14035.97656 -116.40599
14038.66602 -115.59090
14041.35547 -115.99146
14044.04688 -115.96955
14046.73730 -116.03956
14049.42871 -115.97826
14052.12891 -116.23450
14054.82031 -115.52340
14057.51367 -116.24310
14060.20703 -116.36170
14062.89453 -115.89307
14065.58789 -116.16642
14068.28320 -116.30143
14070.97168 -115.86408
14073.66016 -116.67410
14076.34863 -116.81983
14079.03809 -115.84504
14081.73633 -116.24248
14084.42578 -116.14612
14087.11816 -116.01048
14089.81641 -116.65076
14092.50098 -116.85458
14095.20117 -115.66626
14097.88672 -116.14409
14100.58789 -115.95426
14103.26660 -116.27187
14105.96191 -116.64657
14108.65625 -116.98850
14111.35254 -115.88018
14114.04785 -116.29585
14116.72949 -116.00919
14119.42578 -116.57919
14122.11719 -116.51347
14124.80664 -116.83534
14127.50586 -115.97760
14130.18945 -116.15449
14132.88965 -115.82293
14135.58203 -116.45786
14138.26660 -116.06633
14140.96094 -116.39645
14143.65430 -116.10040
14146.34180 -116.09587
14149.03711 -115.89432
14151.73242 -116.47618
14154.41992 -115.93686
14157.11719 -116.19438
14159.81445 -116.42302
14162.49609 -116.17223
14165.19434 -116.03659
14167.87695 -116.29810
14170.57715 -115.69775
14173.26074 -115.77315
14175.95312 -116.36304
14178.65332 -115.98569
14181.33984 -116.02682
14184.03320 -115.98193
14186.72852 -115.57176
14189.42285 -115.56728
14192.10352 -116.41554
14194.79883 -116.07973
14197.49512 -116.32655
14200.19336 -115.99235
14202.87500 -115.77424
14205.57227 -115.63557
14208.26270 -116.40290
14210.94727 -116.08606
14213.65332 -116.38261
14216.33008 -115.82252
14219.03223 -115.79282
14221.72461 -115.61830
14224.41016 -116.12474
14227.09766 -115.98966
14229.79980 -116.36851
14232.48828 -115.85410
14235.17578 -116.08921
14237.87207 -116.01351
14240.56836 -116.15397
14243.25781 -116.16748
14245.94824 -116.47064
14248.64648 -116.05508
14251.33008 -116.37487
14254.02246 -116.32603
14256.72070 -116.02576
14259.41406 -116.07957
14262.09961 -116.20405
14264.79395 -116.02029
14267.47949 -116.40649
14270.18164 -116.51050
14272.87012 -115.94694
14275.56543 -116.11129
14278.25293 -116.12144
14280.94238 -116.24628
14283.63184 -116.65250
14286.32031 -116.80866
14289.01172 -116.12225
14291.70996 -116.24957
14294.40234 -116.07601
14297.09375 -116.29725
14299.78613 -116.56341
14302.47949 -116.64989
14305.17188 -116.03396
14307.86621 -116.12038
14310.56055 -115.89808
14313.24805 -116.21338
14315.94336 -116.40662
14318.63184 -116.52325
14321.32812 -116.16497
14324.01758 -116.26780
14326.70703 -116.09631
14329.39648 -116.36303
14332.09473 -116.41985
14334.78613 -116.49152
14337.47852 -116.26982
14340.16992 -116.27717
14342.85547 -116.13583
14345.54785 -116.22140
14348.24121 -116.12288
14350.93555 -116.24483
14353.63086 -116.16423
14356.31738 -116.18217
14359.01367 -116.20978
14361.70117 -116.22467
14364.39844 -116.07691
14367.08789 -116.35332
14369.78516 -116.34249
14372.46680 -116.33321
14375.15820 -116.43616
14377.85742 -116.33741
14380.54883 -116.06105
14383.23340 -116.35494
14385.92676 -116.29201
14388.61914 -116.18656
14391.31348 -116.29218
14394.00000 -116.19115
14396.70312 -115.89924
14399.39062 -116.20943
14402.07910 -116.27534
14404.77441 -116.16576
14407.47168 -116.30642
14410.15234 -116.31586
14412.85059 -116.07476
14415.54883 -116.24616
14418.24023 -116.45425
14420.93164 -116.22979
14423.61523 -116.26923
14426.31641 -116.27224
14429.00195 -116.05659
14431.69434 -115.93497
14434.39648 -116.32725
14437.07520 -116.05042
14439.77734 -116.07153
14442.46582 -116.11439
14445.14551 -116.09499
14447.84180 -115.77640
14450.53906 -116.41296
14453.22852 -116.17195
14455.91895 -116.21686
14458.61719 -116.20101
14461.30859 -116.32017
14464.00000 -115.80250
14466.69141 -116.43344
14469.38477 -116.17520
14472.07812 -116.20439
14474.76367 -116.01743
14477.45703 -116.25092
14480.15137 -115.76226
14482.83984 -116.23392
14485.54199 -116.12231
14488.22266 -116.26420
14490.91895 -116.01855
14493.60840 -116.40766
14496.30664 -116.17976
14498.98828 -116.30721
14501.69434 -116.33186
14504.37695 -116.48964
14507.06934 -116.14616
14509.76074 -116.50443
14512.45312 -116.56838
14515.14648 -116.14275
14517.84082 -116.23992
14520.52734 -116.36398
14523.23047 -116.07659
14525.91699 -116.39588
14528.60449 -116.88238
14531.29297 -116.04841
14533.98926 -116.27916
14536.67871 -116.38611
14539.37500 -116.32720
14542.06543 -116.54816
14544.75586 -117.23717
14547.44727 -116.17299
14550.13867 -116.36654
14552.83105 -116.30710
14555.52344 -116.41080
14558.21680 -116.41998
14560.91016 -116.96518
14563.59570 -116.06348
14566.29102 -116.17523
14568.98633 -116.04549
14571.67383 -116.38032
14574.36133 -116.30770
14577.05859 -116.57044
14579.75586 -116.24986
14582.44531 -116.26470
14585.13574 -116.10752
14587.82617 -116.52702
14590.51758 -116.33982
14593.20801 -116.17761
14595.90820 -116.40820
14598.60156 -116.20932
14601.28711 -116.01408
14603.97949 -116.30923
14606.66602 -116.09141
14609.36035 -115.62963
14612.05566 -116.39368
14614.75098 -116.12041
14617.43945 -116.07480
14620.13574 -116.21497
14622.82422 -116.11323
14625.51367 -115.53708
14628.20410 -116.62377
14630.90234 -116.31171
14633.59375 -116.35410
14636.29297 -116.18900
14638.96875 -116.12507
14641.66992 -115.52237
14644.36328 -116.52522
14647.05566 -116.24439
14649.74219 -116.37547
14652.43652 -115.97565
14655.13184 -116.05711
14657.81836 -115.69125
14660.50684 -116.41171
14663.21094 -116.35477
14665.89258 -116.61706
14668.58887 -116.12035
14671.27930 -116.32201
14673.96973 -116.22035
14676.66895 -116.41443
14679.36035 -116.50363
14682.05176 -116.69981
14684.74414 -116.17013
14687.43652 -116.36280
14690.12207 -116.51388
14692.81641 -116.12925
14695.50977 -116.38234
14698.20410 -116.53087
14700.89258 -116.24903
14703.58789 -116.47829
14706.27539 -116.92312
14708.96484 -116.13120
14711.66211 -116.50937
14714.35156 -116.57071
14717.04199 -116.56156
14719.74121 -116.67960
14722.43164 -117.14760
14725.11621 -116.13188
14727.80762 -116.42356
14730.50781 -116.32338
14733.20215 -116.54074
14735.88770 -116.51007
14738.57324 -116.90437
14741.27539 -116.06904
14743.96289 -116.27625
14746.65820 -116.16290
14749.35449 -116.63091
14752.03516 -116.53319
14754.73145 -116.77425
14757.42969 -116.33472
14760.11133 -116.35307
14762.81055 -116.20071
14765.50000 -116.65443
14768.19238 -116.43236
14770.88379 -116.39231
14773.57617 -116.36447
14776.26953 -116.16115
14778.96289 -116.02757
14781.64844 -116.39137
14784.35059 -116.20169
14787.03711 -115.98876
14789.72559 -116.46581
14792.42090 -116.17572
14795.10840 -116.16778
14797.80664 -116.39434
14800.50293 -116.29736
14803.18457 -115.89185
14805.87500 -116.64792
14808.57324 -116.24704
14811.26465 -116.27042
14813.95605 -116.23370
14816.64844 -116.19581
14819.34082 -115.63875
14822.03320 -116.48845
14824.72754 -116.13441
14827.41309 -116.26251
14830.10840 -116.10567
14832.80273 -116.24675
14835.49023 -115.69592
14838.18750 -116.55409
14840.87500 -116.33620
14843.57227 -116.51163
14846.26074 -116.24468
14848.95117 -116.44960
14851.64160 -115.89247
14854.33203 -116.50847
14857.03223 -116.36304
14859.71582 -116.47068
14862.40820 -116.14186
14865.09961 -116.37292
14867.79395 -115.98969
14870.49609 -116.34543
14873.17383 -116.39256
14875.86816 -116.48393
14878.56348 -116.26424
14881.25977 -116.52562
14883.94727 -116.40924
14886.63574 -116.47895
14889.33398 -116.62637
14892.03027 -116.58618
14894.71191 -116.39304
14897.41113 -116.52625
14900.10156 -116.59952
14902.79297 -116.35833
14905.48438 -116.53150
14908.17773 -116.40243
14910.87012 -116.30914
14913.55566 -116.37334
14916.25781 -116.71317
14918.94434 -116.34757
14921.63086 -116.60768
14924.33398 -116.47978
14927.01270 -116.49754
14929.70898 -116.47926
14932.39844 -116.89995
14935.08691 -116.43925
14937.78418 -116.63600
14940.47461 -116.46353
14943.16504 -116.46951
14945.86426 -116.33509
14948.55566 -116.70174
14951.24023 -116.25143
14953.94043 -116.40734
14956.63281 -116.34342
14959.32715 -116.43233
14962.02051 -116.32671
14964.70703 -116.62861
14967.39355 -116.33379
14970.08887 -116.45790
14972.78418 -116.48384
14975.48047 -116.59270
14978.16992 -116.45137
14980.86719 -116.54856
14983.54883 -116.31892
14986.23828 -116.30386
14988.93652 -116.35007
14991.62012 -116.44749
14994.32031 -116.33019
14997.00293 -116.27068
14999.70312 -116.23640
15002.38867 -116.18752
15005.08203 -116.31587
15007.77539 -116.49035
15010.47852 -116.47511
15013.16504 -116.26788
15015.85156 -116.44495
15018.54883 -116.31462
15021.23633 -116.37892
15023.92480 -116.50994
15026.62207 -116.48485
15029.31152 -116.07934
15032.00195 -116.40694
15034.69922 -116.20815
15037.39160 -116.20930
15040.08301 -116.32047
15042.77441 -116.39310
15045.46777 -115.91100
15048.16016 -116.49048
15050.85352 -116.36040
15053.54688 -116.34309
15056.23242 -116.41899
15058.92773 -116.54863
15061.61523 -115.95670
15064.31055 -116.63664
15066.99805 -116.51578
15069.69629 -116.40283
15072.38379 -116.32794
15075.07324 -116.43365
15077.77246 -115.82925
15080.46289 -116.47662
15083.15332 -116.48499
15085.84473 -116.41893
15088.53613 -116.30147
15091.22949 -116.45870
15093.92188 -116.03471
15096.62305 -116.54782
15099.30859 -116.71708
15101.99414 -116.70712
15104.68848 -116.49553
15107.38379 -116.56848
15110.08008 -116.32195
15112.76855 -116.46282
15115.45703 -116.67954
15118.14453 -116.67782
15120.84180 -116.43868
15123.53320 -116.42447
15126.22266 -116.56296
15128.91406 -116.29823
15131.60547 -116.62557
15134.29688 -116.71425
15136.99707 -116.62125
15139.68164 -116.54498
15142.37402 -117.06861
15145.06836 -116.41099
15147.76270 -116.70551
15150.44824 -116.74888
15153.14355 -116.73861
15155.83887 -116.50970
15158.52637 -117.18362
15161.21484 -116.28959
15163.91113 -116.47038
15166.60938 -116.44882
15169.29785 -116.63580
15171.98047 -116.40205
15174.67871 -117.07655
15177.37793 -116.35891
15180.06250 -116.45588
15182.75391 -116.40788
15185.45410 -116.75148
15188.13867 -116.54028
15190.83203 -116.89436
15193.52637 -116.52107
15196.22070 -116.41466
15198.90723 -116.26028
15201.59375 -116.57362
15204.29785 -116.41496
15206.98633 -116.29995
15209.67383 -116.44979
15212.36328 -116.24014
15215.06934 -116.11040
15217.75195 -116.41940
15220.44922 -116.46089
15223.14062 -115.96513
15225.82227 -116.64890
15228.52344 -116.38951
15231.21582 -116.28767
15233.90039 -116.43605
15236.60156 -116.58047
15239.28711 -115.76555
15241.98145 -116.65968
15244.67578 -116.35815
15247.36230 -116.26983
15250.05762 -116.22511
15252.74512 -116.46280
15255.44141 -115.60604
15258.12988 -116.58027
15260.82812 -116.42580
15263.51660 -116.44861
15266.20703 -116.31216
15268.89746 -116.61407
15271.58789 -115.91187
15274.27930 -116.70532
15276.97168 -116.67093
15279.66406 -116.68699
15282.35742 -116.41312
15285.04980 -116.58204
15287.74414 -116.13742
15290.42969 -116.52362
15293.12500 -116.63225
15295.82031 -116.64988
15298.51562 -116.42003
15301.21191 -116.46893
15303.89160 -116.48294
15306.58105 -116.49823
15309.27832 -116.80215
15311.96777 -116.83215
15314.66699 -116.71661
15317.35742 -116.57018
15320.04883 -116.91223
15322.73926 -116.53194
15325.43164 -116.83899
15328.12402 -116.78653
15330.80957 -116.73010
15333.51074 -116.38240
15336.19629 -116.93060
15338.89062 -116.35197
15341.58594 -116.66351
15344.27246 -116.64555
15346.96777 -116.74850
15349.65625 -116.37222
15352.34473 -117.04349
15355.04980 -116.47594
15357.73047 -116.72040
15360.42969 -116.71203
15363.11914 -116.82945
15365.81055 -116.43472
15368.50098 -116.98916
15371.20117 -116.45091
15373.89258 -116.51013
15376.57715 -116.49091
15379.26953 -116.55681
15381.96387 -116.31705
15384.64941 -116.74079
15387.34375 -116.40225
15390.03906 -116.38725
15392.73438 -116.44349
15395.42188 -116.51507
15398.11719 -116.52657
15400.80664 -116.75652
15403.49512 -116.57263
15406.19238 -116.44176
15408.88281 -116.44524
15411.57324 -116.42405
15414.27246 -116.59271
15416.96387 -116.53607
15419.64746 -116.45237
15422.33887 -116.27706
15425.03125 -116.25254
15427.72461 -116.26386
15430.41895 -116.65421
15433.11133 -116.36639
15435.80664 -116.50272
15438.49414 -116.41391
15441.18066 -116.37323
15443.87598 -116.44783
15446.56348 -116.90733
15449.25977 -116.32610
15451.95801 -116.57158
15454.64746 -116.50876
15457.34473 -116.35578
15460.03516 -116.45182
15462.72559 -116.81629
15465.40918 -116.04825
15468.10938 -116.43956
15470.80078 -116.51085
15473.49414 -116.38232
15476.18652 -116.59364
15478.87207 -116.82785
15481.56641 -116.07063
15484.25977 -116.60367
15486.94727 -116.78267
15489.64258 -116.65587
15492.32910 -116.85032
15495.02539 -116.77415
15497.72266 -116.11306
15500.40234 -116.59544
15503.10059 -116.78765
15505.79004 -116.66659
15508.48828 -116.78954
15511.17969 -116.46500
15513.87109 -116.17873
15516.55273 -116.58714
15519.25391 -116.85589
15521.94531 -116.86456
15524.63086 -116.91721
15527.33301 -116.43555
15530.02734 -116.60213
15532.71289 -116.76951
15535.40820 -116.98769
15538.09473 -117.00809
15540.79004 -116.87148
15543.47754 -116.26992
15546.17383 -116.81863
15548.87109 -116.63661
15551.56055 -116.78284
15554.24902 -116.85266
15556.93945 -116.67240
15559.63867 -116.18695
15562.33008 -117.11627
15565.02051 -116.66778
15567.70410 -116.78732
15570.39648 -116.90523
15573.08984 -116.73312
15575.78223 -116.38969
15578.47656 -117.37405
15581.17090 -116.67270
15583.85742 -116.64891
15586.56055 -116.69366
15589.24805 -116.55109
15591.93457 -116.39243
15594.63086 -117.16915
15597.32031 -116.47925
15600.01758 -116.40135
15602.70605 -116.46021
15605.39648 -116.51201
15608.08691 -116.64351
15610.77734 -117.08208
15613.47754 -116.59223
15616.16992 -116.43862
15618.86133 -116.45431
15621.54492 -116.59606
15624.23828 -116.85914
15626.93262 -116.81338
15629.62695 -116.53972
15632.32031 -116.27773
15635.00586 -116.22386
15637.69336 -116.44653
15640.38965 -116.82226
15643.08594 -116.43809
15645.77344 -116.54719
15648.47070 -116.31479
15651.16016 -116.27002
15653.84961 -116.55656
15656.54785 -116.98725
15659.23926 -116.38496
15661.92969 -116.75507
15664.62109 -116.50766
15667.32227 -116.37992
15670.00586 -116.54824
15672.69727 -116.85510
15675.38281 -116.15342
15678.08594 -116.67380
15680.77148 -116.51932
15683.46582 -116.38065
15686.15234 -116.46631
15688.85645 -116.70075
15691.54395 -116.12593
15694.23242 -116.77064
15696.92871 -116.82312
15699.61816 -116.70438
15702.30664 -116.64983
15705.00488 -116.73324
15707.69531 -116.27074
15710.38574 -116.78434
15713.07715 -116.96201
15715.76953 -116.82438
15718.46094 -116.59942
15721.15332 -116.50459
15723.84668 -116.25937
15726.53125 -116.58037
15729.22461 -116.96687
15731.91895 -116.94859
15734.61426 -116.72429
15737.30957 -116.52541
15739.99609 -116.59620
15742.69336 -116.64402
15745.38965 -117.13007
15748.06836 -117.17638
15750.76660 -116.92831
15753.45605 -116.54687
15756.14648 -116.84624
15758.84570 -116.51003
15761.53516 -116.91785
15764.22754 -117.01013
15766.91895 -116.86585
15769.60156 -116.41776
15772.29492 -117.04893
15774.99609 -116.45947
15777.69043 -116.77798
15780.38477 -116.96228
15783.06152 -117.03334
15785.75586 -116.57230
15788.45117 -117.42124
15791.14746 -116.62755
15793.82617 -116.69593
15796.52344 -116.80884
15799.21973 -116.95557
15801.91797 -116.51957
15804.59863 -117.35367
15807.29688 -116.56505
15809.98828 -116.38255
15812.67773 -116.46690
15815.37012 -116.73227
15818.06152 -116.53640
15820.76270 -117.23876
15823.44629 -116.74630
15826.13867 -116.39580
15828.82422 -116.43680
15831.52734 -116.70853
15834.22070 -116.73081
15836.90820 -117.05995
15839.59473 -116.86212
15842.29883 -116.33839
15844.97852 -116.26722
15847.67480 -116.41010
15850.36328 -116.67369
15853.06152 -116.59313
15855.75977 -116.78449
15858.43945 -116.31149
15861.14062 -116.26107
15863.83008 -116.31592
15866.52246 -116.85414
15869.20410 -116.45933
15871.90527 -116.93095
15874.59863 -116.59176
15877.29102 -116.49583
15879.97559 -116.35718
15882.66992 -116.94914
15885.36523 -116.31496
15888.05859 -116.79581
15890.74609 -116.65985
15893.44238 -116.54017
15896.12891 -116.28982
15898.81738 -116.85536
15901.51465 -116.27113
15904.20410 -116.69616
15906.90234 -116.91090
15909.59180 -116.85785
15912.28320 -116.59279
15914.97266 -116.97659
15917.66406 -116.57078
15920.35645 -116.73495
15923.04785 -117.15237
15925.74121 -117.05672
15928.43359 -116.79490
15931.12695 -116.81102
15933.82031 -116.65909
15936.50586 -116.52318
15939.20996 -117.07733
15941.89648 -117.03428
15944.58398 -116.99068
15947.28027 -116.69577
15949.97656 -116.89997
15952.66504 -116.57503
15955.34570 -117.16406
15958.04297 -117.19048
15960.74219 -117.33722
15963.43262 -116.71963
15966.12305 -117.07630
15968.81348 -116.59293
15971.49609 -116.97413
15974.19727 -116.99947
15976.88965 -117.26559
15979.58203 -116.50690
15982.27637 -116.94066
15984.96094 -116.53040
15987.65527 -116.68610
15990.35059 -116.84190
15993.04590 -117.21954
15995.73242 -116.57600
15998.42773 -117.02910
16001.11523 -116.76615
16003.81348 -116.62944
16006.49316 -116.82154
16009.19043 -117.07590
16011.87988 -116.59354
16014.57031 -116.93671
16017.26953 -116.77640
16019.96094 -116.35406
16022.66113 -116.54613
16025.35254 -116.65074
16028.03613 -116.52863
16030.72070 -116.85974
16033.43164 -116.88805
16036.11523 -116.34166
16038.80957 -116.56104
16041.50391 -116.52174
16044.19922 -116.74452
16046.87695 -117.03946
16049.57227 -117.08991
16052.26074 -116.43951
16054.95703 -116.52640
16057.64551 -116.29250
16060.34277 -116.71884
16063.03320 -116.92050
16065.73145 -116.97102
16068.42188 -116.42123
16071.11230 -116.41154
16073.80371 -116.16028
16076.49512 -116.80247
16079.18750 -116.93937
16081.87988 -117.05468
16084.57227 -116.72254
16087.26562 -116.59247
16089.95996 -116.33668
16092.64551 -116.98699
16095.34082 -116.89513
16098.02637 -116.98031
16100.72266 -116.83759
16103.40918 -116.56099
16106.10547 -116.34701
16108.80371 -116.88869
16111.49219 -116.58222
16114.18066 -116.75539
16116.87012 -116.93166
16119.56934 -116.67447
16122.25977 -116.61657
16124.95020 -117.01096
16127.64160 -116.56509
16130.33301 -116.79147
16133.02637 -117.16142
16135.70898 -116.92054
16138.41211 -116.89342
16141.10449 -116.98227
16143.79004 -116.43088
16146.48438 -116.59312
16149.17969 -117.03596
16151.86621 -116.92912
16154.56152 -116.95798
16157.25000 -116.80572
16159.94629 -116.42752
16162.64258 -116.54198
16165.32324 -117.05044
16168.02148 -117.17301
16170.71094 -117.23568
16173.40918 -116.85822
16176.09961 -116.74599
16178.79102 -116.63596
16181.48242 -117.01196
16184.16504 -117.23415
16186.86621 -117.21705
16189.55078 -116.65559
16192.25195 -116.88665
16194.93750 -116.52736
16197.63184 -116.75133
16200.31738 -117.10687
16203.02148 -117.12517
16205.70801 -116.58966
16208.40332 -117.26349
16211.09180 -116.71564
16213.77930 -116.76196
16216.47559 -117.13184
16219.16504 -117.15865
16221.86328 -116.65574
16224.55176 -117.53643
16227.24219 -116.80386
16229.93262 -116.58767
16232.62500 -116.82629
16235.32422 -116.85865
16238.01660 -116.52721
16240.69922 -117.43295
16243.40234 -116.82581
16246.08594 -116.46256
16248.78906 -116.62785
16251.47363 -116.75024
16254.15918 -116.70172
16256.85449 -117.43097
16259.54980 -117.08678
16262.23730 -116.56577
16264.92383 -116.54823
16267.62109 -116.62751
16270.31055 -116.77142
16273.00781 -117.07188
16275.69727 -117.04510
16278.39453 -116.46482
16281.08496 -116.31703
16283.77539 -116.36478
16286.46680 -116.79343
16289.16797 -116.68317
16291.85059 -117.09005
16294.54199 -116.63808
16297.23535 -116.44843
16299.92773 -116.42813
16302.62207 -117.04431
16305.31641 -116.53544
16308.00977 -117.13837
16310.69727 -116.81400
16313.39258 -116.53745
16316.07910 -116.36514
16318.76758 -117.01058
16321.47266 -116.22172
16324.16016 -116.88365
16326.84961 -116.85063
16329.53906 -116.66775
16332.23730 -116.44271
16334.92676 -117.10470
16337.61719 -116.27213
16340.30859 -116.85804
16342.99902 -117.14088
16345.69238 -117.05926
16348.38379 -116.75538
16351.07617 -117.20756
16353.76074 -116.42516
16356.46387 -116.69638
16359.14844 -117.14328
16361.84375 -117.14809
16364.53711 -116.87785
16367.22461 -117.02338
16369.91992 -116.56737
16372.60742 -116.52336
16375.30371 -117.12103
16377.99219 -117.31723
16380.68945 -117.23328
16383.37891 -117.05418
16386.07617 -117.06026
16388.76758 -116.64599
16391.45703 -117.17526
16394.14844 -117.39895
16396.83008 -117.46880
16399.53125 -116.88436
16402.22266 -117.29276
16404.91602 -116.58929
16407.60938 -116.89090
16410.30078 -117.10780
16412.99609 -117.41001
16415.68164 -116.64838
16418.37695 -117.48495
16421.07227 -116.77071
16423.75781 -116.81065
16426.45312 -117.01761
16429.14258 -117.45493
16431.83789 -116.65815
16434.52734 -117.60572
16437.22461 -117.02175
16439.91406 -116.68336
16442.59570 -116.75428
16445.29492 -117.11590
16447.98438 -116.46311
16450.67578 -117.22092
16453.36719 -117.04788
16456.06836 -116.45762
16458.75195 -116.49321
16461.44336 -116.75661
16464.13672 -116.51682
16466.83203 -116.95985
16469.51562 -117.29160
16472.21094 -116.55341
16474.91406 -116.54424
16477.59180 -116.55999
16480.28906 -116.68701
16482.98438 -116.64630
16485.67188 -117.25867
16488.36914 -116.49078
16491.05859 -116.43793
16493.74609 -116.19034
16496.44531 -116.72522
16499.12500 -116.30270
16501.82617 -117.11167
16504.52539 -116.58829
16507.20898 -116.59804
16509.90039 -116.17205
16512.59961 -117.06512
16515.28516 -116.39771
16517.97656 -117.12128
16520.66992 -116.86791
16523.36328 -116.84447
16526.05078 -116.22453
16528.74414 -117.19169
16531.43945 -116.43303
16534.12500 -116.83237
16536.82227 -116.92043
16539.51953 -116.90223
16542.20508 -116.31472
16544.89453 -117.22936
16547.59375 -116.69724
16550.28125 -116.74318
16552.97070 -117.21297
16555.66211 -117.18806
16558.36133 -116.76134
16561.05273 -117.36940
16563.74219 -117.12437
16566.42578 -116.71863
16569.12695 -117.33011
16571.82031 -117.20087
16574.51367 -117.01501
16577.20703 -117.13216
16579.89062 -117.20331
16582.58594 -116.54637
16585.27148 -117.22392
16587.96680 -117.11615
16590.66211 -117.35708
16593.34961 -117.02602
16596.03711 -117.37296
16598.74219 -116.69836
16601.42188 -117.26924
16604.11914 -117.16490
16606.80859 -117.67728
16609.50781 -116.92769
16612.19922 -117.25497
16614.88867 -116.70830
16617.58008 -116.97734
16620.28125 -116.92538
16622.96484 -117.54114
16625.65625 -116.65636
16628.34766 -116.92305
16631.04102 -116.75977
16633.73438 -116.76493
16636.42969 -116.89230
16639.11523 -117.47676
16641.80859 -116.70329
16644.49609 -116.86407
16647.20117 -117.01347
16649.88672 -116.70078
16652.57422 -116.89656
16655.27148 -117.19047
16657.96094 -116.61708
16660.65820 -116.64780
16663.33789 -116.99081
16666.02734 -116.47021
16668.73633 -116.76125
16671.42773 -116.76802
16674.11914 -116.59647
16676.80859 -116.65398
16679.49219 -117.14523
16682.19336 -116.57842
16684.87695 -116.91473
16687.57031 -116.65016
16690.26367 -116.80007
16692.95703 -116.84464
16695.65234 -117.23229
16698.33789 -116.65978
16701.03320 -116.86355
16703.72070 -116.38750
16706.41602 -116.77935
16709.10352 -116.81161
16711.80078 -117.08177
16714.49805 -116.72214
16717.17773 -116.83073
16719.87695 -116.36175
16722.57617 -116.99797
16725.25586 -116.99426
16727.95508 -117.15295
16730.63672 -117.03107
16733.33789 -116.94914
16736.03125 -116.52251
16738.71289 -117.18728
16741.41406 -116.97303
16744.10742 -116.98880
16746.80078 -117.04827
16749.48633 -116.79160
16752.17969 -116.54747
16754.86523 -117.19186
16757.56055 -116.81408
16760.25586 -116.84884
16762.95312 -117.15430
16765.64062 -116.86838
16768.33789 -116.87269
16771.02539 -117.41593
16773.71484 -116.88309
16776.41211 -116.90202
16779.10156 -117.26784
16781.79297 -116.92525
16784.48242 -117.05679
16787.17188 -117.33196
16789.87305 -116.73385
16792.55664 -116.72821
16795.24805 -117.09100
16797.94141 -116.85446
16800.63281 -117.15084
16803.32617 -117.20552
16806.01953 -116.80125
16808.71484 -116.81110
16811.40039 -117.15208
16814.09570 -117.07426
16816.79102 -117.41379
16819.47656 -117.17355
16822.17383 -116.98039
16824.86133 -116.87916
16827.55078 -117.05534
16830.24805 -117.06123
16832.94531 -117.33702
16835.62695 -116.84022
16838.32422 -116.94485
16841.01562 -116.82460
16843.70703 -116.90405
16846.40625 -117.08373
16849.08789 -117.34076
16851.77930 -116.73879
16854.47266 -117.13153
16857.16602 -117.03773
16859.85938 -116.98026
16862.55273 -117.22099
16865.23633 -117.33179
16867.93164 -116.63319
16870.63672 -117.08611
16873.31250 -117.01749
16876.01758 -116.80159
16878.70508 -117.04057
16881.40234 -117.04765
16884.08789 -116.45965
16886.78516 -116.92036
16889.47461 -117.06128
16892.15430 -116.79626
16894.85352 -117.06020
16897.55273 -116.98981
16900.24219 -116.62099
16902.93359 -116.95260
16905.62500 -117.21948
16908.31641 -116.85243
16911.00000 -116.99957
16913.70117 -116.76875
16916.39453 -116.63823
16919.08789 -116.73081
16921.77344 -117.08371
16924.46680 -116.72528
16927.16016 -116.79668
16929.84766 -116.52679
16932.54297 -116.80820
16935.23828 -116.72902
16937.92578 -117.15393
16940.61328 -116.89931
16943.31836 -116.87356
16946.00781 -116.55728
16948.69531 -117.14514
16951.38477 -116.82479
16954.08398 -117.10384
16956.77539 -116.92994
16959.46484 -116.74790
16962.15625 -116.42345
16964.84766 -117.23354
16967.53906 -116.74729
16970.23242 -116.89425
16972.92383 -116.96178
16975.61719 -116.74120
16978.31055 -116.56405
16980.99414 -117.52029
16983.69922 -116.96218
16986.38477 -116.93822
16989.07031 -117.19826
16991.76562 -116.89723
16994.46094 -116.82278
16997.14844 -117.60760
16999.83594 -116.97394
17002.53516 -116.75948
17005.22266 -117.13823
17007.91992 -116.84624
17010.60938 -116.96670
17013.29883 -117.42215
17015.99805 -116.95422
17018.67969 -116.71832
17021.37109 -117.22924
17024.07227 -117.06182
17026.76367 -117.39879
17029.45508 -117.36509
17032.14844 -117.10869
17034.84180 -116.84711
17037.52539 -117.29205
17040.23047 -117.18251
17042.91406 -117.56720
17045.60938 -116.98502
17048.29492 -116.97199
17050.99023 -116.78345
17053.67578 -117.10406
17056.37305 -117.17772
17059.06055 -117.59945
17061.75977 -116.69517
17064.44727 -117.02174
17067.14453 -117.00051
17069.83398 -117.16224
17072.53320 -117.36629
17075.21289 -117.66476
17077.91406 -116.59219
17080.60547 -117.05188
17083.29688 -117.10490
17085.98828 -117.01004
17088.67969 -117.23032
17091.36328 -117.30888
17094.05664 -116.38077
17096.75000 -116.88895
17099.44531 -117.08160
17102.13867 -116.85448
17104.83203 -117.14724
17107.52734 -117.08517
17110.21484 -116.55327
17112.90234 -116.99086
17115.58789 -117.25074
17118.28516 -116.91045
17120.98242 -117.11469
17123.67969 -116.88184
17126.36914 -116.74125
17129.05859 -116.89627
17131.74805 -117.11513
17134.43750 -116.74419
17137.13672 -116.84014
17139.82031 -116.57115
17142.51172 -116.94400
17145.21289 -116.84673
17147.90430 -117.07862
17150.58789 -116.83642
17153.27930 -116.84515
17155.97461 -116.62074
17158.66797 -117.37205
17161.35156 -117.00672
17164.04688 -117.12616
17166.74219 -116.95876
17169.43750 -116.77606
17172.13281 -116.58958
17174.83008 -117.44656
17177.50781 -116.91846
17180.20508 -116.96409
17182.90234 -116.95847
17185.58203 -116.69865
17188.27930 -116.67786
17190.97852 -117.51059
17193.66016 -117.05343
17196.35938 -117.07327
17199.05078 -117.23954
17201.74219 -116.90520
17204.43164 -116.98085
17207.11523 -117.49586
17209.81641 -117.11143
17212.50195 -117.05797
17215.19336 -117.27287
17217.88867 -116.89019
17220.58203 -117.03790
17223.27734 -117.16061
17225.97266 -116.95169
17228.66797 -116.96655
17231.35156 -117.29549
17234.04883 -117.04844
17236.73633 -117.29057
17239.43359 -117.08170
17242.11133 -117.01445
17244.82031 -117.07705
17247.49805 -117.39967
17250.19727 -117.25784
17252.88672 -117.42783
17255.58789 -116.91765
17258.26758 -116.84187
17260.96875 -116.91038
17263.66016 -117.16367
17266.34180 -117.20899
17269.04297 -117.34406
17271.73633 -116.76899
17274.42969 -116.77420
17277.11328 -116.89586
17279.80664 -117.12486
17282.50195 -117.38868
17285.19727 -117.46975
17287.88281 -116.90679
17290.57812 -116.92068
17293.26367 -116.95318
17295.96094 -117.03604
17298.65625 -117.34425
17301.33594 -117.31789
17304.03320 -116.81947
17306.73047 -116.89188
17309.41992 -116.84851
17312.11914 -116.83900
17314.80078 -117.18319
17317.48828 -117.20112
17320.17969 -116.89316
17322.88086 -117.14049
17325.57227 -117.05447
17328.26367 -116.94808
17330.94727 -117.19723
17333.65039 -117.21004
17336.34375 -116.99479
17339.03516 -117.29210
17341.72070 -117.12327
17344.42578 -116.87139
17347.10938 -116.91689
17349.79688 -116.94692
17352.49219 -116.88177
17355.17773 -117.21643
17357.87500 -117.16980
17360.57031 -116.90820
17363.25977 -116.81153
17365.94727 -116.89986
17368.63672 -117.04646
17371.33594 -117.28029
17374.03516 -117.38123
17376.72266 -117.08032
17379.41406 -116.78963
17382.10547 -116.79232
17384.79688 -117.07265
17387.48828 -117.01350
17390.17969 -117.25172
17392.86328 -117.00740
17395.56445 -116.65276
17398.24805 -116.59821
17400.95312 -117.11804
17403.63672 -116.83678
17406.33008 -117.22639
17409.02539 -117.18259
17411.71094 -116.86176
17414.40625 -116.71220
17417.09375 -117.37732
17419.78906 -116.86047
17422.48828 -117.16695
17425.17578 -117.26544
17427.87305 -116.98018
17430.56250 -116.68779
17433.25000 -117.34320
17435.93945 -116.76617
17438.64062 -116.88993
17441.33008 -117.24116
17444.02148 -117.14537
17446.71289 -116.87376
17449.40430 -117.41439
17452.09570 -117.05357
17454.77930 -116.90124
17457.47266 -117.45436
17460.16406 -117.48200
17462.86914 -117.26214
17465.55273 -117.39536
17468.24609 -117.29281
17470.93359 -116.78332
17473.62891 -117.37273
17476.32422 -117.47370
17479.00977 -117.46007
17481.69727 -117.08969
17484.39453 -117.41424
17487.09180 -116.73952
17489.77930 -117.33220
17492.47852 -117.54008
17495.17773 -117.89126
17497.85547 -117.00388
17500.54492 -117.63120
17503.23633 -116.94547
17505.93555 -117.32703
17508.62891 -117.46672
17511.32031 -118.03423
17514.01172 -116.75647
17516.70312 -117.38889
17519.39648 -116.94569
17522.08008 -117.01743
17524.77344 -117.13454
17527.46875 -117.81675
17530.16211 -116.59743
17532.84766 -117.12122
17535.54297 -117.17705
17538.23828 -116.94630
17540.92578 -117.04852
17543.62109 -117.62186
17546.31836 -116.71945
17548.99609 -116.91635
17551.69531 -117.36677
17554.39258 -116.79762
17557.08203 -116.80861
17559.76953 -117.04883
17562.46875 -116.71822
17565.16016 -116.56365
17567.84961 -117.33555
17570.54297 -116.64746
17573.23242 -116.68484
17575.92578 -116.60889
17578.61719 -117.03601
17581.31055 -116.61159
17584.00195 -117.48763
17586.68750 -116.82298
17589.37891 -116.81019
17592.07422 -116.38957
17594.76953 -117.36610
17597.46484 -116.70007
17600.15039 -117.34026
17602.85547 -116.85220
17605.53320 -116.77235
17608.23047 -116.15275
17610.91602 -117.52240
17613.61523 -116.88909
17616.30273 -117.17626
17619.00195 -117.09814
17621.68164 -117.01865
17624.39062 -116.38517
17627.07031 -117.82677
17629.76953 -117.36416
17632.45117 -117.15396
17635.14258 -117.42557
17637.83398 -117.22958
17640.53516 -116.68360
17643.22852 -117.70247
17645.92188 -117.53388
17648.61523 -116.90717
17651.29883 -117.49374
17653.99219 -117.28029
17656.68750 -117.10417
17659.37305 -117.44010
17662.06836 -117.72945
17664.76367 -116.93054
17667.45898 -117.72753
17670.14648 -117.53790
17672.83398 -117.76543
17675.53125 -117.23157
17678.21875 -117.76799
17680.91602 -116.96366
17683.60547 -117.65436
17686.29492 -117.47439
17688.98438 -118.00736
17691.68359 -116.76322
17694.37500 -117.41401
17697.06641 -116.92013
17699.74805 -117.41114
17702.44922 -117.39080
17705.14062 -118.12671
17707.82422 -116.60744
17710.52734 -117.25176
17713.22070 -117.15149
17715.90430 -117.31750
17718.59766 -117.38889
17721.28516 -117.97074
17723.98828 -116.54993
17726.67383 -116.95480
17729.37109 -117.14534
17732.05664 -116.94652
17734.75391 -117.08896
17737.43945 -117.38068
17740.13867 -116.53816
17742.82617 -116.71461
17745.51562 -117.19562
17748.21289 -116.79787
17750.90234 -117.03117
17753.59180 -117.04053
17756.29297 -116.91747
17758.98242 -116.79543
17761.67383 -117.32782
17764.35547 -116.76572
17767.04688 -116.94347
17769.75000 -116.65093
17772.44336 -117.14560
17775.12500 -116.75629
17777.82812 -117.18861
17780.51172 -116.65515
17783.20703 -116.80228
17785.89258 -116.40355
17788.58789 -117.45150
17791.28320 -117.00710
17793.96875 -117.28423
17796.66406 -116.91062
17799.36133 -116.97568
17802.04883 -116.54600
17804.73828 -117.73196
17807.43555 -117.31471
17810.12305 -117.28676
17812.81250 -117.05796
17815.51172 -116.98330
17818.21094 -116.60692
17820.90039 -117.56139
17823.59180 -117.42827
17826.27344 -117.18847
17828.96484 -117.23943
17831.65625 -117.13131
17834.34961 -116.97204
17837.05078 -117.47286
17839.73438 -117.73021
17842.43750 -117.32178
17845.12109 -117.56320
17847.81641 -117.37649
17850.50977 -117.36158
17853.20508 -117.22701
17855.89062 -117.68116
17858.58789 -117.18095
17861.27344 -117.51278
17863.96094 -117.34882
17866.65820 -117.50932
17869.34570 -116.91910
17872.04297 -117.51538
17874.74219 -117.11523
17877.42969 -117.54684
17880.11914 -117.50202
17882.81055 -117.77986
17885.50000 -116.95910
17888.20117 -117.45107
17890.89062 -117.12453
17893.58203 -117.47101
17896.26562 -117.45739
17898.96680 -117.66576
17901.65820 -116.89425
17904.35156 -117.11084
17907.03516 -116.90764
17909.72852 -117.17337
17912.42383 -117.27640
17915.11914 -117.44597
17917.80469 -117.05510
17920.50000 -117.03771
17923.18555 -116.97776
17925.88086 -117.15999
17928.56836 -117.30064
17931.26562 -117.36469
17933.96289 -117.33032
17936.65039 -117.01978
17939.33789 -116.98808
17942.03711 -117.00342
17944.72656 -117.08289
17947.41602 -117.05497
17950.11523 -117.34250
17952.79688 -116.93524
17955.49609 -117.00317
17958.18750 -116.95682
17960.88086 -117.03706
17963.57227 -117.03400
17966.26562 -117.50735
17968.94727 -117.16322
17971.64062 -117.28801
17974.33398 -117.12231
17977.02930 -117.09373
17979.73242 -117.07274
17982.40625 -117.40990
17985.10156 -117.18078
17987.78906 -117.33224
17990.49414 -117.05568
17993.18164 -116.97935
17995.87695 -117.03162
17998.55664 -117.17754
18001.25391 -117.23012
18003.96094 -117.49644
18006.63867 -117.19875
18009.33789 -117.15261
18012.02930 -117.26806
18014.70898 -117.15525
18017.40820 -117.37921
18020.10938 -117.63836
18022.78906 -117.24823
18025.49023 -117.18163
18028.18164 -117.25876
18030.86523 -116.92959
18033.55859 -117.24351
18036.25195 -117.47836
18038.94336 -117.12959
18041.63867 -117.17529
18044.33203 -117.23817
18047.02734 -116.94373
18049.72266 -117.34990
18052.40625 -117.50830
18055.09375 -117.25103
18057.79883 -117.36282
18060.47656 -117.28642
18063.17383 -117.07833
18065.86133 -117.40745
18068.55859 -117.33996
18071.24805 -117.16172
18073.94531 -117.26305
18076.63477 -117.04434
18079.32422 -117.06754
18082.02344 -117.36485
18084.71484 -117.13025
18087.40430 -117.18632
18090.09570 -117.31792
18092.78906 -117.04632
18095.47070 -117.33738
18098.17188 -117.56541
18100.86523 -117.14172
18103.55859 -117.35642
18106.24219 -117.38271
18108.93555 -117.03217
18111.62891 -117.40318
18114.32422 -117.46512
18117.00977 -116.94082
18119.70508 -117.29063
18122.39062 -117.23905
18125.08789 -116.97872
18127.77539 -117.38780
18130.47070 -117.38266
18133.16016 -116.95830
18135.85742 -117.43795
18138.54492 -117.35729
18141.24414 -117.24213
18143.93359 -117.51023
18146.62305 -117.34668
18149.31250 -117.03338
18152.00391 -117.43611
18154.69336 -117.29434
18157.39453 -117.29590
18160.08594 -117.30949
18162.77734 -117.05544
18165.47070 -116.97709
18168.16406 -117.26657
18170.84766 -117.22205
18173.53906 -117.43839
18176.23438 -117.26991
18178.91797 -117.05446
18181.62305 -117.21662
18184.30859 -117.29206
18187.00391 -117.32790
18189.69922 -117.61404
18192.38672 -117.24470
18195.08203 -117.05299
18197.77148 -117.28461
18200.45703 -117.06789
18203.15625 -117.16198
18205.84375 -117.44498
18208.54297 -117.05772
18211.22266 -117.06535
18213.92188 -117.36998
18216.61133 -116.98078
18219.30078 -117.17582
18221.99414 -117.44949
18224.69336 -117.16989
18227.38477 -117.38142
18230.06641 -117.59492
18232.76953 -117.03406
18235.46289 -117.17401
18238.14648 -117.30032
18240.84961 -117.12650
18243.53320 -117.44096
18246.22852 -117.49742
18248.92188 -116.92983
18251.60742 -117.02656
18254.31250 -117.06387
18256.99805 -117.13106
18259.68555 -117.55212
18262.37109 -117.54340
18265.06836 -117.13082
18267.75586 -117.16328
18270.45312 -117.09757
18273.15234 -117.31205
18275.84180 -117.60686
18278.53125 -117.50079
18281.21875 -117.23158
18283.91992 -117.14701
18286.60938 -116.93987
18289.30078 -117.23235
18291.99023 -117.33663
18294.69141 -117.26228
18297.37500 -117.28603
18300.06641 -117.22812
18302.75977 -116.96951
18305.45312 -117.34473
18308.14648 -117.30773
18310.83008 -117.27757
18313.52344 -117.53893
18316.21875 -117.48476
18318.91406 -117.10429
18321.59961 -117.38982
18324.29492 -117.19073
18326.98047 -117.10280
18329.67773 -117.48330
18332.36523 -117.48792
18335.06055 -117.06554
18337.75977 -117.27108
18340.44727 -117.12543
18343.13672 -117.01222
18345.82422 -117.52070
18348.52344 -117.65846
18351.21289 -117.30701
18353.90430 -117.40379
18356.60352 -117.37193
18359.29492 -117.10466
18361.98633 -117.54358
18364.67773 -117.66786
18367.37109 -117.39802
18370.06250 -117.31602
18372.74609 -117.40862
18375.43750 -116.99613
18378.13281 -117.30167
18380.82617 -117.42640
18383.51953 -117.45316
18386.20703 -117.30820
18388.90039 -117.56239
18391.59766 -117.14964
18394.28125 -117.29105
18396.97852 -117.36083
18399.66602 -117.68093
18402.36133 -117.43468
18405.06055 -117.62832
18407.74805 -117.26527
18410.44727 -117.12128
18413.13477 -117.04752
18415.82422 -117.57769
18418.51367 -117.29539
18421.20312 -117.34391
18423.90430 -117.29593
18426.59375 -116.95172
18429.28516 -116.85662
18431.97656 -117.56799
18434.66797 -117.36629
18437.36133 -117.22961
18440.04297 -117.57953
18442.74609 -117.02094
18445.42969 -116.87988
18448.13281 -117.49469
18450.81641 -117.32335
18453.52148 -116.95160
18456.20703 -117.59785
18458.89062 -116.90522
18461.58789 -116.79052
18464.27344 -117.16592
18466.98047 -117.15012
18469.65625 -116.75514
18472.35352 -117.65899
18475.05078 -117.03277
18477.73828 -117.05598
18480.43750 -117.08053
18483.11719 -117.23093
18485.81641 -116.88802
18488.50586 -117.74001
18491.19531 -117.20845
18493.89453 -117.29825
18496.58594 -116.85835
18499.27734 -117.10513
18501.95898 -116.92969
18504.66016 -117.48038
18507.34180 -117.24861
18510.03516 -117.47890
18512.73828 -116.72027
18515.42188 -117.14308
18518.11719 -117.29955
18520.81055 -117.39958
18523.50391 -117.54798
18526.18945 -117.83896
18528.88477 -116.86223
18531.58008 -117.31954
18534.26562 -117.69254
18536.96289 -117.19550
18539.65039 -117.60226
18542.33789 -117.81229
18545.03516 -116.87174
18547.73242 -117.28410
18550.42188 -117.87082
18553.10938 -116.94147
18555.80859 -117.61916
18558.49805 -117.75718
18561.18945 -117.18523
18563.87891 -117.49010
18566.57031 -118.14204
18569.25977 -116.98954
18571.95117 -117.71725
18574.64453 -117.66434
18577.33594 -117.50647
18580.02930 -117.50958
18582.72266 -117.96037
18585.41406 -116.89190
18588.11914 -117.47677
18590.80273 -117.27713
18593.49805 -117.65332
18596.19336 -117.38905
18598.87891 -117.61217
18601.57422 -117.01762
18604.25977 -117.38391
18606.95508 -117.14583
18609.64258 -117.96272
18612.33008 -117.44759
18615.02734 -117.33476
18617.72656 -117.26122
18620.41406 -117.23401
18623.10156 -116.95084
18625.80273 -117.86832
18628.49219 -117.24409
18631.19141 -116.81892
18633.87109 -117.31509
18636.56055 -116.94810
18639.25391 -116.79181
18641.95508 -117.65958
18644.64648 -117.22178
18647.33789 -116.61176
18650.03125 -117.59502
18652.72266 -116.96034
18655.41602 -116.93573
18658.10156 -117.50063
18660.79492 -117.31045
18663.47852 -116.52066
18666.17383 -117.64926
18668.85938 -116.84003
18671.56445 -116.93545
18674.25000 -117.06857
18676.93555 -117.24857
18679.64453 -116.49842
18682.33008 -117.58847
18685.01758 -116.88239
18687.71680 -117.17406
18690.40430 -116.91613
18693.10156 -117.46210
18695.78125 -116.90042
18698.48047 -117.67058
18701.16992 -117.14450
18703.85938 -117.47024
18706.56055 -116.82101
18709.25195 -117.47852
18711.94336 -117.23093
18714.63477 -117.45251
18717.31641 -117.24635
18720.01758 -117.57423
18722.71094 -116.74895
18725.40430 -117.39874
18728.09766 -117.74672
18730.78125 -117.39619
18733.47656 -117.62314
18736.16992 -117.87234
18738.86523 -117.04128
18741.55078 -117.43618
18744.24609 -118.27678
18746.94336 -117.36893
18749.62891 -117.85522
18752.32617 -117.86306
18755.01367 -117.19180
18757.70117 -117.17220
18760.39844 -118.30283
18763.08789 -117.16775
18765.77734 -117.84965
18768.47461 -117.71075
18771.16406 -117.47622
18773.85547 -117.10977
18776.54492 -118.24585
18779.24609 -117.23798
18781.92578 -117.92513
18784.61719 -117.63821
18787.32031 -117.78204
18790.00195 -117.12153
18792.70312 -117.80873
18795.39648 -117.14678
18798.08008 -117.58669
18800.77344 -117.24899
18803.46875 -117.71690
18806.15039 -117.07388
18808.84570 -117.17270
18811.54102 -117.08737
18814.23633 -117.27782
18816.93359 -117.07030
18819.61914 -117.74976
18822.31641 -117.38327
18825.00195 -116.84467
18827.69922 -117.22232
18830.37695 -117.07892
18833.07617 -116.95111
18835.77344 -117.55271
18838.46289 -117.54369
18841.15234 -116.45507
18843.84180 -117.14178
18846.54102 -116.75465
18849.23242 -116.78316
18851.93359 -117.25571
18854.61328 -117.72000
18857.30469 -116.38754
18859.99805 -117.29819
18862.68945 -116.80248
18865.38281 -116.97599
18868.07422 -117.23005
18870.76758 -117.94425
18873.46094 -116.59035
18876.14453 -117.44022
18878.84961 -116.87231
18881.53516 -117.06204
18884.23047 -117.04875
18886.91602 -117.72803
18889.61133 -116.74834
18892.30664 -117.44014
18894.98438 -117.01788
18897.69141 -117.25804
18900.37891 -117.11131
18903.06641 -117.58460
18905.76367 -117.23780
18908.46289 -117.67575
18911.14062 -117.43116
18913.83984 -117.59430
18916.53125 -117.28860
18919.22070 -117.32929
18921.91016 -117.55186
18924.60156 -117.64333
18927.30273 -117.58048
18929.98242 -117.62537
18932.68555 -117.27807
18935.36719 -116.94298
18938.05859 -117.73962
18940.76367 -117.60829
18943.45508 -117.80598
18946.14062 -117.78581
18948.84375 -117.49363
18951.51758 -116.90599
18954.21289 -117.97643
18956.90820 -117.65031
18959.60352 -117.91949
18962.30078 -117.77168
18964.98438 -117.45536
18967.68164 -116.78428
18970.36914 -117.80685
18973.05469 -117.38974
18975.75391 -117.68954
18978.45312 -117.54660
18981.14062 -117.31496
18983.82812 -116.88084
18986.51758 -117.73615
18989.21680 -117.33428
18991.90625 -117.64153
18994.59766 -117.52207
18997.28711 -117.34306
18999.97852 -117.21138
19002.67969 -117.66467
19005.37305 -117.21212
19008.06445 -117.40411
19010.74609 -117.27320
19013.43945 -117.12653
19016.13281 -117.36954
19018.83594 -117.40182
19021.51953 -117.01307
19024.21484 -117.18432
19026.89844 -117.14002
19029.59375 -117.16319
19032.27930 -117.75436
19034.97461 -117.39693
19037.66016 -117.10395
19040.36719 -117.20805
19043.05469 -117.16380
19045.75000 -117.28935
19048.43945 -117.92526
19051.13672 -117.21701
19053.82422 -117.02907
19056.51367 -117.05086
19059.20117 -117.02499
19061.89062 -117.31837
19064.59180 -117.83368
19067.28125 -117.03397
19069.97266 -117.12494
19072.66211 -117.14099
19075.35352 -117.18557
19078.04492 -117.64420
19080.73828 -117.82227
19083.42969 -117.02791
19086.12109 -117.34708
19088.81445 -117.25109
19091.50781 -117.27386
19094.19141 -117.72147
19096.88672 -117.46780
19099.58008 -116.81957
19102.27539 -117.36681
19104.97070 -117.21674
19107.65430 -117.32156
19110.35156 -117.73604
19113.04883 -117.22681
19115.73438 -116.87415
19118.43164 -117.61126
19121.11719 -117.42963
19123.81641 -117.57021
19126.51562 -117.78778
19129.20312 -117.13992
19131.89062 -116.97476
19134.58008 -117.66750
19137.26953 -117.41605
19139.96875 -117.52426
19142.66016 -117.47139
19145.34961 -116.95765
19148.05078 -117.03652
19150.73242 -117.58639
19153.42383 -117.42759
19156.11523 -117.55821
19158.80859 -117.32412
19161.50195 -117.14386
19164.19531 -117.41178
19166.88867 -117.66030
19169.57227 -117.56657
19172.26562 -117.58027
19174.95898 -117.16010
19177.65430 -117.28052
19180.33984 -117.57009
19183.03516 -117.43995
19185.72070 -117.44544
19188.41797 -117.36262
19191.11523 -116.94880
19193.81250 -117.41362
19196.50000 -117.76714
19199.18750 -117.36584
19201.88477 -117.55004
19204.57422 -117.40080
19207.26172 -117.08146
19209.96289 -117.69510
19212.65234 -117.97253
19215.33008 -117.36181
19218.03125 -117.59145
19220.72070 -117.31459
19223.42188 -117.09277
19226.10352 -117.60319
19228.80664 -117.77808
19231.48633 -117.19660
19234.17969 -117.49682
19236.88281 -117.25105
19239.57617 -117.27201
19242.25977 -117.56580
19244.95312 -117.71042
19247.64844 -117.32392
19250.33008 -117.62047
19253.02539 -117.42055
19255.72070 -117.57075
19258.40625 -117.47162
19261.10352 -117.48248
19263.78906 -117.29614
19266.48633 -117.47185
19269.18359 -117.35046
19271.87109 -117.59585
19274.56836 -117.19413
19277.25586 -117.14346
19279.94531 -117.26579
19282.64453 -117.37352
19285.33398 -117.44422
19288.02344 -117.78687
19290.71094 -117.24900
19293.40234 -117.08575
19296.09180 -117.40135
19298.78320 -117.36028
19301.48633 -117.49548
19304.17578 -117.75893
19306.86914 -117.21192
19309.56055 -116.88361
19312.25391 -117.27145
19314.94531 -117.12285
19317.62891 -117.33558
19320.33398 -117.55989
19323.01758 -117.28500
19325.71289 -116.88003
19328.39648 -117.34239
19331.09180 -117.17075
19333.78711 -117.40033
19336.48438 -117.55900
19339.16992 -117.56626
19341.86719 -117.04028
19344.55273 -117.40519
19347.25000 -117.17487
19349.93750 -117.28048
19352.62500 -117.31559
19355.32422 -117.55143
19358.01172 -117.06007
19360.71289 -117.34109
19363.39062 -117.19146
19366.09180 -117.22565
19368.79102 -117.24139
19371.47266 -117.65660
19374.16211 -117.35204
19376.86328 -117.54529
19379.54492 -117.48170
19382.23633 -117.36078
19384.93945 -117.28923
19387.62109 -117.60882
19390.32422 -117.48863
19393.00781 -117.53696
19395.70117 -117.53342
19398.39648 -117.30202
19401.07812 -117.17368
19403.77344 -117.33465
19406.46875 -117.54015
19409.16406 -117.54832
19411.85156 -117.70594
19414.54688 -117.47640
19417.23242 -117.34196
19419.92969 -117.30827
19422.61719 -117.72581
19425.32422 -117.64674
19428.00195 -117.83176
19430.70117 -117.58310
19433.38867 -117.35696
19436.08984 -117.12194
19438.77734 -117.60778
19441.46680 -117.44221
19444.15625 -117.65228
19446.84766 -117.53508
19449.54883 -117.32947
19452.23828 -117.09609
19454.91992 -117.63774
19457.61133 -117.42744
19460.31445 -117.66454
19462.99609 -117.67609
19465.68750 -117.48234
19468.38086 -117.28072
19471.07422 -117.67851
19473.75781 -117.33257
19476.46289 -117.47637
19479.15820 -117.53902
19481.85352 -117.37341
19484.53711 -117.29333
19487.22266 -117.52518
19489.91797 -117.15077
19492.62500 -117.29875
19495.31055 -117.45751
19497.99805 -117.46844
19500.68555 -117.55393
19503.38281 -117.61548
19506.07031 -117.24568
19508.76953 -117.35535
19511.45703 -117.46562
19514.14648 -117.59176
19516.84570 -117.66336
19519.53516 -117.47290
19522.22461 -117.15793
19524.91602 -117.20742
19527.60547 -117.25578
19530.30859 -117.56777
19533.00000 -117.61143
19535.67969 -117.27833
19538.37305 -117.22219
19541.07617 -117.28706
19543.75781 -117.30783
19546.45117 -117.80038
19549.14453 -117.70817
19551.83789 -117.21500
19554.53320 -117.38876
19557.22852 -117.36425
19559.92188 -117.28185
19562.60742 -117.77424
19565.30273 -117.51131
19567.98828 -116.90589
19570.68555 -117.35220
19573.37109 -117.27953
19576.06836 -117.21992
19578.75391 -117.68752
19581.44336 -117.43546
19584.14062 -116.87403
19586.82812 -117.56014
19589.51758 -117.44025
19592.21680 -117.40263
19594.91797 -117.65391
19597.60547 -117.45314
19600.29492 -116.92046
19602.98633 -117.61194
19605.68750 -117.39999
19608.37891 -117.35689
19611.04883 -117.30139
19613.75195 -117.29694
19616.44336 -117.00053
19619.13672 -117.58627
19621.82812 -117.42678
19624.52148 -117.45795
19627.21484 -117.16077
19629.89844 -117.42944
19632.59375 -117.45782
19635.28711 -117.73360
19637.98242 -117.61215
19640.67773 -117.58653
19643.36133 -117.04202
19646.04688 -117.42298
19648.74414 -117.76306
19651.44141 -117.57880
19654.12695 -117.56516
19656.83594 -117.48706
19659.51172 -116.92216
19662.21094 -117.37595
19664.89844 -118.09798
19667.59766 -117.54613
19670.28711 -117.74093
19672.97461 -117.61646
19675.66602 -117.17169
19678.36523 -117.50297
19681.05664 -118.34328
19683.74609 -117.51574
19686.43750 -117.79440
19689.12891 -117.55368
19691.82031 -117.30907
19694.52344 -117.33376
19697.19336 -118.04963
19699.89648 -117.28727
19702.58984 -117.65855
19705.28320 -117.46651
19707.96680 -117.61082
19710.67188 -117.32619
19713.35547 -117.77757
19716.05078 -117.33337
19718.74609 -117.68731
19721.42969 -117.56701
19724.11523 -117.96828
19726.82227 -117.32433
19729.50781 -117.35098
19732.20508 -117.23412
19734.89258 -117.42942
19737.58008 -117.41508
19740.27734 -117.94897
19742.97656 -117.17981
19745.66406 -116.90298
19748.35156 -117.18974
19751.04102 -117.26060
19753.74219 -117.45757
19756.41992 -117.99895
19759.12109 -117.34464
19761.82227 -116.84310
19764.50195 -117.34975
19767.19336 -117.21537
19769.88477 -117.47455
19772.57617 -117.77444
19775.26953 -117.37242
19777.96094 -116.74419
19780.64258 -117.28253
19783.34766 -117.02225
19786.03125 -117.32213
19788.73438 -117.39838
19791.41797 -117.48663
19794.11328 -116.95506
19796.79688 -117.43357
19799.49219 -117.15562
19802.18945 -117.40056
19804.88477 -117.27457
19807.57031 -117.76474
19810.26758 -117.31215
19812.95312 -117.53173
19815.66211 -117.23324
19818.33789 -117.27744
19821.03711 -117.00703
19823.72461 -117.75098
19826.42383 -117.49681
19829.11328 -117.48181
19831.80078 -117.33894
19834.50195 -117.23262
19837.17969 -117.00412
19839.88086 -117.86258
19842.57227 -117.85301
19845.26172 -117.66241
19847.95312 -117.67104
19850.64648 -117.35722
19853.33789 -117.16205
19856.02930 -117.79272
19858.72266 -117.89654
19861.41406 -117.59678
19864.10938 -117.72499
19866.79102 -117.31216
19869.49609 -117.22009
19872.17969 -117.48595
19874.87500 -117.80330
19877.57031 -117.59014
19880.25391 -117.88725
19882.95117 -117.54952
19885.64648 -117.56840
19888.33203 -117.37700
19891.02930 -117.82787
19893.71484 -117.66669
19896.41406 -117.96198
19899.09961 -117.71533
19901.78906 -117.71430
19904.48828 -117.07365
19907.18555 -117.59776
19909.86328 -117.47298
19912.56250 -117.74756
19915.25195 -117.75806
19917.94336 -117.77732
19920.63281 -116.95222
19923.33398 -117.60120
19926.02539 -117.48853
19928.71484 -117.72726
19931.40820 -117.95049
19934.09961 -117.91703
19936.79297 -117.04565
19939.48438 -117.63913
19942.17773 -117.38653
19944.85938 -117.48154
19947.55469 -117.76910
19950.24805 -117.70747
19952.94141 -117.05315
19955.63672 -117.51856
19958.32227 -117.21677
19961.01758 -117.26076
19963.71289 -117.60294
19966.40820 -117.65203
19969.09375 -117.40589
19971.79297 -117.63077
19974.47656 -117.30250
19977.16406 -117.25325
19979.86133 -117.46374
19982.55078 -117.56303
19985.25000 -117.65263
19987.92578 -117.47887
19990.63672 -117.20237
19993.32422 -117.06861
19996.01367 -117.13079
19998.70508 -117.36034
20001.39453 -117.80943
20004.08398 -117.31295
20006.77539 -117.30563
20009.47656 -117.16540
20012.16992 -117.11681
20014.86133 -117.44147
20017.55273 -118.04825
20020.23438 -117.27267
20022.92773 -117.49055
20025.62109 -117.27301
20028.31445 -117.06990
20031.01953 -117.34712
20033.69141 -117.86829
20036.38672 -117.02267
20039.08203 -117.50070
20041.78906 -117.29990
20044.46094 -117.10339
20047.15820 -117.34008
20049.84375 -117.74474
20052.54102 -117.07473
20055.23828 -117.74472
20057.92383 -117.57243
20060.61133 -117.40491
20063.30859 -117.45035
20065.99805 -117.60740
20068.69531 -117.15418
20071.38477 -117.75909
20074.08398 -117.59967
20076.77344 -117.49287
20079.46289 -117.31801
20082.16406 -117.30613
20084.85352 -117.26102
20087.54492 -117.69619
20090.23633 -117.68787
20092.92773 -117.73588
20095.61914 -117.41887
20098.31055 -117.33176
20101.00391 -117.68127
20103.69531 -117.75600
20106.38867 -117.81497
20109.08203 -117.89593
20111.77539 -117.42553
20114.45898 -117.24782
20117.15234 -117.87714
20119.84766 -117.52060
20122.53320 -117.67636
20125.22852 -117.78795
20127.92578 -117.37888
20130.60938 -117.22861
20133.30469 -118.15181
20136.00391 -117.47345
20138.68945 -117.75783
20141.38867 -117.84689
20144.06445 -117.58922
20146.76172 -117.39037
20149.46094 -118.32658
20152.14844 -117.43290
20154.83789 -117.68196
20157.52734 -117.64839
20160.22656 -117.57182
20162.91602 -117.29478
20165.60742 -118.06107
20168.29688 -117.26714
20170.98828 -117.52355
20173.68945 -117.47017
20176.38086 -117.69353
20179.07227 -117.39500
20181.75391 -117.88534
20184.45703 -117.38773
20187.13867 -117.55666
20189.83203 -117.45158
20192.52539 -117.81905
20195.23047 -117.44048
20197.91406 -117.48677
20200.60742 -117.32478
20203.30273 -117.32265
20205.98828 -117.22668
20208.68359 -117.65653
20211.37891 -117.38117
20214.05469 -117.07150
20216.76172 -117.34278
20219.44727 -117.24451
20222.13281 -117.27184
20224.83203 -117.67184
20227.51758 -117.60288
20230.20703 -116.96985
20232.90625 -117.49255
20235.59375 -117.22443
20238.29297 -117.28959
20240.97070 -117.46266
20243.66992 -117.61971
20246.37109 -116.78880
20249.06055 -117.41168
20251.75195 -117.09377
20254.43164 -117.26450
20257.13281 -117.23835
20259.83594 -117.73209
20262.51758 -116.96819
20265.20898 -117.57069
20267.90234 -117.28959
20270.59375 -117.50147
20273.28711 -117.24693
20275.98047 -117.88688
20278.67578 -117.29128
20281.36914 -117.62251
20284.05273 -117.37838
20286.74805 -117.51274
20289.44336 -117.10543
20292.12695 -117.72027
20294.81250 -117.56373
20297.50781 -117.58839
20300.19336 -117.54682
20302.90234 -117.63817
20305.60156 -117.26556
20308.28711 -117.70525
20310.97461 -118.08792
20313.67383 -117.75958
20316.34961 -117.87366
20319.04688 -117.78712
20321.73633 -117.47964
20324.43750 -117.49955
20327.12695 -118.23709
20329.82617 -117.64863
20332.50391 -117.86855
20335.20703 -117.66038
20337.89844 -117.60244
20340.58789 -117.22391
20343.27930 -118.20808
20345.97266 -117.64857
20348.65234 -117.96404
20351.35547 -117.73405
20354.04883 -117.93536
20356.74219 -117.20896
20359.43555 -118.10059
20362.11719 -117.66177
20364.81250 -117.86720
20367.50586 -117.62485
20370.20117 -117.92557
20372.89648 -117.03758
20375.58203 -117.61967
20378.26562 -117.45418
20380.97266 -117.54378
20383.65820 -117.47675
20386.34375 -117.83952
20389.04102 -117.13860
20391.74023 -117.38664
20394.42578 -117.50171
20397.11328 -117.44651
20399.81250 -117.54373
20402.50000 -117.74666
20405.19922 -117.35130
20407.88867 -117.19315
20410.57812 -117.38947
20413.26562 -117.16837
20415.96875 -117.39139
20418.64844 -117.36246
20421.34961 -117.46464
20424.02734 -117.05574
20426.73047 -117.30200
20429.42188 -117.07334
20432.11328 -117.44292
20434.80664 -117.24951
20437.49805 -117.84743
20440.19141 -117.29124
20442.88477 -117.41534
20445.56836 -117.17084
20448.26172 -117.50751
20450.96680 -117.13464
20453.65039 -117.97329
20456.34570 -117.38041
20459.04102 -117.31366
20461.72461 -117.15072
20464.41016 -117.41424
20467.10742 -117.08224
20469.80273 -118.01582
20472.50000 -117.62890
20475.18750 -117.44347
20477.87305 -117.43436
20480.57031 -117.55487
20483.24609 -117.36039
20485.95703 -118.07329
20488.64453 -117.84811
20491.33594 -117.55171
20494.03516 -117.59694
20496.72266 -117.48302
20499.41406 -117.46356
20502.10156 -117.74394
20504.79297 -117.73565
20507.49609 -117.53855
20510.18555 -117.69028
20512.87500 -117.45836
20515.56836 -117.72827
20518.26172 -117.57759
20520.95312 -117.76325
20523.64453 -117.76572
20526.33789 -117.90662
20529.02148 -117.55782
20531.71484 -117.93629
20534.41016 -117.36458
20537.10156 -117.56595
20539.79688 -117.73521
20542.48047 -117.77489
20545.17578 -117.43783
20547.87305 -117.81541
20550.55664 -117.09843
20553.24219 -117.37099
20555.93945 -117.74794
20558.63672 -117.73760
20561.32422 -117.55769
20564.02148 -117.82252
20566.70898 -117.16597
20569.40625 -117.42828
20572.09375 -117.81386
20574.79492 -117.66382
20577.48242 -117.58154
20580.17188 -117.56544
20582.87109 -117.11043
20585.56250 -117.32793
20588.25195 -117.60048
20590.93945 -117.42033
20593.63086 -117.53444
20596.33203 -117.31863
20599.02539 -117.25044
20601.71680 -117.50947
20604.39648 -117.60714
20607.08984 -117.46239
20609.78320 -117.69833
20612.47656 -117.29187
20615.16797 -117.49429
20617.86133 -117.69650
20620.55664 -117.49936
20623.25000 -117.35010
20625.92188 -117.60179
20628.62891 -117.11983
20631.32617 -117.51891
20634.00781 -117.72856
20636.70312 -117.36011
20639.40234 -117.33421
20642.08789 -117.63955
20644.78516 -117.25404
20647.47070 -117.73061
20650.15625 -117.95766
20652.85547 -117.46239
20655.55469 -117.48267
20658.23047 -117.69791
20660.92969 -117.40535
20663.63086 -117.70588
20666.31836 -117.84925
20669.00586 -117.35304
20671.69727 -117.40049
20674.39648 -117.54202
20677.07422 -117.48629
20679.77734 -117.60172
20682.48047 -117.73949
20685.14844 -117.43464
20687.85156 -117.53142
20690.54492 -117.62195
20693.23438 -117.77958
20695.92773 -117.67118
20698.62109 -117.68623
20701.31250 -117.52689
20703.99609 -117.54048
20706.70117 -117.50540
20709.38477 -117.76215
20712.08008 -117.51051
20714.77344 -117.39091
20717.46875 -117.44488
20720.14062 -117.42993
20722.84961 -117.38825
20725.53516 -117.75448
20728.24219 -117.59871
20730.91797 -117.36688
20733.61523 -117.60595
20736.31250 -117.53833
20739.00000 -117.44347
20741.68750 -117.73730
20744.37305 -117.70541
20747.07227 -117.29160
20749.76172 -117.55315
20752.44922 -117.41213
20755.14844 -117.27753
20757.83984 -117.45838
20760.52734 -117.67609
20763.23047 -117.23605
20765.90820 -117.54866
20768.61133 -117.46561
20771.30078 -117.36884
20773.99219 -117.44970
20776.68359 -117.86405
20779.37695 -117.45067
20782.06836 -117.68552
20784.77344 -117.59681
20787.45312 -117.46148
20790.14844 -117.34937
20792.83008 -117.74233
20795.53516 -117.46645
20798.21875 -117.57637
20800.92578 -117.56338
20803.60938 -117.48634
20806.29102 -117.30291
20809.00000 -117.60583
20811.68359 -117.67065
20814.37109 -117.69496
20817.06641 -117.77971
20819.76367 -117.76888
20822.44922 -117.51820
20825.14844 -117.52435
20827.83398 -117.84952
20830.52344 -117.70609
20833.22070 -117.77185
20835.90820 -117.79007
20838.60938 -117.52328
20841.29688 -117.20842
20843.99609 -117.78876
20846.67578 -117.59804
20849.37500 -117.70354
20852.06641 -117.85525
20854.75586 -117.71145
20857.44531 -117.18384
20860.13867 -117.91542
20862.84180 -117.70045
20865.51953 -117.72548
20868.22461 -117.90274
20870.90625 -117.80853
20873.61133 -117.14423
20876.29102 -117.75646
20878.98438 -117.54249
20881.67969 -117.44122
20884.35938 -117.64665
20887.06836 -117.66401
20889.75000 -117.16219
20892.43359 -117.60925
20895.14062 -117.51572
20897.82422 -117.36436
20900.52344 -117.59622
20903.21875 -117.68513
20905.90234 -117.47076
20908.58984 -117.60451
20911.28711 -117.55035
20913.98438 -117.27217
20916.67188 -117.40616
20919.37109 -117.45359
20922.04688 -117.58504
20924.74609 -117.36597
20927.44531 -117.40881
20930.13477 -117.14100
20932.81250 -117.24273
20935.51172 -117.30479
20938.21289 -117.86114
20940.89062 -117.40144
20943.59375 -117.53191
20946.29688 -117.32840
20948.97461 -117.33142
20951.66406 -117.32615
20954.35742 -118.06084
20957.05078 -117.38004
20959.74219 -117.49303
20962.43359 -117.34644
20965.11719 -117.23987
20967.82227 -117.20723
20970.51562 -117.97234
20973.19922 -117.30444
20975.89062 -117.47442
20978.57422 -117.52159
20981.28125 -117.40012
20983.96484 -117.41142
20986.66211 -118.03154
20989.34570 -117.46869
20992.04297 -117.61193
20994.73828 -117.74471
20997.42383 -117.54243
21000.12109 -117.52926
21002.81055 -117.79732
21005.50781 -117.39964
21008.19336 -117.49941
21010.89453 -117.70180
21013.58203 -117.54668
21016.26953 -117.60746
21018.96875 -117.57896
21021.65820 -117.49319
21024.34570 -117.61581
21027.03516 -117.84712
21029.73633 -117.77417
21032.42578 -117.83501
21035.11719 -117.50075
21037.81055 -117.64288
21040.50000 -117.65438
21043.19141 -117.76273
21045.88281 -117.71972
21048.57617 -117.72318
21051.25781 -117.22040
21053.96094 -117.61446
21056.65625 -117.59493
21059.34766 -117.62690
21062.04102 -117.72681
21064.73633 -117.71087
21067.41992 -117.22227
21070.11523 -117.85983
21072.81055 -117.76417
21075.50586 -117.66653
21078.18750 -117.79214
21080.87500 -117.64082
21083.57227 -117.18231
21086.26758 -117.87865
21088.96484 -117.66399
21091.65039 -117.46787
21094.33789 -117.60082
21097.03516 -117.40987
21099.72461 -117.13974
21102.42188 -117.86108
21105.10938 -117.66489
21107.79688 -117.48512
21110.48633 -117.65111
21113.18750 -117.46620
21115.87695 -117.35946
21118.56641 -117.91255
21121.26758 -117.68835
21123.95703 -117.48358
21126.64844 -117.55882
21129.32812 -117.36597
21132.04297 -117.36881
21134.72266 -117.61268
21137.41406 -117.48402
21140.10742 -117.36371
21142.80078 -117.44046
21145.49219 -117.38748
21148.18555 -117.57138
21150.87891 -117.50224
21153.56250 -117.53529
21156.26758 -117.48802
21158.93750 -117.53474
21161.63281 -117.54736
21164.32812 -117.77036
21167.02734 -117.31443
21169.70898 -117.42860
21172.40625 -117.39138
21175.10156 -117.40116
21177.78906 -117.48093
21180.48633 -117.76943
21183.17188 -117.10673
21185.86914 -117.36278
21188.55664 -117.40889
21191.25391 -117.47438
21193.94336 -117.62879
21196.63086 -117.98532
21199.33203 -117.22169
21202.01953 -117.49023
21204.70898 -117.50918
21207.39844 -117.52805
21210.09766 -117.61479
21212.78906 -117.93084
21215.47852 -117.20290
21218.16797 -117.39728
21220.85938 -117.41594
21223.55273 -117.44836
21226.24219 -117.52910
21228.93555 -117.88563
21231.63867 -117.42968
21234.32031 -117.53763
21237.01367 -117.59148
21239.71875 -117.60275
21242.40039 -117.63398
21245.08203 -117.92795
21247.78906 -117.70048
21250.48438 -117.60506
21253.16602 -117.60519
21255.86133 -117.51810
21258.54492 -117.48966
21261.24219 -117.69013
21263.92578 -117.75793
21266.62305 -117.56650
21269.32031 -117.61733
21272.00781 -117.53868
21274.70508 -117.55434
21277.39062 -117.66191
21280.08789 -117.99972
21282.77539 -117.75212
21285.47656 -117.78935
21288.15234 -117.64139
21290.86133 -117.62168
21293.55273 -117.49746
21296.24023 -117.91239
21298.92773 -117.67513
21301.63086 -117.67873
21304.30859 -117.54422
21307.00977 -117.55506
21309.70312 -117.26874
21312.39258 -117.77438
21315.08203 -117.72878
21317.76367 -117.75871
21320.46680 -117.71881
21323.16016 -117.72985
21325.85156 -117.25517
21328.54492 -117.73771
21331.22656 -117.80000
21333.92969 -117.73536
21336.62305 -117.72526
21339.30664 -117.64725
21342.01367 -117.04641
21344.69727 -117.45689
21347.39258 -117.65149
21350.07617 -117.56689
21352.77148 -117.70039
21355.45703 -117.62032
21358.15234 -117.08512
21360.84961 -117.45319
21363.54688 -117.73527
21366.22070 -117.60876
21368.91797 -117.80032
21371.60547 -117.64169
21374.30469 -117.20259
21376.99219 -117.39381
21379.69141 -117.59640
21382.38086 -117.39588
21385.07812 -117.57878
21387.76953 -117.41118
21390.45703 -117.28419
21393.14648 -117.29907
21395.84766 -117.48177
21398.52539 -117.33060
21401.22852 -117.52577
21403.91797 -117.43344
21406.62109 -117.69339
21409.30078 -117.43170
21412.00391 -117.50608
21414.68555 -117.33153
21417.37891 -117.40736
21420.06836 -117.32581
21422.75195 -117.90237
21425.45703 -117.32269
21428.13672 -117.31643
21430.83203 -117.19505
21433.52539 -117.21278
21436.22070 -117.25446
21438.91602 -118.17262
21441.59961 -117.38565
21444.28516 -117.39300
21446.99219 -117.36894
21449.67578 -117.32256
21452.37305 -117.41076
21455.05859 -118.38800
21457.75586 -117.44151
21460.45312 -117.39967
21463.15234 -117.40204
21465.83789 -117.27728
21468.53711 -117.37597
21471.22266 -118.18021
21473.89844 -117.37598
21476.59961 -117.38792
21479.28711 -117.52779
21481.98828 -117.45169
21484.67773 -117.58949
21487.37891 -118.06373
21490.05664 -117.59063
21492.74609 -117.60267
21495.44922 -117.78146
21498.14062 -117.68916
21500.83008 -117.73109
21503.52344 -117.69875
21506.21289 -117.60683
21508.90625 -117.56831
21511.59766 -117.76892
21514.28906 -117.73426
21516.98438 -117.74899
21519.67773 -117.31308
21522.35938 -117.74768
21525.06641 -117.70484
21527.74609 -117.94099
21530.44141 -117.96533
21533.12500 -117.93367
21535.82031 -117.17003
21538.51562 -117.94601
21541.21289 -117.78816
21543.89648 -117.91180
21546.59375 -117.88636
21549.29297 -117.79253
21551.97656 -116.90015
21554.67578 -117.85705
21557.36133 -117.70005
21560.05859 -117.76944
21562.74609 -117.77346
21565.43359 -117.73569
21568.13281 -116.95902
21570.82031 -117.94484
21573.50781 -117.82607
21576.19922 -117.78342
21578.91016 -117.72282
21581.58594 -117.66515
21584.28906 -117.05079
21586.96875 -117.77578
21589.66992 -117.69865
21592.34766 -117.52729
21595.05078 -117.43344
21597.73047 -117.41769
21600.43359 -117.15606
21603.12500 -117.55454
21605.81836 -117.66164
21608.51172 -117.46963
21611.20312 -117.42099
21613.89648 -117.44927
21616.58008 -117.51570
21619.27344 -117.47497
21621.96875 -117.66991
21624.65039 -117.40026
21627.34570 -117.33652
21630.04102 -117.32004
21632.75000 -117.63171
21635.43164 -117.18230
21638.11719 -117.47504
21640.81250 -117.22910
21643.51172 -117.28892
21646.19531 -117.31351
21648.89453 -117.88628
21651.58008 -117.16219
21654.26562 -117.52630
21656.96484 -117.32417
21659.66406 -117.47367
21662.35156 -117.43182
21665.03906 -118.04964
21667.72656 -117.14255
21670.42773 -117.40820
21673.11523 -117.22530
21675.80469 -117.44234
21678.49609 -117.36298
21681.19531 -117.97518
21683.88672 -117.14766
21686.57812 -117.35299
21689.26758 -117.29526
21691.95703 -117.61958
21694.65039 -117.53776
21697.33203 -118.07313
21700.04688 -117.41945
21702.72656 -117.44972
21705.41992 -117.43245
21708.11328 -117.71253
21710.80469 -117.55214
21713.50000 -117.88058
21716.18164 -117.51996
21718.87695 -117.35679
21721.57227 -117.44112
21724.26758 -117.67580
21726.96289 -117.56888
21729.63281 -117.75418
21732.33203 -117.80759
21735.02734 -117.51846
21737.72461 -117.70867
21740.41016 -117.81427
21743.10547 -117.72551
21745.80273 -117.69578
21748.49219 -117.99826
21751.18945 -117.56497
21753.86523 -117.76932
21756.56250 -117.67765
21759.25000 -117.64863
21761.95117 -117.45506
21764.63867 -117.96237
21767.32617 -117.58650
21770.02930 -117.87814
21772.71680 -117.66046
21775.40820 -117.77877
21778.10742 -117.47443
21780.79883 -118.02239
21783.47656 -117.75980
21786.17969 -118.00697
21788.87109 -117.62474
21791.56250 -117.79186
21794.26758 -117.36755
21796.93555 -117.74283
21799.62891 -117.67386
21802.33203 -117.84946
21805.02734 -117.45080
21807.70703 -117.71898
21810.40039 -117.32571
21813.09570 -117.52386
21815.80078 -117.75379
21818.48438 -117.84618
21821.16797 -117.51131
21823.86328 -117.77890
21826.57227 -117.42303
21829.24219 -117.35043
21831.94141 -117.74349
21834.63672 -117.64880
21837.32227 -117.40822
21840.00781 -117.57340
21842.71680 -117.34660
21845.39062 -117.09610
21848.08984 -117.63828
21850.78906 -117.45825
21853.48828 -117.43835
21856.16406 -117.50608
21858.86523 -117.48708
21861.55273 -117.14867
21864.25391 -117.70708
21866.94141 -117.41436
21869.63086 -117.54422
21872.32031 -117.40470
21875.00977 -117.52508
21877.71289 -117.15243
21880.39062 -117.56746
21883.09375 -117.22537
21885.77148 -117.50739
21888.47656 -117.24558
21891.16797 -117.56283
21893.85938 -117.32077
21896.55273 -117.55774
21899.24609 -117.27063
21901.92578 -117.66486
21904.63086 -117.32814
21907.31445 -117.74001
21910.01953 -117.60252
21912.70312 -117.54285
21915.39844 -117.28123
21918.08203 -117.64545
21920.77734 -117.29900
21923.47266 -117.71765
21926.15430 -117.71396
21928.86523 -117.43082
21931.54688 -117.29628
21934.23438 -117.62849
21936.94336 -117.44077
21939.61719 -117.83178
21942.31445 -117.92493
21945.01172 -117.51035
21947.69922 -117.47178
21950.38867 -117.66969
21953.08594 -117.62309
21955.77344 -117.84522
21958.46094 -117.89598
21961.15039 -117.46018
21963.85156 -117.48041
21966.54102 -117.53629
21969.24023 -117.67213
21971.91797 -117.73611
21974.62109 -117.75890
21977.30078 -117.50092
21980.00195 -117.60389
21982.69336 -117.56625
21985.39844 -117.82640
21988.07617 -117.72118
21990.75781 -117.66639
21993.46094 -117.60513
21996.15430 -117.69116
21998.84766 -117.54337
22001.54102 -117.76465
22004.23438 -117.52377
22006.91602 -117.42265
22009.62109 -117.57480
22012.30469 -117.67078
22015.00000 -117.51933
22017.69531 -117.65289
22020.37891 -117.41395
22023.08594 -117.36626
22025.77148 -117.67777
22028.45508 -117.78162
22031.15234 -117.63111
22033.83789 -117.57649
22036.52344 -117.35650
22039.22070 -117.35245
22041.90625 -117.65737
22044.60547 -117.74126
22047.30469 -117.60334
22049.99023 -117.37176
