Graph #0 from AudioThread1
2.69198 -199.45757
5.38396 -191.47365
8.07594 -229.01227
10.76791 -182.65643
13.45989 -222.94914
16.15187 -189.80844
18.84385 -230.95860
21.53583 -185.98026
24.22781 -221.74632
26.91979 -188.63860
29.61176 -228.82538
32.30375 -181.35817
34.99573 -227.10997
37.68771 -179.29007
40.37968 -221.13177
43.07167 -184.15210
45.76364 -232.46587
48.45562 -183.41789
51.14760 -223.35631
53.83958 -182.74545
56.53155 -225.76787
59.22354 -177.35591
61.91550 -222.49890
64.60748 -183.49387
67.29947 -225.38986
69.99145 -179.01596
72.68342 -236.08864
75.37541 -180.01482
78.06738 -220.80060
80.75936 -195.87299
83.45135 -237.53003
86.14331 -186.72682
88.83529 -226.42053
91.52726 -183.69221
94.21925 -223.20314
96.91125 -186.03534
99.60323 -229.58385
102.29519 -178.53493
104.98715 -225.23203
107.67915 -178.13992
110.37112 -230.65762
113.06311 -175.08592
115.75508 -225.17303
118.44704 -195.40169
121.13905 -228.27365
123.83102 -174.49142
126.52299 -234.59421
129.21498 -189.92189
131.90695 -225.35146
134.59895 -179.58890
137.29092 -231.57254
139.98288 -182.13948
142.67488 -231.06679
145.36685 -198.57141
148.05884 -226.63730
150.75082 -181.39598
153.44283 -230.75772
156.13478 -177.20877
158.82674 -230.24959
161.51871 -193.15219
164.21068 -226.31226
166.90265 -180.12502
169.59467 -234.21025
172.28662 -182.41405
174.97864 -226.58652
177.67059 -0.31679
180.36258 -227.51935
183.05452 -188.97575
185.74654 -234.83609
188.43854 -178.57466
191.13049 -224.12543
193.82245 -184.23703
196.51450 -233.61923
199.20641 -177.84982
201.89836 -227.87242
204.59042 -184.09715
207.28238 -224.05280
209.97437 -182.59778
212.66631 -237.08916
215.35828 -182.68909
218.05025 -224.81801
220.74232 -181.71579
223.43420 -225.98170
226.12619 -185.06595
228.81815 -226.10507
231.51018 -185.24828
234.20219 -223.77071
236.89415 -189.33157
239.58609 -232.28432
242.27808 -176.57635
244.97008 -221.27802
247.66197 -184.29520
250.35399 -225.59363
253.04602 -178.75682
255.73793 -229.38272
258.42996 -191.93915
261.12186 -219.15953
263.81393 -179.51418
266.50589 -229.86223
269.19791 -195.99176
271.88986 -222.26250
274.58182 -183.94373
277.27374 -219.67708
279.96582 -189.84732
282.65775 -223.22432
285.34970 -183.27135
288.04175 -220.00426
290.73367 -183.38847
293.42569 -223.33194
296.11768 -185.35216
298.80960 -218.36459
301.50159 -183.60785
304.19360 -220.90520
306.88565 -180.79120
309.57758 -225.56059
312.26950 -182.97070
314.96152 -216.97852
317.65353 -181.98602
320.34543 -224.05383
323.03745 -195.12988
325.72943 -221.32167
328.42145 -184.79286
331.11334 -218.70720
333.80530 -189.50211
336.49738 -222.52759
339.18933 -183.59578
341.88138 -220.02957
344.57330 -182.76503
347.26520 -224.51831
349.95728 -181.32851
352.64926 -219.81192
355.34119 -162.46678
358.03311 -222.40820
360.72513 -176.82227
363.41718 -237.31970
366.10907 -194.97049
368.80112 -219.99826
371.49304 -180.51167
374.18506 -229.50812
376.87698 -178.20950
379.56897 -228.79225
382.26089 -183.62064
384.95297 -221.86221
387.64499 -180.90146
390.33694 -242.65401
393.02887 -174.74510
395.72086 -227.62492
398.41293 -182.42566
401.10477 -222.69748
403.79681 -176.87495
406.48877 -234.23615
409.18088 -182.26738
411.87280 -224.38707
414.56479 -187.61858
417.25662 -223.15459
419.94867 -182.34128
422.64066 -224.24571
425.33264 -180.33134
428.02472 -221.14522
430.71658 -180.36246
433.40857 -226.99521
436.10052 -175.61064
438.79248 -219.08089
441.48456 -198.46017
444.17648 -220.87074
446.86844 -187.36751
449.56036 -224.27472
452.25244 -185.49152
454.94443 -217.11900
457.63635 -180.42035
460.32840 -222.55023
463.02029 -196.29495
465.71231 -218.77318
468.40430 -175.68901
471.09634 -218.01535
473.78821 -188.16054
476.48022 -221.01776
479.17224 -184.66251
481.86414 -216.86365
484.55624 -184.63152
487.24811 -221.11525
489.94006 -179.94188
492.63211 -217.83171
495.32404 -188.32703
498.01611 -217.62431
500.70804 -176.67137
503.39996 -221.81638
506.09195 -185.44337
508.78406 -216.74449
511.47589 -179.65120
514.16803 -220.83534
516.85980 -185.83026
519.55188 -218.81038
522.24377 -184.00143
524.93579 -217.67131
527.62781 -191.52234
530.31989 -223.49432
533.01172 -182.55640
535.70380 -217.19373
538.39569 -175.81773
541.08765 -220.41325
543.77960 -186.00356
546.47162 -220.97256
549.16370 -181.03291
551.85553 -217.51054
554.54749 -175.86630
557.23962 -223.09489
559.93170 -199.57425
562.62354 -218.49174
565.31555 -188.23041
568.00751 -219.59198
570.69934 -179.97423
573.39160 -221.01039
576.08344 -179.04216
578.77551 -217.75389
581.46741 -178.35231
584.15930 -224.17850
586.85126 -180.16467
589.54321 -218.35776
592.23523 -188.45810
594.92743 -218.86501
597.61926 -175.23918
600.31134 -225.59523
603.00323 -182.09982
605.69507 -217.42354
608.38708 -191.90276
611.07916 -221.57306
613.77124 -183.48593
616.46307 -221.14935
619.15515 -195.46715
621.84705 -218.58240
624.53906 -197.17876
627.23096 -223.50568
629.92303 -183.97450
632.61493 -219.09523
635.30695 -182.87672
637.99884 -221.74820
640.69092 -183.35933
643.38306 -221.41382
646.07477 -194.02083
648.76697 -218.73743
651.45898 -178.43712
654.15076 -227.55101
656.84277 -184.54822
659.53479 -219.01198
662.22681 -186.10730
664.91882 -219.37149
667.61072 -185.04863
670.30273 -227.60895
672.99475 -186.04697
675.68652 -217.26868
678.37878 -179.25444
681.07068 -220.26923
683.76257 -184.78224
686.45441 -220.48380
689.14667 -185.64563
691.83838 -216.84004
694.53033 -181.59868
697.22241 -220.01627
699.91443 -182.41553
702.60614 -216.53839
705.29840 -186.24983
707.99023 -218.21863
710.68225 -166.40550
713.37433 -217.16075
716.06616 -180.81410
718.75824 -214.97174
721.45032 -200.90506
724.14209 -220.30406
726.83423 -180.49821
729.52625 -214.82681
732.21826 -176.04607
734.90997 -215.52562
737.60205 -176.03592
740.29425 -217.98889
742.98615 -180.71747
745.67798 -214.38103
748.37024 -185.86516
751.06195 -217.10693
753.75403 -186.52505
756.44598 -215.05807
759.13782 -171.86519
761.82996 -216.07439
764.52161 -197.15160
767.21399 -217.23570
769.90588 -181.23970
772.59760 -214.43401
775.28986 -181.75319
777.98187 -219.58600
780.67358 -185.04208
783.36578 -216.14240
786.05780 -181.39229
788.74951 -216.00058
791.44159 -186.86011
794.13367 -220.59618
796.82568 -182.57755
799.51770 -216.12088
802.20947 -174.80772
804.90167 -219.65002
807.59369 -182.84209
810.28552 -218.74353
812.97742 -175.49832
815.66931 -217.73669
818.36182 -182.76566
821.05322 -223.35016
823.74542 -184.06541
826.43762 -217.73830
829.12915 -181.43896
831.82135 -220.33458
834.51331 -179.67981
837.20526 -221.92812
839.89740 -183.81647
842.58917 -217.52992
845.28137 -179.48149
847.97339 -223.14310
850.66516 -188.07211
853.35718 -218.73781
856.04950 -177.52434
858.74091 -218.00531
861.43304 -178.59869
864.12524 -222.14676
866.81702 -180.93390
869.50891 -216.40962
872.20123 -176.20663
874.89294 -219.78326
877.58484 -183.97461
880.27704 -218.24673
882.96924 -185.45306
885.66095 -215.78427
888.35278 -182.30896
891.04498 -221.07378
893.73669 -176.27814
896.42877 -215.75536
899.12079 -195.21228
901.81299 -216.73346
904.50470 -181.55049
907.19659 -218.02000
909.88867 -176.66045
912.58051 -215.28702
915.27277 -179.28178
917.96472 -218.40985
920.65668 -187.36426
923.34869 -215.25136
926.04065 -184.16263
928.73285 -216.79494
931.42450 -177.08070
934.11646 -217.92361
936.80847 -184.63023
939.50049 -214.18558
942.19275 -182.08359
944.88416 -219.38863
947.57660 -180.70900
950.26849 -216.01762
952.96051 -178.11194
955.65234 -214.72838
958.34424 -182.98581
961.03625 -219.05447
963.72833 -178.07674
966.42053 -215.06401
969.11200 -188.77751
971.80432 -216.41611
974.49640 -179.17841
977.18835 -215.91473
979.88025 -186.01517
982.57196 -215.51765
985.26434 -174.29037
987.95593 -217.84366
990.64813 -181.98276
993.34033 -213.93660
996.03210 -179.87721
998.72406 -217.56508
1001.41589 -191.83627
1004.10815 -216.92061
1006.80005 -180.87520
1009.49207 -213.63564
1012.18396 -179.74724
1014.87585 -219.19530
1017.56799 -182.15823
1020.25964 -215.41435
1022.95197 -186.18335
1025.64404 -215.06670
1028.33594 -188.01427
1031.02771 -217.26279
1033.71973 -188.40134
1036.41174 -215.44943
1039.10364 -180.70064
1041.79590 -217.99782
1044.48767 -180.46742
1047.17993 -215.20480
1049.87146 -184.06450
1052.56384 -217.35266
1055.25562 -181.56824
1057.94751 -219.86273
1060.63989 -198.43523
1063.33142 -214.82584
1066.02344 -169.81970
1068.71545 -221.04427
1071.40759 -193.24136
1074.09961 -218.94131
1076.79126 -180.47757
1079.48340 -216.03711
1082.17542 -180.76392
1084.86731 -222.80981
1087.55933 -186.00180
1090.25122 -217.79437
1092.94299 -172.98897
1095.63525 -218.17493
1098.32751 -183.94110
1101.01880 -219.93457
1103.71155 -191.32544
1106.40295 -217.26311
1109.09546 -180.21550
1111.78723 -220.57703
1114.47864 -175.59030
1117.17126 -216.80223
1119.86316 -182.75211
1122.55542 -217.32588
1125.24744 -189.89487
1127.93909 -220.11865
1130.63086 -184.14192
1133.32288 -214.69856
1136.01550 -189.27881
1138.70654 -218.26962
1141.39844 -178.50247
1144.09070 -216.62614
1146.78296 -177.03943
1149.47461 -214.27031
1152.16663 -177.07722
1154.85852 -218.05116
1157.55115 -174.69057
1160.24231 -214.08443
1162.93457 -191.76472
1165.62708 -215.44878
1168.31873 -184.52623
1171.01086 -215.43430
1173.70264 -184.38675
1176.39453 -213.52371
1179.08655 -185.08458
1181.77881 -216.93257
1184.47034 -177.68956
1187.16211 -213.58875
1189.85461 -175.82399
1192.54688 -214.85963
1195.23828 -181.10852
1197.93030 -215.74133
1200.62244 -200.82547
1203.31470 -213.51015
1206.00659 -187.85886
1208.69824 -217.14076
1211.39026 -182.62987
1214.08264 -214.06752
1216.77393 -184.52448
1219.46594 -215.35921
1222.15808 -186.67493
1224.85022 -217.61798
1227.54248 -180.16870
1230.23425 -213.92450
1232.92627 -176.01329
1235.61865 -218.33629
1238.31042 -181.77521
1241.00232 -216.35132
1243.69397 -175.19241
1246.38599 -215.36116
1249.07825 -180.27411
1251.77051 -219.13409
1254.46204 -183.71899
1257.15381 -215.89873
1259.84558 -190.71083
1262.53821 -218.29892
1265.22961 -181.46109
1267.92188 -217.15892
1270.61426 -187.29408
1273.30591 -216.55423
1275.99780 -191.41414
1278.68994 -221.37981
1281.38196 -190.33597
1284.07336 -215.41545
1286.76538 -179.23076
1289.45752 -218.27580
1292.14966 -190.78908
1294.84155 -220.60896
1297.53320 -177.71805
1300.22571 -214.89487
1302.91699 -185.81297
1305.60962 -220.13083
1308.30127 -201.80949
1310.99304 -217.70168
1313.68542 -190.10690
1316.37744 -215.73216
1319.06921 -181.44038
1321.76147 -218.88954
1324.45374 -188.39050
1327.14551 -216.17468
1329.83704 -190.40720
1332.52905 -218.31160
1335.22156 -183.01068
1337.91370 -216.22144
1340.60498 -180.85039
1343.29761 -216.35016
1345.98889 -177.43738
1348.68176 -221.06035
1351.37280 -180.25537
1354.06506 -214.59795
1356.75684 -185.60645
1359.44946 -217.83232
1362.14160 -191.62044
1364.83325 -219.44452
1367.52454 -181.00929
1370.21680 -214.46916
1372.90869 -184.23216
1375.60156 -219.08409
1378.29248 -180.77927
1380.98511 -216.62312
1383.67725 -201.05637
1386.36890 -215.66185
1389.06079 -191.24687
1391.75293 -217.36943
1394.44507 -184.25845
1397.13647 -215.14404
1399.82849 -182.88330
1402.52051 -218.12711
1405.21313 -184.51265
1407.90417 -214.87086
1410.59692 -181.97455
1413.28882 -215.23029
1415.98096 -184.46442
1418.67285 -219.06100
1421.36462 -174.45119
1424.05688 -213.49823
1426.74829 -179.67503
1429.44067 -216.42778
1432.13245 -178.13141
1434.82422 -216.30257
1437.51611 -199.87247
1440.20825 -213.84613
1442.90015 -181.93091
1445.59229 -217.09137
1448.28430 -179.96977
1450.97607 -214.32019
1453.66772 -187.77475
1456.35999 -216.04283
1459.05212 -180.86032
1461.74426 -215.64249
1464.43665 -192.15195
1467.12830 -214.27878
1469.82080 -184.83197
1472.51196 -218.92786
1475.20386 -178.86436
1477.89624 -214.51828
1480.58789 -185.78127
1483.28027 -216.38100
1485.97241 -183.10472
1488.66394 -218.47940
1491.35596 -181.41753
1494.04785 -215.07770
1496.74060 -181.34688
1499.43188 -219.94456
1502.12402 -182.53737
1504.81592 -216.85886
1507.50781 -189.31123
1510.19995 -217.44501
1512.89172 -180.37550
1515.58374 -221.43652
1518.27576 -179.80350
1520.96741 -216.76671
1523.66016 -176.80916
1526.35181 -221.40903
1529.04346 -188.78558
1531.73572 -219.73904
1534.42810 -181.39458
1537.12012 -217.62709
1539.81189 -183.64859
1542.50354 -223.95717
1545.19531 -178.97523
1547.88708 -217.81354
1550.57983 -183.30217
1553.27124 -219.15567
1555.96387 -185.27747
1558.65601 -220.84094
1561.34741 -184.79045
1564.03906 -216.57117
1566.73120 -176.64655
1569.42371 -221.39484
1572.11536 -188.81749
1574.80701 -216.92068
1577.49927 -180.31874
1580.19177 -216.47607
1582.88281 -183.82019
1585.57593 -220.93874
1588.26758 -183.13850
1590.95959 -214.95052
1593.65063 -180.51630
1596.34326 -217.73547
1599.03503 -175.01712
1601.72705 -217.10690
1604.41992 -182.31679
1607.11121 -215.08223
1609.80322 -178.25204
1612.49463 -218.03777
1615.18665 -181.92480
1617.87903 -214.75697
1620.57068 -178.55513
1623.26294 -217.42964
1625.95508 -180.37770
1628.64673 -216.17444
1631.33887 -178.20874
1634.03125 -214.58791
1636.72290 -184.19099
1639.41528 -220.45682
1642.10669 -176.13019
1644.79883 -214.84882
1647.49097 -184.79771
1650.18250 -216.15302
1652.87451 -180.40402
1655.56702 -218.66809
1658.25903 -202.09380
1660.95117 -215.22169
1663.64282 -179.42921
1666.33435 -218.54922
1669.02686 -190.93832
1671.71924 -216.24513
1674.41064 -187.33321
1677.10254 -217.57547
1679.79443 -188.76265
1682.48669 -218.86667
1685.17847 -195.24846
1687.87097 -215.47992
1690.56287 -189.31621
1693.25378 -221.89923
1695.94604 -182.02840
1698.63843 -217.32993
1701.33044 -181.14355
1704.02295 -216.32909
1706.71448 -192.33456
1709.40613 -223.53517
1712.09827 -184.78458
1714.79028 -216.57188
1717.48242 -182.80962
1720.17407 -218.57484
1722.86670 -189.29193
1725.55859 -219.34367
1728.25012 -182.18121
1730.94214 -217.29918
1733.63416 -200.87105
1736.32642 -221.11472
1739.01794 -176.90428
1741.71033 -216.93541
1744.40210 -181.14580
1747.09363 -220.27704
1749.78564 -183.05144
1752.47791 -220.60123
1755.16980 -187.82011
1757.86157 -216.64339
1760.55371 -172.94550
1763.24561 -225.53943
1765.93762 -182.20599
1768.62939 -218.71663
1771.32202 -170.97530
1774.01343 -218.20694
1776.70667 -176.90601
1779.39746 -224.78632
1782.08972 -179.85757
1784.78162 -218.19484
1787.47375 -187.95140
1790.16589 -221.48975
1792.85718 -179.51152
1795.54980 -220.51721
1798.24121 -180.44667
1800.93445 -218.85165
1803.62500 -182.39017
1806.31726 -224.43427
1809.00977 -178.88254
1811.70239 -218.08517
1814.39331 -185.59781
1817.08521 -220.85587
1819.77759 -195.10982
1822.46948 -221.90271
1825.16125 -184.20688
1827.85254 -217.09915
1830.54578 -185.58492
1833.23706 -223.55043
1835.92957 -179.90553
1838.62061 -218.08157
1841.31348 -183.91473
1844.00488 -217.64520
1846.69751 -188.79814
1849.38855 -221.56578
1852.08105 -181.47221
1854.77319 -216.22687
1857.46533 -174.28574
1860.15735 -220.07043
1862.84912 -176.99666
1865.54175 -217.54150
1868.23303 -179.71439
1870.92578 -216.44395
1873.61707 -185.25208
1876.30872 -220.73364
1879.00012 -181.12277
1881.69324 -215.75847
1884.38464 -197.94353
1887.07666 -218.79555
1889.76855 -173.26779
1892.46069 -217.62358
1895.15234 -190.35687
1897.84473 -216.60992
1900.53723 -181.73041
1903.22827 -221.08072
1905.92029 -173.11743
1908.61218 -215.94847
1911.30432 -178.49869
1913.99646 -220.18924
1916.68884 -184.31241
1919.38123 -219.56641
1922.07263 -178.74950
1924.76465 -216.69238
1927.45679 -180.03169
1930.14795 -224.59486
1932.84033 -180.19533
1935.53296 -218.70398
1938.22412 -181.11812
1940.91663 -220.05353
1943.60889 -179.90556
1946.30005 -221.94055
1948.99182 -185.23065
1951.68408 -220.07959
1954.37634 -177.81175
1957.06848 -226.34686
1959.76062 -178.36156
1962.45215 -219.89578
1965.14404 -175.62166
1967.83594 -223.81076
1970.52881 -179.29857
1973.22009 -231.90077
1975.91211 -176.10071
1978.60352 -219.51251
1981.29639 -186.06258
1983.98865 -229.56548
1986.68018 -181.28787
1989.37109 -226.81250
1992.06372 -178.66931
1994.75537 -219.40402
1997.44824 -191.91003
2000.13940 -236.81859
2002.83142 -183.24788
2005.52368 -222.60690
2008.21643 -184.75081
2010.90820 -220.30952
2013.60034 -187.42328
2016.29163 -224.88548
2018.98315 -184.20480
2021.67615 -220.67773
2024.36707 -187.15529
2027.05945 -223.33109
2029.75208 -175.52640
2032.44373 -219.42291
2035.13562 -188.36005
2037.82776 -221.67267
2040.52002 -176.31493
2043.21143 -226.54175
2045.90405 -179.13338
2048.59570 -217.48715
2051.28760 -181.20659
2053.97974 -226.04813
2056.67090 -185.02908
2059.36426 -222.65160
2062.05566 -178.70695
2064.74707 -217.93860
2067.43970 -185.12242
2070.13135 -226.21980
2072.82422 -180.07272
2075.51611 -220.28328
2078.20703 -184.07440
2080.89893 -221.06738
2083.59082 -177.80336
2086.28394 -221.01428
2088.97510 -183.45860
2091.66724 -220.63211
2094.35938 -176.47891
2097.05151 -227.09898
2099.74365 -190.27350
2102.43457 -218.57083
2105.12671 -179.89020
2107.81885 -223.61870
2110.51099 -184.95570
2113.20410 -226.47115
2115.89380 -176.62025
2118.58691 -218.44864
2121.27881 -178.41280
2123.97192 -229.19463
2126.66357 -173.05360
2129.35522 -221.96486
2132.04663 -173.11766
2134.73926 -220.41191
2137.43164 -183.07248
2140.12280 -225.30151
2142.81494 -183.74609
2145.50708 -220.48743
2148.19873 -175.15302
2150.89062 -226.07974
2153.58325 -179.24211
2156.27466 -221.06877
2158.96704 -191.82613
2161.65796 -222.08385
2164.35107 -177.94252
2167.04272 -231.60004
2169.73413 -181.80058
2172.42676 -220.02808
2175.11890 -200.39998
2177.81079 -227.95020
2180.50269 -185.11902
2183.19385 -224.13992
2185.88647 -182.91371
2188.57715 -222.07198
2191.27002 -180.76103
2193.96289 -235.60292
2196.65405 -180.51389
2199.34619 -222.49109
2202.03784 -183.63258
2204.73047 -228.61287
2207.42261 -177.02408
2210.11450 -227.27750
2212.80615 -176.57944
2215.49854 -224.13589
2218.19043 -180.16153
2220.88086 -238.76958
2223.57446 -178.24809
2226.26538 -226.31204
2228.95703 -189.39445
2231.65063 -226.74986
2234.34277 -175.94214
2237.03418 -232.06973
2239.72534 -178.59138
2242.41724 -227.40854
2245.10986 -191.09743
2247.80225 -226.47862
2250.49390 -214.36052
2253.18628 -230.12123
2255.87842 -200.10944
2258.56982 -225.65007
2261.26196 -179.53175
2263.95361 -229.37759
2266.64600 -189.64342
2269.33667 -224.18449
2272.02930 -185.52304
2274.72241 -225.58769
2277.41406 -181.37471
2280.10596 -248.15398
2282.79761 -180.58441
2285.48975 -220.78822
2288.18140 -180.86195
2290.87378 -231.64125
2293.56543 -188.99893
2296.25781 -226.12286
2298.94946 -175.14107
2301.64185 -221.14035
2304.33350 -187.45598
2307.02588 -228.60866
2309.71729 -180.92090
2312.40967 -222.59610
2315.10107 -180.00539
2317.79321 -226.22388
2320.48486 -186.57721
2323.17676 -221.79352
2325.86938 -183.46432
2328.56006 -223.77472
2331.25391 -179.85559
2333.94556 -240.19600
2336.63647 -184.62871
2339.32910 -220.40108
2342.02124 -184.75229
2344.71387 -230.76965
2347.40430 -185.19267
2350.09790 -225.26270
2352.78955 -176.93179
2355.48145 -222.95277
2358.17261 -183.33998
2360.86572 -228.77570
2363.55664 -186.81314
2366.24902 -223.47180
2368.94092 -184.01021
2371.63306 -230.71497
2374.32471 -181.94453
2377.01636 -224.32127
2379.70874 -179.63287
2382.40015 -227.21031
2385.09326 -172.49666
2387.78418 -227.56685
2390.47705 -184.41220
2393.16870 -225.16208
2395.85962 -187.64377
2398.55200 -246.53616
2401.24512 -176.40469
2403.93579 -224.39806
2406.62939 -184.04150
2409.32104 -228.80402
2412.01270 -183.05922
2414.70361 -231.25436
2417.39600 -188.89957
2420.08887 -225.87552
2422.78101 -181.39284
2425.47168 -226.95378
2428.16553 -178.26723
2430.85571 -229.03627
2433.54761 -181.41153
2436.23975 -232.26424
2438.93213 -179.55365
2441.62500 -224.31252
2444.31665 -180.19067
2447.00854 -231.80069
2449.70068 -184.82056
2452.39307 -233.39752
2455.08447 -193.73759
2457.77612 -224.38232
2460.46826 -184.90289
2463.16016 -232.19566
2465.85254 -186.54318
2468.54541 -228.98225
2471.23682 -202.17809
2473.92847 -226.97527
2476.62061 -176.68633
2479.31250 -227.95982
2482.00488 -192.91241
2484.69629 -228.33298
2487.38892 -177.89801
2490.07910 -231.12390
2492.77197 -176.38707
2495.46411 -225.75519
2498.15601 -178.70671
2500.84692 -229.46404
2503.54053 -192.69151
2506.23169 -233.00287
2508.92432 -182.76689
2511.61572 -225.08215
2514.30713 -177.16803
2517.00024 -233.20082
2519.69067 -183.56442
2522.38403 -228.56769
2525.07593 -182.46411
2527.76807 -226.36449
2530.45874 -185.69977
2533.15234 -233.49083
2535.84473 -183.77719
2538.53564 -226.11320
2541.22827 -186.46793
2543.91943 -230.72762
2546.61182 -177.70741
2549.30322 -228.81978
2551.99438 -177.99991
2554.68726 -226.70244
2557.38013 -185.39162
2560.07129 -232.68912
2562.76270 -184.18875
2565.45557 -228.06227
2568.14697 -204.61899
2570.83838 -227.93944
2573.53125 -181.43922
2576.22412 -230.08879
2578.91553 -176.55263
2581.60840 -229.16170
2584.29956 -178.21275
2586.99097 -227.78650
2589.68359 -180.83624
2592.37500 -229.56845
2595.06592 -174.32640
2597.76001 -227.80748
2600.45117 -178.59547
2603.14331 -229.46912
2605.83447 -186.91650
2608.52808 -225.71098
2611.22021 -178.38823
2613.91235 -226.99228
2616.60278 -186.39748
2619.29468 -249.14957
2621.98633 -180.83662
2624.67969 -221.89920
2627.37085 -176.99821
2630.06372 -232.14719
2632.75366 -186.28606
2635.44629 -228.07832
2638.13867 -188.91512
2640.82959 -220.85123
2643.52319 -180.21167
2646.21533 -230.69539
2648.90674 -185.91603
2651.59863 -222.73013
2654.28979 -182.89914
2656.98267 -223.61861
2659.67529 -182.79434
2662.36597 -221.72168
2665.05835 -186.58473
2667.75146 -222.38808
2670.44336 -186.28328
2673.13477 -231.16168
2675.82764 -198.33223
2678.51855 -218.70576
2681.21094 -183.66785
2683.90283 -225.69008
2686.59473 -179.61165
2689.28613 -225.39037
2691.97754 -183.28772
2694.67017 -219.10347
2697.36353 -189.62915
2700.05273 -226.57951
2702.74609 -183.81413
2705.43896 -221.81125
2708.13135 -175.09460
2710.82227 -222.95947
2713.51416 -177.42502
2716.20581 -221.99409
2718.89868 -179.28432
2721.58960 -222.20125
2724.28320 -196.66136
2726.97510 -234.81024
2729.66528 -189.70966
2732.35791 -220.31288
2735.05029 -183.52446
2737.74219 -226.36568
2740.43408 -174.73724
2743.12646 -231.73170
2745.81763 -181.20372
2748.50952 -220.95038
2751.20264 -191.06306
2753.89526 -234.34424
2756.58472 -176.50504
2759.27832 -226.44949
2761.97144 -183.81761
2764.66260 -222.54771
2767.35327 -179.02679
2770.04663 -231.61847
2772.73804 -184.22842
2775.43066 -224.60800
2778.12256 -189.26086
2780.81274 -224.83374
2783.50562 -180.09741
2786.19629 -225.40968
2788.89111 -178.39417
2791.58081 -223.15860
2794.27344 -177.02275
2796.96655 -230.90520
2799.65674 -185.94916
2802.34912 -221.25479
2805.04126 -183.08545
2807.73413 -223.61430
2810.42505 -182.39003
2813.11743 -231.35208
2815.80859 -182.37305
2818.50122 -219.48984
2821.19336 -179.75409
2823.88647 -226.43628
2826.57739 -176.90146
2829.26953 -222.61168
2831.96069 -190.65088
2834.65332 -220.02553
2837.34521 -179.05724
2840.03809 -225.88518
2842.72900 -175.44550
2845.42041 -219.62369
2848.11328 -194.66104
2850.80542 -223.44290
2853.49707 -176.40233
2856.18945 -221.33539
2858.87988 -180.48772
2861.57275 -219.46700
2864.26514 -189.07397
2866.95679 -226.84949
2869.64941 -183.66290
2872.34131 -218.89017
2875.03271 -185.08009
2877.72510 -221.75072
2880.41699 -178.16109
2883.10938 -222.36761
2885.79980 -181.27464
2888.49268 -218.68814
2891.18457 -182.09357
2893.87646 -225.58781
2896.56885 -177.68311
2899.26050 -218.99260
2901.95190 -182.44931
2904.64551 -220.24445
2907.33667 -180.70972
2910.02905 -223.54161
2912.72021 -178.81009
2915.41284 -217.91437
2918.10449 -179.82478
2920.79565 -223.17110
2923.48877 -180.06126
2926.18018 -219.70796
2928.87354 -180.67854
2931.56299 -219.00380
2934.25537 -176.88608
2936.94824 -222.44749
2939.64062 -180.94307
2942.33179 -217.96252
2945.02417 -177.56111
2947.71582 -222.56903
2950.40796 -180.41933
2953.10107 -219.16765
2955.79199 -188.85448
2958.48364 -218.41991
2961.17627 -182.82405
2963.86768 -226.09924
2966.56006 -182.46584
2969.25171 -217.74661
2971.94580 -178.31195
2974.63599 -220.75325
2977.32812 -190.80016
2980.02148 -221.94736
2982.71045 -205.24506
2985.40381 -218.39969
2988.09448 -186.48692
2990.78906 -223.28508
2993.48145 -180.23529
2996.17139 -219.32921
2998.86499 -190.06448
3001.55640 -221.46933
3004.24829 -179.94438
3006.93945 -222.20609
3009.63330 -179.67355
3012.32422 -218.86644
3015.01587 -180.60843
3017.70850 -227.44862
3020.39819 -176.97638
3023.09229 -219.92442
3025.78369 -178.13438
3028.47437 -219.71214
3031.16724 -197.79953
3033.85938 -229.94258
3036.55029 -181.83618
3039.24341 -218.58945
3041.93457 -175.44681
3044.62598 -221.27463
3047.31958 -180.45531
3050.01099 -222.59209
3052.70288 -179.85056
3055.39551 -218.23213
3058.08716 -197.32970
3060.77930 -221.96242
3063.47070 -176.74982
3066.16309 -218.38097
3068.85742 -187.33099
3071.54907 -219.70995
3074.23975 -179.88785
3076.93115 -219.66318
3079.62305 -181.27382
3082.31567 -216.57561
3085.00732 -173.26381
3087.69800 -222.72859
3090.39087 -183.04056
3093.08301 -216.87735
3095.77393 -179.97438
3098.46704 -216.70497
3101.16089 -176.78722
3103.85010 -221.16833
3106.54199 -184.63921
3109.23584 -215.87119
3111.92725 -185.59383
3114.61914 -218.34911
3117.31177 -184.94476
3120.00293 -217.25662
3122.69507 -179.96808
3125.38770 -216.83720
3128.07739 -193.34987
3130.76929 -219.02534
3133.46216 -183.55234
3136.15527 -215.54062
3138.84570 -181.64153
3141.53833 -219.83067
3144.22998 -181.88695
3146.92407 -217.60968
3149.61523 -188.97098
3152.30835 -216.04108
3154.99878 -176.56863
3157.69141 -221.93947
3160.38306 -188.34904
3163.07520 -216.56503
3165.76611 -184.01697
3168.45752 -218.29176
3171.14966 -179.56027
3173.84229 -219.49927
3176.53345 -182.26309
3179.22705 -216.97621
3181.91943 -178.58545
3184.60913 -221.41130
3187.30249 -189.84940
3189.99487 -217.47545
3192.68774 -175.60469
3195.37744 -218.81975
3198.06934 -179.31525
3200.76196 -221.17780
3203.45337 -176.63538
3206.14526 -216.80785
3208.83936 -183.02330
3211.53052 -221.55533
3214.22168 -176.75435
3216.91406 -218.52139
3219.60669 -181.42036
3222.29761 -217.60378
3224.98975 -175.95319
3227.68164 -222.10800
3230.37256 -176.65146
3233.06763 -216.77031
3235.75781 -178.78070
3238.44995 -219.76526
3241.14111 -180.48401
3243.83423 -219.06779
3246.52612 -181.22374
3249.21851 -216.42021
3251.90942 -179.05801
3254.60083 -221.91551
3257.29272 -188.35321
3259.98682 -216.87151
3262.67798 -183.22884
3265.36914 -217.61197
3268.06299 -185.39922
3270.75342 -219.65765
3273.44604 -189.84271
3276.13916 -216.31816
3278.82910 -177.87578
3281.52124 -219.52650
3284.21362 -191.88261
3286.90479 -216.65154
3289.59814 -183.41286
3292.29004 -217.56444
3294.98242 -203.04085
3297.67334 -219.64645
3300.36475 -176.37904
3303.06006 -215.29443
3305.75000 -176.82181
3308.44043 -220.16333
3311.13525 -189.10196
3313.82666 -217.53374
3316.51636 -188.31172
3319.20874 -215.35609
3321.90137 -173.95093
3324.59375 -220.59668
3327.28516 -183.82442
3329.97681 -216.08052
3332.66895 -192.09178
3335.36133 -216.76166
3338.05420 -184.51135
3340.74512 -217.40025
3343.43872 -179.66476
3346.12891 -216.06538
3348.82104 -180.79387
3351.51343 -218.38129
3354.20435 -180.31120
3356.89746 -214.86221
3359.58936 -181.92572
3362.28149 -217.60487
3364.97192 -179.97887
3367.66455 -217.96684
3370.35547 -180.94440
3373.04883 -214.07913
3375.74219 -185.06021
3378.43237 -219.61765
3381.12451 -175.35616
3383.81689 -216.27759
3386.50781 -189.42941
3389.20117 -214.90244
3391.89233 -183.30045
3394.58447 -218.22250
3397.27637 -182.24614
3399.96851 -215.63626
3402.66113 -191.80583
3405.35205 -217.24017
3408.04541 -189.19252
3410.73682 -215.73778
3413.42822 -192.01369
3416.12036 -216.75459
3418.81250 -178.29359
3421.50513 -219.34322
3424.19580 -186.34740
3426.88696 -214.63356
3429.58008 -181.77798
3432.27344 -219.32265
3434.96338 -182.75496
3437.65747 -218.59525
3440.34766 -176.82681
3443.04199 -215.13089
3445.73096 -179.87106
3448.42383 -221.15636
3451.11670 -206.33238
3453.80811 -217.26825
3456.49951 -189.44145
3459.19165 -216.95578
3461.88354 -181.08194
3464.57544 -219.09570
3467.26807 -188.68561
3469.96045 -216.79326
3472.65332 -199.26497
3475.34424 -219.60233
3478.03711 -200.44763
3480.72656 -216.57970
3483.42188 -184.29919
3486.11353 -217.47604
3488.80151 -178.50342
3491.49561 -220.44296
3494.18799 -178.26480
3496.88013 -215.11844
3499.57056 -185.74742
3502.26318 -218.90709
3504.95605 -179.91170
3507.64697 -217.72446
3510.33984 -175.91232
3513.03125 -214.97762
3515.72266 -180.35721
3518.41431 -219.32881
3521.10791 -178.63528
3523.79980 -215.40379
3526.49170 -178.64732
3529.18359 -216.31212
3531.87549 -180.76413
3534.56787 -216.96761
3537.26050 -177.67125
3539.95264 -214.63083
3542.64551 -182.99858
3545.33643 -218.10573
3548.02710 -178.75172
3550.71997 -214.79941
3553.41284 -187.54977
3556.10376 -215.60509
3558.79517 -178.33696
3561.48657 -217.37915
3564.17969 -188.20956
3566.87109 -214.25269
3569.56274 -179.81723
3572.25391 -217.65215
3574.94580 -188.17171
3577.63940 -215.20328
3580.33105 -175.60208
3583.02295 -215.32498
3585.71509 -180.26285
3588.40698 -218.30467
3591.10083 -182.92545
3593.79102 -214.27248
3596.48291 -179.71965
3599.17700 -217.73683
3601.86719 -180.80768
3604.55933 -216.77655
3607.25146 -174.78090
3609.94385 -214.86559
3612.63403 -188.32802
3615.32617 -218.86836
3618.02051 -196.96390
3620.71094 -215.57164
3623.40112 -178.57939
3626.09375 -216.91760
3628.78613 -183.02773
3631.47827 -217.03477
3634.17090 -174.86172
3636.86133 -215.72212
3639.55542 -182.34334
3642.24805 -219.69318
3644.93799 -180.18718
3647.63062 -215.14542
3650.32080 -199.25630
3653.01514 -217.05490
3655.70532 -175.09184
3658.39746 -219.73625
3661.09180 -178.29840
3663.78198 -214.48790
3666.47437 -190.69276
3669.16846 -218.95096
3671.85840 -183.09685
3674.55054 -217.44260
3677.24072 -173.31181
3679.93433 -215.29968
3682.62646 -179.05278
3685.31836 -218.52574
3688.01001 -173.75789
3690.70166 -215.93831
3693.39331 -178.14607
3696.08691 -217.60835
3698.77661 -176.11969
3701.46997 -216.18259
3704.16138 -181.87471
3706.85278 -216.01698
3709.54590 -199.36642
3712.23901 -220.48024
3714.93213 -185.35942
3717.62329 -214.63907
3720.31396 -183.27953
3723.00684 -217.35210
3725.69775 -178.85893
3728.38818 -219.47026
3731.08276 -174.84138
3733.77319 -214.41138
3736.46753 -177.31393
3739.15771 -218.71408
3741.85181 -176.16077
3744.54370 -216.86607
3747.23535 -190.06227
3749.92529 -215.68129
3752.61914 -182.18953
3755.31030 -217.65947
3758.00171 -183.96530
3760.69287 -215.48334
3763.38599 -179.84064
3766.07690 -218.22148
3768.76978 -184.81445
3771.46240 -215.38753
3774.15503 -173.63542
3776.84546 -215.57863
3779.53760 -194.19577
3782.22949 -219.95569
3784.91943 -182.84106
3787.61328 -214.11275
3790.30493 -191.15704
3792.99658 -216.85593
3795.68750 -187.96574
3798.38086 -217.53529
3801.07397 -183.47993
3803.76660 -214.23645
3806.45728 -186.22255
3809.14941 -217.74831
3811.84180 -185.08887
3814.53394 -215.18510
3817.22363 -183.45638
3819.91724 -216.08031
3822.60889 -193.56830
3825.30225 -216.52324
3827.99341 -191.50604
3830.68408 -214.61827
3833.37671 -184.64598
3836.06934 -218.89407
3838.76196 -180.57266
3841.45386 -214.90363
3844.14575 -179.62459
3846.83740 -215.78702
3849.52881 -170.96329
3852.21973 -218.95387
3854.91089 -188.52902
3857.60376 -214.64203
3860.29639 -176.81503
3862.98853 -218.38245
3865.68091 -180.91235
3868.37256 -216.75511
3871.06641 -178.92021
3873.75757 -215.90875
3876.44678 -188.69861
3879.13965 -219.74582
3881.83228 -185.56664
3884.52490 -215.62637
3887.21704 -182.34792
3889.91089 -218.65633
3892.59814 -182.98518
3895.29175 -218.19473
3897.98535 -191.45050
3900.67822 -216.04980
3903.36865 -171.92252
3906.05859 -221.13152
3908.75098 -179.26416
3911.44263 -216.47354
3914.13623 -172.54723
3916.82959 -217.72624
3919.52051 -177.19168
3922.21338 -219.46373
3924.90356 -185.24995
3927.59570 -215.81194
3930.28955 -181.49194
3932.97900 -220.49677
3935.67236 -180.06323
3938.36548 -216.70949
3941.05591 -181.79370
3943.74854 -216.35144
3946.44043 -173.88547
3949.13208 -220.74042
3951.82349 -179.29362
3954.51440 -215.16907
3957.20728 -178.68532
3959.89990 -217.91365
3962.59229 -176.61087
3965.28418 -217.51727
3967.97559 -178.35622
3970.66675 -215.41638
3973.35962 -194.35371
3976.05225 -218.72067
3978.74243 -195.76622
3981.43652 -215.27095
3984.12817 -185.40677
3986.81909 -217.49153
3989.51221 -192.99883
3992.20483 -216.88013
3994.89722 -195.63019
3997.58667 -214.78355
4000.28052 -172.68158
4002.97144 -220.57103
4005.66431 -187.14531
4008.35693 -215.23955
4011.04883 -186.71442
4013.74072 -216.00722
4016.43213 -194.76979
4019.12305 -219.36615
4021.81592 -179.03835
4024.50806 -215.08319
4027.19995 -183.52731
4029.89136 -218.09067
4032.58252 -187.55699
4035.27563 -216.46654
4037.96777 -182.28809
4040.65967 -216.79236
4043.35156 -180.94858
4046.04272 -218.74696
4048.73560 -183.15741
4051.42822 -215.29088
4054.11816 -180.72415
4056.80957 -220.45145
4059.50562 -177.94298
4062.19629 -217.23143
4064.88672 -182.39359
4067.57861 -215.65666
4070.27295 -178.90308
4072.96167 -222.95471
4075.65454 -183.34508
4078.34717 -216.17325
4081.03955 -178.60918
4083.73315 -217.51028
4086.42212 -180.94592
4089.11719 -219.49202
4091.80762 -179.93062
4094.49951 -216.49753
4097.19092 -183.59325
4099.88379 -219.80536
4102.57471 -186.45926
4105.26709 -216.60762
4107.95850 -176.65421
4110.64990 -218.57802
4113.34326 -183.15782
4116.03564 -219.73898
4118.72754 -182.77080
4121.41943 -215.73099
4124.11035 -183.15175
4126.80322 -222.57007
4129.49561 -180.44534
4132.18750 -217.78493
4134.87891 -182.11365
4137.56934 -216.51027
4140.26221 -178.92912
4142.95605 -222.88380
4145.64551 -203.01764
4148.33887 -216.73465
4151.03125 -184.38263
4153.72363 -218.97401
4156.41553 -178.21205
4159.10840 -219.00803
4161.79932 -182.71297
4164.49170 -217.31415
4167.18311 -181.92505
4169.87207 -221.62543
4172.56738 -185.61362
4175.25781 -216.70988
4177.95166 -182.14214
4180.64307 -219.51714
4183.33594 -177.76602
4186.02832 -220.32059
4188.71777 -191.39526
4191.40918 -216.23994
4194.10449 -193.65099
4196.79248 -222.85431
4199.48438 -185.84146
4202.17822 -217.71033
4204.87109 -176.31805
4207.56348 -217.38298
4210.25488 -188.04088
4212.94385 -221.58769
4215.63916 -196.46379
4218.32959 -216.37662
4221.02148 -185.63972
4223.71240 -220.17213
4226.40527 -178.85059
4229.09766 -218.01489
4231.78955 -176.67354
4234.48291 -216.85655
4237.17334 -184.46330
4239.86523 -221.76657
4242.55713 -180.88800
4245.25000 -216.23825
4247.94287 -193.73224
4250.63281 -219.06546
4253.32617 -184.03981
4256.01709 -218.67072
4258.70947 -180.00778
4261.40137 -216.55252
4264.09229 -192.71523
4266.78516 -221.73395
4269.47754 -181.30569
4272.16895 -216.45085
4274.86279 -186.60492
4277.55273 -219.22382
4280.24463 -174.20973
4282.93848 -220.31308
4285.62939 -177.02637
4288.32129 -216.22112
4291.01318 -178.07010
4293.70654 -223.51659
4296.39697 -186.04819
4299.09131 -218.26036
4301.78027 -178.13306
4304.47314 -218.11533
4307.16602 -181.50092
4309.85742 -222.27728
4312.54834 -176.08899
4315.24121 -218.20186
4317.93311 -180.50476
4320.62451 -222.06604
4323.31738 -181.13199
4326.00732 -218.97186
4328.69922 -185.59633
4331.39453 -220.07666
4334.08740 -184.08025
4336.77686 -225.93575
4339.46777 -183.32190
4342.16064 -217.61882
4344.85254 -190.70731
4347.54639 -224.45148
4350.23730 -184.58221
4352.92676 -223.59212
4355.62354 -186.14043
4358.31152 -217.65773
4361.00439 -193.10812
4363.69629 -228.95178
4366.38965 -180.74625
4369.08008 -220.57643
4371.77197 -197.14059
4374.46582 -219.04915
4377.15625 -195.98505
4379.84814 -223.11250
4382.53955 -181.35497
4385.23291 -219.49911
4387.92529 -174.95308
4390.61621 -222.24396
4393.30957 -185.06667
4396.00000 -218.63728
4398.69385 -181.93950
4401.38477 -220.41354
4404.07715 -180.73709
4406.76904 -225.12682
4409.45996 -174.89188
4412.15283 -216.71829
4414.84473 -177.11835
4417.53564 -224.08325
4420.22852 -182.44002
4422.92041 -221.89618
4425.61133 -185.50917
4428.30420 -217.01006
4430.99609 -175.06451
4433.68750 -225.03351
4436.38037 -175.12862
4439.07227 -219.31195
4441.76318 -195.81593
4444.45605 -219.61850
4447.14844 -182.86285
4449.83936 -220.24265
4452.53223 -181.69467
4455.22461 -219.42410
4457.91553 -180.53125
4460.60840 -225.19244
4463.30029 -173.21220
4465.99170 -217.83681
4468.68457 -179.24197
4471.37646 -222.12111
4474.06787 -184.14583
4476.76074 -225.85184
4479.45264 -192.81544
4482.14355 -217.61867
4484.83594 -176.44278
4487.52832 -227.46487
4490.22168 -183.49355
4492.91162 -221.75749
4495.60596 -177.00963
4498.29688 -219.56554
4500.98926 -194.87849
4503.67871 -225.81482
4506.37158 -176.99197
4509.06445 -220.29228
4511.75586 -182.82921
4514.44873 -224.12877
4517.14111 -176.29779
4519.83008 -221.37201
4522.52344 -186.26735
4525.21777 -221.13315
4527.90918 -171.53822
4530.59961 -232.76210
4533.29150 -184.50946
4535.98242 -219.66476
4538.67480 -185.14311
4541.36914 -224.66118
4544.06006 -188.90645
4546.75000 -225.90598
4549.44434 -183.77568
4552.13770 -219.94380
4554.82715 -181.69962
4557.51855 -232.59319
4560.21143 -175.10390
4562.90088 -221.70337
4565.59473 -186.54306
4568.28711 -222.76068
4570.97900 -172.40781
4573.67236 -228.46576
4576.36230 -182.49802
4579.05371 -220.80560
4581.74707 -183.93442
4584.43896 -229.82605
4587.12988 -187.22057
4589.82324 -223.44621
4592.51465 -185.23462
4595.20557 -222.08456
4597.89844 -183.71690
4600.59229 -234.04002
4603.28516 -176.62392
4605.97510 -222.00613
4608.66602 -190.94656
4611.36133 -225.96272
4614.05322 -187.00041
4616.74414 -225.15758
4619.43408 -183.75710
4622.12549 -222.49777
4624.81836 -177.79114
4627.51025 -236.26685
4630.20166 -185.36082
4632.89453 -221.58987
4635.58594 -178.88844
4638.27930 -225.30434
4640.97119 -181.19493
4643.66016 -232.42604
4646.35547 -174.53976
4649.04980 -220.45525
4651.74072 -182.72763
4654.43066 -232.66499
4657.12207 -176.80527
4659.81250 -224.58992
4662.50684 -188.03654
4665.19775 -221.34692
4667.89014 -174.76999
4670.58398 -228.59669
4673.27441 -186.21657
4675.96680 -222.10832
4678.65771 -175.04117
4681.35010 -226.03551
4684.04395 -180.90578
4686.73486 -222.23827
4689.42676 -186.34322
4692.12012 -222.93852
4694.81055 -183.32143
4697.50195 -259.70703
4700.19482 -176.94788
4702.88672 -220.10509
4705.57812 -180.88261
4708.27051 -227.92697
4710.96191 -185.88477
4713.65527 -226.44868
4716.34473 -179.97597
4719.03809 -221.22549
4721.73047 -176.63936
4724.42188 -232.04163
4727.11475 -197.93445
4729.80664 -223.14977
4732.49756 -178.17990
4735.18994 -225.74954
4737.88135 -178.33252
4740.57373 -225.22188
4743.26562 -187.63109
4745.95898 -224.20282
4748.65137 -191.36827
4751.34229 -231.34367
4754.03467 -180.19350
4756.72656 -223.58482
4759.41699 -192.14909
4762.10889 -230.16425
4764.80225 -174.68639
4767.49463 -227.03969
4770.18604 -179.12041
4772.87891 -224.60831
4775.57031 -181.87411
4778.26123 -240.35703
4780.95312 -185.97879
4783.64697 -226.25920
4786.33936 -187.99132
4789.03076 -225.39436
4791.72070 -179.47594
4794.41309 -233.85091
4797.10596 -175.10999
4799.79834 -228.25349
4802.48926 -195.65802
4805.17969 -224.69148
4807.87061 -181.89969
4810.56348 -232.34846
4813.25830 -184.77597
4815.94873 -227.84753
4818.64111 -181.65358
4821.33203 -226.11958
4824.02441 -186.34444
4826.71631 -227.50554
4829.40918 -185.15468
4832.10059 -227.45221
4834.79395 -183.77383
4837.48633 -230.01598
4840.17725 -177.13731
4842.86963 -224.42761
4845.55811 -182.18279
4848.25391 -230.96652
4850.94531 -179.01302
4853.63818 -228.69307
4856.33008 -185.56689
4859.02100 -224.55945
4861.71094 -174.63014
4864.40430 -237.56914
4867.09668 -176.97040
4869.78857 -225.96161
4872.48145 -176.47229
4875.17041 -227.65024
4877.86621 -181.47337
4880.55566 -229.09734
4883.24902 -173.38879
4885.93848 -226.60173
4888.63232 -181.18806
4891.32471 -230.28148
4894.01611 -183.93248
4896.70898 -226.56650
4899.40332 -183.79980
4902.09375 -230.27505
4904.78564 -179.51070
4907.47607 -227.68716
4910.16846 -178.69214
4912.85938 -228.10983
4915.55469 -176.40903
4918.24561 -229.24538
4920.93799 -192.14505
4923.62939 -227.57361
4926.31982 -174.08147
4929.01416 -230.35643
4931.70459 -190.33925
4934.39648 -226.59340
4937.08691 -177.91454
4939.78223 -230.12221
4942.47266 -196.05051
4945.16211 -228.63596
4947.85596 -198.33887
4950.54590 -226.74384
4953.24023 -179.46089
4955.93311 -229.53592
4958.62402 -173.59625
4961.31738 -227.38448
4964.00928 -184.46942
4966.70215 -229.57925
4969.39160 -181.75397
4972.08447 -225.83591
4974.77686 -190.27844
4977.46777 -228.42070
4980.16016 -179.45161
4982.85352 -234.18309
4985.54297 -183.19025
4988.23438 -223.48228
4990.92969 -210.35606
4993.62109 -234.32831
4996.31152 -184.83252
4999.00293 -229.93526
5001.69531 -199.73863
5004.38721 -223.28757
5007.08057 -181.57083
5009.77197 -233.85596
5012.46240 -182.57608
5015.15430 -226.11646
5017.84766 -185.50978
5020.54004 -225.67862
5023.23047 -181.05209
5025.92285 -224.98404
5028.61377 -192.08740
5031.30615 -225.70859
5034.00293 -191.29376
5036.69238 -235.06003
5039.38330 -176.84903
5042.07568 -221.53134
5044.77002 -181.20157
5047.45996 -229.84830
5050.15381 -188.81418
5052.84375 -231.53325
5055.53516 -173.05005
5058.22510 -220.94318
5060.91943 -199.76556
5063.60938 -236.07408
5066.30127 -176.38365
5068.99414 -224.87085
5071.68848 -180.75050
5074.37891 -223.55827
5077.07324 -173.99605
5079.76123 -225.69562
5082.45557 -179.77139
5085.14893 -224.12163
5087.83789 -179.06651
5090.53125 -230.78885
5093.22314 -196.95038
5095.91650 -222.20227
5098.60840 -187.39046
5101.29883 -227.13449
5103.99121 -184.29420
5106.68408 -233.55101
5109.37354 -189.40945
5112.06689 -221.88853
5114.75928 -181.10765
5117.45020 -237.19553
5120.14160 -179.64890
5122.83252 -228.06119
5125.52734 -181.09009
5128.21826 -222.87730
5130.91309 -188.70099
5133.60400 -237.70589
5136.29346 -181.60452
5138.98682 -226.18831
5141.67920 -185.92607
5144.37256 -224.42139
5147.06152 -180.77521
5149.75537 -228.68721
5152.44727 -179.86746
5155.13770 -224.71671
5157.83008 -185.38483
5160.52051 -227.95453
5163.21289 -180.13188
5165.90625 -223.30980
5168.60107 -186.63991
5171.28906 -223.99780
5173.98389 -175.73996
5176.67432 -247.22765
5179.36621 -177.82272
5182.06006 -220.34293
5184.75146 -182.25919
5187.43896 -226.44701
5190.13379 -181.97623
5192.82422 -225.41583
5195.51855 -186.93178
5198.20898 -219.91737
5200.90088 -183.13501
5203.59424 -228.35791
5206.28613 -182.81908
5208.97900 -220.38127
5211.67041 -179.64061
5214.36084 -222.66187
5217.05518 -181.02202
5219.74805 -222.55786
5222.43652 -179.66586
5225.13232 -219.53601
5227.82031 -185.71191
5230.51025 -228.51997
5233.20410 -181.97055
5235.89746 -219.38158
5238.59131 -188.05495
5241.28125 -221.69832
5243.97461 -182.16792
5246.66455 -223.93068
5249.35547 -180.22235
5252.04785 -219.03764
5254.74121 -181.16289
5257.43359 -227.20282
5260.12695 -185.53201
5262.81641 -220.18666
5265.50977 -194.31882
5268.20117 -221.33752
5270.89160 -191.40620
5273.58643 -226.29193
5276.27637 -177.12286
5278.96777 -219.40561
5281.66064 -183.38071
5284.35547 -226.18790
5287.04541 -189.89183
5289.73633 -221.92650
5292.42920 -181.67329
5295.12012 -220.88455
5297.81299 -188.74529
5300.50684 -227.93593
5303.19873 -175.47169
5305.88965 -220.26752
5308.58203 -183.60260
5311.27246 -224.67471
5313.96729 -179.34360
5316.65771 -223.00240
5319.34619 -184.85367
5322.04004 -220.17252
5324.73389 -179.48575
5327.42432 -232.66138
5330.11523 -178.48569
5332.80811 -220.08109
5335.50244 -175.53920
5338.19434 -221.81331
5340.88574 -181.61458
5343.57471 -226.93462
5346.27148 -182.11572
5348.96045 -219.16795
5351.65430 -181.25366
5354.34326 -224.57022
5357.03613 -178.30092
5359.72754 -221.17325
5362.42090 -186.26666
5365.11230 -220.39180
5367.80762 -189.76489
5370.49609 -224.14398
5373.18848 -185.82272
5375.87939 -219.01855
5378.57178 -172.45419
5381.26514 -224.63351
5383.95410 -183.06842
5386.65039 -220.67250
5389.34180 -197.53246
5392.03516 -218.88693
5394.72656 -182.84181
5397.41650 -230.44934
5400.10742 -179.82924
5402.80273 -218.64700
5405.49072 -201.39801
5408.18604 -220.50763
5410.87646 -174.60432
5413.56836 -223.48436
5416.26172 -187.62952
5418.95020 -218.42989
5421.64307 -185.59473
5424.33496 -222.47418
5427.03027 -177.62778
5429.72119 -219.07181
5432.41016 -186.58391
5435.10449 -220.01723
5437.79590 -189.64432
5440.48926 -221.29691
5443.18115 -176.40103
5445.87109 -217.26105
5448.56543 -187.96135
5451.25537 -223.98653
5453.94971 -180.74875
5456.64160 -218.45399
5459.33203 -197.56433
5462.02441 -217.26314
5464.71777 -181.65962
5467.40674 -223.92537
5470.09961 -182.67868
5472.79053 -216.88165
5475.48340 -186.89951
5478.17432 -218.89172
5480.86670 -203.22182
5483.56006 -218.91652
5486.25244 -177.71651
5488.94238 -217.39635
5491.63379 -190.42198
5494.32666 -220.43367
5497.01758 -177.97495
5499.71094 -216.41008
5502.40430 -182.99852
5505.09668 -220.07442
5507.78711 -190.06436
5510.47852 -219.02411
5513.16846 -186.13712
5515.86328 -216.28947
5518.55518 -180.86736
5521.24609 -223.45453
5523.93848 -178.47311
5526.62891 -217.55869
5529.32373 -179.86617
5532.01709 -218.36182
5534.70898 -182.47661
5537.40137 -221.26314
5540.09229 -181.52422
5542.78125 -217.65022
5545.47461 -186.47937
5548.16699 -222.07246
5550.85986 -181.09268
5553.55176 -218.72041
5556.24121 -180.29674
5558.93555 -219.53975
5561.62793 -173.19023
5564.31836 -223.72722
5567.00977 -182.73557
5569.70264 -217.96132
5572.39453 -178.70168
5575.08740 -222.67834
5577.77832 -177.75513
5580.46973 -220.86909
5583.16406 -180.49640
5585.85547 -218.25053
5588.54541 -184.64888
5591.23633 -224.73961
5593.92969 -189.18268
5596.62354 -218.28772
5599.31543 -178.29514
5602.00586 -219.69757
5604.70020 -173.32977
5607.39014 -221.39641
5610.08105 -182.82196
5612.77637 -216.87985
5615.46777 -174.43892
5618.15918 -221.81926
5620.85254 -182.46774
5623.54395 -217.71867
5626.23633 -193.41895
5628.92773 -217.03761
5631.61670 -179.17172
5634.31055 -220.63860
5637.00195 -188.98170
5639.69775 -216.10744
5642.38867 -184.97163
5645.08105 -218.53229
5647.77148 -181.94049
5650.46387 -216.99449
5653.15381 -191.78937
5655.84521 -216.46759
5658.53760 -175.72023
5661.23145 -219.23917
5663.92383 -203.63744
5666.61377 -215.02196
5669.30566 -185.93237
5671.99805 -218.77888
5674.69238 -181.02481
5677.38477 -217.62509
5680.07520 -186.64604
5682.76660 -214.98383
5685.45654 -186.99004
5688.15039 -220.31351
5690.83984 -183.80450
5693.53418 -216.23212
5696.22559 -181.76486
5698.91553 -216.58377
5701.61035 -183.17732
5704.30225 -217.99586
5706.99268 -189.38200
5709.68506 -216.47945
5712.38086 -193.96875
5715.06934 -219.15295
5717.76172 -179.93918
5720.45312 -215.80765
5723.14453 -190.48573
5725.83447 -218.28505
5728.52930 -182.16386
5731.22168 -219.77908
5733.91211 -183.19194
5736.60742 -215.00827
5739.29443 -182.93881
5741.98926 -220.98174
5744.68213 -175.37245
5747.37256 -218.16489
5750.06445 -183.04601
5752.75781 -215.66479
5755.44922 -191.76190
5758.14160 -220.50490
5760.83545 -182.29218
5763.52783 -216.95045
5766.21777 -179.94826
5768.90918 -217.57487
5771.60156 -182.06799
5774.29590 -217.36125
5776.98438 -175.98419
5779.67725 -217.22610
5782.36865 -189.30397
5785.06104 -220.06441
5787.75488 -184.60901
5790.44385 -215.45627
5793.13672 -178.99283
5795.82764 -219.06458
5798.52051 -179.17432
5801.21387 -219.80624
5803.90576 -187.86993
5806.59863 -215.08823
5809.28955 -181.69048
5811.98193 -221.09357
5814.67236 -188.39987
5817.36719 -217.89195
5820.05664 -185.83025
5822.74805 -216.32141
5825.43994 -179.00674
5828.13281 -219.82500
5830.82764 -183.14449
5833.51758 -216.94154
5836.20801 -186.28165
5838.90039 -218.71858
5841.59277 -182.41852
5844.28418 -217.09019
5846.97705 -181.16615
5849.66748 -217.22983
5852.35889 -179.72020
5855.05176 -220.58890
5857.74609 -177.60707
5860.43506 -215.42442
5863.12891 -178.20775
5865.82324 -218.57208
5868.51270 -194.69572
5871.20654 -218.71028
5873.89551 -179.12546
5876.58887 -214.92001
5879.27979 -177.84605
5881.97266 -219.36612
5884.66602 -174.87390
5887.35791 -216.00111
5890.04785 -177.56223
5892.74170 -215.79349
5895.43359 -181.65273
5898.12695 -217.52583
5900.81494 -186.40443
5903.51074 -214.73703
5906.19824 -184.75018
5908.89355 -217.51212
5911.58643 -187.38835
5914.27734 -215.04178
5916.96973 -177.44569
5919.65918 -215.07797
5922.35107 -185.56831
5925.04395 -217.46390
5927.73730 -183.90182
5930.42578 -214.01996
5933.11963 -176.74783
5935.81055 -216.85301
5938.50293 -179.27487
5941.19238 -215.45851
5943.88721 -182.66960
5946.58008 -214.75081
5949.27051 -179.99402
5951.96582 -217.98064
5954.65576 -195.13525
5957.34668 -214.31021
5960.03857 -178.00456
5962.73193 -217.03569
5965.42383 -182.61378
5968.11572 -216.97763
5970.80615 -173.71878
5973.49854 -214.94769
5976.19141 -177.64128
5978.88184 -219.13962
5981.57422 -183.86971
5984.26758 -216.09467
5986.95850 -183.29594
5989.65088 -217.18546
5992.34131 -181.14186
5995.03613 -218.19542
5997.72559 -183.63455
6000.41992 -216.38867
6003.11475 -186.50623
6005.80469 -220.55894
6008.49561 -200.76857
6011.18750 -216.55827
6013.87793 -177.96037
6016.57275 -217.77478
6019.26514 -184.85579
6021.95557 -221.78795
6024.64746 -179.26216
6027.33984 -215.52953
6030.03027 -182.42845
6032.72266 -219.44727
6035.41943 -176.18105
6038.10645 -219.13303
6040.79883 -179.60838
6043.49219 -215.49529
6046.18359 -172.49707
6048.87646 -219.49185
6051.56689 -194.83128
6054.25830 -216.64584
6056.95068 -183.85115
6059.64160 -216.68515
6062.33643 -178.23958
6065.02637 -216.82668
6067.71729 -175.08609
6070.41260 -215.55539
6073.10254 -177.31104
6075.79395 -218.87590
6078.48633 -185.16962
6081.17969 -214.54140
6083.87109 -178.29767
6086.56006 -216.05727
6089.25391 -186.60503
6091.94580 -218.87502
6094.63867 -181.61234
6097.33203 -213.75977
6100.02441 -176.60625
6102.71729 -217.15706
6105.40820 -180.90219
6108.09668 -216.40738
6110.79004 -183.85780
6113.48096 -214.66711
6116.17285 -184.17601
6118.86670 -216.89432
6121.55469 -187.34398
6124.25342 -215.02754
6126.94092 -194.13496
6129.63184 -217.16896
6132.32471 -176.72467
6135.02197 -215.27032
6137.70996 -188.22592
6140.40283 -215.11394
6143.09375 -181.19508
6145.78564 -219.47046
6148.47852 -182.53085
6151.17236 -214.19841
6153.86133 -182.88655
6156.55762 -216.45197
6159.24512 -193.84361
6161.93750 -218.10008
6164.63086 -178.83151
6167.32178 -214.38065
6170.01416 -196.90637
6172.70410 -217.70543
6175.39844 -178.98776
6178.09082 -215.76477
6180.78125 -182.07613
6183.47217 -215.91193
6186.16797 -181.73729
6188.85840 -216.95995
6191.54980 -188.43781
6194.24268 -214.87370
6196.93311 -176.95691
6199.62451 -218.64037
6202.31738 -181.84155
6205.01074 -215.37846
6207.70264 -189.93344
6210.39258 -215.56348
6213.08594 -184.77405
6215.77832 -219.38297
6218.47119 -182.59706
6221.15771 -214.72018
6223.85303 -205.92746
6226.54688 -217.65843
6229.23730 -185.04134
6231.92871 -217.26762
6234.62207 -191.20456
6237.31250 -215.67078
6240.00488 -186.69887
6242.70117 -219.49083
6245.39258 -178.46916
6248.08105 -215.91185
6250.77393 -180.88522
6253.46875 -218.08722
6256.15723 -184.74219
6258.85010 -218.56239
6261.54102 -179.97830
6264.23340 -216.07921
6266.92627 -180.12601
6269.62109 -221.00835
6272.30957 -189.42818
6275.00293 -217.04057
6277.69434 -192.95805
6280.38623 -217.52660
6283.07617 -180.36668
6285.77051 -220.41096
6288.45898 -184.83455
6291.15625 -216.11128
6293.84326 -181.48547
6296.53906 -219.71872
6299.22900 -187.17186
6301.91992 -217.46500
6304.61230 -188.07997
6307.30518 -216.10889
6309.99609 -186.52765
6312.68848 -220.57909
6315.38184 -177.48026
6318.07324 -215.31526
6320.76465 -180.08910
6323.45801 -216.92221
6326.14941 -180.01309
6328.84180 -217.63644
6331.53076 -177.68694
6334.22559 -214.66696
6336.91797 -182.35393
6339.61035 -217.58540
6342.30176 -182.53407
6344.99316 -214.90044
6347.68652 -177.45340
6350.37695 -215.86542
6353.06934 -181.27213
6355.76221 -216.20149
6358.45312 -180.83084
6361.14502 -213.85724
6363.83496 -180.66219
6366.52881 -218.14450
6369.22070 -178.26254
6371.90967 -214.44585
6374.60400 -187.80922
6377.29541 -214.60159
6379.98828 -181.59578
6382.67871 -217.96716
6385.37061 -186.83452
6388.06689 -214.23648
6390.75391 -181.11407
6393.45215 -216.58649
6396.13770 -192.80304
6398.83203 -215.75366
6401.52637 -181.44156
6404.21875 -215.90984
6406.90918 -199.74544
6409.60010 -217.81903
6412.28955 -178.49336
6414.98633 -214.87433
6417.67773 -191.03938
6420.37012 -219.74661
6423.05957 -175.11302
6425.75098 -217.33414
6428.44287 -178.64787
6431.13574 -215.66977
6433.82715 -176.20776
6436.51855 -223.07681
6439.20850 -181.80896
6441.90625 -216.77527
6444.59473 -180.75877
6447.29053 -217.66422
6449.97803 -186.07533
6452.66992 -220.58051
6455.36230 -186.12415
6458.05957 -217.15422
6460.74756 -184.72577
6463.44043 -220.11217
6466.13379 -182.65454
6468.82520 -217.67882
6471.51807 -178.01685
6474.20801 -218.52841
6476.89893 -179.23543
6479.59082 -220.34521
6482.28076 -195.91872
6484.97510 -216.03990
6487.67090 -176.42102
6490.35693 -221.37903
6493.05127 -183.06569
6495.74268 -218.18068
6498.43555 -178.14429
6501.12988 -215.94725
6503.81787 -181.96191
6506.51074 -222.57167
6509.20410 -177.87827
6511.89551 -216.42258
6514.58789 -179.99438
6517.28125 -217.33110
6519.97266 -183.88309
6522.66113 -218.84685
6525.35840 -186.66049
6528.04590 -216.32153
6530.73730 -189.60718
6533.43359 -219.56882
6536.12500 -175.98596
6538.81299 -216.19676
6541.50586 -175.56824
6544.19922 -217.96729
6546.89453 -183.41643
6549.58398 -219.29398
6552.27344 -185.79543
6554.96826 -215.36987
6557.65674 -183.77553
6560.35059 -220.73192
6563.04150 -184.49408
6565.73291 -217.17661
6568.42969 -183.26778
6571.12061 -216.27721
6573.80859 -182.46277
6576.50146 -220.66205
6579.19482 -185.11572
6581.88672 -215.91380
6584.57910 -189.08171
6587.27246 -218.50262
6589.96338 -182.08534
6592.65576 -217.57242
6595.34570 -178.42407
6598.03955 -216.05965
6600.72803 -192.85126
6603.42090 -220.24208
6606.11523 -180.55562
6608.80615 -215.67462
6611.49902 -200.31750
6614.19238 -217.77673
6616.88428 -173.91309
6619.57275 -218.14365
6622.26562 -186.21165
6624.95654 -215.53839
6627.64844 -179.09720
6630.34180 -219.88535
6633.03613 -188.90541
6635.72705 -215.81914
6638.41992 -180.70732
6641.10938 -217.51199
6643.80469 -188.80919
6646.49365 -219.15381
6649.18262 -180.61201
6651.87744 -215.43153
6654.56934 -186.47726
6657.26270 -221.06271
6659.95215 -180.75764
6662.64404 -217.37622
6665.33691 -196.57753
6668.03027 -217.09497
6670.72168 -177.50285
6673.41357 -221.05186
6676.10742 -186.11786
6678.79785 -217.43198
6681.48926 -180.06931
6684.18213 -221.14180
6686.87598 -184.74652
6689.56738 -218.73488
6692.25635 -179.95374
6694.95020 -219.70610
6697.64111 -185.39279
6700.33643 -225.64523
6703.02637 -175.92984
6705.71680 -217.86656
6708.41211 -185.27562
6711.10059 -224.21472
6713.79443 -180.61284
6716.48535 -224.67351
6719.17773 -181.30971
6721.87061 -218.12048
6724.56152 -181.82021
6727.25342 -229.68764
6729.94629 -179.42009
6732.63623 -221.61014
6735.32764 -187.12695
6738.02344 -218.65727
6740.71338 -184.52902
6743.40381 -224.83504
6746.09961 -179.61098
6748.78906 -219.27228
6751.48340 -182.12329
6754.17432 -220.30405
6756.86719 -182.20079
6759.55664 -219.02478
6762.25146 -188.27243
6764.93945 -218.77084
6767.63232 -179.86726
6770.32666 -222.27739
6773.01807 -185.88799
6775.71094 -215.90308
6778.40088 -177.68340
6781.09180 -220.44255
6783.78711 -180.57251
6786.47705 -220.16301
6789.17090 -187.06255
6791.86279 -215.29666
6794.55127 -183.07632
6797.24512 -221.74911
6799.93604 -186.01570
6802.62793 -217.53987
6805.32129 -179.14684
6808.01172 -217.04900
6810.70312 -189.02686
6813.39551 -218.48082
6816.08936 -184.09297
6818.78418 -217.17711
6821.47217 -193.73109
6824.16504 -221.10918
6826.85547 -190.80602
6829.55078 -216.20618
6832.23926 -188.52702
6834.92920 -219.47478
6837.62402 -178.31564
6840.31982 -222.72295
6843.00879 -176.64011
6845.69922 -216.20468
6848.39062 -182.78499
6851.08350 -223.59200
6853.77686 -188.07230
6856.46729 -220.19649
6859.15918 -174.38609
6861.85156 -218.38698
6864.54590 -174.95972
6867.23730 -223.58194
6869.92969 -178.96062
6872.61914 -219.51437
6875.31348 -183.23918
6878.00537 -223.14357
6880.69385 -178.67354
6883.38818 -220.73328
6886.07910 -183.18675
6888.77148 -220.61665
6891.46436 -179.10924
6894.15479 -230.57170
6896.85010 -179.86067
6899.54199 -219.24837
6902.23193 -202.06371
6904.92676 -223.74954
6907.61475 -179.88121
6910.30811 -226.35991
6912.99805 -191.23640
6915.68945 -219.33479
6918.38574 -183.09625
6921.07471 -229.48717
6923.76953 -198.46028
6926.45752 -221.67668
6929.14990 -186.10033
6931.84766 -221.21646
6934.53516 -189.26979
6937.22656 -227.87891
6939.92383 -177.88550
6942.61328 -220.16672
6945.30176 -187.78694
6947.99365 -226.51857
6950.68750 -176.90482
6953.37793 -222.94727
6956.07324 -192.26952
6958.76221 -220.93851
6961.45557 -186.68517
6964.14648 -232.95566
6966.83887 -181.13806
6969.53174 -220.99326
6972.22217 -173.25127
6974.91406 -224.15790
6977.60645 -188.84796
6980.29980 -225.27946
6982.99365 -180.51628
6985.68555 -221.18417
6988.37451 -187.64552
6991.06836 -231.06676
6993.75928 -180.13959
6996.45068 -221.26143
6999.14355 -186.83852
7001.83398 -222.78436
7004.52930 -177.17415
7007.21729 -231.90672
7009.91113 -180.95657
7012.60156 -219.34204
7015.29297 -178.75940
7017.98535 -226.87363
7020.67871 -184.81429
7023.37354 -223.58719
7026.06543 -191.25381
7028.75439 -219.32741
7031.44824 -188.06230
7034.13965 -226.71066
7036.83105 -178.94991
7039.52441 -219.97731
7042.21436 -179.29640
7044.90625 -222.24240
7047.59814 -181.29895
7050.29199 -220.59062
7052.98242 -184.97015
7055.67773 -219.66980
7058.36963 -178.47849
7061.05566 -229.69794
7063.75439 -185.68282
7066.44238 -217.93155
7069.13867 -179.99580
7071.82861 -222.35785
7074.51562 -185.00580
7077.21143 -223.82492
7079.90430 -182.11627
7082.59473 -218.42064
7085.28564 -185.50838
7087.97803 -225.39017
7090.67139 -178.60710
7093.36133 -220.09822
7096.05273 -184.13390
7098.74512 -223.17928
7101.43848 -178.08856
7104.12891 -222.20929
7106.82422 -180.17593
7109.51709 -220.71878
7112.20264 -187.17986
7114.89746 -253.32436
7117.58887 -200.93953
7120.28223 -220.89676
7122.97559 -179.62306
7125.66650 -225.97716
7128.35840 -180.77216
7131.05078 -225.93341
7133.74072 -179.61557
7136.43604 -223.41229
7139.12402 -181.69958
7141.82080 -247.95842
7144.51123 -188.96350
7147.20215 -224.24319
7149.89453 -183.46057
7152.58740 -226.62433
7155.27783 -191.58272
7157.97314 -232.30304
7160.66113 -179.90427
7163.35449 -227.76880
7166.04492 -180.55536
7168.74023 -224.26895
7171.42871 -203.63734
7174.11816 -234.97375
7176.81201 -177.06760
7179.50781 -227.78134
7182.19678 -188.72119
7184.89014 -224.39334
7187.58398 -178.82576
7190.27588 -227.67094
7192.96436 -178.62036
7195.65820 -224.53178
7198.34912 -176.46722
7201.04443 -232.19958
7203.73291 -180.10013
7206.42285 -222.25156
7209.11719 -180.69727
7211.80908 -226.32829
7214.50195 -182.59775
7217.19531 -229.64394
7219.88672 -176.20468
7222.57812 -221.30145
7225.27100 -181.19756
7227.96094 -236.21533
7230.65527 -176.69885
7233.34717 -222.80157
7236.03564 -180.39003
7238.72998 -224.95871
7241.42480 -177.14607
7244.11230 -226.91977
7246.80566 -190.62315
7249.49951 -222.35109
7252.18994 -181.14479
7254.88232 -241.09578
7257.57080 -193.66711
7260.26855 -222.92419
7262.95508 -180.18173
7265.64746 -226.44470
7268.34033 -182.81245
7271.03418 -227.90508
7273.72510 -180.28554
7276.41650 -223.48647
7279.10938 -204.26836
7281.79932 -240.76385
7284.49463 -190.72353
7287.18652 -224.36749
7289.87891 -185.24638
7292.56445 -227.70140
7295.25977 -175.29808
7297.95166 -228.98926
7300.64453 -183.03381
7303.33447 -224.99005
7306.03271 -182.45003
7308.72070 -234.37483
7311.41357 -180.15625
7314.10693 -225.37946
7316.79785 -195.76033
7319.48975 -228.32413
7322.18262 -179.89934
7324.87256 -230.27400
7327.56299 -175.60431
7330.25439 -225.49690
7332.94727 -185.25549
7335.64062 -230.02579
7338.33105 -181.48027
7341.02734 -227.34154
7343.71973 -194.91760
7346.40918 -228.17657
7349.10400 -177.14287
7351.79492 -226.26747
7354.48340 -180.99132
7357.17725 -227.72275
7359.86768 -177.48373
7362.56299 -234.23116
7365.25586 -177.45618
7367.94482 -223.51607
7370.63525 -180.15712
7373.33057 -233.17953
7376.01855 -179.68384
7378.71191 -228.85492
7381.40625 -179.22011
7384.09277 -223.81726
7386.78955 -182.19946
7389.48242 -228.53194
7392.17285 -182.45688
7394.86377 -225.44225
7397.55566 -197.24844
7400.24902 -229.87901
7402.93896 -187.45747
7405.63379 -222.19341
7408.32568 -182.44223
7411.01855 -228.02629
7413.70410 -187.33937
7416.39893 -233.33914
7419.09082 -185.51100
7421.78320 -220.74226
7424.47266 -182.75345
7427.16357 -237.39954
7429.85889 -181.12463
7432.55176 -224.18066
7435.24512 -181.99152
7437.93945 -223.43706
7440.62695 -180.48042
7443.31934 -224.77785
7446.01270 -186.64035
7448.70654 -223.04475
7451.39404 -190.87498
7454.08984 -235.24637
7456.77930 -197.20026
7459.47314 -221.43056
7462.16406 -190.37180
7464.85156 -227.47031
7467.54883 -179.73274
7470.23877 -227.23169
7472.92969 -186.56369
7475.62549 -222.49605
7478.31348 -183.49820
7481.00781 -238.05486
7483.69824 -182.25044
7486.39355 -223.64105
7489.08203 -181.21460
7491.77539 -227.50607
7494.46582 -185.45459
7497.15723 -228.14984
7499.85352 -182.25053
7502.54199 -226.69533
7505.23633 -181.58142
7507.92725 -225.75250
7510.61963 -187.35567
7513.31250 -228.91347
7516.00195 -180.73218
7518.69238 -232.70125
7521.38867 -175.18730
7524.08154 -223.66438
7526.77051 -184.66212
7529.46533 -230.60329
7532.15283 -184.24623
7534.84473 -225.63762
7537.54199 -181.07504
7540.23242 -228.11864
7542.91943 -186.24734
7545.61572 -222.49565
7548.30859 -182.75327
7550.99854 -224.88971
7553.68945 -178.93697
7556.38135 -234.00040
7559.07422 -183.37465
7561.76758 -219.77156
7564.45801 -178.26271
7567.14941 -229.68542
7569.84180 -181.72424
7572.53516 -222.01717
7575.22510 -170.56073
7577.92041 -221.01541
7580.60840 -194.92581
7583.30127 -224.61806
7585.99561 -187.87511
7588.69092 -219.38496
7591.37793 -184.26421
7594.07129 -227.47255
7596.76025 -176.94431
7599.45508 -219.77698
7602.14600 -192.56624
7604.83447 -220.91129
7607.53174 -176.67210
7610.22217 -225.75174
7612.91699 -176.78772
7615.60938 -218.78055
7618.29785 -183.47134
7620.99170 -226.48918
7623.67773 -180.68040
7626.37793 -220.50377
7629.06641 -173.38406
7631.75977 -220.97078
7634.45020 -177.96371
7637.14551 -227.16673
7639.83789 -181.62373
7642.53027 -219.58205
7645.21680 -183.21109
7647.90723 -226.87746
7650.60303 -178.38506
7653.29150 -222.34229
7655.98926 -182.62259
7658.67578 -221.19882
7661.37158 -180.48903
7664.05957 -230.67186
7666.75244 -183.10216
7669.44629 -220.67078
7672.13770 -186.39555
7674.82910 -225.73232
7677.52197 -185.84909
7680.21191 -224.55688
7682.90625 -175.46858
7685.59766 -220.92688
7688.29053 -188.93303
7690.98340 -238.23058
7693.67285 -191.21823
7696.36816 -221.27342
7699.05664 -193.34471
7701.74902 -222.87701
7704.43848 -197.03886
7707.13330 -228.63597
7709.82471 -187.60095
7712.51709 -220.44495
7715.21045 -183.97539
7717.90479 -227.49666
7720.59570 -188.24637
7723.28711 -222.54393
7725.97607 -184.98495
7728.66992 -221.84280
7731.36475 -182.78313
7734.05176 -228.52786
7736.74365 -184.32541
7739.43750 -220.47060
7742.13135 -185.37100
7744.82227 -226.83209
7747.51416 -190.43103
7750.20703 -223.90819
7752.89600 -184.10358
7755.59082 -220.79625
7758.28223 -185.19951
7760.97461 -245.44585
7763.66309 -188.86671
7766.35742 -221.28824
7769.04834 -184.11734
7771.74023 -222.41112
7774.43262 -183.17578
7777.12646 -229.00241
7779.81641 -181.93475
7782.50781 -220.09398
7785.19971 -194.82755
7787.89258 -224.94116
7790.58203 -182.90695
7793.27734 -222.17012
7795.96875 -185.79694
7798.66162 -220.10204
7801.35059 -188.77545
7804.04492 -224.40320
7806.74023 -181.96889
7809.42773 -218.38986
7812.12012 -181.32286
7814.81445 -222.67433
7817.50488 -177.34259
7820.19580 -219.91035
7822.88818 -193.41655
7825.58154 -217.06886
7828.27148 -183.28511
7830.96191 -225.71321
7833.65771 -177.55966
7836.34668 -216.91878
7839.04004 -180.94672
7841.73389 -217.83966
7844.42480 -177.98131
7847.11719 -219.64780
7849.80566 -183.40547
7852.49951 -216.45833
7855.18994 -178.47209
7857.88574 -219.69112
7860.57373 -190.64421
7863.26660 -216.05711
7865.96143 -180.50435
7868.65186 -218.71933
7871.34326 -180.39656
7874.03613 -218.82225
7876.72949 -180.50226
7879.41943 -215.43553
7882.11035 -193.69069
7884.80664 -222.51434
7887.49512 -184.84454
7890.18945 -217.12538
7892.87988 -190.15233
7895.57080 -217.53528
7898.26709 -176.92340
7900.95605 -220.97980
7903.64551 -190.06526
7906.34033 -217.51997
7909.03223 -180.83484
7911.72461 -222.25938
7914.41797 -183.81848
7917.10742 -218.69870
7919.79883 -176.26784
7922.49023 -220.27283
7925.18750 -182.03792
7927.87646 -225.62683
7930.56689 -179.46545
7933.26221 -218.74992
7935.94971 -184.78113
7938.64258 -225.60876
7941.33691 -182.84146
7944.02734 -223.50920
7946.72266 -181.52094
7949.41455 -219.87802
7952.10352 -196.55511
7954.79736 -231.00525
7957.48779 -192.20320
7960.18359 -220.75952
7962.87158 -175.37199
7965.56543 -221.03546
7968.25488 -181.41704
7970.94971 -226.15543
7973.64160 -181.06393
7976.32910 -218.52933
7979.02295 -185.41946
7981.71777 -223.18929
7984.40869 -179.08235
7987.10010 -220.05614
7989.79248 -178.98174
7992.48633 -217.67838
7995.17627 -183.16235
7997.86719 -223.42938
8000.55957 -179.82860
8003.24756 -217.01016
8005.94629 -180.72815
8008.63672 -218.87674
8011.32764 -182.26921
8014.01904 -218.78548
8016.71289 -182.28268
8019.40625 -216.56102
8022.09668 -195.87610
8024.78809 -220.40062
8027.47998 -173.95462
8030.16895 -215.75493
8032.86230 -179.61511
8035.55273 -218.38341
8038.24902 -173.03310
8040.93701 -218.84776
8043.62988 -177.78369
8046.32373 -215.07797
8049.01465 -180.42656
8051.70605 -221.03886
8054.39893 -186.61748
8057.09180 -216.80318
8059.78125 -176.79338
8062.47656 -216.22675
8065.16357 -178.89699
8067.86084 -219.19170
8070.54932 -176.60680
8073.23926 -216.25902
8075.93018 -180.77231
8078.62598 -218.71751
8081.31836 -179.93100
8084.01172 -216.26564
8086.70166 -191.80595
8089.39258 -217.47159
8092.08447 -188.11734
8094.78076 -220.09903
8097.46582 -184.53229
8100.16016 -214.81940
8102.85107 -188.85173
8105.54688 -219.88167
8108.23486 -184.63348
8110.92822 -218.24706
8113.62256 -190.77121
8116.31348 -214.96579
8119.00488 -190.41260
8121.69824 -220.39827
8124.39160 -177.28094
8127.08105 -216.63501
8129.77148 -186.43842
8132.46826 -216.79825
8135.15625 -177.57837
8137.84961 -217.39912
8140.54395 -185.64883
8143.23486 -216.66261
8145.92676 -194.43799
8148.61426 -219.82217
8151.31250 -188.03615
8154.00195 -215.36687
8156.69336 -181.76141
8159.38916 -218.79152
8162.08203 -183.21135
8164.77051 -220.72490
8167.46533 -181.15680
8170.15576 -215.30730
8172.84277 -186.93996
8175.53955 -221.99297
8178.23291 -182.98372
8180.92285 -219.09267
8183.61816 -182.26395
8186.30469 -217.00537
8188.99707 -172.20284
8191.68652 -221.81291
8194.38086 -189.70894
8197.07520 -218.53850
8199.76660 -179.29993
8202.45508 -220.24536
8205.14746 -190.74811
8207.84180 -219.37248
8210.53320 -176.69675
8213.22363 -218.87300
8215.91992 -193.06566
8218.60938 -223.37567
8221.30273 -179.12900
8223.99316 -217.16194
8226.68555 -191.49745
8229.37695 -219.66090
8232.06543 -200.81213
8234.76367 -221.85779
8237.45410 -185.05545
8240.14551 -215.68724
8242.83789 -185.26291
8245.52637 -220.41013
8248.21973 -176.21776
8250.91406 -217.53621
8253.60059 -180.59366
8256.30176 -215.39687
8258.99023 -182.73480
8261.68359 -218.67134
8264.37402 -175.56413
8267.06934 -214.91769
8269.76074 -182.36821
8272.44922 -216.63503
8275.13770 -175.07085
8277.83203 -215.45152
8280.52246 -182.11220
8283.21875 -214.36125
8285.91113 -174.14787
8288.59961 -217.30119
8291.29492 -185.91771
8293.98926 -213.56464
8296.67578 -172.58575
8299.37305 -215.57895
8302.06152 -193.90656
8304.75098 -215.42973
8307.44141 -177.45277
8310.13770 -213.71278
8312.82910 -186.44919
8315.52246 -217.15091
8318.21191 -188.81329
8320.90137 -213.91739
8323.59668 -184.42241
8326.28906 -215.66513
8328.98242 -179.55424
8331.67090 -216.56665
8334.36523 -180.52341
8337.05566 -214.17133
8339.74707 -191.26254
8342.44043 -218.26244
8345.13379 -188.40411
8347.82324 -215.64967
8350.51367 -187.52106
8353.20508 -216.38300
8355.90234 -188.26436
8358.59082 -218.33070
8361.28418 -181.29919
8363.97949 -215.94371
8366.67090 -183.66486
8369.35742 -220.03659
8372.05078 -187.12610
8374.74414 -216.88329
8377.43945 -182.74397
8380.12988 -217.46837
8382.81641 -178.46910
8385.51465 -222.60809
8388.20312 -183.86493
8390.89746 -216.04944
8393.58789 -184.19333
8396.27930 -219.59695
8398.97168 -188.22597
8401.66504 -220.39215
8404.35449 -177.45480
8407.04883 -215.90758
8409.74023 -199.52419
8412.43262 -220.52122
8415.12109 -184.62509
8417.81445 -217.60599
8420.50879 -192.26410
8423.20020 -217.01593
8425.89160 -178.61021
8428.58398 -218.34827
8431.27734 -178.15350
8433.96680 -216.22249
8436.65820 -180.07430
8439.35352 -219.40666
8442.04102 -188.84373
8444.73438 -215.67793
8447.42383 -190.13890
8450.12305 -216.40601
8452.81348 -179.23109
8455.50098 -220.62234
8458.19434 -179.86234
8460.88770 -214.50235
8463.57715 -183.29405
8466.27246 -217.71259
8468.96387 -182.85631
8471.65625 -218.06085
8474.34961 -184.71046
8477.03906 -214.84157
8479.73438 -182.48070
8482.42090 -218.01849
8485.11719 -177.73721
8487.80469 -215.85687
8490.49902 -183.41896
8493.19336 -216.72601
8495.88477 -182.26859
8498.57617 -216.33263
8501.26855 -191.79179
8503.95703 -215.14435
8506.65137 -189.54967
8509.34180 -219.17233
8512.03711 -181.07773
8514.72949 -214.47066
8517.41797 -180.23520
8520.11133 -215.55699
8522.80176 -177.49078
8525.49219 -218.49991
8528.18359 -181.02347
8530.87598 -213.73651
8533.56934 -187.03014
8536.26367 -216.52873
8538.95410 -186.04237
8541.64941 -215.63263
8544.34180 -179.54872
8547.03027 -214.42844
8549.72363 -184.63155
8552.41309 -216.16229
8555.10840 -185.47508
8557.79590 -213.93742
8560.48828 -191.77007
8563.18555 -216.54305
8565.87500 -180.18364
8568.57031 -214.62460
8571.25684 -182.34584
8573.94922 -214.13509
8576.64160 -184.21097
8579.33496 -218.05280
8582.02539 -181.24895
8584.72070 -213.86101
8587.41113 -181.40816
8590.09961 -215.96445
8592.79688 -183.81430
8595.48633 -216.60246
8598.18164 -192.64568
8600.86719 -214.75967
8603.56348 -178.96712
8606.25195 -218.32883
8608.94531 -182.73709
8611.63965 -215.56985
8614.33008 -180.88599
8617.02148 -217.59337
8619.71387 -180.51588
8622.40625 -218.65057
8625.09570 -181.59970
8627.79004 -216.16885
8630.48047 -181.43095
8633.17676 -221.52890
8635.87012 -190.30261
8638.55371 -217.85338
8641.25195 -178.05730
8643.94238 -218.14156
8646.63281 -180.80107
8649.32520 -222.67488
8652.01758 -177.36137
8654.71094 -217.33209
8657.40137 -188.93178
8660.09668 -220.45009
8662.78711 -183.10403
8665.47461 -219.60292
8668.16797 -179.05983
8670.86133 -216.81339
8673.55176 -178.30907
8676.24707 -221.72125
8678.93848 -197.49138
8681.63086 -216.51445
8684.32422 -188.21054
8687.01367 -216.94853
8689.70410 -188.32993
8692.39453 -219.10179
8695.09180 -182.57257
8697.78418 -214.83711
8700.47266 -186.07123
8703.16699 -217.43469
8705.85742 -181.05078
8708.54883 -215.50842
8711.24023 -176.48997
8713.93359 -215.07477
8716.62207 -176.96890
8719.31738 -216.53201
8722.00781 -179.33736
8724.70312 -213.72870
8727.39062 -179.94586
8730.08398 -216.91093
8732.77734 -179.75154
8735.46777 -214.56439
8738.15820 -188.87627
8740.85547 -213.76100
8743.54297 -188.55876
8746.24023 -217.60609
8748.92969 -184.06421
8751.62012 -213.73264
8754.31055 -183.07784
8757.00293 -215.31110
8759.69922 -173.75806
8762.38867 -215.70769
8765.08203 -179.38165
8767.77246 -214.71278
8770.46387 -184.48981
8773.15527 -216.84662
8775.84863 -184.04597
8778.54199 -214.33626
8781.23145 -178.61551
8783.92188 -217.47435
8786.61816 -182.58011
8789.30957 -216.69212
8791.99805 -175.27808
8794.69141 -214.53514
8797.38184 -180.19447
8800.07715 -220.73959
8802.76758 -181.52623
8805.45508 -216.03719
8808.14844 -185.67436
8810.84180 -216.00215
8813.53613 -179.44077
8816.22754 -219.63167
8818.91797 -187.21700
8821.61035 -216.10414
8824.30371 -177.33788
8826.99805 -218.21533
8829.69238 -179.19200
8832.37891 -216.96823
8835.06934 -173.02760
8837.76660 -217.50116
8840.45996 -183.09409
8843.14941 -219.39777
8845.83887 -189.95461
8848.53418 -215.53410
8851.22168 -185.88113
8853.91797 -220.29265
8856.60742 -185.94972
8859.30078 -218.16165
8861.99121 -187.85796
8864.68164 -215.64468
8867.37793 -193.25386
8870.07031 -222.42514
8872.76367 -179.04848
8875.45312 -216.98323
8878.14258 -190.47076
8880.83887 -217.33908
8883.52539 -180.08893
8886.22266 -219.81569
8888.91113 -189.78767
8891.60547 -217.02893
8894.29980 -184.56798
8896.98633 -220.00995
8899.68262 -177.01309
8902.37012 -217.31169
8905.06348 -181.41328
8907.75781 -218.60114
8910.44727 -178.31197
8913.13867 -220.96979
8915.83008 -183.25726
8918.52734 -216.25871
8921.21484 -181.58398
8923.90430 -221.02928
8926.59961 -191.81258
8929.29004 -218.69504
8931.98145 -184.81975
8934.67383 -216.23219
8937.36719 -179.79730
8940.06152 -221.64894
8942.75195 -187.78450
8945.44238 -216.46736
8948.13867 -179.28358
8950.82617 -217.28770
8953.52441 -190.57051
8956.20898 -218.30299
8958.90332 -183.85167
8961.59375 -215.39261
8964.29004 -174.89952
8966.97754 -218.57175
8969.67090 -200.44016
8972.36426 -215.29190
8975.05469 -175.27190
8977.74512 -215.91347
8980.44141 -188.69035
8983.13379 -217.42430
8985.82227 -184.28027
8988.51074 -214.23717
8991.20508 -183.44502
8993.90039 -217.41473
8996.59277 -174.24921
8999.28418 -214.97874
9001.97754 -191.96262
9004.67090 -215.15494
9007.35547 -181.79457
9010.05078 -217.37782
9012.74707 -193.58940
9015.43359 -214.07021
9018.12695 -181.50056
9020.81543 -217.80186
9023.50977 -180.19603
9026.20020 -216.00635
9028.89648 -184.98810
9031.58789 -215.24951
9034.27637 -183.53256
9036.96973 -218.96487
9039.66406 -186.38254
9042.35938 -215.84315
9045.04492 -186.13525
9047.74219 -218.54628
9050.42871 -174.53099
9053.12305 -217.53838
9055.81152 -178.64458
9058.50684 -217.92694
9061.19727 -203.72578
9063.88867 -222.93106
9066.58105 -174.87366
9069.27930 -217.13091
9071.96875 -175.79025
9074.65820 -222.33081
9077.34863 -180.03154
9080.04004 -223.64470
9082.73242 -180.85236
9085.42480 -217.90601
9088.11914 -178.31645
9090.81348 -227.88087
9093.50391 -179.85086
9096.19043 -222.07471
9098.88672 -184.10356
9101.57422 -218.97272
9104.27344 -190.91237
9106.95703 -225.72672
9109.65234 -181.36371
9112.34375 -220.03059
9115.03516 -179.59955
9117.72754 -220.21454
9120.42090 -180.21808
9123.11523 -220.05400
9125.80469 -190.09447
9128.50098 -219.05714
9131.19238 -175.01288
9133.87988 -222.20357
9136.57812 -176.57152
9139.26660 -216.58859
9141.96094 -184.94730
9144.64648 -219.97200
9147.34277 -176.42152
9150.03516 -220.98619
9152.72266 -183.63660
9155.41602 -215.32179
9158.11133 -178.75383
9160.80078 -221.45078
9163.49219 -181.38306
9166.18359 -218.09978
9168.87598 -184.20476
9171.57422 -216.33089
9174.26367 -185.04001
9176.95410 -219.22101
9179.64941 -178.12431
9182.34082 -217.02933
9185.02832 -184.34508
9187.72070 -219.30530
9190.41504 -180.82152
9193.10449 -216.44778
9195.79492 -183.79749
9198.48535 -218.08282
9201.18262 -181.30272
9203.87012 -221.87563
9206.56934 -186.82651
9209.25879 -215.57175
9211.95312 -187.11011
9214.64453 -220.82126
9217.33594 -192.19185
9220.02344 -219.94687
9222.71582 -180.87436
9225.41016 -216.38776
9228.10449 -176.79195
9230.79004 -221.75189
9233.48633 -182.95326
9236.17871 -218.04393
9238.86621 -172.92667
9241.56055 -219.07701
9244.25391 -187.31339
9246.94922 -219.21559
9249.63477 -182.43587
9252.32617 -217.96321
9255.01953 -196.10617
9257.71289 -223.17026
9260.40625 -196.85680
9263.09668 -217.17415
9265.79199 -177.74918
9268.47754 -219.73994
9271.17480 -181.06110
9273.86328 -222.57660
9276.56152 -189.84438
9279.25098 -217.03560
9281.93555 -188.67110
9284.63184 -223.34700
9287.32324 -193.92609
9290.01562 -219.49667
9292.70898 -179.99196
9295.39844 -219.19164
9298.09277 -183.09120
9300.78320 -223.50394
9303.47949 -186.40675
9306.17188 -218.73578
9308.86426 -177.97397
9311.55273 -224.62477
9314.24219 -181.67352
9316.93750 -221.11932
9319.62793 -189.87341
9322.31934 -220.77881
9325.01758 -184.93034
9327.70508 -230.44762
9330.39844 -185.10545
9333.08789 -220.86359
9335.78320 -180.40289
9338.46973 -225.36690
9341.16699 -174.63168
9343.85449 -226.06622
9346.54785 -195.79567
9349.24219 -222.07588
9351.93164 -177.14172
9354.62207 -232.31699
9357.31836 -185.01851
9360.00586 -223.18654
9362.69922 -192.51741
9365.39258 -223.12003
9368.08691 -192.05566
9370.77734 -236.43813
9373.46777 -181.16829
9376.16016 -220.16519
9378.85156 -192.00360
9381.54492 -224.65057
9384.23926 -198.54207
9386.92871 -225.06790
9389.61914 -190.76898
9392.31055 -218.63293
9395.00195 -196.46143
9397.69434 -225.81279
9400.38867 -199.02425
9403.07715 -219.75661
9405.77246 -180.30795
9408.46289 -219.64656
9411.15430 -187.07207
9413.84668 -220.51265
9416.53906 -175.47855
9419.23340 -218.03186
9421.92773 -189.61836
9424.61816 -223.78601
9427.30859 -184.09219
9430.00000 -217.05502
9432.69238 -179.83136
9435.38574 -219.27077
9438.07910 -174.26996
9440.76953 -222.84964
9443.45898 -189.64577
9446.15039 -216.57924
9448.84180 -183.08307
9451.53418 -221.75589
9454.22754 -188.96927
9456.92188 -218.90771
9459.61133 -172.13771
9462.30273 -219.38676
9464.99805 -188.00131
9467.68457 -220.74603
9470.38281 -192.33392
9473.07715 -218.44858
9475.76074 -186.26001
9478.45508 -227.88455
9481.14648 -184.11987
9483.83691 -219.18744
9486.52930 -184.71619
9489.22266 -221.20357
9491.91113 -175.31963
9494.61035 -228.29613
9497.29492 -183.51729
9499.99609 -220.17671
9502.68262 -188.51491
9505.37500 -228.17392
9508.06738 -192.60329
9510.75586 -223.42345
9513.45117 -182.12442
9516.14062 -223.89182
9518.83691 -179.42931
9521.52832 -232.93254
9524.21582 -184.03430
9526.90820 -223.72495
9529.60254 -183.38087
9532.29688 -227.14928
9534.98730 -175.02972
9537.68359 -229.20079
9540.37500 -179.31523
9543.06250 -225.38316
9545.75586 -180.52206
9548.44922 -228.20541
9551.13379 -183.17627
9553.82910 -226.09790
9556.52051 -182.55246
9559.21777 -225.74890
9561.90430 -187.79706
9564.60352 -233.22778
9567.29199 -191.53549
9569.98145 -222.98610
9572.67676 -213.47552
9575.36816 -228.28949
9578.05957 -182.47548
9580.74707 -229.07957
9583.44043 -176.82373
9586.13477 -222.38855
9588.82422 -186.58199
9591.51953 -237.89549
9594.20508 -186.48627
9596.90234 -223.99998
9599.59473 -180.24229
9602.28809 -224.73254
9604.97754 -186.38554
9607.67188 -229.35818
9610.36230 -178.07446
9613.05371 -222.83611
9615.74512 -190.93312
9618.43848 -232.58138
9621.13086 -180.75360
9623.82031 -224.34270
9626.51465 -175.60168
9629.20508 -224.39455
9631.89648 -187.54185
9634.58789 -235.55084
9637.28125 -184.80254
9639.97363 -222.59706
9642.66309 -183.50015
9645.36230 -229.52950
9648.05273 -176.63011
9650.74414 -225.92256
9653.43555 -177.33589
9656.12891 -223.18317
9658.81641 -183.82756
9661.51074 -245.12131
9664.20508 -178.81258
9666.89551 -222.57703
9669.58691 -182.65935
9672.27832 -226.80305
9674.96484 -184.53526
9677.66406 -226.46330
9680.35254 -185.84711
9683.04785 -222.32196
9685.73730 -179.43890
9688.42871 -239.87282
9691.12012 -178.99785
9693.81738 -222.13731
9696.50586 -175.20860
9699.19434 -226.72525
9701.88867 -194.44234
9704.57910 -226.35695
9707.27539 -185.91284
9709.96191 -221.99750
9712.65820 -185.71835
9715.34668 -242.08754
9718.04102 -178.68562
9720.73438 -222.65800
9723.42578 -191.60405
9726.11523 -226.91415
9728.80762 -175.64487
9731.50000 -224.21889
9734.18750 -180.07771
9736.88574 -224.76495
9739.57520 -184.33873
9742.27051 -239.46712
9744.96094 -179.64438
9747.65234 -221.57968
9750.34375 -187.85289
9753.03711 -239.75595
9755.72461 -189.83372
9758.42480 -226.10701
9761.11426 -184.33066
9763.80469 -224.12671
9766.50195 -177.92427
9769.18750 -225.32698
9771.88086 -190.62206
9774.57422 -225.62526
9777.26270 -176.94397
9779.95703 -239.98068
9782.64746 -187.77489
9785.33887 -221.18347
9788.03613 -186.77260
9790.72266 -235.97264
9793.41602 -179.28427
9796.10449 -226.66037
9798.79980 -182.19206
9801.49512 -222.47174
9804.18555 -183.61134
9806.87695 -227.20697
9809.56934 -179.67928
9812.25684 -223.19582
9814.95020 -189.44885
9817.64551 -232.09244
9820.34082 -186.51906
9823.03125 -221.69189
9825.71680 -182.48367
9828.41406 -226.18808
9831.10156 -182.74985
9833.79492 -227.89507
9836.48926 -176.65543
9839.17871 -221.99124
9841.87402 -178.94646
9844.56543 -234.56606
9847.25781 -197.84892
9849.95020 -222.67696
9852.64355 -193.02283
9855.33203 -227.61681
9858.02637 -188.72780
9860.71680 -226.54741
9863.40723 -178.07397
9866.09961 -223.78827
9868.79102 -180.07246
9871.48438 -229.03827
9874.17773 -193.81584
9876.86719 -225.35957
9879.55664 -178.51736
9882.24707 -232.27238
9884.94922 -186.39565
9887.64160 -223.86728
9890.32812 -178.20345
9893.02148 -229.66502
9895.71680 -183.35350
9898.40625 -232.07286
9901.09570 -182.23276
9903.79199 -224.58423
9906.47363 -183.00615
9909.17090 -227.40012
9911.86426 -177.82312
9914.55273 -227.44281
9917.24707 -203.03897
9919.94238 -232.76280
9922.63281 -174.85744
9925.32422 -222.72823
9928.01660 -204.86974
9930.70898 -232.85913
9933.39746 -181.73830
9936.09180 -227.90489
9938.78711 -183.65555
9941.47656 -222.75313
9944.16797 -176.44810
9946.85938 -234.05988
9949.55176 -184.64166
9952.24512 -223.05489
9954.93359 -192.26285
9957.62793 -228.03456
9960.31836 -189.92867
9963.01367 -224.00497
9965.70508 -181.04649
9968.39746 -223.26567
9971.08496 -183.93010
9973.77832 -239.61584
9976.47266 -179.84473
9979.16211 -221.48045
9981.85742 -181.32085
9984.54883 -227.89777
9987.24023 -183.36928
9989.93262 -225.08473
9992.62598 -190.50117
9995.31445 -221.87219
9998.00391 -178.77190
10000.69922 -237.67770
10003.38965 -179.51274
10006.08594 -221.47551
10008.77832 -177.63968
10011.47070 -225.44809
10014.15918 -181.57404
10016.85352 -225.83237
10019.54199 -204.61031
10022.23242 -220.92250
10024.92383 -190.64444
10027.62012 -233.10533
10030.31250 -181.50568
10033.00000 -221.24068
10035.69434 -188.85994
10038.38281 -223.15845
10041.07812 -180.31236
10043.77344 -225.56711
10046.46484 -182.57487
10049.15723 -220.04027
10051.84375 -182.74069
10054.53711 -231.51700
10057.23145 -180.00578
10059.92090 -220.77330
10062.61621 -181.89412
10065.30664 -221.60338
10067.99805 -199.69411
10070.68945 -227.41594
10073.38770 -179.48141
10076.07617 -219.76125
10078.76465 -192.28705
10081.45410 -226.74919
10084.14941 -177.68478
10086.84082 -221.33531
10089.53809 -188.67424
10092.22461 -222.43706
10094.91797 -181.44444
10097.61133 -227.94997
10100.30566 -184.81744
10102.99023 -220.22231
10105.68555 -188.80171
10108.37695 -231.39041
10111.06836 -181.19112
10113.76074 -224.10391
10116.45410 -186.32060
10119.14844 -222.24883
10121.83691 -180.35214
10124.53223 -232.59268
10127.22266 -179.24060
10129.91406 -223.82851
10132.60645 -179.22324
10135.29883 -226.35927
10137.98633 -181.31902
10140.68066 -227.66724
10143.37598 -187.76962
10146.06543 -223.48976
10148.75586 -186.86946
10151.44727 -229.51823
10154.13965 -177.00215
10156.83203 -225.79156
10159.52539 -178.94943
10162.22070 -222.07726
10164.91504 -187.03276
10167.60547 -230.95454
10170.29590 -176.94255
10172.98242 -221.32149
10175.67969 -185.35141
10178.37305 -222.94434
10181.06055 -186.74323
10183.75488 -223.52158
10186.44434 -196.72787
10189.13965 -218.52022
10191.82520 -178.76852
10194.52246 -229.32689
10197.21484 -186.67415
10199.90234 -218.71706
10202.60156 -188.77788
10205.29102 -218.59711
10207.98047 -181.11772
10210.66992 -223.09251
10213.36719 -176.72601
10216.05273 -217.19986
10218.75098 -182.89484
10221.43848 -220.65440
10224.13867 -179.15546
10226.82715 -217.46609
10229.51660 -186.05934
10232.20703 -218.83803
10234.89844 -181.83978
10237.59570 -220.52382
10240.28809 -183.35881
10242.97461 -215.96143
10245.66895 -181.97960
10248.35840 -223.35095
10251.05371 -197.10606
10253.74902 -218.06795
10256.43457 -187.49451
10259.13184 -217.21350
10261.81836 -182.21822
10264.51172 -222.65005
10267.20605 -184.84174
10269.90137 -217.52150
10272.58984 -188.91794
10275.28516 -221.26843
10277.97754 -184.60016
10280.66309 -219.10164
10283.35547 -184.33450
10286.04395 -219.37622
10288.73828 -178.60623
10291.43164 -225.25433
10294.12109 -193.20686
10296.81152 -218.04286
10299.50781 -188.73706
10302.20605 -223.76035
10304.89844 -183.84921
10307.58008 -222.81552
10310.27441 -173.57788
10312.96875 -218.89052
10315.65820 -199.35565
10318.34863 -230.04538
10321.04492 -183.57907
10323.73145 -220.28442
10326.42969 -181.76695
10329.11719 -220.92990
10331.81055 -175.30057
10334.50586 -225.90105
10337.20117 -181.64616
10339.89160 -218.96217
10342.57617 -174.89835
10345.27344 -224.97130
10347.95996 -181.70590
10350.65332 -220.97408
10353.34766 -177.87827
10356.04102 -219.18694
10358.73047 -184.20189
10361.42676 -226.95567
10364.11719 -189.99063
10366.80273 -218.54018
10369.50195 -180.98341
10372.19531 -221.27577
10374.88281 -179.00548
10377.57715 -221.29938
10380.26562 -182.39566
10382.96094 -218.41977
10385.65332 -184.96570
10388.34375 -224.61514
10391.03613 -181.75291
10393.72266 -218.01936
10396.42188 -180.19186
10399.11133 -220.46762
10401.80664 -199.21796
10404.49609 -222.72844
10407.18652 -190.09685
10409.88379 -216.83853
10412.57617 -183.73386
10415.26270 -224.40692
10417.95703 -185.32765
10420.65039 -219.28133
10423.33984 -185.69797
10426.02930 -217.36749
10428.71973 -185.48473
10431.41602 -222.99776
10434.10938 -183.91016
10436.80078 -217.47339
10439.49414 -180.87123
10442.18262 -219.17003
10444.87695 -186.01500
10447.56738 -218.05991
10450.26270 -182.88745
10452.95410 -217.42682
10455.64551 -188.44604
10458.33789 -220.92915
10461.02539 -185.58929
10463.71875 -215.29803
10466.40723 -180.72124
10469.10254 -219.19008
10471.79785 -187.02452
10474.49023 -218.88194
10477.17969 -193.01810
10479.87305 -214.50783
10482.56641 -179.94263
10485.25391 -220.42863
10487.94824 -180.49973
10490.63672 -216.38066
10493.32617 -184.78525
10496.02344 -215.80873
10498.71484 -182.81714
10501.40625 -217.55469
10504.09961 -186.34700
10506.79199 -215.90855
10509.48047 -184.90405
10512.17578 -218.81635
10514.86426 -181.57176
10517.56055 -215.03610
10520.25195 -178.37242
10522.93848 -217.63377
10525.63574 -182.39165
10528.32910 -220.29813
10531.01660 -199.38190
10533.71094 -214.70720
10536.40039 -177.07788
10539.09668 -221.09593
10541.78711 -183.59319
10544.47852 -218.79649
10547.16992 -189.48552
10549.85742 -216.46860
10552.55078 -200.44217
10555.24512 -221.56274
10557.94043 -179.50259
10560.62988 -218.25146
10563.32031 -187.33571
10566.01660 -220.24556
10568.70898 -176.16734
10571.39551 -219.39986
10574.08984 -179.62128
10576.77734 -219.27991
10579.47168 -178.19101
10582.16699 -225.19341
10584.85742 -185.44432
10587.55371 -217.78281
10590.24414 -173.02151
10592.93066 -220.78496
10595.62988 -182.79044
10598.31836 -224.63992
10601.00586 -195.38387
10603.70117 -216.58806
10606.39648 -178.66266
10609.08691 -222.51242
10611.77734 -192.30153
10614.46875 -219.66673
10617.16211 -185.34084
10619.85449 -216.33621
10622.54883 -192.90703
10625.23828 -221.26578
10627.93359 -181.28238
10630.62305 -216.36646
10633.31445 -185.51631
10636.01074 -217.63936
10638.69727 -191.98779
10641.39062 -217.27730
10644.08301 -177.18091
10646.77734 -215.39993
10649.46680 -190.81973
10652.16211 -219.33012
10654.85254 -173.45938
10657.54297 -214.74361
10660.22949 -181.75636
10662.92090 -216.38971
10665.62012 -178.65433
10668.31445 -217.40030
10671.00195 -185.42436
10673.69727 -214.23196
10676.38770 -181.67421
10679.07812 -218.32449
10681.76953 -179.90607
10684.46191 -215.01866
10687.14844 -177.27043
10689.84766 -215.71225
10692.53516 -192.38490
10695.23047 -217.93327
10697.92578 -173.23093
10700.61523 -214.34930
10703.30664 -191.33116
10705.99805 -218.29025
10708.69043 -188.99367
10711.37695 -216.02914
10714.07129 -178.47421
10716.76562 -215.49200
10719.45898 -181.73894
10722.14941 -218.77885
10724.83984 -195.76715
10727.53027 -215.27550
10730.22852 -182.77124
10732.92090 -218.20387
10735.60742 -187.69411
10738.30176 -216.60680
10740.99609 -188.24364
10743.68555 -215.84242
10746.38086 -180.54497
10749.06641 -220.69589
10751.75684 -172.12260
10754.44824 -215.07506
10757.14062 -182.39523
10759.83984 -217.72025
10762.52832 -185.81326
10765.21680 -219.24896
10767.91211 -187.43828
10770.60156 -214.98453
10773.29883 -182.22223
10775.99023 -219.44676
10778.68164 -184.43912
10781.37500 -216.79558
10784.06250 -186.85922
10786.75684 -216.51134
10789.45117 -179.18256
10792.14062 -218.28859
10794.83008 -180.86694
10797.52734 -215.95480
10800.21289 -182.00345
10802.90527 -219.91867
10805.59766 -190.62331
10808.29102 -216.20633
10810.98535 -183.95656
10813.67383 -216.71790
10816.36914 -179.71979
10819.06055 -222.37567
10821.75195 -175.82014
10824.44238 -215.26332
10827.13477 -184.19025
10829.82812 -218.74951
10832.52148 -184.15509
10835.20996 -219.87111
10837.90430 -174.01131
10840.60059 -215.73933
10843.28516 -179.73576
10845.98145 -220.02838
10848.67285 -184.70737
10851.36621 -217.28734
10854.05859 -177.48483
10856.74609 -217.36870
10859.44141 -184.35651
10862.13477 -218.20262
10864.82520 -176.92197
10867.51562 -216.01216
10870.20605 -182.40913
10872.90430 -220.08806
10875.59668 -184.51355
10878.29004 -215.65320
10880.97656 -172.01898
10883.66602 -215.88828
10886.35547 -194.89867
10889.05078 -220.29297
10891.74707 -173.76141
10894.43164 -214.06804
10897.12891 -177.65900
10899.81543 -216.62466
10902.50879 -187.23540
10905.20312 -216.68454
10907.89648 -183.14268
10910.58594 -214.12880
10913.28125 -183.61388
10915.97168 -216.70010
10918.66309 -186.28302
10921.35547 -214.17583
10924.05273 -181.93503
10926.73926 -215.83151
10929.42773 -182.06039
10932.12793 -214.98938
10934.81641 -185.80945
10937.50586 -213.65195
10940.19629 -184.90306
10942.89453 -217.93933
10945.58594 -176.05846
10948.27734 -213.69894
10950.96484 -188.91309
10953.66406 -215.01968
10956.35254 -182.45836
10959.04199 -216.90454
10961.73047 -188.09494
10964.42773 -213.92853
10967.11914 -180.36920
10969.81055 -217.29330
10972.50195 -193.92477
10975.19531 -215.14952
10977.88281 -182.53455
10980.57715 -216.00392
10983.26660 -180.41962
10985.96191 -218.01472
10988.65234 -176.08252
10991.34277 -215.04677
10994.03418 -180.71431
10996.73242 -219.51115
10999.41895 -188.93633
11002.11328 -216.95531
11004.81348 -183.74394
11007.50098 -216.43260
11010.18457 -175.48755
11012.88086 -221.32443
11015.57715 -180.45474
11018.26953 -216.28284
11020.95605 -188.41817
11023.65332 -219.04750
11026.34180 -177.23328
11029.04199 -219.22314
11031.72363 -175.81380
11034.41895 -216.30296
11037.11523 -188.15256
11039.79980 -221.42804
11042.49121 -178.52118
11045.18359 -216.69110
11047.88184 -186.81560
11050.57520 -217.07626
11053.26270 -176.40250
11055.95703 -220.03922
11058.64648 -188.34236
11061.33594 -215.43443
11064.03223 -176.46404
11066.72363 -218.46536
11069.41504 -182.44087
11072.10840 -216.67804
11074.80078 -186.54779
11077.48828 -215.70744
11080.18359 -186.28116
11082.87695 -218.28569
11085.56738 -175.73268
11088.25684 -214.67664
11090.95508 -182.49617
11093.64648 -217.73505
11096.33789 -188.96280
11099.02441 -216.19948
11101.71875 -191.72322
11104.41309 -214.44539
11107.10742 -177.85112
11109.79590 -219.40627
11112.48633 -183.72760
11115.17676 -214.68307
11117.86914 -192.39177
11120.55469 -215.62413
11123.25293 -176.92639
11125.95215 -217.34233
11128.64062 -176.50462
11131.32910 -214.77678
11134.02344 -180.63164
11136.71387 -217.31189
11139.40430 -185.32889
11142.10059 -215.03348
11144.78613 -183.20599
11147.47949 -216.45990
11150.17188 -192.87192
11152.86621 -217.15593
11155.56055 -186.36864
11158.25000 -214.07693
11160.94531 -183.31477
11163.63477 -219.20058
11166.32617 -189.08847
11169.01758 -215.70953
11171.70898 -179.75069
11174.40234 -214.58376
11177.08887 -202.86165
11179.78320 -219.23755
11182.47852 -185.04512
11185.16699 -214.91270
11187.86230 -177.43358
11190.55273 -216.16109
11193.24414 -178.81718
11195.93652 -216.26015
11198.62891 -184.62344
11201.32227 -215.58455
11204.01562 -185.40807
11206.70410 -217.73219
11209.39844 -182.19910
11212.08887 -214.46692
11214.78418 -177.41556
11217.46973 -217.99191
11220.16699 -179.14182
11222.85254 -217.26364
11225.55176 -190.79028
11228.23828 -214.37523
11230.93262 -187.82072
11233.62793 -220.54405
11236.31738 -177.47614
11239.01270 -216.23201
11241.70312 -188.48802
11244.39453 -216.06563
11247.08594 -178.19147
11249.77734 -219.25975
11252.47070 -179.98509
11255.15820 -216.44658
11257.85254 -180.82173
11260.54199 -219.06296
11263.23145 -180.93625
11265.92773 -217.05769
11268.62402 -181.68761
11271.31641 -218.05917
11274.00195 -188.44475
11276.69434 -221.07324
11279.38672 -186.80901
11282.08105 -216.15790
11284.77539 -190.93710
11287.46484 -220.88705
11290.15430 -180.41991
11292.85059 -219.56616
11295.54199 -186.18454
11298.22754 -216.19522
11300.92578 -177.76360
11303.61816 -222.45555
11306.31250 -183.32922
11309.00000 -217.17415
11311.69434 -179.85863
11314.38379 -217.13892
11317.07422 -179.85175
11319.76465 -219.59105
11322.46094 -183.68962
11325.15234 -215.86003
11327.84570 -181.68814
11330.53223 -218.76485
11333.22656 -174.87445
11335.91992 -216.16920
11338.61523 -183.37891
11341.30469 -215.94086
11343.99414 -179.80328
11346.69141 -218.49127
11349.38281 -184.02184
11352.07520 -214.51707
11354.76660 -189.87115
11357.45508 -217.42093
11360.15430 -192.10204
11362.84277 -215.96960
11365.53125 -172.08368
11368.22168 -214.82825
11370.91797 -177.11819
11373.60840 -218.08546
11376.29980 -195.28407
11378.99219 -214.33400
11381.67871 -178.65889
11384.37109 -216.89014
11387.06543 -176.74263
11389.75977 -216.55362
11392.45508 -184.31938
11395.13867 -214.61227
11397.83594 -179.54724
11400.52637 -218.93712
11403.21777 -181.15343
11405.91602 -215.50752
11408.60254 -180.23227
11411.29004 -216.69177
11413.98438 -186.90469
11416.68457 -217.70657
11419.37402 -179.25056
11422.06445 -216.07689
11424.75488 -180.46693
11427.44531 -219.96747
11430.14258 -176.00287
11432.83594 -216.18169
11435.52148 -186.28627
11438.21484 -218.48712
11440.90332 -177.94783
11443.59766 -221.21080
11446.29395 -179.79980
11448.98340 -215.89656
11451.67383 -186.09473
11454.36426 -221.89372
11457.05664 -176.74680
11459.75488 -219.54327
11462.44141 -175.77191
11465.13574 -216.81053
11467.83008 -187.90637
11470.51758 -222.31612
11473.21289 -181.55904
11475.89746 -218.30621
11478.59375 -182.20277
11481.28418 -218.88579
11483.98340 -187.18373
11486.66895 -218.97066
11489.36133 -182.66583
11492.05566 -218.20140
11494.74219 -178.59602
11497.43750 -221.77756
11500.12695 -189.93126
11502.82324 -216.49312
11505.51367 -188.16081
11508.20410 -219.75327
11510.89648 -177.99181
11513.58887 -221.98010
11516.28125 -181.95935
11518.97461 -215.69037
11521.66211 -187.22475
11524.35742 -221.87210
11527.04688 -177.53661
11529.74219 -219.24855
11532.44043 -187.72095
11535.12500 -216.56180
11537.82227 -187.31653
11540.50781 -220.61443
11543.20117 -179.85983
11545.89453 -217.86435
11548.58301 -186.70088
11551.27734 -219.23900
11553.96582 -181.67679
11556.66211 -217.68701
11559.35938 -181.23038
11562.04297 -218.13983
11564.74121 -187.55220
11567.42773 -222.35017
11570.12109 -182.06694
11572.81348 -215.96773
11575.50781 -180.77640
11578.20312 -219.93312
11580.89062 -173.82201
11583.58203 -221.13065
11586.27832 -183.99496
11588.96875 -215.81796
11591.66016 -176.61580
11594.35156 -221.36969
11597.04492 -190.67348
11599.73145 -218.20068
11602.42578 -177.63950
11605.11523 -217.18384
11607.80859 -192.80151
11610.50586 -219.28552
11613.19531 -183.73216
11615.88672 -216.97267
11618.58398 -184.87686
11621.27539 -220.27893
11623.95508 -186.56967
11626.64941 -216.75616
11629.34375 -179.23607
11632.03711 -217.67557
11634.72559 -186.06073
11637.42188 -221.59451
11640.11133 -181.26950
11642.80273 -215.79390
11645.49902 -189.26027
11648.19238 -220.08168
11650.87793 -183.21136
11653.57031 -218.90079
11656.26465 -174.06589
11658.95898 -216.97104
11661.64648 -183.71347
11664.34375 -221.64134
11667.03223 -176.28200
11669.72852 -217.46899
11672.41406 -183.13612
11675.11230 -220.44611
11677.79785 -175.02783
11680.49023 -219.88223
11683.18457 -177.44637
11685.87109 -218.27419
11688.56641 -175.11954
11691.26172 -225.28716
11693.95117 -188.67422
11696.64844 -218.90991
11699.33203 -200.56479
11702.03027 -221.50900
11704.72266 -184.21820
11707.41406 -224.04433
11710.10840 -173.94392
11712.80273 -219.51915
11715.49023 -180.76378
11718.17871 -227.02434
11720.87500 -176.20634
11723.56445 -221.27457
11726.25488 -177.67830
11728.95312 -221.33398
11731.63867 -182.68024
11734.33691 -230.25871
11737.02344 -179.68240
11739.71680 -219.69609
11742.40430 -177.50557
11745.10645 -223.93130
11747.78906 -184.49666
11750.48438 -224.38185
11753.17480 -184.26694
11755.86719 -218.96251
11758.56445 -181.66469
11761.25586 -225.88849
11763.94922 -197.97601
11766.63574 -220.27565
11769.32422 -183.04851
11772.01758 -220.14198
11774.70703 -186.63972
11777.41016 -221.96051
11780.09863 -183.30904
11782.78906 -218.61700
11785.48047 -172.98122
11788.17285 -223.86388
11790.86523 -184.57906
11793.55859 -218.21898
11796.25195 -183.52773
11798.93945 -219.28990
11801.62891 -187.55231
11804.32422 -225.01192
11807.01270 -175.24501
11809.70898 -217.11234
11812.40137 -186.44458
11815.09277 -221.75832
11817.78418 -176.07817
11820.47070 -220.51755
11823.16406 -191.95888
11825.85840 -218.45299
11828.55273 -183.04744
11831.24805 -222.03543
11833.93652 -191.39191
11836.62695 -218.64627
11839.32422 -174.62917
11842.01562 -223.20763
11844.69922 -185.37770
11847.39844 -219.85469
11850.08594 -180.06503
11852.77930 -219.46098
11855.47363 -183.12912
11858.16211 -231.45396
11860.85742 -180.43791
11863.55371 -218.89166
11866.24219 -191.39999
11868.93457 -222.42850
11871.62500 -188.48129
11874.31738 -225.08720
11877.00977 -183.87531
11879.70215 -219.89012
11882.39062 -181.61794
11885.07812 -226.51302
11887.77930 -184.65253
11890.46094 -221.72430
11893.15820 -173.64816
11895.85449 -222.86908
11898.54590 -175.92476
11901.23828 -225.29288
11903.92383 -182.54468
11906.62207 -220.91010
11909.30859 -183.58417
11912.00293 -230.12006
11914.69727 -184.20430
11917.38672 -222.37393
11920.08203 -187.68315
11922.77246 -222.21434
11925.45508 -171.55315
11928.15918 -237.89275
11930.84473 -183.35674
11933.53711 -221.17563
11936.23047 -182.23660
11938.91699 -225.79279
11941.61719 -194.34468
11944.31250 -225.73436
11947.00098 -173.65709
11949.68945 -222.02119
11952.38086 -180.16501
11955.07715 -231.83859
11957.76855 -180.08614
11960.45996 -222.66277
11963.15332 -183.78387
11965.84570 -225.39038
11968.53320 -182.80923
11971.22656 -228.14589
11973.92188 -182.06093
11976.61035 -222.29915
11979.30078 -171.71077
11981.99707 -233.91397
11984.68750 -191.16464
11987.38477 -224.25255
11990.06348 -186.29601
11992.76270 -224.00902
11995.45703 -187.79753
11998.14941 -236.85594
12000.83789 -172.43944
12003.52539 -222.70731
12006.22070 -181.56473
12008.91699 -227.84982
12011.60742 -191.38208
12014.29785 -226.58113
12016.99023 -180.21390
12019.68164 -222.65193
12022.37402 -179.79861
12025.06738 -237.61368
12027.75977 -184.91498
12030.44824 -222.66620
12033.14355 -177.27423
12035.83887 -225.15782
12038.52734 -177.18127
12041.21875 -227.87604
12043.90820 -181.58884
12046.60059 -221.60643
12049.29883 -187.65833
12051.98438 -232.70285
12054.67188 -177.99646
12057.37207 -222.40276
12060.06641 -183.23340
12062.75391 -223.97429
12065.44336 -181.37689
12068.13965 -228.28482
12070.83008 -178.49274
12073.52051 -221.23970
12076.21875 -185.73810
12078.90430 -234.17117
12081.59570 -188.13185
12084.28906 -223.08397
12086.98242 -182.52043
12089.67676 -223.37682
12092.36523 -190.77295
12095.05371 -228.89633
12097.75000 -180.98293
12100.44043 -222.71843
12103.13086 -185.99088
12105.82227 -231.64178
12108.51465 -180.35605
12111.20703 -223.13084
12113.90039 -185.37209
12116.59277 -227.06454
12119.28125 -182.83551
12121.97656 -234.55089
12124.67188 -181.50517
12127.36133 -222.77205
12130.05762 -191.78459
12132.74805 -235.11453
12135.43945 -185.30539
12138.13086 -228.47816
12140.82422 -182.31679
12143.51660 -226.21097
12146.20312 -183.76077
12148.89746 -226.79066
12151.59180 -180.99438
12154.28125 -230.67354
12156.97656 -175.17114
12159.66699 -230.31563
12162.35742 -171.24716
12165.04883 -225.22649
12167.74023 -191.53848
12170.43164 -231.50417
12173.12500 -185.39397
12175.81934 -229.40726
12178.50586 -183.82872
12181.20117 -226.98180
12183.88867 -186.11171
12186.58398 -226.51996
12189.28125 -180.30331
12191.97168 -231.76222
12194.65625 -182.88812
12197.35449 -226.89594
12200.04688 -181.02693
12202.74512 -225.54927
12205.42578 -177.06332
12208.12012 -252.87970
12210.81445 -185.55209
12213.50195 -224.75529
12216.19922 -181.80545
12218.88770 -227.92415
12221.57812 -178.19600
12224.27539 -230.48695
12226.96680 -175.75281
12229.65820 -225.25781
12232.34473 -184.25778
12235.04395 -228.46680
12237.73242 -183.44652
12240.42578 -227.25697
12243.11426 -178.27832
12245.80957 -230.17154
12248.50586 -185.42213
12251.19531 -225.23601
12253.88574 -192.27945
12256.57715 -228.55731
12259.26855 -189.40964
12261.96191 -237.05452
12264.65430 -182.96594
12267.34766 -224.85968
12270.03516 -185.35501
12272.72949 -229.01454
12275.42480 -180.97835
12278.11426 -232.26917
12280.80469 -178.36725
12283.50098 -227.23570
12286.19141 -183.67131
12288.88281 -226.25566
12291.56836 -182.21101
12294.26758 -232.79889
12296.96191 -181.65399
12299.64844 -229.44708
12302.34277 -201.63354
12305.03125 -225.51355
12307.71973 -184.12848
12310.41602 -233.66249
12313.11328 -184.21568
12315.80273 -227.91200
12318.49512 -190.64688
12321.18066 -227.40201
12323.87207 -182.07106
12326.57227 -228.61810
12329.26562 -180.89687
12331.95312 -227.22327
12334.64062 -174.99585
12337.33594 -231.78632
12340.02539 -176.16534
12342.72266 -225.36769
12345.41211 -177.79678
12348.10352 -229.97826
12350.79492 -184.38327
12353.48047 -229.67859
12356.18652 -176.69733
12358.86621 -224.69864
12361.56055 -179.51448
12364.25391 -238.88982
12366.94922 -184.31978
12369.64453 -225.32503
12372.32812 -177.13564
12375.02441 -226.62138
12377.72266 -178.65659
12380.41211 -231.24001
12383.09766 -188.64128
12385.79004 -223.58238
12388.48242 -179.91370
12391.17676 -235.16937
12393.86328 -175.86107
12396.55859 -224.79909
12399.25391 -191.69557
12401.94238 -224.55711
12404.63867 -184.64647
12407.32910 -232.42799
12410.02051 -178.51701
12412.71094 -222.38528
12415.40430 -184.58189
12418.09570 -231.28021
12420.78223 -185.50838
12423.48242 -224.10324
12426.17090 -184.26157
12428.86523 -223.26550
12431.55371 -180.75087
12434.24902 -234.90157
12436.93945 -186.88982
12439.63672 -221.82620
12442.32031 -182.87544
12445.01953 -227.88318
12447.71094 -182.48274
12450.39648 -224.33656
12453.09668 -181.76678
12455.78516 -223.01370
12458.47168 -184.56573
12461.16699 -233.51192
12463.85645 -179.05104
12466.54492 -221.81076
12469.24219 -184.33885
12471.93945 -228.41638
12474.62402 -184.52100
12477.32227 -226.63809
12480.01465 -186.96596
12482.70703 -222.27698
12485.39453 -181.65733
12488.08691 -237.18005
12490.78223 -186.29968
12493.47070 -224.05531
12496.16602 -184.49582
12498.85645 -225.15591
12501.54492 -189.58777
12504.23730 -228.45428
12506.92773 -180.52203
12509.61914 -223.63608
12512.31250 -180.01556
12515.01172 -229.77524
12517.70508 -173.64253
12520.39160 -224.81294
12523.08008 -176.99545
12525.77539 -223.77875
12528.47168 -185.72491
12531.16113 -234.68607
12533.85156 -181.35555
12536.54199 -222.20433
12539.23926 -189.91821
12541.92480 -225.91016
12544.61719 -184.92097
12547.30957 -226.82127
12550.00391 -176.88577
12552.69043 -220.59798
12555.38574 -178.19832
12558.08105 -237.15001
12560.77051 -179.25301
12563.45898 -221.66615
12566.15723 -176.35190
12568.84766 -221.10643
12571.53809 -179.80710
12574.22363 -227.51305
12576.92285 -184.08490
12579.61523 -219.99727
12582.30957 -184.82901
12584.99609 -223.96736
12587.69141 -190.18750
12590.37988 -220.45775
12593.07617 -172.34554
12595.76562 -221.22768
12598.45605 -186.27948
12601.14648 -224.86145
12603.84570 -176.73354
12606.52930 -218.18736
12609.22852 -179.48779
12611.91504 -226.76863
12614.60840 -177.45636
12617.30371 -221.30440
12619.99023 -194.27925
12622.68555 -218.71373
12625.38184 -190.55450
12628.07129 -228.18906
12630.76172 -186.55879
12633.44531 -219.44839
12636.14355 -185.31581
12638.83594 -221.80011
12641.53418 -208.24541
12644.22070 -221.62206
12646.91406 -177.71024
12649.60840 -220.12492
12652.29590 -180.96118
12654.99121 -226.80968
12657.68652 -191.60167
12660.37012 -219.13055
12663.06641 -184.94286
12665.75781 -223.15669
12668.44824 -187.37016
12671.14062 -224.63153
12673.83301 -180.80424
12676.52539 -218.83434
12679.21875 -178.85390
12681.90625 -229.24823
12684.60059 -180.92329
12687.29590 -220.99722
12689.98535 -182.11548
12692.68066 -220.47495
12695.36328 -190.89943
12698.06152 -227.02908
12700.75977 -185.72002
12703.44531 -219.35168
12706.13672 -179.41907
12708.82910 -224.29385
12711.52246 -182.76025
12714.21680 -221.54761
12716.90430 -184.73535
12719.59961 -219.60495
12722.28711 -202.62703
12724.97656 -228.02142
12727.67383 -186.09665
12730.36328 -219.16330
12733.05566 -183.72377
12735.74707 -221.84816
12738.43848 -185.24220
12741.13184 -222.54930
12743.82422 -179.42741
12746.52539 -218.86058
12749.20508 -179.73311
12751.90039 -225.67760
12754.59570 -188.39049
12757.28516 -218.88779
12759.98145 -178.08017
12762.67188 -220.90224
12765.35547 -187.27245
12768.05469 -224.23103
12770.74609 -179.60339
12773.43848 -217.59532
12776.13184 -185.05685
12778.81836 -225.17908
12781.51270 -184.40100
12784.20703 -220.27400
12786.89551 -178.98668
12789.59082 -218.10080
12792.28027 -183.63509
12794.97070 -224.61487
12797.66797 -188.22867
12800.35938 -218.51323
12803.05078 -179.96190
12805.74316 -220.38985
12808.42871 -176.87506
12811.12207 -219.50833
12813.81641 -193.62990
12816.50391 -218.61571
12819.20508 -179.13846
12821.88672 -223.13155
12824.58398 -194.65529
12827.28027 -216.64101
12829.97070 -186.29205
12832.66113 -220.85416
12835.35254 -179.94946
12838.04492 -221.46013
12840.73047 -185.81000
12843.42969 -215.88052
12846.11719 -185.49553
12848.81836 -223.34923
12851.50586 -180.69283
12854.19434 -218.41881
12856.89062 -186.43108
12859.58008 -216.95883
12862.26953 -176.91946
12864.96094 -220.09081
12867.65820 -198.30965
12870.35059 -217.42509
12873.04199 -184.76019
12875.73438 -220.07109
12878.42188 -182.11070
12881.11523 -216.76910
12883.80957 -182.93982
12886.49805 -218.58315
12889.19434 -184.22951
12891.88281 -222.45238
12894.57227 -185.46779
12897.26953 -215.48700
12899.96094 -197.73267
12902.65234 -221.63069
12905.34375 -182.15176
12908.03613 -220.24522
12910.73047 -195.30569
12913.41602 -216.21565
12916.11133 -182.06607
12918.80469 -222.67714
12921.49316 -195.27003
12924.18164 -218.39665
12926.87891 -181.07498
12929.56836 -218.71330
12932.26562 -178.06236
12934.95703 -219.46033
12937.64160 -182.80823
12940.34082 -218.28740
12943.03320 -183.51271
12945.71875 -222.96327
12948.41309 -179.82971
12951.10742 -217.17381
12953.80273 -181.26373
12956.49805 -219.77878
12959.18750 -191.27078
12961.87598 -223.85062
12964.56641 -185.93671
12967.25684 -216.18033
12969.94922 -175.72136
12972.64062 -222.17879
12975.33984 -178.53957
12978.02539 -219.82162
12980.71875 -177.04205
12983.41211 -216.58946
12986.09961 -185.99193
12988.79492 -222.03784
12991.48340 -176.13298
12994.17969 -217.19260
12996.86914 -182.82715
12999.56641 -218.50546
13002.25684 -185.52956
13004.94922 -218.33340
13007.64062 -190.32870
13010.32617 -216.40930
13013.02637 -178.50888
13015.71875 -221.09091
13018.40625 -181.85788
13021.10156 -215.80403
13023.78906 -181.01442
13026.48438 -217.56787
13029.17383 -187.11281
13031.87012 -219.43361
13034.56055 -177.52719
13037.25195 -215.12012
13039.94238 -180.11160
13042.63574 -219.73245
13045.32031 -179.72112
13048.01953 -216.36464
13050.70703 -181.35898
13053.40039 -216.31117
13056.09570 -181.47522
13058.78418 -219.50064
13061.47949 -185.27499
13064.16895 -215.19794
13066.86621 -181.01411
13069.55566 -219.04575
13072.24707 -187.40288
13074.94629 -217.07106
13077.63086 -174.41182
13080.32324 -215.83696
13083.00879 -175.45747
13085.70898 -220.07820
13088.39746 -183.78200
13091.08398 -215.74686
13093.77930 -180.08698
13096.47559 -218.33051
13099.16504 -182.64105
13101.86133 -217.67484
13104.55176 -177.16476
13107.23535 -216.05353
13109.93359 -175.93047
13112.63281 -221.34605
13115.31836 -181.05803
13118.01172 -215.68028
13120.70508 -179.66618
13123.39258 -217.75496
13126.08789 -192.83263
13128.77539 -220.28432
13131.46387 -181.67506
13134.16016 -215.25746
13136.85059 -185.55208
13139.54688 -220.01381
13142.23145 -177.46057
13144.93066 -217.51515
13147.62207 -199.66711
13150.31445 -216.36563
13153.00781 -187.07849
13155.69336 -219.21666
13158.38770 -184.16551
13161.08301 -216.07089
13163.77832 -180.46692
13166.46582 -219.24046
13169.16211 -193.16315
13171.84570 -216.62959
13174.54297 -181.63969
13177.23438 -216.31065
13179.92578 -180.51840
13182.61719 -222.09958
13185.30859 -183.24031
13187.99609 -215.05467
13190.68848 -179.94878
13193.38281 -217.79796
13196.07617 -192.39838
13198.76465 -219.63928
13201.46094 -181.63684
13204.15820 -215.03719
13206.83984 -174.66475
13209.53711 -219.22655
13212.23535 -188.27654
13214.92578 -216.77859
13217.61133 -197.05490
13220.31055 -216.65875
13222.99609 -189.98038
13225.68945 -217.87814
13228.38281 -187.34758
13231.07031 -215.52875
13233.76562 -184.15236
13236.46094 -219.82747
13239.15039 -191.50639
13241.83984 -215.64998
13244.53613 -184.94397
13247.22754 -215.88060
13249.91797 -177.47830
13252.60938 -221.16505
13255.30176 -189.07149
13257.99414 -214.50357
13260.68848 -182.71663
13263.37402 -217.25656
13266.06934 -179.59674
13268.75586 -217.71243
13271.45898 -182.55890
13274.14062 -214.80437
13276.83008 -180.34360
13279.53516 -218.02892
13282.22559 -182.48732
13284.90820 -215.21886
13287.60742 -186.37335
13290.29199 -216.82588
13292.98438 -178.68829
13295.68457 -216.48909
13298.37109 -188.60202
13301.06543 -214.53261
13303.75195 -176.35030
13306.45508 -219.60260
13309.14258 -186.51024
13311.83203 -214.74611
13314.52246 -192.35440
13317.21875 -215.58055
13319.91113 -185.41321
13322.60156 -218.80319
13325.28516 -182.80699
13327.98633 -214.42220
13330.67188 -186.26497
13333.37109 -217.77342
13336.05859 -176.09076
13338.75195 -216.10904
13341.44727 -178.56558
13344.13574 -215.67513
13346.82520 -183.06464
13349.52148 -218.56851
13352.21191 -180.70477
13354.91016 -214.95807
13357.59277 -186.54118
13360.29199 -218.56393
13362.97656 -189.30991
13365.67578 -217.02640
13368.36133 -181.41428
13371.05566 -215.50021
13373.75000 -175.73563
13376.43750 -220.74545
13379.13281 -184.50568
13381.82129 -215.64299
13384.51758 -188.21399
13387.20703 -217.48624
13389.89746 -179.13165
13392.58789 -218.81680
13395.28711 -180.98824
13397.97852 -215.47330
13400.66992 -185.98013
13403.36328 -220.20193
13406.04980 -188.35274
13408.74219 -216.34059
13411.43750 -178.34828
13414.13184 -216.39174
13416.82129 -195.89005
13419.50977 -219.76906
13422.20605 -204.29575
13424.89648 -215.10873
13427.58691 -188.46222
13430.28418 -218.21382
13432.97656 -178.82256
13435.66016 -216.78401
13438.35352 -188.65855
13441.04590 -215.44710
13443.73926 -176.45526
13446.43359 -218.72523
13449.12109 -185.66959
13451.81641 -214.70602
13454.50391 -184.27011
13457.20117 -217.32277
13459.89062 -183.02203
13462.57910 -216.56604
13465.27832 -188.08594
13467.96094 -214.27277
13470.66016 -182.03401
13473.34473 -219.46291
13476.04492 -184.03757
13478.73047 -214.77011
13481.42480 -182.97647
13484.11914 -215.34639
13486.80664 -185.52791
13489.50195 -217.66966
13492.19727 -191.69011
13494.88672 -214.49094
13497.57617 -177.33430
13500.26562 -217.19637
13502.95703 -183.92468
13505.64648 -215.08925
13508.34766 -192.31604
13511.03125 -216.07928
13513.72461 -182.29758
13516.42480 -217.58044
13519.11914 -184.36807
13521.80566 -214.06012
13524.50098 -183.43275
13527.18848 -219.12486
13529.87695 -188.76427
13532.56641 -216.14278
13535.27148 -187.31612
13537.95996 -214.56972
13540.65234 -188.65959
13543.34180 -220.19722
13546.02637 -204.00368
13548.72656 -215.33307
13551.41992 -176.10651
13554.10547 -216.43285
13556.80664 -186.28352
13559.49316 -217.32050
13562.18164 -180.89255
13564.87695 -215.81081
13567.56445 -176.55389
13570.26172 -218.48283
13572.95898 -172.78564
13575.64941 -215.08846
13578.33984 -184.06081
13581.03125 -217.90703
13583.72266 -181.73351
13586.41504 -218.33743
13589.10742 -177.27979
13591.79297 -214.46318
13594.49414 -184.17079
13597.18262 -220.79886
13599.87695 -183.89000
13602.56445 -216.58411
13605.25391 -172.88892
13607.95020 -215.24435
13610.63965 -183.65787
13613.33789 -219.90587
13616.02051 -191.31717
13618.71973 -215.73384
13621.41113 -182.66418
13624.10352 -217.41153
13626.78809 -180.46689
13629.48242 -216.78865
13632.17676 -177.01738
13634.87109 -216.32912
13637.56641 -182.93974
13640.25391 -219.31075
13642.94141 -176.04671
13645.63867 -214.94205
13648.33594 -176.50673
13651.01758 -218.42233
13653.71680 -187.86658
13656.40723 -218.26550
13659.09961 -175.97610
13661.79199 -214.74750
13664.48438 -180.81166
13667.16992 -220.57437
13669.86426 -181.56839
13672.55859 -216.24648
13675.24512 -182.93420
13677.94141 -215.92870
13680.63672 -183.83031
13683.31934 -218.83685
13686.01562 -187.94669
13688.70605 -215.33438
13691.40430 -179.08215
13694.08691 -218.26738
13696.78711 -177.46297
13699.47168 -216.07574
13702.16406 -175.04382
13704.85742 -215.89136
13707.55078 -184.57185
13710.24512 -219.06538
13712.93945 -177.59320
13715.62695 -214.60966
13718.32422 -185.89886
13721.01172 -217.68655
13723.70996 -176.27898
13726.39160 -216.74608
13729.08984 -185.12939
13731.78125 -214.86272
13734.47266 -177.38936
13737.17188 -219.05994
13739.85742 -180.73001
13742.54297 -214.88145
13745.23535 -181.56432
13747.93750 -216.75861
13750.62500 -183.71472
13753.31152 -217.42053
13756.01562 -193.55850
13758.70508 -214.60754
13761.39453 -188.00401
13764.08301 -219.22107
13766.77344 -176.88435
13769.47168 -215.70740
13772.16309 -187.72334
13774.84766 -216.16777
13777.54004 -177.30690
13780.24023 -218.46356
13782.92578 -191.16794
13785.62012 -215.54607
13788.31445 -181.18111
13791.00195 -219.09639
13793.69043 -177.13699
13796.39453 -216.25055
13799.08203 -174.90643
13801.77246 -217.15225
13804.47070 -175.02936
13807.16016 -220.95889
13809.85156 -180.54309
13812.53516 -215.42291
13815.23535 -178.05878
13817.91992 -220.32005
13820.61426 -178.40709
13823.30664 -219.37959
13826.00098 -206.72711
13828.68945 -215.91119
13831.38477 -176.44739
13834.07227 -222.00192
13836.76855 -178.79890
13839.46484 -217.74165
13842.14746 -178.70549
13844.83789 -217.72624
13847.53711 -178.65648
13850.22852 -219.25717
13852.91992 -189.62508
13855.61133 -217.31683
13858.30566 -186.62007
13860.99805 -220.45973
13863.69238 -178.88976
13866.37891 -216.33334
13869.07422 -180.61765
13871.76270 -218.16808
13874.45801 -185.36522
13877.14746 -221.41008
13879.84473 -202.61900
13882.52734 -214.95239
13885.22461 -177.76668
13887.90918 -220.07585
13890.60742 -181.99197
13893.29980 -218.67650
13895.98535 -182.11896
13898.68555 -215.16774
13901.37891 -182.52504
13904.06641 -219.67302
13906.75977 -177.31596
13909.45508 -216.58035
13912.14355 -185.27518
13914.83984 -217.22369
13917.52930 -178.65637
13920.21973 -216.84196
13922.90918 -184.89848
13925.60059 -216.45950
13928.29102 -173.91273
13930.98242 -220.39122
13933.68262 -182.14842
13936.37598 -214.99193
13939.06152 -186.90742
13941.75586 -218.03120
13944.44922 -180.09497
13947.14453 -220.13589
13949.83301 -176.11041
13952.52051 -214.90054
13955.20996 -183.83263
13957.90625 -220.18373
13960.59668 -183.64891
13963.29492 -217.80595
13965.98535 -177.71442
13968.67676 -216.61417
13971.36133 -181.82080
13974.06152 -219.35283
13976.74707 -186.47005
13979.43945 -216.84280
13982.13379 -188.22855
13984.82812 -220.14194
13987.51562 -175.77609
13990.21094 -217.19487
13992.90820 -183.73294
13995.59570 -217.71225
13998.28516 -182.84752
14000.97559 -223.19362
14003.67285 -180.19302
14006.36523 -216.20943
14009.05664 -181.95490
14011.74805 -220.09061
14014.43262 -176.54776
14017.12500 -220.48801
14019.81934 -186.84790
14022.51367 -216.69281
14025.20020 -181.08273
14027.90234 -222.41962
14030.59082 -182.96600
14033.28027 -218.02939
14035.97656 -177.35182
14038.66602 -219.00743
14041.35547 -190.90266
14044.04688 -220.82518
14046.73730 -172.85994
14049.42871 -217.43112
14052.12891 -185.27829
14054.82031 -222.90965
14057.51367 -184.69771
14060.20703 -218.40012
14062.89453 -179.96092
14065.58789 -218.76628
14068.28320 -181.07190
14070.97168 -223.57330
14073.66016 -178.98195
14076.34863 -217.61746
14079.03809 -183.95645
14081.73633 -222.03958
14084.42578 -181.35129
14087.11816 -220.03955
14089.81641 -189.22794
14092.50098 -218.34747
14095.20117 -184.70122
14097.88672 -225.15128
14100.58789 -177.92068
14103.26660 -217.97668
14105.96191 -185.08778
14108.65625 -220.75745
14111.35254 -174.08888
14114.04785 -222.38960
14116.72949 -181.34126
14119.42578 -217.58159
14122.11719 -174.92900
14124.80664 -223.40474
14127.50586 -186.20686
14130.18945 -219.06012
14132.88965 -178.05748
14135.58203 -218.85718
14138.26660 -196.80701
14140.96094 -221.50818
14143.65430 -176.91180
14146.34180 -217.68166
14149.03711 -187.40869
14151.73242 -222.28943
14154.41992 -179.20398
14157.11719 -218.12163
14159.81445 -177.56519
14162.49609 -218.05702
14165.19434 -181.54254
14167.87695 -224.29625
14170.57715 -177.25563
14173.26074 -216.56052
14175.95312 -187.88959
14178.65332 -220.14645
14181.33984 -181.54013
14184.03320 -220.27284
14186.72852 -180.13742
14189.42285 -217.29195
14192.10352 -181.34468
14194.79883 -221.37944
14197.49512 -177.08949
14200.19336 -217.81860
14202.87500 -179.38428
14205.57227 -220.72437
14208.26270 -187.40752
14210.94727 -219.43646
14213.65332 -192.72064
14216.33008 -217.92401
14219.03223 -181.59914
14221.72461 -227.77811
14224.41016 -187.92139
14227.09766 -218.23190
14229.79980 -180.95915
14232.48828 -220.36598
14235.17578 -187.36984
14237.87207 -224.98463
14240.56836 -182.01326
14243.25781 -218.91069
14245.94824 -179.03554
14248.64648 -224.53711
14251.33008 -178.33415
14254.02246 -221.31943
14256.72070 -186.29181
14259.41406 -221.77490
14262.09961 -185.09659
14264.79395 -225.95514
14267.47949 -185.04529
14270.18164 -220.56882
14272.87012 -193.62541
14275.56543 -226.90952
14278.25293 -181.07178
14280.94238 -223.19542
14283.63184 -175.88351
14286.32031 -221.08464
14289.01172 -190.16577
14291.70996 -242.24037
14294.40234 -193.29054
14297.09375 -221.02249
14299.78613 -184.23453
14302.47949 -222.73114
14305.17188 -180.94299
14307.86621 -228.64787
14310.56055 -183.20287
14313.24805 -220.00569
14315.94336 -183.35849
14318.63184 -225.67221
14321.32812 -182.51895
14324.01758 -221.93127
14326.70703 -183.23238
14329.39648 -221.19398
14332.09473 -179.40546
14334.78613 -225.67262
14337.47852 -176.24980
14340.16992 -219.55193
14342.85547 -178.74240
14345.54785 -225.71478
14348.24121 -178.67380
14350.93555 -221.57664
14353.63086 -188.10583
14356.31738 -219.81274
14359.01367 -179.82036
14361.70117 -230.12622
14364.39844 -177.59038
14367.08789 -219.69102
14369.78516 -178.17032
14372.46680 -223.08517
14375.15820 -178.32855
14377.85742 -223.26672
14380.54883 -179.53787
14383.23340 -220.25415
14385.92676 -185.99438
14388.61914 -228.35310
14391.31348 -177.25488
14394.00000 -220.35884
14396.70312 -181.48366
14399.39062 -223.62357
14402.07910 -185.36383
14404.77441 -225.25719
14407.47168 -188.28036
14410.15234 -220.51613
14412.85059 -184.49637
14415.54883 -231.08054
14418.24023 -179.45332
14420.93164 -221.84315
14423.61523 -180.92596
14426.31641 -223.17325
14429.00195 -189.61382
14431.69434 -228.55870
14434.39648 -185.97800
14437.07520 -221.00639
14439.77734 -179.62807
14442.46582 -231.02278
14445.14551 -175.57382
14447.84180 -223.75916
14450.53906 -199.69673
14453.22852 -222.58177
14455.91895 -192.60786
14458.61719 -233.28983
14461.30859 -192.56900
14464.00000 -222.44806
14466.69141 -174.24529
14469.38477 -227.27875
14472.07812 -186.85001
14474.76367 -224.66296
14477.45703 -184.08554
14480.15137 -224.24777
14482.83984 -176.54298
14485.54199 -239.48531
14488.22266 -180.99364
14490.91895 -222.53033
14493.60840 -185.53802
14496.30664 -229.95721
14498.98828 -178.45323
14501.69434 -230.99942
14504.37695 -189.30525
14507.06934 -223.15057
14509.76074 -180.99220
14512.45312 -234.04260
14515.14648 -183.30052
14517.84082 -228.14796
14520.52734 -184.65829
14523.23047 -225.90033
14525.91699 -181.56430
14528.60449 -228.43829
14531.29297 -191.72171
14533.98926 -227.89275
14536.67871 -176.31627
14539.37500 -228.67665
14542.06543 -175.85683
14544.75586 -226.69957
14547.44727 -186.29971
14550.13867 -226.75565
14552.83105 -182.44173
14555.52344 -233.25227
14558.21680 -189.68369
14560.91016 -224.87363
14563.59570 -179.08371
14566.29102 -226.61174
14568.98633 -184.06783
14571.67383 -239.83556
14574.36133 -195.49745
14577.05859 -222.60162
14579.75586 -196.75896
14582.44531 -231.96730
14585.13574 -181.63834
14587.82617 -227.76982
14590.51758 -185.71130
14593.20801 -222.73593
14595.90820 -178.70612
14598.60156 -231.41147
14601.28711 -182.23074
14603.97949 -224.54112
14606.66602 -181.98039
14609.36035 -226.62553
14612.05566 -178.89433
14614.75098 -223.45937
14617.43945 -183.10449
14620.13574 -226.28600
14622.82422 -185.54553
14625.51367 -238.80943
14628.20410 -179.45523
14630.90234 -221.41008
14633.59375 -181.73494
14636.29297 -239.20815
14638.96875 -179.38493
14641.66992 -228.35379
14644.36328 -179.11642
14647.05566 -223.29388
14649.74219 -176.45844
14652.43652 -228.52179
14655.13184 -185.43491
14657.81836 -226.37808
14660.50684 -182.37703
14663.21094 -231.61531
14665.89258 -175.61838
14668.58887 -223.50798
14671.27930 -178.88390
14673.96973 -232.16689
14676.66895 -181.15717
14679.36035 -231.56609
14682.05176 -181.43620
14684.74414 -224.18251
14687.43652 -188.85938
14690.12207 -235.05269
14692.81641 -171.30234
14695.50977 -226.36116
14698.20410 -182.55444
14700.89258 -230.14212
14703.58789 -181.19397
14706.27539 -225.88687
14708.96484 -185.22490
14711.66211 -228.23672
14714.35156 -174.75363
14717.04199 -230.79280
14719.74121 -176.75807
14722.43164 -224.75523
14725.11621 -193.25247
14727.80762 -242.64148
14730.50781 -184.60410
14733.20215 -225.38982
14735.88770 -179.55263
14738.57324 -228.29405
14741.27539 -176.96469
14743.96289 -229.74954
14746.65820 -182.73982
14749.35449 -224.99072
14752.03516 -188.74033
14754.73145 -239.16307
14757.42969 -178.87010
14760.11133 -225.34776
14762.81055 -187.38620
14765.50000 -228.90628
14768.19238 -177.17331
14770.88379 -230.37140
14773.57617 -183.12144
14776.26953 -225.40144
14778.96289 -181.45746
14781.64844 -234.27303
14784.35059 -182.58046
14787.03711 -226.93700
14789.72559 -187.16832
14792.42090 -227.74020
14795.10840 -175.49886
14797.80664 -230.31508
14800.50293 -176.87099
14803.18457 -226.40790
14805.87500 -187.85591
14808.57324 -232.27164
14811.26465 -179.50740
14813.95605 -227.22652
14816.64844 -184.95427
14819.34082 -226.63400
14822.03320 -177.22882
14824.72754 -242.39748
14827.41309 -182.24268
14830.10840 -225.28128
14832.80273 -176.68152
14835.49023 -228.28261
14838.18750 -182.40295
14840.87500 -233.82735
14843.57227 -175.43594
14846.26074 -224.90276
14848.95117 -180.33643
14851.64160 -230.42220
14854.33203 -194.37393
14857.03223 -228.15501
14859.71582 -191.74902
14862.40820 -225.95705
14865.09961 -179.48534
14867.79395 -229.80038
14870.49609 -187.34097
14873.17383 -225.89436
14875.86816 -184.47963
14878.56348 -229.16135
14881.25977 -180.09085
14883.94727 -227.18011
14886.63574 -179.31445
14889.33398 -224.88370
14892.03027 -176.19601
14894.71191 -235.66954
14897.41113 -179.81906
14900.10156 -224.28479
14902.79297 -191.33261
14905.48438 -225.72354
14908.17773 -175.15564
14910.87012 -232.19960
14913.55566 -187.28004
14916.25781 -222.15532
14918.94434 -187.66933
14921.63086 -231.20445
14924.33398 -186.10173
14927.01270 -224.38994
14929.70898 -184.65306
14932.39844 -221.57036
14935.08691 -183.26755
14937.78418 -233.63287
14940.47461 -171.78331
14943.16504 -221.25850
14945.86426 -188.48708
14948.55566 -223.68408
14951.24023 -178.92981
14953.94043 -222.49185
14956.63281 -190.01140
14959.32715 -221.47052
14962.02051 -178.57408
14964.70703 -225.98180
14967.39355 -185.16319
14970.08887 -218.87138
14972.78418 -185.87041
14975.48047 -225.86653
14978.16992 -181.40331
14980.86719 -222.49431
14983.54883 -187.69974
14986.23828 -218.73708
14988.93652 -186.03632
14991.62012 -229.25151
14994.32031 -178.24118
14997.00293 -220.23561
14999.70312 -189.60939
15002.38867 -221.63588
15005.08203 -180.48004
15007.77539 -222.07031
15010.47852 -184.85335
15013.16504 -220.96117
15015.85156 -179.24666
15018.54883 -227.67902
15021.23633 -186.51610
15023.92480 -219.73746
15026.62207 -179.28784
15029.31152 -225.55714
15032.00195 -174.95441
15034.69922 -226.90773
15037.39160 -183.27328
15040.08301 -220.46526
15042.77441 -183.58417
15045.46777 -237.68227
15048.16016 -204.03728
15050.85352 -223.96965
15053.54688 -178.13414
15056.23242 -223.22226
15058.92773 -173.95999
15061.61523 -232.51079
15064.31055 -178.83575
15066.99805 -223.13615
15069.69629 -178.76231
15072.38379 -226.91220
15075.07324 -189.02968
15077.77246 -226.65117
15080.46289 -177.66881
15083.15332 -222.21466
15085.84473 -182.80299
15088.53613 -233.03139
15091.22949 -183.41498
15093.92188 -222.25090
15096.62305 -176.47723
15099.30859 -222.48601
15101.99414 -179.23846
15104.68848 -227.88635
15107.38379 -183.43820
15110.08008 -219.87531
15112.76855 -183.66489
15115.45703 -224.91824
15118.14453 -189.26137
15120.84180 -220.78534
15123.53320 -177.22548
15126.22266 -220.04521
15128.91406 -184.46968
15131.60547 -225.35556
15134.29688 -177.87294
15136.99707 -217.95250
15139.68164 -189.37518
15142.37402 -223.14722
15145.06836 -180.83977
15147.76270 -220.86610
15150.44824 -182.16365
15153.14355 -217.70779
15155.83887 -189.20818
15158.52637 -224.49614
15161.21484 -176.24866
15163.91113 -218.50853
15166.60938 -180.60393
15169.29785 -219.84845
15171.98047 -179.37956
15174.67871 -220.00842
15177.37793 -184.05656
15180.06250 -218.73267
15182.75391 -189.49318
15185.45410 -223.32715
15188.13867 -177.15686
15190.83203 -217.28093
15193.52637 -175.69061
15196.22070 -221.13155
15198.90723 -187.61456
15201.59375 -222.72231
15204.29785 -178.52437
15206.98633 -216.66841
15209.67383 -185.30167
15212.36328 -224.53035
15215.06934 -176.57430
15217.75195 -219.93903
15220.44922 -182.10829
15223.14062 -217.82863
15225.82227 -196.36395
15228.52344 -221.84003
15231.21582 -177.06969
15233.90039 -218.68810
15236.60156 -191.41466
15239.28711 -220.85983
15241.98145 -182.70340
15244.67578 -218.12744
15247.36230 -179.81305
15250.05762 -219.59198
15252.74512 -173.16873
15255.44141 -224.30984
15258.12988 -181.51686
15260.82812 -216.52600
15263.51660 -179.73474
15266.20703 -222.44656
15268.89746 -185.56882
15271.58789 -222.09897
15274.27930 -178.45377
15276.97168 -216.87355
15279.66406 -180.75020
15282.35742 -224.09813
15285.04980 -180.29558
15287.74414 -219.81888
15290.42969 -200.86584
15293.12500 -219.35042
15295.82031 -177.82924
15298.51562 -221.01790
15301.21191 -180.70506
15303.89160 -219.59567
15306.58105 -185.73099
15309.27832 -223.99037
15311.96777 -186.47195
15314.66699 -218.58647
15317.35742 -180.43430
15320.04883 -221.18173
15322.73926 -175.11133
15325.43164 -227.43073
15328.12402 -178.28679
15330.80957 -217.58716
15333.51074 -182.11064
15336.19629 -223.77509
15338.89062 -180.05214
15341.58594 -222.77507
15344.27246 -185.42427
15346.96777 -217.39075
15349.65625 -181.54947
15352.34473 -224.25546
15355.04980 -190.22324
15357.73047 -218.89206
15360.42969 -190.77370
15363.11914 -218.47603
15365.81055 -181.80602
15368.50098 -220.03352
15371.20117 -175.76421
15373.89258 -216.98256
15376.57715 -180.11755
15379.26953 -220.60545
15381.96387 -188.42824
15384.64941 -216.36751
15387.34375 -178.40396
15390.03906 -217.07164
15392.73438 -185.32095
15395.42188 -219.86522
15398.11719 -210.63724
15400.80664 -214.90028
15403.49512 -173.05002
15406.19238 -218.66783
15408.88281 -177.71983
15411.57324 -216.50470
15414.27246 -176.64015
15416.96387 -215.46556
15419.64746 -178.30135
15422.33887 -218.72838
15425.03125 -182.32794
15427.72461 -214.87959
15430.41895 -177.48589
15433.11133 -217.94229
15435.80664 -179.20897
15438.49414 -216.68723
15441.18066 -184.27374
15443.87598 -215.52217
15446.56348 -185.14088
15449.25977 -219.64850
15451.95801 -187.13066
15454.64746 -215.61531
15457.34473 -180.60396
15460.03516 -218.26572
15462.72559 -190.68404
15465.40918 -217.96895
15468.10938 -183.02553
15470.80078 -216.41985
15473.49414 -190.48973
15476.18652 -222.25328
15478.87207 -179.23087
15481.56641 -216.67165
15484.25977 -188.80774
15486.94727 -218.87695
15489.64258 -175.03491
15492.32910 -222.07011
15495.02539 -180.14986
15497.72266 -216.61368
15500.40234 -175.83966
15503.10059 -221.97952
15505.79004 -184.85721
15508.48828 -219.46281
15511.17969 -185.94351
15513.87109 -217.70999
15516.55273 -198.65433
15519.25391 -221.84004
15521.94531 -182.21764
15524.63086 -217.67780
15527.33301 -187.04454
15530.02734 -219.91992
15532.71289 -198.75687
15535.40820 -218.42686
15538.09473 -177.99452
15540.79004 -217.09688
15543.47754 -200.00974
15546.17383 -222.99623
15548.87109 -174.66461
15551.56055 -215.97650
15554.24902 -177.99890
15556.93945 -217.90909
15559.63867 -194.45357
15562.33008 -221.00464
15565.02051 -181.51347
15567.70410 -215.14726
15570.39648 -183.14513
15573.08984 -219.11662
15575.78223 -177.83179
15578.47656 -217.32912
15581.17090 -189.80644
15583.85742 -216.23933
15586.56055 -190.42262
15589.24805 -218.21819
15591.93457 -183.82179
15594.63086 -215.65770
15597.32031 -186.80417
15600.01758 -219.10121
15602.70605 -184.72928
15605.39648 -215.93433
15608.08691 -172.50644
15610.77734 -215.67596
15613.47754 -179.05865
15616.16992 -221.20259
15618.86133 -176.84753
15621.54492 -214.65466
15624.23828 -187.31989
15626.93262 -216.99408
15629.62695 -176.17503
15632.32031 -218.31383
15635.00586 -183.22009
15637.69336 -214.74182
15640.38965 -177.42769
15643.08594 -217.91505
15645.77344 -183.26900
15648.47070 -215.47404
15651.16016 -175.18330
15653.84961 -216.41136
15656.54785 -188.79204
15659.23926 -216.64143
15661.92969 -182.22301
15664.62109 -214.47003
15667.32227 -181.99919
15670.00586 -219.12978
15672.69727 -202.79272
15675.38281 -214.77577
15678.08594 -177.91135
15680.77148 -215.10091
15683.46582 -183.58066
15686.15234 -218.73621
15688.85645 -189.22003
15691.54395 -214.19295
15694.23242 -182.16634
15696.92871 -217.10739
15699.61816 -181.28217
15702.30664 -216.08403
15705.00488 -178.08051
15707.69531 -215.42416
15710.38574 -178.50490
15713.07715 -218.26480
15715.76953 -182.75539
15718.46094 -214.89830
15721.15332 -185.73099
15723.84668 -218.50092
15726.53125 -178.60118
15729.22461 -217.17764
15731.91895 -181.91084
15734.61426 -215.72279
15737.30957 -183.84859
15739.99609 -221.70671
15742.69336 -183.33160
15745.38965 -216.35226
15748.06836 -195.44824
15750.76660 -218.23389
15753.45605 -191.43710
15756.14648 -220.36819
15758.84570 -176.29858
15761.53516 -216.51053
15764.22754 -185.36728
15766.91895 -221.66476
15769.60156 -191.54852
15772.29492 -217.97009
15774.99609 -185.85274
15777.69043 -217.45598
15780.38477 -186.61296
15783.06152 -222.03601
15785.75586 -178.84772
15788.45117 -216.21126
15791.14746 -196.50659
15793.82617 -218.76262
15796.52344 -179.83409
15799.21973 -218.24062
15801.91797 -182.68201
15804.59863 -215.57610
15807.29688 -183.65663
15809.98828 -219.29988
15812.67773 -180.41986
15815.37012 -215.18678
15818.06152 -187.66971
15820.76270 -216.47287
15823.44629 -179.11241
15826.13867 -216.84578
15828.82422 -188.40982
15831.52734 -213.84029
15834.22070 -181.55595
15836.90820 -218.18126
15839.59473 -197.75984
15842.29883 -214.36995
15844.97852 -189.17509
15847.67480 -214.33107
15850.36328 -184.49844
15853.06152 -217.08163
15855.75977 -190.27437
15858.43945 -213.63489
15861.14062 -188.03564
15863.83008 -215.93015
15866.52246 -186.09538
15869.20410 -214.46445
15871.90527 -179.22182
15874.59863 -214.86627
15877.29102 -183.12988
15879.97559 -216.64146
15882.66992 -197.94960
15885.36523 -213.41815
15888.05859 -175.90448
15890.74609 -217.91142
15893.44238 -181.55258
15896.12891 -215.69147
15898.81738 -181.35178
15901.51465 -214.07640
15904.20410 -182.35855
15906.90234 -219.55446
15909.59180 -185.05119
15912.28320 -215.13200
15914.97266 -177.91756
15917.66406 -216.22119
15920.35645 -185.29539
15923.04785 -217.38385
15925.74121 -186.41211
15928.43359 -215.93871
15931.12695 -177.26740
15933.82031 -218.80077
15936.50586 -187.65331
15939.20996 -215.40715
15941.89648 -178.71941
15944.58398 -218.06975
15947.28027 -212.76974
15949.97656 -219.01526
15952.66504 -182.08195
15955.34570 -214.71811
15958.04297 -189.50374
15960.74219 -221.25311
15963.43262 -180.31091
15966.12305 -217.24989
15968.81348 -174.70772
15971.49609 -215.32617
15974.19727 -180.71898
15976.88965 -220.81555
15979.58203 -191.30905
15982.27637 -216.02412
15984.96094 -183.68300
15987.65527 -217.24310
15990.35059 -180.03418
15993.04590 -217.34166
15995.73242 -176.34186
15998.42773 -216.38962
16001.11523 -194.23096
16003.81348 -219.53638
16006.49316 -176.20180
16009.19043 -215.24013
16011.87988 -196.57091
16014.57031 -218.30548
16017.26953 -184.66661
16019.96094 -218.89206
16022.66113 -178.83234
16025.35254 -214.75035
16028.03613 -192.89699
16030.72070 -220.86496
16033.43164 -187.96329
16036.11523 -216.79324
16038.80957 -180.51779
16041.50391 -215.70584
16044.19922 -187.33914
16046.87695 -219.69994
16049.57227 -188.36375
16052.26074 -215.47462
16054.95703 -182.54332
16057.64551 -217.65689
16060.34277 -184.03955
16063.03320 -216.42244
16065.73145 -184.52330
16068.42188 -215.47188
16071.11230 -179.39401
16073.80371 -218.84074
16076.49512 -184.57855
16079.18750 -214.35712
16081.87988 -173.70796
16084.57227 -216.67621
16087.26562 -185.92175
16089.95996 -216.59325
16092.64551 -181.61108
16095.34082 -213.86093
16098.02637 -182.01201
16100.72266 -217.84769
16103.40918 -182.86131
16106.10547 -214.23413
16108.80371 -187.51184
16111.49219 -215.15706
16114.18066 -183.00308
16116.87012 -216.47104
16119.56934 -183.09467
16122.25977 -213.54636
16124.95020 -180.05597
16127.64160 -217.33862
16130.33301 -182.85019
16133.02637 -214.54747
16135.70898 -177.29861
16138.41211 -214.78421
16141.10449 -189.08606
16143.79004 -217.20660
16146.48438 -176.01875
16149.17969 -214.34224
16151.86621 -179.84401
16154.56152 -217.79253
16157.25000 -183.91119
16159.94629 -215.47205
16162.64258 -199.75667
16165.32324 -216.12445
16168.02148 -188.45071
16170.71094 -220.07368
16173.40918 -191.80717
16176.09961 -215.03130
16178.79102 -186.18353
16181.48242 -219.95328
16184.16504 -186.36424
16186.86621 -219.36906
16189.55078 -188.94490
16192.25195 -216.22932
16194.93750 -177.55734
16197.63184 -223.10164
16200.31738 -186.26711
16203.02148 -218.40605
16205.70801 -177.65305
16208.40332 -218.37459
16211.09180 -185.31403
16213.77930 -220.82962
16216.47559 -184.74214
16219.16504 -218.04897
16221.86328 -179.55080
16224.55176 -221.10799
16227.24219 -182.39799
16229.93262 -217.51280
16232.62500 -175.89496
16235.32422 -218.23293
16238.01660 -178.69585
16240.69922 -222.28250
16243.40234 -174.16153
16246.08594 -215.15961
16248.78906 -183.76880
16251.47363 -219.43555
16254.15918 -181.85359
16256.85449 -219.11038
16259.54980 -194.06493
16262.23730 -214.53545
16264.92383 -188.44986
16267.62109 -219.54359
16270.31055 -180.92729
16273.00781 -216.14816
16275.69727 -183.43471
16278.39453 -215.75952
16281.08496 -196.67551
16283.77539 -216.56720
16286.46680 -175.69397
16289.16797 -215.29178
16291.85059 -188.74355
16294.54199 -218.58072
16297.23535 -178.86887
16299.92773 -214.31161
16302.62207 -183.76436
16305.31641 -216.43587
16308.00977 -178.54901
16310.69727 -219.13638
16313.39258 -187.17506
16316.07910 -213.82507
16318.76758 -181.86809
16321.47266 -218.48824
16324.16016 -178.56018
16326.84961 -216.91135
16329.53906 -188.67604
16332.23730 -215.24753
16334.92676 -179.61450
16337.61719 -218.44611
16340.30859 -189.57159
16342.99902 -215.85088
16345.69238 -179.62022
16348.38379 -218.43217
16351.07617 -184.57654
16353.76074 -216.43895
16356.46387 -180.62993
16359.14844 -216.39053
16361.84375 -181.28101
16364.53711 -221.67805
16367.22461 -176.13087
16369.91992 -215.29445
16372.60742 -176.76912
16375.30371 -218.53014
16377.99219 -177.77283
16380.68945 -219.80524
16383.37891 -178.37889
16386.07617 -215.57587
16388.76758 -190.10159
16391.45703 -220.81279
16394.14844 -181.60027
16396.83008 -217.16704
16399.53125 -194.55804
16402.22266 -217.65778
16404.91602 -172.35089
16407.60938 -219.84038
16410.30078 -185.00592
16412.99609 -216.57518
16415.68164 -181.30507
16418.37695 -221.74951
16421.07227 -184.13148
16423.75781 -217.72984
16426.45312 -179.84894
16429.14258 -217.98891
16431.83789 -193.26567
16434.52734 -223.42897
16437.22461 -185.42268
16439.91406 -217.15602
16442.59570 -177.96503
16445.29492 -221.76086
16447.98438 -177.30852
16450.67578 -220.51547
16453.36719 -195.12778
16456.06836 -218.28461
16458.75195 -186.62479
16461.44336 -226.21140
16464.13672 -189.90121
16466.83203 -218.56889
16469.51562 -176.74498
16472.21094 -220.63371
16474.91406 -181.32080
16477.59180 -224.00600
16480.28906 -174.92249
16482.98438 -217.81628
16485.67188 -187.05598
16488.36914 -223.58327
16491.05859 -177.76711
16493.74609 -219.87357
16496.44531 -184.50801
16499.12500 -217.94965
16501.82617 -177.85577
16504.52539 -222.42416
16507.20898 -183.55095
16509.90039 -217.16702
16512.59961 -184.23331
16515.28516 -219.82671
16517.97656 -182.70175
16520.66992 -218.04037
16523.36328 -176.23788
16526.05078 -216.42610
16528.74414 -183.50955
16531.43945 -222.02623
16534.12500 -178.79163
16536.82227 -215.35652
16539.51953 -180.28555
16542.20508 -217.46786
16544.89453 -176.32851
16547.59375 -218.91913
16550.28125 -184.46005
16552.97070 -215.11244
16555.66211 -181.33833
16558.36133 -218.88187
16561.05273 -187.79597
16563.74219 -216.03403
16566.42578 -178.33728
16569.12695 -217.50465
16571.82031 -186.58920
16574.51367 -217.61592
16577.20703 -186.49216
16579.89062 -215.57436
16582.58594 -185.04866
16585.27148 -222.46246
16587.96680 -186.09491
16590.66211 -216.30960
16593.34961 -183.36292
16596.03711 -217.63885
16598.74219 -172.88470
16601.42188 -222.26227
16604.11914 -178.03021
16606.80859 -217.09724
16609.50781 -176.85809
16612.19922 -221.71748
16614.88867 -181.49510
16617.58008 -219.38680
16620.28125 -177.97827
16622.96484 -220.37320
16625.65625 -183.70457
16628.34766 -224.26744
16631.04102 -184.74562
16633.73438 -219.21405
16636.42969 -180.78532
16639.11523 -226.92552
16641.80859 -176.65323
16644.49609 -223.06511
16647.20117 -184.33331
16649.88672 -220.47823
16652.57422 -182.62607
16655.27148 -242.21689
16657.96094 -179.88078
16660.65820 -221.22725
16663.33789 -174.10327
16666.02734 -222.10602
16668.73633 -180.61200
16671.42773 -230.52670
16674.11914 -173.22331
16676.80859 -219.85231
16679.49219 -181.34874
16682.19336 -224.48167
16684.87695 -175.65155
16687.57031 -222.44760
16690.26367 -190.33224
16692.95703 -219.98540
16695.65234 -179.72528
16698.33789 -225.55733
16701.03320 -185.64453
16703.72070 -219.03714
16706.41602 -177.49698
16709.10352 -223.21390
16711.80078 -178.06708
16714.49805 -221.65912
16717.17773 -188.27950
16719.87695 -218.50046
16722.57617 -193.57903
16725.25586 -228.96773
16727.95508 -181.00305
16730.63672 -218.94315
16733.33789 -183.20906
16736.03125 -220.55515
16738.71289 -204.97882
16741.41406 -223.55151
16744.10742 -174.54353
16746.80078 -218.72232
16749.48633 -178.24203
16752.17969 -225.01665
16754.86523 -185.09808
16757.56055 -219.66515
16760.25586 -178.02194
16762.95312 -220.61839
16765.64062 -186.92854
16768.33789 -224.74745
16771.02539 -181.19000
16773.71484 -218.53767
16776.41211 -175.06923
16779.10156 -225.17499
16781.79297 -183.06921
16784.48242 -220.70702
16787.17188 -210.55324
16789.87305 -219.65880
16792.55664 -176.82790
16795.24805 -226.58990
16797.94141 -184.51649
16800.63281 -218.67847
16803.32617 -180.22545
16806.01953 -223.48276
16808.71484 -187.23860
16811.40039 -221.48254
16814.09570 -176.83028
16816.79102 -219.04272
16819.47656 -186.01248
16822.17383 -228.03560
16824.86133 -178.86736
16827.55078 -219.31242
16830.24805 -179.03175
16832.94531 -222.20160
16835.62695 -187.95305
16838.32422 -222.27727
16841.01562 -179.03650
16843.70703 -220.19583
16846.40625 -178.02171
16849.08789 -228.20171
16851.77930 -192.92285
16854.47266 -219.57907
16857.16602 -180.42023
16859.85938 -225.84903
16862.55273 -186.85312
16865.23633 -226.16013
16867.93164 -178.74414
16870.63672 -220.47705
16873.31250 -187.05684
16876.01758 -240.83128
16878.70508 -182.28554
16881.40234 -224.45563
16884.08789 -189.58900
16886.78516 -224.90254
16889.47461 -176.19414
16892.15430 -226.27390
16894.85352 -181.23050
16897.55273 -227.59027
16900.24219 -189.08501
16902.93359 -230.30682
16905.62500 -180.18315
16908.31641 -225.55956
16911.00000 -192.50557
16913.70117 -228.21275
16916.39453 -178.23216
16919.08789 -229.89330
16921.77344 -176.68851
16924.46680 -226.20811
16927.16016 -188.13176
16929.84766 -224.94814
16932.54297 -175.16847
16935.23828 -235.58832
16937.92578 -179.82631
16940.61328 -222.21468
16943.31836 -182.21402
16946.00781 -226.94684
16948.69531 -179.45171
16951.38477 -227.29366
16954.08398 -181.30559
16956.77539 -220.09799
16959.46484 -179.46272
16962.15625 -242.21333
16964.84766 -179.89259
16967.53906 -221.97978
16970.23242 -191.61382
16972.92383 -221.72919
16975.61719 -184.57460
16978.31055 -223.19159
16980.99414 -179.71944
16983.69922 -221.55438
16986.38477 -182.11519
16989.07031 -227.19701
16991.76562 -199.70004
16994.46094 -219.01218
16997.14844 -181.41129
16999.83594 -226.56395
17002.53516 -190.88780
17005.22266 -225.63144
17007.91992 -181.17682
17010.60938 -219.27975
17013.29883 -187.43704
17015.99805 -231.21764
17018.67969 -180.37938
17021.37109 -222.54495
17024.07227 -177.68958
17026.76367 -223.72604
17029.45508 -191.61931
17032.14844 -222.81445
17034.84180 -181.08717
17037.52539 -224.19438
17040.23047 -178.28336
17042.91406 -244.24332
17045.60938 -183.10396
17048.29492 -221.29257
17050.99023 -193.69804
17053.67578 -234.36429
17056.37305 -183.85722
17059.06055 -228.21936
17061.75977 -182.59564
17064.44727 -223.84523
17067.14453 -185.67751
17069.83398 -232.02890
17072.53320 -191.86354
17075.21289 -226.17024
17077.91406 -179.04179
17080.60547 -230.34233
17083.29688 -187.09407
17085.98828 -226.10556
17088.67969 -175.05084
17091.36328 -230.25323
17094.05664 -184.01685
17096.75000 -229.05861
17099.44531 -181.67719
17102.13867 -226.74504
17104.83203 -178.79730
17107.52734 -232.92374
17110.21484 -183.93652
17112.90234 -226.93074
17115.58789 -172.71768
17118.28516 -230.15372
17120.98242 -200.75441
17123.67969 -228.26122
17126.36914 -187.07062
17129.05859 -227.97125
17131.74805 -177.58488
17134.43750 -231.30798
17137.13672 -189.12114
17139.82031 -226.54980
17142.51172 -180.23615
17145.21289 -230.86694
17147.90430 -178.09575
17150.58789 -228.53038
17153.27930 -178.96545
17155.97461 -226.92828
17158.66797 -175.58542
17161.35156 -231.65585
17164.04688 -182.68074
17166.74219 -226.13853
17169.43750 -177.50778
17172.13281 -230.90401
17174.83008 -192.48241
17177.50781 -226.72897
17180.20508 -181.55850
17182.90234 -226.60764
17185.58203 -179.66623
17188.27930 -242.94043
17190.97852 -190.14191
17193.66016 -223.87851
17196.35938 -186.78140
17199.05078 -231.60907
17201.74219 -186.63757
17204.43164 -229.38123
17207.11523 -187.37711
17209.81641 -224.23990
17212.50195 -179.77490
17215.19336 -230.70312
17217.88867 -183.47849
17220.58203 -226.72986
17223.27734 -179.30234
17225.97266 -229.48744
17228.66797 -181.31689
17231.35156 -224.55493
17234.04883 -173.51826
17236.73633 -230.28134
17239.43359 -178.34158
17242.11133 -235.78484
17244.82031 -187.08540
17247.49805 -223.72511
17250.19727 -177.21425
17252.88672 -232.37912
17255.58789 -185.93529
17258.26758 -229.16887
17260.96875 -184.30652
17263.66016 -228.00217
17266.34180 -180.00208
17269.04297 -224.79724
17271.73633 -189.65381
17274.42969 -232.82555
17277.11328 -176.77991
17279.80664 -227.50711
17282.50195 -178.42250
17285.19727 -224.05038
17287.88281 -181.06348
17290.57812 -232.56146
17293.26367 -179.03812
17295.96094 -222.47209
17298.65625 -176.75352
17301.33594 -231.72955
17304.03320 -186.53505
17306.73047 -223.02432
17309.41992 -181.06035
17312.11914 -221.99675
17314.80078 -182.12407
17317.48828 -227.92166
17320.17969 -178.89940
17322.88086 -220.84102
17325.57227 -183.66098
17328.26367 -225.17622
17330.94727 -182.08838
17333.65039 -220.06300
17336.34375 -190.21222
17339.03516 -223.13808
17341.72070 -188.60698
17344.42578 -224.11510
17347.10938 -186.91899
17349.79688 -218.23271
17352.49219 -180.92308
17355.17773 -229.96153
17357.87500 -180.96864
17360.57031 -220.60170
17363.25977 -177.40213
17365.94727 -220.19632
17368.63672 -189.22623
17371.33594 -223.06119
17374.03516 -190.99352
17376.72266 -220.46492
17379.41406 -184.16660
17382.10547 -225.90326
17384.79688 -178.15089
17387.48828 -219.51419
17390.17969 -177.44867
17392.86328 -224.38588
17395.56445 -184.60558
17398.24805 -227.22229
17400.95312 -185.66580
17403.63672 -219.98676
17406.33008 -180.92955
17409.02539 -236.44130
17411.71094 -191.07068
17414.40625 -224.20392
17417.09375 -185.56116
17419.78906 -223.47374
17422.48828 -179.98688
17425.17578 -230.17987
17427.87305 -181.15335
17430.56250 -224.36545
17433.25000 -179.85751
17435.93945 -229.43063
17438.64062 -174.97838
17441.33008 -227.06557
17444.02148 -186.97267
17446.71289 -225.15038
17449.40430 -192.49448
17452.09570 -236.00845
17454.77930 -180.29810
17457.47266 -225.03369
17460.16406 -191.83102
17462.86914 -224.98192
17465.55273 -181.56630
17468.24609 -236.89497
17470.93359 -172.09056
17473.62891 -222.51945
17476.32422 -178.78876
17479.00977 -227.43837
17481.69727 -177.72748
17484.39453 -224.99756
17487.09180 -184.43776
17489.77930 -221.92924
17492.47852 -197.82355
17495.17773 -232.24695
17497.85547 -182.59918
17500.54492 -220.63580
17503.23633 -175.54616
17505.93555 -224.70839
17508.62891 -181.42853
17511.32031 -225.53908
17514.01172 -184.27936
17516.70312 -219.60782
17519.39648 -183.49213
17522.08008 -230.21185
17524.77344 -181.61986
17527.46875 -221.39409
17530.16211 -179.79994
17532.84766 -220.75970
17535.54297 -177.98215
17538.23828 -224.37439
17540.92578 -182.33372
17543.62109 -220.19305
17546.31836 -187.68555
17548.99609 -224.10490
17551.69531 -182.08633
17554.39258 -219.65344
17557.08203 -177.82988
17559.76953 -221.11436
17562.46875 -182.75742
17565.16016 -225.50368
17567.84961 -200.80688
17570.54297 -217.38351
17573.23242 -182.20366
17575.92578 -223.83049
17578.61719 -187.04318
17581.31055 -221.36618
17584.00195 -176.79042
17586.68750 -217.21440
17589.37891 -177.10802
17592.07422 -223.11090
17594.76953 -182.49232
17597.46484 -218.65793
17600.15039 -183.18298
17602.85547 -219.10857
17605.53320 -182.53603
17608.23047 -218.50615
17610.91602 -178.01384
17613.61523 -218.39966
17616.30273 -180.80263
17619.00195 -222.57852
17621.68164 -174.54486
17624.39062 -216.20699
17627.07031 -193.60942
17629.76953 -220.64645
17632.45117 -191.75587
17635.14258 -221.82735
17637.83398 -179.38779
17640.53516 -216.38463
17643.22852 -180.17041
17645.92188 -222.74219
17648.61523 -189.89638
17651.29883 -219.56644
17653.99219 -175.32619
17656.68750 -219.27635
17659.37305 -190.46497
17662.06836 -220.84599
17664.76367 -177.65891
17667.45898 -220.05188
17670.14648 -177.91734
17672.83398 -225.87503
17675.53125 -177.62758
17678.21875 -219.49214
17680.91602 -181.23637
17683.60547 -223.08327
17686.29492 -182.40424
17688.98438 -234.28416
17691.68359 -196.73114
17694.37500 -219.63397
17697.06641 -178.80235
17699.74805 -227.91966
17702.44922 -184.47110
17705.14062 -228.81259
17707.82422 -184.45993
17710.52734 -219.63612
17713.22070 -175.20920
17715.90430 -229.86034
17718.59766 -174.22664
17721.28516 -222.78169
17723.98828 -181.13077
17726.67383 -219.52528
17729.37109 -184.72205
17732.05664 -224.03391
17734.75391 -179.73074
17737.43945 -219.00114
17740.13867 -177.87666
17742.82617 -221.01860
17745.51562 -176.46512
17748.21289 -218.48615
17750.90234 -181.19873
17753.59180 -217.69156
17756.29297 -184.66800
17758.98242 -221.72705
17761.67383 -186.97119
17764.35547 -215.72893
17767.04688 -185.10612
17769.75000 -218.63553
17772.44336 -179.90843
17775.12500 -218.13478
17777.82812 -182.17995
17780.51172 -215.47986
17783.20703 -180.00108
17785.89258 -219.38950
17788.58789 -185.72215
17791.28320 -215.57628
17793.96875 -177.81067
17796.66406 -217.30583
17799.36133 -186.80418
17802.04883 -217.46274
17804.73828 -179.89330
17807.43555 -215.42076
17810.12305 -187.81242
17812.81250 -219.68608
17815.51172 -176.20132
17818.21094 -215.93228
17820.90039 -187.92897
17823.59180 -217.44463
17826.27344 -183.08737
17828.96484 -218.64476
17831.65625 -180.07365
17834.34961 -216.05566
17837.05078 -174.52522
17839.73438 -220.92932
17842.43750 -189.03693
17845.12109 -216.88416
17847.81641 -175.84221
17850.50977 -217.93741
17853.20508 -187.46696
17855.89062 -221.87552
17858.58789 -177.17409
17861.27344 -216.47261
17863.96094 -204.47975
17866.65820 -220.73550
17869.34570 -199.95448
17872.04297 -219.38699
17874.74219 -182.46320
17877.42969 -217.39311
17880.11914 -191.66840
17882.81055 -221.55345
17885.50000 -183.28905
17888.20117 -217.72392
17890.89062 -182.44736
17893.58203 -219.93810
17896.26562 -182.61214
17898.96680 -219.04543
17901.65820 -174.23038
17904.35156 -217.41724
17907.03516 -179.66049
17909.72852 -223.70407
17912.42383 -174.84062
17915.11914 -216.93521
17917.80469 -185.53705
17920.50000 -218.67216
17923.18555 -183.83369
17925.88086 -222.92502
17928.56836 -178.67897
17931.26562 -216.49828
17933.96289 -176.05402
17936.65039 -220.69507
17939.33789 -185.71239
17942.03711 -219.34886
17944.72656 -189.32359
17947.41602 -217.65465
17950.11523 -184.17262
17952.79688 -220.62706
17955.49609 -180.98975
17958.18750 -217.57336
17960.88086 -184.37219
17963.57227 -220.57111
17966.26562 -179.55902
17968.94727 -218.34026
17971.64062 -182.42952
17974.33398 -217.15968
17977.02930 -184.42015
17979.73242 -223.67918
17982.40625 -183.58185
17985.10156 -216.21587
17987.78906 -189.63326
17990.49414 -217.65198
17993.18164 -184.83989
17995.87695 -220.93518
17998.55664 -177.66484
18001.25391 -215.28270
18003.96094 -181.60544
18006.63867 -218.25409
18009.33789 -180.70273
18012.02930 -216.70030
18014.70898 -180.10237
18017.40820 -215.77190
18020.10938 -182.90976
18022.78906 -217.00551
18025.49023 -177.41545
18028.18164 -214.48311
18030.86523 -175.48901
18033.55859 -217.78107
18036.25195 -206.74005
18038.94336 -214.81853
18041.63867 -177.69867
18044.33203 -214.28680
18047.02734 -199.20915
18049.72266 -218.24622
18052.40625 -175.43442
18055.09375 -213.69304
18057.79883 -187.07895
18060.47656 -215.63092
18063.17383 -180.69804
18065.86133 -215.76666
18068.55859 -178.06595
18071.24805 -214.47289
18073.94531 -182.46819
18076.63477 -217.06000
18079.32422 -174.33147
18082.02344 -214.39488
18084.71484 -179.67384
18087.40430 -217.20261
18090.09570 -185.68990
18092.78906 -216.60596
18095.47070 -182.33516
18098.17188 -215.01299
18100.86523 -180.46214
18103.55859 -220.50897
18106.24219 -176.72469
18108.93555 -216.12520
18111.62891 -183.45941
18114.32422 -217.70836
18117.00977 -185.64594
18119.70508 -220.35638
18122.39062 -188.49730
18125.08789 -216.80281
18127.77539 -175.80331
18130.47070 -221.63664
18133.16016 -179.74944
18135.85742 -218.66022
18138.54492 -175.49345
18141.24414 -218.25795
18143.93359 -180.50404
18146.62305 -223.30424
18149.31250 -189.15639
18152.00391 -217.41470
18154.69336 -182.94118
18157.39453 -219.89758
18160.08594 -179.76634
18162.77734 -219.99629
18165.47070 -176.92946
18168.16406 -216.58876
18170.84766 -189.95743
18173.53906 -220.70866
18176.23438 -182.81522
18178.91797 -216.56015
18181.62305 -197.59996
18184.30859 -217.12523
18187.00391 -188.38213
18189.69922 -218.53040
18192.38672 -177.22940
18195.08203 -214.80299
18197.77148 -179.05852
18200.45703 -218.77525
18203.15625 -183.58234
18205.84375 -215.57086
18208.54297 -186.26726
18211.22266 -214.78790
18213.92188 -180.19939
18216.61133 -218.35014
18219.30078 -185.26111
18221.99414 -214.31250
18224.69336 -186.42924
18227.38477 -216.18399
18230.06641 -186.03368
18232.76953 -215.60002
18235.46289 -188.49290
18238.14648 -214.90459
18240.84961 -180.21127
18243.53320 -217.09462
18246.22852 -181.59866
18248.92188 -213.90050
18251.60742 -179.57774
18254.31250 -217.22263
18256.99805 -183.92285
18259.68555 -216.15005
18262.37109 -180.62822
18265.06836 -213.87085
18267.75586 -178.15866
18270.45312 -219.21524
18273.15234 -177.79680
18275.84180 -215.00644
18278.53125 -189.54839
18281.21875 -215.12070
18283.91992 -179.30167
18286.60938 -217.31831
18289.30078 -179.37813
18291.99023 -214.99553
18294.69141 -187.19524
18297.37500 -217.09378
18300.06641 -187.66690
18302.75977 -214.91527
18305.45312 -188.41568
18308.14648 -216.43607
18310.83008 -179.10959
18313.52344 -217.62071
18316.21875 -183.35983
18318.91406 -213.83153
18321.59961 -178.57419
18324.29492 -218.95053
18326.98047 -189.55824
18329.67773 -216.31821
18332.36523 -181.07370
18335.06055 -214.41429
18337.75977 -178.11954
18340.44727 -219.34581
18343.13672 -184.56970
18345.82422 -215.56792
18348.52344 -188.23338
18351.21289 -216.55942
18353.90430 -186.36682
18356.60352 -216.85007
18359.29492 -180.26791
18361.98633 -216.37733
18364.67773 -182.42563
18367.37109 -219.46454
18370.06250 -181.81142
18372.74609 -215.44044
18375.43750 -181.61552
18378.13281 -219.05157
18380.82617 -181.19453
18383.51953 -219.97963
18386.20703 -184.20750
18388.90039 -215.50211
18391.59766 -180.55154
18394.28125 -222.38431
18396.97852 -190.72455
18399.66602 -218.33397
18402.36133 -190.81079
18405.06055 -216.61656
18407.74805 -182.00650
18410.44727 -221.89453
18413.13477 -183.43434
18415.82422 -216.93527
18418.51367 -184.39384
18421.20312 -218.28442
18423.90430 -195.61473
18426.59375 -218.08510
18429.28516 -183.17268
18431.97656 -216.16832
18434.66797 -181.60451
18437.36133 -219.42737
18440.04297 -187.77367
18442.74609 -215.12437
18445.42969 -184.82916
18448.13281 -216.61929
18450.81641 -178.63322
18453.52148 -217.44540
18456.20703 -181.60802
18458.89062 -213.82349
18461.58789 -176.18736
18464.27344 -217.46870
18466.98047 -190.50194
18469.65625 -214.50815
18472.35352 -177.77475
18475.05078 -214.32222
18477.73828 -191.05144
18480.43750 -216.35875
18483.11719 -176.11810
18485.81641 -213.24425
18488.50586 -177.19089
18491.19531 -216.15956
18493.89453 -176.21591
18496.58594 -214.27745
18499.27734 -189.51404
18501.95898 -213.86067
18504.66016 -179.03738
18507.34180 -216.55423
18510.03516 -187.42354
18512.73828 -213.56006
18515.42188 -175.39445
18518.11719 -216.21185
18520.81055 -178.56575
18523.50391 -215.00674
18526.18945 -178.14149
18528.88477 -214.81438
18531.58008 -186.39079
18534.26562 -218.46483
18536.96289 -176.52412
18539.65039 -214.27829
18542.33789 -191.04573
18545.03516 -217.81152
18547.73242 -182.31870
18550.42188 -218.06763
18553.10938 -179.00810
18555.80859 -215.16100
18558.49805 -186.39912
18561.18945 -220.83392
18563.87891 -192.33340
18566.57031 -217.28990
18569.25977 -180.47363
18571.95117 -217.39244
18574.64453 -185.48709
18577.33594 -219.71152
18580.02930 -190.15097
18582.72266 -217.22610
18585.41406 -185.94539
18588.11914 -220.50450
18590.80273 -183.66316
18593.49805 -217.17453
18596.19336 -178.04805
18598.87891 -218.07367
18601.57422 -180.95752
18604.25977 -222.47614
18606.95508 -181.05867
18609.64258 -215.44101
18612.33008 -171.44066
18615.02734 -219.68901
18617.72656 -178.56294
18620.41406 -219.81197
18623.10156 -194.74416
18625.80273 -215.03232
18628.49219 -180.90923
18631.19141 -220.40218
18633.87109 -181.41273
18636.56055 -217.07793
18639.25391 -189.74625
18641.95508 -216.33144
18644.64648 -188.27539
18647.33789 -217.76785
18650.03125 -185.17671
18652.72266 -216.07228
18655.41602 -179.90390
18658.10156 -219.13220
18660.79492 -182.38521
18663.47852 -215.23674
18666.17383 -180.05025
18668.85938 -216.89465
18671.56445 -183.61980
18674.25000 -220.48477
18676.93555 -188.06642
18679.64453 -214.29375
18682.33008 -190.97884
18685.01758 -218.69336
18687.71680 -202.52525
18690.40430 -217.91270
18693.10156 -178.83244
18695.78125 -214.81068
18698.48047 -176.64445
18701.16992 -218.76161
18703.85938 -186.42047
18706.56055 -215.87747
18709.25195 -177.16158
18711.94336 -216.88632
18714.63477 -184.52756
18717.31641 -216.38889
18720.01758 -185.95309
18722.71094 -215.37135
18725.40430 -195.65424
18728.09766 -219.44930
18730.78125 -181.63416
18733.47656 -214.39850
18736.16992 -186.31775
18738.86523 -216.39758
18741.55078 -182.94745
18744.24609 -218.47401
18746.94336 -180.41653
18749.62891 -214.05054
18752.32617 -176.79028
18755.01367 -218.14275
18757.70117 -188.67412
18760.39844 -215.84702
18763.08789 -182.52690
18765.77734 -215.53673
18768.47461 -179.66145
18771.16406 -217.72539
18773.85547 -194.00150
18776.54492 -214.98241
18779.24609 -188.21292
18781.92578 -219.01303
18784.61719 -183.24654
18787.32031 -216.15465
18790.00195 -175.86932
18792.70312 -216.38638
18795.39648 -180.04825
18798.08008 -221.12967
18800.77344 -183.12953
18803.46875 -215.88300
18806.15039 -182.26030
18808.84570 -220.05519
18811.54102 -186.68120
18814.23633 -219.27681
18816.93359 -179.95880
18819.61914 -217.53337
18822.31641 -191.79099
18825.00195 -224.74960
18827.69922 -174.69397
18830.37695 -218.31323
18833.07617 -191.13605
18835.77344 -220.69839
18838.46289 -177.43985
18841.15234 -223.82652
18843.84180 -178.68611
18846.54102 -218.19397
18849.23242 -182.06633
18851.93359 -224.36197
18854.61328 -183.60506
18857.30469 -220.52551
18859.99805 -185.31250
18862.68945 -218.46306
18865.38281 -187.29642
18868.07422 -224.01129
18870.76758 -177.97079
18873.46094 -217.72937
18876.14453 -184.16885
18878.84961 -219.73009
18881.53516 -174.43311
18884.23047 -219.01646
18886.91602 -187.16083
18889.61133 -216.48314
18892.30664 -178.25096
18894.98438 -222.04158
18897.69141 -181.05191
18900.37891 -215.74657
18903.06641 -182.30492
18905.76367 -217.10783
18908.46289 -183.66724
18911.14062 -219.56458
18913.83984 -177.94531
18916.53125 -214.79355
18919.22070 -184.50447
18921.91016 -218.51659
18924.60156 -174.29958
18927.30273 -216.14233
18929.98242 -181.58791
18932.68555 -216.36859
18935.36719 -178.37772
18938.05859 -217.71196
18940.76367 -181.89174
18943.45508 -215.07420
18946.14062 -174.32912
18948.84375 -220.33635
18951.51758 -180.70340
18954.21289 -215.90707
18956.90820 -186.93373
18959.60352 -216.17203
18962.30078 -188.77570
18964.98438 -221.84326
18967.68164 -173.85962
18970.36914 -215.74451
18973.05469 -189.73305
18975.75391 -219.13449
18978.45312 -176.89369
18981.14062 -218.74968
18983.82812 -184.51778
18986.51758 -217.56952
18989.21680 -183.23392
18991.90625 -221.36597
18994.59766 -187.96956
18997.28711 -217.26482
18999.97852 -175.63525
19002.67969 -221.89334
19005.37305 -185.40282
19008.06445 -220.24899
19010.74609 -181.49605
19013.43945 -217.67598
19016.13281 -182.97496
19018.83594 -229.42566
19021.51953 -190.28938
19024.21484 -218.68617
19026.89844 -185.68974
19029.59375 -219.45404
19032.27930 -177.68123
19034.97461 -225.27599
19037.66016 -190.44958
19040.36719 -218.36536
19043.05469 -175.05548
19045.75000 -222.82610
19048.43945 -187.92249
19051.13672 -220.37216
19053.82422 -175.11455
19056.51367 -219.84605
19059.20117 -202.06671
19061.89062 -224.61989
19064.59180 -175.95067
19067.28125 -218.42538
19069.97266 -180.06631
19072.66211 -224.14331
19075.35352 -173.57925
19078.04492 -221.81644
19080.73828 -186.19453
19083.42969 -218.76474
19086.12109 -179.99376
19088.81445 -232.20695
19091.50781 -180.76218
19094.19141 -219.75537
19096.88672 -178.97449
19099.58008 -220.93990
19102.27539 -184.35426
19104.97070 -225.52687
19107.65430 -180.32155
19110.35156 -219.21603
19113.04883 -186.43808
19115.73438 -225.07832
19118.43164 -178.53369
19121.11719 -220.80043
19123.81641 -179.50290
19126.51562 -220.13506
19129.20312 -183.54254
19131.89062 -226.29379
19134.58008 -189.67494
19137.26953 -218.43283
19139.96875 -177.48331
19142.66016 -222.77538
19145.34961 -178.49063
19148.05078 -221.08212
19150.73242 -181.17288
19153.42383 -218.04247
19156.11523 -180.95078
19158.80859 -225.39046
19161.50195 -186.59227
19164.19531 -217.82709
19166.88867 -185.12387
19169.57227 -220.00307
19172.26562 -181.70450
19174.95898 -220.78877
19177.65430 -186.87920
19180.33984 -217.01010
19183.03516 -182.30640
19185.72070 -223.74498
19188.41797 -187.87561
19191.11523 -217.60713
19193.81250 -174.70659
19196.50000 -218.91521
19199.18750 -174.99933
19201.88477 -221.15010
19204.57422 -177.79370
19207.26172 -217.47414
19209.96289 -191.74687
19212.65234 -223.10724
19215.33008 -174.39201
19218.03125 -217.92049
19220.72070 -182.14743
19223.42188 -220.70981
19226.10352 -178.23965
19228.80664 -223.41795
19231.48633 -179.57397
19234.17969 -217.86620
19236.88281 -178.16867
19239.57617 -229.66777
19242.25977 -191.00592
19244.95312 -221.46101
19247.64844 -172.59111
19250.33008 -220.86909
19253.02539 -180.51207
19255.72070 -226.56700
19258.40625 -181.85059
19261.10352 -222.53557
19263.78906 -181.48872
19266.48633 -227.92651
19269.18359 -176.83456
19271.87109 -223.10910
19274.56836 -182.31735
19277.25586 -226.42659
19279.94531 -174.01698
19282.64453 -236.64339
19285.33398 -195.45221
19288.02344 -223.04300
19290.71094 -173.20857
19293.40234 -227.46809
19296.09180 -187.31299
19298.78320 -266.46643
19301.48633 -179.28935
19304.17578 -221.91582
19306.86914 -181.57156
19309.56055 -229.30157
19312.25391 -182.10405
19314.94531 -229.08533
19317.62891 -190.34703
19320.33398 -220.52417
19323.01758 -178.48587
19325.71289 -245.37030
19328.39648 -187.36127
19331.09180 -222.79634
19333.78711 -189.29150
19336.48438 -221.74394
19339.16992 -179.71434
19341.86719 -224.32954
19344.55273 -182.65062
19347.25000 -221.65021
19349.93750 -179.15678
19352.62500 -226.91962
19355.32422 -173.25076
19358.01172 -219.55020
19360.71289 -191.27310
19363.39062 -224.68961
19366.09180 -191.79849
19368.79102 -227.74431
19371.47266 -179.58766
19374.16211 -218.69214
19376.86328 -181.49377
19379.54492 -235.43810
19382.23633 -180.35364
19384.93945 -223.08755
19387.62109 -184.26424
19390.32422 -220.97537
19393.00781 -183.67610
19395.70117 -225.70830
19398.39648 -171.91345
19401.07812 -222.30568
19403.77344 -188.13217
19406.46875 -227.55765
19409.16406 -179.98953
19411.85156 -221.36784
19414.54688 -183.37245
19417.23242 -225.16388
19419.92969 -178.91463
19422.61719 -238.92371
19425.32422 -209.71858
19428.00195 -220.73692
19430.70117 -178.12497
19433.38867 -234.12534
19436.08984 -183.42473
19438.77734 -226.93640
19441.46680 -175.09325
19444.15625 -222.27858
19446.84766 -178.88226
19449.54883 -234.01445
19452.23828 -182.42741
19454.91992 -224.13184
19457.61133 -178.54549
19460.31445 -227.19469
19462.99609 -192.52519
19465.68750 -225.72777
19468.38086 -185.38583
19471.07422 -224.88214
19473.75781 -182.38258
19476.46289 -239.00945
19479.15820 -178.98711
19481.85352 -223.48268
19484.53711 -189.79179
19487.22266 -229.97986
19489.91797 -187.46492
19492.62500 -228.02042
19495.31055 -182.29077
19497.99805 -225.16609
19500.68555 -182.92760
19503.38281 -233.47720
19506.07031 -197.04346
19508.76953 -225.46677
19511.45703 -189.18707
19514.14648 -230.94493
19516.84570 -175.19104
19519.53516 -227.19189
19522.22461 -182.64076
19524.91602 -227.75278
19527.60547 -186.90184
19530.30859 -229.00009
19533.00000 -181.85849
19535.67969 -227.08391
19538.37305 -194.36299
19541.07617 -229.35448
19543.75781 -182.57468
19546.45117 -225.89313
19549.14453 -183.68098
19551.83789 -235.40033
19554.53320 -181.79646
19557.22852 -224.38823
19559.92188 -177.75575
19562.60742 -229.18336
19565.30273 -181.03755
19567.98828 -230.14995
19570.68555 -177.40944
19573.37109 -223.28874
19576.06836 -179.05568
19578.75391 -233.18939
19581.44336 -183.38033
19584.14062 -225.01308
19586.82812 -183.91774
19589.51758 -227.62238
19592.21680 -178.20912
19594.91797 -223.78430
19597.60547 -190.90408
19600.29492 -226.93477
19602.98633 -180.97241
19605.68750 -242.73500
19608.37891 -183.25432
19611.04883 -221.60539
19613.75195 -203.88881
19616.44336 -244.99567
19619.13672 -184.23961
19621.82812 -227.29416
19624.52148 -181.68565
19627.21484 -223.99217
19629.89844 -182.29498
19632.59375 -226.38354
19635.28711 -183.62248
19637.98242 -226.50281
19640.67773 -180.18408
19643.36133 -231.83612
19646.04688 -187.81006
19648.74414 -222.74500
19651.44141 -178.27184
19654.12695 -236.55328
19656.83594 -179.81804
19659.51172 -226.09590
19662.21094 -187.17740
19664.89844 -224.70570
19667.59766 -177.84964
19670.28711 -229.29002
19672.97461 -186.20174
19675.66602 -223.38403
19678.36523 -180.64725
19681.05664 -232.90562
19683.74609 -180.04744
19686.43750 -223.38385
19689.12891 -176.25555
19691.82031 -226.55495
19694.52344 -197.20235
19697.19336 -224.25702
19699.89648 -186.65585
19702.58984 -223.98798
19705.28320 -180.33626
19707.96680 -233.40161
19710.67188 -180.74144
19713.35547 -220.61642
19716.05078 -186.49821
19718.74609 -232.74535
19721.42969 -186.90436
19724.11523 -225.06879
19726.82227 -183.99741
19729.50781 -221.25797
19732.20508 -185.27625
19734.89258 -229.51805
19737.58008 -179.34816
19740.27734 -222.75401
19742.97656 -184.91544
19745.66406 -226.41719
19748.35156 -187.66527
19751.04102 -222.36015
19753.74219 -186.30106
19756.41992 -224.54430
19759.12109 -181.87697
19761.82227 -236.79079
19764.50195 -184.54903
19767.19336 -220.75529
19769.88477 -184.67953
19772.57617 -232.54991
19775.26953 -173.42938
19777.96094 -227.16763
19780.64258 -180.44846
19783.34766 -222.07289
19786.03125 -177.91206
19788.73438 -237.21062
19791.41797 -188.08519
19794.11328 -224.11497
19796.79688 -183.82748
19799.49219 -225.66258
19802.18945 -189.51060
19804.88477 -226.89389
19807.57031 -183.60513
19810.26758 -223.77281
19812.95312 -186.05684
19815.66211 -235.18030
19818.33789 -177.01250
19821.03711 -223.60959
19823.72461 -196.90364
19826.42383 -225.41571
19829.11328 -179.49992
19831.80078 -234.12875
19834.50195 -177.75322
19837.17969 -222.46326
19839.88086 -189.27171
19842.57227 -231.12061
19845.26172 -179.74678
19847.95312 -225.39136
19850.64648 -184.31116
19853.33789 -223.78461
19856.02930 -184.45604
19858.72266 -245.94946
19861.41406 -178.25099
19864.10938 -222.72610
19866.79102 -189.05164
19869.49609 -228.05730
19872.17969 -186.61896
19874.87500 -229.17926
19877.57031 -181.51096
19880.25391 -222.35919
19882.95117 -178.62994
19885.64648 -243.24249
19888.33203 -188.63997
19891.02930 -225.34387
19893.71484 -182.41298
19896.41406 -223.33684
19899.09961 -192.11584
19901.78906 -231.72159
19904.48828 -176.25502
19907.18555 -223.27069
19909.86328 -188.24319
19912.56250 -225.77516
19915.25195 -174.75967
19917.94336 -223.66682
19920.63281 -198.95181
19923.33398 -222.75266
19926.02539 -172.71219
19928.71484 -231.05774
19931.40820 -186.68822
19934.09961 -219.60248
19936.79297 -174.81142
19939.48438 -224.63895
19942.17773 -187.66992
19944.85938 -225.71228
19947.55469 -179.99850
19950.24805 -217.98328
19952.94141 -191.05496
19955.63672 -227.14177
19958.32227 -181.82777
19961.01758 -220.51527
19963.71289 -200.28874
19966.40820 -219.03549
19969.09375 -181.98070
19971.79297 -221.18372
19974.47656 -199.92497
19977.16406 -218.95049
19979.86133 -181.71655
19982.55078 -222.79018
19985.25000 -192.35115
19987.92578 -217.29352
19990.63672 -180.96686
19993.32422 -220.38969
19996.01367 -182.52823
19998.70508 -224.17995
20001.39453 -179.92422
20004.08398 -216.51904
20006.77539 -183.24550
20009.47656 -223.55037
20012.16992 -176.76318
20014.86133 -220.62807
20017.55273 -186.88503
20020.23438 -218.35597
20022.92773 -177.05727
20025.62109 -222.10355
20028.31445 -182.12743
20031.01953 -219.68146
20033.69141 -181.77267
20036.38672 -223.67049
20039.08203 -185.84074
20041.78906 -219.67786
20044.46094 -198.79460
20047.15820 -221.63783
20049.84375 -181.47327
20052.54102 -233.36465
20055.23828 -182.57539
20057.92383 -219.09416
20060.61133 -189.96655
20063.30859 -225.91786
20065.99805 -175.36931
20068.69531 -228.40692
20071.38477 -190.56203
20074.08398 -219.65140
20076.77344 -183.07019
20079.46289 -230.77771
20082.16406 -183.79419
20084.85352 -223.86064
20087.54492 -186.61977
20090.23633 -220.52307
20092.92773 -179.74942
20095.61914 -226.40085
20098.31055 -184.39960
20101.00391 -220.77322
20103.69531 -192.68593
20106.38867 -222.94853
20109.08203 -189.74277
20111.77539 -220.87054
20114.45898 -185.48398
20117.15234 -219.69572
20119.84766 -183.53757
20122.53320 -226.35100
20125.22852 -191.14766
20127.92578 -217.78035
20130.60938 -175.31339
20133.30469 -220.70667
20136.00391 -186.15030
20138.68945 -221.97461
20141.38867 -175.57472
20144.06445 -217.07787
20146.76172 -185.44386
20149.46094 -222.70107
20152.14844 -183.08044
20154.83789 -218.13959
20157.52734 -184.70171
20160.22656 -218.58884
20162.91602 -191.70218
20165.60742 -220.72430
20168.29688 -181.69572
20170.98828 -216.89389
20173.68945 -183.41739
20176.38086 -221.68564
20179.07227 -189.66425
20181.75391 -217.91081
20184.45703 -176.22829
20187.13867 -217.92822
20189.83203 -191.82381
20192.52539 -221.61130
20195.23047 -177.58678
20197.91406 -216.83359
20200.60742 -178.46579
20203.30273 -220.71381
20205.98828 -174.00154
20208.68359 -218.37402
20211.37891 -182.79366
20214.05469 -217.39548
20216.76172 -180.32338
20219.44727 -222.71294
20222.13281 -177.89546
20224.83203 -216.60846
20227.51758 -186.88509
20230.20703 -219.47214
20232.90625 -184.17389
20235.59375 -220.00594
20238.29297 -186.77704
20240.97070 -216.56218
20243.66992 -187.55171
20246.37109 -221.03548
20249.06055 -179.81125
20251.75195 -217.42365
20254.43164 -184.04190
20257.13281 -218.52672
20259.83594 -178.65364
20262.51758 -219.24040
20265.20898 -187.78229
20267.90234 -216.80681
20270.59375 -180.95738
20273.28711 -222.45471
20275.98047 -182.95299
20278.67578 -217.07840
20281.36914 -181.63069
20284.05273 -217.93518
20286.74805 -185.00008
20289.44336 -223.15576
20292.12695 -183.74545
20294.81250 -216.62343
20297.50781 -183.09984
20300.19336 -220.50395
20302.90234 -191.81827
20305.60156 -219.93254
20308.28711 -180.50011
20310.97461 -217.98195
20313.67383 -182.72430
20316.34961 -221.66542
20319.04688 -182.81310
20321.73633 -218.17422
20324.43750 -174.50168
20327.12695 -221.14516
20329.82617 -192.07300
20332.50391 -219.86963
20335.20703 -176.60486
20337.89844 -217.94746
20340.58789 -208.08945
20343.27930 -225.78610
20345.97266 -179.70943
20348.65234 -217.76297
20351.35547 -184.02571
20354.04883 -218.48039
20356.74219 -183.94360
20359.43555 -224.00763
20362.11719 -181.77444
20364.81250 -216.48389
20367.50586 -179.79559
20370.20117 -219.44771
20372.89648 -178.51518
20375.58203 -218.84036
20378.26562 -179.99590
20380.97266 -216.63863
20383.65820 -189.42459
20386.34375 -218.91473
20389.04102 -177.33614
20391.74023 -215.84264
20394.42578 -188.85582
20397.11328 -218.45766
20399.81250 -176.86824
20402.50000 -216.51605
20405.19922 -185.05515
20407.88867 -215.02687
20410.57812 -179.61038
20413.26562 -220.17613
20415.96875 -188.66956
20418.64844 -214.83359
20421.34961 -176.96181
20424.02734 -215.96564
20426.73047 -183.88234
20429.42188 -217.66788
20432.11328 -178.49831
20434.80664 -214.80205
20437.49805 -186.23221
20440.19141 -217.58112
20442.88477 -180.45592
20445.56836 -215.31233
20448.26172 -194.16655
20450.96680 -216.73859
20453.65039 -181.76390
20456.34570 -217.53395
20459.04102 -188.54811
20461.72461 -214.90486
20464.41016 -177.03215
20467.10742 -219.81422
20469.80273 -180.42798
20472.50000 -216.31793
20475.18750 -187.83936
20477.87305 -216.30440
20480.57031 -189.38768
20483.24609 -220.35143
20485.95703 -174.01588
20488.64453 -216.05406
20491.33594 -190.13104
20494.03516 -219.17998
20496.72266 -185.57690
20499.41406 -218.21535
20502.10156 -179.28455
20504.79297 -216.89328
20507.49609 -180.24744
20510.18555 -221.27213
20512.87500 -191.43954
20515.56836 -216.69620
20518.26172 -180.36166
20520.95312 -218.79268
20523.64453 -178.68066
20526.33789 -219.62498
20529.02148 -184.24338
20531.71484 -216.39810
20534.41016 -194.50912
20537.10156 -220.66701
20539.79688 -184.86462
20542.48047 -216.98073
20545.17578 -180.32733
20547.87305 -217.34917
20550.55664 -183.79607
20553.24219 -219.66228
20555.93945 -198.31210
20558.63672 -215.61514
20561.32422 -180.49178
20564.02148 -219.63104
20566.70898 -185.91789
20569.40625 -217.09254
20572.09375 -185.05534
20574.79492 -215.70660
20577.48242 -184.81879
20580.17188 -220.18831
20582.87109 -178.27902
20585.56250 -215.59164
20588.25195 -188.06575
20590.93945 -217.10648
20593.63086 -189.89961
20596.33203 -217.46449
20599.02539 -177.65350
20601.71680 -215.81462
20604.39648 -181.80440
20607.08984 -218.52884
20609.78320 -181.71254
20612.47656 -215.23796
20615.16797 -177.43967
20617.86133 -217.54114
20620.55664 -179.81064
20623.25000 -217.68633
20625.92188 -185.33842
20628.62891 -214.46896
20631.32617 -181.40504
20634.00781 -219.82106
20636.70312 -180.78381
20639.40234 -216.01041
20642.08789 -179.72821
20644.78516 -215.05603
20647.47070 -188.86455
20650.15625 -218.59538
20652.85547 -179.16824
20655.55469 -215.18063
20658.23047 -176.93768
20660.92969 -216.54663
20663.63086 -178.53539
20666.31836 -215.60751
20669.00586 -177.26491
20671.69727 -215.86971
20674.39648 -181.43915
20677.07422 -217.57065
20679.77734 -173.63557
20682.48047 -213.94014
20685.14844 -200.00783
20687.85156 -217.86201
20690.54492 -177.38286
20693.23438 -216.53030
20695.92773 -188.39986
20698.62109 -213.87045
20701.31250 -181.93391
20703.99609 -218.95796
20706.70117 -188.42558
20709.38477 -215.45175
20712.08008 -177.06915
20714.77344 -215.47356
20717.46875 -180.50655
20720.14062 -216.99287
20722.84961 -181.55191
20725.53516 -215.70419
20728.24219 -182.94508
20730.91797 -218.02820
20733.61523 -185.65680
20736.31250 -215.16200
20739.00000 -187.87509
20741.68750 -217.61032
20744.37305 -175.35059
20747.07227 -219.22952
20749.76172 -190.88167
20752.44922 -214.87619
20755.14844 -181.53635
20757.83984 -220.53889
20760.52734 -181.21884
20763.23047 -218.03925
20765.90820 -185.38687
20768.61133 -215.80525
20771.30078 -179.69922
20773.99219 -220.92615
20776.68359 -187.87869
20779.37695 -216.87170
20782.06836 -180.32545
20784.77344 -217.76797
20787.45312 -180.16049
20790.14844 -218.25470
20792.83008 -181.07805
20795.53516 -216.55025
20798.21875 -182.15660
20800.92578 -219.63960
20803.60938 -188.13226
20806.29102 -215.74310
20809.00000 -183.81590
20811.68359 -217.19026
20814.37109 -183.22404
20817.06641 -218.69418
20819.76367 -184.95000
20822.44922 -214.59892
20825.14844 -178.21458
20827.83398 -218.45203
20830.52344 -179.65164
20833.22070 -215.97083
20835.90820 -183.73770
20838.60938 -214.93234
20841.29688 -176.93011
20843.99609 -217.82065
20846.67578 -185.67775
20849.37500 -214.32887
20852.06641 -177.79782
20854.75586 -216.65292
20857.44531 -179.00555
20860.13867 -215.62730
20862.84180 -182.07863
20865.51953 -214.45308
20868.22461 -183.74911
20870.90625 -217.71436
20873.61133 -181.20346
20876.29102 -214.31146
20878.98438 -178.85954
20881.67969 -216.08838
20884.35938 -186.03680
20887.06836 -216.11993
20889.75000 -184.44139
20892.43359 -214.64629
20895.14062 -186.63846
20897.82422 -218.22255
20900.52344 -180.12230
20903.21875 -214.64336
20905.90234 -185.93213
20908.58984 -216.55440
20911.28711 -187.27145
20913.98438 -218.04500
20916.67188 -177.16495
20919.37109 -214.45322
20922.04688 -183.82645
20924.74609 -218.92369
20927.44531 -181.44682
20930.13477 -216.60411
20932.81250 -190.76401
20935.51172 -215.73186
20938.21289 -181.54262
20940.89062 -218.67731
20943.59375 -190.56772
20946.29688 -215.98863
20948.97461 -183.48453
20951.66406 -218.15210
20954.35742 -175.78299
20957.05078 -216.37701
20959.74219 -184.14674
20962.43359 -216.54974
20965.11719 -182.53348
20967.82227 -220.37971
20970.51562 -188.92676
20973.19922 -214.90791
20975.89062 -181.91615
20978.57422 -218.29144
20981.28125 -183.50615
20983.96484 -219.21471
20986.66211 -180.26239
20989.34570 -214.74179
20992.04297 -181.54349
20994.73828 -219.47337
20997.42383 -179.26158
21000.12109 -217.02705
21002.81055 -196.47424
21005.50781 -216.13562
21008.19336 -182.73093
21010.89453 -217.89528
21013.58203 -197.34138
21016.26953 -216.24182
21018.96875 -183.54436
21021.65820 -218.93877
21024.34570 -172.99942
21027.03516 -215.67577
21029.73633 -186.33824
21032.42578 -216.86885
21035.11719 -173.61211
21037.81055 -220.81531
21040.50000 -187.90485
21043.19141 -214.64737
21045.88281 -179.97218
21048.57617 -218.57312
21051.25781 -194.78665
21053.96094 -218.78563
21056.65625 -182.33162
21059.34766 -214.95798
21062.04102 -187.01212
21064.73633 -219.03561
21067.41992 -182.83438
21070.11523 -216.47684
21072.81055 -181.77452
21075.50586 -216.64824
21078.18750 -172.19662
21080.87500 -217.00682
21083.57227 -185.21002
21086.26758 -215.68253
21088.96484 -180.70334
21091.65039 -219.29831
21094.33789 -180.18163
21097.03516 -214.94028
21099.72461 -177.44098
21102.42188 -216.27214
21105.10938 -183.48627
21107.79688 -219.22598
21110.48633 -183.30252
21113.18750 -214.17810
21115.87695 -181.19025
21118.56641 -217.79739
21121.26758 -175.75726
21123.95703 -216.59274
21126.64844 -177.91762
21129.32812 -215.12129
21132.04297 -197.52469
21134.72266 -217.92503
21137.41406 -188.75679
21140.10742 -215.10309
21142.80078 -180.45372
21145.49219 -217.70299
21148.18555 -183.48625
21150.87891 -216.25497
21153.56250 -178.32085
21156.26758 -215.54848
21158.93750 -196.52521
21161.63281 -220.20163
21164.32812 -179.55438
21167.02734 -215.34438
21169.70898 -178.83023
21172.40625 -217.80933
21175.10156 -183.38889
21177.78906 -218.79462
21180.48633 -184.31985
21183.17188 -215.88344
21185.86914 -179.33594
21188.55664 -220.88159
21191.25391 -189.02719
21193.94336 -217.03712
21196.63086 -218.19601
21199.33203 -218.04236
21202.01953 -190.16013
21204.70898 -221.01741
21207.39844 -186.91325
21210.09766 -216.61887
21212.78906 -176.24220
21215.47852 -221.10391
21218.16797 -181.42479
21220.85938 -218.65581
21223.55273 -176.38051
21226.24219 -217.40366
21228.93555 -176.90662
21231.63867 -221.97939
21234.32031 -181.08849
21237.01367 -217.03134
21239.71875 -180.69936
21242.40039 -219.50316
21245.08203 -196.43414
21247.78906 -218.89362
21250.48438 -189.64165
21253.16602 -216.52864
21255.86133 -181.71027
21258.54492 -222.06392
21261.24219 -183.28766
21263.92578 -216.28366
21266.62305 -176.74965
21269.32031 -217.49106
21272.00781 -172.99991
21274.70508 -220.43903
21277.39062 -179.71745
21280.08789 -215.48019
21282.77539 -192.42088
21285.47656 -219.11594
21288.15234 -184.39330
21290.86133 -217.09082
21293.55273 -178.27461
21296.24023 -216.61440
21298.92773 -186.23004
21301.63086 -218.67786
21304.30859 -188.79315
21307.00977 -215.65044
21309.70312 -187.78934
21312.39258 -219.99469
21315.08203 -179.53383
21317.76367 -216.70554
21320.46680 -195.39536
21323.16016 -216.08952
21325.85156 -191.65573
21328.54492 -222.39514
21331.22656 -182.26114
21333.92969 -215.74361
21336.62305 -182.41171
21339.30664 -218.09485
21342.01367 -188.06757
21344.69727 -219.35513
21347.39258 -192.66046
21350.07617 -216.58606
21352.77148 -183.36337
21355.45703 -220.16310
21358.15234 -199.08766
21360.84961 -217.01053
21363.54688 -179.95612
21366.22070 -219.32310
21368.91797 -175.54265
21371.60547 -219.36163
21374.30469 -182.08257
21376.99219 -216.47986
21379.69141 -177.79971
21382.38086 -224.34090
21385.07812 -186.73071
21387.76953 -217.69466
21390.45703 -188.54547
21393.14648 -217.59489
21395.84766 -185.69801
21398.52539 -223.92714
21401.22852 -175.04921
21403.91797 -217.06496
21406.62109 -182.35297
21409.30078 -220.02025
21412.00391 -182.95369
21414.68555 -219.39165
21417.37891 -191.44434
21420.06836 -218.23337
21422.75195 -183.37973
21425.45703 -221.97534
21428.13672 -178.57950
21430.83203 -217.33060
21433.52539 -180.73561
21436.22070 -221.61017
21438.91602 -179.68462
21441.59961 -220.29160
21444.28516 -174.66632
21446.99219 -217.25473
21449.67578 -184.28819
21452.37305 -226.73676
21455.05859 -188.17278
21457.75586 -218.49184
21460.45312 -181.71904
21463.15234 -219.15062
21465.83789 -184.87021
21468.53711 -223.54169
21471.22266 -181.26599
21473.89844 -218.13048
21476.59961 -179.86226
21479.28711 -222.60361
21481.98828 -184.15482
21484.67773 -219.52824
21487.37891 -187.37048
21490.05664 -219.42923
21492.74609 -182.66576
21495.44922 -224.27203
21498.14062 -189.40170
21500.83008 -217.89153
21503.52344 -186.97618
21506.21289 -222.57312
21508.90625 -177.95027
21511.59766 -220.80699
21514.28906 -182.14699
21516.98438 -217.90469
21519.67773 -184.22884
21522.35938 -225.45227
21525.06641 -180.83572
21527.74609 -218.13295
21530.44141 -181.14999
21533.12500 -219.98837
21535.82031 -189.39465
21538.51562 -221.65825
21541.21289 -188.13884
21543.89648 -217.43875
21546.59375 -179.72960
21549.29297 -223.76067
21551.97656 -189.01826
21554.67578 -218.27713
21557.36133 -190.49670
21560.05859 -218.81300
21562.74609 -185.82231
21565.43359 -222.49719
21568.13281 -185.63983
21570.82031 -217.53552
21573.50781 -185.92143
21576.19922 -222.45291
21578.91016 -189.24260
21581.58594 -218.82298
21584.28906 -184.51680
21586.96875 -219.32390
21589.66992 -184.10918
21592.34766 -224.00912
21595.05078 -188.93634
21597.73047 -217.52271
21600.43359 -181.59087
21603.12500 -224.65678
21605.81836 -180.74069
21608.51172 -221.34050
21611.20312 -184.55069
21613.89648 -218.67050
21616.58008 -196.07735
21619.27344 -228.67513
21621.96875 -177.75734
21624.65039 -220.26883
21627.34570 -178.95738
21630.04102 -222.03629
21632.75000 -179.39699
21635.43164 -222.86591
21638.11719 -187.56973
21640.81250 -221.40764
21643.51172 -183.22673
21646.19531 -228.33832
21648.89453 -178.92406
21651.58008 -220.30865
21654.26562 -191.00143
21656.96484 -224.58290
21659.66406 -186.01530
21662.35156 -230.55351
21665.03906 -179.25797
21667.72656 -219.34494
21670.42773 -178.25394
21673.11523 -231.94643
21675.80469 -189.31178
21678.49609 -224.99483
21681.19531 -184.40846
21683.88672 -219.70038
21686.57812 -186.72411
21689.26758 -232.80362
21691.95703 -180.51405
21694.65039 -221.95451
21697.33203 -189.55409
21700.04688 -221.72574
21702.72656 -182.98361
21705.41992 -222.93166
21708.11328 -189.90268
21710.80469 -221.51587
21713.50000 -184.45651
21716.18164 -226.88298
21718.87695 -195.74878
21721.57227 -219.23712
21724.26758 -178.37779
21726.96289 -224.44507
21729.63281 -187.16046
21732.33203 -227.75360
21735.02734 -188.81802
21737.72461 -218.34106
21740.41016 -186.29279
21743.10547 -232.56255
21745.80273 -184.00569
21748.49219 -222.91409
21751.18945 -193.93753
21753.86523 -220.02318
21756.56250 -189.17558
21759.25000 -226.10947
21761.95117 -180.98697
21764.63867 -221.67758
21767.32617 -180.56860
21770.02930 -224.97606
21772.71680 -179.21144
21775.40820 -221.22311
21778.10742 -197.63882
21780.79883 -223.33868
21783.47656 -188.55876
21786.17969 -235.84825
21788.87109 -194.98059
21791.56250 -219.85245
21794.26758 -182.92865
21796.93555 -229.50629
21799.62891 -190.55417
21802.33203 -227.54520
21805.02734 -181.41190
21807.70703 -220.72661
21810.40039 -190.04535
21813.09570 -239.34314
21815.80078 -181.85278
21818.48438 -223.58733
21821.16797 -188.71178
21823.86328 -223.95213
21826.57227 -186.69653
21829.24219 -226.70348
21831.94141 -184.93663
21834.63672 -223.17325
21837.32227 -191.01160
21840.00781 -232.55952
21842.71680 -182.81538
21845.39062 -223.08597
21848.08984 -184.16469
21850.78906 -225.30330
21853.48828 -177.60384
21856.16406 -234.67134
21858.86523 -185.26427
21861.55273 -222.38354
21864.25391 -184.12245
21866.94141 -232.36739
21869.63086 -191.63602
21872.32031 -226.02560
21875.00977 -183.78090
21877.71289 -224.37692
21880.39062 -179.80560
21883.09375 -236.95905
21885.77148 -186.49478
21888.47656 -223.94084
21891.16797 -185.27934
21893.85938 -229.27510
21896.55273 -187.26344
21899.24609 -228.79413
21901.92578 -188.36835
21904.63086 -224.39667
21907.31445 -184.63618
21910.01953 -234.45886
21912.70312 -181.22330
21915.39844 -226.95187
21918.08203 -184.21957
21920.77734 -225.65918
21923.47266 -180.46678
21926.15430 -230.81160
21928.86523 -185.44339
21931.54688 -226.50461
21934.23438 -181.44554
21936.94336 -227.67618
21939.61719 -181.44820
21942.31445 -226.63615
21945.01172 -198.02776
21947.69922 -227.04581
21950.38867 -180.56511
21953.08594 -231.70628
21955.77344 -183.59492
21958.46094 -223.65242
21961.15039 -183.78137
21963.85156 -230.10199
21966.54102 -189.19952
21969.24023 -232.62701
21971.91797 -192.62933
21974.62109 -222.60010
21977.30078 -184.35257
21980.00195 -239.08263
21982.69336 -185.28630
21985.39844 -227.42831
21988.07617 -185.06952
21990.75781 -224.25363
21993.46094 -175.19405
21996.15430 -227.75084
21998.84766 -183.38390
22001.54102 -226.46210
22004.23438 -182.00104
22006.91602 -229.26123
22009.62109 -191.57860
22012.30469 -223.48555
22015.00000 -189.86707
22017.69531 -231.53194
22020.37891 -182.40662
22023.08594 -228.71982
22025.77148 -180.96666
22028.45508 -223.55820
22031.15234 -183.29980
22033.83789 -238.42378
22036.52344 -188.91029
22039.22070 -225.84052
22041.90625 -188.77861
22044.60547 -226.37445
22047.30469 -179.59534
22049.99023 -227.37741
Graph #1 from AudioThread1
2.69198 -223.81535
5.38396 -191.47365
8.07594 -229.01227
10.76791 -182.65643
13.45989 -222.94914
16.15187 -189.80844
18.84385 -230.95860
21.53583 -185.98026
24.22781 -221.74632
26.91979 -188.63860
29.61176 -228.82538
32.30375 -181.35817
34.99573 -227.10997
37.68771 -179.29007
40.37968 -221.13177
43.07167 -184.15210
45.76364 -232.46587
48.45562 -183.41789
51.14760 -223.35631
53.83958 -182.74545
56.53155 -225.76787
59.22354 -177.35591
61.91550 -222.49890
64.60748 -183.49387
67.29947 -225.38986
69.99145 -179.01596
72.68342 -236.08864
75.37541 -180.01482
78.06738 -220.80060
80.75936 -195.87299
83.45135 -237.53003
86.14331 -186.72682
88.83529 -226.42053
91.52726 -183.69221
94.21925 -223.20314
96.91125 -186.03534
99.60323 -229.58385
102.29519 -178.53493
104.98715 -225.23203
107.67915 -178.13992
110.37112 -230.65762
113.06311 -175.08592
115.75508 -225.17303
118.44704 -195.40169
121.13905 -228.27365
123.83102 -174.49142
126.52299 -234.59421
129.21498 -189.92189
131.90695 -225.35146
134.59895 -179.58890
137.29092 -231.57254
139.98288 -182.13948
142.67488 -231.06679
145.36685 -198.57141
148.05884 -226.63730
150.75082 -181.39598
153.44283 -230.75772
156.13478 -177.20877
158.82674 -230.24959
161.51871 -193.15219
164.21068 -226.31226
166.90265 -180.12502
169.59467 -234.21025
172.28662 -182.41405
174.97864 -226.58652
177.67059 -0.31679
180.36258 -227.51935
183.05452 -188.97575
185.74654 -234.83609
188.43854 -178.57466
191.13049 -224.12543
193.82245 -184.23703
196.51450 -233.61923
199.20641 -177.84982
201.89836 -227.87242
204.59042 -184.09715
207.28238 -224.05280
209.97437 -182.59778
212.66631 -237.08916
215.35828 -182.68909
218.05025 -224.81801
220.74232 -181.71579
223.43420 -225.98170
226.12619 -185.06595
228.81815 -226.10507
231.51018 -185.24828
234.20219 -223.77071
236.89415 -189.33157
239.58609 -232.28432
242.27808 -176.57635
244.97008 -221.27802
247.66197 -184.29520
250.35399 -225.59363
253.04602 -178.75682
255.73793 -229.38272
258.42996 -191.93915
261.12186 -219.15953
263.81393 -179.51418
266.50589 -229.86223
269.19791 -195.99176
271.88986 -222.26250
274.58182 -183.94373
277.27374 -219.67708
279.96582 -189.84732
282.65775 -223.22432
285.34970 -183.27135
288.04175 -220.00426
290.73367 -183.38847
293.42569 -223.33194
296.11768 -185.35216
298.80960 -218.36459
301.50159 -183.60785
304.19360 -220.90520
306.88565 -180.79120
309.57758 -225.56059
312.26950 -182.97070
314.96152 -216.97852
317.65353 -181.98602
320.34543 -224.05383
323.03745 -195.12988
325.72943 -221.32167
328.42145 -184.79286
331.11334 -218.70720
333.80530 -189.50211
336.49738 -222.52759
339.18933 -183.59578
341.88138 -220.02957
344.57330 -182.76503
347.26520 -224.51831
349.95728 -181.32851
352.64926 -219.81192
355.34119 -162.46678
358.03311 -222.40820
360.72513 -176.82227
363.41718 -237.31970
366.10907 -194.97049
368.80112 -219.99826
371.49304 -180.51167
374.18506 -229.50812
376.87698 -178.20950
379.56897 -228.79225
382.26089 -183.62064
384.95297 -221.86221
387.64499 -180.90146
390.33694 -242.65401
393.02887 -174.74510
395.72086 -227.62492
398.41293 -182.42566
401.10477 -222.69748
403.79681 -176.87495
406.48877 -234.23615
409.18088 -182.26738
411.87280 -224.38707
414.56479 -187.61858
417.25662 -223.15459
419.94867 -182.34128
422.64066 -224.24571
425.33264 -180.33134
428.02472 -221.14522
430.71658 -180.36246
433.40857 -226.99521
436.10052 -175.61064
438.79248 -219.08089
441.48456 -198.46017
444.17648 -220.87074
446.86844 -187.36751
449.56036 -224.27472
452.25244 -185.49152
454.94443 -217.11900
457.63635 -180.42035
460.32840 -222.55023
463.02029 -196.29495
465.71231 -218.77318
468.40430 -175.68901
471.09634 -218.01535
473.78821 -188.16054
476.48022 -221.01776
479.17224 -184.66251
481.86414 -216.86365
484.55624 -184.63152
487.24811 -221.11525
489.94006 -179.94188
492.63211 -217.83171
495.32404 -188.32703
498.01611 -217.62431
500.70804 -176.67137
503.39996 -221.81638
506.09195 -185.44337
508.78406 -216.74449
511.47589 -179.65120
514.16803 -220.83534
516.85980 -185.83026
519.55188 -218.81038
522.24377 -184.00143
524.93579 -217.67131
527.62781 -191.52234
530.31989 -223.49432
533.01172 -182.55640
535.70380 -217.19373
538.39569 -175.81773
541.08765 -220.41325
543.77960 -186.00356
546.47162 -220.97256
549.16370 -181.03291
551.85553 -217.51054
554.54749 -175.86630
557.23962 -223.09489
559.93170 -199.57425
562.62354 -218.49174
565.31555 -188.23041
568.00751 -219.59198
570.69934 -179.97423
573.39160 -221.01039
576.08344 -179.04216
578.77551 -217.75389
581.46741 -178.35231
584.15930 -224.17850
586.85126 -180.16467
589.54321 -218.35776
592.23523 -188.45810
594.92743 -218.86501
597.61926 -175.23918
600.31134 -225.59523
603.00323 -182.09982
605.69507 -217.42354
608.38708 -191.90276
611.07916 -221.57306
613.77124 -183.48593
616.46307 -221.14935
619.15515 -195.46715
621.84705 -218.58240
624.53906 -197.17876
627.23096 -223.50568
629.92303 -183.97450
632.61493 -219.09523
635.30695 -182.87672
637.99884 -221.74820
640.69092 -183.35933
643.38306 -221.41382
646.07477 -194.02083
648.76697 -218.73743
651.45898 -178.43712
654.15076 -227.55101
656.84277 -184.54822
659.53479 -219.01198
662.22681 -186.10730
664.91882 -219.37149
667.61072 -185.04863
670.30273 -227.60895
672.99475 -186.04697
675.68652 -217.26868
678.37878 -179.25444
681.07068 -220.26923
683.76257 -184.78224
686.45441 -220.48380
689.14667 -185.64563
691.83838 -216.84004
694.53033 -181.59868
697.22241 -220.01627
699.91443 -182.41553
702.60614 -216.53839
705.29840 -186.24983
707.99023 -218.21863
710.68225 -166.40550
713.37433 -217.16075
716.06616 -180.81410
718.75824 -214.97174
721.45032 -200.90506
724.14209 -220.30406
726.83423 -180.49821
729.52625 -214.82681
732.21826 -176.04607
734.90997 -215.52562
737.60205 -176.03592
740.29425 -217.98889
742.98615 -180.71747
745.67798 -214.38103
748.37024 -185.86516
751.06195 -217.10693
753.75403 -186.52505
756.44598 -215.05807
759.13782 -171.86519
761.82996 -216.07439
764.52161 -197.15160
767.21399 -217.23570
769.90588 -181.23970
772.59760 -214.43401
775.28986 -181.75319
777.98187 -219.58600
780.67358 -185.04208
783.36578 -216.14240
786.05780 -181.39229
788.74951 -216.00058
791.44159 -186.86011
794.13367 -220.59618
796.82568 -182.57755
799.51770 -216.12088
802.20947 -174.80772
804.90167 -219.65002
807.59369 -182.84209
810.28552 -218.74353
812.97742 -175.49832
815.66931 -217.73669
818.36182 -182.76566
821.05322 -223.35016
823.74542 -184.06541
826.43762 -217.73830
829.12915 -181.43896
831.82135 -220.33458
834.51331 -179.67981
837.20526 -221.92812
839.89740 -183.81647
842.58917 -217.52992
845.28137 -179.48149
847.97339 -223.14310
850.66516 -188.07211
853.35718 -218.73781
856.04950 -177.52434
858.74091 -218.00531
861.43304 -178.59869
864.12524 -222.14676
866.81702 -180.93390
869.50891 -216.40962
872.20123 -176.20663
874.89294 -219.78326
877.58484 -183.97461
880.27704 -218.24673
882.96924 -185.45306
885.66095 -215.78427
888.35278 -182.30896
891.04498 -221.07378
893.73669 -176.27814
896.42877 -215.75536
899.12079 -195.21228
901.81299 -216.73346
904.50470 -181.55049
907.19659 -218.02000
909.88867 -176.66045
912.58051 -215.28702
915.27277 -179.28178
917.96472 -218.40985
920.65668 -187.36426
923.34869 -215.25136
926.04065 -184.16263
928.73285 -216.79494
931.42450 -177.08070
934.11646 -217.92361
936.80847 -184.63023
939.50049 -214.18558
942.19275 -182.08359
944.88416 -219.38863
947.57660 -180.70900
950.26849 -216.01762
952.96051 -178.11194
955.65234 -214.72838
958.34424 -182.98581
961.03625 -219.05447
963.72833 -178.07674
966.42053 -215.06401
969.11200 -188.77751
971.80432 -216.41611
974.49640 -179.17841
977.18835 -215.91473
979.88025 -186.01517
982.57196 -215.51765
985.26434 -174.29037
987.95593 -217.84366
990.64813 -181.98276
993.34033 -213.93660
996.03210 -179.87721
998.72406 -217.56508
1001.41589 -191.83627
1004.10815 -216.92061
1006.80005 -180.87520
1009.49207 -213.63564
1012.18396 -179.74724
1014.87585 -219.19530
1017.56799 -182.15823
1020.25964 -215.41435
1022.95197 -186.18335
1025.64404 -215.06670
1028.33594 -188.01427
1031.02771 -217.26279
1033.71973 -188.40134
1036.41174 -215.44943
1039.10364 -180.70064
1041.79590 -217.99782
1044.48767 -180.46742
1047.17993 -215.20480
1049.87146 -184.06450
1052.56384 -217.35266
1055.25562 -181.56824
1057.94751 -219.86273
1060.63989 -198.43523
1063.33142 -214.82584
1066.02344 -169.81970
1068.71545 -221.04427
1071.40759 -193.24136
1074.09961 -218.94131
1076.79126 -180.47757
1079.48340 -216.03711
1082.17542 -180.76392
1084.86731 -222.80981
1087.55933 -186.00180
1090.25122 -217.79437
1092.94299 -172.98897
1095.63525 -218.17493
1098.32751 -183.94110
1101.01880 -219.93457
1103.71155 -191.32544
1106.40295 -217.26311
1109.09546 -180.21550
1111.78723 -220.57703
1114.47864 -175.59030
1117.17126 -216.80223
1119.86316 -182.75211
1122.55542 -217.32588
1125.24744 -189.89487
1127.93909 -220.11865
1130.63086 -184.14192
1133.32288 -214.69856
1136.01550 -189.27881
1138.70654 -218.26962
1141.39844 -178.50247
1144.09070 -216.62614
1146.78296 -177.03943
1149.47461 -214.27031
1152.16663 -177.07722
1154.85852 -218.05116
1157.55115 -174.69057
1160.24231 -214.08443
1162.93457 -191.76472
1165.62708 -215.44878
1168.31873 -184.52623
1171.01086 -215.43430
1173.70264 -184.38675
1176.39453 -213.52371
1179.08655 -185.08458
1181.77881 -216.93257
1184.47034 -177.68956
1187.16211 -213.58875
1189.85461 -175.82399
1192.54688 -214.85963
1195.23828 -181.10852
1197.93030 -215.74133
1200.62244 -200.82547
1203.31470 -213.51015
1206.00659 -187.85886
1208.69824 -217.14076
1211.39026 -182.62987
1214.08264 -214.06752
1216.77393 -184.52448
1219.46594 -215.35921
1222.15808 -186.67493
1224.85022 -217.61798
1227.54248 -180.16870
1230.23425 -213.92450
1232.92627 -176.01329
1235.61865 -218.33629
1238.31042 -181.77521
1241.00232 -216.35132
1243.69397 -175.19241
1246.38599 -215.36116
1249.07825 -180.27411
1251.77051 -219.13409
1254.46204 -183.71899
1257.15381 -215.89873
1259.84558 -190.71083
1262.53821 -218.29892
1265.22961 -181.46109
1267.92188 -217.15892
1270.61426 -187.29408
1273.30591 -216.55423
1275.99780 -191.41414
1278.68994 -221.37981
1281.38196 -190.33597
1284.07336 -215.41545
1286.76538 -179.23076
1289.45752 -218.27580
1292.14966 -190.78908
1294.84155 -220.60896
1297.53320 -177.71805
1300.22571 -214.89487
1302.91699 -185.81297
1305.60962 -220.13083
1308.30127 -201.80949
1310.99304 -217.70168
1313.68542 -190.10690
1316.37744 -215.73216
1319.06921 -181.44038
1321.76147 -218.88954
1324.45374 -188.39050
1327.14551 -216.17468
1329.83704 -190.40720
1332.52905 -218.31160
1335.22156 -183.01068
1337.91370 -216.22144
1340.60498 -180.85039
1343.29761 -216.35016
1345.98889 -177.43738
1348.68176 -221.06035
1351.37280 -180.25537
1354.06506 -214.59795
1356.75684 -185.60645
1359.44946 -217.83232
1362.14160 -191.62044
1364.83325 -219.44452
1367.52454 -181.00929
1370.21680 -214.46916
1372.90869 -184.23216
1375.60156 -219.08409
1378.29248 -180.77927
1380.98511 -216.62312
1383.67725 -201.05637
1386.36890 -215.66185
1389.06079 -191.24687
1391.75293 -217.36943
1394.44507 -184.25845
1397.13647 -215.14404
1399.82849 -182.88330
1402.52051 -218.12711
1405.21313 -184.51265
1407.90417 -214.87086
1410.59692 -181.97455
1413.28882 -215.23029
1415.98096 -184.46442
1418.67285 -219.06100
1421.36462 -174.45119
1424.05688 -213.49823
1426.74829 -179.67503
1429.44067 -216.42778
1432.13245 -178.13141
1434.82422 -216.30257
1437.51611 -199.87247
1440.20825 -213.84613
1442.90015 -181.93091
1445.59229 -217.09137
1448.28430 -179.96977
1450.97607 -214.32019
1453.66772 -187.77475
1456.35999 -216.04283
1459.05212 -180.86032
1461.74426 -215.64249
1464.43665 -192.15195
1467.12830 -214.27878
1469.82080 -184.83197
1472.51196 -218.92786
1475.20386 -178.86436
1477.89624 -214.51828
1480.58789 -185.78127
1483.28027 -216.38100
1485.97241 -183.10472
1488.66394 -218.47940
1491.35596 -181.41753
1494.04785 -215.07770
1496.74060 -181.34688
1499.43188 -219.94456
1502.12402 -182.53737
1504.81592 -216.85886
1507.50781 -189.31123
1510.19995 -217.44501
1512.89172 -180.37550
1515.58374 -221.43652
1518.27576 -179.80350
1520.96741 -216.76671
1523.66016 -176.80916
1526.35181 -221.40903
1529.04346 -188.78558
1531.73572 -219.73904
1534.42810 -181.39458
1537.12012 -217.62709
1539.81189 -183.64859
1542.50354 -223.95717
1545.19531 -178.97523
1547.88708 -217.81354
1550.57983 -183.30217
1553.27124 -219.15567
1555.96387 -185.27747
1558.65601 -220.84094
1561.34741 -184.79045
1564.03906 -216.57117
1566.73120 -176.64655
1569.42371 -221.39484
1572.11536 -188.81749
1574.80701 -216.92068
1577.49927 -180.31874
1580.19177 -216.47607
1582.88281 -183.82019
1585.57593 -220.93874
1588.26758 -183.13850
1590.95959 -214.95052
1593.65063 -180.51630
1596.34326 -217.73547
1599.03503 -175.01712
1601.72705 -217.10690
1604.41992 -182.31679
1607.11121 -215.08223
1609.80322 -178.25204
1612.49463 -218.03777
1615.18665 -181.92480
1617.87903 -214.75697
1620.57068 -178.55513
1623.26294 -217.42964
1625.95508 -180.37770
1628.64673 -216.17444
1631.33887 -178.20874
1634.03125 -214.58791
1636.72290 -184.19099
1639.41528 -220.45682
1642.10669 -176.13019
1644.79883 -214.84882
1647.49097 -184.79771
1650.18250 -216.15302
1652.87451 -180.40402
1655.56702 -218.66809
1658.25903 -202.09380
1660.95117 -215.22169
1663.64282 -179.42921
1666.33435 -218.54922
1669.02686 -190.93832
1671.71924 -216.24513
1674.41064 -187.33321
1677.10254 -217.57547
1679.79443 -188.76265
1682.48669 -218.86667
1685.17847 -195.24846
1687.87097 -215.47992
1690.56287 -189.31621
1693.25378 -221.89923
1695.94604 -182.02840
1698.63843 -217.32993
1701.33044 -181.14355
1704.02295 -216.32909
1706.71448 -192.33456
1709.40613 -223.53517
1712.09827 -184.78458
1714.79028 -216.57188
1717.48242 -182.80962
1720.17407 -218.57484
1722.86670 -189.29193
1725.55859 -219.34367
1728.25012 -182.18121
1730.94214 -217.29918
1733.63416 -200.87105
1736.32642 -221.11472
1739.01794 -176.90428
1741.71033 -216.93541
1744.40210 -181.14580
1747.09363 -220.27704
1749.78564 -183.05144
1752.47791 -220.60123
1755.16980 -187.82011
1757.86157 -216.64339
1760.55371 -172.94550
1763.24561 -225.53943
1765.93762 -182.20599
1768.62939 -218.71663
1771.32202 -170.97530
1774.01343 -218.20694
1776.70667 -176.90601
1779.39746 -224.78632
1782.08972 -179.85757
1784.78162 -218.19484
1787.47375 -187.95140
1790.16589 -221.48975
1792.85718 -179.51152
1795.54980 -220.51721
1798.24121 -180.44667
1800.93445 -218.85165
1803.62500 -182.39017
1806.31726 -224.43427
1809.00977 -178.88254
1811.70239 -218.08517
1814.39331 -185.59781
1817.08521 -220.85587
1819.77759 -195.10982
1822.46948 -221.90271
1825.16125 -184.20688
1827.85254 -217.09915
1830.54578 -185.58492
1833.23706 -223.55043
1835.92957 -179.90553
1838.62061 -218.08157
1841.31348 -183.91473
1844.00488 -217.64520
1846.69751 -188.79814
1849.38855 -221.56578
1852.08105 -181.47221
1854.77319 -216.22687
1857.46533 -174.28574
1860.15735 -220.07043
1862.84912 -176.99666
1865.54175 -217.54150
1868.23303 -179.71439
1870.92578 -216.44395
1873.61707 -185.25208
1876.30872 -220.73364
1879.00012 -181.12277
1881.69324 -215.75847
1884.38464 -197.94353
1887.07666 -218.79555
1889.76855 -173.26779
1892.46069 -217.62358
1895.15234 -190.35687
1897.84473 -216.60992
1900.53723 -181.73041
1903.22827 -221.08072
1905.92029 -173.11743
1908.61218 -215.94847
1911.30432 -178.49869
1913.99646 -220.18924
1916.68884 -184.31241
1919.38123 -219.56641
1922.07263 -178.74950
1924.76465 -216.69238
1927.45679 -180.03169
1930.14795 -224.59486
1932.84033 -180.19533
1935.53296 -218.70398
1938.22412 -181.11812
1940.91663 -220.05353
1943.60889 -179.90556
1946.30005 -221.94055
1948.99182 -185.23065
1951.68408 -220.07959
1954.37634 -177.81175
1957.06848 -226.34686
1959.76062 -178.36156
1962.45215 -219.89578
1965.14404 -175.62166
1967.83594 -223.81076
1970.52881 -179.29857
1973.22009 -231.90077
1975.91211 -176.10071
1978.60352 -219.51251
1981.29639 -186.06258
1983.98865 -229.56548
1986.68018 -181.28787
1989.37109 -226.81250
1992.06372 -178.66931
1994.75537 -219.40402
1997.44824 -191.91003
2000.13940 -236.81859
2002.83142 -183.24788
2005.52368 -222.60690
2008.21643 -184.75081
2010.90820 -220.30952
2013.60034 -187.42328
2016.29163 -224.88548
2018.98315 -184.20480
2021.67615 -220.67773
2024.36707 -187.15529
2027.05945 -223.33109
2029.75208 -175.52640
2032.44373 -219.42291
2035.13562 -188.36005
2037.82776 -221.67267
2040.52002 -176.31493
2043.21143 -226.54175
2045.90405 -179.13338
2048.59570 -217.48715
2051.28760 -181.20659
2053.97974 -226.04813
2056.67090 -185.02908
2059.36426 -222.65160
2062.05566 -178.70695
2064.74707 -217.93860
2067.43970 -185.12242
2070.13135 -226.21980
2072.82422 -180.07272
2075.51611 -220.28328
2078.20703 -184.07440
2080.89893 -221.06738
2083.59082 -177.80336
2086.28394 -221.01428
2088.97510 -183.45860
2091.66724 -220.63211
2094.35938 -176.47891
2097.05151 -227.09898
2099.74365 -190.27350
2102.43457 -218.57083
2105.12671 -179.89020
2107.81885 -223.61870
2110.51099 -184.95570
2113.20410 -226.47115
2115.89380 -176.62025
2118.58691 -218.44864
2121.27881 -178.41280
2123.97192 -229.19463
2126.66357 -173.05360
2129.35522 -221.96486
2132.04663 -173.11766
2134.73926 -220.41191
2137.43164 -183.07248
2140.12280 -225.30151
2142.81494 -183.74609
2145.50708 -220.48743
2148.19873 -175.15302
2150.89062 -226.07974
2153.58325 -179.24211
2156.27466 -221.06877
2158.96704 -191.82613
2161.65796 -222.08385
2164.35107 -177.94252
2167.04272 -231.60004
2169.73413 -181.80058
2172.42676 -220.02808
2175.11890 -200.39998
2177.81079 -227.95020
2180.50269 -185.11902
2183.19385 -224.13992
2185.88647 -182.91371
2188.57715 -222.07198
2191.27002 -180.76103
2193.96289 -235.60292
2196.65405 -180.51389
2199.34619 -222.49109
2202.03784 -183.63258
2204.73047 -228.61287
2207.42261 -177.02408
2210.11450 -227.27750
2212.80615 -176.57944
2215.49854 -224.13589
2218.19043 -180.16153
2220.88086 -238.76958
2223.57446 -178.24809
2226.26538 -226.31204
2228.95703 -189.39445
2231.65063 -226.74986
2234.34277 -175.94214
2237.03418 -232.06973
2239.72534 -178.59138
2242.41724 -227.40854
2245.10986 -191.09743
2247.80225 -226.47862
2250.49390 -214.36052
2253.18628 -230.12123
2255.87842 -200.10944
2258.56982 -225.65007
2261.26196 -179.53175
2263.95361 -229.37759
2266.64600 -189.64342
2269.33667 -224.18449
2272.02930 -185.52304
2274.72241 -225.58769
2277.41406 -181.37471
2280.10596 -248.15398
2282.79761 -180.58441
2285.48975 -220.78822
2288.18140 -180.86195
2290.87378 -231.64125
2293.56543 -188.99893
2296.25781 -226.12286
2298.94946 -175.14107
2301.64185 -221.14035
2304.33350 -187.45598
2307.02588 -228.60866
2309.71729 -180.92090
2312.40967 -222.59610
2315.10107 -180.00539
2317.79321 -226.22388
2320.48486 -186.57721
2323.17676 -221.79352
2325.86938 -183.46432
2328.56006 -223.77472
2331.25391 -179.85559
2333.94556 -240.19600
2336.63647 -184.62871
2339.32910 -220.40108
2342.02124 -184.75229
2344.71387 -230.76965
2347.40430 -185.19267
2350.09790 -225.26270
2352.78955 -176.93179
2355.48145 -222.95277
2358.17261 -183.33998
2360.86572 -228.77570
2363.55664 -186.81314
2366.24902 -223.47180
2368.94092 -184.01021
2371.63306 -230.71497
2374.32471 -181.94453
2377.01636 -224.32127
2379.70874 -179.63287
2382.40015 -227.21031
2385.09326 -172.49666
2387.78418 -227.56685
2390.47705 -184.41220
2393.16870 -225.16208
2395.85962 -187.64377
2398.55200 -246.53616
2401.24512 -176.40469
2403.93579 -224.39806
2406.62939 -184.04150
2409.32104 -228.80402
2412.01270 -183.05922
2414.70361 -231.25436
2417.39600 -188.89957
2420.08887 -225.87552
2422.78101 -181.39284
2425.47168 -226.95378
2428.16553 -178.26723
2430.85571 -229.03627
2433.54761 -181.41153
2436.23975 -232.26424
2438.93213 -179.55365
2441.62500 -224.31252
2444.31665 -180.19067
2447.00854 -231.80069
2449.70068 -184.82056
2452.39307 -233.39752
2455.08447 -193.73759
2457.77612 -224.38232
2460.46826 -184.90289
2463.16016 -232.19566
2465.85254 -186.54318
2468.54541 -228.98225
2471.23682 -202.17809
2473.92847 -226.97527
2476.62061 -176.68633
2479.31250 -227.95982
2482.00488 -192.91241
2484.69629 -228.33298
2487.38892 -177.89801
2490.07910 -231.12390
2492.77197 -176.38707
2495.46411 -225.75519
2498.15601 -178.70671
2500.84692 -229.46404
2503.54053 -192.69151
2506.23169 -233.00287
2508.92432 -182.76689
2511.61572 -225.08215
2514.30713 -177.16803
2517.00024 -233.20082
2519.69067 -183.56442
2522.38403 -228.56769
2525.07593 -182.46411
2527.76807 -226.36449
2530.45874 -185.69977
2533.15234 -233.49083
2535.84473 -183.77719
2538.53564 -226.11320
2541.22827 -186.46793
2543.91943 -230.72762
2546.61182 -177.70741
2549.30322 -228.81978
2551.99438 -177.99991
2554.68726 -226.70244
2557.38013 -185.39162
2560.07129 -232.68912
2562.76270 -184.18875
2565.45557 -228.06227
2568.14697 -204.61899
2570.83838 -227.93944
2573.53125 -181.43922
2576.22412 -230.08879
2578.91553 -176.55263
2581.60840 -229.16170
2584.29956 -178.21275
2586.99097 -227.78650
2589.68359 -180.83624
2592.37500 -229.56845
2595.06592 -174.32640
2597.76001 -227.80748
2600.45117 -178.59547
2603.14331 -229.46912
2605.83447 -186.91650
2608.52808 -225.71098
2611.22021 -178.38823
2613.91235 -226.99228
2616.60278 -186.39748
2619.29468 -249.14957
2621.98633 -180.83662
2624.67969 -221.89920
2627.37085 -176.99821
2630.06372 -232.14719
2632.75366 -186.28606
2635.44629 -228.07832
2638.13867 -188.91512
2640.82959 -220.85123
2643.52319 -180.21167
2646.21533 -230.69539
2648.90674 -185.91603
2651.59863 -222.73013
2654.28979 -182.89914
2656.98267 -223.61861
2659.67529 -182.79434
2662.36597 -221.72168
2665.05835 -186.58473
2667.75146 -222.38808
2670.44336 -186.28328
2673.13477 -231.16168
2675.82764 -198.33223
2678.51855 -218.70576
2681.21094 -183.66785
2683.90283 -225.69008
2686.59473 -179.61165
2689.28613 -225.39037
2691.97754 -183.28772
2694.67017 -219.10347
2697.36353 -189.62915
2700.05273 -226.57951
2702.74609 -183.81413
2705.43896 -221.81125
2708.13135 -175.09460
2710.82227 -222.95947
2713.51416 -177.42502
2716.20581 -221.99409
2718.89868 -179.28432
2721.58960 -222.20125
2724.28320 -196.66136
2726.97510 -234.81024
2729.66528 -189.70966
2732.35791 -220.31288
2735.05029 -183.52446
2737.74219 -226.36568
2740.43408 -174.73724
2743.12646 -231.73170
2745.81763 -181.20372
2748.50952 -220.95038
2751.20264 -191.06306
2753.89526 -234.34424
2756.58472 -176.50504
2759.27832 -226.44949
2761.97144 -183.81761
2764.66260 -222.54771
2767.35327 -179.02679
2770.04663 -231.61847
2772.73804 -184.22842
2775.43066 -224.60800
2778.12256 -189.26086
2780.81274 -224.83374
2783.50562 -180.09741
2786.19629 -225.40968
2788.89111 -178.39417
2791.58081 -223.15860
2794.27344 -177.02275
2796.96655 -230.90520
2799.65674 -185.94916
2802.34912 -221.25479
2805.04126 -183.08545
2807.73413 -223.61430
2810.42505 -182.39003
2813.11743 -231.35208
2815.80859 -182.37305
2818.50122 -219.48984
2821.19336 -179.75409
2823.88647 -226.43628
2826.57739 -176.90146
2829.26953 -222.61168
2831.96069 -190.65088
2834.65332 -220.02553
2837.34521 -179.05724
2840.03809 -225.88518
2842.72900 -175.44550
2845.42041 -219.62369
2848.11328 -194.66104
2850.80542 -223.44290
2853.49707 -176.40233
2856.18945 -221.33539
2858.87988 -180.48772
2861.57275 -219.46700
2864.26514 -189.07397
2866.95679 -226.84949
2869.64941 -183.66290
2872.34131 -218.89017
2875.03271 -185.08009
2877.72510 -221.75072
2880.41699 -178.16109
2883.10938 -222.36761
2885.79980 -181.27464
2888.49268 -218.68814
2891.18457 -182.09357
2893.87646 -225.58781
2896.56885 -177.68311
2899.26050 -218.99260
2901.95190 -182.44931
2904.64551 -220.24445
2907.33667 -180.70972
2910.02905 -223.54161
2912.72021 -178.81009
2915.41284 -217.91437
2918.10449 -179.82478
2920.79565 -223.17110
2923.48877 -180.06126
2926.18018 -219.70796
2928.87354 -180.67854
2931.56299 -219.00380
2934.25537 -176.88608
2936.94824 -222.44749
2939.64062 -180.94307
2942.33179 -217.96252
2945.02417 -177.56111
2947.71582 -222.56903
2950.40796 -180.41933
2953.10107 -219.16765
2955.79199 -188.85448
2958.48364 -218.41991
2961.17627 -182.82405
2963.86768 -226.09924
2966.56006 -182.46584
2969.25171 -217.74661
2971.94580 -178.31195
2974.63599 -220.75325
2977.32812 -190.80016
2980.02148 -221.94736
2982.71045 -205.24506
2985.40381 -218.39969
2988.09448 -186.48692
2990.78906 -223.28508
2993.48145 -180.23529
2996.17139 -219.32921
2998.86499 -190.06448
3001.55640 -221.46933
3004.24829 -179.94438
3006.93945 -222.20609
3009.63330 -179.67355
3012.32422 -218.86644
3015.01587 -180.60843
3017.70850 -227.44862
3020.39819 -176.97638
3023.09229 -219.92442
3025.78369 -178.13438
3028.47437 -219.71214
3031.16724 -197.79953
3033.85938 -229.94258
3036.55029 -181.83618
3039.24341 -218.58945
3041.93457 -175.44681
3044.62598 -221.27463
3047.31958 -180.45531
3050.01099 -222.59209
3052.70288 -179.85056
3055.39551 -218.23213
3058.08716 -197.32970
3060.77930 -221.96242
3063.47070 -176.74982
3066.16309 -218.38097
3068.85742 -187.33099
3071.54907 -219.70995
3074.23975 -179.88785
3076.93115 -219.66318
3079.62305 -181.27382
3082.31567 -216.57561
3085.00732 -173.26381
3087.69800 -222.72859
3090.39087 -183.04056
3093.08301 -216.87735
3095.77393 -179.97438
3098.46704 -216.70497
3101.16089 -176.78722
3103.85010 -221.16833
3106.54199 -184.63921
3109.23584 -215.87119
3111.92725 -185.59383
3114.61914 -218.34911
3117.31177 -184.94476
3120.00293 -217.25662
3122.69507 -179.96808
3125.38770 -216.83720
3128.07739 -193.34987
3130.76929 -219.02534
3133.46216 -183.55234
3136.15527 -215.54062
3138.84570 -181.64153
3141.53833 -219.83067
3144.22998 -181.88695
3146.92407 -217.60968
3149.61523 -188.97098
3152.30835 -216.04108
3154.99878 -176.56863
3157.69141 -221.93947
3160.38306 -188.34904
3163.07520 -216.56503
3165.76611 -184.01697
3168.45752 -218.29176
3171.14966 -179.56027
3173.84229 -219.49927
3176.53345 -182.26309
3179.22705 -216.97621
3181.91943 -178.58545
3184.60913 -221.41130
3187.30249 -189.84940
3189.99487 -217.47545
3192.68774 -175.60469
3195.37744 -218.81975
3198.06934 -179.31525
3200.76196 -221.17780
3203.45337 -176.63538
3206.14526 -216.80785
3208.83936 -183.02330
3211.53052 -221.55533
3214.22168 -176.75435
3216.91406 -218.52139
3219.60669 -181.42036
3222.29761 -217.60378
3224.98975 -175.95319
3227.68164 -222.10800
3230.37256 -176.65146
3233.06763 -216.77031
3235.75781 -178.78070
3238.44995 -219.76526
3241.14111 -180.48401
3243.83423 -219.06779
3246.52612 -181.22374
3249.21851 -216.42021
3251.90942 -179.05801
3254.60083 -221.91551
3257.29272 -188.35321
3259.98682 -216.87151
3262.67798 -183.22884
3265.36914 -217.61197
3268.06299 -185.39922
3270.75342 -219.65765
3273.44604 -189.84271
3276.13916 -216.31816
3278.82910 -177.87578
3281.52124 -219.52650
3284.21362 -191.88261
3286.90479 -216.65154
3289.59814 -183.41286
3292.29004 -217.56444
3294.98242 -203.04085
3297.67334 -219.64645
3300.36475 -176.37904
3303.06006 -215.29443
3305.75000 -176.82181
3308.44043 -220.16333
3311.13525 -189.10196
3313.82666 -217.53374
3316.51636 -188.31172
3319.20874 -215.35609
3321.90137 -173.95093
3324.59375 -220.59668
3327.28516 -183.82442
3329.97681 -216.08052
3332.66895 -192.09178
3335.36133 -216.76166
3338.05420 -184.51135
3340.74512 -217.40025
3343.43872 -179.66476
3346.12891 -216.06538
3348.82104 -180.79387
3351.51343 -218.38129
3354.20435 -180.31120
3356.89746 -214.86221
3359.58936 -181.92572
3362.28149 -217.60487
3364.97192 -179.97887
3367.66455 -217.96684
3370.35547 -180.94440
3373.04883 -214.07913
3375.74219 -185.06021
3378.43237 -219.61765
3381.12451 -175.35616
3383.81689 -216.27759
3386.50781 -189.42941
3389.20117 -214.90244
3391.89233 -183.30045
3394.58447 -218.22250
3397.27637 -182.24614
3399.96851 -215.63626
3402.66113 -191.80583
3405.35205 -217.24017
3408.04541 -189.19252
3410.73682 -215.73778
3413.42822 -192.01369
3416.12036 -216.75459
3418.81250 -178.29359
3421.50513 -219.34322
3424.19580 -186.34740
3426.88696 -214.63356
3429.58008 -181.77798
3432.27344 -219.32265
3434.96338 -182.75496
3437.65747 -218.59525
3440.34766 -176.82681
3443.04199 -215.13089
3445.73096 -179.87106
3448.42383 -221.15636
3451.11670 -206.33238
3453.80811 -217.26825
3456.49951 -189.44145
3459.19165 -216.95578
3461.88354 -181.08194
3464.57544 -219.09570
3467.26807 -188.68561
3469.96045 -216.79326
3472.65332 -199.26497
3475.34424 -219.60233
3478.03711 -200.44763
3480.72656 -216.57970
3483.42188 -184.29919
3486.11353 -217.47604
3488.80151 -178.50342
3491.49561 -220.44296
3494.18799 -178.26480
3496.88013 -215.11844
3499.57056 -185.74742
3502.26318 -218.90709
3504.95605 -179.91170
3507.64697 -217.72446
3510.33984 -175.91232
3513.03125 -214.97762
3515.72266 -180.35721
3518.41431 -219.32881
3521.10791 -178.63528
3523.79980 -215.40379
3526.49170 -178.64732
3529.18359 -216.31212
3531.87549 -180.76413
3534.56787 -216.96761
3537.26050 -177.67125
3539.95264 -214.63083
3542.64551 -182.99858
3545.33643 -218.10573
3548.02710 -178.75172
3550.71997 -214.79941
3553.41284 -187.54977
3556.10376 -215.60509
3558.79517 -178.33696
3561.48657 -217.37915
3564.17969 -188.20956
3566.87109 -214.25269
3569.56274 -179.81723
3572.25391 -217.65215
3574.94580 -188.17171
3577.63940 -215.20328
3580.33105 -175.60208
3583.02295 -215.32498
3585.71509 -180.26285
3588.40698 -218.30467
3591.10083 -182.92545
3593.79102 -214.27248
3596.48291 -179.71965
3599.17700 -217.73683
3601.86719 -180.80768
3604.55933 -216.77655
3607.25146 -174.78090
3609.94385 -214.86559
3612.63403 -188.32802
3615.32617 -218.86836
3618.02051 -196.96390
3620.71094 -215.57164
3623.40112 -178.57939
3626.09375 -216.91760
3628.78613 -183.02773
3631.47827 -217.03477
3634.17090 -174.86172
3636.86133 -215.72212
3639.55542 -182.34334
3642.24805 -219.69318
3644.93799 -180.18718
3647.63062 -215.14542
3650.32080 -199.25630
3653.01514 -217.05490
3655.70532 -175.09184
3658.39746 -219.73625
3661.09180 -178.29840
3663.78198 -214.48790
3666.47437 -190.69276
3669.16846 -218.95096
3671.85840 -183.09685
3674.55054 -217.44260
3677.24072 -173.31181
3679.93433 -215.29968
3682.62646 -179.05278
3685.31836 -218.52574
3688.01001 -173.75789
3690.70166 -215.93831
3693.39331 -178.14607
3696.08691 -217.60835
3698.77661 -176.11969
3701.46997 -216.18259
3704.16138 -181.87471
3706.85278 -216.01698
3709.54590 -199.36642
3712.23901 -220.48024
3714.93213 -185.35942
3717.62329 -214.63907
3720.31396 -183.27953
3723.00684 -217.35210
3725.69775 -178.85893
3728.38818 -219.47026
3731.08276 -174.84138
3733.77319 -214.41138
3736.46753 -177.31393
3739.15771 -218.71408
3741.85181 -176.16077
3744.54370 -216.86607
3747.23535 -190.06227
3749.92529 -215.68129
3752.61914 -182.18953
3755.31030 -217.65947
3758.00171 -183.96530
3760.69287 -215.48334
3763.38599 -179.84064
3766.07690 -218.22148
3768.76978 -184.81445
3771.46240 -215.38753
3774.15503 -173.63542
3776.84546 -215.57863
3779.53760 -194.19577
3782.22949 -219.95569
3784.91943 -182.84106
3787.61328 -214.11275
3790.30493 -191.15704
3792.99658 -216.85593
3795.68750 -187.96574
3798.38086 -217.53529
3801.07397 -183.47993
3803.76660 -214.23645
3806.45728 -186.22255
3809.14941 -217.74831
3811.84180 -185.08887
3814.53394 -215.18510
3817.22363 -183.45638
3819.91724 -216.08031
3822.60889 -193.56830
3825.30225 -216.52324
3827.99341 -191.50604
3830.68408 -214.61827
3833.37671 -184.64598
3836.06934 -218.89407
3838.76196 -180.57266
3841.45386 -214.90363
3844.14575 -179.62459
3846.83740 -215.78702
3849.52881 -170.96329
3852.21973 -218.95387
3854.91089 -188.52902
3857.60376 -214.64203
3860.29639 -176.81503
3862.98853 -218.38245
3865.68091 -180.91235
3868.37256 -216.75511
3871.06641 -178.92021
3873.75757 -215.90875
3876.44678 -188.69861
3879.13965 -219.74582
3881.83228 -185.56664
3884.52490 -215.62637
3887.21704 -182.34792
3889.91089 -218.65633
3892.59814 -182.98518
3895.29175 -218.19473
3897.98535 -191.45050
3900.67822 -216.04980
3903.36865 -171.92252
3906.05859 -221.13152
3908.75098 -179.26416
3911.44263 -216.47354
3914.13623 -172.54723
3916.82959 -217.72624
3919.52051 -177.19168
3922.21338 -219.46373
3924.90356 -185.24995
3927.59570 -215.81194
3930.28955 -181.49194
3932.97900 -220.49677
3935.67236 -180.06323
3938.36548 -216.70949
3941.05591 -181.79370
3943.74854 -216.35144
3946.44043 -173.88547
3949.13208 -220.74042
3951.82349 -179.29362
3954.51440 -215.16907
3957.20728 -178.68532
3959.89990 -217.91365
3962.59229 -176.61087
3965.28418 -217.51727
3967.97559 -178.35622
3970.66675 -215.41638
3973.35962 -194.35371
3976.05225 -218.72067
3978.74243 -195.76622
3981.43652 -215.27095
3984.12817 -185.40677
3986.81909 -217.49153
3989.51221 -192.99883
3992.20483 -216.88013
3994.89722 -195.63019
3997.58667 -214.78355
4000.28052 -172.68158
4002.97144 -220.57103
4005.66431 -187.14531
4008.35693 -215.23955
4011.04883 -186.71442
4013.74072 -216.00722
4016.43213 -194.76979
4019.12305 -219.36615
4021.81592 -179.03835
4024.50806 -215.08319
4027.19995 -183.52731
4029.89136 -218.09067
4032.58252 -187.55699
4035.27563 -216.46654
4037.96777 -182.28809
4040.65967 -216.79236
4043.35156 -180.94858
4046.04272 -218.74696
4048.73560 -183.15741
4051.42822 -215.29088
4054.11816 -180.72415
4056.80957 -220.45145
4059.50562 -177.94298
4062.19629 -217.23143
4064.88672 -182.39359
4067.57861 -215.65666
4070.27295 -178.90308
4072.96167 -222.95471
4075.65454 -183.34508
4078.34717 -216.17325
4081.03955 -178.60918
4083.73315 -217.51028
4086.42212 -180.94592
4089.11719 -219.49202
4091.80762 -179.93062
4094.49951 -216.49753
4097.19092 -183.59325
4099.88379 -219.80536
4102.57471 -186.45926
4105.26709 -216.60762
4107.95850 -176.65421
4110.64990 -218.57802
4113.34326 -183.15782
4116.03564 -219.73898
4118.72754 -182.77080
4121.41943 -215.73099
4124.11035 -183.15175
4126.80322 -222.57007
4129.49561 -180.44534
4132.18750 -217.78493
4134.87891 -182.11365
4137.56934 -216.51027
4140.26221 -178.92912
4142.95605 -222.88380
4145.64551 -203.01764
4148.33887 -216.73465
4151.03125 -184.38263
4153.72363 -218.97401
4156.41553 -178.21205
4159.10840 -219.00803
4161.79932 -182.71297
4164.49170 -217.31415
4167.18311 -181.92505
4169.87207 -221.62543
4172.56738 -185.61362
4175.25781 -216.70988
4177.95166 -182.14214
4180.64307 -219.51714
4183.33594 -177.76602
4186.02832 -220.32059
4188.71777 -191.39526
4191.40918 -216.23994
4194.10449 -193.65099
4196.79248 -222.85431
4199.48438 -185.84146
4202.17822 -217.71033
4204.87109 -176.31805
4207.56348 -217.38298
4210.25488 -188.04088
4212.94385 -221.58769
4215.63916 -196.46379
4218.32959 -216.37662
4221.02148 -185.63972
4223.71240 -220.17213
4226.40527 -178.85059
4229.09766 -218.01489
4231.78955 -176.67354
4234.48291 -216.85655
4237.17334 -184.46330
4239.86523 -221.76657
4242.55713 -180.88800
4245.25000 -216.23825
4247.94287 -193.73224
4250.63281 -219.06546
4253.32617 -184.03981
4256.01709 -218.67072
4258.70947 -180.00778
4261.40137 -216.55252
4264.09229 -192.71523
4266.78516 -221.73395
4269.47754 -181.30569
4272.16895 -216.45085
4274.86279 -186.60492
4277.55273 -219.22382
4280.24463 -174.20973
4282.93848 -220.31308
4285.62939 -177.02637
4288.32129 -216.22112
4291.01318 -178.07010
4293.70654 -223.51659
4296.39697 -186.04819
4299.09131 -218.26036
4301.78027 -178.13306
4304.47314 -218.11533
4307.16602 -181.50092
4309.85742 -222.27728
4312.54834 -176.08899
4315.24121 -218.20186
4317.93311 -180.50476
4320.62451 -222.06604
4323.31738 -181.13199
4326.00732 -218.97186
4328.69922 -185.59633
4331.39453 -220.07666
4334.08740 -184.08025
4336.77686 -225.93575
4339.46777 -183.32190
4342.16064 -217.61882
4344.85254 -190.70731
4347.54639 -224.45148
4350.23730 -184.58221
4352.92676 -223.59212
4355.62354 -186.14043
4358.31152 -217.65773
4361.00439 -193.10812
4363.69629 -228.95178
4366.38965 -180.74625
4369.08008 -220.57643
4371.77197 -197.14059
4374.46582 -219.04915
4377.15625 -195.98505
4379.84814 -223.11250
4382.53955 -181.35497
4385.23291 -219.49911
4387.92529 -174.95308
4390.61621 -222.24396
4393.30957 -185.06667
4396.00000 -218.63728
4398.69385 -181.93950
4401.38477 -220.41354
4404.07715 -180.73709
4406.76904 -225.12682
4409.45996 -174.89188
4412.15283 -216.71829
4414.84473 -177.11835
4417.53564 -224.08325
4420.22852 -182.44002
4422.92041 -221.89618
4425.61133 -185.50917
4428.30420 -217.01006
4430.99609 -175.06451
4433.68750 -225.03351
4436.38037 -175.12862
4439.07227 -219.31195
4441.76318 -195.81593
4444.45605 -219.61850
4447.14844 -182.86285
4449.83936 -220.24265
4452.53223 -181.69467
4455.22461 -219.42410
4457.91553 -180.53125
4460.60840 -225.19244
4463.30029 -173.21220
4465.99170 -217.83681
4468.68457 -179.24197
4471.37646 -222.12111
4474.06787 -184.14583
4476.76074 -225.85184
4479.45264 -192.81544
4482.14355 -217.61867
4484.83594 -176.44278
4487.52832 -227.46487
4490.22168 -183.49355
4492.91162 -221.75749
4495.60596 -177.00963
4498.29688 -219.56554
4500.98926 -194.87849
4503.67871 -225.81482
4506.37158 -176.99197
4509.06445 -220.29228
4511.75586 -182.82921
4514.44873 -224.12877
4517.14111 -176.29779
4519.83008 -221.37201
4522.52344 -186.26735
4525.21777 -221.13315
4527.90918 -171.53822
4530.59961 -232.76210
4533.29150 -184.50946
4535.98242 -219.66476
4538.67480 -185.14311
4541.36914 -224.66118
4544.06006 -188.90645
4546.75000 -225.90598
4549.44434 -183.77568
4552.13770 -219.94380
4554.82715 -181.69962
4557.51855 -232.59319
4560.21143 -175.10390
4562.90088 -221.70337
4565.59473 -186.54306
4568.28711 -222.76068
4570.97900 -172.40781
4573.67236 -228.46576
4576.36230 -182.49802
4579.05371 -220.80560
4581.74707 -183.93442
4584.43896 -229.82605
4587.12988 -187.22057
4589.82324 -223.44621
4592.51465 -185.23462
4595.20557 -222.08456
4597.89844 -183.71690
4600.59229 -234.04002
4603.28516 -176.62392
4605.97510 -222.00613
4608.66602 -190.94656
4611.36133 -225.96272
4614.05322 -187.00041
4616.74414 -225.15758
4619.43408 -183.75710
4622.12549 -222.49777
4624.81836 -177.79114
4627.51025 -236.26685
4630.20166 -185.36082
4632.89453 -221.58987
4635.58594 -178.88844
4638.27930 -225.30434
4640.97119 -181.19493
4643.66016 -232.42604
4646.35547 -174.53976
4649.04980 -220.45525
4651.74072 -182.72763
4654.43066 -232.66499
4657.12207 -176.80527
4659.81250 -224.58992
4662.50684 -188.03654
4665.19775 -221.34692
4667.89014 -174.76999
4670.58398 -228.59669
4673.27441 -186.21657
4675.96680 -222.10832
4678.65771 -175.04117
4681.35010 -226.03551
4684.04395 -180.90578
4686.73486 -222.23827
4689.42676 -186.34322
4692.12012 -222.93852
4694.81055 -183.32143
4697.50195 -259.70703
4700.19482 -176.94788
4702.88672 -220.10509
4705.57812 -180.88261
4708.27051 -227.92697
4710.96191 -185.88477
4713.65527 -226.44868
4716.34473 -179.97597
4719.03809 -221.22549
4721.73047 -176.63936
4724.42188 -232.04163
4727.11475 -197.93445
4729.80664 -223.14977
4732.49756 -178.17990
4735.18994 -225.74954
4737.88135 -178.33252
4740.57373 -225.22188
4743.26562 -187.63109
4745.95898 -224.20282
4748.65137 -191.36827
4751.34229 -231.34367
4754.03467 -180.19350
4756.72656 -223.58482
4759.41699 -192.14909
4762.10889 -230.16425
4764.80225 -174.68639
4767.49463 -227.03969
4770.18604 -179.12041
4772.87891 -224.60831
4775.57031 -181.87411
4778.26123 -240.35703
4780.95312 -185.97879
4783.64697 -226.25920
4786.33936 -187.99132
4789.03076 -225.39436
4791.72070 -179.47594
4794.41309 -233.85091
4797.10596 -175.10999
4799.79834 -228.25349
4802.48926 -195.65802
4805.17969 -224.69148
4807.87061 -181.89969
4810.56348 -232.34846
4813.25830 -184.77597
4815.94873 -227.84753
4818.64111 -181.65358
4821.33203 -226.11958
4824.02441 -186.34444
4826.71631 -227.50554
4829.40918 -185.15468
4832.10059 -227.45221
4834.79395 -183.77383
4837.48633 -230.01598
4840.17725 -177.13731
4842.86963 -224.42761
4845.55811 -182.18279
4848.25391 -230.96652
4850.94531 -179.01302
4853.63818 -228.69307
4856.33008 -185.56689
4859.02100 -224.55945
4861.71094 -174.63014
4864.40430 -237.56914
4867.09668 -176.97040
4869.78857 -225.96161
4872.48145 -176.47229
4875.17041 -227.65024
4877.86621 -181.47337
4880.55566 -229.09734
4883.24902 -173.38879
4885.93848 -226.60173
4888.63232 -181.18806
4891.32471 -230.28148
4894.01611 -183.93248
4896.70898 -226.56650
4899.40332 -183.79980
4902.09375 -230.27505
4904.78564 -179.51070
4907.47607 -227.68716
4910.16846 -178.69214
4912.85938 -228.10983
4915.55469 -176.40903
4918.24561 -229.24538
4920.93799 -192.14505
4923.62939 -227.57361
4926.31982 -174.08147
4929.01416 -230.35643
4931.70459 -190.33925
4934.39648 -226.59340
4937.08691 -177.91454
4939.78223 -230.12221
4942.47266 -196.05051
4945.16211 -228.63596
4947.85596 -198.33887
4950.54590 -226.74384
4953.24023 -179.46089
4955.93311 -229.53592
4958.62402 -173.59625
4961.31738 -227.38448
4964.00928 -184.46942
4966.70215 -229.57925
4969.39160 -181.75397
4972.08447 -225.83591
4974.77686 -190.27844
4977.46777 -228.42070
4980.16016 -179.45161
4982.85352 -234.18309
4985.54297 -183.19025
4988.23438 -223.48228
4990.92969 -210.35606
4993.62109 -234.32831
4996.31152 -184.83252
4999.00293 -229.93526
5001.69531 -199.73863
5004.38721 -223.28757
5007.08057 -181.57083
5009.77197 -233.85596
5012.46240 -182.57608
5015.15430 -226.11646
5017.84766 -185.50978
5020.54004 -225.67862
5023.23047 -181.05209
5025.92285 -224.98404
5028.61377 -192.08740
5031.30615 -225.70859
5034.00293 -191.29376
5036.69238 -235.06003
5039.38330 -176.84903
5042.07568 -221.53134
5044.77002 -181.20157
5047.45996 -229.84830
5050.15381 -188.81418
5052.84375 -231.53325
5055.53516 -173.05005
5058.22510 -220.94318
5060.91943 -199.76556
5063.60938 -236.07408
5066.30127 -176.38365
5068.99414 -224.87085
5071.68848 -180.75050
5074.37891 -223.55827
5077.07324 -173.99605
5079.76123 -225.69562
5082.45557 -179.77139
5085.14893 -224.12163
5087.83789 -179.06651
5090.53125 -230.78885
5093.22314 -196.95038
5095.91650 -222.20227
5098.60840 -187.39046
5101.29883 -227.13449
5103.99121 -184.29420
5106.68408 -233.55101
5109.37354 -189.40945
5112.06689 -221.88853
5114.75928 -181.10765
5117.45020 -237.19553
5120.14160 -179.64890
5122.83252 -228.06119
5125.52734 -181.09009
5128.21826 -222.87730
5130.91309 -188.70099
5133.60400 -237.70589
5136.29346 -181.60452
5138.98682 -226.18831
5141.67920 -185.92607
5144.37256 -224.42139
5147.06152 -180.77521
5149.75537 -228.68721
5152.44727 -179.86746
5155.13770 -224.71671
5157.83008 -185.38483
5160.52051 -227.95453
5163.21289 -180.13188
5165.90625 -223.30980
5168.60107 -186.63991
5171.28906 -223.99780
5173.98389 -175.73996
5176.67432 -247.22765
5179.36621 -177.82272
5182.06006 -220.34293
5184.75146 -182.25919
5187.43896 -226.44701
5190.13379 -181.97623
5192.82422 -225.41583
5195.51855 -186.93178
5198.20898 -219.91737
5200.90088 -183.13501
5203.59424 -228.35791
5206.28613 -182.81908
5208.97900 -220.38127
5211.67041 -179.64061
5214.36084 -222.66187
5217.05518 -181.02202
5219.74805 -222.55786
5222.43652 -179.66586
5225.13232 -219.53601
5227.82031 -185.71191
5230.51025 -228.51997
5233.20410 -181.97055
5235.89746 -219.38158
5238.59131 -188.05495
5241.28125 -221.69832
5243.97461 -182.16792
5246.66455 -223.93068
5249.35547 -180.22235
5252.04785 -219.03764
5254.74121 -181.16289
5257.43359 -227.20282
5260.12695 -185.53201
5262.81641 -220.18666
5265.50977 -194.31882
5268.20117 -221.33752
5270.89160 -191.40620
5273.58643 -226.29193
5276.27637 -177.12286
5278.96777 -219.40561
5281.66064 -183.38071
5284.35547 -226.18790
5287.04541 -189.89183
5289.73633 -221.92650
5292.42920 -181.67329
5295.12012 -220.88455
5297.81299 -188.74529
5300.50684 -227.93593
5303.19873 -175.47169
5305.88965 -220.26752
5308.58203 -183.60260
5311.27246 -224.67471
5313.96729 -179.34360
5316.65771 -223.00240
5319.34619 -184.85367
5322.04004 -220.17252
5324.73389 -179.48575
5327.42432 -232.66138
5330.11523 -178.48569
5332.80811 -220.08109
5335.50244 -175.53920
5338.19434 -221.81331
5340.88574 -181.61458
5343.57471 -226.93462
5346.27148 -182.11572
5348.96045 -219.16795
5351.65430 -181.25366
5354.34326 -224.57022
5357.03613 -178.30092
5359.72754 -221.17325
5362.42090 -186.26666
5365.11230 -220.39180
5367.80762 -189.76489
5370.49609 -224.14398
5373.18848 -185.82272
5375.87939 -219.01855
5378.57178 -172.45419
5381.26514 -224.63351
5383.95410 -183.06842
5386.65039 -220.67250
5389.34180 -197.53246
5392.03516 -218.88693
5394.72656 -182.84181
5397.41650 -230.44934
5400.10742 -179.82924
5402.80273 -218.64700
5405.49072 -201.39801
5408.18604 -220.50763
5410.87646 -174.60432
5413.56836 -223.48436
5416.26172 -187.62952
5418.95020 -218.42989
5421.64307 -185.59473
5424.33496 -222.47418
5427.03027 -177.62778
5429.72119 -219.07181
5432.41016 -186.58391
5435.10449 -220.01723
5437.79590 -189.64432
5440.48926 -221.29691
5443.18115 -176.40103
5445.87109 -217.26105
5448.56543 -187.96135
5451.25537 -223.98653
5453.94971 -180.74875
5456.64160 -218.45399
5459.33203 -197.56433
5462.02441 -217.26314
5464.71777 -181.65962
5467.40674 -223.92537
5470.09961 -182.67868
5472.79053 -216.88165
5475.48340 -186.89951
5478.17432 -218.89172
5480.86670 -203.22182
5483.56006 -218.91652
5486.25244 -177.71651
5488.94238 -217.39635
5491.63379 -190.42198
5494.32666 -220.43367
5497.01758 -177.97495
5499.71094 -216.41008
5502.40430 -182.99852
5505.09668 -220.07442
5507.78711 -190.06436
5510.47852 -219.02411
5513.16846 -186.13712
5515.86328 -216.28947
5518.55518 -180.86736
5521.24609 -223.45453
5523.93848 -178.47311
5526.62891 -217.55869
5529.32373 -179.86617
5532.01709 -218.36182
5534.70898 -182.47661
5537.40137 -221.26314
5540.09229 -181.52422
5542.78125 -217.65022
5545.47461 -186.47937
5548.16699 -222.07246
5550.85986 -181.09268
5553.55176 -218.72041
5556.24121 -180.29674
5558.93555 -219.53975
5561.62793 -173.19023
5564.31836 -223.72722
5567.00977 -182.73557
5569.70264 -217.96132
5572.39453 -178.70168
5575.08740 -222.67834
5577.77832 -177.75513
5580.46973 -220.86909
5583.16406 -180.49640
5585.85547 -218.25053
5588.54541 -184.64888
5591.23633 -224.73961
5593.92969 -189.18268
5596.62354 -218.28772
5599.31543 -178.29514
5602.00586 -219.69757
5604.70020 -173.32977
5607.39014 -221.39641
5610.08105 -182.82196
5612.77637 -216.87985
5615.46777 -174.43892
5618.15918 -221.81926
5620.85254 -182.46774
5623.54395 -217.71867
5626.23633 -193.41895
5628.92773 -217.03761
5631.61670 -179.17172
5634.31055 -220.63860
5637.00195 -188.98170
5639.69775 -216.10744
5642.38867 -184.97163
5645.08105 -218.53229
5647.77148 -181.94049
5650.46387 -216.99449
5653.15381 -191.78937
5655.84521 -216.46759
5658.53760 -175.72023
5661.23145 -219.23917
5663.92383 -203.63744
5666.61377 -215.02196
5669.30566 -185.93237
5671.99805 -218.77888
5674.69238 -181.02481
5677.38477 -217.62509
5680.07520 -186.64604
5682.76660 -214.98383
5685.45654 -186.99004
5688.15039 -220.31351
5690.83984 -183.80450
5693.53418 -216.23212
5696.22559 -181.76486
5698.91553 -216.58377
5701.61035 -183.17732
5704.30225 -217.99586
5706.99268 -189.38200
5709.68506 -216.47945
5712.38086 -193.96875
5715.06934 -219.15295
5717.76172 -179.93918
5720.45312 -215.80765
5723.14453 -190.48573
5725.83447 -218.28505
5728.52930 -182.16386
5731.22168 -219.77908
5733.91211 -183.19194
5736.60742 -215.00827
5739.29443 -182.93881
5741.98926 -220.98174
5744.68213 -175.37245
5747.37256 -218.16489
5750.06445 -183.04601
5752.75781 -215.66479
5755.44922 -191.76190
5758.14160 -220.50490
5760.83545 -182.29218
5763.52783 -216.95045
5766.21777 -179.94826
5768.90918 -217.57487
5771.60156 -182.06799
5774.29590 -217.36125
5776.98438 -175.98419
5779.67725 -217.22610
5782.36865 -189.30397
5785.06104 -220.06441
5787.75488 -184.60901
5790.44385 -215.45627
5793.13672 -178.99283
5795.82764 -219.06458
5798.52051 -179.17432
5801.21387 -219.80624
5803.90576 -187.86993
5806.59863 -215.08823
5809.28955 -181.69048
5811.98193 -221.09357
5814.67236 -188.39987
5817.36719 -217.89195
5820.05664 -185.83025
5822.74805 -216.32141
5825.43994 -179.00674
5828.13281 -219.82500
5830.82764 -183.14449
5833.51758 -216.94154
5836.20801 -186.28165
5838.90039 -218.71858
5841.59277 -182.41852
5844.28418 -217.09019
5846.97705 -181.16615
5849.66748 -217.22983
5852.35889 -179.72020
5855.05176 -220.58890
5857.74609 -177.60707
5860.43506 -215.42442
5863.12891 -178.20775
5865.82324 -218.57208
5868.51270 -194.69572
5871.20654 -218.71028
5873.89551 -179.12546
5876.58887 -214.92001
5879.27979 -177.84605
5881.97266 -219.36612
5884.66602 -174.87390
5887.35791 -216.00111
5890.04785 -177.56223
5892.74170 -215.79349
5895.43359 -181.65273
5898.12695 -217.52583
5900.81494 -186.40443
5903.51074 -214.73703
5906.19824 -184.75018
5908.89355 -217.51212
5911.58643 -187.38835
5914.27734 -215.04178
5916.96973 -177.44569
5919.65918 -215.07797
5922.35107 -185.56831
5925.04395 -217.46390
5927.73730 -183.90182
5930.42578 -214.01996
5933.11963 -176.74783
5935.81055 -216.85301
5938.50293 -179.27487
5941.19238 -215.45851
5943.88721 -182.66960
5946.58008 -214.75081
5949.27051 -179.99402
5951.96582 -217.98064
5954.65576 -195.13525
5957.34668 -214.31021
5960.03857 -178.00456
5962.73193 -217.03569
5965.42383 -182.61378
5968.11572 -216.97763
5970.80615 -173.71878
5973.49854 -214.94769
5976.19141 -177.64128
5978.88184 -219.13962
5981.57422 -183.86971
5984.26758 -216.09467
5986.95850 -183.29594
5989.65088 -217.18546
5992.34131 -181.14186
5995.03613 -218.19542
5997.72559 -183.63455
6000.41992 -216.38867
6003.11475 -186.50623
6005.80469 -220.55894
6008.49561 -200.76857
6011.18750 -216.55827
6013.87793 -177.96037
6016.57275 -217.77478
6019.26514 -184.85579
6021.95557 -221.78795
6024.64746 -179.26216
6027.33984 -215.52953
6030.03027 -182.42845
6032.72266 -219.44727
6035.41943 -176.18105
6038.10645 -219.13303
6040.79883 -179.60838
6043.49219 -215.49529
6046.18359 -172.49707
6048.87646 -219.49185
6051.56689 -194.83128
6054.25830 -216.64584
6056.95068 -183.85115
6059.64160 -216.68515
6062.33643 -178.23958
6065.02637 -216.82668
6067.71729 -175.08609
6070.41260 -215.55539
6073.10254 -177.31104
6075.79395 -218.87590
6078.48633 -185.16962
6081.17969 -214.54140
6083.87109 -178.29767
6086.56006 -216.05727
6089.25391 -186.60503
6091.94580 -218.87502
6094.63867 -181.61234
6097.33203 -213.75977
6100.02441 -176.60625
6102.71729 -217.15706
6105.40820 -180.90219
6108.09668 -216.40738
6110.79004 -183.85780
6113.48096 -214.66711
6116.17285 -184.17601
6118.86670 -216.89432
6121.55469 -187.34398
6124.25342 -215.02754
6126.94092 -194.13496
6129.63184 -217.16896
6132.32471 -176.72467
6135.02197 -215.27032
6137.70996 -188.22592
6140.40283 -215.11394
6143.09375 -181.19508
6145.78564 -219.47046
6148.47852 -182.53085
6151.17236 -214.19841
6153.86133 -182.88655
6156.55762 -216.45197
6159.24512 -193.84361
6161.93750 -218.10008
6164.63086 -178.83151
6167.32178 -214.38065
6170.01416 -196.90637
6172.70410 -217.70543
6175.39844 -178.98776
6178.09082 -215.76477
6180.78125 -182.07613
6183.47217 -215.91193
6186.16797 -181.73729
6188.85840 -216.95995
6191.54980 -188.43781
6194.24268 -214.87370
6196.93311 -176.95691
6199.62451 -218.64037
6202.31738 -181.84155
6205.01074 -215.37846
6207.70264 -189.93344
6210.39258 -215.56348
6213.08594 -184.77405
6215.77832 -219.38297
6218.47119 -182.59706
6221.15771 -214.72018
6223.85303 -205.92746
6226.54688 -217.65843
6229.23730 -185.04134
6231.92871 -217.26762
6234.62207 -191.20456
6237.31250 -215.67078
6240.00488 -186.69887
6242.70117 -219.49083
6245.39258 -178.46916
6248.08105 -215.91185
6250.77393 -180.88522
6253.46875 -218.08722
6256.15723 -184.74219
6258.85010 -218.56239
6261.54102 -179.97830
6264.23340 -216.07921
6266.92627 -180.12601
6269.62109 -221.00835
6272.30957 -189.42818
6275.00293 -217.04057
6277.69434 -192.95805
6280.38623 -217.52660
6283.07617 -180.36668
6285.77051 -220.41096
6288.45898 -184.83455
6291.15625 -216.11128
6293.84326 -181.48547
6296.53906 -219.71872
6299.22900 -187.17186
6301.91992 -217.46500
6304.61230 -188.07997
6307.30518 -216.10889
6309.99609 -186.52765
6312.68848 -220.57909
6315.38184 -177.48026
6318.07324 -215.31526
6320.76465 -180.08910
6323.45801 -216.92221
6326.14941 -180.01309
6328.84180 -217.63644
6331.53076 -177.68694
6334.22559 -214.66696
6336.91797 -182.35393
6339.61035 -217.58540
6342.30176 -182.53407
6344.99316 -214.90044
6347.68652 -177.45340
6350.37695 -215.86542
6353.06934 -181.27213
6355.76221 -216.20149
6358.45312 -180.83084
6361.14502 -213.85724
6363.83496 -180.66219
6366.52881 -218.14450
6369.22070 -178.26254
6371.90967 -214.44585
6374.60400 -187.80922
6377.29541 -214.60159
6379.98828 -181.59578
6382.67871 -217.96716
6385.37061 -186.83452
6388.06689 -214.23648
6390.75391 -181.11407
6393.45215 -216.58649
6396.13770 -192.80304
6398.83203 -215.75366
6401.52637 -181.44156
6404.21875 -215.90984
6406.90918 -199.74544
6409.60010 -217.81903
6412.28955 -178.49336
6414.98633 -214.87433
6417.67773 -191.03938
6420.37012 -219.74661
6423.05957 -175.11302
6425.75098 -217.33414
6428.44287 -178.64787
6431.13574 -215.66977
6433.82715 -176.20776
6436.51855 -223.07681
6439.20850 -181.80896
6441.90625 -216.77527
6444.59473 -180.75877
6447.29053 -217.66422
6449.97803 -186.07533
6452.66992 -220.58051
6455.36230 -186.12415
6458.05957 -217.15422
6460.74756 -184.72577
6463.44043 -220.11217
6466.13379 -182.65454
6468.82520 -217.67882
6471.51807 -178.01685
6474.20801 -218.52841
6476.89893 -179.23543
6479.59082 -220.34521
6482.28076 -195.91872
6484.97510 -216.03990
6487.67090 -176.42102
6490.35693 -221.37903
6493.05127 -183.06569
6495.74268 -218.18068
6498.43555 -178.14429
6501.12988 -215.94725
6503.81787 -181.96191
6506.51074 -222.57167
6509.20410 -177.87827
6511.89551 -216.42258
6514.58789 -179.99438
6517.28125 -217.33110
6519.97266 -183.88309
6522.66113 -218.84685
6525.35840 -186.66049
6528.04590 -216.32153
6530.73730 -189.60718
6533.43359 -219.56882
6536.12500 -175.98596
6538.81299 -216.19676
6541.50586 -175.56824
6544.19922 -217.96729
6546.89453 -183.41643
6549.58398 -219.29398
6552.27344 -185.79543
6554.96826 -215.36987
6557.65674 -183.77553
6560.35059 -220.73192
6563.04150 -184.49408
6565.73291 -217.17661
6568.42969 -183.26778
6571.12061 -216.27721
6573.80859 -182.46277
6576.50146 -220.66205
6579.19482 -185.11572
6581.88672 -215.91380
6584.57910 -189.08171
6587.27246 -218.50262
6589.96338 -182.08534
6592.65576 -217.57242
6595.34570 -178.42407
6598.03955 -216.05965
6600.72803 -192.85126
6603.42090 -220.24208
6606.11523 -180.55562
6608.80615 -215.67462
6611.49902 -200.31750
6614.19238 -217.77673
6616.88428 -173.91309
6619.57275 -218.14365
6622.26562 -186.21165
6624.95654 -215.53839
6627.64844 -179.09720
6630.34180 -219.88535
6633.03613 -188.90541
6635.72705 -215.81914
6638.41992 -180.70732
6641.10938 -217.51199
6643.80469 -188.80919
6646.49365 -219.15381
6649.18262 -180.61201
6651.87744 -215.43153
6654.56934 -186.47726
6657.26270 -221.06271
6659.95215 -180.75764
6662.64404 -217.37622
6665.33691 -196.57753
6668.03027 -217.09497
6670.72168 -177.50285
6673.41357 -221.05186
6676.10742 -186.11786
6678.79785 -217.43198
6681.48926 -180.06931
6684.18213 -221.14180
6686.87598 -184.74652
6689.56738 -218.73488
6692.25635 -179.95374
6694.95020 -219.70610
6697.64111 -185.39279
6700.33643 -225.64523
6703.02637 -175.92984
6705.71680 -217.86656
6708.41211 -185.27562
6711.10059 -224.21472
6713.79443 -180.61284
6716.48535 -224.67351
6719.17773 -181.30971
6721.87061 -218.12048
6724.56152 -181.82021
6727.25342 -229.68764
6729.94629 -179.42009
6732.63623 -221.61014
6735.32764 -187.12695
6738.02344 -218.65727
6740.71338 -184.52902
6743.40381 -224.83504
6746.09961 -179.61098
6748.78906 -219.27228
6751.48340 -182.12329
6754.17432 -220.30405
6756.86719 -182.20079
6759.55664 -219.02478
6762.25146 -188.27243
6764.93945 -218.77084
6767.63232 -179.86726
6770.32666 -222.27739
6773.01807 -185.88799
6775.71094 -215.90308
6778.40088 -177.68340
6781.09180 -220.44255
6783.78711 -180.57251
6786.47705 -220.16301
6789.17090 -187.06255
6791.86279 -215.29666
6794.55127 -183.07632
6797.24512 -221.74911
6799.93604 -186.01570
6802.62793 -217.53987
6805.32129 -179.14684
6808.01172 -217.04900
6810.70312 -189.02686
6813.39551 -218.48082
6816.08936 -184.09297
6818.78418 -217.17711
6821.47217 -193.73109
6824.16504 -221.10918
6826.85547 -190.80602
6829.55078 -216.20618
6832.23926 -188.52702
6834.92920 -219.47478
6837.62402 -178.31564
6840.31982 -222.72295
6843.00879 -176.64011
6845.69922 -216.20468
6848.39062 -182.78499
6851.08350 -223.59200
6853.77686 -188.07230
6856.46729 -220.19649
6859.15918 -174.38609
6861.85156 -218.38698
6864.54590 -174.95972
6867.23730 -223.58194
6869.92969 -178.96062
6872.61914 -219.51437
6875.31348 -183.23918
6878.00537 -223.14357
6880.69385 -178.67354
6883.38818 -220.73328
6886.07910 -183.18675
6888.77148 -220.61665
6891.46436 -179.10924
6894.15479 -230.57170
6896.85010 -179.86067
6899.54199 -219.24837
6902.23193 -202.06371
6904.92676 -223.74954
6907.61475 -179.88121
6910.30811 -226.35991
6912.99805 -191.23640
6915.68945 -219.33479
6918.38574 -183.09625
6921.07471 -229.48717
6923.76953 -198.46028
6926.45752 -221.67668
6929.14990 -186.10033
6931.84766 -221.21646
6934.53516 -189.26979
6937.22656 -227.87891
6939.92383 -177.88550
6942.61328 -220.16672
6945.30176 -187.78694
6947.99365 -226.51857
6950.68750 -176.90482
6953.37793 -222.94727
6956.07324 -192.26952
6958.76221 -220.93851
6961.45557 -186.68517
6964.14648 -232.95566
6966.83887 -181.13806
6969.53174 -220.99326
6972.22217 -173.25127
6974.91406 -224.15790
6977.60645 -188.84796
6980.29980 -225.27946
6982.99365 -180.51628
6985.68555 -221.18417
6988.37451 -187.64552
6991.06836 -231.06676
6993.75928 -180.13959
6996.45068 -221.26143
6999.14355 -186.83852
7001.83398 -222.78436
7004.52930 -177.17415
7007.21729 -231.90672
7009.91113 -180.95657
7012.60156 -219.34204
7015.29297 -178.75940
7017.98535 -226.87363
7020.67871 -184.81429
7023.37354 -223.58719
7026.06543 -191.25381
7028.75439 -219.32741
7031.44824 -188.06230
7034.13965 -226.71066
7036.83105 -178.94991
7039.52441 -219.97731
7042.21436 -179.29640
7044.90625 -222.24240
7047.59814 -181.29895
7050.29199 -220.59062
7052.98242 -184.97015
7055.67773 -219.66980
7058.36963 -178.47849
7061.05566 -229.69794
7063.75439 -185.68282
7066.44238 -217.93155
7069.13867 -179.99580
7071.82861 -222.35785
7074.51562 -185.00580
7077.21143 -223.82492
7079.90430 -182.11627
7082.59473 -218.42064
7085.28564 -185.50838
7087.97803 -225.39017
7090.67139 -178.60710
7093.36133 -220.09822
7096.05273 -184.13390
7098.74512 -223.17928
7101.43848 -178.08856
7104.12891 -222.20929
7106.82422 -180.17593
7109.51709 -220.71878
7112.20264 -187.17986
7114.89746 -253.32436
7117.58887 -200.93953
7120.28223 -220.89676
7122.97559 -179.62306
7125.66650 -225.97716
7128.35840 -180.77216
7131.05078 -225.93341
7133.74072 -179.61557
7136.43604 -223.41229
7139.12402 -181.69958
7141.82080 -247.95842
7144.51123 -188.96350
7147.20215 -224.24319
7149.89453 -183.46057
7152.58740 -226.62433
7155.27783 -191.58272
7157.97314 -232.30304
7160.66113 -179.90427
7163.35449 -227.76880
7166.04492 -180.55536
7168.74023 -224.26895
7171.42871 -203.63734
7174.11816 -234.97375
7176.81201 -177.06760
7179.50781 -227.78134
7182.19678 -188.72119
7184.89014 -224.39334
7187.58398 -178.82576
7190.27588 -227.67094
7192.96436 -178.62036
7195.65820 -224.53178
7198.34912 -176.46722
7201.04443 -232.19958
7203.73291 -180.10013
7206.42285 -222.25156
7209.11719 -180.69727
7211.80908 -226.32829
7214.50195 -182.59775
7217.19531 -229.64394
7219.88672 -176.20468
7222.57812 -221.30145
7225.27100 -181.19756
7227.96094 -236.21533
7230.65527 -176.69885
7233.34717 -222.80157
7236.03564 -180.39003
7238.72998 -224.95871
7241.42480 -177.14607
7244.11230 -226.91977
7246.80566 -190.62315
7249.49951 -222.35109
7252.18994 -181.14479
7254.88232 -241.09578
7257.57080 -193.66711
7260.26855 -222.92419
7262.95508 -180.18173
7265.64746 -226.44470
7268.34033 -182.81245
7271.03418 -227.90508
7273.72510 -180.28554
7276.41650 -223.48647
7279.10938 -204.26836
7281.79932 -240.76385
7284.49463 -190.72353
7287.18652 -224.36749
7289.87891 -185.24638
7292.56445 -227.70140
7295.25977 -175.29808
7297.95166 -228.98926
7300.64453 -183.03381
7303.33447 -224.99005
7306.03271 -182.45003
7308.72070 -234.37483
7311.41357 -180.15625
7314.10693 -225.37946
7316.79785 -195.76033
7319.48975 -228.32413
7322.18262 -179.89934
7324.87256 -230.27400
7327.56299 -175.60431
7330.25439 -225.49690
7332.94727 -185.25549
7335.64062 -230.02579
7338.33105 -181.48027
7341.02734 -227.34154
7343.71973 -194.91760
7346.40918 -228.17657
7349.10400 -177.14287
7351.79492 -226.26747
7354.48340 -180.99132
7357.17725 -227.72275
7359.86768 -177.48373
7362.56299 -234.23116
7365.25586 -177.45618
7367.94482 -223.51607
7370.63525 -180.15712
7373.33057 -233.17953
7376.01855 -179.68384
7378.71191 -228.85492
7381.40625 -179.22011
7384.09277 -223.81726
7386.78955 -182.19946
7389.48242 -228.53194
7392.17285 -182.45688
7394.86377 -225.44225
7397.55566 -197.24844
7400.24902 -229.87901
7402.93896 -187.45747
7405.63379 -222.19341
7408.32568 -182.44223
7411.01855 -228.02629
7413.70410 -187.33937
7416.39893 -233.33914
7419.09082 -185.51100
7421.78320 -220.74226
7424.47266 -182.75345
7427.16357 -237.39954
7429.85889 -181.12463
7432.55176 -224.18066
7435.24512 -181.99152
7437.93945 -223.43706
7440.62695 -180.48042
7443.31934 -224.77785
7446.01270 -186.64035
7448.70654 -223.04475
7451.39404 -190.87498
7454.08984 -235.24637
7456.77930 -197.20026
7459.47314 -221.43056
7462.16406 -190.37180
7464.85156 -227.47031
7467.54883 -179.73274
7470.23877 -227.23169
7472.92969 -186.56369
7475.62549 -222.49605
7478.31348 -183.49820
7481.00781 -238.05486
7483.69824 -182.25044
7486.39355 -223.64105
7489.08203 -181.21460
7491.77539 -227.50607
7494.46582 -185.45459
7497.15723 -228.14984
7499.85352 -182.25053
7502.54199 -226.69533
7505.23633 -181.58142
7507.92725 -225.75250
7510.61963 -187.35567
7513.31250 -228.91347
7516.00195 -180.73218
7518.69238 -232.70125
7521.38867 -175.18730
7524.08154 -223.66438
7526.77051 -184.66212
7529.46533 -230.60329
7532.15283 -184.24623
7534.84473 -225.63762
7537.54199 -181.07504
7540.23242 -228.11864
7542.91943 -186.24734
7545.61572 -222.49565
7548.30859 -182.75327
7550.99854 -224.88971
7553.68945 -178.93697
7556.38135 -234.00040
7559.07422 -183.37465
7561.76758 -219.77156
7564.45801 -178.26271
7567.14941 -229.68542
7569.84180 -181.72424
7572.53516 -222.01717
7575.22510 -170.56073
7577.92041 -221.01541
7580.60840 -194.92581
7583.30127 -224.61806
7585.99561 -187.87511
7588.69092 -219.38496
7591.37793 -184.26421
7594.07129 -227.47255
7596.76025 -176.94431
7599.45508 -219.77698
7602.14600 -192.56624
7604.83447 -220.91129
7607.53174 -176.67210
7610.22217 -225.75174
7612.91699 -176.78772
7615.60938 -218.78055
7618.29785 -183.47134
7620.99170 -226.48918
7623.67773 -180.68040
7626.37793 -220.50377
7629.06641 -173.38406
7631.75977 -220.97078
7634.45020 -177.96371
7637.14551 -227.16673
7639.83789 -181.62373
7642.53027 -219.58205
7645.21680 -183.21109
7647.90723 -226.87746
7650.60303 -178.38506
7653.29150 -222.34229
7655.98926 -182.62259
7658.67578 -221.19882
7661.37158 -180.48903
7664.05957 -230.67186
7666.75244 -183.10216
7669.44629 -220.67078
7672.13770 -186.39555
7674.82910 -225.73232
7677.52197 -185.84909
7680.21191 -224.55688
7682.90625 -175.46858
7685.59766 -220.92688
7688.29053 -188.93303
7690.98340 -238.23058
7693.67285 -191.21823
7696.36816 -221.27342
7699.05664 -193.34471
7701.74902 -222.87701
7704.43848 -197.03886
7707.13330 -228.63597
7709.82471 -187.60095
7712.51709 -220.44495
7715.21045 -183.97539
7717.90479 -227.49666
7720.59570 -188.24637
7723.28711 -222.54393
7725.97607 -184.98495
7728.66992 -221.84280
7731.36475 -182.78313
7734.05176 -228.52786
7736.74365 -184.32541
7739.43750 -220.47060
7742.13135 -185.37100
7744.82227 -226.83209
7747.51416 -190.43103
7750.20703 -223.90819
7752.89600 -184.10358
7755.59082 -220.79625
7758.28223 -185.19951
7760.97461 -245.44585
7763.66309 -188.86671
7766.35742 -221.28824
7769.04834 -184.11734
7771.74023 -222.41112
7774.43262 -183.17578
7777.12646 -229.00241
7779.81641 -181.93475
7782.50781 -220.09398
7785.19971 -194.82755
7787.89258 -224.94116
7790.58203 -182.90695
7793.27734 -222.17012
7795.96875 -185.79694
7798.66162 -220.10204
7801.35059 -188.77545
7804.04492 -224.40320
7806.74023 -181.96889
7809.42773 -218.38986
7812.12012 -181.32286
7814.81445 -222.67433
7817.50488 -177.34259
7820.19580 -219.91035
7822.88818 -193.41655
7825.58154 -217.06886
7828.27148 -183.28511
7830.96191 -225.71321
7833.65771 -177.55966
7836.34668 -216.91878
7839.04004 -180.94672
7841.73389 -217.83966
7844.42480 -177.98131
7847.11719 -219.64780
7849.80566 -183.40547
7852.49951 -216.45833
7855.18994 -178.47209
7857.88574 -219.69112
7860.57373 -190.64421
7863.26660 -216.05711
7865.96143 -180.50435
7868.65186 -218.71933
7871.34326 -180.39656
7874.03613 -218.82225
7876.72949 -180.50226
7879.41943 -215.43553
7882.11035 -193.69069
7884.80664 -222.51434
7887.49512 -184.84454
7890.18945 -217.12538
7892.87988 -190.15233
7895.57080 -217.53528
7898.26709 -176.92340
7900.95605 -220.97980
7903.64551 -190.06526
7906.34033 -217.51997
7909.03223 -180.83484
7911.72461 -222.25938
7914.41797 -183.81848
7917.10742 -218.69870
7919.79883 -176.26784
7922.49023 -220.27283
7925.18750 -182.03792
7927.87646 -225.62683
7930.56689 -179.46545
7933.26221 -218.74992
7935.94971 -184.78113
7938.64258 -225.60876
7941.33691 -182.84146
7944.02734 -223.50920
7946.72266 -181.52094
7949.41455 -219.87802
7952.10352 -196.55511
7954.79736 -231.00525
7957.48779 -192.20320
7960.18359 -220.75952
7962.87158 -175.37199
7965.56543 -221.03546
7968.25488 -181.41704
7970.94971 -226.15543
7973.64160 -181.06393
7976.32910 -218.52933
7979.02295 -185.41946
7981.71777 -223.18929
7984.40869 -179.08235
7987.10010 -220.05614
7989.79248 -178.98174
7992.48633 -217.67838
7995.17627 -183.16235
7997.86719 -223.42938
8000.55957 -179.82860
8003.24756 -217.01016
8005.94629 -180.72815
8008.63672 -218.87674
8011.32764 -182.26921
8014.01904 -218.78548
8016.71289 -182.28268
8019.40625 -216.56102
8022.09668 -195.87610
8024.78809 -220.40062
8027.47998 -173.95462
8030.16895 -215.75493
8032.86230 -179.61511
8035.55273 -218.38341
8038.24902 -173.03310
8040.93701 -218.84776
8043.62988 -177.78369
8046.32373 -215.07797
8049.01465 -180.42656
8051.70605 -221.03886
8054.39893 -186.61748
8057.09180 -216.80318
8059.78125 -176.79338
8062.47656 -216.22675
8065.16357 -178.89699
8067.86084 -219.19170
8070.54932 -176.60680
8073.23926 -216.25902
8075.93018 -180.77231
8078.62598 -218.71751
8081.31836 -179.93100
8084.01172 -216.26564
8086.70166 -191.80595
8089.39258 -217.47159
8092.08447 -188.11734
8094.78076 -220.09903
8097.46582 -184.53229
8100.16016 -214.81940
8102.85107 -188.85173
8105.54688 -219.88167
8108.23486 -184.63348
8110.92822 -218.24706
8113.62256 -190.77121
8116.31348 -214.96579
8119.00488 -190.41260
8121.69824 -220.39827
8124.39160 -177.28094
8127.08105 -216.63501
8129.77148 -186.43842
8132.46826 -216.79825
8135.15625 -177.57837
8137.84961 -217.39912
8140.54395 -185.64883
8143.23486 -216.66261
8145.92676 -194.43799
8148.61426 -219.82217
8151.31250 -188.03615
8154.00195 -215.36687
8156.69336 -181.76141
8159.38916 -218.79152
8162.08203 -183.21135
8164.77051 -220.72490
8167.46533 -181.15680
8170.15576 -215.30730
8172.84277 -186.93996
8175.53955 -221.99297
8178.23291 -182.98372
8180.92285 -219.09267
8183.61816 -182.26395
8186.30469 -217.00537
8188.99707 -172.20284
8191.68652 -221.81291
8194.38086 -189.70894
8197.07520 -218.53850
8199.76660 -179.29993
8202.45508 -220.24536
8205.14746 -190.74811
8207.84180 -219.37248
8210.53320 -176.69675
8213.22363 -218.87300
8215.91992 -193.06566
8218.60938 -223.37567
8221.30273 -179.12900
8223.99316 -217.16194
8226.68555 -191.49745
8229.37695 -219.66090
8232.06543 -200.81213
8234.76367 -221.85779
8237.45410 -185.05545
8240.14551 -215.68724
8242.83789 -185.26291
8245.52637 -220.41013
8248.21973 -176.21776
8250.91406 -217.53621
8253.60059 -180.59366
8256.30176 -215.39687
8258.99023 -182.73480
8261.68359 -218.67134
8264.37402 -175.56413
8267.06934 -214.91769
8269.76074 -182.36821
8272.44922 -216.63503
8275.13770 -175.07085
8277.83203 -215.45152
8280.52246 -182.11220
8283.21875 -214.36125
8285.91113 -174.14787
8288.59961 -217.30119
8291.29492 -185.91771
8293.98926 -213.56464
8296.67578 -172.58575
8299.37305 -215.57895
8302.06152 -193.90656
8304.75098 -215.42973
8307.44141 -177.45277
8310.13770 -213.71278
8312.82910 -186.44919
8315.52246 -217.15091
8318.21191 -188.81329
8320.90137 -213.91739
8323.59668 -184.42241
8326.28906 -215.66513
8328.98242 -179.55424
8331.67090 -216.56665
8334.36523 -180.52341
8337.05566 -214.17133
8339.74707 -191.26254
8342.44043 -218.26244
8345.13379 -188.40411
8347.82324 -215.64967
8350.51367 -187.52106
8353.20508 -216.38300
8355.90234 -188.26436
8358.59082 -218.33070
8361.28418 -181.29919
8363.97949 -215.94371
8366.67090 -183.66486
8369.35742 -220.03659
8372.05078 -187.12610
8374.74414 -216.88329
8377.43945 -182.74397
8380.12988 -217.46837
8382.81641 -178.46910
8385.51465 -222.60809
8388.20312 -183.86493
8390.89746 -216.04944
8393.58789 -184.19333
8396.27930 -219.59695
8398.97168 -188.22597
8401.66504 -220.39215
8404.35449 -177.45480
8407.04883 -215.90758
8409.74023 -199.52419
8412.43262 -220.52122
8415.12109 -184.62509
8417.81445 -217.60599
8420.50879 -192.26410
8423.20020 -217.01593
8425.89160 -178.61021
8428.58398 -218.34827
8431.27734 -178.15350
8433.96680 -216.22249
8436.65820 -180.07430
8439.35352 -219.40666
8442.04102 -188.84373
8444.73438 -215.67793
8447.42383 -190.13890
8450.12305 -216.40601
8452.81348 -179.23109
8455.50098 -220.62234
8458.19434 -179.86234
8460.88770 -214.50235
8463.57715 -183.29405
8466.27246 -217.71259
8468.96387 -182.85631
8471.65625 -218.06085
8474.34961 -184.71046
8477.03906 -214.84157
8479.73438 -182.48070
8482.42090 -218.01849
8485.11719 -177.73721
8487.80469 -215.85687
8490.49902 -183.41896
8493.19336 -216.72601
8495.88477 -182.26859
8498.57617 -216.33263
8501.26855 -191.79179
8503.95703 -215.14435
8506.65137 -189.54967
8509.34180 -219.17233
8512.03711 -181.07773
8514.72949 -214.47066
8517.41797 -180.23520
8520.11133 -215.55699
8522.80176 -177.49078
8525.49219 -218.49991
8528.18359 -181.02347
8530.87598 -213.73651
8533.56934 -187.03014
8536.26367 -216.52873
8538.95410 -186.04237
8541.64941 -215.63263
8544.34180 -179.54872
8547.03027 -214.42844
8549.72363 -184.63155
8552.41309 -216.16229
8555.10840 -185.47508
8557.79590 -213.93742
8560.48828 -191.77007
8563.18555 -216.54305
8565.87500 -180.18364
8568.57031 -214.62460
8571.25684 -182.34584
8573.94922 -214.13509
8576.64160 -184.21097
8579.33496 -218.05280
8582.02539 -181.24895
8584.72070 -213.86101
8587.41113 -181.40816
8590.09961 -215.96445
8592.79688 -183.81430
8595.48633 -216.60246
8598.18164 -192.64568
8600.86719 -214.75967
8603.56348 -178.96712
8606.25195 -218.32883
8608.94531 -182.73709
8611.63965 -215.56985
8614.33008 -180.88599
8617.02148 -217.59337
8619.71387 -180.51588
8622.40625 -218.65057
8625.09570 -181.59970
8627.79004 -216.16885
8630.48047 -181.43095
8633.17676 -221.52890
8635.87012 -190.30261
8638.55371 -217.85338
8641.25195 -178.05730
8643.94238 -218.14156
8646.63281 -180.80107
8649.32520 -222.67488
8652.01758 -177.36137
8654.71094 -217.33209
8657.40137 -188.93178
8660.09668 -220.45009
8662.78711 -183.10403
8665.47461 -219.60292
8668.16797 -179.05983
8670.86133 -216.81339
8673.55176 -178.30907
8676.24707 -221.72125
8678.93848 -197.49138
8681.63086 -216.51445
8684.32422 -188.21054
8687.01367 -216.94853
8689.70410 -188.32993
8692.39453 -219.10179
8695.09180 -182.57257
8697.78418 -214.83711
8700.47266 -186.07123
8703.16699 -217.43469
8705.85742 -181.05078
8708.54883 -215.50842
8711.24023 -176.48997
8713.93359 -215.07477
8716.62207 -176.96890
8719.31738 -216.53201
8722.00781 -179.33736
8724.70312 -213.72870
8727.39062 -179.94586
8730.08398 -216.91093
8732.77734 -179.75154
8735.46777 -214.56439
8738.15820 -188.87627
8740.85547 -213.76100
8743.54297 -188.55876
8746.24023 -217.60609
8748.92969 -184.06421
8751.62012 -213.73264
8754.31055 -183.07784
8757.00293 -215.31110
8759.69922 -173.75806
8762.38867 -215.70769
8765.08203 -179.38165
8767.77246 -214.71278
8770.46387 -184.48981
8773.15527 -216.84662
8775.84863 -184.04597
8778.54199 -214.33626
8781.23145 -178.61551
8783.92188 -217.47435
8786.61816 -182.58011
8789.30957 -216.69212
8791.99805 -175.27808
8794.69141 -214.53514
8797.38184 -180.19447
8800.07715 -220.73959
8802.76758 -181.52623
8805.45508 -216.03719
8808.14844 -185.67436
8810.84180 -216.00215
8813.53613 -179.44077
8816.22754 -219.63167
8818.91797 -187.21700
8821.61035 -216.10414
8824.30371 -177.33788
8826.99805 -218.21533
8829.69238 -179.19200
8832.37891 -216.96823
8835.06934 -173.02760
8837.76660 -217.50116
8840.45996 -183.09409
8843.14941 -219.39777
8845.83887 -189.95461
8848.53418 -215.53410
8851.22168 -185.88113
8853.91797 -220.29265
8856.60742 -185.94972
8859.30078 -218.16165
8861.99121 -187.85796
8864.68164 -215.64468
8867.37793 -193.25386
8870.07031 -222.42514
8872.76367 -179.04848
8875.45312 -216.98323
8878.14258 -190.47076
8880.83887 -217.33908
8883.52539 -180.08893
8886.22266 -219.81569
8888.91113 -189.78767
8891.60547 -217.02893
8894.29980 -184.56798
8896.98633 -220.00995
8899.68262 -177.01309
8902.37012 -217.31169
8905.06348 -181.41328
8907.75781 -218.60114
8910.44727 -178.31197
8913.13867 -220.96979
8915.83008 -183.25726
8918.52734 -216.25871
8921.21484 -181.58398
8923.90430 -221.02928
8926.59961 -191.81258
8929.29004 -218.69504
8931.98145 -184.81975
8934.67383 -216.23219
8937.36719 -179.79730
8940.06152 -221.64894
8942.75195 -187.78450
8945.44238 -216.46736
8948.13867 -179.28358
8950.82617 -217.28770
8953.52441 -190.57051
8956.20898 -218.30299
8958.90332 -183.85167
8961.59375 -215.39261
8964.29004 -174.89952
8966.97754 -218.57175
8969.67090 -200.44016
8972.36426 -215.29190
8975.05469 -175.27190
8977.74512 -215.91347
8980.44141 -188.69035
8983.13379 -217.42430
8985.82227 -184.28027
8988.51074 -214.23717
8991.20508 -183.44502
8993.90039 -217.41473
8996.59277 -174.24921
8999.28418 -214.97874
9001.97754 -191.96262
9004.67090 -215.15494
9007.35547 -181.79457
9010.05078 -217.37782
9012.74707 -193.58940
9015.43359 -214.07021
9018.12695 -181.50056
9020.81543 -217.80186
9023.50977 -180.19603
9026.20020 -216.00635
9028.89648 -184.98810
9031.58789 -215.24951
9034.27637 -183.53256
9036.96973 -218.96487
9039.66406 -186.38254
9042.35938 -215.84315
9045.04492 -186.13525
9047.74219 -218.54628
9050.42871 -174.53099
9053.12305 -217.53838
9055.81152 -178.64458
9058.50684 -217.92694
9061.19727 -203.72578
9063.88867 -222.93106
9066.58105 -174.87366
9069.27930 -217.13091
9071.96875 -175.79025
9074.65820 -222.33081
9077.34863 -180.03154
9080.04004 -223.64470
9082.73242 -180.85236
9085.42480 -217.90601
9088.11914 -178.31645
9090.81348 -227.88087
9093.50391 -179.85086
9096.19043 -222.07471
9098.88672 -184.10356
9101.57422 -218.97272
9104.27344 -190.91237
9106.95703 -225.72672
9109.65234 -181.36371
9112.34375 -220.03059
9115.03516 -179.59955
9117.72754 -220.21454
9120.42090 -180.21808
9123.11523 -220.05400
9125.80469 -190.09447
9128.50098 -219.05714
9131.19238 -175.01288
9133.87988 -222.20357
9136.57812 -176.57152
9139.26660 -216.58859
9141.96094 -184.94730
9144.64648 -219.97200
9147.34277 -176.42152
9150.03516 -220.98619
9152.72266 -183.63660
9155.41602 -215.32179
9158.11133 -178.75383
9160.80078 -221.45078
9163.49219 -181.38306
9166.18359 -218.09978
9168.87598 -184.20476
9171.57422 -216.33089
9174.26367 -185.04001
9176.95410 -219.22101
9179.64941 -178.12431
9182.34082 -217.02933
9185.02832 -184.34508
9187.72070 -219.30530
9190.41504 -180.82152
9193.10449 -216.44778
9195.79492 -183.79749
9198.48535 -218.08282
9201.18262 -181.30272
9203.87012 -221.87563
9206.56934 -186.82651
9209.25879 -215.57175
9211.95312 -187.11011
9214.64453 -220.82126
9217.33594 -192.19185
9220.02344 -219.94687
9222.71582 -180.87436
9225.41016 -216.38776
9228.10449 -176.79195
9230.79004 -221.75189
9233.48633 -182.95326
9236.17871 -218.04393
9238.86621 -172.92667
9241.56055 -219.07701
9244.25391 -187.31339
9246.94922 -219.21559
9249.63477 -182.43587
9252.32617 -217.96321
9255.01953 -196.10617
9257.71289 -223.17026
9260.40625 -196.85680
9263.09668 -217.17415
9265.79199 -177.74918
9268.47754 -219.73994
9271.17480 -181.06110
9273.86328 -222.57660
9276.56152 -189.84438
9279.25098 -217.03560
9281.93555 -188.67110
9284.63184 -223.34700
9287.32324 -193.92609
9290.01562 -219.49667
9292.70898 -179.99196
9295.39844 -219.19164
9298.09277 -183.09120
9300.78320 -223.50394
9303.47949 -186.40675
9306.17188 -218.73578
9308.86426 -177.97397
9311.55273 -224.62477
9314.24219 -181.67352
9316.93750 -221.11932
9319.62793 -189.87341
9322.31934 -220.77881
9325.01758 -184.93034
9327.70508 -230.44762
9330.39844 -185.10545
9333.08789 -220.86359
9335.78320 -180.40289
9338.46973 -225.36690
9341.16699 -174.63168
9343.85449 -226.06622
9346.54785 -195.79567
9349.24219 -222.07588
9351.93164 -177.14172
9354.62207 -232.31699
9357.31836 -185.01851
9360.00586 -223.18654
9362.69922 -192.51741
9365.39258 -223.12003
9368.08691 -192.05566
9370.77734 -236.43813
9373.46777 -181.16829
9376.16016 -220.16519
9378.85156 -192.00360
9381.54492 -224.65057
9384.23926 -198.54207
9386.92871 -225.06790
9389.61914 -190.76898
9392.31055 -218.63293
9395.00195 -196.46143
9397.69434 -225.81279
9400.38867 -199.02425
9403.07715 -219.75661
9405.77246 -180.30795
9408.46289 -219.64656
9411.15430 -187.07207
9413.84668 -220.51265
9416.53906 -175.47855
9419.23340 -218.03186
9421.92773 -189.61836
9424.61816 -223.78601
9427.30859 -184.09219
9430.00000 -217.05502
9432.69238 -179.83136
9435.38574 -219.27077
9438.07910 -174.26996
9440.76953 -222.84964
9443.45898 -189.64577
9446.15039 -216.57924
9448.84180 -183.08307
9451.53418 -221.75589
9454.22754 -188.96927
9456.92188 -218.90771
9459.61133 -172.13771
9462.30273 -219.38676
9464.99805 -188.00131
9467.68457 -220.74603
9470.38281 -192.33392
9473.07715 -218.44858
9475.76074 -186.26001
9478.45508 -227.88455
9481.14648 -184.11987
9483.83691 -219.18744
9486.52930 -184.71619
9489.22266 -221.20357
9491.91113 -175.31963
9494.61035 -228.29613
9497.29492 -183.51729
9499.99609 -220.17671
9502.68262 -188.51491
9505.37500 -228.17392
9508.06738 -192.60329
9510.75586 -223.42345
9513.45117 -182.12442
9516.14062 -223.89182
9518.83691 -179.42931
9521.52832 -232.93254
9524.21582 -184.03430
9526.90820 -223.72495
9529.60254 -183.38087
9532.29688 -227.14928
9534.98730 -175.02972
9537.68359 -229.20079
9540.37500 -179.31523
9543.06250 -225.38316
9545.75586 -180.52206
9548.44922 -228.20541
9551.13379 -183.17627
9553.82910 -226.09790
9556.52051 -182.55246
9559.21777 -225.74890
9561.90430 -187.79706
9564.60352 -233.22778
9567.29199 -191.53549
9569.98145 -222.98610
9572.67676 -213.47552
9575.36816 -228.28949
9578.05957 -182.47548
9580.74707 -229.07957
9583.44043 -176.82373
9586.13477 -222.38855
9588.82422 -186.58199
9591.51953 -237.89549
9594.20508 -186.48627
9596.90234 -223.99998
9599.59473 -180.24229
9602.28809 -224.73254
9604.97754 -186.38554
9607.67188 -229.35818
9610.36230 -178.07446
9613.05371 -222.83611
9615.74512 -190.93312
9618.43848 -232.58138
9621.13086 -180.75360
9623.82031 -224.34270
9626.51465 -175.60168
9629.20508 -224.39455
9631.89648 -187.54185
9634.58789 -235.55084
9637.28125 -184.80254
9639.97363 -222.59706
9642.66309 -183.50015
9645.36230 -229.52950
9648.05273 -176.63011
9650.74414 -225.92256
9653.43555 -177.33589
9656.12891 -223.18317
9658.81641 -183.82756
9661.51074 -245.12131
9664.20508 -178.81258
9666.89551 -222.57703
9669.58691 -182.65935
9672.27832 -226.80305
9674.96484 -184.53526
9677.66406 -226.46330
9680.35254 -185.84711
9683.04785 -222.32196
9685.73730 -179.43890
9688.42871 -239.87282
9691.12012 -178.99785
9693.81738 -222.13731
9696.50586 -175.20860
9699.19434 -226.72525
9701.88867 -194.44234
9704.57910 -226.35695
9707.27539 -185.91284
9709.96191 -221.99750
9712.65820 -185.71835
9715.34668 -242.08754
9718.04102 -178.68562
9720.73438 -222.65800
9723.42578 -191.60405
9726.11523 -226.91415
9728.80762 -175.64487
9731.50000 -224.21889
9734.18750 -180.07771
9736.88574 -224.76495
9739.57520 -184.33873
9742.27051 -239.46712
9744.96094 -179.64438
9747.65234 -221.57968
9750.34375 -187.85289
9753.03711 -239.75595
9755.72461 -189.83372
9758.42480 -226.10701
9761.11426 -184.33066
9763.80469 -224.12671
9766.50195 -177.92427
9769.18750 -225.32698
9771.88086 -190.62206
9774.57422 -225.62526
9777.26270 -176.94397
9779.95703 -239.98068
9782.64746 -187.77489
9785.33887 -221.18347
9788.03613 -186.77260
9790.72266 -235.97264
9793.41602 -179.28427
9796.10449 -226.66037
9798.79980 -182.19206
9801.49512 -222.47174
9804.18555 -183.61134
9806.87695 -227.20697
9809.56934 -179.67928
9812.25684 -223.19582
9814.95020 -189.44885
9817.64551 -232.09244
9820.34082 -186.51906
9823.03125 -221.69189
9825.71680 -182.48367
9828.41406 -226.18808
9831.10156 -182.74985
9833.79492 -227.89507
9836.48926 -176.65543
9839.17871 -221.99124
9841.87402 -178.94646
9844.56543 -234.56606
9847.25781 -197.84892
9849.95020 -222.67696
9852.64355 -193.02283
9855.33203 -227.61681
9858.02637 -188.72780
9860.71680 -226.54741
9863.40723 -178.07397
9866.09961 -223.78827
9868.79102 -180.07246
9871.48438 -229.03827
9874.17773 -193.81584
9876.86719 -225.35957
9879.55664 -178.51736
9882.24707 -232.27238
9884.94922 -186.39565
9887.64160 -223.86728
9890.32812 -178.20345
9893.02148 -229.66502
9895.71680 -183.35350
9898.40625 -232.07286
9901.09570 -182.23276
9903.79199 -224.58423
9906.47363 -183.00615
9909.17090 -227.40012
9911.86426 -177.82312
9914.55273 -227.44281
9917.24707 -203.03897
9919.94238 -232.76280
9922.63281 -174.85744
9925.32422 -222.72823
9928.01660 -204.86974
9930.70898 -232.85913
9933.39746 -181.73830
9936.09180 -227.90489
9938.78711 -183.65555
9941.47656 -222.75313
9944.16797 -176.44810
9946.85938 -234.05988
9949.55176 -184.64166
9952.24512 -223.05489
9954.93359 -192.26285
9957.62793 -228.03456
9960.31836 -189.92867
9963.01367 -224.00497
9965.70508 -181.04649
9968.39746 -223.26567
9971.08496 -183.93010
9973.77832 -239.61584
9976.47266 -179.84473
9979.16211 -221.48045
9981.85742 -181.32085
9984.54883 -227.89777
9987.24023 -183.36928
9989.93262 -225.08473
9992.62598 -190.50117
9995.31445 -221.87219
9998.00391 -178.77190
10000.69922 -237.67770
10003.38965 -179.51274
10006.08594 -221.47551
10008.77832 -177.63968
10011.47070 -225.44809
10014.15918 -181.57404
10016.85352 -225.83237
10019.54199 -204.61031
10022.23242 -220.92250
10024.92383 -190.64444
10027.62012 -233.10533
10030.31250 -181.50568
10033.00000 -221.24068
10035.69434 -188.85994
10038.38281 -223.15845
10041.07812 -180.31236
10043.77344 -225.56711
10046.46484 -182.57487
10049.15723 -220.04027
10051.84375 -182.74069
10054.53711 -231.51700
10057.23145 -180.00578
10059.92090 -220.77330
10062.61621 -181.89412
10065.30664 -221.60338
10067.99805 -199.69411
10070.68945 -227.41594
10073.38770 -179.48141
10076.07617 -219.76125
10078.76465 -192.28705
10081.45410 -226.74919
10084.14941 -177.68478
10086.84082 -221.33531
10089.53809 -188.67424
10092.22461 -222.43706
10094.91797 -181.44444
10097.61133 -227.94997
10100.30566 -184.81744
10102.99023 -220.22231
10105.68555 -188.80171
10108.37695 -231.39041
10111.06836 -181.19112
10113.76074 -224.10391
10116.45410 -186.32060
10119.14844 -222.24883
10121.83691 -180.35214
10124.53223 -232.59268
10127.22266 -179.24060
10129.91406 -223.82851
10132.60645 -179.22324
10135.29883 -226.35927
10137.98633 -181.31902
10140.68066 -227.66724
10143.37598 -187.76962
10146.06543 -223.48976
10148.75586 -186.86946
10151.44727 -229.51823
10154.13965 -177.00215
10156.83203 -225.79156
10159.52539 -178.94943
10162.22070 -222.07726
10164.91504 -187.03276
10167.60547 -230.95454
10170.29590 -176.94255
10172.98242 -221.32149
10175.67969 -185.35141
10178.37305 -222.94434
10181.06055 -186.74323
10183.75488 -223.52158
10186.44434 -196.72787
10189.13965 -218.52022
10191.82520 -178.76852
10194.52246 -229.32689
10197.21484 -186.67415
10199.90234 -218.71706
10202.60156 -188.77788
10205.29102 -218.59711
10207.98047 -181.11772
10210.66992 -223.09251
10213.36719 -176.72601
10216.05273 -217.19986
10218.75098 -182.89484
10221.43848 -220.65440
10224.13867 -179.15546
10226.82715 -217.46609
10229.51660 -186.05934
10232.20703 -218.83803
10234.89844 -181.83978
10237.59570 -220.52382
10240.28809 -183.35881
10242.97461 -215.96143
10245.66895 -181.97960
10248.35840 -223.35095
10251.05371 -197.10606
10253.74902 -218.06795
10256.43457 -187.49451
10259.13184 -217.21350
10261.81836 -182.21822
10264.51172 -222.65005
10267.20605 -184.84174
10269.90137 -217.52150
10272.58984 -188.91794
10275.28516 -221.26843
10277.97754 -184.60016
10280.66309 -219.10164
10283.35547 -184.33450
10286.04395 -219.37622
10288.73828 -178.60623
10291.43164 -225.25433
10294.12109 -193.20686
10296.81152 -218.04286
10299.50781 -188.73706
10302.20605 -223.76035
10304.89844 -183.84921
10307.58008 -222.81552
10310.27441 -173.57788
10312.96875 -218.89052
10315.65820 -199.35565
10318.34863 -230.04538
10321.04492 -183.57907
10323.73145 -220.28442
10326.42969 -181.76695
10329.11719 -220.92990
10331.81055 -175.30057
10334.50586 -225.90105
10337.20117 -181.64616
10339.89160 -218.96217
10342.57617 -174.89835
10345.27344 -224.97130
10347.95996 -181.70590
10350.65332 -220.97408
10353.34766 -177.87827
10356.04102 -219.18694
10358.73047 -184.20189
10361.42676 -226.95567
10364.11719 -189.99063
10366.80273 -218.54018
10369.50195 -180.98341
10372.19531 -221.27577
10374.88281 -179.00548
10377.57715 -221.29938
10380.26562 -182.39566
10382.96094 -218.41977
10385.65332 -184.96570
10388.34375 -224.61514
10391.03613 -181.75291
10393.72266 -218.01936
10396.42188 -180.19186
10399.11133 -220.46762
10401.80664 -199.21796
10404.49609 -222.72844
10407.18652 -190.09685
10409.88379 -216.83853
10412.57617 -183.73386
10415.26270 -224.40692
10417.95703 -185.32765
10420.65039 -219.28133
10423.33984 -185.69797
10426.02930 -217.36749
10428.71973 -185.48473
10431.41602 -222.99776
10434.10938 -183.91016
10436.80078 -217.47339
10439.49414 -180.87123
10442.18262 -219.17003
10444.87695 -186.01500
10447.56738 -218.05991
10450.26270 -182.88745
10452.95410 -217.42682
10455.64551 -188.44604
10458.33789 -220.92915
10461.02539 -185.58929
10463.71875 -215.29803
10466.40723 -180.72124
10469.10254 -219.19008
10471.79785 -187.02452
10474.49023 -218.88194
10477.17969 -193.01810
10479.87305 -214.50783
10482.56641 -179.94263
10485.25391 -220.42863
10487.94824 -180.49973
10490.63672 -216.38066
10493.32617 -184.78525
10496.02344 -215.80873
10498.71484 -182.81714
10501.40625 -217.55469
10504.09961 -186.34700
10506.79199 -215.90855
10509.48047 -184.90405
10512.17578 -218.81635
10514.86426 -181.57176
10517.56055 -215.03610
10520.25195 -178.37242
10522.93848 -217.63377
10525.63574 -182.39165
10528.32910 -220.29813
10531.01660 -199.38190
10533.71094 -214.70720
10536.40039 -177.07788
10539.09668 -221.09593
10541.78711 -183.59319
10544.47852 -218.79649
10547.16992 -189.48552
10549.85742 -216.46860
10552.55078 -200.44217
10555.24512 -221.56274
10557.94043 -179.50259
10560.62988 -218.25146
10563.32031 -187.33571
10566.01660 -220.24556
10568.70898 -176.16734
10571.39551 -219.39986
10574.08984 -179.62128
10576.77734 -219.27991
10579.47168 -178.19101
10582.16699 -225.19341
10584.85742 -185.44432
10587.55371 -217.78281
10590.24414 -173.02151
10592.93066 -220.78496
10595.62988 -182.79044
10598.31836 -224.63992
10601.00586 -195.38387
10603.70117 -216.58806
10606.39648 -178.66266
10609.08691 -222.51242
10611.77734 -192.30153
10614.46875 -219.66673
10617.16211 -185.34084
10619.85449 -216.33621
10622.54883 -192.90703
10625.23828 -221.26578
10627.93359 -181.28238
10630.62305 -216.36646
10633.31445 -185.51631
10636.01074 -217.63936
10638.69727 -191.98779
10641.39062 -217.27730
10644.08301 -177.18091
10646.77734 -215.39993
10649.46680 -190.81973
10652.16211 -219.33012
10654.85254 -173.45938
10657.54297 -214.74361
10660.22949 -181.75636
10662.92090 -216.38971
10665.62012 -178.65433
10668.31445 -217.40030
10671.00195 -185.42436
10673.69727 -214.23196
10676.38770 -181.67421
10679.07812 -218.32449
10681.76953 -179.90607
10684.46191 -215.01866
10687.14844 -177.27043
10689.84766 -215.71225
10692.53516 -192.38490
10695.23047 -217.93327
10697.92578 -173.23093
10700.61523 -214.34930
10703.30664 -191.33116
10705.99805 -218.29025
10708.69043 -188.99367
10711.37695 -216.02914
10714.07129 -178.47421
10716.76562 -215.49200
10719.45898 -181.73894
10722.14941 -218.77885
10724.83984 -195.76715
10727.53027 -215.27550
10730.22852 -182.77124
10732.92090 -218.20387
10735.60742 -187.69411
10738.30176 -216.60680
10740.99609 -188.24364
10743.68555 -215.84242
10746.38086 -180.54497
10749.06641 -220.69589
10751.75684 -172.12260
10754.44824 -215.07506
10757.14062 -182.39523
10759.83984 -217.72025
10762.52832 -185.81326
10765.21680 -219.24896
10767.91211 -187.43828
10770.60156 -214.98453
10773.29883 -182.22223
10775.99023 -219.44676
10778.68164 -184.43912
10781.37500 -216.79558
10784.06250 -186.85922
10786.75684 -216.51134
10789.45117 -179.18256
10792.14062 -218.28859
10794.83008 -180.86694
10797.52734 -215.95480
10800.21289 -182.00345
10802.90527 -219.91867
10805.59766 -190.62331
10808.29102 -216.20633
10810.98535 -183.95656
10813.67383 -216.71790
10816.36914 -179.71979
10819.06055 -222.37567
10821.75195 -175.82014
10824.44238 -215.26332
10827.13477 -184.19025
10829.82812 -218.74951
10832.52148 -184.15509
10835.20996 -219.87111
10837.90430 -174.01131
10840.60059 -215.73933
10843.28516 -179.73576
10845.98145 -220.02838
10848.67285 -184.70737
10851.36621 -217.28734
10854.05859 -177.48483
10856.74609 -217.36870
10859.44141 -184.35651
10862.13477 -218.20262
10864.82520 -176.92197
10867.51562 -216.01216
10870.20605 -182.40913
10872.90430 -220.08806
10875.59668 -184.51355
10878.29004 -215.65320
10880.97656 -172.01898
10883.66602 -215.88828
10886.35547 -194.89867
10889.05078 -220.29297
10891.74707 -173.76141
10894.43164 -214.06804
10897.12891 -177.65900
10899.81543 -216.62466
10902.50879 -187.23540
10905.20312 -216.68454
10907.89648 -183.14268
10910.58594 -214.12880
10913.28125 -183.61388
10915.97168 -216.70010
10918.66309 -186.28302
10921.35547 -214.17583
10924.05273 -181.93503
10926.73926 -215.83151
10929.42773 -182.06039
10932.12793 -214.98938
10934.81641 -185.80945
10937.50586 -213.65195
10940.19629 -184.90306
10942.89453 -217.93933
10945.58594 -176.05846
10948.27734 -213.69894
10950.96484 -188.91309
10953.66406 -215.01968
10956.35254 -182.45836
10959.04199 -216.90454
10961.73047 -188.09494
10964.42773 -213.92853
10967.11914 -180.36920
10969.81055 -217.29330
10972.50195 -193.92477
10975.19531 -215.14952
10977.88281 -182.53455
10980.57715 -216.00392
10983.26660 -180.41962
10985.96191 -218.01472
10988.65234 -176.08252
10991.34277 -215.04677
10994.03418 -180.71431
10996.73242 -219.51115
10999.41895 -188.93633
11002.11328 -216.95531
11004.81348 -183.74394
11007.50098 -216.43260
11010.18457 -175.48755
11012.88086 -221.32443
11015.57715 -180.45474
11018.26953 -216.28284
11020.95605 -188.41817
11023.65332 -219.04750
11026.34180 -177.23328
11029.04199 -219.22314
11031.72363 -175.81380
11034.41895 -216.30296
11037.11523 -188.15256
11039.79980 -221.42804
11042.49121 -178.52118
11045.18359 -216.69110
11047.88184 -186.81560
11050.57520 -217.07626
11053.26270 -176.40250
11055.95703 -220.03922
11058.64648 -188.34236
11061.33594 -215.43443
11064.03223 -176.46404
11066.72363 -218.46536
11069.41504 -182.44087
11072.10840 -216.67804
11074.80078 -186.54779
11077.48828 -215.70744
11080.18359 -186.28116
11082.87695 -218.28569
11085.56738 -175.73268
11088.25684 -214.67664
11090.95508 -182.49617
11093.64648 -217.73505
11096.33789 -188.96280
11099.02441 -216.19948
11101.71875 -191.72322
11104.41309 -214.44539
11107.10742 -177.85112
11109.79590 -219.40627
11112.48633 -183.72760
11115.17676 -214.68307
11117.86914 -192.39177
11120.55469 -215.62413
11123.25293 -176.92639
11125.95215 -217.34233
11128.64062 -176.50462
11131.32910 -214.77678
11134.02344 -180.63164
11136.71387 -217.31189
11139.40430 -185.32889
11142.10059 -215.03348
11144.78613 -183.20599
11147.47949 -216.45990
11150.17188 -192.87192
11152.86621 -217.15593
11155.56055 -186.36864
11158.25000 -214.07693
11160.94531 -183.31477
11163.63477 -219.20058
11166.32617 -189.08847
11169.01758 -215.70953
11171.70898 -179.75069
11174.40234 -214.58376
11177.08887 -202.86165
11179.78320 -219.23755
11182.47852 -185.04512
11185.16699 -214.91270
11187.86230 -177.43358
11190.55273 -216.16109
11193.24414 -178.81718
11195.93652 -216.26015
11198.62891 -184.62344
11201.32227 -215.58455
11204.01562 -185.40807
11206.70410 -217.73219
11209.39844 -182.19910
11212.08887 -214.46692
11214.78418 -177.41556
11217.46973 -217.99191
11220.16699 -179.14182
11222.85254 -217.26364
11225.55176 -190.79028
11228.23828 -214.37523
11230.93262 -187.82072
11233.62793 -220.54405
11236.31738 -177.47614
11239.01270 -216.23201
11241.70312 -188.48802
11244.39453 -216.06563
11247.08594 -178.19147
11249.77734 -219.25975
11252.47070 -179.98509
11255.15820 -216.44658
11257.85254 -180.82173
11260.54199 -219.06296
11263.23145 -180.93625
11265.92773 -217.05769
11268.62402 -181.68761
11271.31641 -218.05917
11274.00195 -188.44475
11276.69434 -221.07324
11279.38672 -186.80901
11282.08105 -216.15790
11284.77539 -190.93710
11287.46484 -220.88705
11290.15430 -180.41991
11292.85059 -219.56616
11295.54199 -186.18454
11298.22754 -216.19522
11300.92578 -177.76360
11303.61816 -222.45555
11306.31250 -183.32922
11309.00000 -217.17415
11311.69434 -179.85863
11314.38379 -217.13892
11317.07422 -179.85175
11319.76465 -219.59105
11322.46094 -183.68962
11325.15234 -215.86003
11327.84570 -181.68814
11330.53223 -218.76485
11333.22656 -174.87445
11335.91992 -216.16920
11338.61523 -183.37891
11341.30469 -215.94086
11343.99414 -179.80328
11346.69141 -218.49127
11349.38281 -184.02184
11352.07520 -214.51707
11354.76660 -189.87115
11357.45508 -217.42093
11360.15430 -192.10204
11362.84277 -215.96960
11365.53125 -172.08368
11368.22168 -214.82825
11370.91797 -177.11819
11373.60840 -218.08546
11376.29980 -195.28407
11378.99219 -214.33400
11381.67871 -178.65889
11384.37109 -216.89014
11387.06543 -176.74263
11389.75977 -216.55362
11392.45508 -184.31938
11395.13867 -214.61227
11397.83594 -179.54724
11400.52637 -218.93712
11403.21777 -181.15343
11405.91602 -215.50752
11408.60254 -180.23227
11411.29004 -216.69177
11413.98438 -186.90469
11416.68457 -217.70657
11419.37402 -179.25056
11422.06445 -216.07689
11424.75488 -180.46693
11427.44531 -219.96747
11430.14258 -176.00287
11432.83594 -216.18169
11435.52148 -186.28627
11438.21484 -218.48712
11440.90332 -177.94783
11443.59766 -221.21080
11446.29395 -179.79980
11448.98340 -215.89656
11451.67383 -186.09473
11454.36426 -221.89372
11457.05664 -176.74680
11459.75488 -219.54327
11462.44141 -175.77191
11465.13574 -216.81053
11467.83008 -187.90637
11470.51758 -222.31612
11473.21289 -181.55904
11475.89746 -218.30621
11478.59375 -182.20277
11481.28418 -218.88579
11483.98340 -187.18373
11486.66895 -218.97066
11489.36133 -182.66583
11492.05566 -218.20140
11494.74219 -178.59602
11497.43750 -221.77756
11500.12695 -189.93126
11502.82324 -216.49312
11505.51367 -188.16081
11508.20410 -219.75327
11510.89648 -177.99181
11513.58887 -221.98010
11516.28125 -181.95935
11518.97461 -215.69037
11521.66211 -187.22475
11524.35742 -221.87210
11527.04688 -177.53661
11529.74219 -219.24855
11532.44043 -187.72095
11535.12500 -216.56180
11537.82227 -187.31653
11540.50781 -220.61443
11543.20117 -179.85983
11545.89453 -217.86435
11548.58301 -186.70088
11551.27734 -219.23900
11553.96582 -181.67679
11556.66211 -217.68701
11559.35938 -181.23038
11562.04297 -218.13983
11564.74121 -187.55220
11567.42773 -222.35017
11570.12109 -182.06694
11572.81348 -215.96773
11575.50781 -180.77640
11578.20312 -219.93312
11580.89062 -173.82201
11583.58203 -221.13065
11586.27832 -183.99496
11588.96875 -215.81796
11591.66016 -176.61580
11594.35156 -221.36969
11597.04492 -190.67348
11599.73145 -218.20068
11602.42578 -177.63950
11605.11523 -217.18384
11607.80859 -192.80151
11610.50586 -219.28552
11613.19531 -183.73216
11615.88672 -216.97267
11618.58398 -184.87686
11621.27539 -220.27893
11623.95508 -186.56967
11626.64941 -216.75616
11629.34375 -179.23607
11632.03711 -217.67557
11634.72559 -186.06073
11637.42188 -221.59451
11640.11133 -181.26950
11642.80273 -215.79390
11645.49902 -189.26027
11648.19238 -220.08168
11650.87793 -183.21136
11653.57031 -218.90079
11656.26465 -174.06589
11658.95898 -216.97104
11661.64648 -183.71347
11664.34375 -221.64134
11667.03223 -176.28200
11669.72852 -217.46899
11672.41406 -183.13612
11675.11230 -220.44611
11677.79785 -175.02783
11680.49023 -219.88223
11683.18457 -177.44637
11685.87109 -218.27419
11688.56641 -175.11954
11691.26172 -225.28716
11693.95117 -188.67422
11696.64844 -218.90991
11699.33203 -200.56479
11702.03027 -221.50900
11704.72266 -184.21820
11707.41406 -224.04433
11710.10840 -173.94392
11712.80273 -219.51915
11715.49023 -180.76378
11718.17871 -227.02434
11720.87500 -176.20634
11723.56445 -221.27457
11726.25488 -177.67830
11728.95312 -221.33398
11731.63867 -182.68024
11734.33691 -230.25871
11737.02344 -179.68240
11739.71680 -219.69609
11742.40430 -177.50557
11745.10645 -223.93130
11747.78906 -184.49666
11750.48438 -224.38185
11753.17480 -184.26694
11755.86719 -218.96251
11758.56445 -181.66469
11761.25586 -225.88849
11763.94922 -197.97601
11766.63574 -220.27565
11769.32422 -183.04851
11772.01758 -220.14198
11774.70703 -186.63972
11777.41016 -221.96051
11780.09863 -183.30904
11782.78906 -218.61700
11785.48047 -172.98122
11788.17285 -223.86388
11790.86523 -184.57906
11793.55859 -218.21898
11796.25195 -183.52773
11798.93945 -219.28990
11801.62891 -187.55231
11804.32422 -225.01192
11807.01270 -175.24501
11809.70898 -217.11234
11812.40137 -186.44458
11815.09277 -221.75832
11817.78418 -176.07817
11820.47070 -220.51755
11823.16406 -191.95888
11825.85840 -218.45299
11828.55273 -183.04744
11831.24805 -222.03543
11833.93652 -191.39191
11836.62695 -218.64627
11839.32422 -174.62917
11842.01562 -223.20763
11844.69922 -185.37770
11847.39844 -219.85469
11850.08594 -180.06503
11852.77930 -219.46098
11855.47363 -183.12912
11858.16211 -231.45396
11860.85742 -180.43791
11863.55371 -218.89166
11866.24219 -191.39999
11868.93457 -222.42850
11871.62500 -188.48129
11874.31738 -225.08720
11877.00977 -183.87531
11879.70215 -219.89012
11882.39062 -181.61794
11885.07812 -226.51302
11887.77930 -184.65253
11890.46094 -221.72430
11893.15820 -173.64816
11895.85449 -222.86908
11898.54590 -175.92476
11901.23828 -225.29288
11903.92383 -182.54468
11906.62207 -220.91010
11909.30859 -183.58417
11912.00293 -230.12006
11914.69727 -184.20430
11917.38672 -222.37393
11920.08203 -187.68315
11922.77246 -222.21434
11925.45508 -171.55315
11928.15918 -237.89275
11930.84473 -183.35674
11933.53711 -221.17563
11936.23047 -182.23660
11938.91699 -225.79279
11941.61719 -194.34468
11944.31250 -225.73436
11947.00098 -173.65709
11949.68945 -222.02119
11952.38086 -180.16501
11955.07715 -231.83859
11957.76855 -180.08614
11960.45996 -222.66277
11963.15332 -183.78387
11965.84570 -225.39038
11968.53320 -182.80923
11971.22656 -228.14589
11973.92188 -182.06093
11976.61035 -222.29915
11979.30078 -171.71077
11981.99707 -233.91397
11984.68750 -191.16464
11987.38477 -224.25255
11990.06348 -186.29601
11992.76270 -224.00902
11995.45703 -187.79753
11998.14941 -236.85594
12000.83789 -172.43944
12003.52539 -222.70731
12006.22070 -181.56473
12008.91699 -227.84982
12011.60742 -191.38208
12014.29785 -226.58113
12016.99023 -180.21390
12019.68164 -222.65193
12022.37402 -179.79861
12025.06738 -237.61368
12027.75977 -184.91498
12030.44824 -222.66620
12033.14355 -177.27423
12035.83887 -225.15782
12038.52734 -177.18127
12041.21875 -227.87604
12043.90820 -181.58884
12046.60059 -221.60643
12049.29883 -187.65833
12051.98438 -232.70285
12054.67188 -177.99646
12057.37207 -222.40276
12060.06641 -183.23340
12062.75391 -223.97429
12065.44336 -181.37689
12068.13965 -228.28482
12070.83008 -178.49274
12073.52051 -221.23970
12076.21875 -185.73810
12078.90430 -234.17117
12081.59570 -188.13185
12084.28906 -223.08397
12086.98242 -182.52043
12089.67676 -223.37682
12092.36523 -190.77295
12095.05371 -228.89633
12097.75000 -180.98293
12100.44043 -222.71843
12103.13086 -185.99088
12105.82227 -231.64178
12108.51465 -180.35605
12111.20703 -223.13084
12113.90039 -185.37209
12116.59277 -227.06454
12119.28125 -182.83551
12121.97656 -234.55089
12124.67188 -181.50517
12127.36133 -222.77205
12130.05762 -191.78459
12132.74805 -235.11453
12135.43945 -185.30539
12138.13086 -228.47816
12140.82422 -182.31679
12143.51660 -226.21097
12146.20312 -183.76077
12148.89746 -226.79066
12151.59180 -180.99438
12154.28125 -230.67354
12156.97656 -175.17114
12159.66699 -230.31563
12162.35742 -171.24716
12165.04883 -225.22649
12167.74023 -191.53848
12170.43164 -231.50417
12173.12500 -185.39397
12175.81934 -229.40726
12178.50586 -183.82872
12181.20117 -226.98180
12183.88867 -186.11171
12186.58398 -226.51996
12189.28125 -180.30331
12191.97168 -231.76222
12194.65625 -182.88812
12197.35449 -226.89594
12200.04688 -181.02693
12202.74512 -225.54927
12205.42578 -177.06332
12208.12012 -252.87970
12210.81445 -185.55209
12213.50195 -224.75529
12216.19922 -181.80545
12218.88770 -227.92415
12221.57812 -178.19600
12224.27539 -230.48695
12226.96680 -175.75281
12229.65820 -225.25781
12232.34473 -184.25778
12235.04395 -228.46680
12237.73242 -183.44652
12240.42578 -227.25697
12243.11426 -178.27832
12245.80957 -230.17154
12248.50586 -185.42213
12251.19531 -225.23601
12253.88574 -192.27945
12256.57715 -228.55731
12259.26855 -189.40964
12261.96191 -237.05452
12264.65430 -182.96594
12267.34766 -224.85968
12270.03516 -185.35501
12272.72949 -229.01454
12275.42480 -180.97835
12278.11426 -232.26917
12280.80469 -178.36725
12283.50098 -227.23570
12286.19141 -183.67131
12288.88281 -226.25566
12291.56836 -182.21101
12294.26758 -232.79889
12296.96191 -181.65399
12299.64844 -229.44708
12302.34277 -201.63354
12305.03125 -225.51355
12307.71973 -184.12848
12310.41602 -233.66249
12313.11328 -184.21568
12315.80273 -227.91200
12318.49512 -190.64688
12321.18066 -227.40201
12323.87207 -182.07106
12326.57227 -228.61810
12329.26562 -180.89687
12331.95312 -227.22327
12334.64062 -174.99585
12337.33594 -231.78632
12340.02539 -176.16534
12342.72266 -225.36769
12345.41211 -177.79678
12348.10352 -229.97826
12350.79492 -184.38327
12353.48047 -229.67859
12356.18652 -176.69733
12358.86621 -224.69864
12361.56055 -179.51448
12364.25391 -238.88982
12366.94922 -184.31978
12369.64453 -225.32503
12372.32812 -177.13564
12375.02441 -226.62138
12377.72266 -178.65659
12380.41211 -231.24001
12383.09766 -188.64128
12385.79004 -223.58238
12388.48242 -179.91370
12391.17676 -235.16937
12393.86328 -175.86107
12396.55859 -224.79909
12399.25391 -191.69557
12401.94238 -224.55711
12404.63867 -184.64647
12407.32910 -232.42799
12410.02051 -178.51701
12412.71094 -222.38528
12415.40430 -184.58189
12418.09570 -231.28021
12420.78223 -185.50838
12423.48242 -224.10324
12426.17090 -184.26157
12428.86523 -223.26550
12431.55371 -180.75087
12434.24902 -234.90157
12436.93945 -186.88982
12439.63672 -221.82620
12442.32031 -182.87544
12445.01953 -227.88318
12447.71094 -182.48274
12450.39648 -224.33656
12453.09668 -181.76678
12455.78516 -223.01370
12458.47168 -184.56573
12461.16699 -233.51192
12463.85645 -179.05104
12466.54492 -221.81076
12469.24219 -184.33885
12471.93945 -228.41638
12474.62402 -184.52100
12477.32227 -226.63809
12480.01465 -186.96596
12482.70703 -222.27698
12485.39453 -181.65733
12488.08691 -237.18005
12490.78223 -186.29968
12493.47070 -224.05531
12496.16602 -184.49582
12498.85645 -225.15591
12501.54492 -189.58777
12504.23730 -228.45428
12506.92773 -180.52203
12509.61914 -223.63608
12512.31250 -180.01556
12515.01172 -229.77524
12517.70508 -173.64253
12520.39160 -224.81294
12523.08008 -176.99545
12525.77539 -223.77875
12528.47168 -185.72491
12531.16113 -234.68607
12533.85156 -181.35555
12536.54199 -222.20433
12539.23926 -189.91821
12541.92480 -225.91016
12544.61719 -184.92097
12547.30957 -226.82127
12550.00391 -176.88577
12552.69043 -220.59798
12555.38574 -178.19832
12558.08105 -237.15001
12560.77051 -179.25301
12563.45898 -221.66615
12566.15723 -176.35190
12568.84766 -221.10643
12571.53809 -179.80710
12574.22363 -227.51305
12576.92285 -184.08490
12579.61523 -219.99727
12582.30957 -184.82901
12584.99609 -223.96736
12587.69141 -190.18750
12590.37988 -220.45775
12593.07617 -172.34554
12595.76562 -221.22768
12598.45605 -186.27948
12601.14648 -224.86145
12603.84570 -176.73354
12606.52930 -218.18736
12609.22852 -179.48779
12611.91504 -226.76863
12614.60840 -177.45636
12617.30371 -221.30440
12619.99023 -194.27925
12622.68555 -218.71373
12625.38184 -190.55450
12628.07129 -228.18906
12630.76172 -186.55879
12633.44531 -219.44839
12636.14355 -185.31581
12638.83594 -221.80011
12641.53418 -208.24541
12644.22070 -221.62206
12646.91406 -177.71024
12649.60840 -220.12492
12652.29590 -180.96118
12654.99121 -226.80968
12657.68652 -191.60167
12660.37012 -219.13055
12663.06641 -184.94286
12665.75781 -223.15669
12668.44824 -187.37016
12671.14062 -224.63153
12673.83301 -180.80424
12676.52539 -218.83434
12679.21875 -178.85390
12681.90625 -229.24823
12684.60059 -180.92329
12687.29590 -220.99722
12689.98535 -182.11548
12692.68066 -220.47495
12695.36328 -190.89943
12698.06152 -227.02908
12700.75977 -185.72002
12703.44531 -219.35168
12706.13672 -179.41907
12708.82910 -224.29385
12711.52246 -182.76025
12714.21680 -221.54761
12716.90430 -184.73535
12719.59961 -219.60495
12722.28711 -202.62703
12724.97656 -228.02142
12727.67383 -186.09665
12730.36328 -219.16330
12733.05566 -183.72377
12735.74707 -221.84816
12738.43848 -185.24220
12741.13184 -222.54930
12743.82422 -179.42741
12746.52539 -218.86058
12749.20508 -179.73311
12751.90039 -225.67760
12754.59570 -188.39049
12757.28516 -218.88779
12759.98145 -178.08017
12762.67188 -220.90224
12765.35547 -187.27245
12768.05469 -224.23103
12770.74609 -179.60339
12773.43848 -217.59532
12776.13184 -185.05685
12778.81836 -225.17908
12781.51270 -184.40100
12784.20703 -220.27400
12786.89551 -178.98668
12789.59082 -218.10080
12792.28027 -183.63509
12794.97070 -224.61487
12797.66797 -188.22867
12800.35938 -218.51323
12803.05078 -179.96190
12805.74316 -220.38985
12808.42871 -176.87506
12811.12207 -219.50833
12813.81641 -193.62990
12816.50391 -218.61571
12819.20508 -179.13846
12821.88672 -223.13155
12824.58398 -194.65529
12827.28027 -216.64101
12829.97070 -186.29205
12832.66113 -220.85416
12835.35254 -179.94946
12838.04492 -221.46013
12840.73047 -185.81000
12843.42969 -215.88052
12846.11719 -185.49553
12848.81836 -223.34923
12851.50586 -180.69283
12854.19434 -218.41881
12856.89062 -186.43108
12859.58008 -216.95883
12862.26953 -176.91946
12864.96094 -220.09081
12867.65820 -198.30965
12870.35059 -217.42509
12873.04199 -184.76019
12875.73438 -220.07109
12878.42188 -182.11070
12881.11523 -216.76910
12883.80957 -182.93982
12886.49805 -218.58315
12889.19434 -184.22951
12891.88281 -222.45238
12894.57227 -185.46779
12897.26953 -215.48700
12899.96094 -197.73267
12902.65234 -221.63069
12905.34375 -182.15176
12908.03613 -220.24522
12910.73047 -195.30569
12913.41602 -216.21565
12916.11133 -182.06607
12918.80469 -222.67714
12921.49316 -195.27003
12924.18164 -218.39665
12926.87891 -181.07498
12929.56836 -218.71330
12932.26562 -178.06236
12934.95703 -219.46033
12937.64160 -182.80823
12940.34082 -218.28740
12943.03320 -183.51271
12945.71875 -222.96327
12948.41309 -179.82971
12951.10742 -217.17381
12953.80273 -181.26373
12956.49805 -219.77878
12959.18750 -191.27078
12961.87598 -223.85062
12964.56641 -185.93671
12967.25684 -216.18033
12969.94922 -175.72136
12972.64062 -222.17879
12975.33984 -178.53957
12978.02539 -219.82162
12980.71875 -177.04205
12983.41211 -216.58946
12986.09961 -185.99193
12988.79492 -222.03784
12991.48340 -176.13298
12994.17969 -217.19260
12996.86914 -182.82715
12999.56641 -218.50546
13002.25684 -185.52956
13004.94922 -218.33340
13007.64062 -190.32870
13010.32617 -216.40930
13013.02637 -178.50888
13015.71875 -221.09091
13018.40625 -181.85788
13021.10156 -215.80403
13023.78906 -181.01442
13026.48438 -217.56787
13029.17383 -187.11281
13031.87012 -219.43361
13034.56055 -177.52719
13037.25195 -215.12012
13039.94238 -180.11160
13042.63574 -219.73245
13045.32031 -179.72112
13048.01953 -216.36464
13050.70703 -181.35898
13053.40039 -216.31117
13056.09570 -181.47522
13058.78418 -219.50064
13061.47949 -185.27499
13064.16895 -215.19794
13066.86621 -181.01411
13069.55566 -219.04575
13072.24707 -187.40288
13074.94629 -217.07106
13077.63086 -174.41182
13080.32324 -215.83696
13083.00879 -175.45747
13085.70898 -220.07820
13088.39746 -183.78200
13091.08398 -215.74686
13093.77930 -180.08698
13096.47559 -218.33051
13099.16504 -182.64105
13101.86133 -217.67484
13104.55176 -177.16476
13107.23535 -216.05353
13109.93359 -175.93047
13112.63281 -221.34605
13115.31836 -181.05803
13118.01172 -215.68028
13120.70508 -179.66618
13123.39258 -217.75496
13126.08789 -192.83263
13128.77539 -220.28432
13131.46387 -181.67506
13134.16016 -215.25746
13136.85059 -185.55208
13139.54688 -220.01381
13142.23145 -177.46057
13144.93066 -217.51515
13147.62207 -199.66711
13150.31445 -216.36563
13153.00781 -187.07849
13155.69336 -219.21666
13158.38770 -184.16551
13161.08301 -216.07089
13163.77832 -180.46692
13166.46582 -219.24046
13169.16211 -193.16315
13171.84570 -216.62959
13174.54297 -181.63969
13177.23438 -216.31065
13179.92578 -180.51840
13182.61719 -222.09958
13185.30859 -183.24031
13187.99609 -215.05467
13190.68848 -179.94878
13193.38281 -217.79796
13196.07617 -192.39838
13198.76465 -219.63928
13201.46094 -181.63684
13204.15820 -215.03719
13206.83984 -174.66475
13209.53711 -219.22655
13212.23535 -188.27654
13214.92578 -216.77859
13217.61133 -197.05490
13220.31055 -216.65875
13222.99609 -189.98038
13225.68945 -217.87814
13228.38281 -187.34758
13231.07031 -215.52875
13233.76562 -184.15236
13236.46094 -219.82747
13239.15039 -191.50639
13241.83984 -215.64998
13244.53613 -184.94397
13247.22754 -215.88060
13249.91797 -177.47830
13252.60938 -221.16505
13255.30176 -189.07149
13257.99414 -214.50357
13260.68848 -182.71663
13263.37402 -217.25656
13266.06934 -179.59674
13268.75586 -217.71243
13271.45898 -182.55890
13274.14062 -214.80437
13276.83008 -180.34360
13279.53516 -218.02892
13282.22559 -182.48732
13284.90820 -215.21886
13287.60742 -186.37335
13290.29199 -216.82588
13292.98438 -178.68829
13295.68457 -216.48909
13298.37109 -188.60202
13301.06543 -214.53261
13303.75195 -176.35030
13306.45508 -219.60260
13309.14258 -186.51024
13311.83203 -214.74611
13314.52246 -192.35440
13317.21875 -215.58055
13319.91113 -185.41321
13322.60156 -218.80319
13325.28516 -182.80699
13327.98633 -214.42220
13330.67188 -186.26497
13333.37109 -217.77342
13336.05859 -176.09076
13338.75195 -216.10904
13341.44727 -178.56558
13344.13574 -215.67513
13346.82520 -183.06464
13349.52148 -218.56851
13352.21191 -180.70477
13354.91016 -214.95807
13357.59277 -186.54118
13360.29199 -218.56393
13362.97656 -189.30991
13365.67578 -217.02640
13368.36133 -181.41428
13371.05566 -215.50021
13373.75000 -175.73563
13376.43750 -220.74545
13379.13281 -184.50568
13381.82129 -215.64299
13384.51758 -188.21399
13387.20703 -217.48624
13389.89746 -179.13165
13392.58789 -218.81680
13395.28711 -180.98824
13397.97852 -215.47330
13400.66992 -185.98013
13403.36328 -220.20193
13406.04980 -188.35274
13408.74219 -216.34059
13411.43750 -178.34828
13414.13184 -216.39174
13416.82129 -195.89005
13419.50977 -219.76906
13422.20605 -204.29575
13424.89648 -215.10873
13427.58691 -188.46222
13430.28418 -218.21382
13432.97656 -178.82256
13435.66016 -216.78401
13438.35352 -188.65855
13441.04590 -215.44710
13443.73926 -176.45526
13446.43359 -218.72523
13449.12109 -185.66959
13451.81641 -214.70602
13454.50391 -184.27011
13457.20117 -217.32277
13459.89062 -183.02203
13462.57910 -216.56604
13465.27832 -188.08594
13467.96094 -214.27277
13470.66016 -182.03401
13473.34473 -219.46291
13476.04492 -184.03757
13478.73047 -214.77011
13481.42480 -182.97647
13484.11914 -215.34639
13486.80664 -185.52791
13489.50195 -217.66966
13492.19727 -191.69011
13494.88672 -214.49094
13497.57617 -177.33430
13500.26562 -217.19637
13502.95703 -183.92468
13505.64648 -215.08925
13508.34766 -192.31604
13511.03125 -216.07928
13513.72461 -182.29758
13516.42480 -217.58044
13519.11914 -184.36807
13521.80566 -214.06012
13524.50098 -183.43275
13527.18848 -219.12486
13529.87695 -188.76427
13532.56641 -216.14278
13535.27148 -187.31612
13537.95996 -214.56972
13540.65234 -188.65959
13543.34180 -220.19722
13546.02637 -204.00368
13548.72656 -215.33307
13551.41992 -176.10651
13554.10547 -216.43285
13556.80664 -186.28352
13559.49316 -217.32050
13562.18164 -180.89255
13564.87695 -215.81081
13567.56445 -176.55389
13570.26172 -218.48283
13572.95898 -172.78564
13575.64941 -215.08846
13578.33984 -184.06081
13581.03125 -217.90703
13583.72266 -181.73351
13586.41504 -218.33743
13589.10742 -177.27979
13591.79297 -214.46318
13594.49414 -184.17079
13597.18262 -220.79886
13599.87695 -183.89000
13602.56445 -216.58411
13605.25391 -172.88892
13607.95020 -215.24435
13610.63965 -183.65787
13613.33789 -219.90587
13616.02051 -191.31717
13618.71973 -215.73384
13621.41113 -182.66418
13624.10352 -217.41153
13626.78809 -180.46689
13629.48242 -216.78865
13632.17676 -177.01738
13634.87109 -216.32912
13637.56641 -182.93974
13640.25391 -219.31075
13642.94141 -176.04671
13645.63867 -214.94205
13648.33594 -176.50673
13651.01758 -218.42233
13653.71680 -187.86658
13656.40723 -218.26550
13659.09961 -175.97610
13661.79199 -214.74750
13664.48438 -180.81166
13667.16992 -220.57437
13669.86426 -181.56839
13672.55859 -216.24648
13675.24512 -182.93420
13677.94141 -215.92870
13680.63672 -183.83031
13683.31934 -218.83685
13686.01562 -187.94669
13688.70605 -215.33438
13691.40430 -179.08215
13694.08691 -218.26738
13696.78711 -177.46297
13699.47168 -216.07574
13702.16406 -175.04382
13704.85742 -215.89136
13707.55078 -184.57185
13710.24512 -219.06538
13712.93945 -177.59320
13715.62695 -214.60966
13718.32422 -185.89886
13721.01172 -217.68655
13723.70996 -176.27898
13726.39160 -216.74608
13729.08984 -185.12939
13731.78125 -214.86272
13734.47266 -177.38936
13737.17188 -219.05994
13739.85742 -180.73001
13742.54297 -214.88145
13745.23535 -181.56432
13747.93750 -216.75861
13750.62500 -183.71472
13753.31152 -217.42053
13756.01562 -193.55850
13758.70508 -214.60754
13761.39453 -188.00401
13764.08301 -219.22107
13766.77344 -176.88435
13769.47168 -215.70740
13772.16309 -187.72334
13774.84766 -216.16777
13777.54004 -177.30690
13780.24023 -218.46356
13782.92578 -191.16794
13785.62012 -215.54607
13788.31445 -181.18111
13791.00195 -219.09639
13793.69043 -177.13699
13796.39453 -216.25055
13799.08203 -174.90643
13801.77246 -217.15225
13804.47070 -175.02936
13807.16016 -220.95889
13809.85156 -180.54309
13812.53516 -215.42291
13815.23535 -178.05878
13817.91992 -220.32005
13820.61426 -178.40709
13823.30664 -219.37959
13826.00098 -206.72711
13828.68945 -215.91119
13831.38477 -176.44739
13834.07227 -222.00192
13836.76855 -178.79890
13839.46484 -217.74165
13842.14746 -178.70549
13844.83789 -217.72624
13847.53711 -178.65648
13850.22852 -219.25717
13852.91992 -189.62508
13855.61133 -217.31683
13858.30566 -186.62007
13860.99805 -220.45973
13863.69238 -178.88976
13866.37891 -216.33334
13869.07422 -180.61765
13871.76270 -218.16808
13874.45801 -185.36522
13877.14746 -221.41008
13879.84473 -202.61900
13882.52734 -214.95239
13885.22461 -177.76668
13887.90918 -220.07585
13890.60742 -181.99197
13893.29980 -218.67650
13895.98535 -182.11896
13898.68555 -215.16774
13901.37891 -182.52504
13904.06641 -219.67302
13906.75977 -177.31596
13909.45508 -216.58035
13912.14355 -185.27518
13914.83984 -217.22369
13917.52930 -178.65637
13920.21973 -216.84196
13922.90918 -184.89848
13925.60059 -216.45950
13928.29102 -173.91273
13930.98242 -220.39122
13933.68262 -182.14842
13936.37598 -214.99193
13939.06152 -186.90742
13941.75586 -218.03120
13944.44922 -180.09497
13947.14453 -220.13589
13949.83301 -176.11041
13952.52051 -214.90054
13955.20996 -183.83263
13957.90625 -220.18373
13960.59668 -183.64891
13963.29492 -217.80595
13965.98535 -177.71442
13968.67676 -216.61417
13971.36133 -181.82080
13974.06152 -219.35283
13976.74707 -186.47005
13979.43945 -216.84280
13982.13379 -188.22855
13984.82812 -220.14194
13987.51562 -175.77609
13990.21094 -217.19487
13992.90820 -183.73294
13995.59570 -217.71225
13998.28516 -182.84752
14000.97559 -223.19362
14003.67285 -180.19302
14006.36523 -216.20943
14009.05664 -181.95490
14011.74805 -220.09061
14014.43262 -176.54776
14017.12500 -220.48801
14019.81934 -186.84790
14022.51367 -216.69281
14025.20020 -181.08273
14027.90234 -222.41962
14030.59082 -182.96600
14033.28027 -218.02939
14035.97656 -177.35182
14038.66602 -219.00743
14041.35547 -190.90266
14044.04688 -220.82518
14046.73730 -172.85994
14049.42871 -217.43112
14052.12891 -185.27829
14054.82031 -222.90965
14057.51367 -184.69771
14060.20703 -218.40012
14062.89453 -179.96092
14065.58789 -218.76628
14068.28320 -181.07190
14070.97168 -223.57330
14073.66016 -178.98195
14076.34863 -217.61746
14079.03809 -183.95645
14081.73633 -222.03958
14084.42578 -181.35129
14087.11816 -220.03955
14089.81641 -189.22794
14092.50098 -218.34747
14095.20117 -184.70122
14097.88672 -225.15128
14100.58789 -177.92068
14103.26660 -217.97668
14105.96191 -185.08778
14108.65625 -220.75745
14111.35254 -174.08888
14114.04785 -222.38960
14116.72949 -181.34126
14119.42578 -217.58159
14122.11719 -174.92900
14124.80664 -223.40474
14127.50586 -186.20686
14130.18945 -219.06012
14132.88965 -178.05748
14135.58203 -218.85718
14138.26660 -196.80701
14140.96094 -221.50818
14143.65430 -176.91180
14146.34180 -217.68166
14149.03711 -187.40869
14151.73242 -222.28943
14154.41992 -179.20398
14157.11719 -218.12163
14159.81445 -177.56519
14162.49609 -218.05702
14165.19434 -181.54254
14167.87695 -224.29625
14170.57715 -177.25563
14173.26074 -216.56052
14175.95312 -187.88959
14178.65332 -220.14645
14181.33984 -181.54013
14184.03320 -220.27284
14186.72852 -180.13742
14189.42285 -217.29195
14192.10352 -181.34468
14194.79883 -221.37944
14197.49512 -177.08949
14200.19336 -217.81860
14202.87500 -179.38428
14205.57227 -220.72437
14208.26270 -187.40752
14210.94727 -219.43646
14213.65332 -192.72064
14216.33008 -217.92401
14219.03223 -181.59914
14221.72461 -227.77811
14224.41016 -187.92139
14227.09766 -218.23190
14229.79980 -180.95915
14232.48828 -220.36598
14235.17578 -187.36984
14237.87207 -224.98463
14240.56836 -182.01326
14243.25781 -218.91069
14245.94824 -179.03554
14248.64648 -224.53711
14251.33008 -178.33415
14254.02246 -221.31943
14256.72070 -186.29181
14259.41406 -221.77490
14262.09961 -185.09659
14264.79395 -225.95514
14267.47949 -185.04529
14270.18164 -220.56882
14272.87012 -193.62541
14275.56543 -226.90952
14278.25293 -181.07178
14280.94238 -223.19542
14283.63184 -175.88351
14286.32031 -221.08464
14289.01172 -190.16577
14291.70996 -242.24037
14294.40234 -193.29054
14297.09375 -221.02249
14299.78613 -184.23453
14302.47949 -222.73114
14305.17188 -180.94299
14307.86621 -228.64787
14310.56055 -183.20287
14313.24805 -220.00569
14315.94336 -183.35849
14318.63184 -225.67221
14321.32812 -182.51895
14324.01758 -221.93127
14326.70703 -183.23238
14329.39648 -221.19398
14332.09473 -179.40546
14334.78613 -225.67262
14337.47852 -176.24980
14340.16992 -219.55193
14342.85547 -178.74240
14345.54785 -225.71478
14348.24121 -178.67380
14350.93555 -221.57664
14353.63086 -188.10583
14356.31738 -219.81274
14359.01367 -179.82036
14361.70117 -230.12622
14364.39844 -177.59038
14367.08789 -219.69102
14369.78516 -178.17032
14372.46680 -223.08517
14375.15820 -178.32855
14377.85742 -223.26672
14380.54883 -179.53787
14383.23340 -220.25415
14385.92676 -185.99438
14388.61914 -228.35310
14391.31348 -177.25488
14394.00000 -220.35884
14396.70312 -181.48366
14399.39062 -223.62357
14402.07910 -185.36383
14404.77441 -225.25719
14407.47168 -188.28036
14410.15234 -220.51613
14412.85059 -184.49637
14415.54883 -231.08054
14418.24023 -179.45332
14420.93164 -221.84315
14423.61523 -180.92596
14426.31641 -223.17325
14429.00195 -189.61382
14431.69434 -228.55870
14434.39648 -185.97800
14437.07520 -221.00639
14439.77734 -179.62807
14442.46582 -231.02278
14445.14551 -175.57382
14447.84180 -223.75916
14450.53906 -199.69673
14453.22852 -222.58177
14455.91895 -192.60786
14458.61719 -233.28983
14461.30859 -192.56900
14464.00000 -222.44806
14466.69141 -174.24529
14469.38477 -227.27875
14472.07812 -186.85001
14474.76367 -224.66296
14477.45703 -184.08554
14480.15137 -224.24777
14482.83984 -176.54298
14485.54199 -239.48531
14488.22266 -180.99364
14490.91895 -222.53033
14493.60840 -185.53802
14496.30664 -229.95721
14498.98828 -178.45323
14501.69434 -230.99942
14504.37695 -189.30525
14507.06934 -223.15057
14509.76074 -180.99220
14512.45312 -234.04260
14515.14648 -183.30052
14517.84082 -228.14796
14520.52734 -184.65829
14523.23047 -225.90033
14525.91699 -181.56430
14528.60449 -228.43829
14531.29297 -191.72171
14533.98926 -227.89275
14536.67871 -176.31627
14539.37500 -228.67665
14542.06543 -175.85683
14544.75586 -226.69957
14547.44727 -186.29971
14550.13867 -226.75565
14552.83105 -182.44173
14555.52344 -233.25227
14558.21680 -189.68369
14560.91016 -224.87363
14563.59570 -179.08371
14566.29102 -226.61174
14568.98633 -184.06783
14571.67383 -239.83556
14574.36133 -195.49745
14577.05859 -222.60162
14579.75586 -196.75896
14582.44531 -231.96730
14585.13574 -181.63834
14587.82617 -227.76982
14590.51758 -185.71130
14593.20801 -222.73593
14595.90820 -178.70612
14598.60156 -231.41147
14601.28711 -182.23074
14603.97949 -224.54112
14606.66602 -181.98039
14609.36035 -226.62553
14612.05566 -178.89433
14614.75098 -223.45937
14617.43945 -183.10449
14620.13574 -226.28600
14622.82422 -185.54553
14625.51367 -238.80943
14628.20410 -179.45523
14630.90234 -221.41008
14633.59375 -181.73494
14636.29297 -239.20815
14638.96875 -179.38493
14641.66992 -228.35379
14644.36328 -179.11642
14647.05566 -223.29388
14649.74219 -176.45844
14652.43652 -228.52179
14655.13184 -185.43491
14657.81836 -226.37808
14660.50684 -182.37703
14663.21094 -231.61531
14665.89258 -175.61838
14668.58887 -223.50798
14671.27930 -178.88390
14673.96973 -232.16689
14676.66895 -181.15717
14679.36035 -231.56609
14682.05176 -181.43620
14684.74414 -224.18251
14687.43652 -188.85938
14690.12207 -235.05269
14692.81641 -171.30234
14695.50977 -226.36116
14698.20410 -182.55444
14700.89258 -230.14212
14703.58789 -181.19397
14706.27539 -225.88687
14708.96484 -185.22490
14711.66211 -228.23672
14714.35156 -174.75363
14717.04199 -230.79280
14719.74121 -176.75807
14722.43164 -224.75523
14725.11621 -193.25247
14727.80762 -242.64148
14730.50781 -184.60410
14733.20215 -225.38982
14735.88770 -179.55263
14738.57324 -228.29405
14741.27539 -176.96469
14743.96289 -229.74954
14746.65820 -182.73982
14749.35449 -224.99072
14752.03516 -188.74033
14754.73145 -239.16307
14757.42969 -178.87010
14760.11133 -225.34776
14762.81055 -187.38620
14765.50000 -228.90628
14768.19238 -177.17331
14770.88379 -230.37140
14773.57617 -183.12144
14776.26953 -225.40144
14778.96289 -181.45746
14781.64844 -234.27303
14784.35059 -182.58046
14787.03711 -226.93700
14789.72559 -187.16832
14792.42090 -227.74020
14795.10840 -175.49886
14797.80664 -230.31508
14800.50293 -176.87099
14803.18457 -226.40790
14805.87500 -187.85591
14808.57324 -232.27164
14811.26465 -179.50740
14813.95605 -227.22652
14816.64844 -184.95427
14819.34082 -226.63400
14822.03320 -177.22882
14824.72754 -242.39748
14827.41309 -182.24268
14830.10840 -225.28128
14832.80273 -176.68152
14835.49023 -228.28261
14838.18750 -182.40295
14840.87500 -233.82735
14843.57227 -175.43594
14846.26074 -224.90276
14848.95117 -180.33643
14851.64160 -230.42220
14854.33203 -194.37393
14857.03223 -228.15501
14859.71582 -191.74902
14862.40820 -225.95705
14865.09961 -179.48534
14867.79395 -229.80038
14870.49609 -187.34097
14873.17383 -225.89436
14875.86816 -184.47963
14878.56348 -229.16135
14881.25977 -180.09085
14883.94727 -227.18011
14886.63574 -179.31445
14889.33398 -224.88370
14892.03027 -176.19601
14894.71191 -235.66954
14897.41113 -179.81906
14900.10156 -224.28479
14902.79297 -191.33261
14905.48438 -225.72354
14908.17773 -175.15564
14910.87012 -232.19960
14913.55566 -187.28004
14916.25781 -222.15532
14918.94434 -187.66933
14921.63086 -231.20445
14924.33398 -186.10173
14927.01270 -224.38994
14929.70898 -184.65306
14932.39844 -221.57036
14935.08691 -183.26755
14937.78418 -233.63287
14940.47461 -171.78331
14943.16504 -221.25850
14945.86426 -188.48708
14948.55566 -223.68408
14951.24023 -178.92981
14953.94043 -222.49185
14956.63281 -190.01140
14959.32715 -221.47052
14962.02051 -178.57408
14964.70703 -225.98180
14967.39355 -185.16319
14970.08887 -218.87138
14972.78418 -185.87041
14975.48047 -225.86653
14978.16992 -181.40331
14980.86719 -222.49431
14983.54883 -187.69974
14986.23828 -218.73708
14988.93652 -186.03632
14991.62012 -229.25151
14994.32031 -178.24118
14997.00293 -220.23561
14999.70312 -189.60939
15002.38867 -221.63588
15005.08203 -180.48004
15007.77539 -222.07031
15010.47852 -184.85335
15013.16504 -220.96117
15015.85156 -179.24666
15018.54883 -227.67902
15021.23633 -186.51610
15023.92480 -219.73746
15026.62207 -179.28784
15029.31152 -225.55714
15032.00195 -174.95441
15034.69922 -226.90773
15037.39160 -183.27328
15040.08301 -220.46526
15042.77441 -183.58417
15045.46777 -237.68227
15048.16016 -204.03728
15050.85352 -223.96965
15053.54688 -178.13414
15056.23242 -223.22226
15058.92773 -173.95999
15061.61523 -232.51079
15064.31055 -178.83575
15066.99805 -223.13615
15069.69629 -178.76231
15072.38379 -226.91220
15075.07324 -189.02968
15077.77246 -226.65117
15080.46289 -177.66881
15083.15332 -222.21466
15085.84473 -182.80299
15088.53613 -233.03139
15091.22949 -183.41498
15093.92188 -222.25090
15096.62305 -176.47723
15099.30859 -222.48601
15101.99414 -179.23846
15104.68848 -227.88635
15107.38379 -183.43820
15110.08008 -219.87531
15112.76855 -183.66489
15115.45703 -224.91824
15118.14453 -189.26137
15120.84180 -220.78534
15123.53320 -177.22548
15126.22266 -220.04521
15128.91406 -184.46968
15131.60547 -225.35556
15134.29688 -177.87294
15136.99707 -217.95250
15139.68164 -189.37518
15142.37402 -223.14722
15145.06836 -180.83977
15147.76270 -220.86610
15150.44824 -182.16365
15153.14355 -217.70779
15155.83887 -189.20818
15158.52637 -224.49614
15161.21484 -176.24866
15163.91113 -218.50853
15166.60938 -180.60393
15169.29785 -219.84845
15171.98047 -179.37956
15174.67871 -220.00842
15177.37793 -184.05656
15180.06250 -218.73267
15182.75391 -189.49318
15185.45410 -223.32715
15188.13867 -177.15686
15190.83203 -217.28093
15193.52637 -175.69061
15196.22070 -221.13155
15198.90723 -187.61456
15201.59375 -222.72231
15204.29785 -178.52437
15206.98633 -216.66841
15209.67383 -185.30167
15212.36328 -224.53035
15215.06934 -176.57430
15217.75195 -219.93903
15220.44922 -182.10829
15223.14062 -217.82863
15225.82227 -196.36395
15228.52344 -221.84003
15231.21582 -177.06969
15233.90039 -218.68810
15236.60156 -191.41466
15239.28711 -220.85983
15241.98145 -182.70340
15244.67578 -218.12744
15247.36230 -179.81305
15250.05762 -219.59198
15252.74512 -173.16873
15255.44141 -224.30984
15258.12988 -181.51686
15260.82812 -216.52600
15263.51660 -179.73474
15266.20703 -222.44656
15268.89746 -185.56882
15271.58789 -222.09897
15274.27930 -178.45377
15276.97168 -216.87355
15279.66406 -180.75020
15282.35742 -224.09813
15285.04980 -180.29558
15287.74414 -219.81888
15290.42969 -200.86584
15293.12500 -219.35042
15295.82031 -177.82924
15298.51562 -221.01790
15301.21191 -180.70506
15303.89160 -219.59567
15306.58105 -185.73099
15309.27832 -223.99037
15311.96777 -186.47195
15314.66699 -218.58647
15317.35742 -180.43430
15320.04883 -221.18173
15322.73926 -175.11133
15325.43164 -227.43073
15328.12402 -178.28679
15330.80957 -217.58716
15333.51074 -182.11064
15336.19629 -223.77509
15338.89062 -180.05214
15341.58594 -222.77507
15344.27246 -185.42427
15346.96777 -217.39075
15349.65625 -181.54947
15352.34473 -224.25546
15355.04980 -190.22324
15357.73047 -218.89206
15360.42969 -190.77370
15363.11914 -218.47603
15365.81055 -181.80602
15368.50098 -220.03352
15371.20117 -175.76421
15373.89258 -216.98256
15376.57715 -180.11755
15379.26953 -220.60545
15381.96387 -188.42824
15384.64941 -216.36751
15387.34375 -178.40396
15390.03906 -217.07164
15392.73438 -185.32095
15395.42188 -219.86522
15398.11719 -210.63724
15400.80664 -214.90028
15403.49512 -173.05002
15406.19238 -218.66783
15408.88281 -177.71983
15411.57324 -216.50470
15414.27246 -176.64015
15416.96387 -215.46556
15419.64746 -178.30135
15422.33887 -218.72838
15425.03125 -182.32794
15427.72461 -214.87959
15430.41895 -177.48589
15433.11133 -217.94229
15435.80664 -179.20897
15438.49414 -216.68723
15441.18066 -184.27374
15443.87598 -215.52217
15446.56348 -185.14088
15449.25977 -219.64850
15451.95801 -187.13066
15454.64746 -215.61531
15457.34473 -180.60396
15460.03516 -218.26572
15462.72559 -190.68404
15465.40918 -217.96895
15468.10938 -183.02553
15470.80078 -216.41985
15473.49414 -190.48973
15476.18652 -222.25328
15478.87207 -179.23087
15481.56641 -216.67165
15484.25977 -188.80774
15486.94727 -218.87695
15489.64258 -175.03491
15492.32910 -222.07011
15495.02539 -180.14986
15497.72266 -216.61368
15500.40234 -175.83966
15503.10059 -221.97952
15505.79004 -184.85721
15508.48828 -219.46281
15511.17969 -185.94351
15513.87109 -217.70999
15516.55273 -198.65433
15519.25391 -221.84004
15521.94531 -182.21764
15524.63086 -217.67780
15527.33301 -187.04454
15530.02734 -219.91992
15532.71289 -198.75687
15535.40820 -218.42686
15538.09473 -177.99452
15540.79004 -217.09688
15543.47754 -200.00974
15546.17383 -222.99623
15548.87109 -174.66461
15551.56055 -215.97650
15554.24902 -177.99890
15556.93945 -217.90909
15559.63867 -194.45357
15562.33008 -221.00464
15565.02051 -181.51347
15567.70410 -215.14726
15570.39648 -183.14513
15573.08984 -219.11662
15575.78223 -177.83179
15578.47656 -217.32912
15581.17090 -189.80644
15583.85742 -216.23933
15586.56055 -190.42262
15589.24805 -218.21819
15591.93457 -183.82179
15594.63086 -215.65770
15597.32031 -186.80417
15600.01758 -219.10121
15602.70605 -184.72928
15605.39648 -215.93433
15608.08691 -172.50644
15610.77734 -215.67596
15613.47754 -179.05865
15616.16992 -221.20259
15618.86133 -176.84753
15621.54492 -214.65466
15624.23828 -187.31989
15626.93262 -216.99408
15629.62695 -176.17503
15632.32031 -218.31383
15635.00586 -183.22009
15637.69336 -214.74182
15640.38965 -177.42769
15643.08594 -217.91505
15645.77344 -183.26900
15648.47070 -215.47404
15651.16016 -175.18330
15653.84961 -216.41136
15656.54785 -188.79204
15659.23926 -216.64143
15661.92969 -182.22301
15664.62109 -214.47003
15667.32227 -181.99919
15670.00586 -219.12978
15672.69727 -202.79272
15675.38281 -214.77577
15678.08594 -177.91135
15680.77148 -215.10091
15683.46582 -183.58066
15686.15234 -218.73621
15688.85645 -189.22003
15691.54395 -214.19295
15694.23242 -182.16634
15696.92871 -217.10739
15699.61816 -181.28217
15702.30664 -216.08403
15705.00488 -178.08051
15707.69531 -215.42416
15710.38574 -178.50490
15713.07715 -218.26480
15715.76953 -182.75539
15718.46094 -214.89830
15721.15332 -185.73099
15723.84668 -218.50092
15726.53125 -178.60118
15729.22461 -217.17764
15731.91895 -181.91084
15734.61426 -215.72279
15737.30957 -183.84859
15739.99609 -221.70671
15742.69336 -183.33160
15745.38965 -216.35226
15748.06836 -195.44824
15750.76660 -218.23389
15753.45605 -191.43710
15756.14648 -220.36819
15758.84570 -176.29858
15761.53516 -216.51053
15764.22754 -185.36728
15766.91895 -221.66476
15769.60156 -191.54852
15772.29492 -217.97009
15774.99609 -185.85274
15777.69043 -217.45598
15780.38477 -186.61296
15783.06152 -222.03601
15785.75586 -178.84772
15788.45117 -216.21126
15791.14746 -196.50659
15793.82617 -218.76262
15796.52344 -179.83409
15799.21973 -218.24062
15801.91797 -182.68201
15804.59863 -215.57610
15807.29688 -183.65663
15809.98828 -219.29988
15812.67773 -180.41986
15815.37012 -215.18678
15818.06152 -187.66971
15820.76270 -216.47287
15823.44629 -179.11241
15826.13867 -216.84578
15828.82422 -188.40982
15831.52734 -213.84029
15834.22070 -181.55595
15836.90820 -218.18126
15839.59473 -197.75984
15842.29883 -214.36995
15844.97852 -189.17509
15847.67480 -214.33107
15850.36328 -184.49844
15853.06152 -217.08163
15855.75977 -190.27437
15858.43945 -213.63489
15861.14062 -188.03564
15863.83008 -215.93015
15866.52246 -186.09538
15869.20410 -214.46445
15871.90527 -179.22182
15874.59863 -214.86627
15877.29102 -183.12988
15879.97559 -216.64146
15882.66992 -197.94960
15885.36523 -213.41815
15888.05859 -175.90448
15890.74609 -217.91142
15893.44238 -181.55258
15896.12891 -215.69147
15898.81738 -181.35178
15901.51465 -214.07640
15904.20410 -182.35855
15906.90234 -219.55446
15909.59180 -185.05119
15912.28320 -215.13200
15914.97266 -177.91756
15917.66406 -216.22119
15920.35645 -185.29539
15923.04785 -217.38385
15925.74121 -186.41211
15928.43359 -215.93871
15931.12695 -177.26740
15933.82031 -218.80077
15936.50586 -187.65331
15939.20996 -215.40715
15941.89648 -178.71941
15944.58398 -218.06975
15947.28027 -212.76974
15949.97656 -219.01526
15952.66504 -182.08195
15955.34570 -214.71811
15958.04297 -189.50374
15960.74219 -221.25311
15963.43262 -180.31091
15966.12305 -217.24989
15968.81348 -174.70772
15971.49609 -215.32617
15974.19727 -180.71898
15976.88965 -220.81555
15979.58203 -191.30905
15982.27637 -216.02412
15984.96094 -183.68300
15987.65527 -217.24310
15990.35059 -180.03418
15993.04590 -217.34166
15995.73242 -176.34186
15998.42773 -216.38962
16001.11523 -194.23096
16003.81348 -219.53638
16006.49316 -176.20180
16009.19043 -215.24013
16011.87988 -196.57091
16014.57031 -218.30548
16017.26953 -184.66661
16019.96094 -218.89206
16022.66113 -178.83234
16025.35254 -214.75035
16028.03613 -192.89699
16030.72070 -220.86496
16033.43164 -187.96329
16036.11523 -216.79324
16038.80957 -180.51779
16041.50391 -215.70584
16044.19922 -187.33914
16046.87695 -219.69994
16049.57227 -188.36375
16052.26074 -215.47462
16054.95703 -182.54332
16057.64551 -217.65689
16060.34277 -184.03955
16063.03320 -216.42244
16065.73145 -184.52330
16068.42188 -215.47188
16071.11230 -179.39401
16073.80371 -218.84074
16076.49512 -184.57855
16079.18750 -214.35712
16081.87988 -173.70796
16084.57227 -216.67621
16087.26562 -185.92175
16089.95996 -216.59325
16092.64551 -181.61108
16095.34082 -213.86093
16098.02637 -182.01201
16100.72266 -217.84769
16103.40918 -182.86131
16106.10547 -214.23413
16108.80371 -187.51184
16111.49219 -215.15706
16114.18066 -183.00308
16116.87012 -216.47104
16119.56934 -183.09467
16122.25977 -213.54636
16124.95020 -180.05597
16127.64160 -217.33862
16130.33301 -182.85019
16133.02637 -214.54747
16135.70898 -177.29861
16138.41211 -214.78421
16141.10449 -189.08606
16143.79004 -217.20660
16146.48438 -176.01875
16149.17969 -214.34224
16151.86621 -179.84401
16154.56152 -217.79253
16157.25000 -183.91119
16159.94629 -215.47205
16162.64258 -199.75667
16165.32324 -216.12445
16168.02148 -188.45071
16170.71094 -220.07368
16173.40918 -191.80717
16176.09961 -215.03130
16178.79102 -186.18353
16181.48242 -219.95328
16184.16504 -186.36424
16186.86621 -219.36906
16189.55078 -188.94490
16192.25195 -216.22932
16194.93750 -177.55734
16197.63184 -223.10164
16200.31738 -186.26711
16203.02148 -218.40605
16205.70801 -177.65305
16208.40332 -218.37459
16211.09180 -185.31403
16213.77930 -220.82962
16216.47559 -184.74214
16219.16504 -218.04897
16221.86328 -179.55080
16224.55176 -221.10799
16227.24219 -182.39799
16229.93262 -217.51280
16232.62500 -175.89496
16235.32422 -218.23293
16238.01660 -178.69585
16240.69922 -222.28250
16243.40234 -174.16153
16246.08594 -215.15961
16248.78906 -183.76880
16251.47363 -219.43555
16254.15918 -181.85359
16256.85449 -219.11038
16259.54980 -194.06493
16262.23730 -214.53545
16264.92383 -188.44986
16267.62109 -219.54359
16270.31055 -180.92729
16273.00781 -216.14816
16275.69727 -183.43471
16278.39453 -215.75952
16281.08496 -196.67551
16283.77539 -216.56720
16286.46680 -175.69397
16289.16797 -215.29178
16291.85059 -188.74355
16294.54199 -218.58072
16297.23535 -178.86887
16299.92773 -214.31161
16302.62207 -183.76436
16305.31641 -216.43587
16308.00977 -178.54901
16310.69727 -219.13638
16313.39258 -187.17506
16316.07910 -213.82507
16318.76758 -181.86809
16321.47266 -218.48824
16324.16016 -178.56018
16326.84961 -216.91135
16329.53906 -188.67604
16332.23730 -215.24753
16334.92676 -179.61450
16337.61719 -218.44611
16340.30859 -189.57159
16342.99902 -215.85088
16345.69238 -179.62022
16348.38379 -218.43217
16351.07617 -184.57654
16353.76074 -216.43895
16356.46387 -180.62993
16359.14844 -216.39053
16361.84375 -181.28101
16364.53711 -221.67805
16367.22461 -176.13087
16369.91992 -215.29445
16372.60742 -176.76912
16375.30371 -218.53014
16377.99219 -177.77283
16380.68945 -219.80524
16383.37891 -178.37889
16386.07617 -215.57587
16388.76758 -190.10159
16391.45703 -220.81279
16394.14844 -181.60027
16396.83008 -217.16704
16399.53125 -194.55804
16402.22266 -217.65778
16404.91602 -172.35089
16407.60938 -219.84038
16410.30078 -185.00592
16412.99609 -216.57518
16415.68164 -181.30507
16418.37695 -221.74951
16421.07227 -184.13148
16423.75781 -217.72984
16426.45312 -179.84894
16429.14258 -217.98891
16431.83789 -193.26567
16434.52734 -223.42897
16437.22461 -185.42268
16439.91406 -217.15602
16442.59570 -177.96503
16445.29492 -221.76086
16447.98438 -177.30852
16450.67578 -220.51547
16453.36719 -195.12778
16456.06836 -218.28461
16458.75195 -186.62479
16461.44336 -226.21140
16464.13672 -189.90121
16466.83203 -218.56889
16469.51562 -176.74498
16472.21094 -220.63371
16474.91406 -181.32080
16477.59180 -224.00600
16480.28906 -174.92249
16482.98438 -217.81628
16485.67188 -187.05598
16488.36914 -223.58327
16491.05859 -177.76711
16493.74609 -219.87357
16496.44531 -184.50801
16499.12500 -217.94965
16501.82617 -177.85577
16504.52539 -222.42416
16507.20898 -183.55095
16509.90039 -217.16702
16512.59961 -184.23331
16515.28516 -219.82671
16517.97656 -182.70175
16520.66992 -218.04037
16523.36328 -176.23788
16526.05078 -216.42610
16528.74414 -183.50955
16531.43945 -222.02623
16534.12500 -178.79163
16536.82227 -215.35652
16539.51953 -180.28555
16542.20508 -217.46786
16544.89453 -176.32851
16547.59375 -218.91913
16550.28125 -184.46005
16552.97070 -215.11244
16555.66211 -181.33833
16558.36133 -218.88187
16561.05273 -187.79597
16563.74219 -216.03403
16566.42578 -178.33728
16569.12695 -217.50465
16571.82031 -186.58920
16574.51367 -217.61592
16577.20703 -186.49216
16579.89062 -215.57436
16582.58594 -185.04866
16585.27148 -222.46246
16587.96680 -186.09491
16590.66211 -216.30960
16593.34961 -183.36292
16596.03711 -217.63885
16598.74219 -172.88470
16601.42188 -222.26227
16604.11914 -178.03021
16606.80859 -217.09724
16609.50781 -176.85809
16612.19922 -221.71748
16614.88867 -181.49510
16617.58008 -219.38680
16620.28125 -177.97827
16622.96484 -220.37320
16625.65625 -183.70457
16628.34766 -224.26744
16631.04102 -184.74562
16633.73438 -219.21405
16636.42969 -180.78532
16639.11523 -226.92552
16641.80859 -176.65323
16644.49609 -223.06511
16647.20117 -184.33331
16649.88672 -220.47823
16652.57422 -182.62607
16655.27148 -242.21689
16657.96094 -179.88078
16660.65820 -221.22725
16663.33789 -174.10327
16666.02734 -222.10602
16668.73633 -180.61200
16671.42773 -230.52670
16674.11914 -173.22331
16676.80859 -219.85231
16679.49219 -181.34874
16682.19336 -224.48167
16684.87695 -175.65155
16687.57031 -222.44760
16690.26367 -190.33224
16692.95703 -219.98540
16695.65234 -179.72528
16698.33789 -225.55733
16701.03320 -185.64453
16703.72070 -219.03714
16706.41602 -177.49698
16709.10352 -223.21390
16711.80078 -178.06708
16714.49805 -221.65912
16717.17773 -188.27950
16719.87695 -218.50046
16722.57617 -193.57903
16725.25586 -228.96773
16727.95508 -181.00305
16730.63672 -218.94315
16733.33789 -183.20906
16736.03125 -220.55515
16738.71289 -204.97882
16741.41406 -223.55151
16744.10742 -174.54353
16746.80078 -218.72232
16749.48633 -178.24203
16752.17969 -225.01665
16754.86523 -185.09808
16757.56055 -219.66515
16760.25586 -178.02194
16762.95312 -220.61839
16765.64062 -186.92854
16768.33789 -224.74745
16771.02539 -181.19000
16773.71484 -218.53767
16776.41211 -175.06923
16779.10156 -225.17499
16781.79297 -183.06921
16784.48242 -220.70702
16787.17188 -210.55324
16789.87305 -219.65880
16792.55664 -176.82790
16795.24805 -226.58990
16797.94141 -184.51649
16800.63281 -218.67847
16803.32617 -180.22545
16806.01953 -223.48276
16808.71484 -187.23860
16811.40039 -221.48254
16814.09570 -176.83028
16816.79102 -219.04272
16819.47656 -186.01248
16822.17383 -228.03560
16824.86133 -178.86736
16827.55078 -219.31242
16830.24805 -179.03175
16832.94531 -222.20160
16835.62695 -187.95305
16838.32422 -222.27727
16841.01562 -179.03650
16843.70703 -220.19583
16846.40625 -178.02171
16849.08789 -228.20171
16851.77930 -192.92285
16854.47266 -219.57907
16857.16602 -180.42023
16859.85938 -225.84903
16862.55273 -186.85312
16865.23633 -226.16013
16867.93164 -178.74414
16870.63672 -220.47705
16873.31250 -187.05684
16876.01758 -240.83128
16878.70508 -182.28554
16881.40234 -224.45563
16884.08789 -189.58900
16886.78516 -224.90254
16889.47461 -176.19414
16892.15430 -226.27390
16894.85352 -181.23050
16897.55273 -227.59027
16900.24219 -189.08501
16902.93359 -230.30682
16905.62500 -180.18315
16908.31641 -225.55956
16911.00000 -192.50557
16913.70117 -228.21275
16916.39453 -178.23216
16919.08789 -229.89330
16921.77344 -176.68851
16924.46680 -226.20811
16927.16016 -188.13176
16929.84766 -224.94814
16932.54297 -175.16847
16935.23828 -235.58832
16937.92578 -179.82631
16940.61328 -222.21468
16943.31836 -182.21402
16946.00781 -226.94684
16948.69531 -179.45171
16951.38477 -227.29366
16954.08398 -181.30559
16956.77539 -220.09799
16959.46484 -179.46272
16962.15625 -242.21333
16964.84766 -179.89259
16967.53906 -221.97978
16970.23242 -191.61382
16972.92383 -221.72919
16975.61719 -184.57460
16978.31055 -223.19159
16980.99414 -179.71944
16983.69922 -221.55438
16986.38477 -182.11519
16989.07031 -227.19701
16991.76562 -199.70004
16994.46094 -219.01218
16997.14844 -181.41129
16999.83594 -226.56395
17002.53516 -190.88780
17005.22266 -225.63144
17007.91992 -181.17682
17010.60938 -219.27975
17013.29883 -187.43704
17015.99805 -231.21764
17018.67969 -180.37938
17021.37109 -222.54495
17024.07227 -177.68958
17026.76367 -223.72604
17029.45508 -191.61931
17032.14844 -222.81445
17034.84180 -181.08717
17037.52539 -224.19438
17040.23047 -178.28336
17042.91406 -244.24332
17045.60938 -183.10396
17048.29492 -221.29257
17050.99023 -193.69804
17053.67578 -234.36429
17056.37305 -183.85722
17059.06055 -228.21936
17061.75977 -182.59564
17064.44727 -223.84523
17067.14453 -185.67751
17069.83398 -232.02890
17072.53320 -191.86354
17075.21289 -226.17024
17077.91406 -179.04179
17080.60547 -230.34233
17083.29688 -187.09407
17085.98828 -226.10556
17088.67969 -175.05084
17091.36328 -230.25323
17094.05664 -184.01685
17096.75000 -229.05861
17099.44531 -181.67719
17102.13867 -226.74504
17104.83203 -178.79730
17107.52734 -232.92374
17110.21484 -183.93652
17112.90234 -226.93074
17115.58789 -172.71768
17118.28516 -230.15372
17120.98242 -200.75441
17123.67969 -228.26122
17126.36914 -187.07062
17129.05859 -227.97125
17131.74805 -177.58488
17134.43750 -231.30798
17137.13672 -189.12114
17139.82031 -226.54980
17142.51172 -180.23615
17145.21289 -230.86694
17147.90430 -178.09575
17150.58789 -228.53038
17153.27930 -178.96545
17155.97461 -226.92828
17158.66797 -175.58542
17161.35156 -231.65585
17164.04688 -182.68074
17166.74219 -226.13853
17169.43750 -177.50778
17172.13281 -230.90401
17174.83008 -192.48241
17177.50781 -226.72897
17180.20508 -181.55850
17182.90234 -226.60764
17185.58203 -179.66623
17188.27930 -242.94043
17190.97852 -190.14191
17193.66016 -223.87851
17196.35938 -186.78140
17199.05078 -231.60907
17201.74219 -186.63757
17204.43164 -229.38123
17207.11523 -187.37711
17209.81641 -224.23990
17212.50195 -179.77490
17215.19336 -230.70312
17217.88867 -183.47849
17220.58203 -226.72986
17223.27734 -179.30234
17225.97266 -229.48744
17228.66797 -181.31689
17231.35156 -224.55493
17234.04883 -173.51826
17236.73633 -230.28134
17239.43359 -178.34158
17242.11133 -235.78484
17244.82031 -187.08540
17247.49805 -223.72511
17250.19727 -177.21425
17252.88672 -232.37912
17255.58789 -185.93529
17258.26758 -229.16887
17260.96875 -184.30652
17263.66016 -228.00217
17266.34180 -180.00208
17269.04297 -224.79724
17271.73633 -189.65381
17274.42969 -232.82555
17277.11328 -176.77991
17279.80664 -227.50711
17282.50195 -178.42250
17285.19727 -224.05038
17287.88281 -181.06348
17290.57812 -232.56146
17293.26367 -179.03812
17295.96094 -222.47209
17298.65625 -176.75352
17301.33594 -231.72955
17304.03320 -186.53505
17306.73047 -223.02432
17309.41992 -181.06035
17312.11914 -221.99675
17314.80078 -182.12407
17317.48828 -227.92166
17320.17969 -178.89940
17322.88086 -220.84102
17325.57227 -183.66098
17328.26367 -225.17622
17330.94727 -182.08838
17333.65039 -220.06300
17336.34375 -190.21222
17339.03516 -223.13808
17341.72070 -188.60698
17344.42578 -224.11510
17347.10938 -186.91899
17349.79688 -218.23271
17352.49219 -180.92308
17355.17773 -229.96153
17357.87500 -180.96864
17360.57031 -220.60170
17363.25977 -177.40213
17365.94727 -220.19632
17368.63672 -189.22623
17371.33594 -223.06119
17374.03516 -190.99352
17376.72266 -220.46492
17379.41406 -184.16660
17382.10547 -225.90326
17384.79688 -178.15089
17387.48828 -219.51419
17390.17969 -177.44867
17392.86328 -224.38588
17395.56445 -184.60558
17398.24805 -227.22229
17400.95312 -185.66580
17403.63672 -219.98676
17406.33008 -180.92955
17409.02539 -236.44130
17411.71094 -191.07068
17414.40625 -224.20392
17417.09375 -185.56116
17419.78906 -223.47374
17422.48828 -179.98688
17425.17578 -230.17987
17427.87305 -181.15335
17430.56250 -224.36545
17433.25000 -179.85751
17435.93945 -229.43063
17438.64062 -174.97838
17441.33008 -227.06557
17444.02148 -186.97267
17446.71289 -225.15038
17449.40430 -192.49448
17452.09570 -236.00845
17454.77930 -180.29810
17457.47266 -225.03369
17460.16406 -191.83102
17462.86914 -224.98192
17465.55273 -181.56630
17468.24609 -236.89497
17470.93359 -172.09056
17473.62891 -222.51945
17476.32422 -178.78876
17479.00977 -227.43837
17481.69727 -177.72748
17484.39453 -224.99756
17487.09180 -184.43776
17489.77930 -221.92924
17492.47852 -197.82355
17495.17773 -232.24695
17497.85547 -182.59918
17500.54492 -220.63580
17503.23633 -175.54616
17505.93555 -224.70839
17508.62891 -181.42853
17511.32031 -225.53908
17514.01172 -184.27936
17516.70312 -219.60782
17519.39648 -183.49213
17522.08008 -230.21185
17524.77344 -181.61986
17527.46875 -221.39409
17530.16211 -179.79994
17532.84766 -220.75970
17535.54297 -177.98215
17538.23828 -224.37439
17540.92578 -182.33372
17543.62109 -220.19305
17546.31836 -187.68555
17548.99609 -224.10490
17551.69531 -182.08633
17554.39258 -219.65344
17557.08203 -177.82988
17559.76953 -221.11436
17562.46875 -182.75742
17565.16016 -225.50368
17567.84961 -200.80688
17570.54297 -217.38351
17573.23242 -182.20366
17575.92578 -223.83049
17578.61719 -187.04318
17581.31055 -221.36618
17584.00195 -176.79042
17586.68750 -217.21440
17589.37891 -177.10802
17592.07422 -223.11090
17594.76953 -182.49232
17597.46484 -218.65793
17600.15039 -183.18298
17602.85547 -219.10857
17605.53320 -182.53603
17608.23047 -218.50615
17610.91602 -178.01384
17613.61523 -218.39966
17616.30273 -180.80263
17619.00195 -222.57852
17621.68164 -174.54486
17624.39062 -216.20699
17627.07031 -193.60942
17629.76953 -220.64645
17632.45117 -191.75587
17635.14258 -221.82735
17637.83398 -179.38779
17640.53516 -216.38463
17643.22852 -180.17041
17645.92188 -222.74219
17648.61523 -189.89638
17651.29883 -219.56644
17653.99219 -175.32619
17656.68750 -219.27635
17659.37305 -190.46497
17662.06836 -220.84599
17664.76367 -177.65891
17667.45898 -220.05188
17670.14648 -177.91734
17672.83398 -225.87503
17675.53125 -177.62758
17678.21875 -219.49214
17680.91602 -181.23637
17683.60547 -223.08327
17686.29492 -182.40424
17688.98438 -234.28416
17691.68359 -196.73114
17694.37500 -219.63397
17697.06641 -178.80235
17699.74805 -227.91966
17702.44922 -184.47110
17705.14062 -228.81259
17707.82422 -184.45993
17710.52734 -219.63612
17713.22070 -175.20920
17715.90430 -229.86034
17718.59766 -174.22664
17721.28516 -222.78169
17723.98828 -181.13077
17726.67383 -219.52528
17729.37109 -184.72205
17732.05664 -224.03391
17734.75391 -179.73074
17737.43945 -219.00114
17740.13867 -177.87666
17742.82617 -221.01860
17745.51562 -176.46512
17748.21289 -218.48615
17750.90234 -181.19873
17753.59180 -217.69156
17756.29297 -184.66800
17758.98242 -221.72705
17761.67383 -186.97119
17764.35547 -215.72893
17767.04688 -185.10612
17769.75000 -218.63553
17772.44336 -179.90843
17775.12500 -218.13478
17777.82812 -182.17995
17780.51172 -215.47986
17783.20703 -180.00108
17785.89258 -219.38950
17788.58789 -185.72215
17791.28320 -215.57628
17793.96875 -177.81067
17796.66406 -217.30583
17799.36133 -186.80418
17802.04883 -217.46274
17804.73828 -179.89330
17807.43555 -215.42076
17810.12305 -187.81242
17812.81250 -219.68608
17815.51172 -176.20132
17818.21094 -215.93228
17820.90039 -187.92897
17823.59180 -217.44463
17826.27344 -183.08737
17828.96484 -218.64476
17831.65625 -180.07365
17834.34961 -216.05566
17837.05078 -174.52522
17839.73438 -220.92932
17842.43750 -189.03693
17845.12109 -216.88416
17847.81641 -175.84221
17850.50977 -217.93741
17853.20508 -187.46696
17855.89062 -221.87552
17858.58789 -177.17409
17861.27344 -216.47261
17863.96094 -204.47975
17866.65820 -220.73550
17869.34570 -199.95448
17872.04297 -219.38699
17874.74219 -182.46320
17877.42969 -217.39311
17880.11914 -191.66840
17882.81055 -221.55345
17885.50000 -183.28905
17888.20117 -217.72392
17890.89062 -182.44736
17893.58203 -219.93810
17896.26562 -182.61214
17898.96680 -219.04543
17901.65820 -174.23038
17904.35156 -217.41724
17907.03516 -179.66049
17909.72852 -223.70407
17912.42383 -174.84062
17915.11914 -216.93521
17917.80469 -185.53705
17920.50000 -218.67216
17923.18555 -183.83369
17925.88086 -222.92502
17928.56836 -178.67897
17931.26562 -216.49828
17933.96289 -176.05402
17936.65039 -220.69507
17939.33789 -185.71239
17942.03711 -219.34886
17944.72656 -189.32359
17947.41602 -217.65465
17950.11523 -184.17262
17952.79688 -220.62706
17955.49609 -180.98975
17958.18750 -217.57336
17960.88086 -184.37219
17963.57227 -220.57111
17966.26562 -179.55902
17968.94727 -218.34026
17971.64062 -182.42952
17974.33398 -217.15968
17977.02930 -184.42015
17979.73242 -223.67918
17982.40625 -183.58185
17985.10156 -216.21587
17987.78906 -189.63326
17990.49414 -217.65198
17993.18164 -184.83989
17995.87695 -220.93518
17998.55664 -177.66484
18001.25391 -215.28270
18003.96094 -181.60544
18006.63867 -218.25409
18009.33789 -180.70273
18012.02930 -216.70030
18014.70898 -180.10237
18017.40820 -215.77190
18020.10938 -182.90976
18022.78906 -217.00551
18025.49023 -177.41545
18028.18164 -214.48311
18030.86523 -175.48901
18033.55859 -217.78107
18036.25195 -206.74005
18038.94336 -214.81853
18041.63867 -177.69867
18044.33203 -214.28680
18047.02734 -199.20915
18049.72266 -218.24622
18052.40625 -175.43442
18055.09375 -213.69304
18057.79883 -187.07895
18060.47656 -215.63092
18063.17383 -180.69804
18065.86133 -215.76666
18068.55859 -178.06595
18071.24805 -214.47289
18073.94531 -182.46819
18076.63477 -217.06000
18079.32422 -174.33147
18082.02344 -214.39488
18084.71484 -179.67384
18087.40430 -217.20261
18090.09570 -185.68990
18092.78906 -216.60596
18095.47070 -182.33516
18098.17188 -215.01299
18100.86523 -180.46214
18103.55859 -220.50897
18106.24219 -176.72469
18108.93555 -216.12520
18111.62891 -183.45941
18114.32422 -217.70836
18117.00977 -185.64594
18119.70508 -220.35638
18122.39062 -188.49730
18125.08789 -216.80281
18127.77539 -175.80331
18130.47070 -221.63664
18133.16016 -179.74944
18135.85742 -218.66022
18138.54492 -175.49345
18141.24414 -218.25795
18143.93359 -180.50404
18146.62305 -223.30424
18149.31250 -189.15639
18152.00391 -217.41470
18154.69336 -182.94118
18157.39453 -219.89758
18160.08594 -179.76634
18162.77734 -219.99629
18165.47070 -176.92946
18168.16406 -216.58876
18170.84766 -189.95743
18173.53906 -220.70866
18176.23438 -182.81522
18178.91797 -216.56015
18181.62305 -197.59996
18184.30859 -217.12523
18187.00391 -188.38213
18189.69922 -218.53040
18192.38672 -177.22940
18195.08203 -214.80299
18197.77148 -179.05852
18200.45703 -218.77525
18203.15625 -183.58234
18205.84375 -215.57086
18208.54297 -186.26726
18211.22266 -214.78790
18213.92188 -180.19939
18216.61133 -218.35014
18219.30078 -185.26111
18221.99414 -214.31250
18224.69336 -186.42924
18227.38477 -216.18399
18230.06641 -186.03368
18232.76953 -215.60002
18235.46289 -188.49290
18238.14648 -214.90459
18240.84961 -180.21127
18243.53320 -217.09462
18246.22852 -181.59866
18248.92188 -213.90050
18251.60742 -179.57774
18254.31250 -217.22263
18256.99805 -183.92285
18259.68555 -216.15005
18262.37109 -180.62822
18265.06836 -213.87085
18267.75586 -178.15866
18270.45312 -219.21524
18273.15234 -177.79680
18275.84180 -215.00644
18278.53125 -189.54839
18281.21875 -215.12070
18283.91992 -179.30167
18286.60938 -217.31831
18289.30078 -179.37813
18291.99023 -214.99553
18294.69141 -187.19524
18297.37500 -217.09378
18300.06641 -187.66690
18302.75977 -214.91527
18305.45312 -188.41568
18308.14648 -216.43607
18310.83008 -179.10959
18313.52344 -217.62071
18316.21875 -183.35983
18318.91406 -213.83153
18321.59961 -178.57419
18324.29492 -218.95053
18326.98047 -189.55824
18329.67773 -216.31821
18332.36523 -181.07370
18335.06055 -214.41429
18337.75977 -178.11954
18340.44727 -219.34581
18343.13672 -184.56970
18345.82422 -215.56792
18348.52344 -188.23338
18351.21289 -216.55942
18353.90430 -186.36682
18356.60352 -216.85007
18359.29492 -180.26791
18361.98633 -216.37733
18364.67773 -182.42563
18367.37109 -219.46454
18370.06250 -181.81142
18372.74609 -215.44044
18375.43750 -181.61552
18378.13281 -219.05157
18380.82617 -181.19453
18383.51953 -219.97963
18386.20703 -184.20750
18388.90039 -215.50211
18391.59766 -180.55154
18394.28125 -222.38431
18396.97852 -190.72455
18399.66602 -218.33397
18402.36133 -190.81079
18405.06055 -216.61656
18407.74805 -182.00650
18410.44727 -221.89453
18413.13477 -183.43434
18415.82422 -216.93527
18418.51367 -184.39384
18421.20312 -218.28442
18423.90430 -195.61473
18426.59375 -218.08510
18429.28516 -183.17268
18431.97656 -216.16832
18434.66797 -181.60451
18437.36133 -219.42737
18440.04297 -187.77367
18442.74609 -215.12437
18445.42969 -184.82916
18448.13281 -216.61929
18450.81641 -178.63322
18453.52148 -217.44540
18456.20703 -181.60802
18458.89062 -213.82349
18461.58789 -176.18736
18464.27344 -217.46870
18466.98047 -190.50194
18469.65625 -214.50815
18472.35352 -177.77475
18475.05078 -214.32222
18477.73828 -191.05144
18480.43750 -216.35875
18483.11719 -176.11810
18485.81641 -213.24425
18488.50586 -177.19089
18491.19531 -216.15956
18493.89453 -176.21591
18496.58594 -214.27745
18499.27734 -189.51404
18501.95898 -213.86067
18504.66016 -179.03738
18507.34180 -216.55423
18510.03516 -187.42354
18512.73828 -213.56006
18515.42188 -175.39445
18518.11719 -216.21185
18520.81055 -178.56575
18523.50391 -215.00674
18526.18945 -178.14149
18528.88477 -214.81438
18531.58008 -186.39079
18534.26562 -218.46483
18536.96289 -176.52412
18539.65039 -214.27829
18542.33789 -191.04573
18545.03516 -217.81152
18547.73242 -182.31870
18550.42188 -218.06763
18553.10938 -179.00810
18555.80859 -215.16100
18558.49805 -186.39912
18561.18945 -220.83392
18563.87891 -192.33340
18566.57031 -217.28990
18569.25977 -180.47363
18571.95117 -217.39244
18574.64453 -185.48709
18577.33594 -219.71152
18580.02930 -190.15097
18582.72266 -217.22610
18585.41406 -185.94539
18588.11914 -220.50450
18590.80273 -183.66316
18593.49805 -217.17453
18596.19336 -178.04805
18598.87891 -218.07367
18601.57422 -180.95752
18604.25977 -222.47614
18606.95508 -181.05867
18609.64258 -215.44101
18612.33008 -171.44066
18615.02734 -219.68901
18617.72656 -178.56294
18620.41406 -219.81197
18623.10156 -194.74416
18625.80273 -215.03232
18628.49219 -180.90923
18631.19141 -220.40218
18633.87109 -181.41273
18636.56055 -217.07793
18639.25391 -189.74625
18641.95508 -216.33144
18644.64648 -188.27539
18647.33789 -217.76785
18650.03125 -185.17671
18652.72266 -216.07228
18655.41602 -179.90390
18658.10156 -219.13220
18660.79492 -182.38521
18663.47852 -215.23674
18666.17383 -180.05025
18668.85938 -216.89465
18671.56445 -183.61980
18674.25000 -220.48477
18676.93555 -188.06642
18679.64453 -214.29375
18682.33008 -190.97884
18685.01758 -218.69336
18687.71680 -202.52525
18690.40430 -217.91270
18693.10156 -178.83244
18695.78125 -214.81068
18698.48047 -176.64445
18701.16992 -218.76161
18703.85938 -186.42047
18706.56055 -215.87747
18709.25195 -177.16158
18711.94336 -216.88632
18714.63477 -184.52756
18717.31641 -216.38889
18720.01758 -185.95309
18722.71094 -215.37135
18725.40430 -195.65424
18728.09766 -219.44930
18730.78125 -181.63416
18733.47656 -214.39850
18736.16992 -186.31775
18738.86523 -216.39758
18741.55078 -182.94745
18744.24609 -218.47401
18746.94336 -180.41653
18749.62891 -214.05054
18752.32617 -176.79028
18755.01367 -218.14275
18757.70117 -188.67412
18760.39844 -215.84702
18763.08789 -182.52690
18765.77734 -215.53673
18768.47461 -179.66145
18771.16406 -217.72539
18773.85547 -194.00150
18776.54492 -214.98241
18779.24609 -188.21292
18781.92578 -219.01303
18784.61719 -183.24654
18787.32031 -216.15465
18790.00195 -175.86932
18792.70312 -216.38638
18795.39648 -180.04825
18798.08008 -221.12967
18800.77344 -183.12953
18803.46875 -215.88300
18806.15039 -182.26030
18808.84570 -220.05519
18811.54102 -186.68120
18814.23633 -219.27681
18816.93359 -179.95880
18819.61914 -217.53337
18822.31641 -191.79099
18825.00195 -224.74960
18827.69922 -174.69397
18830.37695 -218.31323
18833.07617 -191.13605
18835.77344 -220.69839
18838.46289 -177.43985
18841.15234 -223.82652
18843.84180 -178.68611
18846.54102 -218.19397
18849.23242 -182.06633
18851.93359 -224.36197
18854.61328 -183.60506
18857.30469 -220.52551
18859.99805 -185.31250
18862.68945 -218.46306
18865.38281 -187.29642
18868.07422 -224.01129
18870.76758 -177.97079
18873.46094 -217.72937
18876.14453 -184.16885
18878.84961 -219.73009
18881.53516 -174.43311
18884.23047 -219.01646
18886.91602 -187.16083
18889.61133 -216.48314
18892.30664 -178.25096
18894.98438 -222.04158
18897.69141 -181.05191
18900.37891 -215.74657
18903.06641 -182.30492
18905.76367 -217.10783
18908.46289 -183.66724
18911.14062 -219.56458
18913.83984 -177.94531
18916.53125 -214.79355
18919.22070 -184.50447
18921.91016 -218.51659
18924.60156 -174.29958
18927.30273 -216.14233
18929.98242 -181.58791
18932.68555 -216.36859
18935.36719 -178.37772
18938.05859 -217.71196
18940.76367 -181.89174
18943.45508 -215.07420
18946.14062 -174.32912
18948.84375 -220.33635
18951.51758 -180.70340
18954.21289 -215.90707
18956.90820 -186.93373
18959.60352 -216.17203
18962.30078 -188.77570
18964.98438 -221.84326
18967.68164 -173.85962
18970.36914 -215.74451
18973.05469 -189.73305
18975.75391 -219.13449
18978.45312 -176.89369
18981.14062 -218.74968
18983.82812 -184.51778
18986.51758 -217.56952
18989.21680 -183.23392
18991.90625 -221.36597
18994.59766 -187.96956
18997.28711 -217.26482
18999.97852 -175.63525
19002.67969 -221.89334
19005.37305 -185.40282
19008.06445 -220.24899
19010.74609 -181.49605
19013.43945 -217.67598
19016.13281 -182.97496
19018.83594 -229.42566
19021.51953 -190.28938
19024.21484 -218.68617
19026.89844 -185.68974
19029.59375 -219.45404
19032.27930 -177.68123
19034.97461 -225.27599
19037.66016 -190.44958
19040.36719 -218.36536
19043.05469 -175.05548
19045.75000 -222.82610
19048.43945 -187.92249
19051.13672 -220.37216
19053.82422 -175.11455
19056.51367 -219.84605
19059.20117 -202.06671
19061.89062 -224.61989
19064.59180 -175.95067
19067.28125 -218.42538
19069.97266 -180.06631
19072.66211 -224.14331
19075.35352 -173.57925
19078.04492 -221.81644
19080.73828 -186.19453
19083.42969 -218.76474
19086.12109 -179.99376
19088.81445 -232.20695
19091.50781 -180.76218
19094.19141 -219.75537
19096.88672 -178.97449
19099.58008 -220.93990
19102.27539 -184.35426
19104.97070 -225.52687
19107.65430 -180.32155
19110.35156 -219.21603
19113.04883 -186.43808
19115.73438 -225.07832
19118.43164 -178.53369
19121.11719 -220.80043
19123.81641 -179.50290
19126.51562 -220.13506
19129.20312 -183.54254
19131.89062 -226.29379
19134.58008 -189.67494
19137.26953 -218.43283
19139.96875 -177.48331
19142.66016 -222.77538
19145.34961 -178.49063
19148.05078 -221.08212
19150.73242 -181.17288
19153.42383 -218.04247
19156.11523 -180.95078
19158.80859 -225.39046
19161.50195 -186.59227
19164.19531 -217.82709
19166.88867 -185.12387
19169.57227 -220.00307
19172.26562 -181.70450
19174.95898 -220.78877
19177.65430 -186.87920
19180.33984 -217.01010
19183.03516 -182.30640
19185.72070 -223.74498
19188.41797 -187.87561
19191.11523 -217.60713
19193.81250 -174.70659
19196.50000 -218.91521
19199.18750 -174.99933
19201.88477 -221.15010
19204.57422 -177.79370
19207.26172 -217.47414
19209.96289 -191.74687
19212.65234 -223.10724
19215.33008 -174.39201
19218.03125 -217.92049
19220.72070 -182.14743
19223.42188 -220.70981
19226.10352 -178.23965
19228.80664 -223.41795
19231.48633 -179.57397
19234.17969 -217.86620
19236.88281 -178.16867
19239.57617 -229.66777
19242.25977 -191.00592
19244.95312 -221.46101
19247.64844 -172.59111
19250.33008 -220.86909
19253.02539 -180.51207
19255.72070 -226.56700
19258.40625 -181.85059
19261.10352 -222.53557
19263.78906 -181.48872
19266.48633 -227.92651
19269.18359 -176.83456
19271.87109 -223.10910
19274.56836 -182.31735
19277.25586 -226.42659
19279.94531 -174.01698
19282.64453 -236.64339
19285.33398 -195.45221
19288.02344 -223.04300
19290.71094 -173.20857
19293.40234 -227.46809
19296.09180 -187.31299
19298.78320 -266.46643
19301.48633 -179.28935
19304.17578 -221.91582
19306.86914 -181.57156
19309.56055 -229.30157
19312.25391 -182.10405
19314.94531 -229.08533
19317.62891 -190.34703
19320.33398 -220.52417
19323.01758 -178.48587
19325.71289 -245.37030
19328.39648 -187.36127
19331.09180 -222.79634
19333.78711 -189.29150
19336.48438 -221.74394
19339.16992 -179.71434
19341.86719 -224.32954
19344.55273 -182.65062
19347.25000 -221.65021
19349.93750 -179.15678
19352.62500 -226.91962
19355.32422 -173.25076
19358.01172 -219.55020
19360.71289 -191.27310
19363.39062 -224.68961
19366.09180 -191.79849
19368.79102 -227.74431
19371.47266 -179.58766
19374.16211 -218.69214
19376.86328 -181.49377
19379.54492 -235.43810
19382.23633 -180.35364
19384.93945 -223.08755
19387.62109 -184.26424
19390.32422 -220.97537
19393.00781 -183.67610
19395.70117 -225.70830
19398.39648 -171.91345
19401.07812 -222.30568
19403.77344 -188.13217
19406.46875 -227.55765
19409.16406 -179.98953
19411.85156 -221.36784
19414.54688 -183.37245
19417.23242 -225.16388
19419.92969 -178.91463
19422.61719 -238.92371
19425.32422 -209.71858
19428.00195 -220.73692
19430.70117 -178.12497
19433.38867 -234.12534
19436.08984 -183.42473
19438.77734 -226.93640
19441.46680 -175.09325
19444.15625 -222.27858
19446.84766 -178.88226
19449.54883 -234.01445
19452.23828 -182.42741
19454.91992 -224.13184
19457.61133 -178.54549
19460.31445 -227.19469
19462.99609 -192.52519
19465.68750 -225.72777
19468.38086 -185.38583
19471.07422 -224.88214
19473.75781 -182.38258
19476.46289 -239.00945
19479.15820 -178.98711
19481.85352 -223.48268
19484.53711 -189.79179
19487.22266 -229.97986
19489.91797 -187.46492
19492.62500 -228.02042
19495.31055 -182.29077
19497.99805 -225.16609
19500.68555 -182.92760
19503.38281 -233.47720
19506.07031 -197.04346
19508.76953 -225.46677
19511.45703 -189.18707
19514.14648 -230.94493
19516.84570 -175.19104
19519.53516 -227.19189
19522.22461 -182.64076
19524.91602 -227.75278
19527.60547 -186.90184
19530.30859 -229.00009
19533.00000 -181.85849
19535.67969 -227.08391
19538.37305 -194.36299
19541.07617 -229.35448
19543.75781 -182.57468
19546.45117 -225.89313
19549.14453 -183.68098
19551.83789 -235.40033
19554.53320 -181.79646
19557.22852 -224.38823
19559.92188 -177.75575
19562.60742 -229.18336
19565.30273 -181.03755
19567.98828 -230.14995
19570.68555 -177.40944
19573.37109 -223.28874
19576.06836 -179.05568
19578.75391 -233.18939
19581.44336 -183.38033
19584.14062 -225.01308
19586.82812 -183.91774
19589.51758 -227.62238
19592.21680 -178.20912
19594.91797 -223.78430
19597.60547 -190.90408
19600.29492 -226.93477
19602.98633 -180.97241
19605.68750 -242.73500
19608.37891 -183.25432
19611.04883 -221.60539
19613.75195 -203.88881
19616.44336 -244.99567
19619.13672 -184.23961
19621.82812 -227.29416
19624.52148 -181.68565
19627.21484 -223.99217
19629.89844 -182.29498
19632.59375 -226.38354
19635.28711 -183.62248
19637.98242 -226.50281
19640.67773 -180.18408
19643.36133 -231.83612
19646.04688 -187.81006
19648.74414 -222.74500
19651.44141 -178.27184
19654.12695 -236.55328
19656.83594 -179.81804
19659.51172 -226.09590
19662.21094 -187.17740
19664.89844 -224.70570
19667.59766 -177.84964
19670.28711 -229.29002
19672.97461 -186.20174
19675.66602 -223.38403
19678.36523 -180.64725
19681.05664 -232.90562
19683.74609 -180.04744
19686.43750 -223.38385
19689.12891 -176.25555
19691.82031 -226.55495
19694.52344 -197.20235
19697.19336 -224.25702
19699.89648 -186.65585
19702.58984 -223.98798
19705.28320 -180.33626
19707.96680 -233.40161
19710.67188 -180.74144
19713.35547 -220.61642
19716.05078 -186.49821
19718.74609 -232.74535
19721.42969 -186.90436
19724.11523 -225.06879
19726.82227 -183.99741
19729.50781 -221.25797
19732.20508 -185.27625
19734.89258 -229.51805
19737.58008 -179.34816
19740.27734 -222.75401
19742.97656 -184.91544
19745.66406 -226.41719
19748.35156 -187.66527
19751.04102 -222.36015
19753.74219 -186.30106
19756.41992 -224.54430
19759.12109 -181.87697
19761.82227 -236.79079
19764.50195 -184.54903
19767.19336 -220.75529
19769.88477 -184.67953
19772.57617 -232.54991
19775.26953 -173.42938
19777.96094 -227.16763
19780.64258 -180.44846
19783.34766 -222.07289
19786.03125 -177.91206
19788.73438 -237.21062
19791.41797 -188.08519
19794.11328 -224.11497
19796.79688 -183.82748
19799.49219 -225.66258
19802.18945 -189.51060
19804.88477 -226.89389
19807.57031 -183.60513
19810.26758 -223.77281
19812.95312 -186.05684
19815.66211 -235.18030
19818.33789 -177.01250
19821.03711 -223.60959
19823.72461 -196.90364
19826.42383 -225.41571
19829.11328 -179.49992
19831.80078 -234.12875
19834.50195 -177.75322
19837.17969 -222.46326
19839.88086 -189.27171
19842.57227 -231.12061
19845.26172 -179.74678
19847.95312 -225.39136
19850.64648 -184.31116
19853.33789 -223.78461
19856.02930 -184.45604
19858.72266 -245.94946
19861.41406 -178.25099
19864.10938 -222.72610
19866.79102 -189.05164
19869.49609 -228.05730
19872.17969 -186.61896
19874.87500 -229.17926
19877.57031 -181.51096
19880.25391 -222.35919
19882.95117 -178.62994
19885.64648 -243.24249
19888.33203 -188.63997
19891.02930 -225.34387
19893.71484 -182.41298
19896.41406 -223.33684
19899.09961 -192.11584
19901.78906 -231.72159
19904.48828 -176.25502
19907.18555 -223.27069
19909.86328 -188.24319
19912.56250 -225.77516
19915.25195 -174.75967
19917.94336 -223.66682
19920.63281 -198.95181
19923.33398 -222.75266
19926.02539 -172.71219
19928.71484 -231.05774
19931.40820 -186.68822
19934.09961 -219.60248
19936.79297 -174.81142
19939.48438 -224.63895
19942.17773 -187.66992
19944.85938 -225.71228
19947.55469 -179.99850
19950.24805 -217.98328
19952.94141 -191.05496
19955.63672 -227.14177
19958.32227 -181.82777
19961.01758 -220.51527
19963.71289 -200.28874
19966.40820 -219.03549
19969.09375 -181.98070
19971.79297 -221.18372
19974.47656 -199.92497
19977.16406 -218.95049
19979.86133 -181.71655
19982.55078 -222.79018
19985.25000 -192.35115
19987.92578 -217.29352
19990.63672 -180.96686
19993.32422 -220.38969
19996.01367 -182.52823
19998.70508 -224.17995
20001.39453 -179.92422
20004.08398 -216.51904
20006.77539 -183.24550
20009.47656 -223.55037
20012.16992 -176.76318
20014.86133 -220.62807
20017.55273 -186.88503
20020.23438 -218.35597
20022.92773 -177.05727
20025.62109 -222.10355
20028.31445 -182.12743
20031.01953 -219.68146
20033.69141 -181.77267
20036.38672 -223.67049
20039.08203 -185.84074
20041.78906 -219.67786
20044.46094 -198.79460
20047.15820 -221.63783
20049.84375 -181.47327
20052.54102 -233.36465
20055.23828 -182.57539
20057.92383 -219.09416
20060.61133 -189.96655
20063.30859 -225.91786
20065.99805 -175.36931
20068.69531 -228.40692
20071.38477 -190.56203
20074.08398 -219.65140
20076.77344 -183.07019
20079.46289 -230.77771
20082.16406 -183.79419
20084.85352 -223.86064
20087.54492 -186.61977
20090.23633 -220.52307
20092.92773 -179.74942
20095.61914 -226.40085
20098.31055 -184.39960
20101.00391 -220.77322
20103.69531 -192.68593
20106.38867 -222.94853
20109.08203 -189.74277
20111.77539 -220.87054
20114.45898 -185.48398
20117.15234 -219.69572
20119.84766 -183.53757
20122.53320 -226.35100
20125.22852 -191.14766
20127.92578 -217.78035
20130.60938 -175.31339
20133.30469 -220.70667
20136.00391 -186.15030
20138.68945 -221.97461
20141.38867 -175.57472
20144.06445 -217.07787
20146.76172 -185.44386
20149.46094 -222.70107
20152.14844 -183.08044
20154.83789 -218.13959
20157.52734 -184.70171
20160.22656 -218.58884
20162.91602 -191.70218
20165.60742 -220.72430
20168.29688 -181.69572
20170.98828 -216.89389
20173.68945 -183.41739
20176.38086 -221.68564
20179.07227 -189.66425
20181.75391 -217.91081
20184.45703 -176.22829
20187.13867 -217.92822
20189.83203 -191.82381
20192.52539 -221.61130
20195.23047 -177.58678
20197.91406 -216.83359
20200.60742 -178.46579
20203.30273 -220.71381
20205.98828 -174.00154
20208.68359 -218.37402
20211.37891 -182.79366
20214.05469 -217.39548
20216.76172 -180.32338
20219.44727 -222.71294
20222.13281 -177.89546
20224.83203 -216.60846
20227.51758 -186.88509
20230.20703 -219.47214
20232.90625 -184.17389
20235.59375 -220.00594
20238.29297 -186.77704
20240.97070 -216.56218
20243.66992 -187.55171
20246.37109 -221.03548
20249.06055 -179.81125
20251.75195 -217.42365
20254.43164 -184.04190
20257.13281 -218.52672
20259.83594 -178.65364
20262.51758 -219.24040
20265.20898 -187.78229
20267.90234 -216.80681
20270.59375 -180.95738
20273.28711 -222.45471
20275.98047 -182.95299
20278.67578 -217.07840
20281.36914 -181.63069
20284.05273 -217.93518
20286.74805 -185.00008
20289.44336 -223.15576
20292.12695 -183.74545
20294.81250 -216.62343
20297.50781 -183.09984
20300.19336 -220.50395
20302.90234 -191.81827
20305.60156 -219.93254
20308.28711 -180.50011
20310.97461 -217.98195
20313.67383 -182.72430
20316.34961 -221.66542
20319.04688 -182.81310
20321.73633 -218.17422
20324.43750 -174.50168
20327.12695 -221.14516
20329.82617 -192.07300
20332.50391 -219.86963
20335.20703 -176.60486
20337.89844 -217.94746
20340.58789 -208.08945
20343.27930 -225.78610
20345.97266 -179.70943
20348.65234 -217.76297
20351.35547 -184.02571
20354.04883 -218.48039
20356.74219 -183.94360
20359.43555 -224.00763
20362.11719 -181.77444
20364.81250 -216.48389
20367.50586 -179.79559
20370.20117 -219.44771
20372.89648 -178.51518
20375.58203 -218.84036
20378.26562 -179.99590
20380.97266 -216.63863
20383.65820 -189.42459
20386.34375 -218.91473
20389.04102 -177.33614
20391.74023 -215.84264
20394.42578 -188.85582
20397.11328 -218.45766
20399.81250 -176.86824
20402.50000 -216.51605
20405.19922 -185.05515
20407.88867 -215.02687
20410.57812 -179.61038
20413.26562 -220.17613
20415.96875 -188.66956
20418.64844 -214.83359
20421.34961 -176.96181
20424.02734 -215.96564
20426.73047 -183.88234
20429.42188 -217.66788
20432.11328 -178.49831
20434.80664 -214.80205
20437.49805 -186.23221
20440.19141 -217.58112
20442.88477 -180.45592
20445.56836 -215.31233
20448.26172 -194.16655
20450.96680 -216.73859
20453.65039 -181.76390
20456.34570 -217.53395
20459.04102 -188.54811
20461.72461 -214.90486
20464.41016 -177.03215
20467.10742 -219.81422
20469.80273 -180.42798
20472.50000 -216.31793
20475.18750 -187.83936
20477.87305 -216.30440
20480.57031 -189.38768
20483.24609 -220.35143
20485.95703 -174.01588
20488.64453 -216.05406
20491.33594 -190.13104
20494.03516 -219.17998
20496.72266 -185.57690
20499.41406 -218.21535
20502.10156 -179.28455
20504.79297 -216.89328
20507.49609 -180.24744
20510.18555 -221.27213
20512.87500 -191.43954
20515.56836 -216.69620
20518.26172 -180.36166
20520.95312 -218.79268
20523.64453 -178.68066
20526.33789 -219.62498
20529.02148 -184.24338
20531.71484 -216.39810
20534.41016 -194.50912
20537.10156 -220.66701
20539.79688 -184.86462
20542.48047 -216.98073
20545.17578 -180.32733
20547.87305 -217.34917
20550.55664 -183.79607
20553.24219 -219.66228
20555.93945 -198.31210
20558.63672 -215.61514
20561.32422 -180.49178
20564.02148 -219.63104
20566.70898 -185.91789
20569.40625 -217.09254
20572.09375 -185.05534
20574.79492 -215.70660
20577.48242 -184.81879
20580.17188 -220.18831
20582.87109 -178.27902
20585.56250 -215.59164
20588.25195 -188.06575
20590.93945 -217.10648
20593.63086 -189.89961
20596.33203 -217.46449
20599.02539 -177.65350
20601.71680 -215.81462
20604.39648 -181.80440
20607.08984 -218.52884
20609.78320 -181.71254
20612.47656 -215.23796
20615.16797 -177.43967
20617.86133 -217.54114
20620.55664 -179.81064
20623.25000 -217.68633
20625.92188 -185.33842
20628.62891 -214.46896
20631.32617 -181.40504
20634.00781 -219.82106
20636.70312 -180.78381
20639.40234 -216.01041
20642.08789 -179.72821
20644.78516 -215.05603
20647.47070 -188.86455
20650.15625 -218.59538
20652.85547 -179.16824
20655.55469 -215.18063
20658.23047 -176.93768
20660.92969 -216.54663
20663.63086 -178.53539
20666.31836 -215.60751
20669.00586 -177.26491
20671.69727 -215.86971
20674.39648 -181.43915
20677.07422 -217.57065
20679.77734 -173.63557
20682.48047 -213.94014
20685.14844 -200.00783
20687.85156 -217.86201
20690.54492 -177.38286
20693.23438 -216.53030
20695.92773 -188.39986
20698.62109 -213.87045
20701.31250 -181.93391
20703.99609 -218.95796
20706.70117 -188.42558
20709.38477 -215.45175
20712.08008 -177.06915
20714.77344 -215.47356
20717.46875 -180.50655
20720.14062 -216.99287
20722.84961 -181.55191
20725.53516 -215.70419
20728.24219 -182.94508
20730.91797 -218.02820
20733.61523 -185.65680
20736.31250 -215.16200
20739.00000 -187.87509
20741.68750 -217.61032
20744.37305 -175.35059
20747.07227 -219.22952
20749.76172 -190.88167
20752.44922 -214.87619
20755.14844 -181.53635
20757.83984 -220.53889
20760.52734 -181.21884
20763.23047 -218.03925
20765.90820 -185.38687
20768.61133 -215.80525
20771.30078 -179.69922
20773.99219 -220.92615
20776.68359 -187.87869
20779.37695 -216.87170
20782.06836 -180.32545
20784.77344 -217.76797
20787.45312 -180.16049
20790.14844 -218.25470
20792.83008 -181.07805
20795.53516 -216.55025
20798.21875 -182.15660
20800.92578 -219.63960
20803.60938 -188.13226
20806.29102 -215.74310
20809.00000 -183.81590
20811.68359 -217.19026
20814.37109 -183.22404
20817.06641 -218.69418
20819.76367 -184.95000
20822.44922 -214.59892
20825.14844 -178.21458
20827.83398 -218.45203
20830.52344 -179.65164
20833.22070 -215.97083
20835.90820 -183.73770
20838.60938 -214.93234
20841.29688 -176.93011
20843.99609 -217.82065
20846.67578 -185.67775
20849.37500 -214.32887
20852.06641 -177.79782
20854.75586 -216.65292
20857.44531 -179.00555
20860.13867 -215.62730
20862.84180 -182.07863
20865.51953 -214.45308
20868.22461 -183.74911
20870.90625 -217.71436
20873.61133 -181.20346
20876.29102 -214.31146
20878.98438 -178.85954
20881.67969 -216.08838
20884.35938 -186.03680
20887.06836 -216.11993
20889.75000 -184.44139
20892.43359 -214.64629
20895.14062 -186.63846
20897.82422 -218.22255
20900.52344 -180.12230
20903.21875 -214.64336
20905.90234 -185.93213
20908.58984 -216.55440
20911.28711 -187.27145
20913.98438 -218.04500
20916.67188 -177.16495
20919.37109 -214.45322
20922.04688 -183.82645
20924.74609 -218.92369
20927.44531 -181.44682
20930.13477 -216.60411
20932.81250 -190.76401
20935.51172 -215.73186
20938.21289 -181.54262
20940.89062 -218.67731
20943.59375 -190.56772
20946.29688 -215.98863
20948.97461 -183.48453
20951.66406 -218.15210
20954.35742 -175.78299
20957.05078 -216.37701
20959.74219 -184.14674
20962.43359 -216.54974
20965.11719 -182.53348
20967.82227 -220.37971
20970.51562 -188.92676
20973.19922 -214.90791
20975.89062 -181.91615
20978.57422 -218.29144
20981.28125 -183.50615
20983.96484 -219.21471
20986.66211 -180.26239
20989.34570 -214.74179
20992.04297 -181.54349
20994.73828 -219.47337
20997.42383 -179.26158
21000.12109 -217.02705
21002.81055 -196.47424
21005.50781 -216.13562
21008.19336 -182.73093
21010.89453 -217.89528
21013.58203 -197.34138
21016.26953 -216.24182
21018.96875 -183.54436
21021.65820 -218.93877
21024.34570 -172.99942
21027.03516 -215.67577
21029.73633 -186.33824
21032.42578 -216.86885
21035.11719 -173.61211
21037.81055 -220.81531
21040.50000 -187.90485
21043.19141 -214.64737
21045.88281 -179.97218
21048.57617 -218.57312
21051.25781 -194.78665
21053.96094 -218.78563
21056.65625 -182.33162
21059.34766 -214.95798
21062.04102 -187.01212
21064.73633 -219.03561
21067.41992 -182.83438
21070.11523 -216.47684
21072.81055 -181.77452
21075.50586 -216.64824
21078.18750 -172.19662
21080.87500 -217.00682
21083.57227 -185.21002
21086.26758 -215.68253
21088.96484 -180.70334
21091.65039 -219.29831
21094.33789 -180.18163
21097.03516 -214.94028
21099.72461 -177.44098
21102.42188 -216.27214
21105.10938 -183.48627
21107.79688 -219.22598
21110.48633 -183.30252
21113.18750 -214.17810
21115.87695 -181.19025
21118.56641 -217.79739
21121.26758 -175.75726
21123.95703 -216.59274
21126.64844 -177.91762
21129.32812 -215.12129
21132.04297 -197.52469
21134.72266 -217.92503
21137.41406 -188.75679
21140.10742 -215.10309
21142.80078 -180.45372
21145.49219 -217.70299
21148.18555 -183.48625
21150.87891 -216.25497
21153.56250 -178.32085
21156.26758 -215.54848
21158.93750 -196.52521
21161.63281 -220.20163
21164.32812 -179.55438
21167.02734 -215.34438
21169.70898 -178.83023
21172.40625 -217.80933
21175.10156 -183.38889
21177.78906 -218.79462
21180.48633 -184.31985
21183.17188 -215.88344
21185.86914 -179.33594
21188.55664 -220.88159
21191.25391 -189.02719
21193.94336 -217.03712
21196.63086 -218.19601
21199.33203 -218.04236
21202.01953 -190.16013
21204.70898 -221.01741
21207.39844 -186.91325
21210.09766 -216.61887
21212.78906 -176.24220
21215.47852 -221.10391
21218.16797 -181.42479
21220.85938 -218.65581
21223.55273 -176.38051
21226.24219 -217.40366
21228.93555 -176.90662
21231.63867 -221.97939
21234.32031 -181.08849
21237.01367 -217.03134
21239.71875 -180.69936
21242.40039 -219.50316
21245.08203 -196.43414
21247.78906 -218.89362
21250.48438 -189.64165
21253.16602 -216.52864
21255.86133 -181.71027
21258.54492 -222.06392
21261.24219 -183.28766
21263.92578 -216.28366
21266.62305 -176.74965
21269.32031 -217.49106
21272.00781 -172.99991
21274.70508 -220.43903
21277.39062 -179.71745
21280.08789 -215.48019
21282.77539 -192.42088
21285.47656 -219.11594
21288.15234 -184.39330
21290.86133 -217.09082
21293.55273 -178.27461
21296.24023 -216.61440
21298.92773 -186.23004
21301.63086 -218.67786
21304.30859 -188.79315
21307.00977 -215.65044
21309.70312 -187.78934
21312.39258 -219.99469
21315.08203 -179.53383
21317.76367 -216.70554
21320.46680 -195.39536
21323.16016 -216.08952
21325.85156 -191.65573
21328.54492 -222.39514
21331.22656 -182.26114
21333.92969 -215.74361
21336.62305 -182.41171
21339.30664 -218.09485
21342.01367 -188.06757
21344.69727 -219.35513
21347.39258 -192.66046
21350.07617 -216.58606
21352.77148 -183.36337
21355.45703 -220.16310
21358.15234 -199.08766
21360.84961 -217.01053
21363.54688 -179.95612
21366.22070 -219.32310
21368.91797 -175.54265
21371.60547 -219.36163
21374.30469 -182.08257
21376.99219 -216.47986
21379.69141 -177.79971
21382.38086 -224.34090
21385.07812 -186.73071
21387.76953 -217.69466
21390.45703 -188.54547
21393.14648 -217.59489
21395.84766 -185.69801
21398.52539 -223.92714
21401.22852 -175.04921
21403.91797 -217.06496
21406.62109 -182.35297
21409.30078 -220.02025
21412.00391 -182.95369
21414.68555 -219.39165
21417.37891 -191.44434
21420.06836 -218.23337
21422.75195 -183.37973
21425.45703 -221.97534
21428.13672 -178.57950
21430.83203 -217.33060
21433.52539 -180.73561
21436.22070 -221.61017
21438.91602 -179.68462
21441.59961 -220.29160
21444.28516 -174.66632
21446.99219 -217.25473
21449.67578 -184.28819
21452.37305 -226.73676
21455.05859 -188.17278
21457.75586 -218.49184
21460.45312 -181.71904
21463.15234 -219.15062
21465.83789 -184.87021
21468.53711 -223.54169
21471.22266 -181.26599
21473.89844 -218.13048
21476.59961 -179.86226
21479.28711 -222.60361
21481.98828 -184.15482
21484.67773 -219.52824
21487.37891 -187.37048
21490.05664 -219.42923
21492.74609 -182.66576
21495.44922 -224.27203
21498.14062 -189.40170
21500.83008 -217.89153
21503.52344 -186.97618
21506.21289 -222.57312
21508.90625 -177.95027
21511.59766 -220.80699
21514.28906 -182.14699
21516.98438 -217.90469
21519.67773 -184.22884
21522.35938 -225.45227
21525.06641 -180.83572
21527.74609 -218.13295
21530.44141 -181.14999
21533.12500 -219.98837
21535.82031 -189.39465
21538.51562 -221.65825
21541.21289 -188.13884
21543.89648 -217.43875
21546.59375 -179.72960
21549.29297 -223.76067
21551.97656 -189.01826
21554.67578 -218.27713
21557.36133 -190.49670
21560.05859 -218.81300
21562.74609 -185.82231
21565.43359 -222.49719
21568.13281 -185.63983
21570.82031 -217.53552
21573.50781 -185.92143
21576.19922 -222.45291
21578.91016 -189.24260
21581.58594 -218.82298
21584.28906 -184.51680
21586.96875 -219.32390
21589.66992 -184.10918
21592.34766 -224.00912
21595.05078 -188.93634
21597.73047 -217.52271
21600.43359 -181.59087
21603.12500 -224.65678
21605.81836 -180.74069
21608.51172 -221.34050
21611.20312 -184.55069
21613.89648 -218.67050
21616.58008 -196.07735
21619.27344 -228.67513
21621.96875 -177.75734
21624.65039 -220.26883
21627.34570 -178.95738
21630.04102 -222.03629
21632.75000 -179.39699
21635.43164 -222.86591
21638.11719 -187.56973
21640.81250 -221.40764
21643.51172 -183.22673
21646.19531 -228.33832
21648.89453 -178.92406
21651.58008 -220.30865
21654.26562 -191.00143
21656.96484 -224.58290
21659.66406 -186.01530
21662.35156 -230.55351
21665.03906 -179.25797
21667.72656 -219.34494
21670.42773 -178.25394
21673.11523 -231.94643
21675.80469 -189.31178
21678.49609 -224.99483
21681.19531 -184.40846
21683.88672 -219.70038
21686.57812 -186.72411
21689.26758 -232.80362
21691.95703 -180.51405
21694.65039 -221.95451
21697.33203 -189.55409
21700.04688 -221.72574
21702.72656 -182.98361
21705.41992 -222.93166
21708.11328 -189.90268
21710.80469 -221.51587
21713.50000 -184.45651
21716.18164 -226.88298
21718.87695 -195.74878
21721.57227 -219.23712
21724.26758 -178.37779
21726.96289 -224.44507
21729.63281 -187.16046
21732.33203 -227.75360
21735.02734 -188.81802
21737.72461 -218.34106
21740.41016 -186.29279
21743.10547 -232.56255
21745.80273 -184.00569
21748.49219 -222.91409
21751.18945 -193.93753
21753.86523 -220.02318
21756.56250 -189.17558
21759.25000 -226.10947
21761.95117 -180.98697
21764.63867 -221.67758
21767.32617 -180.56860
21770.02930 -224.97606
21772.71680 -179.21144
21775.40820 -221.22311
21778.10742 -197.63882
21780.79883 -223.33868
21783.47656 -188.55876
21786.17969 -235.84825
21788.87109 -194.98059
21791.56250 -219.85245
21794.26758 -182.92865
21796.93555 -229.50629
21799.62891 -190.55417
21802.33203 -227.54520
21805.02734 -181.41190
21807.70703 -220.72661
21810.40039 -190.04535
21813.09570 -239.34314
21815.80078 -181.85278
21818.48438 -223.58733
21821.16797 -188.71178
21823.86328 -223.95213
21826.57227 -186.69653
21829.24219 -226.70348
21831.94141 -184.93663
21834.63672 -223.17325
21837.32227 -191.01160
21840.00781 -232.55952
21842.71680 -182.81538
21845.39062 -223.08597
21848.08984 -184.16469
21850.78906 -225.30330
21853.48828 -177.60384
21856.16406 -234.67134
21858.86523 -185.26427
21861.55273 -222.38354
21864.25391 -184.12245
21866.94141 -232.36739
21869.63086 -191.63602
21872.32031 -226.02560
21875.00977 -183.78090
21877.71289 -224.37692
21880.39062 -179.80560
21883.09375 -236.95905
21885.77148 -186.49478
21888.47656 -223.94084
21891.16797 -185.27934
21893.85938 -229.27510
21896.55273 -187.26344
21899.24609 -228.79413
21901.92578 -188.36835
21904.63086 -224.39667
21907.31445 -184.63618
21910.01953 -234.45886
21912.70312 -181.22330
21915.39844 -226.95187
21918.08203 -184.21957
21920.77734 -225.65918
21923.47266 -180.46678
21926.15430 -230.81160
21928.86523 -185.44339
21931.54688 -226.50461
21934.23438 -181.44554
21936.94336 -227.67618
21939.61719 -181.44820
21942.31445 -226.63615
21945.01172 -198.02776
21947.69922 -227.04581
21950.38867 -180.56511
21953.08594 -231.70628
21955.77344 -183.59492
21958.46094 -223.65242
21961.15039 -183.78137
21963.85156 -230.10199
21966.54102 -189.19952
21969.24023 -232.62701
21971.91797 -192.62933
21974.62109 -222.60010
21977.30078 -184.35257
21980.00195 -239.08263
21982.69336 -185.28630
21985.39844 -227.42831
21988.07617 -185.06952
21990.75781 -224.25363
21993.46094 -175.19405
21996.15430 -227.75084
21998.84766 -183.38390
22001.54102 -226.46210
22004.23438 -182.00104
22006.91602 -229.26123
22009.62109 -191.57860
22012.30469 -223.48555
22015.00000 -189.86707
22017.69531 -231.53194
22020.37891 -182.40662
22023.08594 -228.71982
22025.77148 -180.96666
22028.45508 -223.55820
22031.15234 -183.29980
22033.83789 -238.42378
22036.52344 -188.91029
22039.22070 -225.84052
22041.90625 -188.77861
22044.60547 -226.37445
22047.30469 -179.59534
22049.99023 -227.37741
