Graph #0 from AudioThread1
2.69198 -114.52973
5.38396 -116.12899
8.07594 -7.49235
10.76791 -110.86971
13.45989 -107.29109
16.15187 -87.29765
18.84385 -108.40485
21.53583 -110.62015
24.22781 -15.76637
26.91979 -112.22559
29.61176 -107.21266
32.30375 -87.73241
34.99573 -108.77011
37.68771 -115.07590
40.37968 -22.70807
43.07167 -115.85436
45.76364 -113.47173
48.45562 -91.22122
51.14760 -111.23761
53.83958 -119.34786
56.53155 -30.07224
59.22354 -116.38074
61.91550 -115.14327
64.60748 -96.10064
67.29947 -117.64082
69.99145 -118.72768
72.68342 -37.86942
75.37541 -119.67780
78.06738 -117.16634
80.75936 -101.52747
83.45135 -124.71376
86.14331 -122.35191
88.83529 -45.51273
91.52726 -128.84523
94.21925 -125.59592
96.91125 -107.88557
99.60323 -128.39070
102.29519 -130.01329
104.98715 -53.00177
107.67915 -130.32948
110.37112 -132.69624
113.06311 -116.01770
115.75508 -138.62758
118.44704 -128.80022
121.13905 -62.71231
123.83102 -127.50573
126.52299 -128.68163
129.21498 -123.08535
131.90695 -140.57430
134.59895 -127.96872
137.29092 -74.25217
139.98288 -128.47559
142.67488 -130.56607
145.36685 -127.79028
148.05884 -137.86182
150.75082 -129.01660
153.44283 -72.05887
156.13478 -129.73334
158.82674 -133.49527
161.51871 -133.13881
164.21068 -137.53499
166.90265 -129.97760
169.59467 -74.40914
172.28662 -130.66251
174.97864 -136.00455
177.67059 -140.26834
180.36258 -136.93555
183.05452 -131.03514
185.74654 -77.24158
188.43854 -131.35373
191.13049 -137.72787
193.82245 -143.93935
196.51450 -136.19365
199.20641 -131.84941
201.89836 -77.94382
204.59042 -132.17152
207.28238 -140.59589
209.97437 -137.69209
212.66631 -135.48663
215.35828 -132.85947
218.05025 -78.24092
220.74232 -133.59871
223.43420 -144.63445
226.12619 -143.39186
228.81815 -135.92743
231.51018 -134.40198
234.20219 -78.77798
236.89415 -134.68016
239.58609 -146.27109
242.27808 -148.98463
244.97008 -135.98016
247.66197 -135.61761
250.35399 -80.00577
253.04602 -135.95947
255.73793 -148.70113
258.42996 -145.09335
261.12186 -136.05907
263.81393 -137.11696
266.50589 -80.83305
269.19791 -137.92276
271.88986 -145.87616
274.58182 -142.81996
277.27374 -136.97751
279.96582 -139.33528
282.65775 -81.86967
285.34970 -139.39409
288.04175 -144.75432
290.73367 -145.62930
293.42569 -137.26166
296.11768 -141.06351
298.80960 -83.04408
301.50159 -141.51553
304.19360 -143.43565
306.88565 -148.99171
309.57758 -137.95874
312.26950 -143.44830
314.96152 -84.37886
317.65353 -144.56813
320.34543 -141.92946
323.03745 -139.44690
325.72943 -139.13927
328.42145 -147.34219
331.11334 -85.44729
333.80530 -146.86581
336.49738 -141.98575
339.18933 -142.62187
341.88138 -139.51355
344.57330 -150.11963
347.26520 -87.32622
349.95728 -151.24434
352.64926 -141.28827
355.34119 -143.61320
358.03311 -140.73994
360.72513 -156.32086
363.41718 -88.47004
366.10907 -158.92361
368.80112 -140.98576
371.49304 -137.80318
374.18506 -141.71385
376.87698 -181.85643
379.56897 -89.81622
382.26089 -165.26315
384.95297 -141.54420
387.64499 -141.74066
390.33694 -141.99130
393.02887 -165.91849
395.72086 -91.50658
398.41293 -161.51718
401.10477 -141.32951
403.79681 -141.39024
406.48877 -143.39352
409.18088 -155.64888
411.87280 -92.70352
414.56479 -155.25960
417.25662 -141.75066
419.94867 -137.56488
422.64066 -143.51851
425.33264 -153.10207
428.02472 -93.34473
430.71658 -154.67114
433.40857 -142.57739
436.10052 -142.60220
438.79248 -143.85020
441.48456 -153.21027
444.17648 -94.00603
446.86844 -152.30640
449.56036 -142.45799
452.25244 -140.91809
454.94443 -144.75204
457.63635 -150.79153
460.32840 -94.15375
463.02029 -151.50288
465.71231 -143.33032
468.40430 -138.63205
471.09634 -144.29749
473.78821 -150.76056
476.48022 -93.87727
479.17224 -151.98701
481.86414 -143.90694
484.55624 -145.08609
487.24811 -145.03265
489.94006 -151.30568
492.63211 -93.91266
495.32404 -150.83336
498.01611 -143.89716
500.70804 -141.85890
503.39996 -145.48589
506.09195 -149.75241
508.78406 -93.64917
511.47589 -150.92488
514.16803 -144.92200
516.85980 -140.74425
519.55188 -145.31891
522.24377 -150.49046
524.93579 -93.76039
527.62781 -150.88087
530.31989 -144.90483
533.01172 -150.62419
535.70380 -146.51102
538.39569 -149.82724
541.08765 -93.87376
543.77960 -149.60648
546.47162 -145.02856
549.16370 -143.80054
551.85553 -146.55031
554.54749 -148.79243
557.23962 -94.09171
559.93170 -149.72226
562.62354 -145.97855
565.31555 -144.18874
568.00751 -146.92712
570.69934 -149.19136
573.39160 -94.19354
576.08344 -148.87103
578.77551 -145.75887
581.46741 -166.59390
584.15930 -148.01962
586.85126 -147.86295
589.54321 -94.92728
592.23523 -147.77150
594.92743 -146.39342
597.61926 -146.18814
600.31134 -147.51050
603.00323 -147.33206
605.69507 -95.13253
608.38708 -147.85164
611.07916 -147.32056
613.77124 -149.27005
616.46307 -148.08372
619.15515 -147.23802
621.84705 -95.97285
624.53906 -146.94612
627.23096 -147.30159
629.92303 -155.57303
632.61493 -147.81306
635.30695 -146.40511
637.99884 -96.64398
640.69092 -146.47807
643.38306 -148.81512
646.07477 -149.10471
648.76697 -146.86125
651.45898 -146.35544
654.15076 -97.00496
656.84277 -146.80066
659.53479 -149.74075
662.22681 -153.72714
664.91882 -147.06921
667.61072 -146.41222
670.30273 -98.16967
672.99475 -146.26662
675.68652 -150.48186
678.37878 -151.59331
681.07068 -146.12724
683.76257 -146.08087
686.45441 -98.65272
689.14667 -146.35242
691.83838 -153.01152
694.53033 -152.37851
697.22241 -145.67934
699.91443 -146.66772
702.60614 -99.20026
705.29840 -147.11601
707.99023 -152.71713
710.68225 -153.58148
713.37433 -145.67783
716.06616 -147.06099
718.75824 -99.97982
721.45032 -146.99187
724.14209 -153.63931
726.83423 -152.06195
729.52625 -144.98535
732.21826 -147.33316
734.90997 -100.46248
737.60205 -147.64810
740.29425 -153.45798
742.98615 -154.40730
745.67798 -145.03056
748.37024 -148.46898
751.06195 -100.94823
753.75403 -149.02080
756.44598 -151.43596
759.13782 -151.51617
761.82996 -145.26175
764.52161 -149.46729
767.21399 -101.89021
769.90588 -149.22363
772.59760 -151.35025
775.28986 -156.31316
777.98187 -145.00932
780.67358 -150.35274
783.36578 -102.07417
786.05780 -150.57292
788.74951 -149.42679
791.44159 -152.76094
794.13367 -145.66730
796.82568 -152.08601
799.51770 -102.89161
802.20947 -152.84816
804.90167 -148.30707
807.59369 -149.82863
810.28552 -146.14078
812.97742 -153.76132
815.66931 -103.83715
818.36182 -153.38239
821.05322 -148.15353
823.74542 -169.26016
826.43762 -146.47490
829.12915 -154.39297
831.82135 -104.21915
834.51331 -154.42726
837.20526 -146.85118
839.89740 -149.13069
842.58917 -147.81371
845.28137 -154.91928
847.97339 -106.06160
850.66516 -156.31360
853.35718 -146.71907
856.04950 -148.40839
858.74091 -148.70235
861.43304 -154.75645
864.12524 -106.66254
866.81702 -155.23221
869.50891 -146.69240
872.20123 -157.96088
874.89294 -149.65768
877.58484 -153.62096
880.27704 -108.17368
882.96924 -153.55980
885.66095 -146.10779
888.35278 -146.88892
891.04498 -151.54913
893.73669 -152.27847
896.42877 -110.28973
899.12079 -153.28114
901.81299 -146.56943
904.50470 -147.30768
907.19659 -152.48906
909.88867 -151.70699
912.58051 -111.55722
915.27277 -152.19188
917.96472 -146.94502
920.65668 -153.27879
923.34869 -153.94991
926.04065 -150.86038
928.73285 -110.33447
931.42450 -150.72925
934.11646 -146.95094
936.80847 -145.91249
939.50049 -154.87498
942.19275 -150.18022
944.88416 -110.62039
947.57660 -150.89816
950.26849 -147.97333
952.96051 -147.16832
955.65234 -154.11028
958.34424 -150.15060
961.03625 -109.35384
963.72833 -150.56329
966.42053 -148.60066
969.11200 -152.26274
971.80432 -153.96049
974.49640 -150.12811
977.18835 -107.16006
979.88025 -149.93806
982.57196 -149.27501
985.26434 -146.09828
987.95593 -152.63782
990.64813 -150.01755
993.34033 -106.02787
996.03210 -150.79112
998.72406 -151.09825
1001.41589 -148.14090
1004.10815 -151.67793
1006.80005 -150.67119
1009.49207 -105.46960
1012.18396 -151.08145
1014.87585 -151.50807
1017.56799 -153.76122
1020.25964 -151.45671
1022.95197 -151.31496
1025.64404 -103.93633
1028.33594 -151.31676
1031.02771 -152.93262
1033.71973 -147.67450
1036.41174 -150.36443
1039.10364 -151.83102
1041.79590 -103.64142
1044.48767 -152.94986
1047.17993 -154.20682
1049.87146 -149.88617
1052.56384 -150.28111
1055.25562 -153.47600
1057.94751 -103.32971
1060.63989 -154.00064
1063.33142 -153.41458
1066.02344 -159.51480
1068.71545 -150.56964
1071.40759 -154.79196
1074.09961 -102.62653
1076.79126 -155.23734
1079.48340 -154.40665
1082.17542 -150.62537
1084.86731 -150.28270
1087.55933 -156.28339
1090.25122 -102.94930
1092.94299 -158.61618
1095.63525 -153.21783
1098.32751 -151.48868
1101.01880 -150.74635
1103.71155 -159.97575
1106.40295 -102.92290
1109.09546 -160.28847
1111.78723 -152.27722
1114.47864 -163.90497
1117.17126 -151.37425
1119.86316 -162.10435
1122.55542 -102.81318
1125.24744 -163.61989
1127.93909 -152.19659
1130.63086 -154.05215
1133.32288 -151.69974
1136.01550 -165.65378
1138.70654 -103.35084
1141.39844 -163.93222
1144.09070 -151.06195
1146.78296 -150.14757
1149.47461 -152.92740
1152.16663 -164.06879
1154.85852 -103.89645
1157.55115 -160.85420
1160.24231 -151.02715
1162.93457 -154.92844
1165.62708 -153.24306
1168.31873 -160.42589
1171.01086 -104.08202
1173.70264 -159.55408
1176.39453 -151.12384
1179.08655 -153.70561
1181.77881 -153.80878
1184.47034 -159.20746
1187.16211 -105.31077
1189.85461 -156.87508
1192.54688 -150.57776
1195.23828 -148.11594
1197.93030 -155.08377
1200.62244 -156.59766
1203.31470 -105.95798
1206.00659 -155.72847
1208.69824 -151.20410
1211.39026 -151.30859
1214.08264 -154.23557
1216.77393 -155.45140
1219.46594 -106.85424
1222.15808 -155.32817
1224.85022 -151.60202
1227.54248 -151.51735
1230.23425 -154.26723
1232.92627 -155.25804
1235.61865 -108.52484
1238.31042 -154.05205
1241.00232 -151.76361
1243.69397 -147.09927
1246.38599 -153.58824
1249.07825 -154.17102
1251.77051 -109.60254
1254.46204 -154.14835
1257.15381 -152.96443
1259.84558 -150.46298
1262.53821 -152.73077
1265.22961 -154.18401
1267.92188 -110.68131
1270.61426 -154.56044
1273.30591 -153.58871
1275.99780 -150.85075
1278.68994 -152.55301
1281.38196 -154.85042
1284.07336 -112.93259
1286.76538 -154.34500
1289.45752 -154.24960
1292.14966 -147.22874
1294.84155 -151.71545
1297.53320 -154.94502
1300.22571 -114.35085
1302.91699 -155.20312
1305.60962 -155.35365
1308.30127 -151.73436
1310.99304 -151.36737
1313.68542 -156.12718
1316.37744 -114.41977
1319.06921 -156.83438
1321.76147 -154.87624
1324.45374 -151.48422
1327.14551 -151.46806
1329.83704 -157.72380
1332.52905 -116.00212
1335.22156 -157.60962
1337.91370 -155.30510
1340.60498 -148.68980
1343.29761 -151.11232
1345.98889 -159.40633
1348.68176 -116.14097
1351.37280 -160.32506
1354.06506 -154.93764
1356.75684 -155.40416
1359.44946 -151.48199
1362.14160 -163.64252
1364.83325 -115.17616
1367.52454 -165.01622
1370.21680 -153.82866
1372.90869 -153.11691
1375.60156 -152.01070
1378.29248 -169.14395
1380.98511 -115.47932
1383.67725 -169.64735
1386.36890 -153.80502
1389.06079 -151.42299
1391.75293 -152.31026
1394.44507 -177.99969
1397.13647 -115.96829
1399.82849 -177.13510
1402.52051 -152.87633
1405.21313 -165.20721
1407.90417 -153.31548
1410.59692 -166.10880
1413.28882 -114.82621
1415.98096 -164.69740
1418.67285 -152.38248
1421.36462 -154.46637
1424.05688 -154.45247
1426.74829 -161.20284
1429.44067 -116.15383
1432.13245 -161.73419
1434.82422 -152.43741
1437.51611 -155.63857
1440.20825 -155.56325
1442.90015 -158.57486
1445.59229 -116.20638
1448.28430 -158.03473
1450.97607 -151.98726
1453.66772 -164.48676
1456.35999 -157.28229
1459.05212 -156.10149
1461.74426 -116.01741
1464.43665 -155.69717
1467.12830 -152.19522
1469.82080 -153.95428
1472.51196 -157.91566
1475.20386 -154.68314
1477.89624 -117.26046
1480.58789 -154.93402
1483.28027 -152.88908
1485.97241 -160.96207
1488.66394 -157.76778
1491.35596 -153.79247
1494.04785 -117.32114
1496.74060 -153.38185
1499.43188 -153.01411
1502.12402 -157.20474
1504.81592 -158.05486
1507.50781 -152.70752
1510.19995 -117.27420
1512.89172 -152.48488
1515.58374 -154.06149
1518.27576 -153.22884
1520.96741 -156.12288
1523.66016 -152.35843
1526.35181 -117.22415
1529.04346 -152.54761
1531.73572 -155.39563
1534.42810 -164.25343
1537.12012 -155.41919
1539.81189 -152.07449
1542.50354 -116.17967
1545.19531 -151.76904
1547.88708 -155.88692
1550.57983 -155.03183
1553.27124 -154.00369
1555.96387 -151.89449
1558.65601 -115.54682
1561.34741 -151.73262
1564.03906 -158.46448
1566.73120 -153.49791
1569.42371 -152.80791
1572.11536 -152.04572
1574.80701 -114.94556
1577.49927 -152.38795
1580.19177 -160.94847
1582.88281 -166.80467
1585.57593 -152.63383
1588.26758 -152.47527
1590.95959 -113.69492
1593.65063 -152.22591
1596.34326 -161.65210
1599.03503 -155.65085
1601.72705 -151.72707
1604.41992 -152.76755
1607.11121 -113.51138
1609.80322 -152.85057
1612.49463 -163.35818
1615.18665 -154.83771
1617.87903 -151.38249
1620.57068 -153.51830
1623.26294 -112.86809
1625.95508 -154.23727
1628.64673 -160.28989
1631.33887 -168.72435
1634.03125 -151.54779
1636.72290 -154.54753
1639.41528 -112.32488
1642.10669 -154.57010
1644.79883 -159.44633
1647.49097 -159.38245
1650.18250 -151.35120
1652.87451 -155.54828
1655.56702 -112.80220
1658.25903 -156.00826
1660.95117 -156.82884
1663.64282 -156.44781
1666.33435 -151.66817
1669.02686 -156.79298
1671.71924 -112.38685
1674.41064 -158.44832
1677.10254 -155.20198
1679.79443 -159.80362
1682.48669 -152.22528
1685.17847 -158.91235
1687.87097 -112.61637
1690.56287 -159.34708
1693.25378 -154.92191
1695.94604 -170.06169
1698.63843 -152.44604
1701.33044 -160.36969
1704.02295 -113.26269
1706.71448 -161.09070
1709.40613 -153.41644
1712.09827 -155.42612
1714.79028 -153.43935
1717.48242 -161.51279
1720.17407 -113.71977
1722.86670 -163.90036
1725.55859 -153.01108
1728.25012 -155.01451
1730.94214 -154.42419
1733.63416 -162.74687
1736.32642 -114.35594
1739.01794 -163.52034
1741.71033 -153.25960
1744.40210 -164.03987
1747.09363 -155.21288
1749.78564 -162.62466
1752.47791 -115.92677
1755.16980 -161.63078
1757.86157 -152.63556
1760.55371 -152.89371
1763.24561 -156.81316
1765.93762 -161.00827
1768.62939 -116.73801
1771.32202 -161.16368
1774.01343 -152.69156
1776.70667 -152.43959
1779.39746 -157.82671
1782.08972 -160.09721
1784.78162 -118.38000
1787.47375 -160.56331
1790.16589 -153.34647
1792.85718 -158.66481
1795.54980 -158.15776
1798.24121 -159.37671
1800.93445 -120.45970
1803.62500 -158.95099
1806.31726 -153.32953
1809.00977 -151.62778
1811.70239 -158.97685
1814.39331 -158.23625
1817.08521 -120.89964
1819.77759 -158.63663
1822.46948 -154.50702
1825.16125 -151.54572
1827.85254 -157.67194
1830.54578 -158.01842
1833.23706 -120.91975
1835.92957 -158.84033
1838.62061 -155.08102
1841.31348 -157.92929
1844.00488 -157.54955
1846.69751 -158.25746
1849.38855 -120.62949
1852.08105 -158.33109
1854.77319 -155.32512
1857.46533 -151.49683
1860.15735 -156.75871
1862.84912 -158.10530
1865.54175 -118.94836
1868.23303 -159.03574
1870.92578 -157.28477
1873.61707 -152.27412
1876.30872 -155.45885
1879.00012 -158.73694
1881.69324 -117.43306
1884.38464 -160.35623
1887.07666 -157.77408
1889.76855 -160.07108
1892.46069 -155.44923
1895.15234 -160.15001
1897.84473 -116.44861
1900.53723 -160.56282
1903.22827 -158.51462
1905.92029 -153.06941
1908.61218 -154.97905
1911.30432 -161.07227
1913.99646 -115.37321
1916.68884 -163.00000
1919.38123 -159.06659
1922.07263 -153.86107
1924.76465 -154.64717
1927.45679 -163.71475
1930.14795 -114.62344
1932.84033 -166.64635
1935.53296 -157.40424
1938.22412 -167.36098
1940.91663 -155.38567
1943.60889 -167.51715
1946.30005 -114.08619
1948.99182 -169.03029
1951.68408 -157.51804
1954.37634 -156.15443
1957.06848 -155.27635
1959.76062 -172.14560
1962.45215 -113.77493
1965.14404 -183.74397
1967.83594 -156.53636
1970.52881 -155.43504
1973.22009 -155.83778
1975.91211 -180.29164
1978.60352 -113.55482
1981.29639 -171.78075
1983.98865 -155.47519
1986.68018 -164.71545
1989.37109 -156.67647
1992.06372 -168.49013
1994.75537 -113.74382
1997.44824 -167.74068
2000.13940 -155.60579
2002.83142 -160.57539
2005.52368 -157.17197
2008.21643 -165.49887
2010.90820 -113.57011
2013.60034 -163.38745
2016.29163 -154.79019
2018.98315 -154.97562
2021.67615 -159.42197
2024.36707 -161.41772
2027.05945 -114.12611
2029.75208 -160.43658
2032.44373 -154.58914
2035.13562 -158.60358
2037.82776 -160.83430
2040.52002 -159.64307
2043.21143 -114.56641
2045.90405 -159.48657
2048.59570 -154.89827
2051.28760 -161.77045
2053.97974 -161.37457
2056.67090 -158.62915
2059.36426 -115.08120
2062.05566 -157.76469
2064.74707 -154.58067
2067.43970 -153.32455
2070.13135 -163.57924
2072.82422 -157.17328
2075.51611 -116.04017
2078.20703 -156.49821
2080.89893 -154.99347
2083.59082 -155.71977
2086.28394 -162.20761
2088.97510 -156.71986
2091.66724 -116.93584
2094.35938 -156.57750
2097.05151 -155.92703
2099.74365 -158.87010
2102.43457 -161.40099
2105.12671 -156.26509
2107.81885 -117.87596
2110.51099 -155.83299
2113.20410 -155.73233
2115.89380 -152.28313
2118.58691 -160.15118
2121.27881 -155.83839
2123.97192 -119.53938
2126.66357 -155.36963
2129.35522 -156.83391
2132.04663 -154.98296
2134.73926 -158.50751
2137.43164 -156.15540
2140.12280 -120.87706
2142.81494 -156.03685
2145.50708 -158.21762
2148.19873 -157.50119
2150.89062 -157.89328
2153.58325 -156.38814
2156.27466 -121.93862
2158.96704 -156.05518
2161.65796 -158.28334
2164.35107 -152.10643
2167.04272 -156.63361
2169.73413 -156.87311
2172.42676 -125.10545
2175.11890 -156.52466
2177.81079 -159.82925
2180.50269 -156.26967
2183.19385 -156.07559
2185.88647 -157.77174
2188.57715 -126.13603
2191.27002 -157.93979
2193.96289 -160.08565
2196.65405 -157.11618
2199.34619 -156.10083
2202.03784 -158.57318
2204.73047 -127.82559
2207.42261 -158.34657
2210.11450 -160.12148
2212.80615 -153.00380
2215.49854 -155.61372
2218.19043 -160.16891
2220.88086 -130.07899
2223.57446 -160.08055
2226.26538 -160.77698
2228.95703 -159.28218
2231.65063 -155.63123
2234.34277 -161.90889
2237.03418 -130.40048
2239.72534 -162.78758
2242.41724 -159.41319
2245.10986 -156.91833
2247.80225 -155.96431
2250.49390 -164.22792
2253.18628 -128.99518
2255.87842 -163.63498
2258.56982 -158.99809
2261.26196 -154.70834
2263.95361 -155.94016
2266.64600 -166.63374
2269.33667 -131.18240
2272.02930 -168.46178
2274.72241 -158.41756
2277.41406 -165.06384
2280.10596 -156.83797
2282.79761 -169.98685
2285.48975 -128.78291
2288.18140 -169.42883
2290.87378 -157.61861
2293.56543 -156.20078
2296.25781 -157.37556
2298.94946 -168.75896
2301.64185 -128.11749
2304.33350 -168.33853
2307.02588 -158.13235
2309.71729 -156.55563
2312.40967 -158.04968
2315.10107 -166.40036
2317.79321 -129.06483
2320.48486 -166.77560
2323.17676 -157.31145
2325.86938 -164.89731
2328.56006 -158.87102
2331.25391 -164.46736
2333.94556 -126.24893
2336.63647 -163.15373
2339.32910 -157.55351
2342.02124 -155.30400
2344.71387 -158.58774
2347.40430 -162.01659
2350.09790 -125.57832
2352.78955 -162.55544
2355.48145 -158.42711
2358.17261 -158.01140
2360.86572 -158.77667
2363.55664 -161.00012
2366.24902 -124.75054
2368.94092 -161.03484
2371.63306 -158.27487
2374.32471 -161.34102
2377.01636 -159.03085
2379.70874 -160.08084
2382.40015 -122.88301
2385.09326 -159.49527
2387.78418 -159.28551
2390.47705 -154.88797
2393.16870 -158.29329
2395.85962 -159.18932
2398.55200 -122.24597
2401.24512 -160.17076
2403.93579 -160.65540
2406.62939 -159.54443
2409.32104 -157.73737
2412.01270 -159.10255
2414.70361 -121.41309
2417.39600 -159.43823
2420.08887 -160.82509
2422.78101 -160.19713
2425.47168 -157.17842
2428.16553 -158.96046
2430.85571 -119.89626
2433.54761 -159.08676
2436.23975 -162.73833
2438.93213 -155.75867
2441.62500 -156.48691
2444.31665 -159.05177
2447.00854 -119.80520
2449.70068 -160.03529
2452.39307 -163.07027
2455.08447 -161.39233
2457.77612 -156.38290
2460.46826 -159.59836
2463.16016 -118.98039
2465.85254 -160.18057
2468.54541 -162.78201
2471.23682 -161.76733
2473.92847 -156.38577
2476.62061 -160.48367
2479.31250 -118.32908
2482.00488 -160.65736
2484.69629 -163.19829
2487.38892 -157.29858
2490.07910 -155.88797
2492.77197 -161.01877
2495.46411 -118.53793
2498.15601 -162.72131
2500.84692 -161.45819
2503.54053 -163.08330
2506.23169 -156.09570
2508.92432 -162.87227
2511.61572 -117.89783
2514.30713 -163.52080
2517.00024 -160.92197
2519.69067 -166.92136
2522.38403 -156.27946
2525.07593 -164.80034
2527.76807 -118.14465
2530.45874 -164.98238
2533.15234 -159.74504
2535.84473 -159.01944
2538.53564 -156.60313
2541.22827 -166.93013
2543.91943 -118.54618
2546.61182 -169.21974
2549.30322 -158.79126
2551.99438 -160.79623
2554.68726 -157.16441
2557.38013 -170.81783
2560.07129 -118.52597
2562.76270 -172.19618
2565.45557 -158.82231
2568.14697 -176.69344
2570.83838 -157.53214
2573.53125 -176.65668
2576.22412 -119.08169
2578.91553 -176.65762
2581.60840 -157.88838
2584.29956 -159.28221
2586.99097 -158.39941
2589.68359 -177.15712
2592.37500 -120.07891
2595.06592 -177.99461
2597.76001 -157.41261
2600.45117 -158.14871
2603.14331 -159.45190
2605.83447 -172.75125
2608.52808 -120.37398
2611.22021 -174.70615
2613.91235 -157.77797
2616.60278 -167.37808
2619.29468 -159.69574
2621.98633 -170.89311
2624.67969 -121.93648
2627.37085 -170.02025
2630.06372 -157.34978
2632.75366 -158.31764
2635.44629 -160.70837
2638.13867 -167.91626
2640.82959 -123.44734
2643.52319 -167.23741
2646.21533 -157.52908
2648.90674 -156.77086
2651.59863 -160.23793
2654.28979 -166.36932
2656.98267 -124.34188
2659.67529 -167.75670
2662.36597 -158.07561
2665.05835 -164.63327
2667.75146 -160.32768
2670.44336 -166.91893
2673.13477 -127.76710
2675.82764 -166.40909
2678.51855 -158.38582
2681.21094 -157.67580
2683.90283 -160.79927
2686.59473 -165.92015
2689.28613 -130.48430
2691.97754 -165.53958
2694.67017 -158.79218
2697.36353 -156.57906
2700.05273 -159.49940
2702.74609 -166.05794
2705.43896 -133.31725
2708.13135 -167.35820
2710.82227 -159.23734
2713.51416 -165.75949
2716.20581 -159.58676
2718.89868 -168.16161
2721.58960 -138.64551
2724.28320 -168.01036
2726.97510 -159.36043
2729.66528 -158.10231
2732.35791 -159.24080
2735.05029 -168.14540
2737.74219 -140.94438
2740.43408 -168.55360
2743.12646 -159.95007
2745.81763 -158.14911
2748.50952 -158.94481
2751.20264 -171.15442
2753.89526 -135.17307
2756.58472 -173.27019
2759.27832 -159.23497
2761.97144 -172.06181
2764.66260 -159.39450
2767.35327 -172.73827
2770.04663 -130.46494
2772.73804 -171.78198
2775.43066 -158.79839
2778.12256 -159.66643
2780.81274 -159.72127
2783.50562 -173.12373
2786.19629 -129.93488
2788.89111 -174.48592
2791.58081 -159.02655
2794.27344 -161.74284
2796.96655 -159.38762
2799.65674 -170.40868
2802.34912 -128.91731
2805.04126 -168.84888
2807.73413 -158.31158
2810.42505 -171.10899
2813.11743 -160.32846
2815.80859 -167.10710
2818.50122 -127.05242
2821.19336 -165.97278
2823.88647 -158.04697
2826.57739 -161.86349
2829.26953 -161.86845
2831.96069 -165.23767
2834.65332 -127.90926
2837.34521 -164.85023
2840.03809 -158.29181
2842.72900 -170.19635
2845.42041 -162.57280
2848.11328 -163.13168
2850.80542 -127.56492
2853.49707 -162.00407
2856.18945 -157.57405
2858.87988 -162.72855
2861.57275 -164.03560
2864.26514 -161.61551
2866.95679 -127.66014
2869.64941 -160.79027
2872.34131 -157.66197
2875.03271 -162.80154
2877.72510 -164.62871
2880.41699 -160.41710
2883.10938 -128.75285
2885.79980 -160.22884
2888.49268 -158.07596
2891.18457 -170.85501
2893.87646 -166.42905
2896.56885 -159.57022
2899.26050 -129.46249
2901.95190 -158.76987
2904.64551 -158.31969
2907.33667 -159.12511
2910.02905 -165.07599
2912.72021 -158.71439
2915.41284 -130.18723
2918.10449 -158.58656
2920.79565 -159.29477
2923.48877 -162.80545
2926.18018 -162.88852
2928.87354 -158.56628
2931.56299 -132.63020
2934.25537 -158.42468
2936.94824 -159.56526
2939.64062 -164.50801
2942.33179 -162.25706
2945.02417 -158.19383
2947.71582 -133.50644
2950.40796 -157.74033
2953.10107 -159.95973
2955.79199 -157.93384
2958.48364 -160.70244
2961.17627 -158.04402
2963.86768 -134.42419
2966.56006 -158.23875
2969.25171 -162.26561
2971.94580 -164.21927
2974.63599 -159.44879
2977.32812 -158.34807
2980.02148 -134.09085
2982.71045 -158.69397
2985.40381 -162.52469
2988.09448 -163.11267
2990.78906 -159.16173
2993.48145 -158.73570
2996.17139 -132.16254
2998.86499 -158.39136
3001.55640 -163.83507
3004.24829 -159.02196
3006.93945 -158.34982
3009.63330 -159.22507
3012.32422 -132.01221
3015.01587 -159.88345
3017.70850 -165.45357
3020.39819 -169.57587
3023.09229 -157.88171
3025.78369 -160.34250
3028.47437 -130.14691
3031.16724 -160.97462
3033.85938 -163.80917
3036.55029 -163.51501
3039.24341 -158.18343
3041.93457 -161.63867
3044.62598 -129.12053
3047.31958 -161.49136
3050.01099 -164.90289
3052.70288 -162.91072
3055.39551 -157.66943
3058.08716 -163.15678
3060.77930 -129.21057
3063.47070 -164.45868
3066.16309 -162.74278
3068.85742 -170.74422
3071.54907 -158.03362
3074.23975 -165.99251
3076.93115 -128.08334
3079.62305 -167.08591
3082.31567 -160.74879
3085.00732 -162.67145
3087.69800 -158.71581
3090.39087 -169.90959
3093.08301 -128.63292
3095.77393 -169.41922
3098.46704 -161.13350
3101.16089 -173.06027
3103.85010 -158.78491
3106.54199 -177.10556
3109.23584 -128.98470
3111.92725 -185.02829
3114.61914 -159.58069
3117.31177 -161.65955
3120.00293 -160.29526
3122.69507 -182.49445
3125.38770 -129.19171
3128.07739 -176.84813
3130.76929 -159.56287
3133.46216 -160.29181
3136.15527 -160.84103
3138.84570 -171.60428
3141.53833 -129.80174
3144.22998 -173.09073
3146.92407 -159.98453
3149.61523 -168.85132
3152.30835 -161.61403
3154.99878 -167.43791
3157.69141 -131.39201
3160.38306 -166.06982
3163.07520 -158.81577
3165.76611 -157.66714
3168.45752 -163.72626
3171.14966 -164.29645
3173.84229 -131.31285
3176.53345 -164.14258
3179.22705 -158.91788
3181.91943 -157.78842
3184.60913 -163.12090
3187.30249 -162.72357
3189.99487 -131.90321
3192.68774 -163.18996
3195.37744 -159.65338
3198.06934 -162.23549
3200.76196 -163.37807
3203.45337 -161.34290
3206.14526 -131.48247
3208.83936 -160.94370
3211.53052 -159.87173
3214.22168 -155.60832
3216.91406 -162.09888
3219.60669 -160.25380
3222.29761 -129.96602
3224.98975 -160.35905
3227.68164 -161.56310
3230.37256 -156.60107
3233.06763 -160.48514
3235.75781 -159.98984
3238.44995 -128.21269
3241.14111 -160.33092
3243.83423 -162.46022
3246.52612 -160.38499
3249.21851 -160.17490
3251.90942 -159.62253
3254.60083 -126.89825
3257.29272 -159.32140
3259.98682 -163.12538
3262.67798 -154.81357
3265.36914 -158.97275
3268.06299 -159.36090
3270.75342 -125.26499
3273.44604 -159.51289
3276.13916 -166.60521
3278.82910 -156.55388
3281.52124 -158.44777
3284.21362 -159.61568
3286.90479 -124.31155
3289.59814 -160.08339
3292.29004 -167.17130
3294.98242 -160.46162
3297.67334 -157.84186
3300.36475 -160.29070
3303.06006 -123.46880
3305.75000 -160.00633
3308.44043 -167.87708
3311.13525 -155.40320
3313.82666 -157.05624
3316.51636 -160.52524
3319.20874 -122.48264
3321.90137 -161.05090
3324.59375 -166.99095
3327.28516 -157.49792
3329.97681 -157.29623
3332.66895 -161.47899
3335.36133 -122.09199
3338.05420 -162.29228
3340.74512 -164.78387
3343.43872 -162.96350
3346.12891 -157.36601
3348.82104 -162.84280
3351.51343 -121.63129
3354.20435 -162.70239
3356.89746 -164.32838
3359.58936 -156.86989
3362.28149 -157.50266
3364.97192 -163.56689
3367.66455 -121.33046
3370.35547 -164.56993
3373.04883 -161.74086
3375.74219 -158.66780
3378.43237 -157.78749
3381.12451 -165.16856
3383.81689 -121.22676
3386.50781 -166.98340
3389.20117 -160.50301
3391.89233 -168.30881
3394.58447 -158.23480
3397.27637 -166.68579
3399.96851 -121.33659
3402.66113 -167.20387
3405.35205 -160.16838
3408.04541 -158.83995
3410.73682 -159.39502
3413.42822 -166.97717
3416.12036 -121.32503
3418.81250 -166.71559
3421.50513 -158.71497
3424.19580 -158.59633
3426.88696 -160.88872
3429.58008 -166.45663
3432.27344 -121.94611
3434.96338 -166.77271
3437.65747 -158.66068
3440.34766 -167.55933
3443.04199 -161.79611
3445.73096 -165.96208
3448.42383 -122.23251
3451.11670 -165.79950
3453.80811 -158.56766
3456.49951 -160.19205
3459.19165 -163.38940
3461.88354 -165.09703
3464.57544 -122.80238
3467.26807 -163.80356
3469.96045 -157.99933
3472.65332 -157.59708
3475.34424 -165.92307
3478.03711 -163.66306
3480.72656 -123.86263
3483.42188 -163.28433
3486.11353 -158.79971
3488.80151 -163.70813
3491.49561 -166.39963
3494.18799 -162.99252
3496.88013 -124.72712
3499.57056 -162.64406
3502.26318 -158.81578
3504.95605 -159.39496
3507.64697 -167.01176
3510.33984 -162.48587
3513.03125 -126.01412
3515.72266 -161.40263
3518.41431 -158.89893
3521.10791 -156.77599
3523.79980 -166.19296
3526.49170 -161.68031
3529.18359 -127.73120
3531.87549 -161.79048
3534.56787 -160.37892
3537.26050 -162.25369
3539.95264 -164.37083
3542.64551 -161.76764
3545.33643 -129.39908
3548.02710 -161.96738
3550.71997 -160.69904
3553.41284 -159.17914
3556.10376 -164.31039
3558.79517 -161.85437
3561.48657 -131.52335
3564.17969 -161.28679
3566.87109 -161.40564
3569.56274 -156.82104
3572.25391 -162.30154
3574.94580 -162.19643
3577.63940 -135.35132
3580.33105 -162.52606
3583.02295 -163.78358
3585.71509 -163.42862
3588.40698 -161.16095
3591.10083 -162.75125
3593.79102 -136.58565
3596.48291 -163.48607
3599.17700 -163.67053
3601.86719 -159.79591
3604.55933 -160.61195
3607.25146 -163.51080
3609.94385 -139.45160
3612.63403 -163.53151
3615.32617 -164.22560
3618.02051 -158.43277
3620.71094 -160.40746
3623.40112 -165.24194
3626.09375 -140.83842
3628.78613 -166.21797
3631.47827 -164.16968
3634.17090 -168.46335
3636.86133 -160.62283
3639.55542 -166.89548
3642.24805 -138.09937
3644.93799 -168.20169
3647.63062 -163.17546
3650.32080 -161.40326
3653.01514 -160.28523
3655.70532 -169.52696
3658.39746 -135.12993
3661.09180 -169.82678
3663.78198 -163.59468
3666.47437 -161.91594
3669.16846 -160.29391
3671.85840 -174.28433
3674.55054 -135.76814
3677.24072 -181.42534
3679.93433 -162.26208
3682.62646 -182.61418
3685.31836 -160.96510
3688.01001 -182.72194
3690.70166 -134.26297
3693.39331 -178.30237
3696.08691 -161.34869
3698.77661 -163.23267
3701.46997 -161.71181
3704.16138 -176.25928
3706.85278 -133.78355
3709.54590 -181.27129
3712.23901 -161.98817
3714.93213 -167.86467
3717.62329 -162.59045
3720.31396 -172.24376
3723.00684 -134.92928
3725.69775 -170.62210
3728.38818 -160.75685
3731.08276 -167.23116
3733.77319 -164.04878
3736.46753 -168.52356
3739.15771 -134.93414
3741.85181 -167.35596
3744.54370 -160.80499
3747.23535 -163.43689
3749.92529 -164.11145
3752.61914 -166.13881
3755.31030 -135.35396
3758.00171 -166.76627
3760.69287 -161.34749
3763.38599 -182.57973
3766.07690 -164.98901
3768.76978 -164.53337
3771.46240 -138.45245
3774.15503 -164.02016
3776.84546 -160.41202
3779.53760 -163.13751
3782.22949 -165.38402
3784.91943 -163.57733
3787.61328 -137.19739
3790.30493 -163.41655
3792.99658 -161.86246
3795.68750 -162.89359
3798.38086 -164.91269
3801.07397 -162.81223
3803.76660 -138.38405
3806.45728 -163.33475
3809.14941 -162.09544
3811.84180 -174.67458
3814.53394 -164.27303
3817.22363 -162.36740
3819.91724 -138.19095
3822.60889 -161.90813
3825.30225 -162.29843
3827.99341 -161.74072
3830.68408 -162.85492
3833.37671 -162.32542
3836.06934 -135.61490
3838.76196 -162.47331
3841.45386 -164.34880
3844.14575 -163.45633
3846.83740 -162.51091
3849.52881 -162.48003
3852.21973 -135.62091
3854.91089 -162.91064
3857.60376 -164.54156
3860.29639 -174.05501
3862.98853 -161.43594
3865.68091 -163.00200
3868.37256 -132.85027
3871.06641 -162.25969
3873.75757 -165.35237
3876.44678 -162.50537
3879.13965 -161.31268
3881.83228 -163.54871
3884.52490 -132.00372
3887.21704 -163.94917
3889.91089 -166.28639
3892.59814 -165.79324
3895.29175 -161.11797
3897.98535 -164.75713
3900.67822 -131.65942
3903.36865 -165.56046
3906.05859 -165.76711
3908.75098 -174.81317
3911.44263 -161.16943
3914.13623 -166.55284
3916.82959 -129.92448
3919.52051 -165.70029
3922.21338 -165.25424
3924.90356 -166.19662
3927.59570 -161.17586
3930.28955 -168.26006
3932.97900 -130.33685
3935.67236 -169.12985
3938.36548 -163.88077
3941.05591 -169.07870
3943.74854 -161.08223
3946.44043 -170.85843
3949.13208 -129.82855
3951.82349 -172.24545
3954.51440 -162.82050
3957.20728 -168.32880
3959.89990 -162.04393
3962.59229 -176.94052
3965.28418 -129.38316
3967.97559 -175.74030
3970.66675 -163.20132
3973.35962 -176.90482
3976.05225 -162.41461
3978.74243 -183.51224
3981.43652 -130.34776
3984.12817 -180.67622
3986.81909 -162.45680
3989.51221 -165.05048
3992.20483 -162.61331
3994.89722 -179.07909
3997.58667 -130.69911
4000.28052 -174.33289
4002.97144 -161.25716
4005.66431 -163.18863
4008.35693 -163.57114
4011.04883 -172.05135
4013.74072 -130.64244
4016.43213 -172.08749
4019.12305 -161.51112
4021.81592 -172.25887
4024.50806 -164.23640
4027.19995 -169.79915
4029.89136 -132.54774
4032.58252 -167.79192
4035.27563 -160.99850
4037.96777 -161.18010
4040.65967 -165.66481
4043.35156 -167.30629
4046.04272 -133.33258
4048.73560 -166.09021
4051.42822 -161.05891
4054.11816 -160.27505
4056.80957 -165.57884
4059.50562 -165.09741
4062.19629 -133.88820
4064.88672 -165.55931
4067.57861 -161.91705
4070.27295 -165.14095
4072.96167 -164.12666
4075.65454 -164.88432
4078.34717 -136.46251
4081.03955 -163.87560
4083.73315 -161.97313
4086.42212 -159.06967
4089.11719 -164.37817
4091.80762 -163.54915
4094.49951 -136.84804
4097.19092 -163.41451
4099.88379 -163.25806
4102.57471 -159.08368
4105.26709 -163.64717
4107.95850 -163.03508
4110.64990 -136.09579
4113.34326 -163.58826
4116.03564 -163.77319
4118.72754 -163.68993
4121.41943 -162.74664
4124.11035 -163.26700
4126.80322 -135.69556
4129.49561 -162.88205
4132.18750 -164.37083
4134.87891 -158.40178
4137.56934 -161.82983
4140.26221 -162.85817
4142.95605 -134.74535
4145.64551 -163.10637
4148.33887 -166.47496
4151.03125 -159.52821
4153.72363 -160.97649
4156.41553 -163.15703
4159.10840 -132.62708
4161.79932 -164.15436
4164.49170 -165.53529
4167.18311 -164.37740
4169.87207 -160.90102
4172.56738 -163.83757
4175.25781 -132.00272
4177.95166 -163.84830
4180.64307 -166.62688
4183.33594 -159.07706
4186.02832 -160.56694
4188.71777 -164.36934
4191.40918 -131.17534
4194.10449 -165.17885
4196.79248 -167.79469
4199.48438 -161.14481
4202.17822 -160.32845
4204.87109 -165.52307
4207.56348 -130.15045
4210.25488 -166.74254
4212.94385 -166.16589
4215.63916 -167.93062
4218.32959 -160.47432
4221.02148 -166.60678
4223.71240 -129.66101
4226.40527 -167.14107
4229.09766 -166.15350
4231.78955 -161.08949
4234.48291 -160.72130
4237.17334 -168.41959
4239.86523 -129.63313
4242.55713 -169.23204
4245.25000 -165.53705
4247.94287 -164.30634
4250.63281 -161.14313
4253.32617 -170.77260
4256.01709 -129.02005
4258.70947 -174.41811
4261.40137 -164.83838
4264.09229 -173.91202
4266.78516 -161.42081
4269.47754 -173.58983
4272.16895 -129.38820
4274.86279 -173.41232
4277.55273 -164.42775
4280.24463 -163.93445
4282.93848 -161.78342
4285.62939 -177.83955
4288.32129 -129.37234
4291.01318 -181.04422
4293.70654 -164.33591
4296.39697 -168.05826
4299.09131 -162.52840
4301.78027 -179.70992
4304.47314 -129.52733
4307.16602 -179.23203
4309.85742 -163.49501
4312.54834 -174.26474
4315.24121 -162.78481
4317.93311 -180.83185
4320.62451 -130.30350
4323.31738 -179.78804
4326.00732 -163.14305
4328.69922 -167.78569
4331.39453 -162.97871
4334.08740 -176.83809
4336.77686 -130.41165
4339.46777 -177.57826
4342.16064 -162.93315
4344.85254 -167.36400
4347.54639 -164.38197
4350.23730 -174.42801
4352.92676 -130.93217
4355.62354 -172.15926
4358.31152 -163.22079
4361.00439 -170.93938
4363.69629 -163.67201
4366.38965 -174.37483
4369.08008 -131.60461
4371.77197 -174.83438
4374.46582 -163.98111
4377.15625 -169.99995
4379.84814 -163.83138
4382.53955 -173.63657
4385.23291 -131.94789
4387.92529 -174.06520
4390.61621 -162.58319
4393.30957 -166.27147
4396.00000 -164.06348
4398.69385 -173.28004
4401.38477 -132.34424
4404.07715 -171.47777
4406.76904 -163.66957
4409.45996 -172.21246
4412.15283 -163.59604
4414.84473 -174.97507
4417.53564 -133.10683
4420.22852 -175.91951
4422.92041 -163.96973
4425.61133 -168.61200
4428.30420 -163.61998
4430.99609 -175.84813
4433.68750 -132.81021
4436.38037 -175.33868
4439.07227 -163.15485
4441.76318 -166.02917
4444.45605 -163.70142
4447.14844 -178.21468
4449.83936 -133.20650
4452.53223 -176.94942
4455.22461 -163.53694
4457.91553 -182.22951
4460.60840 -163.69690
4463.30029 -179.87978
4465.99170 -133.67912
4468.68457 -179.94810
4471.37646 -162.14389
4474.06787 -165.15799
4476.76074 -163.90033
4479.45264 -178.53236
4482.14355 -133.41081
4484.83594 -175.52820
4487.52832 -162.47968
4490.22168 -165.57924
4492.91162 -164.32204
4495.60596 -174.01201
4498.29688 -134.08914
4500.98926 -176.11125
4503.67871 -162.87666
4506.37158 -175.11937
4509.06445 -165.07799
4511.75586 -171.59680
4514.44873 -134.26642
4517.14111 -169.90193
4519.83008 -161.68312
4522.52344 -162.08902
4525.21777 -165.97353
4527.90918 -169.39500
4530.59961 -135.16681
4533.29150 -168.79466
4535.98242 -162.03676
4538.67480 -164.36633
4541.36914 -166.96960
4544.06006 -167.26462
4546.75000 -136.04585
4549.44434 -167.69444
4552.13770 -161.75137
4554.82715 -167.12666
4557.51855 -167.12297
4560.21143 -165.97414
4562.90088 -137.41052
4565.59473 -164.97406
4568.28711 -160.90523
4570.97900 -159.97380
4573.67236 -168.03889
4576.36230 -165.14491
4579.05371 -138.26097
4581.74707 -164.59904
4584.43896 -162.30756
4587.12988 -162.87680
4589.82324 -167.37926
4592.51465 -163.91595
4595.20557 -139.90076
4597.89844 -164.18555
4600.59229 -162.66235
4603.28516 -163.49503
4605.97510 -166.53253
4608.66602 -163.47166
4611.36133 -140.26859
4614.05322 -162.72346
4616.74414 -163.23695
4619.43408 -158.95502
4622.12549 -165.64162
4624.81836 -162.95734
4627.51025 -139.24014
4630.20166 -163.30939
4632.89453 -164.76573
4635.58594 -162.47041
4638.27930 -163.74374
4640.97119 -162.90340
4643.66016 -137.68456
4646.35547 -162.93959
4649.04980 -165.10730
4651.74072 -162.63049
4654.43066 -163.38960
4657.12207 -163.10091
4659.81250 -136.12717
4662.50684 -162.69044
4665.19775 -165.68427
4667.89014 -158.97362
4670.58398 -162.18610
4673.27441 -163.18262
4675.96680 -134.04134
4678.65771 -164.10591
4681.35010 -168.79106
4684.04395 -163.69360
4686.73486 -161.58578
4689.42676 -163.52486
4692.12012 -132.79474
4694.81055 -164.21141
4697.50195 -168.48047
4700.19482 -164.00212
4702.88672 -161.05476
4705.57812 -164.67308
4708.27051 -131.53157
4710.96191 -164.64267
4713.65527 -169.89183
4716.34473 -160.42416
4719.03809 -160.26852
4721.73047 -166.08458
4724.42188 -130.51009
4727.11475 -167.05478
4729.80664 -167.74112
4732.49756 -165.69113
4735.18994 -160.86668
4737.88135 -166.73903
4740.57373 -130.05522
4743.26562 -168.77435
4745.95898 -166.28580
4748.65137 -168.64833
4751.34229 -161.15704
4754.03467 -168.66846
4756.72656 -129.30205
4759.41699 -169.24045
4762.10889 -164.95679
4764.80225 -162.81410
4767.49463 -161.32297
4770.18604 -171.17561
4772.87891 -128.94513
4775.57031 -170.88826
4778.26123 -163.09395
4780.95312 -165.30276
4783.64697 -162.07715
4786.33936 -172.49376
4789.03076 -128.80597
4791.72070 -172.06317
4794.41309 -162.05946
4797.10596 -177.13957
4799.79834 -162.61604
4802.48926 -169.91008
4805.17969 -128.76292
4807.87061 -169.61890
4810.56348 -161.18481
4813.25830 -163.49460
4815.94873 -164.29752
4818.64111 -167.90282
4821.33203 -128.64722
4824.02441 -166.23808
4826.71631 -160.64899
4829.40918 -161.34987
4832.10059 -167.44138
4834.79395 -165.73048
4837.48633 -129.14481
4840.17725 -165.05243
4842.86963 -160.65869
4845.55811 -166.65514
4848.25391 -169.88274
4850.94531 -163.59761
4853.63818 -129.23659
4856.33008 -163.30214
4859.02100 -160.60979
4861.71094 -161.00432
4864.40430 -173.30632
4867.09668 -162.25960
4869.78857 -129.82013
4872.48145 -161.60391
4875.17041 -160.16385
4877.86621 -158.46530
4880.55566 -176.68164
4883.24902 -161.14937
4885.93848 -130.44122
4888.63232 -160.93529
4891.32471 -160.80650
4894.01611 -162.14865
4896.70898 -175.14471
4899.40332 -160.18185
4902.09375 -130.76654
4904.78564 -160.19632
4907.47607 -161.07233
4910.16846 -158.69127
4912.85938 -169.47534
4915.55469 -159.39671
4918.24561 -131.30670
4920.93799 -159.11766
4923.62939 -161.35529
4926.31982 -156.80702
4929.01416 -166.61366
4931.70459 -158.95866
4934.39648 -132.13216
4937.08691 -158.95815
4939.78223 -163.05273
4942.47266 -160.25417
4945.16211 -164.13510
4947.85596 -158.69339
4950.54590 -132.01514
4953.24023 -158.67134
4955.93311 -163.73238
4958.62402 -157.77638
4961.31738 -162.85092
4964.00928 -158.41760
4966.70215 -131.95914
4969.39160 -158.23479
4972.08447 -165.22244
4974.77686 -156.45447
4977.46777 -161.50859
4980.16016 -158.47409
4982.85352 -132.10506
4985.54297 -158.67183
4988.23438 -168.10445
4990.92969 -160.08868
4993.62109 -160.51054
4996.31152 -158.63316
4999.00293 -131.22922
5001.69531 -158.59825
5004.38721 -169.63177
5007.08057 -157.78528
5009.77197 -159.92529
5012.46240 -158.77411
5015.15430 -130.77069
5017.84766 -158.62950
5020.54004 -176.89139
5023.23047 -157.10216
5025.92285 -159.25032
5028.61377 -159.32033
5031.30615 -130.54233
5034.00293 -159.61092
5036.69238 -182.60588
5039.38330 -161.31100
5042.07568 -159.05475
5044.77002 -159.82529
5047.45996 -129.88121
5050.15381 -159.90686
5052.84375 -179.16916
5055.53516 -158.91685
5058.22510 -158.98935
5060.91943 -160.58922
5063.60938 -129.50873
5066.30127 -160.35251
5068.99414 -173.02405
5071.68848 -158.68456
5074.37891 -158.40282
5077.07324 -161.49950
5079.76123 -129.73177
5082.45557 -161.95164
5085.14893 -168.14839
5087.83789 -164.27892
5090.53125 -159.03273
5093.22314 -162.30026
5095.91650 -129.07346
5098.60840 -162.85487
5101.29883 -167.39674
5103.99121 -161.29387
5106.68408 -159.52646
5109.37354 -163.62254
5112.06689 -129.29849
5114.75928 -163.43488
5117.45020 -165.26114
5120.14160 -161.00307
5122.83252 -159.95384
5125.52734 -165.00415
5128.21826 -129.66212
5130.91309 -165.82578
5133.60400 -164.06369
5136.29346 -169.31053
5138.98682 -161.06610
5141.67920 -165.78882
5144.37256 -129.57709
5147.06152 -166.75818
5149.75537 -163.87897
5152.44727 -164.78880
5155.13770 -161.60208
5157.83008 -167.65472
5160.52051 -130.10204
5163.21289 -167.27803
5165.90625 -162.90707
5168.60107 -164.27364
5171.28906 -162.08311
5173.98389 -169.11258
5176.67432 -130.80127
5179.36621 -169.73302
5182.06006 -162.65009
5184.75146 -174.26982
5187.43896 -163.75372
5190.13379 -169.44307
5192.82422 -130.98735
5195.51855 -171.33076
5198.20898 -162.66003
5200.90088 -169.75914
5203.59424 -164.70439
5206.28613 -170.82132
5208.97900 -132.01868
5211.67041 -169.57794
5214.36084 -162.29007
5217.05518 -166.38228
5219.74805 -165.27255
5222.43652 -171.55966
5225.13232 -132.80745
5227.82031 -171.04610
5230.51025 -162.77191
5233.20410 -173.68793
5235.89746 -165.80222
5238.59131 -171.25153
5241.28125 -132.93900
5243.97461 -171.74757
5246.66455 -163.04680
5249.35547 -172.16888
5252.04785 -167.17691
5254.74121 -171.74959
5257.43359 -134.34129
5260.12695 -170.47124
5262.81641 -162.60921
5265.50977 -166.75975
5268.20117 -166.98059
5270.89160 -172.28203
5273.58643 -134.25404
5276.27637 -172.05687
5278.96777 -163.43857
5281.66064 -173.97549
5284.35547 -166.79176
5287.04541 -172.36046
5289.73633 -134.84435
5292.42920 -171.99176
5295.12012 -164.11650
5297.81299 -170.71382
5300.50684 -166.91171
5303.19873 -173.63632
5305.88965 -135.25955
5308.58203 -172.17531
5311.27246 -162.84010
5313.96729 -166.75610
5316.65771 -167.48474
5319.34619 -172.96939
5322.04004 -134.39294
5324.73389 -173.79466
5327.42432 -164.68344
5330.11523 -179.30011
5332.80811 -166.69206
5335.50244 -172.60077
5338.19434 -135.12646
5340.88574 -171.57288
5343.57471 -163.74126
5346.27148 -167.10977
5348.96045 -166.92191
5351.65430 -172.07227
5354.34326 -134.65111
5357.03613 -170.45734
5359.72754 -162.79298
5362.42090 -165.56808
5365.11230 -167.79962
5367.80762 -170.06500
5370.49609 -134.28447
5373.18848 -170.55426
5375.87939 -164.12718
5378.57178 -172.68954
5381.26514 -168.36023
5383.95410 -169.24854
5386.65039 -134.86563
5389.34180 -168.09186
5392.03516 -162.15335
5394.72656 -163.18770
5397.41650 -169.85857
5400.10742 -167.05440
5402.80273 -134.71750
5405.49072 -166.80176
5408.18604 -162.22639
5410.87646 -163.71634
5413.56836 -172.32471
5416.26172 -165.99432
5418.95020 -134.69922
5421.64307 -165.85429
5424.33496 -163.16893
5427.03027 -166.38869
5429.72119 -171.23367
5432.41016 -164.81378
5435.10449 -136.10199
5437.79590 -164.43300
5440.48926 -162.58539
5443.18115 -160.73036
5445.87109 -172.50899
5448.56543 -163.82986
5451.25537 -135.90700
5453.94971 -163.69786
5456.64160 -163.28792
5459.33203 -162.01518
5462.02441 -169.57404
5464.71777 -163.07199
5467.40674 -136.25835
5470.09961 -163.23732
5472.79053 -163.53123
5475.48340 -163.60583
5478.17432 -168.35289
5480.86670 -162.61984
5483.56006 -137.80542
5486.25244 -162.38869
5488.94238 -163.62549
5491.63379 -159.35573
5494.32666 -167.86304
5497.01758 -162.18163
5499.71094 -137.41833
5502.40430 -162.42097
5505.09668 -164.37227
5507.78711 -161.13913
5510.47852 -165.98230
5513.16846 -161.76942
5515.86328 -137.47095
5518.55518 -162.09637
5521.24609 -164.55020
5523.93848 -162.81570
5526.62891 -165.08191
5529.32373 -161.94221
5532.01709 -137.98026
5534.70898 -161.79733
5537.40137 -165.76901
5540.09229 -159.01709
5542.78125 -163.70763
5545.47461 -162.01337
5548.16699 -137.13393
5550.85986 -162.10127
5553.55176 -169.42155
5556.24121 -161.90706
5558.93555 -163.44257
5561.62793 -162.31148
5564.31836 -136.11974
5567.00977 -162.77025
5569.70264 -172.19571
5572.39453 -163.10725
5575.08740 -162.27788
5577.77832 -162.74042
5580.46973 -136.19630
5583.16406 -162.72023
5585.85547 -171.84538
5588.54541 -159.91699
5591.23633 -162.12674
5593.92969 -163.45934
5596.62354 -134.92720
5599.31543 -163.71480
5602.00586 -173.13016
5604.70020 -164.01318
5607.39014 -161.71465
5610.08105 -164.26953
5612.77637 -134.51953
5615.46777 -164.83748
5618.15918 -172.69096
5620.85254 -164.94199
5623.54395 -161.28078
5626.23633 -165.61040
5628.92773 -134.45857
5631.61670 -165.63522
5634.31055 -172.63698
5637.00195 -161.87801
5639.69775 -162.03978
5642.38867 -167.19914
5645.08105 -133.96541
5647.77148 -167.57529
5650.46387 -168.22208
5653.15381 -168.16539
5655.84521 -162.39879
5658.53760 -168.81734
5661.23145 -133.61942
5663.92383 -170.22502
5666.61377 -167.43242
5669.30566 -169.30588
5671.99805 -162.46529
5674.69238 -171.75000
5677.38477 -134.11842
5680.07520 -171.34084
5682.76660 -166.90353
5685.45654 -165.29346
5688.15039 -163.62552
5690.83984 -175.17551
5693.53418 -133.85831
5696.22559 -176.98944
5698.91553 -165.83504
5701.61035 -172.28180
5704.30225 -164.03676
5706.99268 -179.68582
5709.68506 -134.27843
5712.38086 -189.42786
5715.06934 -164.79099
5717.76172 -175.65894
5720.45312 -164.97049
5723.14453 -182.65163
5725.83447 -135.07265
5728.52930 -187.59775
5731.22168 -165.31799
5733.91211 -170.05176
5736.60742 -165.14760
5739.29443 -178.84261
5741.98926 -135.27089
5744.68213 -175.61424
5747.37256 -164.30772
5750.06445 -168.72069
5752.75781 -166.75777
5755.44922 -175.93385
5758.14160 -136.59869
5760.83545 -174.02213
5763.52783 -164.98135
5766.21777 -175.96127
5768.90918 -167.32686
5771.60156 -173.14452
5774.29590 -137.72063
5776.98438 -172.83861
5779.67725 -164.47353
5782.36865 -170.73352
5785.06104 -168.48602
5787.75488 -171.17767
5790.44385 -138.72163
5793.13672 -169.60674
5795.82764 -164.31975
5798.52051 -165.31903
5801.21387 -169.63382
5803.90576 -170.19357
5806.59863 -140.32533
5809.28955 -169.69386
5811.98193 -165.35602
5814.67236 -172.82028
5817.36719 -168.41855
5820.05664 -169.59340
5822.74805 -142.53322
5825.43994 -169.76427
5828.13281 -166.26813
5830.82764 -168.29990
5833.51758 -167.32191
5836.20801 -169.51810
5838.90039 -144.05273
5841.59277 -167.80154
5844.28418 -165.49483
5846.97705 -164.34854
5849.66748 -166.53445
5852.35889 -168.78117
5855.05176 -147.02272
5857.74609 -169.35780
5860.43506 -166.74878
5863.12891 -174.28612
5865.82324 -165.79791
5868.51270 -168.89934
5871.20654 -148.81493
5873.89551 -169.23596
5876.58887 -166.94630
5879.27979 -166.61530
5881.97266 -166.79364
5884.66602 -169.60902
5887.35791 -150.21887
5890.04785 -168.50418
5892.74170 -166.55600
5895.43359 -164.78391
5898.12695 -165.07193
5900.81494 -169.95906
5903.51074 -150.49242
5906.19824 -170.82512
5908.89355 -168.37474
5911.58643 -179.59491
5914.27734 -165.12134
5916.96973 -169.46169
5919.65918 -149.97765
5922.35107 -170.23993
5925.04395 -167.23601
5927.73730 -165.46756
5930.42578 -165.34630
5933.11963 -170.98268
5935.81055 -150.72557
5938.50293 -170.29803
5941.19238 -167.90007
5943.88721 -166.83063
5946.58008 -164.73401
5949.27051 -170.51294
5951.96582 -149.83476
5954.65576 -171.89168
5957.34668 -167.19514
5960.03857 -174.91406
5962.73193 -165.62315
5965.42383 -171.33559
5968.11572 -149.04150
5970.80615 -170.30054
5973.49854 -167.31317
5976.19141 -164.86130
5978.88184 -165.48544
5981.57422 -170.07153
5984.26758 -148.19975
5986.95850 -170.89253
5989.65088 -168.57419
5992.34131 -168.72685
5995.03613 -164.98834
5997.72559 -170.17957
6000.41992 -147.03574
6003.11475 -171.32436
6005.80469 -167.27081
6008.49561 -169.73607
6011.18750 -165.09093
6013.87793 -170.06393
6016.57275 -144.99782
6019.26514 -169.37558
6021.95557 -168.19536
6024.64746 -164.43268
6027.33984 -164.28044
6030.03027 -169.99213
6032.72266 -143.02388
6035.41943 -170.48393
6038.10645 -168.91599
6040.79883 -170.96577
6043.49219 -164.10497
6046.18359 -169.42294
6048.87646 -141.40965
6051.56689 -170.06952
6054.25830 -169.02112
6056.95068 -168.19876
6059.64160 -165.06604
6062.33643 -169.87245
6065.02637 -139.72923
6067.71729 -169.31117
6070.41260 -172.60509
6073.10254 -164.54289
6075.79395 -164.06355
6078.48633 -170.14102
6081.17969 -137.99342
6083.87109 -170.89711
6086.56006 -168.87715
6089.25391 -171.92036
6091.94580 -163.60313
6094.63867 -170.60301
6097.33203 -137.27150
6100.02441 -171.43703
6102.71729 -168.68730
6105.40820 -169.70386
6108.09668 -163.61494
6110.79004 -171.47113
6113.48096 -135.93285
6116.17285 -170.83243
6118.86670 -168.53362
6121.55469 -165.62357
6124.25342 -163.57280
6126.94092 -172.39912
6129.63184 -135.06619
6132.32471 -172.25381
6135.02197 -166.85983
6137.70996 -170.52962
6140.40283 -163.80801
6143.09375 -172.62952
6145.78564 -134.51192
6148.47852 -173.29472
6151.17236 -165.94989
6153.86133 -174.08389
6156.55762 -163.90681
6159.24512 -173.43869
6161.93750 -133.82857
6164.63086 -172.07323
6167.32178 -164.58806
6170.01416 -165.77545
6172.70410 -164.77130
6175.39844 -172.07588
6178.09082 -133.67686
6180.78125 -170.97484
6183.47217 -163.71269
6186.16797 -167.46783
6188.85840 -165.27095
6191.54980 -169.74007
6194.24268 -133.42526
6196.93311 -170.32477
6199.62451 -163.75653
6202.31738 -174.60747
6205.01074 -166.20657
6207.70264 -168.30368
6210.39258 -133.33565
6213.08594 -167.81825
6215.77832 -163.78258
6218.47119 -164.30531
6221.15771 -168.29543
6223.85303 -166.67641
6226.54688 -133.38902
6229.23730 -165.83885
6231.92871 -162.13412
6234.62207 -163.62828
6237.31250 -169.91216
6240.00488 -165.24316
6242.70117 -133.80664
6245.39258 -165.21385
6248.08105 -162.28224
6250.77393 -168.04480
6253.46875 -174.90230
6256.15723 -164.13654
6258.85010 -133.89540
6261.54102 -163.77907
6264.23340 -162.78931
6266.92627 -161.80511
6269.62109 -182.71153
6272.30957 -162.83702
6275.00293 -134.55031
6277.69434 -162.48323
6280.38623 -162.12418
6283.07617 -161.16389
6285.77051 -178.99429
6288.45898 -162.30838
6291.15625 -135.05951
6293.84326 -162.19116
6296.53906 -162.87050
6299.22900 -164.15520
6301.91992 -176.98721
6304.61230 -161.53949
6307.30518 -135.64868
6309.99609 -161.31003
6312.68848 -162.77760
6315.38184 -159.96169
6318.07324 -171.16519
6320.76465 -161.06110
6323.45801 -136.36617
6326.14941 -160.59875
6328.84180 -163.67090
6331.53076 -159.85475
6334.22559 -167.61687
6336.91797 -160.77045
6339.61035 -136.86925
6342.30176 -160.73245
6344.99316 -165.32385
6347.68652 -162.63177
6350.37695 -164.98962
6353.06934 -160.58626
6355.76221 -136.79115
6358.45312 -160.33817
6361.14502 -165.47557
6363.83496 -159.31612
6366.52881 -164.29071
6369.22070 -160.28932
6371.90967 -136.99812
6374.60400 -160.09711
6377.29541 -167.18202
6379.98828 -159.35271
6382.67871 -163.20128
6385.37061 -160.63631
6388.06689 -136.86601
6390.75391 -160.81552
6393.45215 -171.99881
6396.13770 -162.38200
6398.83203 -162.22517
6401.52637 -160.65361
6404.21875 -135.81511
6406.90918 -160.80687
6409.60010 -172.92006
6412.28955 -159.98810
6414.98633 -161.58191
6417.67773 -161.03258
6420.37012 -135.41196
6423.05957 -160.81645
6425.75098 -178.37802
6428.44287 -160.36501
6431.13574 -161.35556
6433.82715 -161.47087
6436.51855 -134.94711
6439.20850 -161.94810
6441.90625 -184.51544
6444.59473 -163.79492
6447.29053 -160.80072
6449.97803 -162.01700
6452.66992 -134.06006
6455.36230 -162.35947
6458.05957 -174.61050
6460.74756 -161.40889
6463.44043 -160.37459
6466.13379 -162.74503
6468.82520 -133.59734
6471.51807 -162.78896
6474.20801 -170.18230
6476.89893 -162.27184
6479.59082 -160.09576
6482.28076 -163.58974
6484.97510 -133.54771
6487.67090 -164.11960
6490.35693 -167.96765
6493.05127 -167.41833
6495.74268 -160.53497
6498.43555 -164.32817
6501.12988 -132.92210
6503.81787 -164.74484
6506.51074 -166.76079
6509.20410 -164.34285
6511.89551 -161.56108
6514.58789 -165.42438
6517.28125 -133.14825
6519.97266 -165.47502
6522.66113 -165.73019
6525.35840 -164.08412
6528.04590 -162.21436
6530.73730 -166.16255
6533.43359 -133.20267
6536.12500 -166.44637
6538.81299 -164.09288
6541.50586 -170.41927
6544.19922 -162.96686
6546.89453 -166.28941
6549.58398 -133.12846
6552.27344 -166.25134
6554.96826 -164.03423
6557.65674 -167.33562
6560.35059 -164.84424
6563.04150 -166.35330
6565.73291 -133.65790
6568.42969 -165.64322
6571.12061 -162.88199
6573.80859 -164.18840
6576.50146 -165.46503
6579.19482 -166.54350
6581.88672 -134.26776
6584.57910 -166.11304
6587.27246 -162.37323
6589.96338 -167.26857
6592.65576 -167.69037
6595.34570 -165.42288
6598.03955 -134.46576
6600.72803 -165.38263
6603.42090 -162.80609
6606.11523 -167.46558
6608.80615 -170.37097
6611.49902 -164.45370
6614.19238 -135.57640
6616.88428 -164.33961
6619.57275 -162.46831
6622.26562 -162.71867
6624.95654 -173.94254
6627.64844 -164.45351
6630.34180 -136.56514
6633.03613 -163.93507
6635.72705 -163.07257
6638.41992 -164.93198
6641.10938 -185.95891
6643.80469 -163.72556
6646.49365 -137.15880
6649.18262 -163.87431
6651.87744 -164.21733
6654.56934 -165.49995
6657.26270 -180.95287
6659.95215 -163.07512
6662.64404 -139.06145
6665.33691 -162.93948
6668.03027 -163.47276
6670.72168 -161.78345
6673.41357 -174.73592
6676.10742 -163.07405
6678.79785 -140.03607
6681.48926 -162.97888
6684.18213 -164.01866
6686.87598 -163.97713
6689.56738 -171.39035
6692.25635 -162.76776
6694.95020 -141.21803
6697.64111 -163.18567
6700.33643 -165.11295
6703.02637 -164.91139
6705.71680 -170.22479
6708.41211 -162.70728
6711.10059 -143.53545
6713.79443 -162.50676
6716.48535 -165.91037
6719.17773 -161.63550
6721.87061 -167.59854
6724.56152 -163.02084
6727.25342 -144.87666
6729.94629 -163.04352
6732.63623 -168.27823
6735.32764 -164.63426
6738.02344 -167.03961
6740.71338 -163.07335
6743.40381 -144.18643
6746.09961 -163.47061
6748.78906 -167.86411
6751.48340 -165.29112
6754.17432 -165.75275
6756.86719 -163.28905
6759.55664 -146.14426
6762.25146 -163.08876
6764.93945 -169.31744
6767.63232 -162.21152
6770.32666 -165.06770
6773.01807 -163.83618
6775.71094 -145.34380
6778.40088 -164.06958
6781.09180 -171.83730
6783.78711 -166.23657
6786.47705 -165.71320
6789.17090 -164.18068
6791.86279 -143.90059
6794.55127 -164.10034
6797.24512 -171.71460
6799.93604 -165.65599
6802.62793 -164.85661
6805.32129 -164.59648
6808.01172 -144.17873
6810.70312 -164.48758
6813.39551 -174.39424
6816.08936 -163.42323
6818.78418 -164.34695
6821.47217 -165.21654
6824.16504 -143.66855
6826.85547 -165.40204
6829.55078 -176.89607
6832.23926 -168.20514
6834.92920 -163.95702
6837.62402 -165.22716
6840.31982 -142.22714
6843.00879 -165.12370
6845.69922 -173.31779
6848.39062 -165.77866
6851.08350 -164.07616
6853.77686 -166.21567
6856.46729 -142.54660
6859.15918 -165.23590
6861.85156 -175.07257
6864.54590 -164.24260
6867.23730 -163.92487
6869.92969 -166.02968
6872.61914 -141.16266
6875.31348 -166.67352
6878.00537 -173.43817
6880.69385 -170.09589
6883.38818 -163.02635
6886.07910 -165.90154
6888.77148 -140.06000
6891.46436 -166.06696
6894.15479 -172.44487
6896.85010 -165.01595
6899.54199 -162.94476
6902.23193 -166.80440
6904.92676 -139.90622
6907.61475 -165.83221
6910.30811 -174.85675
6912.99805 -164.87135
6915.68945 -162.63460
6918.38574 -166.58394
6921.07471 -138.32494
6923.76953 -166.78859
6926.45752 -171.57356
6929.14990 -170.99110
6931.84766 -162.69011
6934.53516 -166.49596
6937.22656 -137.86136
6939.92383 -166.75371
6942.61328 -171.57312
6945.30176 -164.60175
6947.99365 -162.47908
6950.68750 -166.95166
6953.37793 -136.93921
6956.07324 -166.95657
6958.76221 -171.14009
6961.45557 -165.76779
6964.14648 -162.25061
6966.83887 -166.80084
6969.53174 -135.97620
6972.22217 -167.09596
6974.91406 -168.58362
6977.60645 -171.06865
6980.29980 -162.82964
6982.99365 -166.95908
6985.68555 -135.64035
6988.37451 -166.94075
6991.06836 -167.46495
6993.75928 -165.23683
6996.45068 -162.81148
6999.14355 -167.20973
7001.83398 -134.96643
7004.52930 -166.78735
7007.21729 -165.97940
7009.91113 -165.47960
7012.60156 -162.61250
7015.29297 -166.76109
7017.98535 -134.42323
7020.67871 -167.39041
7023.37354 -165.66954
7026.06543 -172.09995
7028.75439 -163.24115
7031.44824 -166.70290
7034.13965 -134.29887
7036.83105 -166.67114
7039.52441 -164.67929
7042.21436 -165.43474
7044.90625 -163.79678
7047.59814 -166.46022
7050.29199 -134.03214
7052.98242 -165.67061
7055.67773 -163.25899
7058.36963 -164.46344
7061.05566 -163.80817
7063.75439 -165.74869
7066.44238 -133.89885
7069.13867 -165.39197
7071.82861 -164.02873
7074.51562 -169.84558
7077.21143 -165.48251
7079.90430 -164.97702
7082.59473 -134.22249
7085.28564 -165.17792
7087.97803 -162.98010
7090.67139 -164.26402
7093.36133 -167.62230
7096.05273 -164.64825
7098.74512 -133.96144
7101.43848 -163.96690
7104.12891 -162.13361
7106.82422 -162.56239
7109.51709 -169.35690
7112.20264 -163.72360
7114.89746 -134.42262
7117.58887 -163.41763
7120.28223 -162.49815
7122.97559 -166.47308
7125.66650 -171.41382
7128.35840 -163.27684
7131.05078 -134.90642
7133.74072 -162.78317
7136.43604 -162.38347
7139.12402 -162.78946
7141.82080 -175.49185
7144.51123 -162.61452
7147.20215 -135.17911
7149.89453 -162.12564
7152.58740 -161.81050
7155.27783 -160.90787
7157.97314 -181.01872
7160.66113 -161.90382
7163.35449 -135.93958
7166.04492 -161.97791
7168.74023 -162.69453
7171.42871 -164.16031
7174.11816 -182.42950
7176.81201 -161.59773
7179.50781 -136.77287
7182.19678 -161.69144
7184.89014 -162.99767
7187.58398 -161.48218
7190.27588 -176.74820
7192.96436 -161.44026
7195.65820 -137.36369
7198.34912 -161.13713
7201.04443 -163.83856
7203.73291 -160.27455
7206.42285 -170.73586
7209.11719 -161.27519
7211.80908 -138.45372
7214.50195 -161.27072
7217.19531 -165.10527
7219.88672 -163.68790
7222.57812 -168.40799
7225.27100 -161.02838
7227.96094 -139.39816
7230.65527 -161.33838
7233.34717 -164.77396
7236.03564 -161.12030
7238.72998 -166.96590
7241.42480 -161.30963
7244.11230 -139.63351
7246.80566 -161.11229
7249.49951 -166.48329
7252.18994 -160.45680
7254.88232 -166.07854
7257.57080 -161.48740
7260.26855 -140.77092
7262.95508 -161.73117
7265.64746 -169.80717
7268.34033 -164.48694
7271.03418 -164.97014
7273.72510 -161.64017
7276.41650 -140.92973
7279.10938 -161.84622
7281.79932 -170.22679
7284.49463 -161.88116
7287.18652 -163.05885
7289.87891 -162.33681
7292.56445 -140.71812
7295.25977 -162.26759
7297.95166 -173.62993
7300.64453 -161.80048
7303.33447 -162.88916
7306.03271 -162.94395
7308.72070 -140.70149
7311.41357 -163.37512
7314.10693 -178.15216
7316.79785 -167.10623
7319.48975 -163.09598
7322.18262 -163.56473
7324.87256 -140.73709
7327.56299 -163.92610
7330.25439 -176.31490
7332.94727 -163.58476
7335.64062 -163.38617
7338.33105 -164.84181
7341.02734 -139.98262
7343.71973 -164.61967
7346.40918 -178.86653
7349.10400 -164.69904
7351.79492 -163.21548
7354.48340 -165.89116
7357.17725 -140.22450
7359.86768 -166.43588
7362.56299 -174.53452
7365.25586 -171.73892
7367.94482 -163.54279
7370.63525 -167.34618
7373.33057 -139.96727
7376.01855 -167.76019
7378.71191 -171.68663
7381.40625 -166.83772
7384.09277 -163.94470
7386.78955 -169.84174
7389.48242 -140.04993
7392.17285 -169.60567
7394.86377 -170.17155
7397.55566 -169.10732
7400.24902 -164.18201
7402.93896 -171.18159
7405.63379 -140.56287
7408.32568 -172.58238
7411.01855 -168.42561
7413.70410 -184.14339
7416.39893 -164.73395
7419.09082 -174.05374
7421.78320 -140.78477
7424.47266 -174.35881
7427.16357 -168.64088
7429.85889 -171.71251
7432.55176 -166.09187
7435.24512 -178.60498
7437.93945 -141.04051
7440.62695 -177.78653
7443.31934 -167.60776
7446.01270 -176.47809
7448.70654 -165.45432
7451.39404 -183.69952
7454.08984 -142.21815
7456.77930 -191.39011
7459.47314 -167.45699
7462.16406 -176.07939
7464.85156 -167.47997
7467.54883 -186.22961
7470.23877 -142.95506
7472.92969 -187.45854
7475.62549 -168.35562
7478.31348 -177.73306
7481.00781 -169.24283
7483.69824 -182.54066
7486.39355 -143.49985
7489.08203 -180.62401
7491.77539 -167.76027
7494.46582 -174.35378
7497.15723 -167.32411
7499.85352 -179.55605
7502.54199 -145.53452
7505.23633 -177.42070
7507.92725 -167.77034
7510.61963 -171.03984
7513.31250 -169.32248
7516.00195 -176.07953
7518.69238 -145.68153
7521.38867 -176.69589
7524.08154 -167.48640
7526.77051 -184.70747
7529.46533 -169.66156
7532.15283 -174.96407
7534.84473 -147.14130
7537.54199 -173.99130
7540.23242 -167.13336
7542.91943 -171.36603
7545.61572 -169.69475
7548.30859 -174.70576
7550.99854 -147.73462
7553.68945 -173.53999
7556.38135 -168.13179
7559.07422 -170.33353
7561.76758 -169.37840
7564.45801 -174.22075
7567.14941 -147.24944
7569.84180 -174.12665
7572.53516 -168.43250
7575.22510 -192.66043
7577.92041 -169.70911
7580.60840 -172.54900
7583.30127 -147.98755
7585.99561 -172.37468
7588.69092 -167.06395
7591.37793 -169.98148
7594.07129 -169.08778
7596.76025 -173.53810
7599.45508 -146.87389
7602.14600 -172.13660
7604.83447 -168.54614
7607.53174 -172.46336
7610.22217 -170.12549
7612.91699 -172.72656
7615.60938 -147.73871
7618.29785 -173.54213
7620.99170 -167.82089
7623.67773 -177.57144
7626.37793 -169.29886
7629.06641 -171.65163
7631.75977 -148.14102
7634.45020 -170.80243
7637.14551 -167.14017
7639.83789 -168.82599
7642.53027 -168.71474
7645.21680 -171.42361
7647.90723 -148.22275
7650.60303 -170.85683
7653.29150 -168.60785
7655.98926 -176.11858
7658.67578 -169.32884
7661.37158 -171.11917
7664.05957 -150.02168
7666.75244 -170.80177
7669.44629 -168.56395
7672.13770 -170.63377
7674.82910 -169.05632
7677.52197 -169.83095
7680.21191 -151.89159
7682.90625 -169.19421
7685.59766 -168.76663
7688.29053 -167.55460
7690.98340 -168.81996
7693.67285 -169.28854
7696.36816 -154.13780
7699.05664 -169.49170
7701.74902 -169.89967
7704.43848 -174.79597
7707.13330 -167.70125
7709.82471 -168.67807
7712.51709 -160.51776
7715.21045 -168.31445
7717.90479 -170.07178
7720.59570 -168.07370
7723.28711 -166.66318
7725.97607 -168.23628
7728.66992 -158.69218
7731.36475 -167.59630
7734.05176 -169.89517
7736.74365 -166.64854
7739.43750 -166.63652
7742.13135 -167.39346
7744.82227 -155.24280
7747.51416 -168.34128
7750.20703 -171.94754
7752.89600 -172.39442
7755.59082 -166.03969
7758.28223 -167.33014
7760.97461 -148.79900
7763.66309 -167.39357
7766.35742 -174.26660
7769.04834 -166.70294
7771.74023 -165.80521
7774.43262 -168.14882
7777.12646 -146.56807
7779.81641 -167.24402
7782.50781 -173.38298
7785.19971 -167.02861
7787.89258 -164.97003
7790.58203 -167.18195
7793.27734 -144.74902
7795.96875 -167.59572
7798.66162 -175.13371
7801.35059 -172.86125
7804.04492 -163.87965
7806.74023 -167.35565
7809.42773 -142.63072
7812.12012 -168.18520
7814.81445 -174.39543
7817.50488 -167.06323
7820.19580 -163.73151
7822.88818 -168.40585
7825.58154 -141.37904
7828.27148 -167.83438
7830.96191 -172.09818
7833.65771 -168.04539
7836.34668 -163.75639
7839.04004 -169.09277
7841.73389 -140.58028
7844.42480 -168.91998
7847.11719 -170.99763
7849.80566 -175.57339
7852.49951 -163.72954
7855.18994 -169.18837
7857.88574 -139.33620
7860.57373 -169.52051
7863.26660 -170.91968
7865.96143 -168.76163
7868.65186 -164.34721
7871.34326 -169.51735
7874.03613 -138.99040
7876.72949 -169.25797
7879.41943 -167.80481
7882.11035 -168.35504
7884.80664 -163.86740
7887.49512 -170.70755
7890.18945 -138.78162
7892.87988 -170.23708
7895.57080 -166.59625
7898.26709 -178.73637
7900.95605 -164.43364
7903.64551 -170.81807
7906.34033 -138.01837
7909.03223 -170.98610
7911.72461 -166.80122
7914.41797 -170.91721
7917.10742 -165.53101
7919.79883 -169.55986
7922.49023 -138.36150
7925.18750 -169.16347
7927.87646 -165.62068
7930.56689 -167.65672
7933.26221 -166.29988
7935.94971 -169.90721
7938.64258 -138.46645
7941.33691 -169.49612
7944.02734 -164.66266
7946.72266 -172.20645
7949.41455 -168.65195
7952.10352 -168.54807
7954.79736 -138.61984
7957.48779 -168.76062
7960.18359 -165.26958
7962.87158 -170.96207
7965.56543 -170.24371
7968.25488 -167.51309
7970.94971 -139.26979
7973.64160 -166.98520
7976.32910 -165.44383
7979.02295 -165.62646
7981.71777 -172.54405
7984.40869 -167.35854
7987.10010 -139.99750
7989.79248 -167.00903
7992.48633 -165.09712
7995.17627 -168.43983
7997.86719 -175.50206
8000.55957 -166.15361
8003.24756 -140.47787
8005.94629 -166.67270
8008.63672 -165.39803
8011.32764 -168.84468
8014.01904 -181.21585
8016.71289 -165.37709
8019.40625 -142.21617
8022.09668 -165.00182
8024.78809 -165.04796
8027.47998 -164.26013
8030.16895 -190.34373
8032.86230 -165.72969
8035.55273 -143.46213
8038.24902 -165.23044
8040.93701 -165.69424
8043.62988 -166.80589
8046.32373 -178.81148
8049.01465 -164.84196
8051.70605 -144.77525
8054.39893 -165.26733
8057.09180 -166.93295
8059.78125 -167.18172
8062.47656 -173.11833
8065.16357 -165.15176
8067.86084 -147.95366
8070.54932 -164.66385
8073.23926 -167.71329
8075.93018 -164.33144
8078.62598 -170.66791
8081.31836 -165.23795
8084.01172 -150.02316
8086.70166 -165.20103
8089.39258 -168.16379
8092.08447 -166.82565
8094.78076 -168.59555
8097.46582 -165.18802
8100.16016 -150.82457
8102.85107 -165.67371
8105.54688 -169.80162
8108.23486 -168.03691
8110.92822 -168.03673
8113.62256 -166.16718
8116.31348 -152.28708
8119.00488 -165.35515
8121.69824 -170.40552
8124.39160 -164.75436
8127.08105 -167.28761
8129.77148 -166.43869
8132.46826 -151.52905
8135.15625 -166.62675
8137.84961 -173.02847
8140.54395 -169.87791
8143.23486 -166.21909
8145.92676 -167.32118
8148.61426 -148.33334
8151.31250 -168.04222
8154.00195 -170.64763
8156.69336 -170.30566
8159.38916 -166.49814
8162.08203 -168.92867
8164.77051 -147.43788
8167.46533 -168.56241
8170.15576 -171.93152
8172.84277 -167.82719
8175.53955 -166.33775
8178.23291 -169.86151
8180.92285 -146.95473
8183.61816 -170.64690
8186.30469 -172.45218
8188.99707 -175.42754
8191.68652 -166.29860
8194.38086 -171.77187
8197.07520 -145.71515
8199.76660 -173.38945
8202.45508 -169.78276
8205.14746 -174.23489
8207.84180 -166.98613
8210.53320 -174.73836
8213.22363 -145.87627
8215.91992 -174.18745
8218.60938 -170.60255
8221.30273 -173.45851
8223.99316 -166.98312
8226.68555 -177.30400
8229.37695 -146.57523
8232.06543 -179.30035
8234.76367 -170.35034
8237.45410 -183.63583
8240.14551 -167.63368
8242.83789 -179.97711
8245.52637 -146.01915
8248.21973 -178.83138
8250.91406 -168.35437
8253.60059 -171.56343
8256.30176 -169.34430
8258.99023 -178.18597
8261.68359 -148.21959
8264.37402 -177.51015
8267.06934 -169.19589
8269.76074 -179.03639
8272.44922 -168.97900
8275.13770 -175.97809
8277.83203 -149.70929
8280.52246 -175.34909
8283.21875 -168.36102
8285.91113 -170.58676
8288.59961 -169.79860
8291.29492 -173.87312
8293.98926 -150.99184
8296.67578 -173.11209
8299.37305 -169.71637
8302.06152 -168.07480
8304.75098 -169.87483
8307.44141 -171.78641
8310.13770 -154.84271
8312.82910 -171.54768
8315.52246 -169.86163
8318.21191 -173.48747
8320.90137 -168.01280
8323.59668 -170.56226
8326.28906 -161.89708
8328.98242 -170.89314
8331.67090 -169.57909
8334.36523 -167.24313
8337.05566 -168.74690
8339.74707 -170.03458
8342.44043 -156.37512
8345.13379 -169.82312
8347.82324 -170.10916
8350.51367 -166.24306
8353.20508 -167.74319
8355.90234 -169.27565
8358.59082 -151.12294
8361.28418 -169.79407
8363.97949 -172.17609
8366.67090 -171.31349
8369.35742 -166.55045
8372.05078 -169.07378
8374.74414 -148.93558
8377.43945 -168.74330
8380.12988 -171.84708
8382.81641 -166.40158
8385.51465 -166.04138
8388.20312 -169.53015
8390.89746 -146.92587
8393.58789 -169.48033
8396.27930 -170.41020
8398.97168 -166.80940
8401.66504 -166.12589
8404.35449 -169.36621
8407.04883 -144.22739
8409.74023 -170.90739
8412.43262 -170.75880
8415.12109 -172.31900
8417.81445 -166.06645
8420.50879 -170.13142
8423.20020 -143.75731
8425.89160 -170.17709
8428.58398 -174.18723
8431.27734 -167.27559
8433.96680 -165.49434
8436.65820 -171.39882
8439.35352 -142.50012
8442.04102 -171.07982
8444.73438 -172.97305
8447.42383 -169.24930
8450.12305 -165.86115
8452.81348 -172.46832
8455.50098 -141.70706
8458.19434 -174.35156
8460.88770 -170.61418
8463.57715 -177.53841
8466.27246 -166.87584
8468.96387 -175.23369
8471.65625 -141.55740
8474.34961 -175.60820
8477.03906 -169.86772
8479.73438 -170.27502
8482.42090 -167.86815
8485.11719 -178.60355
8487.80469 -141.19440
8490.49902 -177.06230
8493.19336 -168.62257
8495.88477 -171.55534
8498.57617 -167.55536
8501.26855 -179.69350
8503.95703 -141.09570
8506.65137 -184.45509
8509.34180 -168.22749
8512.03711 -185.11240
8514.72949 -167.82173
8517.41797 -182.22050
8520.11133 -141.79097
8522.80176 -188.10966
8525.49219 -169.14478
8528.18359 -175.65112
8530.87598 -169.29324
8533.56934 -180.69073
8536.26367 -142.02780
8538.95410 -179.59206
8541.64941 -167.75002
8544.34180 -172.26077
8547.03027 -170.97481
8549.72363 -179.78247
8552.41309 -142.66745
8555.10840 -176.26534
8557.79590 -167.61354
8560.48828 -173.47003
8563.18555 -171.46478
8565.87500 -174.63127
8568.57031 -144.16527
8571.25684 -174.91040
8573.94922 -169.20509
8576.64160 -186.94429
8579.33496 -172.83289
8582.02539 -172.71896
8584.72070 -144.93509
8587.41113 -172.75008
8590.09961 -168.40520
8592.79688 -169.86261
8595.48633 -172.31818
8598.18164 -172.19249
8600.86719 -147.56972
8603.56348 -170.22289
8606.25195 -168.11757
8608.94531 -170.10925
8611.63965 -171.39763
8614.33008 -170.80553
8617.02148 -149.72968
8619.71387 -171.32832
8622.40625 -169.97891
8625.09570 -177.93977
8627.79004 -171.16486
8630.48047 -170.08632
8633.17676 -153.19731
8635.87012 -170.49751
8638.55371 -169.22879
8641.25195 -168.51138
8643.94238 -169.65942
8646.63281 -170.75465
8649.32520 -161.25670
8652.01758 -169.24107
8654.71094 -170.56480
8657.40137 -169.19884
8660.09668 -168.57230
8662.78711 -170.47162
8665.47461 -156.57298
8668.16797 -170.53423
8670.86133 -170.98224
8673.55176 -177.88728
8676.24707 -167.97318
8678.93848 -169.99844
8681.63086 -154.23917
8684.32422 -170.44214
8687.01367 -171.68022
8689.70410 -168.54863
8692.39453 -167.79836
8695.09180 -171.75171
8697.78418 -149.73039
8700.47266 -170.28471
8703.16699 -173.02809
8705.85742 -171.06091
8708.54883 -167.16463
8711.24023 -172.22972
8713.93359 -147.86426
8716.62207 -173.23167
8719.31738 -170.54735
8722.00781 -180.99791
8724.70312 -165.69139
8727.39062 -173.27921
8730.08398 -146.54996
8732.77734 -173.86938
8735.46777 -170.91359
8738.15820 -171.50754
8740.85547 -166.07867
8743.54297 -175.42728
8746.24023 -144.75366
8748.92969 -175.03595
8751.62012 -171.23683
8754.31055 -174.87994
8757.00293 -166.99609
8759.69922 -177.70917
8762.38867 -144.71170
8765.08203 -180.10562
8767.77246 -169.01138
8770.46387 -183.14166
8773.15527 -166.60402
8775.84863 -179.34430
8778.54199 -144.13760
8781.23145 -181.74460
8783.92188 -169.53577
8786.61816 -178.91644
8789.30957 -167.07916
8791.99805 -181.52904
8794.69141 -143.79636
8797.38184 -180.61522
8800.07715 -167.50912
8802.76758 -174.88828
8805.45508 -168.82817
8808.14844 -180.94728
8810.84180 -144.25380
8813.53613 -177.29427
8816.22754 -166.92122
8818.91797 -172.90048
8821.61035 -169.85583
8824.30371 -175.54468
8826.99805 -144.88783
8829.69238 -176.42149
8832.37891 -167.12598
8835.06934 -185.43736
8837.76660 -171.78990
8840.45996 -173.39221
8843.14941 -145.12361
8845.83887 -172.46843
8848.53418 -167.18671
8851.22168 -169.96306
8853.91797 -173.08676
8856.60742 -173.18938
8859.30078 -146.94254
8861.99121 -171.50655
8864.68164 -167.25412
8867.37793 -169.16428
8870.07031 -175.11264
8872.76367 -170.53209
8875.45312 -147.87527
8878.14258 -170.74440
8880.83887 -167.41389
8883.52539 -174.32388
8886.22266 -175.58015
8888.91113 -169.55154
8891.60547 -149.86980
8894.29980 -169.27568
8896.98633 -167.45125
8899.68262 -167.69981
8902.37012 -173.15466
8905.06348 -169.57225
8907.75781 -154.49881
8910.44727 -169.22649
8913.13867 -168.89845
8915.83008 -167.59909
8918.52734 -173.03481
8921.21484 -168.54843
8923.90430 -157.53186
8926.59961 -169.05615
8929.29004 -170.43851
8931.98145 -172.12224
8934.67383 -170.51939
8937.36719 -168.53893
8940.06152 -158.30592
8942.75195 -168.32094
8945.44238 -170.32329
8948.13867 -167.06474
8950.82617 -169.59477
8953.52441 -168.93976
8956.20898 -155.18329
8958.90332 -169.02336
8961.59375 -171.46025
8964.29004 -167.62984
8966.97754 -169.68767
8969.67090 -168.36624
8972.36426 -151.90222
8975.05469 -169.19833
8977.74512 -171.82547
8980.44141 -173.35576
8983.13379 -168.60303
8985.82227 -169.46544
8988.51074 -149.13547
8991.20508 -169.79301
8993.90039 -172.38110
8996.59277 -168.58624
8999.28418 -167.81180
9001.97754 -170.44139
9004.67090 -147.07921
9007.35547 -170.66385
9010.05078 -173.44124
9012.74707 -170.48279
9015.43359 -167.29880
9018.12695 -170.95039
9020.81543 -146.52284
9023.50977 -171.85139
9026.20020 -173.22459
9028.89648 -178.39876
9031.58789 -166.73677
9034.27637 -173.29243
9036.96973 -145.14551
9039.66406 -173.66090
9042.35938 -172.43642
9045.04492 -172.05882
9047.74219 -168.85785
9050.42871 -174.82330
9053.12305 -144.36746
9055.81152 -175.76639
9058.50684 -172.09785
9061.19727 -175.59436
9063.88867 -168.05212
9066.58105 -177.98535
9069.27930 -144.49057
9071.96875 -181.05023
9074.65820 -169.71884
9077.34863 -185.58160
9080.04004 -167.27817
9082.73242 -184.12242
9085.42480 -144.02196
9088.11914 -183.30396
9090.81348 -169.75743
9093.50391 -182.08601
9096.19043 -169.28687
9098.88672 -192.88356
9101.57422 -144.27888
9104.27344 -198.51843
9106.95703 -169.65399
9109.65234 -176.87747
9112.34375 -170.03587
9115.03516 -187.62805
9117.72754 -144.70171
9120.42090 -180.60002
9123.11523 -169.40309
9125.80469 -173.79610
9128.50098 -169.16083
9131.19238 -179.30119
9133.87988 -145.22119
9136.57812 -179.33675
9139.26660 -169.71158
9141.96094 -182.88115
9144.64648 -173.66125
9147.34277 -175.93822
9150.03516 -145.94446
9152.72266 -176.42776
9155.41602 -169.13165
9158.11133 -171.13733
9160.80078 -173.04939
9163.49219 -173.94746
9166.18359 -147.55962
9168.87598 -173.10190
9171.57422 -167.83302
9174.26367 -169.74493
9176.95410 -173.58984
9179.64941 -172.54593
9182.34082 -148.22011
9185.02832 -172.48543
9187.72070 -169.29227
9190.41504 -174.60777
9193.10449 -174.08046
9195.79492 -171.37598
9198.48535 -150.35516
9201.18262 -170.70917
9203.87012 -168.74493
9206.56934 -168.30220
9209.25879 -171.93198
9211.95312 -171.03842
9214.64453 -153.04829
9217.33594 -170.64793
9220.02344 -169.63463
9222.71582 -167.93071
9225.41016 -174.33191
9228.10449 -170.04402
9230.79004 -155.13077
9233.48633 -170.82600
9236.17871 -169.91151
9238.86621 -172.63609
9241.56055 -171.00240
9244.25391 -170.28900
9246.94922 -155.89799
9249.63477 -169.67021
9252.32617 -169.88321
9255.01953 -167.14003
9257.71289 -169.81262
9260.40625 -170.09068
9263.09668 -157.53004
9265.79199 -169.62126
9268.47754 -171.38239
9271.17480 -167.81107
9273.86328 -170.69928
9276.56152 -170.22664
9279.25098 -154.38338
9281.93555 -170.38129
9284.63184 -171.87157
9287.32324 -172.10602
9290.01562 -169.25969
9292.70898 -170.25935
9295.39844 -152.25629
9298.09277 -170.25716
9300.78320 -172.66246
9303.47949 -167.11340
9306.17188 -169.29349
9308.86426 -171.23686
9311.55273 -151.54543
9314.24219 -170.89413
9316.93750 -174.04001
9319.62793 -169.26144
9322.31934 -167.73763
9325.01758 -170.82875
9327.70508 -149.97693
9330.39844 -171.36563
9333.08789 -173.94836
9335.78320 -172.59125
9338.46973 -167.92462
9341.16699 -171.40720
9343.85449 -148.73665
9346.54785 -171.96635
9349.24219 -172.97102
9351.93164 -167.89777
9354.62207 -168.07854
9357.31836 -172.75131
9360.00586 -148.42458
9362.69922 -172.21161
9365.39258 -174.03407
9368.08691 -172.17105
9370.77734 -167.57317
9373.46777 -172.10280
9376.16016 -147.40576
9378.85156 -172.98799
9381.54492 -173.42990
9384.23926 -172.16917
9386.92871 -167.61142
9389.61914 -173.02467
9392.31055 -146.51746
9395.00195 -172.80988
9397.69434 -176.82825
9400.38867 -169.08798
9403.07715 -168.12816
9405.77246 -173.69260
9408.46289 -146.78670
9411.15430 -174.38371
9413.84668 -174.77762
9416.53906 -175.14082
9419.23340 -167.35150
9421.92773 -172.67984
9424.61816 -145.57774
9427.30859 -173.54543
9430.00000 -172.37123
9432.69238 -172.37541
9435.38574 -167.48009
9438.07910 -173.48380
9440.76953 -145.21486
9443.45898 -173.37340
9446.15039 -173.80806
9448.84180 -170.82172
9451.53418 -166.62206
9454.22754 -174.38382
9456.92188 -144.65962
9459.61133 -175.11034
9462.30273 -172.90361
9464.99805 -178.16078
9467.68457 -167.07657
9470.38281 -173.78745
9473.07715 -143.80962
9475.76074 -174.82170
9478.45508 -173.51508
9481.14648 -173.29543
9483.83691 -168.28152
9486.52930 -175.14761
9489.22266 -143.53471
9491.91113 -174.94536
9494.61035 -171.84186
9497.29492 -171.62346
9499.99609 -166.88020
9502.68262 -176.58786
9505.37500 -142.86102
9508.06738 -177.29453
9510.75586 -171.16083
9513.45117 -179.65526
9516.14062 -166.81386
9518.83691 -175.03995
9521.52832 -142.40421
9524.21582 -177.13969
9526.90820 -170.49771
9529.60254 -176.39163
9532.29688 -168.35835
9534.98730 -176.84897
9537.68359 -142.12196
9540.37500 -175.83165
9543.06250 -170.41713
9545.75586 -172.21703
9548.44922 -167.58582
9551.13379 -178.01820
9553.82910 -141.83821
9556.52051 -177.42641
9559.21777 -166.88739
9561.90430 -176.03802
9564.60352 -167.77267
9567.29199 -175.76617
9569.98145 -141.66476
9572.67676 -175.53792
9575.36816 -167.16380
9578.05957 -175.75102
9580.74707 -170.46300
9583.44043 -174.67928
9586.13477 -141.82695
9588.82422 -173.78299
9591.51953 -167.25562
9594.20508 -169.13875
9596.90234 -171.24026
9599.59473 -173.53258
9602.28809 -141.50352
9604.97754 -172.23056
9607.67188 -167.23257
9610.36230 -170.24791
9613.05371 -172.03162
9615.74512 -170.59918
9618.43848 -141.94131
9621.13086 -171.12567
9623.82031 -166.81247
9626.51465 -171.41444
9629.20508 -175.43321
9631.89648 -169.41753
9634.58789 -142.44121
9637.28125 -169.19087
9639.97363 -166.97641
9642.66309 -166.12581
9645.36230 -179.92537
9648.05273 -169.10031
9650.74414 -142.54253
9653.43555 -168.09286
9656.12891 -166.28140
9658.81641 -166.84752
9661.51074 -184.83513
9664.20508 -166.88129
9666.89551 -143.38237
9669.58691 -167.53098
9672.27832 -166.34846
9674.96484 -167.94107
9677.66406 -184.61504
9680.35254 -166.19145
9683.04785 -143.99844
9685.73730 -166.06409
9688.42871 -166.87576
9691.12012 -163.86575
9693.81738 -179.01994
9696.50586 -165.96776
9699.19434 -144.34633
9701.88867 -165.29935
9704.57910 -168.01384
9707.27539 -164.80296
9709.96191 -173.22682
9712.65820 -165.11119
9715.34668 -144.72430
9718.04102 -165.55983
9720.73438 -168.68758
9723.42578 -165.88676
9726.11523 -169.98341
9728.80762 -164.50574
9731.50000 -144.87920
9734.18750 -164.56490
9736.88574 -170.05801
9739.57520 -163.12752
9742.27051 -168.43361
9744.96094 -164.62900
9747.65234 -143.90129
9750.34375 -164.21645
9753.03711 -171.25343
9755.72461 -163.92859
9758.42480 -166.05043
9761.11426 -164.49214
9763.80469 -143.42276
9766.50195 -164.67932
9769.18750 -173.55806
9771.88086 -165.44411
9774.57422 -165.78748
9777.26270 -164.27531
9779.95703 -142.55278
9782.64746 -164.48083
9785.33887 -179.52046
9788.03613 -163.02338
9790.72266 -164.96724
9793.41602 -164.78151
9796.10449 -141.46037
9798.79980 -164.27400
9801.49512 -186.02135
9804.18555 -163.66191
9806.87695 -163.93263
9809.56934 -164.73988
9812.25684 -140.51083
9814.95020 -164.97093
9817.64551 -183.73766
9820.34082 -166.23853
9823.03125 -163.84500
9825.71680 -165.04677
9828.41406 -140.02574
9831.10156 -165.29924
9833.79492 -181.10181
9836.48926 -163.94537
9839.17871 -163.67844
9841.87402 -165.76099
9844.56543 -138.97900
9847.25781 -165.66344
9849.95020 -174.63849
9852.64355 -164.58029
9855.33203 -163.63730
9858.02637 -165.92120
9860.71680 -138.56474
9863.40723 -166.26003
9866.09961 -171.70862
9868.79102 -167.50096
9871.48438 -163.94150
9874.17773 -166.17474
9876.86719 -138.24359
9879.55664 -166.41377
9882.24707 -168.54912
9884.94922 -165.14384
9887.64160 -164.54187
9890.32812 -166.41211
9893.02148 -137.80333
9895.71680 -166.33560
9898.40625 -167.09428
9901.09570 -164.80702
9903.79199 -165.31509
9906.47363 -166.65674
9909.17090 -137.64377
9911.86426 -166.63177
9914.55273 -166.39279
9917.24707 -168.45195
9919.94238 -165.75749
9922.63281 -165.94757
9925.32422 -137.59056
9928.01660 -166.54333
9930.70898 -166.24698
9933.39746 -165.13173
9936.09180 -166.15163
9938.78711 -165.68599
9941.47656 -137.45251
9944.16797 -165.52406
9946.85938 -164.95740
9949.55176 -163.96021
9952.24512 -167.52815
9954.93359 -165.88939
9957.62793 -137.70987
9960.31836 -165.00282
9963.01367 -164.28207
9965.70508 -166.30316
9968.39746 -169.71182
9971.08496 -164.44084
9973.77832 -137.98143
9976.47266 -164.66823
9979.16211 -164.66884
9981.85742 -164.09637
9984.54883 -172.14195
9987.24023 -163.76840
9989.93262 -138.03259
9992.62598 -163.62619
9995.31445 -163.81367
9998.00391 -162.29128
10000.69922 -174.56773
10003.38965 -163.86458
10006.08594 -138.63474
10008.77832 -163.21832
10011.47070 -164.58939
10014.15918 -164.14832
10016.85352 -177.44429
10019.54199 -162.86790
10022.23242 -138.87637
10024.92383 -162.77931
10027.62012 -164.84045
10030.31250 -162.40907
10033.00000 -175.60762
10035.69434 -162.52910
10038.38281 -139.21342
10041.07812 -162.21002
10043.77344 -164.72443
10046.46484 -161.23045
10049.15723 -173.63130
10051.84375 -162.29129
10054.53711 -139.73625
10057.23145 -162.14792
10059.92090 -165.79581
10062.61621 -162.68185
10065.30664 -171.38672
10067.99805 -161.58871
10070.68945 -140.09607
10073.38770 -161.93661
10076.07617 -165.93219
10078.76465 -161.52217
10081.45410 -168.81593
10084.14941 -161.81654
10086.84082 -140.16794
10089.53809 -161.48521
10092.22461 -167.15094
10094.91797 -160.86076
10097.61133 -167.08598
10100.30566 -161.82730
10102.99023 -140.70355
10105.68555 -161.71873
10108.37695 -168.68843
10111.06836 -162.53966
10113.76074 -165.82118
10116.45410 -161.54826
10119.14844 -140.58617
10121.83691 -161.97299
10124.53223 -170.10625
10127.22266 -161.47176
10129.91406 -165.02371
10132.60645 -161.84184
10135.29883 -140.46303
10137.98633 -161.71759
10140.68066 -171.59975
10143.37598 -161.15823
10146.06543 -164.73981
10148.75586 -162.11400
10151.44727 -140.54825
10154.13965 -162.24123
10156.83203 -176.08665
10159.52539 -163.23323
10162.22070 -163.95477
10164.91504 -162.16563
10167.60547 -140.37225
10170.29590 -162.55688
10172.98242 -180.35962
10175.67969 -162.36920
10178.37305 -162.96809
10181.06055 -162.71294
10183.75488 -140.17642
10186.44434 -162.92673
10189.13965 -184.85905
10191.82520 -162.35640
10194.52246 -163.90439
10197.21484 -163.32744
10199.90234 -140.18571
10202.60156 -163.50253
10205.29102 -185.04230
10207.98047 -164.80057
10210.66992 -163.49800
10213.36719 -163.74071
10216.05273 -139.96059
10218.75098 -163.85117
10221.43848 -183.93326
10224.13867 -163.52173
10226.82715 -162.95338
10229.51660 -164.39816
10232.20703 -139.80467
10234.89844 -164.46075
10237.59570 -177.62485
10240.28809 -164.08263
10242.97461 -163.35767
10245.66895 -165.35432
10248.35840 -140.01292
10251.05371 -165.34245
10253.74902 -171.82533
10256.43457 -167.31409
10259.13184 -163.65158
10261.81836 -165.56328
10264.51172 -139.66350
10267.20605 -166.16096
10269.90137 -171.74907
10272.58984 -165.50536
10275.28516 -164.51047
10277.97754 -166.44737
10280.66309 -139.88332
10283.35547 -166.64668
10286.04395 -171.55779
10288.73828 -165.72174
10291.43164 -164.35703
10294.12109 -167.97270
10296.81152 -140.04384
10299.50781 -167.47375
10302.20605 -170.97961
10304.89844 -169.87286
10307.58008 -164.20633
10310.27441 -167.61021
10312.96875 -139.96646
10315.65820 -168.37901
10318.34863 -169.57904
10321.04492 -167.60052
10323.73145 -166.21466
10326.42969 -169.04279
10329.11719 -140.12560
10331.81055 -168.95926
10334.50586 -169.12366
10337.20117 -167.76762
10339.89160 -165.72620
10342.57617 -169.70036
10345.27344 -140.30304
10347.95996 -169.45973
10350.65332 -168.62527
10353.34766 -171.25739
10356.04102 -166.27335
10358.73047 -169.08488
10361.42676 -140.14885
10364.11719 -169.49095
10366.80273 -168.61182
10369.50195 -168.76338
10372.19531 -167.29399
10374.88281 -170.13264
10377.57715 -140.47865
10380.26562 -170.16441
10382.96094 -167.64767
10385.65332 -168.58858
10388.34375 -168.05751
10391.03613 -169.86890
10393.72266 -140.70386
10396.42188 -170.30370
10399.11133 -166.94254
10401.80664 -172.15060
10404.49609 -168.11755
10407.18652 -169.25233
10409.88379 -140.56110
10412.57617 -169.15044
10415.26270 -166.74666
10417.95703 -168.23247
10420.65039 -169.31123
10423.33984 -169.23169
10426.02930 -141.11858
10428.71973 -168.88982
10431.41602 -166.43884
10434.10938 -167.77164
10436.80078 -169.71231
10439.49414 -169.14403
10442.18262 -141.12856
10444.87695 -168.83289
10447.56738 -166.60159
10450.26270 -170.39726
10452.95410 -172.46960
10455.64551 -167.47916
10458.33789 -141.39323
10461.02539 -168.10384
10463.71875 -165.93973
10466.40723 -167.05435
10469.10254 -174.69902
10471.79785 -167.70201
10474.49023 -141.89996
10477.17969 -167.19389
10479.87305 -165.98123
10482.56641 -166.17366
10485.25391 -178.04060
10487.94824 -167.08679
10490.63672 -142.16634
10493.32617 -166.60493
10496.02344 -166.05563
10498.71484 -168.22037
10501.40625 -185.65492
10504.09961 -166.26648
10506.79199 -142.54889
10509.48047 -166.38901
10512.17578 -166.71829
10514.86426 -165.71021
10517.56055 -181.28304
10520.25195 -166.06560
10522.93848 -143.42979
10525.63574 -165.56091
10528.32910 -166.62654
10531.01660 -164.73645
10533.71094 -179.50076
10536.40039 -165.49333
10539.09668 -143.87550
10541.78711 -165.09947
10544.47852 -166.96951
10547.16992 -166.59058
10549.85742 -177.15872
10552.55078 -165.08589
10555.24512 -144.32150
10557.94043 -165.03667
10560.62988 -167.85944
10563.32031 -164.30151
10566.01660 -171.69032
10568.70898 -165.07367
10571.39551 -145.28992
10574.08984 -164.89897
10576.77734 -168.10759
10579.47168 -164.19330
10582.16699 -171.93723
10584.85742 -164.72884
10587.55371 -145.31049
10590.24414 -164.68901
10592.93066 -169.52956
10595.62988 -165.82426
10598.31836 -169.40730
10601.00586 -164.68466
10603.70117 -145.61978
10606.39648 -164.56493
10609.08691 -171.27513
10611.77734 -164.05284
10614.46875 -168.72456
10617.16211 -164.81831
10619.85449 -145.75648
10622.54883 -164.72682
10625.23828 -173.43758
10627.93359 -164.09656
10630.62305 -167.09608
10633.31445 -164.90967
10636.01074 -145.48141
10638.69727 -165.30365
10641.39062 -175.08495
10644.08301 -166.42264
10646.77734 -166.01796
10649.46680 -164.93901
10652.16211 -144.80435
10654.85254 -165.18303
10657.54297 -182.84711
10660.22949 -164.66441
10662.92090 -165.93378
10665.62012 -165.90788
10668.31445 -144.66927
10671.00195 -165.86934
10673.69727 -192.55722
10676.38770 -165.49669
10679.07812 -165.39908
10681.76953 -166.07867
10684.46191 -143.71855
10687.14844 -166.72467
10689.84766 -183.41992
10692.53516 -168.17094
10695.23047 -164.36916
10697.92578 -166.46219
10700.61523 -143.34752
10703.30664 -166.92847
10705.99805 -179.41518
10708.69043 -166.74782
10711.37695 -165.06256
10714.07129 -168.10574
10716.76562 -143.13014
10719.45898 -167.88052
10722.14941 -175.65527
10724.83984 -168.13670
10727.53027 -165.82140
10730.22852 -168.75079
10732.92090 -142.71742
10735.60742 -169.67792
10738.30176 -172.79489
10740.99609 -171.83908
10743.68555 -165.59358
10746.38086 -169.97366
10749.06641 -142.50694
10751.75684 -170.27452
10754.44824 -171.74066
10757.14062 -169.60826
10759.83984 -166.22209
10762.52832 -171.07291
10765.21680 -142.74301
10767.91211 -170.94292
10770.60156 -170.21690
10773.29883 -170.42328
10775.99023 -166.64923
10778.68164 -172.58005
10781.37500 -142.64709
10784.06250 -172.30539
10786.75684 -169.76872
10789.45117 -176.21533
10792.14062 -168.24947
10794.83008 -172.29897
10797.52734 -142.86182
10800.21289 -173.39507
10802.90527 -169.59805
10805.59766 -172.97626
10808.29102 -170.06554
10810.98535 -173.04268
10813.67383 -143.42532
10816.36914 -172.45961
10819.06055 -167.88461
10821.75195 -170.51830
10824.44238 -169.19933
10827.13477 -172.83647
10829.82812 -143.49416
10832.52148 -171.20985
10835.20996 -167.35619
10837.90430 -173.44873
10840.60059 -172.16435
10843.28516 -171.48286
10845.98145 -144.40280
10848.67285 -171.57205
10851.36621 -168.18181
10854.05859 -172.61238
10856.74609 -176.12079
10859.44141 -170.27609
10862.13477 -145.34438
10864.82520 -170.63083
10867.51562 -167.80994
10870.20605 -168.07408
10872.90430 -180.03122
10875.59668 -169.73402
10878.29004 -146.08784
10880.97656 -169.39375
10883.66602 -167.99123
10886.35547 -169.71898
10889.05078 -182.33719
10891.74707 -168.46875
10894.43164 -147.19258
10897.12891 -168.67781
10899.81543 -169.02484
10902.50879 -171.01723
10905.20312 -181.55330
10907.89648 -168.54466
10910.58594 -149.11389
10913.28125 -168.27321
10915.97168 -169.81973
10918.66309 -167.02304
10921.35547 -178.19852
10924.05273 -168.54723
10926.73926 -149.79198
10929.42773 -168.22391
10932.12793 -169.84242
10934.81641 -168.12614
10937.50586 -174.26447
10940.19629 -167.31805
10942.89453 -151.93471
10945.58594 -167.73029
10948.27734 -170.49973
10950.96484 -169.76836
10953.66406 -173.21489
10956.35254 -167.62335
10959.04199 -153.36580
10961.73047 -167.24585
10964.42773 -171.82999
10967.11914 -166.94087
10969.81055 -171.47934
10972.50195 -168.17331
10975.19531 -153.09723
10977.88281 -167.99638
10980.57715 -174.07529
10983.26660 -168.20195
10985.96191 -170.27885
10988.65234 -167.50647
10991.34277 -153.13181
10994.03418 -167.99445
10996.73242 -173.17371
10999.41895 -169.49803
11002.11328 -169.21057
11004.81348 -168.15569
11007.50098 -153.39740
11010.18457 -167.54175
11012.88086 -175.67787
11015.57715 -167.31212
11018.26953 -169.10899
11020.95605 -168.74371
11023.65332 -151.44107
11026.34180 -168.57021
11029.04199 -176.08046
11031.72363 -170.45734
11034.41895 -167.93562
11037.11523 -168.25098
11039.79980 -151.20894
11042.49121 -169.08662
11045.18359 -173.82584
11047.88184 -169.26353
11050.57520 -168.76962
11053.26270 -169.73982
11055.95703 -151.03760
11058.64648 -168.79410
11061.33594 -175.45438
11064.03223 -167.97862
11066.72363 -168.20908
11069.41504 -169.27275
11072.10840 -149.34944
11074.80078 -169.50056
11077.48828 -180.90669
11080.18359 -171.94370
11082.87695 -167.65297
11085.56738 -169.86279
11088.25684 -149.11488
11090.95508 -170.15256
11093.64648 -179.37936
11096.33789 -170.48413
11099.02441 -167.88051
11101.71875 -170.75455
11104.41309 -148.70000
11107.10742 -170.34584
11109.79590 -176.65837
11112.48633 -168.89122
11115.17676 -166.55641
11117.86914 -170.55547
11120.55469 -147.70836
11123.25293 -170.82271
11125.95215 -176.77362
11128.64062 -174.03108
11131.32910 -165.78326
11134.02344 -170.57108
11136.71387 -147.29201
11139.40430 -170.83434
11142.10059 -175.54530
11144.78613 -170.64661
11147.47949 -167.55164
11150.17188 -171.91650
11152.86621 -146.79907
11155.56055 -171.81520
11158.25000 -176.21147
11160.94531 -169.81393
11163.63477 -166.95024
11166.32617 -171.47943
11169.01758 -145.70520
11171.70898 -171.48482
11174.40234 -174.79985
11177.08887 -175.40625
11179.78320 -166.87032
11182.47852 -171.38011
11185.16699 -145.65402
11187.86230 -172.24789
11190.55273 -173.60649
11193.24414 -171.03076
11195.93652 -167.06348
11198.62891 -172.19254
11201.32227 -144.92407
11204.01562 -171.96048
11206.70410 -174.46352
11209.39844 -170.92188
11212.08887 -166.77982
11214.78418 -172.63103
11217.46973 -144.06525
11220.16699 -172.84908
11222.85254 -171.47565
11225.55176 -178.01547
11228.23828 -167.14084
11230.93262 -171.94641
11233.62793 -143.91698
11236.31738 -172.07623
11239.01270 -170.42944
11241.70312 -171.29877
11244.39453 -166.96843
11247.08594 -172.83049
11249.77734 -143.21735
11252.47070 -172.41872
11255.15820 -169.37558
11257.85254 -170.74825
11260.54199 -167.58821
11263.23145 -171.91728
11265.92773 -143.21768
11268.62402 -171.94392
11271.31641 -168.28040
11274.00195 -176.12518
11276.69434 -168.50334
11279.38672 -171.47302
11282.08105 -143.00510
11284.77539 -171.09682
11287.46484 -169.16891
11290.15430 -171.33226
11292.85059 -168.78674
11295.54199 -171.16135
11298.22754 -142.75388
11300.92578 -169.98337
11303.61816 -169.09654
11306.31250 -168.69177
11309.00000 -170.11615
11311.69434 -170.19411
11314.38379 -142.99800
11317.07422 -169.76118
11319.76465 -167.66566
11322.46094 -171.85503
11325.15234 -172.37509
11327.84570 -168.58116
11330.53223 -143.25984
11333.22656 -168.57796
11335.91992 -166.69952
11338.61523 -168.55533
11341.30469 -171.97578
11343.99414 -167.91055
11346.69141 -143.25171
11349.38281 -167.74081
11352.07520 -166.81174
11354.76660 -166.48935
11357.45508 -175.39949
11360.15430 -167.52621
11362.84277 -143.85780
11365.53125 -166.63429
11368.22168 -166.87415
11370.91797 -168.09621
11373.60840 -187.50023
11376.29980 -166.34727
11378.99219 -144.24156
11381.67871 -166.32439
11384.37109 -167.08507
11387.06543 -166.35310
11389.75977 -187.96545
11392.45508 -165.60265
11395.13867 -144.56970
11397.83594 -165.73065
11400.52637 -168.08693
11403.21777 -164.59489
11405.91602 -180.04788
11408.60254 -165.50233
11411.29004 -145.52704
11413.98438 -165.12392
11416.68457 -168.04041
11419.37402 -166.61270
11422.06445 -174.14746
11424.75488 -164.67929
11427.44531 -145.79660
11430.14258 -164.90913
11432.83594 -168.34192
11435.52148 -165.06664
11438.21484 -170.80942
11440.90332 -164.55989
11443.59766 -145.95259
11446.29395 -164.41769
11448.98340 -170.19194
11451.67383 -163.91544
11454.36426 -169.89449
11457.05664 -164.52074
11459.75488 -146.26360
11462.44141 -164.34801
11465.13574 -170.61990
11467.83008 -165.69330
11470.51758 -167.85323
11473.21289 -164.35260
11475.89746 -146.09280
11478.59375 -164.44347
11481.28418 -174.10631
11483.98340 -164.85797
11486.66895 -167.18381
11489.36133 -164.18335
11492.05566 -145.20009
11494.74219 -164.31433
11497.43750 -179.92854
11500.12695 -164.10760
11502.82324 -166.52182
11505.51367 -164.70972
11508.20410 -145.08141
11510.89648 -164.68198
11513.58887 -178.79936
11516.28125 -166.07021
11518.97461 -165.28401
11521.66211 -164.78874
11524.35742 -144.45340
11527.04688 -165.08121
11529.74219 -183.41490
11532.44043 -165.64296
11535.12500 -164.86253
11537.82227 -165.48773
11540.50781 -143.75932
11543.20117 -165.29440
11545.89453 -189.31900
11548.58301 -165.22754
11551.27734 -164.77576
11553.96582 -166.03342
11556.66211 -143.29301
11559.35938 -165.99319
11562.04297 -179.13374
11564.74121 -167.97569
11567.42773 -164.72118
11570.12109 -166.34216
11572.81348 -142.96272
11575.50781 -166.81619
11578.20312 -177.04985
11580.89062 -167.17584
11583.58203 -165.13422
11586.27832 -167.46735
11588.96875 -142.37321
11591.66016 -166.99384
11594.35156 -173.64316
11597.04492 -167.33246
11599.73145 -164.99799
11602.42578 -168.38434
11605.11523 -142.49680
11607.80859 -168.34273
11610.50586 -171.73586
11613.19531 -169.96007
11615.88672 -165.82204
11618.58398 -168.09395
11621.27539 -142.37054
11623.95508 -169.57378
11626.64941 -169.62230
11629.34375 -170.31201
11632.03711 -166.66267
11634.72559 -169.38022
11637.42188 -142.25284
11640.11133 -169.38559
11642.80273 -168.30612
11645.49902 -168.77864
11648.19238 -167.00684
11650.87793 -170.57704
11653.57031 -142.61697
11656.26465 -169.79353
11658.95898 -168.51703
11661.64648 -171.51521
11664.34375 -168.04749
11667.03223 -169.80373
11669.72852 -142.84537
11672.41406 -170.00471
11675.11230 -167.62978
11677.79785 -171.97574
11680.49023 -168.93198
11683.18457 -169.68039
11685.87109 -143.20387
11688.56641 -170.06541
11691.26172 -167.36017
11693.95117 -168.86656
11696.64844 -171.53937
11699.33203 -169.73116
11702.03027 -143.91498
11704.72266 -169.37656
11707.41406 -168.16734
11710.10840 -169.78943
11712.80273 -173.89664
11715.49023 -168.79851
11718.17871 -144.63132
11720.87500 -169.03731
11723.56445 -167.72360
11726.25488 -170.26466
11728.95312 -176.17580
11731.63867 -168.78534
11734.33691 -145.35178
11737.02344 -168.35912
11739.71680 -167.03018
11742.40430 -168.17671
11745.10645 -179.46515
11747.78906 -168.76236
11750.48438 -146.75378
11753.17480 -168.14957
11755.86719 -168.36024
11758.56445 -168.11183
11761.25586 -189.31088
11763.94922 -167.94524
11766.63574 -147.36136
11769.32422 -167.82619
11772.01758 -168.90031
11774.70703 -168.90709
11777.41016 -191.83630
11780.09863 -167.10081
11782.78906 -148.72890
11785.48047 -167.57635
11788.17285 -168.73648
11790.86523 -167.08267
11793.55859 -178.72137
11796.25195 -168.28381
11798.93945 -150.17424
11801.62891 -167.53174
11804.32422 -170.37857
11807.01270 -167.61639
11809.70898 -174.87196
11812.40137 -167.45644
11815.09277 -151.34076
11817.78418 -167.36592
11820.47070 -174.59064
11823.16406 -168.69009
11825.85840 -172.73927
11828.55273 -167.26227
11831.24805 -152.15317
11833.93652 -167.77707
11836.62695 -172.15662
11839.32422 -167.25107
11842.01562 -171.15724
11844.69922 -168.13634
11847.39844 -153.64355
11850.08594 -168.07272
11852.77930 -172.25961
11855.47363 -168.15640
11858.16211 -171.72191
11860.85742 -168.22856
11863.55371 -153.35863
11866.24219 -168.17580
11868.93457 -174.70474
11871.62500 -170.12074
11874.31738 -171.21248
11877.00977 -168.01445
11879.70215 -153.23814
11882.39062 -168.58748
11885.07812 -174.45984
11887.77930 -167.93860
11890.46094 -170.37300
11893.15820 -169.24899
11895.85449 -153.21654
11898.54590 -169.08572
11901.23828 -174.78320
11903.92383 -170.06049
11906.62207 -169.25529
11909.30859 -169.05684
11912.00293 -152.64249
11914.69727 -169.25798
11917.38672 -178.18135
11920.08203 -171.16327
11922.77246 -168.25317
11925.45508 -168.88515
11928.15918 -152.50317
11930.84473 -169.95773
11933.53711 -177.93677
11936.23047 -169.37648
11938.91699 -167.88980
11941.61719 -170.95935
11944.31250 -152.15269
11947.00098 -170.02718
11949.68945 -178.18463
11952.38086 -172.21863
11955.07715 -168.45407
11957.76855 -169.85739
11960.45996 -151.38507
11963.15332 -170.88956
11965.84570 -174.99738
11968.53320 -171.96342
11971.22656 -167.96089
11973.92188 -171.03531
11976.61035 -150.88922
11979.30078 -170.68599
11981.99707 -176.60832
11984.68750 -170.48859
11987.38477 -168.16240
11990.06348 -170.97578
11992.76270 -150.57050
11995.45703 -171.25333
11998.14941 -179.21274
12000.83789 -174.21291
12003.52539 -167.17043
12006.22070 -170.85555
12008.91699 -149.54228
12011.60742 -171.41968
12014.29785 -178.37019
12016.99023 -172.28232
12019.68164 -168.61322
12022.37402 -172.27902
12025.06738 -149.44490
12027.75977 -171.31192
12030.44824 -176.39105
12033.14355 -171.36859
12035.83887 -167.23387
12038.52734 -172.28708
12041.21875 -148.56392
12043.90820 -171.82249
12046.60059 -175.42403
12049.29883 -175.82114
12051.98438 -166.85577
12054.67188 -171.36353
12057.37207 -147.88033
12060.06641 -173.04555
12062.75391 -176.15141
12065.44336 -172.81281
12068.13965 -167.92853
12070.83008 -173.47910
12073.52051 -147.66039
12076.21875 -171.98982
12078.90430 -174.90930
12081.59570 -172.81584
12084.28906 -167.88577
12086.98242 -173.93115
12089.67676 -146.76036
12092.36523 -173.72012
12095.05371 -173.15204
12097.75000 -177.59091
12100.44043 -167.56168
12103.13086 -173.72485
12105.82227 -146.48055
12108.51465 -174.52010
12111.20703 -173.12347
12113.90039 -174.92828
12116.59277 -169.27620
12119.28125 -174.40228
12121.97656 -146.17474
12124.67188 -174.02025
12127.36133 -170.24265
12130.05762 -174.05104
12132.74805 -168.67909
12135.43945 -175.61923
12138.13086 -145.82047
12140.82422 -174.62595
12143.51660 -170.32588
12146.20312 -178.59637
12148.89746 -168.75229
12151.59180 -174.87682
12154.28125 -145.93025
12156.97656 -175.41620
12159.66699 -171.25945
12162.35742 -176.05399
12165.04883 -169.96675
12167.74023 -175.20528
12170.43164 -146.29297
12173.12500 -174.31616
12175.81934 -169.63283
12178.50586 -173.29677
12181.20117 -170.81860
12183.88867 -172.80641
12186.58398 -146.19424
12189.28125 -173.15787
12191.97168 -169.09920
12194.65625 -176.03064
12197.35449 -173.47728
12200.04688 -172.48514
12202.74512 -146.82538
12205.42578 -173.10701
12208.12012 -169.80028
12210.81445 -174.50786
12213.50195 -176.62506
12216.19922 -172.45232
12218.88770 -147.63783
12221.57812 -171.72293
12224.27539 -170.16449
12226.96680 -170.29575
12229.65820 -175.53603
12232.34473 -171.48427
12235.04395 -148.17422
12237.73242 -170.60661
12240.42578 -169.48376
12243.11426 -171.75777
12245.80957 -181.31496
12248.50586 -169.73080
12251.19531 -149.55885
12253.88574 -170.19591
12256.57715 -168.95888
12259.26855 -172.62062
12261.96191 -183.13031
12264.65430 -169.96135
12267.34766 -150.73570
12270.03516 -169.57776
12272.72949 -169.38431
12275.42480 -168.13748
12278.11426 -180.66153
12280.80469 -169.33145
12283.50098 -152.38310
12286.19141 -168.77411
12288.88281 -170.49269
12291.56836 -170.13657
12294.26758 -179.06845
12296.96191 -168.85059
12299.64844 -154.47621
12302.34277 -168.86188
12305.03125 -170.76678
12307.71973 -170.75208
12310.41602 -173.53386
12313.11328 -168.76764
12315.80273 -156.28235
12318.49512 -168.37541
12321.18066 -171.00661
12323.87207 -167.79330
12326.57227 -172.96063
12329.26562 -169.06718
12331.95312 -155.35410
12334.64062 -168.64233
12337.33594 -173.67702
12340.02539 -169.49524
12342.72266 -170.21947
12345.41211 -168.92505
12348.10352 -155.02074
12350.79492 -169.29596
12353.48047 -176.69292
12356.18652 -170.98956
12358.86621 -169.19559
12361.56055 -168.93861
12364.25391 -153.33354
12366.94922 -169.08949
12369.64453 -177.68233
12372.32812 -168.70509
12375.02441 -170.44072
12377.72266 -170.24849
12380.41211 -151.32375
12383.09766 -169.75185
12385.79004 -184.26688
12388.48242 -170.60161
12391.17676 -168.11591
12393.86328 -170.27948
12396.55859 -149.85637
12399.25391 -170.91768
12401.94238 -179.43234
12404.63867 -173.28583
12407.32910 -167.72293
12410.02051 -170.57620
12412.71094 -149.24088
12415.40430 -171.47780
12418.09570 -178.05281
12420.78223 -171.24176
12423.48242 -167.94441
12426.17090 -172.57492
12428.86523 -147.86380
12431.55371 -173.04225
12434.24902 -175.97064
12436.93945 -174.31364
12439.63672 -167.10184
12442.32031 -173.70537
12445.01953 -147.39366
12447.71094 -174.21223
12450.39648 -173.49156
12453.09668 -178.76378
12455.78516 -168.55048
12458.47168 -174.64647
12461.16699 -147.20642
12463.85645 -174.80881
12466.54492 -172.80946
12469.24219 -175.29999
12471.93945 -169.28751
12474.62402 -176.89586
12477.32227 -146.79764
12480.01465 -176.82248
12482.70703 -171.29037
12485.39453 -175.09482
12488.08691 -169.29077
12490.78223 -177.64117
12493.47070 -146.80019
12496.16602 -178.68797
12498.85645 -170.80916
12501.54492 -180.56184
12504.23730 -171.37436
12506.92773 -177.06233
12509.61914 -147.16788
12512.31250 -177.84125
12515.01172 -170.15111
12517.70508 -176.64888
12520.39160 -171.55203
12523.08008 -176.19949
12525.77539 -146.98920
12528.47168 -174.78854
12531.16113 -169.12184
12533.85156 -172.23566
12536.54199 -173.23289
12539.23926 -175.53737
12541.92480 -147.63182
12544.61719 -173.91895
12547.30957 -170.33727
12550.00391 -174.07852
12552.69043 -178.85420
12555.38574 -172.55635
12558.08105 -148.41200
12560.77051 -173.71829
12563.45898 -169.01505
12566.15723 -172.78006
12568.84766 -175.90147
12571.53809 -172.56116
12574.22363 -148.60841
12576.92285 -171.80956
12579.61523 -168.99896
12582.30957 -169.17526
12584.99609 -179.57803
12587.69141 -171.45944
12590.37988 -149.91898
12593.07617 -171.00011
12595.76562 -169.66554
12598.45605 -170.90756
12601.14648 -176.53709
12603.84570 -170.32343
12606.52930 -150.92609
12609.22852 -170.59956
12611.91504 -170.27147
12614.60840 -170.10075
12617.30371 -176.62106
12619.99023 -169.51929
12622.68555 -151.58372
12625.38184 -170.06133
12628.07129 -171.45430
12630.76172 -168.43701
12633.44531 -180.26112
12636.14355 -169.81958
12638.83594 -152.78790
12641.53418 -169.48059
12644.22070 -171.52567
12646.91406 -169.72215
12649.60840 -175.24011
12652.29590 -169.07765
12654.99121 -154.02179
12657.68652 -169.30692
12660.37012 -170.69637
12663.06641 -169.16467
12665.75781 -174.83141
12668.44824 -169.06528
12671.14062 -153.38528
12673.83301 -169.10252
12676.52539 -173.17154
12679.21875 -167.62119
12681.90625 -172.11194
12684.60059 -168.91333
12687.29590 -154.34164
12689.98535 -168.79510
12692.68066 -174.60837
12695.36328 -170.78706
12698.06152 -171.66997
12700.75977 -168.99858
12703.44531 -154.29601
12706.13672 -169.95810
12708.82910 -174.84390
12711.52246 -169.10893
12714.21680 -170.98421
12716.90430 -169.61371
12719.59961 -153.11278
12722.28711 -169.03929
12724.97656 -176.22498
12727.67383 -168.13248
12730.36328 -169.97490
12733.05566 -169.52292
12735.74707 -152.82970
12738.43848 -169.29372
12741.13184 -180.62361
12743.82422 -171.48302
12746.52539 -169.93303
12749.20508 -169.15117
12751.90039 -152.87241
12754.59570 -169.87952
12757.28516 -180.13118
12759.98145 -169.25137
12762.67188 -168.74297
12765.35547 -170.10519
12768.05469 -151.34808
12770.74609 -169.68448
12773.43848 -178.02606
12776.13184 -169.25322
12778.81836 -168.33914
12781.51270 -170.78464
12784.20703 -151.21323
12786.89551 -169.83856
12789.59082 -182.16948
12792.28027 -172.28871
12794.97070 -169.07707
12797.66797 -169.34032
12800.35938 -150.76285
12803.05078 -170.20186
12805.74316 -179.75433
12808.42871 -169.62701
12811.12207 -168.24370
12813.81641 -170.44656
12816.50391 -149.61479
12819.20508 -170.28183
12821.88672 -181.18626
12824.58398 -170.99461
12827.28027 -168.56093
12829.97070 -171.19989
12832.66113 -149.69693
12835.35254 -170.91034
12838.04492 -179.69978
12840.73047 -171.99091
12843.42969 -167.69460
12846.11719 -170.20383
12848.81836 -148.60735
12851.50586 -170.21243
12854.19434 -180.16772
12856.89062 -169.73743
12859.58008 -167.97395
12862.26953 -170.91162
12864.96094 -147.83353
12867.65820 -170.65805
12870.35059 -179.84798
12873.04199 -171.77365
12875.73438 -167.31465
12878.42188 -171.09233
12881.11523 -147.68286
12883.80957 -171.33272
12886.49805 -174.63844
12889.19434 -173.44374
12891.88281 -167.42091
12894.57227 -170.86475
12897.26953 -146.79025
12899.96094 -171.31104
12902.65234 -174.67020
12905.34375 -170.17540
12908.03613 -168.04257
12910.73047 -172.05344
12913.41602 -146.16765
12916.11133 -171.60085
12918.80469 -174.83392
12921.49316 -172.54155
12924.18164 -167.15456
12926.87891 -171.26546
12929.56836 -146.06934
12932.26562 -172.19334
12934.95703 -173.18961
12937.64160 -174.11649
12940.34082 -167.29033
12943.03320 -171.69495
12945.71875 -145.39622
12948.41309 -172.08173
12951.10742 -170.54218
12953.80273 -171.68881
12956.49805 -168.00818
12959.18750 -172.61887
12961.87598 -145.27765
12964.56641 -171.76740
12967.25684 -169.96396
12969.94922 -173.34927
12972.64062 -167.27869
12975.33984 -172.08107
12978.02539 -145.40265
12980.71875 -172.75731
12983.41211 -170.58395
12986.09961 -173.97943
12988.79492 -170.86778
12991.48340 -172.03636
12994.17969 -144.95981
12996.86914 -172.32573
12999.56641 -169.21594
13002.25684 -171.45314
13004.94922 -170.89598
13007.64062 -172.69482
13010.32617 -145.35114
13013.02637 -171.49730
13015.71875 -168.98419
13018.40625 -172.31807
13021.10156 -170.74156
13023.78906 -170.84824
13026.48438 -145.56210
13029.17383 -170.83037
13031.87012 -169.04135
13034.56055 -172.38673
13037.25195 -172.46608
13039.94238 -170.75296
13042.63574 -145.83183
13045.32031 -170.42801
13048.01953 -168.35368
13050.70703 -170.05418
13053.40039 -173.12711
13056.09570 -170.63870
13058.78418 -146.44557
13061.47949 -170.73744
13064.16895 -169.25966
13066.86621 -169.56099
13069.55566 -178.38411
13072.24707 -169.91756
13074.94629 -147.09477
13077.63086 -169.12183
13080.32324 -168.92506
13083.00879 -170.15636
13085.70898 -201.32646
13088.39746 -168.77640
13091.08398 -147.75388
13093.77930 -168.49829
13096.47559 -168.77370
13099.16504 -167.95395
13101.86133 -195.19699
13104.55176 -168.33090
13107.23535 -148.90622
13109.93359 -168.24968
13112.63281 -169.85139
13115.31836 -168.12886
13118.01172 -184.69624
13120.70508 -168.33194
13123.39258 -149.84450
13126.08789 -168.85742
13128.77539 -170.41365
13131.46387 -169.11612
13134.16016 -176.59929
13136.85059 -167.78470
13139.54688 -150.65575
13142.23145 -167.91087
13144.93066 -170.41644
13147.62207 -167.44962
13150.31445 -174.60585
13153.00781 -168.06587
13155.69336 -152.01100
13158.38770 -167.67812
13161.08301 -171.95537
13163.77832 -167.40457
13166.46582 -174.27994
13169.16211 -167.46765
13171.84570 -152.42549
13174.54297 -167.85094
13177.23438 -173.69818
13179.92578 -169.17599
13182.61719 -171.45815
13185.30859 -168.32434
13187.99609 -151.84705
13190.68848 -168.34889
13193.38281 -174.93178
13196.07617 -168.07962
13198.76465 -168.80403
13201.46094 -168.17564
13204.15820 -151.53964
13206.83984 -168.48555
13209.53711 -179.85431
13212.23535 -168.36549
13214.92578 -168.84262
13217.61133 -168.79228
13220.31055 -150.91664
13222.99609 -169.53842
13225.68945 -183.03383
13228.38281 -170.65741
13231.07031 -168.60255
13233.76562 -169.56126
13236.46094 -149.66780
13239.15039 -169.78995
13241.83984 -182.72028
13244.53613 -170.52579
13247.22754 -168.57703
13249.91797 -171.31964
13252.60938 -149.34891
13255.30176 -170.72620
13257.99414 -180.18925
13260.68848 -171.17827
13263.37402 -168.27335
13266.06934 -171.94696
13268.75586 -148.53136
13271.45898 -172.55035
13274.14062 -176.30681
13276.83008 -174.90939
13279.53516 -167.58640
13282.22559 -173.35768
13284.90820 -147.98032
13287.60742 -174.79823
13290.29199 -178.06084
13292.98438 -173.99335
13295.68457 -169.79659
13298.37109 -176.27779
13301.06543 -147.94870
13303.75195 -176.37657
13306.45508 -175.05115
13309.14258 -175.07957
13311.83203 -169.15627
13314.52246 -177.81033
13317.21875 -147.80148
13319.91113 -178.17732
13322.60156 -173.36293
13325.28516 -179.24905
13327.98633 -169.76939
13330.67188 -177.65779
13333.37109 -147.54672
13336.05859 -179.09964
13338.75195 -171.85901
13341.44727 -181.82747
13344.13574 -172.16211
13346.82520 -180.64859
13349.52148 -148.33485
13352.21191 -178.96710
13354.91016 -170.53500
13357.59277 -175.04680
13360.29199 -173.59877
13362.97656 -178.03714
13365.67578 -148.52437
13368.36133 -178.24899
13371.05566 -170.45845
13373.75000 -173.55182
13376.43750 -176.66849
13379.13281 -174.63557
13381.82129 -149.05635
13384.51758 -174.66077
13387.20703 -169.97629
13389.89746 -175.27675
13392.58789 -180.04541
13395.28711 -172.87128
13397.97852 -150.14111
13400.66992 -172.42300
13403.36328 -170.79507
13406.04980 -171.39598
13408.74219 -178.65733
13411.43750 -172.68530
13414.13184 -150.93384
13416.82129 -171.34720
13419.50977 -171.12463
13422.20605 -169.91376
13424.89648 -180.94624
13427.58691 -170.76970
13430.28418 -151.98189
13432.97656 -171.13797
13435.66016 -170.74167
13438.35352 -171.58501
13441.04590 -174.81573
13443.73926 -169.82295
13446.43359 -153.62859
13449.12109 -170.41374
13451.81641 -172.30745
13454.50391 -168.53432
13457.20117 -175.11711
13459.89062 -170.46336
13462.57910 -153.61629
13465.27832 -169.28807
13467.96094 -172.85350
13470.66016 -168.41499
13473.34473 -174.16499
13476.04492 -169.32500
13478.73047 -153.40834
13481.42480 -168.95270
13484.11914 -175.38983
13486.80664 -169.90733
13489.50195 -170.86813
13492.19727 -168.86790
13494.88672 -153.64017
13497.57617 -169.78787
13500.26562 -179.62267
13502.95703 -168.45195
13505.64648 -169.90196
13508.34766 -170.01404
13511.03125 -152.03783
13513.72461 -169.15862
13516.42480 -177.44659
13519.11914 -168.19388
13521.80566 -170.01610
13524.50098 -169.49669
13527.18848 -150.77214
13529.87695 -169.91234
13532.56641 -180.06018
13535.27148 -170.69849
13537.95996 -168.01802
13540.65234 -169.51701
13543.34180 -150.40416
13546.02637 -170.24719
13548.72656 -186.72816
13551.41992 -169.11119
13554.10547 -167.97406
13556.80664 -171.44751
13559.49316 -149.51166
13562.18164 -170.77663
13564.87695 -183.86159
13567.56445 -169.87122
13570.26172 -168.44775
13572.95898 -170.97665
13575.64941 -148.49719
13578.33984 -172.21375
13581.03125 -178.06647
13583.72266 -173.30885
13586.41504 -167.85208
13589.10742 -172.06824
13591.79297 -148.68842
13594.49414 -173.29790
13597.18262 -177.42908
13599.87695 -172.20145
13602.56445 -168.55663
13605.25391 -174.96379
13607.95020 -148.09982
13610.63965 -174.05200
13613.33789 -175.28177
13616.02051 -173.09483
13618.71973 -168.66681
13621.41113 -175.16029
13624.10352 -147.79967
13626.78809 -177.31999
13629.48242 -173.46387
13632.17676 -178.42455
13634.87109 -169.95142
13637.56641 -176.12372
13640.25391 -148.13072
13642.94141 -177.87480
13645.63867 -173.77867
13648.33594 -177.07930
13651.01758 -170.30176
13653.71680 -179.97235
13656.40723 -148.32840
13659.09961 -177.72346
13661.79199 -172.05882
13664.48438 -177.45702
13667.16992 -170.03891
13669.86426 -180.37569
13672.55859 -148.41684
13675.24512 -181.05542
13677.94141 -172.20126
13680.63672 -179.83728
13683.31934 -171.97475
13686.01562 -179.69894
13688.70605 -149.49294
13691.40430 -180.51222
13694.08691 -171.52534
13696.78711 -181.92392
13699.47168 -174.45332
13702.16406 -180.16252
13704.85742 -149.81682
13707.55078 -179.03833
13710.24512 -172.53307
13712.93945 -175.95461
13715.62695 -176.61543
13718.32422 -177.80341
13721.01172 -150.59596
13723.70996 -176.01172
13726.39160 -170.95984
13729.08984 -176.12894
13731.78125 -176.63969
13734.47266 -175.35513
13737.17188 -152.21471
13739.85742 -176.49202
13742.54297 -172.96407
13745.23535 -177.66005
13747.93750 -178.27156
13750.62500 -175.54555
13753.31152 -152.91751
13756.01562 -175.09608
13758.70508 -172.78743
13761.39453 -172.72375
13764.08301 -177.65565
13766.77344 -175.07025
13769.47168 -154.75092
13772.16309 -174.18019
13774.84766 -172.05714
13777.54004 -173.61397
13780.24023 -178.55489
13782.92578 -173.57166
13785.62012 -157.07341
13788.31445 -173.33817
13791.00195 -172.83719
13793.69043 -175.31592
13796.39453 -175.76088
13799.08203 -173.02426
13801.77246 -158.56541
13804.47070 -173.71446
13807.16016 -173.05911
13809.85156 -171.56653
13812.53516 -176.74265
13815.23535 -172.79315
13817.91992 -160.66545
13820.61426 -173.15298
13823.30664 -174.19875
13826.00098 -173.07675
13828.68945 -175.32896
13831.38477 -173.11119
13834.07227 -165.86699
13836.76855 -172.81096
13839.46484 -174.31749
13842.14746 -174.05737
13844.83789 -173.24808
13847.53711 -172.61761
13850.22852 -164.68358
13852.91992 -172.16624
13855.61133 -174.35123
13858.30566 -171.36250
13860.99805 -172.30122
13863.69238 -172.49007
13866.37891 -164.58261
13869.07422 -173.25067
13871.76270 -176.20227
13874.45801 -173.21976
13877.14746 -173.07584
13879.84473 -172.40588
13882.52734 -162.80135
13885.22461 -172.60277
13887.90918 -178.49265
13890.60742 -173.11296
13893.29980 -172.13013
13895.98535 -173.07668
13898.68555 -160.28505
13901.37891 -172.43570
13904.06641 -175.71735
13906.75977 -170.74330
13909.45508 -171.62196
13912.14355 -172.68941
13914.83984 -157.15169
13917.52930 -172.74849
13920.21973 -178.58717
13922.90918 -173.88721
13925.60059 -170.56065
13928.29102 -171.89479
13930.98242 -156.43045
13933.68262 -172.39381
13936.37598 -178.53566
13939.06152 -172.12755
13941.75586 -169.97406
13944.44922 -173.32545
13947.14453 -154.17499
13949.83301 -172.07947
13952.52051 -176.90283
13955.20996 -171.36348
13957.90625 -170.68503
13960.59668 -172.37141
13963.29492 -152.77997
13965.98535 -172.19746
13968.67676 -179.28442
13971.36133 -173.22324
13974.06152 -170.69629
13976.74707 -171.85741
13979.43945 -151.99432
13982.13379 -172.67352
13984.82812 -176.85770
13987.51562 -171.65498
13990.21094 -169.26894
13992.90820 -172.94725
13995.59570 -150.19478
13998.28516 -172.75281
14000.97559 -180.47958
14003.67285 -171.51756
14006.36523 -169.18053
14009.05664 -172.88351
14011.74805 -149.31424
14014.43262 -171.56137
14017.12500 -179.06888
14019.81934 -173.87630
14022.51367 -168.46152
14025.20020 -172.28156
14027.90234 -148.60204
14030.59082 -173.01323
14033.28027 -174.97256
14035.97656 -171.33446
14038.66602 -168.64584
14041.35547 -172.77110
14044.04688 -147.57797
14046.73730 -173.33472
14049.42871 -175.24164
14052.12891 -170.83598
14054.82031 -169.01413
14057.51367 -172.51100
14060.20703 -146.81221
14062.89453 -172.33842
14065.58789 -174.95570
14068.28320 -173.96739
14070.97168 -168.13773
14073.66016 -172.38402
14076.34863 -146.50470
14079.03809 -172.55313
14081.73633 -172.73471
14084.42578 -172.41628
14087.11816 -168.28159
14089.81641 -172.57561
14092.50098 -145.61012
14095.20117 -172.65691
14097.88672 -171.79535
14100.58789 -170.43745
14103.26660 -168.87901
14105.96191 -172.06232
14108.65625 -145.46294
14111.35254 -171.37679
14114.04785 -170.66690
14116.72949 -172.33405
14119.42578 -169.00319
14122.11719 -170.77408
14124.80664 -145.19046
14127.50586 -171.36282
14130.18945 -169.60622
14132.88965 -170.96559
14135.58203 -169.30493
14138.26660 -170.30899
14140.96094 -144.63164
14143.65430 -169.80190
14146.34180 -168.66760
14149.03711 -169.25349
14151.73242 -169.22595
14154.41992 -169.95047
14157.11719 -144.71573
14159.81445 -168.95900
14162.49609 -168.16220
14165.19434 -169.35100
14167.87695 -171.30371
14170.57715 -168.39922
14173.26074 -144.77826
14175.95312 -168.69505
14178.65332 -168.34770
14181.33984 -168.44411
14184.03320 -174.76538
14186.72852 -167.74419
14189.42285 -144.62952
14192.10352 -167.40768
14194.79883 -167.76759
14197.49512 -166.35234
14200.19336 -175.21037
14202.87500 -167.61273
14205.57227 -144.87450
14208.26270 -166.80962
14210.94727 -168.29451
14213.65332 -167.20892
14216.33008 -174.55394
14219.03223 -166.04274
14221.72461 -145.09978
14224.41016 -166.20898
14227.09766 -168.35023
14229.79980 -166.18553
14232.48828 -178.69879
14235.17578 -165.63774
14237.87207 -144.94806
14240.56836 -165.10519
14243.25781 -168.25932
14245.94824 -164.61792
14248.64648 -178.33652
14251.33008 -165.51978
14254.02246 -145.41252
14256.72070 -165.19630
14259.41406 -168.60654
14262.09961 -164.92332
14264.79395 -172.49741
14267.47949 -164.53433
14270.18164 -145.46150
14272.87012 -164.86708
14275.56543 -169.36739
14278.25293 -164.68703
14280.94238 -171.42070
14283.63184 -164.46922
14286.32031 -145.42970
14289.01172 -164.13013
14291.70996 -169.60809
14294.40234 -163.72620
14297.09375 -170.77992
14299.78613 -164.03911
14302.47949 -145.62416
14305.17188 -164.02466
14307.86621 -170.35861
14310.56055 -164.45850
14313.24805 -168.56305
14315.94336 -163.87489
14318.63184 -145.59265
14321.32812 -163.88019
14324.01758 -172.13458
14326.70703 -163.56966
14329.39648 -167.77132
14332.09473 -163.89697
14334.78613 -145.14825
14337.47852 -164.06512
14340.16992 -172.35567
14342.85547 -163.46495
14345.54785 -166.64584
14348.24121 -163.81500
14350.93555 -145.24704
14353.63086 -163.65544
14356.31738 -175.30782
14359.01367 -164.51292
14361.70117 -166.96124
14364.39844 -163.60124
14367.08789 -144.97667
14369.78516 -164.12769
14372.46680 -178.08336
14375.15820 -163.93929
14377.85742 -165.96025
14380.54883 -164.28812
14383.23340 -144.52141
14385.92676 -164.25775
14388.61914 -177.95555
14391.31348 -163.90883
14394.00000 -165.30573
14396.70312 -164.38252
14399.39062 -144.51208
14402.07910 -164.07388
14404.77441 -179.67133
14407.47168 -165.06184
14410.15234 -164.84953
14412.85059 -164.34567
14415.54883 -144.17157
14418.24023 -164.78766
14420.93164 -186.72165
14423.61523 -164.78157
14426.31641 -164.76781
14429.00195 -165.04692
14431.69434 -143.91077
14434.39648 -165.13669
14437.07520 -179.62498
14439.77734 -165.01599
14442.46582 -164.85890
14445.14551 -165.64354
14447.84180 -143.83476
14450.53906 -165.47121
14453.22852 -177.73607
14455.91895 -166.10698
14458.61719 -164.75990
14461.30859 -165.53648
14464.00000 -143.68919
14466.69141 -165.96968
14469.38477 -175.65166
14472.07812 -165.94308
14474.76367 -165.24770
14477.45703 -166.60411
14480.15137 -143.48151
14482.83984 -166.54156
14485.54199 -173.91312
14488.22266 -166.74727
14490.91895 -165.56316
14493.60840 -166.96199
14496.30664 -143.69550
14498.98828 -167.07639
14501.69434 -172.89018
14504.37695 -167.57706
14507.06934 -165.73886
14509.76074 -167.39944
14512.45312 -143.56636
14515.14648 -167.46318
14517.84082 -170.56674
14520.52734 -167.74922
14523.23047 -165.97511
14525.91699 -167.89339
14528.60449 -143.73599
14531.29297 -168.00926
14533.98926 -168.31969
14536.67871 -167.69902
14539.37500 -167.33630
14542.06543 -168.86134
14544.75586 -143.86050
14547.44727 -168.36298
14550.13867 -168.59929
14552.83105 -168.93976
14555.52344 -168.00470
14558.21680 -167.73845
14560.91016 -143.97961
14563.59570 -168.91931
14566.29102 -169.11324
14568.98633 -168.49641
14571.67383 -168.52225
14574.36133 -168.37018
14577.05859 -144.22229
14579.75586 -168.76460
14582.44531 -168.45287
14585.13574 -168.31046
14587.82617 -169.32024
14590.51758 -169.47224
14593.20801 -144.32106
14595.90820 -168.06412
14598.60156 -168.57027
14601.28711 -169.18936
14603.97949 -171.19038
14606.66602 -168.13120
14609.36035 -144.45306
14612.05566 -168.42906
14614.75098 -168.09789
14617.43945 -168.29347
14620.13574 -171.84270
14622.82422 -167.85898
14625.51367 -144.71375
14628.20410 -168.53128
14630.90234 -167.60498
14633.59375 -167.49631
14636.29297 -172.99501
14638.96875 -167.97203
14641.66992 -144.94360
14644.36328 -167.42966
14647.05566 -167.72839
14649.74219 -168.03899
14652.43652 -173.19722
14655.13184 -167.00757
14657.81836 -145.15323
14660.50684 -166.91899
14663.21094 -168.34160
14665.89258 -167.28595
14668.58887 -175.32834
14671.27930 -166.90039
14673.96973 -145.55402
14676.66895 -166.80519
14679.36035 -168.03816
14682.05176 -166.23059
14684.74414 -179.76463
14687.43652 -166.52679
14690.12207 -145.46750
14692.81641 -165.98563
14695.50977 -168.07654
14698.20410 -166.31133
14700.89258 -177.22964
14703.58789 -165.48965
14706.27539 -145.70689
14708.96484 -165.47217
14711.66211 -167.86990
14714.35156 -165.53613
14717.04199 -174.57492
14719.74121 -165.36127
14722.43164 -145.86504
14725.11621 -165.29428
14727.80762 -168.46591
14730.50781 -164.97377
14733.20215 -173.97334
14735.88770 -164.97894
14738.57324 -145.72046
14741.27539 -164.45024
14743.96289 -168.96375
14746.65820 -164.54218
14749.35449 -172.32666
14752.03516 -164.24715
14754.73145 -145.70222
14757.42969 -164.18558
14760.11133 -170.10275
14762.81055 -164.09877
14765.50000 -170.40125
14768.19238 -163.92665
14770.88379 -145.51688
14773.57617 -163.69957
14776.26953 -169.81573
14778.96289 -163.52139
14781.64844 -168.06491
14784.35059 -163.54439
14787.03711 -145.22510
14789.72559 -163.43222
14792.42090 -170.88997
14795.10840 -163.81728
14797.80664 -167.36804
14800.50293 -163.28220
14803.18457 -144.91742
14805.87500 -163.41805
14808.57324 -171.74586
14811.26465 -162.99210
14813.95605 -166.53198
14816.64844 -163.17206
14819.34082 -144.36186
14822.03320 -162.75992
14824.72754 -172.99449
14827.41309 -162.59535
14830.10840 -165.53619
14832.80273 -162.66760
14835.49023 -143.66199
14838.18750 -162.69705
14840.87500 -173.57002
14843.57227 -163.02997
14846.26074 -164.23120
14848.95117 -162.43527
14851.64160 -143.36659
14854.33203 -162.74600
14857.03223 -175.52350
14859.71582 -162.74847
14862.40820 -163.83078
14865.09961 -162.80173
14867.79395 -142.68784
14870.49609 -162.49423
14873.17383 -177.34218
14875.86816 -162.13379
14878.56348 -163.69637
14881.25977 -162.61464
14883.94727 -142.11819
14886.63574 -162.50975
14889.33398 -175.58693
14892.03027 -162.98412
14894.71191 -163.23073
14897.41113 -162.22606
14900.10156 -141.68051
14902.79297 -162.53981
14905.48438 -175.26144
14908.17773 -162.69360
14910.87012 -162.33183
14913.55566 -162.36256
14916.25781 -141.22945
14918.94434 -162.34114
14921.63086 -172.74425
14924.33398 -162.09053
14927.01270 -162.68076
14929.70898 -162.53212
14932.39844 -140.68782
14935.08691 -162.43777
14937.78418 -170.00761
14940.47461 -163.15889
14943.16504 -162.24765
14945.86426 -162.51443
14948.55566 -140.55077
14951.24023 -162.66878
14953.94043 -168.58580
14956.63281 -162.75667
14959.32715 -162.93898
14962.02051 -162.58881
14964.70703 -140.18158
14967.39355 -162.42305
14970.08887 -169.42592
14972.78418 -162.24522
14975.48047 -163.31903
14978.16992 -162.52896
14980.86719 -139.94209
14983.54883 -162.52719
14986.23828 -167.64967
14988.93652 -162.97197
14991.62012 -163.18684
14994.32031 -162.54475
14997.00293 -139.92213
14999.70312 -162.62379
15002.38867 -166.72679
15005.08203 -162.58791
15007.77539 -163.38202
15010.47852 -162.51651
15013.16504 -139.74599
15015.85156 -162.23477
15018.54883 -165.78485
15021.23633 -162.14632
15023.92480 -164.10559
15026.62207 -162.46478
15029.31152 -139.72232
15032.00195 -162.26416
15034.69922 -165.62386
15037.39160 -162.62914
15040.08301 -164.58179
15042.77441 -162.14937
15045.46777 -139.86150
15048.16016 -162.31613
15050.85352 -165.29803
15053.54688 -162.30115
15056.23242 -165.10138
15058.92773 -162.06081
15061.61523 -139.88341
15064.31055 -161.76805
15066.99805 -165.27243
15069.69629 -161.43385
15072.38379 -165.97571
15075.07324 -161.86508
15077.77246 -139.95227
15080.46289 -161.74098
15083.15332 -164.63805
15085.84473 -162.03596
15088.53613 -166.77309
15091.22949 -161.38177
15093.92188 -140.30814
15096.62305 -161.61502
15099.30859 -165.02028
15101.99414 -161.75175
15104.68848 -168.35249
15107.38379 -161.35226
15110.08008 -140.41844
15112.76855 -161.30840
15115.45703 -164.87306
15118.14453 -160.91170
15120.84180 -167.97729
15123.53320 -161.30916
15126.22266 -140.66855
15128.91406 -161.02217
15131.60547 -165.35590
15134.29688 -161.45053
15136.99707 -167.74062
15139.68164 -160.84778
15142.37402 -141.01704
15145.06836 -161.09860
15147.76270 -166.25047
15150.44824 -161.13980
15153.14355 -167.57829
15155.83887 -160.81361
15158.52637 -141.18427
15161.21484 -160.83395
15163.91113 -165.25404
15166.60938 -160.62991
15169.29785 -167.75018
15171.98047 -160.92650
15174.67871 -141.44249
15177.37793 -160.66391
15180.06250 -166.10478
15182.75391 -161.15149
15185.45410 -166.34946
15188.13867 -160.78194
15190.83203 -141.80977
15193.52637 -160.83653
15196.22070 -166.37151
15198.90723 -161.10486
15201.59375 -165.75659
15204.29785 -160.73260
15206.98633 -141.85025
15209.67383 -160.83368
15212.36328 -167.76357
15215.06934 -160.71243
15217.75195 -165.27010
15220.44922 -160.92157
15223.14062 -142.01149
15225.82227 -160.89049
15228.52344 -168.97513
15231.21582 -161.23880
15233.90039 -164.36206
15236.60156 -161.09099
15239.28711 -142.43689
15241.98145 -161.07678
15244.67578 -170.55144
15247.36230 -161.37082
15250.05762 -164.27820
15252.74512 -161.32664
15255.44141 -142.28319
15258.12988 -161.29501
15260.82812 -171.66380
15263.51660 -161.25955
15266.20703 -163.37845
15268.89746 -161.56213
15271.58789 -142.35265
15274.27930 -161.60027
15276.97168 -173.45116
15279.66406 -162.03767
15282.35742 -163.27374
15285.04980 -161.76118
15287.74414 -142.54959
15290.42969 -161.86578
15293.12500 -177.01134
15295.82031 -162.41132
15298.51562 -163.27922
15301.21191 -162.28403
15303.89160 -142.54633
15306.58105 -162.29520
15309.27832 -178.30013
15311.96777 -162.21971
15314.66699 -163.89688
15317.35742 -162.60777
15320.04883 -142.56444
15322.73926 -162.84612
15325.43164 -174.50920
15328.12402 -163.36600
15330.80957 -163.54614
15333.51074 -163.09604
15336.19629 -142.84163
15338.89062 -163.40565
15341.58594 -175.68295
15344.27246 -163.69006
15346.96777 -163.71753
15349.65625 -163.62804
15352.34473 -142.64204
15355.04980 -163.64056
15357.73047 -176.13167
15360.42969 -163.81905
15363.11914 -163.36057
15365.81055 -164.11378
15368.50098 -142.76747
15371.20117 -164.36536
15373.89258 -173.07802
15376.57715 -164.87842
15379.26953 -164.33109
15381.96387 -164.66875
15384.64941 -143.05046
15387.34375 -164.97064
15390.03906 -173.35645
15392.73438 -165.72153
15395.42188 -164.68921
15398.11719 -165.15115
15400.80664 -143.04553
15403.49512 -165.52319
15406.19238 -171.46660
15408.88281 -165.43318
15411.57324 -165.02759
15414.27246 -165.84790
15416.96387 -143.28648
15419.64746 -165.94255
15422.33887 -170.64468
15425.03125 -166.71149
15427.72461 -165.35039
15430.41895 -166.25804
15433.11133 -143.60271
15435.80664 -166.65990
15438.49414 -169.39893
15441.18066 -167.47394
15443.87598 -166.16969
15446.56348 -167.35623
15449.25977 -143.71440
15451.95801 -166.96432
15454.64746 -169.34755
15457.34473 -167.20280
15460.03516 -167.19116
15462.72559 -167.04651
15465.40918 -144.03519
15468.10938 -167.11586
15470.80078 -168.58736
15473.49414 -168.01442
15476.18652 -167.93423
15478.87207 -167.53183
15481.56641 -144.53395
15484.25977 -167.90945
15486.94727 -168.76294
15489.64258 -168.12523
15492.32910 -168.64970
15495.02539 -168.11876
15497.72266 -144.60355
15500.40234 -167.73827
15503.10059 -168.50920
15505.79004 -167.97563
15508.48828 -171.42883
15511.17969 -168.02258
15513.87109 -145.20232
15516.55273 -167.54460
15519.25391 -168.63847
15521.94531 -168.59834
15524.63086 -171.78368
15527.33301 -167.63438
15530.02734 -145.65138
15532.71289 -167.68068
15535.40820 -168.71603
15538.09473 -168.07440
15540.79004 -172.34810
15543.47754 -167.69963
15546.17383 -145.97684
15548.87109 -168.23155
15551.56055 -168.38307
15554.24902 -167.45427
15556.93945 -174.42552
15559.63867 -167.91377
15562.33008 -146.63786
15565.02051 -167.28474
15567.70410 -168.44753
15570.39648 -168.08368
15573.08984 -177.23952
15575.78223 -167.06694
15578.47656 -147.24821
15581.17090 -166.98048
15583.85742 -168.48251
15586.56055 -167.54980
15589.24805 -179.33070
15591.93457 -167.09840
15594.63086 -147.61292
15597.32031 -167.11411
15600.01758 -169.26430
15602.70605 -166.74376
15605.39648 -179.10147
15608.08691 -166.77995
15610.77734 -148.42633
15613.47754 -166.68028
15616.16992 -170.29338
15618.86133 -167.08925
15621.54492 -175.60378
15624.23828 -166.67253
15626.93262 -148.99966
15629.62695 -166.51561
15632.32031 -170.05624
15635.00586 -167.04436
15637.69336 -174.03990
15640.38965 -166.19884
15643.08594 -149.13350
15645.77344 -166.63292
15648.47070 -171.90996
15651.16016 -166.19092
15653.84961 -174.42827
15656.54785 -166.52322
15659.23926 -149.90608
15661.92969 -166.16278
15664.62109 -172.12099
15667.32227 -166.98882
15670.00586 -171.27177
15672.69727 -165.75751
15675.38281 -149.96187
15678.08594 -166.22731
15680.77148 -172.25626
15683.46582 -166.76274
15686.15234 -169.23393
15688.85645 -166.52533
15691.54395 -149.69348
15694.23242 -166.11070
15696.92871 -175.62756
15699.61816 -166.14066
15702.30664 -169.13664
15705.00488 -166.42632
15707.69531 -149.53970
15710.38574 -166.24486
15713.07715 -178.27180
15715.76953 -167.08829
15718.46094 -168.26067
15721.15332 -166.06552
15723.84668 -149.31656
15726.53125 -166.58510
15729.22461 -180.27682
15731.91895 -167.24974
15734.61426 -167.83524
15737.30957 -166.72354
15739.99609 -148.62160
15742.69336 -166.67131
15745.38965 -193.05794
15748.06836 -166.71437
15750.76660 -166.95139
15753.45605 -167.67522
15756.14648 -148.49426
15758.84570 -166.97546
15761.53516 -192.97243
15764.22754 -168.00168
15766.91895 -167.39410
15769.60156 -167.03587
15772.29492 -147.88647
15774.99609 -168.02011
15777.69043 -183.96756
15780.38477 -168.42911
15783.06152 -168.47568
15785.75586 -168.34698
15788.45117 -147.41705
15791.14746 -167.73143
15793.82617 -181.90845
15796.52344 -168.02509
15799.21973 -167.06616
15801.91797 -168.49591
15804.59863 -147.20094
15807.29688 -168.43300
15809.98828 -177.07574
15812.67773 -169.77596
15815.37012 -166.00168
15818.06152 -168.76637
15820.76270 -146.94231
15823.44629 -169.48117
15826.13867 -174.80840
15828.82422 -170.11635
15831.52734 -167.30904
15834.22070 -170.19391
15836.90820 -146.62869
15839.59473 -170.13475
15842.29883 -174.27298
15844.97852 -169.78435
15847.67480 -167.63715
15850.36328 -170.46477
15853.06152 -146.75758
15855.75977 -170.23334
15858.43945 -171.90085
15861.14062 -171.40717
15863.83008 -168.43990
15866.52246 -170.07590
15869.20410 -146.78810
15871.90527 -171.04297
15874.59863 -169.83122
15877.29102 -171.86208
15879.97559 -169.79793
15882.66992 -170.55009
15885.36523 -146.83867
15888.05859 -170.63364
15890.74609 -170.32022
15893.44238 -170.90469
15896.12891 -169.88623
15898.81738 -171.47090
15901.51465 -147.33304
15904.20410 -171.26950
15906.90234 -168.98495
15909.59180 -171.32368
15912.28320 -170.82361
15914.97266 -170.98969
15917.66406 -147.45515
15920.35645 -170.87860
15923.04785 -169.98845
15925.74121 -171.41850
15928.43359 -174.60814
15931.12695 -170.15645
15933.82031 -148.07362
15936.50586 -170.05368
15939.20996 -170.54674
15941.89648 -170.13039
15944.58398 -175.92625
15947.28027 -170.09865
15949.97656 -148.86224
15952.66504 -170.56773
15955.34570 -169.63536
15958.04297 -170.49878
15960.74219 -177.22821
15963.43262 -169.89442
15966.12305 -149.49255
15968.81348 -169.10202
15971.49609 -169.77090
15974.19727 -170.13142
15976.88965 -182.46146
15979.58203 -169.50221
15982.27637 -150.24007
15984.96094 -169.00505
15987.65527 -171.52301
15990.35059 -169.55070
15993.04590 -186.20688
15995.73242 -169.49634
15998.42773 -151.43129
16001.11523 -169.59439
16003.81348 -172.39830
16006.49316 -168.93488
16009.19043 -183.33073
16011.87988 -168.99095
16014.57031 -151.96709
16017.26953 -168.94600
16019.96094 -171.34915
16022.66113 -168.95796
16025.35254 -178.39377
16028.03613 -168.86125
16030.72070 -153.00592
16033.43164 -168.57843
16036.11523 -172.73837
16038.80957 -169.69562
16041.50391 -175.26950
16044.19922 -169.23808
16046.87695 -154.27161
16049.57227 -169.45844
16052.26074 -173.51370
16054.95703 -168.97511
16057.64551 -174.20790
16060.34277 -168.98370
16063.03320 -154.80312
16065.73145 -169.08943
16068.42188 -173.61639
16071.11230 -169.63478
16073.80371 -172.66397
16076.49512 -169.17918
16079.18750 -155.38614
16081.87988 -169.53824
16084.57227 -175.00078
16087.26562 -169.88036
16089.95996 -171.71394
16092.64551 -170.50809
16095.34082 -155.86069
16098.02637 -169.72205
16100.72266 -177.51140
16103.40918 -169.94243
16106.10547 -171.64435
16108.80371 -169.52011
16111.49219 -155.47218
16114.18066 -170.47932
16116.87012 -179.12669
16119.56934 -171.73875
16122.25977 -170.75252
16124.95020 -170.24797
16127.64160 -155.96996
16130.33301 -171.19359
16133.02637 -181.25279
16135.70898 -171.14148
16138.41211 -170.54340
16141.10449 -172.07722
16143.79004 -156.12970
16146.48438 -171.49353
16149.17969 -184.92912
16151.86621 -172.10135
16154.56152 -169.62883
16157.25000 -171.86839
16159.94629 -155.56314
16162.64258 -172.63286
16165.32324 -183.79918
16168.02148 -174.36600
16170.71094 -170.78432
16173.40918 -172.00182
16176.09961 -156.41150
16178.79102 -172.73267
16181.48242 -180.15794
16184.16504 -173.37852
16186.86621 -170.73674
16189.55078 -174.32538
16192.25195 -156.02100
16194.93750 -173.49997
16197.63184 -181.04478
16200.31738 -173.99748
16203.02148 -170.89062
16205.70801 -173.54997
16208.40332 -156.32004
16211.09180 -174.28874
16213.77930 -182.75122
16216.47559 -176.91895
16219.16504 -170.19539
16221.86328 -174.51462
16224.55176 -156.56905
16227.24219 -174.70972
16229.93262 -187.21625
16232.62500 -175.23363
16235.32422 -170.36426
16238.01660 -175.50711
16240.69922 -155.69685
16243.40234 -174.55176
16246.08594 -178.77740
16248.78906 -176.20770
16251.47363 -170.89832
16254.15918 -174.59663
16256.85449 -155.94203
16259.54980 -174.93745
16262.23730 -177.10767
16264.92383 -176.27992
16267.62109 -170.79778
16270.31055 -175.62291
16273.00781 -155.41017
16275.69727 -176.18849
16278.39453 -180.95464
16281.08496 -175.70372
16283.77539 -171.97282
16286.46680 -176.46059
16289.16797 -154.50797
16291.85059 -175.56749
16294.54199 -180.73167
16297.23535 -178.01668
16299.92773 -171.26112
16302.62207 -175.44600
16305.31641 -154.62315
16308.00977 -175.02808
16310.69727 -184.74692
16313.39258 -176.21147
16316.07910 -171.75758
16318.76758 -176.03658
16321.47266 -153.47275
16324.16016 -176.65352
16326.84961 -178.53375
16329.53906 -175.88219
16332.23730 -171.24422
16334.92676 -177.61258
16337.61719 -152.40211
16340.30859 -176.05176
16342.99902 -177.38399
16345.69238 -179.49394
16348.38379 -169.96300
16351.07617 -176.70222
16353.76074 -152.58855
16356.46387 -177.38701
16359.14844 -176.59549
16361.84375 -176.57481
16364.53711 -171.40074
16367.22461 -178.45271
16369.91992 -151.46382
16372.60742 -177.49681
16375.30371 -175.93401
16377.99219 -176.28957
16380.68945 -169.82623
16383.37891 -177.42776
16386.07617 -151.19878
16388.76758 -177.83112
16391.45703 -175.93887
16394.14844 -181.65466
16396.83008 -170.68481
16399.53125 -176.92651
16402.22266 -151.59094
16404.91602 -178.91617
16407.60938 -173.56299
16410.30078 -178.45526
16412.99609 -174.19310
16415.68164 -178.47504
16418.37695 -151.00438
16421.07227 -176.78976
16423.75781 -173.47272
16426.45312 -177.28181
16429.14258 -171.80022
16431.83789 -177.86166
16434.52734 -151.43564
16437.22461 -176.19308
16439.91406 -172.31737
16442.59570 -179.78925
16445.29492 -174.09096
16447.98438 -176.29243
16450.67578 -151.92174
16453.36719 -177.43640
16456.06836 -171.80664
16458.75195 -176.61485
16461.44336 -177.33218
16464.13672 -175.63835
16466.83203 -152.06898
16469.51562 -175.87695
16472.21094 -172.56557
16474.91406 -175.32816
16477.59180 -176.27875
16480.28906 -175.16829
16482.98438 -152.70970
16485.67188 -174.31708
16488.36914 -172.18063
16491.05859 -176.21770
16493.74609 -182.29135
16496.44531 -173.56000
16499.12500 -153.79652
16501.82617 -173.89128
16504.52539 -172.83296
16507.20898 -174.33249
16509.90039 -189.03973
16512.59961 -173.45563
16515.28516 -154.38770
16517.97656 -172.43732
16520.66992 -172.22075
16523.36328 -172.62904
16526.05078 -185.26385
16528.74414 -173.77394
16531.43945 -156.38026
16534.12500 -172.78516
16536.82227 -173.07149
16539.51953 -174.29179
16542.20508 -182.73251
16544.89453 -171.87323
16547.59375 -158.15681
16550.28125 -172.13770
16552.97070 -174.33685
16555.66211 -173.22519
16558.36133 -179.05037
16561.05273 -172.58980
16563.74219 -159.46167
16566.42578 -172.15176
16569.12695 -174.54782
16571.82031 -171.81688
16574.51367 -176.96466
16577.20703 -172.91614
16579.89062 -161.97572
16582.58594 -172.77330
16585.27148 -174.11517
16587.96680 -173.02124
16590.66211 -175.50877
16593.34961 -172.07193
16596.03711 -165.19490
16598.74219 -172.32481
16601.42188 -178.98991
16604.11914 -173.46860
16606.80859 -172.73991
16609.50781 -172.65764
16612.19922 -163.08034
16614.88867 -172.50755
16617.58008 -179.50987
16620.28125 -173.05513
16622.96484 -173.23772
16625.65625 -173.52963
16628.34766 -162.46788
16631.04102 -174.00165
16633.73438 -177.41364
16636.42969 -174.71873
16639.11523 -174.31024
16641.80859 -173.59132
16644.49609 -161.75659
16647.20117 -174.05104
16649.88672 -182.43248
16652.57422 -175.41542
16655.27148 -171.79440
16657.96094 -175.59378
16660.65820 -159.77341
16663.33789 -175.14317
16666.02734 -181.69098
16668.73633 -175.15579
16671.42773 -172.54958
16674.11914 -175.13823
16676.80859 -158.67120
16679.49219 -176.36038
16682.19336 -177.26064
16684.87695 -179.11742
16687.57031 -171.56226
16690.26367 -178.16586
16692.95703 -159.06441
16695.65234 -180.50333
16698.33789 -178.42944
16701.03320 -181.24080
16703.72070 -172.27307
16706.41602 -181.34515
16709.10352 -158.15994
16711.80078 -180.38153
16714.49805 -177.06726
16717.17773 -180.93085
16719.87695 -172.23996
16722.57617 -180.41324
16725.25586 -158.28918
16727.95508 -183.46855
16730.63672 -176.50539
16733.33789 -188.94226
16736.03125 -172.88943
16738.71289 -190.32857
16741.41406 -160.07593
16744.10742 -190.08508
16746.80078 -174.52376
16749.48633 -184.32962
16752.17969 -174.39291
16754.86523 -185.98001
16757.56055 -160.28360
16760.25586 -188.14577
16762.95312 -175.34641
16765.64062 -184.84729
16768.33789 -175.01326
16771.02539 -183.25279
16773.71484 -162.24345
16776.41211 -183.69951
16779.10156 -176.01154
16781.79297 -180.43153
16784.48242 -175.41911
16787.17188 -181.76051
16789.87305 -166.01352
16792.55664 -180.12434
16795.24805 -177.52373
16797.94141 -178.94975
16800.63281 -176.32584
16803.32617 -179.79407
16806.01953 -168.90100
16808.71484 -181.32214
16811.40039 -175.23271
16814.09570 -178.29393
16816.79102 -177.26514
16819.47656 -178.70273
16822.17383 -178.71059
16824.86133 -177.14812
16827.55078 -176.18678
16830.24805 -176.11714
16832.94531 -175.59752
16835.62695 -175.95224
16838.32422 -167.16808
16841.01562 -176.59404
16843.70703 -176.97127
16846.40625 -175.82140
16849.08789 -173.97533
16851.77930 -176.54738
16854.47266 -162.97858
16857.16602 -177.88416
16859.85938 -179.61815
16862.55273 -175.95026
16865.23633 -174.68358
16867.93164 -175.78592
16870.63672 -159.78487
16873.31250 -175.01787
16876.01758 -180.24960
16878.70508 -175.37128
16881.40234 -174.14079
16884.08789 -176.48810
16886.78516 -157.17589
16889.47461 -175.84065
16892.15430 -180.61771
16894.85352 -175.24648
16897.55273 -171.70859
16900.24219 -176.28702
16902.93359 -155.85573
16905.62500 -176.49168
16908.31641 -196.11594
16911.00000 -176.85919
16913.70117 -171.51138
16916.39453 -175.90121
16919.08789 -154.18034
16921.77344 -176.78729
16924.46680 -178.16930
16927.16016 -175.09001
16929.84766 -171.04994
16932.54297 -177.72250
16935.23828 -152.98102
16937.92578 -177.12889
16940.61328 -178.55138
16943.31836 -175.95883
16946.00781 -171.73248
16948.69531 -178.76744
16951.38477 -152.36726
16954.08398 -178.65770
16956.77539 -176.77888
16959.46484 -180.08803
16962.15625 -171.90714
16964.84766 -178.23587
16967.53906 -151.68675
16970.23242 -179.44284
16972.92383 -174.81560
16975.61719 -177.12309
16978.31055 -172.80804
16980.99414 -177.90915
16983.69922 -150.90605
16986.38477 -178.27240
16989.07031 -172.70250
16991.76562 -176.69867
16994.46094 -174.23869
16997.14844 -178.17389
16999.83594 -151.11223
17002.53516 -177.92168
17005.22266 -173.52028
17007.91992 -177.32996
17010.60938 -173.09015
17013.29883 -177.85556
17015.99805 -150.66515
17018.67969 -176.30495
17021.37109 -172.62202
17024.07227 -175.45508
17026.76367 -174.16107
17029.45508 -175.62225
17032.14844 -150.60362
17034.84180 -176.83910
17037.52539 -172.63753
17040.23047 -173.93991
17042.91406 -175.83794
17045.60938 -174.61076
17048.29492 -150.89046
17050.99023 -173.61371
17053.67578 -172.94669
17056.37305 -174.54469
17059.06055 -179.84261
17061.75977 -172.78201
17064.44727 -150.89322
17067.14453 -172.49532
17069.83398 -170.11671
17072.53320 -172.07574
17075.21289 -185.22856
17077.91406 -171.85747
17080.60547 -151.22159
17083.29688 -171.81697
17085.98828 -169.55893
17088.67969 -170.58620
17091.36328 -193.76952
17094.05664 -171.55054
17096.75000 -151.78636
17099.44531 -170.88887
17102.13867 -170.54733
17104.83203 -170.45930
17107.52734 -186.17934
17110.21484 -170.11688
17112.90234 -151.88705
17115.58789 -169.52747
17118.28516 -172.85461
17120.98242 -169.93674
17123.67969 -182.77310
17126.36914 -169.41557
17129.05859 -152.05179
17131.74805 -169.56960
17134.43750 -172.74364
17137.13672 -168.94875
17139.82031 -177.99231
17142.51172 -169.29204
17145.21289 -152.57129
17147.90430 -168.71472
17150.58789 -171.91501
17153.27930 -168.44177
17155.97461 -174.79628
17158.66797 -168.19838
17161.35156 -152.29250
17164.04688 -168.36438
17166.74219 -172.67871
17169.43750 -168.20732
17172.13281 -173.79558
17174.83008 -168.50706
17177.50781 -152.32341
17180.20508 -168.38022
17182.90234 -175.13724
17185.58203 -168.09702
17188.27930 -172.02406
17190.97852 -168.53586
17193.66016 -152.12338
17196.35938 -168.17735
17199.05078 -177.44334
17201.74219 -167.70851
17204.43164 -171.78833
17207.11523 -167.97589
17209.81641 -151.74051
17212.50195 -167.89439
17215.19336 -176.21188
17217.88867 -167.76630
17220.58203 -170.26404
17223.27734 -167.66086
17225.97266 -151.19481
17228.66797 -168.37395
17231.35156 -181.53357
17234.04883 -167.75159
17236.73633 -169.09398
17239.43359 -168.60051
17242.11133 -151.10399
17244.82031 -167.91760
17247.49805 -181.58972
17250.19727 -167.96938
17252.88672 -168.48904
17255.58789 -167.87325
17258.26758 -150.43744
17260.96875 -168.24544
17263.66016 -184.96428
17266.34180 -168.63583
17269.04297 -168.35382
17271.73633 -168.54698
17274.42969 -150.16901
17277.11328 -169.10835
17279.80664 -193.75122
17282.50195 -167.83992
17285.19727 -168.92372
17287.88281 -168.76425
17290.57812 -149.73239
17293.26367 -168.72038
17295.96094 -184.56990
17298.65625 -168.94746
17301.33594 -168.17467
17304.03320 -168.96892
17306.73047 -149.11018
17309.41992 -169.20729
17312.11914 -181.37292
17314.80078 -169.40611
17317.48828 -167.28847
17320.17969 -169.27469
17322.88086 -148.98576
17325.57227 -169.42126
17328.26367 -182.57182
17330.94727 -169.03798
17333.65039 -167.96568
17336.34375 -169.87201
17339.03516 -148.74490
17341.72070 -169.93970
17344.42578 -181.93303
17347.10938 -169.83180
17349.79688 -168.09998
17352.49219 -169.64891
17355.17773 -148.36345
17357.87500 -170.46663
17360.57031 -176.74055
17363.25977 -170.53389
17365.94727 -168.06258
17368.63672 -170.46416
17371.33594 -148.30173
17374.03516 -169.80984
17376.72266 -174.97264
17379.41406 -170.10487
17382.10547 -168.52446
17384.79688 -171.09181
17387.48828 -148.02083
17390.17969 -171.47523
17392.86328 -175.33983
17395.56445 -170.72052
17398.24805 -168.53888
17400.95312 -170.60638
17403.63672 -147.69586
17406.33008 -170.93066
17409.02539 -174.32486
17411.71094 -170.84981
17414.40625 -169.70825
17417.09375 -170.86154
17419.78906 -147.81087
17422.48828 -170.27942
17425.17578 -173.28957
17427.87305 -170.46994
17430.56250 -169.61449
17433.25000 -171.53447
17435.93945 -147.46193
17438.64062 -171.24287
17441.33008 -172.45232
17444.02148 -170.63091
17446.71289 -169.13274
17449.40430 -170.60458
17452.09570 -147.39758
17454.77930 -170.85541
17457.47266 -171.29901
17460.16406 -170.47011
17462.86914 -170.01233
17465.55273 -170.71507
17468.24609 -147.33521
17470.93359 -170.54390
17473.62891 -171.87125
17476.32422 -170.53256
17479.00977 -170.73920
17481.69727 -170.81058
17484.39453 -147.10776
17487.09180 -170.10622
17489.77930 -170.02710
17492.47852 -169.29173
17495.17773 -172.22899
17497.85547 -169.62199
17500.54492 -147.14232
17503.23633 -169.89673
17505.93555 -169.59013
17508.62891 -169.59332
17511.32031 -174.40112
17514.01172 -168.91931
17516.70312 -147.07091
17519.39648 -168.92224
17522.08008 -170.49741
17524.77344 -168.23801
17527.46875 -175.70447
17530.16211 -169.09644
17532.84766 -147.11012
17535.54297 -168.62852
17538.23828 -169.78009
17540.92578 -168.02548
17543.62109 -174.74774
17546.31836 -167.74968
17548.99609 -147.17056
17551.69531 -168.09631
17554.39258 -169.64804
17557.08203 -167.97003
17559.76953 -176.47751
17562.46875 -167.65070
17565.16016 -147.30809
17567.84961 -167.90236
17570.54297 -169.64775
17573.23242 -166.74043
17575.92578 -175.51610
17578.61719 -166.91446
17581.31055 -147.27960
17584.00195 -166.31219
17586.68750 -168.97014
17589.37891 -166.57858
17592.07422 -173.63658
17594.76953 -166.50792
17597.46484 -147.64943
17600.15039 -166.45746
17602.85547 -169.00600
17605.53320 -166.33205
17608.23047 -175.37521
17610.91602 -166.07347
17613.61523 -147.46530
17616.30273 -165.91098
17619.00195 -170.45923
17621.68164 -165.36565
17624.39062 -173.92982
17627.07031 -165.34967
17629.76953 -147.54497
17632.45117 -165.33984
17635.14258 -169.89285
17637.83398 -165.39050
17640.53516 -171.02940
17643.22852 -165.39490
17645.92188 -147.68393
17648.61523 -165.36835
17651.29883 -171.67181
17653.99219 -165.22574
17656.68750 -170.60989
17659.37305 -164.89104
17662.06836 -147.58643
17664.76367 -164.84326
17667.45898 -171.65875
17670.14648 -164.63347
17672.83398 -170.26776
17675.53125 -165.04590
17678.21875 -147.49857
17680.91602 -164.50169
17683.60547 -172.80852
17686.29492 -164.59677
17688.98438 -168.77080
17691.68359 -164.65634
17694.37500 -147.52191
17697.06641 -164.79503
17699.74805 -177.26561
17702.44922 -164.50224
17705.14062 -167.32510
17707.82422 -164.41219
17710.52734 -147.14648
17713.22070 -164.79581
17715.90430 -175.47081
17718.59766 -164.53133
17721.28516 -167.08424
17723.98828 -164.81313
17726.67383 -146.84515
17729.37109 -164.48776
17732.05664 -176.91074
17734.75391 -164.70377
17737.43945 -166.34528
17740.13867 -164.86378
17742.82617 -146.84869
17745.51562 -164.62288
17748.21289 -180.08310
17750.90234 -164.54616
17753.59180 -165.99683
17756.29297 -164.94173
17758.98242 -146.41330
17761.67383 -165.09309
17764.35547 -182.24829
17767.04688 -164.76134
17769.75000 -165.82089
17772.44336 -165.06407
17775.12500 -146.13797
17777.82812 -165.37590
17780.51172 -181.84467
17783.20703 -165.53015
17785.89258 -164.95575
17788.58789 -165.05002
17791.28320 -145.98541
17793.96875 -165.63222
17796.66406 -178.53961
17799.36133 -165.43832
17802.04883 -165.13181
17804.73828 -166.18065
17807.43555 -145.69719
17810.12305 -165.63882
17812.81250 -175.47896
17815.51172 -165.66118
17818.21094 -165.40956
17820.90039 -166.08682
17823.59180 -145.52831
17826.27344 -166.37868
17828.96484 -175.39621
17831.65625 -166.47989
17834.34961 -165.49023
17837.05078 -166.20007
17839.73438 -145.69273
17842.43750 -166.88937
17845.12109 -174.40164
17847.81641 -167.23145
17850.50977 -165.66676
17853.20508 -166.94157
17855.89062 -145.45268
17858.58789 -167.32495
17861.27344 -173.48134
17863.96094 -166.72841
17866.65820 -166.52272
17869.34570 -167.86438
17872.04297 -145.56682
17874.74219 -167.26569
17877.42969 -172.48462
17880.11914 -167.75461
17882.81055 -167.25893
17885.50000 -167.53242
17888.20117 -145.82347
17890.89062 -167.69763
17893.58203 -171.03186
17896.26562 -167.91515
17898.96680 -168.09409
17901.65820 -167.99687
17904.35156 -145.79306
17907.03516 -167.93701
17909.72852 -170.15421
17912.42383 -167.97018
17915.11914 -167.74571
17917.80469 -168.11183
17920.50000 -146.18076
17923.18555 -168.32939
17925.88086 -169.67107
17928.56836 -168.27069
17931.26562 -168.33719
17933.96289 -167.96106
17936.65039 -146.45512
17939.33789 -168.41432
17942.03711 -169.65213
17944.72656 -167.92104
17947.41602 -173.61462
17950.11523 -168.32671
17952.79688 -146.61842
17955.49609 -167.55219
17958.18750 -169.82954
17960.88086 -167.70850
17963.57227 -172.16393
17966.26562 -168.17400
17968.94727 -147.08775
17971.64062 -167.83771
17974.33398 -169.29384
17977.02930 -167.98712
17979.73242 -173.77963
17982.40625 -167.38210
17985.10156 -147.64900
17987.78906 -167.90421
17990.49414 -169.81654
17993.18164 -167.37396
17995.87695 -178.44316
17998.55664 -167.48563
18001.25391 -147.81302
18003.96094 -167.48691
18006.63867 -172.08049
18009.33789 -167.05907
18012.02930 -176.66373
18014.70898 -167.48830
18017.40820 -148.46359
18020.10938 -166.83917
18022.78906 -170.47957
18025.49023 -167.06705
18028.18164 -174.27441
18030.86523 -166.97952
18033.55859 -148.78529
18036.25195 -166.95732
18038.94336 -170.39221
18041.63867 -166.52165
18044.33203 -174.76352
18047.02734 -166.39699
18049.72266 -148.96358
18052.40625 -166.91046
18055.09375 -171.65039
18057.79883 -166.32367
18060.47656 -173.60088
18063.17383 -166.47380
18065.86133 -149.33975
18068.55859 -166.44853
18071.24805 -171.14781
18073.94531 -166.82504
18076.63477 -172.74203
18079.32422 -166.34914
18082.02344 -149.48923
18084.71484 -165.89409
18087.40430 -174.18248
18090.09570 -165.91158
18092.78906 -171.91013
18095.47070 -165.89275
18098.17188 -149.30385
18100.86523 -166.12561
18103.55859 -174.78595
18106.24219 -165.85419
18108.93555 -170.23308
18111.62891 -166.05780
18114.32422 -149.40788
18117.00977 -165.98767
18119.70508 -174.69417
18122.39062 -165.97800
18125.08789 -168.34622
18127.77539 -165.62389
18130.47070 -149.15080
18133.16016 -165.84248
18135.85742 -177.69504
18138.54492 -165.77338
18141.24414 -168.30460
18143.93359 -165.82681
18146.62305 -148.65921
18149.31250 -165.73665
18152.00391 -177.33746
18154.69336 -165.69460
18157.39453 -168.31873
18160.08594 -165.77229
18162.77734 -148.42973
18165.47070 -165.59666
18168.16406 -177.48227
18170.84766 -165.62781
18173.53906 -167.05096
18176.23438 -165.34973
18178.91797 -147.78171
18181.62305 -165.41167
18184.30859 -180.00455
18187.00391 -165.58109
18189.69922 -166.16167
18192.38672 -165.71330
18195.08203 -147.38359
18197.77148 -165.62607
18200.45703 -182.47105
18203.15625 -165.39813
18205.84375 -165.64705
18208.54297 -165.59264
18211.22266 -146.98749
18213.92188 -165.42735
18216.61133 -179.85425
18219.30078 -165.53204
18221.99414 -165.08241
18224.69336 -165.21797
18227.38477 -146.44713
18230.06641 -165.40109
18232.76953 -178.70593
18235.46289 -165.42036
18238.14648 -165.52820
18240.84961 -165.70274
18243.53320 -145.79941
18246.22852 -165.44083
18248.92188 -177.46796
18251.60742 -165.38948
18254.31250 -165.79619
18256.99805 -165.55226
18259.68555 -145.57587
18262.37109 -165.32280
18265.06836 -178.68196
18267.75586 -165.31418
18270.45312 -165.07602
18273.15234 -165.05949
18275.84180 -145.03577
18278.53125 -165.28923
18281.21875 -173.23895
18283.91992 -165.15892
18286.60938 -165.11938
18289.30078 -165.44576
18291.99023 -144.68028
18294.69141 -165.35919
18297.37500 -172.09755
18300.06641 -165.31775
18302.75977 -165.11644
18305.45312 -165.36642
18308.14648 -144.39333
18310.83008 -165.14914
18313.52344 -170.89954
18316.21875 -165.06627
18318.91406 -164.54778
18321.59961 -164.83870
18324.29492 -143.97444
18326.98047 -164.90169
18329.67773 -169.82277
18332.36523 -164.75658
18335.06055 -165.19717
18337.75977 -164.73219
18340.44727 -143.78799
18343.13672 -165.09595
18345.82422 -169.77594
18348.52344 -164.79306
18351.21289 -165.85329
18353.90430 -164.83870
18356.60352 -143.64090
18359.29492 -164.78055
18361.98633 -168.46962
18364.67773 -164.83298
18367.37109 -165.55621
18370.06250 -164.24339
18372.74609 -143.44217
18375.43750 -163.98730
18378.13281 -168.23096
18380.82617 -163.89534
18383.51953 -165.89795
18386.20703 -164.17285
18388.90039 -143.28844
18391.59766 -163.92293
18394.28125 -168.14525
18396.97852 -163.84901
18399.66602 -166.53993
18402.36133 -163.76973
18405.06055 -143.35869
18407.74805 -163.70572
18410.44727 -167.10687
18413.13477 -163.85577
18415.82422 -166.77177
18418.51367 -163.20726
18421.20312 -143.17657
18423.90430 -163.23543
18426.59375 -166.27887
18429.28516 -163.24268
18431.97656 -167.52625
18434.66797 -163.08063
18437.36133 -143.24480
18440.04297 -163.14160
18442.74609 -166.63695
18445.42969 -162.73952
18448.13281 -168.20595
18450.81641 -162.98177
18453.52148 -143.31709
18456.20703 -162.43282
18458.89062 -167.00372
18461.58789 -162.53041
18464.27344 -167.46722
18466.98047 -162.32887
18469.65625 -143.34680
18472.35352 -162.16646
18475.05078 -166.88284
18477.73828 -162.13313
18480.43750 -167.84413
18483.11719 -161.99057
18485.81641 -143.30020
18488.50586 -161.99911
18491.19531 -166.86961
18493.89453 -161.74178
18496.58594 -168.51944
18499.27734 -161.95093
18501.95898 -143.45253
18504.66016 -161.63461
18507.34180 -167.42035
18510.03516 -161.90033
18512.73828 -166.89763
18515.42188 -161.35765
18518.11719 -143.48380
18520.81055 -161.65642
18523.50391 -168.46115
18526.18945 -161.33575
18528.88477 -166.93404
18531.58008 -161.34488
18534.26562 -143.51111
18536.96289 -161.24660
18539.65039 -168.43666
18542.33789 -161.08260
18545.03516 -166.41565
18547.73242 -161.50044
18550.42188 -143.54141
18553.10938 -161.12341
18555.80859 -168.92274
18558.49805 -161.27994
18561.18945 -164.88199
18563.87891 -161.04002
18566.57031 -143.51364
18569.25977 -161.21288
18571.95117 -168.96384
18574.64453 -161.21283
18577.33594 -164.43716
18580.02930 -161.05264
18582.72266 -143.57451
18585.41406 -161.12012
18588.11914 -170.38098
18590.80273 -161.12947
18593.49805 -163.99051
18596.19336 -161.08934
18598.87891 -143.44150
18601.57422 -161.14999
18604.25977 -171.51091
18606.95508 -161.23701
18609.64258 -162.98022
18612.33008 -161.24323
18615.02734 -143.30412
18617.72656 -161.31352
18620.41406 -172.24237
18623.10156 -161.37680
18625.80273 -162.61685
18628.49219 -161.39653
18631.19141 -143.19600
18633.87109 -161.57971
18636.56055 -172.77960
18639.25391 -161.45694
18641.95508 -162.83536
18644.64648 -161.40311
18647.33789 -143.20851
18650.03125 -161.31940
18652.72266 -172.24144
18655.41602 -161.72646
18658.10156 -162.38148
18660.79492 -161.58293
18663.47852 -143.04422
18666.17383 -161.80959
18668.85938 -171.44244
18671.56445 -162.02805
18674.25000 -162.79410
18676.93555 -162.15318
18679.64453 -143.07660
18682.33008 -162.27866
18685.01758 -173.08826
18687.71680 -162.47273
18690.40430 -162.70720
18693.10156 -162.56586
18695.78125 -143.00603
18698.48047 -162.25392
18701.16992 -172.79391
18703.85938 -162.54381
18706.56055 -162.83391
18709.25195 -162.32933
18711.94336 -143.00928
18714.63477 -162.62129
18717.31641 -170.56407
18720.01758 -162.84357
18722.71094 -163.25978
18725.40430 -163.19402
18728.09766 -143.12396
18730.78125 -163.42023
18733.47656 -170.16243
18736.16992 -163.39842
18738.86523 -164.03221
18741.55078 -163.34393
18744.24609 -143.21704
18746.94336 -163.27721
18749.62891 -170.68286
18752.32617 -163.68079
18755.01367 -163.91576
18757.70117 -163.81589
18760.39844 -143.30719
18763.08789 -163.69695
18765.77734 -169.91846
18768.47461 -164.02155
18771.16406 -164.71664
18773.85547 -164.11635
18776.54492 -143.52136
18779.24609 -164.46442
18781.92578 -168.84633
18784.61719 -164.27740
18787.32031 -165.47696
18790.00195 -164.23383
18792.70312 -143.72963
18795.39648 -164.35019
18798.08008 -169.23949
18800.77344 -164.43510
18803.46875 -165.45795
18806.15039 -164.42285
18808.84570 -143.92801
18811.54102 -164.25433
18814.23633 -169.19449
18816.93359 -164.72173
18819.61914 -166.68056
18822.31641 -164.97714
18825.00195 -144.34840
18827.69922 -165.00937
18830.37695 -168.74846
18833.07617 -164.89282
18835.77344 -167.61871
18838.46289 -164.58475
18841.15234 -144.63007
18843.84180 -164.98943
18846.54102 -167.24881
18849.23242 -164.87901
18851.93359 -168.26686
18854.61328 -164.81270
18857.30469 -145.07542
18859.99805 -164.75854
18862.68945 -167.78415
18865.38281 -164.95859
18868.07422 -169.71245
18870.76758 -164.96298
18873.46094 -145.45255
18876.14453 -164.62904
18878.84961 -168.57065
18881.53516 -165.24451
18884.23047 -170.73839
18886.91602 -164.79228
18889.61133 -145.79012
18892.30664 -165.14868
18894.98438 -168.90005
18897.69141 -164.76833
18900.37891 -169.49873
18903.06641 -164.79535
18905.76367 -146.24590
18908.46289 -164.74608
18911.14062 -168.90839
18913.83984 -164.93042
18916.53125 -170.53131
18919.22070 -164.46201
18921.91016 -146.74426
18924.60156 -164.63118
18927.30273 -168.71776
18929.98242 -164.64793
18932.68555 -174.16931
18935.36719 -164.77527
18938.05859 -146.98059
18940.76367 -164.44978
18943.45508 -169.59642
18946.14062 -164.95944
18948.84375 -172.52565
18951.51758 -164.78848
18954.21289 -147.39500
18956.90820 -164.79495
18959.60352 -169.20877
18962.30078 -164.73268
18964.98438 -169.90843
18967.68164 -164.55287
18970.36914 -147.69073
18973.05469 -164.51044
18975.75391 -170.51100
18978.45312 -164.59259
18981.14062 -169.45740
18983.82812 -164.49515
18986.51758 -147.75223
18989.21680 -164.34354
18991.90625 -171.78459
18994.59766 -164.63887
18997.28711 -168.70943
18999.97852 -164.66286
19002.67969 -148.08739
19005.37305 -164.54337
19008.06445 -172.93652
19010.74609 -164.82368
19013.43945 -167.79887
19016.13281 -164.61479
19018.83594 -148.03310
19021.51953 -164.52979
19024.21484 -173.33255
19026.89844 -164.44948
19029.59375 -167.39990
19032.27930 -164.50388
19034.97461 -147.85387
19037.66016 -164.72011
19040.36719 -175.29254
19043.05469 -164.78319
19045.75000 -167.44308
19048.43945 -164.71295
19051.13672 -147.87404
19053.82422 -164.65950
19056.51367 -176.44667
19059.20117 -164.93622
19061.89062 -166.09607
19064.59180 -165.06300
19067.28125 -147.68736
19069.97266 -164.95068
19072.66211 -178.87909
19075.35352 -164.90926
19078.04492 -165.66043
19080.73828 -164.97250
19083.42969 -147.26083
19086.12109 -164.87654
19088.81445 -180.78770
19091.50781 -165.27278
19094.19141 -166.07201
19096.88672 -164.87326
19099.58008 -147.25781
19102.27539 -165.30823
19104.97070 -180.81209
19107.65430 -165.43181
19110.35156 -165.84178
19113.04883 -165.47508
19115.73438 -146.98085
19118.43164 -165.61507
19121.11719 -180.74449
19123.81641 -165.55934
19126.51562 -165.23059
19129.20312 -165.71501
19131.89062 -146.76028
19134.58008 -165.62419
19137.26953 -179.12120
19139.96875 -166.05788
19142.66016 -164.82043
19145.34961 -165.75459
19148.05078 -146.63254
19150.73242 -166.09509
19153.42383 -173.87775
19156.11523 -166.20337
19158.80859 -165.63916
19161.50195 -165.97478
19164.19531 -146.41559
19166.88867 -166.34169
19169.57227 -174.63733
19172.26562 -166.53070
19174.95898 -166.96402
19177.65430 -166.39809
19180.33984 -146.30820
19183.03516 -166.15964
19185.72070 -173.65268
19188.41797 -167.17278
19191.11523 -165.92728
19193.81250 -167.02162
19196.50000 -146.44766
19199.18750 -167.18182
19201.88477 -172.98048
19204.57422 -167.07890
19207.26172 -166.28070
19209.96289 -167.03029
19212.65234 -146.38797
19215.33008 -167.10695
19218.03125 -171.26093
19220.72070 -167.06737
19223.42188 -167.27147
19226.10352 -167.50800
19228.80664 -146.39458
19231.48633 -166.85909
19234.17969 -170.17662
19236.88281 -167.93640
19239.57617 -167.33032
19242.25977 -167.05252
19244.95312 -146.79890
19247.64844 -167.66515
19250.33008 -169.89928
19253.02539 -167.88449
19255.72070 -168.06609
19258.40625 -167.84625
19261.10352 -146.74518
19263.78906 -167.65393
19266.48633 -169.87764
19269.18359 -167.78500
19271.87109 -169.16879
19274.56836 -167.95155
19277.25586 -147.12354
19279.94531 -167.57523
19282.64453 -169.65199
19285.33398 -167.96033
19288.02344 -169.53032
19290.71094 -167.71889
19293.40234 -147.57118
19296.09180 -167.65617
19298.78320 -170.39171
19301.48633 -167.89542
19304.17578 -171.63213
19306.86914 -167.54939
19309.56055 -147.81282
19312.25391 -168.02844
19314.94531 -169.89508
19317.62891 -167.74211
19320.33398 -172.61450
19323.01758 -168.05916
19325.71289 -148.43970
19328.39648 -167.59494
19331.09180 -170.68642
19333.78711 -168.00362
19336.48438 -171.76970
19339.16992 -167.77785
19341.86719 -149.19044
19344.55273 -167.69981
19347.25000 -170.10793
19349.93750 -167.93004
19352.62500 -174.33130
19355.32422 -167.49252
19358.01172 -149.57541
19360.71289 -167.89000
19363.39062 -169.95110
19366.09180 -167.59451
19368.79102 -176.65907
19371.47266 -167.65817
19374.16211 -150.46646
19376.86328 -167.75575
19379.54492 -171.31383
19382.23633 -168.23895
19384.93945 -176.10944
19387.62109 -167.70488
19390.32422 -151.22267
19393.00781 -167.72336
19395.70117 -172.89032
19398.39648 -168.30203
19401.07812 -174.82100
19403.77344 -167.94937
19406.46875 -151.78217
19409.16406 -168.10709
19411.85156 -173.53943
19414.54688 -168.23657
19417.23242 -174.20837
19419.92969 -168.43381
19422.61719 -152.97772
19425.32422 -168.14478
19428.00195 -174.51183
19430.70117 -168.87910
19433.38867 -173.54495
19436.08984 -168.24646
19438.77734 -153.84030
19441.46680 -168.64236
19444.15625 -175.60121
19446.84766 -168.77121
19449.54883 -172.63300
19452.23828 -168.70366
19454.91992 -154.50792
19457.61133 -169.22153
19460.31445 -176.19305
19462.99609 -169.93372
19465.68750 -171.52168
19468.38086 -169.72134
19471.07422 -155.54395
19473.75781 -169.42552
19476.46289 -180.20274
19479.15820 -170.27698
19481.85352 -170.18611
19484.53711 -170.18582
19487.22266 -156.45483
19489.91797 -170.26042
19492.62500 -184.48940
19495.31055 -170.68343
19497.99805 -171.55278
19500.68555 -171.10426
19503.38281 -156.57524
19506.07031 -171.37344
19508.76953 -183.82559
19511.45703 -172.48016
19514.14648 -172.44969
19516.84570 -172.48131
19519.53516 -157.71533
19522.22461 -172.03677
19524.91602 -183.75348
19527.60547 -172.99794
19530.30859 -171.78882
19533.00000 -172.66882
19535.67969 -158.41942
19538.37305 -173.62386
19541.07617 -191.41228
19543.75781 -174.07596
19546.45117 -172.05495
19549.14453 -174.46867
19551.83789 -159.29935
19554.53320 -175.25156
19557.22852 -181.52011
19559.92188 -176.88373
19562.60742 -173.74617
19565.30273 -177.08034
19567.98828 -160.15640
19570.68555 -176.73260
19573.37109 -181.12787
19576.06836 -177.15816
19578.75391 -173.66003
19581.44336 -177.74124
19584.14062 -161.45262
19586.82812 -176.85905
19589.51758 -185.13510
19592.21680 -178.51326
19594.91797 -175.51323
19597.60547 -178.60497
19600.29492 -162.57559
19602.98633 -179.35173
19605.68750 -176.58577
19608.37891 -178.82643
19611.04883 -176.11266
19613.75195 -180.51784
19616.44336 -164.64070
19619.13672 -180.18991
19621.82812 -176.24438
19624.52148 -178.68686
19627.21484 -174.68311
19629.89844 -178.73349
19632.59375 -165.46628
19635.28711 -178.34081
19637.98242 -181.08438
19640.67773 -178.91528
19643.36133 -174.48709
19646.04688 -178.74788
19648.74414 -164.46777
19651.44141 -178.93472
19654.12695 -180.74786
19656.83594 -176.30797
19659.51172 -174.70380
19662.21094 -177.46327
19664.89844 -163.87064
19667.59766 -175.71149
19670.28711 -182.93658
19672.97461 -176.04947
19675.66602 -173.85066
19678.36523 -175.86746
19681.05664 -160.81825
19683.74609 -177.31911
19686.43750 -180.79732
19689.12891 -175.69618
19691.82031 -172.89130
19694.52344 -176.21800
19697.19336 -159.15872
19699.89648 -176.18753
19702.58984 -178.21669
19705.28320 -174.72189
19707.96680 -172.45879
19710.67188 -175.17517
19713.35547 -157.61865
19716.05078 -174.12541
19718.74609 -184.22415
19721.42969 -174.02763
19724.11523 -172.50511
19726.82227 -174.64964
19729.50781 -155.69580
19732.20508 -175.59241
19734.89258 -180.84520
19737.58008 -173.89308
19740.27734 -172.55205
19742.97656 -174.53918
19745.66406 -154.86339
19748.35156 -174.50879
19751.04102 -184.76132
19753.74219 -175.06273
19756.41992 -172.54384
19759.12109 -174.79984
19761.82227 -153.77061
19764.50195 -174.80881
19767.19336 -181.24255
19769.88477 -173.28748
19772.57617 -171.69751
19775.26953 -174.43610
19777.96094 -153.11871
19780.64258 -174.81384
19783.34766 -179.45491
19786.03125 -174.43098
19788.73438 -170.83090
19791.41797 -174.59502
19794.11328 -152.54820
19796.79688 -175.22275
19799.49219 -178.69102
19802.18945 -175.10797
19804.88477 -171.03134
19807.57031 -174.30208
19810.26758 -152.14481
19812.95312 -175.14162
19815.66211 -176.20227
19818.33789 -175.10265
19821.03711 -170.95668
19823.72461 -175.69649
19826.42383 -151.72191
19829.11328 -175.26953
19831.80078 -177.32072
19834.50195 -174.12134
19837.17969 -170.86542
19839.88086 -175.91817
19842.57227 -151.51968
19845.26172 -174.79402
19847.95312 -176.89587
19850.64648 -174.64755
19853.33789 -170.56216
19856.02930 -174.26289
19858.72266 -151.51947
19861.41406 -174.51500
19864.10938 -175.09477
19866.79102 -174.53523
19869.49609 -172.06075
19872.17969 -174.29640
19874.87500 -151.72813
19877.57031 -174.31847
19880.25391 -174.16333
19882.95117 -174.55721
19885.64648 -176.02425
19888.33203 -174.97873
19891.02930 -151.99771
19893.71484 -174.54355
19896.41406 -173.94211
19899.09961 -173.01370
19901.78906 -177.06087
19904.48828 -174.29691
19907.18555 -152.10933
19909.86328 -173.92627
19912.56250 -173.93372
19915.25195 -172.78690
19917.94336 -178.14789
19920.63281 -173.14958
19923.33398 -152.63812
19926.02539 -173.09555
19928.71484 -174.44160
19931.40820 -172.83765
19934.09961 -178.81673
19936.79297 -172.57962
19939.48438 -152.98878
19942.17773 -172.48776
19944.85938 -174.96320
19947.55469 -172.33852
19950.24805 -184.91090
19952.94141 -172.32794
19955.63672 -153.80331
19958.32227 -172.05528
19961.01758 -173.29721
19963.71289 -171.33597
19966.40820 -184.55524
19969.09375 -171.70758
19971.79297 -154.05905
19974.47656 -171.85986
19977.16406 -173.04878
19979.86133 -171.39578
19982.55078 -187.56775
19985.25000 -171.06805
19987.92578 -154.63243
19990.63672 -171.58350
19993.32422 -174.51331
19996.01367 -170.66551
19998.70508 -180.66812
20001.39453 -171.24500
20004.08398 -155.40359
20006.77539 -170.93619
20009.47656 -173.96597
20012.16992 -171.25771
20014.86133 -177.85254
20017.55273 -170.67300
20020.23438 -155.84674
20022.92773 -171.27180
20025.62109 -176.48866
20028.31445 -170.59546
20031.01953 -176.37805
20033.69141 -170.96777
20036.38672 -155.99246
20039.08203 -170.59006
20041.78906 -176.91644
20044.46094 -170.48250
20047.15820 -175.23845
20049.84375 -170.52933
20052.54102 -156.17851
20055.23828 -170.50815
20057.92383 -178.85750
20060.61133 -170.25941
20063.30859 -173.04100
20065.99805 -170.56551
20068.69531 -156.40807
20071.38477 -170.74287
20074.08398 -179.58824
20076.77344 -170.52019
20079.46289 -173.12569
20082.16406 -170.60622
20084.85352 -156.04063
20087.54492 -170.66757
20090.23633 -176.81090
20092.92773 -170.75500
20095.61914 -172.90181
20098.31055 -170.72116
20101.00391 -155.71651
20103.69531 -170.88211
20106.38867 -181.69974
20109.08203 -171.06673
20111.77539 -171.93289
20114.45898 -171.20950
20117.15234 -155.33116
20119.84766 -170.90779
20122.53320 -180.48680
20125.22852 -170.45833
20127.92578 -171.15277
20130.60938 -170.90155
20133.30469 -154.99968
20136.00391 -170.80554
20138.68945 -182.93852
20141.38867 -170.27846
20144.06445 -170.85301
20146.76172 -171.39496
20149.46094 -154.23918
20152.14844 -171.31532
20154.83789 -194.20818
20157.52734 -171.79848
20160.22656 -169.98213
20162.91602 -171.48438
20165.60742 -153.97798
20168.29688 -171.72066
20170.98828 -186.18269
20173.68945 -171.23238
20176.38086 -169.53893
20179.07227 -171.67790
20181.75391 -153.21931
20184.45703 -171.22205
20187.13867 -183.89864
20189.83203 -170.49153
20192.52539 -170.46275
20195.23047 -171.26573
20197.91406 -152.81152
20200.60742 -172.57201
20203.30273 -188.43913
20205.98828 -171.34814
20208.68359 -170.28456
20211.37891 -172.81223
20214.05469 -152.32159
20216.76172 -171.19153
20219.44727 -182.46042
20222.13281 -172.35001
20224.83203 -169.60194
20227.51758 -171.19490
20230.20703 -151.54131
20232.90625 -171.36787
20235.59375 -178.34651
20238.29297 -170.55708
20240.97070 -169.34460
20243.66992 -171.53230
20246.37109 -151.22353
20249.06055 -172.53680
20251.75195 -176.92616
20254.43164 -171.61874
20257.13281 -169.02516
20259.83594 -172.01360
20262.51758 -150.83841
20265.20898 -172.20200
20267.90234 -177.07401
20270.59375 -171.65868
20273.28711 -168.93964
20275.98047 -171.99411
20278.67578 -150.17339
20281.36914 -171.53676
20284.05273 -174.45078
20286.74805 -170.98260
20289.44336 -168.00041
20292.12695 -170.91081
20294.81250 -149.85480
20297.50781 -171.32245
20300.19336 -174.68892
20302.90234 -171.56960
20305.60156 -169.02406
20308.28711 -171.66771
20310.97461 -149.61557
20313.67383 -171.35526
20316.34961 -173.86127
20319.04688 -170.47566
20321.73633 -169.62424
20324.43750 -170.72635
20327.12695 -149.07597
20329.82617 -170.78015
20332.50391 -173.63966
20335.20703 -169.93112
20337.89844 -169.85316
20340.58789 -170.04280
20343.27930 -148.99498
20345.97266 -170.27937
20348.65234 -171.08736
20351.35547 -169.78275
20354.04883 -170.49849
20356.74219 -169.75189
20359.43555 -148.67868
20362.11719 -169.17371
20364.81250 -171.52405
20367.50586 -169.49509
20370.20117 -171.85289
20372.89648 -168.80675
20375.58203 -148.44418
20378.26562 -168.80351
20380.97266 -171.45749
20383.65820 -168.63846
20386.34375 -172.23521
20389.04102 -168.87222
20391.74023 -148.42708
20394.42578 -168.40959
20397.11328 -170.38734
20399.81250 -167.88644
20402.50000 -173.24255
20405.19922 -168.08218
20407.88867 -148.29921
20410.57812 -167.68272
20413.26562 -170.43401
20415.96875 -166.82851
20418.64844 -173.97690
20421.34961 -166.91429
20424.02734 -148.03981
20426.73047 -166.74060
20429.42188 -169.67297
20432.11328 -166.59068
20434.80664 -173.25394
20437.49805 -166.52905
20440.19141 -148.15419
20442.88477 -166.58784
20445.56836 -170.62978
20448.26172 -166.08719
20450.96680 -171.82736
20453.65039 -166.33386
20456.34570 -148.04585
20459.04102 -165.65105
20461.72461 -171.24661
20464.41016 -165.66724
20467.10742 -172.31590
20469.80273 -165.10149
20472.50000 -147.81494
20475.18750 -165.44005
20477.87305 -170.27113
20480.57031 -164.90559
20483.24609 -170.89449
20485.95703 -165.28433
20488.64453 -147.94926
20491.33594 -165.00214
20494.03516 -170.13599
20496.72266 -164.49174
20499.41406 -170.25711
20502.10156 -164.59782
20504.79297 -147.66101
20507.49609 -164.54062
20510.18555 -170.68301
20512.87500 -164.31157
20515.56836 -169.25243
20518.26172 -164.44511
20520.95312 -147.45242
20523.64453 -164.10686
20526.33789 -171.83203
20529.02148 -164.11865
20531.71484 -168.00725
20534.41016 -163.85527
20537.10156 -147.41147
20539.79688 -164.14049
20542.48047 -172.37125
20545.17578 -163.61758
20547.87305 -166.89502
20550.55664 -163.71948
20553.24219 -147.06065
20555.93945 -163.90208
20558.63672 -172.57303
20561.32422 -163.58803
20564.02148 -166.35663
20566.70898 -163.94576
20569.40625 -146.74133
20572.09375 -163.59526
20574.79492 -173.16620
20577.48242 -163.68883
20580.17188 -166.00247
20582.87109 -163.52365
20585.56250 -146.78735
20588.25195 -163.73735
20590.93945 -174.99831
20593.63086 -163.48172
20596.33203 -165.51183
20599.02539 -163.40953
20601.71680 -146.40862
20604.39648 -163.58098
20607.08984 -174.36473
20609.78320 -163.55844
20612.47656 -165.47409
20615.16797 -163.89162
20617.86133 -146.18405
20620.55664 -163.67311
20623.25000 -174.25439
20625.92188 -163.64616
20628.62891 -164.97855
20631.32617 -163.38402
20634.00781 -146.08125
20636.70312 -163.67639
20639.40234 -173.84796
20642.08789 -163.93613
20644.78516 -164.57886
20647.47070 -164.09979
20650.15625 -145.77164
20652.85547 -164.05933
20655.55469 -176.29573
20658.23047 -163.72844
20660.92969 -164.36008
20663.63086 -164.15916
20666.31836 -145.65056
20669.00586 -164.18005
20671.69727 -177.31358
20674.39648 -164.09921
20677.07422 -164.28889
20679.77734 -163.95253
20682.48047 -145.59923
20685.14844 -164.20193
20687.85156 -174.12746
20690.54492 -164.29163
20693.23438 -164.71115
20695.92773 -164.62292
20698.62109 -145.35371
20701.31250 -164.47496
20703.99609 -173.70547
20706.70117 -164.77441
20709.38477 -165.58221
20712.08008 -165.03357
20714.77344 -145.43810
20717.46875 -165.00060
20720.14062 -173.11945
20722.84961 -164.67485
20725.53516 -165.34744
20728.24219 -164.78558
20730.91797 -145.58798
20733.61523 -165.09279
20736.31250 -171.38451
20739.00000 -165.06685
20741.68750 -165.32787
20744.37305 -165.33890
20747.07227 -145.43535
20749.76172 -165.02701
20752.44922 -171.21243
20755.14844 -165.25461
20757.83984 -165.79662
20760.52734 -165.56631
20763.23047 -145.68076
20765.90820 -165.78429
20768.61133 -171.82205
20771.30078 -165.42416
20773.99219 -165.86980
20776.68359 -165.51143
20779.37695 -145.81615
20782.06836 -165.91586
20784.77344 -170.97314
20787.45312 -165.58893
20790.14844 -166.99875
20792.83008 -165.96851
20795.53516 -145.95078
20798.21875 -165.96736
20800.92578 -169.57574
20803.60938 -166.02441
20806.29102 -167.48340
20809.00000 -165.98059
20811.68359 -146.18439
20814.37109 -165.81836
20817.06641 -169.78862
20819.76367 -165.74588
20822.44922 -167.98354
20825.14844 -165.96849
20827.83398 -146.40332
20830.52344 -165.90851
20833.22070 -169.65636
20835.90820 -165.75978
20838.60938 -168.40480
20841.29688 -165.99539
20843.99609 -146.59763
20846.67578 -166.48283
20849.37500 -169.21309
20852.06641 -166.08907
20854.75586 -169.31805
20857.44531 -165.98393
20860.13867 -146.92976
20862.84180 -165.91208
20865.51953 -170.27454
20868.22461 -165.85269
20870.90625 -170.78148
20873.61133 -165.62508
20876.29102 -147.22787
20878.98438 -165.73392
20881.67969 -170.17416
20884.35938 -165.86369
20887.06836 -170.61354
20889.75000 -165.87292
20892.43359 -147.39590
20895.14062 -165.97272
20897.82422 -169.24237
20900.52344 -165.70146
20903.21875 -170.45602
20905.90234 -165.82947
20908.58984 -147.88777
20911.28711 -165.50555
20913.98438 -169.74495
20916.67188 -165.50989
20919.37109 -171.81314
20922.04688 -165.64955
20924.74609 -148.03612
20927.44531 -165.57155
20930.13477 -171.52466
20932.81250 -165.38025
20935.51172 -170.84482
20938.21289 -165.20586
20940.89062 -148.26140
20943.59375 -165.42377
20946.29688 -170.32034
20948.97461 -165.32370
20951.66406 -170.25885
20954.35742 -165.38567
20957.05078 -148.50713
20959.74219 -164.91774
20962.43359 -171.14902
20965.11719 -165.16246
20967.82227 -169.93666
20970.51562 -165.28340
20973.19922 -148.72609
20975.89062 -165.44510
20978.57422 -172.53760
20981.28125 -164.81342
20983.96484 -170.72748
20986.66211 -165.11171
20989.34570 -148.73482
20992.04297 -165.05843
20994.73828 -172.71156
20997.42383 -165.32484
21000.12109 -169.66270
21002.81055 -165.07738
21005.50781 -148.88324
21008.19336 -164.85577
21010.89453 -173.17334
21013.58203 -164.81548
21016.26953 -168.09926
21018.96875 -164.98602
21021.65820 -148.73645
21024.34570 -165.12407
21027.03516 -175.29411
21029.73633 -164.57806
21032.42578 -167.02513
21035.11719 -164.95219
21037.81055 -148.71967
21040.50000 -164.95752
21043.19141 -177.15022
21045.88281 -164.99872
21048.57617 -166.30019
21051.25781 -164.73819
21053.96094 -148.64009
21056.65625 -164.59824
21059.34766 -177.67276
21062.04102 -164.89682
21064.73633 -166.02512
21067.41992 -165.14412
21070.11523 -148.29929
21072.81055 -165.41359
21075.50586 -178.44684
21078.18750 -165.24484
21080.87500 -166.02580
21083.57227 -165.31728
21086.26758 -148.06465
21088.96484 -165.36069
21091.65039 -179.61726
21094.33789 -164.98477
21097.03516 -165.21043
21099.72461 -165.33005
21102.42188 -147.87079
21105.10938 -165.26048
21107.79688 -180.96753
21110.48633 -165.17418
21113.18750 -165.08401
21115.87695 -165.18968
21118.56641 -147.65994
21121.26758 -165.35786
21123.95703 -177.48993
21126.64844 -165.49745
21129.32812 -165.04886
21132.04297 -165.43065
21134.72266 -147.48306
21137.41406 -165.83324
21140.10742 -176.94286
21142.80078 -165.86983
21145.49219 -164.88422
21148.18555 -165.98352
21150.87891 -147.33116
21153.56250 -165.92233
21156.26758 -175.96542
21158.93750 -165.90005
21161.63281 -165.82896
21164.32812 -166.19244
21167.02734 -147.10524
21169.70898 -166.24199
21172.40625 -174.13252
21175.10156 -166.26419
21177.78906 -165.37988
21180.48633 -166.04741
21183.17188 -147.12370
21185.86914 -166.44908
21188.55664 -174.06900
21191.25391 -166.29800
21193.94336 -164.92189
21196.63086 -166.49634
21199.33203 -146.96072
21202.01953 -166.27806
21204.70898 -172.31985
21207.39844 -166.57359
21210.09766 -165.58253
21212.78906 -166.64157
21215.47852 -147.00793
21218.16797 -166.80101
21220.85938 -171.89366
21223.55273 -166.88524
21226.24219 -166.46167
21228.93555 -166.87172
21231.63867 -147.24553
21234.32031 -166.76306
21237.01367 -172.24602
21239.71875 -166.71986
21242.40039 -166.59276
21245.08203 -167.06218
21247.78906 -147.20667
21250.48438 -166.56885
21253.16602 -171.81242
21255.86133 -166.66376
21258.54492 -166.58650
21261.24219 -166.63838
21263.92578 -147.18407
21266.62305 -166.84435
21269.32031 -170.35959
21272.00781 -166.60280
21274.70508 -166.99037
21277.39062 -166.55969
21280.08789 -147.51392
21282.77539 -166.91599
21285.47656 -170.71402
21288.15234 -166.64699
21290.86133 -167.58684
21293.55273 -166.76064
21296.24023 -147.71997
21298.92773 -166.27415
21301.63086 -170.27870
21304.30859 -166.11646
21307.00977 -167.86697
21309.70312 -166.33377
21312.39258 -148.01582
21315.08203 -166.10458
21317.76367 -170.32620
21320.46680 -166.07845
21323.16016 -168.03156
21325.85156 -166.06879
21328.54492 -148.38559
21331.22656 -166.21475
21333.92969 -170.83794
21336.62305 -166.03897
21339.30664 -168.21114
21342.01367 -165.83542
21344.69727 -148.62408
21347.39258 -166.02420
21350.07617 -171.29721
21352.77148 -165.65649
21355.45703 -167.81358
21358.15234 -165.80911
21360.84961 -148.93573
21363.54688 -165.63373
21366.22070 -172.40590
21368.91797 -165.56024
21371.60547 -167.58070
21374.30469 -165.31537
21376.99219 -149.19170
21379.69141 -165.60471
21382.38086 -173.43048
21385.07812 -165.77800
21387.76953 -166.98824
21390.45703 -165.63275
21393.14648 -149.45493
21395.84766 -165.46509
21398.52539 -172.84322
21401.22852 -165.01123
21403.91797 -166.10835
21406.62109 -165.45731
21409.30078 -149.61728
21412.00391 -165.26543
21414.68555 -173.48399
21417.37891 -165.58786
21420.06836 -165.66325
21422.75195 -165.03601
21425.45703 -149.93088
21428.13672 -165.55341
21430.83203 -174.92572
21433.52539 -165.57146
21436.22070 -165.47260
21438.91602 -165.45502
21441.59961 -149.88339
21444.28516 -165.49164
21446.99219 -176.20395
21449.67578 -165.44749
21452.37305 -164.66901
21455.05859 -165.68643
21457.75586 -149.96469
21460.45312 -165.45198
21463.15234 -177.52539
21465.83789 -165.62669
21468.53711 -164.76088
21471.22266 -165.87250
21473.89844 -150.08940
21476.59961 -165.95627
21479.28711 -178.91241
21481.98828 -166.01666
21484.67773 -164.62262
21487.37891 -165.94246
21490.05664 -150.01961
21492.74609 -165.81493
21495.44922 -184.59496
21498.14062 -166.20563
21500.83008 -163.84554
21503.52344 -166.41841
21506.21289 -149.90836
21508.90625 -166.44493
21511.59766 -184.29967
21514.28906 -166.32819
21516.98438 -163.85725
21519.67773 -166.71970
21522.35938 -150.04692
21525.06641 -167.02563
21527.74609 -183.85367
21530.44141 -167.46529
21533.12500 -164.00287
21535.82031 -167.28442
21538.51562 -150.21669
21541.21289 -166.72951
21543.89648 -182.25520
21546.59375 -167.29393
21549.29297 -164.16945
21551.97656 -167.48599
21554.67578 -150.22652
21557.36133 -168.43996
21560.05859 -179.69894
21562.74609 -167.42453
21565.43359 -163.93922
21568.13281 -168.35854
21570.82031 -150.43925
21573.50781 -168.50821
21576.19922 -179.64575
21578.91016 -169.37744
21581.58594 -164.21469
21584.28906 -168.77829
21586.96875 -150.54900
21589.66992 -168.67021
21592.34766 -179.55829
21595.05078 -168.90854
21597.73047 -164.45555
21600.43359 -169.57118
21603.12500 -150.92448
21605.81836 -169.58641
21608.51172 -177.59068
21611.20312 -169.68089
21613.89648 -164.44016
21616.58008 -170.30527
21619.27344 -151.22528
21621.96875 -171.06888
21624.65039 -177.56621
21627.34570 -170.77513
21630.04102 -164.95831
21632.75000 -170.95288
21635.43164 -151.49858
21638.11719 -170.79672
21640.81250 -176.04356
21643.51172 -170.79544
21646.19531 -165.47836
21648.89453 -171.17110
21651.58008 -151.96748
21654.26562 -171.64267
21656.96484 -174.29695
21659.66406 -172.30846
21662.35156 -166.05812
21665.03906 -172.17253
21667.72656 -152.43060
21670.42773 -172.89253
21673.11523 -178.37920
21675.80469 -173.31256
21678.49609 -166.74042
21681.19531 -172.93855
21683.88672 -152.76656
21686.57812 -172.97829
21689.26758 -177.86920
21691.95703 -172.47711
21694.65039 -167.86066
21697.33203 -173.57173
21700.04688 -153.56192
21702.72656 -173.09207
21705.41992 -176.50404
21708.11328 -174.38541
21710.80469 -167.32745
21713.50000 -173.17314
21716.18164 -154.19485
21718.87695 -174.89342
21721.57227 -176.48143
21724.26758 -173.94225
21726.96289 -166.90948
21729.63281 -174.66786
21732.33203 -154.59935
21735.02734 -173.22649
21737.72461 -177.19533
21740.41016 -174.08752
21743.10547 -168.29672
21745.80273 -173.99997
21748.49219 -155.52855
21751.18945 -174.49193
21753.86523 -178.16165
21756.56250 -175.55327
21759.25000 -169.48460
21761.95117 -174.57281
21764.63867 -155.95229
21767.32617 -175.42238
21770.02930 -178.08043
21772.71680 -174.55688
21775.40820 -168.82153
21778.10742 -175.27452
21780.79883 -156.51979
21783.47656 -173.48708
21786.17969 -177.38066
21788.87109 -174.28143
21791.56250 -169.30243
21794.26758 -174.35742
21796.93555 -157.23746
21799.62891 -174.61147
21802.33203 -177.34970
21805.02734 -174.80861
21807.70703 -169.45682
21810.40039 -175.14880
21813.09570 -157.66560
21815.80078 -174.57997
21818.48438 -176.47881
21821.16797 -174.63907
21823.86328 -169.17819
21826.57227 -174.26088
21829.24219 -158.08603
21831.94141 -173.90985
21834.63672 -179.39790
21837.32227 -173.77859
21840.00781 -169.26436
21842.71680 -173.74573
21845.39062 -158.83257
21848.08984 -173.91484
21850.78906 -177.37029
21853.48828 -174.26997
21856.16406 -168.48749
21858.86523 -174.71309
21861.55273 -159.06490
21864.25391 -173.92625
21866.94141 -179.84285
21869.63086 -173.67148
21872.32031 -167.22314
21875.00977 -173.60869
21877.71289 -159.39706
21880.39062 -173.34747
21883.09375 -182.40648
21885.77148 -172.78403
21888.47656 -167.29596
21891.16797 -172.94267
21893.85938 -160.05609
21896.55273 -173.14790
21899.24609 -180.89795
21901.92578 -173.38808
21904.63086 -165.66577
21907.31445 -173.50990
21910.01953 -159.66806
21912.70312 -172.89651
21915.39844 -182.35507
21918.08203 -173.17937
21920.77734 -164.51329
21923.47266 -172.89905
21926.15430 -159.82372
21928.86523 -172.82849
21931.54688 -182.91223
21934.23438 -171.70450
21936.94336 -164.31630
21939.61719 -172.57063
21942.31445 -159.77298
21945.01172 -172.43309
21947.69922 -184.20445
21950.38867 -173.13455
21953.08594 -162.55322
21955.77344 -172.41209
21958.46094 -159.60596
21961.15039 -172.82121
21963.85156 -187.65266
21966.54102 -171.95656
21969.24023 -161.95113
21971.91797 -171.97868
21974.62109 -159.38234
21977.30078 -171.81435
21980.00195 -187.46596
21982.69336 -171.88033
21985.39844 -161.66833
21988.07617 -171.99365
21990.75781 -159.56512
21993.46094 -172.03259
21996.15430 -189.19958
21998.84766 -171.98976
22001.54102 -160.67197
22004.23438 -172.13019
22006.91602 -158.94731
22009.62109 -171.86143
22012.30469 -190.44121
22015.00000 -171.75832
22017.69531 -160.06473
22020.37891 -171.56210
22023.08594 -159.23132
22025.77148 -171.63092
22028.45508 -190.69505
22031.15234 -171.21773
22033.83789 -159.78055
22036.52344 -171.57680
22039.22070 -159.42375
22041.90625 -171.73669
22044.60547 -190.98178
22047.30469 -172.28232
22049.99023 -159.30490
Graph #1 from AudioThread1
2.69198 -114.53020
5.38396 -116.12899
8.07594 -7.49235
10.76791 -110.86971
13.45989 -107.29109
16.15187 -87.29765
18.84385 -108.40485
21.53583 -110.62015
24.22781 -15.76637
26.91979 -112.22559
29.61176 -107.21266
32.30375 -87.73241
34.99573 -108.77011
37.68771 -115.07590
40.37968 -22.70807
43.07167 -115.85436
45.76364 -113.47173
48.45562 -91.22122
51.14760 -111.23761
53.83958 -119.34786
56.53155 -30.07224
59.22354 -116.38074
61.91550 -115.14327
64.60748 -96.10064
67.29947 -117.64082
69.99145 -118.72768
72.68342 -37.86942
75.37541 -119.67780
78.06738 -117.16634
80.75936 -101.52747
83.45135 -124.71376
86.14331 -122.35191
88.83529 -45.51273
91.52726 -128.84523
94.21925 -125.59592
96.91125 -107.88557
99.60323 -128.39070
102.29519 -130.01329
104.98715 -53.00177
107.67915 -130.32948
110.37112 -132.69624
113.06311 -116.01770
115.75508 -138.62758
118.44704 -128.80022
121.13905 -62.71231
123.83102 -127.50573
126.52299 -128.68163
129.21498 -123.08535
131.90695 -140.57430
134.59895 -127.96872
137.29092 -74.25217
139.98288 -128.47559
142.67488 -130.56607
145.36685 -127.79028
148.05884 -137.86182
150.75082 -129.01660
153.44283 -72.05887
156.13478 -129.73334
158.82674 -133.49527
161.51871 -133.13881
164.21068 -137.53499
166.90265 -129.97760
169.59467 -74.40914
172.28662 -130.66251
174.97864 -136.00455
177.67059 -140.26834
180.36258 -136.93555
183.05452 -131.03514
185.74654 -77.24158
188.43854 -131.35373
191.13049 -137.72787
193.82245 -143.93935
196.51450 -136.19365
199.20641 -131.84941
201.89836 -77.94382
204.59042 -132.17152
207.28238 -140.59589
209.97437 -137.69209
212.66631 -135.48663
215.35828 -132.85947
218.05025 -78.24092
220.74232 -133.59871
223.43420 -144.63445
226.12619 -143.39186
228.81815 -135.92743
231.51018 -134.40198
234.20219 -78.77798
236.89415 -134.68016
239.58609 -146.27109
242.27808 -148.98463
244.97008 -135.98016
247.66197 -135.61761
250.35399 -80.00577
253.04602 -135.95947
255.73793 -148.70113
258.42996 -145.09335
261.12186 -136.05907
263.81393 -137.11696
266.50589 -80.83305
269.19791 -137.92276
271.88986 -145.87616
274.58182 -142.81996
277.27374 -136.97751
279.96582 -139.33528
282.65775 -81.86967
285.34970 -139.39409
288.04175 -144.75432
290.73367 -145.62930
293.42569 -137.26166
296.11768 -141.06351
298.80960 -83.04408
301.50159 -141.51553
304.19360 -143.43565
306.88565 -148.99171
309.57758 -137.95874
312.26950 -143.44830
314.96152 -84.37886
317.65353 -144.56813
320.34543 -141.92946
323.03745 -139.44690
325.72943 -139.13927
328.42145 -147.34219
331.11334 -85.44729
333.80530 -146.86581
336.49738 -141.98575
339.18933 -142.62187
341.88138 -139.51355
344.57330 -150.11963
347.26520 -87.32622
349.95728 -151.24434
352.64926 -141.28827
355.34119 -143.61320
358.03311 -140.73994
360.72513 -156.32086
363.41718 -88.47004
366.10907 -158.92361
368.80112 -140.98576
371.49304 -137.80318
374.18506 -141.71385
376.87698 -181.85643
379.56897 -89.81622
382.26089 -165.26315
384.95297 -141.54420
387.64499 -141.74066
390.33694 -141.99130
393.02887 -165.91849
395.72086 -91.50658
398.41293 -161.51718
401.10477 -141.32951
403.79681 -141.39024
406.48877 -143.39352
409.18088 -155.64888
411.87280 -92.70352
414.56479 -155.25960
417.25662 -141.75066
419.94867 -137.56488
422.64066 -143.51851
425.33264 -153.10207
428.02472 -93.34473
430.71658 -154.67114
433.40857 -142.57739
436.10052 -142.60220
438.79248 -143.85020
441.48456 -153.21027
444.17648 -94.00603
446.86844 -152.30640
449.56036 -142.45799
452.25244 -140.91809
454.94443 -144.75204
457.63635 -150.79153
460.32840 -94.15375
463.02029 -151.50288
465.71231 -143.33032
468.40430 -138.63205
471.09634 -144.29749
473.78821 -150.76056
476.48022 -93.87727
479.17224 -151.98701
481.86414 -143.90694
484.55624 -145.08609
487.24811 -145.03265
489.94006 -151.30568
492.63211 -93.91266
495.32404 -150.83336
498.01611 -143.89716
500.70804 -141.85890
503.39996 -145.48589
506.09195 -149.75241
508.78406 -93.64917
511.47589 -150.92488
514.16803 -144.92200
516.85980 -140.74425
519.55188 -145.31891
522.24377 -150.49046
524.93579 -93.76039
527.62781 -150.88087
530.31989 -144.90483
533.01172 -150.62419
535.70380 -146.51102
538.39569 -149.82724
541.08765 -93.87376
543.77960 -149.60648
546.47162 -145.02856
549.16370 -143.80054
551.85553 -146.55031
554.54749 -148.79243
557.23962 -94.09171
559.93170 -149.72226
562.62354 -145.97855
565.31555 -144.18874
568.00751 -146.92712
570.69934 -149.19136
573.39160 -94.19354
576.08344 -148.87103
578.77551 -145.75887
581.46741 -166.59390
584.15930 -148.01962
586.85126 -147.86295
589.54321 -94.92728
592.23523 -147.77150
594.92743 -146.39342
597.61926 -146.18814
600.31134 -147.51050
603.00323 -147.33206
605.69507 -95.13253
608.38708 -147.85164
611.07916 -147.32056
613.77124 -149.27005
616.46307 -148.08372
619.15515 -147.23802
621.84705 -95.97285
624.53906 -146.94612
627.23096 -147.30159
629.92303 -155.57303
632.61493 -147.81306
635.30695 -146.40511
637.99884 -96.64398
640.69092 -146.47807
643.38306 -148.81512
646.07477 -149.10471
648.76697 -146.86125
651.45898 -146.35544
654.15076 -97.00496
656.84277 -146.80066
659.53479 -149.74075
662.22681 -153.72714
664.91882 -147.06921
667.61072 -146.41222
670.30273 -98.16967
672.99475 -146.26662
675.68652 -150.48186
678.37878 -151.59331
681.07068 -146.12724
683.76257 -146.08087
686.45441 -98.65272
689.14667 -146.35242
691.83838 -153.01152
694.53033 -152.37851
697.22241 -145.67934
699.91443 -146.66772
702.60614 -99.20026
705.29840 -147.11601
707.99023 -152.71713
710.68225 -153.58148
713.37433 -145.67783
716.06616 -147.06099
718.75824 -99.97982
721.45032 -146.99187
724.14209 -153.63931
726.83423 -152.06195
729.52625 -144.98535
732.21826 -147.33316
734.90997 -100.46248
737.60205 -147.64810
740.29425 -153.45798
742.98615 -154.40730
745.67798 -145.03056
748.37024 -148.46898
751.06195 -100.94823
753.75403 -149.02080
756.44598 -151.43596
759.13782 -151.51617
761.82996 -145.26175
764.52161 -149.46729
767.21399 -101.89021
769.90588 -149.22363
772.59760 -151.35025
775.28986 -156.31316
777.98187 -145.00932
780.67358 -150.35274
783.36578 -102.07417
786.05780 -150.57292
788.74951 -149.42679
791.44159 -152.76094
794.13367 -145.66730
796.82568 -152.08601
799.51770 -102.89161
802.20947 -152.84816
804.90167 -148.30707
807.59369 -149.82863
810.28552 -146.14078
812.97742 -153.76132
815.66931 -103.83715
818.36182 -153.38239
821.05322 -148.15353
823.74542 -169.26016
826.43762 -146.47490
829.12915 -154.39297
831.82135 -104.21915
834.51331 -154.42726
837.20526 -146.85118
839.89740 -149.13069
842.58917 -147.81371
845.28137 -154.91928
847.97339 -106.06160
850.66516 -156.31360
853.35718 -146.71907
856.04950 -148.40839
858.74091 -148.70235
861.43304 -154.75645
864.12524 -106.66254
866.81702 -155.23221
869.50891 -146.69240
872.20123 -157.96088
874.89294 -149.65768
877.58484 -153.62096
880.27704 -108.17368
882.96924 -153.55980
885.66095 -146.10779
888.35278 -146.88892
891.04498 -151.54913
893.73669 -152.27847
896.42877 -110.28973
899.12079 -153.28114
901.81299 -146.56943
904.50470 -147.30768
907.19659 -152.48906
909.88867 -151.70699
912.58051 -111.55722
915.27277 -152.19188
917.96472 -146.94502
920.65668 -153.27879
923.34869 -153.94991
926.04065 -150.86038
928.73285 -110.33447
931.42450 -150.72925
934.11646 -146.95094
936.80847 -145.91249
939.50049 -154.87498
942.19275 -150.18022
944.88416 -110.62039
947.57660 -150.89816
950.26849 -147.97333
952.96051 -147.16832
955.65234 -154.11028
958.34424 -150.15060
961.03625 -109.35384
963.72833 -150.56329
966.42053 -148.60066
969.11200 -152.26274
971.80432 -153.96049
974.49640 -150.12811
977.18835 -107.16006
979.88025 -149.93806
982.57196 -149.27501
985.26434 -146.09828
987.95593 -152.63782
990.64813 -150.01755
993.34033 -106.02787
996.03210 -150.79112
998.72406 -151.09825
1001.41589 -148.14090
1004.10815 -151.67793
1006.80005 -150.67119
1009.49207 -105.46960
1012.18396 -151.08145
1014.87585 -151.50807
1017.56799 -153.76122
1020.25964 -151.45671
1022.95197 -151.31496
1025.64404 -103.93633
1028.33594 -151.31676
1031.02771 -152.93262
1033.71973 -147.67450
1036.41174 -150.36443
1039.10364 -151.83102
1041.79590 -103.64142
1044.48767 -152.94986
1047.17993 -154.20682
1049.87146 -149.88617
1052.56384 -150.28111
1055.25562 -153.47600
1057.94751 -103.32971
1060.63989 -154.00064
1063.33142 -153.41458
1066.02344 -159.51480
1068.71545 -150.56964
1071.40759 -154.79196
1074.09961 -102.62653
1076.79126 -155.23734
1079.48340 -154.40665
1082.17542 -150.62537
1084.86731 -150.28270
1087.55933 -156.28339
1090.25122 -102.94930
1092.94299 -158.61618
1095.63525 -153.21783
1098.32751 -151.48868
1101.01880 -150.74635
1103.71155 -159.97575
1106.40295 -102.92290
1109.09546 -160.28847
1111.78723 -152.27722
1114.47864 -163.90497
1117.17126 -151.37425
1119.86316 -162.10435
1122.55542 -102.81318
1125.24744 -163.61989
1127.93909 -152.19659
1130.63086 -154.05215
1133.32288 -151.69974
1136.01550 -165.65378
1138.70654 -103.35084
1141.39844 -163.93222
1144.09070 -151.06195
1146.78296 -150.14757
1149.47461 -152.92740
1152.16663 -164.06879
1154.85852 -103.89645
1157.55115 -160.85420
1160.24231 -151.02715
1162.93457 -154.92844
1165.62708 -153.24306
1168.31873 -160.42589
1171.01086 -104.08202
1173.70264 -159.55408
1176.39453 -151.12384
1179.08655 -153.70561
1181.77881 -153.80878
1184.47034 -159.20746
1187.16211 -105.31077
1189.85461 -156.87508
1192.54688 -150.57776
1195.23828 -148.11594
1197.93030 -155.08377
1200.62244 -156.59766
1203.31470 -105.95798
1206.00659 -155.72847
1208.69824 -151.20410
1211.39026 -151.30859
1214.08264 -154.23557
1216.77393 -155.45140
1219.46594 -106.85424
1222.15808 -155.32817
1224.85022 -151.60202
1227.54248 -151.51735
1230.23425 -154.26723
1232.92627 -155.25804
1235.61865 -108.52484
1238.31042 -154.05205
1241.00232 -151.76361
1243.69397 -147.09927
1246.38599 -153.58824
1249.07825 -154.17102
1251.77051 -109.60254
1254.46204 -154.14835
1257.15381 -152.96443
1259.84558 -150.46298
1262.53821 -152.73077
1265.22961 -154.18401
1267.92188 -110.68131
1270.61426 -154.56044
1273.30591 -153.58871
1275.99780 -150.85075
1278.68994 -152.55301
1281.38196 -154.85042
1284.07336 -112.93259
1286.76538 -154.34500
1289.45752 -154.24960
1292.14966 -147.22874
1294.84155 -151.71545
1297.53320 -154.94502
1300.22571 -114.35085
1302.91699 -155.20312
1305.60962 -155.35365
1308.30127 -151.73436
1310.99304 -151.36737
1313.68542 -156.12718
1316.37744 -114.41977
1319.06921 -156.83438
1321.76147 -154.87624
1324.45374 -151.48422
1327.14551 -151.46806
1329.83704 -157.72380
1332.52905 -116.00212
1335.22156 -157.60962
1337.91370 -155.30510
1340.60498 -148.68980
1343.29761 -151.11232
1345.98889 -159.40633
1348.68176 -116.14097
1351.37280 -160.32506
1354.06506 -154.93764
1356.75684 -155.40416
1359.44946 -151.48199
1362.14160 -163.64252
1364.83325 -115.17616
1367.52454 -165.01622
1370.21680 -153.82866
1372.90869 -153.11691
1375.60156 -152.01070
1378.29248 -169.14395
1380.98511 -115.47932
1383.67725 -169.64735
1386.36890 -153.80502
1389.06079 -151.42299
1391.75293 -152.31026
1394.44507 -177.99969
1397.13647 -115.96829
1399.82849 -177.13510
1402.52051 -152.87633
1405.21313 -165.20721
1407.90417 -153.31548
1410.59692 -166.10880
1413.28882 -114.82621
1415.98096 -164.69740
1418.67285 -152.38248
1421.36462 -154.46637
1424.05688 -154.45247
1426.74829 -161.20284
1429.44067 -116.15383
1432.13245 -161.73419
1434.82422 -152.43741
1437.51611 -155.63857
1440.20825 -155.56325
1442.90015 -158.57486
1445.59229 -116.20638
1448.28430 -158.03473
1450.97607 -151.98726
1453.66772 -164.48676
1456.35999 -157.28229
1459.05212 -156.10149
1461.74426 -116.01741
1464.43665 -155.69717
1467.12830 -152.19522
1469.82080 -153.95428
1472.51196 -157.91566
1475.20386 -154.68314
1477.89624 -117.26046
1480.58789 -154.93402
1483.28027 -152.88908
1485.97241 -160.96207
1488.66394 -157.76778
1491.35596 -153.79247
1494.04785 -117.32114
1496.74060 -153.38185
1499.43188 -153.01411
1502.12402 -157.20474
1504.81592 -158.05486
1507.50781 -152.70752
1510.19995 -117.27420
1512.89172 -152.48488
1515.58374 -154.06149
1518.27576 -153.22884
1520.96741 -156.12288
1523.66016 -152.35843
1526.35181 -117.22415
1529.04346 -152.54761
1531.73572 -155.39563
1534.42810 -164.25343
1537.12012 -155.41919
1539.81189 -152.07449
1542.50354 -116.17967
1545.19531 -151.76904
1547.88708 -155.88692
1550.57983 -155.03183
1553.27124 -154.00369
1555.96387 -151.89449
1558.65601 -115.54682
1561.34741 -151.73262
1564.03906 -158.46448
1566.73120 -153.49791
1569.42371 -152.80791
1572.11536 -152.04572
1574.80701 -114.94556
1577.49927 -152.38795
1580.19177 -160.94847
1582.88281 -166.80467
1585.57593 -152.63383
1588.26758 -152.47527
1590.95959 -113.69492
1593.65063 -152.22591
1596.34326 -161.65210
1599.03503 -155.65085
1601.72705 -151.72707
1604.41992 -152.76755
1607.11121 -113.51138
1609.80322 -152.85057
1612.49463 -163.35818
1615.18665 -154.83771
1617.87903 -151.38249
1620.57068 -153.51830
1623.26294 -112.86809
1625.95508 -154.23727
1628.64673 -160.28989
1631.33887 -168.72435
1634.03125 -151.54779
1636.72290 -154.54753
1639.41528 -112.32488
1642.10669 -154.57010
1644.79883 -159.44633
1647.49097 -159.38245
1650.18250 -151.35120
1652.87451 -155.54828
1655.56702 -112.80220
1658.25903 -156.00826
1660.95117 -156.82884
1663.64282 -156.44781
1666.33435 -151.66817
1669.02686 -156.79298
1671.71924 -112.38685
1674.41064 -158.44832
1677.10254 -155.20198
1679.79443 -159.80362
1682.48669 -152.22528
1685.17847 -158.91235
1687.87097 -112.61637
1690.56287 -159.34708
1693.25378 -154.92191
1695.94604 -170.06169
1698.63843 -152.44604
1701.33044 -160.36969
1704.02295 -113.26269
1706.71448 -161.09070
1709.40613 -153.41644
1712.09827 -155.42612
1714.79028 -153.43935
1717.48242 -161.51279
1720.17407 -113.71977
1722.86670 -163.90036
1725.55859 -153.01108
1728.25012 -155.01451
1730.94214 -154.42419
1733.63416 -162.74687
1736.32642 -114.35594
1739.01794 -163.52034
1741.71033 -153.25960
1744.40210 -164.03987
1747.09363 -155.21288
1749.78564 -162.62466
1752.47791 -115.92677
1755.16980 -161.63078
1757.86157 -152.63556
1760.55371 -152.89371
1763.24561 -156.81316
1765.93762 -161.00827
1768.62939 -116.73801
1771.32202 -161.16368
1774.01343 -152.69156
1776.70667 -152.43959
1779.39746 -157.82671
1782.08972 -160.09721
1784.78162 -118.38000
1787.47375 -160.56331
1790.16589 -153.34647
1792.85718 -158.66481
1795.54980 -158.15776
1798.24121 -159.37671
1800.93445 -120.45970
1803.62500 -158.95099
1806.31726 -153.32953
1809.00977 -151.62778
1811.70239 -158.97685
1814.39331 -158.23625
1817.08521 -120.89964
1819.77759 -158.63663
1822.46948 -154.50702
1825.16125 -151.54572
1827.85254 -157.67194
1830.54578 -158.01842
1833.23706 -120.91975
1835.92957 -158.84033
1838.62061 -155.08102
1841.31348 -157.92929
1844.00488 -157.54955
1846.69751 -158.25746
1849.38855 -120.62949
1852.08105 -158.33109
1854.77319 -155.32512
1857.46533 -151.49683
1860.15735 -156.75871
1862.84912 -158.10530
1865.54175 -118.94836
1868.23303 -159.03574
1870.92578 -157.28477
1873.61707 -152.27412
1876.30872 -155.45885
1879.00012 -158.73694
1881.69324 -117.43306
1884.38464 -160.35623
1887.07666 -157.77408
1889.76855 -160.07108
1892.46069 -155.44923
1895.15234 -160.15001
1897.84473 -116.44861
1900.53723 -160.56282
1903.22827 -158.51462
1905.92029 -153.06941
1908.61218 -154.97905
1911.30432 -161.07227
1913.99646 -115.37321
1916.68884 -163.00000
1919.38123 -159.06659
1922.07263 -153.86107
1924.76465 -154.64717
1927.45679 -163.71475
1930.14795 -114.62344
1932.84033 -166.64635
1935.53296 -157.40424
1938.22412 -167.36098
1940.91663 -155.38567
1943.60889 -167.51715
1946.30005 -114.08619
1948.99182 -169.03029
1951.68408 -157.51804
1954.37634 -156.15443
1957.06848 -155.27635
1959.76062 -172.14560
1962.45215 -113.77493
1965.14404 -183.74397
1967.83594 -156.53636
1970.52881 -155.43504
1973.22009 -155.83778
1975.91211 -180.29164
1978.60352 -113.55482
1981.29639 -171.78075
1983.98865 -155.47519
1986.68018 -164.71545
1989.37109 -156.67647
1992.06372 -168.49013
1994.75537 -113.74382
1997.44824 -167.74068
2000.13940 -155.60579
2002.83142 -160.57539
2005.52368 -157.17197
2008.21643 -165.49887
2010.90820 -113.57011
2013.60034 -163.38745
2016.29163 -154.79019
2018.98315 -154.97562
2021.67615 -159.42197
2024.36707 -161.41772
2027.05945 -114.12611
2029.75208 -160.43658
2032.44373 -154.58914
2035.13562 -158.60358
2037.82776 -160.83430
2040.52002 -159.64307
2043.21143 -114.56641
2045.90405 -159.48657
2048.59570 -154.89827
2051.28760 -161.77045
2053.97974 -161.37457
2056.67090 -158.62915
2059.36426 -115.08120
2062.05566 -157.76469
2064.74707 -154.58067
2067.43970 -153.32455
2070.13135 -163.57924
2072.82422 -157.17328
2075.51611 -116.04017
2078.20703 -156.49821
2080.89893 -154.99347
2083.59082 -155.71977
2086.28394 -162.20761
2088.97510 -156.71986
2091.66724 -116.93584
2094.35938 -156.57750
2097.05151 -155.92703
2099.74365 -158.87010
2102.43457 -161.40099
2105.12671 -156.26509
2107.81885 -117.87596
2110.51099 -155.83299
2113.20410 -155.73233
2115.89380 -152.28313
2118.58691 -160.15118
2121.27881 -155.83839
2123.97192 -119.53938
2126.66357 -155.36963
2129.35522 -156.83391
2132.04663 -154.98296
2134.73926 -158.50751
2137.43164 -156.15540
2140.12280 -120.87706
2142.81494 -156.03685
2145.50708 -158.21762
2148.19873 -157.50119
2150.89062 -157.89328
2153.58325 -156.38814
2156.27466 -121.93862
2158.96704 -156.05518
2161.65796 -158.28334
2164.35107 -152.10643
2167.04272 -156.63361
2169.73413 -156.87311
2172.42676 -125.10545
2175.11890 -156.52466
2177.81079 -159.82925
2180.50269 -156.26967
2183.19385 -156.07559
2185.88647 -157.77174
2188.57715 -126.13603
2191.27002 -157.93979
2193.96289 -160.08565
2196.65405 -157.11618
2199.34619 -156.10083
2202.03784 -158.57318
2204.73047 -127.82559
2207.42261 -158.34657
2210.11450 -160.12148
2212.80615 -153.00380
2215.49854 -155.61372
2218.19043 -160.16891
2220.88086 -130.07899
2223.57446 -160.08055
2226.26538 -160.77698
2228.95703 -159.28218
2231.65063 -155.63123
2234.34277 -161.90889
2237.03418 -130.40048
2239.72534 -162.78758
2242.41724 -159.41319
2245.10986 -156.91833
2247.80225 -155.96431
2250.49390 -164.22792
2253.18628 -128.99518
2255.87842 -163.63498
2258.56982 -158.99809
2261.26196 -154.70834
2263.95361 -155.94016
2266.64600 -166.63374
2269.33667 -131.18240
2272.02930 -168.46178
2274.72241 -158.41756
2277.41406 -165.06384
2280.10596 -156.83797
2282.79761 -169.98685
2285.48975 -128.78291
2288.18140 -169.42883
2290.87378 -157.61861
2293.56543 -156.20078
2296.25781 -157.37556
2298.94946 -168.75896
2301.64185 -128.11749
2304.33350 -168.33853
2307.02588 -158.13235
2309.71729 -156.55563
2312.40967 -158.04968
2315.10107 -166.40036
2317.79321 -129.06483
2320.48486 -166.77560
2323.17676 -157.31145
2325.86938 -164.89731
2328.56006 -158.87102
2331.25391 -164.46736
2333.94556 -126.24893
2336.63647 -163.15373
2339.32910 -157.55351
2342.02124 -155.30400
2344.71387 -158.58774
2347.40430 -162.01659
2350.09790 -125.57832
2352.78955 -162.55544
2355.48145 -158.42711
2358.17261 -158.01140
2360.86572 -158.77667
2363.55664 -161.00012
2366.24902 -124.75054
2368.94092 -161.03484
2371.63306 -158.27487
2374.32471 -161.34102
2377.01636 -159.03085
2379.70874 -160.08084
2382.40015 -122.88301
2385.09326 -159.49527
2387.78418 -159.28551
2390.47705 -154.88797
2393.16870 -158.29329
2395.85962 -159.18932
2398.55200 -122.24597
2401.24512 -160.17076
2403.93579 -160.65540
2406.62939 -159.54443
2409.32104 -157.73737
2412.01270 -159.10255
2414.70361 -121.41309
2417.39600 -159.43823
2420.08887 -160.82509
2422.78101 -160.19713
2425.47168 -157.17842
2428.16553 -158.96046
2430.85571 -119.89626
2433.54761 -159.08676
2436.23975 -162.73833
2438.93213 -155.75867
2441.62500 -156.48691
2444.31665 -159.05177
2447.00854 -119.80520
2449.70068 -160.03529
2452.39307 -163.07027
2455.08447 -161.39233
2457.77612 -156.38290
2460.46826 -159.59836
2463.16016 -118.98039
2465.85254 -160.18057
2468.54541 -162.78201
2471.23682 -161.76733
2473.92847 -156.38577
2476.62061 -160.48367
2479.31250 -118.32908
2482.00488 -160.65736
2484.69629 -163.19829
2487.38892 -157.29858
2490.07910 -155.88797
2492.77197 -161.01877
2495.46411 -118.53793
2498.15601 -162.72131
2500.84692 -161.45819
2503.54053 -163.08330
2506.23169 -156.09570
2508.92432 -162.87227
2511.61572 -117.89783
2514.30713 -163.52080
2517.00024 -160.92197
2519.69067 -166.92136
2522.38403 -156.27946
2525.07593 -164.80034
2527.76807 -118.14465
2530.45874 -164.98238
2533.15234 -159.74504
2535.84473 -159.01944
2538.53564 -156.60313
2541.22827 -166.93013
2543.91943 -118.54618
2546.61182 -169.21974
2549.30322 -158.79126
2551.99438 -160.79623
2554.68726 -157.16441
2557.38013 -170.81783
2560.07129 -118.52597
2562.76270 -172.19618
2565.45557 -158.82231
2568.14697 -176.69344
2570.83838 -157.53214
2573.53125 -176.65668
2576.22412 -119.08169
2578.91553 -176.65762
2581.60840 -157.88838
2584.29956 -159.28221
2586.99097 -158.39941
2589.68359 -177.15712
2592.37500 -120.07891
2595.06592 -177.99461
2597.76001 -157.41261
2600.45117 -158.14871
2603.14331 -159.45190
2605.83447 -172.75125
2608.52808 -120.37398
2611.22021 -174.70615
2613.91235 -157.77797
2616.60278 -167.37808
2619.29468 -159.69574
2621.98633 -170.89311
2624.67969 -121.93648
2627.37085 -170.02025
2630.06372 -157.34978
2632.75366 -158.31764
2635.44629 -160.70837
2638.13867 -167.91626
2640.82959 -123.44734
2643.52319 -167.23741
2646.21533 -157.52908
2648.90674 -156.77086
2651.59863 -160.23793
2654.28979 -166.36932
2656.98267 -124.34188
2659.67529 -167.75670
2662.36597 -158.07561
2665.05835 -164.63327
2667.75146 -160.32768
2670.44336 -166.91893
2673.13477 -127.76710
2675.82764 -166.40909
2678.51855 -158.38582
2681.21094 -157.67580
2683.90283 -160.79927
2686.59473 -165.92015
2689.28613 -130.48430
2691.97754 -165.53958
2694.67017 -158.79218
2697.36353 -156.57906
2700.05273 -159.49940
2702.74609 -166.05794
2705.43896 -133.31725
2708.13135 -167.35820
2710.82227 -159.23734
2713.51416 -165.75949
2716.20581 -159.58676
2718.89868 -168.16161
2721.58960 -138.64551
2724.28320 -168.01036
2726.97510 -159.36043
2729.66528 -158.10231
2732.35791 -159.24080
2735.05029 -168.14540
2737.74219 -140.94438
2740.43408 -168.55360
2743.12646 -159.95007
2745.81763 -158.14911
2748.50952 -158.94481
2751.20264 -171.15442
2753.89526 -135.17307
2756.58472 -173.27019
2759.27832 -159.23497
2761.97144 -172.06181
2764.66260 -159.39450
2767.35327 -172.73827
2770.04663 -130.46494
2772.73804 -171.78198
2775.43066 -158.79839
2778.12256 -159.66643
2780.81274 -159.72127
2783.50562 -173.12373
2786.19629 -129.93488
2788.89111 -174.48592
2791.58081 -159.02655
2794.27344 -161.74284
2796.96655 -159.38762
2799.65674 -170.40868
2802.34912 -128.91731
2805.04126 -168.84888
2807.73413 -158.31158
2810.42505 -171.10899
2813.11743 -160.32846
2815.80859 -167.10710
2818.50122 -127.05242
2821.19336 -165.97278
2823.88647 -158.04697
2826.57739 -161.86349
2829.26953 -161.86845
2831.96069 -165.23767
2834.65332 -127.90926
2837.34521 -164.85023
2840.03809 -158.29181
2842.72900 -170.19635
2845.42041 -162.57280
2848.11328 -163.13168
2850.80542 -127.56492
2853.49707 -162.00407
2856.18945 -157.57405
2858.87988 -162.72855
2861.57275 -164.03560
2864.26514 -161.61551
2866.95679 -127.66014
2869.64941 -160.79027
2872.34131 -157.66197
2875.03271 -162.80154
2877.72510 -164.62871
2880.41699 -160.41710
2883.10938 -128.75285
2885.79980 -160.22884
2888.49268 -158.07596
2891.18457 -170.85501
2893.87646 -166.42905
2896.56885 -159.57022
2899.26050 -129.46249
2901.95190 -158.76987
2904.64551 -158.31969
2907.33667 -159.12511
2910.02905 -165.07599
2912.72021 -158.71439
2915.41284 -130.18723
2918.10449 -158.58656
2920.79565 -159.29477
2923.48877 -162.80545
2926.18018 -162.88852
2928.87354 -158.56628
2931.56299 -132.63020
2934.25537 -158.42468
2936.94824 -159.56526
2939.64062 -164.50801
2942.33179 -162.25706
2945.02417 -158.19383
2947.71582 -133.50644
2950.40796 -157.74033
2953.10107 -159.95973
2955.79199 -157.93384
2958.48364 -160.70244
2961.17627 -158.04402
2963.86768 -134.42419
2966.56006 -158.23875
2969.25171 -162.26561
2971.94580 -164.21927
2974.63599 -159.44879
2977.32812 -158.34807
2980.02148 -134.09085
2982.71045 -158.69397
2985.40381 -162.52469
2988.09448 -163.11267
2990.78906 -159.16173
2993.48145 -158.73570
2996.17139 -132.16254
2998.86499 -158.39136
3001.55640 -163.83507
3004.24829 -159.02196
3006.93945 -158.34982
3009.63330 -159.22507
3012.32422 -132.01221
3015.01587 -159.88345
3017.70850 -165.45357
3020.39819 -169.57587
3023.09229 -157.88171
3025.78369 -160.34250
3028.47437 -130.14691
3031.16724 -160.97462
3033.85938 -163.80917
3036.55029 -163.51501
3039.24341 -158.18343
3041.93457 -161.63867
3044.62598 -129.12053
3047.31958 -161.49136
3050.01099 -164.90289
3052.70288 -162.91072
3055.39551 -157.66943
3058.08716 -163.15678
3060.77930 -129.21057
3063.47070 -164.45868
3066.16309 -162.74278
3068.85742 -170.74422
3071.54907 -158.03362
3074.23975 -165.99251
3076.93115 -128.08334
3079.62305 -167.08591
3082.31567 -160.74879
3085.00732 -162.67145
3087.69800 -158.71581
3090.39087 -169.90959
3093.08301 -128.63292
3095.77393 -169.41922
3098.46704 -161.13350
3101.16089 -173.06027
3103.85010 -158.78491
3106.54199 -177.10556
3109.23584 -128.98470
3111.92725 -185.02829
3114.61914 -159.58069
3117.31177 -161.65955
3120.00293 -160.29526
3122.69507 -182.49445
3125.38770 -129.19171
3128.07739 -176.84813
3130.76929 -159.56287
3133.46216 -160.29181
3136.15527 -160.84103
3138.84570 -171.60428
3141.53833 -129.80174
3144.22998 -173.09073
3146.92407 -159.98453
3149.61523 -168.85132
3152.30835 -161.61403
3154.99878 -167.43791
3157.69141 -131.39201
3160.38306 -166.06982
3163.07520 -158.81577
3165.76611 -157.66714
3168.45752 -163.72626
3171.14966 -164.29645
3173.84229 -131.31285
3176.53345 -164.14258
3179.22705 -158.91788
3181.91943 -157.78842
3184.60913 -163.12090
3187.30249 -162.72357
3189.99487 -131.90321
3192.68774 -163.18996
3195.37744 -159.65338
3198.06934 -162.23549
3200.76196 -163.37807
3203.45337 -161.34290
3206.14526 -131.48247
3208.83936 -160.94370
3211.53052 -159.87173
3214.22168 -155.60832
3216.91406 -162.09888
3219.60669 -160.25380
3222.29761 -129.96602
3224.98975 -160.35905
3227.68164 -161.56310
3230.37256 -156.60107
3233.06763 -160.48514
3235.75781 -159.98984
3238.44995 -128.21269
3241.14111 -160.33092
3243.83423 -162.46022
3246.52612 -160.38499
3249.21851 -160.17490
3251.90942 -159.62253
3254.60083 -126.89825
3257.29272 -159.32140
3259.98682 -163.12538
3262.67798 -154.81357
3265.36914 -158.97275
3268.06299 -159.36090
3270.75342 -125.26499
3273.44604 -159.51289
3276.13916 -166.60521
3278.82910 -156.55388
3281.52124 -158.44777
3284.21362 -159.61568
3286.90479 -124.31155
3289.59814 -160.08339
3292.29004 -167.17130
3294.98242 -160.46162
3297.67334 -157.84186
3300.36475 -160.29070
3303.06006 -123.46880
3305.75000 -160.00633
3308.44043 -167.87708
3311.13525 -155.40320
3313.82666 -157.05624
3316.51636 -160.52524
3319.20874 -122.48264
3321.90137 -161.05090
3324.59375 -166.99095
3327.28516 -157.49792
3329.97681 -157.29623
3332.66895 -161.47899
3335.36133 -122.09199
3338.05420 -162.29228
3340.74512 -164.78387
3343.43872 -162.96350
3346.12891 -157.36601
3348.82104 -162.84280
3351.51343 -121.63129
3354.20435 -162.70239
3356.89746 -164.32838
3359.58936 -156.86989
3362.28149 -157.50266
3364.97192 -163.56689
3367.66455 -121.33046
3370.35547 -164.56993
3373.04883 -161.74086
3375.74219 -158.66780
3378.43237 -157.78749
3381.12451 -165.16856
3383.81689 -121.22676
3386.50781 -166.98340
3389.20117 -160.50301
3391.89233 -168.30881
3394.58447 -158.23480
3397.27637 -166.68579
3399.96851 -121.33659
3402.66113 -167.20387
3405.35205 -160.16838
3408.04541 -158.83995
3410.73682 -159.39502
3413.42822 -166.97717
3416.12036 -121.32503
3418.81250 -166.71559
3421.50513 -158.71497
3424.19580 -158.59633
3426.88696 -160.88872
3429.58008 -166.45663
3432.27344 -121.94611
3434.96338 -166.77271
3437.65747 -158.66068
3440.34766 -167.55933
3443.04199 -161.79611
3445.73096 -165.96208
3448.42383 -122.23251
3451.11670 -165.79950
3453.80811 -158.56766
3456.49951 -160.19205
3459.19165 -163.38940
3461.88354 -165.09703
3464.57544 -122.80238
3467.26807 -163.80356
3469.96045 -157.99933
3472.65332 -157.59708
3475.34424 -165.92307
3478.03711 -163.66306
3480.72656 -123.86263
3483.42188 -163.28433
3486.11353 -158.79971
3488.80151 -163.70813
3491.49561 -166.39963
3494.18799 -162.99252
3496.88013 -124.72712
3499.57056 -162.64406
3502.26318 -158.81578
3504.95605 -159.39496
3507.64697 -167.01176
3510.33984 -162.48587
3513.03125 -126.01412
3515.72266 -161.40263
3518.41431 -158.89893
3521.10791 -156.77599
3523.79980 -166.19296
3526.49170 -161.68031
3529.18359 -127.73120
3531.87549 -161.79048
3534.56787 -160.37892
3537.26050 -162.25369
3539.95264 -164.37083
3542.64551 -161.76764
3545.33643 -129.39908
3548.02710 -161.96738
3550.71997 -160.69904
3553.41284 -159.17914
3556.10376 -164.31039
3558.79517 -161.85437
3561.48657 -131.52335
3564.17969 -161.28679
3566.87109 -161.40564
3569.56274 -156.82104
3572.25391 -162.30154
3574.94580 -162.19643
3577.63940 -135.35132
3580.33105 -162.52606
3583.02295 -163.78358
3585.71509 -163.42862
3588.40698 -161.16095
3591.10083 -162.75125
3593.79102 -136.58565
3596.48291 -163.48607
3599.17700 -163.67053
3601.86719 -159.79591
3604.55933 -160.61195
3607.25146 -163.51080
3609.94385 -139.45160
3612.63403 -163.53151
3615.32617 -164.22560
3618.02051 -158.43277
3620.71094 -160.40746
3623.40112 -165.24194
3626.09375 -140.83842
3628.78613 -166.21797
3631.47827 -164.16968
3634.17090 -168.46335
3636.86133 -160.62283
3639.55542 -166.89548
3642.24805 -138.09937
3644.93799 -168.20169
3647.63062 -163.17546
3650.32080 -161.40326
3653.01514 -160.28523
3655.70532 -169.52696
3658.39746 -135.12993
3661.09180 -169.82678
3663.78198 -163.59468
3666.47437 -161.91594
3669.16846 -160.29391
3671.85840 -174.28433
3674.55054 -135.76814
3677.24072 -181.42534
3679.93433 -162.26208
3682.62646 -182.61418
3685.31836 -160.96510
3688.01001 -182.72194
3690.70166 -134.26297
3693.39331 -178.30237
3696.08691 -161.34869
3698.77661 -163.23267
3701.46997 -161.71181
3704.16138 -176.25928
3706.85278 -133.78355
3709.54590 -181.27129
3712.23901 -161.98817
3714.93213 -167.86467
3717.62329 -162.59045
3720.31396 -172.24376
3723.00684 -134.92928
3725.69775 -170.62210
3728.38818 -160.75685
3731.08276 -167.23116
3733.77319 -164.04878
3736.46753 -168.52356
3739.15771 -134.93414
3741.85181 -167.35596
3744.54370 -160.80499
3747.23535 -163.43689
3749.92529 -164.11145
3752.61914 -166.13881
3755.31030 -135.35396
3758.00171 -166.76627
3760.69287 -161.34749
3763.38599 -182.57973
3766.07690 -164.98901
3768.76978 -164.53337
3771.46240 -138.45245
3774.15503 -164.02016
3776.84546 -160.41202
3779.53760 -163.13751
3782.22949 -165.38402
3784.91943 -163.57733
3787.61328 -137.19739
3790.30493 -163.41655
3792.99658 -161.86246
3795.68750 -162.89359
3798.38086 -164.91269
3801.07397 -162.81223
3803.76660 -138.38405
3806.45728 -163.33475
3809.14941 -162.09544
3811.84180 -174.67458
3814.53394 -164.27303
3817.22363 -162.36740
3819.91724 -138.19095
3822.60889 -161.90813
3825.30225 -162.29843
3827.99341 -161.74072
3830.68408 -162.85492
3833.37671 -162.32542
3836.06934 -135.61490
3838.76196 -162.47331
3841.45386 -164.34880
3844.14575 -163.45633
3846.83740 -162.51091
3849.52881 -162.48003
3852.21973 -135.62091
3854.91089 -162.91064
3857.60376 -164.54156
3860.29639 -174.05501
3862.98853 -161.43594
3865.68091 -163.00200
3868.37256 -132.85027
3871.06641 -162.25969
3873.75757 -165.35237
3876.44678 -162.50537
3879.13965 -161.31268
3881.83228 -163.54871
3884.52490 -132.00372
3887.21704 -163.94917
3889.91089 -166.28639
3892.59814 -165.79324
3895.29175 -161.11797
3897.98535 -164.75713
3900.67822 -131.65942
3903.36865 -165.56046
3906.05859 -165.76711
3908.75098 -174.81317
3911.44263 -161.16943
3914.13623 -166.55284
3916.82959 -129.92448
3919.52051 -165.70029
3922.21338 -165.25424
3924.90356 -166.19662
3927.59570 -161.17586
3930.28955 -168.26006
3932.97900 -130.33685
3935.67236 -169.12985
3938.36548 -163.88077
3941.05591 -169.07870
3943.74854 -161.08223
3946.44043 -170.85843
3949.13208 -129.82855
3951.82349 -172.24545
3954.51440 -162.82050
3957.20728 -168.32880
3959.89990 -162.04393
3962.59229 -176.94052
3965.28418 -129.38316
3967.97559 -175.74030
3970.66675 -163.20132
3973.35962 -176.90482
3976.05225 -162.41461
3978.74243 -183.51224
3981.43652 -130.34776
3984.12817 -180.67622
3986.81909 -162.45680
3989.51221 -165.05048
3992.20483 -162.61331
3994.89722 -179.07909
3997.58667 -130.69911
4000.28052 -174.33289
4002.97144 -161.25716
4005.66431 -163.18863
4008.35693 -163.57114
4011.04883 -172.05135
4013.74072 -130.64244
4016.43213 -172.08749
4019.12305 -161.51112
4021.81592 -172.25887
4024.50806 -164.23640
4027.19995 -169.79915
4029.89136 -132.54774
4032.58252 -167.79192
4035.27563 -160.99850
4037.96777 -161.18010
4040.65967 -165.66481
4043.35156 -167.30629
4046.04272 -133.33258
4048.73560 -166.09021
4051.42822 -161.05891
4054.11816 -160.27505
4056.80957 -165.57884
4059.50562 -165.09741
4062.19629 -133.88820
4064.88672 -165.55931
4067.57861 -161.91705
4070.27295 -165.14095
4072.96167 -164.12666
4075.65454 -164.88432
4078.34717 -136.46251
4081.03955 -163.87560
4083.73315 -161.97313
4086.42212 -159.06967
4089.11719 -164.37817
4091.80762 -163.54915
4094.49951 -136.84804
4097.19092 -163.41451
4099.88379 -163.25806
4102.57471 -159.08368
4105.26709 -163.64717
4107.95850 -163.03508
4110.64990 -136.09579
4113.34326 -163.58826
4116.03564 -163.77319
4118.72754 -163.68993
4121.41943 -162.74664
4124.11035 -163.26700
4126.80322 -135.69556
4129.49561 -162.88205
4132.18750 -164.37083
4134.87891 -158.40178
4137.56934 -161.82983
4140.26221 -162.85817
4142.95605 -134.74535
4145.64551 -163.10637
4148.33887 -166.47496
4151.03125 -159.52821
4153.72363 -160.97649
4156.41553 -163.15703
4159.10840 -132.62708
4161.79932 -164.15436
4164.49170 -165.53529
4167.18311 -164.37740
4169.87207 -160.90102
4172.56738 -163.83757
4175.25781 -132.00272
4177.95166 -163.84830
4180.64307 -166.62688
4183.33594 -159.07706
4186.02832 -160.56694
4188.71777 -164.36934
4191.40918 -131.17534
4194.10449 -165.17885
4196.79248 -167.79469
4199.48438 -161.14481
4202.17822 -160.32845
4204.87109 -165.52307
4207.56348 -130.15045
4210.25488 -166.74254
4212.94385 -166.16589
4215.63916 -167.93062
4218.32959 -160.47432
4221.02148 -166.60678
4223.71240 -129.66101
4226.40527 -167.14107
4229.09766 -166.15350
4231.78955 -161.08949
4234.48291 -160.72130
4237.17334 -168.41959
4239.86523 -129.63313
4242.55713 -169.23204
4245.25000 -165.53705
4247.94287 -164.30634
4250.63281 -161.14313
4253.32617 -170.77260
4256.01709 -129.02005
4258.70947 -174.41811
4261.40137 -164.83838
4264.09229 -173.91202
4266.78516 -161.42081
4269.47754 -173.58983
4272.16895 -129.38820
4274.86279 -173.41232
4277.55273 -164.42775
4280.24463 -163.93445
4282.93848 -161.78342
4285.62939 -177.83955
4288.32129 -129.37234
4291.01318 -181.04422
4293.70654 -164.33591
4296.39697 -168.05826
4299.09131 -162.52840
4301.78027 -179.70992
4304.47314 -129.52733
4307.16602 -179.23203
4309.85742 -163.49501
4312.54834 -174.26474
4315.24121 -162.78481
4317.93311 -180.83185
4320.62451 -130.30350
4323.31738 -179.78804
4326.00732 -163.14305
4328.69922 -167.78569
4331.39453 -162.97871
4334.08740 -176.83809
4336.77686 -130.41165
4339.46777 -177.57826
4342.16064 -162.93315
4344.85254 -167.36400
4347.54639 -164.38197
4350.23730 -174.42801
4352.92676 -130.93217
4355.62354 -172.15926
4358.31152 -163.22079
4361.00439 -170.93938
4363.69629 -163.67201
4366.38965 -174.37483
4369.08008 -131.60461
4371.77197 -174.83438
4374.46582 -163.98111
4377.15625 -169.99995
4379.84814 -163.83138
4382.53955 -173.63657
4385.23291 -131.94789
4387.92529 -174.06520
4390.61621 -162.58319
4393.30957 -166.27147
4396.00000 -164.06348
4398.69385 -173.28004
4401.38477 -132.34424
4404.07715 -171.47777
4406.76904 -163.66957
4409.45996 -172.21246
4412.15283 -163.59604
4414.84473 -174.97507
4417.53564 -133.10683
4420.22852 -175.91951
4422.92041 -163.96973
4425.61133 -168.61200
4428.30420 -163.61998
4430.99609 -175.84813
4433.68750 -132.81021
4436.38037 -175.33868
4439.07227 -163.15485
4441.76318 -166.02917
4444.45605 -163.70142
4447.14844 -178.21468
4449.83936 -133.20650
4452.53223 -176.94942
4455.22461 -163.53694
4457.91553 -182.22951
4460.60840 -163.69690
4463.30029 -179.87978
4465.99170 -133.67912
4468.68457 -179.94810
4471.37646 -162.14389
4474.06787 -165.15799
4476.76074 -163.90033
4479.45264 -178.53236
4482.14355 -133.41081
4484.83594 -175.52820
4487.52832 -162.47968
4490.22168 -165.57924
4492.91162 -164.32204
4495.60596 -174.01201
4498.29688 -134.08914
4500.98926 -176.11125
4503.67871 -162.87666
4506.37158 -175.11937
4509.06445 -165.07799
4511.75586 -171.59680
4514.44873 -134.26642
4517.14111 -169.90193
4519.83008 -161.68312
4522.52344 -162.08902
4525.21777 -165.97353
4527.90918 -169.39500
4530.59961 -135.16681
4533.29150 -168.79466
4535.98242 -162.03676
4538.67480 -164.36633
4541.36914 -166.96960
4544.06006 -167.26462
4546.75000 -136.04585
4549.44434 -167.69444
4552.13770 -161.75137
4554.82715 -167.12666
4557.51855 -167.12297
4560.21143 -165.97414
4562.90088 -137.41052
4565.59473 -164.97406
4568.28711 -160.90523
4570.97900 -159.97380
4573.67236 -168.03889
4576.36230 -165.14491
4579.05371 -138.26097
4581.74707 -164.59904
4584.43896 -162.30756
4587.12988 -162.87680
4589.82324 -167.37926
4592.51465 -163.91595
4595.20557 -139.90076
4597.89844 -164.18555
4600.59229 -162.66235
4603.28516 -163.49503
4605.97510 -166.53253
4608.66602 -163.47166
4611.36133 -140.26859
4614.05322 -162.72346
4616.74414 -163.23695
4619.43408 -158.95502
4622.12549 -165.64162
4624.81836 -162.95734
4627.51025 -139.24014
4630.20166 -163.30939
4632.89453 -164.76573
4635.58594 -162.47041
4638.27930 -163.74374
4640.97119 -162.90340
4643.66016 -137.68456
4646.35547 -162.93959
4649.04980 -165.10730
4651.74072 -162.63049
4654.43066 -163.38960
4657.12207 -163.10091
4659.81250 -136.12717
4662.50684 -162.69044
4665.19775 -165.68427
4667.89014 -158.97362
4670.58398 -162.18610
4673.27441 -163.18262
4675.96680 -134.04134
4678.65771 -164.10591
4681.35010 -168.79106
4684.04395 -163.69360
4686.73486 -161.58578
4689.42676 -163.52486
4692.12012 -132.79474
4694.81055 -164.21141
4697.50195 -168.48047
4700.19482 -164.00212
4702.88672 -161.05476
4705.57812 -164.67308
4708.27051 -131.53157
4710.96191 -164.64267
4713.65527 -169.89183
4716.34473 -160.42416
4719.03809 -160.26852
4721.73047 -166.08458
4724.42188 -130.51009
4727.11475 -167.05478
4729.80664 -167.74112
4732.49756 -165.69113
4735.18994 -160.86668
4737.88135 -166.73903
4740.57373 -130.05522
4743.26562 -168.77435
4745.95898 -166.28580
4748.65137 -168.64833
4751.34229 -161.15704
4754.03467 -168.66846
4756.72656 -129.30205
4759.41699 -169.24045
4762.10889 -164.95679
4764.80225 -162.81410
4767.49463 -161.32297
4770.18604 -171.17561
4772.87891 -128.94513
4775.57031 -170.88826
4778.26123 -163.09395
4780.95312 -165.30276
4783.64697 -162.07715
4786.33936 -172.49376
4789.03076 -128.80597
4791.72070 -172.06317
4794.41309 -162.05946
4797.10596 -177.13957
4799.79834 -162.61604
4802.48926 -169.91008
4805.17969 -128.76292
4807.87061 -169.61890
4810.56348 -161.18481
4813.25830 -163.49460
4815.94873 -164.29752
4818.64111 -167.90282
4821.33203 -128.64722
4824.02441 -166.23808
4826.71631 -160.64899
4829.40918 -161.34987
4832.10059 -167.44138
4834.79395 -165.73048
4837.48633 -129.14481
4840.17725 -165.05243
4842.86963 -160.65869
4845.55811 -166.65514
4848.25391 -169.88274
4850.94531 -163.59761
4853.63818 -129.23659
4856.33008 -163.30214
4859.02100 -160.60979
4861.71094 -161.00432
4864.40430 -173.30632
4867.09668 -162.25960
4869.78857 -129.82013
4872.48145 -161.60391
4875.17041 -160.16385
4877.86621 -158.46530
4880.55566 -176.68164
4883.24902 -161.14937
4885.93848 -130.44122
4888.63232 -160.93529
4891.32471 -160.80650
4894.01611 -162.14865
4896.70898 -175.14471
4899.40332 -160.18185
4902.09375 -130.76654
4904.78564 -160.19632
4907.47607 -161.07233
4910.16846 -158.69127
4912.85938 -169.47534
4915.55469 -159.39671
4918.24561 -131.30670
4920.93799 -159.11766
4923.62939 -161.35529
4926.31982 -156.80702
4929.01416 -166.61366
4931.70459 -158.95866
4934.39648 -132.13216
4937.08691 -158.95815
4939.78223 -163.05273
4942.47266 -160.25417
4945.16211 -164.13510
4947.85596 -158.69339
4950.54590 -132.01514
4953.24023 -158.67134
4955.93311 -163.73238
4958.62402 -157.77638
4961.31738 -162.85092
4964.00928 -158.41760
4966.70215 -131.95914
4969.39160 -158.23479
4972.08447 -165.22244
4974.77686 -156.45447
4977.46777 -161.50859
4980.16016 -158.47409
4982.85352 -132.10506
4985.54297 -158.67183
4988.23438 -168.10445
4990.92969 -160.08868
4993.62109 -160.51054
4996.31152 -158.63316
4999.00293 -131.22922
5001.69531 -158.59825
5004.38721 -169.63177
5007.08057 -157.78528
5009.77197 -159.92529
5012.46240 -158.77411
5015.15430 -130.77069
5017.84766 -158.62950
5020.54004 -176.89139
5023.23047 -157.10216
5025.92285 -159.25032
5028.61377 -159.32033
5031.30615 -130.54233
5034.00293 -159.61092
5036.69238 -182.60588
5039.38330 -161.31100
5042.07568 -159.05475
5044.77002 -159.82529
5047.45996 -129.88121
5050.15381 -159.90686
5052.84375 -179.16916
5055.53516 -158.91685
5058.22510 -158.98935
5060.91943 -160.58922
5063.60938 -129.50873
5066.30127 -160.35251
5068.99414 -173.02405
5071.68848 -158.68456
5074.37891 -158.40282
5077.07324 -161.49950
5079.76123 -129.73177
5082.45557 -161.95164
5085.14893 -168.14839
5087.83789 -164.27892
5090.53125 -159.03273
5093.22314 -162.30026
5095.91650 -129.07346
5098.60840 -162.85487
5101.29883 -167.39674
5103.99121 -161.29387
5106.68408 -159.52646
5109.37354 -163.62254
5112.06689 -129.29849
5114.75928 -163.43488
5117.45020 -165.26114
5120.14160 -161.00307
5122.83252 -159.95384
5125.52734 -165.00415
5128.21826 -129.66212
5130.91309 -165.82578
5133.60400 -164.06369
5136.29346 -169.31053
5138.98682 -161.06610
5141.67920 -165.78882
5144.37256 -129.57709
5147.06152 -166.75818
5149.75537 -163.87897
5152.44727 -164.78880
5155.13770 -161.60208
5157.83008 -167.65472
5160.52051 -130.10204
5163.21289 -167.27803
5165.90625 -162.90707
5168.60107 -164.27364
5171.28906 -162.08311
5173.98389 -169.11258
5176.67432 -130.80127
5179.36621 -169.73302
5182.06006 -162.65009
5184.75146 -174.26982
5187.43896 -163.75372
5190.13379 -169.44307
5192.82422 -130.98735
5195.51855 -171.33076
5198.20898 -162.66003
5200.90088 -169.75914
5203.59424 -164.70439
5206.28613 -170.82132
5208.97900 -132.01868
5211.67041 -169.57794
5214.36084 -162.29007
5217.05518 -166.38228
5219.74805 -165.27255
5222.43652 -171.55966
5225.13232 -132.80745
5227.82031 -171.04610
5230.51025 -162.77191
5233.20410 -173.68793
5235.89746 -165.80222
5238.59131 -171.25153
5241.28125 -132.93900
5243.97461 -171.74757
5246.66455 -163.04680
5249.35547 -172.16888
5252.04785 -167.17691
5254.74121 -171.74959
5257.43359 -134.34129
5260.12695 -170.47124
5262.81641 -162.60921
5265.50977 -166.75975
5268.20117 -166.98059
5270.89160 -172.28203
5273.58643 -134.25404
5276.27637 -172.05687
5278.96777 -163.43857
5281.66064 -173.97549
5284.35547 -166.79176
5287.04541 -172.36046
5289.73633 -134.84435
5292.42920 -171.99176
5295.12012 -164.11650
5297.81299 -170.71382
5300.50684 -166.91171
5303.19873 -173.63632
5305.88965 -135.25955
5308.58203 -172.17531
5311.27246 -162.84010
5313.96729 -166.75610
5316.65771 -167.48474
5319.34619 -172.96939
5322.04004 -134.39294
5324.73389 -173.79466
5327.42432 -164.68344
5330.11523 -179.30011
5332.80811 -166.69206
5335.50244 -172.60077
5338.19434 -135.12646
5340.88574 -171.57288
5343.57471 -163.74126
5346.27148 -167.10977
5348.96045 -166.92191
5351.65430 -172.07227
5354.34326 -134.65111
5357.03613 -170.45734
5359.72754 -162.79298
5362.42090 -165.56808
5365.11230 -167.79962
5367.80762 -170.06500
5370.49609 -134.28447
5373.18848 -170.55426
5375.87939 -164.12718
5378.57178 -172.68954
5381.26514 -168.36023
5383.95410 -169.24854
5386.65039 -134.86563
5389.34180 -168.09186
5392.03516 -162.15335
5394.72656 -163.18770
5397.41650 -169.85857
5400.10742 -167.05440
5402.80273 -134.71750
5405.49072 -166.80176
5408.18604 -162.22639
5410.87646 -163.71634
5413.56836 -172.32471
5416.26172 -165.99432
5418.95020 -134.69922
5421.64307 -165.85429
5424.33496 -163.16893
5427.03027 -166.38869
5429.72119 -171.23367
5432.41016 -164.81378
5435.10449 -136.10199
5437.79590 -164.43300
5440.48926 -162.58539
5443.18115 -160.73036
5445.87109 -172.50899
5448.56543 -163.82986
5451.25537 -135.90700
5453.94971 -163.69786
5456.64160 -163.28792
5459.33203 -162.01518
5462.02441 -169.57404
5464.71777 -163.07199
5467.40674 -136.25835
5470.09961 -163.23732
5472.79053 -163.53123
5475.48340 -163.60583
5478.17432 -168.35289
5480.86670 -162.61984
5483.56006 -137.80542
5486.25244 -162.38869
5488.94238 -163.62549
5491.63379 -159.35573
5494.32666 -167.86304
5497.01758 -162.18163
5499.71094 -137.41833
5502.40430 -162.42097
5505.09668 -164.37227
5507.78711 -161.13913
5510.47852 -165.98230
5513.16846 -161.76942
5515.86328 -137.47095
5518.55518 -162.09637
5521.24609 -164.55020
5523.93848 -162.81570
5526.62891 -165.08191
5529.32373 -161.94221
5532.01709 -137.98026
5534.70898 -161.79733
5537.40137 -165.76901
5540.09229 -159.01709
5542.78125 -163.70763
5545.47461 -162.01337
5548.16699 -137.13393
5550.85986 -162.10127
5553.55176 -169.42155
5556.24121 -161.90706
5558.93555 -163.44257
5561.62793 -162.31148
5564.31836 -136.11974
5567.00977 -162.77025
5569.70264 -172.19571
5572.39453 -163.10725
5575.08740 -162.27788
5577.77832 -162.74042
5580.46973 -136.19630
5583.16406 -162.72023
5585.85547 -171.84538
5588.54541 -159.91699
5591.23633 -162.12674
5593.92969 -163.45934
5596.62354 -134.92720
5599.31543 -163.71480
5602.00586 -173.13016
5604.70020 -164.01318
5607.39014 -161.71465
5610.08105 -164.26953
5612.77637 -134.51953
5615.46777 -164.83748
5618.15918 -172.69096
5620.85254 -164.94199
5623.54395 -161.28078
5626.23633 -165.61040
5628.92773 -134.45857
5631.61670 -165.63522
5634.31055 -172.63698
5637.00195 -161.87801
5639.69775 -162.03978
5642.38867 -167.19914
5645.08105 -133.96541
5647.77148 -167.57529
5650.46387 -168.22208
5653.15381 -168.16539
5655.84521 -162.39879
5658.53760 -168.81734
5661.23145 -133.61942
5663.92383 -170.22502
5666.61377 -167.43242
5669.30566 -169.30588
5671.99805 -162.46529
5674.69238 -171.75000
5677.38477 -134.11842
5680.07520 -171.34084
5682.76660 -166.90353
5685.45654 -165.29346
5688.15039 -163.62552
5690.83984 -175.17551
5693.53418 -133.85831
5696.22559 -176.98944
5698.91553 -165.83504
5701.61035 -172.28180
5704.30225 -164.03676
5706.99268 -179.68582
5709.68506 -134.27843
5712.38086 -189.42786
5715.06934 -164.79099
5717.76172 -175.65894
5720.45312 -164.97049
5723.14453 -182.65163
5725.83447 -135.07265
5728.52930 -187.59775
5731.22168 -165.31799
5733.91211 -170.05176
5736.60742 -165.14760
5739.29443 -178.84261
5741.98926 -135.27089
5744.68213 -175.61424
5747.37256 -164.30772
5750.06445 -168.72069
5752.75781 -166.75777
5755.44922 -175.93385
5758.14160 -136.59869
5760.83545 -174.02213
5763.52783 -164.98135
5766.21777 -175.96127
5768.90918 -167.32686
5771.60156 -173.14452
5774.29590 -137.72063
5776.98438 -172.83861
5779.67725 -164.47353
5782.36865 -170.73352
5785.06104 -168.48602
5787.75488 -171.17767
5790.44385 -138.72163
5793.13672 -169.60674
5795.82764 -164.31975
5798.52051 -165.31903
5801.21387 -169.63382
5803.90576 -170.19357
5806.59863 -140.32533
5809.28955 -169.69386
5811.98193 -165.35602
5814.67236 -172.82028
5817.36719 -168.41855
5820.05664 -169.59340
5822.74805 -142.53322
5825.43994 -169.76427
5828.13281 -166.26813
5830.82764 -168.29990
5833.51758 -167.32191
5836.20801 -169.51810
5838.90039 -144.05273
5841.59277 -167.80154
5844.28418 -165.49483
5846.97705 -164.34854
5849.66748 -166.53445
5852.35889 -168.78117
5855.05176 -147.02272
5857.74609 -169.35780
5860.43506 -166.74878
5863.12891 -174.28612
5865.82324 -165.79791
5868.51270 -168.89934
5871.20654 -148.81493
5873.89551 -169.23596
5876.58887 -166.94630
5879.27979 -166.61530
5881.97266 -166.79364
5884.66602 -169.60902
5887.35791 -150.21887
5890.04785 -168.50418
5892.74170 -166.55600
5895.43359 -164.78391
5898.12695 -165.07193
5900.81494 -169.95906
5903.51074 -150.49242
5906.19824 -170.82512
5908.89355 -168.37474
5911.58643 -179.59491
5914.27734 -165.12134
5916.96973 -169.46169
5919.65918 -149.97765
5922.35107 -170.23993
5925.04395 -167.23601
5927.73730 -165.46756
5930.42578 -165.34630
5933.11963 -170.98268
5935.81055 -150.72557
5938.50293 -170.29803
5941.19238 -167.90007
5943.88721 -166.83063
5946.58008 -164.73401
5949.27051 -170.51294
5951.96582 -149.83476
5954.65576 -171.89168
5957.34668 -167.19514
5960.03857 -174.91406
5962.73193 -165.62315
5965.42383 -171.33559
5968.11572 -149.04150
5970.80615 -170.30054
5973.49854 -167.31317
5976.19141 -164.86130
5978.88184 -165.48544
5981.57422 -170.07153
5984.26758 -148.19975
5986.95850 -170.89253
5989.65088 -168.57419
5992.34131 -168.72685
5995.03613 -164.98834
5997.72559 -170.17957
6000.41992 -147.03574
6003.11475 -171.32436
6005.80469 -167.27081
6008.49561 -169.73607
6011.18750 -165.09093
6013.87793 -170.06393
6016.57275 -144.99782
6019.26514 -169.37558
6021.95557 -168.19536
6024.64746 -164.43268
6027.33984 -164.28044
6030.03027 -169.99213
6032.72266 -143.02388
6035.41943 -170.48393
6038.10645 -168.91599
6040.79883 -170.96577
6043.49219 -164.10497
6046.18359 -169.42294
6048.87646 -141.40965
6051.56689 -170.06952
6054.25830 -169.02112
6056.95068 -168.19876
6059.64160 -165.06604
6062.33643 -169.87245
6065.02637 -139.72923
6067.71729 -169.31117
6070.41260 -172.60509
6073.10254 -164.54289
6075.79395 -164.06355
6078.48633 -170.14102
6081.17969 -137.99342
6083.87109 -170.89711
6086.56006 -168.87715
6089.25391 -171.92036
6091.94580 -163.60313
6094.63867 -170.60301
6097.33203 -137.27150
6100.02441 -171.43703
6102.71729 -168.68730
6105.40820 -169.70386
6108.09668 -163.61494
6110.79004 -171.47113
6113.48096 -135.93285
6116.17285 -170.83243
6118.86670 -168.53362
6121.55469 -165.62357
6124.25342 -163.57280
6126.94092 -172.39912
6129.63184 -135.06619
6132.32471 -172.25381
6135.02197 -166.85983
6137.70996 -170.52962
6140.40283 -163.80801
6143.09375 -172.62952
6145.78564 -134.51192
6148.47852 -173.29472
6151.17236 -165.94989
6153.86133 -174.08389
6156.55762 -163.90681
6159.24512 -173.43869
6161.93750 -133.82857
6164.63086 -172.07323
6167.32178 -164.58806
6170.01416 -165.77545
6172.70410 -164.77130
6175.39844 -172.07588
6178.09082 -133.67686
6180.78125 -170.97484
6183.47217 -163.71269
6186.16797 -167.46783
6188.85840 -165.27095
6191.54980 -169.74007
6194.24268 -133.42526
6196.93311 -170.32477
6199.62451 -163.75653
6202.31738 -174.60747
6205.01074 -166.20657
6207.70264 -168.30368
6210.39258 -133.33565
6213.08594 -167.81825
6215.77832 -163.78258
6218.47119 -164.30531
6221.15771 -168.29543
6223.85303 -166.67641
6226.54688 -133.38902
6229.23730 -165.83885
6231.92871 -162.13412
6234.62207 -163.62828
6237.31250 -169.91216
6240.00488 -165.24316
6242.70117 -133.80664
6245.39258 -165.21385
6248.08105 -162.28224
6250.77393 -168.04480
6253.46875 -174.90230
6256.15723 -164.13654
6258.85010 -133.89540
6261.54102 -163.77907
6264.23340 -162.78931
6266.92627 -161.80511
6269.62109 -182.71153
6272.30957 -162.83702
6275.00293 -134.55031
6277.69434 -162.48323
6280.38623 -162.12418
6283.07617 -161.16389
6285.77051 -178.99429
6288.45898 -162.30838
6291.15625 -135.05951
6293.84326 -162.19116
6296.53906 -162.87050
6299.22900 -164.15520
6301.91992 -176.98721
6304.61230 -161.53949
6307.30518 -135.64868
6309.99609 -161.31003
6312.68848 -162.77760
6315.38184 -159.96169
6318.07324 -171.16519
6320.76465 -161.06110
6323.45801 -136.36617
6326.14941 -160.59875
6328.84180 -163.67090
6331.53076 -159.85475
6334.22559 -167.61687
6336.91797 -160.77045
6339.61035 -136.86925
6342.30176 -160.73245
6344.99316 -165.32385
6347.68652 -162.63177
6350.37695 -164.98962
6353.06934 -160.58626
6355.76221 -136.79115
6358.45312 -160.33817
6361.14502 -165.47557
6363.83496 -159.31612
6366.52881 -164.29071
6369.22070 -160.28932
6371.90967 -136.99812
6374.60400 -160.09711
6377.29541 -167.18202
6379.98828 -159.35271
6382.67871 -163.20128
6385.37061 -160.63631
6388.06689 -136.86601
6390.75391 -160.81552
6393.45215 -171.99881
6396.13770 -162.38200
6398.83203 -162.22517
6401.52637 -160.65361
6404.21875 -135.81511
6406.90918 -160.80687
6409.60010 -172.92006
6412.28955 -159.98810
6414.98633 -161.58191
6417.67773 -161.03258
6420.37012 -135.41196
6423.05957 -160.81645
6425.75098 -178.37802
6428.44287 -160.36501
6431.13574 -161.35556
6433.82715 -161.47087
6436.51855 -134.94711
6439.20850 -161.94810
6441.90625 -184.51544
6444.59473 -163.79492
6447.29053 -160.80072
6449.97803 -162.01700
6452.66992 -134.06006
6455.36230 -162.35947
6458.05957 -174.61050
6460.74756 -161.40889
6463.44043 -160.37459
6466.13379 -162.74503
6468.82520 -133.59734
6471.51807 -162.78896
6474.20801 -170.18230
6476.89893 -162.27184
6479.59082 -160.09576
6482.28076 -163.58974
6484.97510 -133.54771
6487.67090 -164.11960
6490.35693 -167.96765
6493.05127 -167.41833
6495.74268 -160.53497
6498.43555 -164.32817
6501.12988 -132.92210
6503.81787 -164.74484
6506.51074 -166.76079
6509.20410 -164.34285
6511.89551 -161.56108
6514.58789 -165.42438
6517.28125 -133.14825
6519.97266 -165.47502
6522.66113 -165.73019
6525.35840 -164.08412
6528.04590 -162.21436
6530.73730 -166.16255
6533.43359 -133.20267
6536.12500 -166.44637
6538.81299 -164.09288
6541.50586 -170.41927
6544.19922 -162.96686
6546.89453 -166.28941
6549.58398 -133.12846
6552.27344 -166.25134
6554.96826 -164.03423
6557.65674 -167.33562
6560.35059 -164.84424
6563.04150 -166.35330
6565.73291 -133.65790
6568.42969 -165.64322
6571.12061 -162.88199
6573.80859 -164.18840
6576.50146 -165.46503
6579.19482 -166.54350
6581.88672 -134.26776
6584.57910 -166.11304
6587.27246 -162.37323
6589.96338 -167.26857
6592.65576 -167.69037
6595.34570 -165.42288
6598.03955 -134.46576
6600.72803 -165.38263
6603.42090 -162.80609
6606.11523 -167.46558
6608.80615 -170.37097
6611.49902 -164.45370
6614.19238 -135.57640
6616.88428 -164.33961
6619.57275 -162.46831
6622.26562 -162.71867
6624.95654 -173.94254
6627.64844 -164.45351
6630.34180 -136.56514
6633.03613 -163.93507
6635.72705 -163.07257
6638.41992 -164.93198
6641.10938 -185.95891
6643.80469 -163.72556
6646.49365 -137.15880
6649.18262 -163.87431
6651.87744 -164.21733
6654.56934 -165.49995
6657.26270 -180.95287
6659.95215 -163.07512
6662.64404 -139.06145
6665.33691 -162.93948
6668.03027 -163.47276
6670.72168 -161.78345
6673.41357 -174.73592
6676.10742 -163.07405
6678.79785 -140.03607
6681.48926 -162.97888
6684.18213 -164.01866
6686.87598 -163.97713
6689.56738 -171.39035
6692.25635 -162.76776
6694.95020 -141.21803
6697.64111 -163.18567
6700.33643 -165.11295
6703.02637 -164.91139
6705.71680 -170.22479
6708.41211 -162.70728
6711.10059 -143.53545
6713.79443 -162.50676
6716.48535 -165.91037
6719.17773 -161.63550
6721.87061 -167.59854
6724.56152 -163.02084
6727.25342 -144.87666
6729.94629 -163.04352
6732.63623 -168.27823
6735.32764 -164.63426
6738.02344 -167.03961
6740.71338 -163.07335
6743.40381 -144.18643
6746.09961 -163.47061
6748.78906 -167.86411
6751.48340 -165.29112
6754.17432 -165.75275
6756.86719 -163.28905
6759.55664 -146.14426
6762.25146 -163.08876
6764.93945 -169.31744
6767.63232 -162.21152
6770.32666 -165.06770
6773.01807 -163.83618
6775.71094 -145.34380
6778.40088 -164.06958
6781.09180 -171.83730
6783.78711 -166.23657
6786.47705 -165.71320
6789.17090 -164.18068
6791.86279 -143.90059
6794.55127 -164.10034
6797.24512 -171.71460
6799.93604 -165.65599
6802.62793 -164.85661
6805.32129 -164.59648
6808.01172 -144.17873
6810.70312 -164.48758
6813.39551 -174.39424
6816.08936 -163.42323
6818.78418 -164.34695
6821.47217 -165.21654
6824.16504 -143.66855
6826.85547 -165.40204
6829.55078 -176.89607
6832.23926 -168.20514
6834.92920 -163.95702
6837.62402 -165.22716
6840.31982 -142.22714
6843.00879 -165.12370
6845.69922 -173.31779
6848.39062 -165.77866
6851.08350 -164.07616
6853.77686 -166.21567
6856.46729 -142.54660
6859.15918 -165.23590
6861.85156 -175.07257
6864.54590 -164.24260
6867.23730 -163.92487
6869.92969 -166.02968
6872.61914 -141.16266
6875.31348 -166.67352
6878.00537 -173.43817
6880.69385 -170.09589
6883.38818 -163.02635
6886.07910 -165.90154
6888.77148 -140.06000
6891.46436 -166.06696
6894.15479 -172.44487
6896.85010 -165.01595
6899.54199 -162.94476
6902.23193 -166.80440
6904.92676 -139.90622
6907.61475 -165.83221
6910.30811 -174.85675
6912.99805 -164.87135
6915.68945 -162.63460
6918.38574 -166.58394
6921.07471 -138.32494
6923.76953 -166.78859
6926.45752 -171.57356
6929.14990 -170.99110
6931.84766 -162.69011
6934.53516 -166.49596
6937.22656 -137.86136
6939.92383 -166.75371
6942.61328 -171.57312
6945.30176 -164.60175
6947.99365 -162.47908
6950.68750 -166.95166
6953.37793 -136.93921
6956.07324 -166.95657
6958.76221 -171.14009
6961.45557 -165.76779
6964.14648 -162.25061
6966.83887 -166.80084
6969.53174 -135.97620
6972.22217 -167.09596
6974.91406 -168.58362
6977.60645 -171.06865
6980.29980 -162.82964
6982.99365 -166.95908
6985.68555 -135.64035
6988.37451 -166.94075
6991.06836 -167.46495
6993.75928 -165.23683
6996.45068 -162.81148
6999.14355 -167.20973
7001.83398 -134.96643
7004.52930 -166.78735
7007.21729 -165.97940
7009.91113 -165.47960
7012.60156 -162.61250
7015.29297 -166.76109
7017.98535 -134.42323
7020.67871 -167.39041
7023.37354 -165.66954
7026.06543 -172.09995
7028.75439 -163.24115
7031.44824 -166.70290
7034.13965 -134.29887
7036.83105 -166.67114
7039.52441 -164.67929
7042.21436 -165.43474
7044.90625 -163.79678
7047.59814 -166.46022
7050.29199 -134.03214
7052.98242 -165.67061
7055.67773 -163.25899
7058.36963 -164.46344
7061.05566 -163.80817
7063.75439 -165.74869
7066.44238 -133.89885
7069.13867 -165.39197
7071.82861 -164.02873
7074.51562 -169.84558
7077.21143 -165.48251
7079.90430 -164.97702
7082.59473 -134.22249
7085.28564 -165.17792
7087.97803 -162.98010
7090.67139 -164.26402
7093.36133 -167.62230
7096.05273 -164.64825
7098.74512 -133.96144
7101.43848 -163.96690
7104.12891 -162.13361
7106.82422 -162.56239
7109.51709 -169.35690
7112.20264 -163.72360
7114.89746 -134.42262
7117.58887 -163.41763
7120.28223 -162.49815
7122.97559 -166.47308
7125.66650 -171.41382
7128.35840 -163.27684
7131.05078 -134.90642
7133.74072 -162.78317
7136.43604 -162.38347
7139.12402 -162.78946
7141.82080 -175.49185
7144.51123 -162.61452
7147.20215 -135.17911
7149.89453 -162.12564
7152.58740 -161.81050
7155.27783 -160.90787
7157.97314 -181.01872
7160.66113 -161.90382
7163.35449 -135.93958
7166.04492 -161.97791
7168.74023 -162.69453
7171.42871 -164.16031
7174.11816 -182.42950
7176.81201 -161.59773
7179.50781 -136.77287
7182.19678 -161.69144
7184.89014 -162.99767
7187.58398 -161.48218
7190.27588 -176.74820
7192.96436 -161.44026
7195.65820 -137.36369
7198.34912 -161.13713
7201.04443 -163.83856
7203.73291 -160.27455
7206.42285 -170.73586
7209.11719 -161.27519
7211.80908 -138.45372
7214.50195 -161.27072
7217.19531 -165.10527
7219.88672 -163.68790
7222.57812 -168.40799
7225.27100 -161.02838
7227.96094 -139.39816
7230.65527 -161.33838
7233.34717 -164.77396
7236.03564 -161.12030
7238.72998 -166.96590
7241.42480 -161.30963
7244.11230 -139.63351
7246.80566 -161.11229
7249.49951 -166.48329
7252.18994 -160.45680
7254.88232 -166.07854
7257.57080 -161.48740
7260.26855 -140.77092
7262.95508 -161.73117
7265.64746 -169.80717
7268.34033 -164.48694
7271.03418 -164.97014
7273.72510 -161.64017
7276.41650 -140.92973
7279.10938 -161.84622
7281.79932 -170.22679
7284.49463 -161.88116
7287.18652 -163.05885
7289.87891 -162.33681
7292.56445 -140.71812
7295.25977 -162.26759
7297.95166 -173.62993
7300.64453 -161.80048
7303.33447 -162.88916
7306.03271 -162.94395
7308.72070 -140.70149
7311.41357 -163.37512
7314.10693 -178.15216
7316.79785 -167.10623
7319.48975 -163.09598
7322.18262 -163.56473
7324.87256 -140.73709
7327.56299 -163.92610
7330.25439 -176.31490
7332.94727 -163.58476
7335.64062 -163.38617
7338.33105 -164.84181
7341.02734 -139.98262
7343.71973 -164.61967
7346.40918 -178.86653
7349.10400 -164.69904
7351.79492 -163.21548
7354.48340 -165.89116
7357.17725 -140.22450
7359.86768 -166.43588
7362.56299 -174.53452
7365.25586 -171.73892
7367.94482 -163.54279
7370.63525 -167.34618
7373.33057 -139.96727
7376.01855 -167.76019
7378.71191 -171.68663
7381.40625 -166.83772
7384.09277 -163.94470
7386.78955 -169.84174
7389.48242 -140.04993
7392.17285 -169.60567
7394.86377 -170.17155
7397.55566 -169.10732
7400.24902 -164.18201
7402.93896 -171.18159
7405.63379 -140.56287
7408.32568 -172.58238
7411.01855 -168.42561
7413.70410 -184.14339
7416.39893 -164.73395
7419.09082 -174.05374
7421.78320 -140.78477
7424.47266 -174.35881
7427.16357 -168.64088
7429.85889 -171.71251
7432.55176 -166.09187
7435.24512 -178.60498
7437.93945 -141.04051
7440.62695 -177.78653
7443.31934 -167.60776
7446.01270 -176.47809
7448.70654 -165.45432
7451.39404 -183.69952
7454.08984 -142.21815
7456.77930 -191.39011
7459.47314 -167.45699
7462.16406 -176.07939
7464.85156 -167.47997
7467.54883 -186.22961
7470.23877 -142.95506
7472.92969 -187.45854
7475.62549 -168.35562
7478.31348 -177.73306
7481.00781 -169.24283
7483.69824 -182.54066
7486.39355 -143.49985
7489.08203 -180.62401
7491.77539 -167.76027
7494.46582 -174.35378
7497.15723 -167.32411
7499.85352 -179.55605
7502.54199 -145.53452
7505.23633 -177.42070
7507.92725 -167.77034
7510.61963 -171.03984
7513.31250 -169.32248
7516.00195 -176.07953
7518.69238 -145.68153
7521.38867 -176.69589
7524.08154 -167.48640
7526.77051 -184.70747
7529.46533 -169.66156
7532.15283 -174.96407
7534.84473 -147.14130
7537.54199 -173.99130
7540.23242 -167.13336
7542.91943 -171.36603
7545.61572 -169.69475
7548.30859 -174.70576
7550.99854 -147.73462
7553.68945 -173.53999
7556.38135 -168.13179
7559.07422 -170.33353
7561.76758 -169.37840
7564.45801 -174.22075
7567.14941 -147.24944
7569.84180 -174.12665
7572.53516 -168.43250
7575.22510 -192.66043
7577.92041 -169.70911
7580.60840 -172.54900
7583.30127 -147.98755
7585.99561 -172.37468
7588.69092 -167.06395
7591.37793 -169.98148
7594.07129 -169.08778
7596.76025 -173.53810
7599.45508 -146.87389
7602.14600 -172.13660
7604.83447 -168.54614
7607.53174 -172.46336
7610.22217 -170.12549
7612.91699 -172.72656
7615.60938 -147.73871
7618.29785 -173.54213
7620.99170 -167.82089
7623.67773 -177.57144
7626.37793 -169.29886
7629.06641 -171.65163
7631.75977 -148.14102
7634.45020 -170.80243
7637.14551 -167.14017
7639.83789 -168.82599
7642.53027 -168.71474
7645.21680 -171.42361
7647.90723 -148.22275
7650.60303 -170.85683
7653.29150 -168.60785
7655.98926 -176.11858
7658.67578 -169.32884
7661.37158 -171.11917
7664.05957 -150.02168
7666.75244 -170.80177
7669.44629 -168.56395
7672.13770 -170.63377
7674.82910 -169.05632
7677.52197 -169.83095
7680.21191 -151.89159
7682.90625 -169.19421
7685.59766 -168.76663
7688.29053 -167.55460
7690.98340 -168.81996
7693.67285 -169.28854
7696.36816 -154.13780
7699.05664 -169.49170
7701.74902 -169.89967
7704.43848 -174.79597
7707.13330 -167.70125
7709.82471 -168.67807
7712.51709 -160.51776
7715.21045 -168.31445
7717.90479 -170.07178
7720.59570 -168.07370
7723.28711 -166.66318
7725.97607 -168.23628
7728.66992 -158.69218
7731.36475 -167.59630
7734.05176 -169.89517
7736.74365 -166.64854
7739.43750 -166.63652
7742.13135 -167.39346
7744.82227 -155.24280
7747.51416 -168.34128
7750.20703 -171.94754
7752.89600 -172.39442
7755.59082 -166.03969
7758.28223 -167.33014
7760.97461 -148.79900
7763.66309 -167.39357
7766.35742 -174.26660
7769.04834 -166.70294
7771.74023 -165.80521
7774.43262 -168.14882
7777.12646 -146.56807
7779.81641 -167.24402
7782.50781 -173.38298
7785.19971 -167.02861
7787.89258 -164.97003
7790.58203 -167.18195
7793.27734 -144.74902
7795.96875 -167.59572
7798.66162 -175.13371
7801.35059 -172.86125
7804.04492 -163.87965
7806.74023 -167.35565
7809.42773 -142.63072
7812.12012 -168.18520
7814.81445 -174.39543
7817.50488 -167.06323
7820.19580 -163.73151
7822.88818 -168.40585
7825.58154 -141.37904
7828.27148 -167.83438
7830.96191 -172.09818
7833.65771 -168.04539
7836.34668 -163.75639
7839.04004 -169.09277
7841.73389 -140.58028
7844.42480 -168.91998
7847.11719 -170.99763
7849.80566 -175.57339
7852.49951 -163.72954
7855.18994 -169.18837
7857.88574 -139.33620
7860.57373 -169.52051
7863.26660 -170.91968
7865.96143 -168.76163
7868.65186 -164.34721
7871.34326 -169.51735
7874.03613 -138.99040
7876.72949 -169.25797
7879.41943 -167.80481
7882.11035 -168.35504
7884.80664 -163.86740
7887.49512 -170.70755
7890.18945 -138.78162
7892.87988 -170.23708
7895.57080 -166.59625
7898.26709 -178.73637
7900.95605 -164.43364
7903.64551 -170.81807
7906.34033 -138.01837
7909.03223 -170.98610
7911.72461 -166.80122
7914.41797 -170.91721
7917.10742 -165.53101
7919.79883 -169.55986
7922.49023 -138.36150
7925.18750 -169.16347
7927.87646 -165.62068
7930.56689 -167.65672
7933.26221 -166.29988
7935.94971 -169.90721
7938.64258 -138.46645
7941.33691 -169.49612
7944.02734 -164.66266
7946.72266 -172.20645
7949.41455 -168.65195
7952.10352 -168.54807
7954.79736 -138.61984
7957.48779 -168.76062
7960.18359 -165.26958
7962.87158 -170.96207
7965.56543 -170.24371
7968.25488 -167.51309
7970.94971 -139.26979
7973.64160 -166.98520
7976.32910 -165.44383
7979.02295 -165.62646
7981.71777 -172.54405
7984.40869 -167.35854
7987.10010 -139.99750
7989.79248 -167.00903
7992.48633 -165.09712
7995.17627 -168.43983
7997.86719 -175.50206
8000.55957 -166.15361
8003.24756 -140.47787
8005.94629 -166.67270
8008.63672 -165.39803
8011.32764 -168.84468
8014.01904 -181.21585
8016.71289 -165.37709
8019.40625 -142.21617
8022.09668 -165.00182
8024.78809 -165.04796
8027.47998 -164.26013
8030.16895 -190.34373
8032.86230 -165.72969
8035.55273 -143.46213
8038.24902 -165.23044
8040.93701 -165.69424
8043.62988 -166.80589
8046.32373 -178.81148
8049.01465 -164.84196
8051.70605 -144.77525
8054.39893 -165.26733
8057.09180 -166.93295
8059.78125 -167.18172
8062.47656 -173.11833
8065.16357 -165.15176
8067.86084 -147.95366
8070.54932 -164.66385
8073.23926 -167.71329
8075.93018 -164.33144
8078.62598 -170.66791
8081.31836 -165.23795
8084.01172 -150.02316
8086.70166 -165.20103
8089.39258 -168.16379
8092.08447 -166.82565
8094.78076 -168.59555
8097.46582 -165.18802
8100.16016 -150.82457
8102.85107 -165.67371
8105.54688 -169.80162
8108.23486 -168.03691
8110.92822 -168.03673
8113.62256 -166.16718
8116.31348 -152.28708
8119.00488 -165.35515
8121.69824 -170.40552
8124.39160 -164.75436
8127.08105 -167.28761
8129.77148 -166.43869
8132.46826 -151.52905
8135.15625 -166.62675
8137.84961 -173.02847
8140.54395 -169.87791
8143.23486 -166.21909
8145.92676 -167.32118
8148.61426 -148.33334
8151.31250 -168.04222
8154.00195 -170.64763
8156.69336 -170.30566
8159.38916 -166.49814
8162.08203 -168.92867
8164.77051 -147.43788
8167.46533 -168.56241
8170.15576 -171.93152
8172.84277 -167.82719
8175.53955 -166.33775
8178.23291 -169.86151
8180.92285 -146.95473
8183.61816 -170.64690
8186.30469 -172.45218
8188.99707 -175.42754
8191.68652 -166.29860
8194.38086 -171.77187
8197.07520 -145.71515
8199.76660 -173.38945
8202.45508 -169.78276
8205.14746 -174.23489
8207.84180 -166.98613
8210.53320 -174.73836
8213.22363 -145.87627
8215.91992 -174.18745
8218.60938 -170.60255
8221.30273 -173.45851
8223.99316 -166.98312
8226.68555 -177.30400
8229.37695 -146.57523
8232.06543 -179.30035
8234.76367 -170.35034
8237.45410 -183.63583
8240.14551 -167.63368
8242.83789 -179.97711
8245.52637 -146.01915
8248.21973 -178.83138
8250.91406 -168.35437
8253.60059 -171.56343
8256.30176 -169.34430
8258.99023 -178.18597
8261.68359 -148.21959
8264.37402 -177.51015
8267.06934 -169.19589
8269.76074 -179.03639
8272.44922 -168.97900
8275.13770 -175.97809
8277.83203 -149.70929
8280.52246 -175.34909
8283.21875 -168.36102
8285.91113 -170.58676
8288.59961 -169.79860
8291.29492 -173.87312
8293.98926 -150.99184
8296.67578 -173.11209
8299.37305 -169.71637
8302.06152 -168.07480
8304.75098 -169.87483
8307.44141 -171.78641
8310.13770 -154.84271
8312.82910 -171.54768
8315.52246 -169.86163
8318.21191 -173.48747
8320.90137 -168.01280
8323.59668 -170.56226
8326.28906 -161.89708
8328.98242 -170.89314
8331.67090 -169.57909
8334.36523 -167.24313
8337.05566 -168.74690
8339.74707 -170.03458
8342.44043 -156.37512
8345.13379 -169.82312
8347.82324 -170.10916
8350.51367 -166.24306
8353.20508 -167.74319
8355.90234 -169.27565
8358.59082 -151.12294
8361.28418 -169.79407
8363.97949 -172.17609
8366.67090 -171.31349
8369.35742 -166.55045
8372.05078 -169.07378
8374.74414 -148.93558
8377.43945 -168.74330
8380.12988 -171.84708
8382.81641 -166.40158
8385.51465 -166.04138
8388.20312 -169.53015
8390.89746 -146.92587
8393.58789 -169.48033
8396.27930 -170.41020
8398.97168 -166.80940
8401.66504 -166.12589
8404.35449 -169.36621
8407.04883 -144.22739
8409.74023 -170.90739
8412.43262 -170.75880
8415.12109 -172.31900
8417.81445 -166.06645
8420.50879 -170.13142
8423.20020 -143.75731
8425.89160 -170.17709
8428.58398 -174.18723
8431.27734 -167.27559
8433.96680 -165.49434
8436.65820 -171.39882
8439.35352 -142.50012
8442.04102 -171.07982
8444.73438 -172.97305
8447.42383 -169.24930
8450.12305 -165.86115
8452.81348 -172.46832
8455.50098 -141.70706
8458.19434 -174.35156
8460.88770 -170.61418
8463.57715 -177.53841
8466.27246 -166.87584
8468.96387 -175.23369
8471.65625 -141.55740
8474.34961 -175.60820
8477.03906 -169.86772
8479.73438 -170.27502
8482.42090 -167.86815
8485.11719 -178.60355
8487.80469 -141.19440
8490.49902 -177.06230
8493.19336 -168.62257
8495.88477 -171.55534
8498.57617 -167.55536
8501.26855 -179.69350
8503.95703 -141.09570
8506.65137 -184.45509
8509.34180 -168.22749
8512.03711 -185.11240
8514.72949 -167.82173
8517.41797 -182.22050
8520.11133 -141.79097
8522.80176 -188.10966
8525.49219 -169.14478
8528.18359 -175.65112
8530.87598 -169.29324
8533.56934 -180.69073
8536.26367 -142.02780
8538.95410 -179.59206
8541.64941 -167.75002
8544.34180 -172.26077
8547.03027 -170.97481
8549.72363 -179.78247
8552.41309 -142.66745
8555.10840 -176.26534
8557.79590 -167.61354
8560.48828 -173.47003
8563.18555 -171.46478
8565.87500 -174.63127
8568.57031 -144.16527
8571.25684 -174.91040
8573.94922 -169.20509
8576.64160 -186.94429
8579.33496 -172.83289
8582.02539 -172.71896
8584.72070 -144.93509
8587.41113 -172.75008
8590.09961 -168.40520
8592.79688 -169.86261
8595.48633 -172.31818
8598.18164 -172.19249
8600.86719 -147.56972
8603.56348 -170.22289
8606.25195 -168.11757
8608.94531 -170.10925
8611.63965 -171.39763
8614.33008 -170.80553
8617.02148 -149.72968
8619.71387 -171.32832
8622.40625 -169.97891
8625.09570 -177.93977
8627.79004 -171.16486
8630.48047 -170.08632
8633.17676 -153.19731
8635.87012 -170.49751
8638.55371 -169.22879
8641.25195 -168.51138
8643.94238 -169.65942
8646.63281 -170.75465
8649.32520 -161.25670
8652.01758 -169.24107
8654.71094 -170.56480
8657.40137 -169.19884
8660.09668 -168.57230
8662.78711 -170.47162
8665.47461 -156.57298
8668.16797 -170.53423
8670.86133 -170.98224
8673.55176 -177.88728
8676.24707 -167.97318
8678.93848 -169.99844
8681.63086 -154.23917
8684.32422 -170.44214
8687.01367 -171.68022
8689.70410 -168.54863
8692.39453 -167.79836
8695.09180 -171.75171
8697.78418 -149.73039
8700.47266 -170.28471
8703.16699 -173.02809
8705.85742 -171.06091
8708.54883 -167.16463
8711.24023 -172.22972
8713.93359 -147.86426
8716.62207 -173.23167
8719.31738 -170.54735
8722.00781 -180.99791
8724.70312 -165.69139
8727.39062 -173.27921
8730.08398 -146.54996
8732.77734 -173.86938
8735.46777 -170.91359
8738.15820 -171.50754
8740.85547 -166.07867
8743.54297 -175.42728
8746.24023 -144.75366
8748.92969 -175.03595
8751.62012 -171.23683
8754.31055 -174.87994
8757.00293 -166.99609
8759.69922 -177.70917
8762.38867 -144.71170
8765.08203 -180.10562
8767.77246 -169.01138
8770.46387 -183.14166
8773.15527 -166.60402
8775.84863 -179.34430
8778.54199 -144.13760
8781.23145 -181.74460
8783.92188 -169.53577
8786.61816 -178.91644
8789.30957 -167.07916
8791.99805 -181.52904
8794.69141 -143.79636
8797.38184 -180.61522
8800.07715 -167.50912
8802.76758 -174.88828
8805.45508 -168.82817
8808.14844 -180.94728
8810.84180 -144.25380
8813.53613 -177.29427
8816.22754 -166.92122
8818.91797 -172.90048
8821.61035 -169.85583
8824.30371 -175.54468
8826.99805 -144.88783
8829.69238 -176.42149
8832.37891 -167.12598
8835.06934 -185.43736
8837.76660 -171.78990
8840.45996 -173.39221
8843.14941 -145.12361
8845.83887 -172.46843
8848.53418 -167.18671
8851.22168 -169.96306
8853.91797 -173.08676
8856.60742 -173.18938
8859.30078 -146.94254
8861.99121 -171.50655
8864.68164 -167.25412
8867.37793 -169.16428
8870.07031 -175.11264
8872.76367 -170.53209
8875.45312 -147.87527
8878.14258 -170.74440
8880.83887 -167.41389
8883.52539 -174.32388
8886.22266 -175.58015
8888.91113 -169.55154
8891.60547 -149.86980
8894.29980 -169.27568
8896.98633 -167.45125
8899.68262 -167.69981
8902.37012 -173.15466
8905.06348 -169.57225
8907.75781 -154.49881
8910.44727 -169.22649
8913.13867 -168.89845
8915.83008 -167.59909
8918.52734 -173.03481
8921.21484 -168.54843
8923.90430 -157.53186
8926.59961 -169.05615
8929.29004 -170.43851
8931.98145 -172.12224
8934.67383 -170.51939
8937.36719 -168.53893
8940.06152 -158.30592
8942.75195 -168.32094
8945.44238 -170.32329
8948.13867 -167.06474
8950.82617 -169.59477
8953.52441 -168.93976
8956.20898 -155.18329
8958.90332 -169.02336
8961.59375 -171.46025
8964.29004 -167.62984
8966.97754 -169.68767
8969.67090 -168.36624
8972.36426 -151.90222
8975.05469 -169.19833
8977.74512 -171.82547
8980.44141 -173.35576
8983.13379 -168.60303
8985.82227 -169.46544
8988.51074 -149.13547
8991.20508 -169.79301
8993.90039 -172.38110
8996.59277 -168.58624
8999.28418 -167.81180
9001.97754 -170.44139
9004.67090 -147.07921
9007.35547 -170.66385
9010.05078 -173.44124
9012.74707 -170.48279
9015.43359 -167.29880
9018.12695 -170.95039
9020.81543 -146.52284
9023.50977 -171.85139
9026.20020 -173.22459
9028.89648 -178.39876
9031.58789 -166.73677
9034.27637 -173.29243
9036.96973 -145.14551
9039.66406 -173.66090
9042.35938 -172.43642
9045.04492 -172.05882
9047.74219 -168.85785
9050.42871 -174.82330
9053.12305 -144.36746
9055.81152 -175.76639
9058.50684 -172.09785
9061.19727 -175.59436
9063.88867 -168.05212
9066.58105 -177.98535
9069.27930 -144.49057
9071.96875 -181.05023
9074.65820 -169.71884
9077.34863 -185.58160
9080.04004 -167.27817
9082.73242 -184.12242
9085.42480 -144.02196
9088.11914 -183.30396
9090.81348 -169.75743
9093.50391 -182.08601
9096.19043 -169.28687
9098.88672 -192.88356
9101.57422 -144.27888
9104.27344 -198.51843
9106.95703 -169.65399
9109.65234 -176.87747
9112.34375 -170.03587
9115.03516 -187.62805
9117.72754 -144.70171
9120.42090 -180.60002
9123.11523 -169.40309
9125.80469 -173.79610
9128.50098 -169.16083
9131.19238 -179.30119
9133.87988 -145.22119
9136.57812 -179.33675
9139.26660 -169.71158
9141.96094 -182.88115
9144.64648 -173.66125
9147.34277 -175.93822
9150.03516 -145.94446
9152.72266 -176.42776
9155.41602 -169.13165
9158.11133 -171.13733
9160.80078 -173.04939
9163.49219 -173.94746
9166.18359 -147.55962
9168.87598 -173.10190
9171.57422 -167.83302
9174.26367 -169.74493
9176.95410 -173.58984
9179.64941 -172.54593
9182.34082 -148.22011
9185.02832 -172.48543
9187.72070 -169.29227
9190.41504 -174.60777
9193.10449 -174.08046
9195.79492 -171.37598
9198.48535 -150.35516
9201.18262 -170.70917
9203.87012 -168.74493
9206.56934 -168.30220
9209.25879 -171.93198
9211.95312 -171.03842
9214.64453 -153.04829
9217.33594 -170.64793
9220.02344 -169.63463
9222.71582 -167.93071
9225.41016 -174.33191
9228.10449 -170.04402
9230.79004 -155.13077
9233.48633 -170.82600
9236.17871 -169.91151
9238.86621 -172.63609
9241.56055 -171.00240
9244.25391 -170.28900
9246.94922 -155.89799
9249.63477 -169.67021
9252.32617 -169.88321
9255.01953 -167.14003
9257.71289 -169.81262
9260.40625 -170.09068
9263.09668 -157.53004
9265.79199 -169.62126
9268.47754 -171.38239
9271.17480 -167.81107
9273.86328 -170.69928
9276.56152 -170.22664
9279.25098 -154.38338
9281.93555 -170.38129
9284.63184 -171.87157
9287.32324 -172.10602
9290.01562 -169.25969
9292.70898 -170.25935
9295.39844 -152.25629
9298.09277 -170.25716
9300.78320 -172.66246
9303.47949 -167.11340
9306.17188 -169.29349
9308.86426 -171.23686
9311.55273 -151.54543
9314.24219 -170.89413
9316.93750 -174.04001
9319.62793 -169.26144
9322.31934 -167.73763
9325.01758 -170.82875
9327.70508 -149.97693
9330.39844 -171.36563
9333.08789 -173.94836
9335.78320 -172.59125
9338.46973 -167.92462
9341.16699 -171.40720
9343.85449 -148.73665
9346.54785 -171.96635
9349.24219 -172.97102
9351.93164 -167.89777
9354.62207 -168.07854
9357.31836 -172.75131
9360.00586 -148.42458
9362.69922 -172.21161
9365.39258 -174.03407
9368.08691 -172.17105
9370.77734 -167.57317
9373.46777 -172.10280
9376.16016 -147.40576
9378.85156 -172.98799
9381.54492 -173.42990
9384.23926 -172.16917
9386.92871 -167.61142
9389.61914 -173.02467
9392.31055 -146.51746
9395.00195 -172.80988
9397.69434 -176.82825
9400.38867 -169.08798
9403.07715 -168.12816
9405.77246 -173.69260
9408.46289 -146.78670
9411.15430 -174.38371
9413.84668 -174.77762
9416.53906 -175.14082
9419.23340 -167.35150
9421.92773 -172.67984
9424.61816 -145.57774
9427.30859 -173.54543
9430.00000 -172.37123
9432.69238 -172.37541
9435.38574 -167.48009
9438.07910 -173.48380
9440.76953 -145.21486
9443.45898 -173.37340
9446.15039 -173.80806
9448.84180 -170.82172
9451.53418 -166.62206
9454.22754 -174.38382
9456.92188 -144.65962
9459.61133 -175.11034
9462.30273 -172.90361
9464.99805 -178.16078
9467.68457 -167.07657
9470.38281 -173.78745
9473.07715 -143.80962
9475.76074 -174.82170
9478.45508 -173.51508
9481.14648 -173.29543
9483.83691 -168.28152
9486.52930 -175.14761
9489.22266 -143.53471
9491.91113 -174.94536
9494.61035 -171.84186
9497.29492 -171.62346
9499.99609 -166.88020
9502.68262 -176.58786
9505.37500 -142.86102
9508.06738 -177.29453
9510.75586 -171.16083
9513.45117 -179.65526
9516.14062 -166.81386
9518.83691 -175.03995
9521.52832 -142.40421
9524.21582 -177.13969
9526.90820 -170.49771
9529.60254 -176.39163
9532.29688 -168.35835
9534.98730 -176.84897
9537.68359 -142.12196
9540.37500 -175.83165
9543.06250 -170.41713
9545.75586 -172.21703
9548.44922 -167.58582
9551.13379 -178.01820
9553.82910 -141.83821
9556.52051 -177.42641
9559.21777 -166.88739
9561.90430 -176.03802
9564.60352 -167.77267
9567.29199 -175.76617
9569.98145 -141.66476
9572.67676 -175.53792
9575.36816 -167.16380
9578.05957 -175.75102
9580.74707 -170.46300
9583.44043 -174.67928
9586.13477 -141.82695
9588.82422 -173.78299
9591.51953 -167.25562
9594.20508 -169.13875
9596.90234 -171.24026
9599.59473 -173.53258
9602.28809 -141.50352
9604.97754 -172.23056
9607.67188 -167.23257
9610.36230 -170.24791
9613.05371 -172.03162
9615.74512 -170.59918
9618.43848 -141.94131
9621.13086 -171.12567
9623.82031 -166.81247
9626.51465 -171.41444
9629.20508 -175.43321
9631.89648 -169.41753
9634.58789 -142.44121
9637.28125 -169.19087
9639.97363 -166.97641
9642.66309 -166.12581
9645.36230 -179.92537
9648.05273 -169.10031
9650.74414 -142.54253
9653.43555 -168.09286
9656.12891 -166.28140
9658.81641 -166.84752
9661.51074 -184.83513
9664.20508 -166.88129
9666.89551 -143.38237
9669.58691 -167.53098
9672.27832 -166.34846
9674.96484 -167.94107
9677.66406 -184.61504
9680.35254 -166.19145
9683.04785 -143.99844
9685.73730 -166.06409
9688.42871 -166.87576
9691.12012 -163.86575
9693.81738 -179.01994
9696.50586 -165.96776
9699.19434 -144.34633
9701.88867 -165.29935
9704.57910 -168.01384
9707.27539 -164.80296
9709.96191 -173.22682
9712.65820 -165.11119
9715.34668 -144.72430
9718.04102 -165.55983
9720.73438 -168.68758
9723.42578 -165.88676
9726.11523 -169.98341
9728.80762 -164.50574
9731.50000 -144.87920
9734.18750 -164.56490
9736.88574 -170.05801
9739.57520 -163.12752
9742.27051 -168.43361
9744.96094 -164.62900
9747.65234 -143.90129
9750.34375 -164.21645
9753.03711 -171.25343
9755.72461 -163.92859
9758.42480 -166.05043
9761.11426 -164.49214
9763.80469 -143.42276
9766.50195 -164.67932
9769.18750 -173.55806
9771.88086 -165.44411
9774.57422 -165.78748
9777.26270 -164.27531
9779.95703 -142.55278
9782.64746 -164.48083
9785.33887 -179.52046
9788.03613 -163.02338
9790.72266 -164.96724
9793.41602 -164.78151
9796.10449 -141.46037
9798.79980 -164.27400
9801.49512 -186.02135
9804.18555 -163.66191
9806.87695 -163.93263
9809.56934 -164.73988
9812.25684 -140.51083
9814.95020 -164.97093
9817.64551 -183.73766
9820.34082 -166.23853
9823.03125 -163.84500
9825.71680 -165.04677
9828.41406 -140.02574
9831.10156 -165.29924
9833.79492 -181.10181
9836.48926 -163.94537
9839.17871 -163.67844
9841.87402 -165.76099
9844.56543 -138.97900
9847.25781 -165.66344
9849.95020 -174.63849
9852.64355 -164.58029
9855.33203 -163.63730
9858.02637 -165.92120
9860.71680 -138.56474
9863.40723 -166.26003
9866.09961 -171.70862
9868.79102 -167.50096
9871.48438 -163.94150
9874.17773 -166.17474
9876.86719 -138.24359
9879.55664 -166.41377
9882.24707 -168.54912
9884.94922 -165.14384
9887.64160 -164.54187
9890.32812 -166.41211
9893.02148 -137.80333
9895.71680 -166.33560
9898.40625 -167.09428
9901.09570 -164.80702
9903.79199 -165.31509
9906.47363 -166.65674
9909.17090 -137.64377
9911.86426 -166.63177
9914.55273 -166.39279
9917.24707 -168.45195
9919.94238 -165.75749
9922.63281 -165.94757
9925.32422 -137.59056
9928.01660 -166.54333
9930.70898 -166.24698
9933.39746 -165.13173
9936.09180 -166.15163
9938.78711 -165.68599
9941.47656 -137.45251
9944.16797 -165.52406
9946.85938 -164.95740
9949.55176 -163.96021
9952.24512 -167.52815
9954.93359 -165.88939
9957.62793 -137.70987
9960.31836 -165.00282
9963.01367 -164.28207
9965.70508 -166.30316
9968.39746 -169.71182
9971.08496 -164.44084
9973.77832 -137.98143
9976.47266 -164.66823
9979.16211 -164.66884
9981.85742 -164.09637
9984.54883 -172.14195
9987.24023 -163.76840
9989.93262 -138.03259
9992.62598 -163.62619
9995.31445 -163.81367
9998.00391 -162.29128
10000.69922 -174.56773
10003.38965 -163.86458
10006.08594 -138.63474
10008.77832 -163.21832
10011.47070 -164.58939
10014.15918 -164.14832
10016.85352 -177.44429
10019.54199 -162.86790
10022.23242 -138.87637
10024.92383 -162.77931
10027.62012 -164.84045
10030.31250 -162.40907
10033.00000 -175.60762
10035.69434 -162.52910
10038.38281 -139.21342
10041.07812 -162.21002
10043.77344 -164.72443
10046.46484 -161.23045
10049.15723 -173.63130
10051.84375 -162.29129
10054.53711 -139.73625
10057.23145 -162.14792
10059.92090 -165.79581
10062.61621 -162.68185
10065.30664 -171.38672
10067.99805 -161.58871
10070.68945 -140.09607
10073.38770 -161.93661
10076.07617 -165.93219
10078.76465 -161.52217
10081.45410 -168.81593
10084.14941 -161.81654
10086.84082 -140.16794
10089.53809 -161.48521
10092.22461 -167.15094
10094.91797 -160.86076
10097.61133 -167.08598
10100.30566 -161.82730
10102.99023 -140.70355
10105.68555 -161.71873
10108.37695 -168.68843
10111.06836 -162.53966
10113.76074 -165.82118
10116.45410 -161.54826
10119.14844 -140.58617
10121.83691 -161.97299
10124.53223 -170.10625
10127.22266 -161.47176
10129.91406 -165.02371
10132.60645 -161.84184
10135.29883 -140.46303
10137.98633 -161.71759
10140.68066 -171.59975
10143.37598 -161.15823
10146.06543 -164.73981
10148.75586 -162.11400
10151.44727 -140.54825
10154.13965 -162.24123
10156.83203 -176.08665
10159.52539 -163.23323
10162.22070 -163.95477
10164.91504 -162.16563
10167.60547 -140.37225
10170.29590 -162.55688
10172.98242 -180.35962
10175.67969 -162.36920
10178.37305 -162.96809
10181.06055 -162.71294
10183.75488 -140.17642
10186.44434 -162.92673
10189.13965 -184.85905
10191.82520 -162.35640
10194.52246 -163.90439
10197.21484 -163.32744
10199.90234 -140.18571
10202.60156 -163.50253
10205.29102 -185.04230
10207.98047 -164.80057
10210.66992 -163.49800
10213.36719 -163.74071
10216.05273 -139.96059
10218.75098 -163.85117
10221.43848 -183.93326
10224.13867 -163.52173
10226.82715 -162.95338
10229.51660 -164.39816
10232.20703 -139.80467
10234.89844 -164.46075
10237.59570 -177.62485
10240.28809 -164.08263
10242.97461 -163.35767
10245.66895 -165.35432
10248.35840 -140.01292
10251.05371 -165.34245
10253.74902 -171.82533
10256.43457 -167.31409
10259.13184 -163.65158
10261.81836 -165.56328
10264.51172 -139.66350
10267.20605 -166.16096
10269.90137 -171.74907
10272.58984 -165.50536
10275.28516 -164.51047
10277.97754 -166.44737
10280.66309 -139.88332
10283.35547 -166.64668
10286.04395 -171.55779
10288.73828 -165.72174
10291.43164 -164.35703
10294.12109 -167.97270
10296.81152 -140.04384
10299.50781 -167.47375
10302.20605 -170.97961
10304.89844 -169.87286
10307.58008 -164.20633
10310.27441 -167.61021
10312.96875 -139.96646
10315.65820 -168.37901
10318.34863 -169.57904
10321.04492 -167.60052
10323.73145 -166.21466
10326.42969 -169.04279
10329.11719 -140.12560
10331.81055 -168.95926
10334.50586 -169.12366
10337.20117 -167.76762
10339.89160 -165.72620
10342.57617 -169.70036
10345.27344 -140.30304
10347.95996 -169.45973
10350.65332 -168.62527
10353.34766 -171.25739
10356.04102 -166.27335
10358.73047 -169.08488
10361.42676 -140.14885
10364.11719 -169.49095
10366.80273 -168.61182
10369.50195 -168.76338
10372.19531 -167.29399
10374.88281 -170.13264
10377.57715 -140.47865
10380.26562 -170.16441
10382.96094 -167.64767
10385.65332 -168.58858
10388.34375 -168.05751
10391.03613 -169.86890
10393.72266 -140.70386
10396.42188 -170.30370
10399.11133 -166.94254
10401.80664 -172.15060
10404.49609 -168.11755
10407.18652 -169.25233
10409.88379 -140.56110
10412.57617 -169.15044
10415.26270 -166.74666
10417.95703 -168.23247
10420.65039 -169.31123
10423.33984 -169.23169
10426.02930 -141.11858
10428.71973 -168.88982
10431.41602 -166.43884
10434.10938 -167.77164
10436.80078 -169.71231
10439.49414 -169.14403
10442.18262 -141.12856
10444.87695 -168.83289
10447.56738 -166.60159
10450.26270 -170.39726
10452.95410 -172.46960
10455.64551 -167.47916
10458.33789 -141.39323
10461.02539 -168.10384
10463.71875 -165.93973
10466.40723 -167.05435
10469.10254 -174.69902
10471.79785 -167.70201
10474.49023 -141.89996
10477.17969 -167.19389
10479.87305 -165.98123
10482.56641 -166.17366
10485.25391 -178.04060
10487.94824 -167.08679
10490.63672 -142.16634
10493.32617 -166.60493
10496.02344 -166.05563
10498.71484 -168.22037
10501.40625 -185.65492
10504.09961 -166.26648
10506.79199 -142.54889
10509.48047 -166.38901
10512.17578 -166.71829
10514.86426 -165.71021
10517.56055 -181.28304
10520.25195 -166.06560
10522.93848 -143.42979
10525.63574 -165.56091
10528.32910 -166.62654
10531.01660 -164.73645
10533.71094 -179.50076
10536.40039 -165.49333
10539.09668 -143.87550
10541.78711 -165.09947
10544.47852 -166.96951
10547.16992 -166.59058
10549.85742 -177.15872
10552.55078 -165.08589
10555.24512 -144.32150
10557.94043 -165.03667
10560.62988 -167.85944
10563.32031 -164.30151
10566.01660 -171.69032
10568.70898 -165.07367
10571.39551 -145.28992
10574.08984 -164.89897
10576.77734 -168.10759
10579.47168 -164.19330
10582.16699 -171.93723
10584.85742 -164.72884
10587.55371 -145.31049
10590.24414 -164.68901
10592.93066 -169.52956
10595.62988 -165.82426
10598.31836 -169.40730
10601.00586 -164.68466
10603.70117 -145.61978
10606.39648 -164.56493
10609.08691 -171.27513
10611.77734 -164.05284
10614.46875 -168.72456
10617.16211 -164.81831
10619.85449 -145.75648
10622.54883 -164.72682
10625.23828 -173.43758
10627.93359 -164.09656
10630.62305 -167.09608
10633.31445 -164.90967
10636.01074 -145.48141
10638.69727 -165.30365
10641.39062 -175.08495
10644.08301 -166.42264
10646.77734 -166.01796
10649.46680 -164.93901
10652.16211 -144.80435
10654.85254 -165.18303
10657.54297 -182.84711
10660.22949 -164.66441
10662.92090 -165.93378
10665.62012 -165.90788
10668.31445 -144.66927
10671.00195 -165.86934
10673.69727 -192.55722
10676.38770 -165.49669
10679.07812 -165.39908
10681.76953 -166.07867
10684.46191 -143.71855
10687.14844 -166.72467
10689.84766 -183.41992
10692.53516 -168.17094
10695.23047 -164.36916
10697.92578 -166.46219
10700.61523 -143.34752
10703.30664 -166.92847
10705.99805 -179.41518
10708.69043 -166.74782
10711.37695 -165.06256
10714.07129 -168.10574
10716.76562 -143.13014
10719.45898 -167.88052
10722.14941 -175.65527
10724.83984 -168.13670
10727.53027 -165.82140
10730.22852 -168.75079
10732.92090 -142.71742
10735.60742 -169.67792
10738.30176 -172.79489
10740.99609 -171.83908
10743.68555 -165.59358
10746.38086 -169.97366
10749.06641 -142.50694
10751.75684 -170.27452
10754.44824 -171.74066
10757.14062 -169.60826
10759.83984 -166.22209
10762.52832 -171.07291
10765.21680 -142.74301
10767.91211 -170.94292
10770.60156 -170.21690
10773.29883 -170.42328
10775.99023 -166.64923
10778.68164 -172.58005
10781.37500 -142.64709
10784.06250 -172.30539
10786.75684 -169.76872
10789.45117 -176.21533
10792.14062 -168.24947
10794.83008 -172.29897
10797.52734 -142.86182
10800.21289 -173.39507
10802.90527 -169.59805
10805.59766 -172.97626
10808.29102 -170.06554
10810.98535 -173.04268
10813.67383 -143.42532
10816.36914 -172.45961
10819.06055 -167.88461
10821.75195 -170.51830
10824.44238 -169.19933
10827.13477 -172.83647
10829.82812 -143.49416
10832.52148 -171.20985
10835.20996 -167.35619
10837.90430 -173.44873
10840.60059 -172.16435
10843.28516 -171.48286
10845.98145 -144.40280
10848.67285 -171.57205
10851.36621 -168.18181
10854.05859 -172.61238
10856.74609 -176.12079
10859.44141 -170.27609
10862.13477 -145.34438
10864.82520 -170.63083
10867.51562 -167.80994
10870.20605 -168.07408
10872.90430 -180.03122
10875.59668 -169.73402
10878.29004 -146.08784
10880.97656 -169.39375
10883.66602 -167.99123
10886.35547 -169.71898
10889.05078 -182.33719
10891.74707 -168.46875
10894.43164 -147.19258
10897.12891 -168.67781
10899.81543 -169.02484
10902.50879 -171.01723
10905.20312 -181.55330
10907.89648 -168.54466
10910.58594 -149.11389
10913.28125 -168.27321
10915.97168 -169.81973
10918.66309 -167.02304
10921.35547 -178.19852
10924.05273 -168.54723
10926.73926 -149.79198
10929.42773 -168.22391
10932.12793 -169.84242
10934.81641 -168.12614
10937.50586 -174.26447
10940.19629 -167.31805
10942.89453 -151.93471
10945.58594 -167.73029
10948.27734 -170.49973
10950.96484 -169.76836
10953.66406 -173.21489
10956.35254 -167.62335
10959.04199 -153.36580
10961.73047 -167.24585
10964.42773 -171.82999
10967.11914 -166.94087
10969.81055 -171.47934
10972.50195 -168.17331
10975.19531 -153.09723
10977.88281 -167.99638
10980.57715 -174.07529
10983.26660 -168.20195
10985.96191 -170.27885
10988.65234 -167.50647
10991.34277 -153.13181
10994.03418 -167.99445
10996.73242 -173.17371
10999.41895 -169.49803
11002.11328 -169.21057
11004.81348 -168.15569
11007.50098 -153.39740
11010.18457 -167.54175
11012.88086 -175.67787
11015.57715 -167.31212
11018.26953 -169.10899
11020.95605 -168.74371
11023.65332 -151.44107
11026.34180 -168.57021
11029.04199 -176.08046
11031.72363 -170.45734
11034.41895 -167.93562
11037.11523 -168.25098
11039.79980 -151.20894
11042.49121 -169.08662
11045.18359 -173.82584
11047.88184 -169.26353
11050.57520 -168.76962
11053.26270 -169.73982
11055.95703 -151.03760
11058.64648 -168.79410
11061.33594 -175.45438
11064.03223 -167.97862
11066.72363 -168.20908
11069.41504 -169.27275
11072.10840 -149.34944
11074.80078 -169.50056
11077.48828 -180.90669
11080.18359 -171.94370
11082.87695 -167.65297
11085.56738 -169.86279
11088.25684 -149.11488
11090.95508 -170.15256
11093.64648 -179.37936
11096.33789 -170.48413
11099.02441 -167.88051
11101.71875 -170.75455
11104.41309 -148.70000
11107.10742 -170.34584
11109.79590 -176.65837
11112.48633 -168.89122
11115.17676 -166.55641
11117.86914 -170.55547
11120.55469 -147.70836
11123.25293 -170.82271
11125.95215 -176.77362
11128.64062 -174.03108
11131.32910 -165.78326
11134.02344 -170.57108
11136.71387 -147.29201
11139.40430 -170.83434
11142.10059 -175.54530
11144.78613 -170.64661
11147.47949 -167.55164
11150.17188 -171.91650
11152.86621 -146.79907
11155.56055 -171.81520
11158.25000 -176.21147
11160.94531 -169.81393
11163.63477 -166.95024
11166.32617 -171.47943
11169.01758 -145.70520
11171.70898 -171.48482
11174.40234 -174.79985
11177.08887 -175.40625
11179.78320 -166.87032
11182.47852 -171.38011
11185.16699 -145.65402
11187.86230 -172.24789
11190.55273 -173.60649
11193.24414 -171.03076
11195.93652 -167.06348
11198.62891 -172.19254
11201.32227 -144.92407
11204.01562 -171.96048
11206.70410 -174.46352
11209.39844 -170.92188
11212.08887 -166.77982
11214.78418 -172.63103
11217.46973 -144.06525
11220.16699 -172.84908
11222.85254 -171.47565
11225.55176 -178.01547
11228.23828 -167.14084
11230.93262 -171.94641
11233.62793 -143.91698
11236.31738 -172.07623
11239.01270 -170.42944
11241.70312 -171.29877
11244.39453 -166.96843
11247.08594 -172.83049
11249.77734 -143.21735
11252.47070 -172.41872
11255.15820 -169.37558
11257.85254 -170.74825
11260.54199 -167.58821
11263.23145 -171.91728
11265.92773 -143.21768
11268.62402 -171.94392
11271.31641 -168.28040
11274.00195 -176.12518
11276.69434 -168.50334
11279.38672 -171.47302
11282.08105 -143.00510
11284.77539 -171.09682
11287.46484 -169.16891
11290.15430 -171.33226
11292.85059 -168.78674
11295.54199 -171.16135
11298.22754 -142.75388
11300.92578 -169.98337
11303.61816 -169.09654
11306.31250 -168.69177
11309.00000 -170.11615
11311.69434 -170.19411
11314.38379 -142.99800
11317.07422 -169.76118
11319.76465 -167.66566
11322.46094 -171.85503
11325.15234 -172.37509
11327.84570 -168.58116
11330.53223 -143.25984
11333.22656 -168.57796
11335.91992 -166.69952
11338.61523 -168.55533
11341.30469 -171.97578
11343.99414 -167.91055
11346.69141 -143.25171
11349.38281 -167.74081
11352.07520 -166.81174
11354.76660 -166.48935
11357.45508 -175.39949
11360.15430 -167.52621
11362.84277 -143.85780
11365.53125 -166.63429
11368.22168 -166.87415
11370.91797 -168.09621
11373.60840 -187.50023
11376.29980 -166.34727
11378.99219 -144.24156
11381.67871 -166.32439
11384.37109 -167.08507
11387.06543 -166.35310
11389.75977 -187.96545
11392.45508 -165.60265
11395.13867 -144.56970
11397.83594 -165.73065
11400.52637 -168.08693
11403.21777 -164.59489
11405.91602 -180.04788
11408.60254 -165.50233
11411.29004 -145.52704
11413.98438 -165.12392
11416.68457 -168.04041
11419.37402 -166.61270
11422.06445 -174.14746
11424.75488 -164.67929
11427.44531 -145.79660
11430.14258 -164.90913
11432.83594 -168.34192
11435.52148 -165.06664
11438.21484 -170.80942
11440.90332 -164.55989
11443.59766 -145.95259
11446.29395 -164.41769
11448.98340 -170.19194
11451.67383 -163.91544
11454.36426 -169.89449
11457.05664 -164.52074
11459.75488 -146.26360
11462.44141 -164.34801
11465.13574 -170.61990
11467.83008 -165.69330
11470.51758 -167.85323
11473.21289 -164.35260
11475.89746 -146.09280
11478.59375 -164.44347
11481.28418 -174.10631
11483.98340 -164.85797
11486.66895 -167.18381
11489.36133 -164.18335
11492.05566 -145.20009
11494.74219 -164.31433
11497.43750 -179.92854
11500.12695 -164.10760
11502.82324 -166.52182
11505.51367 -164.70972
11508.20410 -145.08141
11510.89648 -164.68198
11513.58887 -178.79936
11516.28125 -166.07021
11518.97461 -165.28401
11521.66211 -164.78874
11524.35742 -144.45340
11527.04688 -165.08121
11529.74219 -183.41490
11532.44043 -165.64296
11535.12500 -164.86253
11537.82227 -165.48773
11540.50781 -143.75932
11543.20117 -165.29440
11545.89453 -189.31900
11548.58301 -165.22754
11551.27734 -164.77576
11553.96582 -166.03342
11556.66211 -143.29301
11559.35938 -165.99319
11562.04297 -179.13374
11564.74121 -167.97569
11567.42773 -164.72118
11570.12109 -166.34216
11572.81348 -142.96272
11575.50781 -166.81619
11578.20312 -177.04985
11580.89062 -167.17584
11583.58203 -165.13422
11586.27832 -167.46735
11588.96875 -142.37321
11591.66016 -166.99384
11594.35156 -173.64316
11597.04492 -167.33246
11599.73145 -164.99799
11602.42578 -168.38434
11605.11523 -142.49680
11607.80859 -168.34273
11610.50586 -171.73586
11613.19531 -169.96007
11615.88672 -165.82204
11618.58398 -168.09395
11621.27539 -142.37054
11623.95508 -169.57378
11626.64941 -169.62230
11629.34375 -170.31201
11632.03711 -166.66267
11634.72559 -169.38022
11637.42188 -142.25284
11640.11133 -169.38559
11642.80273 -168.30612
11645.49902 -168.77864
11648.19238 -167.00684
11650.87793 -170.57704
11653.57031 -142.61697
11656.26465 -169.79353
11658.95898 -168.51703
11661.64648 -171.51521
11664.34375 -168.04749
11667.03223 -169.80373
11669.72852 -142.84537
11672.41406 -170.00471
11675.11230 -167.62978
11677.79785 -171.97574
11680.49023 -168.93198
11683.18457 -169.68039
11685.87109 -143.20387
11688.56641 -170.06541
11691.26172 -167.36017
11693.95117 -168.86656
11696.64844 -171.53937
11699.33203 -169.73116
11702.03027 -143.91498
11704.72266 -169.37656
11707.41406 -168.16734
11710.10840 -169.78943
11712.80273 -173.89664
11715.49023 -168.79851
11718.17871 -144.63132
11720.87500 -169.03731
11723.56445 -167.72360
11726.25488 -170.26466
11728.95312 -176.17580
11731.63867 -168.78534
11734.33691 -145.35178
11737.02344 -168.35912
11739.71680 -167.03018
11742.40430 -168.17671
11745.10645 -179.46515
11747.78906 -168.76236
11750.48438 -146.75378
11753.17480 -168.14957
11755.86719 -168.36024
11758.56445 -168.11183
11761.25586 -189.31088
11763.94922 -167.94524
11766.63574 -147.36136
11769.32422 -167.82619
11772.01758 -168.90031
11774.70703 -168.90709
11777.41016 -191.83630
11780.09863 -167.10081
11782.78906 -148.72890
11785.48047 -167.57635
11788.17285 -168.73648
11790.86523 -167.08267
11793.55859 -178.72137
11796.25195 -168.28381
11798.93945 -150.17424
11801.62891 -167.53174
11804.32422 -170.37857
11807.01270 -167.61639
11809.70898 -174.87196
11812.40137 -167.45644
11815.09277 -151.34076
11817.78418 -167.36592
11820.47070 -174.59064
11823.16406 -168.69009
11825.85840 -172.73927
11828.55273 -167.26227
11831.24805 -152.15317
11833.93652 -167.77707
11836.62695 -172.15662
11839.32422 -167.25107
11842.01562 -171.15724
11844.69922 -168.13634
11847.39844 -153.64355
11850.08594 -168.07272
11852.77930 -172.25961
11855.47363 -168.15640
11858.16211 -171.72191
11860.85742 -168.22856
11863.55371 -153.35863
11866.24219 -168.17580
11868.93457 -174.70474
11871.62500 -170.12074
11874.31738 -171.21248
11877.00977 -168.01445
11879.70215 -153.23814
11882.39062 -168.58748
11885.07812 -174.45984
11887.77930 -167.93860
11890.46094 -170.37300
11893.15820 -169.24899
11895.85449 -153.21654
11898.54590 -169.08572
11901.23828 -174.78320
11903.92383 -170.06049
11906.62207 -169.25529
11909.30859 -169.05684
11912.00293 -152.64249
11914.69727 -169.25798
11917.38672 -178.18135
11920.08203 -171.16327
11922.77246 -168.25317
11925.45508 -168.88515
11928.15918 -152.50317
11930.84473 -169.95773
11933.53711 -177.93677
11936.23047 -169.37648
11938.91699 -167.88980
11941.61719 -170.95935
11944.31250 -152.15269
11947.00098 -170.02718
11949.68945 -178.18463
11952.38086 -172.21863
11955.07715 -168.45407
11957.76855 -169.85739
11960.45996 -151.38507
11963.15332 -170.88956
11965.84570 -174.99738
11968.53320 -171.96342
11971.22656 -167.96089
11973.92188 -171.03531
11976.61035 -150.88922
11979.30078 -170.68599
11981.99707 -176.60832
11984.68750 -170.48859
11987.38477 -168.16240
11990.06348 -170.97578
11992.76270 -150.57050
11995.45703 -171.25333
11998.14941 -179.21274
12000.83789 -174.21291
12003.52539 -167.17043
12006.22070 -170.85555
12008.91699 -149.54228
12011.60742 -171.41968
12014.29785 -178.37019
12016.99023 -172.28232
12019.68164 -168.61322
12022.37402 -172.27902
12025.06738 -149.44490
12027.75977 -171.31192
12030.44824 -176.39105
12033.14355 -171.36859
12035.83887 -167.23387
12038.52734 -172.28708
12041.21875 -148.56392
12043.90820 -171.82249
12046.60059 -175.42403
12049.29883 -175.82114
12051.98438 -166.85577
12054.67188 -171.36353
12057.37207 -147.88033
12060.06641 -173.04555
12062.75391 -176.15141
12065.44336 -172.81281
12068.13965 -167.92853
12070.83008 -173.47910
12073.52051 -147.66039
12076.21875 -171.98982
12078.90430 -174.90930
12081.59570 -172.81584
12084.28906 -167.88577
12086.98242 -173.93115
12089.67676 -146.76036
12092.36523 -173.72012
12095.05371 -173.15204
12097.75000 -177.59091
12100.44043 -167.56168
12103.13086 -173.72485
12105.82227 -146.48055
12108.51465 -174.52010
12111.20703 -173.12347
12113.90039 -174.92828
12116.59277 -169.27620
12119.28125 -174.40228
12121.97656 -146.17474
12124.67188 -174.02025
12127.36133 -170.24265
12130.05762 -174.05104
12132.74805 -168.67909
12135.43945 -175.61923
12138.13086 -145.82047
12140.82422 -174.62595
12143.51660 -170.32588
12146.20312 -178.59637
12148.89746 -168.75229
12151.59180 -174.87682
12154.28125 -145.93025
12156.97656 -175.41620
12159.66699 -171.25945
12162.35742 -176.05399
12165.04883 -169.96675
12167.74023 -175.20528
12170.43164 -146.29297
12173.12500 -174.31616
12175.81934 -169.63283
12178.50586 -173.29677
12181.20117 -170.81860
12183.88867 -172.80641
12186.58398 -146.19424
12189.28125 -173.15787
12191.97168 -169.09920
12194.65625 -176.03064
12197.35449 -173.47728
12200.04688 -172.48514
12202.74512 -146.82538
12205.42578 -173.10701
12208.12012 -169.80028
12210.81445 -174.50786
12213.50195 -176.62506
12216.19922 -172.45232
12218.88770 -147.63783
12221.57812 -171.72293
12224.27539 -170.16449
12226.96680 -170.29575
12229.65820 -175.53603
12232.34473 -171.48427
12235.04395 -148.17422
12237.73242 -170.60661
12240.42578 -169.48376
12243.11426 -171.75777
12245.80957 -181.31496
12248.50586 -169.73080
12251.19531 -149.55885
12253.88574 -170.19591
12256.57715 -168.95888
12259.26855 -172.62062
12261.96191 -183.13031
12264.65430 -169.96135
12267.34766 -150.73570
12270.03516 -169.57776
12272.72949 -169.38431
12275.42480 -168.13748
12278.11426 -180.66153
12280.80469 -169.33145
12283.50098 -152.38310
12286.19141 -168.77411
12288.88281 -170.49269
12291.56836 -170.13657
12294.26758 -179.06845
12296.96191 -168.85059
12299.64844 -154.47621
12302.34277 -168.86188
12305.03125 -170.76678
12307.71973 -170.75208
12310.41602 -173.53386
12313.11328 -168.76764
12315.80273 -156.28235
12318.49512 -168.37541
12321.18066 -171.00661
12323.87207 -167.79330
12326.57227 -172.96063
12329.26562 -169.06718
12331.95312 -155.35410
12334.64062 -168.64233
12337.33594 -173.67702
12340.02539 -169.49524
12342.72266 -170.21947
12345.41211 -168.92505
12348.10352 -155.02074
12350.79492 -169.29596
12353.48047 -176.69292
12356.18652 -170.98956
12358.86621 -169.19559
12361.56055 -168.93861
12364.25391 -153.33354
12366.94922 -169.08949
12369.64453 -177.68233
12372.32812 -168.70509
12375.02441 -170.44072
12377.72266 -170.24849
12380.41211 -151.32375
12383.09766 -169.75185
12385.79004 -184.26688
12388.48242 -170.60161
12391.17676 -168.11591
12393.86328 -170.27948
12396.55859 -149.85637
12399.25391 -170.91768
12401.94238 -179.43234
12404.63867 -173.28583
12407.32910 -167.72293
12410.02051 -170.57620
12412.71094 -149.24088
12415.40430 -171.47780
12418.09570 -178.05281
12420.78223 -171.24176
12423.48242 -167.94441
12426.17090 -172.57492
12428.86523 -147.86380
12431.55371 -173.04225
12434.24902 -175.97064
12436.93945 -174.31364
12439.63672 -167.10184
12442.32031 -173.70537
12445.01953 -147.39366
12447.71094 -174.21223
12450.39648 -173.49156
12453.09668 -178.76378
12455.78516 -168.55048
12458.47168 -174.64647
12461.16699 -147.20642
12463.85645 -174.80881
12466.54492 -172.80946
12469.24219 -175.29999
12471.93945 -169.28751
12474.62402 -176.89586
12477.32227 -146.79764
12480.01465 -176.82248
12482.70703 -171.29037
12485.39453 -175.09482
12488.08691 -169.29077
12490.78223 -177.64117
12493.47070 -146.80019
12496.16602 -178.68797
12498.85645 -170.80916
12501.54492 -180.56184
12504.23730 -171.37436
12506.92773 -177.06233
12509.61914 -147.16788
12512.31250 -177.84125
12515.01172 -170.15111
12517.70508 -176.64888
12520.39160 -171.55203
12523.08008 -176.19949
12525.77539 -146.98920
12528.47168 -174.78854
12531.16113 -169.12184
12533.85156 -172.23566
12536.54199 -173.23289
12539.23926 -175.53737
12541.92480 -147.63182
12544.61719 -173.91895
12547.30957 -170.33727
12550.00391 -174.07852
12552.69043 -178.85420
12555.38574 -172.55635
12558.08105 -148.41200
12560.77051 -173.71829
12563.45898 -169.01505
12566.15723 -172.78006
12568.84766 -175.90147
12571.53809 -172.56116
12574.22363 -148.60841
12576.92285 -171.80956
12579.61523 -168.99896
12582.30957 -169.17526
12584.99609 -179.57803
12587.69141 -171.45944
12590.37988 -149.91898
12593.07617 -171.00011
12595.76562 -169.66554
12598.45605 -170.90756
12601.14648 -176.53709
12603.84570 -170.32343
12606.52930 -150.92609
12609.22852 -170.59956
12611.91504 -170.27147
12614.60840 -170.10075
12617.30371 -176.62106
12619.99023 -169.51929
12622.68555 -151.58372
12625.38184 -170.06133
12628.07129 -171.45430
12630.76172 -168.43701
12633.44531 -180.26112
12636.14355 -169.81958
12638.83594 -152.78790
12641.53418 -169.48059
12644.22070 -171.52567
12646.91406 -169.72215
12649.60840 -175.24011
12652.29590 -169.07765
12654.99121 -154.02179
12657.68652 -169.30692
12660.37012 -170.69637
12663.06641 -169.16467
12665.75781 -174.83141
12668.44824 -169.06528
12671.14062 -153.38528
12673.83301 -169.10252
12676.52539 -173.17154
12679.21875 -167.62119
12681.90625 -172.11194
12684.60059 -168.91333
12687.29590 -154.34164
12689.98535 -168.79510
12692.68066 -174.60837
12695.36328 -170.78706
12698.06152 -171.66997
12700.75977 -168.99858
12703.44531 -154.29601
12706.13672 -169.95810
12708.82910 -174.84390
12711.52246 -169.10893
12714.21680 -170.98421
12716.90430 -169.61371
12719.59961 -153.11278
12722.28711 -169.03929
12724.97656 -176.22498
12727.67383 -168.13248
12730.36328 -169.97490
12733.05566 -169.52292
12735.74707 -152.82970
12738.43848 -169.29372
12741.13184 -180.62361
12743.82422 -171.48302
12746.52539 -169.93303
12749.20508 -169.15117
12751.90039 -152.87241
12754.59570 -169.87952
12757.28516 -180.13118
12759.98145 -169.25137
12762.67188 -168.74297
12765.35547 -170.10519
12768.05469 -151.34808
12770.74609 -169.68448
12773.43848 -178.02606
12776.13184 -169.25322
12778.81836 -168.33914
12781.51270 -170.78464
12784.20703 -151.21323
12786.89551 -169.83856
12789.59082 -182.16948
12792.28027 -172.28871
12794.97070 -169.07707
12797.66797 -169.34032
12800.35938 -150.76285
12803.05078 -170.20186
12805.74316 -179.75433
12808.42871 -169.62701
12811.12207 -168.24370
12813.81641 -170.44656
12816.50391 -149.61479
12819.20508 -170.28183
12821.88672 -181.18626
12824.58398 -170.99461
12827.28027 -168.56093
12829.97070 -171.19989
12832.66113 -149.69693
12835.35254 -170.91034
12838.04492 -179.69978
12840.73047 -171.99091
12843.42969 -167.69460
12846.11719 -170.20383
12848.81836 -148.60735
12851.50586 -170.21243
12854.19434 -180.16772
12856.89062 -169.73743
12859.58008 -167.97395
12862.26953 -170.91162
12864.96094 -147.83353
12867.65820 -170.65805
12870.35059 -179.84798
12873.04199 -171.77365
12875.73438 -167.31465
12878.42188 -171.09233
12881.11523 -147.68286
12883.80957 -171.33272
12886.49805 -174.63844
12889.19434 -173.44374
12891.88281 -167.42091
12894.57227 -170.86475
12897.26953 -146.79025
12899.96094 -171.31104
12902.65234 -174.67020
12905.34375 -170.17540
12908.03613 -168.04257
12910.73047 -172.05344
12913.41602 -146.16765
12916.11133 -171.60085
12918.80469 -174.83392
12921.49316 -172.54155
12924.18164 -167.15456
12926.87891 -171.26546
12929.56836 -146.06934
12932.26562 -172.19334
12934.95703 -173.18961
12937.64160 -174.11649
12940.34082 -167.29033
12943.03320 -171.69495
12945.71875 -145.39622
12948.41309 -172.08173
12951.10742 -170.54218
12953.80273 -171.68881
12956.49805 -168.00818
12959.18750 -172.61887
12961.87598 -145.27765
12964.56641 -171.76740
12967.25684 -169.96396
12969.94922 -173.34927
12972.64062 -167.27869
12975.33984 -172.08107
12978.02539 -145.40265
12980.71875 -172.75731
12983.41211 -170.58395
12986.09961 -173.97943
12988.79492 -170.86778
12991.48340 -172.03636
12994.17969 -144.95981
12996.86914 -172.32573
12999.56641 -169.21594
13002.25684 -171.45314
13004.94922 -170.89598
13007.64062 -172.69482
13010.32617 -145.35114
13013.02637 -171.49730
13015.71875 -168.98419
13018.40625 -172.31807
13021.10156 -170.74156
13023.78906 -170.84824
13026.48438 -145.56210
13029.17383 -170.83037
13031.87012 -169.04135
13034.56055 -172.38673
13037.25195 -172.46608
13039.94238 -170.75296
13042.63574 -145.83183
13045.32031 -170.42801
13048.01953 -168.35368
13050.70703 -170.05418
13053.40039 -173.12711
13056.09570 -170.63870
13058.78418 -146.44557
13061.47949 -170.73744
13064.16895 -169.25966
13066.86621 -169.56099
13069.55566 -178.38411
13072.24707 -169.91756
13074.94629 -147.09477
13077.63086 -169.12183
13080.32324 -168.92506
13083.00879 -170.15636
13085.70898 -201.32646
13088.39746 -168.77640
13091.08398 -147.75388
13093.77930 -168.49829
13096.47559 -168.77370
13099.16504 -167.95395
13101.86133 -195.19699
13104.55176 -168.33090
13107.23535 -148.90622
13109.93359 -168.24968
13112.63281 -169.85139
13115.31836 -168.12886
13118.01172 -184.69624
13120.70508 -168.33194
13123.39258 -149.84450
13126.08789 -168.85742
13128.77539 -170.41365
13131.46387 -169.11612
13134.16016 -176.59929
13136.85059 -167.78470
13139.54688 -150.65575
13142.23145 -167.91087
13144.93066 -170.41644
13147.62207 -167.44962
13150.31445 -174.60585
13153.00781 -168.06587
13155.69336 -152.01100
13158.38770 -167.67812
13161.08301 -171.95537
13163.77832 -167.40457
13166.46582 -174.27994
13169.16211 -167.46765
13171.84570 -152.42549
13174.54297 -167.85094
13177.23438 -173.69818
13179.92578 -169.17599
13182.61719 -171.45815
13185.30859 -168.32434
13187.99609 -151.84705
13190.68848 -168.34889
13193.38281 -174.93178
13196.07617 -168.07962
13198.76465 -168.80403
13201.46094 -168.17564
13204.15820 -151.53964
13206.83984 -168.48555
13209.53711 -179.85431
13212.23535 -168.36549
13214.92578 -168.84262
13217.61133 -168.79228
13220.31055 -150.91664
13222.99609 -169.53842
13225.68945 -183.03383
13228.38281 -170.65741
13231.07031 -168.60255
13233.76562 -169.56126
13236.46094 -149.66780
13239.15039 -169.78995
13241.83984 -182.72028
13244.53613 -170.52579
13247.22754 -168.57703
13249.91797 -171.31964
13252.60938 -149.34891
13255.30176 -170.72620
13257.99414 -180.18925
13260.68848 -171.17827
13263.37402 -168.27335
13266.06934 -171.94696
13268.75586 -148.53136
13271.45898 -172.55035
13274.14062 -176.30681
13276.83008 -174.90939
13279.53516 -167.58640
13282.22559 -173.35768
13284.90820 -147.98032
13287.60742 -174.79823
13290.29199 -178.06084
13292.98438 -173.99335
13295.68457 -169.79659
13298.37109 -176.27779
13301.06543 -147.94870
13303.75195 -176.37657
13306.45508 -175.05115
13309.14258 -175.07957
13311.83203 -169.15627
13314.52246 -177.81033
13317.21875 -147.80148
13319.91113 -178.17732
13322.60156 -173.36293
13325.28516 -179.24905
13327.98633 -169.76939
13330.67188 -177.65779
13333.37109 -147.54672
13336.05859 -179.09964
13338.75195 -171.85901
13341.44727 -181.82747
13344.13574 -172.16211
13346.82520 -180.64859
13349.52148 -148.33485
13352.21191 -178.96710
13354.91016 -170.53500
13357.59277 -175.04680
13360.29199 -173.59877
13362.97656 -178.03714
13365.67578 -148.52437
13368.36133 -178.24899
13371.05566 -170.45845
13373.75000 -173.55182
13376.43750 -176.66849
13379.13281 -174.63557
13381.82129 -149.05635
13384.51758 -174.66077
13387.20703 -169.97629
13389.89746 -175.27675
13392.58789 -180.04541
13395.28711 -172.87128
13397.97852 -150.14111
13400.66992 -172.42300
13403.36328 -170.79507
13406.04980 -171.39598
13408.74219 -178.65733
13411.43750 -172.68530
13414.13184 -150.93384
13416.82129 -171.34720
13419.50977 -171.12463
13422.20605 -169.91376
13424.89648 -180.94624
13427.58691 -170.76970
13430.28418 -151.98189
13432.97656 -171.13797
13435.66016 -170.74167
13438.35352 -171.58501
13441.04590 -174.81573
13443.73926 -169.82295
13446.43359 -153.62859
13449.12109 -170.41374
13451.81641 -172.30745
13454.50391 -168.53432
13457.20117 -175.11711
13459.89062 -170.46336
13462.57910 -153.61629
13465.27832 -169.28807
13467.96094 -172.85350
13470.66016 -168.41499
13473.34473 -174.16499
13476.04492 -169.32500
13478.73047 -153.40834
13481.42480 -168.95270
13484.11914 -175.38983
13486.80664 -169.90733
13489.50195 -170.86813
13492.19727 -168.86790
13494.88672 -153.64017
13497.57617 -169.78787
13500.26562 -179.62267
13502.95703 -168.45195
13505.64648 -169.90196
13508.34766 -170.01404
13511.03125 -152.03783
13513.72461 -169.15862
13516.42480 -177.44659
13519.11914 -168.19388
13521.80566 -170.01610
13524.50098 -169.49669
13527.18848 -150.77214
13529.87695 -169.91234
13532.56641 -180.06018
13535.27148 -170.69849
13537.95996 -168.01802
13540.65234 -169.51701
13543.34180 -150.40416
13546.02637 -170.24719
13548.72656 -186.72816
13551.41992 -169.11119
13554.10547 -167.97406
13556.80664 -171.44751
13559.49316 -149.51166
13562.18164 -170.77663
13564.87695 -183.86159
13567.56445 -169.87122
13570.26172 -168.44775
13572.95898 -170.97665
13575.64941 -148.49719
13578.33984 -172.21375
13581.03125 -178.06647
13583.72266 -173.30885
13586.41504 -167.85208
13589.10742 -172.06824
13591.79297 -148.68842
13594.49414 -173.29790
13597.18262 -177.42908
13599.87695 -172.20145
13602.56445 -168.55663
13605.25391 -174.96379
13607.95020 -148.09982
13610.63965 -174.05200
13613.33789 -175.28177
13616.02051 -173.09483
13618.71973 -168.66681
13621.41113 -175.16029
13624.10352 -147.79967
13626.78809 -177.31999
13629.48242 -173.46387
13632.17676 -178.42455
13634.87109 -169.95142
13637.56641 -176.12372
13640.25391 -148.13072
13642.94141 -177.87480
13645.63867 -173.77867
13648.33594 -177.07930
13651.01758 -170.30176
13653.71680 -179.97235
13656.40723 -148.32840
13659.09961 -177.72346
13661.79199 -172.05882
13664.48438 -177.45702
13667.16992 -170.03891
13669.86426 -180.37569
13672.55859 -148.41684
13675.24512 -181.05542
13677.94141 -172.20126
13680.63672 -179.83728
13683.31934 -171.97475
13686.01562 -179.69894
13688.70605 -149.49294
13691.40430 -180.51222
13694.08691 -171.52534
13696.78711 -181.92392
13699.47168 -174.45332
13702.16406 -180.16252
13704.85742 -149.81682
13707.55078 -179.03833
13710.24512 -172.53307
13712.93945 -175.95461
13715.62695 -176.61543
13718.32422 -177.80341
13721.01172 -150.59596
13723.70996 -176.01172
13726.39160 -170.95984
13729.08984 -176.12894
13731.78125 -176.63969
13734.47266 -175.35513
13737.17188 -152.21471
13739.85742 -176.49202
13742.54297 -172.96407
13745.23535 -177.66005
13747.93750 -178.27156
13750.62500 -175.54555
13753.31152 -152.91751
13756.01562 -175.09608
13758.70508 -172.78743
13761.39453 -172.72375
13764.08301 -177.65565
13766.77344 -175.07025
13769.47168 -154.75092
13772.16309 -174.18019
13774.84766 -172.05714
13777.54004 -173.61397
13780.24023 -178.55489
13782.92578 -173.57166
13785.62012 -157.07341
13788.31445 -173.33817
13791.00195 -172.83719
13793.69043 -175.31592
13796.39453 -175.76088
13799.08203 -173.02426
13801.77246 -158.56541
13804.47070 -173.71446
13807.16016 -173.05911
13809.85156 -171.56653
13812.53516 -176.74265
13815.23535 -172.79315
13817.91992 -160.66545
13820.61426 -173.15298
13823.30664 -174.19875
13826.00098 -173.07675
13828.68945 -175.32896
13831.38477 -173.11119
13834.07227 -165.86699
13836.76855 -172.81096
13839.46484 -174.31749
13842.14746 -174.05737
13844.83789 -173.24808
13847.53711 -172.61761
13850.22852 -164.68358
13852.91992 -172.16624
13855.61133 -174.35123
13858.30566 -171.36250
13860.99805 -172.30122
13863.69238 -172.49007
13866.37891 -164.58261
13869.07422 -173.25067
13871.76270 -176.20227
13874.45801 -173.21976
13877.14746 -173.07584
13879.84473 -172.40588
13882.52734 -162.80135
13885.22461 -172.60277
13887.90918 -178.49265
13890.60742 -173.11296
13893.29980 -172.13013
13895.98535 -173.07668
13898.68555 -160.28505
13901.37891 -172.43570
13904.06641 -175.71735
13906.75977 -170.74330
13909.45508 -171.62196
13912.14355 -172.68941
13914.83984 -157.15169
13917.52930 -172.74849
13920.21973 -178.58717
13922.90918 -173.88721
13925.60059 -170.56065
13928.29102 -171.89479
13930.98242 -156.43045
13933.68262 -172.39381
13936.37598 -178.53566
13939.06152 -172.12755
13941.75586 -169.97406
13944.44922 -173.32545
13947.14453 -154.17499
13949.83301 -172.07947
13952.52051 -176.90283
13955.20996 -171.36348
13957.90625 -170.68503
13960.59668 -172.37141
13963.29492 -152.77997
13965.98535 -172.19746
13968.67676 -179.28442
13971.36133 -173.22324
13974.06152 -170.69629
13976.74707 -171.85741
13979.43945 -151.99432
13982.13379 -172.67352
13984.82812 -176.85770
13987.51562 -171.65498
13990.21094 -169.26894
13992.90820 -172.94725
13995.59570 -150.19478
13998.28516 -172.75281
14000.97559 -180.47958
14003.67285 -171.51756
14006.36523 -169.18053
14009.05664 -172.88351
14011.74805 -149.31424
14014.43262 -171.56137
14017.12500 -179.06888
14019.81934 -173.87630
14022.51367 -168.46152
14025.20020 -172.28156
14027.90234 -148.60204
14030.59082 -173.01323
14033.28027 -174.97256
14035.97656 -171.33446
14038.66602 -168.64584
14041.35547 -172.77110
14044.04688 -147.57797
14046.73730 -173.33472
14049.42871 -175.24164
14052.12891 -170.83598
14054.82031 -169.01413
14057.51367 -172.51100
14060.20703 -146.81221
14062.89453 -172.33842
14065.58789 -174.95570
14068.28320 -173.96739
14070.97168 -168.13773
14073.66016 -172.38402
14076.34863 -146.50470
14079.03809 -172.55313
14081.73633 -172.73471
14084.42578 -172.41628
14087.11816 -168.28159
14089.81641 -172.57561
14092.50098 -145.61012
14095.20117 -172.65691
14097.88672 -171.79535
14100.58789 -170.43745
14103.26660 -168.87901
14105.96191 -172.06232
14108.65625 -145.46294
14111.35254 -171.37679
14114.04785 -170.66690
14116.72949 -172.33405
14119.42578 -169.00319
14122.11719 -170.77408
14124.80664 -145.19046
14127.50586 -171.36282
14130.18945 -169.60622
14132.88965 -170.96559
14135.58203 -169.30493
14138.26660 -170.30899
14140.96094 -144.63164
14143.65430 -169.80190
14146.34180 -168.66760
14149.03711 -169.25349
14151.73242 -169.22595
14154.41992 -169.95047
14157.11719 -144.71573
14159.81445 -168.95900
14162.49609 -168.16220
14165.19434 -169.35100
14167.87695 -171.30371
14170.57715 -168.39922
14173.26074 -144.77826
14175.95312 -168.69505
14178.65332 -168.34770
14181.33984 -168.44411
14184.03320 -174.76538
14186.72852 -167.74419
14189.42285 -144.62952
14192.10352 -167.40768
14194.79883 -167.76759
14197.49512 -166.35234
14200.19336 -175.21037
14202.87500 -167.61273
14205.57227 -144.87450
14208.26270 -166.80962
14210.94727 -168.29451
14213.65332 -167.20892
14216.33008 -174.55394
14219.03223 -166.04274
14221.72461 -145.09978
14224.41016 -166.20898
14227.09766 -168.35023
14229.79980 -166.18553
14232.48828 -178.69879
14235.17578 -165.63774
14237.87207 -144.94806
14240.56836 -165.10519
14243.25781 -168.25932
14245.94824 -164.61792
14248.64648 -178.33652
14251.33008 -165.51978
14254.02246 -145.41252
14256.72070 -165.19630
14259.41406 -168.60654
14262.09961 -164.92332
14264.79395 -172.49741
14267.47949 -164.53433
14270.18164 -145.46150
14272.87012 -164.86708
14275.56543 -169.36739
14278.25293 -164.68703
14280.94238 -171.42070
14283.63184 -164.46922
14286.32031 -145.42970
14289.01172 -164.13013
14291.70996 -169.60809
14294.40234 -163.72620
14297.09375 -170.77992
14299.78613 -164.03911
14302.47949 -145.62416
14305.17188 -164.02466
14307.86621 -170.35861
14310.56055 -164.45850
14313.24805 -168.56305
14315.94336 -163.87489
14318.63184 -145.59265
14321.32812 -163.88019
14324.01758 -172.13458
14326.70703 -163.56966
14329.39648 -167.77132
14332.09473 -163.89697
14334.78613 -145.14825
14337.47852 -164.06512
14340.16992 -172.35567
14342.85547 -163.46495
14345.54785 -166.64584
14348.24121 -163.81500
14350.93555 -145.24704
14353.63086 -163.65544
14356.31738 -175.30782
14359.01367 -164.51292
14361.70117 -166.96124
14364.39844 -163.60124
14367.08789 -144.97667
14369.78516 -164.12769
14372.46680 -178.08336
14375.15820 -163.93929
14377.85742 -165.96025
14380.54883 -164.28812
14383.23340 -144.52141
14385.92676 -164.25775
14388.61914 -177.95555
14391.31348 -163.90883
14394.00000 -165.30573
14396.70312 -164.38252
14399.39062 -144.51208
14402.07910 -164.07388
14404.77441 -179.67133
14407.47168 -165.06184
14410.15234 -164.84953
14412.85059 -164.34567
14415.54883 -144.17157
14418.24023 -164.78766
14420.93164 -186.72165
14423.61523 -164.78157
14426.31641 -164.76781
14429.00195 -165.04692
14431.69434 -143.91077
14434.39648 -165.13669
14437.07520 -179.62498
14439.77734 -165.01599
14442.46582 -164.85890
14445.14551 -165.64354
14447.84180 -143.83476
14450.53906 -165.47121
14453.22852 -177.73607
14455.91895 -166.10698
14458.61719 -164.75990
14461.30859 -165.53648
14464.00000 -143.68919
14466.69141 -165.96968
14469.38477 -175.65166
14472.07812 -165.94308
14474.76367 -165.24770
14477.45703 -166.60411
14480.15137 -143.48151
14482.83984 -166.54156
14485.54199 -173.91312
14488.22266 -166.74727
14490.91895 -165.56316
14493.60840 -166.96199
14496.30664 -143.69550
14498.98828 -167.07639
14501.69434 -172.89018
14504.37695 -167.57706
14507.06934 -165.73886
14509.76074 -167.39944
14512.45312 -143.56636
14515.14648 -167.46318
14517.84082 -170.56674
14520.52734 -167.74922
14523.23047 -165.97511
14525.91699 -167.89339
14528.60449 -143.73599
14531.29297 -168.00926
14533.98926 -168.31969
14536.67871 -167.69902
14539.37500 -167.33630
14542.06543 -168.86134
14544.75586 -143.86050
14547.44727 -168.36298
14550.13867 -168.59929
14552.83105 -168.93976
14555.52344 -168.00470
14558.21680 -167.73845
14560.91016 -143.97961
14563.59570 -168.91931
14566.29102 -169.11324
14568.98633 -168.49641
14571.67383 -168.52225
14574.36133 -168.37018
14577.05859 -144.22229
14579.75586 -168.76460
14582.44531 -168.45287
14585.13574 -168.31046
14587.82617 -169.32024
14590.51758 -169.47224
14593.20801 -144.32106
14595.90820 -168.06412
14598.60156 -168.57027
14601.28711 -169.18936
14603.97949 -171.19038
14606.66602 -168.13120
14609.36035 -144.45306
14612.05566 -168.42906
14614.75098 -168.09789
14617.43945 -168.29347
14620.13574 -171.84270
14622.82422 -167.85898
14625.51367 -144.71375
14628.20410 -168.53128
14630.90234 -167.60498
14633.59375 -167.49631
14636.29297 -172.99501
14638.96875 -167.97203
14641.66992 -144.94360
14644.36328 -167.42966
14647.05566 -167.72839
14649.74219 -168.03899
14652.43652 -173.19722
14655.13184 -167.00757
14657.81836 -145.15323
14660.50684 -166.91899
14663.21094 -168.34160
14665.89258 -167.28595
14668.58887 -175.32834
14671.27930 -166.90039
14673.96973 -145.55402
14676.66895 -166.80519
14679.36035 -168.03816
14682.05176 -166.23059
14684.74414 -179.76463
14687.43652 -166.52679
14690.12207 -145.46750
14692.81641 -165.98563
14695.50977 -168.07654
14698.20410 -166.31133
14700.89258 -177.22964
14703.58789 -165.48965
14706.27539 -145.70689
14708.96484 -165.47217
14711.66211 -167.86990
14714.35156 -165.53613
14717.04199 -174.57492
14719.74121 -165.36127
14722.43164 -145.86504
14725.11621 -165.29428
14727.80762 -168.46591
14730.50781 -164.97377
14733.20215 -173.97334
14735.88770 -164.97894
14738.57324 -145.72046
14741.27539 -164.45024
14743.96289 -168.96375
14746.65820 -164.54218
14749.35449 -172.32666
14752.03516 -164.24715
14754.73145 -145.70222
14757.42969 -164.18558
14760.11133 -170.10275
14762.81055 -164.09877
14765.50000 -170.40125
14768.19238 -163.92665
14770.88379 -145.51688
14773.57617 -163.69957
14776.26953 -169.81573
14778.96289 -163.52139
14781.64844 -168.06491
14784.35059 -163.54439
14787.03711 -145.22510
14789.72559 -163.43222
14792.42090 -170.88997
14795.10840 -163.81728
14797.80664 -167.36804
14800.50293 -163.28220
14803.18457 -144.91742
14805.87500 -163.41805
14808.57324 -171.74586
14811.26465 -162.99210
14813.95605 -166.53198
14816.64844 -163.17206
14819.34082 -144.36186
14822.03320 -162.75992
14824.72754 -172.99449
14827.41309 -162.59535
14830.10840 -165.53619
14832.80273 -162.66760
14835.49023 -143.66199
14838.18750 -162.69705
14840.87500 -173.57002
14843.57227 -163.02997
14846.26074 -164.23120
14848.95117 -162.43527
14851.64160 -143.36659
14854.33203 -162.74600
14857.03223 -175.52350
14859.71582 -162.74847
14862.40820 -163.83078
14865.09961 -162.80173
14867.79395 -142.68784
14870.49609 -162.49423
14873.17383 -177.34218
14875.86816 -162.13379
14878.56348 -163.69637
14881.25977 -162.61464
14883.94727 -142.11819
14886.63574 -162.50975
14889.33398 -175.58693
14892.03027 -162.98412
14894.71191 -163.23073
14897.41113 -162.22606
14900.10156 -141.68051
14902.79297 -162.53981
14905.48438 -175.26144
14908.17773 -162.69360
14910.87012 -162.33183
14913.55566 -162.36256
14916.25781 -141.22945
14918.94434 -162.34114
14921.63086 -172.74425
14924.33398 -162.09053
14927.01270 -162.68076
14929.70898 -162.53212
14932.39844 -140.68782
14935.08691 -162.43777
14937.78418 -170.00761
14940.47461 -163.15889
14943.16504 -162.24765
14945.86426 -162.51443
14948.55566 -140.55077
14951.24023 -162.66878
14953.94043 -168.58580
14956.63281 -162.75667
14959.32715 -162.93898
14962.02051 -162.58881
14964.70703 -140.18158
14967.39355 -162.42305
14970.08887 -169.42592
14972.78418 -162.24522
14975.48047 -163.31903
14978.16992 -162.52896
14980.86719 -139.94209
14983.54883 -162.52719
14986.23828 -167.64967
14988.93652 -162.97197
14991.62012 -163.18684
14994.32031 -162.54475
14997.00293 -139.92213
14999.70312 -162.62379
15002.38867 -166.72679
15005.08203 -162.58791
15007.77539 -163.38202
15010.47852 -162.51651
15013.16504 -139.74599
15015.85156 -162.23477
15018.54883 -165.78485
15021.23633 -162.14632
15023.92480 -164.10559
15026.62207 -162.46478
15029.31152 -139.72232
15032.00195 -162.26416
15034.69922 -165.62386
15037.39160 -162.62914
15040.08301 -164.58179
15042.77441 -162.14937
15045.46777 -139.86150
15048.16016 -162.31613
15050.85352 -165.29803
15053.54688 -162.30115
15056.23242 -165.10138
15058.92773 -162.06081
15061.61523 -139.88341
15064.31055 -161.76805
15066.99805 -165.27243
15069.69629 -161.43385
15072.38379 -165.97571
15075.07324 -161.86508
15077.77246 -139.95227
15080.46289 -161.74098
15083.15332 -164.63805
15085.84473 -162.03596
15088.53613 -166.77309
15091.22949 -161.38177
15093.92188 -140.30814
15096.62305 -161.61502
15099.30859 -165.02028
15101.99414 -161.75175
15104.68848 -168.35249
15107.38379 -161.35226
15110.08008 -140.41844
15112.76855 -161.30840
15115.45703 -164.87306
15118.14453 -160.91170
15120.84180 -167.97729
15123.53320 -161.30916
15126.22266 -140.66855
15128.91406 -161.02217
15131.60547 -165.35590
15134.29688 -161.45053
15136.99707 -167.74062
15139.68164 -160.84778
15142.37402 -141.01704
15145.06836 -161.09860
15147.76270 -166.25047
15150.44824 -161.13980
15153.14355 -167.57829
15155.83887 -160.81361
15158.52637 -141.18427
15161.21484 -160.83395
15163.91113 -165.25404
15166.60938 -160.62991
15169.29785 -167.75018
15171.98047 -160.92650
15174.67871 -141.44249
15177.37793 -160.66391
15180.06250 -166.10478
15182.75391 -161.15149
15185.45410 -166.34946
15188.13867 -160.78194
15190.83203 -141.80977
15193.52637 -160.83653
15196.22070 -166.37151
15198.90723 -161.10486
15201.59375 -165.75659
15204.29785 -160.73260
15206.98633 -141.85025
15209.67383 -160.83368
15212.36328 -167.76357
15215.06934 -160.71243
15217.75195 -165.27010
15220.44922 -160.92157
15223.14062 -142.01149
15225.82227 -160.89049
15228.52344 -168.97513
15231.21582 -161.23880
15233.90039 -164.36206
15236.60156 -161.09099
15239.28711 -142.43689
15241.98145 -161.07678
15244.67578 -170.55144
15247.36230 -161.37082
15250.05762 -164.27820
15252.74512 -161.32664
15255.44141 -142.28319
15258.12988 -161.29501
15260.82812 -171.66380
15263.51660 -161.25955
15266.20703 -163.37845
15268.89746 -161.56213
15271.58789 -142.35265
15274.27930 -161.60027
15276.97168 -173.45116
15279.66406 -162.03767
15282.35742 -163.27374
15285.04980 -161.76118
15287.74414 -142.54959
15290.42969 -161.86578
15293.12500 -177.01134
15295.82031 -162.41132
15298.51562 -163.27922
15301.21191 -162.28403
15303.89160 -142.54633
15306.58105 -162.29520
15309.27832 -178.30013
15311.96777 -162.21971
15314.66699 -163.89688
15317.35742 -162.60777
15320.04883 -142.56444
15322.73926 -162.84612
15325.43164 -174.50920
15328.12402 -163.36600
15330.80957 -163.54614
15333.51074 -163.09604
15336.19629 -142.84163
15338.89062 -163.40565
15341.58594 -175.68295
15344.27246 -163.69006
15346.96777 -163.71753
15349.65625 -163.62804
15352.34473 -142.64204
15355.04980 -163.64056
15357.73047 -176.13167
15360.42969 -163.81905
15363.11914 -163.36057
15365.81055 -164.11378
15368.50098 -142.76747
15371.20117 -164.36536
15373.89258 -173.07802
15376.57715 -164.87842
15379.26953 -164.33109
15381.96387 -164.66875
15384.64941 -143.05046
15387.34375 -164.97064
15390.03906 -173.35645
15392.73438 -165.72153
15395.42188 -164.68921
15398.11719 -165.15115
15400.80664 -143.04553
15403.49512 -165.52319
15406.19238 -171.46660
15408.88281 -165.43318
15411.57324 -165.02759
15414.27246 -165.84790
15416.96387 -143.28648
15419.64746 -165.94255
15422.33887 -170.64468
15425.03125 -166.71149
15427.72461 -165.35039
15430.41895 -166.25804
15433.11133 -143.60271
15435.80664 -166.65990
15438.49414 -169.39893
15441.18066 -167.47394
15443.87598 -166.16969
15446.56348 -167.35623
15449.25977 -143.71440
15451.95801 -166.96432
15454.64746 -169.34755
15457.34473 -167.20280
15460.03516 -167.19116
15462.72559 -167.04651
15465.40918 -144.03519
15468.10938 -167.11586
15470.80078 -168.58736
15473.49414 -168.01442
15476.18652 -167.93423
15478.87207 -167.53183
15481.56641 -144.53395
15484.25977 -167.90945
15486.94727 -168.76294
15489.64258 -168.12523
15492.32910 -168.64970
15495.02539 -168.11876
15497.72266 -144.60355
15500.40234 -167.73827
15503.10059 -168.50920
15505.79004 -167.97563
15508.48828 -171.42883
15511.17969 -168.02258
15513.87109 -145.20232
15516.55273 -167.54460
15519.25391 -168.63847
15521.94531 -168.59834
15524.63086 -171.78368
15527.33301 -167.63438
15530.02734 -145.65138
15532.71289 -167.68068
15535.40820 -168.71603
15538.09473 -168.07440
15540.79004 -172.34810
15543.47754 -167.69963
15546.17383 -145.97684
15548.87109 -168.23155
15551.56055 -168.38307
15554.24902 -167.45427
15556.93945 -174.42552
15559.63867 -167.91377
15562.33008 -146.63786
15565.02051 -167.28474
15567.70410 -168.44753
15570.39648 -168.08368
15573.08984 -177.23952
15575.78223 -167.06694
15578.47656 -147.24821
15581.17090 -166.98048
15583.85742 -168.48251
15586.56055 -167.54980
15589.24805 -179.33070
15591.93457 -167.09840
15594.63086 -147.61292
15597.32031 -167.11411
15600.01758 -169.26430
15602.70605 -166.74376
15605.39648 -179.10147
15608.08691 -166.77995
15610.77734 -148.42633
15613.47754 -166.68028
15616.16992 -170.29338
15618.86133 -167.08925
15621.54492 -175.60378
15624.23828 -166.67253
15626.93262 -148.99966
15629.62695 -166.51561
15632.32031 -170.05624
15635.00586 -167.04436
15637.69336 -174.03990
15640.38965 -166.19884
15643.08594 -149.13350
15645.77344 -166.63292
15648.47070 -171.90996
15651.16016 -166.19092
15653.84961 -174.42827
15656.54785 -166.52322
15659.23926 -149.90608
15661.92969 -166.16278
15664.62109 -172.12099
15667.32227 -166.98882
15670.00586 -171.27177
15672.69727 -165.75751
15675.38281 -149.96187
15678.08594 -166.22731
15680.77148 -172.25626
15683.46582 -166.76274
15686.15234 -169.23393
15688.85645 -166.52533
15691.54395 -149.69348
15694.23242 -166.11070
15696.92871 -175.62756
15699.61816 -166.14066
15702.30664 -169.13664
15705.00488 -166.42632
15707.69531 -149.53970
15710.38574 -166.24486
15713.07715 -178.27180
15715.76953 -167.08829
15718.46094 -168.26067
15721.15332 -166.06552
15723.84668 -149.31656
15726.53125 -166.58510
15729.22461 -180.27682
15731.91895 -167.24974
15734.61426 -167.83524
15737.30957 -166.72354
15739.99609 -148.62160
15742.69336 -166.67131
15745.38965 -193.05794
15748.06836 -166.71437
15750.76660 -166.95139
15753.45605 -167.67522
15756.14648 -148.49426
15758.84570 -166.97546
15761.53516 -192.97243
15764.22754 -168.00168
15766.91895 -167.39410
15769.60156 -167.03587
15772.29492 -147.88647
15774.99609 -168.02011
15777.69043 -183.96756
15780.38477 -168.42911
15783.06152 -168.47568
15785.75586 -168.34698
15788.45117 -147.41705
15791.14746 -167.73143
15793.82617 -181.90845
15796.52344 -168.02509
15799.21973 -167.06616
15801.91797 -168.49591
15804.59863 -147.20094
15807.29688 -168.43300
15809.98828 -177.07574
15812.67773 -169.77596
15815.37012 -166.00168
15818.06152 -168.76637
15820.76270 -146.94231
15823.44629 -169.48117
15826.13867 -174.80840
15828.82422 -170.11635
15831.52734 -167.30904
15834.22070 -170.19391
15836.90820 -146.62869
15839.59473 -170.13475
15842.29883 -174.27298
15844.97852 -169.78435
15847.67480 -167.63715
15850.36328 -170.46477
15853.06152 -146.75758
15855.75977 -170.23334
15858.43945 -171.90085
15861.14062 -171.40717
15863.83008 -168.43990
15866.52246 -170.07590
15869.20410 -146.78810
15871.90527 -171.04297
15874.59863 -169.83122
15877.29102 -171.86208
15879.97559 -169.79793
15882.66992 -170.55009
15885.36523 -146.83867
15888.05859 -170.63364
15890.74609 -170.32022
15893.44238 -170.90469
15896.12891 -169.88623
15898.81738 -171.47090
15901.51465 -147.33304
15904.20410 -171.26950
15906.90234 -168.98495
15909.59180 -171.32368
15912.28320 -170.82361
15914.97266 -170.98969
15917.66406 -147.45515
15920.35645 -170.87860
15923.04785 -169.98845
15925.74121 -171.41850
15928.43359 -174.60814
15931.12695 -170.15645
15933.82031 -148.07362
15936.50586 -170.05368
15939.20996 -170.54674
15941.89648 -170.13039
15944.58398 -175.92625
15947.28027 -170.09865
15949.97656 -148.86224
15952.66504 -170.56773
15955.34570 -169.63536
15958.04297 -170.49878
15960.74219 -177.22821
15963.43262 -169.89442
15966.12305 -149.49255
15968.81348 -169.10202
15971.49609 -169.77090
15974.19727 -170.13142
15976.88965 -182.46146
15979.58203 -169.50221
15982.27637 -150.24007
15984.96094 -169.00505
15987.65527 -171.52301
15990.35059 -169.55070
15993.04590 -186.20688
15995.73242 -169.49634
15998.42773 -151.43129
16001.11523 -169.59439
16003.81348 -172.39830
16006.49316 -168.93488
16009.19043 -183.33073
16011.87988 -168.99095
16014.57031 -151.96709
16017.26953 -168.94600
16019.96094 -171.34915
16022.66113 -168.95796
16025.35254 -178.39377
16028.03613 -168.86125
16030.72070 -153.00592
16033.43164 -168.57843
16036.11523 -172.73837
16038.80957 -169.69562
16041.50391 -175.26950
16044.19922 -169.23808
16046.87695 -154.27161
16049.57227 -169.45844
16052.26074 -173.51370
16054.95703 -168.97511
16057.64551 -174.20790
16060.34277 -168.98370
16063.03320 -154.80312
16065.73145 -169.08943
16068.42188 -173.61639
16071.11230 -169.63478
16073.80371 -172.66397
16076.49512 -169.17918
16079.18750 -155.38614
16081.87988 -169.53824
16084.57227 -175.00078
16087.26562 -169.88036
16089.95996 -171.71394
16092.64551 -170.50809
16095.34082 -155.86069
16098.02637 -169.72205
16100.72266 -177.51140
16103.40918 -169.94243
16106.10547 -171.64435
16108.80371 -169.52011
16111.49219 -155.47218
16114.18066 -170.47932
16116.87012 -179.12669
16119.56934 -171.73875
16122.25977 -170.75252
16124.95020 -170.24797
16127.64160 -155.96996
16130.33301 -171.19359
16133.02637 -181.25279
16135.70898 -171.14148
16138.41211 -170.54340
16141.10449 -172.07722
16143.79004 -156.12970
16146.48438 -171.49353
16149.17969 -184.92912
16151.86621 -172.10135
16154.56152 -169.62883
16157.25000 -171.86839
16159.94629 -155.56314
16162.64258 -172.63286
16165.32324 -183.79918
16168.02148 -174.36600
16170.71094 -170.78432
16173.40918 -172.00182
16176.09961 -156.41150
16178.79102 -172.73267
16181.48242 -180.15794
16184.16504 -173.37852
16186.86621 -170.73674
16189.55078 -174.32538
16192.25195 -156.02100
16194.93750 -173.49997
16197.63184 -181.04478
16200.31738 -173.99748
16203.02148 -170.89062
16205.70801 -173.54997
16208.40332 -156.32004
16211.09180 -174.28874
16213.77930 -182.75122
16216.47559 -176.91895
16219.16504 -170.19539
16221.86328 -174.51462
16224.55176 -156.56905
16227.24219 -174.70972
16229.93262 -187.21625
16232.62500 -175.23363
16235.32422 -170.36426
16238.01660 -175.50711
16240.69922 -155.69685
16243.40234 -174.55176
16246.08594 -178.77740
16248.78906 -176.20770
16251.47363 -170.89832
16254.15918 -174.59663
16256.85449 -155.94203
16259.54980 -174.93745
16262.23730 -177.10767
16264.92383 -176.27992
16267.62109 -170.79778
16270.31055 -175.62291
16273.00781 -155.41017
16275.69727 -176.18849
16278.39453 -180.95464
16281.08496 -175.70372
16283.77539 -171.97282
16286.46680 -176.46059
16289.16797 -154.50797
16291.85059 -175.56749
16294.54199 -180.73167
16297.23535 -178.01668
16299.92773 -171.26112
16302.62207 -175.44600
16305.31641 -154.62315
16308.00977 -175.02808
16310.69727 -184.74692
16313.39258 -176.21147
16316.07910 -171.75758
16318.76758 -176.03658
16321.47266 -153.47275
16324.16016 -176.65352
16326.84961 -178.53375
16329.53906 -175.88219
16332.23730 -171.24422
16334.92676 -177.61258
16337.61719 -152.40211
16340.30859 -176.05176
16342.99902 -177.38399
16345.69238 -179.49394
16348.38379 -169.96300
16351.07617 -176.70222
16353.76074 -152.58855
16356.46387 -177.38701
16359.14844 -176.59549
16361.84375 -176.57481
16364.53711 -171.40074
16367.22461 -178.45271
16369.91992 -151.46382
16372.60742 -177.49681
16375.30371 -175.93401
16377.99219 -176.28957
16380.68945 -169.82623
16383.37891 -177.42776
16386.07617 -151.19878
16388.76758 -177.83112
16391.45703 -175.93887
16394.14844 -181.65466
16396.83008 -170.68481
16399.53125 -176.92651
16402.22266 -151.59094
16404.91602 -178.91617
16407.60938 -173.56299
16410.30078 -178.45526
16412.99609 -174.19310
16415.68164 -178.47504
16418.37695 -151.00438
16421.07227 -176.78976
16423.75781 -173.47272
16426.45312 -177.28181
16429.14258 -171.80022
16431.83789 -177.86166
16434.52734 -151.43564
16437.22461 -176.19308
16439.91406 -172.31737
16442.59570 -179.78925
16445.29492 -174.09096
16447.98438 -176.29243
16450.67578 -151.92174
16453.36719 -177.43640
16456.06836 -171.80664
16458.75195 -176.61485
16461.44336 -177.33218
16464.13672 -175.63835
16466.83203 -152.06898
16469.51562 -175.87695
16472.21094 -172.56557
16474.91406 -175.32816
16477.59180 -176.27875
16480.28906 -175.16829
16482.98438 -152.70970
16485.67188 -174.31708
16488.36914 -172.18063
16491.05859 -176.21770
16493.74609 -182.29135
16496.44531 -173.56000
16499.12500 -153.79652
16501.82617 -173.89128
16504.52539 -172.83296
16507.20898 -174.33249
16509.90039 -189.03973
16512.59961 -173.45563
16515.28516 -154.38770
16517.97656 -172.43732
16520.66992 -172.22075
16523.36328 -172.62904
16526.05078 -185.26385
16528.74414 -173.77394
16531.43945 -156.38026
16534.12500 -172.78516
16536.82227 -173.07149
16539.51953 -174.29179
16542.20508 -182.73251
16544.89453 -171.87323
16547.59375 -158.15681
16550.28125 -172.13770
16552.97070 -174.33685
16555.66211 -173.22519
16558.36133 -179.05037
16561.05273 -172.58980
16563.74219 -159.46167
16566.42578 -172.15176
16569.12695 -174.54782
16571.82031 -171.81688
16574.51367 -176.96466
16577.20703 -172.91614
16579.89062 -161.97572
16582.58594 -172.77330
16585.27148 -174.11517
16587.96680 -173.02124
16590.66211 -175.50877
16593.34961 -172.07193
16596.03711 -165.19490
16598.74219 -172.32481
16601.42188 -178.98991
16604.11914 -173.46860
16606.80859 -172.73991
16609.50781 -172.65764
16612.19922 -163.08034
16614.88867 -172.50755
16617.58008 -179.50987
16620.28125 -173.05513
16622.96484 -173.23772
16625.65625 -173.52963
16628.34766 -162.46788
16631.04102 -174.00165
16633.73438 -177.41364
16636.42969 -174.71873
16639.11523 -174.31024
16641.80859 -173.59132
16644.49609 -161.75659
16647.20117 -174.05104
16649.88672 -182.43248
16652.57422 -175.41542
16655.27148 -171.79440
16657.96094 -175.59378
16660.65820 -159.77341
16663.33789 -175.14317
16666.02734 -181.69098
16668.73633 -175.15579
16671.42773 -172.54958
16674.11914 -175.13823
16676.80859 -158.67120
16679.49219 -176.36038
16682.19336 -177.26064
16684.87695 -179.11742
16687.57031 -171.56226
16690.26367 -178.16586
16692.95703 -159.06441
16695.65234 -180.50333
16698.33789 -178.42944
16701.03320 -181.24080
16703.72070 -172.27307
16706.41602 -181.34515
16709.10352 -158.15994
16711.80078 -180.38153
16714.49805 -177.06726
16717.17773 -180.93085
16719.87695 -172.23996
16722.57617 -180.41324
16725.25586 -158.28918
16727.95508 -183.46855
16730.63672 -176.50539
16733.33789 -188.94226
16736.03125 -172.88943
16738.71289 -190.32857
16741.41406 -160.07593
16744.10742 -190.08508
16746.80078 -174.52376
16749.48633 -184.32962
16752.17969 -174.39291
16754.86523 -185.98001
16757.56055 -160.28360
16760.25586 -188.14577
16762.95312 -175.34641
16765.64062 -184.84729
16768.33789 -175.01326
16771.02539 -183.25279
16773.71484 -162.24345
16776.41211 -183.69951
16779.10156 -176.01154
16781.79297 -180.43153
16784.48242 -175.41911
16787.17188 -181.76051
16789.87305 -166.01352
16792.55664 -180.12434
16795.24805 -177.52373
16797.94141 -178.94975
16800.63281 -176.32584
16803.32617 -179.79407
16806.01953 -168.90100
16808.71484 -181.32214
16811.40039 -175.23271
16814.09570 -178.29393
16816.79102 -177.26514
16819.47656 -178.70273
16822.17383 -178.71059
16824.86133 -177.14812
16827.55078 -176.18678
16830.24805 -176.11714
16832.94531 -175.59752
16835.62695 -175.95224
16838.32422 -167.16808
16841.01562 -176.59404
16843.70703 -176.97127
16846.40625 -175.82140
16849.08789 -173.97533
16851.77930 -176.54738
16854.47266 -162.97858
16857.16602 -177.88416
16859.85938 -179.61815
16862.55273 -175.95026
16865.23633 -174.68358
16867.93164 -175.78592
16870.63672 -159.78487
16873.31250 -175.01787
16876.01758 -180.24960
16878.70508 -175.37128
16881.40234 -174.14079
16884.08789 -176.48810
16886.78516 -157.17589
16889.47461 -175.84065
16892.15430 -180.61771
16894.85352 -175.24648
16897.55273 -171.70859
16900.24219 -176.28702
16902.93359 -155.85573
16905.62500 -176.49168
16908.31641 -196.11594
16911.00000 -176.85919
16913.70117 -171.51138
16916.39453 -175.90121
16919.08789 -154.18034
16921.77344 -176.78729
16924.46680 -178.16930
16927.16016 -175.09001
16929.84766 -171.04994
16932.54297 -177.72250
16935.23828 -152.98102
16937.92578 -177.12889
16940.61328 -178.55138
16943.31836 -175.95883
16946.00781 -171.73248
16948.69531 -178.76744
16951.38477 -152.36726
16954.08398 -178.65770
16956.77539 -176.77888
16959.46484 -180.08803
16962.15625 -171.90714
16964.84766 -178.23587
16967.53906 -151.68675
16970.23242 -179.44284
16972.92383 -174.81560
16975.61719 -177.12309
16978.31055 -172.80804
16980.99414 -177.90915
16983.69922 -150.90605
16986.38477 -178.27240
16989.07031 -172.70250
16991.76562 -176.69867
16994.46094 -174.23869
16997.14844 -178.17389
16999.83594 -151.11223
17002.53516 -177.92168
17005.22266 -173.52028
17007.91992 -177.32996
17010.60938 -173.09015
17013.29883 -177.85556
17015.99805 -150.66515
17018.67969 -176.30495
17021.37109 -172.62202
17024.07227 -175.45508
17026.76367 -174.16107
17029.45508 -175.62225
17032.14844 -150.60362
17034.84180 -176.83910
17037.52539 -172.63753
17040.23047 -173.93991
17042.91406 -175.83794
17045.60938 -174.61076
17048.29492 -150.89046
17050.99023 -173.61371
17053.67578 -172.94669
17056.37305 -174.54469
17059.06055 -179.84261
17061.75977 -172.78201
17064.44727 -150.89322
17067.14453 -172.49532
17069.83398 -170.11671
17072.53320 -172.07574
17075.21289 -185.22856
17077.91406 -171.85747
17080.60547 -151.22159
17083.29688 -171.81697
17085.98828 -169.55893
17088.67969 -170.58620
17091.36328 -193.76952
17094.05664 -171.55054
17096.75000 -151.78636
17099.44531 -170.88887
17102.13867 -170.54733
17104.83203 -170.45930
17107.52734 -186.17934
17110.21484 -170.11688
17112.90234 -151.88705
17115.58789 -169.52747
17118.28516 -172.85461
17120.98242 -169.93674
17123.67969 -182.77310
17126.36914 -169.41557
17129.05859 -152.05179
17131.74805 -169.56960
17134.43750 -172.74364
17137.13672 -168.94875
17139.82031 -177.99231
17142.51172 -169.29204
17145.21289 -152.57129
17147.90430 -168.71472
17150.58789 -171.91501
17153.27930 -168.44177
17155.97461 -174.79628
17158.66797 -168.19838
17161.35156 -152.29250
17164.04688 -168.36438
17166.74219 -172.67871
17169.43750 -168.20732
17172.13281 -173.79558
17174.83008 -168.50706
17177.50781 -152.32341
17180.20508 -168.38022
17182.90234 -175.13724
17185.58203 -168.09702
17188.27930 -172.02406
17190.97852 -168.53586
17193.66016 -152.12338
17196.35938 -168.17735
17199.05078 -177.44334
17201.74219 -167.70851
17204.43164 -171.78833
17207.11523 -167.97589
17209.81641 -151.74051
17212.50195 -167.89439
17215.19336 -176.21188
17217.88867 -167.76630
17220.58203 -170.26404
17223.27734 -167.66086
17225.97266 -151.19481
17228.66797 -168.37395
17231.35156 -181.53357
17234.04883 -167.75159
17236.73633 -169.09398
17239.43359 -168.60051
17242.11133 -151.10399
17244.82031 -167.91760
17247.49805 -181.58972
17250.19727 -167.96938
17252.88672 -168.48904
17255.58789 -167.87325
17258.26758 -150.43744
17260.96875 -168.24544
17263.66016 -184.96428
17266.34180 -168.63583
17269.04297 -168.35382
17271.73633 -168.54698
17274.42969 -150.16901
17277.11328 -169.10835
17279.80664 -193.75122
17282.50195 -167.83992
17285.19727 -168.92372
17287.88281 -168.76425
17290.57812 -149.73239
17293.26367 -168.72038
17295.96094 -184.56990
17298.65625 -168.94746
17301.33594 -168.17467
17304.03320 -168.96892
17306.73047 -149.11018
17309.41992 -169.20729
17312.11914 -181.37292
17314.80078 -169.40611
17317.48828 -167.28847
17320.17969 -169.27469
17322.88086 -148.98576
17325.57227 -169.42126
17328.26367 -182.57182
17330.94727 -169.03798
17333.65039 -167.96568
17336.34375 -169.87201
17339.03516 -148.74490
17341.72070 -169.93970
17344.42578 -181.93303
17347.10938 -169.83180
17349.79688 -168.09998
17352.49219 -169.64891
17355.17773 -148.36345
17357.87500 -170.46663
17360.57031 -176.74055
17363.25977 -170.53389
17365.94727 -168.06258
17368.63672 -170.46416
17371.33594 -148.30173
17374.03516 -169.80984
17376.72266 -174.97264
17379.41406 -170.10487
17382.10547 -168.52446
17384.79688 -171.09181
17387.48828 -148.02083
17390.17969 -171.47523
17392.86328 -175.33983
17395.56445 -170.72052
17398.24805 -168.53888
17400.95312 -170.60638
17403.63672 -147.69586
17406.33008 -170.93066
17409.02539 -174.32486
17411.71094 -170.84981
17414.40625 -169.70825
17417.09375 -170.86154
17419.78906 -147.81087
17422.48828 -170.27942
17425.17578 -173.28957
17427.87305 -170.46994
17430.56250 -169.61449
17433.25000 -171.53447
17435.93945 -147.46193
17438.64062 -171.24287
17441.33008 -172.45232
17444.02148 -170.63091
17446.71289 -169.13274
17449.40430 -170.60458
17452.09570 -147.39758
17454.77930 -170.85541
17457.47266 -171.29901
17460.16406 -170.47011
17462.86914 -170.01233
17465.55273 -170.71507
17468.24609 -147.33521
17470.93359 -170.54390
17473.62891 -171.87125
17476.32422 -170.53256
17479.00977 -170.73920
17481.69727 -170.81058
17484.39453 -147.10776
17487.09180 -170.10622
17489.77930 -170.02710
17492.47852 -169.29173
17495.17773 -172.22899
17497.85547 -169.62199
17500.54492 -147.14232
17503.23633 -169.89673
17505.93555 -169.59013
17508.62891 -169.59332
17511.32031 -174.40112
17514.01172 -168.91931
17516.70312 -147.07091
17519.39648 -168.92224
17522.08008 -170.49741
17524.77344 -168.23801
17527.46875 -175.70447
17530.16211 -169.09644
17532.84766 -147.11012
17535.54297 -168.62852
17538.23828 -169.78009
17540.92578 -168.02548
17543.62109 -174.74774
17546.31836 -167.74968
17548.99609 -147.17056
17551.69531 -168.09631
17554.39258 -169.64804
17557.08203 -167.97003
17559.76953 -176.47751
17562.46875 -167.65070
17565.16016 -147.30809
17567.84961 -167.90236
17570.54297 -169.64775
17573.23242 -166.74043
17575.92578 -175.51610
17578.61719 -166.91446
17581.31055 -147.27960
17584.00195 -166.31219
17586.68750 -168.97014
17589.37891 -166.57858
17592.07422 -173.63658
17594.76953 -166.50792
17597.46484 -147.64943
17600.15039 -166.45746
17602.85547 -169.00600
17605.53320 -166.33205
17608.23047 -175.37521
17610.91602 -166.07347
17613.61523 -147.46530
17616.30273 -165.91098
17619.00195 -170.45923
17621.68164 -165.36565
17624.39062 -173.92982
17627.07031 -165.34967
17629.76953 -147.54497
17632.45117 -165.33984
17635.14258 -169.89285
17637.83398 -165.39050
17640.53516 -171.02940
17643.22852 -165.39490
17645.92188 -147.68393
17648.61523 -165.36835
17651.29883 -171.67181
17653.99219 -165.22574
17656.68750 -170.60989
17659.37305 -164.89104
17662.06836 -147.58643
17664.76367 -164.84326
17667.45898 -171.65875
17670.14648 -164.63347
17672.83398 -170.26776
17675.53125 -165.04590
17678.21875 -147.49857
17680.91602 -164.50169
17683.60547 -172.80852
17686.29492 -164.59677
17688.98438 -168.77080
17691.68359 -164.65634
17694.37500 -147.52191
17697.06641 -164.79503
17699.74805 -177.26561
17702.44922 -164.50224
17705.14062 -167.32510
17707.82422 -164.41219
17710.52734 -147.14648
17713.22070 -164.79581
17715.90430 -175.47081
17718.59766 -164.53133
17721.28516 -167.08424
17723.98828 -164.81313
17726.67383 -146.84515
17729.37109 -164.48776
17732.05664 -176.91074
17734.75391 -164.70377
17737.43945 -166.34528
17740.13867 -164.86378
17742.82617 -146.84869
17745.51562 -164.62288
17748.21289 -180.08310
17750.90234 -164.54616
17753.59180 -165.99683
17756.29297 -164.94173
17758.98242 -146.41330
17761.67383 -165.09309
17764.35547 -182.24829
17767.04688 -164.76134
17769.75000 -165.82089
17772.44336 -165.06407
17775.12500 -146.13797
17777.82812 -165.37590
17780.51172 -181.84467
17783.20703 -165.53015
17785.89258 -164.95575
17788.58789 -165.05002
17791.28320 -145.98541
17793.96875 -165.63222
17796.66406 -178.53961
17799.36133 -165.43832
17802.04883 -165.13181
17804.73828 -166.18065
17807.43555 -145.69719
17810.12305 -165.63882
17812.81250 -175.47896
17815.51172 -165.66118
17818.21094 -165.40956
17820.90039 -166.08682
17823.59180 -145.52831
17826.27344 -166.37868
17828.96484 -175.39621
17831.65625 -166.47989
17834.34961 -165.49023
17837.05078 -166.20007
17839.73438 -145.69273
17842.43750 -166.88937
17845.12109 -174.40164
17847.81641 -167.23145
17850.50977 -165.66676
17853.20508 -166.94157
17855.89062 -145.45268
17858.58789 -167.32495
17861.27344 -173.48134
17863.96094 -166.72841
17866.65820 -166.52272
17869.34570 -167.86438
17872.04297 -145.56682
17874.74219 -167.26569
17877.42969 -172.48462
17880.11914 -167.75461
17882.81055 -167.25893
17885.50000 -167.53242
17888.20117 -145.82347
17890.89062 -167.69763
17893.58203 -171.03186
17896.26562 -167.91515
17898.96680 -168.09409
17901.65820 -167.99687
17904.35156 -145.79306
17907.03516 -167.93701
17909.72852 -170.15421
17912.42383 -167.97018
17915.11914 -167.74571
17917.80469 -168.11183
17920.50000 -146.18076
17923.18555 -168.32939
17925.88086 -169.67107
17928.56836 -168.27069
17931.26562 -168.33719
17933.96289 -167.96106
17936.65039 -146.45512
17939.33789 -168.41432
17942.03711 -169.65213
17944.72656 -167.92104
17947.41602 -173.61462
17950.11523 -168.32671
17952.79688 -146.61842
17955.49609 -167.55219
17958.18750 -169.82954
17960.88086 -167.70850
17963.57227 -172.16393
17966.26562 -168.17400
17968.94727 -147.08775
17971.64062 -167.83771
17974.33398 -169.29384
17977.02930 -167.98712
17979.73242 -173.77963
17982.40625 -167.38210
17985.10156 -147.64900
17987.78906 -167.90421
17990.49414 -169.81654
17993.18164 -167.37396
17995.87695 -178.44316
17998.55664 -167.48563
18001.25391 -147.81302
18003.96094 -167.48691
18006.63867 -172.08049
18009.33789 -167.05907
18012.02930 -176.66373
18014.70898 -167.48830
18017.40820 -148.46359
18020.10938 -166.83917
18022.78906 -170.47957
18025.49023 -167.06705
18028.18164 -174.27441
18030.86523 -166.97952
18033.55859 -148.78529
18036.25195 -166.95732
18038.94336 -170.39221
18041.63867 -166.52165
18044.33203 -174.76352
18047.02734 -166.39699
18049.72266 -148.96358
18052.40625 -166.91046
18055.09375 -171.65039
18057.79883 -166.32367
18060.47656 -173.60088
18063.17383 -166.47380
18065.86133 -149.33975
18068.55859 -166.44853
18071.24805 -171.14781
18073.94531 -166.82504
18076.63477 -172.74203
18079.32422 -166.34914
18082.02344 -149.48923
18084.71484 -165.89409
18087.40430 -174.18248
18090.09570 -165.91158
18092.78906 -171.91013
18095.47070 -165.89275
18098.17188 -149.30385
18100.86523 -166.12561
18103.55859 -174.78595
18106.24219 -165.85419
18108.93555 -170.23308
18111.62891 -166.05780
18114.32422 -149.40788
18117.00977 -165.98767
18119.70508 -174.69417
18122.39062 -165.97800
18125.08789 -168.34622
18127.77539 -165.62389
18130.47070 -149.15080
18133.16016 -165.84248
18135.85742 -177.69504
18138.54492 -165.77338
18141.24414 -168.30460
18143.93359 -165.82681
18146.62305 -148.65921
18149.31250 -165.73665
18152.00391 -177.33746
18154.69336 -165.69460
18157.39453 -168.31873
18160.08594 -165.77229
18162.77734 -148.42973
18165.47070 -165.59666
18168.16406 -177.48227
18170.84766 -165.62781
18173.53906 -167.05096
18176.23438 -165.34973
18178.91797 -147.78171
18181.62305 -165.41167
18184.30859 -180.00455
18187.00391 -165.58109
18189.69922 -166.16167
18192.38672 -165.71330
18195.08203 -147.38359
18197.77148 -165.62607
18200.45703 -182.47105
18203.15625 -165.39813
18205.84375 -165.64705
18208.54297 -165.59264
18211.22266 -146.98749
18213.92188 -165.42735
18216.61133 -179.85425
18219.30078 -165.53204
18221.99414 -165.08241
18224.69336 -165.21797
18227.38477 -146.44713
18230.06641 -165.40109
18232.76953 -178.70593
18235.46289 -165.42036
18238.14648 -165.52820
18240.84961 -165.70274
18243.53320 -145.79941
18246.22852 -165.44083
18248.92188 -177.46796
18251.60742 -165.38948
18254.31250 -165.79619
18256.99805 -165.55226
18259.68555 -145.57587
18262.37109 -165.32280
18265.06836 -178.68196
18267.75586 -165.31418
18270.45312 -165.07602
18273.15234 -165.05949
18275.84180 -145.03577
18278.53125 -165.28923
18281.21875 -173.23895
18283.91992 -165.15892
18286.60938 -165.11938
18289.30078 -165.44576
18291.99023 -144.68028
18294.69141 -165.35919
18297.37500 -172.09755
18300.06641 -165.31775
18302.75977 -165.11644
18305.45312 -165.36642
18308.14648 -144.39333
18310.83008 -165.14914
18313.52344 -170.89954
18316.21875 -165.06627
18318.91406 -164.54778
18321.59961 -164.83870
18324.29492 -143.97444
18326.98047 -164.90169
18329.67773 -169.82277
18332.36523 -164.75658
18335.06055 -165.19717
18337.75977 -164.73219
18340.44727 -143.78799
18343.13672 -165.09595
18345.82422 -169.77594
18348.52344 -164.79306
18351.21289 -165.85329
18353.90430 -164.83870
18356.60352 -143.64090
18359.29492 -164.78055
18361.98633 -168.46962
18364.67773 -164.83298
18367.37109 -165.55621
18370.06250 -164.24339
18372.74609 -143.44217
18375.43750 -163.98730
18378.13281 -168.23096
18380.82617 -163.89534
18383.51953 -165.89795
18386.20703 -164.17285
18388.90039 -143.28844
18391.59766 -163.92293
18394.28125 -168.14525
18396.97852 -163.84901
18399.66602 -166.53993
18402.36133 -163.76973
18405.06055 -143.35869
18407.74805 -163.70572
18410.44727 -167.10687
18413.13477 -163.85577
18415.82422 -166.77177
18418.51367 -163.20726
18421.20312 -143.17657
18423.90430 -163.23543
18426.59375 -166.27887
18429.28516 -163.24268
18431.97656 -167.52625
18434.66797 -163.08063
18437.36133 -143.24480
18440.04297 -163.14160
18442.74609 -166.63695
18445.42969 -162.73952
18448.13281 -168.20595
18450.81641 -162.98177
18453.52148 -143.31709
18456.20703 -162.43282
18458.89062 -167.00372
18461.58789 -162.53041
18464.27344 -167.46722
18466.98047 -162.32887
18469.65625 -143.34680
18472.35352 -162.16646
18475.05078 -166.88284
18477.73828 -162.13313
18480.43750 -167.84413
18483.11719 -161.99057
18485.81641 -143.30020
18488.50586 -161.99911
18491.19531 -166.86961
18493.89453 -161.74178
18496.58594 -168.51944
18499.27734 -161.95093
18501.95898 -143.45253
18504.66016 -161.63461
18507.34180 -167.42035
18510.03516 -161.90033
18512.73828 -166.89763
18515.42188 -161.35765
18518.11719 -143.48380
18520.81055 -161.65642
18523.50391 -168.46115
18526.18945 -161.33575
18528.88477 -166.93404
18531.58008 -161.34488
18534.26562 -143.51111
18536.96289 -161.24660
18539.65039 -168.43666
18542.33789 -161.08260
18545.03516 -166.41565
18547.73242 -161.50044
18550.42188 -143.54141
18553.10938 -161.12341
18555.80859 -168.92274
18558.49805 -161.27994
18561.18945 -164.88199
18563.87891 -161.04002
18566.57031 -143.51364
18569.25977 -161.21288
18571.95117 -168.96384
18574.64453 -161.21283
18577.33594 -164.43716
18580.02930 -161.05264
18582.72266 -143.57451
18585.41406 -161.12012
18588.11914 -170.38098
18590.80273 -161.12947
18593.49805 -163.99051
18596.19336 -161.08934
18598.87891 -143.44150
18601.57422 -161.14999
18604.25977 -171.51091
18606.95508 -161.23701
18609.64258 -162.98022
18612.33008 -161.24323
18615.02734 -143.30412
18617.72656 -161.31352
18620.41406 -172.24237
18623.10156 -161.37680
18625.80273 -162.61685
18628.49219 -161.39653
18631.19141 -143.19600
18633.87109 -161.57971
18636.56055 -172.77960
18639.25391 -161.45694
18641.95508 -162.83536
18644.64648 -161.40311
18647.33789 -143.20851
18650.03125 -161.31940
18652.72266 -172.24144
18655.41602 -161.72646
18658.10156 -162.38148
18660.79492 -161.58293
18663.47852 -143.04422
18666.17383 -161.80959
18668.85938 -171.44244
18671.56445 -162.02805
18674.25000 -162.79410
18676.93555 -162.15318
18679.64453 -143.07660
18682.33008 -162.27866
18685.01758 -173.08826
18687.71680 -162.47273
18690.40430 -162.70720
18693.10156 -162.56586
18695.78125 -143.00603
18698.48047 -162.25392
18701.16992 -172.79391
18703.85938 -162.54381
18706.56055 -162.83391
18709.25195 -162.32933
18711.94336 -143.00928
18714.63477 -162.62129
18717.31641 -170.56407
18720.01758 -162.84357
18722.71094 -163.25978
18725.40430 -163.19402
18728.09766 -143.12396
18730.78125 -163.42023
18733.47656 -170.16243
18736.16992 -163.39842
18738.86523 -164.03221
18741.55078 -163.34393
18744.24609 -143.21704
18746.94336 -163.27721
18749.62891 -170.68286
18752.32617 -163.68079
18755.01367 -163.91576
18757.70117 -163.81589
18760.39844 -143.30719
18763.08789 -163.69695
18765.77734 -169.91846
18768.47461 -164.02155
18771.16406 -164.71664
18773.85547 -164.11635
18776.54492 -143.52136
18779.24609 -164.46442
18781.92578 -168.84633
18784.61719 -164.27740
18787.32031 -165.47696
18790.00195 -164.23383
18792.70312 -143.72963
18795.39648 -164.35019
18798.08008 -169.23949
18800.77344 -164.43510
18803.46875 -165.45795
18806.15039 -164.42285
18808.84570 -143.92801
18811.54102 -164.25433
18814.23633 -169.19449
18816.93359 -164.72173
18819.61914 -166.68056
18822.31641 -164.97714
18825.00195 -144.34840
18827.69922 -165.00937
18830.37695 -168.74846
18833.07617 -164.89282
18835.77344 -167.61871
18838.46289 -164.58475
18841.15234 -144.63007
18843.84180 -164.98943
18846.54102 -167.24881
18849.23242 -164.87901
18851.93359 -168.26686
18854.61328 -164.81270
18857.30469 -145.07542
18859.99805 -164.75854
18862.68945 -167.78415
18865.38281 -164.95859
18868.07422 -169.71245
18870.76758 -164.96298
18873.46094 -145.45255
18876.14453 -164.62904
18878.84961 -168.57065
18881.53516 -165.24451
18884.23047 -170.73839
18886.91602 -164.79228
18889.61133 -145.79012
18892.30664 -165.14868
18894.98438 -168.90005
18897.69141 -164.76833
18900.37891 -169.49873
18903.06641 -164.79535
18905.76367 -146.24590
18908.46289 -164.74608
18911.14062 -168.90839
18913.83984 -164.93042
18916.53125 -170.53131
18919.22070 -164.46201
18921.91016 -146.74426
18924.60156 -164.63118
18927.30273 -168.71776
18929.98242 -164.64793
18932.68555 -174.16931
18935.36719 -164.77527
18938.05859 -146.98059
18940.76367 -164.44978
18943.45508 -169.59642
18946.14062 -164.95944
18948.84375 -172.52565
18951.51758 -164.78848
18954.21289 -147.39500
18956.90820 -164.79495
18959.60352 -169.20877
18962.30078 -164.73268
18964.98438 -169.90843
18967.68164 -164.55287
18970.36914 -147.69073
18973.05469 -164.51044
18975.75391 -170.51100
18978.45312 -164.59259
18981.14062 -169.45740
18983.82812 -164.49515
18986.51758 -147.75223
18989.21680 -164.34354
18991.90625 -171.78459
18994.59766 -164.63887
18997.28711 -168.70943
18999.97852 -164.66286
19002.67969 -148.08739
19005.37305 -164.54337
19008.06445 -172.93652
19010.74609 -164.82368
19013.43945 -167.79887
19016.13281 -164.61479
19018.83594 -148.03310
19021.51953 -164.52979
19024.21484 -173.33255
19026.89844 -164.44948
19029.59375 -167.39990
19032.27930 -164.50388
19034.97461 -147.85387
19037.66016 -164.72011
19040.36719 -175.29254
19043.05469 -164.78319
19045.75000 -167.44308
19048.43945 -164.71295
19051.13672 -147.87404
19053.82422 -164.65950
19056.51367 -176.44667
19059.20117 -164.93622
19061.89062 -166.09607
19064.59180 -165.06300
19067.28125 -147.68736
19069.97266 -164.95068
19072.66211 -178.87909
19075.35352 -164.90926
19078.04492 -165.66043
19080.73828 -164.97250
19083.42969 -147.26083
19086.12109 -164.87654
19088.81445 -180.78770
19091.50781 -165.27278
19094.19141 -166.07201
19096.88672 -164.87326
19099.58008 -147.25781
19102.27539 -165.30823
19104.97070 -180.81209
19107.65430 -165.43181
19110.35156 -165.84178
19113.04883 -165.47508
19115.73438 -146.98085
19118.43164 -165.61507
19121.11719 -180.74449
19123.81641 -165.55934
19126.51562 -165.23059
19129.20312 -165.71501
19131.89062 -146.76028
19134.58008 -165.62419
19137.26953 -179.12120
19139.96875 -166.05788
19142.66016 -164.82043
19145.34961 -165.75459
19148.05078 -146.63254
19150.73242 -166.09509
19153.42383 -173.87775
19156.11523 -166.20337
19158.80859 -165.63916
19161.50195 -165.97478
19164.19531 -146.41559
19166.88867 -166.34169
19169.57227 -174.63733
19172.26562 -166.53070
19174.95898 -166.96402
19177.65430 -166.39809
19180.33984 -146.30820
19183.03516 -166.15964
19185.72070 -173.65268
19188.41797 -167.17278
19191.11523 -165.92728
19193.81250 -167.02162
19196.50000 -146.44766
19199.18750 -167.18182
19201.88477 -172.98048
19204.57422 -167.07890
19207.26172 -166.28070
19209.96289 -167.03029
19212.65234 -146.38797
19215.33008 -167.10695
19218.03125 -171.26093
19220.72070 -167.06737
19223.42188 -167.27147
19226.10352 -167.50800
19228.80664 -146.39458
19231.48633 -166.85909
19234.17969 -170.17662
19236.88281 -167.93640
19239.57617 -167.33032
19242.25977 -167.05252
19244.95312 -146.79890
19247.64844 -167.66515
19250.33008 -169.89928
19253.02539 -167.88449
19255.72070 -168.06609
19258.40625 -167.84625
19261.10352 -146.74518
19263.78906 -167.65393
19266.48633 -169.87764
19269.18359 -167.78500
19271.87109 -169.16879
19274.56836 -167.95155
19277.25586 -147.12354
19279.94531 -167.57523
19282.64453 -169.65199
19285.33398 -167.96033
19288.02344 -169.53032
19290.71094 -167.71889
19293.40234 -147.57118
19296.09180 -167.65617
19298.78320 -170.39171
19301.48633 -167.89542
19304.17578 -171.63213
19306.86914 -167.54939
19309.56055 -147.81282
19312.25391 -168.02844
19314.94531 -169.89508
19317.62891 -167.74211
19320.33398 -172.61450
19323.01758 -168.05916
19325.71289 -148.43970
19328.39648 -167.59494
19331.09180 -170.68642
19333.78711 -168.00362
19336.48438 -171.76970
19339.16992 -167.77785
19341.86719 -149.19044
19344.55273 -167.69981
19347.25000 -170.10793
19349.93750 -167.93004
19352.62500 -174.33130
19355.32422 -167.49252
19358.01172 -149.57541
19360.71289 -167.89000
19363.39062 -169.95110
19366.09180 -167.59451
19368.79102 -176.65907
19371.47266 -167.65817
19374.16211 -150.46646
19376.86328 -167.75575
19379.54492 -171.31383
19382.23633 -168.23895
19384.93945 -176.10944
19387.62109 -167.70488
19390.32422 -151.22267
19393.00781 -167.72336
19395.70117 -172.89032
19398.39648 -168.30203
19401.07812 -174.82100
19403.77344 -167.94937
19406.46875 -151.78217
19409.16406 -168.10709
19411.85156 -173.53943
19414.54688 -168.23657
19417.23242 -174.20837
19419.92969 -168.43381
19422.61719 -152.97772
19425.32422 -168.14478
19428.00195 -174.51183
19430.70117 -168.87910
19433.38867 -173.54495
19436.08984 -168.24646
19438.77734 -153.84030
19441.46680 -168.64236
19444.15625 -175.60121
19446.84766 -168.77121
19449.54883 -172.63300
19452.23828 -168.70366
19454.91992 -154.50792
19457.61133 -169.22153
19460.31445 -176.19305
19462.99609 -169.93372
19465.68750 -171.52168
19468.38086 -169.72134
19471.07422 -155.54395
19473.75781 -169.42552
19476.46289 -180.20274
19479.15820 -170.27698
19481.85352 -170.18611
19484.53711 -170.18582
19487.22266 -156.45483
19489.91797 -170.26042
19492.62500 -184.48940
19495.31055 -170.68343
19497.99805 -171.55278
19500.68555 -171.10426
19503.38281 -156.57524
19506.07031 -171.37344
19508.76953 -183.82559
19511.45703 -172.48016
19514.14648 -172.44969
19516.84570 -172.48131
19519.53516 -157.71533
19522.22461 -172.03677
19524.91602 -183.75348
19527.60547 -172.99794
19530.30859 -171.78882
19533.00000 -172.66882
19535.67969 -158.41942
19538.37305 -173.62386
19541.07617 -191.41228
19543.75781 -174.07596
19546.45117 -172.05495
19549.14453 -174.46867
19551.83789 -159.29935
19554.53320 -175.25156
19557.22852 -181.52011
19559.92188 -176.88373
19562.60742 -173.74617
19565.30273 -177.08034
19567.98828 -160.15640
19570.68555 -176.73260
19573.37109 -181.12787
19576.06836 -177.15816
19578.75391 -173.66003
19581.44336 -177.74124
19584.14062 -161.45262
19586.82812 -176.85905
19589.51758 -185.13510
19592.21680 -178.51326
19594.91797 -175.51323
19597.60547 -178.60497
19600.29492 -162.57559
19602.98633 -179.35173
19605.68750 -176.58577
19608.37891 -178.82643
19611.04883 -176.11266
19613.75195 -180.51784
19616.44336 -164.64070
19619.13672 -180.18991
19621.82812 -176.24438
19624.52148 -178.68686
19627.21484 -174.68311
19629.89844 -178.73349
19632.59375 -165.46628
19635.28711 -178.34081
19637.98242 -181.08438
19640.67773 -178.91528
19643.36133 -174.48709
19646.04688 -178.74788
19648.74414 -164.46777
19651.44141 -178.93472
19654.12695 -180.74786
19656.83594 -176.30797
19659.51172 -174.70380
19662.21094 -177.46327
19664.89844 -163.87064
19667.59766 -175.71149
19670.28711 -182.93658
19672.97461 -176.04947
19675.66602 -173.85066
19678.36523 -175.86746
19681.05664 -160.81825
19683.74609 -177.31911
19686.43750 -180.79732
19689.12891 -175.69618
19691.82031 -172.89130
19694.52344 -176.21800
19697.19336 -159.15872
19699.89648 -176.18753
19702.58984 -178.21669
19705.28320 -174.72189
19707.96680 -172.45879
19710.67188 -175.17517
19713.35547 -157.61865
19716.05078 -174.12541
19718.74609 -184.22415
19721.42969 -174.02763
19724.11523 -172.50511
19726.82227 -174.64964
19729.50781 -155.69580
19732.20508 -175.59241
19734.89258 -180.84520
19737.58008 -173.89308
19740.27734 -172.55205
19742.97656 -174.53918
19745.66406 -154.86339
19748.35156 -174.50879
19751.04102 -184.76132
19753.74219 -175.06273
19756.41992 -172.54384
19759.12109 -174.79984
19761.82227 -153.77061
19764.50195 -174.80881
19767.19336 -181.24255
19769.88477 -173.28748
19772.57617 -171.69751
19775.26953 -174.43610
19777.96094 -153.11871
19780.64258 -174.81384
19783.34766 -179.45491
19786.03125 -174.43098
19788.73438 -170.83090
19791.41797 -174.59502
19794.11328 -152.54820
19796.79688 -175.22275
19799.49219 -178.69102
19802.18945 -175.10797
19804.88477 -171.03134
19807.57031 -174.30208
19810.26758 -152.14481
19812.95312 -175.14162
19815.66211 -176.20227
19818.33789 -175.10265
19821.03711 -170.95668
19823.72461 -175.69649
19826.42383 -151.72191
19829.11328 -175.26953
19831.80078 -177.32072
19834.50195 -174.12134
19837.17969 -170.86542
19839.88086 -175.91817
19842.57227 -151.51968
19845.26172 -174.79402
19847.95312 -176.89587
19850.64648 -174.64755
19853.33789 -170.56216
19856.02930 -174.26289
19858.72266 -151.51947
19861.41406 -174.51500
19864.10938 -175.09477
19866.79102 -174.53523
19869.49609 -172.06075
19872.17969 -174.29640
19874.87500 -151.72813
19877.57031 -174.31847
19880.25391 -174.16333
19882.95117 -174.55721
19885.64648 -176.02425
19888.33203 -174.97873
19891.02930 -151.99771
19893.71484 -174.54355
19896.41406 -173.94211
19899.09961 -173.01370
19901.78906 -177.06087
19904.48828 -174.29691
19907.18555 -152.10933
19909.86328 -173.92627
19912.56250 -173.93372
19915.25195 -172.78690
19917.94336 -178.14789
19920.63281 -173.14958
19923.33398 -152.63812
19926.02539 -173.09555
19928.71484 -174.44160
19931.40820 -172.83765
19934.09961 -178.81673
19936.79297 -172.57962
19939.48438 -152.98878
19942.17773 -172.48776
19944.85938 -174.96320
19947.55469 -172.33852
19950.24805 -184.91090
19952.94141 -172.32794
19955.63672 -153.80331
19958.32227 -172.05528
19961.01758 -173.29721
19963.71289 -171.33597
19966.40820 -184.55524
19969.09375 -171.70758
19971.79297 -154.05905
19974.47656 -171.85986
19977.16406 -173.04878
19979.86133 -171.39578
19982.55078 -187.56775
19985.25000 -171.06805
19987.92578 -154.63243
19990.63672 -171.58350
19993.32422 -174.51331
19996.01367 -170.66551
19998.70508 -180.66812
20001.39453 -171.24500
20004.08398 -155.40359
20006.77539 -170.93619
20009.47656 -173.96597
20012.16992 -171.25771
20014.86133 -177.85254
20017.55273 -170.67300
20020.23438 -155.84674
20022.92773 -171.27180
20025.62109 -176.48866
20028.31445 -170.59546
20031.01953 -176.37805
20033.69141 -170.96777
20036.38672 -155.99246
20039.08203 -170.59006
20041.78906 -176.91644
20044.46094 -170.48250
20047.15820 -175.23845
20049.84375 -170.52933
20052.54102 -156.17851
20055.23828 -170.50815
20057.92383 -178.85750
20060.61133 -170.25941
20063.30859 -173.04100
20065.99805 -170.56551
20068.69531 -156.40807
20071.38477 -170.74287
20074.08398 -179.58824
20076.77344 -170.52019
20079.46289 -173.12569
20082.16406 -170.60622
20084.85352 -156.04063
20087.54492 -170.66757
20090.23633 -176.81090
20092.92773 -170.75500
20095.61914 -172.90181
20098.31055 -170.72116
20101.00391 -155.71651
20103.69531 -170.88211
20106.38867 -181.69974
20109.08203 -171.06673
20111.77539 -171.93289
20114.45898 -171.20950
20117.15234 -155.33116
20119.84766 -170.90779
20122.53320 -180.48680
20125.22852 -170.45833
20127.92578 -171.15277
20130.60938 -170.90155
20133.30469 -154.99968
20136.00391 -170.80554
20138.68945 -182.93852
20141.38867 -170.27846
20144.06445 -170.85301
20146.76172 -171.39496
20149.46094 -154.23918
20152.14844 -171.31532
20154.83789 -194.20818
20157.52734 -171.79848
20160.22656 -169.98213
20162.91602 -171.48438
20165.60742 -153.97798
20168.29688 -171.72066
20170.98828 -186.18269
20173.68945 -171.23238
20176.38086 -169.53893
20179.07227 -171.67790
20181.75391 -153.21931
20184.45703 -171.22205
20187.13867 -183.89864
20189.83203 -170.49153
20192.52539 -170.46275
20195.23047 -171.26573
20197.91406 -152.81152
20200.60742 -172.57201
20203.30273 -188.43913
20205.98828 -171.34814
20208.68359 -170.28456
20211.37891 -172.81223
20214.05469 -152.32159
20216.76172 -171.19153
20219.44727 -182.46042
20222.13281 -172.35001
20224.83203 -169.60194
20227.51758 -171.19490
20230.20703 -151.54131
20232.90625 -171.36787
20235.59375 -178.34651
20238.29297 -170.55708
20240.97070 -169.34460
20243.66992 -171.53230
20246.37109 -151.22353
20249.06055 -172.53680
20251.75195 -176.92616
20254.43164 -171.61874
20257.13281 -169.02516
20259.83594 -172.01360
20262.51758 -150.83841
20265.20898 -172.20200
20267.90234 -177.07401
20270.59375 -171.65868
20273.28711 -168.93964
20275.98047 -171.99411
20278.67578 -150.17339
20281.36914 -171.53676
20284.05273 -174.45078
20286.74805 -170.98260
20289.44336 -168.00041
20292.12695 -170.91081
20294.81250 -149.85480
20297.50781 -171.32245
20300.19336 -174.68892
20302.90234 -171.56960
20305.60156 -169.02406
20308.28711 -171.66771
20310.97461 -149.61557
20313.67383 -171.35526
20316.34961 -173.86127
20319.04688 -170.47566
20321.73633 -169.62424
20324.43750 -170.72635
20327.12695 -149.07597
20329.82617 -170.78015
20332.50391 -173.63966
20335.20703 -169.93112
20337.89844 -169.85316
20340.58789 -170.04280
20343.27930 -148.99498
20345.97266 -170.27937
20348.65234 -171.08736
20351.35547 -169.78275
20354.04883 -170.49849
20356.74219 -169.75189
20359.43555 -148.67868
20362.11719 -169.17371
20364.81250 -171.52405
20367.50586 -169.49509
20370.20117 -171.85289
20372.89648 -168.80675
20375.58203 -148.44418
20378.26562 -168.80351
20380.97266 -171.45749
20383.65820 -168.63846
20386.34375 -172.23521
20389.04102 -168.87222
20391.74023 -148.42708
20394.42578 -168.40959
20397.11328 -170.38734
20399.81250 -167.88644
20402.50000 -173.24255
20405.19922 -168.08218
20407.88867 -148.29921
20410.57812 -167.68272
20413.26562 -170.43401
20415.96875 -166.82851
20418.64844 -173.97690
20421.34961 -166.91429
20424.02734 -148.03981
20426.73047 -166.74060
20429.42188 -169.67297
20432.11328 -166.59068
20434.80664 -173.25394
20437.49805 -166.52905
20440.19141 -148.15419
20442.88477 -166.58784
20445.56836 -170.62978
20448.26172 -166.08719
20450.96680 -171.82736
20453.65039 -166.33386
20456.34570 -148.04585
20459.04102 -165.65105
20461.72461 -171.24661
20464.41016 -165.66724
20467.10742 -172.31590
20469.80273 -165.10149
20472.50000 -147.81494
20475.18750 -165.44005
20477.87305 -170.27113
20480.57031 -164.90559
20483.24609 -170.89449
20485.95703 -165.28433
20488.64453 -147.94926
20491.33594 -165.00214
20494.03516 -170.13599
20496.72266 -164.49174
20499.41406 -170.25711
20502.10156 -164.59782
20504.79297 -147.66101
20507.49609 -164.54062
20510.18555 -170.68301
20512.87500 -164.31157
20515.56836 -169.25243
20518.26172 -164.44511
20520.95312 -147.45242
20523.64453 -164.10686
20526.33789 -171.83203
20529.02148 -164.11865
20531.71484 -168.00725
20534.41016 -163.85527
20537.10156 -147.41147
20539.79688 -164.14049
20542.48047 -172.37125
20545.17578 -163.61758
20547.87305 -166.89502
20550.55664 -163.71948
20553.24219 -147.06065
20555.93945 -163.90208
20558.63672 -172.57303
20561.32422 -163.58803
20564.02148 -166.35663
20566.70898 -163.94576
20569.40625 -146.74133
20572.09375 -163.59526
20574.79492 -173.16620
20577.48242 -163.68883
20580.17188 -166.00247
20582.87109 -163.52365
20585.56250 -146.78735
20588.25195 -163.73735
20590.93945 -174.99831
20593.63086 -163.48172
20596.33203 -165.51183
20599.02539 -163.40953
20601.71680 -146.40862
20604.39648 -163.58098
20607.08984 -174.36473
20609.78320 -163.55844
20612.47656 -165.47409
20615.16797 -163.89162
20617.86133 -146.18405
20620.55664 -163.67311
20623.25000 -174.25439
20625.92188 -163.64616
20628.62891 -164.97855
20631.32617 -163.38402
20634.00781 -146.08125
20636.70312 -163.67639
20639.40234 -173.84796
20642.08789 -163.93613
20644.78516 -164.57886
20647.47070 -164.09979
20650.15625 -145.77164
20652.85547 -164.05933
20655.55469 -176.29573
20658.23047 -163.72844
20660.92969 -164.36008
20663.63086 -164.15916
20666.31836 -145.65056
20669.00586 -164.18005
20671.69727 -177.31358
20674.39648 -164.09921
20677.07422 -164.28889
20679.77734 -163.95253
20682.48047 -145.59923
20685.14844 -164.20193
20687.85156 -174.12746
20690.54492 -164.29163
20693.23438 -164.71115
20695.92773 -164.62292
20698.62109 -145.35371
20701.31250 -164.47496
20703.99609 -173.70547
20706.70117 -164.77441
20709.38477 -165.58221
20712.08008 -165.03357
20714.77344 -145.43810
20717.46875 -165.00060
20720.14062 -173.11945
20722.84961 -164.67485
20725.53516 -165.34744
20728.24219 -164.78558
20730.91797 -145.58798
20733.61523 -165.09279
20736.31250 -171.38451
20739.00000 -165.06685
20741.68750 -165.32787
20744.37305 -165.33890
20747.07227 -145.43535
20749.76172 -165.02701
20752.44922 -171.21243
20755.14844 -165.25461
20757.83984 -165.79662
20760.52734 -165.56631
20763.23047 -145.68076
20765.90820 -165.78429
20768.61133 -171.82205
20771.30078 -165.42416
20773.99219 -165.86980
20776.68359 -165.51143
20779.37695 -145.81615
20782.06836 -165.91586
20784.77344 -170.97314
20787.45312 -165.58893
20790.14844 -166.99875
20792.83008 -165.96851
20795.53516 -145.95078
20798.21875 -165.96736
20800.92578 -169.57574
20803.60938 -166.02441
20806.29102 -167.48340
20809.00000 -165.98059
20811.68359 -146.18439
20814.37109 -165.81836
20817.06641 -169.78862
20819.76367 -165.74588
20822.44922 -167.98354
20825.14844 -165.96849
20827.83398 -146.40332
20830.52344 -165.90851
20833.22070 -169.65636
20835.90820 -165.75978
20838.60938 -168.40480
20841.29688 -165.99539
20843.99609 -146.59763
20846.67578 -166.48283
20849.37500 -169.21309
20852.06641 -166.08907
20854.75586 -169.31805
20857.44531 -165.98393
20860.13867 -146.92976
20862.84180 -165.91208
20865.51953 -170.27454
20868.22461 -165.85269
20870.90625 -170.78148
20873.61133 -165.62508
20876.29102 -147.22787
20878.98438 -165.73392
20881.67969 -170.17416
20884.35938 -165.86369
20887.06836 -170.61354
20889.75000 -165.87292
20892.43359 -147.39590
20895.14062 -165.97272
20897.82422 -169.24237
20900.52344 -165.70146
20903.21875 -170.45602
20905.90234 -165.82947
20908.58984 -147.88777
20911.28711 -165.50555
20913.98438 -169.74495
20916.67188 -165.50989
20919.37109 -171.81314
20922.04688 -165.64955
20924.74609 -148.03612
20927.44531 -165.57155
20930.13477 -171.52466
20932.81250 -165.38025
20935.51172 -170.84482
20938.21289 -165.20586
20940.89062 -148.26140
20943.59375 -165.42377
20946.29688 -170.32034
20948.97461 -165.32370
20951.66406 -170.25885
20954.35742 -165.38567
20957.05078 -148.50713
20959.74219 -164.91774
20962.43359 -171.14902
20965.11719 -165.16246
20967.82227 -169.93666
20970.51562 -165.28340
20973.19922 -148.72609
20975.89062 -165.44510
20978.57422 -172.53760
20981.28125 -164.81342
20983.96484 -170.72748
20986.66211 -165.11171
20989.34570 -148.73482
20992.04297 -165.05843
20994.73828 -172.71156
20997.42383 -165.32484
21000.12109 -169.66270
21002.81055 -165.07738
21005.50781 -148.88324
21008.19336 -164.85577
21010.89453 -173.17334
21013.58203 -164.81548
21016.26953 -168.09926
21018.96875 -164.98602
21021.65820 -148.73645
21024.34570 -165.12407
21027.03516 -175.29411
21029.73633 -164.57806
21032.42578 -167.02513
21035.11719 -164.95219
21037.81055 -148.71967
21040.50000 -164.95752
21043.19141 -177.15022
21045.88281 -164.99872
21048.57617 -166.30019
21051.25781 -164.73819
21053.96094 -148.64009
21056.65625 -164.59824
21059.34766 -177.67276
21062.04102 -164.89682
21064.73633 -166.02512
21067.41992 -165.14412
21070.11523 -148.29929
21072.81055 -165.41359
21075.50586 -178.44684
21078.18750 -165.24484
21080.87500 -166.02580
21083.57227 -165.31728
21086.26758 -148.06465
21088.96484 -165.36069
21091.65039 -179.61726
21094.33789 -164.98477
21097.03516 -165.21043
21099.72461 -165.33005
21102.42188 -147.87079
21105.10938 -165.26048
21107.79688 -180.96753
21110.48633 -165.17418
21113.18750 -165.08401
21115.87695 -165.18968
21118.56641 -147.65994
21121.26758 -165.35786
21123.95703 -177.48993
21126.64844 -165.49745
21129.32812 -165.04886
21132.04297 -165.43065
21134.72266 -147.48306
21137.41406 -165.83324
21140.10742 -176.94286
21142.80078 -165.86983
21145.49219 -164.88422
21148.18555 -165.98352
21150.87891 -147.33116
21153.56250 -165.92233
21156.26758 -175.96542
21158.93750 -165.90005
21161.63281 -165.82896
21164.32812 -166.19244
21167.02734 -147.10524
21169.70898 -166.24199
21172.40625 -174.13252
21175.10156 -166.26419
21177.78906 -165.37988
21180.48633 -166.04741
21183.17188 -147.12370
21185.86914 -166.44908
21188.55664 -174.06900
21191.25391 -166.29800
21193.94336 -164.92189
21196.63086 -166.49634
21199.33203 -146.96072
21202.01953 -166.27806
21204.70898 -172.31985
21207.39844 -166.57359
21210.09766 -165.58253
21212.78906 -166.64157
21215.47852 -147.00793
21218.16797 -166.80101
21220.85938 -171.89366
21223.55273 -166.88524
21226.24219 -166.46167
21228.93555 -166.87172
21231.63867 -147.24553
21234.32031 -166.76306
21237.01367 -172.24602
21239.71875 -166.71986
21242.40039 -166.59276
21245.08203 -167.06218
21247.78906 -147.20667
21250.48438 -166.56885
21253.16602 -171.81242
21255.86133 -166.66376
21258.54492 -166.58650
21261.24219 -166.63838
21263.92578 -147.18407
21266.62305 -166.84435
21269.32031 -170.35959
21272.00781 -166.60280
21274.70508 -166.99037
21277.39062 -166.55969
21280.08789 -147.51392
21282.77539 -166.91599
21285.47656 -170.71402
21288.15234 -166.64699
21290.86133 -167.58684
21293.55273 -166.76064
21296.24023 -147.71997
21298.92773 -166.27415
21301.63086 -170.27870
21304.30859 -166.11646
21307.00977 -167.86697
21309.70312 -166.33377
21312.39258 -148.01582
21315.08203 -166.10458
21317.76367 -170.32620
21320.46680 -166.07845
21323.16016 -168.03156
21325.85156 -166.06879
21328.54492 -148.38559
21331.22656 -166.21475
21333.92969 -170.83794
21336.62305 -166.03897
21339.30664 -168.21114
21342.01367 -165.83542
21344.69727 -148.62408
21347.39258 -166.02420
21350.07617 -171.29721
21352.77148 -165.65649
21355.45703 -167.81358
21358.15234 -165.80911
21360.84961 -148.93573
21363.54688 -165.63373
21366.22070 -172.40590
21368.91797 -165.56024
21371.60547 -167.58070
21374.30469 -165.31537
21376.99219 -149.19170
21379.69141 -165.60471
21382.38086 -173.43048
21385.07812 -165.77800
21387.76953 -166.98824
21390.45703 -165.63275
21393.14648 -149.45493
21395.84766 -165.46509
21398.52539 -172.84322
21401.22852 -165.01123
21403.91797 -166.10835
21406.62109 -165.45731
21409.30078 -149.61728
21412.00391 -165.26543
21414.68555 -173.48399
21417.37891 -165.58786
21420.06836 -165.66325
21422.75195 -165.03601
21425.45703 -149.93088
21428.13672 -165.55341
21430.83203 -174.92572
21433.52539 -165.57146
21436.22070 -165.47260
21438.91602 -165.45502
21441.59961 -149.88339
21444.28516 -165.49164
21446.99219 -176.20395
21449.67578 -165.44749
21452.37305 -164.66901
21455.05859 -165.68643
21457.75586 -149.96469
21460.45312 -165.45198
21463.15234 -177.52539
21465.83789 -165.62669
21468.53711 -164.76088
21471.22266 -165.87250
21473.89844 -150.08940
21476.59961 -165.95627
21479.28711 -178.91241
21481.98828 -166.01666
21484.67773 -164.62262
21487.37891 -165.94246
21490.05664 -150.01961
21492.74609 -165.81493
21495.44922 -184.59496
21498.14062 -166.20563
21500.83008 -163.84554
21503.52344 -166.41841
21506.21289 -149.90836
21508.90625 -166.44493
21511.59766 -184.29967
21514.28906 -166.32819
21516.98438 -163.85725
21519.67773 -166.71970
21522.35938 -150.04692
21525.06641 -167.02563
21527.74609 -183.85367
21530.44141 -167.46529
21533.12500 -164.00287
21535.82031 -167.28442
21538.51562 -150.21669
21541.21289 -166.72951
21543.89648 -182.25520
21546.59375 -167.29393
21549.29297 -164.16945
21551.97656 -167.48599
21554.67578 -150.22652
21557.36133 -168.43996
21560.05859 -179.69894
21562.74609 -167.42453
21565.43359 -163.93922
21568.13281 -168.35854
21570.82031 -150.43925
21573.50781 -168.50821
21576.19922 -179.64575
21578.91016 -169.37744
21581.58594 -164.21469
21584.28906 -168.77829
21586.96875 -150.54900
21589.66992 -168.67021
21592.34766 -179.55829
21595.05078 -168.90854
21597.73047 -164.45555
21600.43359 -169.57118
21603.12500 -150.92448
21605.81836 -169.58641
21608.51172 -177.59068
21611.20312 -169.68089
21613.89648 -164.44016
21616.58008 -170.30527
21619.27344 -151.22528
21621.96875 -171.06888
21624.65039 -177.56621
21627.34570 -170.77513
21630.04102 -164.95831
21632.75000 -170.95288
21635.43164 -151.49858
21638.11719 -170.79672
21640.81250 -176.04356
21643.51172 -170.79544
21646.19531 -165.47836
21648.89453 -171.17110
21651.58008 -151.96748
21654.26562 -171.64267
21656.96484 -174.29695
21659.66406 -172.30846
21662.35156 -166.05812
21665.03906 -172.17253
21667.72656 -152.43060
21670.42773 -172.89253
21673.11523 -178.37920
21675.80469 -173.31256
21678.49609 -166.74042
21681.19531 -172.93855
21683.88672 -152.76656
21686.57812 -172.97829
21689.26758 -177.86920
21691.95703 -172.47711
21694.65039 -167.86066
21697.33203 -173.57173
21700.04688 -153.56192
21702.72656 -173.09207
21705.41992 -176.50404
21708.11328 -174.38541
21710.80469 -167.32745
21713.50000 -173.17314
21716.18164 -154.19485
21718.87695 -174.89342
21721.57227 -176.48143
21724.26758 -173.94225
21726.96289 -166.90948
21729.63281 -174.66786
21732.33203 -154.59935
21735.02734 -173.22649
21737.72461 -177.19533
21740.41016 -174.08752
21743.10547 -168.29672
21745.80273 -173.99997
21748.49219 -155.52855
21751.18945 -174.49193
21753.86523 -178.16165
21756.56250 -175.55327
21759.25000 -169.48460
21761.95117 -174.57281
21764.63867 -155.95229
21767.32617 -175.42238
21770.02930 -178.08043
21772.71680 -174.55688
21775.40820 -168.82153
21778.10742 -175.27452
21780.79883 -156.51979
21783.47656 -173.48708
21786.17969 -177.38066
21788.87109 -174.28143
21791.56250 -169.30243
21794.26758 -174.35742
21796.93555 -157.23746
21799.62891 -174.61147
21802.33203 -177.34970
21805.02734 -174.80861
21807.70703 -169.45682
21810.40039 -175.14880
21813.09570 -157.66560
21815.80078 -174.57997
21818.48438 -176.47881
21821.16797 -174.63907
21823.86328 -169.17819
21826.57227 -174.26088
21829.24219 -158.08603
21831.94141 -173.90985
21834.63672 -179.39790
21837.32227 -173.77859
21840.00781 -169.26436
21842.71680 -173.74573
21845.39062 -158.83257
21848.08984 -173.91484
21850.78906 -177.37029
21853.48828 -174.26997
21856.16406 -168.48749
21858.86523 -174.71309
21861.55273 -159.06490
21864.25391 -173.92625
21866.94141 -179.84285
21869.63086 -173.67148
21872.32031 -167.22314
21875.00977 -173.60869
21877.71289 -159.39706
21880.39062 -173.34747
21883.09375 -182.40648
21885.77148 -172.78403
21888.47656 -167.29596
21891.16797 -172.94267
21893.85938 -160.05609
21896.55273 -173.14790
21899.24609 -180.89795
21901.92578 -173.38808
21904.63086 -165.66577
21907.31445 -173.50990
21910.01953 -159.66806
21912.70312 -172.89651
21915.39844 -182.35507
21918.08203 -173.17937
21920.77734 -164.51329
21923.47266 -172.89905
21926.15430 -159.82372
21928.86523 -172.82849
21931.54688 -182.91223
21934.23438 -171.70450
21936.94336 -164.31630
21939.61719 -172.57063
21942.31445 -159.77298
21945.01172 -172.43309
21947.69922 -184.20445
21950.38867 -173.13455
21953.08594 -162.55322
21955.77344 -172.41209
21958.46094 -159.60596
21961.15039 -172.82121
21963.85156 -187.65266
21966.54102 -171.95656
21969.24023 -161.95113
21971.91797 -171.97868
21974.62109 -159.38234
21977.30078 -171.81435
21980.00195 -187.46596
21982.69336 -171.88033
21985.39844 -161.66833
21988.07617 -171.99365
21990.75781 -159.56512
21993.46094 -172.03259
21996.15430 -189.19958
21998.84766 -171.98976
22001.54102 -160.67197
22004.23438 -172.13019
22006.91602 -158.94731
22009.62109 -171.86143
22012.30469 -190.44121
22015.00000 -171.75832
22017.69531 -160.06473
22020.37891 -171.56210
22023.08594 -159.23132
22025.77148 -171.63092
22028.45508 -190.69505
22031.15234 -171.21773
22033.83789 -159.78055
22036.52344 -171.57680
22039.22070 -159.42375
22041.90625 -171.73669
22044.60547 -190.98178
22047.30469 -172.28232
22049.99023 -159.30490
