Graph #0 from AudioThread1
2.69198 -92.43438
5.38396 -98.36042
8.07594 -101.84248
10.76791 -104.33981
13.45989 -106.26050
16.15187 -107.81667
18.84385 -109.16377
21.53583 -110.36563
24.22781 -111.38132
26.91979 -112.40543
29.61176 -113.12222
32.30375 -113.87054
34.99573 -114.57411
37.68771 -115.17522
40.37968 -115.79748
43.07167 -116.39175
45.76364 -116.88385
48.45562 -117.36137
51.14760 -117.87774
53.83958 -118.29407
56.53155 -118.75050
59.22354 -119.15148
61.91550 -119.54520
64.60748 -119.87849
67.29947 -120.21177
69.99145 -0.32245
72.68342 -120.88416
75.37541 -121.25004
78.06738 -121.51784
80.75936 -121.88712
83.45135 -122.11765
86.14331 -122.36998
88.83529 -122.68500
91.52726 -122.93900
94.21925 -123.17684
96.91125 -123.40331
99.60323 -123.65831
102.29519 -123.85630
104.98715 -124.09251
107.67915 -124.33750
110.37112 -124.55909
113.06311 -124.65069
115.75508 -124.97678
118.44704 -125.15602
121.13905 -125.36783
123.83102 -125.47128
126.52299 -125.71878
129.21498 -125.94562
131.90695 -126.05421
134.59895 -126.27188
137.29092 -126.41286
139.98288 -125.30311
142.67488 -126.74654
145.36685 -126.94154
148.05884 -127.12820
150.75082 -127.21822
153.44283 -127.41594
156.13478 -127.64052
158.82674 -127.70143
161.51871 -127.85497
164.21068 -127.98075
166.90265 -128.22325
169.59467 -128.26945
172.28662 -128.39636
174.97864 -128.56058
177.67059 -128.69691
180.36258 -128.80894
183.05452 -128.95412
185.74654 -129.05453
188.43854 -129.16983
191.13049 -129.28600
193.82245 -129.45346
196.51450 -129.54433
199.20641 -129.61928
201.89836 -129.80443
204.59042 -129.88643
207.28238 -130.03532
209.97437 -123.37150
212.66631 -130.25739
215.35828 -130.35713
218.05025 -130.44173
220.74232 -130.54881
223.43420 -130.65295
226.12619 -130.78635
228.81815 -130.86156
231.51018 -131.00616
234.20219 -131.09377
236.89415 -131.16174
239.58609 -131.29100
242.27808 -131.40799
244.97008 -131.46074
247.66197 -131.56335
250.35399 -131.65225
253.04602 -131.64330
255.73793 -131.84268
258.42996 -131.92317
261.12186 -132.05069
263.81393 -132.15657
266.50589 -132.21051
269.19791 -132.27565
271.88986 -132.37950
274.58182 -132.42741
277.27374 -132.51067
279.96582 -132.90201
282.65775 -132.68768
285.34970 -132.74684
288.04175 -132.87343
290.73367 -132.95959
293.42569 -133.04942
296.11768 -133.17183
298.80960 -133.23001
301.50159 -133.26683
304.19360 -133.33879
306.88565 -133.30637
309.57758 -133.50897
312.26950 -133.57671
314.96152 -133.63492
317.65353 -133.74628
320.34543 -133.81291
323.03745 -133.86078
325.72943 -133.96054
328.42145 -134.04430
331.11334 -134.08012
333.80530 -134.16110
336.49738 -134.20409
339.18933 -134.27139
341.88138 -134.32669
344.57330 -134.44217
347.26520 -134.51637
349.95728 -129.48692
352.64926 -134.64941
355.34119 -134.68311
358.03311 -134.79366
360.72513 -134.77098
363.41718 -134.89816
366.10907 -134.97141
368.80112 -135.00172
371.49304 -135.05882
374.18506 -135.14563
376.87698 -135.21759
379.56897 -135.26865
382.26089 -135.38928
384.95297 -135.38802
387.64499 -135.45348
390.33694 -135.48331
393.02887 -135.69122
395.72086 -135.61043
398.41293 -135.72346
401.10477 -135.74307
403.79681 -135.87483
406.48877 -135.87317
409.18088 -135.89363
411.87280 -135.99222
414.56479 -136.06567
417.25662 -136.12094
419.94867 -136.66013
422.64066 -136.21051
425.33264 -136.25505
428.02472 -136.27460
430.71658 -136.38989
433.40857 -136.42429
436.10052 -136.38579
438.79248 -136.53197
441.48456 -136.57043
444.17648 -136.65332
446.86844 -136.61894
449.56036 -136.76210
452.25244 -136.80562
454.94443 -136.83383
457.63635 -136.90460
460.32840 -136.94023
463.02029 -137.00003
465.71231 -137.04129
468.40430 -137.14473
471.09634 -137.19795
473.78821 -137.16484
476.48022 -137.24446
479.17224 -137.38379
481.86414 -137.34189
484.55624 -137.43626
487.24811 -137.43097
489.94006 -131.94275
492.63211 -137.52740
495.32404 -137.59061
498.01611 -137.65479
500.70804 -137.72481
503.39996 -137.72624
506.09195 -137.75056
508.78406 -137.82884
511.47589 -137.83514
514.16803 -137.89099
516.85980 -137.95920
519.55188 -138.00188
522.24377 -137.94014
524.93579 -138.10454
527.62781 -138.11795
530.31989 -138.17361
533.01172 -138.36737
535.70380 -138.27824
538.39569 -138.32843
541.08765 -138.32433
543.77960 -138.35847
546.47162 -138.42139
549.16370 -138.47287
551.85553 -138.49541
554.54749 -138.59225
557.23962 -138.62196
559.93170 -138.41551
562.62354 -138.73154
565.31555 -138.75194
568.00751 -138.78380
570.69934 -138.80368
573.39160 -138.84723
576.08344 -138.87047
578.77551 -138.92108
581.46741 -138.98859
584.15930 -139.02318
586.85126 -139.22301
589.54321 -139.11285
592.23523 -139.13666
594.92743 -139.17863
597.61926 -139.18346
600.31134 -139.22743
603.00323 -139.33601
605.69507 -139.30670
608.38708 -139.30437
611.07916 -139.41644
613.77124 -139.41411
616.46307 -139.51204
619.15515 -139.53590
621.84705 -139.57491
624.53906 -139.57968
627.23096 -139.62248
629.92303 -141.30251
632.61493 -139.70050
635.30695 -139.77466
637.99884 -139.74629
640.69092 -139.84633
643.38306 -139.87045
646.07477 -139.88754
648.76697 -139.93512
651.45898 -139.99515
654.15076 -140.01089
656.84277 -140.01157
659.53479 -140.09564
662.22681 -140.08054
664.91882 -140.10468
667.61072 -140.17648
670.30273 -140.21245
672.99475 -140.12318
675.68652 -140.28763
678.37878 -140.30559
681.07068 -140.34843
683.76257 -140.38417
686.45441 -140.39801
689.14667 -140.47232
691.83838 -140.44604
694.53033 -140.49939
697.22241 -140.50208
699.91443 -140.23178
702.60614 -140.60358
705.29840 -140.66870
707.99023 -140.71965
710.68225 -140.68555
713.37433 -140.76717
716.06616 -140.86465
718.75824 -140.79974
721.45032 -140.82492
724.14209 -140.88393
726.83423 -141.03844
729.52625 -140.95685
732.21826 -140.95061
734.90997 -141.01007
737.60205 -141.08989
740.29425 -141.07063
742.98615 -141.12796
745.67798 -141.13881
748.37024 -141.10933
751.06195 -141.17117
753.75403 -141.26384
756.44598 -141.25063
759.13782 -141.26170
761.82996 -141.28702
764.52161 -141.32881
767.21399 -141.40556
769.90588 -146.28778
772.59760 -141.44347
775.28986 -141.47882
777.98187 -141.49854
780.67358 -141.53395
783.36578 -141.52414
786.05780 -141.59979
788.74951 -141.59367
791.44159 -141.70287
794.13367 -141.69957
796.82568 -141.74763
799.51770 -141.78027
802.20947 -141.83534
804.90167 -141.81685
807.59369 -141.82251
810.28552 -141.84720
812.97742 -141.84152
815.66931 -141.92860
818.36182 -141.96902
821.05322 -141.95151
823.74542 -142.04402
826.43762 -142.06207
829.12915 -142.02719
831.82135 -142.09792
834.51331 -142.06259
837.20526 -142.09052
839.89740 -142.39055
842.58917 -142.19427
845.28137 -142.21188
847.97339 -142.26468
850.66516 -142.30367
853.35718 -142.27544
856.04950 -142.37503
858.74091 -142.40634
861.43304 -142.38422
864.12524 -142.40576
866.81702 -142.30847
869.50891 -142.47635
872.20123 -142.48535
874.89294 -142.48135
877.58484 -142.61220
880.27704 -142.59108
882.96924 -142.58743
885.66095 -142.63089
888.35278 -142.65262
891.04498 -142.71198
893.73669 -142.68562
896.42877 -142.72948
899.12079 -142.79366
901.81299 -142.75417
904.50470 -142.81644
907.19659 -142.86586
909.88867 -140.62672
912.58051 -142.88837
915.27277 -142.87022
917.96472 -142.94865
920.65668 -142.92561
923.34869 -142.94496
926.04065 -142.99152
928.73285 -143.06055
931.42450 -142.95107
934.11646 -143.03052
936.80847 -143.13469
939.50049 -143.19255
942.19275 -143.12663
944.88416 -143.17647
947.57660 -143.18619
950.26849 -143.20020
952.96051 -143.37584
955.65234 -143.25798
958.34424 -143.31226
961.03625 -143.30714
963.72833 -143.44632
966.42053 -143.41400
969.11200 -143.40230
971.80432 -143.41882
974.49640 -143.45546
977.18835 -143.49394
979.88025 -143.72736
982.57196 -143.54677
985.26434 -143.57292
987.95593 -143.54329
990.64813 -143.62677
993.34033 -143.61484
996.03210 -143.54060
998.72406 -143.63017
1001.41589 -143.64598
1004.10815 -143.75172
1006.80005 -143.77234
1009.49207 -143.78531
1012.18396 -143.82101
1014.87585 -143.79874
1017.56799 -143.80843
1020.25964 -143.81125
1022.95197 -143.84839
1025.64404 -143.94652
1028.33594 -143.89919
1031.02771 -143.96053
1033.71973 -143.92209
1036.41174 -144.03607
1039.10364 -144.11166
1041.79590 -144.02473
1044.48767 -144.07823
1047.17993 -144.03297
1049.87146 -141.05228
1052.56384 -144.07637
1055.25562 -144.18207
1057.94751 -144.17557
1060.63989 -144.31924
1063.33142 -144.19295
1066.02344 -144.22902
1068.71545 -144.29771
1071.40759 -144.22537
1074.09961 -144.24432
1076.79126 -144.37318
1079.48340 -144.35820
1082.17542 -144.34457
1084.86731 -144.40739
1087.55933 -144.39978
1090.25122 -144.47316
1092.94299 -144.49496
1095.63525 -144.50346
1098.32751 -144.50974
1101.01880 -144.51268
1103.71155 -144.52771
1106.40295 -144.52946
1109.09546 -144.59590
1111.78723 -144.57761
1114.47864 -144.57018
1117.17126 -144.68015
1119.86316 -144.48709
1122.55542 -144.71114
1125.24744 -144.63881
1127.93909 -144.78436
1130.63086 -144.71576
1133.32288 -144.74602
1136.01550 -144.75661
1138.70654 -144.80742
1141.39844 -144.80893
1144.09070 -144.86752
1146.78296 -144.92171
1149.47461 -144.88480
1152.16663 -144.88002
1154.85852 -144.92451
1157.55115 -145.03856
1160.24231 -144.96414
1162.93457 -145.00255
1165.62708 -145.00569
1168.31873 -144.99007
1171.01086 -145.06671
1173.70264 -145.02948
1176.39453 -145.14427
1179.08655 -145.11562
1181.77881 -145.17206
1184.47034 -145.14137
1187.16211 -145.18768
1189.85461 -146.05951
1192.54688 -145.23750
1195.23828 -145.25702
1197.93030 -145.20018
1200.62244 -145.40749
1203.31470 -145.25984
1206.00659 -145.25653
1208.69824 -145.32112
1211.39026 -145.36986
1214.08264 -145.36613
1216.77393 -145.39397
1219.46594 -145.40248
1222.15808 -145.43187
1224.85022 -145.39072
1227.54248 -145.45889
1230.23425 -145.48726
1232.92627 -145.34547
1235.61865 -145.54749
1238.31042 -145.46368
1241.00232 -145.57118
1243.69397 -145.43826
1246.38599 -145.60008
1249.07825 -145.58975
1251.77051 -145.55602
1254.46204 -145.56816
1257.15381 -145.61916
1259.84558 -145.46291
1262.53821 -145.68927
1265.22961 -145.69061
1267.92188 -145.74019
1270.61426 -145.73599
1273.30591 -145.74533
1275.99780 -145.90234
1278.68994 -145.79132
1281.38196 -145.82648
1284.07336 -145.83691
1286.76538 -145.97212
1289.45752 -145.92433
1292.14966 -145.89235
1294.84155 -145.97580
1297.53320 -145.92349
1300.22571 -145.95135
1302.91699 -145.93138
1305.60962 -146.02394
1308.30127 -146.09569
1310.99304 -146.01025
1313.68542 -146.05785
1316.37744 -146.07935
1319.06921 -146.00517
1321.76147 -146.11290
1324.45374 -146.10806
1327.14551 -146.13290
1329.83704 -149.50334
1332.52905 -146.14375
1335.22156 -146.15192
1337.91370 -146.24431
1340.60498 -146.19911
1343.29761 -146.18248
1345.98889 -146.29900
1348.68176 -146.22859
1351.37280 -146.26224
1354.06506 -146.30521
1356.75684 -146.34869
1359.44946 -146.35449
1362.14160 -146.44092
1364.83325 -146.33789
1367.52454 -146.43558
1370.21680 -146.37288
1372.90869 -146.32178
1375.60156 -146.50319
1378.29248 -146.46939
1380.98511 -146.51077
1383.67725 -146.62961
1386.36890 -146.53185
1389.06079 -146.56068
1391.75293 -146.58723
1394.44507 -146.41496
1397.13647 -146.57474
1399.82849 -146.68939
1402.52051 -146.59135
1405.21313 -146.60451
1407.90417 -146.64067
1410.59692 -146.66866
1413.28882 -146.68283
1415.98096 -146.90509
1418.67285 -146.71049
1421.36462 -146.74918
1424.05688 -146.70268
1426.74829 -146.58905
1429.44067 -146.76505
1432.13245 -146.78777
1434.82422 -146.78801
1437.51611 -146.77156
1440.20825 -146.86079
1442.90015 -146.87393
1445.59229 -146.90202
1448.28430 -146.93535
1450.97607 -146.98601
1453.66772 -146.89792
1456.35999 -146.91240
1459.05212 -146.95500
1461.74426 -146.90710
1464.43665 -147.02228
1467.12830 -147.05676
1469.82080 -145.64395
1472.51196 -147.03587
1475.20386 -147.04370
1477.89624 -147.03731
1480.58789 -146.99553
1483.28027 -147.10359
1485.97241 -147.02193
1488.66394 -147.16010
1491.35596 -147.11916
1494.04785 -147.17635
1496.74060 -147.27065
1499.43188 -147.26042
1502.12402 -147.16763
1504.81592 -147.25568
1507.50781 -147.23059
1510.19995 -147.29568
1512.89172 -147.43492
1515.58374 -147.27913
1518.27576 -147.31726
1520.96741 -147.27104
1523.66016 -147.24199
1526.35181 -147.35298
1529.04346 -147.36440
1531.73572 -147.37897
1534.42810 -147.39969
1537.12012 -147.42479
1539.81189 -147.63947
1542.50354 -147.44142
1545.19531 -147.48657
1547.88708 -147.46355
1550.57983 -147.47792
1553.27124 -147.52635
1555.96387 -147.39505
1558.65601 -147.49117
1561.34741 -147.49419
1564.03906 -147.54912
1566.73120 -147.55122
1569.42371 -147.59793
1572.11536 -147.64545
1574.80701 -147.61078
1577.49927 -147.60532
1580.19177 -147.56464
1582.88281 -147.69066
1585.57593 -147.71373
1588.26758 -147.69832
1590.95959 -147.78468
1593.65063 -147.59435
1596.34326 -147.76044
1599.03503 -147.76035
1601.72705 -147.78041
1604.41992 -147.76205
1607.11121 -147.70142
1609.80322 -145.39841
1612.49463 -147.73677
1615.18665 -147.81665
1617.87903 -147.80891
1620.57068 -148.02910
1623.26294 -147.90530
1625.95508 -147.85742
1628.64673 -147.91740
1631.33887 -147.86536
1634.03125 -147.95030
1636.72290 -147.99525
1639.41528 -147.99249
1642.10669 -147.97115
1644.79883 -147.98332
1647.49097 -148.03523
1650.18250 -147.98552
1652.87451 -148.09103
1655.56702 -148.09755
1658.25903 -148.08212
1660.95117 -148.11499
1663.64282 -148.13264
1666.33435 -148.06731
1669.02686 -148.15189
1671.71924 -148.03928
1674.41064 -148.19098
1677.10254 -148.17183
1679.79443 -148.05861
1682.48669 -148.11061
1685.17847 -148.21460
1687.87097 -148.22913
1690.56287 -148.28220
1693.25378 -148.17033
1695.94604 -148.23825
1698.63843 -148.20335
1701.33044 -148.21779
1704.02295 -148.29678
1706.71448 -148.47737
1709.40613 -148.37155
1712.09827 -148.29564
1714.79028 -148.32822
1717.48242 -148.39981
1720.17407 -148.37070
1722.86670 -148.39204
1725.55859 -148.36208
1728.25012 -148.38239
1730.94214 -148.38358
1733.63416 -148.43126
1736.32642 -148.45990
1739.01794 -148.35316
1741.71033 -148.47977
1744.40210 -148.47568
1747.09363 -148.53961
1749.78564 -149.10088
1752.47791 -148.51494
1755.16980 -148.62285
1757.86157 -148.53821
1760.55371 -148.48991
1763.24561 -148.59157
1765.93762 -148.58559
1768.62939 -148.65210
1771.32202 -148.64380
1774.01343 -148.65501
1776.70667 -148.68498
1779.39746 -148.66504
1782.08972 -148.74327
1784.78162 -148.61327
1787.47375 -148.79802
1790.16589 -148.73244
1792.85718 -148.55273
1795.54980 -148.72705
1798.24121 -148.75938
1800.93445 -148.82042
1803.62500 -148.63487
1806.31726 -148.72256
1809.00977 -148.85526
1811.70239 -148.77899
1814.39331 -148.76253
1817.08521 -148.84598
1819.77759 -148.67868
1822.46948 -148.87537
1825.16125 -148.75446
1827.85254 -148.85680
1830.54578 -148.94769
1833.23706 -148.99672
1835.92957 -149.07608
1838.62061 -148.96490
1841.31348 -148.96355
1844.00488 -148.95854
1846.69751 -148.85455
1849.38855 -149.08195
1852.08105 -148.97604
1854.77319 -149.08133
1857.46533 -148.99326
1860.15735 -149.06662
1862.84912 -149.07854
1865.54175 -149.05800
1868.23303 -149.08015
1870.92578 -149.03700
1873.61707 -149.08995
1876.30872 -149.04987
1879.00012 -149.20824
1881.69324 -149.05659
1884.38464 -149.11943
1887.07666 -149.12712
1889.76855 -151.50604
1892.46069 -149.17390
1895.15234 -149.16808
1897.84473 -149.18193
1900.53723 -149.27608
1903.22827 -149.16910
1905.92029 -149.27861
1908.61218 -149.27185
1911.30432 -149.18735
1913.99646 -149.36761
1916.68884 -149.34779
1919.38123 -149.27711
1922.07263 -149.40697
1924.76465 -149.31578
1927.45679 -149.36809
1930.14795 -149.22697
1932.84033 -149.29170
1935.53296 -149.40157
1938.22412 -149.34048
1940.91663 -149.47664
1943.60889 -149.61528
1946.30005 -149.47411
1948.99182 -149.42982
1951.68408 -149.43262
1954.37634 -149.42380
1957.06848 -149.47826
1959.76062 -149.47522
1962.45215 -149.52808
1965.14404 -149.54074
1967.83594 -149.54646
1970.52881 -149.57088
1973.22009 -149.51985
1975.91211 -149.50394
1978.60352 -149.60695
1981.29639 -149.54367
1983.98865 -149.68762
1986.68018 -149.62589
1989.37109 -149.70442
1992.06372 -149.79010
1994.75537 -149.75824
1997.44824 -149.73537
2000.13940 -149.74254
2002.83142 -149.60498
2005.52368 -149.76353
2008.21643 -149.72766
2010.90820 -149.82956
2013.60034 -149.73012
2016.29163 -149.71416
2018.98315 -149.84810
2021.67615 -149.71909
2024.36707 -149.81990
2027.05945 -149.72009
2029.75208 -148.72192
2032.44373 -149.74590
2035.13562 -149.80385
2037.82776 -149.84175
2040.52002 -149.90105
2043.21143 -149.81761
2045.90405 -149.90416
2048.59570 -149.85890
2051.28760 -149.88417
2053.97974 -149.89883
2056.67090 -149.92076
2059.36426 -149.82797
2062.05566 -149.98364
2064.74707 -150.01244
2067.43970 -149.99579
2070.13135 -150.00439
2072.82422 -150.03087
2075.51611 -149.95970
2078.20703 -149.98784
2080.89893 -150.01939
2083.59082 -149.83031
2086.28394 -149.98291
2088.97510 -150.07353
2091.66724 -150.03880
2094.35938 -150.04942
2097.05151 -150.18044
2099.74365 -150.34026
2102.43457 -150.12869
2105.12671 -150.13602
2107.81885 -150.13589
2110.51099 -150.19890
2113.20410 -150.19232
2115.89380 -150.14218
2118.58691 -150.20245
2121.27881 -150.15976
2123.97192 -150.16203
2126.66357 -150.12759
2129.35522 -150.23169
2132.04663 -150.30122
2134.73926 -150.28882
2137.43164 -150.22151
2140.12280 -150.20160
2142.81494 -150.28050
2145.50708 -150.21753
2148.19873 -150.32950
2150.89062 -150.35881
2153.58325 -150.30412
2156.27466 -150.30376
2158.96704 -150.44067
2161.65796 -150.30785
2164.35107 -150.31129
2167.04272 -150.29564
2169.73413 -148.38620
2172.42676 -150.32643
2175.11890 -150.35809
2177.81079 -150.41966
2180.50269 -150.40611
2183.19385 -150.42061
2185.88647 -150.39203
2188.57715 -150.57382
2191.27002 -150.30220
2193.96289 -150.42815
2196.65405 -150.48380
2199.34619 -150.48260
2202.03784 -150.37540
2204.73047 -150.50148
2207.42261 -150.52138
2210.11450 -150.56647
2212.80615 -150.52585
2215.49854 -150.57574
2218.19043 -150.57484
2220.88086 -150.58752
2223.57446 -150.66887
2226.26538 -150.64043
2228.95703 -150.61722
2231.65063 -150.57452
2234.34277 -150.74446
2237.03418 -150.67256
2239.72534 -150.64005
2242.41724 -150.61874
2245.10986 -150.83160
2247.80225 -150.69139
2250.49390 -150.73779
2253.18628 -150.69574
2255.87842 -150.64806
2258.56982 -150.68500
2261.26196 -150.67046
2263.95361 -150.75108
2266.64600 -151.01814
2269.33667 -150.80162
2272.02930 -150.78748
2274.72241 -150.79881
2277.41406 -150.79126
2280.10596 -150.79004
2282.79761 -150.74843
2285.48975 -150.85405
2288.18140 -150.85733
2290.87378 -150.86725
2293.56543 -150.92331
2296.25781 -150.83018
2298.94946 -150.73009
2301.64185 -150.91751
2304.33350 -150.90930
2307.02588 -150.94809
2309.71729 -151.36476
2312.40967 -150.88533
2315.10107 -151.00670
2317.79321 -150.89455
2320.48486 -150.94835
2323.17676 -150.97589
2325.86938 -151.03107
2328.56006 -150.97853
2331.25391 -151.10602
2333.94556 -151.08212
2336.63647 -150.96011
2339.32910 -150.98671
2342.02124 -151.01431
2344.71387 -151.06821
2347.40430 -151.18414
2350.09790 -151.12663
2352.78955 -150.78647
2355.48145 -151.14273
2358.17261 -151.01172
2360.86572 -151.14919
2363.55664 -150.72203
2366.24902 -151.02423
2368.94092 -151.07994
2371.63306 -151.15315
2374.32471 -151.06592
2377.01636 -151.15646
2379.70874 -151.02734
2382.40015 -151.19551
2385.09326 -151.34808
2387.78418 -151.24010
2390.47705 -151.26605
2393.16870 -151.23329
2395.85962 -151.38454
2398.55200 -151.22614
2401.24512 -151.30006
2403.93579 -151.28516
2406.62939 -151.14232
2409.32104 -151.32207
2412.01270 -151.36394
2414.70361 -151.34555
2417.39600 -151.30118
2420.08887 -151.32864
2422.78101 -151.35103
2425.47168 -151.23886
2428.16553 -151.41502
2430.85571 -151.44162
2433.54761 -151.45433
2436.23975 -151.32024
2438.93213 -151.46202
2441.62500 -151.32701
2444.31665 -151.42625
2447.00854 -151.35614
2449.70068 -153.84181
2452.39307 -151.42871
2455.08447 -151.38579
2457.77612 -151.47998
2460.46826 -151.34125
2463.16016 -151.36337
2465.85254 -151.42346
2468.54541 -151.57417
2471.23682 -151.25758
2473.92847 -151.60435
2476.62061 -151.57774
2479.31250 -151.54758
2482.00488 -151.56812
2484.69629 -151.52815
2487.38892 -151.51038
2490.07910 -151.47411
2492.77197 -151.43341
2495.46411 -151.48691
2498.15601 -151.70563
2500.84692 -151.66547
2503.54053 -151.97696
2506.23169 -151.69588
2508.92432 -151.57117
2511.61572 -151.61192
2514.30713 -151.78418
2517.00024 -151.61713
2519.69067 -151.60234
2522.38403 -151.72391
2525.07593 -151.80959
2527.76807 -151.77248
2530.45874 -151.69894
2533.15234 -151.79568
2535.84473 -151.72339
2538.53564 -151.70697
2541.22827 -151.75775
2543.91943 -151.80853
2546.61182 -151.60892
2549.30322 -151.86755
2551.99438 -151.89857
2554.68726 -151.83653
2557.38013 -151.85007
2560.07129 -151.85527
2562.76270 -151.80447
2565.45557 -151.80565
2568.14697 -151.79544
2570.83838 -151.92384
2573.53125 -151.81956
2576.22412 -151.83122
2578.91553 -151.77930
2581.60840 -151.81348
2584.29956 -151.93233
2586.99097 -151.83597
2589.68359 -150.76367
2592.37500 -151.88759
2595.06592 -152.07611
2597.76001 -152.03131
2600.45117 -151.87859
2603.14331 -152.01707
2605.83447 -152.03937
2608.52808 -151.89766
2611.22021 -151.94922
2613.91235 -151.99307
2616.60278 -151.95486
2619.29468 -152.06165
2621.98633 -152.03249
2624.67969 -152.10526
2627.37085 -151.97650
2630.06372 -152.00400
2632.75366 -152.18306
2635.44629 -152.03241
2638.13867 -152.09720
2640.82959 -152.10481
2643.52319 -152.10434
2646.21533 -151.97607
2648.90674 -152.13008
2651.59863 -152.15965
2654.28979 -152.16188
2656.98267 -152.13519
2659.67529 -152.22852
2662.36597 -152.12521
2665.05835 -152.44147
2667.75146 -152.20905
2670.44336 -152.18823
2673.13477 -152.15858
2675.82764 -152.25934
2678.51855 -152.20425
2681.21094 -152.18092
2683.90283 -152.19833
2686.59473 -152.00941
2689.28613 -152.19928
2691.97754 -152.28511
2694.67017 -152.25928
2697.36353 -152.18808
2700.05273 -152.21974
2702.74609 -152.26408
2705.43896 -152.30891
2708.13135 -152.45406
2710.82227 -152.32343
2713.51416 -152.25385
2716.20581 -152.31927
2718.89868 -152.27769
2721.58960 -152.37683
2724.28320 -152.36667
2726.97510 -152.25563
2729.66528 -150.43535
2732.35791 -152.28522
2735.05029 -152.36855
2737.74219 -152.35641
2740.43408 -152.36475
2743.12646 -152.43489
2745.81763 -152.40192
2748.50952 -152.40263
2751.20264 -152.10582
2753.89526 -152.40552
2756.58472 -152.40105
2759.27832 -152.42215
2761.97144 -152.42291
2764.66260 -152.55850
2767.35327 -152.38000
2770.04663 -152.56500
2772.73804 -152.75308
2775.43066 -152.54106
2778.12256 -152.49754
2780.81274 -152.57225
2783.50562 -152.57480
2786.19629 -152.44975
2788.89111 -152.57346
2791.58081 -152.56519
2794.27344 -152.81624
2796.96655 -152.50276
2799.65674 -152.61018
2802.34912 -152.46886
2805.04126 -152.59853
2807.73413 -152.58780
2810.42505 -152.56679
2813.11743 -152.68845
2815.80859 -152.53314
2818.50122 -152.68196
2821.19336 -152.64128
2823.88647 -152.73378
2826.57739 -152.80301
2829.26953 -152.68628
2831.96069 -152.67690
2834.65332 -152.62790
2837.34521 -152.72144
2840.03809 -152.79993
2842.72900 -152.73308
2845.42041 -152.70012
2848.11328 -152.66348
2850.80542 -152.66919
2853.49707 -152.77948
2856.18945 -152.80591
2858.87988 -152.70074
2861.57275 -152.78802
2864.26514 -152.72639
2866.95679 -152.83775
2869.64941 -153.38712
2872.34131 -152.68413
2875.03271 -152.90515
2877.72510 -152.79213
2880.41699 -152.58334
2883.10938 -152.76576
2885.79980 -152.85138
2888.49268 -152.93719
2891.18457 -153.05458
2893.87646 -152.95216
2896.56885 -152.78857
2899.26050 -152.85899
2901.95190 -152.65538
2904.64551 -152.93469
2907.33667 -152.94164
2910.02905 -152.82509
2912.72021 -152.81902
2915.41284 -153.03125
2918.10449 -152.96950
2920.79565 -153.06210
2923.48877 -153.00784
2926.18018 -152.97382
2928.87354 -152.90091
2931.56299 -152.98352
2934.25537 -152.94286
2936.94824 -152.95314
2939.64062 -152.93114
2942.33179 -153.08162
2945.02417 -152.91478
2947.71582 -152.97032
2950.40796 -153.16638
2953.10107 -152.95772
2955.79199 -153.19838
2958.48364 -153.02771
2961.17627 -153.19395
2963.86768 -152.99837
2966.56006 -153.10895
2969.25171 -152.99556
2971.94580 -153.09662
2974.63599 -153.12692
2977.32812 -153.11528
2980.02148 -153.06969
2982.71045 -153.06166
2985.40381 -153.23633
2988.09448 -153.17949
2990.78906 -153.07072
2993.48145 -153.11983
2996.17139 -153.12480
2998.86499 -153.19644
3001.55640 -153.13985
3004.24829 -153.25685
3006.93945 -153.17337
3009.63330 -155.20787
3012.32422 -153.24466
3015.01587 -153.10231
3017.70850 -153.17410
3020.39819 -153.25525
3023.09229 -153.23811
3025.78369 -153.19353
3028.47437 -153.29596
3031.16724 -153.31158
3033.85938 -153.32713
3036.55029 -153.24588
3039.24341 -153.29646
3041.93457 -153.32829
3044.62598 -153.33409
3047.31958 -153.27299
3050.01099 -153.30336
3052.70288 -153.61014
3055.39551 -153.33943
3058.08716 -153.36812
3060.77930 -153.26378
3063.47070 -153.38570
3066.16309 -153.25743
3068.85742 -153.23590
3071.54907 -153.39777
3074.23975 -153.54227
3076.93115 -153.45149
3079.62305 -153.30812
3082.31567 -153.44536
3085.00732 -153.35149
3087.69800 -153.50069
3090.39087 -153.41702
3093.08301 -153.41759
3095.77393 -153.20581
3098.46704 -153.45488
3101.16089 -153.35034
3103.85010 -153.52069
3106.54199 -153.27054
3109.23584 -153.45819
3111.92725 -153.49249
3114.61914 -153.46945
3117.31177 -153.45914
3120.00293 -153.48274
3122.69507 -153.40846
3125.38770 -153.61443
3128.07739 -153.40802
3130.76929 -153.53781
3133.46216 -153.48087
3136.15527 -153.61766
3138.84570 -153.38585
3141.53833 -153.58260
3144.22998 -153.57588
3146.92407 -153.57565
3149.61523 -152.52763
3152.30835 -153.48535
3154.99878 -153.78468
3157.69141 -153.65460
3160.38306 -153.75119
3163.07520 -153.62560
3165.76611 -153.62192
3168.45752 -153.66359
3171.14966 -153.60017
3173.84229 -153.65948
3176.53345 -153.57961
3179.22705 -153.72412
3181.91943 -153.47122
3184.60913 -153.69972
3187.30249 -153.69604
3189.99487 -153.75673
3192.68774 -153.82172
3195.37744 -153.70901
3198.06934 -153.73737
3200.76196 -153.80058
3203.45337 -153.59499
3206.14526 -153.56192
3208.83936 -153.72572
3211.53052 -153.79788
3214.22168 -153.97633
3216.91406 -153.70448
3219.60669 -153.82416
3222.29761 -153.71208
3224.98975 -153.55867
3227.68164 -153.67096
3230.37256 -153.95369
3233.06763 -153.83655
3235.75781 -153.67780
3238.44995 -153.92400
3241.14111 -153.74988
3243.83423 -153.88475
3246.52612 -154.06970
3249.21851 -153.91312
3251.90942 -153.91382
3254.60083 -153.75676
3257.29272 -153.94676
3259.98682 -153.89136
3262.67798 -153.84016
3265.36914 -153.97435
3268.06299 -154.03952
3270.75342 -153.86557
3273.44604 -153.94888
3276.13916 -153.98381
3278.82910 -153.90041
3281.52124 -153.95398
3284.21362 -154.09738
3286.90479 -153.91649
3289.59814 -152.16489
3292.29004 -153.85957
3294.98242 -153.88428
3297.67334 -153.95287
3300.36475 -153.88338
3303.06006 -153.99953
3305.75000 -154.01932
3308.44043 -154.13254
3311.13525 -154.16641
3313.82666 -153.92703
3316.51636 -154.06735
3319.20874 -153.85294
3321.90137 -154.02333
3324.59375 -154.11072
3327.28516 -154.10201
3329.97681 -154.14993
3332.66895 -154.36667
3335.36133 -154.19792
3338.05420 -154.00833
3340.74512 -154.05525
3343.43872 -154.02820
3346.12891 -154.07324
3348.82104 -154.15575
3351.51343 -154.00854
3354.20435 -154.33078
3356.89746 -154.22075
3359.58936 -154.32233
3362.28149 -154.12924
3364.97192 -154.12813
3367.66455 -154.02882
3370.35547 -154.10179
3373.04883 -154.24451
3375.74219 -153.95428
3378.43237 -154.12419
3381.12451 -154.19868
3383.81689 -154.20815
3386.50781 -154.30048
3389.20117 -154.18895
3391.89233 -154.25563
3394.58447 -154.25468
3397.27637 -154.41975
3399.96851 -154.13828
3402.66113 -154.28177
3405.35205 -154.26958
3408.04541 -154.22295
3410.73682 -154.27599
3413.42822 -154.18846
3416.12036 -154.28226
3418.81250 -154.19333
3421.50513 -154.37195
3424.19580 -154.28598
3426.88696 -154.40363
3429.58008 -155.03307
3432.27344 -154.26573
3434.96338 -154.36349
3437.65747 -154.42630
3440.34766 -154.04192
3443.04199 -154.33269
3445.73096 -154.29539
3448.42383 -154.31020
3451.11670 -154.34644
3453.80811 -154.35970
3456.49951 -154.43738
3459.19165 -154.35152
3461.88354 -154.48874
3464.57544 -154.41801
3467.26807 -154.45340
3469.96045 -154.48009
3472.65332 -154.41257
3475.34424 -154.53957
3478.03711 -154.45462
3480.72656 -154.44542
3483.42188 -154.43146
3486.11353 -154.54309
3488.80151 -154.34819
3491.49561 -154.50259
3494.18799 -154.53380
3496.88013 -154.50917
3499.57056 -154.28212
3502.26318 -154.49031
3504.95605 -154.22203
3507.64697 -154.45068
3510.33984 -154.50551
3513.03125 -154.61543
3515.72266 -154.66354
3518.41431 -154.51302
3521.10791 -154.61121
3523.79980 -154.41071
3526.49170 -154.56990
3529.18359 -154.47952
3531.87549 -154.59259
3534.56787 -154.59387
3537.26050 -154.62579
3539.95264 -154.66635
3542.64551 -154.48399
3545.33643 -154.64093
3548.02710 -154.54608
3550.71997 -154.62314
3553.41284 -154.55879
3556.10376 -154.60150
3558.79517 -154.54607
3561.48657 -154.59442
3564.17969 -154.66992
3566.87109 -154.53828
3569.56274 -156.86290
3572.25391 -154.64711
3574.94580 -154.52342
3577.63940 -154.59341
3580.33105 -154.43152
3583.02295 -154.67404
3585.71509 -154.77832
3588.40698 -154.63290
3591.10083 -154.85088
3593.79102 -154.63081
3596.48291 -154.73749
3599.17700 -154.71373
3601.86719 -154.88689
3604.55933 -154.75914
3607.25146 -154.79416
3609.94385 -154.74910
3612.63403 -155.17023
3615.32617 -154.77592
3618.02051 -154.64458
3620.71094 -154.63611
3623.40112 -154.94409
3626.09375 -154.76227
3628.78613 -154.81046
3631.47827 -154.79417
3634.17090 -155.04102
3636.86133 -154.68123
3639.55542 -154.83066
3642.24805 -154.91783
3644.93799 -154.61269
3647.63062 -154.89256
3650.32080 -154.86731
3653.01514 -154.93121
3655.70532 -154.86743
3658.39746 -154.89539
3661.09180 -154.93575
3663.78198 -154.87965
3666.47437 -154.67206
3669.16846 -154.98743
3671.85840 -154.90820
3674.55054 -154.94122
3677.24072 -155.02800
3679.93433 -154.89253
3682.62646 -154.79709
3685.31836 -154.97592
3688.01001 -155.00388
3690.70166 -154.97031
3693.39331 -154.88943
3696.08691 -154.97717
3698.77661 -155.07274
3701.46997 -154.97742
3704.16138 -155.07925
3706.85278 -154.97720
3709.54590 -153.91013
3712.23901 -154.85135
3714.93213 -155.08406
3717.62329 -155.16631
3720.31396 -154.98117
3723.00684 -154.86061
3725.69775 -154.95711
3728.38818 -155.04156
3731.08276 -154.82458
3733.77319 -155.03853
3736.46753 -155.05417
3739.15771 -154.99713
3741.85181 -155.24925
3744.54370 -155.11407
3747.23535 -155.04539
3749.92529 -155.18408
3752.61914 -154.84050
3755.31030 -154.99651
3758.00171 -155.13499
3760.69287 -155.09724
3763.38599 -155.10951
3766.07690 -155.03139
3768.76978 -155.22856
3771.46240 -155.15118
3774.15503 -155.16458
3776.84546 -155.15807
3779.53760 -155.21585
3782.22949 -155.14200
3784.91943 -155.26846
3787.61328 -155.16258
3790.30493 -155.17349
3792.99658 -155.15286
3795.68750 -155.03883
3798.38086 -155.25404
3801.07397 -155.16615
3803.76660 -155.13652
3806.45728 -154.91563
3809.14941 -155.23930
3811.84180 -155.24226
3814.53394 -155.31729
3817.22363 -155.17824
3819.91724 -155.17035
3822.60889 -155.16795
3825.30225 -155.21725
3827.99341 -155.39281
3830.68408 -155.23586
3833.37671 -155.16141
3836.06934 -155.18990
3838.76196 -155.27499
3841.45386 -155.15590
3844.14575 -155.20703
3846.83740 -155.28801
3849.52881 -153.82675
3852.21973 -155.21161
3854.91089 -155.36671
3857.60376 -155.31976
3860.29639 -155.34496
3862.98853 -155.42789
3865.68091 -155.26883
3868.37256 -155.29211
3871.06641 -155.17418
3873.75757 -155.28810
3876.44678 -155.50407
3879.13965 -155.38846
3881.83228 -155.26982
3884.52490 -155.29005
3887.21704 -155.36928
3889.91089 -155.43864
3892.59814 -155.11650
3895.29175 -155.53261
3897.98535 -155.30444
3900.67822 -155.40106
3903.36865 -155.26666
3906.05859 -155.33769
3908.75098 -155.47223
3911.44263 -155.35017
3914.13623 -155.81273
3916.82959 -155.49411
3919.52051 -155.56151
3922.21338 -155.37627
3924.90356 -155.15918
3927.59570 -155.48691
3930.28955 -155.36084
3932.97900 -155.63890
3935.67236 -155.80559
3938.36548 -155.42874
3941.05591 -155.65671
3943.74854 -155.47646
3946.44043 -155.51489
3949.13208 -155.59680
3951.82349 -155.51826
3954.51440 -155.43176
3957.20728 -155.53520
3959.89990 -155.44868
3962.59229 -155.51845
3965.28418 -155.59764
3967.97559 -155.52034
3970.66675 -155.74960
3973.35962 -155.56389
3976.05225 -155.63072
3978.74243 -155.71355
3981.43652 -155.64162
3984.12817 -155.57106
3986.81909 -155.54956
3989.51221 -156.49858
3992.20483 -155.60707
3994.89722 -155.63756
3997.58667 -155.58481
4000.28052 -155.42770
4002.97144 -155.55824
4005.66431 -155.57251
4008.35693 -155.67697
4011.04883 -155.75583
4013.74072 -155.57712
4016.43213 -155.65874
4019.12305 -155.66910
4021.81592 -155.31633
4024.50806 -155.48521
4027.19995 -155.61053
4029.89136 -155.59932
4032.58252 -155.66283
4035.27563 -155.60361
4037.96777 -155.66342
4040.65967 -155.69461
4043.35156 -155.64508
4046.04272 -155.69884
4048.73560 -155.85507
4051.42822 -155.61772
4054.11816 -155.76453
4056.80957 -155.77679
4059.50562 -155.65236
4062.19629 -155.66489
4064.88672 -155.69952
4067.57861 -155.72754
4070.27295 -155.67348
4072.96167 -155.76590
4075.65454 -155.90640
4078.34717 -155.76009
4081.03955 -155.88539
4083.73315 -155.69740
4086.42212 -155.95776
4089.11719 -155.74577
4091.80762 -155.74883
4094.49951 -155.72656
4097.19092 -155.87308
4099.88379 -155.82742
4102.57471 -155.79112
4105.26709 -155.77475
4107.95850 -155.98906
4110.64990 -155.79663
4113.34326 -155.85924
4116.03564 -155.87697
4118.72754 -155.89470
4121.41943 -155.87967
4124.11035 -155.69011
4126.80322 -155.88885
4129.49561 -157.42683
4132.18750 -155.84509
4134.87891 -155.91597
4137.56934 -155.93918
4140.26221 -156.07491
4142.95605 -155.86330
4145.64551 -155.95593
4148.33887 -155.82713
4151.03125 -156.18761
4153.72363 -155.82256
4156.41553 -155.97903
4159.10840 -155.81339
4161.79932 -155.91084
4164.49170 -155.94887
4167.18311 -155.98291
4169.87207 -155.98888
4172.56738 -155.73625
4175.25781 -156.08240
4177.95166 -156.01711
4180.64307 -156.05792
4183.33594 -155.72098
4186.02832 -156.08205
4188.71777 -156.02655
4191.40918 -155.90182
4194.10449 -155.83307
4196.79248 -156.12996
4199.48438 -156.06155
4202.17822 -155.92114
4204.87109 -155.95490
4207.56348 -155.96906
4210.25488 -155.98805
4212.94385 -156.06735
4215.63916 -155.94579
4218.32959 -155.95247
4221.02148 -156.06474
4223.71240 -156.10030
4226.40527 -155.85419
4229.09766 -156.15802
4231.78955 -156.22021
4234.48291 -156.08281
4237.17334 -155.95996
4239.86523 -156.06105
4242.55713 -156.19611
4245.25000 -156.20575
4247.94287 -156.28906
4250.63281 -156.14545
4253.32617 -156.18878
4256.01709 -156.11023
4258.70947 -156.31516
4261.40137 -156.08687
4264.09229 -155.95580
4266.78516 -156.13553
4269.47754 -155.09129
4272.16895 -156.19447
4274.86279 -156.16280
4277.55273 -156.16492
4280.24463 -156.36401
4282.93848 -156.21663
4285.62939 -156.22490
4288.32129 -156.23511
4291.01318 -156.17056
4293.70654 -156.24632
4296.39697 -156.20894
4299.09131 -156.22655
4301.78027 -155.77940
4304.47314 -156.09171
4307.16602 -156.31544
4309.85742 -156.15814
4312.54834 -156.24875
4315.24121 -156.17361
4317.93311 -156.12955
4320.62451 -156.12979
4323.31738 -155.63577
4326.00732 -156.19289
4328.69922 -156.21964
4331.39453 -156.30556
4334.08740 -156.46292
4336.77686 -156.45073
4339.46777 -156.33690
4342.16064 -156.35452
4344.85254 -156.12428
4347.54639 -156.34515
4350.23730 -156.27179
4352.92676 -156.36722
4355.62354 -156.10957
4358.31152 -156.39114
4361.00439 -156.37616
4363.69629 -156.29988
4366.38965 -156.28549
4369.08008 -156.31950
4371.77197 -156.38927
4374.46582 -156.27423
4377.15625 -156.39130
4379.84814 -156.62187
4382.53955 -156.41695
4385.23291 -156.27995
4387.92529 -156.41652
4390.61621 -156.35046
4393.30957 -156.36768
4396.00000 -156.48100
4398.69385 -156.51048
4401.38477 -156.40115
4404.07715 -156.36163
4406.76904 -156.48044
4409.45996 -155.04076
4412.15283 -156.40311
4414.84473 -156.38950
4417.53564 -156.33565
4420.22852 -156.62790
4422.92041 -156.58698
4425.61133 -156.40425
4428.30420 -156.58777
4430.99609 -156.54677
4433.68750 -156.34334
4436.38037 -156.51082
4439.07227 -156.40427
4441.76318 -156.68776
4444.45605 -156.56639
4447.14844 -156.51064
4449.83936 -156.32845
4452.53223 -156.17259
4455.22461 -156.60561
4457.91553 -156.59714
4460.60840 -156.48006
4463.30029 -156.46298
4465.99170 -156.60236
4468.68457 -156.62073
4471.37646 -156.60651
4474.06787 -156.52313
4476.76074 -156.41708
4479.45264 -156.59744
4482.14355 -156.60333
4484.83594 -156.65662
4487.52832 -156.49901
4490.22168 -156.44528
4492.91162 -156.76813
4495.60596 -156.34657
4498.29688 -156.56120
4500.98926 -156.64241
4503.67871 -156.57011
4506.37158 -156.66588
4509.06445 -156.57959
4511.75586 -156.82228
4514.44873 -156.64006
4517.14111 -156.15555
4519.83008 -156.61972
4522.52344 -156.57207
4525.21777 -156.65460
4527.90918 -156.67784
4530.59961 -156.48074
4533.29150 -156.73328
4535.98242 -156.57703
4538.67480 -156.86215
4541.36914 -156.51830
4544.06006 -156.64998
4546.75000 -156.69876
4549.44434 -157.47784
4552.13770 -156.65047
4554.82715 -156.65761
4557.51855 -156.70526
4560.21143 -156.58574
4562.90088 -156.81035
4565.59473 -156.86580
4568.28711 -156.66483
4570.97900 -156.56721
4573.67236 -156.73949
4576.36230 -156.65828
4579.05371 -156.65945
4581.74707 -157.23512
4584.43896 -156.71881
4587.12988 -157.00310
4589.82324 -156.69391
4592.51465 -156.71736
4595.20557 -156.83095
4597.89844 -156.81648
4600.59229 -156.64815
4603.28516 -156.45911
4605.97510 -156.81737
4608.66602 -156.81119
4611.36133 -156.69417
4614.05322 -156.76611
4616.74414 -156.90240
4619.43408 -156.83960
4622.12549 -156.80809
4624.81836 -156.73349
4627.51025 -156.82565
4630.20166 -156.86340
4632.89453 -156.82274
4635.58594 -156.95821
4638.27930 -156.81702
4640.97119 -156.86971
4643.66016 -156.83267
4646.35547 -156.89629
4649.04980 -156.81577
4651.74072 -156.81938
4654.43066 -156.81158
4657.12207 -157.09756
4659.81250 -156.85197
4662.50684 -156.97449
4665.19775 -156.85286
4667.89014 -157.35066
4670.58398 -156.81117
4673.27441 -156.92424
4675.96680 -156.92961
4678.65771 -156.74440
4681.35010 -156.97031
4684.04395 -156.83752
4686.73486 -157.01215
4689.42676 -159.01469
4692.12012 -156.79549
4694.81055 -156.90387
4697.50195 -156.86369
4700.19482 -156.85567
4702.88672 -156.92572
4705.57812 -156.87703
4708.27051 -156.97293
4710.96191 -156.55576
4713.65527 -156.85342
4716.34473 -157.09091
4719.03809 -157.01028
4721.73047 -157.08617
4724.42188 -157.06403
4727.11475 -157.03963
4729.80664 -156.97995
4732.49756 -156.95897
4735.18994 -157.05273
4737.88135 -157.00275
4740.57373 -156.99983
4743.26562 -157.12289
4745.95898 -157.03438
4748.65137 -157.14954
4751.34229 -156.99446
4754.03467 -157.19388
4756.72656 -156.93460
4759.41699 -157.14203
4762.10889 -157.08879
4764.80225 -157.06738
4767.49463 -156.94235
4770.18604 -157.19427
4772.87891 -156.92911
4775.57031 -157.20198
4778.26123 -157.20689
4780.95312 -157.20650
4783.64697 -157.29506
4786.33936 -156.84769
4789.03076 -157.29260
4791.72070 -157.22093
4794.41309 -157.03667
4797.10596 -157.00868
4799.79834 -156.93376
4802.48926 -157.15088
4805.17969 -157.20836
4807.87061 -156.99702
4810.56348 -157.15004
4813.25830 -157.13829
4815.94873 -157.11195
4818.64111 -157.02310
4821.33203 -157.15274
4824.02441 -157.30421
4826.71631 -157.24745
4829.40918 -155.80901
4832.10059 -157.28429
4834.79395 -157.11450
4837.48633 -157.19936
4840.17725 -156.91736
4842.86963 -157.22064
4845.55811 -157.33327
4848.25391 -157.28926
4850.94531 -157.20218
4853.63818 -157.28212
4856.33008 -157.32297
4859.02100 -157.27402
4861.71094 -157.02011
4864.40430 -157.19344
4867.09668 -157.14705
4869.78857 -157.13702
4872.48145 -157.33682
4875.17041 -157.19931
4877.86621 -157.22081
4880.55566 -157.29233
4883.24902 -157.49379
4885.93848 -157.41708
4888.63232 -157.25453
4891.32471 -157.42699
4894.01611 -157.39001
4896.70898 -157.26164
4899.40332 -157.35132
4902.09375 -157.32419
4904.78564 -157.19365
4907.47607 -157.35777
4910.16846 -157.41277
4912.85938 -157.28873
4915.55469 -157.37970
4918.24561 -157.39345
4920.93799 -157.27397
4923.62939 -157.40062
4926.31982 -157.09184
4929.01416 -157.40242
4931.70459 -157.26880
4934.39648 -157.35675
4937.08691 -157.12816
4939.78223 -157.62091
4942.47266 -157.38438
4945.16211 -157.30669
4947.85596 -157.52885
4950.54590 -157.29057
4953.24023 -157.51790
4955.93311 -157.32982
4958.62402 -157.41798
4961.31738 -157.45403
4964.00928 -157.22784
4966.70215 -157.44888
4969.39160 -156.02942
4972.08447 -157.37881
4974.77686 -157.43396
4977.46777 -157.42500
4980.16016 -157.28915
4982.85352 -157.47672
4985.54297 -157.40146
4988.23438 -157.51857
4990.92969 -156.99644
4993.62109 -157.45972
4996.31152 -157.53323
4999.00293 -157.51784
5001.69531 -157.64345
5004.38721 -157.27995
5007.08057 -157.51004
5009.77197 -157.44870
5012.46240 -157.27618
5015.15430 -157.43410
5017.84766 -157.50780
5020.54004 -157.42342
5023.23047 -157.43419
5025.92285 -157.38153
5028.61377 -157.57951
5031.30615 -157.52902
5034.00293 -157.73222
5036.69238 -157.44836
5039.38330 -157.46368
5042.07568 -157.68048
5044.77002 -157.75772
5047.45996 -157.81215
5050.15381 -157.53586
5052.84375 -157.58221
5055.53516 -158.23645
5058.22510 -157.51193
5060.91943 -157.63641
5063.60938 -157.51689
5066.30127 -157.85876
5068.99414 -157.55342
5071.68848 -157.56229
5074.37891 -157.55052
5077.07324 -157.30623
5079.76123 -157.59225
5082.45557 -157.67461
5085.14893 -157.64415
5087.83789 -157.53870
5090.53125 -157.56844
5093.22314 -157.66306
5095.91650 -157.58406
5098.60840 -157.71840
5101.29883 -157.63866
5103.99121 -157.60257
5106.68408 -157.64606
5109.37354 -158.49078
5112.06689 -157.78024
5114.75928 -157.68550
5117.45020 -157.60646
5120.14160 -157.95235
5122.83252 -157.77455
5125.52734 -157.98979
5128.21826 -157.86372
5130.91309 -157.79370
5133.60400 -157.74590
5136.29346 -157.81914
5138.98682 -157.84923
5141.67920 -157.93298
5144.37256 -157.74486
5147.06152 -157.74837
5149.75537 -157.68231
5152.44727 -157.57698
5155.13770 -157.86333
5157.83008 -157.92564
5160.52051 -157.62755
5163.21289 -157.89537
5165.90625 -157.59291
5168.60107 -157.72466
5171.28906 -157.82303
5173.98389 -157.72664
5176.67432 -157.77707
5179.36621 -157.66664
5182.06006 -157.73451
5184.75146 -157.88164
5187.43896 -157.80219
5190.13379 -157.67261
5192.82422 -157.83588
5195.51855 -157.90810
5198.20898 -157.86139
5200.90088 -157.93076
5203.59424 -157.99551
5206.28613 -157.43680
5208.97900 -157.88602
5211.67041 -158.10162
5214.36084 -157.77515
5217.05518 -157.94588
5219.74805 -157.93535
5222.43652 -157.77950
5225.13232 -157.92041
5227.82031 -158.61296
5230.51025 -157.89088
5233.20410 -157.93617
5235.89746 -157.95534
5238.59131 -157.74928
5241.28125 -157.94327
5243.97461 -157.71115
5246.66455 -157.83284
5249.35547 -159.13527
5252.04785 -157.77945
5254.74121 -157.85492
5257.43359 -157.87228
5260.12695 -157.74071
5262.81641 -157.86469
5265.50977 -158.08336
5268.20117 -158.11673
5270.89160 -157.81779
5273.58643 -157.92278
5276.27637 -158.16246
5278.96777 -158.05363
5281.66064 -157.95467
5284.35547 -157.82364
5287.04541 -157.76901
5289.73633 -157.96246
5292.42920 -157.86259
5295.12012 -157.93741
5297.81299 -158.01759
5300.50684 -157.79662
5303.19873 -157.99295
5305.88965 -157.87013
5308.58203 -158.02071
5311.27246 -158.12106
5313.96729 -158.03062
5316.65771 -157.89340
5319.34619 -157.99530
5322.04004 -158.24467
5324.73389 -158.17171
5327.42432 -157.96141
5330.11523 -157.92870
5332.80811 -158.19609
5335.50244 -157.86887
5338.19434 -158.16010
5340.88574 -157.88860
5343.57471 -157.95612
5346.27148 -157.83778
5348.96045 -157.82758
5351.65430 -158.04839
5354.34326 -158.13039
5357.03613 -158.43430
5359.72754 -158.22318
5362.42090 -157.85133
5365.11230 -158.18059
5367.80762 -158.04256
5370.49609 -157.82257
5373.18848 -158.12315
5375.87939 -158.11450
5378.57178 -157.55774
5381.26514 -157.99442
5383.95410 -158.10492
5386.65039 -158.02362
5389.34180 -156.87651
5392.03516 -158.30392
5394.72656 -158.05234
5397.41650 -158.10045
5400.10742 -157.87866
5402.80273 -158.01102
5405.49072 -158.38078
5408.18604 -158.33386
5410.87646 -158.43317
5413.56836 -158.01660
5416.26172 -158.16322
5418.95020 -158.02875
5421.64307 -158.25282
5424.33496 -158.16660
5427.03027 -158.26753
5429.72119 -158.21611
5432.41016 -158.15329
5435.10449 -158.13580
5437.79590 -158.30550
5440.48926 -158.26660
5443.18115 -158.14653
5445.87109 -158.16374
5448.56543 -158.09526
5451.25537 -158.32013
5453.94971 -158.06119
5456.64160 -158.17177
5459.33203 -158.27641
5462.02441 -158.37334
5464.71777 -157.83606
5467.40674 -157.94710
5470.09961 -158.37508
5472.79053 -158.31546
5475.48340 -158.19595
5478.17432 -158.12781
5480.86670 -158.35233
5483.56006 -158.27997
5486.25244 -157.88733
5488.94238 -158.04866
5491.63379 -158.13141
5494.32666 -158.14751
5497.01758 -158.16978
5499.71094 -158.21089
5502.40430 -158.15402
5505.09668 -158.25403
5507.78711 -158.29829
5510.47852 -158.21162
5513.16846 -158.52979
5515.86328 -158.37094
5518.55518 -158.31238
5521.24609 -158.36624
5523.93848 -158.22401
5526.62891 -158.25645
5529.32373 -156.76025
5532.01709 -158.09219
5534.70898 -158.50929
5537.40137 -158.33167
5540.09229 -158.30490
5542.78125 -158.15622
5545.47461 -158.34747
5548.16699 -158.29707
5550.85986 -158.31155
5553.55176 -158.28084
5556.24121 -158.38567
5558.93555 -158.36456
5561.62793 -158.36913
5564.31836 -158.31563
5567.00977 -158.35561
5569.70264 -158.46400
5572.39453 -158.24500
5575.08740 -158.19376
5577.77832 -158.41995
5580.46973 -158.15179
5583.16406 -158.33878
5585.85547 -158.20450
5588.54541 -158.42271
5591.23633 -158.34903
5593.92969 -158.81682
5596.62354 -158.57280
5599.31543 -158.44672
5602.00586 -158.45436
5604.70020 -158.46330
5607.39014 -158.60605
5610.08105 -158.43359
5612.77637 -158.26935
5615.46777 -158.24796
5618.15918 -158.40469
5620.85254 -158.66158
5623.54395 -158.28003
5626.23633 -158.50635
5628.92773 -158.34315
5631.61670 -158.26540
5634.31055 -158.57567
5637.00195 -158.19991
5639.69775 -158.39655
5642.38867 -158.66782
5645.08105 -158.57645
5647.77148 -158.25928
5650.46387 -158.38466
5653.15381 -158.61237
5655.84521 -158.52789
5658.53760 -158.15413
5661.23145 -158.37578
5663.92383 -158.57787
5666.61377 -158.43239
5669.30566 -159.95857
5671.99805 -158.67656
5674.69238 -158.45705
5677.38477 -158.62794
5680.07520 -158.27299
5682.76660 -158.54211
5685.45654 -158.59703
5688.15039 -158.39777
5690.83984 -158.58656
5693.53418 -158.42665
5696.22559 -158.57317
5698.91553 -158.65701
5701.61035 -158.26477
5704.30225 -158.48195
5706.99268 -158.48700
5709.68506 -158.61491
5712.38086 -158.46730
5715.06934 -158.56708
5717.76172 -158.58795
5720.45312 -158.49611
5723.14453 -157.95468
5725.83447 -158.60573
5728.52930 -158.52858
5731.22168 -158.51038
5733.91211 -158.45789
5736.60742 -158.63602
5739.29443 -158.67499
5741.98926 -158.78101
5744.68213 -158.80493
5747.37256 -158.56187
5750.06445 -158.62416
5752.75781 -158.70593
5755.44922 -158.67638
5758.14160 -158.70189
5760.83545 -158.57362
5763.52783 -158.64110
5766.21777 -158.39397
5768.90918 -158.60649
5771.60156 -158.54376
5774.29590 -158.85657
5776.98438 -158.62485
5779.67725 -158.65018
5782.36865 -158.66078
5785.06104 -158.57167
5787.75488 -158.83415
5790.44385 -158.63245
5793.13672 -158.87360
5795.82764 -158.89967
5798.52051 -158.67979
5801.21387 -158.71529
5803.90576 -158.71605
5806.59863 -158.50327
5809.28955 -159.92036
5811.98193 -158.47110
5814.67236 -158.52654
5817.36719 -158.92294
5820.05664 -158.67784
5822.74805 -158.53043
5825.43994 -158.93228
5828.13281 -158.55179
5830.82764 -159.00189
5833.51758 -158.58740
5836.20801 -159.09654
5838.90039 -158.71542
5841.59277 -158.73822
5844.28418 -158.80647
5846.97705 -158.62302
5849.66748 -158.82626
5852.35889 -158.88622
5855.05176 -158.46460
5857.74609 -158.69073
5860.43506 -158.79814
5863.12891 -159.01227
5865.82324 -158.80174
5868.51270 -158.89864
5871.20654 -158.96922
5873.89551 -158.81102
5876.58887 -158.72798
5879.27979 -158.77315
5881.97266 -158.77272
5884.66602 -158.71957
5887.35791 -158.72496
5890.04785 -159.13225
5892.74170 -158.77330
5895.43359 -158.42464
5898.12695 -158.91785
5900.81494 -158.99704
5903.51074 -159.02264
5906.19824 -158.66324
5908.89355 -158.88091
5911.58643 -158.64296
5914.27734 -158.81627
5916.96973 -158.37047
5919.65918 -158.91655
5922.35107 -158.95239
5925.04395 -158.74843
5927.73730 -158.75555
5930.42578 -158.77226
5933.11963 -159.11107
5935.81055 -158.95146
5938.50293 -158.89117
5941.19238 -159.05775
5943.88721 -158.91220
5946.58008 -158.94571
5949.27051 -157.63365
5951.96582 -158.93982
5954.65576 -158.80156
5957.34668 -159.01651
5960.03857 -158.78522
5962.73193 -159.14499
5965.42383 -158.92664
5968.11572 -158.99324
5970.80615 -158.91507
5973.49854 -158.88414
5976.19141 -159.00807
5978.88184 -158.86720
5981.57422 -159.63956
5984.26758 -158.78854
5986.95850 -158.87181
5989.65088 -158.92944
5992.34131 -159.10458
5995.03613 -158.88185
5997.72559 -159.10718
6000.41992 -159.08420
6003.11475 -159.84966
6005.80469 -159.03392
6008.49561 -158.95317
6011.18750 -159.10844
6013.87793 -158.85788
6016.57275 -159.21417
6019.26514 -159.22479
6021.95557 -159.24765
6024.64746 -159.10962
6027.33984 -158.90031
6030.03027 -158.88860
6032.72266 -159.00179
6035.41943 -159.04765
6038.10645 -159.12056
6040.79883 -159.04153
6043.49219 -159.16785
6046.18359 -158.63217
6048.87646 -159.15169
6051.56689 -159.04059
6054.25830 -159.16194
6056.95068 -158.84869
6059.64160 -159.29831
6062.33643 -159.05870
6065.02637 -158.84569
6067.71729 -158.31573
6070.41260 -159.31082
6073.10254 -159.06679
6075.79395 -159.02708
6078.48633 -158.90935
6081.17969 -159.22961
6083.87109 -159.07066
6086.56006 -159.00867
6089.25391 -158.05109
6091.94580 -158.91988
6094.63867 -159.19196
6097.33203 -159.19600
6100.02441 -159.43633
6102.71729 -158.89360
6105.40820 -159.15788
6108.09668 -159.24530
6110.79004 -159.67171
6113.48096 -159.02887
6116.17285 -159.13800
6118.86670 -159.04776
6121.55469 -158.87061
6124.25342 -159.14072
6126.94092 -159.30103
6129.63184 -159.15248
6132.32471 -158.94345
6135.02197 -159.07280
6137.70996 -159.17276
6140.40283 -159.31860
6143.09375 -159.04868
6145.78564 -159.18155
6148.47852 -159.07852
6151.17236 -159.50426
6153.86133 -159.09766
6156.55762 -159.21271
6159.24512 -159.18599
6161.93750 -159.45493
6164.63086 -158.95828
6167.32178 -159.23499
6170.01416 -159.32385
6172.70410 -159.42955
6175.39844 -158.96590
6178.09082 -158.99463
6180.78125 -159.15955
6183.47217 -159.39738
6186.16797 -159.37457
6188.85840 -159.37830
6191.54980 -159.14960
6194.24268 -159.30208
6196.93311 -158.37001
6199.62451 -159.42276
6202.31738 -159.39342
6205.01074 -159.35344
6207.70264 -159.34798
6210.39258 -159.13187
6213.08594 -159.37437
6215.77832 -159.36389
6218.47119 -158.97728
6221.15771 -159.43698
6223.85303 -159.33736
6226.54688 -159.25539
6229.23730 -160.79134
6231.92871 -159.17355
6234.62207 -158.93845
6237.31250 -159.17523
6240.00488 -159.12119
6242.70117 -159.28088
6245.39258 -159.14594
6248.08105 -159.38387
6250.77393 -159.66885
6253.46875 -159.12244
6256.15723 -159.32079
6258.85010 -159.44547
6261.54102 -158.71228
6264.23340 -159.34044
6266.92627 -159.18950
6269.62109 -159.37534
6272.30957 -159.30826
6275.00293 -159.28786
6277.69434 -159.29686
6280.38623 -159.25966
6283.07617 -158.96425
6285.77051 -159.26305
6288.45898 -159.39723
6291.15625 -159.26202
6293.84326 -159.33565
6296.53906 -159.28761
6299.22900 -159.44125
6301.91992 -159.41652
6304.61230 -159.42990
6307.30518 -159.25873
6309.99609 -159.25580
6312.68848 -159.46710
6315.38184 -159.29765
6318.07324 -159.56770
6320.76465 -159.24454
6323.45801 -159.44398
6326.14941 -159.21593
6328.84180 -159.41354
6331.53076 -159.42175
6334.22559 -159.30122
6336.91797 -159.37106
6339.61035 -159.52654
6342.30176 -159.50392
6344.99316 -159.20084
6347.68652 -159.00594
6350.37695 -159.74677
6353.06934 -159.37756
6355.76221 -159.37706
6358.45312 -159.50478
6361.14502 -159.60440
6363.83496 -159.71654
6366.52881 -159.43393
6369.22070 -159.91875
6371.90967 -159.40469
6374.60400 -159.53807
6377.29541 -159.70691
6379.98828 -159.39606
6382.67871 -159.55959
6385.37061 -159.47694
6388.06689 -159.65508
6390.75391 -159.01738
6393.45215 -159.41710
6396.13770 -159.45937
6398.83203 -159.50189
6401.52637 -159.42975
6404.21875 -159.65497
6406.90918 -159.41943
6409.60010 -159.62444
6412.28955 -160.05524
6414.98633 -159.40353
6417.67773 -159.58585
6420.37012 -159.53229
6423.05957 -159.75748
6425.75098 -159.49739
6428.44287 -159.58113
6431.13574 -159.66930
6433.82715 -159.58609
6436.51855 -159.71086
6439.20850 -159.59201
6441.90625 -159.51859
6444.59473 -159.62361
6447.29053 -159.30603
6449.97803 -159.55029
6452.66992 -159.49049
6455.36230 -159.48743
6458.05957 -159.49905
6460.74756 -159.56293
6463.44043 -159.79506
6466.13379 -159.30443
6468.82520 -159.63086
6471.51807 -159.62085
6474.20801 -159.62010
6476.89893 -159.00259
6479.59082 -159.59982
6482.28076 -159.56760
6484.97510 -159.46768
6487.67090 -159.48219
6490.35693 -159.83607
6493.05127 -159.51790
6495.74268 -159.59410
6498.43555 -159.20497
6501.12988 -159.88835
6503.81787 -159.69366
6506.51074 -159.63432
6509.20410 -158.25702
6511.89551 -159.55588
6514.58789 -159.70076
6517.28125 -159.67859
6519.97266 -159.67644
6522.66113 -159.65289
6525.35840 -159.68578
6528.04590 -159.71701
6530.73730 -159.98160
6533.43359 -159.53365
6536.12500 -159.60764
6538.81299 -159.62450
6541.50586 -160.24474
6544.19922 -159.63158
6546.89453 -159.51143
6549.58398 -159.59290
6552.27344 -159.77054
6554.96826 -159.81213
6557.65674 -159.61520
6560.35059 -159.66809
6563.04150 -159.29176
6565.73291 -159.85483
6568.42969 -159.73973
6571.12061 -159.53809
6573.80859 -159.87016
6576.50146 -159.56448
6579.19482 -159.70871
6581.88672 -159.54143
6584.57910 -160.50331
6587.27246 -159.75029
6589.96338 -159.80009
6592.65576 -159.55058
6595.34570 -159.65492
6598.03955 -159.75510
6600.72803 -159.58479
6603.42090 -159.59242
6606.11523 -159.88182
6608.80615 -159.91864
6611.49902 -159.78708
6614.19238 -159.81296
6616.88428 -159.72537
6619.57275 -159.80241
6622.26562 -160.10019
6624.95654 -159.75188
6627.64844 -160.28532
6630.34180 -159.89703
6633.03613 -160.10158
6635.72705 -159.84143
6638.41992 -159.79118
6641.10938 -159.78522
6643.80469 -159.94806
6646.49365 -160.01784
6649.18262 -158.38705
6651.87744 -159.82483
6654.56934 -159.97270
6657.26270 -159.68407
6659.95215 -160.09790
6662.64404 -160.04143
6665.33691 -159.68364
6668.03027 -159.57852
6670.72168 -159.67337
6673.41357 -159.71428
6676.10742 -159.71596
6678.79785 -159.73488
6681.48926 -159.89470
6684.18213 -159.81508
6686.87598 -159.89078
6689.56738 -159.87199
6692.25635 -159.72478
6694.95020 -160.08553
6697.64111 -159.96407
6700.33643 -159.98524
6703.02637 -159.78635
6705.71680 -159.85789
6708.41211 -159.89296
6711.10059 -159.70833
6713.79443 -159.55980
6716.48535 -159.92371
6719.17773 -160.04887
6721.87061 -159.83122
6724.56152 -159.82326
6727.25342 -159.91682
6729.94629 -159.88858
6732.63623 -159.70699
6735.32764 -160.11842
6738.02344 -159.94902
6740.71338 -159.84480
6743.40381 -159.89561
6746.09961 -160.32642
6748.78906 -160.22321
6751.48340 -159.71265
6754.17432 -160.11157
6756.86719 -159.41023
6759.55664 -159.85379
6762.25146 -159.79643
6764.93945 -159.77167
6767.63232 -159.86891
6770.32666 -160.14558
6773.01807 -160.07278
6775.71094 -159.63458
6778.40088 -159.91345
6781.09180 -159.96184
6783.78711 -159.82826
6786.47705 -160.06151
6789.17090 -161.38823
6791.86279 -160.02380
6794.55127 -160.03000
6797.24512 -160.05342
6799.93604 -160.30424
6802.62793 -160.04013
6805.32129 -160.16124
6808.01172 -159.97017
6810.70312 -159.98604
6813.39551 -159.91592
6816.08936 -159.99313
6818.78418 -160.06763
6821.47217 -160.18434
6824.16504 -159.82162
6826.85547 -160.24652
6829.55078 -159.89090
6832.23926 -159.67131
6834.92920 -159.65910
6837.62402 -159.79820
6840.31982 -159.95995
6843.00879 -160.21373
6845.69922 -160.13132
6848.39062 -160.22894
6851.08350 -160.12683
6853.77686 -159.99309
6856.46729 -159.99081
6859.15918 -160.04387
6861.85156 -160.21310
6864.54590 -160.36864
6867.23730 -159.91629
6869.92969 -160.12120
6872.61914 -159.99330
6875.31348 -160.20349
6878.00537 -160.30853
6880.69385 -159.77333
6883.38818 -160.03378
6886.07910 -160.66515
6888.77148 -160.13362
6891.46436 -160.21002
6894.15479 -160.10249
6896.85010 -160.19350
6899.54199 -160.21465
6902.23193 -160.20432
6904.92676 -160.25404
6907.61475 -160.75545
6910.30811 -160.17398
6912.99805 -160.23488
6915.68945 -159.91704
6918.38574 -159.89952
6921.07471 -160.11177
6923.76953 -160.24170
6926.45752 -160.29306
6929.14990 -161.46605
6931.84766 -160.21751
6934.53516 -160.22682
6937.22656 -160.16934
6939.92383 -160.16409
6942.61328 -160.14517
6945.30176 -160.35451
6947.99365 -160.08603
6950.68750 -160.10301
6953.37793 -160.01997
6956.07324 -160.10281
6958.76221 -160.39827
6961.45557 -160.34415
6964.14648 -160.27391
6966.83887 -160.26633
6969.53174 -159.97119
6972.22217 -160.70921
6974.91406 -160.25177
6977.60645 -160.20798
6980.29980 -160.14305
6982.99365 -160.09140
6985.68555 -160.13358
6988.37451 -160.28804
6991.06836 -160.34358
6993.75928 -159.77625
6996.45068 -160.23445
6999.14355 -160.05574
7001.83398 -160.44208
7004.52930 -160.31775
7007.21729 -160.22523
7009.91113 -160.07748
7012.60156 -160.09621
7015.29297 -160.37811
7017.98535 -160.12082
7020.67871 -160.53790
7023.37354 -160.05165
7026.06543 -160.30811
7028.75439 -160.24013
7031.44824 -160.21574
7034.13965 -160.34636
7036.83105 -159.80046
7039.52441 -160.38412
7042.21436 -160.18433
7044.90625 -160.48834
7047.59814 -160.07668
7050.29199 -160.34912
7052.98242 -160.52100
7055.67773 -160.18475
7058.36963 -160.77072
7061.05566 -160.31683
7063.75439 -160.24045
7066.44238 -160.37102
7069.13867 -158.67468
7071.82861 -160.23303
7074.51562 -160.22388
7077.21143 -160.27664
7079.90430 -159.98729
7082.59473 -160.48434
7085.28564 -160.23692
7087.97803 -160.43210
7090.67139 -160.38875
7093.36133 -160.46501
7096.05273 -160.45334
7098.74512 -160.29680
7101.43848 -160.00270
7104.12891 -160.28575
7106.82422 -160.45251
7109.51709 -160.36774
7112.20264 -160.38898
7114.89746 -160.12337
7117.58887 -160.20461
7120.28223 -160.37900
7122.97559 -160.11427
7125.66650 -160.38043
7128.35840 -160.43330
7131.05078 -160.72548
7133.74072 -160.56325
7136.43604 -160.33145
7139.12402 -160.40190
7141.82080 -160.77834
7144.51123 -159.98889
7147.20215 -160.48354
7149.89453 -160.54845
7152.58740 -160.43030
7155.27783 -160.45284
7157.97314 -160.50150
7160.66113 -160.39287
7163.35449 -160.50153
7166.04492 -160.99193
7168.74023 -160.43216
7171.42871 -160.29576
7174.11816 -160.40161
7176.81201 -160.31035
7179.50781 -160.63338
7182.19678 -160.46651
7184.89014 -160.54485
7187.58398 -161.47981
7190.27588 -160.32352
7192.96436 -160.58873
7195.65820 -160.26872
7198.34912 -160.46835
7201.04443 -160.56113
7203.73291 -160.73889
7206.42285 -160.61572
7209.11719 -159.39478
7211.80908 -160.64839
7214.50195 -160.72006
7217.19531 -160.41711
7219.88672 -160.63918
7222.57812 -160.51309
7225.27100 -160.33849
7227.96094 -160.32649
7230.65527 -160.93257
7233.34717 -160.54774
7236.03564 -160.44305
7238.72998 -160.80711
7241.42480 -160.35770
7244.11230 -160.59619
7246.80566 -160.38895
7249.49951 -160.54430
7252.18994 -160.59309
7254.88232 -160.68454
7257.57080 -160.49168
7260.26855 -160.52988
7262.95508 -160.60866
7265.64746 -160.45485
7268.34033 -160.41452
7271.03418 -160.23418
7273.72510 -160.24922
7276.41650 -160.89639
7279.10938 -160.52522
7281.79932 -160.57430
7284.49463 -160.69269
7287.18652 -160.56610
7289.87891 -160.50278
7292.56445 -160.55795
7295.25977 -160.69014
7297.95166 -160.71313
7300.64453 -160.49231
7303.33447 -160.52852
7306.03271 -160.47217
7308.72070 -160.47487
7311.41357 -160.20883
7314.10693 -160.72534
7316.79785 -161.00116
7319.48975 -160.74545
7322.18262 -160.49817
7324.87256 -160.52315
7327.56299 -160.75925
7330.25439 -160.46529
7332.94727 -160.85078
7335.64062 -160.64403
7338.33105 -160.63780
7341.02734 -160.84647
7343.71973 -160.47429
7346.40918 -160.39690
7349.10400 -162.12328
7351.79492 -160.94920
7354.48340 -160.47240
7357.17725 -160.46185
7359.86768 -159.90633
7362.56299 -160.62737
7365.25586 -160.71977
7367.94482 -160.55669
7370.63525 -160.58951
7373.33057 -160.81229
7376.01855 -160.60913
7378.71191 -160.56972
7381.40625 -161.01639
7384.09277 -160.31023
7386.78955 -160.75621
7389.48242 -160.85442
7392.17285 -160.69197
7394.86377 -160.36510
7397.55566 -160.48709
7400.24902 -160.98640
7402.93896 -160.57469
7405.63379 -160.58498
7408.32568 -160.53102
7411.01855 -160.74077
7413.70410 -160.38501
7416.39893 -160.91455
7419.09082 -160.65700
7421.78320 -160.72565
7424.47266 -160.17378
7427.16357 -160.92390
7429.85889 -160.83347
7432.55176 -160.54485
7435.24512 -160.52448
7437.93945 -160.81441
7440.62695 -160.57651
7443.31934 -160.82483
7446.01270 -160.41360
7448.70654 -160.80177
7451.39404 -160.66336
7454.08984 -160.64136
7456.77930 -160.55319
7459.47314 -160.80043
7462.16406 -160.60202
7464.85156 -161.09091
7467.54883 -160.84319
7470.23877 -160.87936
7472.92969 -160.46266
7475.62549 -160.57570
7478.31348 -160.72935
7481.00781 -160.90562
7483.69824 -160.76364
7486.39355 -160.65671
7489.08203 -161.34059
7491.77539 -160.66643
7494.46582 -160.97144
7497.15723 -161.02614
7499.85352 -160.72302
7502.54199 -160.88742
7505.23633 -160.73859
7507.92725 -160.72491
7510.61963 -160.89279
7513.31250 -160.64745
7516.00195 -161.03265
7518.69238 -160.91110
7521.38867 -160.74455
7524.08154 -160.56902
7526.77051 -160.93544
7529.46533 -160.48793
7532.15283 -160.12354
7534.84473 -160.80711
7537.54199 -160.99307
7540.23242 -160.75484
7542.91943 -160.73248
7545.61572 -160.59914
7548.30859 -160.82562
7550.99854 -160.55714
7553.68945 -161.13287
7556.38135 -161.01352
7559.07422 -160.71249
7561.76758 -160.94620
7564.45801 -160.89783
7567.14941 -160.75809
7569.84180 -160.78806
7572.53516 -160.95027
7575.22510 -161.35750
7577.92041 -160.97253
7580.60840 -160.77467
7583.30127 -160.80396
7585.99561 -160.25002
7588.69092 -160.72078
7591.37793 -161.18919
7594.07129 -160.80351
7596.76025 -161.33740
7599.45508 -160.91966
7602.14600 -160.75635
7604.83447 -161.07048
7607.53174 -160.75565
7610.22217 -160.68715
7612.91699 -161.14116
7615.60938 -160.85355
7618.29785 -161.43834
7620.99170 -160.90620
7623.67773 -160.82256
7626.37793 -160.85927
7629.06641 -159.37370
7631.75977 -161.11206
7634.45020 -160.73541
7637.14551 -161.20779
7639.83789 -160.61507
7642.53027 -160.64183
7645.21680 -160.83534
7647.90723 -160.68544
7650.60303 -161.13815
7653.29150 -160.93251
7655.98926 -160.84850
7658.67578 -160.98041
7661.37158 -160.98193
7664.05957 -160.88570
7666.75244 -161.14490
7669.44629 -161.19197
7672.13770 -160.80022
7674.82910 -160.67796
7677.52197 -161.15088
7680.21191 -161.08458
7682.90625 -160.53117
7685.59766 -160.98488
7688.29053 -160.99463
7690.98340 -160.95964
7693.67285 -160.84108
7696.36816 -160.97133
7699.05664 -161.30742
7701.74902 -161.21219
7704.43848 -160.81352
7707.13330 -161.15395
7709.82471 -161.04669
7712.51709 -160.91130
7715.21045 -161.10687
7717.90479 -161.23495
7720.59570 -161.05331
7723.28711 -160.99995
7725.97607 -162.18863
7728.66992 -161.09277
7731.36475 -160.96033
7734.05176 -160.85889
7736.74365 -160.89439
7739.43750 -161.08514
7742.13135 -160.99026
7744.82227 -161.29654
7747.51416 -161.71530
7750.20703 -160.94920
7752.89600 -160.83896
7755.59082 -160.53052
7758.28223 -161.18616
7760.97461 -161.07663
7763.66309 -160.91202
7766.35742 -160.78642
7769.04834 -160.50015
7771.74023 -161.09032
7774.43262 -161.09314
7777.12646 -161.53148
7779.81641 -161.19173
7782.50781 -161.18217
7785.19971 -160.90260
7787.89258 -161.17769
7790.58203 -161.02417
7793.27734 -161.07866
7795.96875 -161.17558
7798.66162 -160.98331
7801.35059 -161.11256
7804.04492 -160.75974
7806.74023 -160.83548
7809.42773 -161.08144
7812.12012 -160.89766
7814.81445 -161.25325
7817.50488 -161.16614
7820.19580 -161.21223
7822.88818 -161.03621
7825.58154 -161.25508
7828.27148 -160.98534
7830.96191 -161.05475
7833.65771 -160.98816
7836.34668 -161.26654
7839.04004 -160.80716
7841.73389 -161.27469
7844.42480 -161.22099
7847.11719 -161.00618
7849.80566 -161.42673
7852.49951 -161.40088
7855.18994 -161.46855
7857.88574 -161.09233
7860.57373 -161.44466
7863.26660 -161.13567
7865.96143 -160.61749
7868.65186 -161.37022
7871.34326 -161.16431
7874.03613 -161.03955
7876.72949 -161.17342
7879.41943 -161.06960
7882.11035 -161.33784
7884.80664 -161.60184
7887.49512 -160.99324
7890.18945 -161.13600
7892.87988 -161.34714
7895.57080 -161.42250
7898.26709 -161.26627
7900.95605 -161.35765
7903.64551 -161.10208
7906.34033 -161.36658
7909.03223 -162.57008
7911.72461 -161.16414
7914.41797 -161.41846
7917.10742 -161.40450
7919.79883 -160.44040
7922.49023 -160.87498
7925.18750 -161.13145
7927.87646 -161.10591
7930.56689 -161.45775
7933.26221 -161.31584
7935.94971 -161.17401
7938.64258 -161.18832
7941.33691 -161.65227
7944.02734 -161.08215
7946.72266 -161.42537
7949.41455 -161.31593
7952.10352 -161.08713
7954.79736 -161.12808
7957.48779 -161.24072
7960.18359 -161.06049
7962.87158 -161.20726
7965.56543 -160.98369
7968.25488 -161.10799
7970.94971 -161.42148
7973.64160 -161.22235
7976.32910 -161.26357
7979.02295 -161.22527
7981.71777 -161.23897
7984.40869 -160.84561
7987.10010 -161.16328
7989.79248 -161.34442
7992.48633 -161.16678
7995.17627 -161.02075
7997.86719 -161.34961
8000.55957 -161.19467
8003.24756 -161.42174
8005.94629 -161.40794
8008.63672 -161.21281
8011.32764 -161.36327
8014.01904 -161.32730
8016.71289 -161.01773
8019.40625 -161.22096
8022.09668 -161.35417
8024.78809 -161.22609
8027.47998 -160.37596
8030.16895 -161.32158
8032.86230 -161.63643
8035.55273 -161.27423
8038.24902 -161.35866
8040.93701 -161.47958
8043.62988 -161.21989
8046.32373 -161.22696
8049.01465 -161.50038
8051.70605 -161.30267
8054.39893 -161.36436
8057.09180 -161.55861
8059.78125 -161.06610
8062.47656 -161.20345
8065.16357 -161.27470
8067.86084 -161.45053
8070.54932 -161.10608
8073.23926 -161.36496
8075.93018 -161.02049
8078.62598 -161.19948
8081.31836 -161.27304
8084.01172 -161.34805
8086.70166 -161.44215
8089.39258 -161.30112
8092.08447 -161.52602
8094.78076 -161.39264
8097.46582 -161.48907
8100.16016 -161.49768
8102.85107 -161.56291
8105.54688 -161.53734
8108.23486 -161.09175
8110.92822 -161.65594
8113.62256 -161.32552
8116.31348 -161.49207
8119.00488 -161.39696
8121.69824 -161.60773
8124.39160 -161.56609
8127.08105 -161.40671
8129.77148 -161.41946
8132.46826 -161.67238
8135.15625 -161.28409
8137.84961 -161.37729
8140.54395 -161.74045
8143.23486 -161.48483
8145.92676 -161.30823
8148.61426 -161.28394
8151.31250 -161.55777
8154.00195 -161.36497
8156.69336 -161.21548
8159.38916 -161.43832
8162.08203 -161.37268
8164.77051 -161.38081
8167.46533 -161.30519
8170.15576 -161.89368
8172.84277 -161.31987
8175.53955 -161.84615
8178.23291 -161.11990
8180.92285 -161.39836
8183.61816 -161.66119
8186.30469 -161.42511
8188.99707 -159.87473
8191.68652 -161.43916
8194.38086 -161.27731
8197.07520 -161.51884
8199.76660 -161.55193
8202.45508 -161.64148
8205.14746 -161.47601
8207.84180 -161.34831
8210.53320 -161.36479
8213.22363 -161.60826
8215.91992 -161.42032
8218.60938 -161.41090
8221.30273 -161.53217
8223.99316 -161.20015
8226.68555 -161.43564
8229.37695 -161.47449
8232.06543 -161.70557
8234.76367 -161.66667
8237.45410 -161.87131
8240.14551 -161.34511
8242.83789 -160.45595
8245.52637 -161.40163
8248.21973 -161.70036
8250.91406 -161.43958
8253.60059 -161.97026
8256.30176 -161.61292
8258.99023 -161.72910
8261.68359 -161.44261
8264.37402 -162.01381
8267.06934 -161.34763
8269.76074 -161.56267
8272.44922 -161.29912
8275.13770 -161.09818
8277.83203 -161.44611
8280.52246 -161.42091
8283.21875 -161.75244
8285.91113 -160.65186
8288.59961 -161.47612
8291.29492 -161.64246
8293.98926 -161.27122
8296.67578 -161.01323
8299.37305 -161.19452
8302.06152 -161.53853
8304.75098 -161.57784
8307.44141 -161.39796
8310.13770 -161.58946
8312.82910 -161.84192
8315.52246 -161.57869
8318.21191 -161.38188
8320.90137 -161.55061
8323.59668 -161.58722
8326.28906 -161.74829
8328.98242 -160.57700
8331.67090 -161.55371
8334.36523 -161.54004
8337.05566 -161.50121
8339.74707 -161.57198
8342.44043 -161.43982
8345.13379 -161.32315
8347.82324 -161.56908
8350.51367 -161.18945
8353.20508 -161.64966
8355.90234 -161.07484
8358.59082 -161.47437
8361.28418 -161.72868
8363.97949 -161.62877
8366.67090 -161.37689
8369.35742 -161.58153
8372.05078 -161.14008
8374.74414 -161.74442
8377.43945 -161.74684
8380.12988 -161.96228
8382.81641 -161.13550
8385.51465 -162.01677
8388.20312 -161.42714
8390.89746 -161.58907
8393.58789 -162.57216
8396.27930 -161.85954
8398.97168 -161.79100
8401.66504 -161.85997
8404.35449 -162.02556
8407.04883 -162.01167
8409.74023 -161.49782
8412.43262 -161.90297
8415.12109 -161.23367
8417.81445 -161.97452
8420.50879 -161.83664
8423.20020 -161.73732
8425.89160 -161.49921
8428.58398 -162.03767
8431.27734 -161.64828
8433.96680 -161.89131
8436.65820 -161.22873
8439.35352 -161.46091
8442.04102 -161.46866
8444.73438 -161.51404
8447.42383 -161.48094
8450.12305 -161.62108
8452.81348 -161.67587
8455.50098 -161.38921
8458.19434 -160.86491
8460.88770 -161.53824
8463.57715 -161.83200
8466.27246 -161.66261
8468.96387 -163.77898
8471.65625 -161.70958
8474.34961 -161.66551
8477.03906 -161.72725
8479.73438 -162.31148
8482.42090 -161.65167
8485.11719 -162.05148
8487.80469 -161.71989
8490.49902 -161.77245
8493.19336 -161.55284
8495.88477 -161.79573
8498.57617 -161.82106
8501.26855 -161.58507
8503.95703 -161.46262
8506.65137 -161.78676
8509.34180 -161.80779
8512.03711 -161.56068
8514.72949 -161.65184
8517.41797 -162.02115
8520.11133 -161.82889
8522.80176 -162.49307
8525.49219 -161.80217
8528.18359 -161.82974
8530.87598 -161.68576
8533.56934 -162.26523
8536.26367 -161.64931
8538.95410 -161.87151
8541.64941 -161.68657
8544.34180 -162.20407
8547.03027 -161.56271
8549.72363 -161.66592
8552.41309 -161.90758
8555.10840 -161.49535
8557.79590 -161.42371
8560.48828 -162.13347
8563.18555 -161.83444
8565.87500 -161.63966
8568.57031 -161.74792
8571.25684 -161.89624
8573.94922 -161.63353
8576.64160 -161.39307
8579.33496 -161.71292
8582.02539 -161.79031
8584.72070 -161.85188
8587.41113 -161.75549
8590.09961 -161.97639
8592.79688 -162.07690
8595.48633 -162.03484
8598.18164 -161.97598
8600.86719 -161.61816
8603.56348 -162.07278
8606.25195 -161.93642
8608.94531 -161.48947
8611.63965 -161.65691
8614.33008 -161.99799
8617.02148 -162.18616
8619.71387 -161.71655
8622.40625 -161.89740
8625.09570 -161.61305
8627.79004 -161.99031
8630.48047 -161.86473
8633.17676 -161.60083
8635.87012 -161.94266
8638.55371 -161.81520
8641.25195 -161.88393
8643.94238 -161.96457
8646.63281 -161.94431
8649.32520 -162.01813
8652.01758 -162.62674
8654.71094 -162.16846
8657.40137 -162.07054
8660.09668 -161.96576
8662.78711 -161.81238
8665.47461 -161.90790
8668.16797 -161.68817
8670.86133 -161.87311
8673.55176 -162.63376
8676.24707 -162.08208
8678.93848 -161.88638
8681.63086 -162.03412
8684.32422 -162.53023
8687.01367 -161.88226
8689.70410 -162.11906
8692.39453 -162.03781
8695.09180 -161.94749
8697.78418 -161.78371
8700.47266 -161.97690
8703.16699 -161.70679
8705.85742 -161.84161
8708.54883 -162.02774
8711.24023 -162.13489
8713.93359 -161.96356
8716.62207 -162.15855
8719.31738 -161.97314
8722.00781 -161.73375
8724.70312 -162.15622
8727.39062 -161.48779
8730.08398 -162.01204
8732.77734 -161.98871
8735.46777 -162.13687
8738.15820 -161.71178
8740.85547 -161.95590
8743.54297 -162.23734
8746.24023 -161.63792
8748.92969 -160.23030
8751.62012 -161.80292
8754.31055 -162.23199
8757.00293 -162.02386
8759.69922 -162.45419
8762.38867 -161.93533
8765.08203 -161.74583
8767.77246 -161.99449
8770.46387 -162.16335
8773.15527 -162.19922
8775.84863 -162.16177
8778.54199 -161.81415
8781.23145 -162.20876
8783.92188 -161.49905
8786.61816 -161.97548
8789.30957 -162.12558
8791.99805 -161.98434
8794.69141 -161.84679
8797.38184 -161.78273
8800.07715 -162.04767
8802.76758 -161.54225
8805.45508 -161.91588
8808.14844 -162.21432
8810.84180 -162.05643
8813.53613 -162.11546
8816.22754 -162.34039
8818.91797 -162.19525
8821.61035 -162.01828
8824.30371 -162.48543
8826.99805 -161.75015
8829.69238 -161.96834
8832.37891 -162.32889
8835.06934 -161.85403
8837.76660 -162.03445
8840.45996 -161.89629
8843.14941 -162.16193
8845.83887 -162.47714
8848.53418 -162.10974
8851.22168 -162.15993
8853.91797 -162.18962
8856.60742 -162.21053
8859.30078 -162.40744
8861.99121 -161.96814
8864.68164 -162.03592
8867.37793 -162.36981
8870.07031 -162.19220
8872.76367 -161.83957
8875.45312 -162.31625
8878.14258 -162.16432
8880.83887 -162.06776
8883.52539 -162.15231
8886.22266 -161.97722
8888.91113 -161.58145
8891.60547 -162.17583
8894.29980 -161.95592
8896.98633 -162.37865
8899.68262 -162.11938
8902.37012 -161.93225
8905.06348 -162.25604
8907.75781 -162.30328
8910.44727 -161.95590
8913.13867 -162.12842
8915.83008 -162.19383
8918.52734 -161.83144
8921.21484 -162.31099
8923.90430 -162.19144
8926.59961 -162.19777
8929.29004 -162.18900
8931.98145 -162.49391
8934.67383 -161.97566
8937.36719 -162.33409
8940.06152 -162.04778
8942.75195 -161.81680
8945.44238 -162.23535
8948.13867 -162.19421
8950.82617 -162.31361
8953.52441 -164.01370
8956.20898 -161.96100
8958.90332 -162.04979
8961.59375 -162.37933
8964.29004 -162.51399
8966.97754 -162.13322
8969.67090 -162.35304
8972.36426 -162.13367
8975.05469 -162.25815
8977.74512 -162.40681
8980.44141 -162.29784
8983.13379 -161.91476
8985.82227 -162.22031
8988.51074 -162.06912
8991.20508 -162.17628
8993.90039 -162.77629
8996.59277 -161.34854
8999.28418 -162.45648
9001.97754 -162.05583
9004.67090 -162.20340
9007.35547 -161.78151
9010.05078 -162.21463
9012.74707 -162.37440
9015.43359 -161.92622
9018.12695 -162.09186
9020.81543 -162.05145
9023.50977 -162.40782
9026.20020 -161.99443
9028.89648 -164.28304
9031.58789 -162.01552
9034.27637 -161.97816
9036.96973 -162.17960
9039.66406 -162.70558
9042.35938 -162.31717
9045.04492 -162.15352
9047.74219 -162.44644
9050.42871 -162.15884
9053.12305 -162.09058
9055.81152 -162.37524
9058.50684 -162.27829
9061.19727 -162.76974
9063.88867 -162.19926
9066.58105 -162.24731
9069.27930 -162.12270
9071.96875 -162.52979
9074.65820 -162.17882
9077.34863 -162.51973
9080.04004 -162.46544
9082.73242 -162.43933
9085.42480 -162.26100
9088.11914 -161.98183
9090.81348 -162.08173
9093.50391 -162.81682
9096.19043 -162.13043
9098.88672 -162.18861
9101.57422 -162.29591
9104.27344 -162.96576
9106.95703 -161.97098
9109.65234 -162.24753
9112.34375 -162.34251
9115.03516 -162.19972
9117.72754 -162.53047
9120.42090 -162.02991
9123.11523 -162.21898
9125.80469 -161.63690
9128.50098 -161.96925
9131.19238 -162.25186
9133.87988 -162.37675
9136.57812 -162.17853
9139.26660 -162.24835
9141.96094 -162.30496
9144.64648 -162.57436
9147.34277 -162.73106
9150.03516 -162.26225
9152.72266 -162.07910
9155.41602 -162.72592
9158.11133 -162.05934
9160.80078 -162.16826
9163.49219 -162.37579
9166.18359 -162.14970
9168.87598 -162.11623
9171.57422 -161.86003
9174.26367 -162.26781
9176.95410 -162.06245
9179.64941 -162.48714
9182.34082 -162.07225
9185.02832 -162.13487
9187.72070 -162.73166
9190.41504 -162.63753
9193.10449 -162.17891
9195.79492 -162.58333
9198.48535 -162.23724
9201.18262 -162.68481
9203.87012 -162.46988
9206.56934 -162.41183
9209.25879 -162.65170
9211.95312 -162.80171
9214.64453 -162.43335
9217.33594 -162.40886
9220.02344 -162.20192
9222.71582 -162.28523
9225.41016 -162.39809
9228.10449 -162.46707
9230.79004 -162.24692
9233.48633 -162.79160
9236.17871 -162.14032
9238.86621 -162.08986
9241.56055 -162.29836
9244.25391 -162.55806
9246.94922 -162.28767
9249.63477 -162.26776
9252.32617 -162.60152
9255.01953 -162.65398
9257.71289 -162.18727
9260.40625 -162.40431
9263.09668 -162.54120
9265.79199 -162.34787
9268.47754 -162.35901
9271.17480 -162.57115
9273.86328 -162.90799
9276.56152 -162.30194
9279.25098 -162.67130
9281.93555 -162.42499
9284.63184 -162.49773
9287.32324 -161.94379
9290.01562 -162.31946
9292.70898 -162.48012
9295.39844 -162.36491
9298.09277 -163.25194
9300.78320 -162.33690
9303.47949 -162.59639
9306.17188 -162.15001
9308.86426 -160.87804
9311.55273 -162.47929
9314.24219 -162.30460
9316.93750 -162.70352
9319.62793 -161.87408
9322.31934 -162.44072
9325.01758 -162.68448
9327.70508 -162.67137
9330.39844 -162.77901
9333.08789 -162.70413
9335.78320 -162.29944
9338.46973 -162.71860
9341.16699 -161.76001
9343.85449 -162.69931
9346.54785 -162.52583
9349.24219 -162.68976
9351.93164 -161.91447
9354.62207 -162.70833
9357.31836 -162.41130
9360.00586 -162.64188
9362.69922 -162.08784
9365.39258 -162.41037
9368.08691 -162.30243
9370.77734 -162.50652
9373.46777 -162.34926
9376.16016 -162.23074
9378.85156 -162.56734
9381.54492 -162.50385
9384.23926 -162.37915
9386.92871 -162.44908
9389.61914 -162.60902
9392.31055 -162.37045
9395.00195 -162.76367
9397.69434 -162.70699
9400.38867 -162.21635
9403.07715 -162.52527
9405.77246 -162.55293
9408.46289 -162.48592
9411.15430 -162.31401
9413.84668 -162.70383
9416.53906 -162.56439
9419.23340 -162.57104
9421.92773 -162.62624
9424.61816 -162.53004
9427.30859 -162.81049
9430.00000 -162.39789
9432.69238 -162.44739
9435.38574 -162.63203
9438.07910 -162.86699
9440.76953 -162.29848
9443.45898 -162.56607
9446.15039 -162.54291
9448.84180 -162.10675
9451.53418 -162.50406
9454.22754 -162.47499
9456.92188 -162.65965
9459.61133 -162.41988
9462.30273 -162.91341
9464.99805 -162.25810
9467.68457 -162.16982
9470.38281 -161.70142
9473.07715 -162.49174
9475.76074 -162.61484
9478.45508 -162.48137
9481.14648 -162.60071
9483.83691 -162.67886
9486.52930 -162.58937
9489.22266 -162.49777
9491.91113 -162.63062
9494.61035 -162.54327
9497.29492 -162.34459
9499.99609 -163.17215
9502.68262 -162.01379
9505.37500 -162.71172
9508.06738 -162.47537
9510.75586 -162.32811
9513.45117 -162.26109
9516.14062 -162.77690
9518.83691 -162.71288
9521.52832 -162.69221
9524.21582 -162.65305
9526.90820 -162.34802
9529.60254 -162.82085
9532.29688 -162.77013
9534.98730 -162.95802
9537.68359 -162.43201
9540.37500 -162.89252
9543.06250 -162.64160
9545.75586 -163.09331
9548.44922 -162.39896
9551.13379 -162.31459
9553.82910 -162.89388
9556.52051 -161.99258
9559.21777 -162.79694
9561.90430 -162.50450
9564.60352 -162.66718
9567.29199 -162.70782
9569.98145 -162.43088
9572.67676 -162.92720
9575.36816 -162.52646
9578.05957 -162.57910
9580.74707 -162.55067
9583.44043 -162.46771
9586.13477 -162.79120
9588.82422 -164.25549
9591.51953 -162.91637
9594.20508 -162.48863
9596.90234 -162.75743
9599.59473 -162.15994
9602.28809 -162.47096
9604.97754 -162.87900
9607.67188 -162.56918
9610.36230 -162.84787
9613.05371 -162.64186
9615.74512 -162.54759
9618.43848 -162.79179
9621.13086 -162.19199
9623.82031 -162.72401
9626.51465 -162.47295
9629.20508 -162.84518
9631.89648 -162.19843
9634.58789 -162.59302
9637.28125 -162.70990
9639.97363 -162.57741
9642.66309 -162.90071
9645.36230 -162.71115
9648.05273 -162.21570
9650.74414 -162.54959
9653.43555 -162.59285
9656.12891 -162.54506
9658.81641 -162.71745
9661.51074 -162.38179
9664.20508 -162.01752
9666.89551 -162.56256
9669.58691 -162.84659
9672.27832 -162.61394
9674.96484 -162.66083
9677.66406 -162.79919
9680.35254 -162.63109
9683.04785 -162.61424
9685.73730 -161.98694
9688.42871 -162.59285
9691.12012 -163.03575
9693.81738 -162.79996
9696.50586 -162.19913
9699.19434 -162.77782
9701.88867 -162.94250
9704.57910 -162.86981
9707.27539 -162.00854
9709.96191 -162.78972
9712.65820 -162.49959
9715.34668 -162.69362
9718.04102 -163.39635
9720.73438 -162.71049
9723.42578 -162.70177
9726.11523 -162.44786
9728.80762 -162.87868
9731.50000 -162.69781
9734.18750 -162.51277
9736.88574 -162.74783
9739.57520 -162.79193
9742.27051 -162.79237
9744.96094 -162.76089
9747.65234 -162.50783
9750.34375 -162.48550
9753.03711 -162.53363
9755.72461 -163.13403
9758.42480 -162.85379
9761.11426 -162.57993
9763.80469 -162.95038
9766.50195 -162.39336
9769.18750 -162.93494
9771.88086 -163.41525
9774.57422 -162.61102
9777.26270 -162.80962
9779.95703 -163.06772
9782.64746 -162.58385
9785.33887 -162.93416
9788.03613 -162.60394
9790.72266 -162.77438
9793.41602 -162.63438
9796.10449 -162.81476
9798.79980 -162.72818
9801.49512 -162.80959
9804.18555 -162.63797
9806.87695 -162.98009
9809.56934 -162.81323
9812.25684 -163.07735
9814.95020 -162.32423
9817.64551 -162.98695
9820.34082 -162.78586
9823.03125 -162.73895
9825.71680 -162.95638
9828.41406 -162.80923
9831.10156 -162.85144
9833.79492 -162.80959
9836.48926 -162.80006
9839.17871 -162.72267
9841.87402 -162.75969
9844.56543 -162.71701
9847.25781 -163.06821
9849.95020 -162.95946
9852.64355 -162.85210
9855.33203 -162.82520
9858.02637 -162.34160
9860.71680 -162.95097
9863.40723 -162.78986
9866.09961 -163.37437
9868.79102 -161.50072
9871.48438 -162.95532
9874.17773 -162.76100
9876.86719 -162.78082
9879.55664 -163.74472
9882.24707 -163.05388
9884.94922 -163.16742
9887.64160 -162.95242
9890.32812 -162.95607
9893.02148 -163.03195
9895.71680 -162.86285
9898.40625 -162.87257
9901.09570 -162.62688
9903.79199 -163.11826
9906.47363 -162.65640
9909.17090 -163.10983
9911.86426 -162.73154
9914.55273 -162.77298
9917.24707 -162.55780
9919.94238 -163.02206
9922.63281 -162.49904
9925.32422 -162.59189
9928.01660 -163.11131
9930.70898 -162.59225
9933.39746 -162.90073
9936.09180 -162.50514
9938.78711 -162.53421
9941.47656 -163.09026
9944.16797 -163.14537
9946.85938 -162.83102
9949.55176 -162.83855
9952.24512 -162.72455
9954.93359 -162.48584
9957.62793 -162.91040
9960.31836 -163.03346
9963.01367 -163.16096
9965.70508 -162.14258
9968.39746 -162.72411
9971.08496 -162.71115
9973.77832 -163.00436
9976.47266 -162.88200
9979.16211 -163.07179
9981.85742 -162.81947
9984.54883 -163.21613
9987.24023 -162.78551
9989.93262 -162.73283
9992.62598 -163.08841
9995.31445 -162.92496
9998.00391 -163.27420
10000.69922 -162.86732
10003.38965 -162.87262
10006.08594 -162.62276
10008.77832 -163.90292
10011.47070 -162.80569
10014.15918 -162.88347
10016.85352 -162.66653
10019.54199 -163.01079
10022.23242 -162.99397
10024.92383 -162.86508
10027.62012 -163.01352
10030.31250 -162.92902
10033.00000 -162.78932
10035.69434 -163.20024
10038.38281 -163.15666
10041.07812 -162.10854
10043.77344 -163.32178
10046.46484 -163.09724
10049.15723 -162.96397
10051.84375 -162.92763
10054.53711 -162.52588
10057.23145 -162.96744
10059.92090 -162.97200
10062.61621 -162.80138
10065.30664 -163.12143
10067.99805 -162.95596
10070.68945 -162.99004
10073.38770 -162.90024
10076.07617 -162.81825
10078.76465 -162.89815
10081.45410 -162.87346
10084.14941 -162.62161
10086.84082 -163.11412
10089.53809 -163.02786
10092.22461 -162.94766
10094.91797 -163.75761
10097.61133 -163.29477
10100.30566 -162.95557
10102.99023 -163.13663
10105.68555 -162.53139
10108.37695 -162.94753
10111.06836 -163.10498
10113.76074 -163.17032
10116.45410 -162.96652
10119.14844 -162.86850
10121.83691 -162.91267
10124.53223 -162.90851
10127.22266 -163.01146
10129.91406 -163.13603
10132.60645 -163.20546
10135.29883 -162.92947
10137.98633 -163.01160
10140.68066 -163.28458
10143.37598 -162.96637
10146.06543 -162.93831
10148.75586 -164.48880
10151.44727 -162.98534
10154.13965 -163.02443
10156.83203 -163.01854
10159.52539 -163.06586
10162.22070 -162.99336
10164.91504 -163.57091
10167.60547 -163.00768
10170.29590 -163.34201
10172.98242 -163.05971
10175.67969 -163.16885
10178.37305 -163.07301
10181.06055 -163.06773
10183.75488 -163.08150
10186.44434 -162.81485
10189.13965 -163.33998
10191.82520 -162.63123
10194.52246 -162.91455
10197.21484 -162.85106
10199.90234 -163.02069
10202.60156 -163.80873
10205.29102 -162.85358
10207.98047 -163.27504
10210.66992 -162.90910
10213.36719 -163.31363
10216.05273 -163.44247
10218.75098 -162.81265
10221.43848 -162.95403
10224.13867 -163.12387
10226.82715 -163.24083
10229.51660 -163.10925
10232.20703 -162.99028
10234.89844 -162.62624
10237.59570 -163.04874
10240.28809 -163.20230
10242.97461 -163.59735
10245.66895 -162.69435
10248.35840 -162.95680
10251.05371 -163.32217
10253.74902 -163.16139
10256.43457 -163.05241
10259.13184 -162.94376
10261.81836 -163.05779
10264.51172 -163.16702
10267.20605 -163.73495
10269.90137 -163.10103
10272.58984 -163.26396
10275.28516 -163.11115
10277.97754 -163.20653
10280.66309 -163.09560
10283.35547 -163.27646
10286.04395 -162.92162
10288.73828 -163.03207
10291.43164 -163.05095
10294.12109 -163.29251
10296.81152 -163.18427
10299.50781 -162.68945
10302.20605 -163.29988
10304.89844 -162.96645
10307.58008 -162.91251
10310.27441 -163.50679
10312.96875 -163.23004
10315.65820 -163.34526
10318.34863 -163.18817
10321.04492 -162.58925
10323.73145 -163.43326
10326.42969 -162.93068
10329.11719 -163.81726
10331.81055 -163.61859
10334.50586 -163.13438
10337.20117 -163.21422
10339.89160 -162.91582
10342.57617 -164.77412
10345.27344 -163.28667
10347.95996 -163.15041
10350.65332 -163.14833
10353.34766 -162.47910
10356.04102 -163.23177
10358.73047 -163.77858
10361.42676 -163.46071
10364.11719 -162.18466
10366.80273 -163.25085
10369.50195 -163.23248
10372.19531 -163.16878
10374.88281 -163.78822
10377.57715 -163.08768
10380.26562 -163.25841
10382.96094 -163.47298
10385.65332 -163.24120
10388.34375 -163.39154
10391.03613 -163.32567
10393.72266 -163.28682
10396.42188 -163.42392
10399.11133 -163.40883
10401.80664 -163.56308
10404.49609 -162.84660
10407.18652 -162.97340
10409.88379 -163.00407
10412.57617 -163.26111
10415.26270 -163.79765
10417.95703 -162.92958
10420.65039 -163.23814
10423.33984 -163.27568
10426.02930 -163.55092
10428.71973 -161.52594
10431.41602 -163.25485
10434.10938 -163.31641
10436.80078 -163.44412
10439.49414 -163.57109
10442.18262 -163.02773
10444.87695 -163.31561
10447.56738 -163.05786
10450.26270 -163.53458
10452.95410 -163.65427
10455.64551 -162.94632
10458.33789 -163.20314
10461.02539 -163.89270
10463.71875 -162.99344
10466.40723 -163.24155
10469.10254 -163.59784
10471.79785 -162.84081
10474.49023 -163.35280
10477.17969 -163.16930
10479.87305 -163.04999
10482.56641 -162.68866
10485.25391 -162.96826
10487.94824 -163.65332
10490.63672 -163.33734
10493.32617 -163.28055
10496.02344 -163.35257
10498.71484 -163.14883
10501.40625 -163.33713
10504.09961 -163.28333
10506.79199 -163.49036
10509.48047 -163.43411
10512.17578 -162.76056
10514.86426 -163.15277
10517.56055 -163.24651
10520.25195 -163.39926
10522.93848 -163.67532
10525.63574 -162.79797
10528.32910 -163.14207
10531.01660 -163.27144
10533.71094 -163.41656
10536.40039 -163.67604
10539.09668 -163.42317
10541.78711 -163.32567
10544.47852 -163.66232
10547.16992 -163.46429
10549.85742 -163.21449
10552.55078 -163.02757
10555.24512 -163.32214
10557.94043 -162.91245
10560.62988 -163.59357
10563.32031 -163.46219
10566.01660 -163.19257
10568.70898 -164.03436
10571.39551 -163.41768
10574.08984 -163.64368
10576.77734 -163.30875
10579.47168 -163.40761
10582.16699 -163.77116
10584.85742 -163.32428
10587.55371 -162.94916
10590.24414 -163.13339
10592.93066 -163.32968
10595.62988 -163.39662
10598.31836 -163.54112
10601.00586 -163.75565
10603.70117 -163.50385
10606.39648 -163.48703
10609.08691 -163.27513
10611.77734 -163.56889
10614.46875 -163.82513
10617.16211 -163.37563
10619.85449 -163.11465
10622.54883 -163.57349
10625.23828 -163.44208
10627.93359 -163.39615
10630.62305 -163.23328
10633.31445 -162.77319
10636.01074 -163.45512
10638.69727 -164.18727
10641.39062 -163.78758
10644.08301 -163.44830
10646.77734 -163.53249
10649.46680 -163.15768
10652.16211 -163.19328
10654.85254 -163.48273
10657.54297 -163.30663
10660.22949 -163.65474
10662.92090 -163.46869
10665.62012 -162.88559
10668.31445 -163.64798
10671.00195 -163.75586
10673.69727 -163.84926
10676.38770 -163.30920
10679.07812 -163.55450
10681.76953 -163.53769
10684.46191 -163.37677
10687.14844 -162.89731
10689.84766 -163.47650
10692.53516 -163.46558
10695.23047 -163.08023
10697.92578 -163.29948
10700.61523 -163.19403
10703.30664 -163.41281
10705.99805 -163.77554
10708.69043 -165.08275
10711.37695 -163.39818
10714.07129 -163.26312
10716.76562 -163.46480
10719.45898 -163.65929
10722.14941 -163.46596
10724.83984 -163.59488
10727.53027 -163.33470
10730.22852 -163.48701
10732.92090 -163.44760
10735.60742 -163.45396
10738.30176 -163.23500
10740.99609 -163.18982
10743.68555 -163.32762
10746.38086 -163.61205
10749.06641 -163.62274
10751.75684 -163.18022
10754.44824 -163.91692
10757.14062 -163.30717
10759.83984 -163.12729
10762.52832 -162.92049
10765.21680 -163.67432
10767.91211 -163.17055
10770.60156 -163.50142
10773.29883 -163.48369
10775.99023 -162.94016
10778.68164 -163.47235
10781.37500 -163.20702
10784.06250 -163.62866
10786.75684 -163.44717
10789.45117 -163.36324
10792.14062 -163.53181
10794.83008 -162.73563
10797.52734 -163.46997
10800.21289 -163.42966
10802.90527 -163.61642
10805.59766 -162.85464
10808.29102 -163.39320
10810.98535 -163.51955
10813.67383 -163.60654
10816.36914 -162.84404
10819.06055 -163.60359
10821.75195 -163.67087
10824.44238 -163.73154
10827.13477 -163.90938
10829.82812 -163.51045
10832.52148 -163.35260
10835.20996 -163.32874
10837.90430 -162.74120
10840.60059 -163.37579
10843.28516 -163.15121
10845.98145 -163.56013
10848.67285 -162.82176
10851.36621 -163.37419
10854.05859 -163.62125
10856.74609 -163.85298
10859.44141 -164.32976
10862.13477 -163.46010
10864.82520 -163.02135
10867.51562 -163.22603
10870.20605 -163.98415
10872.90430 -163.06870
10875.59668 -163.42599
10878.29004 -163.51727
10880.97656 -163.72971
10883.66602 -163.48610
10886.35547 -163.59964
10889.05078 -163.62025
10891.74707 -163.81821
10894.43164 -163.35112
10897.12891 -163.55563
10899.81543 -163.58627
10902.50879 -163.28326
10905.20312 -163.42346
10907.89648 -163.44205
10910.58594 -163.51744
10913.28125 -164.24632
10915.97168 -163.60901
10918.66309 -163.65414
10921.35547 -163.66951
10924.05273 -163.63289
10926.73926 -163.48257
10929.42773 -163.46095
10932.12793 -163.74576
10934.81641 -163.56238
10937.50586 -163.75502
10940.19629 -163.46422
10942.89453 -163.66080
10945.58594 -163.10538
10948.27734 -163.86446
10950.96484 -163.59006
10953.66406 -163.68259
10956.35254 -164.81253
10959.04199 -163.30731
10961.73047 -163.74747
10964.42773 -163.60873
10967.11914 -163.64258
10969.81055 -163.32283
10972.50195 -163.57697
10975.19531 -163.40715
10977.88281 -163.76190
10980.57715 -163.43083
10983.26660 -163.57271
10985.96191 -163.71271
10988.65234 -162.35516
10991.34277 -163.61717
10994.03418 -163.57031
10996.73242 -163.71786
10999.41895 -163.46745
11002.11328 -163.45097
11004.81348 -163.66463
11007.50098 -163.70027
11010.18457 -163.99785
11012.88086 -163.40240
11015.57715 -163.48010
11018.26953 -163.82304
11020.95605 -162.90028
11023.65332 -163.25862
11026.34180 -163.64133
11029.04199 -163.78564
11031.72363 -163.66089
11034.41895 -163.69508
11037.11523 -163.69044
11039.79980 -163.40558
11042.49121 -164.09886
11045.18359 -163.43190
11047.88184 -163.64830
11050.57520 -163.83513
11053.26270 -164.02200
11055.95703 -163.46323
11058.64648 -163.59647
11061.33594 -163.87007
11064.03223 -164.04218
11066.72363 -163.76196
11069.41504 -163.88608
11072.10840 -163.76256
11074.80078 -164.20299
11077.48828 -163.53133
11080.18359 -163.97455
11082.87695 -163.16858
11085.56738 -163.61800
11088.25684 -163.68338
11090.95508 -163.60616
11093.64648 -163.50621
11096.33789 -163.83841
11099.02441 -163.87889
11101.71875 -164.01183
11104.41309 -163.46794
11107.10742 -163.84013
11109.79590 -163.56897
11112.48633 -163.32413
11115.17676 -163.90663
11117.86914 -163.30850
11120.55469 -163.55209
11123.25293 -163.73137
11125.95215 -163.94261
11128.64062 -165.61406
11131.32910 -164.21667
11134.02344 -163.93631
11136.71387 -163.59624
11139.40430 -162.90535
11142.10059 -163.63589
11144.78613 -163.86995
11147.47949 -163.50613
11150.17188 -163.69438
11152.86621 -163.62703
11155.56055 -163.71806
11158.25000 -163.54900
11160.94531 -163.40372
11163.63477 -163.46422
11166.32617 -163.63847
11169.01758 -163.43993
11171.70898 -163.32585
11174.40234 -163.81206
11177.08887 -163.58968
11179.78320 -163.72964
11182.47852 -163.67746
11185.16699 -163.68874
11187.86230 -163.49646
11190.55273 -163.59473
11193.24414 -164.09546
11195.93652 -164.30383
11198.62891 -163.61203
11201.32227 -163.59552
11204.01562 -163.95505
11206.70410 -163.44783
11209.39844 -163.23221
11212.08887 -163.73531
11214.78418 -163.53510
11217.46973 -163.87019
11220.16699 -163.78647
11222.85254 -163.99786
11225.55176 -163.47231
11228.23828 -163.81409
11230.93262 -163.71913
11233.62793 -163.78992
11236.31738 -163.71895
11239.01270 -163.72321
11241.70312 -163.72807
11244.39453 -163.80287
11247.08594 -163.35922
11249.77734 -163.61612
11252.47070 -163.88773
11255.15820 -163.71100
11257.85254 -163.91974
11260.54199 -163.70474
11263.23145 -163.88818
11265.92773 -163.98242
11268.62402 -165.19737
11271.31641 -163.64297
11274.00195 -163.53304
11276.69434 -163.55235
11279.38672 -164.50652
11282.08105 -163.75101
11284.77539 -163.89249
11287.46484 -163.79340
11290.15430 -164.00504
11292.85059 -163.56015
11295.54199 -163.98116
11298.22754 -163.80757
11300.92578 -163.80156
11303.61816 -163.40240
11306.31250 -163.76149
11309.00000 -163.88008
11311.69434 -163.52029
11314.38379 -163.58920
11317.07422 -163.62904
11319.76465 -163.90331
11322.46094 -164.22116
11325.15234 -163.84196
11327.84570 -163.86667
11330.53223 -164.01004
11333.22656 -164.21974
11335.91992 -163.78897
11338.61523 -163.90895
11341.30469 -163.92577
11343.99414 -163.69662
11346.69141 -164.32346
11349.38281 -164.03563
11352.07520 -163.84917
11354.76660 -164.64127
11357.45508 -164.29616
11360.15430 -163.97250
11362.84277 -163.40581
11365.53125 -163.78946
11368.22168 -163.82780
11370.91797 -164.01979
11373.60840 -163.74942
11376.29980 -163.90288
11378.99219 -163.56903
11381.67871 -163.94463
11384.37109 -163.75694
11387.06543 -163.85312
11389.75977 -163.85957
11392.45508 -163.75514
11395.13867 -163.88075
11397.83594 -163.23792
11400.52637 -163.78554
11403.21777 -164.02928
11405.91602 -163.98424
11408.60254 -163.02769
11411.29004 -163.88803
11413.98438 -164.14545
11416.68457 -164.17116
11419.37402 -163.46642
11422.06445 -164.06203
11424.75488 -163.98015
11427.44531 -163.72942
11430.14258 -163.85107
11432.83594 -163.76649
11435.52148 -163.49522
11438.21484 -163.83424
11440.90332 -163.88010
11443.59766 -163.74617
11446.29395 -163.82988
11448.98340 -163.98724
11451.67383 -163.67200
11454.36426 -163.92264
11457.05664 -163.76306
11459.75488 -164.03917
11462.44141 -163.71637
11465.13574 -163.61635
11467.83008 -164.07874
11470.51758 -163.77657
11473.21289 -163.95212
11475.89746 -164.24869
11478.59375 -164.03363
11481.28418 -164.01407
11483.98340 -164.15630
11486.66895 -164.06035
11489.36133 -164.19948
11492.05566 -163.68217
11494.74219 -163.74455
11497.43750 -164.39076
11500.12695 -163.89040
11502.82324 -164.42609
11505.51367 -163.50407
11508.20410 -163.80327
11510.89648 -164.51271
11513.58887 -163.83432
11516.28125 -164.16200
11518.97461 -163.97551
11521.66211 -163.87198
11524.35742 -163.99881
11527.04688 -163.54030
11529.74219 -163.62173
11532.44043 -163.86812
11535.12500 -164.19882
11537.82227 -164.01740
11540.50781 -164.01918
11543.20117 -163.48033
11545.89453 -164.12593
11548.58301 -163.14754
11551.27734 -163.87640
11553.96582 -163.83698
11556.66211 -164.07954
11559.35938 -164.23352
11562.04297 -164.17274
11564.74121 -164.41513
11567.42773 -163.97572
11570.12109 -164.73297
11572.81348 -164.06381
11575.50781 -163.77574
11578.20312 -163.80397
11580.89062 -164.02039
11583.58203 -164.04871
11586.27832 -163.72058
11588.96875 -164.14249
11591.66016 -163.61575
11594.35156 -164.22177
11597.04492 -164.10104
11599.73145 -164.01689
11602.42578 -164.36798
11605.11523 -163.92671
11607.80859 -164.11230
11610.50586 -164.14763
11613.19531 -165.95749
11615.88672 -163.91817
11618.58398 -164.33899
11621.27539 -164.10393
11623.95508 -164.26170
11626.64941 -164.24171
11629.34375 -164.00435
11632.03711 -163.71388
11634.72559 -164.30544
11637.42188 -163.90355
11640.11133 -164.15332
11642.80273 -163.77086
11645.49902 -164.32614
11648.19238 -164.12350
11650.87793 -164.05650
11653.57031 -163.85938
11656.26465 -164.10667
11658.95898 -163.61221
11661.64648 -164.26665
11664.34375 -163.81932
11667.03223 -164.01802
11669.72852 -163.95682
11672.41406 -164.24072
11675.11230 -163.93007
11677.79785 -163.28954
11680.49023 -163.57588
11683.18457 -164.33636
11685.87109 -163.83905
11688.56641 -164.90688
11691.26172 -164.24149
11693.95117 -163.92128
11696.64844 -164.26535
11699.33203 -164.97505
11702.03027 -164.11549
11704.72266 -164.32002
11707.41406 -164.28581
11710.10840 -163.62053
11712.80273 -163.76865
11715.49023 -163.81964
11718.17871 -164.20656
11720.87500 -163.88992
11723.56445 -164.16513
11726.25488 -164.05772
11728.95312 -163.98318
11731.63867 -164.04008
11734.33691 -164.23610
11737.02344 -164.06532
11739.71680 -164.42747
11742.40430 -164.05928
11745.10645 -163.85771
11747.78906 -164.24495
11750.48438 -163.76088
11753.17480 -163.51993
11755.86719 -164.08104
11758.56445 -163.93925
11761.25586 -163.58427
11763.94922 -164.21260
11766.63574 -164.10809
11769.32422 -164.04620
11772.01758 -163.84885
11774.70703 -164.55069
11777.41016 -164.14459
11780.09863 -164.13644
11782.78906 -164.24715
11785.48047 -163.27893
11788.17285 -164.01407
11790.86523 -163.90195
11793.55859 -164.09933
11796.25195 -164.08678
11798.93945 -163.93645
11801.62891 -164.18776
11804.32422 -164.02463
11807.01270 -164.94731
11809.70898 -164.26608
11812.40137 -163.82355
11815.09277 -164.10661
11817.78418 -163.87950
11820.47070 -164.06371
11823.16406 -164.09166
11825.85840 -164.15013
11828.55273 -165.64896
11831.24805 -164.18022
11833.93652 -164.26909
11836.62695 -163.87721
11839.32422 -164.34804
11842.01562 -164.02281
11844.69922 -164.17583
11847.39844 -163.73112
11850.08594 -164.40698
11852.77930 -164.43188
11855.47363 -163.78499
11858.16211 -163.95456
11860.85742 -164.44713
11863.55371 -164.03194
11866.24219 -163.87993
11868.93457 -164.39062
11871.62500 -164.47726
11874.31738 -164.07021
11877.00977 -164.41327
11879.70215 -164.10304
11882.39062 -164.00739
11885.07812 -164.43642
11887.77930 -164.12553
11890.46094 -163.88986
11893.15820 -164.44351
11895.85449 -164.22679
11898.54590 -164.04852
11901.23828 -164.17432
11903.92383 -163.95271
11906.62207 -163.84247
11909.30859 -164.25893
11912.00293 -164.61020
11914.69727 -164.88431
11917.38672 -163.74837
11920.08203 -164.09827
11922.77246 -163.78749
11925.45508 -164.31679
11928.15918 -164.26698
11930.84473 -164.28804
11933.53711 -163.99838
11936.23047 -164.57619
11938.91699 -164.10846
11941.61719 -164.50403
11944.31250 -164.37015
11947.00098 -164.37633
11949.68945 -164.30119
11952.38086 -164.07353
11955.07715 -164.35489
11957.76855 -164.01949
11960.45996 -163.97314
11963.15332 -164.21570
11965.84570 -164.26605
11968.53320 -163.12473
11971.22656 -164.06680
11973.92188 -164.28242
11976.61035 -164.33708
11979.30078 -164.70312
11981.99707 -163.91438
11984.68750 -164.71060
11987.38477 -164.47623
11990.06348 -164.08794
11992.76270 -164.31352
11995.45703 -164.07503
11998.14941 -164.11050
12000.83789 -165.23373
12003.52539 -163.61624
12006.22070 -163.90999
12008.91699 -164.05516
12011.60742 -164.75194
12014.29785 -163.97409
12016.99023 -163.82341
12019.68164 -164.33427
12022.37402 -165.32375
12025.06738 -163.63834
12027.75977 -163.76456
12030.44824 -164.21397
12033.14355 -164.22835
12035.83887 -164.27206
12038.52734 -164.21184
12041.21875 -164.19519
12043.90820 -163.54192
12046.60059 -163.96136
12049.29883 -164.05394
12051.98438 -164.29778
12054.67188 -164.19597
12057.37207 -164.09502
12060.06641 -164.36615
12062.75391 -164.23523
12065.44336 -164.75597
12068.13965 -164.88391
12070.83008 -164.10727
12073.52051 -163.78262
12076.21875 -163.61725
12078.90430 -164.16875
12081.59570 -164.77950
12084.28906 -163.93828
12086.98242 -164.25429
12089.67676 -164.13399
12092.36523 -164.30879
12095.05371 -164.39546
12097.75000 -164.02724
12100.44043 -164.16032
12103.13086 -163.87216
12105.82227 -164.26967
12108.51465 -163.44189
12111.20703 -163.78702
12113.90039 -164.43938
12116.59277 -163.99303
12119.28125 -164.25359
12121.97656 -164.20035
12124.67188 -164.09209
12127.36133 -164.18144
12130.05762 -165.53455
12132.74805 -164.15575
12135.43945 -164.06560
12138.13086 -164.45164
12140.82422 -164.05257
12143.51660 -164.40475
12146.20312 -164.37285
12148.89746 -164.04622
12151.59180 -164.66496
12154.28125 -163.98515
12156.97656 -164.40227
12159.66699 -164.82646
12162.35742 -164.26193
12165.04883 -164.41501
12167.74023 -164.40349
12170.43164 -164.25282
12173.12500 -164.36337
12175.81934 -164.35930
12178.50586 -164.28540
12181.20117 -164.14456
12183.88867 -164.60674
12186.58398 -164.08995
12189.28125 -164.26900
12191.97168 -164.81761
12194.65625 -165.16586
12197.35449 -164.42259
12200.04688 -164.29420
12202.74512 -164.42625
12205.42578 -164.17670
12208.12012 -164.45927
12210.81445 -164.48396
12213.50195 -164.19038
12216.19922 -165.18684
12218.88770 -164.09505
12221.57812 -164.19542
12224.27539 -164.67955
12226.96680 -164.28398
12229.65820 -164.52686
12232.34473 -164.36555
12235.04395 -164.12627
12237.73242 -164.52315
12240.42578 -164.60126
12243.11426 -164.57129
12245.80957 -164.28319
12248.50586 -165.11267
12251.19531 -164.49974
12253.88574 -164.19189
12256.57715 -163.92349
12259.26855 -164.88391
12261.96191 -164.07402
12264.65430 -164.98569
12267.34766 -164.28996
12270.03516 -164.17603
12272.72949 -164.14244
12275.42480 -164.05009
12278.11426 -164.22417
12280.80469 -165.36838
12283.50098 -165.06018
12286.19141 -164.26402
12288.88281 -164.28862
12291.56836 -164.74185
12294.26758 -163.71808
12296.96191 -164.16681
12299.64844 -164.23593
12302.34277 -163.79605
12305.03125 -163.98787
12307.71973 -164.02365
12310.41602 -164.97537
12313.11328 -164.38667
12315.80273 -164.60979
12318.49512 -164.10152
12321.18066 -164.25620
12323.87207 -165.59822
12326.57227 -164.38475
12329.26562 -164.43431
12331.95312 -164.63161
12334.64062 -164.54492
12337.33594 -164.24295
12340.02539 -164.38786
12342.72266 -164.39821
12345.41211 -164.38295
12348.10352 -164.12485
12350.79492 -164.50255
12353.48047 -164.34816
12356.18652 -163.93300
12358.86621 -164.41992
12361.56055 -164.36844
12364.25391 -164.41948
12366.94922 -164.31587
12369.64453 -164.23064
12372.32812 -163.97369
12375.02441 -164.00734
12377.72266 -164.42625
12380.41211 -164.52342
12383.09766 -164.43013
12385.79004 -164.47522
12388.48242 -165.39769
12391.17676 -164.14322
12393.86328 -164.42078
12396.55859 -164.35782
12399.25391 -164.28787
12401.94238 -164.59140
12404.63867 -164.39671
12407.32910 -164.67096
12410.02051 -165.60551
12412.71094 -164.18050
12415.40430 -164.13280
12418.09570 -163.99829
12420.78223 -164.16554
12423.48242 -164.31407
12426.17090 -164.38470
12428.86523 -164.10120
12431.55371 -163.70183
12434.24902 -164.05037
12436.93945 -164.52048
12439.63672 -164.11827
12442.32031 -164.48248
12445.01953 -164.55405
12447.71094 -164.18213
12450.39648 -164.25351
12453.09668 -164.64842
12455.78516 -164.39064
12458.47168 -164.43985
12461.16699 -164.49913
12463.85645 -164.17316
12466.54492 -164.20897
12469.24219 -164.62462
12471.93945 -164.54161
12474.62402 -164.57886
12477.32227 -164.03249
12480.01465 -164.77121
12482.70703 -164.53006
12485.39453 -164.27837
12488.08691 -164.44621
12490.78223 -164.57103
12493.47070 -165.10529
12496.16602 -165.50656
12498.85645 -164.33427
12501.54492 -164.31865
12504.23730 -164.81105
12506.92773 -164.42982
12509.61914 -164.40962
12512.31250 -164.54706
12515.01172 -164.60303
12517.70508 -164.84575
12520.39160 -164.14265
12523.08008 -164.39192
12525.77539 -164.62267
12528.47168 -163.34232
12531.16113 -164.75891
12533.85156 -164.62851
12536.54199 -164.61748
12539.23926 -165.43875
12541.92480 -164.69327
12544.61719 -164.64490
12547.30957 -164.20325
12550.00391 -164.07121
12552.69043 -164.07199
12555.38574 -164.02043
12558.08105 -164.83572
12560.77051 -164.02309
12563.45898 -164.35500
12566.15723 -164.73003
12568.84766 -164.70284
12571.53809 -164.23758
12574.22363 -164.08838
12576.92285 -164.82097
12579.61523 -164.75298
12582.30957 -163.96442
12584.99609 -164.58994
12587.69141 -164.48164
12590.37988 -164.55185
12593.07617 -164.52805
12595.76562 -164.79060
12598.45605 -164.14525
12601.14648 -164.86728
12603.84570 -165.66283
12606.52930 -164.44016
12609.22852 -164.78642
12611.91504 -164.32323
12614.60840 -164.34210
12617.30371 -164.32047
12619.99023 -164.81767
12622.68555 -164.49870
12625.38184 -164.75781
12628.07129 -164.95439
12630.76172 -164.47600
12633.44531 -164.18188
12636.14355 -164.09380
12638.83594 -164.63483
12641.53418 -164.19150
12644.22070 -165.08653
12646.91406 -164.99733
12649.60840 -164.39719
12652.29590 -164.27084
12654.99121 -164.46422
12657.68652 -164.23087
12660.37012 -164.45825
12663.06641 -164.56123
12665.75781 -164.26703
12668.44824 -163.62965
12671.14062 -164.53931
12673.83301 -164.13791
12676.52539 -164.55028
12679.21875 -164.85106
12681.90625 -164.84033
12684.60059 -164.56195
12687.29590 -164.68358
12689.98535 -163.88879
12692.68066 -164.68623
12695.36328 -164.49112
12698.06152 -164.73994
12700.75977 -164.80533
12703.44531 -164.75566
12706.13672 -164.46046
12708.82910 -164.54456
12711.52246 -164.86487
12714.21680 -164.48416
12716.90430 -164.25412
12719.59961 -164.49792
12722.28711 -164.32425
12724.97656 -164.40765
12727.67383 -164.50478
12730.36328 -164.47792
12733.05566 -164.66745
12735.74707 -164.77856
12738.43848 -164.15314
12741.13184 -164.74545
12743.82422 -164.44418
12746.52539 -164.87189
12749.20508 -164.50034
12751.90039 -165.02373
12754.59570 -164.88501
12757.28516 -164.47421
12759.98145 -164.98663
12762.67188 -164.63144
12765.35547 -164.33963
12768.05469 -164.92966
12770.74609 -164.43108
12773.43848 -164.50539
12776.13184 -165.01802
12778.81836 -164.43639
12781.51270 -165.13699
12784.20703 -165.09801
12786.89551 -164.77605
12789.59082 -164.38205
12792.28027 -164.62193
12794.97070 -165.31883
12797.66797 -164.82903
12800.35938 -164.15863
12803.05078 -164.68419
12805.74316 -164.34810
12808.42871 -165.52670
12811.12207 -164.80386
12813.81641 -164.38657
12816.50391 -164.77913
12819.20508 -164.64847
12821.88672 -164.47142
12824.58398 -165.14670
12827.28027 -164.92824
12829.97070 -164.71776
12832.66113 -164.60286
12835.35254 -164.59908
12838.04492 -164.27269
12840.73047 -164.82906
12843.42969 -164.67068
12846.11719 -164.53278
12848.81836 -164.62550
12851.50586 -164.31213
12854.19434 -164.65944
12856.89062 -164.86975
12859.58008 -164.44302
12862.26953 -165.07184
12864.96094 -164.55075
12867.65820 -164.58690
12870.35059 -164.63496
12873.04199 -164.48801
12875.73438 -164.40337
12878.42188 -164.70699
12881.11523 -165.23529
12883.80957 -164.13806
12886.49805 -164.21216
12889.19434 -164.79805
12891.88281 -164.74390
12894.57227 -164.77986
12897.26953 -164.87099
12899.96094 -164.74794
12902.65234 -164.62123
12905.34375 -163.71114
12908.03613 -165.04024
12910.73047 -164.91953
12913.41602 -164.52057
12916.11133 -164.57855
12918.80469 -164.62288
12921.49316 -164.92110
12924.18164 -164.89166
12926.87891 -164.70166
12929.56836 -164.08380
12932.26562 -164.40260
12934.95703 -164.71382
12937.64160 -164.45914
12940.34082 -164.25665
12943.03320 -164.99945
12945.71875 -164.85039
12948.41309 -165.59430
12951.10742 -164.75874
12953.80273 -164.75218
12956.49805 -164.94524
12959.18750 -164.63464
12961.87598 -164.87549
12964.56641 -164.73340
12967.25684 -164.46678
12969.94922 -164.39676
12972.64062 -165.07788
12975.33984 -164.91132
12978.02539 -165.03891
12980.71875 -164.83200
12983.41211 -164.69624
12986.09961 -164.25624
12988.79492 -164.69298
12991.48340 -165.63841
12994.17969 -164.57184
12996.86914 -164.75623
12999.56641 -165.08675
13002.25684 -165.16017
13004.94922 -164.82680
13007.64062 -164.60396
13010.32617 -164.78186
13013.02637 -163.93790
13015.71875 -164.76840
13018.40625 -164.99399
13021.10156 -165.17804
13023.78906 -164.44720
13026.48438 -164.79553
13029.17383 -165.18358
13031.87012 -165.38850
13034.56055 -163.87149
13037.25195 -164.60780
13039.94238 -165.00156
13042.63574 -164.39526
13045.32031 -164.84790
13048.01953 -165.05029
13050.70703 -164.57773
13053.40039 -164.48038
13056.09570 -164.68529
13058.78418 -164.65215
13061.47949 -164.74725
13064.16895 -164.70676
13066.86621 -164.15050
13069.55566 -164.27130
13072.24707 -164.59909
13074.94629 -165.06413
13077.63086 -164.40146
13080.32324 -164.79199
13083.00879 -164.62868
13085.70898 -164.65179
13088.39746 -163.40533
13091.08398 -164.89259
13093.77930 -164.32500
13096.47559 -164.99319
13099.16504 -164.58096
13101.86133 -164.67097
13104.55176 -164.54443
13107.23535 -164.61974
13109.93359 -164.89767
13112.63281 -164.85138
13115.31836 -164.65042
13118.01172 -164.84929
13120.70508 -164.13429
13123.39258 -164.69632
13126.08789 -165.08157
13128.77539 -165.17966
13131.46387 -164.74992
13134.16016 -164.87366
13136.85059 -164.88834
13139.54688 -164.71065
13142.23145 -164.96661
13144.93066 -164.80566
13147.62207 -164.58907
13150.31445 -164.78236
13153.00781 -165.32166
13155.69336 -164.35472
13158.38770 -164.81674
13161.08301 -164.98705
13163.77832 -165.31837
13166.46582 -165.25609
13169.16211 -164.84538
13171.84570 -164.58311
13174.54297 -164.54120
13177.23438 -165.01395
13179.92578 -165.01407
13182.61719 -164.61974
13185.30859 -164.51492
13187.99609 -164.65535
13190.68848 -164.94492
13193.38281 -164.67871
13196.07617 -164.62210
13198.76465 -164.91434
13201.46094 -164.64709
13204.15820 -164.72360
13206.83984 -164.51375
13209.53711 -164.27727
13212.23535 -164.64149
13214.92578 -164.84889
13217.61133 -165.01166
13220.31055 -164.55334
13222.99609 -164.95496
13225.68945 -164.84665
13228.38281 -165.94106
13231.07031 -164.55951
13233.76562 -164.82959
13236.46094 -164.92612
13239.15039 -165.15247
13241.83984 -164.92145
13244.53613 -164.35678
13247.22754 -164.71503
13249.91797 -164.69142
13252.60938 -165.02588
13255.30176 -165.01759
13257.99414 -164.99832
13260.68848 -164.80132
13263.37402 -164.71291
13266.06934 -164.64697
13268.75586 -164.58563
13271.45898 -164.45224
13274.14062 -164.97887
13276.83008 -165.11804
13279.53516 -164.88441
13282.22559 -164.73958
13284.90820 -164.55385
13287.60742 -164.97662
13290.29199 -165.12218
13292.98438 -163.47108
13295.68457 -164.81604
13298.37109 -164.78616
13301.06543 -164.83472
13303.75195 -164.75540
13306.45508 -164.93297
13309.14258 -165.16743
13311.83203 -164.73730
13314.52246 -164.15984
13317.21875 -164.82613
13319.91113 -164.77075
13322.60156 -165.15445
13325.28516 -164.84140
13327.98633 -165.07230
13330.67188 -164.88722
13333.37109 -164.89687
13336.05859 -163.88501
13338.75195 -164.45757
13341.44727 -164.41240
13344.13574 -164.32927
13346.82520 -164.63783
13349.52148 -165.18210
13352.21191 -164.84140
13354.91016 -164.84360
13357.59277 -164.98030
13360.29199 -164.74341
13362.97656 -164.52258
13365.67578 -165.01309
13368.36133 -166.64478
13371.05566 -164.96281
13373.75000 -164.90862
13376.43750 -164.88261
13379.13281 -164.74879
13381.82129 -164.84476
13384.51758 -164.63289
13387.20703 -164.86313
13389.89746 -165.36044
13392.58789 -164.40703
13395.28711 -164.64650
13397.97852 -165.03786
13400.66992 -165.15677
13403.36328 -165.30348
13406.04980 -164.91872
13408.74219 -164.46259
13411.43750 -164.83635
13414.13184 -164.93779
13416.82129 -165.06639
13419.50977 -165.10364
13422.20605 -165.54335
13424.89648 -165.22232
13427.58691 -164.61612
13430.28418 -164.73869
13432.97656 -164.48274
13435.66016 -164.44211
13438.35352 -164.82011
13441.04590 -164.42850
13443.73926 -164.83749
13446.43359 -164.78644
13449.12109 -164.99948
13451.81641 -165.32214
13454.50391 -164.88811
13457.20117 -164.41502
13459.89062 -164.74028
13462.57910 -164.92340
13465.27832 -164.35234
13467.96094 -165.18393
13470.66016 -164.97446
13473.34473 -164.57724
13476.04492 -164.61174
13478.73047 -165.02817
13481.42480 -165.01410
13484.11914 -164.82175
13486.80664 -164.22696
13489.50195 -164.95410
13492.19727 -164.70432
13494.88672 -164.87425
13497.57617 -165.15747
13500.26562 -164.72075
13502.95703 -165.05420
13505.64648 -165.35420
13508.34766 -164.94560
13511.03125 -164.82817
13513.72461 -164.66043
13516.42480 -164.99232
13519.11914 -164.71924
13521.80566 -165.23395
13524.50098 -165.06595
13527.18848 -164.90540
13529.87695 -164.90166
13532.56641 -164.64200
13535.27148 -164.94022
13537.95996 -164.93370
13540.65234 -164.64014
13543.34180 -164.71188
13546.02637 -165.13657
13548.72656 -165.00624
13551.41992 -164.75600
13554.10547 -165.33420
13556.80664 -165.04507
13559.49316 -165.10806
13562.18164 -165.09602
13564.87695 -164.77089
13567.56445 -164.79784
13570.26172 -164.99358
13572.95898 -164.81346
13575.64941 -164.93872
13578.33984 -164.82089
13581.03125 -164.67386
13583.72266 -164.91595
13586.41504 -165.49455
13589.10742 -165.27650
13591.79297 -165.14026
13594.49414 -164.78505
13597.18262 -165.07764
13599.87695 -164.43456
13602.56445 -165.14360
13605.25391 -165.42519
13607.95020 -164.68213
13610.63965 -165.01453
13613.33789 -164.84354
13616.02051 -164.87883
13618.71973 -165.00644
13621.41113 -165.02010
13624.10352 -164.75591
13626.78809 -165.05447
13629.48242 -165.15186
13632.17676 -165.19112
13634.87109 -164.74777
13637.56641 -165.53304
13640.25391 -164.73433
13642.94141 -165.12811
13645.63867 -164.76974
13648.33594 -163.61407
13651.01758 -165.17830
13653.71680 -165.01064
13656.40723 -164.86819
13659.09961 -165.06938
13661.79199 -164.83900
13664.48438 -164.77582
13667.16992 -164.73407
13669.86426 -165.22728
13672.55859 -164.72485
13675.24512 -165.53844
13677.94141 -164.71419
13680.63672 -164.69505
13683.31934 -164.74403
13686.01562 -164.94487
13688.70605 -164.49055
13691.40430 -165.70010
13694.08691 -165.16600
13696.78711 -165.35626
13699.47168 -164.92938
13702.16406 -165.20584
13704.85742 -164.62910
13707.55078 -164.93991
13710.24512 -164.83890
13712.93945 -164.65381
13715.62695 -164.76396
13718.32422 -165.03468
13721.01172 -164.63969
13723.70996 -165.16191
13726.39160 -165.08830
13729.08984 -165.37347
13731.78125 -164.88763
13734.47266 -164.88600
13737.17188 -164.76367
13739.85742 -164.95615
13742.54297 -164.86580
13745.23535 -164.00917
13747.93750 -165.38840
13750.62500 -165.17218
13753.31152 -164.52678
13756.01562 -165.37044
13758.70508 -165.09108
13761.39453 -164.69621
13764.08301 -165.32390
13766.77344 -165.06895
13769.47168 -164.78757
13772.16309 -164.89667
13774.84766 -165.48802
13777.54004 -164.94125
13780.24023 -165.14279
13782.92578 -165.14447
13785.62012 -165.12256
13788.31445 -164.01903
13791.00195 -164.98416
13793.69043 -164.97139
13796.39453 -165.14758
13799.08203 -164.70100
13801.77246 -165.15096
13804.47070 -165.22520
13807.16016 -165.40668
13809.85156 -165.50377
13812.53516 -165.11038
13815.23535 -164.94258
13817.91992 -164.66957
13820.61426 -164.86719
13823.30664 -164.59149
13826.00098 -164.90900
13828.68945 -165.40150
13831.38477 -165.08682
13834.07227 -165.10516
13836.76855 -164.86601
13839.46484 -165.20685
13842.14746 -164.77264
13844.83789 -165.05620
13847.53711 -164.94548
13850.22852 -165.04436
13852.91992 -164.92795
13855.61133 -164.70668
13858.30566 -165.11531
13860.99805 -164.93007
13863.69238 -164.79868
13866.37891 -165.03336
13869.07422 -165.07417
13871.76270 -164.85411
13874.45801 -164.57307
13877.14746 -164.73686
13879.84473 -164.86108
13882.52734 -164.79907
13885.22461 -165.63690
13887.90918 -165.19360
13890.60742 -164.69768
13893.29980 -164.88852
13895.98535 -164.46706
13898.68555 -165.47931
13901.37891 -165.14247
13904.06641 -165.26933
13906.75977 -165.31148
13909.45508 -165.56175
13912.14355 -165.21655
13914.83984 -164.71536
13917.52930 -165.26399
13920.21973 -164.97003
13922.90918 -164.66350
13925.60059 -165.13879
13928.29102 -166.29895
13930.98242 -164.98154
13933.68262 -165.25851
13936.37598 -165.18243
13939.06152 -165.54379
13941.75586 -164.93477
13944.44922 -165.32056
13947.14453 -164.90080
13949.83301 -164.51195
13952.52051 -165.27725
13955.20996 -165.26427
13957.90625 -165.16582
13960.59668 -166.43491
13963.29492 -165.11386
13965.98535 -164.73596
13968.67676 -165.08852
13971.36133 -165.31725
13974.06152 -164.86546
13976.74707 -164.83563
13979.43945 -165.04845
13982.13379 -165.85643
13984.82812 -164.92969
13987.51562 -165.41257
13990.21094 -164.78494
13992.90820 -164.51761
13995.59570 -165.14635
13998.28516 -165.10028
14000.97559 -164.86954
14003.67285 -165.77928
14006.36523 -165.11208
14009.05664 -165.41618
14011.74805 -165.07440
14014.43262 -165.35138
14017.12500 -165.06424
14019.81934 -164.96129
14022.51367 -165.29341
14025.20020 -164.79968
14027.90234 -165.56682
14030.59082 -164.86679
14033.28027 -165.20518
14035.97656 -165.03799
14038.66602 -165.28473
14041.35547 -165.19164
14044.04688 -165.17992
14046.73730 -163.66064
14049.42871 -165.10361
14052.12891 -165.41225
14054.82031 -165.19423
14057.51367 -165.52522
14060.20703 -165.06430
14062.89453 -165.27756
14065.58789 -164.92502
14068.28320 -165.26515
14070.97168 -164.87039
14073.66016 -165.17918
14076.34863 -165.36800
14079.03809 -165.90921
14081.73633 -165.65320
14084.42578 -165.42139
14087.11816 -165.31619
14089.81641 -165.52141
14092.50098 -165.19176
14095.20117 -165.12167
14097.88672 -165.03400
14100.58789 -166.04596
14103.26660 -165.04613
14105.96191 -165.14734
14108.65625 -164.77838
14111.35254 -165.89867
14114.04785 -165.20496
14116.72949 -165.45996
14119.42578 -165.01591
14122.11719 -166.14359
14124.80664 -165.03677
14127.50586 -164.86200
14130.18945 -164.65118
14132.88965 -165.99182
14135.58203 -164.96335
14138.26660 -165.07770
14140.96094 -165.28996
14143.65430 -165.60703
14146.34180 -165.11612
14149.03711 -165.02925
14151.73242 -164.55484
14154.41992 -164.24271
14157.11719 -165.06862
14159.81445 -165.32924
14162.49609 -165.10030
14165.19434 -165.87799
14167.87695 -164.92221
14170.57715 -165.44685
14173.26074 -165.81857
14175.95312 -164.82751
14178.65332 -165.04919
14181.33984 -164.92889
14184.03320 -164.84679
14186.72852 -164.64182
14189.42285 -165.51265
14192.10352 -165.41673
14194.79883 -165.46370
14197.49512 -164.11720
14200.19336 -165.19106
14202.87500 -165.01570
14205.57227 -165.37741
14208.26270 -165.06078
14210.94727 -165.08406
14213.65332 -165.08165
14216.33008 -164.97798
14219.03223 -165.61612
14221.72461 -165.28505
14224.41016 -164.69997
14227.09766 -165.43739
14229.79980 -165.10135
14232.48828 -165.23491
14235.17578 -165.01778
14237.87207 -165.23538
14240.56836 -164.92271
14243.25781 -164.99475
14245.94824 -165.43874
14248.64648 -164.93228
14251.33008 -165.30568
14254.02246 -165.14215
14256.72070 -165.35980
14259.41406 -164.74873
14262.09961 -164.34933
14264.79395 -164.91959
14267.47949 -164.77058
14270.18164 -165.10997
14272.87012 -165.88457
14275.56543 -165.39357
14278.25293 -165.44417
14280.94238 -165.21054
14283.63184 -164.70377
14286.32031 -165.10855
14289.01172 -165.12425
14291.70996 -164.97414
14294.40234 -165.08258
14297.09375 -165.45358
14299.78613 -164.70201
14302.47949 -165.37169
14305.17188 -163.90976
14307.86621 -165.38165
14310.56055 -164.84869
14313.24805 -165.08620
14315.94336 -166.13824
14318.63184 -165.26653
14321.32812 -165.08354
14324.01758 -165.74165
14326.70703 -165.87259
14329.39648 -165.17557
14332.09473 -165.26358
14334.78613 -165.31360
14337.47852 -166.09828
14340.16992 -165.56644
14342.85547 -164.99350
14345.54785 -165.24336
14348.24121 -164.36589
14350.93555 -165.47125
14353.63086 -165.49631
14356.31738 -165.10854
14359.01367 -164.84129
14361.70117 -165.37071
14364.39844 -165.35989
14367.08789 -165.43054
14369.78516 -166.38513
14372.46680 -165.35344
14375.15820 -165.51097
14377.85742 -164.88797
14380.54883 -165.91864
14383.23340 -165.59142
14385.92676 -165.76756
14388.61914 -165.10709
14391.31348 -165.01080
14394.00000 -165.76996
14396.70312 -165.39299
14399.39062 -165.51169
14402.07910 -165.18845
14404.77441 -165.12796
14407.47168 -165.44156
14410.15234 -164.87292
14412.85059 -164.98218
14415.54883 -165.50739
14418.24023 -164.99672
14420.93164 -165.69754
14423.61523 -165.35704
14426.31641 -165.03665
14429.00195 -165.58035
14431.69434 -165.63570
14434.39648 -164.88918
14437.07520 -165.17342
14439.77734 -165.26178
14442.46582 -165.24866
14445.14551 -164.83743
14447.84180 -165.62686
14450.53906 -165.52943
14453.22852 -165.17329
14455.91895 -165.75766
14458.61719 -165.04015
14461.30859 -164.88490
14464.00000 -165.29735
14466.69141 -165.05605
14469.38477 -165.31619
14472.07812 -165.85661
14474.76367 -165.50320
14477.45703 -163.92810
14480.15137 -165.31174
14482.83984 -165.13840
14485.54199 -165.59059
14488.22266 -166.42343
14490.91895 -165.36719
14493.60840 -165.31778
14496.30664 -165.46541
14498.98828 -166.15886
14501.69434 -165.30861
14504.37695 -165.50072
14507.06934 -165.63921
14509.76074 -166.08716
14512.45312 -165.26311
14515.14648 -165.11499
14517.84082 -165.54942
14520.52734 -164.40627
14523.23047 -165.48013
14525.91699 -164.99365
14528.60449 -165.57416
14531.29297 -165.70026
14533.98926 -165.42798
14536.67871 -165.23788
14539.37500 -165.07130
14542.06543 -166.14731
14544.75586 -164.84224
14547.44727 -165.25793
14550.13867 -165.27242
14552.83105 -165.58566
14555.52344 -165.78735
14558.21680 -165.16199
14560.91016 -165.35707
14563.59570 -166.07956
14566.29102 -165.33052
14568.98633 -165.11920
14571.67383 -165.03720
14574.36133 -164.09048
14577.05859 -165.21730
14579.75586 -165.05255
14582.44531 -165.58691
14585.13574 -165.77168
14587.82617 -165.78220
14590.51758 -165.58441
14593.20801 -165.42491
14595.90820 -165.72551
14598.60156 -165.48680
14601.28711 -165.05946
14603.97949 -165.47195
14606.66602 -166.54001
14609.36035 -165.30769
14612.05566 -165.66101
14614.75098 -165.55060
14617.43945 -165.61632
14620.13574 -165.20810
14622.82422 -165.16643
14625.51367 -165.59747
14628.20410 -165.40993
14630.90234 -165.60100
14633.59375 -165.27776
14636.29297 -165.44716
14638.96875 -164.54735
14641.66992 -165.18971
14644.36328 -165.45569
14647.05566 -165.07776
14649.74219 -164.76617
14652.43652 -165.59184
14655.13184 -165.38490
14657.81836 -165.40327
14660.50684 -164.26067
14663.21094 -165.28474
14665.89258 -165.74983
14668.58887 -165.25526
14671.27930 -165.94165
14673.96973 -165.80112
14676.66895 -164.95969
14679.36035 -165.16838
14682.05176 -166.56392
14684.74414 -165.67612
14687.43652 -165.32547
14690.12207 -164.93555
14692.81641 -165.48195
14695.50977 -165.21112
14698.20410 -165.45363
14700.89258 -165.14047
14703.58789 -165.70297
14706.27539 -165.25432
14708.96484 -165.09076
14711.66211 -165.67596
14714.35156 -166.73355
14717.04199 -165.39250
14719.74121 -165.31108
14722.43164 -165.60712
14725.11621 -165.18240
14727.80762 -165.49852
14730.50781 -165.61403
14733.20215 -165.68451
14735.88770 -165.68489
14738.57324 -165.21875
14741.27539 -165.48874
14743.96289 -165.25027
14746.65820 -165.84491
14749.35449 -165.79971
14752.03516 -165.65729
14754.73145 -165.67001
14757.42969 -164.97260
14760.11133 -165.64915
14762.81055 -165.58388
14765.50000 -165.73381
14768.19238 -164.63539
14770.88379 -165.80197
14773.57617 -165.64342
14776.26953 -165.78105
14778.96289 -165.84149
14781.64844 -165.24419
14784.35059 -165.27731
14787.03711 -165.67674
14789.72559 -166.35222
14792.42090 -165.20714
14795.10840 -165.47867
14797.80664 -165.48766
14800.50293 -165.59633
14803.18457 -166.06004
14805.87500 -165.45674
14808.57324 -165.28500
14811.26465 -165.97015
14813.95605 -165.03702
14816.64844 -165.59209
14819.34082 -165.45078
14822.03320 -165.12982
14824.72754 -165.55714
14827.41309 -164.99797
14830.10840 -165.42760
14832.80273 -165.56648
14835.49023 -165.46904
14838.18750 -165.98180
14840.87500 -165.70374
14843.57227 -165.10631
14846.26074 -165.53340
14848.95117 -165.19786
14851.64160 -165.20645
14854.33203 -166.82106
14857.03223 -165.59717
14859.71582 -165.25819
14862.40820 -165.82463
14865.09961 -165.54944
14867.79395 -165.14525
14870.49609 -165.32701
14873.17383 -165.69899
14875.86816 -165.25453
14878.56348 -165.59424
14881.25977 -165.24898
14883.94727 -165.37259
14886.63574 -164.71474
14889.33398 -165.82693
14892.03027 -165.52866
14894.71191 -165.34418
14897.41113 -164.44012
14900.10156 -165.68413
14902.79297 -165.57840
14905.48438 -165.42351
14908.17773 -165.67223
14910.87012 -165.64746
14913.55566 -165.76611
14916.25781 -165.48810
14918.94434 -165.49724
14921.63086 -165.50342
14924.33398 -165.51309
14927.01270 -165.45081
14929.70898 -165.04945
14932.39844 -165.55998
14935.08691 -165.31740
14937.78418 -165.56030
14940.47461 -165.02188
14943.16504 -165.75594
14945.86426 -165.69603
14948.55566 -165.26387
14951.24023 -165.69586
14953.94043 -165.59636
14956.63281 -165.08138
14959.32715 -165.66577
14962.02051 -165.56888
14964.70703 -166.03276
14967.39355 -165.48074
14970.08887 -165.50021
14972.78418 -164.94225
14975.48047 -165.20958
14978.16992 -165.50215
14980.86719 -165.80347
14983.54883 -165.53307
14986.23828 -165.37460
14988.93652 -165.52362
14991.62012 -165.60217
14994.32031 -165.30016
14997.00293 -165.52188
14999.70312 -165.28374
15002.38867 -165.85132
15005.08203 -164.10648
15007.77539 -165.82372
15010.47852 -165.70720
15013.16504 -165.04259
15015.85156 -165.35872
15018.54883 -165.33708
15021.23633 -166.12296
15023.92480 -165.27803
15026.62207 -164.73296
15029.31152 -165.37889
15032.00195 -165.56348
15034.69922 -165.50829
15037.39160 -165.17516
15040.08301 -165.73685
15042.77441 -165.89653
15045.46777 -165.86320
15048.16016 -166.49713
15050.85352 -165.20073
15053.54688 -165.38747
15056.23242 -165.42160
15058.92773 -165.55669
15061.61523 -165.83704
15064.31055 -165.77065
15066.99805 -165.44322
15069.69629 -165.28279
15072.38379 -165.32527
15075.07324 -165.50591
15077.77246 -165.53886
15080.46289 -165.21687
15083.15332 -165.86891
15085.84473 -165.86464
15088.53613 -165.43527
15091.22949 -165.38084
15093.92188 -165.43526
15096.62305 -165.65965
15099.30859 -165.57155
15101.99414 -165.61459
15104.68848 -165.91676
15107.38379 -165.71669
15110.08008 -165.50507
15112.76855 -165.78284
15115.45703 -165.73372
15118.14453 -165.83012
15120.84180 -166.09077
15123.53320 -164.73079
15126.22266 -165.62396
15128.91406 -165.45763
15131.60547 -165.11172
15134.29688 -165.28355
15136.99707 -165.48479
15139.68164 -165.83916
15142.37402 -165.27480
15145.06836 -165.44804
15147.76270 -164.98624
15150.44824 -165.54416
15153.14355 -165.52254
15155.83887 -164.45724
15158.52637 -165.73253
15161.21484 -166.09396
15163.91113 -165.92456
15166.60938 -165.79579
15169.29785 -165.46538
15171.98047 -165.69829
15174.67871 -165.64188
15177.37793 -165.47433
15180.06250 -165.77220
15182.75391 -165.16127
15185.45410 -165.60844
15188.13867 -164.92921
15190.83203 -165.90727
15193.52637 -165.48911
15196.22070 -165.69398
15198.90723 -164.87624
15201.59375 -165.21245
15204.29785 -165.90628
15206.98633 -165.41278
15209.67383 -165.49049
15212.36328 -165.46786
15215.06934 -165.47035
15217.75195 -165.21640
15220.44922 -165.80423
15223.14062 -165.95502
15225.82227 -165.47847
15228.52344 -165.35646
15231.21582 -165.85687
15233.90039 -165.53223
15236.60156 -165.07361
15239.28711 -165.68869
15241.98145 -166.78590
15244.67578 -165.61914
15247.36230 -165.58624
15250.05762 -165.19710
15252.74512 -165.16205
15255.44141 -165.22696
15258.12988 -165.75220
15260.82812 -165.41354
15263.51660 -165.80237
15266.20703 -165.21230
15268.89746 -165.84868
15271.58789 -165.24266
15274.27930 -165.46320
15276.97168 -165.01180
15279.66406 -165.08943
15282.35742 -165.76492
15285.04980 -164.43257
15287.74414 -165.57712
15290.42969 -165.47797
15293.12500 -164.96732
15295.82031 -165.91946
15298.51562 -165.22192
15301.21191 -165.58577
15303.89160 -165.64363
15306.58105 -164.88078
15309.27832 -165.42128
15311.96777 -165.39555
15314.66699 -165.34119
15317.35742 -165.48897
15320.04883 -165.50548
15322.73926 -165.42186
15325.43164 -165.41263
15328.12402 -165.73274
15330.80957 -165.89886
15333.51074 -165.19173
15336.19629 -165.18842
15338.89062 -165.82768
15341.58594 -165.86859
15344.27246 -165.43753
15346.96777 -165.58238
15349.65625 -165.91362
15352.34473 -165.61076
15355.04980 -165.54286
15357.73047 -165.33972
15360.42969 -165.54193
15363.11914 -165.77666
15365.81055 -165.74643
15368.50098 -165.66895
15371.20117 -165.96524
15373.89258 -165.88565
15376.57715 -165.92574
15379.26953 -166.00702
15381.96387 -165.48236
15384.64941 -166.05817
15387.34375 -165.85330
15390.03906 -165.56500
15392.73438 -165.83864
15395.42188 -165.67314
15398.11719 -165.53223
15400.80664 -165.59360
15403.49512 -165.11943
15406.19238 -165.75749
15408.88281 -165.45491
15411.57324 -165.47874
15414.27246 -165.10634
15416.96387 -165.63916
15419.64746 -166.16547
15422.33887 -165.77434
15425.03125 -166.32335
15427.72461 -165.60689
15430.41895 -165.74324
15433.11133 -165.96825
15435.80664 -164.90517
15438.49414 -166.02431
15441.18066 -166.10687
15443.87598 -165.81160
15446.56348 -165.23561
15449.25977 -165.16406
15451.95801 -165.49110
15454.64746 -165.87350
15457.34473 -167.21838
15460.03516 -166.11801
15462.72559 -165.29813
15465.40918 -165.88678
15468.10938 -166.21820
15470.80078 -165.68303
15473.49414 -165.53877
15476.18652 -165.80450
15478.87207 -165.23254
15481.56641 -166.11134
15484.25977 -165.63977
15486.94727 -165.42709
15489.64258 -165.53008
15492.32910 -165.50450
15495.02539 -165.87115
15497.72266 -165.70828
15500.40234 -166.30748
15503.10059 -166.12817
15505.79004 -166.19614
15508.48828 -166.01981
15511.17969 -165.79445
15513.87109 -165.40857
15516.55273 -164.92711
15519.25391 -165.65402
15521.94531 -166.74713
15524.63086 -165.68567
15527.33301 -165.28194
15530.02734 -165.40671
15532.71289 -165.85471
15535.40820 -165.69739
15538.09473 -165.09267
15540.79004 -165.88571
15543.47754 -167.46030
15546.17383 -165.98347
15548.87109 -165.97789
15551.56055 -165.72520
15554.24902 -165.57510
15556.93945 -165.42876
15559.63867 -165.90506
15562.33008 -165.55176
15565.02051 -165.72884
15567.70410 -165.98195
15570.39648 -165.21341
15573.08984 -165.86620
15575.78223 -165.81863
15578.47656 -165.76280
15581.17090 -165.33130
15583.85742 -165.12814
15586.56055 -165.60568
15589.24805 -165.67261
15591.93457 -165.58072
15594.63086 -166.27922
15597.32031 -166.13376
15600.01758 -165.94783
15602.70605 -165.88333
15605.39648 -165.39058
15608.08691 -168.91843
15610.77734 -165.44682
15613.47754 -165.71875
15616.16992 -166.08243
15618.86133 -165.58205
15621.54492 -165.84341
15624.23828 -165.89230
15626.93262 -165.91264
15629.62695 -165.46497
15632.32031 -165.53671
15635.00586 -165.66960
15637.69336 -165.32327
15640.38965 -165.65309
15643.08594 -165.76773
15645.77344 -165.68665
15648.47070 -165.57819
15651.16016 -165.79797
15653.84961 -165.69368
15656.54785 -165.60266
15659.23926 -165.56177
15661.92969 -165.69106
15664.62109 -165.69817
15667.32227 -165.40849
15670.00586 -165.72180
15672.69727 -166.06461
15675.38281 -165.87592
15678.08594 -165.69513
15680.77148 -165.35262
15683.46582 -165.37842
15686.15234 -165.65172
15688.85645 -165.65323
15691.54395 -165.60919
15694.23242 -164.95844
15696.92871 -165.34233
15699.61816 -165.45226
15702.30664 -165.41261
15705.00488 -165.44336
15707.69531 -165.56325
15710.38574 -165.34758
15713.07715 -165.80653
15715.76953 -165.65125
15718.46094 -165.59834
15721.15332 -166.30351
15723.84668 -165.37642
15726.53125 -165.37294
15729.22461 -165.42859
15731.91895 -166.08870
15734.61426 -165.61307
15737.30957 -168.24402
15739.99609 -165.72354
15742.69336 -165.54791
15745.38965 -165.62659
15748.06836 -165.36357
15750.76660 -165.36024
15753.45605 -165.57474
15756.14648 -165.58072
15758.84570 -164.47095
15761.53516 -165.39857
15764.22754 -165.64275
15766.91895 -165.53903
15769.60156 -165.53836
15772.29492 -165.83456
15774.99609 -165.52528
15777.69043 -166.10750
15780.38477 -166.61935
15783.06152 -166.18628
15785.75586 -165.92906
15788.45117 -166.07297
15791.14746 -165.79036
15793.82617 -165.96912
15796.52344 -165.18826
15799.21973 -165.83621
15801.91797 -166.85210
15804.59863 -165.60640
15807.29688 -165.57332
15809.98828 -165.83493
15812.67773 -165.42345
15815.37012 -165.91539
15818.06152 -165.81276
15820.76270 -166.09720
15823.44629 -166.13612
15826.13867 -165.76320
15828.82422 -166.05762
15831.52734 -165.92404
15834.22070 -165.75644
15836.90820 -165.86465
15839.59473 -165.73219
15842.29883 -165.68703
15844.97852 -166.33594
15847.67480 -165.50772
15850.36328 -165.50787
15853.06152 -165.56934
15855.75977 -166.12950
15858.43945 -165.67996
15861.14062 -166.24806
15863.83008 -165.59386
15866.52246 -164.17374
15869.20410 -165.95079
15871.90527 -165.27013
15874.59863 -166.22723
15877.29102 -165.87881
15879.97559 -165.90056
15882.66992 -165.89442
15885.36523 -165.99425
15888.05859 -164.58174
15890.74609 -165.72984
15893.44238 -165.81004
15896.12891 -165.59244
15898.81738 -165.05045
15901.51465 -165.79164
15904.20410 -166.02344
15906.90234 -165.65700
15909.59180 -165.40080
15912.28320 -166.00537
15914.97266 -165.60132
15917.66406 -166.04054
15920.35645 -165.74319
15923.04785 -165.74260
15925.74121 -165.68347
15928.43359 -165.74808
15931.12695 -165.97357
15933.82031 -166.17795
15936.50586 -165.84351
15939.20996 -165.58875
15941.89648 -165.80678
15944.58398 -166.20155
15947.28027 -165.85774
15949.97656 -165.74445
15952.66504 -165.42496
15955.34570 -166.00835
15958.04297 -165.74611
15960.74219 -165.65912
15963.43262 -165.62483
15966.12305 -165.32750
15968.81348 -165.50632
15971.49609 -165.89885
15974.19727 -166.02689
15976.88965 -165.24931
15979.58203 -166.05246
15982.27637 -165.31458
15984.96094 -165.23715
15987.65527 -166.09991
15990.35059 -165.56612
15993.04590 -165.58969
15995.73242 -166.13875
15998.42773 -165.73952
16001.11523 -165.62308
16003.81348 -165.55560
16006.49316 -165.48567
16009.19043 -165.38612
16011.87988 -165.76082
16014.57031 -165.55287
16017.26953 -166.73817
16019.96094 -165.73807
16022.66113 -165.76495
16025.35254 -165.82138
16028.03613 -166.99170
16030.72070 -165.61333
16033.43164 -165.83124
16036.11523 -166.13393
16038.80957 -167.19695
16041.50391 -166.30666
16044.19922 -165.49585
16046.87695 -165.33086
16049.57227 -166.15839
16052.26074 -165.69011
16054.95703 -165.73724
16057.64551 -166.00203
16060.34277 -166.49741
16063.03320 -165.92891
16065.73145 -165.60245
16068.42188 -166.36987
16071.11230 -166.08359
16073.80371 -165.17775
16076.49512 -165.94443
16079.18750 -165.33864
16081.87988 -166.01642
16084.57227 -165.49179
16087.26562 -165.47641
16089.95996 -165.99687
16092.64551 -166.23579
16095.34082 -166.10907
16098.02637 -165.73380
16100.72266 -165.84203
16103.40918 -165.78535
16106.10547 -165.66022
16108.80371 -165.65163
16111.49219 -166.35329
16114.18066 -165.67139
16116.87012 -165.39169
16119.56934 -165.65588
16122.25977 -165.34930
16124.95020 -164.54175
16127.64160 -165.85774
16130.33301 -166.00354
16133.02637 -165.80673
16135.70898 -165.92000
16138.41211 -165.30728
16141.10449 -166.30540
16143.79004 -165.58669
16146.48438 -165.12468
16149.17969 -166.41457
16151.86621 -166.00180
16154.56152 -166.10020
16157.25000 -166.24100
16159.94629 -165.84372
16162.64258 -165.75789
16165.32324 -165.59671
16168.02148 -165.40208
16170.71094 -165.55939
16173.40918 -165.20876
16176.09961 -165.34946
16178.79102 -165.75362
16181.48242 -165.81067
16184.16504 -165.88728
16186.86621 -166.08374
16189.55078 -166.29047
16192.25195 -165.99782
16194.93750 -166.48166
16197.63184 -166.10078
16200.31738 -165.79503
16203.02148 -165.70525
16205.70801 -166.15280
16208.40332 -166.01834
16211.09180 -165.39830
16213.77930 -165.80057
16216.47559 -166.12627
16219.16504 -165.52335
16221.86328 -166.41829
16224.55176 -166.06450
16227.24219 -165.75899
16229.93262 -166.26311
16232.62500 -166.67216
16235.32422 -165.75244
16238.01660 -165.99921
16240.69922 -165.86966
16243.40234 -165.57423
16246.08594 -165.73701
16248.78906 -166.27406
16251.47363 -165.43294
16254.15918 -165.57312
16256.85449 -165.36192
16259.54980 -165.98753
16262.23730 -165.59424
16264.92383 -165.72618
16267.62109 -165.30333
16270.31055 -165.67285
16273.00781 -165.88547
16275.69727 -165.46992
16278.39453 -165.59781
16281.08496 -165.89157
16283.77539 -165.50073
16286.46680 -165.74467
16289.16797 -165.69576
16291.85059 -165.42978
16294.54199 -165.95856
16297.23535 -166.41104
16299.92773 -166.09621
16302.62207 -166.13264
16305.31641 -165.59767
16308.00977 -164.29163
16310.69727 -166.09642
16313.39258 -165.45599
16316.07910 -165.88269
16318.76758 -166.64851
16321.47266 -166.05153
16324.16016 -165.83545
16326.84961 -165.64383
16329.53906 -165.75233
16332.23730 -165.67697
16334.92676 -165.83116
16337.61719 -165.62289
16340.30859 -164.41258
16342.99902 -165.85446
16345.69238 -166.17374
16348.38379 -166.31560
16351.07617 -165.60097
16353.76074 -165.78583
16356.46387 -166.36685
16359.14844 -165.97220
16361.84375 -167.27483
16364.53711 -165.88281
16367.22461 -166.01678
16369.91992 -166.19348
16372.60742 -166.48763
16375.30371 -165.90500
16377.99219 -165.81088
16380.68945 -165.59314
16383.37891 -167.23584
16386.07617 -166.16853
16388.76758 -166.44388
16391.45703 -165.59819
16394.14844 -165.70288
16396.83008 -165.60760
16399.53125 -166.27081
16402.22266 -166.17505
16404.91602 -166.48888
16407.60938 -165.74870
16410.30078 -165.91734
16412.99609 -166.35811
16415.68164 -165.67105
16418.37695 -165.96832
16421.07227 -165.89952
16423.75781 -165.64981
16426.45312 -165.42345
16429.14258 -166.02049
16431.83789 -165.82695
16434.52734 -166.13867
16437.22461 -166.48488
16439.91406 -166.10004
16442.59570 -165.62408
16445.29492 -166.28508
16447.98438 -166.12093
16450.67578 -165.86848
16453.36719 -165.79205
16456.06836 -165.90440
16458.75195 -166.03848
16461.44336 -166.22954
16464.13672 -165.50677
16466.83203 -166.14610
16469.51562 -165.68822
16472.21094 -165.69241
16474.91406 -165.81955
16477.59180 -166.30188
16480.28906 -165.04594
16482.98438 -166.03018
16485.67188 -166.27551
16488.36914 -165.85902
16491.05859 -166.18636
16493.74609 -165.63388
16496.44531 -166.20978
16499.12500 -165.63455
16501.82617 -165.99873
16504.52539 -165.85417
16507.20898 -166.54724
16509.90039 -166.47406
16512.59961 -165.71257
16515.28516 -165.57690
16517.97656 -166.06949
16520.66992 -165.79532
16523.36328 -166.53067
16526.05078 -166.05077
16528.74414 -165.99680
16531.43945 -165.75999
16534.12500 -167.00043
16536.82227 -165.65880
16539.51953 -165.96259
16542.20508 -165.77434
16544.89453 -166.73831
16547.59375 -165.74301
16550.28125 -165.67084
16552.97070 -165.69489
16555.66211 -165.93007
16558.36133 -166.08643
16561.05273 -165.56944
16563.74219 -165.91098
16566.42578 -165.70096
16569.12695 -165.81535
16571.82031 -166.52524
16574.51367 -166.19760
16577.20703 -166.66330
16579.89062 -165.97861
16582.58594 -166.40533
16585.27148 -165.59593
16587.96680 -166.42625
16590.66211 -166.27275
16593.34961 -166.11023
16596.03711 -166.12064
16598.74219 -165.78616
16601.42188 -166.02644
16604.11914 -166.08208
16606.80859 -165.47638
16609.50781 -166.03427
16612.19922 -166.29021
16614.88867 -165.58076
16617.58008 -165.62410
16620.28125 -166.14760
16622.96484 -165.73729
16625.65625 -165.61832
16628.34766 -166.11917
16631.04102 -166.16455
16633.73438 -165.31163
16636.42969 -166.44980
16639.11523 -166.44566
16641.80859 -166.03026
16644.49609 -165.81018
16647.20117 -165.64754
16649.88672 -165.94435
16652.57422 -166.24080
16655.27148 -165.93695
16657.96094 -165.75778
16660.65820 -166.00276
16663.33789 -165.78661
16666.02734 -165.95859
16668.73633 -165.53441
16671.42773 -165.51204
16674.11914 -166.31224
16676.80859 -165.35062
16679.49219 -166.39590
16682.19336 -166.14549
16684.87695 -165.69930
16687.57031 -165.66922
16690.26367 -165.75758
16692.95703 -165.99400
16695.65234 -165.39476
16698.33789 -165.68483
16701.03320 -165.74976
16703.72070 -166.09695
16706.41602 -166.05341
16709.10352 -166.14331
16711.80078 -166.29077
16714.49805 -166.82545
16717.17773 -166.33615
16719.87695 -166.41891
16722.57617 -165.50589
16725.25586 -165.69101
16727.95508 -167.04964
16730.63672 -166.11192
16733.33789 -166.18013
16736.03125 -166.30428
16738.71289 -166.20059
16741.41406 -166.10529
16744.10742 -165.90451
16746.80078 -166.30925
16749.48633 -165.69965
16752.17969 -165.92020
16754.86523 -166.09103
16757.56055 -165.61691
16760.25586 -164.92705
16762.95312 -165.99721
16765.64062 -165.84892
16768.33789 -166.18817
16771.02539 -166.40602
16773.71484 -165.89793
16776.41211 -165.70451
16779.10156 -165.89876
16781.79297 -165.99896
16784.48242 -165.80667
16787.17188 -165.65796
16789.87305 -166.14015
16792.55664 -166.39195
16795.24805 -166.00742
16797.94141 -165.89168
16800.63281 -166.38055
16803.32617 -166.34354
16806.01953 -165.82050
16808.71484 -166.11008
16811.40039 -165.45709
16814.09570 -166.23575
16816.79102 -166.07573
16819.47656 -165.81451
16822.17383 -165.59026
16824.86133 -165.70532
16827.55078 -166.03487
16830.24805 -165.42319
16832.94531 -165.78307
16835.62695 -166.54984
16838.32422 -165.49388
16841.01562 -165.64107
16843.70703 -165.76564
16846.40625 -164.77943
16849.08789 -166.09184
16851.77930 -165.76688
16854.47266 -166.46844
16857.16602 -166.78209
16859.85938 -166.29268
16862.55273 -166.12590
16865.23633 -166.23438
16867.93164 -164.71416
16870.63672 -165.82686
16873.31250 -166.18875
16876.01758 -165.71692
16878.70508 -166.30627
16881.40234 -165.92189
16884.08789 -165.77385
16886.78516 -165.92142
16889.47461 -165.84309
16892.15430 -166.03735
16894.85352 -166.19112
16897.55273 -166.10422
16900.24219 -166.42059
16902.93359 -165.89897
16905.62500 -166.35342
16908.31641 -166.35901
16911.00000 -166.56531
16913.70117 -165.71989
16916.39453 -165.88777
16919.08789 -166.07835
16921.77344 -165.20747
16924.46680 -166.03212
16927.16016 -166.30806
16929.84766 -166.05118
16932.54297 -166.25636
16935.23828 -165.73418
16937.92578 -165.68536
16940.61328 -166.56851
16943.31836 -165.39928
16946.00781 -166.46919
16948.69531 -166.54913
16951.38477 -166.32701
16954.08398 -165.40266
16956.77539 -166.18565
16959.46484 -166.30655
16962.15625 -166.38400
16964.84766 -166.48274
16967.53906 -165.74168
16970.23242 -165.89873
16972.92383 -165.39937
16975.61719 -166.59833
16978.31055 -166.06383
16980.99414 -165.92433
16983.69922 -165.95648
16986.38477 -166.79027
16989.07031 -166.50484
16991.76562 -165.86824
16994.46094 -166.44957
16997.14844 -166.58318
16999.83594 -166.07480
17002.53516 -166.08066
17005.22266 -165.86311
17007.91992 -166.89275
17010.60938 -165.80473
17013.29883 -166.16020
17015.99805 -166.42241
17018.67969 -166.82536
17021.37109 -165.93378
17024.07227 -166.33986
17026.76367 -166.39128
17029.45508 -166.67976
17032.14844 -166.15256
17034.84180 -166.31523
17037.52539 -166.04366
17040.23047 -166.13206
17042.91406 -165.83270
17045.60938 -165.67032
17048.29492 -166.43918
17050.99023 -165.10260
17053.67578 -166.20264
17056.37305 -165.69276
17059.06055 -166.50996
17061.75977 -166.25854
17064.44727 -165.88306
17067.14453 -165.61813
17069.83398 -165.68488
17072.53320 -166.59274
17075.21289 -166.37227
17077.91406 -166.28867
17080.60547 -166.36464
17083.29688 -165.91890
17085.98828 -166.06458
17088.67969 -165.90508
17091.36328 -166.10663
17094.05664 -166.25685
17096.75000 -166.24751
17099.44531 -165.85291
17102.13867 -165.85638
17104.83203 -166.68243
17107.52734 -166.18161
17110.21484 -165.96823
17112.90234 -166.19574
17115.58789 -164.81383
17118.28516 -166.05347
17120.98242 -165.99411
17123.67969 -166.59210
17126.36914 -166.38171
17129.05859 -166.09369
17131.74805 -165.91251
17134.43750 -166.09404
17137.13672 -165.39008
17139.82031 -166.76111
17142.51172 -165.99515
17145.21289 -165.89865
17147.90430 -167.18767
17150.58789 -165.96599
17153.27930 -166.49806
17155.97461 -165.93918
17158.66797 -165.75389
17161.35156 -165.83424
17164.04688 -166.19855
17166.74219 -166.05576
17169.43750 -166.82489
17172.13281 -165.54945
17174.83008 -166.05046
17177.50781 -165.95784
17180.20508 -166.16039
17182.90234 -166.82187
17185.58203 -165.96132
17188.27930 -166.06779
17190.97852 -165.55247
17193.66016 -165.95607
17196.35938 -165.87051
17199.05078 -165.87796
17201.74219 -165.87650
17204.43164 -166.58328
17207.11523 -166.16180
17209.81641 -166.27898
17212.50195 -167.50693
17215.19336 -165.78539
17217.88867 -166.24236
17220.58203 -166.53549
17223.27734 -165.71146
17225.97266 -166.34636
17228.66797 -166.43205
17231.35156 -166.37753
17234.04883 -166.98094
17236.73633 -166.06708
17239.43359 -165.95500
17242.11133 -166.27065
17244.82031 -166.27269
17247.49805 -166.21210
17250.19727 -165.69809
17252.88672 -165.78391
17255.58789 -164.36635
17258.26758 -165.46860
17260.96875 -166.25310
17263.66016 -166.31441
17266.34180 -165.71414
17269.04297 -166.75581
17271.73633 -165.76561
17274.42969 -166.14255
17277.11328 -164.81624
17279.80664 -166.14920
17282.50195 -165.61002
17285.19727 -165.69566
17287.88281 -166.22282
17290.57812 -165.87956
17293.26367 -166.54582
17295.96094 -166.08743
17298.65625 -167.34993
17301.33594 -165.91406
17304.03320 -165.88458
17306.73047 -166.49873
17309.41992 -166.29846
17312.11914 -166.43846
17314.80078 -166.16226
17317.48828 -165.78787
17320.17969 -165.65933
17322.88086 -165.98718
17325.57227 -165.78006
17328.26367 -166.04085
17330.94727 -166.35260
17333.65039 -166.48914
17336.34375 -166.03461
17339.03516 -166.29036
17341.72070 -165.68468
17344.42578 -166.29587
17347.10938 -166.49518
17349.79688 -166.49878
17352.49219 -165.87129
17355.17773 -166.44965
17357.87500 -166.26247
17360.57031 -166.04832
17363.25977 -166.20512
17365.94727 -166.16451
17368.63672 -165.84702
17371.33594 -166.62128
17374.03516 -165.82011
17376.72266 -166.32324
17379.41406 -166.10660
17382.10547 -166.23067
17384.79688 -165.71922
17387.48828 -165.96159
17390.17969 -166.27463
17392.86328 -166.16896
17395.56445 -165.76074
17398.24805 -165.96512
17400.95312 -166.30244
17403.63672 -166.49132
17406.33008 -166.36508
17409.02539 -166.29626
17411.71094 -166.16367
17414.40625 -165.68381
17417.09375 -166.12981
17419.78906 -166.22968
17422.48828 -165.65787
17425.17578 -166.21255
17427.87305 -165.32507
17430.56250 -166.56364
17433.25000 -166.36420
17435.93945 -166.27577
17438.64062 -165.38503
17441.33008 -166.25179
17444.02148 -166.44748
17446.71289 -165.81870
17449.40430 -167.51982
17452.09570 -166.12639
17454.77930 -165.93594
17457.47266 -166.55920
17460.16406 -165.69717
17462.86914 -166.08995
17465.55273 -166.09685
17468.24609 -166.11241
17470.93359 -164.93915
17473.62891 -165.99159
17476.32422 -166.67950
17479.00977 -166.31796
17481.69727 -166.59830
17484.39453 -166.15779
17487.09180 -166.33138
17489.77930 -166.62022
17492.47852 -166.12643
17495.17773 -166.39751
17497.85547 -166.25159
17500.54492 -166.31311
17503.23633 -166.07085
17505.93555 -166.20677
17508.62891 -166.34276
17511.32031 -166.76651
17514.01172 -166.28522
17516.70312 -166.98502
17519.39648 -165.71074
17522.08008 -165.56157
17524.77344 -166.42575
17527.46875 -166.12646
17530.16211 -166.05559
17532.84766 -165.81871
17535.54297 -166.52588
17538.23828 -166.46864
17540.92578 -166.15216
17543.62109 -166.42224
17546.31836 -166.04889
17548.99609 -165.49477
17551.69531 -166.51671
17554.39258 -166.18039
17557.08203 -165.08897
17559.76953 -165.71179
17562.46875 -165.75166
17565.16016 -166.00386
17567.84961 -166.49216
17570.54297 -166.21884
17573.23242 -166.31375
17575.92578 -166.17392
17578.61719 -166.62656
17581.31055 -166.18047
17584.00195 -165.96632
17586.68750 -166.29436
17589.37891 -166.19780
17592.07422 -166.38651
17594.76953 -166.45139
17597.46484 -165.61476
17600.15039 -165.25583
17602.85547 -166.21362
17605.53320 -166.09177
17608.23047 -166.14368
17610.91602 -165.79526
17613.61523 -166.59250
17616.30273 -166.02739
17619.00195 -166.52222
17621.68164 -166.62465
17624.39062 -166.49057
17627.07031 -165.97314
17629.76953 -166.17072
17632.45117 -166.37445
17635.14258 -165.99518
17637.83398 -166.14371
17640.53516 -166.64464
17643.22852 -164.87659
17645.92188 -165.86307
17648.61523 -166.01884
17651.29883 -166.52345
17653.99219 -166.34473
17656.68750 -166.19473
17659.37305 -166.03351
17662.06836 -166.66862
17664.76367 -167.41901
17667.45898 -166.28156
17670.14648 -165.82239
17672.83398 -166.33943
17675.53125 -165.97961
17678.21875 -166.19713
17680.91602 -166.20462
17683.60547 -166.29918
17686.29492 -166.66766
17688.98438 -166.43065
17691.68359 -166.52434
17694.37500 -166.22060
17697.06641 -166.24843
17699.74805 -166.00922
17702.44922 -166.37920
17705.14062 -166.56725
17707.82422 -167.98653
17710.52734 -166.09546
17713.22070 -166.53813
17715.90430 -166.26534
17718.59766 -166.12099
17721.28516 -166.56671
17723.98828 -166.61552
17726.67383 -166.25728
17729.37109 -166.87120
17732.05664 -166.10832
17734.75391 -166.35442
17737.43945 -166.19434
17740.13867 -166.04204
17742.82617 -166.54042
17745.51562 -165.83005
17748.21289 -166.42116
17750.90234 -166.29558
17753.59180 -166.41403
17756.29297 -166.08342
17758.98242 -166.23239
17761.67383 -166.29706
17764.35547 -166.58890
17767.04688 -166.15866
17769.75000 -165.77037
17772.44336 -164.74757
17775.12500 -166.07123
17777.82812 -166.42700
17780.51172 -165.89229
17783.20703 -165.95639
17785.89258 -166.28342
17788.58789 -166.52101
17791.28320 -166.35959
17793.96875 -166.27173
17796.66406 -166.61046
17799.36133 -166.06628
17802.04883 -166.46263
17804.73828 -165.99915
17807.43555 -166.25604
17810.12305 -166.85045
17812.81250 -166.66566
17815.51172 -166.87059
17818.21094 -165.93074
17820.90039 -166.61282
17823.59180 -166.32036
17826.27344 -166.11551
17828.96484 -166.03868
17831.65625 -165.87233
17834.34961 -166.58243
17837.05078 -165.75934
17839.73438 -166.03711
17842.43750 -165.99220
17845.12109 -165.95226
17847.81641 -166.39143
17850.50977 -166.57884
17853.20508 -165.90263
17855.89062 -165.87965
17858.58789 -165.34988
17861.27344 -166.27576
17863.96094 -166.15474
17866.65820 -166.37784
17869.34570 -165.99377
17872.04297 -166.30499
17874.74219 -166.33032
17877.42969 -166.22044
17880.11914 -166.38303
17882.81055 -166.14120
17885.50000 -166.44031
17888.20117 -166.28006
17890.89062 -166.53848
17893.58203 -166.64886
17896.26562 -166.12587
17898.96680 -166.32957
17901.65820 -165.22029
17904.35156 -166.38411
17907.03516 -166.25310
17909.72852 -166.05116
17912.42383 -165.87912
17915.11914 -166.03334
17917.80469 -166.04439
17920.50000 -166.92020
17923.18555 -165.77873
17925.88086 -166.36975
17928.56836 -166.36989
17931.26562 -166.90047
17933.96289 -165.76556
17936.65039 -165.69241
17939.33789 -166.06833
17942.03711 -166.02914
17944.72656 -166.91283
17947.41602 -166.36417
17950.11523 -165.72104
17952.79688 -166.58031
17955.49609 -165.84549
17958.18750 -166.72595
17960.88086 -165.77788
17963.57227 -166.32831
17966.26562 -166.10385
17968.94727 -166.47549
17971.64062 -166.51021
17974.33398 -165.54506
17977.02930 -166.12508
17979.73242 -165.92601
17982.40625 -165.98099
17985.10156 -166.62932
17987.78906 -165.93460
17990.49414 -166.79253
17993.18164 -165.96274
17995.87695 -166.13602
17998.55664 -166.42155
18001.25391 -166.32565
18003.96094 -166.39389
18006.63867 -166.08521
18009.33789 -168.13763
18012.02930 -166.06572
18014.70898 -166.48088
18017.40820 -166.28181
18020.10938 -165.94756
18022.78906 -166.15256
18025.49023 -165.69052
18028.18164 -166.36884
18030.86523 -166.32468
18033.55859 -166.55820
18036.25195 -166.04591
18038.94336 -166.61946
18041.63867 -166.04607
18044.33203 -166.33696
18047.02734 -166.15675
18049.72266 -166.32632
18052.40625 -165.52301
18055.09375 -166.42851
18057.79883 -165.69243
18060.47656 -166.32428
18063.17383 -165.76468
18065.86133 -166.08244
18068.55859 -166.40742
18071.24805 -166.22098
18073.94531 -167.32065
18076.63477 -166.90253
18079.32422 -166.47693
18082.02344 -166.33565
18084.71484 -166.24638
18087.40430 -166.65215
18090.09570 -166.42004
18092.78906 -166.28752
18095.47070 -166.42322
18098.17188 -166.45999
18100.86523 -166.13828
18103.55859 -165.70969
18106.24219 -166.81511
18108.93555 -165.79474
18111.62891 -166.25687
18114.32422 -166.86433
18117.00977 -166.77008
18119.70508 -165.81152
18122.39062 -165.82979
18125.08789 -166.04828
18127.77539 -166.89137
18130.47070 -166.23038
18133.16016 -166.68654
18135.85742 -166.12877
18138.54492 -166.65396
18141.24414 -166.59274
18143.93359 -166.58490
18146.62305 -166.52637
18149.31250 -166.91679
18152.00391 -166.08403
18154.69336 -166.79172
18157.39453 -166.13533
18160.08594 -166.47803
18162.77734 -166.01074
18165.47070 -165.80302
18168.16406 -166.15396
18170.84766 -166.02043
18173.53906 -166.34052
18176.23438 -166.34700
18178.91797 -166.35255
18181.62305 -166.78067
18184.30859 -166.36514
18187.00391 -166.17111
18189.69922 -166.42068
18192.38672 -166.51920
18195.08203 -165.78934
18197.77148 -166.70422
18200.45703 -166.66174
18203.15625 -166.31645
18205.84375 -166.21048
18208.54297 -166.37364
18211.22266 -166.77580
18213.92188 -166.36911
18216.61133 -166.29501
18219.30078 -166.38399
18221.99414 -166.72325
18224.69336 -166.24702
18227.38477 -166.47795
18230.06641 -165.87975
18232.76953 -166.31158
18235.46289 -165.98848
18238.14648 -166.46715
18240.84961 -165.64511
18243.53320 -166.25938
18246.22852 -166.87079
18248.92188 -166.47415
18251.60742 -166.00735
18254.31250 -166.04436
18256.99805 -166.31458
18259.68555 -166.40016
18262.37109 -166.74060
18265.06836 -165.81610
18267.75586 -168.11871
18270.45312 -166.53734
18273.15234 -166.29356
18275.84180 -166.28795
18278.53125 -167.37448
18281.21875 -166.32458
18283.91992 -166.86349
18286.60938 -166.43956
18289.30078 -166.39059
18291.99023 -166.68277
18294.69141 -166.36247
18297.37500 -166.83144
18300.06641 -166.47389
18302.75977 -166.16461
18305.45312 -166.39371
18308.14648 -166.38499
18310.83008 -167.65495
18313.52344 -165.94427
18316.21875 -166.30872
18318.91406 -166.00476
18321.59961 -166.06372
18324.29492 -166.25429
18326.98047 -166.61829
18329.67773 -166.29556
18332.36523 -165.93777
18335.06055 -166.75476
18337.75977 -166.20003
18340.44727 -165.86432
18343.13672 -166.10333
18345.82422 -165.46269
18348.52344 -166.67122
18351.21289 -165.89804
18353.90430 -166.36842
18356.60352 -166.21248
18359.29492 -167.06113
18361.98633 -167.01865
18364.67773 -166.03743
18367.37109 -166.37820
18370.06250 -166.19379
18372.74609 -165.69891
18375.43750 -165.35999
18378.13281 -165.96350
18380.82617 -166.19843
18383.51953 -166.97250
18386.20703 -166.80368
18388.90039 -166.67255
18391.59766 -166.38977
18394.28125 -166.94673
18396.97852 -166.33124
18399.66602 -166.42328
18402.36133 -166.35063
18405.06055 -165.85835
18407.74805 -166.40532
18410.44727 -166.40970
18413.13477 -166.09570
18415.82422 -166.02187
18418.51367 -166.35130
18421.20312 -166.60699
18423.90430 -166.26628
18426.59375 -165.90527
18429.28516 -166.86121
18431.97656 -165.78319
18434.66797 -166.50635
18437.36133 -166.68741
18440.04297 -166.01596
18442.74609 -166.25121
18445.42969 -166.24585
18448.13281 -166.15475
18450.81641 -167.08595
18453.52148 -166.56023
18456.20703 -166.35712
18458.89062 -166.51227
18461.58789 -167.31487
18464.27344 -166.55794
18466.98047 -166.36339
18469.65625 -166.61743
18472.35352 -165.57327
18475.05078 -165.98007
18477.73828 -166.56476
18480.43750 -166.42274
18483.11719 -166.03394
18485.81641 -166.96799
18488.50586 -166.20197
18491.19531 -166.42233
18493.89453 -166.06505
18496.58594 -166.45703
18499.27734 -166.49471
18501.95898 -166.55978
18504.66016 -167.00143
18507.34180 -166.26060
18510.03516 -166.10603
18512.73828 -166.47742
18515.42188 -165.79662
18518.11719 -166.31323
18520.81055 -166.28748
18523.50391 -165.86737
18526.18945 -166.54561
18528.88477 -166.24623
18531.58008 -166.85597
18534.26562 -166.12889
18536.96289 -167.41620
18539.65039 -166.02733
18542.33789 -166.14055
18545.03516 -166.22174
18547.73242 -165.22914
18550.42188 -166.20003
18553.10938 -166.55255
18555.80859 -166.93732
18558.49805 -166.99548
18561.18945 -167.06573
18563.87891 -166.31963
18566.57031 -165.79970
18569.25977 -166.10420
18571.95117 -166.60252
18574.64453 -165.98549
18577.33594 -166.25391
18580.02930 -166.95221
18582.72266 -165.94615
18585.41406 -166.19122
18588.11914 -166.45398
18590.80273 -166.50856
18593.49805 -166.09483
18596.19336 -166.65546
18598.87891 -166.34486
18601.57422 -165.35637
18604.25977 -166.15254
18606.95508 -166.28867
18609.64258 -166.32784
18612.33008 -166.90045
18615.02734 -166.37201
18617.72656 -166.53912
18620.41406 -166.39554
18623.10156 -165.86229
18625.80273 -166.02412
18628.49219 -166.08957
18631.19141 -166.57233
18633.87109 -166.60896
18636.56055 -166.24272
18639.25391 -166.53079
18641.95508 -166.77571
18644.64648 -166.83156
18647.33789 -166.10918
18650.03125 -166.59747
18652.72266 -166.32562
18655.41602 -166.62311
18658.10156 -166.25330
18660.79492 -166.63577
18663.47852 -166.64047
18666.17383 -166.23016
18668.85938 -166.29263
18671.56445 -166.85344
18674.25000 -166.39835
18676.93555 -166.48695
18679.64453 -166.19373
18682.33008 -166.22716
18685.01758 -166.62868
18687.71680 -166.79863
18690.40430 -166.40631
18693.10156 -166.18372
18695.78125 -165.94029
18698.48047 -166.03256
18701.16992 -166.42120
18703.85938 -166.12509
18706.56055 -166.13382
18709.25195 -165.28313
18711.94336 -165.92082
18714.63477 -166.21901
18717.31641 -166.16617
18720.01758 -166.46115
18722.71094 -165.78630
18725.40430 -166.29298
18728.09766 -166.19173
18730.78125 -167.01784
18733.47656 -166.41208
18736.16992 -166.73445
18738.86523 -166.86893
18741.55078 -166.56784
18744.24609 -166.09326
18746.94336 -166.02971
18749.62891 -166.41280
18752.32617 -165.85403
18755.01367 -166.58891
18757.70117 -166.23553
18760.39844 -166.79672
18763.08789 -166.29732
18765.77734 -166.62518
18768.47461 -166.54182
18771.16406 -166.27824
18773.85547 -166.57701
18776.54492 -166.25871
18779.24609 -166.19753
18781.92578 -166.87630
18784.61719 -166.28159
18787.32031 -166.40334
18790.00195 -166.51025
18792.70312 -166.31165
18795.39648 -165.63600
18798.08008 -166.59621
18800.77344 -165.83702
18803.46875 -166.27046
18806.15039 -166.44342
18808.84570 -166.12642
18811.54102 -166.74052
18814.23633 -166.56973
18816.93359 -167.09645
18819.61914 -166.03722
18822.31641 -166.36494
18825.00195 -166.15596
18827.69922 -166.80339
18830.37695 -166.49182
18833.07617 -166.41399
18835.77344 -166.19017
18838.46289 -165.86772
18841.15234 -166.48506
18843.84180 -166.27386
18846.54102 -166.37560
18849.23242 -166.70740
18851.93359 -166.67128
18854.61328 -166.55153
18857.30469 -166.32001
18859.99805 -167.33844
18862.68945 -166.07765
18865.38281 -166.37172
18868.07422 -166.12724
18870.76758 -166.42630
18873.46094 -166.38850
18876.14453 -166.14609
18878.84961 -166.82812
18881.53516 -167.42561
18884.23047 -166.25803
18886.91602 -166.13713
18889.61133 -165.66040
18892.30664 -166.22495
18894.98438 -166.27821
18897.69141 -166.54927
18900.37891 -166.79007
18903.06641 -165.94525
18905.76367 -166.58423
18908.46289 -166.24496
18911.14062 -166.54967
18913.83984 -166.27443
18916.53125 -165.84825
18919.22070 -166.74794
18921.91016 -166.44318
18924.60156 -166.46384
18927.30273 -166.80788
18929.98242 -166.86438
18932.68555 -166.33105
18935.36719 -166.47595
18938.05859 -166.53783
18940.76367 -166.15808
18943.45508 -166.32709
18946.14062 -166.09908
18948.84375 -166.53687
18951.51758 -166.85684
18954.21289 -166.59293
18956.90820 -166.65613
18959.60352 -166.51123
18962.30078 -165.99677
18964.98438 -166.70390
18967.68164 -165.33324
18970.36914 -165.86708
18973.05469 -166.71005
18975.75391 -166.50577
18978.45312 -166.44400
18981.14062 -165.94591
18983.82812 -166.22786
18986.51758 -166.57660
18989.21680 -166.00571
18991.90625 -166.52570
18994.59766 -166.63600
18997.28711 -166.33234
18999.97852 -166.35736
19002.67969 -165.96704
19005.37305 -166.42348
19008.06445 -166.49524
19010.74609 -166.22067
19013.43945 -166.33707
19016.13281 -166.32182
19018.83594 -166.47408
19021.51953 -166.31335
19024.21484 -166.42950
19026.89844 -166.48775
19029.59375 -166.19324
19032.27930 -166.90456
19034.97461 -166.16176
19037.66016 -166.98770
19040.36719 -166.78523
19043.05469 -166.00764
19045.75000 -166.51241
19048.43945 -166.50249
19051.13672 -166.17761
19053.82422 -167.32068
19056.51367 -167.10789
19059.20117 -166.16429
19061.89062 -166.72852
19064.59180 -167.31261
19067.28125 -166.34059
19069.97266 -166.24323
19072.66211 -166.00700
19075.35352 -167.38074
19078.04492 -166.37489
19080.73828 -166.41525
19083.42969 -166.21361
19086.12109 -166.16730
19088.81445 -166.35437
19091.50781 -166.42360
19094.19141 -166.75220
19096.88672 -166.21028
19099.58008 -166.10103
19102.27539 -166.52171
19104.97070 -166.44473
19107.65430 -166.34407
19110.35156 -166.02695
19113.04883 -166.94833
19115.73438 -166.25197
19118.43164 -165.35760
19121.11719 -166.23746
19123.81641 -166.39365
19126.51562 -166.80276
19129.20312 -165.90193
19131.89062 -166.70055
19134.58008 -166.63637
19137.26953 -166.69109
19139.96875 -166.93248
19142.66016 -166.25948
19145.34961 -166.85667
19148.05078 -166.08652
19150.73242 -166.69542
19153.42383 -166.38467
19156.11523 -166.19727
19158.80859 -166.54778
19161.50195 -168.13644
19164.19531 -166.10248
19166.88867 -166.00862
19169.57227 -166.73666
19172.26562 -165.47957
19174.95898 -166.28764
19177.65430 -166.28784
19180.33984 -166.25412
19183.03516 -165.67421
19185.72070 -166.70039
19188.41797 -166.71710
19191.11523 -166.78891
19193.81250 -166.90488
19196.50000 -166.28920
19199.18750 -166.48294
19201.88477 -166.66483
19204.57422 -165.43463
19207.26172 -166.64983
19209.96289 -166.27113
19212.65234 -166.43929
19215.33008 -166.87721
19218.03125 -167.06032
19220.72070 -166.40950
19223.42188 -166.68726
19226.10352 -166.62521
19228.80664 -166.32785
19231.48633 -166.28383
19234.17969 -166.50844
19236.88281 -167.08226
19239.57617 -166.71077
19242.25977 -166.12216
19244.95312 -166.68771
19247.64844 -167.85161
19250.33008 -166.53586
19253.02539 -166.51723
19255.72070 -166.22227
19258.40625 -166.45851
19261.10352 -166.62866
19263.78906 -166.82895
19266.48633 -166.68103
19269.18359 -165.83667
19271.87109 -166.43112
19274.56836 -166.36357
19277.25586 -166.61371
19279.94531 -166.66878
19282.64453 -166.16690
19285.33398 -166.21164
19288.02344 -166.35014
19290.71094 -167.24306
19293.40234 -166.55008
19296.09180 -166.12268
19298.78320 -166.80513
19301.48633 -166.21303
19304.17578 -166.23042
19306.86914 -166.79260
19309.56055 -166.72739
19312.25391 -166.39726
19314.94531 -166.41609
19317.62891 -166.57959
19320.33398 -166.37517
19323.01758 -165.76933
19325.71289 -166.09686
19328.39648 -166.22600
19331.09180 -166.26126
19333.78711 -166.33987
19336.48438 -166.69191
19339.16992 -166.03458
19341.86719 -166.77736
19344.55273 -165.82014
19347.25000 -166.36935
19349.93750 -166.18214
19352.62500 -166.57314
19355.32422 -165.47653
19358.01172 -165.95305
19360.71289 -166.51634
19363.39062 -166.30943
19366.09180 -166.90836
19368.79102 -166.44145
19371.47266 -166.63472
19374.16211 -166.18634
19376.86328 -166.81717
19379.54492 -166.44453
19382.23633 -166.47993
19384.93945 -166.17743
19387.62109 -166.00703
19390.32422 -165.89581
19393.00781 -167.14589
19395.70117 -166.76482
19398.39648 -167.81364
19401.07812 -166.51770
19403.77344 -166.27031
19406.46875 -166.77829
19409.16406 -167.12042
19411.85156 -166.23764
19414.54688 -166.46066
19417.23242 -166.28737
19419.92969 -166.62401
19422.61719 -166.24039
19425.32422 -166.94272
19428.00195 -166.24100
19430.70117 -167.35475
19433.38867 -166.46736
19436.08984 -166.88745
19438.77734 -166.37936
19441.46680 -166.62090
19444.15625 -166.89861
19446.84766 -166.29625
19449.54883 -166.83511
19452.23828 -165.75806
19454.91992 -166.54768
19457.61133 -166.35420
19460.31445 -166.49164
19462.99609 -167.08102
19465.68750 -166.15166
19468.38086 -166.31305
19471.07422 -166.40750
19473.75781 -167.08205
19476.46289 -166.56450
19479.15820 -166.72464
19481.85352 -165.78143
19484.53711 -166.31548
19487.22266 -166.90582
19489.91797 -166.43161
19492.62500 -166.18483
19495.31055 -165.80168
19497.99805 -166.31769
19500.68555 -166.38564
19503.38281 -166.67537
19506.07031 -166.54718
19508.76953 -166.25215
19511.45703 -166.76729
19514.14648 -166.25078
19516.84570 -167.83943
19519.53516 -166.25409
19522.22461 -166.53758
19524.91602 -166.64635
19527.60547 -166.34703
19530.30859 -166.95251
19533.00000 -166.24657
19535.67969 -166.10814
19538.37305 -166.66550
19541.07617 -166.74680
19543.75781 -166.08836
19546.45117 -167.07286
19549.14453 -166.45146
19551.83789 -166.60075
19554.53320 -166.20769
19557.22852 -166.87096
19559.92188 -167.23508
19562.60742 -166.08757
19565.30273 -165.97452
19567.98828 -166.89120
19570.68555 -166.87816
19573.37109 -166.53954
19576.06836 -165.78258
19578.75391 -166.71976
19581.44336 -166.52870
19584.14062 -166.17035
19586.82812 -166.86789
19589.51758 -166.30788
19592.21680 -166.78230
19594.91797 -166.27515
19597.60547 -166.56432
19600.29492 -166.26814
19602.98633 -166.75958
19605.68750 -166.39656
19608.37891 -166.14622
19611.04883 -167.00269
19613.75195 -167.16219
19616.44336 -166.24492
19619.13672 -166.41885
19621.82812 -166.06900
19624.52148 -166.11403
19627.21484 -166.45512
19629.89844 -166.38252
19632.59375 -166.83031
19635.28711 -166.94949
19637.98242 -166.25111
19640.67773 -166.71988
19643.36133 -166.47066
19646.04688 -166.52548
19648.74414 -166.15230
19651.44141 -166.62160
19654.12695 -166.82343
19656.83594 -166.20578
19659.51172 -166.82251
19662.21094 -166.74867
19664.89844 -166.29076
19667.59766 -167.49168
19670.28711 -166.54085
19672.97461 -166.86320
19675.66602 -165.84164
19678.36523 -166.77075
19681.05664 -166.32460
19683.74609 -166.50183
19686.43750 -166.00444
19689.12891 -165.85968
19691.82031 -166.75630
19694.52344 -166.60638
19697.19336 -166.67888
19699.89648 -166.22525
19702.58984 -166.82721
19705.28320 -166.48746
19707.96680 -166.74350
19710.67188 -165.64633
19713.35547 -166.10805
19716.05078 -166.41992
19718.74609 -166.64230
19721.42969 -166.26682
19724.11523 -166.67160
19726.82227 -166.47942
19729.50781 -166.77365
19732.20508 -167.29581
19734.89258 -166.80176
19737.58008 -166.52773
19740.27734 -166.22736
19742.97656 -166.55563
19745.66406 -166.35611
19748.35156 -166.45703
19751.04102 -166.52098
19753.74219 -166.89008
19756.41992 -167.00961
19759.12109 -166.58723
19761.82227 -166.49988
19764.50195 -166.48035
19767.19336 -166.41977
19769.88477 -166.40733
19772.57617 -166.69821
19775.26953 -167.97832
19777.96094 -166.40344
19780.64258 -166.72694
19783.34766 -167.07259
19786.03125 -166.73215
19788.73438 -165.94032
19791.41797 -167.13332
19794.11328 -166.24554
19796.79688 -168.01781
19799.49219 -166.48630
19802.18945 -167.00423
19804.88477 -166.97751
19807.57031 -167.15384
19810.26758 -166.49533
19812.95312 -166.28267
19815.66211 -165.97813
19818.33789 -166.57800
19821.03711 -166.58896
19823.72461 -166.56253
19826.42383 -166.53253
19829.11328 -167.03682
19831.80078 -166.34200
19834.50195 -166.52997
19837.17969 -166.13406
19839.88086 -165.51994
19842.57227 -166.75983
19845.26172 -166.47607
19847.95312 -166.95007
19850.64648 -166.78111
19853.33789 -166.47205
19856.02930 -166.38364
19858.72266 -166.87151
19861.41406 -167.11710
19864.10938 -166.26103
19866.79102 -167.63345
19869.49609 -166.52094
19872.17969 -167.03705
19874.87500 -166.68340
19877.57031 -166.10483
19880.25391 -166.84160
19882.95117 -165.55859
19885.64648 -166.21994
19888.33203 -166.36360
19891.02930 -166.65189
19893.71484 -165.99757
19896.41406 -166.45107
19899.09961 -166.22110
19901.78906 -166.68597
19904.48828 -167.14642
19907.18555 -166.95436
19909.86328 -166.97331
19912.56250 -166.60031
19915.25195 -166.45049
19917.94336 -166.51958
19920.63281 -166.19855
19923.33398 -166.22876
19926.02539 -166.04500
19928.71484 -166.82295
19931.40820 -166.72806
19934.09961 -166.93376
19936.79297 -166.33493
19939.48438 -166.25058
19942.17773 -166.81502
19944.85938 -166.40680
19947.55469 -165.85381
19950.24805 -166.89731
19952.94141 -166.62242
19955.63672 -166.61078
19958.32227 -166.70947
19961.01758 -166.56844
19963.71289 -166.54568
19966.40820 -166.95393
19969.09375 -165.99998
19971.79297 -166.25087
19974.47656 -167.10155
19977.16406 -166.47771
19979.86133 -166.70271
19982.55078 -166.32463
19985.25000 -167.01215
19987.92578 -166.89717
19990.63672 -167.13019
19993.32422 -166.31598
19996.01367 -166.57951
19998.70508 -166.55534
20001.39453 -167.06102
20004.08398 -166.62462
20006.77539 -166.40106
20009.47656 -166.39223
20012.16992 -166.73409
20014.86133 -166.46274
20017.55273 -166.42650
20020.23438 -166.67833
20022.92773 -166.93402
20025.62109 -166.70346
20028.31445 -166.67432
20031.01953 -166.14806
20033.69141 -167.34636
20036.38672 -167.02689
20039.08203 -166.87196
20041.78906 -166.12428
20044.46094 -166.45291
20047.15820 -166.27849
20049.84375 -166.26443
20052.54102 -166.67175
20055.23828 -166.37625
20057.92383 -166.71922
20060.61133 -166.26869
20063.30859 -166.53485
20065.99805 -165.77527
20068.69531 -166.58470
20071.38477 -166.80006
20074.08398 -166.44023
20076.77344 -166.84261
20079.46289 -166.92104
20082.16406 -166.35355
20084.85352 -166.50342
20087.54492 -166.31306
20090.23633 -167.11978
20092.92773 -166.77142
20095.61914 -166.49686
20098.31055 -166.30992
20101.00391 -166.82701
20103.69531 -166.18169
20106.38867 -166.78651
20109.08203 -167.22388
20111.77539 -166.75029
20114.45898 -166.66135
20117.15234 -166.60840
20119.84766 -166.41832
20122.53320 -166.59689
20125.22852 -166.63489
20127.92578 -166.41203
20130.60938 -166.47217
20133.30469 -166.26390
20136.00391 -166.67482
20138.68945 -166.66380
20141.38867 -167.14604
20144.06445 -166.66621
20146.76172 -167.02635
20149.46094 -167.08507
20152.14844 -166.47899
20154.83789 -166.39676
20157.52734 -165.98248
20160.22656 -166.59935
20162.91602 -165.96756
20165.60742 -166.65158
20168.29688 -166.34897
20170.98828 -166.53447
20173.68945 -165.98253
20176.38086 -166.14561
20179.07227 -166.87796
20181.75391 -166.91663
20184.45703 -167.36197
20187.13867 -166.90327
20189.83203 -166.83482
20192.52539 -166.25600
20195.23047 -165.96027
20197.91406 -166.55795
20200.60742 -166.80566
20203.30273 -166.04742
20205.98828 -165.84622
20208.68359 -167.24232
20211.37891 -166.15860
20214.05469 -166.43765
20216.76172 -165.24802
20219.44727 -166.77196
20222.13281 -166.99706
20224.83203 -166.01381
20227.51758 -168.74986
20230.20703 -166.59894
20232.90625 -166.38216
20235.59375 -166.97147
20238.29297 -167.14703
20240.97070 -166.72437
20243.66992 -166.64024
20246.37109 -166.57733
20249.06055 -165.34476
20251.75195 -166.76665
20254.43164 -166.54359
20257.13281 -166.93094
20259.83594 -167.91347
20262.51758 -166.61794
20265.20898 -166.39250
20267.90234 -166.63512
20270.59375 -166.40257
20273.28711 -166.80692
20275.98047 -166.84494
20278.67578 -166.34465
20281.36914 -167.77341
20284.05273 -166.69322
20286.74805 -166.52255
20289.44336 -166.84813
20292.12695 -166.25461
20294.81250 -166.80014
20297.50781 -166.61899
20300.19336 -166.45836
20302.90234 -167.42120
20305.60156 -166.35204
20308.28711 -166.88417
20310.97461 -166.08708
20313.67383 -166.87292
20316.34961 -166.20709
20319.04688 -167.30098
20321.73633 -166.13530
20324.43750 -166.21367
20327.12695 -166.38164
20329.82617 -166.51576
20332.50391 -166.85616
20335.20703 -166.46063
20337.89844 -166.39279
20340.58789 -165.93346
20343.27930 -166.89243
20345.97266 -167.10516
20348.65234 -166.53938
20351.35547 -166.81451
20354.04883 -166.67198
20356.74219 -166.47171
20359.43555 -167.26309
20362.11719 -166.86774
20364.81250 -166.60902
20367.50586 -167.61433
20370.20117 -166.31096
20372.89648 -166.58510
20375.58203 -166.90118
20378.26562 -166.69983
20380.97266 -167.04446
20383.65820 -166.97142
20386.34375 -166.73318
20389.04102 -165.86325
20391.74023 -166.97046
20394.42578 -165.98965
20397.11328 -166.72919
20399.81250 -166.31241
20402.50000 -166.44939
20405.19922 -166.19446
20407.88867 -167.04021
20410.57812 -165.94142
20413.26562 -166.59654
20415.96875 -166.84763
20418.64844 -166.48863
20421.34961 -166.64902
20424.02734 -166.33482
20426.73047 -167.01239
20429.42188 -166.95557
20432.11328 -166.39861
20434.80664 -166.29440
20437.49805 -166.58412
20440.19141 -166.35175
20442.88477 -166.55920
20445.56836 -166.39415
20448.26172 -166.33034
20450.96680 -166.91414
20453.65039 -167.48676
20456.34570 -166.29260
20459.04102 -166.54269
20461.72461 -166.12505
20464.41016 -166.41173
20467.10742 -166.19052
20469.80273 -166.87288
20472.50000 -166.62675
20475.18750 -165.85609
20477.87305 -166.65903
20480.57031 -166.78539
20483.24609 -166.59120
20485.95703 -166.62019
20488.64453 -166.53162
20491.33594 -166.63110
20494.03516 -166.71815
20496.72266 -165.20161
20499.41406 -166.88741
20502.10156 -166.08231
20504.79297 -166.34003
20507.49609 -166.03546
20510.18555 -166.46786
20512.87500 -166.56059
20515.56836 -166.61523
20518.26172 -166.66092
20520.95312 -166.41772
20523.64453 -166.53674
20526.33789 -166.54175
20529.02148 -166.47130
20531.71484 -166.55548
20534.41016 -166.09750
20537.10156 -166.58702
20539.79688 -166.08530
20542.48047 -166.94218
20545.17578 -166.45738
20547.87305 -166.68623
20550.55664 -166.30034
20553.24219 -166.62494
20555.93945 -166.34851
20558.63672 -166.96371
20561.32422 -166.49893
20564.02148 -166.89232
20566.70898 -166.84940
20569.40625 -166.94470
20572.09375 -166.00053
20574.79492 -166.29945
20577.48242 -166.20743
20580.17188 -166.45836
20582.87109 -165.70100
20585.56250 -166.20081
20588.25195 -166.50723
20590.93945 -166.25134
20593.63086 -166.67166
20596.33203 -166.22603
20599.02539 -166.88844
20601.71680 -166.48976
20604.39648 -166.66316
20607.08984 -166.42657
20609.78320 -167.01971
20612.47656 -166.66521
20615.16797 -166.84581
20617.86133 -166.84315
20620.55664 -166.20132
20623.25000 -166.56779
20625.92188 -166.77838
20628.62891 -166.71143
20631.32617 -166.06148
20634.00781 -166.04921
20636.70312 -165.52505
20639.40234 -167.35713
20642.08789 -166.60963
20644.78516 -166.50076
20647.47070 -166.09811
20650.15625 -166.26294
20652.85547 -166.61276
20655.55469 -166.48737
20658.23047 -166.73816
20660.92969 -166.93040
20663.63086 -166.43736
20666.31836 -166.31693
20669.00586 -167.18297
20671.69727 -167.00037
20674.39648 -166.01945
20677.07422 -166.42587
20679.77734 -166.28812
20682.48047 -167.30220
20685.14844 -166.44264
20687.85156 -166.78864
20690.54492 -165.13741
20693.23438 -167.01260
20695.92773 -166.50027
20698.62109 -167.30971
20701.31250 -167.16736
20703.99609 -166.44438
20706.70117 -166.78893
20709.38477 -166.52896
20712.08008 -166.58632
20714.77344 -166.37003
20717.46875 -166.25990
20720.14062 -167.33574
20722.84961 -166.06711
20725.53516 -166.58040
20728.24219 -166.06015
20730.91797 -166.59120
20733.61523 -166.06317
20736.31250 -166.34898
20739.00000 -166.91200
20741.68750 -166.14313
20744.37305 -166.69107
20747.07227 -166.73781
20749.76172 -166.57722
20752.44922 -167.15968
20755.14844 -165.52940
20757.83984 -166.47366
20760.52734 -166.44389
20763.23047 -166.50377
20765.90820 -166.11710
20768.61133 -166.70729
20771.30078 -167.26404
20773.99219 -166.24660
20776.68359 -168.63345
20779.37695 -167.23743
20782.06836 -166.22922
20784.77344 -166.53629
20787.45312 -166.83960
20790.14844 -166.64911
20792.83008 -166.14421
20795.53516 -166.13646
20798.21875 -167.81612
20800.92578 -166.84871
20803.60938 -166.40443
20806.29102 -166.19897
20809.00000 -167.14247
20811.68359 -167.49646
20814.37109 -166.20734
20817.06641 -166.87640
20819.76367 -166.50932
20822.44922 -166.80815
20825.14844 -166.50294
20827.83398 -166.91562
20830.52344 -165.48859
20833.22070 -166.62213
20835.90820 -166.37569
20838.60938 -166.73746
20841.29688 -165.91608
20843.99609 -166.26552
20846.67578 -166.60561
20849.37500 -166.72176
20852.06641 -166.30748
20854.75586 -166.15598
20857.44531 -165.97218
20860.13867 -166.32919
20862.84180 -166.67340
20865.51953 -166.77937
20868.22461 -166.58893
20870.90625 -166.99329
20873.61133 -165.96721
20876.29102 -166.60643
20878.98438 -166.38460
20881.67969 -166.58784
20884.35938 -166.81033
20887.06836 -166.58255
20889.75000 -166.18411
20892.43359 -166.58336
20895.14062 -165.50519
20897.82422 -166.29506
20900.52344 -167.02017
20903.21875 -166.32237
20905.90234 -166.52484
20908.58984 -166.50514
20911.28711 -166.22298
20913.98438 -166.56335
20916.67188 -168.41542
20919.37109 -166.48048
20922.04688 -166.10977
20924.74609 -166.96858
20927.44531 -165.84290
20930.13477 -166.47087
20932.81250 -166.64897
20935.51172 -166.44684
20938.21289 -167.01892
20940.89062 -166.67981
20943.59375 -166.15042
20946.29688 -166.19539
20948.97461 -167.03230
20951.66406 -166.81772
20954.35742 -166.33656
20957.05078 -166.36490
20959.74219 -166.89862
20962.43359 -166.48273
20965.11719 -166.66145
20967.82227 -166.49684
20970.51562 -166.47215
20973.19922 -166.67113
20975.89062 -166.42033
20978.57422 -166.21704
20981.28125 -166.19177
20983.96484 -166.35747
20986.66211 -166.16296
20989.34570 -166.71336
20992.04297 -166.68835
20994.73828 -166.08061
20997.42383 -165.94255
21000.12109 -166.79456
21002.81055 -166.14119
21005.50781 -166.58997
21008.19336 -166.51987
21010.89453 -166.63583
21013.58203 -166.37741
21016.26953 -166.72083
21018.96875 -167.30171
21021.65820 -166.45195
21024.34570 -166.02391
21027.03516 -166.48880
21029.73633 -166.79539
21032.42578 -166.80371
21035.11719 -166.00375
21037.81055 -166.59343
21040.50000 -166.34959
21043.19141 -166.36995
21045.88281 -166.59082
21048.57617 -166.97878
21051.25781 -166.76118
21053.96094 -167.33864
21056.65625 -166.92487
21059.34766 -166.86157
21062.04102 -166.50546
21064.73633 -166.51213
21067.41992 -165.26657
21070.11523 -166.74016
21072.81055 -166.88837
21075.50586 -166.31532
21078.18750 -166.57082
21080.87500 -167.20973
21083.57227 -166.57152
21086.26758 -166.42851
21088.96484 -167.35437
21091.65039 -166.97758
21094.33789 -166.29970
21097.03516 -166.65895
21099.72461 -166.25494
21102.42188 -166.68779
21105.10938 -166.58127
21107.79688 -166.58492
21110.48633 -164.78175
21113.18750 -166.34978
21115.87695 -167.17262
21118.56641 -166.70392
21121.26758 -166.64963
21123.95703 -166.20660
21126.64844 -166.88667
21129.32812 -166.76945
21132.04297 -166.62169
21134.72266 -166.65594
21137.41406 -166.13184
21140.10742 -166.75085
21142.80078 -166.50400
21145.49219 -166.41267
21148.18555 -166.29555
21150.87891 -166.49678
21153.56250 -166.55063
21156.26758 -166.44746
21158.93750 -166.51183
21161.63281 -166.64474
21164.32812 -167.00351
21167.02734 -166.95987
21169.70898 -166.43774
21172.40625 -166.06934
21175.10156 -166.50027
21177.78906 -166.49236
21180.48633 -167.12790
21183.17188 -166.86737
21185.86914 -165.92026
21188.55664 -166.55232
21191.25391 -167.00203
21193.94336 -166.16295
21196.63086 -166.18100
21199.33203 -166.82864
21202.01953 -167.02094
21204.70898 -166.62134
21207.39844 -166.71309
21210.09766 -166.38919
21212.78906 -166.45265
21215.47852 -166.26344
21218.16797 -166.75529
21220.85938 -166.41769
21223.55273 -166.02312
21226.24219 -166.45827
21228.93555 -166.77428
21231.63867 -167.18562
21234.32031 -166.61435
21237.01367 -166.58179
21239.71875 -165.75253
21242.40039 -166.73206
21245.08203 -166.41902
21247.78906 -166.25397
21250.48438 -166.10498
21253.16602 -166.36943
21255.86133 -166.19550
21258.54492 -166.13753
21261.24219 -165.87921
21263.92578 -166.63260
21266.62305 -166.58549
21269.32031 -166.74097
21272.00781 -166.22420
21274.70508 -165.93559
21277.39062 -166.92593
21280.08789 -166.90317
21282.77539 -166.25293
21285.47656 -166.84535
21288.15234 -166.76886
21290.86133 -166.71780
21293.55273 -165.97673
21296.24023 -166.59775
21298.92773 -166.57071
21301.63086 -167.06146
21304.30859 -167.17271
21307.00977 -166.97395
21309.70312 -166.66641
21312.39258 -166.48235
21315.08203 -165.66991
21317.76367 -166.69131
21320.46680 -166.31305
21323.16016 -166.72855
21325.85156 -166.96257
21328.54492 -166.71983
21331.22656 -166.38945
21333.92969 -166.96979
21336.62305 -167.03937
21339.30664 -166.51128
21342.01367 -166.44499
21344.69727 -166.38963
21347.39258 -166.82668
21350.07617 -166.19667
21352.77148 -166.96388
21355.45703 -166.85689
21358.15234 -167.28145
21360.84961 -166.43234
21363.54688 -166.79204
21366.22070 -166.59186
21368.91797 -167.09734
21371.60547 -166.45326
21374.30469 -166.84860
21376.99219 -166.52208
21379.69141 -165.31444
21382.38086 -166.90491
21385.07812 -166.98032
21387.76953 -166.84251
21390.45703 -166.39084
21393.14648 -166.97372
21395.84766 -166.53354
21398.52539 -167.12584
21401.22852 -166.34433
21403.91797 -165.71307
21406.62109 -166.47148
21409.30078 -166.59091
21412.00391 -167.16124
21414.68555 -166.48962
21417.37891 -166.77528
21420.06836 -166.78906
21422.75195 -167.14957
21425.45703 -166.60397
21428.13672 -166.51956
21430.83203 -166.87921
21433.52539 -166.65410
21436.22070 -166.01378
21438.91602 -166.75705
21441.59961 -166.81940
21444.28516 -167.86078
21446.99219 -167.05354
21449.67578 -166.50360
21452.37305 -166.68248
21455.05859 -166.07365
21457.75586 -166.60394
21460.45312 -166.30579
21463.15234 -166.46838
21465.83789 -167.44943
21468.53711 -166.58707
21471.22266 -166.54654
21473.89844 -166.46805
21476.59961 -166.63805
21479.28711 -166.51230
21481.98828 -166.73671
21484.67773 -167.02643
21487.37891 -165.12718
21490.05664 -166.70026
21492.74609 -167.09598
21495.44922 -166.13278
21498.14062 -165.99818
21500.83008 -166.64059
21503.52344 -166.20248
21506.21289 -166.57434
21508.90625 -166.54704
21511.59766 -166.53235
21514.28906 -166.84669
21516.98438 -166.03427
21519.67773 -166.36546
21522.35938 -166.36633
21525.06641 -166.42882
21527.74609 -166.33492
21530.44141 -166.28268
21533.12500 -166.56886
21535.82031 -166.52582
21538.51562 -166.20079
21541.21289 -166.68842
21543.89648 -166.82314
21546.59375 -166.75133
21549.29297 -166.71213
21551.97656 -166.92712
21554.67578 -166.50987
21557.36133 -166.80443
21560.05859 -166.78122
21562.74609 -166.36612
21565.43359 -166.69351
21568.13281 -166.23947
21570.82031 -166.08472
21573.50781 -166.30589
21576.19922 -166.38689
21578.91016 -166.70836
21581.58594 -166.63319
21584.28906 -167.26051
21586.96875 -166.26350
21589.66992 -166.56268
21592.34766 -166.82916
21595.05078 -165.99841
21597.73047 -166.85349
21600.43359 -167.20929
21603.12500 -166.29240
21605.81836 -167.64911
21608.51172 -166.45787
21611.20312 -166.67728
21613.89648 -166.48477
21616.58008 -166.60732
21619.27344 -165.96973
21621.96875 -167.21701
21624.65039 -166.72073
21627.34570 -165.47847
21630.04102 -166.45642
21632.75000 -166.80054
21635.43164 -166.86786
21638.11719 -166.42670
21640.81250 -166.67189
21643.51172 -167.04997
21646.19531 -166.83911
21648.89453 -166.14345
21651.58008 -166.66917
21654.26562 -166.38048
21656.96484 -166.81284
21659.66406 -166.88120
21662.35156 -166.76109
21665.03906 -166.42300
21667.72656 -166.70750
21670.42773 -166.63939
21673.11523 -166.59380
21675.80469 -166.16449
21678.49609 -166.55421
21681.19531 -166.77167
21683.88672 -166.43510
21686.57812 -166.93900
21689.26758 -166.08578
21691.95703 -166.70193
21694.65039 -167.33421
21697.33203 -166.65578
21700.04688 -166.60933
21702.72656 -166.23685
21705.41992 -167.12927
21708.11328 -166.48099
21710.80469 -166.94403
21713.50000 -167.27536
21716.18164 -166.37367
21718.87695 -166.79710
21721.57227 -166.47029
21724.26758 -166.23506
21726.96289 -167.06023
21729.63281 -166.63921
21732.33203 -166.88684
21735.02734 -165.99397
21737.72461 -166.04645
21740.41016 -166.81287
21743.10547 -166.15216
21745.80273 -166.79158
21748.49219 -166.50964
21751.18945 -166.68571
21753.86523 -166.78918
21756.56250 -167.34366
21759.25000 -166.49408
21761.95117 -166.98590
21764.63867 -166.29288
21767.32617 -166.12198
21770.02930 -167.20172
21772.71680 -166.67139
21775.40820 -166.67140
21778.10742 -166.62132
21780.79883 -166.42538
21783.47656 -166.36993
21786.17969 -166.45203
21788.87109 -166.93266
21791.56250 -166.88022
21794.26758 -167.33052
21796.93555 -166.46967
21799.62891 -166.56287
21802.33203 -166.78580
21805.02734 -167.05219
21807.70703 -165.79971
21810.40039 -166.96211
21813.09570 -166.25056
21815.80078 -166.09923
21818.48438 -166.62216
21821.16797 -166.38286
21823.86328 -166.67801
21826.57227 -166.29416
21829.24219 -166.30502
21831.94141 -166.37601
21834.63672 -166.69208
21837.32227 -167.10783
21840.00781 -166.52226
21842.71680 -166.23251
21845.39062 -166.68091
21848.08984 -166.66002
21850.78906 -166.42256
21853.48828 -166.20753
21856.16406 -166.35747
21858.86523 -166.27603
21861.55273 -166.84804
21864.25391 -166.84233
21866.94141 -166.63681
21869.63086 -166.59573
21872.32031 -167.18915
21875.00977 -167.17091
21877.71289 -166.65752
21880.39062 -166.75554
21883.09375 -167.03288
21885.77148 -166.50107
21888.47656 -166.86324
21891.16797 -166.26782
21893.85938 -166.64493
21896.55273 -166.43108
21899.24609 -166.27562
21901.92578 -166.76474
21904.63086 -166.77165
21907.31445 -165.75565
21910.01953 -166.91000
21912.70312 -166.35307
21915.39844 -166.84712
21918.08203 -167.02893
21920.77734 -166.55968
21923.47266 -166.90880
21926.15430 -166.15375
21928.86523 -166.31721
21931.54688 -166.84363
21934.23438 -166.58470
21936.94336 -166.59395
21939.61719 -166.78310
21942.31445 -166.76462
21945.01172 -166.49202
21947.69922 -167.03375
21950.38867 -166.70500
21953.08594 -166.86607
21955.77344 -166.63943
21958.46094 -166.55179
21961.15039 -168.23911
21963.85156 -167.07698
21966.54102 -166.66400
21969.24023 -166.69417
21971.91797 -167.05513
21974.62109 -166.69659
21977.30078 -166.44685
21980.00195 -166.05856
21982.69336 -166.14578
21985.39844 -166.57578
21988.07617 -166.47389
21990.75781 -166.23459
21993.46094 -166.78149
21996.15430 -166.04353
21998.84766 -166.58244
22001.54102 -166.79884
22004.23438 -167.64885
22006.91602 -166.87587
22009.62109 -166.73392
22012.30469 -166.90213
22015.00000 -166.25233
22017.69531 -166.02106
22020.37891 -166.60385
22023.08594 -166.92996
22025.77148 -166.85349
22028.45508 -166.25348
22031.15234 -167.32018
22033.83789 -166.65860
22036.52344 -166.97754
22039.22070 -166.81564
22041.90625 -166.49850
22044.60547 -166.32715
22047.30469 -166.93120
22049.99023 -166.34975
Graph #1 from AudioThread1
2.69198 -92.43442
5.38396 -98.36042
8.07594 -101.84248
10.76791 -104.33981
13.45989 -106.26050
16.15187 -107.81667
18.84385 -109.16377
21.53583 -110.36563
24.22781 -111.38132
26.91979 -112.40543
29.61176 -113.12222
32.30375 -113.87054
34.99573 -114.57411
37.68771 -115.17522
40.37968 -115.79748
43.07167 -116.39175
45.76364 -116.88385
48.45562 -117.36137
51.14760 -117.87774
53.83958 -118.29407
56.53155 -118.75050
59.22354 -119.15148
61.91550 -119.54520
64.60748 -119.87849
67.29947 -120.21177
69.99145 -0.32245
72.68342 -120.88416
75.37541 -121.25004
78.06738 -121.51784
80.75936 -121.88712
83.45135 -122.11765
86.14331 -122.36998
88.83529 -122.68500
91.52726 -122.93900
94.21925 -123.17684
96.91125 -123.40331
99.60323 -123.65831
102.29519 -123.85630
104.98715 -124.09251
107.67915 -124.33750
110.37112 -124.55909
113.06311 -124.65069
115.75508 -124.97678
118.44704 -125.15602
121.13905 -125.36783
123.83102 -125.47128
126.52299 -125.71878
129.21498 -125.94562
131.90695 -126.05421
134.59895 -126.27188
137.29092 -126.41286
139.98288 -125.30311
142.67488 -126.74654
145.36685 -126.94154
148.05884 -127.12820
150.75082 -127.21822
153.44283 -127.41594
156.13478 -127.64052
158.82674 -127.70143
161.51871 -127.85497
164.21068 -127.98075
166.90265 -128.22325
169.59467 -128.26945
172.28662 -128.39636
174.97864 -128.56058
177.67059 -128.69691
180.36258 -128.80894
183.05452 -128.95412
185.74654 -129.05453
188.43854 -129.16983
191.13049 -129.28600
193.82245 -129.45346
196.51450 -129.54433
199.20641 -129.61928
201.89836 -129.80443
204.59042 -129.88643
207.28238 -130.03532
209.97437 -123.37150
212.66631 -130.25739
215.35828 -130.35713
218.05025 -130.44173
220.74232 -130.54881
223.43420 -130.65295
226.12619 -130.78635
228.81815 -130.86156
231.51018 -131.00616
234.20219 -131.09377
236.89415 -131.16174
239.58609 -131.29100
242.27808 -131.40799
244.97008 -131.46074
247.66197 -131.56335
250.35399 -131.65225
253.04602 -131.64330
255.73793 -131.84268
258.42996 -131.92317
261.12186 -132.05069
263.81393 -132.15657
266.50589 -132.21051
269.19791 -132.27565
271.88986 -132.37950
274.58182 -132.42741
277.27374 -132.51067
279.96582 -132.90201
282.65775 -132.68768
285.34970 -132.74684
288.04175 -132.87343
290.73367 -132.95959
293.42569 -133.04942
296.11768 -133.17183
298.80960 -133.23001
301.50159 -133.26683
304.19360 -133.33879
306.88565 -133.30637
309.57758 -133.50897
312.26950 -133.57671
314.96152 -133.63492
317.65353 -133.74628
320.34543 -133.81291
323.03745 -133.86078
325.72943 -133.96054
328.42145 -134.04430
331.11334 -134.08012
333.80530 -134.16110
336.49738 -134.20409
339.18933 -134.27139
341.88138 -134.32669
344.57330 -134.44217
347.26520 -134.51637
349.95728 -129.48692
352.64926 -134.64941
355.34119 -134.68311
358.03311 -134.79366
360.72513 -134.77098
363.41718 -134.89816
366.10907 -134.97141
368.80112 -135.00172
371.49304 -135.05882
374.18506 -135.14563
376.87698 -135.21759
379.56897 -135.26865
382.26089 -135.38928
384.95297 -135.38802
387.64499 -135.45348
390.33694 -135.48331
393.02887 -135.69122
395.72086 -135.61043
398.41293 -135.72346
401.10477 -135.74307
403.79681 -135.87483
406.48877 -135.87317
409.18088 -135.89363
411.87280 -135.99222
414.56479 -136.06567
417.25662 -136.12094
419.94867 -136.66013
422.64066 -136.21051
425.33264 -136.25505
428.02472 -136.27460
430.71658 -136.38989
433.40857 -136.42429
436.10052 -136.38579
438.79248 -136.53197
441.48456 -136.57043
444.17648 -136.65332
446.86844 -136.61894
449.56036 -136.76210
452.25244 -136.80562
454.94443 -136.83383
457.63635 -136.90460
460.32840 -136.94023
463.02029 -137.00003
465.71231 -137.04129
468.40430 -137.14473
471.09634 -137.19795
473.78821 -137.16484
476.48022 -137.24446
479.17224 -137.38379
481.86414 -137.34189
484.55624 -137.43626
487.24811 -137.43097
489.94006 -131.94275
492.63211 -137.52740
495.32404 -137.59061
498.01611 -137.65479
500.70804 -137.72481
503.39996 -137.72624
506.09195 -137.75056
508.78406 -137.82884
511.47589 -137.83514
514.16803 -137.89099
516.85980 -137.95920
519.55188 -138.00188
522.24377 -137.94014
524.93579 -138.10454
527.62781 -138.11795
530.31989 -138.17361
533.01172 -138.36737
535.70380 -138.27824
538.39569 -138.32843
541.08765 -138.32433
543.77960 -138.35847
546.47162 -138.42139
549.16370 -138.47287
551.85553 -138.49541
554.54749 -138.59225
557.23962 -138.62196
559.93170 -138.41551
562.62354 -138.73154
565.31555 -138.75194
568.00751 -138.78380
570.69934 -138.80368
573.39160 -138.84723
576.08344 -138.87047
578.77551 -138.92108
581.46741 -138.98859
584.15930 -139.02318
586.85126 -139.22301
589.54321 -139.11285
592.23523 -139.13666
594.92743 -139.17863
597.61926 -139.18346
600.31134 -139.22743
603.00323 -139.33601
605.69507 -139.30670
608.38708 -139.30437
611.07916 -139.41644
613.77124 -139.41411
616.46307 -139.51204
619.15515 -139.53590
621.84705 -139.57491
624.53906 -139.57968
627.23096 -139.62248
629.92303 -141.30251
632.61493 -139.70050
635.30695 -139.77466
637.99884 -139.74629
640.69092 -139.84633
643.38306 -139.87045
646.07477 -139.88754
648.76697 -139.93512
651.45898 -139.99515
654.15076 -140.01089
656.84277 -140.01157
659.53479 -140.09564
662.22681 -140.08054
664.91882 -140.10468
667.61072 -140.17648
670.30273 -140.21245
672.99475 -140.12318
675.68652 -140.28763
678.37878 -140.30559
681.07068 -140.34843
683.76257 -140.38417
686.45441 -140.39801
689.14667 -140.47232
691.83838 -140.44604
694.53033 -140.49939
697.22241 -140.50208
699.91443 -140.23178
702.60614 -140.60358
705.29840 -140.66870
707.99023 -140.71965
710.68225 -140.68555
713.37433 -140.76717
716.06616 -140.86465
718.75824 -140.79974
721.45032 -140.82492
724.14209 -140.88393
726.83423 -141.03844
729.52625 -140.95685
732.21826 -140.95061
734.90997 -141.01007
737.60205 -141.08989
740.29425 -141.07063
742.98615 -141.12796
745.67798 -141.13881
748.37024 -141.10933
751.06195 -141.17117
753.75403 -141.26384
756.44598 -141.25063
759.13782 -141.26170
761.82996 -141.28702
764.52161 -141.32881
767.21399 -141.40556
769.90588 -146.28778
772.59760 -141.44347
775.28986 -141.47882
777.98187 -141.49854
780.67358 -141.53395
783.36578 -141.52414
786.05780 -141.59979
788.74951 -141.59367
791.44159 -141.70287
794.13367 -141.69957
796.82568 -141.74763
799.51770 -141.78027
802.20947 -141.83534
804.90167 -141.81685
807.59369 -141.82251
810.28552 -141.84720
812.97742 -141.84152
815.66931 -141.92860
818.36182 -141.96902
821.05322 -141.95151
823.74542 -142.04402
826.43762 -142.06207
829.12915 -142.02719
831.82135 -142.09792
834.51331 -142.06259
837.20526 -142.09052
839.89740 -142.39055
842.58917 -142.19427
845.28137 -142.21188
847.97339 -142.26468
850.66516 -142.30367
853.35718 -142.27544
856.04950 -142.37503
858.74091 -142.40634
861.43304 -142.38422
864.12524 -142.40576
866.81702 -142.30847
869.50891 -142.47635
872.20123 -142.48535
874.89294 -142.48135
877.58484 -142.61220
880.27704 -142.59108
882.96924 -142.58743
885.66095 -142.63089
888.35278 -142.65262
891.04498 -142.71198
893.73669 -142.68562
896.42877 -142.72948
899.12079 -142.79366
901.81299 -142.75417
904.50470 -142.81644
907.19659 -142.86586
909.88867 -140.62672
912.58051 -142.88837
915.27277 -142.87022
917.96472 -142.94865
920.65668 -142.92561
923.34869 -142.94496
926.04065 -142.99152
928.73285 -143.06055
931.42450 -142.95107
934.11646 -143.03052
936.80847 -143.13469
939.50049 -143.19255
942.19275 -143.12663
944.88416 -143.17647
947.57660 -143.18619
950.26849 -143.20020
952.96051 -143.37584
955.65234 -143.25798
958.34424 -143.31226
961.03625 -143.30714
963.72833 -143.44632
966.42053 -143.41400
969.11200 -143.40230
971.80432 -143.41882
974.49640 -143.45546
977.18835 -143.49394
979.88025 -143.72736
982.57196 -143.54677
985.26434 -143.57292
987.95593 -143.54329
990.64813 -143.62677
993.34033 -143.61484
996.03210 -143.54060
998.72406 -143.63017
1001.41589 -143.64598
1004.10815 -143.75172
1006.80005 -143.77234
1009.49207 -143.78531
1012.18396 -143.82101
1014.87585 -143.79874
1017.56799 -143.80843
1020.25964 -143.81125
1022.95197 -143.84839
1025.64404 -143.94652
1028.33594 -143.89919
1031.02771 -143.96053
1033.71973 -143.92209
1036.41174 -144.03607
1039.10364 -144.11166
1041.79590 -144.02473
1044.48767 -144.07823
1047.17993 -144.03297
1049.87146 -141.05228
1052.56384 -144.07637
1055.25562 -144.18207
1057.94751 -144.17557
1060.63989 -144.31924
1063.33142 -144.19295
1066.02344 -144.22902
1068.71545 -144.29771
1071.40759 -144.22537
1074.09961 -144.24432
1076.79126 -144.37318
1079.48340 -144.35820
1082.17542 -144.34457
1084.86731 -144.40739
1087.55933 -144.39978
1090.25122 -144.47316
1092.94299 -144.49496
1095.63525 -144.50346
1098.32751 -144.50974
1101.01880 -144.51268
1103.71155 -144.52771
1106.40295 -144.52946
1109.09546 -144.59590
1111.78723 -144.57761
1114.47864 -144.57018
1117.17126 -144.68015
1119.86316 -144.48709
1122.55542 -144.71114
1125.24744 -144.63881
1127.93909 -144.78436
1130.63086 -144.71576
1133.32288 -144.74602
1136.01550 -144.75661
1138.70654 -144.80742
1141.39844 -144.80893
1144.09070 -144.86752
1146.78296 -144.92171
1149.47461 -144.88480
1152.16663 -144.88002
1154.85852 -144.92451
1157.55115 -145.03856
1160.24231 -144.96414
1162.93457 -145.00255
1165.62708 -145.00569
1168.31873 -144.99007
1171.01086 -145.06671
1173.70264 -145.02948
1176.39453 -145.14427
1179.08655 -145.11562
1181.77881 -145.17206
1184.47034 -145.14137
1187.16211 -145.18768
1189.85461 -146.05951
1192.54688 -145.23750
1195.23828 -145.25702
1197.93030 -145.20018
1200.62244 -145.40749
1203.31470 -145.25984
1206.00659 -145.25653
1208.69824 -145.32112
1211.39026 -145.36986
1214.08264 -145.36613
1216.77393 -145.39397
1219.46594 -145.40248
1222.15808 -145.43187
1224.85022 -145.39072
1227.54248 -145.45889
1230.23425 -145.48726
1232.92627 -145.34547
1235.61865 -145.54749
1238.31042 -145.46368
1241.00232 -145.57118
1243.69397 -145.43826
1246.38599 -145.60008
1249.07825 -145.58975
1251.77051 -145.55602
1254.46204 -145.56816
1257.15381 -145.61916
1259.84558 -145.46291
1262.53821 -145.68927
1265.22961 -145.69061
1267.92188 -145.74019
1270.61426 -145.73599
1273.30591 -145.74533
1275.99780 -145.90234
1278.68994 -145.79132
1281.38196 -145.82648
1284.07336 -145.83691
1286.76538 -145.97212
1289.45752 -145.92433
1292.14966 -145.89235
1294.84155 -145.97580
1297.53320 -145.92349
1300.22571 -145.95135
1302.91699 -145.93138
1305.60962 -146.02394
1308.30127 -146.09569
1310.99304 -146.01025
1313.68542 -146.05785
1316.37744 -146.07935
1319.06921 -146.00517
1321.76147 -146.11290
1324.45374 -146.10806
1327.14551 -146.13290
1329.83704 -149.50334
1332.52905 -146.14375
1335.22156 -146.15192
1337.91370 -146.24431
1340.60498 -146.19911
1343.29761 -146.18248
1345.98889 -146.29900
1348.68176 -146.22859
1351.37280 -146.26224
1354.06506 -146.30521
1356.75684 -146.34869
1359.44946 -146.35449
1362.14160 -146.44092
1364.83325 -146.33789
1367.52454 -146.43558
1370.21680 -146.37288
1372.90869 -146.32178
1375.60156 -146.50319
1378.29248 -146.46939
1380.98511 -146.51077
1383.67725 -146.62961
1386.36890 -146.53185
1389.06079 -146.56068
1391.75293 -146.58723
1394.44507 -146.41496
1397.13647 -146.57474
1399.82849 -146.68939
1402.52051 -146.59135
1405.21313 -146.60451
1407.90417 -146.64067
1410.59692 -146.66866
1413.28882 -146.68283
1415.98096 -146.90509
1418.67285 -146.71049
1421.36462 -146.74918
1424.05688 -146.70268
1426.74829 -146.58905
1429.44067 -146.76505
1432.13245 -146.78777
1434.82422 -146.78801
1437.51611 -146.77156
1440.20825 -146.86079
1442.90015 -146.87393
1445.59229 -146.90202
1448.28430 -146.93535
1450.97607 -146.98601
1453.66772 -146.89792
1456.35999 -146.91240
1459.05212 -146.95500
1461.74426 -146.90710
1464.43665 -147.02228
1467.12830 -147.05676
1469.82080 -145.64395
1472.51196 -147.03587
1475.20386 -147.04370
1477.89624 -147.03731
1480.58789 -146.99553
1483.28027 -147.10359
1485.97241 -147.02193
1488.66394 -147.16010
1491.35596 -147.11916
1494.04785 -147.17635
1496.74060 -147.27065
1499.43188 -147.26042
1502.12402 -147.16763
1504.81592 -147.25568
1507.50781 -147.23059
1510.19995 -147.29568
1512.89172 -147.43492
1515.58374 -147.27913
1518.27576 -147.31726
1520.96741 -147.27104
1523.66016 -147.24199
1526.35181 -147.35298
1529.04346 -147.36440
1531.73572 -147.37897
1534.42810 -147.39969
1537.12012 -147.42479
1539.81189 -147.63947
1542.50354 -147.44142
1545.19531 -147.48657
1547.88708 -147.46355
1550.57983 -147.47792
1553.27124 -147.52635
1555.96387 -147.39505
1558.65601 -147.49117
1561.34741 -147.49419
1564.03906 -147.54912
1566.73120 -147.55122
1569.42371 -147.59793
1572.11536 -147.64545
1574.80701 -147.61078
1577.49927 -147.60532
1580.19177 -147.56464
1582.88281 -147.69066
1585.57593 -147.71373
1588.26758 -147.69832
1590.95959 -147.78468
1593.65063 -147.59435
1596.34326 -147.76044
1599.03503 -147.76035
1601.72705 -147.78041
1604.41992 -147.76205
1607.11121 -147.70142
1609.80322 -145.39841
1612.49463 -147.73677
1615.18665 -147.81665
1617.87903 -147.80891
1620.57068 -148.02910
1623.26294 -147.90530
1625.95508 -147.85742
1628.64673 -147.91740
1631.33887 -147.86536
1634.03125 -147.95030
1636.72290 -147.99525
1639.41528 -147.99249
1642.10669 -147.97115
1644.79883 -147.98332
1647.49097 -148.03523
1650.18250 -147.98552
1652.87451 -148.09103
1655.56702 -148.09755
1658.25903 -148.08212
1660.95117 -148.11499
1663.64282 -148.13264
1666.33435 -148.06731
1669.02686 -148.15189
1671.71924 -148.03928
1674.41064 -148.19098
1677.10254 -148.17183
1679.79443 -148.05861
1682.48669 -148.11061
1685.17847 -148.21460
1687.87097 -148.22913
1690.56287 -148.28220
1693.25378 -148.17033
1695.94604 -148.23825
1698.63843 -148.20335
1701.33044 -148.21779
1704.02295 -148.29678
1706.71448 -148.47737
1709.40613 -148.37155
1712.09827 -148.29564
1714.79028 -148.32822
1717.48242 -148.39981
1720.17407 -148.37070
1722.86670 -148.39204
1725.55859 -148.36208
1728.25012 -148.38239
1730.94214 -148.38358
1733.63416 -148.43126
1736.32642 -148.45990
1739.01794 -148.35316
1741.71033 -148.47977
1744.40210 -148.47568
1747.09363 -148.53961
1749.78564 -149.10088
1752.47791 -148.51494
1755.16980 -148.62285
1757.86157 -148.53821
1760.55371 -148.48991
1763.24561 -148.59157
1765.93762 -148.58559
1768.62939 -148.65210
1771.32202 -148.64380
1774.01343 -148.65501
1776.70667 -148.68498
1779.39746 -148.66504
1782.08972 -148.74327
1784.78162 -148.61327
1787.47375 -148.79802
1790.16589 -148.73244
1792.85718 -148.55273
1795.54980 -148.72705
1798.24121 -148.75938
1800.93445 -148.82042
1803.62500 -148.63487
1806.31726 -148.72256
1809.00977 -148.85526
1811.70239 -148.77899
1814.39331 -148.76253
1817.08521 -148.84598
1819.77759 -148.67868
1822.46948 -148.87537
1825.16125 -148.75446
1827.85254 -148.85680
1830.54578 -148.94769
1833.23706 -148.99672
1835.92957 -149.07608
1838.62061 -148.96490
1841.31348 -148.96355
1844.00488 -148.95854
1846.69751 -148.85455
1849.38855 -149.08195
1852.08105 -148.97604
1854.77319 -149.08133
1857.46533 -148.99326
1860.15735 -149.06662
1862.84912 -149.07854
1865.54175 -149.05800
1868.23303 -149.08015
1870.92578 -149.03700
1873.61707 -149.08995
1876.30872 -149.04987
1879.00012 -149.20824
1881.69324 -149.05659
1884.38464 -149.11943
1887.07666 -149.12712
1889.76855 -151.50604
1892.46069 -149.17390
1895.15234 -149.16808
1897.84473 -149.18193
1900.53723 -149.27608
1903.22827 -149.16910
1905.92029 -149.27861
1908.61218 -149.27185
1911.30432 -149.18735
1913.99646 -149.36761
1916.68884 -149.34779
1919.38123 -149.27711
1922.07263 -149.40697
1924.76465 -149.31578
1927.45679 -149.36809
1930.14795 -149.22697
1932.84033 -149.29170
1935.53296 -149.40157
1938.22412 -149.34048
1940.91663 -149.47664
1943.60889 -149.61528
1946.30005 -149.47411
1948.99182 -149.42982
1951.68408 -149.43262
1954.37634 -149.42380
1957.06848 -149.47826
1959.76062 -149.47522
1962.45215 -149.52808
1965.14404 -149.54074
1967.83594 -149.54646
1970.52881 -149.57088
1973.22009 -149.51985
1975.91211 -149.50394
1978.60352 -149.60695
1981.29639 -149.54367
1983.98865 -149.68762
1986.68018 -149.62589
1989.37109 -149.70442
1992.06372 -149.79010
1994.75537 -149.75824
1997.44824 -149.73537
2000.13940 -149.74254
2002.83142 -149.60498
2005.52368 -149.76353
2008.21643 -149.72766
2010.90820 -149.82956
2013.60034 -149.73012
2016.29163 -149.71416
2018.98315 -149.84810
2021.67615 -149.71909
2024.36707 -149.81990
2027.05945 -149.72009
2029.75208 -148.72192
2032.44373 -149.74590
2035.13562 -149.80385
2037.82776 -149.84175
2040.52002 -149.90105
2043.21143 -149.81761
2045.90405 -149.90416
2048.59570 -149.85890
2051.28760 -149.88417
2053.97974 -149.89883
2056.67090 -149.92076
2059.36426 -149.82797
2062.05566 -149.98364
2064.74707 -150.01244
2067.43970 -149.99579
2070.13135 -150.00439
2072.82422 -150.03087
2075.51611 -149.95970
2078.20703 -149.98784
2080.89893 -150.01939
2083.59082 -149.83031
2086.28394 -149.98291
2088.97510 -150.07353
2091.66724 -150.03880
2094.35938 -150.04942
2097.05151 -150.18044
2099.74365 -150.34026
2102.43457 -150.12869
2105.12671 -150.13602
2107.81885 -150.13589
2110.51099 -150.19890
2113.20410 -150.19232
2115.89380 -150.14218
2118.58691 -150.20245
2121.27881 -150.15976
2123.97192 -150.16203
2126.66357 -150.12759
2129.35522 -150.23169
2132.04663 -150.30122
2134.73926 -150.28882
2137.43164 -150.22151
2140.12280 -150.20160
2142.81494 -150.28050
2145.50708 -150.21753
2148.19873 -150.32950
2150.89062 -150.35881
2153.58325 -150.30412
2156.27466 -150.30376
2158.96704 -150.44067
2161.65796 -150.30785
2164.35107 -150.31129
2167.04272 -150.29564
2169.73413 -148.38620
2172.42676 -150.32643
2175.11890 -150.35809
2177.81079 -150.41966
2180.50269 -150.40611
2183.19385 -150.42061
2185.88647 -150.39203
2188.57715 -150.57382
2191.27002 -150.30220
2193.96289 -150.42815
2196.65405 -150.48380
2199.34619 -150.48260
2202.03784 -150.37540
2204.73047 -150.50148
2207.42261 -150.52138
2210.11450 -150.56647
2212.80615 -150.52585
2215.49854 -150.57574
2218.19043 -150.57484
2220.88086 -150.58752
2223.57446 -150.66887
2226.26538 -150.64043
2228.95703 -150.61722
2231.65063 -150.57452
2234.34277 -150.74446
2237.03418 -150.67256
2239.72534 -150.64005
2242.41724 -150.61874
2245.10986 -150.83160
2247.80225 -150.69139
2250.49390 -150.73779
2253.18628 -150.69574
2255.87842 -150.64806
2258.56982 -150.68500
2261.26196 -150.67046
2263.95361 -150.75108
2266.64600 -151.01814
2269.33667 -150.80162
2272.02930 -150.78748
2274.72241 -150.79881
2277.41406 -150.79126
2280.10596 -150.79004
2282.79761 -150.74843
2285.48975 -150.85405
2288.18140 -150.85733
2290.87378 -150.86725
2293.56543 -150.92331
2296.25781 -150.83018
2298.94946 -150.73009
2301.64185 -150.91751
2304.33350 -150.90930
2307.02588 -150.94809
2309.71729 -151.36476
2312.40967 -150.88533
2315.10107 -151.00670
2317.79321 -150.89455
2320.48486 -150.94835
2323.17676 -150.97589
2325.86938 -151.03107
2328.56006 -150.97853
2331.25391 -151.10602
2333.94556 -151.08212
2336.63647 -150.96011
2339.32910 -150.98671
2342.02124 -151.01431
2344.71387 -151.06821
2347.40430 -151.18414
2350.09790 -151.12663
2352.78955 -150.78647
2355.48145 -151.14273
2358.17261 -151.01172
2360.86572 -151.14919
2363.55664 -150.72203
2366.24902 -151.02423
2368.94092 -151.07994
2371.63306 -151.15315
2374.32471 -151.06592
2377.01636 -151.15646
2379.70874 -151.02734
2382.40015 -151.19551
2385.09326 -151.34808
2387.78418 -151.24010
2390.47705 -151.26605
2393.16870 -151.23329
2395.85962 -151.38454
2398.55200 -151.22614
2401.24512 -151.30006
2403.93579 -151.28516
2406.62939 -151.14232
2409.32104 -151.32207
2412.01270 -151.36394
2414.70361 -151.34555
2417.39600 -151.30118
2420.08887 -151.32864
2422.78101 -151.35103
2425.47168 -151.23886
2428.16553 -151.41502
2430.85571 -151.44162
2433.54761 -151.45433
2436.23975 -151.32024
2438.93213 -151.46202
2441.62500 -151.32701
2444.31665 -151.42625
2447.00854 -151.35614
2449.70068 -153.84181
2452.39307 -151.42871
2455.08447 -151.38579
2457.77612 -151.47998
2460.46826 -151.34125
2463.16016 -151.36337
2465.85254 -151.42346
2468.54541 -151.57417
2471.23682 -151.25758
2473.92847 -151.60435
2476.62061 -151.57774
2479.31250 -151.54758
2482.00488 -151.56812
2484.69629 -151.52815
2487.38892 -151.51038
2490.07910 -151.47411
2492.77197 -151.43341
2495.46411 -151.48691
2498.15601 -151.70563
2500.84692 -151.66547
2503.54053 -151.97696
2506.23169 -151.69588
2508.92432 -151.57117
2511.61572 -151.61192
2514.30713 -151.78418
2517.00024 -151.61713
2519.69067 -151.60234
2522.38403 -151.72391
2525.07593 -151.80959
2527.76807 -151.77248
2530.45874 -151.69894
2533.15234 -151.79568
2535.84473 -151.72339
2538.53564 -151.70697
2541.22827 -151.75775
2543.91943 -151.80853
2546.61182 -151.60892
2549.30322 -151.86755
2551.99438 -151.89857
2554.68726 -151.83653
2557.38013 -151.85007
2560.07129 -151.85527
2562.76270 -151.80447
2565.45557 -151.80565
2568.14697 -151.79544
2570.83838 -151.92384
2573.53125 -151.81956
2576.22412 -151.83122
2578.91553 -151.77930
2581.60840 -151.81348
2584.29956 -151.93233
2586.99097 -151.83597
2589.68359 -150.76367
2592.37500 -151.88759
2595.06592 -152.07611
2597.76001 -152.03131
2600.45117 -151.87859
2603.14331 -152.01707
2605.83447 -152.03937
2608.52808 -151.89766
2611.22021 -151.94922
2613.91235 -151.99307
2616.60278 -151.95486
2619.29468 -152.06165
2621.98633 -152.03249
2624.67969 -152.10526
2627.37085 -151.97650
2630.06372 -152.00400
2632.75366 -152.18306
2635.44629 -152.03241
2638.13867 -152.09720
2640.82959 -152.10481
2643.52319 -152.10434
2646.21533 -151.97607
2648.90674 -152.13008
2651.59863 -152.15965
2654.28979 -152.16188
2656.98267 -152.13519
2659.67529 -152.22852
2662.36597 -152.12521
2665.05835 -152.44147
2667.75146 -152.20905
2670.44336 -152.18823
2673.13477 -152.15858
2675.82764 -152.25934
2678.51855 -152.20425
2681.21094 -152.18092
2683.90283 -152.19833
2686.59473 -152.00941
2689.28613 -152.19928
2691.97754 -152.28511
2694.67017 -152.25928
2697.36353 -152.18808
2700.05273 -152.21974
2702.74609 -152.26408
2705.43896 -152.30891
2708.13135 -152.45406
2710.82227 -152.32343
2713.51416 -152.25385
2716.20581 -152.31927
2718.89868 -152.27769
2721.58960 -152.37683
2724.28320 -152.36667
2726.97510 -152.25563
2729.66528 -150.43535
2732.35791 -152.28522
2735.05029 -152.36855
2737.74219 -152.35641
2740.43408 -152.36475
2743.12646 -152.43489
2745.81763 -152.40192
2748.50952 -152.40263
2751.20264 -152.10582
2753.89526 -152.40552
2756.58472 -152.40105
2759.27832 -152.42215
2761.97144 -152.42291
2764.66260 -152.55850
2767.35327 -152.38000
2770.04663 -152.56500
2772.73804 -152.75308
2775.43066 -152.54106
2778.12256 -152.49754
2780.81274 -152.57225
2783.50562 -152.57480
2786.19629 -152.44975
2788.89111 -152.57346
2791.58081 -152.56519
2794.27344 -152.81624
2796.96655 -152.50276
2799.65674 -152.61018
2802.34912 -152.46886
2805.04126 -152.59853
2807.73413 -152.58780
2810.42505 -152.56679
2813.11743 -152.68845
2815.80859 -152.53314
2818.50122 -152.68196
2821.19336 -152.64128
2823.88647 -152.73378
2826.57739 -152.80301
2829.26953 -152.68628
2831.96069 -152.67690
2834.65332 -152.62790
2837.34521 -152.72144
2840.03809 -152.79993
2842.72900 -152.73308
2845.42041 -152.70012
2848.11328 -152.66348
2850.80542 -152.66919
2853.49707 -152.77948
2856.18945 -152.80591
2858.87988 -152.70074
2861.57275 -152.78802
2864.26514 -152.72639
2866.95679 -152.83775
2869.64941 -153.38712
2872.34131 -152.68413
2875.03271 -152.90515
2877.72510 -152.79213
2880.41699 -152.58334
2883.10938 -152.76576
2885.79980 -152.85138
2888.49268 -152.93719
2891.18457 -153.05458
2893.87646 -152.95216
2896.56885 -152.78857
2899.26050 -152.85899
2901.95190 -152.65538
2904.64551 -152.93469
2907.33667 -152.94164
2910.02905 -152.82509
2912.72021 -152.81902
2915.41284 -153.03125
2918.10449 -152.96950
2920.79565 -153.06210
2923.48877 -153.00784
2926.18018 -152.97382
2928.87354 -152.90091
2931.56299 -152.98352
2934.25537 -152.94286
2936.94824 -152.95314
2939.64062 -152.93114
2942.33179 -153.08162
2945.02417 -152.91478
2947.71582 -152.97032
2950.40796 -153.16638
2953.10107 -152.95772
2955.79199 -153.19838
2958.48364 -153.02771
2961.17627 -153.19395
2963.86768 -152.99837
2966.56006 -153.10895
2969.25171 -152.99556
2971.94580 -153.09662
2974.63599 -153.12692
2977.32812 -153.11528
2980.02148 -153.06969
2982.71045 -153.06166
2985.40381 -153.23633
2988.09448 -153.17949
2990.78906 -153.07072
2993.48145 -153.11983
2996.17139 -153.12480
2998.86499 -153.19644
3001.55640 -153.13985
3004.24829 -153.25685
3006.93945 -153.17337
3009.63330 -155.20787
3012.32422 -153.24466
3015.01587 -153.10231
3017.70850 -153.17410
3020.39819 -153.25525
3023.09229 -153.23811
3025.78369 -153.19353
3028.47437 -153.29596
3031.16724 -153.31158
3033.85938 -153.32713
3036.55029 -153.24588
3039.24341 -153.29646
3041.93457 -153.32829
3044.62598 -153.33409
3047.31958 -153.27299
3050.01099 -153.30336
3052.70288 -153.61014
3055.39551 -153.33943
3058.08716 -153.36812
3060.77930 -153.26378
3063.47070 -153.38570
3066.16309 -153.25743
3068.85742 -153.23590
3071.54907 -153.39777
3074.23975 -153.54227
3076.93115 -153.45149
3079.62305 -153.30812
3082.31567 -153.44536
3085.00732 -153.35149
3087.69800 -153.50069
3090.39087 -153.41702
3093.08301 -153.41759
3095.77393 -153.20581
3098.46704 -153.45488
3101.16089 -153.35034
3103.85010 -153.52069
3106.54199 -153.27054
3109.23584 -153.45819
3111.92725 -153.49249
3114.61914 -153.46945
3117.31177 -153.45914
3120.00293 -153.48274
3122.69507 -153.40846
3125.38770 -153.61443
3128.07739 -153.40802
3130.76929 -153.53781
3133.46216 -153.48087
3136.15527 -153.61766
3138.84570 -153.38585
3141.53833 -153.58260
3144.22998 -153.57588
3146.92407 -153.57565
3149.61523 -152.52763
3152.30835 -153.48535
3154.99878 -153.78468
3157.69141 -153.65460
3160.38306 -153.75119
3163.07520 -153.62560
3165.76611 -153.62192
3168.45752 -153.66359
3171.14966 -153.60017
3173.84229 -153.65948
3176.53345 -153.57961
3179.22705 -153.72412
3181.91943 -153.47122
3184.60913 -153.69972
3187.30249 -153.69604
3189.99487 -153.75673
3192.68774 -153.82172
3195.37744 -153.70901
3198.06934 -153.73737
3200.76196 -153.80058
3203.45337 -153.59499
3206.14526 -153.56192
3208.83936 -153.72572
3211.53052 -153.79788
3214.22168 -153.97633
3216.91406 -153.70448
3219.60669 -153.82416
3222.29761 -153.71208
3224.98975 -153.55867
3227.68164 -153.67096
3230.37256 -153.95369
3233.06763 -153.83655
3235.75781 -153.67780
3238.44995 -153.92400
3241.14111 -153.74988
3243.83423 -153.88475
3246.52612 -154.06970
3249.21851 -153.91312
3251.90942 -153.91382
3254.60083 -153.75676
3257.29272 -153.94676
3259.98682 -153.89136
3262.67798 -153.84016
3265.36914 -153.97435
3268.06299 -154.03952
3270.75342 -153.86557
3273.44604 -153.94888
3276.13916 -153.98381
3278.82910 -153.90041
3281.52124 -153.95398
3284.21362 -154.09738
3286.90479 -153.91649
3289.59814 -152.16489
3292.29004 -153.85957
3294.98242 -153.88428
3297.67334 -153.95287
3300.36475 -153.88338
3303.06006 -153.99953
3305.75000 -154.01932
3308.44043 -154.13254
3311.13525 -154.16641
3313.82666 -153.92703
3316.51636 -154.06735
3319.20874 -153.85294
3321.90137 -154.02333
3324.59375 -154.11072
3327.28516 -154.10201
3329.97681 -154.14993
3332.66895 -154.36667
3335.36133 -154.19792
3338.05420 -154.00833
3340.74512 -154.05525
3343.43872 -154.02820
3346.12891 -154.07324
3348.82104 -154.15575
3351.51343 -154.00854
3354.20435 -154.33078
3356.89746 -154.22075
3359.58936 -154.32233
3362.28149 -154.12924
3364.97192 -154.12813
3367.66455 -154.02882
3370.35547 -154.10179
3373.04883 -154.24451
3375.74219 -153.95428
3378.43237 -154.12419
3381.12451 -154.19868
3383.81689 -154.20815
3386.50781 -154.30048
3389.20117 -154.18895
3391.89233 -154.25563
3394.58447 -154.25468
3397.27637 -154.41975
3399.96851 -154.13828
3402.66113 -154.28177
3405.35205 -154.26958
3408.04541 -154.22295
3410.73682 -154.27599
3413.42822 -154.18846
3416.12036 -154.28226
3418.81250 -154.19333
3421.50513 -154.37195
3424.19580 -154.28598
3426.88696 -154.40363
3429.58008 -155.03307
3432.27344 -154.26573
3434.96338 -154.36349
3437.65747 -154.42630
3440.34766 -154.04192
3443.04199 -154.33269
3445.73096 -154.29539
3448.42383 -154.31020
3451.11670 -154.34644
3453.80811 -154.35970
3456.49951 -154.43738
3459.19165 -154.35152
3461.88354 -154.48874
3464.57544 -154.41801
3467.26807 -154.45340
3469.96045 -154.48009
3472.65332 -154.41257
3475.34424 -154.53957
3478.03711 -154.45462
3480.72656 -154.44542
3483.42188 -154.43146
3486.11353 -154.54309
3488.80151 -154.34819
3491.49561 -154.50259
3494.18799 -154.53380
3496.88013 -154.50917
3499.57056 -154.28212
3502.26318 -154.49031
3504.95605 -154.22203
3507.64697 -154.45068
3510.33984 -154.50551
3513.03125 -154.61543
3515.72266 -154.66354
3518.41431 -154.51302
3521.10791 -154.61121
3523.79980 -154.41071
3526.49170 -154.56990
3529.18359 -154.47952
3531.87549 -154.59259
3534.56787 -154.59387
3537.26050 -154.62579
3539.95264 -154.66635
3542.64551 -154.48399
3545.33643 -154.64093
3548.02710 -154.54608
3550.71997 -154.62314
3553.41284 -154.55879
3556.10376 -154.60150
3558.79517 -154.54607
3561.48657 -154.59442
3564.17969 -154.66992
3566.87109 -154.53828
3569.56274 -156.86290
3572.25391 -154.64711
3574.94580 -154.52342
3577.63940 -154.59341
3580.33105 -154.43152
3583.02295 -154.67404
3585.71509 -154.77832
3588.40698 -154.63290
3591.10083 -154.85088
3593.79102 -154.63081
3596.48291 -154.73749
3599.17700 -154.71373
3601.86719 -154.88689
3604.55933 -154.75914
3607.25146 -154.79416
3609.94385 -154.74910
3612.63403 -155.17023
3615.32617 -154.77592
3618.02051 -154.64458
3620.71094 -154.63611
3623.40112 -154.94409
3626.09375 -154.76227
3628.78613 -154.81046
3631.47827 -154.79417
3634.17090 -155.04102
3636.86133 -154.68123
3639.55542 -154.83066
3642.24805 -154.91783
3644.93799 -154.61269
3647.63062 -154.89256
3650.32080 -154.86731
3653.01514 -154.93121
3655.70532 -154.86743
3658.39746 -154.89539
3661.09180 -154.93575
3663.78198 -154.87965
3666.47437 -154.67206
3669.16846 -154.98743
3671.85840 -154.90820
3674.55054 -154.94122
3677.24072 -155.02800
3679.93433 -154.89253
3682.62646 -154.79709
3685.31836 -154.97592
3688.01001 -155.00388
3690.70166 -154.97031
3693.39331 -154.88943
3696.08691 -154.97717
3698.77661 -155.07274
3701.46997 -154.97742
3704.16138 -155.07925
3706.85278 -154.97720
3709.54590 -153.91013
3712.23901 -154.85135
3714.93213 -155.08406
3717.62329 -155.16631
3720.31396 -154.98117
3723.00684 -154.86061
3725.69775 -154.95711
3728.38818 -155.04156
3731.08276 -154.82458
3733.77319 -155.03853
3736.46753 -155.05417
3739.15771 -154.99713
3741.85181 -155.24925
3744.54370 -155.11407
3747.23535 -155.04539
3749.92529 -155.18408
3752.61914 -154.84050
3755.31030 -154.99651
3758.00171 -155.13499
3760.69287 -155.09724
3763.38599 -155.10951
3766.07690 -155.03139
3768.76978 -155.22856
3771.46240 -155.15118
3774.15503 -155.16458
3776.84546 -155.15807
3779.53760 -155.21585
3782.22949 -155.14200
3784.91943 -155.26846
3787.61328 -155.16258
3790.30493 -155.17349
3792.99658 -155.15286
3795.68750 -155.03883
3798.38086 -155.25404
3801.07397 -155.16615
3803.76660 -155.13652
3806.45728 -154.91563
3809.14941 -155.23930
3811.84180 -155.24226
3814.53394 -155.31729
3817.22363 -155.17824
3819.91724 -155.17035
3822.60889 -155.16795
3825.30225 -155.21725
3827.99341 -155.39281
3830.68408 -155.23586
3833.37671 -155.16141
3836.06934 -155.18990
3838.76196 -155.27499
3841.45386 -155.15590
3844.14575 -155.20703
3846.83740 -155.28801
3849.52881 -153.82675
3852.21973 -155.21161
3854.91089 -155.36671
3857.60376 -155.31976
3860.29639 -155.34496
3862.98853 -155.42789
3865.68091 -155.26883
3868.37256 -155.29211
3871.06641 -155.17418
3873.75757 -155.28810
3876.44678 -155.50407
3879.13965 -155.38846
3881.83228 -155.26982
3884.52490 -155.29005
3887.21704 -155.36928
3889.91089 -155.43864
3892.59814 -155.11650
3895.29175 -155.53261
3897.98535 -155.30444
3900.67822 -155.40106
3903.36865 -155.26666
3906.05859 -155.33769
3908.75098 -155.47223
3911.44263 -155.35017
3914.13623 -155.81273
3916.82959 -155.49411
3919.52051 -155.56151
3922.21338 -155.37627
3924.90356 -155.15918
3927.59570 -155.48691
3930.28955 -155.36084
3932.97900 -155.63890
3935.67236 -155.80559
3938.36548 -155.42874
3941.05591 -155.65671
3943.74854 -155.47646
3946.44043 -155.51489
3949.13208 -155.59680
3951.82349 -155.51826
3954.51440 -155.43176
3957.20728 -155.53520
3959.89990 -155.44868
3962.59229 -155.51845
3965.28418 -155.59764
3967.97559 -155.52034
3970.66675 -155.74960
3973.35962 -155.56389
3976.05225 -155.63072
3978.74243 -155.71355
3981.43652 -155.64162
3984.12817 -155.57106
3986.81909 -155.54956
3989.51221 -156.49858
3992.20483 -155.60707
3994.89722 -155.63756
3997.58667 -155.58481
4000.28052 -155.42770
4002.97144 -155.55824
4005.66431 -155.57251
4008.35693 -155.67697
4011.04883 -155.75583
4013.74072 -155.57712
4016.43213 -155.65874
4019.12305 -155.66910
4021.81592 -155.31633
4024.50806 -155.48521
4027.19995 -155.61053
4029.89136 -155.59932
4032.58252 -155.66283
4035.27563 -155.60361
4037.96777 -155.66342
4040.65967 -155.69461
4043.35156 -155.64508
4046.04272 -155.69884
4048.73560 -155.85507
4051.42822 -155.61772
4054.11816 -155.76453
4056.80957 -155.77679
4059.50562 -155.65236
4062.19629 -155.66489
4064.88672 -155.69952
4067.57861 -155.72754
4070.27295 -155.67348
4072.96167 -155.76590
4075.65454 -155.90640
4078.34717 -155.76009
4081.03955 -155.88539
4083.73315 -155.69740
4086.42212 -155.95776
4089.11719 -155.74577
4091.80762 -155.74883
4094.49951 -155.72656
4097.19092 -155.87308
4099.88379 -155.82742
4102.57471 -155.79112
4105.26709 -155.77475
4107.95850 -155.98906
4110.64990 -155.79663
4113.34326 -155.85924
4116.03564 -155.87697
4118.72754 -155.89470
4121.41943 -155.87967
4124.11035 -155.69011
4126.80322 -155.88885
4129.49561 -157.42683
4132.18750 -155.84509
4134.87891 -155.91597
4137.56934 -155.93918
4140.26221 -156.07491
4142.95605 -155.86330
4145.64551 -155.95593
4148.33887 -155.82713
4151.03125 -156.18761
4153.72363 -155.82256
4156.41553 -155.97903
4159.10840 -155.81339
4161.79932 -155.91084
4164.49170 -155.94887
4167.18311 -155.98291
4169.87207 -155.98888
4172.56738 -155.73625
4175.25781 -156.08240
4177.95166 -156.01711
4180.64307 -156.05792
4183.33594 -155.72098
4186.02832 -156.08205
4188.71777 -156.02655
4191.40918 -155.90182
4194.10449 -155.83307
4196.79248 -156.12996
4199.48438 -156.06155
4202.17822 -155.92114
4204.87109 -155.95490
4207.56348 -155.96906
4210.25488 -155.98805
4212.94385 -156.06735
4215.63916 -155.94579
4218.32959 -155.95247
4221.02148 -156.06474
4223.71240 -156.10030
4226.40527 -155.85419
4229.09766 -156.15802
4231.78955 -156.22021
4234.48291 -156.08281
4237.17334 -155.95996
4239.86523 -156.06105
4242.55713 -156.19611
4245.25000 -156.20575
4247.94287 -156.28906
4250.63281 -156.14545
4253.32617 -156.18878
4256.01709 -156.11023
4258.70947 -156.31516
4261.40137 -156.08687
4264.09229 -155.95580
4266.78516 -156.13553
4269.47754 -155.09129
4272.16895 -156.19447
4274.86279 -156.16280
4277.55273 -156.16492
4280.24463 -156.36401
4282.93848 -156.21663
4285.62939 -156.22490
4288.32129 -156.23511
4291.01318 -156.17056
4293.70654 -156.24632
4296.39697 -156.20894
4299.09131 -156.22655
4301.78027 -155.77940
4304.47314 -156.09171
4307.16602 -156.31544
4309.85742 -156.15814
4312.54834 -156.24875
4315.24121 -156.17361
4317.93311 -156.12955
4320.62451 -156.12979
4323.31738 -155.63577
4326.00732 -156.19289
4328.69922 -156.21964
4331.39453 -156.30556
4334.08740 -156.46292
4336.77686 -156.45073
4339.46777 -156.33690
4342.16064 -156.35452
4344.85254 -156.12428
4347.54639 -156.34515
4350.23730 -156.27179
4352.92676 -156.36722
4355.62354 -156.10957
4358.31152 -156.39114
4361.00439 -156.37616
4363.69629 -156.29988
4366.38965 -156.28549
4369.08008 -156.31950
4371.77197 -156.38927
4374.46582 -156.27423
4377.15625 -156.39130
4379.84814 -156.62187
4382.53955 -156.41695
4385.23291 -156.27995
4387.92529 -156.41652
4390.61621 -156.35046
4393.30957 -156.36768
4396.00000 -156.48100
4398.69385 -156.51048
4401.38477 -156.40115
4404.07715 -156.36163
4406.76904 -156.48044
4409.45996 -155.04076
4412.15283 -156.40311
4414.84473 -156.38950
4417.53564 -156.33565
4420.22852 -156.62790
4422.92041 -156.58698
4425.61133 -156.40425
4428.30420 -156.58777
4430.99609 -156.54677
4433.68750 -156.34334
4436.38037 -156.51082
4439.07227 -156.40427
4441.76318 -156.68776
4444.45605 -156.56639
4447.14844 -156.51064
4449.83936 -156.32845
4452.53223 -156.17259
4455.22461 -156.60561
4457.91553 -156.59714
4460.60840 -156.48006
4463.30029 -156.46298
4465.99170 -156.60236
4468.68457 -156.62073
4471.37646 -156.60651
4474.06787 -156.52313
4476.76074 -156.41708
4479.45264 -156.59744
4482.14355 -156.60333
4484.83594 -156.65662
4487.52832 -156.49901
4490.22168 -156.44528
4492.91162 -156.76813
4495.60596 -156.34657
4498.29688 -156.56120
4500.98926 -156.64241
4503.67871 -156.57011
4506.37158 -156.66588
4509.06445 -156.57959
4511.75586 -156.82228
4514.44873 -156.64006
4517.14111 -156.15555
4519.83008 -156.61972
4522.52344 -156.57207
4525.21777 -156.65460
4527.90918 -156.67784
4530.59961 -156.48074
4533.29150 -156.73328
4535.98242 -156.57703
4538.67480 -156.86215
4541.36914 -156.51830
4544.06006 -156.64998
4546.75000 -156.69876
4549.44434 -157.47784
4552.13770 -156.65047
4554.82715 -156.65761
4557.51855 -156.70526
4560.21143 -156.58574
4562.90088 -156.81035
4565.59473 -156.86580
4568.28711 -156.66483
4570.97900 -156.56721
4573.67236 -156.73949
4576.36230 -156.65828
4579.05371 -156.65945
4581.74707 -157.23512
4584.43896 -156.71881
4587.12988 -157.00310
4589.82324 -156.69391
4592.51465 -156.71736
4595.20557 -156.83095
4597.89844 -156.81648
4600.59229 -156.64815
4603.28516 -156.45911
4605.97510 -156.81737
4608.66602 -156.81119
4611.36133 -156.69417
4614.05322 -156.76611
4616.74414 -156.90240
4619.43408 -156.83960
4622.12549 -156.80809
4624.81836 -156.73349
4627.51025 -156.82565
4630.20166 -156.86340
4632.89453 -156.82274
4635.58594 -156.95821
4638.27930 -156.81702
4640.97119 -156.86971
4643.66016 -156.83267
4646.35547 -156.89629
4649.04980 -156.81577
4651.74072 -156.81938
4654.43066 -156.81158
4657.12207 -157.09756
4659.81250 -156.85197
4662.50684 -156.97449
4665.19775 -156.85286
4667.89014 -157.35066
4670.58398 -156.81117
4673.27441 -156.92424
4675.96680 -156.92961
4678.65771 -156.74440
4681.35010 -156.97031
4684.04395 -156.83752
4686.73486 -157.01215
4689.42676 -159.01469
4692.12012 -156.79549
4694.81055 -156.90387
4697.50195 -156.86369
4700.19482 -156.85567
4702.88672 -156.92572
4705.57812 -156.87703
4708.27051 -156.97293
4710.96191 -156.55576
4713.65527 -156.85342
4716.34473 -157.09091
4719.03809 -157.01028
4721.73047 -157.08617
4724.42188 -157.06403
4727.11475 -157.03963
4729.80664 -156.97995
4732.49756 -156.95897
4735.18994 -157.05273
4737.88135 -157.00275
4740.57373 -156.99983
4743.26562 -157.12289
4745.95898 -157.03438
4748.65137 -157.14954
4751.34229 -156.99446
4754.03467 -157.19388
4756.72656 -156.93460
4759.41699 -157.14203
4762.10889 -157.08879
4764.80225 -157.06738
4767.49463 -156.94235
4770.18604 -157.19427
4772.87891 -156.92911
4775.57031 -157.20198
4778.26123 -157.20689
4780.95312 -157.20650
4783.64697 -157.29506
4786.33936 -156.84769
4789.03076 -157.29260
4791.72070 -157.22093
4794.41309 -157.03667
4797.10596 -157.00868
4799.79834 -156.93376
4802.48926 -157.15088
4805.17969 -157.20836
4807.87061 -156.99702
4810.56348 -157.15004
4813.25830 -157.13829
4815.94873 -157.11195
4818.64111 -157.02310
4821.33203 -157.15274
4824.02441 -157.30421
4826.71631 -157.24745
4829.40918 -155.80901
4832.10059 -157.28429
4834.79395 -157.11450
4837.48633 -157.19936
4840.17725 -156.91736
4842.86963 -157.22064
4845.55811 -157.33327
4848.25391 -157.28926
4850.94531 -157.20218
4853.63818 -157.28212
4856.33008 -157.32297
4859.02100 -157.27402
4861.71094 -157.02011
4864.40430 -157.19344
4867.09668 -157.14705
4869.78857 -157.13702
4872.48145 -157.33682
4875.17041 -157.19931
4877.86621 -157.22081
4880.55566 -157.29233
4883.24902 -157.49379
4885.93848 -157.41708
4888.63232 -157.25453
4891.32471 -157.42699
4894.01611 -157.39001
4896.70898 -157.26164
4899.40332 -157.35132
4902.09375 -157.32419
4904.78564 -157.19365
4907.47607 -157.35777
4910.16846 -157.41277
4912.85938 -157.28873
4915.55469 -157.37970
4918.24561 -157.39345
4920.93799 -157.27397
4923.62939 -157.40062
4926.31982 -157.09184
4929.01416 -157.40242
4931.70459 -157.26880
4934.39648 -157.35675
4937.08691 -157.12816
4939.78223 -157.62091
4942.47266 -157.38438
4945.16211 -157.30669
4947.85596 -157.52885
4950.54590 -157.29057
4953.24023 -157.51790
4955.93311 -157.32982
4958.62402 -157.41798
4961.31738 -157.45403
4964.00928 -157.22784
4966.70215 -157.44888
4969.39160 -156.02942
4972.08447 -157.37881
4974.77686 -157.43396
4977.46777 -157.42500
4980.16016 -157.28915
4982.85352 -157.47672
4985.54297 -157.40146
4988.23438 -157.51857
4990.92969 -156.99644
4993.62109 -157.45972
4996.31152 -157.53323
4999.00293 -157.51784
5001.69531 -157.64345
5004.38721 -157.27995
5007.08057 -157.51004
5009.77197 -157.44870
5012.46240 -157.27618
5015.15430 -157.43410
5017.84766 -157.50780
5020.54004 -157.42342
5023.23047 -157.43419
5025.92285 -157.38153
5028.61377 -157.57951
5031.30615 -157.52902
5034.00293 -157.73222
5036.69238 -157.44836
5039.38330 -157.46368
5042.07568 -157.68048
5044.77002 -157.75772
5047.45996 -157.81215
5050.15381 -157.53586
5052.84375 -157.58221
5055.53516 -158.23645
5058.22510 -157.51193
5060.91943 -157.63641
5063.60938 -157.51689
5066.30127 -157.85876
5068.99414 -157.55342
5071.68848 -157.56229
5074.37891 -157.55052
5077.07324 -157.30623
5079.76123 -157.59225
5082.45557 -157.67461
5085.14893 -157.64415
5087.83789 -157.53870
5090.53125 -157.56844
5093.22314 -157.66306
5095.91650 -157.58406
5098.60840 -157.71840
5101.29883 -157.63866
5103.99121 -157.60257
5106.68408 -157.64606
5109.37354 -158.49078
5112.06689 -157.78024
5114.75928 -157.68550
5117.45020 -157.60646
5120.14160 -157.95235
5122.83252 -157.77455
5125.52734 -157.98979
5128.21826 -157.86372
5130.91309 -157.79370
5133.60400 -157.74590
5136.29346 -157.81914
5138.98682 -157.84923
5141.67920 -157.93298
5144.37256 -157.74486
5147.06152 -157.74837
5149.75537 -157.68231
5152.44727 -157.57698
5155.13770 -157.86333
5157.83008 -157.92564
5160.52051 -157.62755
5163.21289 -157.89537
5165.90625 -157.59291
5168.60107 -157.72466
5171.28906 -157.82303
5173.98389 -157.72664
5176.67432 -157.77707
5179.36621 -157.66664
5182.06006 -157.73451
5184.75146 -157.88164
5187.43896 -157.80219
5190.13379 -157.67261
5192.82422 -157.83588
5195.51855 -157.90810
5198.20898 -157.86139
5200.90088 -157.93076
5203.59424 -157.99551
5206.28613 -157.43680
5208.97900 -157.88602
5211.67041 -158.10162
5214.36084 -157.77515
5217.05518 -157.94588
5219.74805 -157.93535
5222.43652 -157.77950
5225.13232 -157.92041
5227.82031 -158.61296
5230.51025 -157.89088
5233.20410 -157.93617
5235.89746 -157.95534
5238.59131 -157.74928
5241.28125 -157.94327
5243.97461 -157.71115
5246.66455 -157.83284
5249.35547 -159.13527
5252.04785 -157.77945
5254.74121 -157.85492
5257.43359 -157.87228
5260.12695 -157.74071
5262.81641 -157.86469
5265.50977 -158.08336
5268.20117 -158.11673
5270.89160 -157.81779
5273.58643 -157.92278
5276.27637 -158.16246
5278.96777 -158.05363
5281.66064 -157.95467
5284.35547 -157.82364
5287.04541 -157.76901
5289.73633 -157.96246
5292.42920 -157.86259
5295.12012 -157.93741
5297.81299 -158.01759
5300.50684 -157.79662
5303.19873 -157.99295
5305.88965 -157.87013
5308.58203 -158.02071
5311.27246 -158.12106
5313.96729 -158.03062
5316.65771 -157.89340
5319.34619 -157.99530
5322.04004 -158.24467
5324.73389 -158.17171
5327.42432 -157.96141
5330.11523 -157.92870
5332.80811 -158.19609
5335.50244 -157.86887
5338.19434 -158.16010
5340.88574 -157.88860
5343.57471 -157.95612
5346.27148 -157.83778
5348.96045 -157.82758
5351.65430 -158.04839
5354.34326 -158.13039
5357.03613 -158.43430
5359.72754 -158.22318
5362.42090 -157.85133
5365.11230 -158.18059
5367.80762 -158.04256
5370.49609 -157.82257
5373.18848 -158.12315
5375.87939 -158.11450
5378.57178 -157.55774
5381.26514 -157.99442
5383.95410 -158.10492
5386.65039 -158.02362
5389.34180 -156.87651
5392.03516 -158.30392
5394.72656 -158.05234
5397.41650 -158.10045
5400.10742 -157.87866
5402.80273 -158.01102
5405.49072 -158.38078
5408.18604 -158.33386
5410.87646 -158.43317
5413.56836 -158.01660
5416.26172 -158.16322
5418.95020 -158.02875
5421.64307 -158.25282
5424.33496 -158.16660
5427.03027 -158.26753
5429.72119 -158.21611
5432.41016 -158.15329
5435.10449 -158.13580
5437.79590 -158.30550
5440.48926 -158.26660
5443.18115 -158.14653
5445.87109 -158.16374
5448.56543 -158.09526
5451.25537 -158.32013
5453.94971 -158.06119
5456.64160 -158.17177
5459.33203 -158.27641
5462.02441 -158.37334
5464.71777 -157.83606
5467.40674 -157.94710
5470.09961 -158.37508
5472.79053 -158.31546
5475.48340 -158.19595
5478.17432 -158.12781
5480.86670 -158.35233
5483.56006 -158.27997
5486.25244 -157.88733
5488.94238 -158.04866
5491.63379 -158.13141
5494.32666 -158.14751
5497.01758 -158.16978
5499.71094 -158.21089
5502.40430 -158.15402
5505.09668 -158.25403
5507.78711 -158.29829
5510.47852 -158.21162
5513.16846 -158.52979
5515.86328 -158.37094
5518.55518 -158.31238
5521.24609 -158.36624
5523.93848 -158.22401
5526.62891 -158.25645
5529.32373 -156.76025
5532.01709 -158.09219
5534.70898 -158.50929
5537.40137 -158.33167
5540.09229 -158.30490
5542.78125 -158.15622
5545.47461 -158.34747
5548.16699 -158.29707
5550.85986 -158.31155
5553.55176 -158.28084
5556.24121 -158.38567
5558.93555 -158.36456
5561.62793 -158.36913
5564.31836 -158.31563
5567.00977 -158.35561
5569.70264 -158.46400
5572.39453 -158.24500
5575.08740 -158.19376
5577.77832 -158.41995
5580.46973 -158.15179
5583.16406 -158.33878
5585.85547 -158.20450
5588.54541 -158.42271
5591.23633 -158.34903
5593.92969 -158.81682
5596.62354 -158.57280
5599.31543 -158.44672
5602.00586 -158.45436
5604.70020 -158.46330
5607.39014 -158.60605
5610.08105 -158.43359
5612.77637 -158.26935
5615.46777 -158.24796
5618.15918 -158.40469
5620.85254 -158.66158
5623.54395 -158.28003
5626.23633 -158.50635
5628.92773 -158.34315
5631.61670 -158.26540
5634.31055 -158.57567
5637.00195 -158.19991
5639.69775 -158.39655
5642.38867 -158.66782
5645.08105 -158.57645
5647.77148 -158.25928
5650.46387 -158.38466
5653.15381 -158.61237
5655.84521 -158.52789
5658.53760 -158.15413
5661.23145 -158.37578
5663.92383 -158.57787
5666.61377 -158.43239
5669.30566 -159.95857
5671.99805 -158.67656
5674.69238 -158.45705
5677.38477 -158.62794
5680.07520 -158.27299
5682.76660 -158.54211
5685.45654 -158.59703
5688.15039 -158.39777
5690.83984 -158.58656
5693.53418 -158.42665
5696.22559 -158.57317
5698.91553 -158.65701
5701.61035 -158.26477
5704.30225 -158.48195
5706.99268 -158.48700
5709.68506 -158.61491
5712.38086 -158.46730
5715.06934 -158.56708
5717.76172 -158.58795
5720.45312 -158.49611
5723.14453 -157.95468
5725.83447 -158.60573
5728.52930 -158.52858
5731.22168 -158.51038
5733.91211 -158.45789
5736.60742 -158.63602
5739.29443 -158.67499
5741.98926 -158.78101
5744.68213 -158.80493
5747.37256 -158.56187
5750.06445 -158.62416
5752.75781 -158.70593
5755.44922 -158.67638
5758.14160 -158.70189
5760.83545 -158.57362
5763.52783 -158.64110
5766.21777 -158.39397
5768.90918 -158.60649
5771.60156 -158.54376
5774.29590 -158.85657
5776.98438 -158.62485
5779.67725 -158.65018
5782.36865 -158.66078
5785.06104 -158.57167
5787.75488 -158.83415
5790.44385 -158.63245
5793.13672 -158.87360
5795.82764 -158.89967
5798.52051 -158.67979
5801.21387 -158.71529
5803.90576 -158.71605
5806.59863 -158.50327
5809.28955 -159.92036
5811.98193 -158.47110
5814.67236 -158.52654
5817.36719 -158.92294
5820.05664 -158.67784
5822.74805 -158.53043
5825.43994 -158.93228
5828.13281 -158.55179
5830.82764 -159.00189
5833.51758 -158.58740
5836.20801 -159.09654
5838.90039 -158.71542
5841.59277 -158.73822
5844.28418 -158.80647
5846.97705 -158.62302
5849.66748 -158.82626
5852.35889 -158.88622
5855.05176 -158.46460
5857.74609 -158.69073
5860.43506 -158.79814
5863.12891 -159.01227
5865.82324 -158.80174
5868.51270 -158.89864
5871.20654 -158.96922
5873.89551 -158.81102
5876.58887 -158.72798
5879.27979 -158.77315
5881.97266 -158.77272
5884.66602 -158.71957
5887.35791 -158.72496
5890.04785 -159.13225
5892.74170 -158.77330
5895.43359 -158.42464
5898.12695 -158.91785
5900.81494 -158.99704
5903.51074 -159.02264
5906.19824 -158.66324
5908.89355 -158.88091
5911.58643 -158.64296
5914.27734 -158.81627
5916.96973 -158.37047
5919.65918 -158.91655
5922.35107 -158.95239
5925.04395 -158.74843
5927.73730 -158.75555
5930.42578 -158.77226
5933.11963 -159.11107
5935.81055 -158.95146
5938.50293 -158.89117
5941.19238 -159.05775
5943.88721 -158.91220
5946.58008 -158.94571
5949.27051 -157.63365
5951.96582 -158.93982
5954.65576 -158.80156
5957.34668 -159.01651
5960.03857 -158.78522
5962.73193 -159.14499
5965.42383 -158.92664
5968.11572 -158.99324
5970.80615 -158.91507
5973.49854 -158.88414
5976.19141 -159.00807
5978.88184 -158.86720
5981.57422 -159.63956
5984.26758 -158.78854
5986.95850 -158.87181
5989.65088 -158.92944
5992.34131 -159.10458
5995.03613 -158.88185
5997.72559 -159.10718
6000.41992 -159.08420
6003.11475 -159.84966
6005.80469 -159.03392
6008.49561 -158.95317
6011.18750 -159.10844
6013.87793 -158.85788
6016.57275 -159.21417
6019.26514 -159.22479
6021.95557 -159.24765
6024.64746 -159.10962
6027.33984 -158.90031
6030.03027 -158.88860
6032.72266 -159.00179
6035.41943 -159.04765
6038.10645 -159.12056
6040.79883 -159.04153
6043.49219 -159.16785
6046.18359 -158.63217
6048.87646 -159.15169
6051.56689 -159.04059
6054.25830 -159.16194
6056.95068 -158.84869
6059.64160 -159.29831
6062.33643 -159.05870
6065.02637 -158.84569
6067.71729 -158.31573
6070.41260 -159.31082
6073.10254 -159.06679
6075.79395 -159.02708
6078.48633 -158.90935
6081.17969 -159.22961
6083.87109 -159.07066
6086.56006 -159.00867
6089.25391 -158.05109
6091.94580 -158.91988
6094.63867 -159.19196
6097.33203 -159.19600
6100.02441 -159.43633
6102.71729 -158.89360
6105.40820 -159.15788
6108.09668 -159.24530
6110.79004 -159.67171
6113.48096 -159.02887
6116.17285 -159.13800
6118.86670 -159.04776
6121.55469 -158.87061
6124.25342 -159.14072
6126.94092 -159.30103
6129.63184 -159.15248
6132.32471 -158.94345
6135.02197 -159.07280
6137.70996 -159.17276
6140.40283 -159.31860
6143.09375 -159.04868
6145.78564 -159.18155
6148.47852 -159.07852
6151.17236 -159.50426
6153.86133 -159.09766
6156.55762 -159.21271
6159.24512 -159.18599
6161.93750 -159.45493
6164.63086 -158.95828
6167.32178 -159.23499
6170.01416 -159.32385
6172.70410 -159.42955
6175.39844 -158.96590
6178.09082 -158.99463
6180.78125 -159.15955
6183.47217 -159.39738
6186.16797 -159.37457
6188.85840 -159.37830
6191.54980 -159.14960
6194.24268 -159.30208
6196.93311 -158.37001
6199.62451 -159.42276
6202.31738 -159.39342
6205.01074 -159.35344
6207.70264 -159.34798
6210.39258 -159.13187
6213.08594 -159.37437
6215.77832 -159.36389
6218.47119 -158.97728
6221.15771 -159.43698
6223.85303 -159.33736
6226.54688 -159.25539
6229.23730 -160.79134
6231.92871 -159.17355
6234.62207 -158.93845
6237.31250 -159.17523
6240.00488 -159.12119
6242.70117 -159.28088
6245.39258 -159.14594
6248.08105 -159.38387
6250.77393 -159.66885
6253.46875 -159.12244
6256.15723 -159.32079
6258.85010 -159.44547
6261.54102 -158.71228
6264.23340 -159.34044
6266.92627 -159.18950
6269.62109 -159.37534
6272.30957 -159.30826
6275.00293 -159.28786
6277.69434 -159.29686
6280.38623 -159.25966
6283.07617 -158.96425
6285.77051 -159.26305
6288.45898 -159.39723
6291.15625 -159.26202
6293.84326 -159.33565
6296.53906 -159.28761
6299.22900 -159.44125
6301.91992 -159.41652
6304.61230 -159.42990
6307.30518 -159.25873
6309.99609 -159.25580
6312.68848 -159.46710
6315.38184 -159.29765
6318.07324 -159.56770
6320.76465 -159.24454
6323.45801 -159.44398
6326.14941 -159.21593
6328.84180 -159.41354
6331.53076 -159.42175
6334.22559 -159.30122
6336.91797 -159.37106
6339.61035 -159.52654
6342.30176 -159.50392
6344.99316 -159.20084
6347.68652 -159.00594
6350.37695 -159.74677
6353.06934 -159.37756
6355.76221 -159.37706
6358.45312 -159.50478
6361.14502 -159.60440
6363.83496 -159.71654
6366.52881 -159.43393
6369.22070 -159.91875
6371.90967 -159.40469
6374.60400 -159.53807
6377.29541 -159.70691
6379.98828 -159.39606
6382.67871 -159.55959
6385.37061 -159.47694
6388.06689 -159.65508
6390.75391 -159.01738
6393.45215 -159.41710
6396.13770 -159.45937
6398.83203 -159.50189
6401.52637 -159.42975
6404.21875 -159.65497
6406.90918 -159.41943
6409.60010 -159.62444
6412.28955 -160.05524
6414.98633 -159.40353
6417.67773 -159.58585
6420.37012 -159.53229
6423.05957 -159.75748
6425.75098 -159.49739
6428.44287 -159.58113
6431.13574 -159.66930
6433.82715 -159.58609
6436.51855 -159.71086
6439.20850 -159.59201
6441.90625 -159.51859
6444.59473 -159.62361
6447.29053 -159.30603
6449.97803 -159.55029
6452.66992 -159.49049
6455.36230 -159.48743
6458.05957 -159.49905
6460.74756 -159.56293
6463.44043 -159.79506
6466.13379 -159.30443
6468.82520 -159.63086
6471.51807 -159.62085
6474.20801 -159.62010
6476.89893 -159.00259
6479.59082 -159.59982
6482.28076 -159.56760
6484.97510 -159.46768
6487.67090 -159.48219
6490.35693 -159.83607
6493.05127 -159.51790
6495.74268 -159.59410
6498.43555 -159.20497
6501.12988 -159.88835
6503.81787 -159.69366
6506.51074 -159.63432
6509.20410 -158.25702
6511.89551 -159.55588
6514.58789 -159.70076
6517.28125 -159.67859
6519.97266 -159.67644
6522.66113 -159.65289
6525.35840 -159.68578
6528.04590 -159.71701
6530.73730 -159.98160
6533.43359 -159.53365
6536.12500 -159.60764
6538.81299 -159.62450
6541.50586 -160.24474
6544.19922 -159.63158
6546.89453 -159.51143
6549.58398 -159.59290
6552.27344 -159.77054
6554.96826 -159.81213
6557.65674 -159.61520
6560.35059 -159.66809
6563.04150 -159.29176
6565.73291 -159.85483
6568.42969 -159.73973
6571.12061 -159.53809
6573.80859 -159.87016
6576.50146 -159.56448
6579.19482 -159.70871
6581.88672 -159.54143
6584.57910 -160.50331
6587.27246 -159.75029
6589.96338 -159.80009
6592.65576 -159.55058
6595.34570 -159.65492
6598.03955 -159.75510
6600.72803 -159.58479
6603.42090 -159.59242
6606.11523 -159.88182
6608.80615 -159.91864
6611.49902 -159.78708
6614.19238 -159.81296
6616.88428 -159.72537
6619.57275 -159.80241
6622.26562 -160.10019
6624.95654 -159.75188
6627.64844 -160.28532
6630.34180 -159.89703
6633.03613 -160.10158
6635.72705 -159.84143
6638.41992 -159.79118
6641.10938 -159.78522
6643.80469 -159.94806
6646.49365 -160.01784
6649.18262 -158.38705
6651.87744 -159.82483
6654.56934 -159.97270
6657.26270 -159.68407
6659.95215 -160.09790
6662.64404 -160.04143
6665.33691 -159.68364
6668.03027 -159.57852
6670.72168 -159.67337
6673.41357 -159.71428
6676.10742 -159.71596
6678.79785 -159.73488
6681.48926 -159.89470
6684.18213 -159.81508
6686.87598 -159.89078
6689.56738 -159.87199
6692.25635 -159.72478
6694.95020 -160.08553
6697.64111 -159.96407
6700.33643 -159.98524
6703.02637 -159.78635
6705.71680 -159.85789
6708.41211 -159.89296
6711.10059 -159.70833
6713.79443 -159.55980
6716.48535 -159.92371
6719.17773 -160.04887
6721.87061 -159.83122
6724.56152 -159.82326
6727.25342 -159.91682
6729.94629 -159.88858
6732.63623 -159.70699
6735.32764 -160.11842
6738.02344 -159.94902
6740.71338 -159.84480
6743.40381 -159.89561
6746.09961 -160.32642
6748.78906 -160.22321
6751.48340 -159.71265
6754.17432 -160.11157
6756.86719 -159.41023
6759.55664 -159.85379
6762.25146 -159.79643
6764.93945 -159.77167
6767.63232 -159.86891
6770.32666 -160.14558
6773.01807 -160.07278
6775.71094 -159.63458
6778.40088 -159.91345
6781.09180 -159.96184
6783.78711 -159.82826
6786.47705 -160.06151
6789.17090 -161.38823
6791.86279 -160.02380
6794.55127 -160.03000
6797.24512 -160.05342
6799.93604 -160.30424
6802.62793 -160.04013
6805.32129 -160.16124
6808.01172 -159.97017
6810.70312 -159.98604
6813.39551 -159.91592
6816.08936 -159.99313
6818.78418 -160.06763
6821.47217 -160.18434
6824.16504 -159.82162
6826.85547 -160.24652
6829.55078 -159.89090
6832.23926 -159.67131
6834.92920 -159.65910
6837.62402 -159.79820
6840.31982 -159.95995
6843.00879 -160.21373
6845.69922 -160.13132
6848.39062 -160.22894
6851.08350 -160.12683
6853.77686 -159.99309
6856.46729 -159.99081
6859.15918 -160.04387
6861.85156 -160.21310
6864.54590 -160.36864
6867.23730 -159.91629
6869.92969 -160.12120
6872.61914 -159.99330
6875.31348 -160.20349
6878.00537 -160.30853
6880.69385 -159.77333
6883.38818 -160.03378
6886.07910 -160.66515
6888.77148 -160.13362
6891.46436 -160.21002
6894.15479 -160.10249
6896.85010 -160.19350
6899.54199 -160.21465
6902.23193 -160.20432
6904.92676 -160.25404
6907.61475 -160.75545
6910.30811 -160.17398
6912.99805 -160.23488
6915.68945 -159.91704
6918.38574 -159.89952
6921.07471 -160.11177
6923.76953 -160.24170
6926.45752 -160.29306
6929.14990 -161.46605
6931.84766 -160.21751
6934.53516 -160.22682
6937.22656 -160.16934
6939.92383 -160.16409
6942.61328 -160.14517
6945.30176 -160.35451
6947.99365 -160.08603
6950.68750 -160.10301
6953.37793 -160.01997
6956.07324 -160.10281
6958.76221 -160.39827
6961.45557 -160.34415
6964.14648 -160.27391
6966.83887 -160.26633
6969.53174 -159.97119
6972.22217 -160.70921
6974.91406 -160.25177
6977.60645 -160.20798
6980.29980 -160.14305
6982.99365 -160.09140
6985.68555 -160.13358
6988.37451 -160.28804
6991.06836 -160.34358
6993.75928 -159.77625
6996.45068 -160.23445
6999.14355 -160.05574
7001.83398 -160.44208
7004.52930 -160.31775
7007.21729 -160.22523
7009.91113 -160.07748
7012.60156 -160.09621
7015.29297 -160.37811
7017.98535 -160.12082
7020.67871 -160.53790
7023.37354 -160.05165
7026.06543 -160.30811
7028.75439 -160.24013
7031.44824 -160.21574
7034.13965 -160.34636
7036.83105 -159.80046
7039.52441 -160.38412
7042.21436 -160.18433
7044.90625 -160.48834
7047.59814 -160.07668
7050.29199 -160.34912
7052.98242 -160.52100
7055.67773 -160.18475
7058.36963 -160.77072
7061.05566 -160.31683
7063.75439 -160.24045
7066.44238 -160.37102
7069.13867 -158.67468
7071.82861 -160.23303
7074.51562 -160.22388
7077.21143 -160.27664
7079.90430 -159.98729
7082.59473 -160.48434
7085.28564 -160.23692
7087.97803 -160.43210
7090.67139 -160.38875
7093.36133 -160.46501
7096.05273 -160.45334
7098.74512 -160.29680
7101.43848 -160.00270
7104.12891 -160.28575
7106.82422 -160.45251
7109.51709 -160.36774
7112.20264 -160.38898
7114.89746 -160.12337
7117.58887 -160.20461
7120.28223 -160.37900
7122.97559 -160.11427
7125.66650 -160.38043
7128.35840 -160.43330
7131.05078 -160.72548
7133.74072 -160.56325
7136.43604 -160.33145
7139.12402 -160.40190
7141.82080 -160.77834
7144.51123 -159.98889
7147.20215 -160.48354
7149.89453 -160.54845
7152.58740 -160.43030
7155.27783 -160.45284
7157.97314 -160.50150
7160.66113 -160.39287
7163.35449 -160.50153
7166.04492 -160.99193
7168.74023 -160.43216
7171.42871 -160.29576
7174.11816 -160.40161
7176.81201 -160.31035
7179.50781 -160.63338
7182.19678 -160.46651
7184.89014 -160.54485
7187.58398 -161.47981
7190.27588 -160.32352
7192.96436 -160.58873
7195.65820 -160.26872
7198.34912 -160.46835
7201.04443 -160.56113
7203.73291 -160.73889
7206.42285 -160.61572
7209.11719 -159.39478
7211.80908 -160.64839
7214.50195 -160.72006
7217.19531 -160.41711
7219.88672 -160.63918
7222.57812 -160.51309
7225.27100 -160.33849
7227.96094 -160.32649
7230.65527 -160.93257
7233.34717 -160.54774
7236.03564 -160.44305
7238.72998 -160.80711
7241.42480 -160.35770
7244.11230 -160.59619
7246.80566 -160.38895
7249.49951 -160.54430
7252.18994 -160.59309
7254.88232 -160.68454
7257.57080 -160.49168
7260.26855 -160.52988
7262.95508 -160.60866
7265.64746 -160.45485
7268.34033 -160.41452
7271.03418 -160.23418
7273.72510 -160.24922
7276.41650 -160.89639
7279.10938 -160.52522
7281.79932 -160.57430
7284.49463 -160.69269
7287.18652 -160.56610
7289.87891 -160.50278
7292.56445 -160.55795
7295.25977 -160.69014
7297.95166 -160.71313
7300.64453 -160.49231
7303.33447 -160.52852
7306.03271 -160.47217
7308.72070 -160.47487
7311.41357 -160.20883
7314.10693 -160.72534
7316.79785 -161.00116
7319.48975 -160.74545
7322.18262 -160.49817
7324.87256 -160.52315
7327.56299 -160.75925
7330.25439 -160.46529
7332.94727 -160.85078
7335.64062 -160.64403
7338.33105 -160.63780
7341.02734 -160.84647
7343.71973 -160.47429
7346.40918 -160.39690
7349.10400 -162.12328
7351.79492 -160.94920
7354.48340 -160.47240
7357.17725 -160.46185
7359.86768 -159.90633
7362.56299 -160.62737
7365.25586 -160.71977
7367.94482 -160.55669
7370.63525 -160.58951
7373.33057 -160.81229
7376.01855 -160.60913
7378.71191 -160.56972
7381.40625 -161.01639
7384.09277 -160.31023
7386.78955 -160.75621
7389.48242 -160.85442
7392.17285 -160.69197
7394.86377 -160.36510
7397.55566 -160.48709
7400.24902 -160.98640
7402.93896 -160.57469
7405.63379 -160.58498
7408.32568 -160.53102
7411.01855 -160.74077
7413.70410 -160.38501
7416.39893 -160.91455
7419.09082 -160.65700
7421.78320 -160.72565
7424.47266 -160.17378
7427.16357 -160.92390
7429.85889 -160.83347
7432.55176 -160.54485
7435.24512 -160.52448
7437.93945 -160.81441
7440.62695 -160.57651
7443.31934 -160.82483
7446.01270 -160.41360
7448.70654 -160.80177
7451.39404 -160.66336
7454.08984 -160.64136
7456.77930 -160.55319
7459.47314 -160.80043
7462.16406 -160.60202
7464.85156 -161.09091
7467.54883 -160.84319
7470.23877 -160.87936
7472.92969 -160.46266
7475.62549 -160.57570
7478.31348 -160.72935
7481.00781 -160.90562
7483.69824 -160.76364
7486.39355 -160.65671
7489.08203 -161.34059
7491.77539 -160.66643
7494.46582 -160.97144
7497.15723 -161.02614
7499.85352 -160.72302
7502.54199 -160.88742
7505.23633 -160.73859
7507.92725 -160.72491
7510.61963 -160.89279
7513.31250 -160.64745
7516.00195 -161.03265
7518.69238 -160.91110
7521.38867 -160.74455
7524.08154 -160.56902
7526.77051 -160.93544
7529.46533 -160.48793
7532.15283 -160.12354
7534.84473 -160.80711
7537.54199 -160.99307
7540.23242 -160.75484
7542.91943 -160.73248
7545.61572 -160.59914
7548.30859 -160.82562
7550.99854 -160.55714
7553.68945 -161.13287
7556.38135 -161.01352
7559.07422 -160.71249
7561.76758 -160.94620
7564.45801 -160.89783
7567.14941 -160.75809
7569.84180 -160.78806
7572.53516 -160.95027
7575.22510 -161.35750
7577.92041 -160.97253
7580.60840 -160.77467
7583.30127 -160.80396
7585.99561 -160.25002
7588.69092 -160.72078
7591.37793 -161.18919
7594.07129 -160.80351
7596.76025 -161.33740
7599.45508 -160.91966
7602.14600 -160.75635
7604.83447 -161.07048
7607.53174 -160.75565
7610.22217 -160.68715
7612.91699 -161.14116
7615.60938 -160.85355
7618.29785 -161.43834
7620.99170 -160.90620
7623.67773 -160.82256
7626.37793 -160.85927
7629.06641 -159.37370
7631.75977 -161.11206
7634.45020 -160.73541
7637.14551 -161.20779
7639.83789 -160.61507
7642.53027 -160.64183
7645.21680 -160.83534
7647.90723 -160.68544
7650.60303 -161.13815
7653.29150 -160.93251
7655.98926 -160.84850
7658.67578 -160.98041
7661.37158 -160.98193
7664.05957 -160.88570
7666.75244 -161.14490
7669.44629 -161.19197
7672.13770 -160.80022
7674.82910 -160.67796
7677.52197 -161.15088
7680.21191 -161.08458
7682.90625 -160.53117
7685.59766 -160.98488
7688.29053 -160.99463
7690.98340 -160.95964
7693.67285 -160.84108
7696.36816 -160.97133
7699.05664 -161.30742
7701.74902 -161.21219
7704.43848 -160.81352
7707.13330 -161.15395
7709.82471 -161.04669
7712.51709 -160.91130
7715.21045 -161.10687
7717.90479 -161.23495
7720.59570 -161.05331
7723.28711 -160.99995
7725.97607 -162.18863
7728.66992 -161.09277
7731.36475 -160.96033
7734.05176 -160.85889
7736.74365 -160.89439
7739.43750 -161.08514
7742.13135 -160.99026
7744.82227 -161.29654
7747.51416 -161.71530
7750.20703 -160.94920
7752.89600 -160.83896
7755.59082 -160.53052
7758.28223 -161.18616
7760.97461 -161.07663
7763.66309 -160.91202
7766.35742 -160.78642
7769.04834 -160.50015
7771.74023 -161.09032
7774.43262 -161.09314
7777.12646 -161.53148
7779.81641 -161.19173
7782.50781 -161.18217
7785.19971 -160.90260
7787.89258 -161.17769
7790.58203 -161.02417
7793.27734 -161.07866
7795.96875 -161.17558
7798.66162 -160.98331
7801.35059 -161.11256
7804.04492 -160.75974
7806.74023 -160.83548
7809.42773 -161.08144
7812.12012 -160.89766
7814.81445 -161.25325
7817.50488 -161.16614
7820.19580 -161.21223
7822.88818 -161.03621
7825.58154 -161.25508
7828.27148 -160.98534
7830.96191 -161.05475
7833.65771 -160.98816
7836.34668 -161.26654
7839.04004 -160.80716
7841.73389 -161.27469
7844.42480 -161.22099
7847.11719 -161.00618
7849.80566 -161.42673
7852.49951 -161.40088
7855.18994 -161.46855
7857.88574 -161.09233
7860.57373 -161.44466
7863.26660 -161.13567
7865.96143 -160.61749
7868.65186 -161.37022
7871.34326 -161.16431
7874.03613 -161.03955
7876.72949 -161.17342
7879.41943 -161.06960
7882.11035 -161.33784
7884.80664 -161.60184
7887.49512 -160.99324
7890.18945 -161.13600
7892.87988 -161.34714
7895.57080 -161.42250
7898.26709 -161.26627
7900.95605 -161.35765
7903.64551 -161.10208
7906.34033 -161.36658
7909.03223 -162.57008
7911.72461 -161.16414
7914.41797 -161.41846
7917.10742 -161.40450
7919.79883 -160.44040
7922.49023 -160.87498
7925.18750 -161.13145
7927.87646 -161.10591
7930.56689 -161.45775
7933.26221 -161.31584
7935.94971 -161.17401
7938.64258 -161.18832
7941.33691 -161.65227
7944.02734 -161.08215
7946.72266 -161.42537
7949.41455 -161.31593
7952.10352 -161.08713
7954.79736 -161.12808
7957.48779 -161.24072
7960.18359 -161.06049
7962.87158 -161.20726
7965.56543 -160.98369
7968.25488 -161.10799
7970.94971 -161.42148
7973.64160 -161.22235
7976.32910 -161.26357
7979.02295 -161.22527
7981.71777 -161.23897
7984.40869 -160.84561
7987.10010 -161.16328
7989.79248 -161.34442
7992.48633 -161.16678
7995.17627 -161.02075
7997.86719 -161.34961
8000.55957 -161.19467
8003.24756 -161.42174
8005.94629 -161.40794
8008.63672 -161.21281
8011.32764 -161.36327
8014.01904 -161.32730
8016.71289 -161.01773
8019.40625 -161.22096
8022.09668 -161.35417
8024.78809 -161.22609
8027.47998 -160.37596
8030.16895 -161.32158
8032.86230 -161.63643
8035.55273 -161.27423
8038.24902 -161.35866
8040.93701 -161.47958
8043.62988 -161.21989
8046.32373 -161.22696
8049.01465 -161.50038
8051.70605 -161.30267
8054.39893 -161.36436
8057.09180 -161.55861
8059.78125 -161.06610
8062.47656 -161.20345
8065.16357 -161.27470
8067.86084 -161.45053
8070.54932 -161.10608
8073.23926 -161.36496
8075.93018 -161.02049
8078.62598 -161.19948
8081.31836 -161.27304
8084.01172 -161.34805
8086.70166 -161.44215
8089.39258 -161.30112
8092.08447 -161.52602
8094.78076 -161.39264
8097.46582 -161.48907
8100.16016 -161.49768
8102.85107 -161.56291
8105.54688 -161.53734
8108.23486 -161.09175
8110.92822 -161.65594
8113.62256 -161.32552
8116.31348 -161.49207
8119.00488 -161.39696
8121.69824 -161.60773
8124.39160 -161.56609
8127.08105 -161.40671
8129.77148 -161.41946
8132.46826 -161.67238
8135.15625 -161.28409
8137.84961 -161.37729
8140.54395 -161.74045
8143.23486 -161.48483
8145.92676 -161.30823
8148.61426 -161.28394
8151.31250 -161.55777
8154.00195 -161.36497
8156.69336 -161.21548
8159.38916 -161.43832
8162.08203 -161.37268
8164.77051 -161.38081
8167.46533 -161.30519
8170.15576 -161.89368
8172.84277 -161.31987
8175.53955 -161.84615
8178.23291 -161.11990
8180.92285 -161.39836
8183.61816 -161.66119
8186.30469 -161.42511
8188.99707 -159.87473
8191.68652 -161.43916
8194.38086 -161.27731
8197.07520 -161.51884
8199.76660 -161.55193
8202.45508 -161.64148
8205.14746 -161.47601
8207.84180 -161.34831
8210.53320 -161.36479
8213.22363 -161.60826
8215.91992 -161.42032
8218.60938 -161.41090
8221.30273 -161.53217
8223.99316 -161.20015
8226.68555 -161.43564
8229.37695 -161.47449
8232.06543 -161.70557
8234.76367 -161.66667
8237.45410 -161.87131
8240.14551 -161.34511
8242.83789 -160.45595
8245.52637 -161.40163
8248.21973 -161.70036
8250.91406 -161.43958
8253.60059 -161.97026
8256.30176 -161.61292
8258.99023 -161.72910
8261.68359 -161.44261
8264.37402 -162.01381
8267.06934 -161.34763
8269.76074 -161.56267
8272.44922 -161.29912
8275.13770 -161.09818
8277.83203 -161.44611
8280.52246 -161.42091
8283.21875 -161.75244
8285.91113 -160.65186
8288.59961 -161.47612
8291.29492 -161.64246
8293.98926 -161.27122
8296.67578 -161.01323
8299.37305 -161.19452
8302.06152 -161.53853
8304.75098 -161.57784
8307.44141 -161.39796
8310.13770 -161.58946
8312.82910 -161.84192
8315.52246 -161.57869
8318.21191 -161.38188
8320.90137 -161.55061
8323.59668 -161.58722
8326.28906 -161.74829
8328.98242 -160.57700
8331.67090 -161.55371
8334.36523 -161.54004
8337.05566 -161.50121
8339.74707 -161.57198
8342.44043 -161.43982
8345.13379 -161.32315
8347.82324 -161.56908
8350.51367 -161.18945
8353.20508 -161.64966
8355.90234 -161.07484
8358.59082 -161.47437
8361.28418 -161.72868
8363.97949 -161.62877
8366.67090 -161.37689
8369.35742 -161.58153
8372.05078 -161.14008
8374.74414 -161.74442
8377.43945 -161.74684
8380.12988 -161.96228
8382.81641 -161.13550
8385.51465 -162.01677
8388.20312 -161.42714
8390.89746 -161.58907
8393.58789 -162.57216
8396.27930 -161.85954
8398.97168 -161.79100
8401.66504 -161.85997
8404.35449 -162.02556
8407.04883 -162.01167
8409.74023 -161.49782
8412.43262 -161.90297
8415.12109 -161.23367
8417.81445 -161.97452
8420.50879 -161.83664
8423.20020 -161.73732
8425.89160 -161.49921
8428.58398 -162.03767
8431.27734 -161.64828
8433.96680 -161.89131
8436.65820 -161.22873
8439.35352 -161.46091
8442.04102 -161.46866
8444.73438 -161.51404
8447.42383 -161.48094
8450.12305 -161.62108
8452.81348 -161.67587
8455.50098 -161.38921
8458.19434 -160.86491
8460.88770 -161.53824
8463.57715 -161.83200
8466.27246 -161.66261
8468.96387 -163.77898
8471.65625 -161.70958
8474.34961 -161.66551
8477.03906 -161.72725
8479.73438 -162.31148
8482.42090 -161.65167
8485.11719 -162.05148
8487.80469 -161.71989
8490.49902 -161.77245
8493.19336 -161.55284
8495.88477 -161.79573
8498.57617 -161.82106
8501.26855 -161.58507
8503.95703 -161.46262
8506.65137 -161.78676
8509.34180 -161.80779
8512.03711 -161.56068
8514.72949 -161.65184
8517.41797 -162.02115
8520.11133 -161.82889
8522.80176 -162.49307
8525.49219 -161.80217
8528.18359 -161.82974
8530.87598 -161.68576
8533.56934 -162.26523
8536.26367 -161.64931
8538.95410 -161.87151
8541.64941 -161.68657
8544.34180 -162.20407
8547.03027 -161.56271
8549.72363 -161.66592
8552.41309 -161.90758
8555.10840 -161.49535
8557.79590 -161.42371
8560.48828 -162.13347
8563.18555 -161.83444
8565.87500 -161.63966
8568.57031 -161.74792
8571.25684 -161.89624
8573.94922 -161.63353
8576.64160 -161.39307
8579.33496 -161.71292
8582.02539 -161.79031
8584.72070 -161.85188
8587.41113 -161.75549
8590.09961 -161.97639
8592.79688 -162.07690
8595.48633 -162.03484
8598.18164 -161.97598
8600.86719 -161.61816
8603.56348 -162.07278
8606.25195 -161.93642
8608.94531 -161.48947
8611.63965 -161.65691
8614.33008 -161.99799
8617.02148 -162.18616
8619.71387 -161.71655
8622.40625 -161.89740
8625.09570 -161.61305
8627.79004 -161.99031
8630.48047 -161.86473
8633.17676 -161.60083
8635.87012 -161.94266
8638.55371 -161.81520
8641.25195 -161.88393
8643.94238 -161.96457
8646.63281 -161.94431
8649.32520 -162.01813
8652.01758 -162.62674
8654.71094 -162.16846
8657.40137 -162.07054
8660.09668 -161.96576
8662.78711 -161.81238
8665.47461 -161.90790
8668.16797 -161.68817
8670.86133 -161.87311
8673.55176 -162.63376
8676.24707 -162.08208
8678.93848 -161.88638
8681.63086 -162.03412
8684.32422 -162.53023
8687.01367 -161.88226
8689.70410 -162.11906
8692.39453 -162.03781
8695.09180 -161.94749
8697.78418 -161.78371
8700.47266 -161.97690
8703.16699 -161.70679
8705.85742 -161.84161
8708.54883 -162.02774
8711.24023 -162.13489
8713.93359 -161.96356
8716.62207 -162.15855
8719.31738 -161.97314
8722.00781 -161.73375
8724.70312 -162.15622
8727.39062 -161.48779
8730.08398 -162.01204
8732.77734 -161.98871
8735.46777 -162.13687
8738.15820 -161.71178
8740.85547 -161.95590
8743.54297 -162.23734
8746.24023 -161.63792
8748.92969 -160.23030
8751.62012 -161.80292
8754.31055 -162.23199
8757.00293 -162.02386
8759.69922 -162.45419
8762.38867 -161.93533
8765.08203 -161.74583
8767.77246 -161.99449
8770.46387 -162.16335
8773.15527 -162.19922
8775.84863 -162.16177
8778.54199 -161.81415
8781.23145 -162.20876
8783.92188 -161.49905
8786.61816 -161.97548
8789.30957 -162.12558
8791.99805 -161.98434
8794.69141 -161.84679
8797.38184 -161.78273
8800.07715 -162.04767
8802.76758 -161.54225
8805.45508 -161.91588
8808.14844 -162.21432
8810.84180 -162.05643
8813.53613 -162.11546
8816.22754 -162.34039
8818.91797 -162.19525
8821.61035 -162.01828
8824.30371 -162.48543
8826.99805 -161.75015
8829.69238 -161.96834
8832.37891 -162.32889
8835.06934 -161.85403
8837.76660 -162.03445
8840.45996 -161.89629
8843.14941 -162.16193
8845.83887 -162.47714
8848.53418 -162.10974
8851.22168 -162.15993
8853.91797 -162.18962
8856.60742 -162.21053
8859.30078 -162.40744
8861.99121 -161.96814
8864.68164 -162.03592
8867.37793 -162.36981
8870.07031 -162.19220
8872.76367 -161.83957
8875.45312 -162.31625
8878.14258 -162.16432
8880.83887 -162.06776
8883.52539 -162.15231
8886.22266 -161.97722
8888.91113 -161.58145
8891.60547 -162.17583
8894.29980 -161.95592
8896.98633 -162.37865
8899.68262 -162.11938
8902.37012 -161.93225
8905.06348 -162.25604
8907.75781 -162.30328
8910.44727 -161.95590
8913.13867 -162.12842
8915.83008 -162.19383
8918.52734 -161.83144
8921.21484 -162.31099
8923.90430 -162.19144
8926.59961 -162.19777
8929.29004 -162.18900
8931.98145 -162.49391
8934.67383 -161.97566
8937.36719 -162.33409
8940.06152 -162.04778
8942.75195 -161.81680
8945.44238 -162.23535
8948.13867 -162.19421
8950.82617 -162.31361
8953.52441 -164.01370
8956.20898 -161.96100
8958.90332 -162.04979
8961.59375 -162.37933
8964.29004 -162.51399
8966.97754 -162.13322
8969.67090 -162.35304
8972.36426 -162.13367
8975.05469 -162.25815
8977.74512 -162.40681
8980.44141 -162.29784
8983.13379 -161.91476
8985.82227 -162.22031
8988.51074 -162.06912
8991.20508 -162.17628
8993.90039 -162.77629
8996.59277 -161.34854
8999.28418 -162.45648
9001.97754 -162.05583
9004.67090 -162.20340
9007.35547 -161.78151
9010.05078 -162.21463
9012.74707 -162.37440
9015.43359 -161.92622
9018.12695 -162.09186
9020.81543 -162.05145
9023.50977 -162.40782
9026.20020 -161.99443
9028.89648 -164.28304
9031.58789 -162.01552
9034.27637 -161.97816
9036.96973 -162.17960
9039.66406 -162.70558
9042.35938 -162.31717
9045.04492 -162.15352
9047.74219 -162.44644
9050.42871 -162.15884
9053.12305 -162.09058
9055.81152 -162.37524
9058.50684 -162.27829
9061.19727 -162.76974
9063.88867 -162.19926
9066.58105 -162.24731
9069.27930 -162.12270
9071.96875 -162.52979
9074.65820 -162.17882
9077.34863 -162.51973
9080.04004 -162.46544
9082.73242 -162.43933
9085.42480 -162.26100
9088.11914 -161.98183
9090.81348 -162.08173
9093.50391 -162.81682
9096.19043 -162.13043
9098.88672 -162.18861
9101.57422 -162.29591
9104.27344 -162.96576
9106.95703 -161.97098
9109.65234 -162.24753
9112.34375 -162.34251
9115.03516 -162.19972
9117.72754 -162.53047
9120.42090 -162.02991
9123.11523 -162.21898
9125.80469 -161.63690
9128.50098 -161.96925
9131.19238 -162.25186
9133.87988 -162.37675
9136.57812 -162.17853
9139.26660 -162.24835
9141.96094 -162.30496
9144.64648 -162.57436
9147.34277 -162.73106
9150.03516 -162.26225
9152.72266 -162.07910
9155.41602 -162.72592
9158.11133 -162.05934
9160.80078 -162.16826
9163.49219 -162.37579
9166.18359 -162.14970
9168.87598 -162.11623
9171.57422 -161.86003
9174.26367 -162.26781
9176.95410 -162.06245
9179.64941 -162.48714
9182.34082 -162.07225
9185.02832 -162.13487
9187.72070 -162.73166
9190.41504 -162.63753
9193.10449 -162.17891
9195.79492 -162.58333
9198.48535 -162.23724
9201.18262 -162.68481
9203.87012 -162.46988
9206.56934 -162.41183
9209.25879 -162.65170
9211.95312 -162.80171
9214.64453 -162.43335
9217.33594 -162.40886
9220.02344 -162.20192
9222.71582 -162.28523
9225.41016 -162.39809
9228.10449 -162.46707
9230.79004 -162.24692
9233.48633 -162.79160
9236.17871 -162.14032
9238.86621 -162.08986
9241.56055 -162.29836
9244.25391 -162.55806
9246.94922 -162.28767
9249.63477 -162.26776
9252.32617 -162.60152
9255.01953 -162.65398
9257.71289 -162.18727
9260.40625 -162.40431
9263.09668 -162.54120
9265.79199 -162.34787
9268.47754 -162.35901
9271.17480 -162.57115
9273.86328 -162.90799
9276.56152 -162.30194
9279.25098 -162.67130
9281.93555 -162.42499
9284.63184 -162.49773
9287.32324 -161.94379
9290.01562 -162.31946
9292.70898 -162.48012
9295.39844 -162.36491
9298.09277 -163.25194
9300.78320 -162.33690
9303.47949 -162.59639
9306.17188 -162.15001
9308.86426 -160.87804
9311.55273 -162.47929
9314.24219 -162.30460
9316.93750 -162.70352
9319.62793 -161.87408
9322.31934 -162.44072
9325.01758 -162.68448
9327.70508 -162.67137
9330.39844 -162.77901
9333.08789 -162.70413
9335.78320 -162.29944
9338.46973 -162.71860
9341.16699 -161.76001
9343.85449 -162.69931
9346.54785 -162.52583
9349.24219 -162.68976
9351.93164 -161.91447
9354.62207 -162.70833
9357.31836 -162.41130
9360.00586 -162.64188
9362.69922 -162.08784
9365.39258 -162.41037
9368.08691 -162.30243
9370.77734 -162.50652
9373.46777 -162.34926
9376.16016 -162.23074
9378.85156 -162.56734
9381.54492 -162.50385
9384.23926 -162.37915
9386.92871 -162.44908
9389.61914 -162.60902
9392.31055 -162.37045
9395.00195 -162.76367
9397.69434 -162.70699
9400.38867 -162.21635
9403.07715 -162.52527
9405.77246 -162.55293
9408.46289 -162.48592
9411.15430 -162.31401
9413.84668 -162.70383
9416.53906 -162.56439
9419.23340 -162.57104
9421.92773 -162.62624
9424.61816 -162.53004
9427.30859 -162.81049
9430.00000 -162.39789
9432.69238 -162.44739
9435.38574 -162.63203
9438.07910 -162.86699
9440.76953 -162.29848
9443.45898 -162.56607
9446.15039 -162.54291
9448.84180 -162.10675
9451.53418 -162.50406
9454.22754 -162.47499
9456.92188 -162.65965
9459.61133 -162.41988
9462.30273 -162.91341
9464.99805 -162.25810
9467.68457 -162.16982
9470.38281 -161.70142
9473.07715 -162.49174
9475.76074 -162.61484
9478.45508 -162.48137
9481.14648 -162.60071
9483.83691 -162.67886
9486.52930 -162.58937
9489.22266 -162.49777
9491.91113 -162.63062
9494.61035 -162.54327
9497.29492 -162.34459
9499.99609 -163.17215
9502.68262 -162.01379
9505.37500 -162.71172
9508.06738 -162.47537
9510.75586 -162.32811
9513.45117 -162.26109
9516.14062 -162.77690
9518.83691 -162.71288
9521.52832 -162.69221
9524.21582 -162.65305
9526.90820 -162.34802
9529.60254 -162.82085
9532.29688 -162.77013
9534.98730 -162.95802
9537.68359 -162.43201
9540.37500 -162.89252
9543.06250 -162.64160
9545.75586 -163.09331
9548.44922 -162.39896
9551.13379 -162.31459
9553.82910 -162.89388
9556.52051 -161.99258
9559.21777 -162.79694
9561.90430 -162.50450
9564.60352 -162.66718
9567.29199 -162.70782
9569.98145 -162.43088
9572.67676 -162.92720
9575.36816 -162.52646
9578.05957 -162.57910
9580.74707 -162.55067
9583.44043 -162.46771
9586.13477 -162.79120
9588.82422 -164.25549
9591.51953 -162.91637
9594.20508 -162.48863
9596.90234 -162.75743
9599.59473 -162.15994
9602.28809 -162.47096
9604.97754 -162.87900
9607.67188 -162.56918
9610.36230 -162.84787
9613.05371 -162.64186
9615.74512 -162.54759
9618.43848 -162.79179
9621.13086 -162.19199
9623.82031 -162.72401
9626.51465 -162.47295
9629.20508 -162.84518
9631.89648 -162.19843
9634.58789 -162.59302
9637.28125 -162.70990
9639.97363 -162.57741
9642.66309 -162.90071
9645.36230 -162.71115
9648.05273 -162.21570
9650.74414 -162.54959
9653.43555 -162.59285
9656.12891 -162.54506
9658.81641 -162.71745
9661.51074 -162.38179
9664.20508 -162.01752
9666.89551 -162.56256
9669.58691 -162.84659
9672.27832 -162.61394
9674.96484 -162.66083
9677.66406 -162.79919
9680.35254 -162.63109
9683.04785 -162.61424
9685.73730 -161.98694
9688.42871 -162.59285
9691.12012 -163.03575
9693.81738 -162.79996
9696.50586 -162.19913
9699.19434 -162.77782
9701.88867 -162.94250
9704.57910 -162.86981
9707.27539 -162.00854
9709.96191 -162.78972
9712.65820 -162.49959
9715.34668 -162.69362
9718.04102 -163.39635
9720.73438 -162.71049
9723.42578 -162.70177
9726.11523 -162.44786
9728.80762 -162.87868
9731.50000 -162.69781
9734.18750 -162.51277
9736.88574 -162.74783
9739.57520 -162.79193
9742.27051 -162.79237
9744.96094 -162.76089
9747.65234 -162.50783
9750.34375 -162.48550
9753.03711 -162.53363
9755.72461 -163.13403
9758.42480 -162.85379
9761.11426 -162.57993
9763.80469 -162.95038
9766.50195 -162.39336
9769.18750 -162.93494
9771.88086 -163.41525
9774.57422 -162.61102
9777.26270 -162.80962
9779.95703 -163.06772
9782.64746 -162.58385
9785.33887 -162.93416
9788.03613 -162.60394
9790.72266 -162.77438
9793.41602 -162.63438
9796.10449 -162.81476
9798.79980 -162.72818
9801.49512 -162.80959
9804.18555 -162.63797
9806.87695 -162.98009
9809.56934 -162.81323
9812.25684 -163.07735
9814.95020 -162.32423
9817.64551 -162.98695
9820.34082 -162.78586
9823.03125 -162.73895
9825.71680 -162.95638
9828.41406 -162.80923
9831.10156 -162.85144
9833.79492 -162.80959
9836.48926 -162.80006
9839.17871 -162.72267
9841.87402 -162.75969
9844.56543 -162.71701
9847.25781 -163.06821
9849.95020 -162.95946
9852.64355 -162.85210
9855.33203 -162.82520
9858.02637 -162.34160
9860.71680 -162.95097
9863.40723 -162.78986
9866.09961 -163.37437
9868.79102 -161.50072
9871.48438 -162.95532
9874.17773 -162.76100
9876.86719 -162.78082
9879.55664 -163.74472
9882.24707 -163.05388
9884.94922 -163.16742
9887.64160 -162.95242
9890.32812 -162.95607
9893.02148 -163.03195
9895.71680 -162.86285
9898.40625 -162.87257
9901.09570 -162.62688
9903.79199 -163.11826
9906.47363 -162.65640
9909.17090 -163.10983
9911.86426 -162.73154
9914.55273 -162.77298
9917.24707 -162.55780
9919.94238 -163.02206
9922.63281 -162.49904
9925.32422 -162.59189
9928.01660 -163.11131
9930.70898 -162.59225
9933.39746 -162.90073
9936.09180 -162.50514
9938.78711 -162.53421
9941.47656 -163.09026
9944.16797 -163.14537
9946.85938 -162.83102
9949.55176 -162.83855
9952.24512 -162.72455
9954.93359 -162.48584
9957.62793 -162.91040
9960.31836 -163.03346
9963.01367 -163.16096
9965.70508 -162.14258
9968.39746 -162.72411
9971.08496 -162.71115
9973.77832 -163.00436
9976.47266 -162.88200
9979.16211 -163.07179
9981.85742 -162.81947
9984.54883 -163.21613
9987.24023 -162.78551
9989.93262 -162.73283
9992.62598 -163.08841
9995.31445 -162.92496
9998.00391 -163.27420
10000.69922 -162.86732
10003.38965 -162.87262
10006.08594 -162.62276
10008.77832 -163.90292
10011.47070 -162.80569
10014.15918 -162.88347
10016.85352 -162.66653
10019.54199 -163.01079
10022.23242 -162.99397
10024.92383 -162.86508
10027.62012 -163.01352
10030.31250 -162.92902
10033.00000 -162.78932
10035.69434 -163.20024
10038.38281 -163.15666
10041.07812 -162.10854
10043.77344 -163.32178
10046.46484 -163.09724
10049.15723 -162.96397
10051.84375 -162.92763
10054.53711 -162.52588
10057.23145 -162.96744
10059.92090 -162.97200
10062.61621 -162.80138
10065.30664 -163.12143
10067.99805 -162.95596
10070.68945 -162.99004
10073.38770 -162.90024
10076.07617 -162.81825
10078.76465 -162.89815
10081.45410 -162.87346
10084.14941 -162.62161
10086.84082 -163.11412
10089.53809 -163.02786
10092.22461 -162.94766
10094.91797 -163.75761
10097.61133 -163.29477
10100.30566 -162.95557
10102.99023 -163.13663
10105.68555 -162.53139
10108.37695 -162.94753
10111.06836 -163.10498
10113.76074 -163.17032
10116.45410 -162.96652
10119.14844 -162.86850
10121.83691 -162.91267
10124.53223 -162.90851
10127.22266 -163.01146
10129.91406 -163.13603
10132.60645 -163.20546
10135.29883 -162.92947
10137.98633 -163.01160
10140.68066 -163.28458
10143.37598 -162.96637
10146.06543 -162.93831
10148.75586 -164.48880
10151.44727 -162.98534
10154.13965 -163.02443
10156.83203 -163.01854
10159.52539 -163.06586
10162.22070 -162.99336
10164.91504 -163.57091
10167.60547 -163.00768
10170.29590 -163.34201
10172.98242 -163.05971
10175.67969 -163.16885
10178.37305 -163.07301
10181.06055 -163.06773
10183.75488 -163.08150
10186.44434 -162.81485
10189.13965 -163.33998
10191.82520 -162.63123
10194.52246 -162.91455
10197.21484 -162.85106
10199.90234 -163.02069
10202.60156 -163.80873
10205.29102 -162.85358
10207.98047 -163.27504
10210.66992 -162.90910
10213.36719 -163.31363
10216.05273 -163.44247
10218.75098 -162.81265
10221.43848 -162.95403
10224.13867 -163.12387
10226.82715 -163.24083
10229.51660 -163.10925
10232.20703 -162.99028
10234.89844 -162.62624
10237.59570 -163.04874
10240.28809 -163.20230
10242.97461 -163.59735
10245.66895 -162.69435
10248.35840 -162.95680
10251.05371 -163.32217
10253.74902 -163.16139
10256.43457 -163.05241
10259.13184 -162.94376
10261.81836 -163.05779
10264.51172 -163.16702
10267.20605 -163.73495
10269.90137 -163.10103
10272.58984 -163.26396
10275.28516 -163.11115
10277.97754 -163.20653
10280.66309 -163.09560
10283.35547 -163.27646
10286.04395 -162.92162
10288.73828 -163.03207
10291.43164 -163.05095
10294.12109 -163.29251
10296.81152 -163.18427
10299.50781 -162.68945
10302.20605 -163.29988
10304.89844 -162.96645
10307.58008 -162.91251
10310.27441 -163.50679
10312.96875 -163.23004
10315.65820 -163.34526
10318.34863 -163.18817
10321.04492 -162.58925
10323.73145 -163.43326
10326.42969 -162.93068
10329.11719 -163.81726
10331.81055 -163.61859
10334.50586 -163.13438
10337.20117 -163.21422
10339.89160 -162.91582
10342.57617 -164.77412
10345.27344 -163.28667
10347.95996 -163.15041
10350.65332 -163.14833
10353.34766 -162.47910
10356.04102 -163.23177
10358.73047 -163.77858
10361.42676 -163.46071
10364.11719 -162.18466
10366.80273 -163.25085
10369.50195 -163.23248
10372.19531 -163.16878
10374.88281 -163.78822
10377.57715 -163.08768
10380.26562 -163.25841
10382.96094 -163.47298
10385.65332 -163.24120
10388.34375 -163.39154
10391.03613 -163.32567
10393.72266 -163.28682
10396.42188 -163.42392
10399.11133 -163.40883
10401.80664 -163.56308
10404.49609 -162.84660
10407.18652 -162.97340
10409.88379 -163.00407
10412.57617 -163.26111
10415.26270 -163.79765
10417.95703 -162.92958
10420.65039 -163.23814
10423.33984 -163.27568
10426.02930 -163.55092
10428.71973 -161.52594
10431.41602 -163.25485
10434.10938 -163.31641
10436.80078 -163.44412
10439.49414 -163.57109
10442.18262 -163.02773
10444.87695 -163.31561
10447.56738 -163.05786
10450.26270 -163.53458
10452.95410 -163.65427
10455.64551 -162.94632
10458.33789 -163.20314
10461.02539 -163.89270
10463.71875 -162.99344
10466.40723 -163.24155
10469.10254 -163.59784
10471.79785 -162.84081
10474.49023 -163.35280
10477.17969 -163.16930
10479.87305 -163.04999
10482.56641 -162.68866
10485.25391 -162.96826
10487.94824 -163.65332
10490.63672 -163.33734
10493.32617 -163.28055
10496.02344 -163.35257
10498.71484 -163.14883
10501.40625 -163.33713
10504.09961 -163.28333
10506.79199 -163.49036
10509.48047 -163.43411
10512.17578 -162.76056
10514.86426 -163.15277
10517.56055 -163.24651
10520.25195 -163.39926
10522.93848 -163.67532
10525.63574 -162.79797
10528.32910 -163.14207
10531.01660 -163.27144
10533.71094 -163.41656
10536.40039 -163.67604
10539.09668 -163.42317
10541.78711 -163.32567
10544.47852 -163.66232
10547.16992 -163.46429
10549.85742 -163.21449
10552.55078 -163.02757
10555.24512 -163.32214
10557.94043 -162.91245
10560.62988 -163.59357
10563.32031 -163.46219
10566.01660 -163.19257
10568.70898 -164.03436
10571.39551 -163.41768
10574.08984 -163.64368
10576.77734 -163.30875
10579.47168 -163.40761
10582.16699 -163.77116
10584.85742 -163.32428
10587.55371 -162.94916
10590.24414 -163.13339
10592.93066 -163.32968
10595.62988 -163.39662
10598.31836 -163.54112
10601.00586 -163.75565
10603.70117 -163.50385
10606.39648 -163.48703
10609.08691 -163.27513
10611.77734 -163.56889
10614.46875 -163.82513
10617.16211 -163.37563
10619.85449 -163.11465
10622.54883 -163.57349
10625.23828 -163.44208
10627.93359 -163.39615
10630.62305 -163.23328
10633.31445 -162.77319
10636.01074 -163.45512
10638.69727 -164.18727
10641.39062 -163.78758
10644.08301 -163.44830
10646.77734 -163.53249
10649.46680 -163.15768
10652.16211 -163.19328
10654.85254 -163.48273
10657.54297 -163.30663
10660.22949 -163.65474
10662.92090 -163.46869
10665.62012 -162.88559
10668.31445 -163.64798
10671.00195 -163.75586
10673.69727 -163.84926
10676.38770 -163.30920
10679.07812 -163.55450
10681.76953 -163.53769
10684.46191 -163.37677
10687.14844 -162.89731
10689.84766 -163.47650
10692.53516 -163.46558
10695.23047 -163.08023
10697.92578 -163.29948
10700.61523 -163.19403
10703.30664 -163.41281
10705.99805 -163.77554
10708.69043 -165.08275
10711.37695 -163.39818
10714.07129 -163.26312
10716.76562 -163.46480
10719.45898 -163.65929
10722.14941 -163.46596
10724.83984 -163.59488
10727.53027 -163.33470
10730.22852 -163.48701
10732.92090 -163.44760
10735.60742 -163.45396
10738.30176 -163.23500
10740.99609 -163.18982
10743.68555 -163.32762
10746.38086 -163.61205
10749.06641 -163.62274
10751.75684 -163.18022
10754.44824 -163.91692
10757.14062 -163.30717
10759.83984 -163.12729
10762.52832 -162.92049
10765.21680 -163.67432
10767.91211 -163.17055
10770.60156 -163.50142
10773.29883 -163.48369
10775.99023 -162.94016
10778.68164 -163.47235
10781.37500 -163.20702
10784.06250 -163.62866
10786.75684 -163.44717
10789.45117 -163.36324
10792.14062 -163.53181
10794.83008 -162.73563
10797.52734 -163.46997
10800.21289 -163.42966
10802.90527 -163.61642
10805.59766 -162.85464
10808.29102 -163.39320
10810.98535 -163.51955
10813.67383 -163.60654
10816.36914 -162.84404
10819.06055 -163.60359
10821.75195 -163.67087
10824.44238 -163.73154
10827.13477 -163.90938
10829.82812 -163.51045
10832.52148 -163.35260
10835.20996 -163.32874
10837.90430 -162.74120
10840.60059 -163.37579
10843.28516 -163.15121
10845.98145 -163.56013
10848.67285 -162.82176
10851.36621 -163.37419
10854.05859 -163.62125
10856.74609 -163.85298
10859.44141 -164.32976
10862.13477 -163.46010
10864.82520 -163.02135
10867.51562 -163.22603
10870.20605 -163.98415
10872.90430 -163.06870
10875.59668 -163.42599
10878.29004 -163.51727
10880.97656 -163.72971
10883.66602 -163.48610
10886.35547 -163.59964
10889.05078 -163.62025
10891.74707 -163.81821
10894.43164 -163.35112
10897.12891 -163.55563
10899.81543 -163.58627
10902.50879 -163.28326
10905.20312 -163.42346
10907.89648 -163.44205
10910.58594 -163.51744
10913.28125 -164.24632
10915.97168 -163.60901
10918.66309 -163.65414
10921.35547 -163.66951
10924.05273 -163.63289
10926.73926 -163.48257
10929.42773 -163.46095
10932.12793 -163.74576
10934.81641 -163.56238
10937.50586 -163.75502
10940.19629 -163.46422
10942.89453 -163.66080
10945.58594 -163.10538
10948.27734 -163.86446
10950.96484 -163.59006
10953.66406 -163.68259
10956.35254 -164.81253
10959.04199 -163.30731
10961.73047 -163.74747
10964.42773 -163.60873
10967.11914 -163.64258
10969.81055 -163.32283
10972.50195 -163.57697
10975.19531 -163.40715
10977.88281 -163.76190
10980.57715 -163.43083
10983.26660 -163.57271
10985.96191 -163.71271
10988.65234 -162.35516
10991.34277 -163.61717
10994.03418 -163.57031
10996.73242 -163.71786
10999.41895 -163.46745
11002.11328 -163.45097
11004.81348 -163.66463
11007.50098 -163.70027
11010.18457 -163.99785
11012.88086 -163.40240
11015.57715 -163.48010
11018.26953 -163.82304
11020.95605 -162.90028
11023.65332 -163.25862
11026.34180 -163.64133
11029.04199 -163.78564
11031.72363 -163.66089
11034.41895 -163.69508
11037.11523 -163.69044
11039.79980 -163.40558
11042.49121 -164.09886
11045.18359 -163.43190
11047.88184 -163.64830
11050.57520 -163.83513
11053.26270 -164.02200
11055.95703 -163.46323
11058.64648 -163.59647
11061.33594 -163.87007
11064.03223 -164.04218
11066.72363 -163.76196
11069.41504 -163.88608
11072.10840 -163.76256
11074.80078 -164.20299
11077.48828 -163.53133
11080.18359 -163.97455
11082.87695 -163.16858
11085.56738 -163.61800
11088.25684 -163.68338
11090.95508 -163.60616
11093.64648 -163.50621
11096.33789 -163.83841
11099.02441 -163.87889
11101.71875 -164.01183
11104.41309 -163.46794
11107.10742 -163.84013
11109.79590 -163.56897
11112.48633 -163.32413
11115.17676 -163.90663
11117.86914 -163.30850
11120.55469 -163.55209
11123.25293 -163.73137
11125.95215 -163.94261
11128.64062 -165.61406
11131.32910 -164.21667
11134.02344 -163.93631
11136.71387 -163.59624
11139.40430 -162.90535
11142.10059 -163.63589
11144.78613 -163.86995
11147.47949 -163.50613
11150.17188 -163.69438
11152.86621 -163.62703
11155.56055 -163.71806
11158.25000 -163.54900
11160.94531 -163.40372
11163.63477 -163.46422
11166.32617 -163.63847
11169.01758 -163.43993
11171.70898 -163.32585
11174.40234 -163.81206
11177.08887 -163.58968
11179.78320 -163.72964
11182.47852 -163.67746
11185.16699 -163.68874
11187.86230 -163.49646
11190.55273 -163.59473
11193.24414 -164.09546
11195.93652 -164.30383
11198.62891 -163.61203
11201.32227 -163.59552
11204.01562 -163.95505
11206.70410 -163.44783
11209.39844 -163.23221
11212.08887 -163.73531
11214.78418 -163.53510
11217.46973 -163.87019
11220.16699 -163.78647
11222.85254 -163.99786
11225.55176 -163.47231
11228.23828 -163.81409
11230.93262 -163.71913
11233.62793 -163.78992
11236.31738 -163.71895
11239.01270 -163.72321
11241.70312 -163.72807
11244.39453 -163.80287
11247.08594 -163.35922
11249.77734 -163.61612
11252.47070 -163.88773
11255.15820 -163.71100
11257.85254 -163.91974
11260.54199 -163.70474
11263.23145 -163.88818
11265.92773 -163.98242
11268.62402 -165.19737
11271.31641 -163.64297
11274.00195 -163.53304
11276.69434 -163.55235
11279.38672 -164.50652
11282.08105 -163.75101
11284.77539 -163.89249
11287.46484 -163.79340
11290.15430 -164.00504
11292.85059 -163.56015
11295.54199 -163.98116
11298.22754 -163.80757
11300.92578 -163.80156
11303.61816 -163.40240
11306.31250 -163.76149
11309.00000 -163.88008
11311.69434 -163.52029
11314.38379 -163.58920
11317.07422 -163.62904
11319.76465 -163.90331
11322.46094 -164.22116
11325.15234 -163.84196
11327.84570 -163.86667
11330.53223 -164.01004
11333.22656 -164.21974
11335.91992 -163.78897
11338.61523 -163.90895
11341.30469 -163.92577
11343.99414 -163.69662
11346.69141 -164.32346
11349.38281 -164.03563
11352.07520 -163.84917
11354.76660 -164.64127
11357.45508 -164.29616
11360.15430 -163.97250
11362.84277 -163.40581
11365.53125 -163.78946
11368.22168 -163.82780
11370.91797 -164.01979
11373.60840 -163.74942
11376.29980 -163.90288
11378.99219 -163.56903
11381.67871 -163.94463
11384.37109 -163.75694
11387.06543 -163.85312
11389.75977 -163.85957
11392.45508 -163.75514
11395.13867 -163.88075
11397.83594 -163.23792
11400.52637 -163.78554
11403.21777 -164.02928
11405.91602 -163.98424
11408.60254 -163.02769
11411.29004 -163.88803
11413.98438 -164.14545
11416.68457 -164.17116
11419.37402 -163.46642
11422.06445 -164.06203
11424.75488 -163.98015
11427.44531 -163.72942
11430.14258 -163.85107
11432.83594 -163.76649
11435.52148 -163.49522
11438.21484 -163.83424
11440.90332 -163.88010
11443.59766 -163.74617
11446.29395 -163.82988
11448.98340 -163.98724
11451.67383 -163.67200
11454.36426 -163.92264
11457.05664 -163.76306
11459.75488 -164.03917
11462.44141 -163.71637
11465.13574 -163.61635
11467.83008 -164.07874
11470.51758 -163.77657
11473.21289 -163.95212
11475.89746 -164.24869
11478.59375 -164.03363
11481.28418 -164.01407
11483.98340 -164.15630
11486.66895 -164.06035
11489.36133 -164.19948
11492.05566 -163.68217
11494.74219 -163.74455
11497.43750 -164.39076
11500.12695 -163.89040
11502.82324 -164.42609
11505.51367 -163.50407
11508.20410 -163.80327
11510.89648 -164.51271
11513.58887 -163.83432
11516.28125 -164.16200
11518.97461 -163.97551
11521.66211 -163.87198
11524.35742 -163.99881
11527.04688 -163.54030
11529.74219 -163.62173
11532.44043 -163.86812
11535.12500 -164.19882
11537.82227 -164.01740
11540.50781 -164.01918
11543.20117 -163.48033
11545.89453 -164.12593
11548.58301 -163.14754
11551.27734 -163.87640
11553.96582 -163.83698
11556.66211 -164.07954
11559.35938 -164.23352
11562.04297 -164.17274
11564.74121 -164.41513
11567.42773 -163.97572
11570.12109 -164.73297
11572.81348 -164.06381
11575.50781 -163.77574
11578.20312 -163.80397
11580.89062 -164.02039
11583.58203 -164.04871
11586.27832 -163.72058
11588.96875 -164.14249
11591.66016 -163.61575
11594.35156 -164.22177
11597.04492 -164.10104
11599.73145 -164.01689
11602.42578 -164.36798
11605.11523 -163.92671
11607.80859 -164.11230
11610.50586 -164.14763
11613.19531 -165.95749
11615.88672 -163.91817
11618.58398 -164.33899
11621.27539 -164.10393
11623.95508 -164.26170
11626.64941 -164.24171
11629.34375 -164.00435
11632.03711 -163.71388
11634.72559 -164.30544
11637.42188 -163.90355
11640.11133 -164.15332
11642.80273 -163.77086
11645.49902 -164.32614
11648.19238 -164.12350
11650.87793 -164.05650
11653.57031 -163.85938
11656.26465 -164.10667
11658.95898 -163.61221
11661.64648 -164.26665
11664.34375 -163.81932
11667.03223 -164.01802
11669.72852 -163.95682
11672.41406 -164.24072
11675.11230 -163.93007
11677.79785 -163.28954
11680.49023 -163.57588
11683.18457 -164.33636
11685.87109 -163.83905
11688.56641 -164.90688
11691.26172 -164.24149
11693.95117 -163.92128
11696.64844 -164.26535
11699.33203 -164.97505
11702.03027 -164.11549
11704.72266 -164.32002
11707.41406 -164.28581
11710.10840 -163.62053
11712.80273 -163.76865
11715.49023 -163.81964
11718.17871 -164.20656
11720.87500 -163.88992
11723.56445 -164.16513
11726.25488 -164.05772
11728.95312 -163.98318
11731.63867 -164.04008
11734.33691 -164.23610
11737.02344 -164.06532
11739.71680 -164.42747
11742.40430 -164.05928
11745.10645 -163.85771
11747.78906 -164.24495
11750.48438 -163.76088
11753.17480 -163.51993
11755.86719 -164.08104
11758.56445 -163.93925
11761.25586 -163.58427
11763.94922 -164.21260
11766.63574 -164.10809
11769.32422 -164.04620
11772.01758 -163.84885
11774.70703 -164.55069
11777.41016 -164.14459
11780.09863 -164.13644
11782.78906 -164.24715
11785.48047 -163.27893
11788.17285 -164.01407
11790.86523 -163.90195
11793.55859 -164.09933
11796.25195 -164.08678
11798.93945 -163.93645
11801.62891 -164.18776
11804.32422 -164.02463
11807.01270 -164.94731
11809.70898 -164.26608
11812.40137 -163.82355
11815.09277 -164.10661
11817.78418 -163.87950
11820.47070 -164.06371
11823.16406 -164.09166
11825.85840 -164.15013
11828.55273 -165.64896
11831.24805 -164.18022
11833.93652 -164.26909
11836.62695 -163.87721
11839.32422 -164.34804
11842.01562 -164.02281
11844.69922 -164.17583
11847.39844 -163.73112
11850.08594 -164.40698
11852.77930 -164.43188
11855.47363 -163.78499
11858.16211 -163.95456
11860.85742 -164.44713
11863.55371 -164.03194
11866.24219 -163.87993
11868.93457 -164.39062
11871.62500 -164.47726
11874.31738 -164.07021
11877.00977 -164.41327
11879.70215 -164.10304
11882.39062 -164.00739
11885.07812 -164.43642
11887.77930 -164.12553
11890.46094 -163.88986
11893.15820 -164.44351
11895.85449 -164.22679
11898.54590 -164.04852
11901.23828 -164.17432
11903.92383 -163.95271
11906.62207 -163.84247
11909.30859 -164.25893
11912.00293 -164.61020
11914.69727 -164.88431
11917.38672 -163.74837
11920.08203 -164.09827
11922.77246 -163.78749
11925.45508 -164.31679
11928.15918 -164.26698
11930.84473 -164.28804
11933.53711 -163.99838
11936.23047 -164.57619
11938.91699 -164.10846
11941.61719 -164.50403
11944.31250 -164.37015
11947.00098 -164.37633
11949.68945 -164.30119
11952.38086 -164.07353
11955.07715 -164.35489
11957.76855 -164.01949
11960.45996 -163.97314
11963.15332 -164.21570
11965.84570 -164.26605
11968.53320 -163.12473
11971.22656 -164.06680
11973.92188 -164.28242
11976.61035 -164.33708
11979.30078 -164.70312
11981.99707 -163.91438
11984.68750 -164.71060
11987.38477 -164.47623
11990.06348 -164.08794
11992.76270 -164.31352
11995.45703 -164.07503
11998.14941 -164.11050
12000.83789 -165.23373
12003.52539 -163.61624
12006.22070 -163.90999
12008.91699 -164.05516
12011.60742 -164.75194
12014.29785 -163.97409
12016.99023 -163.82341
12019.68164 -164.33427
12022.37402 -165.32375
12025.06738 -163.63834
12027.75977 -163.76456
12030.44824 -164.21397
12033.14355 -164.22835
12035.83887 -164.27206
12038.52734 -164.21184
12041.21875 -164.19519
12043.90820 -163.54192
12046.60059 -163.96136
12049.29883 -164.05394
12051.98438 -164.29778
12054.67188 -164.19597
12057.37207 -164.09502
12060.06641 -164.36615
12062.75391 -164.23523
12065.44336 -164.75597
12068.13965 -164.88391
12070.83008 -164.10727
12073.52051 -163.78262
12076.21875 -163.61725
12078.90430 -164.16875
12081.59570 -164.77950
12084.28906 -163.93828
12086.98242 -164.25429
12089.67676 -164.13399
12092.36523 -164.30879
12095.05371 -164.39546
12097.75000 -164.02724
12100.44043 -164.16032
12103.13086 -163.87216
12105.82227 -164.26967
12108.51465 -163.44189
12111.20703 -163.78702
12113.90039 -164.43938
12116.59277 -163.99303
12119.28125 -164.25359
12121.97656 -164.20035
12124.67188 -164.09209
12127.36133 -164.18144
12130.05762 -165.53455
12132.74805 -164.15575
12135.43945 -164.06560
12138.13086 -164.45164
12140.82422 -164.05257
12143.51660 -164.40475
12146.20312 -164.37285
12148.89746 -164.04622
12151.59180 -164.66496
12154.28125 -163.98515
12156.97656 -164.40227
12159.66699 -164.82646
12162.35742 -164.26193
12165.04883 -164.41501
12167.74023 -164.40349
12170.43164 -164.25282
12173.12500 -164.36337
12175.81934 -164.35930
12178.50586 -164.28540
12181.20117 -164.14456
12183.88867 -164.60674
12186.58398 -164.08995
12189.28125 -164.26900
12191.97168 -164.81761
12194.65625 -165.16586
12197.35449 -164.42259
12200.04688 -164.29420
12202.74512 -164.42625
12205.42578 -164.17670
12208.12012 -164.45927
12210.81445 -164.48396
12213.50195 -164.19038
12216.19922 -165.18684
12218.88770 -164.09505
12221.57812 -164.19542
12224.27539 -164.67955
12226.96680 -164.28398
12229.65820 -164.52686
12232.34473 -164.36555
12235.04395 -164.12627
12237.73242 -164.52315
12240.42578 -164.60126
12243.11426 -164.57129
12245.80957 -164.28319
12248.50586 -165.11267
12251.19531 -164.49974
12253.88574 -164.19189
12256.57715 -163.92349
12259.26855 -164.88391
12261.96191 -164.07402
12264.65430 -164.98569
12267.34766 -164.28996
12270.03516 -164.17603
12272.72949 -164.14244
12275.42480 -164.05009
12278.11426 -164.22417
12280.80469 -165.36838
12283.50098 -165.06018
12286.19141 -164.26402
12288.88281 -164.28862
12291.56836 -164.74185
12294.26758 -163.71808
12296.96191 -164.16681
12299.64844 -164.23593
12302.34277 -163.79605
12305.03125 -163.98787
12307.71973 -164.02365
12310.41602 -164.97537
12313.11328 -164.38667
12315.80273 -164.60979
12318.49512 -164.10152
12321.18066 -164.25620
12323.87207 -165.59822
12326.57227 -164.38475
12329.26562 -164.43431
12331.95312 -164.63161
12334.64062 -164.54492
12337.33594 -164.24295
12340.02539 -164.38786
12342.72266 -164.39821
12345.41211 -164.38295
12348.10352 -164.12485
12350.79492 -164.50255
12353.48047 -164.34816
12356.18652 -163.93300
12358.86621 -164.41992
12361.56055 -164.36844
12364.25391 -164.41948
12366.94922 -164.31587
12369.64453 -164.23064
12372.32812 -163.97369
12375.02441 -164.00734
12377.72266 -164.42625
12380.41211 -164.52342
12383.09766 -164.43013
12385.79004 -164.47522
12388.48242 -165.39769
12391.17676 -164.14322
12393.86328 -164.42078
12396.55859 -164.35782
12399.25391 -164.28787
12401.94238 -164.59140
12404.63867 -164.39671
12407.32910 -164.67096
12410.02051 -165.60551
12412.71094 -164.18050
12415.40430 -164.13280
12418.09570 -163.99829
12420.78223 -164.16554
12423.48242 -164.31407
12426.17090 -164.38470
12428.86523 -164.10120
12431.55371 -163.70183
12434.24902 -164.05037
12436.93945 -164.52048
12439.63672 -164.11827
12442.32031 -164.48248
12445.01953 -164.55405
12447.71094 -164.18213
12450.39648 -164.25351
12453.09668 -164.64842
12455.78516 -164.39064
12458.47168 -164.43985
12461.16699 -164.49913
12463.85645 -164.17316
12466.54492 -164.20897
12469.24219 -164.62462
12471.93945 -164.54161
12474.62402 -164.57886
12477.32227 -164.03249
12480.01465 -164.77121
12482.70703 -164.53006
12485.39453 -164.27837
12488.08691 -164.44621
12490.78223 -164.57103
12493.47070 -165.10529
12496.16602 -165.50656
12498.85645 -164.33427
12501.54492 -164.31865
12504.23730 -164.81105
12506.92773 -164.42982
12509.61914 -164.40962
12512.31250 -164.54706
12515.01172 -164.60303
12517.70508 -164.84575
12520.39160 -164.14265
12523.08008 -164.39192
12525.77539 -164.62267
12528.47168 -163.34232
12531.16113 -164.75891
12533.85156 -164.62851
12536.54199 -164.61748
12539.23926 -165.43875
12541.92480 -164.69327
12544.61719 -164.64490
12547.30957 -164.20325
12550.00391 -164.07121
12552.69043 -164.07199
12555.38574 -164.02043
12558.08105 -164.83572
12560.77051 -164.02309
12563.45898 -164.35500
12566.15723 -164.73003
12568.84766 -164.70284
12571.53809 -164.23758
12574.22363 -164.08838
12576.92285 -164.82097
12579.61523 -164.75298
12582.30957 -163.96442
12584.99609 -164.58994
12587.69141 -164.48164
12590.37988 -164.55185
12593.07617 -164.52805
12595.76562 -164.79060
12598.45605 -164.14525
12601.14648 -164.86728
12603.84570 -165.66283
12606.52930 -164.44016
12609.22852 -164.78642
12611.91504 -164.32323
12614.60840 -164.34210
12617.30371 -164.32047
12619.99023 -164.81767
12622.68555 -164.49870
12625.38184 -164.75781
12628.07129 -164.95439
12630.76172 -164.47600
12633.44531 -164.18188
12636.14355 -164.09380
12638.83594 -164.63483
12641.53418 -164.19150
12644.22070 -165.08653
12646.91406 -164.99733
12649.60840 -164.39719
12652.29590 -164.27084
12654.99121 -164.46422
12657.68652 -164.23087
12660.37012 -164.45825
12663.06641 -164.56123
12665.75781 -164.26703
12668.44824 -163.62965
12671.14062 -164.53931
12673.83301 -164.13791
12676.52539 -164.55028
12679.21875 -164.85106
12681.90625 -164.84033
12684.60059 -164.56195
12687.29590 -164.68358
12689.98535 -163.88879
12692.68066 -164.68623
12695.36328 -164.49112
12698.06152 -164.73994
12700.75977 -164.80533
12703.44531 -164.75566
12706.13672 -164.46046
12708.82910 -164.54456
12711.52246 -164.86487
12714.21680 -164.48416
12716.90430 -164.25412
12719.59961 -164.49792
12722.28711 -164.32425
12724.97656 -164.40765
12727.67383 -164.50478
12730.36328 -164.47792
12733.05566 -164.66745
12735.74707 -164.77856
12738.43848 -164.15314
12741.13184 -164.74545
12743.82422 -164.44418
12746.52539 -164.87189
12749.20508 -164.50034
12751.90039 -165.02373
12754.59570 -164.88501
12757.28516 -164.47421
12759.98145 -164.98663
12762.67188 -164.63144
12765.35547 -164.33963
12768.05469 -164.92966
12770.74609 -164.43108
12773.43848 -164.50539
12776.13184 -165.01802
12778.81836 -164.43639
12781.51270 -165.13699
12784.20703 -165.09801
12786.89551 -164.77605
12789.59082 -164.38205
12792.28027 -164.62193
12794.97070 -165.31883
12797.66797 -164.82903
12800.35938 -164.15863
12803.05078 -164.68419
12805.74316 -164.34810
12808.42871 -165.52670
12811.12207 -164.80386
12813.81641 -164.38657
12816.50391 -164.77913
12819.20508 -164.64847
12821.88672 -164.47142
12824.58398 -165.14670
12827.28027 -164.92824
12829.97070 -164.71776
12832.66113 -164.60286
12835.35254 -164.59908
12838.04492 -164.27269
12840.73047 -164.82906
12843.42969 -164.67068
12846.11719 -164.53278
12848.81836 -164.62550
12851.50586 -164.31213
12854.19434 -164.65944
12856.89062 -164.86975
12859.58008 -164.44302
12862.26953 -165.07184
12864.96094 -164.55075
12867.65820 -164.58690
12870.35059 -164.63496
12873.04199 -164.48801
12875.73438 -164.40337
12878.42188 -164.70699
12881.11523 -165.23529
12883.80957 -164.13806
12886.49805 -164.21216
12889.19434 -164.79805
12891.88281 -164.74390
12894.57227 -164.77986
12897.26953 -164.87099
12899.96094 -164.74794
12902.65234 -164.62123
12905.34375 -163.71114
12908.03613 -165.04024
12910.73047 -164.91953
12913.41602 -164.52057
12916.11133 -164.57855
12918.80469 -164.62288
12921.49316 -164.92110
12924.18164 -164.89166
12926.87891 -164.70166
12929.56836 -164.08380
12932.26562 -164.40260
12934.95703 -164.71382
12937.64160 -164.45914
12940.34082 -164.25665
12943.03320 -164.99945
12945.71875 -164.85039
12948.41309 -165.59430
12951.10742 -164.75874
12953.80273 -164.75218
12956.49805 -164.94524
12959.18750 -164.63464
12961.87598 -164.87549
12964.56641 -164.73340
12967.25684 -164.46678
12969.94922 -164.39676
12972.64062 -165.07788
12975.33984 -164.91132
12978.02539 -165.03891
12980.71875 -164.83200
12983.41211 -164.69624
12986.09961 -164.25624
12988.79492 -164.69298
12991.48340 -165.63841
12994.17969 -164.57184
12996.86914 -164.75623
12999.56641 -165.08675
13002.25684 -165.16017
13004.94922 -164.82680
13007.64062 -164.60396
13010.32617 -164.78186
13013.02637 -163.93790
13015.71875 -164.76840
13018.40625 -164.99399
13021.10156 -165.17804
13023.78906 -164.44720
13026.48438 -164.79553
13029.17383 -165.18358
13031.87012 -165.38850
13034.56055 -163.87149
13037.25195 -164.60780
13039.94238 -165.00156
13042.63574 -164.39526
13045.32031 -164.84790
13048.01953 -165.05029
13050.70703 -164.57773
13053.40039 -164.48038
13056.09570 -164.68529
13058.78418 -164.65215
13061.47949 -164.74725
13064.16895 -164.70676
13066.86621 -164.15050
13069.55566 -164.27130
13072.24707 -164.59909
13074.94629 -165.06413
13077.63086 -164.40146
13080.32324 -164.79199
13083.00879 -164.62868
13085.70898 -164.65179
13088.39746 -163.40533
13091.08398 -164.89259
13093.77930 -164.32500
13096.47559 -164.99319
13099.16504 -164.58096
13101.86133 -164.67097
13104.55176 -164.54443
13107.23535 -164.61974
13109.93359 -164.89767
13112.63281 -164.85138
13115.31836 -164.65042
13118.01172 -164.84929
13120.70508 -164.13429
13123.39258 -164.69632
13126.08789 -165.08157
13128.77539 -165.17966
13131.46387 -164.74992
13134.16016 -164.87366
13136.85059 -164.88834
13139.54688 -164.71065
13142.23145 -164.96661
13144.93066 -164.80566
13147.62207 -164.58907
13150.31445 -164.78236
13153.00781 -165.32166
13155.69336 -164.35472
13158.38770 -164.81674
13161.08301 -164.98705
13163.77832 -165.31837
13166.46582 -165.25609
13169.16211 -164.84538
13171.84570 -164.58311
13174.54297 -164.54120
13177.23438 -165.01395
13179.92578 -165.01407
13182.61719 -164.61974
13185.30859 -164.51492
13187.99609 -164.65535
13190.68848 -164.94492
13193.38281 -164.67871
13196.07617 -164.62210
13198.76465 -164.91434
13201.46094 -164.64709
13204.15820 -164.72360
13206.83984 -164.51375
13209.53711 -164.27727
13212.23535 -164.64149
13214.92578 -164.84889
13217.61133 -165.01166
13220.31055 -164.55334
13222.99609 -164.95496
13225.68945 -164.84665
13228.38281 -165.94106
13231.07031 -164.55951
13233.76562 -164.82959
13236.46094 -164.92612
13239.15039 -165.15247
13241.83984 -164.92145
13244.53613 -164.35678
13247.22754 -164.71503
13249.91797 -164.69142
13252.60938 -165.02588
13255.30176 -165.01759
13257.99414 -164.99832
13260.68848 -164.80132
13263.37402 -164.71291
13266.06934 -164.64697
13268.75586 -164.58563
13271.45898 -164.45224
13274.14062 -164.97887
13276.83008 -165.11804
13279.53516 -164.88441
13282.22559 -164.73958
13284.90820 -164.55385
13287.60742 -164.97662
13290.29199 -165.12218
13292.98438 -163.47108
13295.68457 -164.81604
13298.37109 -164.78616
13301.06543 -164.83472
13303.75195 -164.75540
13306.45508 -164.93297
13309.14258 -165.16743
13311.83203 -164.73730
13314.52246 -164.15984
13317.21875 -164.82613
13319.91113 -164.77075
13322.60156 -165.15445
13325.28516 -164.84140
13327.98633 -165.07230
13330.67188 -164.88722
13333.37109 -164.89687
13336.05859 -163.88501
13338.75195 -164.45757
13341.44727 -164.41240
13344.13574 -164.32927
13346.82520 -164.63783
13349.52148 -165.18210
13352.21191 -164.84140
13354.91016 -164.84360
13357.59277 -164.98030
13360.29199 -164.74341
13362.97656 -164.52258
13365.67578 -165.01309
13368.36133 -166.64478
13371.05566 -164.96281
13373.75000 -164.90862
13376.43750 -164.88261
13379.13281 -164.74879
13381.82129 -164.84476
13384.51758 -164.63289
13387.20703 -164.86313
13389.89746 -165.36044
13392.58789 -164.40703
13395.28711 -164.64650
13397.97852 -165.03786
13400.66992 -165.15677
13403.36328 -165.30348
13406.04980 -164.91872
13408.74219 -164.46259
13411.43750 -164.83635
13414.13184 -164.93779
13416.82129 -165.06639
13419.50977 -165.10364
13422.20605 -165.54335
13424.89648 -165.22232
13427.58691 -164.61612
13430.28418 -164.73869
13432.97656 -164.48274
13435.66016 -164.44211
13438.35352 -164.82011
13441.04590 -164.42850
13443.73926 -164.83749
13446.43359 -164.78644
13449.12109 -164.99948
13451.81641 -165.32214
13454.50391 -164.88811
13457.20117 -164.41502
13459.89062 -164.74028
13462.57910 -164.92340
13465.27832 -164.35234
13467.96094 -165.18393
13470.66016 -164.97446
13473.34473 -164.57724
13476.04492 -164.61174
13478.73047 -165.02817
13481.42480 -165.01410
13484.11914 -164.82175
13486.80664 -164.22696
13489.50195 -164.95410
13492.19727 -164.70432
13494.88672 -164.87425
13497.57617 -165.15747
13500.26562 -164.72075
13502.95703 -165.05420
13505.64648 -165.35420
13508.34766 -164.94560
13511.03125 -164.82817
13513.72461 -164.66043
13516.42480 -164.99232
13519.11914 -164.71924
13521.80566 -165.23395
13524.50098 -165.06595
13527.18848 -164.90540
13529.87695 -164.90166
13532.56641 -164.64200
13535.27148 -164.94022
13537.95996 -164.93370
13540.65234 -164.64014
13543.34180 -164.71188
13546.02637 -165.13657
13548.72656 -165.00624
13551.41992 -164.75600
13554.10547 -165.33420
13556.80664 -165.04507
13559.49316 -165.10806
13562.18164 -165.09602
13564.87695 -164.77089
13567.56445 -164.79784
13570.26172 -164.99358
13572.95898 -164.81346
13575.64941 -164.93872
13578.33984 -164.82089
13581.03125 -164.67386
13583.72266 -164.91595
13586.41504 -165.49455
13589.10742 -165.27650
13591.79297 -165.14026
13594.49414 -164.78505
13597.18262 -165.07764
13599.87695 -164.43456
13602.56445 -165.14360
13605.25391 -165.42519
13607.95020 -164.68213
13610.63965 -165.01453
13613.33789 -164.84354
13616.02051 -164.87883
13618.71973 -165.00644
13621.41113 -165.02010
13624.10352 -164.75591
13626.78809 -165.05447
13629.48242 -165.15186
13632.17676 -165.19112
13634.87109 -164.74777
13637.56641 -165.53304
13640.25391 -164.73433
13642.94141 -165.12811
13645.63867 -164.76974
13648.33594 -163.61407
13651.01758 -165.17830
13653.71680 -165.01064
13656.40723 -164.86819
13659.09961 -165.06938
13661.79199 -164.83900
13664.48438 -164.77582
13667.16992 -164.73407
13669.86426 -165.22728
13672.55859 -164.72485
13675.24512 -165.53844
13677.94141 -164.71419
13680.63672 -164.69505
13683.31934 -164.74403
13686.01562 -164.94487
13688.70605 -164.49055
13691.40430 -165.70010
13694.08691 -165.16600
13696.78711 -165.35626
13699.47168 -164.92938
13702.16406 -165.20584
13704.85742 -164.62910
13707.55078 -164.93991
13710.24512 -164.83890
13712.93945 -164.65381
13715.62695 -164.76396
13718.32422 -165.03468
13721.01172 -164.63969
13723.70996 -165.16191
13726.39160 -165.08830
13729.08984 -165.37347
13731.78125 -164.88763
13734.47266 -164.88600
13737.17188 -164.76367
13739.85742 -164.95615
13742.54297 -164.86580
13745.23535 -164.00917
13747.93750 -165.38840
13750.62500 -165.17218
13753.31152 -164.52678
13756.01562 -165.37044
13758.70508 -165.09108
13761.39453 -164.69621
13764.08301 -165.32390
13766.77344 -165.06895
13769.47168 -164.78757
13772.16309 -164.89667
13774.84766 -165.48802
13777.54004 -164.94125
13780.24023 -165.14279
13782.92578 -165.14447
13785.62012 -165.12256
13788.31445 -164.01903
13791.00195 -164.98416
13793.69043 -164.97139
13796.39453 -165.14758
13799.08203 -164.70100
13801.77246 -165.15096
13804.47070 -165.22520
13807.16016 -165.40668
13809.85156 -165.50377
13812.53516 -165.11038
13815.23535 -164.94258
13817.91992 -164.66957
13820.61426 -164.86719
13823.30664 -164.59149
13826.00098 -164.90900
13828.68945 -165.40150
13831.38477 -165.08682
13834.07227 -165.10516
13836.76855 -164.86601
13839.46484 -165.20685
13842.14746 -164.77264
13844.83789 -165.05620
13847.53711 -164.94548
13850.22852 -165.04436
13852.91992 -164.92795
13855.61133 -164.70668
13858.30566 -165.11531
13860.99805 -164.93007
13863.69238 -164.79868
13866.37891 -165.03336
13869.07422 -165.07417
13871.76270 -164.85411
13874.45801 -164.57307
13877.14746 -164.73686
13879.84473 -164.86108
13882.52734 -164.79907
13885.22461 -165.63690
13887.90918 -165.19360
13890.60742 -164.69768
13893.29980 -164.88852
13895.98535 -164.46706
13898.68555 -165.47931
13901.37891 -165.14247
13904.06641 -165.26933
13906.75977 -165.31148
13909.45508 -165.56175
13912.14355 -165.21655
13914.83984 -164.71536
13917.52930 -165.26399
13920.21973 -164.97003
13922.90918 -164.66350
13925.60059 -165.13879
13928.29102 -166.29895
13930.98242 -164.98154
13933.68262 -165.25851
13936.37598 -165.18243
13939.06152 -165.54379
13941.75586 -164.93477
13944.44922 -165.32056
13947.14453 -164.90080
13949.83301 -164.51195
13952.52051 -165.27725
13955.20996 -165.26427
13957.90625 -165.16582
13960.59668 -166.43491
13963.29492 -165.11386
13965.98535 -164.73596
13968.67676 -165.08852
13971.36133 -165.31725
13974.06152 -164.86546
13976.74707 -164.83563
13979.43945 -165.04845
13982.13379 -165.85643
13984.82812 -164.92969
13987.51562 -165.41257
13990.21094 -164.78494
13992.90820 -164.51761
13995.59570 -165.14635
13998.28516 -165.10028
14000.97559 -164.86954
14003.67285 -165.77928
14006.36523 -165.11208
14009.05664 -165.41618
14011.74805 -165.07440
14014.43262 -165.35138
14017.12500 -165.06424
14019.81934 -164.96129
14022.51367 -165.29341
14025.20020 -164.79968
14027.90234 -165.56682
14030.59082 -164.86679
14033.28027 -165.20518
14035.97656 -165.03799
14038.66602 -165.28473
14041.35547 -165.19164
14044.04688 -165.17992
14046.73730 -163.66064
14049.42871 -165.10361
14052.12891 -165.41225
14054.82031 -165.19423
14057.51367 -165.52522
14060.20703 -165.06430
14062.89453 -165.27756
14065.58789 -164.92502
14068.28320 -165.26515
14070.97168 -164.87039
14073.66016 -165.17918
14076.34863 -165.36800
14079.03809 -165.90921
14081.73633 -165.65320
14084.42578 -165.42139
14087.11816 -165.31619
14089.81641 -165.52141
14092.50098 -165.19176
14095.20117 -165.12167
14097.88672 -165.03400
14100.58789 -166.04596
14103.26660 -165.04613
14105.96191 -165.14734
14108.65625 -164.77838
14111.35254 -165.89867
14114.04785 -165.20496
14116.72949 -165.45996
14119.42578 -165.01591
14122.11719 -166.14359
14124.80664 -165.03677
14127.50586 -164.86200
14130.18945 -164.65118
14132.88965 -165.99182
14135.58203 -164.96335
14138.26660 -165.07770
14140.96094 -165.28996
14143.65430 -165.60703
14146.34180 -165.11612
14149.03711 -165.02925
14151.73242 -164.55484
14154.41992 -164.24271
14157.11719 -165.06862
14159.81445 -165.32924
14162.49609 -165.10030
14165.19434 -165.87799
14167.87695 -164.92221
14170.57715 -165.44685
14173.26074 -165.81857
14175.95312 -164.82751
14178.65332 -165.04919
14181.33984 -164.92889
14184.03320 -164.84679
14186.72852 -164.64182
14189.42285 -165.51265
14192.10352 -165.41673
14194.79883 -165.46370
14197.49512 -164.11720
14200.19336 -165.19106
14202.87500 -165.01570
14205.57227 -165.37741
14208.26270 -165.06078
14210.94727 -165.08406
14213.65332 -165.08165
14216.33008 -164.97798
14219.03223 -165.61612
14221.72461 -165.28505
14224.41016 -164.69997
14227.09766 -165.43739
14229.79980 -165.10135
14232.48828 -165.23491
14235.17578 -165.01778
14237.87207 -165.23538
14240.56836 -164.92271
14243.25781 -164.99475
14245.94824 -165.43874
14248.64648 -164.93228
14251.33008 -165.30568
14254.02246 -165.14215
14256.72070 -165.35980
14259.41406 -164.74873
14262.09961 -164.34933
14264.79395 -164.91959
14267.47949 -164.77058
14270.18164 -165.10997
14272.87012 -165.88457
14275.56543 -165.39357
14278.25293 -165.44417
14280.94238 -165.21054
14283.63184 -164.70377
14286.32031 -165.10855
14289.01172 -165.12425
14291.70996 -164.97414
14294.40234 -165.08258
14297.09375 -165.45358
14299.78613 -164.70201
14302.47949 -165.37169
14305.17188 -163.90976
14307.86621 -165.38165
14310.56055 -164.84869
14313.24805 -165.08620
14315.94336 -166.13824
14318.63184 -165.26653
14321.32812 -165.08354
14324.01758 -165.74165
14326.70703 -165.87259
14329.39648 -165.17557
14332.09473 -165.26358
14334.78613 -165.31360
14337.47852 -166.09828
14340.16992 -165.56644
14342.85547 -164.99350
14345.54785 -165.24336
14348.24121 -164.36589
14350.93555 -165.47125
14353.63086 -165.49631
14356.31738 -165.10854
14359.01367 -164.84129
14361.70117 -165.37071
14364.39844 -165.35989
14367.08789 -165.43054
14369.78516 -166.38513
14372.46680 -165.35344
14375.15820 -165.51097
14377.85742 -164.88797
14380.54883 -165.91864
14383.23340 -165.59142
14385.92676 -165.76756
14388.61914 -165.10709
14391.31348 -165.01080
14394.00000 -165.76996
14396.70312 -165.39299
14399.39062 -165.51169
14402.07910 -165.18845
14404.77441 -165.12796
14407.47168 -165.44156
14410.15234 -164.87292
14412.85059 -164.98218
14415.54883 -165.50739
14418.24023 -164.99672
14420.93164 -165.69754
14423.61523 -165.35704
14426.31641 -165.03665
14429.00195 -165.58035
14431.69434 -165.63570
14434.39648 -164.88918
14437.07520 -165.17342
14439.77734 -165.26178
14442.46582 -165.24866
14445.14551 -164.83743
14447.84180 -165.62686
14450.53906 -165.52943
14453.22852 -165.17329
14455.91895 -165.75766
14458.61719 -165.04015
14461.30859 -164.88490
14464.00000 -165.29735
14466.69141 -165.05605
14469.38477 -165.31619
14472.07812 -165.85661
14474.76367 -165.50320
14477.45703 -163.92810
14480.15137 -165.31174
14482.83984 -165.13840
14485.54199 -165.59059
14488.22266 -166.42343
14490.91895 -165.36719
14493.60840 -165.31778
14496.30664 -165.46541
14498.98828 -166.15886
14501.69434 -165.30861
14504.37695 -165.50072
14507.06934 -165.63921
14509.76074 -166.08716
14512.45312 -165.26311
14515.14648 -165.11499
14517.84082 -165.54942
14520.52734 -164.40627
14523.23047 -165.48013
14525.91699 -164.99365
14528.60449 -165.57416
14531.29297 -165.70026
14533.98926 -165.42798
14536.67871 -165.23788
14539.37500 -165.07130
14542.06543 -166.14731
14544.75586 -164.84224
14547.44727 -165.25793
14550.13867 -165.27242
14552.83105 -165.58566
14555.52344 -165.78735
14558.21680 -165.16199
14560.91016 -165.35707
14563.59570 -166.07956
14566.29102 -165.33052
14568.98633 -165.11920
14571.67383 -165.03720
14574.36133 -164.09048
14577.05859 -165.21730
14579.75586 -165.05255
14582.44531 -165.58691
14585.13574 -165.77168
14587.82617 -165.78220
14590.51758 -165.58441
14593.20801 -165.42491
14595.90820 -165.72551
14598.60156 -165.48680
14601.28711 -165.05946
14603.97949 -165.47195
14606.66602 -166.54001
14609.36035 -165.30769
14612.05566 -165.66101
14614.75098 -165.55060
14617.43945 -165.61632
14620.13574 -165.20810
14622.82422 -165.16643
14625.51367 -165.59747
14628.20410 -165.40993
14630.90234 -165.60100
14633.59375 -165.27776
14636.29297 -165.44716
14638.96875 -164.54735
14641.66992 -165.18971
14644.36328 -165.45569
14647.05566 -165.07776
14649.74219 -164.76617
14652.43652 -165.59184
14655.13184 -165.38490
14657.81836 -165.40327
14660.50684 -164.26067
14663.21094 -165.28474
14665.89258 -165.74983
14668.58887 -165.25526
14671.27930 -165.94165
14673.96973 -165.80112
14676.66895 -164.95969
14679.36035 -165.16838
14682.05176 -166.56392
14684.74414 -165.67612
14687.43652 -165.32547
14690.12207 -164.93555
14692.81641 -165.48195
14695.50977 -165.21112
14698.20410 -165.45363
14700.89258 -165.14047
14703.58789 -165.70297
14706.27539 -165.25432
14708.96484 -165.09076
14711.66211 -165.67596
14714.35156 -166.73355
14717.04199 -165.39250
14719.74121 -165.31108
14722.43164 -165.60712
14725.11621 -165.18240
14727.80762 -165.49852
14730.50781 -165.61403
14733.20215 -165.68451
14735.88770 -165.68489
14738.57324 -165.21875
14741.27539 -165.48874
14743.96289 -165.25027
14746.65820 -165.84491
14749.35449 -165.79971
14752.03516 -165.65729
14754.73145 -165.67001
14757.42969 -164.97260
14760.11133 -165.64915
14762.81055 -165.58388
14765.50000 -165.73381
14768.19238 -164.63539
14770.88379 -165.80197
14773.57617 -165.64342
14776.26953 -165.78105
14778.96289 -165.84149
14781.64844 -165.24419
14784.35059 -165.27731
14787.03711 -165.67674
14789.72559 -166.35222
14792.42090 -165.20714
14795.10840 -165.47867
14797.80664 -165.48766
14800.50293 -165.59633
14803.18457 -166.06004
14805.87500 -165.45674
14808.57324 -165.28500
14811.26465 -165.97015
14813.95605 -165.03702
14816.64844 -165.59209
14819.34082 -165.45078
14822.03320 -165.12982
14824.72754 -165.55714
14827.41309 -164.99797
14830.10840 -165.42760
14832.80273 -165.56648
14835.49023 -165.46904
14838.18750 -165.98180
14840.87500 -165.70374
14843.57227 -165.10631
14846.26074 -165.53340
14848.95117 -165.19786
14851.64160 -165.20645
14854.33203 -166.82106
14857.03223 -165.59717
14859.71582 -165.25819
14862.40820 -165.82463
14865.09961 -165.54944
14867.79395 -165.14525
14870.49609 -165.32701
14873.17383 -165.69899
14875.86816 -165.25453
14878.56348 -165.59424
14881.25977 -165.24898
14883.94727 -165.37259
14886.63574 -164.71474
14889.33398 -165.82693
14892.03027 -165.52866
14894.71191 -165.34418
14897.41113 -164.44012
14900.10156 -165.68413
14902.79297 -165.57840
14905.48438 -165.42351
14908.17773 -165.67223
14910.87012 -165.64746
14913.55566 -165.76611
14916.25781 -165.48810
14918.94434 -165.49724
14921.63086 -165.50342
14924.33398 -165.51309
14927.01270 -165.45081
14929.70898 -165.04945
14932.39844 -165.55998
14935.08691 -165.31740
14937.78418 -165.56030
14940.47461 -165.02188
14943.16504 -165.75594
14945.86426 -165.69603
14948.55566 -165.26387
14951.24023 -165.69586
14953.94043 -165.59636
14956.63281 -165.08138
14959.32715 -165.66577
14962.02051 -165.56888
14964.70703 -166.03276
14967.39355 -165.48074
14970.08887 -165.50021
14972.78418 -164.94225
14975.48047 -165.20958
14978.16992 -165.50215
14980.86719 -165.80347
14983.54883 -165.53307
14986.23828 -165.37460
14988.93652 -165.52362
14991.62012 -165.60217
14994.32031 -165.30016
14997.00293 -165.52188
14999.70312 -165.28374
15002.38867 -165.85132
15005.08203 -164.10648
15007.77539 -165.82372
15010.47852 -165.70720
15013.16504 -165.04259
15015.85156 -165.35872
15018.54883 -165.33708
15021.23633 -166.12296
15023.92480 -165.27803
15026.62207 -164.73296
15029.31152 -165.37889
15032.00195 -165.56348
15034.69922 -165.50829
15037.39160 -165.17516
15040.08301 -165.73685
15042.77441 -165.89653
15045.46777 -165.86320
15048.16016 -166.49713
15050.85352 -165.20073
15053.54688 -165.38747
15056.23242 -165.42160
15058.92773 -165.55669
15061.61523 -165.83704
15064.31055 -165.77065
15066.99805 -165.44322
15069.69629 -165.28279
15072.38379 -165.32527
15075.07324 -165.50591
15077.77246 -165.53886
15080.46289 -165.21687
15083.15332 -165.86891
15085.84473 -165.86464
15088.53613 -165.43527
15091.22949 -165.38084
15093.92188 -165.43526
15096.62305 -165.65965
15099.30859 -165.57155
15101.99414 -165.61459
15104.68848 -165.91676
15107.38379 -165.71669
15110.08008 -165.50507
15112.76855 -165.78284
15115.45703 -165.73372
15118.14453 -165.83012
15120.84180 -166.09077
15123.53320 -164.73079
15126.22266 -165.62396
15128.91406 -165.45763
15131.60547 -165.11172
15134.29688 -165.28355
15136.99707 -165.48479
15139.68164 -165.83916
15142.37402 -165.27480
15145.06836 -165.44804
15147.76270 -164.98624
15150.44824 -165.54416
15153.14355 -165.52254
15155.83887 -164.45724
15158.52637 -165.73253
15161.21484 -166.09396
15163.91113 -165.92456
15166.60938 -165.79579
15169.29785 -165.46538
15171.98047 -165.69829
15174.67871 -165.64188
15177.37793 -165.47433
15180.06250 -165.77220
15182.75391 -165.16127
15185.45410 -165.60844
15188.13867 -164.92921
15190.83203 -165.90727
15193.52637 -165.48911
15196.22070 -165.69398
15198.90723 -164.87624
15201.59375 -165.21245
15204.29785 -165.90628
15206.98633 -165.41278
15209.67383 -165.49049
15212.36328 -165.46786
15215.06934 -165.47035
15217.75195 -165.21640
15220.44922 -165.80423
15223.14062 -165.95502
15225.82227 -165.47847
15228.52344 -165.35646
15231.21582 -165.85687
15233.90039 -165.53223
15236.60156 -165.07361
15239.28711 -165.68869
15241.98145 -166.78590
15244.67578 -165.61914
15247.36230 -165.58624
15250.05762 -165.19710
15252.74512 -165.16205
15255.44141 -165.22696
15258.12988 -165.75220
15260.82812 -165.41354
15263.51660 -165.80237
15266.20703 -165.21230
15268.89746 -165.84868
15271.58789 -165.24266
15274.27930 -165.46320
15276.97168 -165.01180
15279.66406 -165.08943
15282.35742 -165.76492
15285.04980 -164.43257
15287.74414 -165.57712
15290.42969 -165.47797
15293.12500 -164.96732
15295.82031 -165.91946
15298.51562 -165.22192
15301.21191 -165.58577
15303.89160 -165.64363
15306.58105 -164.88078
15309.27832 -165.42128
15311.96777 -165.39555
15314.66699 -165.34119
15317.35742 -165.48897
15320.04883 -165.50548
15322.73926 -165.42186
15325.43164 -165.41263
15328.12402 -165.73274
15330.80957 -165.89886
15333.51074 -165.19173
15336.19629 -165.18842
15338.89062 -165.82768
15341.58594 -165.86859
15344.27246 -165.43753
15346.96777 -165.58238
15349.65625 -165.91362
15352.34473 -165.61076
15355.04980 -165.54286
15357.73047 -165.33972
15360.42969 -165.54193
15363.11914 -165.77666
15365.81055 -165.74643
15368.50098 -165.66895
15371.20117 -165.96524
15373.89258 -165.88565
15376.57715 -165.92574
15379.26953 -166.00702
15381.96387 -165.48236
15384.64941 -166.05817
15387.34375 -165.85330
15390.03906 -165.56500
15392.73438 -165.83864
15395.42188 -165.67314
15398.11719 -165.53223
15400.80664 -165.59360
15403.49512 -165.11943
15406.19238 -165.75749
15408.88281 -165.45491
15411.57324 -165.47874
15414.27246 -165.10634
15416.96387 -165.63916
15419.64746 -166.16547
15422.33887 -165.77434
15425.03125 -166.32335
15427.72461 -165.60689
15430.41895 -165.74324
15433.11133 -165.96825
15435.80664 -164.90517
15438.49414 -166.02431
15441.18066 -166.10687
15443.87598 -165.81160
15446.56348 -165.23561
15449.25977 -165.16406
15451.95801 -165.49110
15454.64746 -165.87350
15457.34473 -167.21838
15460.03516 -166.11801
15462.72559 -165.29813
15465.40918 -165.88678
15468.10938 -166.21820
15470.80078 -165.68303
15473.49414 -165.53877
15476.18652 -165.80450
15478.87207 -165.23254
15481.56641 -166.11134
15484.25977 -165.63977
15486.94727 -165.42709
15489.64258 -165.53008
15492.32910 -165.50450
15495.02539 -165.87115
15497.72266 -165.70828
15500.40234 -166.30748
15503.10059 -166.12817
15505.79004 -166.19614
15508.48828 -166.01981
15511.17969 -165.79445
15513.87109 -165.40857
15516.55273 -164.92711
15519.25391 -165.65402
15521.94531 -166.74713
15524.63086 -165.68567
15527.33301 -165.28194
15530.02734 -165.40671
15532.71289 -165.85471
15535.40820 -165.69739
15538.09473 -165.09267
15540.79004 -165.88571
15543.47754 -167.46030
15546.17383 -165.98347
15548.87109 -165.97789
15551.56055 -165.72520
15554.24902 -165.57510
15556.93945 -165.42876
15559.63867 -165.90506
15562.33008 -165.55176
15565.02051 -165.72884
15567.70410 -165.98195
15570.39648 -165.21341
15573.08984 -165.86620
15575.78223 -165.81863
15578.47656 -165.76280
15581.17090 -165.33130
15583.85742 -165.12814
15586.56055 -165.60568
15589.24805 -165.67261
15591.93457 -165.58072
15594.63086 -166.27922
15597.32031 -166.13376
15600.01758 -165.94783
15602.70605 -165.88333
15605.39648 -165.39058
15608.08691 -168.91843
15610.77734 -165.44682
15613.47754 -165.71875
15616.16992 -166.08243
15618.86133 -165.58205
15621.54492 -165.84341
15624.23828 -165.89230
15626.93262 -165.91264
15629.62695 -165.46497
15632.32031 -165.53671
15635.00586 -165.66960
15637.69336 -165.32327
15640.38965 -165.65309
15643.08594 -165.76773
15645.77344 -165.68665
15648.47070 -165.57819
15651.16016 -165.79797
15653.84961 -165.69368
15656.54785 -165.60266
15659.23926 -165.56177
15661.92969 -165.69106
15664.62109 -165.69817
15667.32227 -165.40849
15670.00586 -165.72180
15672.69727 -166.06461
15675.38281 -165.87592
15678.08594 -165.69513
15680.77148 -165.35262
15683.46582 -165.37842
15686.15234 -165.65172
15688.85645 -165.65323
15691.54395 -165.60919
15694.23242 -164.95844
15696.92871 -165.34233
15699.61816 -165.45226
15702.30664 -165.41261
15705.00488 -165.44336
15707.69531 -165.56325
15710.38574 -165.34758
15713.07715 -165.80653
15715.76953 -165.65125
15718.46094 -165.59834
15721.15332 -166.30351
15723.84668 -165.37642
15726.53125 -165.37294
15729.22461 -165.42859
15731.91895 -166.08870
15734.61426 -165.61307
15737.30957 -168.24402
15739.99609 -165.72354
15742.69336 -165.54791
15745.38965 -165.62659
15748.06836 -165.36357
15750.76660 -165.36024
15753.45605 -165.57474
15756.14648 -165.58072
15758.84570 -164.47095
15761.53516 -165.39857
15764.22754 -165.64275
15766.91895 -165.53903
15769.60156 -165.53836
15772.29492 -165.83456
15774.99609 -165.52528
15777.69043 -166.10750
15780.38477 -166.61935
15783.06152 -166.18628
15785.75586 -165.92906
15788.45117 -166.07297
15791.14746 -165.79036
15793.82617 -165.96912
15796.52344 -165.18826
15799.21973 -165.83621
15801.91797 -166.85210
15804.59863 -165.60640
15807.29688 -165.57332
15809.98828 -165.83493
15812.67773 -165.42345
15815.37012 -165.91539
15818.06152 -165.81276
15820.76270 -166.09720
15823.44629 -166.13612
15826.13867 -165.76320
15828.82422 -166.05762
15831.52734 -165.92404
15834.22070 -165.75644
15836.90820 -165.86465
15839.59473 -165.73219
15842.29883 -165.68703
15844.97852 -166.33594
15847.67480 -165.50772
15850.36328 -165.50787
15853.06152 -165.56934
15855.75977 -166.12950
15858.43945 -165.67996
15861.14062 -166.24806
15863.83008 -165.59386
15866.52246 -164.17374
15869.20410 -165.95079
15871.90527 -165.27013
15874.59863 -166.22723
15877.29102 -165.87881
15879.97559 -165.90056
15882.66992 -165.89442
15885.36523 -165.99425
15888.05859 -164.58174
15890.74609 -165.72984
15893.44238 -165.81004
15896.12891 -165.59244
15898.81738 -165.05045
15901.51465 -165.79164
15904.20410 -166.02344
15906.90234 -165.65700
15909.59180 -165.40080
15912.28320 -166.00537
15914.97266 -165.60132
15917.66406 -166.04054
15920.35645 -165.74319
15923.04785 -165.74260
15925.74121 -165.68347
15928.43359 -165.74808
15931.12695 -165.97357
15933.82031 -166.17795
15936.50586 -165.84351
15939.20996 -165.58875
15941.89648 -165.80678
15944.58398 -166.20155
15947.28027 -165.85774
15949.97656 -165.74445
15952.66504 -165.42496
15955.34570 -166.00835
15958.04297 -165.74611
15960.74219 -165.65912
15963.43262 -165.62483
15966.12305 -165.32750
15968.81348 -165.50632
15971.49609 -165.89885
15974.19727 -166.02689
15976.88965 -165.24931
15979.58203 -166.05246
15982.27637 -165.31458
15984.96094 -165.23715
15987.65527 -166.09991
15990.35059 -165.56612
15993.04590 -165.58969
15995.73242 -166.13875
15998.42773 -165.73952
16001.11523 -165.62308
16003.81348 -165.55560
16006.49316 -165.48567
16009.19043 -165.38612
16011.87988 -165.76082
16014.57031 -165.55287
16017.26953 -166.73817
16019.96094 -165.73807
16022.66113 -165.76495
16025.35254 -165.82138
16028.03613 -166.99170
16030.72070 -165.61333
16033.43164 -165.83124
16036.11523 -166.13393
16038.80957 -167.19695
16041.50391 -166.30666
16044.19922 -165.49585
16046.87695 -165.33086
16049.57227 -166.15839
16052.26074 -165.69011
16054.95703 -165.73724
16057.64551 -166.00203
16060.34277 -166.49741
16063.03320 -165.92891
16065.73145 -165.60245
16068.42188 -166.36987
16071.11230 -166.08359
16073.80371 -165.17775
16076.49512 -165.94443
16079.18750 -165.33864
16081.87988 -166.01642
16084.57227 -165.49179
16087.26562 -165.47641
16089.95996 -165.99687
16092.64551 -166.23579
16095.34082 -166.10907
16098.02637 -165.73380
16100.72266 -165.84203
16103.40918 -165.78535
16106.10547 -165.66022
16108.80371 -165.65163
16111.49219 -166.35329
16114.18066 -165.67139
16116.87012 -165.39169
16119.56934 -165.65588
16122.25977 -165.34930
16124.95020 -164.54175
16127.64160 -165.85774
16130.33301 -166.00354
16133.02637 -165.80673
16135.70898 -165.92000
16138.41211 -165.30728
16141.10449 -166.30540
16143.79004 -165.58669
16146.48438 -165.12468
16149.17969 -166.41457
16151.86621 -166.00180
16154.56152 -166.10020
16157.25000 -166.24100
16159.94629 -165.84372
16162.64258 -165.75789
16165.32324 -165.59671
16168.02148 -165.40208
16170.71094 -165.55939
16173.40918 -165.20876
16176.09961 -165.34946
16178.79102 -165.75362
16181.48242 -165.81067
16184.16504 -165.88728
16186.86621 -166.08374
16189.55078 -166.29047
16192.25195 -165.99782
16194.93750 -166.48166
16197.63184 -166.10078
16200.31738 -165.79503
16203.02148 -165.70525
16205.70801 -166.15280
16208.40332 -166.01834
16211.09180 -165.39830
16213.77930 -165.80057
16216.47559 -166.12627
16219.16504 -165.52335
16221.86328 -166.41829
16224.55176 -166.06450
16227.24219 -165.75899
16229.93262 -166.26311
16232.62500 -166.67216
16235.32422 -165.75244
16238.01660 -165.99921
16240.69922 -165.86966
16243.40234 -165.57423
16246.08594 -165.73701
16248.78906 -166.27406
16251.47363 -165.43294
16254.15918 -165.57312
16256.85449 -165.36192
16259.54980 -165.98753
16262.23730 -165.59424
16264.92383 -165.72618
16267.62109 -165.30333
16270.31055 -165.67285
16273.00781 -165.88547
16275.69727 -165.46992
16278.39453 -165.59781
16281.08496 -165.89157
16283.77539 -165.50073
16286.46680 -165.74467
16289.16797 -165.69576
16291.85059 -165.42978
16294.54199 -165.95856
16297.23535 -166.41104
16299.92773 -166.09621
16302.62207 -166.13264
16305.31641 -165.59767
16308.00977 -164.29163
16310.69727 -166.09642
16313.39258 -165.45599
16316.07910 -165.88269
16318.76758 -166.64851
16321.47266 -166.05153
16324.16016 -165.83545
16326.84961 -165.64383
16329.53906 -165.75233
16332.23730 -165.67697
16334.92676 -165.83116
16337.61719 -165.62289
16340.30859 -164.41258
16342.99902 -165.85446
16345.69238 -166.17374
16348.38379 -166.31560
16351.07617 -165.60097
16353.76074 -165.78583
16356.46387 -166.36685
16359.14844 -165.97220
16361.84375 -167.27483
16364.53711 -165.88281
16367.22461 -166.01678
16369.91992 -166.19348
16372.60742 -166.48763
16375.30371 -165.90500
16377.99219 -165.81088
16380.68945 -165.59314
16383.37891 -167.23584
16386.07617 -166.16853
16388.76758 -166.44388
16391.45703 -165.59819
16394.14844 -165.70288
16396.83008 -165.60760
16399.53125 -166.27081
16402.22266 -166.17505
16404.91602 -166.48888
16407.60938 -165.74870
16410.30078 -165.91734
16412.99609 -166.35811
16415.68164 -165.67105
16418.37695 -165.96832
16421.07227 -165.89952
16423.75781 -165.64981
16426.45312 -165.42345
16429.14258 -166.02049
16431.83789 -165.82695
16434.52734 -166.13867
16437.22461 -166.48488
16439.91406 -166.10004
16442.59570 -165.62408
16445.29492 -166.28508
16447.98438 -166.12093
16450.67578 -165.86848
16453.36719 -165.79205
16456.06836 -165.90440
16458.75195 -166.03848
16461.44336 -166.22954
16464.13672 -165.50677
16466.83203 -166.14610
16469.51562 -165.68822
16472.21094 -165.69241
16474.91406 -165.81955
16477.59180 -166.30188
16480.28906 -165.04594
16482.98438 -166.03018
16485.67188 -166.27551
16488.36914 -165.85902
16491.05859 -166.18636
16493.74609 -165.63388
16496.44531 -166.20978
16499.12500 -165.63455
16501.82617 -165.99873
16504.52539 -165.85417
16507.20898 -166.54724
16509.90039 -166.47406
16512.59961 -165.71257
16515.28516 -165.57690
16517.97656 -166.06949
16520.66992 -165.79532
16523.36328 -166.53067
16526.05078 -166.05077
16528.74414 -165.99680
16531.43945 -165.75999
16534.12500 -167.00043
16536.82227 -165.65880
16539.51953 -165.96259
16542.20508 -165.77434
16544.89453 -166.73831
16547.59375 -165.74301
16550.28125 -165.67084
16552.97070 -165.69489
16555.66211 -165.93007
16558.36133 -166.08643
16561.05273 -165.56944
16563.74219 -165.91098
16566.42578 -165.70096
16569.12695 -165.81535
16571.82031 -166.52524
16574.51367 -166.19760
16577.20703 -166.66330
16579.89062 -165.97861
16582.58594 -166.40533
16585.27148 -165.59593
16587.96680 -166.42625
16590.66211 -166.27275
16593.34961 -166.11023
16596.03711 -166.12064
16598.74219 -165.78616
16601.42188 -166.02644
16604.11914 -166.08208
16606.80859 -165.47638
16609.50781 -166.03427
16612.19922 -166.29021
16614.88867 -165.58076
16617.58008 -165.62410
16620.28125 -166.14760
16622.96484 -165.73729
16625.65625 -165.61832
16628.34766 -166.11917
16631.04102 -166.16455
16633.73438 -165.31163
16636.42969 -166.44980
16639.11523 -166.44566
16641.80859 -166.03026
16644.49609 -165.81018
16647.20117 -165.64754
16649.88672 -165.94435
16652.57422 -166.24080
16655.27148 -165.93695
16657.96094 -165.75778
16660.65820 -166.00276
16663.33789 -165.78661
16666.02734 -165.95859
16668.73633 -165.53441
16671.42773 -165.51204
16674.11914 -166.31224
16676.80859 -165.35062
16679.49219 -166.39590
16682.19336 -166.14549
16684.87695 -165.69930
16687.57031 -165.66922
16690.26367 -165.75758
16692.95703 -165.99400
16695.65234 -165.39476
16698.33789 -165.68483
16701.03320 -165.74976
16703.72070 -166.09695
16706.41602 -166.05341
16709.10352 -166.14331
16711.80078 -166.29077
16714.49805 -166.82545
16717.17773 -166.33615
16719.87695 -166.41891
16722.57617 -165.50589
16725.25586 -165.69101
16727.95508 -167.04964
16730.63672 -166.11192
16733.33789 -166.18013
16736.03125 -166.30428
16738.71289 -166.20059
16741.41406 -166.10529
16744.10742 -165.90451
16746.80078 -166.30925
16749.48633 -165.69965
16752.17969 -165.92020
16754.86523 -166.09103
16757.56055 -165.61691
16760.25586 -164.92705
16762.95312 -165.99721
16765.64062 -165.84892
16768.33789 -166.18817
16771.02539 -166.40602
16773.71484 -165.89793
16776.41211 -165.70451
16779.10156 -165.89876
16781.79297 -165.99896
16784.48242 -165.80667
16787.17188 -165.65796
16789.87305 -166.14015
16792.55664 -166.39195
16795.24805 -166.00742
16797.94141 -165.89168
16800.63281 -166.38055
16803.32617 -166.34354
16806.01953 -165.82050
16808.71484 -166.11008
16811.40039 -165.45709
16814.09570 -166.23575
16816.79102 -166.07573
16819.47656 -165.81451
16822.17383 -165.59026
16824.86133 -165.70532
16827.55078 -166.03487
16830.24805 -165.42319
16832.94531 -165.78307
16835.62695 -166.54984
16838.32422 -165.49388
16841.01562 -165.64107
16843.70703 -165.76564
16846.40625 -164.77943
16849.08789 -166.09184
16851.77930 -165.76688
16854.47266 -166.46844
16857.16602 -166.78209
16859.85938 -166.29268
16862.55273 -166.12590
16865.23633 -166.23438
16867.93164 -164.71416
16870.63672 -165.82686
16873.31250 -166.18875
16876.01758 -165.71692
16878.70508 -166.30627
16881.40234 -165.92189
16884.08789 -165.77385
16886.78516 -165.92142
16889.47461 -165.84309
16892.15430 -166.03735
16894.85352 -166.19112
16897.55273 -166.10422
16900.24219 -166.42059
16902.93359 -165.89897
16905.62500 -166.35342
16908.31641 -166.35901
16911.00000 -166.56531
16913.70117 -165.71989
16916.39453 -165.88777
16919.08789 -166.07835
16921.77344 -165.20747
16924.46680 -166.03212
16927.16016 -166.30806
16929.84766 -166.05118
16932.54297 -166.25636
16935.23828 -165.73418
16937.92578 -165.68536
16940.61328 -166.56851
16943.31836 -165.39928
16946.00781 -166.46919
16948.69531 -166.54913
16951.38477 -166.32701
16954.08398 -165.40266
16956.77539 -166.18565
16959.46484 -166.30655
16962.15625 -166.38400
16964.84766 -166.48274
16967.53906 -165.74168
16970.23242 -165.89873
16972.92383 -165.39937
16975.61719 -166.59833
16978.31055 -166.06383
16980.99414 -165.92433
16983.69922 -165.95648
16986.38477 -166.79027
16989.07031 -166.50484
16991.76562 -165.86824
16994.46094 -166.44957
16997.14844 -166.58318
16999.83594 -166.07480
17002.53516 -166.08066
17005.22266 -165.86311
17007.91992 -166.89275
17010.60938 -165.80473
17013.29883 -166.16020
17015.99805 -166.42241
17018.67969 -166.82536
17021.37109 -165.93378
17024.07227 -166.33986
17026.76367 -166.39128
17029.45508 -166.67976
17032.14844 -166.15256
17034.84180 -166.31523
17037.52539 -166.04366
17040.23047 -166.13206
17042.91406 -165.83270
17045.60938 -165.67032
17048.29492 -166.43918
17050.99023 -165.10260
17053.67578 -166.20264
17056.37305 -165.69276
17059.06055 -166.50996
17061.75977 -166.25854
17064.44727 -165.88306
17067.14453 -165.61813
17069.83398 -165.68488
17072.53320 -166.59274
17075.21289 -166.37227
17077.91406 -166.28867
17080.60547 -166.36464
17083.29688 -165.91890
17085.98828 -166.06458
17088.67969 -165.90508
17091.36328 -166.10663
17094.05664 -166.25685
17096.75000 -166.24751
17099.44531 -165.85291
17102.13867 -165.85638
17104.83203 -166.68243
17107.52734 -166.18161
17110.21484 -165.96823
17112.90234 -166.19574
17115.58789 -164.81383
17118.28516 -166.05347
17120.98242 -165.99411
17123.67969 -166.59210
17126.36914 -166.38171
17129.05859 -166.09369
17131.74805 -165.91251
17134.43750 -166.09404
17137.13672 -165.39008
17139.82031 -166.76111
17142.51172 -165.99515
17145.21289 -165.89865
17147.90430 -167.18767
17150.58789 -165.96599
17153.27930 -166.49806
17155.97461 -165.93918
17158.66797 -165.75389
17161.35156 -165.83424
17164.04688 -166.19855
17166.74219 -166.05576
17169.43750 -166.82489
17172.13281 -165.54945
17174.83008 -166.05046
17177.50781 -165.95784
17180.20508 -166.16039
17182.90234 -166.82187
17185.58203 -165.96132
17188.27930 -166.06779
17190.97852 -165.55247
17193.66016 -165.95607
17196.35938 -165.87051
17199.05078 -165.87796
17201.74219 -165.87650
17204.43164 -166.58328
17207.11523 -166.16180
17209.81641 -166.27898
17212.50195 -167.50693
17215.19336 -165.78539
17217.88867 -166.24236
17220.58203 -166.53549
17223.27734 -165.71146
17225.97266 -166.34636
17228.66797 -166.43205
17231.35156 -166.37753
17234.04883 -166.98094
17236.73633 -166.06708
17239.43359 -165.95500
17242.11133 -166.27065
17244.82031 -166.27269
17247.49805 -166.21210
17250.19727 -165.69809
17252.88672 -165.78391
17255.58789 -164.36635
17258.26758 -165.46860
17260.96875 -166.25310
17263.66016 -166.31441
17266.34180 -165.71414
17269.04297 -166.75581
17271.73633 -165.76561
17274.42969 -166.14255
17277.11328 -164.81624
17279.80664 -166.14920
17282.50195 -165.61002
17285.19727 -165.69566
17287.88281 -166.22282
17290.57812 -165.87956
17293.26367 -166.54582
17295.96094 -166.08743
17298.65625 -167.34993
17301.33594 -165.91406
17304.03320 -165.88458
17306.73047 -166.49873
17309.41992 -166.29846
17312.11914 -166.43846
17314.80078 -166.16226
17317.48828 -165.78787
17320.17969 -165.65933
17322.88086 -165.98718
17325.57227 -165.78006
17328.26367 -166.04085
17330.94727 -166.35260
17333.65039 -166.48914
17336.34375 -166.03461
17339.03516 -166.29036
17341.72070 -165.68468
17344.42578 -166.29587
17347.10938 -166.49518
17349.79688 -166.49878
17352.49219 -165.87129
17355.17773 -166.44965
17357.87500 -166.26247
17360.57031 -166.04832
17363.25977 -166.20512
17365.94727 -166.16451
17368.63672 -165.84702
17371.33594 -166.62128
17374.03516 -165.82011
17376.72266 -166.32324
17379.41406 -166.10660
17382.10547 -166.23067
17384.79688 -165.71922
17387.48828 -165.96159
17390.17969 -166.27463
17392.86328 -166.16896
17395.56445 -165.76074
17398.24805 -165.96512
17400.95312 -166.30244
17403.63672 -166.49132
17406.33008 -166.36508
17409.02539 -166.29626
17411.71094 -166.16367
17414.40625 -165.68381
17417.09375 -166.12981
17419.78906 -166.22968
17422.48828 -165.65787
17425.17578 -166.21255
17427.87305 -165.32507
17430.56250 -166.56364
17433.25000 -166.36420
17435.93945 -166.27577
17438.64062 -165.38503
17441.33008 -166.25179
17444.02148 -166.44748
17446.71289 -165.81870
17449.40430 -167.51982
17452.09570 -166.12639
17454.77930 -165.93594
17457.47266 -166.55920
17460.16406 -165.69717
17462.86914 -166.08995
17465.55273 -166.09685
17468.24609 -166.11241
17470.93359 -164.93915
17473.62891 -165.99159
17476.32422 -166.67950
17479.00977 -166.31796
17481.69727 -166.59830
17484.39453 -166.15779
17487.09180 -166.33138
17489.77930 -166.62022
17492.47852 -166.12643
17495.17773 -166.39751
17497.85547 -166.25159
17500.54492 -166.31311
17503.23633 -166.07085
17505.93555 -166.20677
17508.62891 -166.34276
17511.32031 -166.76651
17514.01172 -166.28522
17516.70312 -166.98502
17519.39648 -165.71074
17522.08008 -165.56157
17524.77344 -166.42575
17527.46875 -166.12646
17530.16211 -166.05559
17532.84766 -165.81871
17535.54297 -166.52588
17538.23828 -166.46864
17540.92578 -166.15216
17543.62109 -166.42224
17546.31836 -166.04889
17548.99609 -165.49477
17551.69531 -166.51671
17554.39258 -166.18039
17557.08203 -165.08897
17559.76953 -165.71179
17562.46875 -165.75166
17565.16016 -166.00386
17567.84961 -166.49216
17570.54297 -166.21884
17573.23242 -166.31375
17575.92578 -166.17392
17578.61719 -166.62656
17581.31055 -166.18047
17584.00195 -165.96632
17586.68750 -166.29436
17589.37891 -166.19780
17592.07422 -166.38651
17594.76953 -166.45139
17597.46484 -165.61476
17600.15039 -165.25583
17602.85547 -166.21362
17605.53320 -166.09177
17608.23047 -166.14368
17610.91602 -165.79526
17613.61523 -166.59250
17616.30273 -166.02739
17619.00195 -166.52222
17621.68164 -166.62465
17624.39062 -166.49057
17627.07031 -165.97314
17629.76953 -166.17072
17632.45117 -166.37445
17635.14258 -165.99518
17637.83398 -166.14371
17640.53516 -166.64464
17643.22852 -164.87659
17645.92188 -165.86307
17648.61523 -166.01884
17651.29883 -166.52345
17653.99219 -166.34473
17656.68750 -166.19473
17659.37305 -166.03351
17662.06836 -166.66862
17664.76367 -167.41901
17667.45898 -166.28156
17670.14648 -165.82239
17672.83398 -166.33943
17675.53125 -165.97961
17678.21875 -166.19713
17680.91602 -166.20462
17683.60547 -166.29918
17686.29492 -166.66766
17688.98438 -166.43065
17691.68359 -166.52434
17694.37500 -166.22060
17697.06641 -166.24843
17699.74805 -166.00922
17702.44922 -166.37920
17705.14062 -166.56725
17707.82422 -167.98653
17710.52734 -166.09546
17713.22070 -166.53813
17715.90430 -166.26534
17718.59766 -166.12099
17721.28516 -166.56671
17723.98828 -166.61552
17726.67383 -166.25728
17729.37109 -166.87120
17732.05664 -166.10832
17734.75391 -166.35442
17737.43945 -166.19434
17740.13867 -166.04204
17742.82617 -166.54042
17745.51562 -165.83005
17748.21289 -166.42116
17750.90234 -166.29558
17753.59180 -166.41403
17756.29297 -166.08342
17758.98242 -166.23239
17761.67383 -166.29706
17764.35547 -166.58890
17767.04688 -166.15866
17769.75000 -165.77037
17772.44336 -164.74757
17775.12500 -166.07123
17777.82812 -166.42700
17780.51172 -165.89229
17783.20703 -165.95639
17785.89258 -166.28342
17788.58789 -166.52101
17791.28320 -166.35959
17793.96875 -166.27173
17796.66406 -166.61046
17799.36133 -166.06628
17802.04883 -166.46263
17804.73828 -165.99915
17807.43555 -166.25604
17810.12305 -166.85045
17812.81250 -166.66566
17815.51172 -166.87059
17818.21094 -165.93074
17820.90039 -166.61282
17823.59180 -166.32036
17826.27344 -166.11551
17828.96484 -166.03868
17831.65625 -165.87233
17834.34961 -166.58243
17837.05078 -165.75934
17839.73438 -166.03711
17842.43750 -165.99220
17845.12109 -165.95226
17847.81641 -166.39143
17850.50977 -166.57884
17853.20508 -165.90263
17855.89062 -165.87965
17858.58789 -165.34988
17861.27344 -166.27576
17863.96094 -166.15474
17866.65820 -166.37784
17869.34570 -165.99377
17872.04297 -166.30499
17874.74219 -166.33032
17877.42969 -166.22044
17880.11914 -166.38303
17882.81055 -166.14120
17885.50000 -166.44031
17888.20117 -166.28006
17890.89062 -166.53848
17893.58203 -166.64886
17896.26562 -166.12587
17898.96680 -166.32957
17901.65820 -165.22029
17904.35156 -166.38411
17907.03516 -166.25310
17909.72852 -166.05116
17912.42383 -165.87912
17915.11914 -166.03334
17917.80469 -166.04439
17920.50000 -166.92020
17923.18555 -165.77873
17925.88086 -166.36975
17928.56836 -166.36989
17931.26562 -166.90047
17933.96289 -165.76556
17936.65039 -165.69241
17939.33789 -166.06833
17942.03711 -166.02914
17944.72656 -166.91283
17947.41602 -166.36417
17950.11523 -165.72104
17952.79688 -166.58031
17955.49609 -165.84549
17958.18750 -166.72595
17960.88086 -165.77788
17963.57227 -166.32831
17966.26562 -166.10385
17968.94727 -166.47549
17971.64062 -166.51021
17974.33398 -165.54506
17977.02930 -166.12508
17979.73242 -165.92601
17982.40625 -165.98099
17985.10156 -166.62932
17987.78906 -165.93460
17990.49414 -166.79253
17993.18164 -165.96274
17995.87695 -166.13602
17998.55664 -166.42155
18001.25391 -166.32565
18003.96094 -166.39389
18006.63867 -166.08521
18009.33789 -168.13763
18012.02930 -166.06572
18014.70898 -166.48088
18017.40820 -166.28181
18020.10938 -165.94756
18022.78906 -166.15256
18025.49023 -165.69052
18028.18164 -166.36884
18030.86523 -166.32468
18033.55859 -166.55820
18036.25195 -166.04591
18038.94336 -166.61946
18041.63867 -166.04607
18044.33203 -166.33696
18047.02734 -166.15675
18049.72266 -166.32632
18052.40625 -165.52301
18055.09375 -166.42851
18057.79883 -165.69243
18060.47656 -166.32428
18063.17383 -165.76468
18065.86133 -166.08244
18068.55859 -166.40742
18071.24805 -166.22098
18073.94531 -167.32065
18076.63477 -166.90253
18079.32422 -166.47693
18082.02344 -166.33565
18084.71484 -166.24638
18087.40430 -166.65215
18090.09570 -166.42004
18092.78906 -166.28752
18095.47070 -166.42322
18098.17188 -166.45999
18100.86523 -166.13828
18103.55859 -165.70969
18106.24219 -166.81511
18108.93555 -165.79474
18111.62891 -166.25687
18114.32422 -166.86433
18117.00977 -166.77008
18119.70508 -165.81152
18122.39062 -165.82979
18125.08789 -166.04828
18127.77539 -166.89137
18130.47070 -166.23038
18133.16016 -166.68654
18135.85742 -166.12877
18138.54492 -166.65396
18141.24414 -166.59274
18143.93359 -166.58490
18146.62305 -166.52637
18149.31250 -166.91679
18152.00391 -166.08403
18154.69336 -166.79172
18157.39453 -166.13533
18160.08594 -166.47803
18162.77734 -166.01074
18165.47070 -165.80302
18168.16406 -166.15396
18170.84766 -166.02043
18173.53906 -166.34052
18176.23438 -166.34700
18178.91797 -166.35255
18181.62305 -166.78067
18184.30859 -166.36514
18187.00391 -166.17111
18189.69922 -166.42068
18192.38672 -166.51920
18195.08203 -165.78934
18197.77148 -166.70422
18200.45703 -166.66174
18203.15625 -166.31645
18205.84375 -166.21048
18208.54297 -166.37364
18211.22266 -166.77580
18213.92188 -166.36911
18216.61133 -166.29501
18219.30078 -166.38399
18221.99414 -166.72325
18224.69336 -166.24702
18227.38477 -166.47795
18230.06641 -165.87975
18232.76953 -166.31158
18235.46289 -165.98848
18238.14648 -166.46715
18240.84961 -165.64511
18243.53320 -166.25938
18246.22852 -166.87079
18248.92188 -166.47415
18251.60742 -166.00735
18254.31250 -166.04436
18256.99805 -166.31458
18259.68555 -166.40016
18262.37109 -166.74060
18265.06836 -165.81610
18267.75586 -168.11871
18270.45312 -166.53734
18273.15234 -166.29356
18275.84180 -166.28795
18278.53125 -167.37448
18281.21875 -166.32458
18283.91992 -166.86349
18286.60938 -166.43956
18289.30078 -166.39059
18291.99023 -166.68277
18294.69141 -166.36247
18297.37500 -166.83144
18300.06641 -166.47389
18302.75977 -166.16461
18305.45312 -166.39371
18308.14648 -166.38499
18310.83008 -167.65495
18313.52344 -165.94427
18316.21875 -166.30872
18318.91406 -166.00476
18321.59961 -166.06372
18324.29492 -166.25429
18326.98047 -166.61829
18329.67773 -166.29556
18332.36523 -165.93777
18335.06055 -166.75476
18337.75977 -166.20003
18340.44727 -165.86432
18343.13672 -166.10333
18345.82422 -165.46269
18348.52344 -166.67122
18351.21289 -165.89804
18353.90430 -166.36842
18356.60352 -166.21248
18359.29492 -167.06113
18361.98633 -167.01865
18364.67773 -166.03743
18367.37109 -166.37820
18370.06250 -166.19379
18372.74609 -165.69891
18375.43750 -165.35999
18378.13281 -165.96350
18380.82617 -166.19843
18383.51953 -166.97250
18386.20703 -166.80368
18388.90039 -166.67255
18391.59766 -166.38977
18394.28125 -166.94673
18396.97852 -166.33124
18399.66602 -166.42328
18402.36133 -166.35063
18405.06055 -165.85835
18407.74805 -166.40532
18410.44727 -166.40970
18413.13477 -166.09570
18415.82422 -166.02187
18418.51367 -166.35130
18421.20312 -166.60699
18423.90430 -166.26628
18426.59375 -165.90527
18429.28516 -166.86121
18431.97656 -165.78319
18434.66797 -166.50635
18437.36133 -166.68741
18440.04297 -166.01596
18442.74609 -166.25121
18445.42969 -166.24585
18448.13281 -166.15475
18450.81641 -167.08595
18453.52148 -166.56023
18456.20703 -166.35712
18458.89062 -166.51227
18461.58789 -167.31487
18464.27344 -166.55794
18466.98047 -166.36339
18469.65625 -166.61743
18472.35352 -165.57327
18475.05078 -165.98007
18477.73828 -166.56476
18480.43750 -166.42274
18483.11719 -166.03394
18485.81641 -166.96799
18488.50586 -166.20197
18491.19531 -166.42233
18493.89453 -166.06505
18496.58594 -166.45703
18499.27734 -166.49471
18501.95898 -166.55978
18504.66016 -167.00143
18507.34180 -166.26060
18510.03516 -166.10603
18512.73828 -166.47742
18515.42188 -165.79662
18518.11719 -166.31323
18520.81055 -166.28748
18523.50391 -165.86737
18526.18945 -166.54561
18528.88477 -166.24623
18531.58008 -166.85597
18534.26562 -166.12889
18536.96289 -167.41620
18539.65039 -166.02733
18542.33789 -166.14055
18545.03516 -166.22174
18547.73242 -165.22914
18550.42188 -166.20003
18553.10938 -166.55255
18555.80859 -166.93732
18558.49805 -166.99548
18561.18945 -167.06573
18563.87891 -166.31963
18566.57031 -165.79970
18569.25977 -166.10420
18571.95117 -166.60252
18574.64453 -165.98549
18577.33594 -166.25391
18580.02930 -166.95221
18582.72266 -165.94615
18585.41406 -166.19122
18588.11914 -166.45398
18590.80273 -166.50856
18593.49805 -166.09483
18596.19336 -166.65546
18598.87891 -166.34486
18601.57422 -165.35637
18604.25977 -166.15254
18606.95508 -166.28867
18609.64258 -166.32784
18612.33008 -166.90045
18615.02734 -166.37201
18617.72656 -166.53912
18620.41406 -166.39554
18623.10156 -165.86229
18625.80273 -166.02412
18628.49219 -166.08957
18631.19141 -166.57233
18633.87109 -166.60896
18636.56055 -166.24272
18639.25391 -166.53079
18641.95508 -166.77571
18644.64648 -166.83156
18647.33789 -166.10918
18650.03125 -166.59747
18652.72266 -166.32562
18655.41602 -166.62311
18658.10156 -166.25330
18660.79492 -166.63577
18663.47852 -166.64047
18666.17383 -166.23016
18668.85938 -166.29263
18671.56445 -166.85344
18674.25000 -166.39835
18676.93555 -166.48695
18679.64453 -166.19373
18682.33008 -166.22716
18685.01758 -166.62868
18687.71680 -166.79863
18690.40430 -166.40631
18693.10156 -166.18372
18695.78125 -165.94029
18698.48047 -166.03256
18701.16992 -166.42120
18703.85938 -166.12509
18706.56055 -166.13382
18709.25195 -165.28313
18711.94336 -165.92082
18714.63477 -166.21901
18717.31641 -166.16617
18720.01758 -166.46115
18722.71094 -165.78630
18725.40430 -166.29298
18728.09766 -166.19173
18730.78125 -167.01784
18733.47656 -166.41208
18736.16992 -166.73445
18738.86523 -166.86893
18741.55078 -166.56784
18744.24609 -166.09326
18746.94336 -166.02971
18749.62891 -166.41280
18752.32617 -165.85403
18755.01367 -166.58891
18757.70117 -166.23553
18760.39844 -166.79672
18763.08789 -166.29732
18765.77734 -166.62518
18768.47461 -166.54182
18771.16406 -166.27824
18773.85547 -166.57701
18776.54492 -166.25871
18779.24609 -166.19753
18781.92578 -166.87630
18784.61719 -166.28159
18787.32031 -166.40334
18790.00195 -166.51025
18792.70312 -166.31165
18795.39648 -165.63600
18798.08008 -166.59621
18800.77344 -165.83702
18803.46875 -166.27046
18806.15039 -166.44342
18808.84570 -166.12642
18811.54102 -166.74052
18814.23633 -166.56973
18816.93359 -167.09645
18819.61914 -166.03722
18822.31641 -166.36494
18825.00195 -166.15596
18827.69922 -166.80339
18830.37695 -166.49182
18833.07617 -166.41399
18835.77344 -166.19017
18838.46289 -165.86772
18841.15234 -166.48506
18843.84180 -166.27386
18846.54102 -166.37560
18849.23242 -166.70740
18851.93359 -166.67128
18854.61328 -166.55153
18857.30469 -166.32001
18859.99805 -167.33844
18862.68945 -166.07765
18865.38281 -166.37172
18868.07422 -166.12724
18870.76758 -166.42630
18873.46094 -166.38850
18876.14453 -166.14609
18878.84961 -166.82812
18881.53516 -167.42561
18884.23047 -166.25803
18886.91602 -166.13713
18889.61133 -165.66040
18892.30664 -166.22495
18894.98438 -166.27821
18897.69141 -166.54927
18900.37891 -166.79007
18903.06641 -165.94525
18905.76367 -166.58423
18908.46289 -166.24496
18911.14062 -166.54967
18913.83984 -166.27443
18916.53125 -165.84825
18919.22070 -166.74794
18921.91016 -166.44318
18924.60156 -166.46384
18927.30273 -166.80788
18929.98242 -166.86438
18932.68555 -166.33105
18935.36719 -166.47595
18938.05859 -166.53783
18940.76367 -166.15808
18943.45508 -166.32709
18946.14062 -166.09908
18948.84375 -166.53687
18951.51758 -166.85684
18954.21289 -166.59293
18956.90820 -166.65613
18959.60352 -166.51123
18962.30078 -165.99677
18964.98438 -166.70390
18967.68164 -165.33324
18970.36914 -165.86708
18973.05469 -166.71005
18975.75391 -166.50577
18978.45312 -166.44400
18981.14062 -165.94591
18983.82812 -166.22786
18986.51758 -166.57660
18989.21680 -166.00571
18991.90625 -166.52570
18994.59766 -166.63600
18997.28711 -166.33234
18999.97852 -166.35736
19002.67969 -165.96704
19005.37305 -166.42348
19008.06445 -166.49524
19010.74609 -166.22067
19013.43945 -166.33707
19016.13281 -166.32182
19018.83594 -166.47408
19021.51953 -166.31335
19024.21484 -166.42950
19026.89844 -166.48775
19029.59375 -166.19324
19032.27930 -166.90456
19034.97461 -166.16176
19037.66016 -166.98770
19040.36719 -166.78523
19043.05469 -166.00764
19045.75000 -166.51241
19048.43945 -166.50249
19051.13672 -166.17761
19053.82422 -167.32068
19056.51367 -167.10789
19059.20117 -166.16429
19061.89062 -166.72852
19064.59180 -167.31261
19067.28125 -166.34059
19069.97266 -166.24323
19072.66211 -166.00700
19075.35352 -167.38074
19078.04492 -166.37489
19080.73828 -166.41525
19083.42969 -166.21361
19086.12109 -166.16730
19088.81445 -166.35437
19091.50781 -166.42360
19094.19141 -166.75220
19096.88672 -166.21028
19099.58008 -166.10103
19102.27539 -166.52171
19104.97070 -166.44473
19107.65430 -166.34407
19110.35156 -166.02695
19113.04883 -166.94833
19115.73438 -166.25197
19118.43164 -165.35760
19121.11719 -166.23746
19123.81641 -166.39365
19126.51562 -166.80276
19129.20312 -165.90193
19131.89062 -166.70055
19134.58008 -166.63637
19137.26953 -166.69109
19139.96875 -166.93248
19142.66016 -166.25948
19145.34961 -166.85667
19148.05078 -166.08652
19150.73242 -166.69542
19153.42383 -166.38467
19156.11523 -166.19727
19158.80859 -166.54778
19161.50195 -168.13644
19164.19531 -166.10248
19166.88867 -166.00862
19169.57227 -166.73666
19172.26562 -165.47957
19174.95898 -166.28764
19177.65430 -166.28784
19180.33984 -166.25412
19183.03516 -165.67421
19185.72070 -166.70039
19188.41797 -166.71710
19191.11523 -166.78891
19193.81250 -166.90488
19196.50000 -166.28920
19199.18750 -166.48294
19201.88477 -166.66483
19204.57422 -165.43463
19207.26172 -166.64983
19209.96289 -166.27113
19212.65234 -166.43929
19215.33008 -166.87721
19218.03125 -167.06032
19220.72070 -166.40950
19223.42188 -166.68726
19226.10352 -166.62521
19228.80664 -166.32785
19231.48633 -166.28383
19234.17969 -166.50844
19236.88281 -167.08226
19239.57617 -166.71077
19242.25977 -166.12216
19244.95312 -166.68771
19247.64844 -167.85161
19250.33008 -166.53586
19253.02539 -166.51723
19255.72070 -166.22227
19258.40625 -166.45851
19261.10352 -166.62866
19263.78906 -166.82895
19266.48633 -166.68103
19269.18359 -165.83667
19271.87109 -166.43112
19274.56836 -166.36357
19277.25586 -166.61371
19279.94531 -166.66878
19282.64453 -166.16690
19285.33398 -166.21164
19288.02344 -166.35014
19290.71094 -167.24306
19293.40234 -166.55008
19296.09180 -166.12268
19298.78320 -166.80513
19301.48633 -166.21303
19304.17578 -166.23042
19306.86914 -166.79260
19309.56055 -166.72739
19312.25391 -166.39726
19314.94531 -166.41609
19317.62891 -166.57959
19320.33398 -166.37517
19323.01758 -165.76933
19325.71289 -166.09686
19328.39648 -166.22600
19331.09180 -166.26126
19333.78711 -166.33987
19336.48438 -166.69191
19339.16992 -166.03458
19341.86719 -166.77736
19344.55273 -165.82014
19347.25000 -166.36935
19349.93750 -166.18214
19352.62500 -166.57314
19355.32422 -165.47653
19358.01172 -165.95305
19360.71289 -166.51634
19363.39062 -166.30943
19366.09180 -166.90836
19368.79102 -166.44145
19371.47266 -166.63472
19374.16211 -166.18634
19376.86328 -166.81717
19379.54492 -166.44453
19382.23633 -166.47993
19384.93945 -166.17743
19387.62109 -166.00703
19390.32422 -165.89581
19393.00781 -167.14589
19395.70117 -166.76482
19398.39648 -167.81364
19401.07812 -166.51770
19403.77344 -166.27031
19406.46875 -166.77829
19409.16406 -167.12042
19411.85156 -166.23764
19414.54688 -166.46066
19417.23242 -166.28737
19419.92969 -166.62401
19422.61719 -166.24039
19425.32422 -166.94272
19428.00195 -166.24100
19430.70117 -167.35475
19433.38867 -166.46736
19436.08984 -166.88745
19438.77734 -166.37936
19441.46680 -166.62090
19444.15625 -166.89861
19446.84766 -166.29625
19449.54883 -166.83511
19452.23828 -165.75806
19454.91992 -166.54768
19457.61133 -166.35420
19460.31445 -166.49164
19462.99609 -167.08102
19465.68750 -166.15166
19468.38086 -166.31305
19471.07422 -166.40750
19473.75781 -167.08205
19476.46289 -166.56450
19479.15820 -166.72464
19481.85352 -165.78143
19484.53711 -166.31548
19487.22266 -166.90582
19489.91797 -166.43161
19492.62500 -166.18483
19495.31055 -165.80168
19497.99805 -166.31769
19500.68555 -166.38564
19503.38281 -166.67537
19506.07031 -166.54718
19508.76953 -166.25215
19511.45703 -166.76729
19514.14648 -166.25078
19516.84570 -167.83943
19519.53516 -166.25409
19522.22461 -166.53758
19524.91602 -166.64635
19527.60547 -166.34703
19530.30859 -166.95251
19533.00000 -166.24657
19535.67969 -166.10814
19538.37305 -166.66550
19541.07617 -166.74680
19543.75781 -166.08836
19546.45117 -167.07286
19549.14453 -166.45146
19551.83789 -166.60075
19554.53320 -166.20769
19557.22852 -166.87096
19559.92188 -167.23508
19562.60742 -166.08757
19565.30273 -165.97452
19567.98828 -166.89120
19570.68555 -166.87816
19573.37109 -166.53954
19576.06836 -165.78258
19578.75391 -166.71976
19581.44336 -166.52870
19584.14062 -166.17035
19586.82812 -166.86789
19589.51758 -166.30788
19592.21680 -166.78230
19594.91797 -166.27515
19597.60547 -166.56432
19600.29492 -166.26814
19602.98633 -166.75958
19605.68750 -166.39656
19608.37891 -166.14622
19611.04883 -167.00269
19613.75195 -167.16219
19616.44336 -166.24492
19619.13672 -166.41885
19621.82812 -166.06900
19624.52148 -166.11403
19627.21484 -166.45512
19629.89844 -166.38252
19632.59375 -166.83031
19635.28711 -166.94949
19637.98242 -166.25111
19640.67773 -166.71988
19643.36133 -166.47066
19646.04688 -166.52548
19648.74414 -166.15230
19651.44141 -166.62160
19654.12695 -166.82343
19656.83594 -166.20578
19659.51172 -166.82251
19662.21094 -166.74867
19664.89844 -166.29076
19667.59766 -167.49168
19670.28711 -166.54085
19672.97461 -166.86320
19675.66602 -165.84164
19678.36523 -166.77075
19681.05664 -166.32460
19683.74609 -166.50183
19686.43750 -166.00444
19689.12891 -165.85968
19691.82031 -166.75630
19694.52344 -166.60638
19697.19336 -166.67888
19699.89648 -166.22525
19702.58984 -166.82721
19705.28320 -166.48746
19707.96680 -166.74350
19710.67188 -165.64633
19713.35547 -166.10805
19716.05078 -166.41992
19718.74609 -166.64230
19721.42969 -166.26682
19724.11523 -166.67160
19726.82227 -166.47942
19729.50781 -166.77365
19732.20508 -167.29581
19734.89258 -166.80176
19737.58008 -166.52773
19740.27734 -166.22736
19742.97656 -166.55563
19745.66406 -166.35611
19748.35156 -166.45703
19751.04102 -166.52098
19753.74219 -166.89008
19756.41992 -167.00961
19759.12109 -166.58723
19761.82227 -166.49988
19764.50195 -166.48035
19767.19336 -166.41977
19769.88477 -166.40733
19772.57617 -166.69821
19775.26953 -167.97832
19777.96094 -166.40344
19780.64258 -166.72694
19783.34766 -167.07259
19786.03125 -166.73215
19788.73438 -165.94032
19791.41797 -167.13332
19794.11328 -166.24554
19796.79688 -168.01781
19799.49219 -166.48630
19802.18945 -167.00423
19804.88477 -166.97751
19807.57031 -167.15384
19810.26758 -166.49533
19812.95312 -166.28267
19815.66211 -165.97813
19818.33789 -166.57800
19821.03711 -166.58896
19823.72461 -166.56253
19826.42383 -166.53253
19829.11328 -167.03682
19831.80078 -166.34200
19834.50195 -166.52997
19837.17969 -166.13406
19839.88086 -165.51994
19842.57227 -166.75983
19845.26172 -166.47607
19847.95312 -166.95007
19850.64648 -166.78111
19853.33789 -166.47205
19856.02930 -166.38364
19858.72266 -166.87151
19861.41406 -167.11710
19864.10938 -166.26103
19866.79102 -167.63345
19869.49609 -166.52094
19872.17969 -167.03705
19874.87500 -166.68340
19877.57031 -166.10483
19880.25391 -166.84160
19882.95117 -165.55859
19885.64648 -166.21994
19888.33203 -166.36360
19891.02930 -166.65189
19893.71484 -165.99757
19896.41406 -166.45107
19899.09961 -166.22110
19901.78906 -166.68597
19904.48828 -167.14642
19907.18555 -166.95436
19909.86328 -166.97331
19912.56250 -166.60031
19915.25195 -166.45049
19917.94336 -166.51958
19920.63281 -166.19855
19923.33398 -166.22876
19926.02539 -166.04500
19928.71484 -166.82295
19931.40820 -166.72806
19934.09961 -166.93376
19936.79297 -166.33493
19939.48438 -166.25058
19942.17773 -166.81502
19944.85938 -166.40680
19947.55469 -165.85381
19950.24805 -166.89731
19952.94141 -166.62242
19955.63672 -166.61078
19958.32227 -166.70947
19961.01758 -166.56844
19963.71289 -166.54568
19966.40820 -166.95393
19969.09375 -165.99998
19971.79297 -166.25087
19974.47656 -167.10155
19977.16406 -166.47771
19979.86133 -166.70271
19982.55078 -166.32463
19985.25000 -167.01215
19987.92578 -166.89717
19990.63672 -167.13019
19993.32422 -166.31598
19996.01367 -166.57951
19998.70508 -166.55534
20001.39453 -167.06102
20004.08398 -166.62462
20006.77539 -166.40106
20009.47656 -166.39223
20012.16992 -166.73409
20014.86133 -166.46274
20017.55273 -166.42650
20020.23438 -166.67833
20022.92773 -166.93402
20025.62109 -166.70346
20028.31445 -166.67432
20031.01953 -166.14806
20033.69141 -167.34636
20036.38672 -167.02689
20039.08203 -166.87196
20041.78906 -166.12428
20044.46094 -166.45291
20047.15820 -166.27849
20049.84375 -166.26443
20052.54102 -166.67175
20055.23828 -166.37625
20057.92383 -166.71922
20060.61133 -166.26869
20063.30859 -166.53485
20065.99805 -165.77527
20068.69531 -166.58470
20071.38477 -166.80006
20074.08398 -166.44023
20076.77344 -166.84261
20079.46289 -166.92104
20082.16406 -166.35355
20084.85352 -166.50342
20087.54492 -166.31306
20090.23633 -167.11978
20092.92773 -166.77142
20095.61914 -166.49686
20098.31055 -166.30992
20101.00391 -166.82701
20103.69531 -166.18169
20106.38867 -166.78651
20109.08203 -167.22388
20111.77539 -166.75029
20114.45898 -166.66135
20117.15234 -166.60840
20119.84766 -166.41832
20122.53320 -166.59689
20125.22852 -166.63489
20127.92578 -166.41203
20130.60938 -166.47217
20133.30469 -166.26390
20136.00391 -166.67482
20138.68945 -166.66380
20141.38867 -167.14604
20144.06445 -166.66621
20146.76172 -167.02635
20149.46094 -167.08507
20152.14844 -166.47899
20154.83789 -166.39676
20157.52734 -165.98248
20160.22656 -166.59935
20162.91602 -165.96756
20165.60742 -166.65158
20168.29688 -166.34897
20170.98828 -166.53447
20173.68945 -165.98253
20176.38086 -166.14561
20179.07227 -166.87796
20181.75391 -166.91663
20184.45703 -167.36197
20187.13867 -166.90327
20189.83203 -166.83482
20192.52539 -166.25600
20195.23047 -165.96027
20197.91406 -166.55795
20200.60742 -166.80566
20203.30273 -166.04742
20205.98828 -165.84622
20208.68359 -167.24232
20211.37891 -166.15860
20214.05469 -166.43765
20216.76172 -165.24802
20219.44727 -166.77196
20222.13281 -166.99706
20224.83203 -166.01381
20227.51758 -168.74986
20230.20703 -166.59894
20232.90625 -166.38216
20235.59375 -166.97147
20238.29297 -167.14703
20240.97070 -166.72437
20243.66992 -166.64024
20246.37109 -166.57733
20249.06055 -165.34476
20251.75195 -166.76665
20254.43164 -166.54359
20257.13281 -166.93094
20259.83594 -167.91347
20262.51758 -166.61794
20265.20898 -166.39250
20267.90234 -166.63512
20270.59375 -166.40257
20273.28711 -166.80692
20275.98047 -166.84494
20278.67578 -166.34465
20281.36914 -167.77341
20284.05273 -166.69322
20286.74805 -166.52255
20289.44336 -166.84813
20292.12695 -166.25461
20294.81250 -166.80014
20297.50781 -166.61899
20300.19336 -166.45836
20302.90234 -167.42120
20305.60156 -166.35204
20308.28711 -166.88417
20310.97461 -166.08708
20313.67383 -166.87292
20316.34961 -166.20709
20319.04688 -167.30098
20321.73633 -166.13530
20324.43750 -166.21367
20327.12695 -166.38164
20329.82617 -166.51576
20332.50391 -166.85616
20335.20703 -166.46063
20337.89844 -166.39279
20340.58789 -165.93346
20343.27930 -166.89243
20345.97266 -167.10516
20348.65234 -166.53938
20351.35547 -166.81451
20354.04883 -166.67198
20356.74219 -166.47171
20359.43555 -167.26309
20362.11719 -166.86774
20364.81250 -166.60902
20367.50586 -167.61433
20370.20117 -166.31096
20372.89648 -166.58510
20375.58203 -166.90118
20378.26562 -166.69983
20380.97266 -167.04446
20383.65820 -166.97142
20386.34375 -166.73318
20389.04102 -165.86325
20391.74023 -166.97046
20394.42578 -165.98965
20397.11328 -166.72919
20399.81250 -166.31241
20402.50000 -166.44939
20405.19922 -166.19446
20407.88867 -167.04021
20410.57812 -165.94142
20413.26562 -166.59654
20415.96875 -166.84763
20418.64844 -166.48863
20421.34961 -166.64902
20424.02734 -166.33482
20426.73047 -167.01239
20429.42188 -166.95557
20432.11328 -166.39861
20434.80664 -166.29440
20437.49805 -166.58412
20440.19141 -166.35175
20442.88477 -166.55920
20445.56836 -166.39415
20448.26172 -166.33034
20450.96680 -166.91414
20453.65039 -167.48676
20456.34570 -166.29260
20459.04102 -166.54269
20461.72461 -166.12505
20464.41016 -166.41173
20467.10742 -166.19052
20469.80273 -166.87288
20472.50000 -166.62675
20475.18750 -165.85609
20477.87305 -166.65903
20480.57031 -166.78539
20483.24609 -166.59120
20485.95703 -166.62019
20488.64453 -166.53162
20491.33594 -166.63110
20494.03516 -166.71815
20496.72266 -165.20161
20499.41406 -166.88741
20502.10156 -166.08231
20504.79297 -166.34003
20507.49609 -166.03546
20510.18555 -166.46786
20512.87500 -166.56059
20515.56836 -166.61523
20518.26172 -166.66092
20520.95312 -166.41772
20523.64453 -166.53674
20526.33789 -166.54175
20529.02148 -166.47130
20531.71484 -166.55548
20534.41016 -166.09750
20537.10156 -166.58702
20539.79688 -166.08530
20542.48047 -166.94218
20545.17578 -166.45738
20547.87305 -166.68623
20550.55664 -166.30034
20553.24219 -166.62494
20555.93945 -166.34851
20558.63672 -166.96371
20561.32422 -166.49893
20564.02148 -166.89232
20566.70898 -166.84940
20569.40625 -166.94470
20572.09375 -166.00053
20574.79492 -166.29945
20577.48242 -166.20743
20580.17188 -166.45836
20582.87109 -165.70100
20585.56250 -166.20081
20588.25195 -166.50723
20590.93945 -166.25134
20593.63086 -166.67166
20596.33203 -166.22603
20599.02539 -166.88844
20601.71680 -166.48976
20604.39648 -166.66316
20607.08984 -166.42657
20609.78320 -167.01971
20612.47656 -166.66521
20615.16797 -166.84581
20617.86133 -166.84315
20620.55664 -166.20132
20623.25000 -166.56779
20625.92188 -166.77838
20628.62891 -166.71143
20631.32617 -166.06148
20634.00781 -166.04921
20636.70312 -165.52505
20639.40234 -167.35713
20642.08789 -166.60963
20644.78516 -166.50076
20647.47070 -166.09811
20650.15625 -166.26294
20652.85547 -166.61276
20655.55469 -166.48737
20658.23047 -166.73816
20660.92969 -166.93040
20663.63086 -166.43736
20666.31836 -166.31693
20669.00586 -167.18297
20671.69727 -167.00037
20674.39648 -166.01945
20677.07422 -166.42587
20679.77734 -166.28812
20682.48047 -167.30220
20685.14844 -166.44264
20687.85156 -166.78864
20690.54492 -165.13741
20693.23438 -167.01260
20695.92773 -166.50027
20698.62109 -167.30971
20701.31250 -167.16736
20703.99609 -166.44438
20706.70117 -166.78893
20709.38477 -166.52896
20712.08008 -166.58632
20714.77344 -166.37003
20717.46875 -166.25990
20720.14062 -167.33574
20722.84961 -166.06711
20725.53516 -166.58040
20728.24219 -166.06015
20730.91797 -166.59120
20733.61523 -166.06317
20736.31250 -166.34898
20739.00000 -166.91200
20741.68750 -166.14313
20744.37305 -166.69107
20747.07227 -166.73781
20749.76172 -166.57722
20752.44922 -167.15968
20755.14844 -165.52940
20757.83984 -166.47366
20760.52734 -166.44389
20763.23047 -166.50377
20765.90820 -166.11710
20768.61133 -166.70729
20771.30078 -167.26404
20773.99219 -166.24660
20776.68359 -168.63345
20779.37695 -167.23743
20782.06836 -166.22922
20784.77344 -166.53629
20787.45312 -166.83960
20790.14844 -166.64911
20792.83008 -166.14421
20795.53516 -166.13646
20798.21875 -167.81612
20800.92578 -166.84871
20803.60938 -166.40443
20806.29102 -166.19897
20809.00000 -167.14247
20811.68359 -167.49646
20814.37109 -166.20734
20817.06641 -166.87640
20819.76367 -166.50932
20822.44922 -166.80815
20825.14844 -166.50294
20827.83398 -166.91562
20830.52344 -165.48859
20833.22070 -166.62213
20835.90820 -166.37569
20838.60938 -166.73746
20841.29688 -165.91608
20843.99609 -166.26552
20846.67578 -166.60561
20849.37500 -166.72176
20852.06641 -166.30748
20854.75586 -166.15598
20857.44531 -165.97218
20860.13867 -166.32919
20862.84180 -166.67340
20865.51953 -166.77937
20868.22461 -166.58893
20870.90625 -166.99329
20873.61133 -165.96721
20876.29102 -166.60643
20878.98438 -166.38460
20881.67969 -166.58784
20884.35938 -166.81033
20887.06836 -166.58255
20889.75000 -166.18411
20892.43359 -166.58336
20895.14062 -165.50519
20897.82422 -166.29506
20900.52344 -167.02017
20903.21875 -166.32237
20905.90234 -166.52484
20908.58984 -166.50514
20911.28711 -166.22298
20913.98438 -166.56335
20916.67188 -168.41542
20919.37109 -166.48048
20922.04688 -166.10977
20924.74609 -166.96858
20927.44531 -165.84290
20930.13477 -166.47087
20932.81250 -166.64897
20935.51172 -166.44684
20938.21289 -167.01892
20940.89062 -166.67981
20943.59375 -166.15042
20946.29688 -166.19539
20948.97461 -167.03230
20951.66406 -166.81772
20954.35742 -166.33656
20957.05078 -166.36490
20959.74219 -166.89862
20962.43359 -166.48273
20965.11719 -166.66145
20967.82227 -166.49684
20970.51562 -166.47215
20973.19922 -166.67113
20975.89062 -166.42033
20978.57422 -166.21704
20981.28125 -166.19177
20983.96484 -166.35747
20986.66211 -166.16296
20989.34570 -166.71336
20992.04297 -166.68835
20994.73828 -166.08061
20997.42383 -165.94255
21000.12109 -166.79456
21002.81055 -166.14119
21005.50781 -166.58997
21008.19336 -166.51987
21010.89453 -166.63583
21013.58203 -166.37741
21016.26953 -166.72083
21018.96875 -167.30171
21021.65820 -166.45195
21024.34570 -166.02391
21027.03516 -166.48880
21029.73633 -166.79539
21032.42578 -166.80371
21035.11719 -166.00375
21037.81055 -166.59343
21040.50000 -166.34959
21043.19141 -166.36995
21045.88281 -166.59082
21048.57617 -166.97878
21051.25781 -166.76118
21053.96094 -167.33864
21056.65625 -166.92487
21059.34766 -166.86157
21062.04102 -166.50546
21064.73633 -166.51213
21067.41992 -165.26657
21070.11523 -166.74016
21072.81055 -166.88837
21075.50586 -166.31532
21078.18750 -166.57082
21080.87500 -167.20973
21083.57227 -166.57152
21086.26758 -166.42851
21088.96484 -167.35437
21091.65039 -166.97758
21094.33789 -166.29970
21097.03516 -166.65895
21099.72461 -166.25494
21102.42188 -166.68779
21105.10938 -166.58127
21107.79688 -166.58492
21110.48633 -164.78175
21113.18750 -166.34978
21115.87695 -167.17262
21118.56641 -166.70392
21121.26758 -166.64963
21123.95703 -166.20660
21126.64844 -166.88667
21129.32812 -166.76945
21132.04297 -166.62169
21134.72266 -166.65594
21137.41406 -166.13184
21140.10742 -166.75085
21142.80078 -166.50400
21145.49219 -166.41267
21148.18555 -166.29555
21150.87891 -166.49678
21153.56250 -166.55063
21156.26758 -166.44746
21158.93750 -166.51183
21161.63281 -166.64474
21164.32812 -167.00351
21167.02734 -166.95987
21169.70898 -166.43774
21172.40625 -166.06934
21175.10156 -166.50027
21177.78906 -166.49236
21180.48633 -167.12790
21183.17188 -166.86737
21185.86914 -165.92026
21188.55664 -166.55232
21191.25391 -167.00203
21193.94336 -166.16295
21196.63086 -166.18100
21199.33203 -166.82864
21202.01953 -167.02094
21204.70898 -166.62134
21207.39844 -166.71309
21210.09766 -166.38919
21212.78906 -166.45265
21215.47852 -166.26344
21218.16797 -166.75529
21220.85938 -166.41769
21223.55273 -166.02312
21226.24219 -166.45827
21228.93555 -166.77428
21231.63867 -167.18562
21234.32031 -166.61435
21237.01367 -166.58179
21239.71875 -165.75253
21242.40039 -166.73206
21245.08203 -166.41902
21247.78906 -166.25397
21250.48438 -166.10498
21253.16602 -166.36943
21255.86133 -166.19550
21258.54492 -166.13753
21261.24219 -165.87921
21263.92578 -166.63260
21266.62305 -166.58549
21269.32031 -166.74097
21272.00781 -166.22420
21274.70508 -165.93559
21277.39062 -166.92593
21280.08789 -166.90317
21282.77539 -166.25293
21285.47656 -166.84535
21288.15234 -166.76886
21290.86133 -166.71780
21293.55273 -165.97673
21296.24023 -166.59775
21298.92773 -166.57071
21301.63086 -167.06146
21304.30859 -167.17271
21307.00977 -166.97395
21309.70312 -166.66641
21312.39258 -166.48235
21315.08203 -165.66991
21317.76367 -166.69131
21320.46680 -166.31305
21323.16016 -166.72855
21325.85156 -166.96257
21328.54492 -166.71983
21331.22656 -166.38945
21333.92969 -166.96979
21336.62305 -167.03937
21339.30664 -166.51128
21342.01367 -166.44499
21344.69727 -166.38963
21347.39258 -166.82668
21350.07617 -166.19667
21352.77148 -166.96388
21355.45703 -166.85689
21358.15234 -167.28145
21360.84961 -166.43234
21363.54688 -166.79204
21366.22070 -166.59186
21368.91797 -167.09734
21371.60547 -166.45326
21374.30469 -166.84860
21376.99219 -166.52208
21379.69141 -165.31444
21382.38086 -166.90491
21385.07812 -166.98032
21387.76953 -166.84251
21390.45703 -166.39084
21393.14648 -166.97372
21395.84766 -166.53354
21398.52539 -167.12584
21401.22852 -166.34433
21403.91797 -165.71307
21406.62109 -166.47148
21409.30078 -166.59091
21412.00391 -167.16124
21414.68555 -166.48962
21417.37891 -166.77528
21420.06836 -166.78906
21422.75195 -167.14957
21425.45703 -166.60397
21428.13672 -166.51956
21430.83203 -166.87921
21433.52539 -166.65410
21436.22070 -166.01378
21438.91602 -166.75705
21441.59961 -166.81940
21444.28516 -167.86078
21446.99219 -167.05354
21449.67578 -166.50360
21452.37305 -166.68248
21455.05859 -166.07365
21457.75586 -166.60394
21460.45312 -166.30579
21463.15234 -166.46838
21465.83789 -167.44943
21468.53711 -166.58707
21471.22266 -166.54654
21473.89844 -166.46805
21476.59961 -166.63805
21479.28711 -166.51230
21481.98828 -166.73671
21484.67773 -167.02643
21487.37891 -165.12718
21490.05664 -166.70026
21492.74609 -167.09598
21495.44922 -166.13278
21498.14062 -165.99818
21500.83008 -166.64059
21503.52344 -166.20248
21506.21289 -166.57434
21508.90625 -166.54704
21511.59766 -166.53235
21514.28906 -166.84669
21516.98438 -166.03427
21519.67773 -166.36546
21522.35938 -166.36633
21525.06641 -166.42882
21527.74609 -166.33492
21530.44141 -166.28268
21533.12500 -166.56886
21535.82031 -166.52582
21538.51562 -166.20079
21541.21289 -166.68842
21543.89648 -166.82314
21546.59375 -166.75133
21549.29297 -166.71213
21551.97656 -166.92712
21554.67578 -166.50987
21557.36133 -166.80443
21560.05859 -166.78122
21562.74609 -166.36612
21565.43359 -166.69351
21568.13281 -166.23947
21570.82031 -166.08472
21573.50781 -166.30589
21576.19922 -166.38689
21578.91016 -166.70836
21581.58594 -166.63319
21584.28906 -167.26051
21586.96875 -166.26350
21589.66992 -166.56268
21592.34766 -166.82916
21595.05078 -165.99841
21597.73047 -166.85349
21600.43359 -167.20929
21603.12500 -166.29240
21605.81836 -167.64911
21608.51172 -166.45787
21611.20312 -166.67728
21613.89648 -166.48477
21616.58008 -166.60732
21619.27344 -165.96973
21621.96875 -167.21701
21624.65039 -166.72073
21627.34570 -165.47847
21630.04102 -166.45642
21632.75000 -166.80054
21635.43164 -166.86786
21638.11719 -166.42670
21640.81250 -166.67189
21643.51172 -167.04997
21646.19531 -166.83911
21648.89453 -166.14345
21651.58008 -166.66917
21654.26562 -166.38048
21656.96484 -166.81284
21659.66406 -166.88120
21662.35156 -166.76109
21665.03906 -166.42300
21667.72656 -166.70750
21670.42773 -166.63939
21673.11523 -166.59380
21675.80469 -166.16449
21678.49609 -166.55421
21681.19531 -166.77167
21683.88672 -166.43510
21686.57812 -166.93900
21689.26758 -166.08578
21691.95703 -166.70193
21694.65039 -167.33421
21697.33203 -166.65578
21700.04688 -166.60933
21702.72656 -166.23685
21705.41992 -167.12927
21708.11328 -166.48099
21710.80469 -166.94403
21713.50000 -167.27536
21716.18164 -166.37367
21718.87695 -166.79710
21721.57227 -166.47029
21724.26758 -166.23506
21726.96289 -167.06023
21729.63281 -166.63921
21732.33203 -166.88684
21735.02734 -165.99397
21737.72461 -166.04645
21740.41016 -166.81287
21743.10547 -166.15216
21745.80273 -166.79158
21748.49219 -166.50964
21751.18945 -166.68571
21753.86523 -166.78918
21756.56250 -167.34366
21759.25000 -166.49408
21761.95117 -166.98590
21764.63867 -166.29288
21767.32617 -166.12198
21770.02930 -167.20172
21772.71680 -166.67139
21775.40820 -166.67140
21778.10742 -166.62132
21780.79883 -166.42538
21783.47656 -166.36993
21786.17969 -166.45203
21788.87109 -166.93266
21791.56250 -166.88022
21794.26758 -167.33052
21796.93555 -166.46967
21799.62891 -166.56287
21802.33203 -166.78580
21805.02734 -167.05219
21807.70703 -165.79971
21810.40039 -166.96211
21813.09570 -166.25056
21815.80078 -166.09923
21818.48438 -166.62216
21821.16797 -166.38286
21823.86328 -166.67801
21826.57227 -166.29416
21829.24219 -166.30502
21831.94141 -166.37601
21834.63672 -166.69208
21837.32227 -167.10783
21840.00781 -166.52226
21842.71680 -166.23251
21845.39062 -166.68091
21848.08984 -166.66002
21850.78906 -166.42256
21853.48828 -166.20753
21856.16406 -166.35747
21858.86523 -166.27603
21861.55273 -166.84804
21864.25391 -166.84233
21866.94141 -166.63681
21869.63086 -166.59573
21872.32031 -167.18915
21875.00977 -167.17091
21877.71289 -166.65752
21880.39062 -166.75554
21883.09375 -167.03288
21885.77148 -166.50107
21888.47656 -166.86324
21891.16797 -166.26782
21893.85938 -166.64493
21896.55273 -166.43108
21899.24609 -166.27562
21901.92578 -166.76474
21904.63086 -166.77165
21907.31445 -165.75565
21910.01953 -166.91000
21912.70312 -166.35307
21915.39844 -166.84712
21918.08203 -167.02893
21920.77734 -166.55968
21923.47266 -166.90880
21926.15430 -166.15375
21928.86523 -166.31721
21931.54688 -166.84363
21934.23438 -166.58470
21936.94336 -166.59395
21939.61719 -166.78310
21942.31445 -166.76462
21945.01172 -166.49202
21947.69922 -167.03375
21950.38867 -166.70500
21953.08594 -166.86607
21955.77344 -166.63943
21958.46094 -166.55179
21961.15039 -168.23911
21963.85156 -167.07698
21966.54102 -166.66400
21969.24023 -166.69417
21971.91797 -167.05513
21974.62109 -166.69659
21977.30078 -166.44685
21980.00195 -166.05856
21982.69336 -166.14578
21985.39844 -166.57578
21988.07617 -166.47389
21990.75781 -166.23459
21993.46094 -166.78149
21996.15430 -166.04353
21998.84766 -166.58244
22001.54102 -166.79884
22004.23438 -167.64885
22006.91602 -166.87587
22009.62109 -166.73392
22012.30469 -166.90213
22015.00000 -166.25233
22017.69531 -166.02106
22020.37891 -166.60385
22023.08594 -166.92996
22025.77148 -166.85349
22028.45508 -166.25348
22031.15234 -167.32018
22033.83789 -166.65860
22036.52344 -166.97754
22039.22070 -166.81564
22041.90625 -166.49850
22044.60547 -166.32715
22047.30469 -166.93120
22049.99023 -166.34975
