2.69198 3.64304
5.38396 6.26361
8.07594 4.98443
10.76791 3.01208
13.45990 0.69100
16.15188 -5.51529
18.84385 -6.63240
21.53583 -1.08696
24.22782 1.54103
26.91980 3.39601
29.61178 5.16099
32.30375 6.11601
34.99574 5.83459
37.68771 4.46697
40.37969 2.77553
43.07167 1.25791
45.76365 -0.86592
48.45564 -5.61428
51.14761 -7.34385
53.83958 -2.58852
56.53158 -0.58342
59.22356 -0.08085
61.91553 0.52626
64.60751 1.48016
67.29950 1.52082
69.99148 0.40630
72.68346 -0.40584
75.37544 -0.08207
78.06740 0.58792
80.75941 0.56471
83.45135 0.68640
86.14335 1.25658
88.83533 1.44393
91.52733 0.68332
94.21931 -0.39642
96.91129 -1.43256
99.60326 -2.21249
102.29522 -2.45584
104.98720 -2.00903
107.67921 -0.89050
110.37118 0.36063
113.06315 1.13385
115.75513 1.51661
118.44709 1.70282
121.13909 1.23693
123.83107 0.86923
126.52303 0.32277
129.21504 -0.15758
131.90698 -0.68743
134.59901 -0.80400
137.29097 -0.40307
139.98297 -0.00510
142.67494 -0.20036
145.36693 -0.38233
148.05890 -0.36952
150.75082 -0.27572
153.44281 -0.63517
156.13481 -0.62389
158.82683 -0.00962
161.51878 0.71204
164.21075 0.83363
166.90273 0.92478
169.59470 1.16770
172.28671 1.17534
174.97871 0.57155
177.67072 -0.36007
180.36266 -0.85660
183.05463 -0.89713
185.74658 -1.11788
188.43863 -1.14152
191.13058 -0.57087
193.82259 0.27736
196.51457 0.46505
199.20654 0.42947
201.89848 0.45619
204.59045 0.34652
207.28242 0.16858
209.97449 -0.03040
212.66635 -0.03343
215.35838 0.12870
218.05037 0.41934
220.74231 0.44022
223.43425 0.45295
226.12625 0.20442
228.81827 -0.09947
231.51025 -0.51782
234.20226 -0.86957
236.89429 -0.95282
239.58621 -0.73219
242.27821 -0.32826
244.97020 0.30068
247.66219 0.72239
250.35406 0.90669
253.04608 1.02282
255.73814 1.01074
258.43018 0.59625
261.12207 0.03196
263.81409 -0.33172
266.50595 -0.45921
269.19803 -0.49897
271.88986 -0.67810
274.58203 -0.21794
277.27396 0.14795
279.96582 0.23597
282.65771 0.10573
285.34985 0.06065
288.04184 -0.01033
290.73383 -0.02516
293.42584 -0.20550
296.11777 -0.11266
298.80994 0.33745
301.50174 0.51919
304.19376 0.61190
306.88571 0.53757
309.57773 0.49118
312.26950 0.30717
314.96167 -0.22570
317.65369 -0.60539
320.34552 -0.80432
323.03763 -0.58930
325.72964 -0.47394
328.42154 -0.13402
331.11353 0.29699
333.80539 0.54347
336.49753 0.73732
339.18942 0.61161
341.88162 0.34832
344.57346 0.22455
347.26532 0.03903
349.95743 -0.13516
352.64935 -0.11872
355.34125 -0.12710
358.03333 -0.07223
360.72534 0.14312
363.41748 0.14685
366.10938 -0.05145
368.80121 -0.10641
371.49323 -0.20038
374.18536 -0.17928
376.87717 -0.22861
379.56915 -0.12650
382.26108 0.24033
384.95306 0.55736
387.64508 0.48810
390.33707 0.51385
393.02917 0.46573
395.72095 0.28448
398.41324 0.05880
401.10489 -0.37917
403.79700 -0.49852
406.48886 -0.34440
409.18097 -0.36579
411.87299 -0.17303
414.56500 -0.00307
417.25699 0.31185
419.94888 0.25997
422.64078 0.13645
425.33264 0.18824
428.02493 0.15195
430.71680 0.17172
433.40894 0.10309
436.10092 0.12407
438.79272 0.29210
441.48468 0.30358
444.17682 0.15122
446.86871 0.00454
449.56082 -0.14310
452.25253 -0.23944
454.94440 -0.39069
457.63647 -0.37567
460.32877 -0.27722
463.02066 -0.02062
465.71268 0.16930
468.40442 0.39575
471.09644 0.47877
473.78864 0.48243
476.48071 0.33129
479.17233 0.22865
481.86435 0.10761
484.55661 -0.17363
487.24838 -0.17151
489.94034 -0.00780
492.63223 -0.06281
495.32428 -0.08223
498.01627 -0.00308
500.70828 0.09241
503.40051 -0.03642
506.09219 -0.14626
508.78406 -0.17190
511.47644 0.01792
514.16846 0.04222
516.86011 0.08468
519.55219 0.21942
522.24390 0.44067
524.93640 0.44158
527.62793 0.25564
530.31989 0.01297
533.01215 -0.05069
535.70422 -0.28475
538.39600 -0.41364
541.08795 -0.47464
543.77991 -0.21083
546.47205 -0.04560
549.16400 0.11650
551.85583 0.19621
554.54779 0.33816
557.24005 0.32074
559.93182 0.21765
562.62396 0.14402
565.31567 -0.00732
568.00781 -0.00736
570.69989 0.00659
573.39191 0.07612
576.08356 0.15511
578.77545 0.10520
581.46783 0.09575
584.15961 0.00748
586.85193 -0.10009
589.54370 -0.25655
592.23572 -0.27627
594.92773 -0.17823
597.61975 0.01268
600.31146 0.09399
603.00342 0.22172
605.69543 0.45699
608.38745 0.40403
611.07965 0.27723
613.77167 0.15925
616.46338 0.05750
619.15533 -0.16453
621.84705 -0.28128
624.53918 -0.30409
627.23132 -0.18843
629.92358 0.00718
632.61560 0.02450
635.30762 0.00823
637.99915 0.14651
640.69092 0.16008
643.38336 0.06519
646.07550 0.00763
648.76740 -0.00233
651.45917 0.13148
654.15125 0.10627
656.84296 0.14857
659.53528 0.16017
662.22729 0.21405
664.91901 0.11288
667.61108 -0.05732
670.30328 -0.14360
672.99500 -0.16511
675.68701 -0.21700
678.37872 -0.23046
681.07104 -0.10532
683.76312 0.04465
686.45496 0.16566
689.14679 0.26815
691.83893 0.29433
694.53046 0.23861
697.22260 0.13772
699.91516 0.10986
702.60693 -0.01997
705.29895 -0.03581
707.99078 -0.08476
710.68286 0.01313
713.37482 0.04199
716.06647 -0.02214
718.75879 -0.03831
721.45062 0.05407
724.14240 0.04305
726.83441 -0.04445
729.52679 -0.07992
732.21863 0.03760
734.91077 0.21823
737.60266 0.23182
740.29468 0.20068
742.98669 0.27109
745.67871 0.24227
748.37024 0.07561
751.06281 -0.07991
753.75458 -0.17632
756.44617 -0.14515
759.13861 -0.06190
761.83020 -0.10975
764.52240 -0.01948
767.21417 0.10562
769.90649 0.16215
772.59802 0.09337
775.29041 0.09911
777.98206 0.12531
780.67438 0.15192
783.36621 0.07048
786.05817 0.05021
788.75043 0.07755
791.44220 0.10979
794.13403 0.13875
796.82635 0.08193
799.51849 0.07006
802.21002 -0.02542
804.90234 -0.09642
807.59387 -0.13482
810.28638 -0.07715
812.97766 -0.06837
815.67017 -0.00784
818.36224 0.16066
821.05365 0.16793
823.74591 0.24683
826.43781 0.21592
829.12982 0.25542
831.82208 0.09020
834.51379 -0.03821
837.20551 -0.08528
839.89807 -0.06500
842.59009 -0.08154
845.28186 -0.07003
847.97388 0.06455
850.66559 0.11823
853.35779 0.11971
856.05023 0.06334
858.74164 0.03767
861.43390 0.07545
864.12567 0.08172
866.81769 0.01801
869.50958 -0.01980
872.20166 0.11694
874.89337 0.21357
877.58527 0.16128
880.27777 0.10067
882.96973 0.10846
885.66162 0.05711
888.35345 -0.00908
891.04517 -0.15018
893.73724 -0.14077
896.42950 -0.08337
899.12103 0.01081
901.81366 0.05502
904.50543 0.10880
907.19781 0.15734
909.88910 0.10466
912.58154 0.12478
915.27325 0.04029
917.96539 -0.00574
920.65735 0.02162
923.34918 -0.04748
926.04065 0.04789
928.73340 -0.02007
931.42523 -0.00121
934.11719 0.06449
936.80914 0.06715
939.50122 0.07966
942.19330 0.02833
944.88519 0.02057
947.57709 0.00786
950.26874 -0.03370
952.96082 -0.02157
955.65356 0.13107
958.34509 0.15649
961.03674 0.16765
963.72913 0.10667
966.42102 0.11626
969.11249 0.14563
971.80457 0.06960
974.49664 -0.03664
977.18909 -0.01986
979.88098 0.00843
982.57330 0.03352
985.26489 -0.03415
987.95679 0.02483
990.64893 0.10681
993.34082 0.11846
996.03284 0.06950
998.72461 0.00960
1001.41699 0.10361
1004.10828 0.03834
1006.80029 0.03849
1009.49286 0.02461
1012.18481 0.11392
1014.87671 0.06624
1017.56854 0.03596
1020.26074 0.00888
1022.95215 0.02879
1025.64453 0.02563
1028.33667 -0.00907
1031.02795 0.01148
1033.72058 0.03367
1036.41235 0.06217
1039.10425 0.11318
1041.79614 0.10654
1044.48828 0.06655
1047.17981 0.06229
1049.87195 0.10176
1052.56421 0.07255
1055.25623 0.04554
1057.94824 0.00247
1060.64014 0.02918
1063.33252 0.06339
1066.02466 0.03312
1068.71594 0.04571
1071.40820 -0.00676
1074.09961 0.05851
1076.79187 0.06250
1079.48364 -0.04797
1082.17566 0.01650
1084.86853 0.01377
1087.56018 0.08475
1090.25208 0.07569
1092.94446 0.08389
1095.63586 0.10703
1098.32776 0.15570
1101.02026 0.01931
1103.71216 -0.01211
1106.40381 0.06531
1109.09607 0.00569
1111.78748 -0.02802
1114.47986 -0.03890
1117.17151 0.02959
1119.86401 0.04714
1122.55566 0.08523
1125.24829 0.07918
1127.93933 0.07118
1130.63184 0.06132
1133.32373 0.05495
1136.01538 0.04346
1138.70776 -0.01619
1141.40027 0.01722
1144.09216 0.03866
1146.78418 0.07514
1149.47546 0.06352
1152.16760 0.07281
1154.86011 0.07629
1157.55139 0.02761
1160.24377 0.01079
1162.93555 0.01997
1165.62708 -0.04192
1168.31897 0.03225
1171.01086 0.06133
1173.70361 0.00962
1176.39490 0.05196
1179.08777 0.11593
1181.77905 0.10595
1184.47131 0.12463
1187.16382 0.08068
1189.85522 0.08365
1192.54688 0.05809
1195.23926 -0.01437
1197.93188 -0.03199
1200.62341 0.03982
1203.31555 0.03664
1206.00720 0.04866
1208.69897 0.01105
1211.39124 0.03295
1214.08301 0.12372
1216.77527 0.07035
1219.46692 0.02436
1222.15906 0.01076
1224.85120 0.04318
1227.54309 0.02524
1230.23499 0.03347
1232.92725 0.05182
1235.61926 0.07991
1238.31116 0.08215
1241.00330 0.07680
1243.69458 0.05937
1246.38696 0.05367
1249.07886 0.01521
1251.77051 0.00595
1254.46240 -0.04352
1257.15527 0.05274
1259.84692 0.08150
1262.53882 0.05549
1265.23096 0.06899
1267.92261 0.09532
1270.61426 0.13711
1273.30615 0.07149
1275.99878 0.07128
1278.69092 0.05787
1281.38232 0.07682
1284.07446 0.05651
1286.76721 0.08442
1289.45862 0.02323
1292.15002 0.00767
1294.84265 0.06448
1297.53455 0.07187
1300.22644 0.03738
1302.91882 0.01546
1305.61023 0.05365
1308.30237 0.06669
1310.99414 0.07964
1313.68640 0.05871
1316.37781 0.03508
1319.07104 0.09300
1321.76172 0.10180
1324.45435 0.01360
1327.14600 -0.00265
1329.83850 0.05764
1332.53003 0.05768
1335.22266 0.01121
1337.91394 -0.02602
1340.60645 0.06786
1343.29761 0.05612
1345.99048 0.03778
1348.68201 0.03914
1351.37463 0.09468
1354.06580 0.08501
1356.75793 0.05344
1359.44946 0.01870
1362.14185 0.06518
1364.83362 0.07207
1367.52600 0.03177
1370.21790 0.06953
1372.91040 0.06785
1375.60229 0.04328
1378.29407 0.07857
1380.98584 0.03271
1383.67834 0.04861
1386.36914 0.08218
1389.06140 0.04861
1391.75439 0.04275
1394.44580 0.07062
1397.13757 0.08194
1399.83008 0.06718
1402.52148 0.09400
1405.21350 0.04843
1407.90527 0.03794
1410.59766 0.03676
1413.28979 0.07685
1415.98218 0.08476
1418.67358 0.01943
1421.36621 0.01700
1424.05762 0.05961
1426.74951 0.08118
1429.44165 0.03202
1432.13281 0.00806
1434.82581 0.03512
1437.51819 0.06833
1440.20862 -0.01594
1442.90173 0.02078
1445.59412 0.02295
1448.28552 0.08673
1450.97766 0.05763
1453.66931 0.03793
1456.36121 0.08613
1459.05322 0.08631
1461.74561 0.06399
1464.43701 0.05284
1467.12952 -0.01401
1469.82129 0.05907
1472.51392 0.04472
1475.20508 0.02801
1477.89709 0.06001
1480.58911 0.07969
1483.28101 0.06926
1485.97314 0.03335
1488.66516 0.08921
1491.35791 0.05431
1494.04907 0.04259
1496.74097 0.06150
1499.43274 0.04010
1502.12439 0.06087
1504.81677 0.04124
1507.50989 0.02807
1510.20105 0.08761
1512.89294 0.08393
1515.58545 0.06985
1518.27698 0.08052
1520.96826 0.08212
1523.66089 0.04600
1526.35254 0.00634
1529.04553 0.01940
1531.73730 0.11353
1534.42883 0.02767
1537.12012 0.00426
1539.81348 0.08742
1542.50476 0.12540
1545.19653 0.07378
1547.88892 0.02551
1550.58069 0.04078
1553.27283 0.07620
1555.96460 0.00440
1558.65601 -0.01347
1561.34778 0.00623
1564.04053 0.03627
1566.73303 0.08867
1569.42407 0.05989
1572.11707 0.06358
1574.80872 0.09215
1577.49963 0.05867
1580.19263 0.04056
1582.88489 0.02979
1585.57593 0.08436
1588.26868 0.03027
1590.96082 0.03825
1593.65234 0.02913
1596.34399 0.04971
1599.03577 0.06330
1601.72778 0.07059
1604.42078 0.04328
1607.11206 0.00685
1609.80518 0.04130
1612.49585 0.00795
1615.18835 0.02666
1617.88000 0.03690
1620.57251 0.04804
1623.26416 0.04175
1625.95581 0.13466
1628.64844 0.09565
1631.34009 0.03337
1634.03174 0.07389
1636.72412 0.12088
1639.41650 0.07774
1642.10791 0.01855
1644.79932 -0.00201
1647.49243 0.04938
1650.18347 0.04521
1652.87524 0.06212
1655.56787 0.06213
1658.25952 0.05971
1660.95166 0.05141
1663.64380 0.05276
1666.33557 0.04460
1669.02722 0.07593
1671.71960 0.07782
1674.41174 0.03272
1677.10339 0.07164
1679.79590 0.06166
1682.48804 0.07034
1685.18079 0.03107
1687.87134 0.01712
1690.56348 0.03252
1693.25610 0.09615
1695.94739 0.05141
1698.64014 0.01505
1701.33179 0.05310
1704.02380 0.06135
1706.71448 0.02357
1709.40845 0.05203
1712.09912 0.02499
1714.79126 -0.01254
1717.48389 0.03331
1720.17603 0.07160
1722.86670 0.04697
1725.55872 0.02626
1728.25098 0.05348
1730.94299 0.03843
1733.63611 0.04826
1736.32776 0.03486
1739.01892 0.04233
1741.71118 0.03919
1744.40295 0.04609
1747.09509 0.00555
1749.78748 0.04828
1752.47925 0.03424
1755.17029 0.05468
1757.86255 0.06643
1760.55615 0.04019
1763.24707 0.07819
1765.93921 0.02788
1768.63147 0.06344
1771.32300 0.02281
1774.01477 0.01371
1776.70679 0.08776
1779.39868 0.04524
1782.09106 0.04287
1784.78357 0.08507
1787.47412 0.06892
1790.16687 0.03956
1792.85864 0.00390
1795.55164 0.01386
1798.24280 0.05563
1800.93494 0.03087
1803.62805 0.01764
1806.31836 0.02933
1809.01062 0.04070
1811.70300 0.12966
1814.39429 0.10629
1817.08765 0.08016
1819.77905 0.06542
1822.47034 0.07523
1825.16272 0.03073
1827.85498 0.04766
1830.54712 0.04362
1833.23950 0.02247
1835.93042 0.02723
1838.62256 0.02762
1841.31445 0.06683
1844.00623 0.08311
1846.69897 0.06508
1849.39050 0.05858
1852.08203 0.03128
1854.77332 0.04585
1857.46643 0.05044
1860.15942 0.08932
1862.85010 0.08463
1865.54272 0.04600
1868.23401 0.03428
1870.92712 0.04545
1873.61804 0.07773
1876.31079 0.05180
1879.00208 -0.02302
1881.69421 0.04588
1884.38623 0.07631
1887.07776 -0.02629
1889.77002 0.03659
1892.46216 0.02825
1895.15479 0.01596
1897.84619 0.05773
1900.53711 0.04495
1903.22998 0.08869
1905.92224 0.08237
1908.61426 0.06250
1911.30566 0.04214
1913.99805 0.03629
1916.69080 0.03373
1919.38110 0.01580
1922.07422 0.00792
1924.76575 0.03336
1927.45886 0.07288
1930.14954 0.04689
1932.84167 0.05866
1935.53357 0.06729
1938.22583 0.08047
1940.91858 0.06515
1943.60974 0.05426
1946.30164 0.07505
1948.99390 0.05153
1951.68567 0.01342
1954.37781 0.05613
1957.06946 0.05041
1959.76160 0.08076
1962.45422 0.06423
1965.14624 0.06391
1967.83752 0.05707
1970.52942 0.03776
1973.22058 0.02792
1975.91321 0.05498
1978.60522 0.06266
1981.29858 0.02974
1983.98914 0.07214
1986.68127 0.06034
1989.37378 0.05436
1992.06543 0.03389
1994.75757 0.03290
1997.44983 0.03049
2000.14160 0.06951
2002.83252 0.04592
2005.52478 0.04409
2008.21741 0.06998
2010.90930 0.09188
2013.60144 0.02563
2016.29382 0.01331
2018.98535 0.01545
2021.67712 0.05740
2024.36926 0.03848
2027.06165 0.00582
2029.75305 0.05150
2032.44470 0.08983
2035.13672 0.01488
2037.82874 0.04308
2040.52100 0.03214
2043.21362 0.06246
2045.90515 0.02543
2048.59692 0.06146
2051.29004 0.06173
2053.98071 0.05117
2056.67310 0.06569
2059.36548 0.09104
2062.05664 0.05260
2064.74829 0.05950
2067.44092 0.04002
2070.13257 0.02440
2072.82544 0.05328
2075.51611 0.06064
2078.20801 0.02994
2080.90112 0.05028
2083.59326 0.06012
2086.28516 0.07224
2088.97729 0.07736
2091.66943 0.03880
2094.36035 0.04757
2097.05249 -0.00130
2099.74463 0.05182
2102.43677 0.00722
2105.12891 0.03610
2107.82007 0.02355
2110.51318 0.01595
2113.20410 0.06317
2115.89600 0.10053
2118.58813 0.08690
2121.28125 0.04047
2123.97168 0.05766
2126.66357 0.06311
2129.35620 0.04692
2132.04785 0.00108
2134.74023 0.03179
2137.43286 0.08839
2140.12500 0.07994
2142.81616 0.04084
2145.50928 0.06059
2148.19995 0.06288
2150.89160 0.08538
2153.58447 0.04250
2156.27686 0.03515
2158.96802 0.08837
2161.66138 0.08266
2164.35229 0.03664
2167.04395 0.07897
2169.73657 0.05705
2172.42896 0.05907
2175.12012 0.06914
2177.81201 0.04911
2180.50488 0.07455
2183.19507 0.03991
2185.88867 0.04110
2188.58081 0.04924
2191.27246 0.04414
2193.96387 0.05095
2196.65649 0.06628
2199.34839 0.05695
2202.04028 0.05879
2204.73145 0.03244
2207.42383 0.04019
2210.11572 0.09344
2212.80859 0.05885
2215.50073 0.04324
2218.19165 0.02943
2220.88452 0.02030
2223.57568 0.05446
2226.26782 0.02633
2228.95947 0.02100
2231.65186 0.04317
2234.34375 0.03889
2237.03540 0.05300
2239.72778 0.01891
2242.41968 0.06950
2245.11230 0.06294
2247.80444 0.01230
2250.49512 0.03374
2253.18750 0.05769
2255.87939 0.05049
2258.57104 0.05928
2261.26318 0.00278
2263.95483 0.05716
2266.64868 0.05768
2269.34033 0.01985
2272.03174 -0.01637
2274.72241 0.06538
2277.41650 0.07089
2280.10742 0.07402
2282.79883 0.04742
2285.49121 0.05626
2288.18286 0.05805
2290.87622 0.03039
2293.56787 0.07517
2296.25903 0.05756
2298.95190 0.07536
2301.64307 0.06792
2304.33472 0.06008
2307.02832 0.04460
2309.71851 0.01562
2312.41089 0.03404
2315.10376 0.01746
2317.79590 0.07416
2320.48730 0.01350
2323.17920 0.04634
2325.87061 0.07010
2328.56372 0.06553
2331.25488 0.02933
2333.94800 0.04339
2336.63892 0.06970
2339.33154 0.06230
2342.02246 0.06083
2344.71509 0.05185
2347.40820 0.09401
2350.09790 0.07551
2352.79077 0.06000
2355.48267 0.02869
2358.17529 0.03226
2360.86694 0.08179
2363.55908 0.03978
2366.25024 0.05076
2368.94214 0.04053
2371.63452 0.07702
2374.32715 0.05222
2377.01904 0.01436
2379.71143 0.06255
2382.40405 0.06105
2385.09473 0.06380
2387.78809 0.07564
2390.47827 0.07064
2393.17114 0.08865
2395.86230 0.08789
2398.55469 0.02361
2401.24634 0.02429
2403.93970 0.06475
2406.62939 0.01193
2409.32227 0.01879
2412.01416 0.03405
2414.70630 0.06818
2417.39746 0.05687
2420.08887 0.09609
2422.78345 0.07550
2425.47437 0.05913
2428.16675 0.02653
2430.85840 0.04745
2433.55029 0.05407
2436.24097 0.01699
2438.93481 0.05790
2441.62622 0.05651
2444.31909 0.07733
2447.00977 0.07091
2449.70190 0.02403
2452.39453 0.03278
2455.08594 0.06664
2457.77759 0.05190
2460.46948 -0.02258
2463.16162 0.01722
2465.85400 0.07709
2468.54663 0.08540
2471.23804 0.04672
2473.92969 0.06358
2476.62183 0.07739
2479.31396 0.08705
2482.00488 0.08659
2484.69727 0.06174
2487.39014 0.03785
2490.08154 0.06875
2492.77490 0.01715
2495.46533 0.02996
2498.15723 0.06509
2500.84961 0.05045
2503.54199 0.06387
2506.23438 0.05185
2508.92578 0.05604
2511.61719 0.08929
2514.31006 0.04521
2517.00317 0.06181
2519.69336 0.05007
2522.38525 0.03913
2525.07715 0.04850
2527.76929 0.03765
2530.46143 0.07769
2533.15503 0.06462
2535.84619 0.04935
2538.53711 0.05359
2541.22949 0.03740
2543.92065 0.05467
2546.61328 0.04049
2549.30591 0.06600
2551.99731 0.04452
2554.68872 0.03901
2557.38135 0.04198
2560.07275 0.07100
2562.76562 0.08339
2565.45679 0.05965
2568.14966 0.06762
2570.84277 0.06058
2573.53394 0.08182
2576.22412 0.07443
2578.91675 0.02461
2581.60815 0.07397
2584.30103 0.08104
2586.99219 0.05783
2589.68481 0.00453
2592.37622 0.05941
2595.06885 0.07338
2597.76123 0.03345
2600.45239 0.01800
2603.14478 0.07870
2605.83716 0.04532
2608.52930 0.06068
2611.21997 0.06276
2613.91357 0.07253
2616.60571 0.07190
2619.29736 0.05708
2621.98779 0.04233
2624.68237 0.06290
2627.37231 0.05429
2630.06519 0.06043
2632.75659 0.03639
2635.45044 0.04987
2638.13989 0.05179
2640.83228 0.05162
2643.52441 0.01557
2646.21655 0.01915
2648.90820 0.03933
2651.59985 0.05533
2654.29297 0.04377
2656.98413 0.07290
2659.67676 0.06232
2662.36890 0.05736
2665.06104 0.05951
2667.75293 0.07772
2670.44336 0.05775
2673.13623 0.04929
2675.82764 0.06229
2678.52148 0.09373
2681.21240 0.04300
2683.90576 0.06579
2686.59619 0.05744
2689.28906 0.09746
2691.98047 0.06012
2694.67285 0.04818
2697.36523 0.05848
2700.05688 0.07645
2702.74878 0.04443
2705.44019 0.01840
2708.13135 0.02315
2710.82495 0.09051
2713.51538 0.07749
2716.20850 0.06622
2718.90015 0.07021
2721.59253 0.10738
2724.28467 0.07965
2726.97510 0.05996
2729.66821 0.04196
2732.35938 0.04959
2735.05298 0.04265
2737.74365 0.03676
2740.43677 0.02313
2743.12793 0.04367
2745.82056 0.07299
2748.51245 0.06091
2751.20410 0.05172
2753.89526 0.07190
2756.58765 0.06077
2759.27979 0.04367
2761.97144 0.05986
2764.66406 0.04503
2767.35474 0.03353
2770.04785 0.05208
2772.73950 0.05800
2775.43188 0.05992
2778.12427 0.04191
2780.81543 0.05417
2783.50854 0.06112
2786.20093 0.04421
2788.89258 0.04992
2791.58374 0.02054
2794.27612 0.03429
2796.96680 0.06684
2799.65967 0.03794
2802.35205 0.05331
2805.04395 0.05826
2807.73560 0.03754
2810.42676 0.05554
2813.12036 0.06737
2815.81201 0.07537
2818.50415 0.07738
2821.19482 0.02328
2823.88794 0.00925
2826.57886 0.05269
2829.27246 0.04414
2831.96387 0.07413
2834.65649 0.03787
2837.34668 0.05775
2840.03931 0.09073
2842.73047 0.04818
2845.42358 0.02258
2848.11475 0.05254
2850.80688 0.05183
2853.50000 0.04662
2856.19092 0.04944
2858.88452 0.01445
2861.57593 0.06544
2864.26660 0.06145
2866.95996 0.07481
2869.65088 0.05585
2872.34277 0.06007
2875.03589 0.05688
2877.72656 0.03547
2880.41821 0.03969
2883.11084 0.05858
2885.80444 0.03288
2888.49414 0.06677
2891.18799 0.04707
2893.87793 0.05812
2896.57202 0.06128
2899.26367 0.06071
2901.95654 0.07184
2904.64697 0.03501
2907.33984 0.01706
2910.03223 0.06600
2912.72192 0.05676
2915.41455 0.05879
2918.10791 0.00576
2920.79834 0.03724
2923.48877 0.06431
2926.18311 0.03327
2928.87500 0.03873
2931.56641 0.07691
2934.25830 0.05735
2936.95142 0.07715
2939.64209 0.04449
2942.33496 0.05103
2945.02734 0.04650
2947.71729 0.06453
2950.41113 0.04820
2953.10449 0.02344
2955.79346 0.05308
2958.48511 0.08597
2961.17920 0.05567
2963.86914 0.05120
2966.56177 0.05533
2969.25513 0.07328
2971.94580 -0.00664
2974.63892 0.02823
2977.32959 0.02552
2980.02295 0.07140
2982.71387 0.05786
2985.40527 0.04434
2988.09912 0.08414
2990.78931 0.06742
2993.48315 0.07326
2996.17456 0.05526
2998.86646 0.06029
3001.55786 0.03239
3004.24976 0.04830
3006.94116 0.04704
3009.63477 0.04064
3012.32568 0.04132
3015.01904 0.04785
3017.70996 0.07259
3020.40332 0.07064
3023.09399 0.05737
3025.78687 0.06014
3028.47754 0.06471
3031.16895 0.05130
3033.86084 0.04244
3036.55518 0.01622
3039.24512 0.07627
3041.93750 0.05475
3044.63086 0.04454
3047.32153 0.03697
3050.01245 0.08962
3052.70605 0.08242
3055.39697 0.04495
3058.09033 0.06027
3060.78101 0.07058
3063.47437 0.04999
3066.16626 0.04533
3068.85718 0.03954
3071.54883 0.05684
3074.24121 0.07730
3076.93457 0.06686
3079.62646 0.08003
3082.31763 0.04942
3085.01074 0.06915
3087.70142 0.06144
3090.39282 0.06964
3093.08643 0.04891
3095.77881 0.06173
3098.46875 0.02597
3101.16064 0.06777
3103.85376 0.06180
3106.54541 0.08091
3109.23755 0.08235
3111.93066 0.09467
3114.62061 0.03764
3117.31323 0.04356
3120.00464 0.03988
3122.69653 0.05961
3125.38916 0.07772
3128.08252 0.04237
3130.77271 0.05529
3133.46387 0.06720
3136.15698 0.04718
3138.84741 0.04554
3141.54199 0.06226
3144.23340 0.05655
3146.92407 0.07005
3149.61841 0.04127
3152.31006 0.03872
3155.00024 0.05732
3157.69336 0.05731
3160.38452 0.05780
3163.07690 0.04721
3165.76953 0.07823
3168.45923 0.08199
3171.15283 0.08076
3173.84546 0.03034
3176.53882 0.03199
3179.22876 0.06625
3181.91943 0.01930
3184.61230 0.03184
3187.30444 0.04065
3189.99634 0.05629
3192.68774 0.05730
3195.38086 0.01646
3198.07300 0.04773
3200.76367 0.07808
3203.45483 0.06108
3206.14844 0.08219
3208.84082 0.04729
3211.53394 0.04932
3214.22559 0.02985
3216.91577 0.04386
3219.60815 0.05892
3222.30103 0.03085
3224.99316 0.06810
3227.68335 0.04859
3230.37793 0.04628
3233.06934 0.06736
3235.76099 0.04531
3238.45166 0.04897
3241.14429 0.05751
3243.83765 0.06796
3246.52783 0.00953
3249.22021 0.04647
3251.91284 0.04591
3254.60449 0.06440
3257.29614 0.03902
3259.98853 0.05839
3262.67944 0.09473
3265.37280 0.06640
3268.06470 0.05057
3270.75708 0.03195
3273.44775 0.03516
3276.13892 0.04830
3278.83057 0.01595
3281.52466 0.05161
3284.21533 0.08568
3286.90820 0.04629
3289.59985 0.05182
3292.29199 0.03974
3294.98413 0.08434
3297.67676 0.06196
3300.36816 0.04639
3303.05981 0.03269
3305.75171 0.04870
3308.44238 0.02893
3311.13696 0.07195
3313.82837 0.04459
3316.52002 0.04154
3319.21240 0.07205
3321.90454 0.05349
3324.59570 0.06003
3327.28687 0.09760
3329.98047 0.04633
3332.67261 0.04647
3335.36328 0.01788
3338.05591 0.03085
3340.74707 0.05772
3343.44043 0.04684
3346.13037 0.04733
3348.82275 0.07327
3351.51538 0.05017
3354.20630 0.07885
3356.90137 0.09381
3359.59302 0.06814
3362.28296 0.04711
3364.97534 0.03127
3367.66797 0.06067
3370.35889 0.05245
3373.05029 0.02723
3375.74390 0.04878
3378.43579 0.06644
3381.12817 0.08504
3383.82056 0.07977
3386.51343 0.02424
3389.20483 0.05682
3391.89600 0.06747
3394.58765 0.06023
3397.28174 0.01035
3399.97046 0.06899
3402.66309 0.06572
3405.35571 0.05028
3408.04688 0.06710
3410.74023 0.12539
3413.43018 0.07141
3416.12231 0.07459
3418.81616 0.06206
3421.50684 0.07597
3424.19946 0.05671
3426.89087 0.04464
3429.58203 0.05059
3432.27539 0.05419
3434.96533 0.07390
3437.65918 0.05787
3440.35132 0.05128
3443.04370 0.06529
3445.73462 0.03801
3448.42725 0.08603
3451.11865 0.04410
3453.81006 0.04540
3456.50171 0.02320
3459.19531 0.02255
3461.88721 0.06564
3464.57764 0.06155
3467.27148 0.08472
3469.96411 0.04219
3472.65308 0.08530
3475.34766 0.06979
3478.03906 0.01730
3480.73242 0.03983
3483.42212 0.04828
3486.11377 0.04700
3488.80737 0.04316
3491.49731 0.04443
3494.19165 0.05933
3496.88403 0.09040
3499.57617 0.05314
3502.26685 0.06575
3504.95776 0.07198
3507.65088 0.10532
3510.34180 0.06778
3513.03516 0.02583
3515.72656 0.01372
3518.41821 0.05448
3521.10986 0.03491
3523.80151 0.03137
3526.49536 0.05503
3529.18726 0.05208
3531.87769 0.07627
3534.57007 0.05187
3537.26416 0.05191
3539.95459 0.06312
3542.64526 0.05660
3545.33789 0.05528
3548.03076 0.07232
3550.72192 0.05274
3553.41479 0.05401
3556.10571 0.05186
3558.79883 0.06115
3561.48999 0.03943
3564.18140 0.06870
3566.87500 0.05417
3569.56641 0.08736
3572.26001 0.05812
3574.94971 0.04705
3577.64331 0.05488
3580.33301 0.01631
3583.02686 0.03969
3585.71899 0.05817
3588.41064 0.06436
3591.10059 0.04160
3593.79492 0.07203
3596.48682 0.05220
3599.17871 0.02562
3601.87109 0.08264
3604.56104 0.01178
3607.25342 0.01558
3609.94580 0.04516
3612.63794 0.06284
3615.33032 0.05373
3618.02075 0.05136
3620.71289 0.05728
3623.40527 0.08370
3626.09766 0.09032
3628.78979 0.03826
3631.48218 0.04928
3634.17261 0.06139
3636.86523 0.08857
3639.55737 0.04609
3642.24976 0.04490
3644.94019 0.05690
3647.63452 0.08484
3650.32471 0.06422
3653.01904 0.07002
3655.70947 0.06935
3658.39966 0.05661
3661.09375 0.06633
3663.78394 0.08641
3666.47632 0.06508
3669.17017 0.06464
3671.86035 0.05317
3674.55444 0.07672
3677.24658 0.03242
3679.93848 0.04119
3682.62817 0.07443
3685.32202 0.04962
3688.01367 0.01535
3690.70581 0.06104
3693.39746 0.06783
3696.08911 0.07998
3698.78223 0.02263
3701.47388 0.03124
3704.16528 0.03460
3706.85864 0.05036
3709.54785 0.05426
3712.24097 0.03525
3714.93433 0.03999
3717.62524 0.07209
3720.31592 0.06252
3723.00879 0.04871
3725.70142 0.03879
3728.39209 0.04084
3731.08472 0.06379
3733.77905 0.05690
3736.46948 0.06817
3739.16357 0.06580
3741.85181 0.06822
3744.54370 0.05463
3747.23535 0.06000
3749.92920 0.05033
3752.62085 0.07878
3755.31421 0.07121
3758.00562 0.04501
3760.69873 0.01566
3763.38794 0.04030
3766.08081 0.05693
3768.77173 0.06342
3771.46631 0.05028
3774.15698 0.06213
3776.84741 0.07365
3779.54175 0.03065
3782.23364 0.03707
3784.92578 0.01569
3787.61743 0.05202
3790.30688 0.00895
3793.00073 0.02606
3795.69165 0.05976
3798.38501 0.07378
3801.07593 0.06309
3803.76855 0.06801
3806.46118 0.05571
3809.15161 0.06251
3811.84570 0.06765
3814.53589 0.05595
3817.22974 0.04547
3819.92139 0.05370
3822.61304 0.03537
3825.30444 0.05948
3827.99536 0.05543
3830.68823 0.04069
3833.38086 0.05168
3836.07129 0.06041
3838.76367 0.06799
3841.45581 0.03241
3844.14795 0.05564
3846.83960 0.05847
3849.53076 0.04345
3852.22607 0.07765
3854.91724 0.04231
3857.60767 0.05165
3860.29834 0.05486
3862.99072 0.03446
3865.68262 0.03394
3868.37476 0.06813
3871.06836 0.07931
3873.75977 0.04822
3876.45288 0.05469
3879.14404 0.04926
3881.83667 0.07730
3884.52686 0.05974
3887.21899 0.04069
3889.91089 0.05938
3892.60474 0.05818
3895.29614 0.06585
3897.98511 0.04495
3900.68018 0.00472
3903.37280 0.05177
3906.06494 0.02639
3908.75513 0.06044
3911.44678 0.03314
3914.14062 0.06103
3916.83154 0.04942
3919.52271 0.05977
3922.21533 0.08680
3924.90796 0.04724
3927.59985 0.02191
3930.29175 0.07211
3932.98315 0.05237
3935.67456 0.03953
3938.36743 0.02676
3941.05811 0.04974
3943.75244 0.06626
3946.44238 0.03416
3949.13867 0.03507
3951.82568 0.05939
3954.51880 0.06742
3957.21167 0.06918
3959.90430 0.03090
3962.59424 0.06345
3965.28638 0.07088
3967.97998 0.07913
3970.67090 0.05799
3973.36377 0.04973
3976.05640 0.04763
3978.74683 0.06769
3981.43848 0.05115
3984.13232 0.07680
3986.82153 0.03913
3989.51440 0.06403
3992.20703 0.06119
3994.89893 0.04131
3997.59326 0.06385
4000.28027 0.06827
4002.97363 0.00939
4005.66650 0.05630
4008.35889 0.04507
4011.05127 0.06819
4013.74292 0.04929
4016.43433 0.05441
4019.12720 0.04624
4021.81787 0.05759
4024.51245 0.04062
4027.20435 0.04103
4029.89355 0.01061
4032.58667 0.04169
4035.27734 0.05875
4037.96997 0.06237
4040.66211 0.05153
4043.35376 0.04834
4046.04688 0.04551
4048.73999 0.06396
4051.43018 0.06703
4054.12256 0.06527
4056.81421 0.03968
4059.50757 0.03611
4062.19849 0.05184
4064.88892 0.04077
4067.58081 0.03348
4070.27466 0.07009
4072.96606 0.07660
4075.65674 0.06609
4078.35181 0.04996
4081.04126 0.08826
4083.73535 0.08018
4086.42627 0.05065
4089.11694 0.06000
4091.80957 0.05893
4094.50171 0.08135
4097.19531 0.04876
4099.88623 0.07174
4102.57910 0.06145
4105.26904 0.06899
4107.96338 0.05963
4110.65674 0.04905
4113.34766 0.05225
4116.04004 0.04308
4118.72998 0.01924
4121.42188 0.04427
4124.11523 0.05343
4126.80518 0.05863
4129.49805 0.03905
4132.18945 0.05693
4134.88086 0.11825
4137.57373 0.05432
4140.26660 -0.29763
4142.95850 0.07496
4145.65039 -0.02983
4148.34082 0.06044
4151.03369 0.11611
4153.72559 0.09934
4156.41748 0.03791
4159.11084 0.06632
4161.80127 0.11666
4164.49365 0.10278
4167.18555 0.07680
4169.87646 0.04190
4172.56982 0.07376
4175.26172 0.06387
4177.95166 0.03014
4180.64502 0.01133
4183.33594 0.04524
4186.03076 0.07590
4188.72266 0.08982
4191.41602 0.03202
4194.10693 0.08658
4196.79932 0.07086
4199.49121 0.06289
4202.18018 0.03932
4204.87061 0.05474
4207.56787 0.08954
4210.25732 0.06858
4212.95117 0.02690
4215.64160 0.03512
4218.33154 0.05215
4221.02588 0.07863
4223.71680 0.06035
4226.40967 0.04683
4229.10205 0.05439
4231.79395 0.07669
4234.48535 0.05493
4237.17773 0.05823
4239.87012 0.06056
4242.55908 0.07177
4245.25488 0.02601
4247.94482 0.03810
4250.63721 0.05193
4253.32861 0.07701
4256.02148 0.02673
4258.71143 0.06644
4261.40820 0.05292
4264.09717 0.03611
4266.79004 0.05079
4269.47998 0.04359
4272.17383 0.06494
4274.86475 0.03656
4277.55762 0.05269
4280.25195 0.07849
4282.94092 0.04753
4285.63379 0.05640
4288.32617 0.03731
4291.01758 0.05943
4293.70850 0.05459
4296.40186 0.05923
4299.09131 0.03333
4301.78516 0.06396
4304.47803 0.03003
4307.17041 0.04278
4309.86230 0.04305
4312.55322 0.05494
4315.24365 0.05392
4317.93555 0.03856
4320.62891 0.07232
4323.32227 0.03254
4326.01465 0.06440
4328.70361 0.04664
4331.39453 0.05673
4334.08691 0.03341
4336.78125 0.08260
4339.47217 0.03806
4342.16260 0.05548
4344.85498 0.05410
4347.54883 0.05387
4350.23926 0.06194
4352.93164 0.02423
4355.62305 0.05370
4358.31885 0.08730
4361.00928 0.06339
4363.70068 0.05361
4366.39160 0.04926
4369.08496 0.03531
4371.77686 0.07420
4374.46533 0.07896
4377.16064 0.07151
4379.85303 0.07462
4382.54443 0.05774
4385.23730 0.06169
4387.92725 0.06529
4390.62109 0.06967
4393.31201 0.05152
4396.00439 0.03988
4398.69629 0.06435
4401.38965 0.06164
4404.07959 0.04424
4406.77148 0.03207
4409.46484 0.06149
4412.15527 0.04317
4414.84961 0.05158
4417.54053 0.03752
4420.23096 0.06182
4422.92480 0.05606
4425.61621 0.03493
4428.30908 0.01602
4431.00098 0.07750
4433.69238 0.06145
4436.38281 0.06683
4439.07471 0.04428
4441.76807 0.07574
4444.45850 0.05125
4447.15332 0.05663
4449.84180 0.06807
4452.53711 0.03664
4455.22656 0.04794
4457.92041 0.04701
4460.61328 0.04325
4463.30322 0.07064
4465.99658 0.05163
4468.68701 0.07340
4471.37891 0.08301
4474.07275 0.06467
4476.76514 0.03911
4479.45703 0.04813
4482.14844 0.05059
4484.83838 0.06106
4487.53076 0.03839
4490.22363 0.05621
4492.91650 0.07657
4495.60596 0.06366
4498.29932 0.03785
4500.99170 0.06099
4503.68359 0.06680
4506.37646 0.05764
4509.06885 0.02980
4511.76074 0.02580
4514.45117 0.05640
4517.14355 0.04706
4519.83740 0.04998
4522.52783 0.05483
4525.22021 0.05078
4527.91162 0.06507
4530.60400 0.06774
4533.29590 0.03934
4535.98730 0.05418
4538.68018 0.04773
4541.37158 0.06261
4544.06250 0.04698
4546.75488 0.06200
4549.44678 0.06761
4552.13965 0.06298
4554.82959 0.07485
4557.52344 0.05953
4560.21631 0.07709
4562.90820 0.02924
4565.59961 0.06067
4568.28955 0.05521
4570.98389 0.04725
4573.67480 0.05533
4576.36719 0.05800
4579.05859 0.03144
4581.75195 0.07524
4584.44385 0.06999
4587.13525 0.05239
4589.82764 0.05656
4592.51953 0.03611
4595.20801 0.05794
4597.90283 0.03057
4600.59473 0.01747
4603.28760 0.05692
4605.97998 0.03617
4608.66846 0.05801
4611.36377 0.05468
4614.05322 0.07293
4616.74658 0.03904
4619.43896 0.08020
4622.13037 0.08651
4624.82080 0.03869
4627.51562 0.01645
4630.20410 0.02859
4632.89893 0.04060
4635.59082 0.05247
4638.28174 0.04575
4640.97607 0.04292
4643.66504 0.08143
4646.35791 0.09755
4649.04980 0.05437
4651.74268 0.06193
4654.43555 0.07498
4657.12695 0.05769
4659.81982 0.02800
4662.51172 0.03318
4665.20264 0.05505
4667.89258 0.03724
4670.58691 0.05861
4673.27686 0.04964
4675.97168 0.09019
4678.66016 0.06163
4681.35547 0.03997
4684.04639 0.06063
4686.73975 0.04282
4689.42920 0.04104
4692.12012 0.02788
4694.81299 0.02623
4697.50684 0.05653
4700.19775 0.04649
4702.88965 0.05067
4705.58301 0.06833
4708.27588 0.05375
4710.96729 0.03734
4713.65723 0.05916
4716.35205 0.06040
4719.04297 0.06538
4721.73291 0.02489
4724.42676 0.04603
4727.11719 0.03785
4729.80908 0.03607
4732.50244 0.01568
4735.19482 0.03551
4737.88623 0.07824
4740.57617 0.05434
4743.27100 0.05064
4745.95898 0.04168
4748.65332 0.03129
4751.34717 0.03600
4754.03711 0.06340
4756.72852 0.05747
4759.42188 0.09698
4762.11377 0.06535
4764.80469 0.05290
4767.49707 0.04675
4770.19092 0.03687
4772.88135 0.05928
4775.57275 0.02753
4778.26904 0.04749
4780.95801 0.03949
4783.64941 0.03099
4786.33936 0.04824
4789.03320 0.03618
4791.72607 0.05491
4794.41797 0.05909
4797.11133 0.06795
4799.80078 0.05123
4802.49463 0.04582
4805.18457 0.06262
4807.87598 0.03701
4810.57178 0.03703
4813.26074 0.04424
4815.95410 0.03046
4818.64600 0.04254
4821.33984 0.06352
4824.02734 0.03762
4826.72119 0.04491
4829.41406 0.05131
4832.10596 0.04970
4834.79688 0.03818
4837.49121 0.06266
4840.17969 0.02421
4842.87207 0.04588
4845.56348 0.04980
4848.25879 0.06150
4850.95068 0.05053
4853.64111 0.05728
4856.33301 0.03956
4859.02637 0.06525
4861.71582 0.03604
4864.40967 0.04747
4867.10205 0.06841
4869.79102 0.05601
4872.48389 0.05153
4875.17822 0.06000
4877.86572 0.04242
4880.56055 0.07455
4883.25391 0.06154
4885.94629 0.06836
4888.63477 0.05354
4891.32715 0.06575
4894.02148 0.04322
4896.71436 0.05752
4899.40576 0.05064
4902.09912 0.01675
4904.78809 0.03423
4907.47900 0.06956
4910.17090 0.07986
4912.86475 0.06390
4915.55664 0.06179
4918.24805 0.04490
4920.94092 0.04487
4923.63232 0.03667
4926.32520 0.04617
4929.01660 0.02456
4931.70996 0.05695
4934.40186 0.02349
4937.09229 0.04225
4939.78467 0.05822
4942.47803 0.04696
4945.17041 0.05378
4947.86133 0.04405
4950.55420 0.07408
4953.24561 0.08137
4955.93555 0.02676
4958.62695 0.04934
4961.32275 0.05350
4964.01172 0.06896
4966.70215 0.01096
4969.39404 0.04414
4972.08984 0.05325
4974.77930 0.04056
4977.47314 0.08024
4980.16553 0.07093
4982.85645 0.06523
4985.55176 0.03324
4988.24268 0.04561
4990.93262 0.06922
4993.62402 0.05050
4996.31641 0.06709
4999.00830 0.05240
5001.70117 0.05033
5004.38965 0.07659
5007.08594 0.05643
5009.77490 0.06520
5012.46826 0.04657
5015.16016 0.02012
5017.85059 0.04544
5020.54248 0.02767
5023.23584 -0.00171
5025.92822 0.03342
5028.62207 0.05419
5031.31152 0.05040
5034.00244 0.04991
5036.69482 0.03409
5039.38867 0.05763
5042.08105 0.09497
5044.77246 0.04969
5047.46533 0.05540
5050.15625 0.06048
5052.84912 0.06274
5055.54053 0.05943
5058.23340 0.03121
5060.92480 0.08366
5063.61523 0.03463
5066.30664 0.04348
5068.99951 0.09282
5071.69141 0.05771
5074.38477 0.04016
5077.07617 0.05701
5079.76660 0.04070
5082.46094 0.02516
5085.15137 0.00499
5087.84326 0.05709
5090.53369 0.03987
5093.22852 0.06265
5095.91650 0.04827
5098.61084 0.06362
5101.30420 0.04646
5103.99365 0.04598
5106.68701 0.05201
5109.37891 0.03864
5112.07275 0.07343
5114.76172 0.03934
5117.45508 0.04579
5120.14746 0.05134
5122.84082 0.07204
5125.53027 0.06438
5128.22363 0.03481
5130.91309 0.03961
5133.60645 0.07232
5136.30127 0.06895
5138.98926 0.03180
5141.68457 0.02637
5144.37500 0.05070
5147.06738 0.04083
5149.75781 0.04176
5152.45020 0.04122
5155.14062 0.06469
5157.83252 0.03434
5160.52930 0.05203
5163.21826 0.05708
5165.90869 0.06667
5168.60400 0.02115
5171.29443 0.05288
5173.98633 0.05767
5176.67725 0.04555
5179.37158 0.04400
5182.06250 0.05758
5184.75439 0.06509
5187.44775 0.03361
5190.13965 0.05010
5192.83008 0.06589
5195.52148 0.04607
5198.21484 0.04683
5200.90674 0.05547
5203.59668 0.03673
5206.29150 0.06670
5208.98193 0.04912
5211.67334 0.04103
5214.36621 0.03625
5217.06055 0.08101
5219.75098 0.06072
5222.44189 0.04508
5225.13525 0.02756
5227.82617 0.06513
5230.51904 0.02923
5233.21045 0.03468
5235.89990 0.05855
5238.59082 0.02785
5241.28955 0.05206
5243.97754 0.07983
5246.66992 0.03219
5249.36377 0.03862
5252.05615 0.05262
5254.74365 0.07603
5257.43896 0.04081
5260.12939 0.06902
5262.82178 0.03758
5265.51514 0.05112
5268.20410 0.03710
5270.89746 0.02320
5273.59180 0.07400
5276.28223 0.05450
5278.97363 0.07177
5281.66650 0.05383
5284.35547 0.05490
5287.04785 0.04714
5289.74219 0.03596
5292.43506 0.04837
5295.12305 0.05325
5297.81836 0.04601
5300.50928 0.05926
5303.20166 0.05844
5305.89258 0.01555
5308.58496 0.05785
5311.27783 0.05397
5313.97021 0.04431
5316.66309 0.04099
5319.35254 0.04358
5322.04541 0.00539
5324.73682 0.06715
5327.42969 0.04160
5330.12402 0.04082
5332.81396 0.03984
5335.50537 0.08058
5338.20068 0.05002
5340.88867 0.03119
5343.58057 0.07932
5346.27441 0.04439
5348.96338 0.05055
5351.65723 0.06966
5354.35156 0.03787
5357.04199 0.04220
5359.73047 0.01984
5362.42383 0.04679
5365.11816 0.01806
5367.80762 0.06195
5370.49902 0.06555
5373.19141 0.02680
5375.88818 0.04482
5378.58008 0.05057
5381.26807 0.03861
5383.95996 0.03381
5386.65332 0.02944
5389.34473 0.06391
5392.03760 0.05358
5394.72949 0.02945
5397.41895 0.06902
5400.11328 0.05828
5402.80273 0.05689
5405.49658 0.04440
5408.18848 0.05833
5410.88232 0.02650
5413.57422 0.04422
5416.26465 0.04283
5418.95605 0.03458
5421.64941 0.05395
5424.34326 0.03039
5427.03320 0.05556
5429.72412 0.05901
5432.41943 0.06405
5435.10986 0.04647
5437.80225 0.06017
5440.49219 0.06091
5443.18701 0.06691
5445.87695 0.02813
5448.56836 0.08284
5451.26123 0.07263
5453.95215 0.07221
5456.64453 0.06191
5459.33545 0.05826
5462.02734 0.03056
5464.72070 0.06541
5467.41211 0.04376
5470.10547 0.06463
5472.79688 0.05394
5475.48926 0.02940
5478.18018 0.04699
5480.87549 0.04069
5483.56592 0.06887
5486.25781 0.05658
5488.94824 0.05655
5491.64014 0.04500
5494.33594 0.04900
5497.02393 0.04328
5499.71680 0.04465
5502.40723 0.03510
5505.10254 0.04348
5507.79297 0.05941
5510.48438 0.03131
5513.17725 0.10651
5515.86865 0.05885
5518.55811 0.07802
5521.25195 0.04889
5523.94482 0.05028
5526.63525 0.04458
5529.32666 0.04449
5532.02002 0.06370
5534.71143 0.05867
5537.40723 0.04152
5540.09521 0.04775
5542.78711 0.03652
5545.48096 0.02996
5548.17334 0.06770
5550.86328 0.06863
5553.55469 0.06990
5556.24707 0.02944
5558.93848 0.03981
5561.63379 0.01957
5564.32715 0.02470
5567.01562 0.07116
5569.70557 0.03759
5572.39697 0.04894
5575.09277 0.03603
5577.78418 0.03820
5580.47607 0.05848
5583.16699 0.05052
5585.85840 0.03886
5588.55469 0.02866
5591.24268 0.04426
5593.93555 0.03804
5596.62598 0.03587
5599.32129 0.04309
5602.01465 0.04846
5604.70361 0.05550
5607.39600 0.06236
5610.09082 0.03340
5612.77979 0.06169
5615.47021 0.05722
5618.16211 0.05015
5620.85547 0.04497
5623.54639 0.04810
5626.23926 0.04472
5628.93066 0.02508
5631.62256 0.05187
5634.31592 0.05547
5637.00781 0.07331
5639.69775 0.05777
5642.39160 0.06923
5645.08447 0.04718
5647.77490 0.01794
5650.46631 0.04735
5653.15967 0.03738
5655.85449 0.02953
5658.54688 0.02320
5661.23438 0.03784
5663.92676 0.04078
5666.61719 0.07048
5669.31152 0.05774
5672.00439 0.04600
5674.69531 0.04310
5677.38770 0.04210
5680.07812 0.02651
5682.76953 0.04589
5685.46289 0.04159
5688.15674 0.06114
5690.84619 0.04192
5693.54004 0.05496
5696.23145 0.08094
5698.92480 0.04077
5701.61621 0.05813
5704.30859 0.03389
5707.00195 0.04613
5709.69385 0.06234
5712.38379 0.04999
5715.07520 0.03313
5717.76807 0.03774
5720.45850 0.03725
5723.15381 0.02443
5725.84375 0.06873
5728.53516 0.07789
5731.22754 0.05013
5733.92188 0.03032
5736.61035 0.03783
5739.30371 0.04240
5741.99512 0.07564
5744.68506 0.04429
5747.37891 0.05301
5750.07080 0.06295
5752.76074 0.04376
5755.45557 0.03306
5758.14795 0.04835
5760.83887 0.05053
5763.53076 0.06247
5766.22412 0.04229
5768.91211 0.05337
5771.60791 0.03216
5774.29883 0.02445
5776.99072 0.07159
5779.68066 0.05028
5782.37451 0.04076
5785.06738 0.04830
5787.75781 0.03627
5790.45020 0.05739
5793.14014 0.07087
5795.83398 0.03716
5798.52979 0.06584
5801.22070 0.05730
5803.90869 0.06534
5806.60205 0.02489
5809.29248 0.04324
5811.98535 0.05747
5814.67822 0.06773
5817.37061 0.05158
5820.06299 0.01446
5822.75391 0.03245
5825.44629 0.03115
5828.13623 0.03362
5830.83105 0.03996
5833.52051 0.05857
5836.21777 0.05422
5838.90625 0.05024
5841.59619 0.02362
5844.29102 0.04600
5846.97949 0.06188
5849.67676 0.04722
5852.36572 0.04772
5855.05469 0.06710
5857.74951 0.04032
5860.44141 0.04375
5863.13477 0.05095
5865.82324 0.05019
5868.51953 0.04326
5871.20654 0.05980
5873.90186 0.07040
5876.59521 0.05785
5879.28613 0.06588
5881.97510 0.05188
5884.67236 0.03847
5887.36377 0.04763
5890.05371 0.03804
5892.74756 0.06447
5895.43652 0.07229
5898.12988 0.04471
5900.82178 0.06282
5903.51025 0.04774
5906.20752 0.05756
5908.89648 0.03732
5911.58984 0.02913
5914.28027 0.03453
5916.97217 0.06159
5919.66650 0.09631
5922.35742 0.03251
5925.05029 0.02166
5927.74072 0.02489
5930.43311 0.05930
5933.12207 0.02480
5935.82031 0.04480
5938.51221 0.06174
5941.19873 0.06430
5943.89404 0.06049
5946.58350 0.03425
5949.27734 0.04344
5951.96533 0.05507
5954.66211 0.04780
5957.35596 0.05346
5960.04541 0.04004
5962.73535 0.04402
5965.42969 0.05032
5968.12256 0.04179
5970.81299 0.05534
5973.50781 0.07953
5976.19775 0.04977
5978.88867 0.04628
5981.58057 0.03113
5984.27393 0.03737
5986.96484 0.02714
5989.65771 0.07830
5992.35107 0.05005
5995.03955 0.03693
5997.73242 0.05431
6000.42627 0.06963
6003.11475 0.06267
6005.80762 0.08004
6008.50244 0.04553
6011.19092 0.06160
6013.88428 0.05974
6016.57861 0.05905
6019.26807 0.03497
6021.96191 0.05728
6024.65332 0.02738
6027.34668 0.05715
6030.04053 0.05299
6032.72949 0.05311
6035.42188 0.04444
6038.11328 0.07228
6040.80518 0.04727
6043.49512 0.00919
6046.18994 0.06677
6048.88281 0.04270
6051.57324 0.02877
6054.26465 0.04021
6056.95703 0.05394
6059.64795 0.06106
6062.33984 0.04923
6065.03320 0.04508
6067.72363 0.03528
6070.41602 0.03823
6073.10596 0.01708
6075.80029 0.02921
6078.49219 0.00697
6081.18652 0.04430
6083.87744 0.02903
6086.56689 0.05245
6089.26025 0.06436
6091.95215 0.05023
6094.64502 0.06757
6097.33545 0.05261
6100.02734 0.04482
6102.71680 0.05645
6105.41162 0.03382
6108.10693 0.05719
6110.79688 0.05751
6113.48730 0.04882
6116.18018 0.04280
6118.87354 0.05260
6121.56445 0.06120
6124.25732 0.05060
6126.94727 0.06462
6129.64209 0.04264
6132.33105 0.02929
6135.02197 0.03600
6137.71680 0.02511
6140.40967 0.06975
6143.10059 0.04792
6145.79492 0.03876
6148.48535 0.03727
6151.17578 0.05036
6153.87109 0.07582
6156.56104 0.04823
6159.25195 0.06652
6161.94385 0.05765
6164.63721 0.06774
6167.32520 0.05965
6170.02051 0.02969
6172.71045 0.03584
6175.40479 0.02942
6178.09424 0.02694
6180.78760 0.04134
6183.48193 0.05014
6186.17139 0.06875
6188.86523 0.04991
6191.55371 0.04556
6194.24609 0.03068
6196.93945 0.06898
6199.63135 0.04688
6202.32422 0.03384
6205.01807 0.04794
6207.70947 0.05287
6210.40186 0.04265
6213.09277 0.04957
6215.78467 0.05584
6218.47412 0.03119
6221.16797 0.02724
6223.85645 0.06082
6226.55322 0.04227
6229.24072 0.04700
6231.93604 0.05192
6234.62842 0.04194
6237.31982 0.05926
6240.01172 0.03737
6242.70117 0.04511
6245.39551 0.05461
6248.08789 0.06398
6250.77686 0.05927
6253.47168 0.04549
6256.16357 0.03001
6258.85352 0.05028
6261.54736 0.04768
6264.24023 0.01574
6266.92969 0.03769
6269.62402 0.05502
6272.31641 0.05354
6275.00635 0.02279
6277.69727 0.06155
6280.39258 0.06025
6283.07959 0.06270
6285.77734 0.04726
6288.46924 0.02494
6291.15918 0.03105
6293.85010 0.04661
6296.54248 0.03628
6299.23584 0.03636
6301.92969 0.05112
6304.61523 0.04892
6307.30859 0.05308
6310.00342 0.03680
6312.69531 0.05093
6315.38525 0.02861
6318.07959 0.05319
6320.76855 0.05999
6323.46191 0.01930
6326.15576 0.03169
6328.84814 0.05319
6331.53760 0.04412
6334.22900 0.04037
6336.92090 0.02013
6339.61377 0.05308
6342.30518 0.05813
6345.00049 0.03942
6347.69336 0.04248
6350.38428 0.03635
6353.07275 0.06355
6355.76562 0.05038
6358.45605 0.04489
6361.14795 0.04405
6363.84131 0.05688
6366.53223 0.03992
6369.22754 0.04254
6371.91699 0.06610
6374.61084 0.06345
6377.30273 0.06943
6379.99512 0.05369
6382.68604 0.04396
6385.37744 0.02899
6388.06982 0.07406
6390.76367 0.05700
6393.45605 0.05475
6396.14844 0.03790
6398.83838 0.03751
6401.52979 0.06807
6404.22266 0.03480
6406.91260 0.06094
6409.60400 0.04517
6412.29639 0.06593
6414.98975 0.05097
6417.68115 0.04319
6420.37305 0.04616
6423.06641 0.04776
6425.75781 0.06863
6428.45312 0.02987
6431.14307 0.07987
6433.83350 0.05338
6436.52539 0.03300
6439.21875 0.03389
6441.90967 0.03331
6444.59766 0.04343
6447.29395 0.03848
6449.98828 0.05761
6452.68018 0.03926
6455.36963 0.03750
6458.05957 0.05684
6460.75146 0.07720
6463.44336 0.02685
6466.13721 0.03211
6468.82861 0.04121
6471.52148 0.04880
6474.21436 0.02956
6476.90576 0.02517
6479.59766 0.03364
6482.28809 0.04465
6484.97852 0.06308
6487.67432 0.04641
6490.36719 0.05013
6493.05469 0.02738
6495.75293 0.05809
6498.44238 0.04739
6501.13330 0.04651
6503.82129 0.04071
6506.51758 0.06000
6509.21094 0.01364
6511.89893 0.03935
6514.59473 0.07405
6517.28516 0.03996
6519.97607 0.03927
6522.67236 0.04455
6525.36133 0.05196
6528.05225 0.05776
6530.74805 0.05471
6533.43750 0.05363
6536.13135 0.04661
6538.82324 0.06233
6541.51270 0.03634
6544.20654 0.04651
6546.89404 0.07433
6549.59082 0.03614
6552.28076 0.04311
6554.96826 0.04599
6557.66406 0.04079
6560.35400 0.04430
6563.05176 0.05774
6565.73975 0.03437
6568.43311 0.06818
6571.12402 0.03397
6573.81934 0.05821
6576.50830 0.05051
6579.20264 0.07480
6581.88965 0.03145
6584.58643 0.05780
6587.27588 0.05282
6589.97119 0.06107
6592.66309 0.03367
6595.35645 0.04506
6598.04297 0.04784
6600.73877 0.03102
6603.42822 0.03332
6606.12207 0.02638
6608.80957 0.05791
6611.50244 0.06015
6614.20020 0.05854
6616.88770 0.04799
6619.57959 0.05579
6622.26953 0.06142
6624.96387 0.05460
6627.65527 0.03459
6630.34863 0.06537
6633.03955 0.05877
6635.73047 0.04854
6638.42334 0.06116
6641.11719 0.03891
6643.80811 0.04082
6646.49658 0.04239
6649.19385 0.04234
6651.88477 0.05286
6654.57666 0.02927
6657.26904 0.05373
6659.95605 0.04725
6662.65137 0.03384
6665.34375 0.06146
6668.03760 0.05081
6670.72510 0.03485
6673.42090 0.05337
6676.11426 0.02720
6678.80518 0.04561
6681.49609 0.04998
6684.18945 0.03775
6686.87939 0.02847
6689.57080 0.03106
6692.26367 0.03338
6694.95703 0.07128
6697.64795 0.06152
6700.34033 0.03151
6703.02930 0.02521
6705.72363 0.04045
6708.41455 0.02316
6711.10791 0.03019
6713.80127 0.04648
6716.48877 0.04010
6719.18457 0.03766
6721.87451 0.04351
6724.56543 0.04687
6727.26074 0.05035
6729.95312 0.05729
6732.64697 0.05147
6735.33447 0.03872
6738.02734 0.07188
6740.72070 0.05451
6743.41113 0.05034
6746.10303 0.06027
6748.79639 0.04075
6751.48633 0.06471
6754.18164 0.03871
6756.87451 0.05614
6759.56445 0.05885
6762.25879 0.05531
6764.94678 0.06080
6767.63623 0.06030
6770.33008 0.04703
6773.02148 0.04080
6775.71436 0.05587
6778.40430 0.04944
6781.09863 0.05914
6783.79102 0.06378
6786.47998 0.03278
6789.17480 0.04925
6791.86621 0.04500
6794.55859 0.05235
6797.24854 0.03565
6799.93945 0.01685
6802.63525 0.04916
6805.32471 0.04200
6808.01855 0.04361
6810.71387 0.04292
6813.40674 0.04769
6816.09668 0.04220
6818.78711 0.04751
6821.47998 0.05518
6824.16846 0.03880
6826.86328 0.02376
6829.55469 0.03306
6832.24707 0.06510
6834.93701 0.06785
6837.63184 0.03648
6840.32373 0.04557
6843.01660 0.06347
6845.70703 0.05913
6848.40186 0.03346
6851.09033 0.02452
6853.78418 0.05741
6856.47119 0.05269
6859.16650 0.04864
6861.85938 0.03035
6864.54980 0.04131
6867.24072 0.03423
6869.93311 0.04118
6872.62695 0.04503
6875.32080 0.04911
6878.01270 0.02946
6880.70557 0.06053
6883.39551 0.07054
6886.08984 0.04600
6888.78174 0.05581
6891.47217 0.02885
6894.16211 0.02851
6896.85352 0.03106
6899.54590 0.05686
6902.23584 0.04709
6904.93066 0.05386
6907.62256 0.06288
6910.31201 0.03020
6913.00586 0.03967
6915.69629 0.04712
6918.39307 0.07035
6921.08252 0.03865
6923.77295 0.03615
6926.46826 0.06968
6929.15723 0.04585
6931.84717 0.04283
6934.54541 0.04789
6937.23438 0.03251
6939.92383 0.05002
6942.61768 0.05574
6945.30908 0.05145
6948.00098 0.05132
6950.69824 0.07397
6953.38574 0.04069
6956.08057 0.04686
6958.76953 0.04883
6961.46338 0.06295
6964.15820 0.05599
6966.84668 0.06741
6969.53955 0.03632
6972.22998 0.08166
6974.92139 0.04372
6977.61328 0.04641
6980.30664 0.04084
6982.99707 0.03547
6985.68945 0.06348
6988.38574 0.05265
6991.07178 0.04991
6993.76660 0.06620
6996.45850 0.04274
6999.15186 0.07218
7001.84180 0.02946
7004.53662 0.02607
7007.22510 0.03846
7009.91846 0.04824
7012.60889 0.03724
7015.30420 0.03853
7017.99316 0.04329
7020.68652 0.02025
7023.37695 0.05927
7026.06885 0.05587
7028.76172 0.02412
7031.45166 0.05423
7034.14307 0.04055
7036.83887 0.04085
7039.53223 0.03974
7042.22217 0.06448
7044.91357 0.04327
7047.60205 0.05152
7050.29883 0.04581
7052.98926 0.06182
7055.68066 0.06731
7058.37354 0.05263
7061.06348 0.04054
7063.75781 0.02565
7066.44922 0.04701
7069.14258 0.05306
7071.83252 0.05710
7074.52344 0.04213
7077.21533 0.05638
7079.91162 0.03564
7082.59863 0.05773
7085.29297 0.04448
7087.98584 0.06870
7090.67432 0.04890
7093.36914 0.01951
7096.06055 0.04412
7098.75293 0.04048
7101.44238 0.03409
7104.13623 0.02898
7106.83203 0.04818
7109.52100 0.05302
7112.21436 0.04617
7114.90869 0.03760
7117.60107 0.06505
7120.28955 0.04014
7122.98291 0.06205
7125.67432 0.02391
7128.36523 0.05008
7131.05469 0.02848
7133.74463 0.03488
7136.44336 0.05030
7139.13525 0.03642
7141.82471 0.03293
7144.51465 0.02576
7147.20996 0.04253
7149.89795 0.03377
7152.59521 0.03755
7155.28516 0.03097
7157.97656 0.05684
7160.66504 0.04041
7163.36182 0.05559
7166.05273 0.03784
7168.74365 0.03869
7171.44043 0.02988
7174.12598 0.04160
7176.81641 0.04166
7179.51172 0.01982
7182.20459 0.03878
7184.89746 0.05651
7187.58838 0.04032
7190.27979 0.04058
7192.97217 0.05398
7195.66553 0.04509
7198.35254 0.03132
7201.04443 0.07209
7203.73682 0.05131
7206.43408 0.06625
7209.12500 0.04581
7211.81689 0.02763
7214.50928 0.04227
7217.19922 0.06756
7219.89404 0.05248
7222.58594 0.03567
7225.27490 0.03394
7227.96875 0.02605
7230.66309 0.04627
7233.35059 0.03482
7236.04395 0.00838
7238.73389 0.06171
7241.42871 0.04072
7244.12061 0.06463
7246.81299 0.04169
7249.50732 0.03602
7252.19385 0.02609
7254.88965 0.03884
7257.58252 0.05088
7260.27246 0.02858
7262.96289 0.03744
7265.65527 0.06089
7268.34814 0.05865
7271.03760 0.03761
7273.73291 0.03842
7276.42480 0.05635
7279.11377 0.06420
7281.80762 0.04556
7284.50244 0.01618
7287.19434 0.04919
7289.88281 0.03272
7292.57666 0.04785
7295.26758 0.02421
7297.95947 0.04452
7300.65234 0.05483
7303.34229 0.05654
7306.03662 0.00849
7308.73242 0.03872
7311.42139 0.03891
7314.11133 0.04753
7316.80225 0.03041
7319.49316 0.02150
7322.18652 0.06196
7324.87988 0.03201
7327.57080 0.04450
7330.26270 0.03648
7332.95508 0.03244
7335.64453 0.06171
7338.33936 0.04726
7341.03125 0.03704
7343.72363 0.06070
7346.41699 0.05874
7349.10791 0.11717
7351.79883 0.28230
7354.49170 0.04325
7357.18115 0.05325
7359.87158 0.04092
7362.56689 0.04679
7365.25977 0.06022
7367.94824 0.04172
7370.64307 0.01725
7373.33447 0.03588
7376.02686 0.05807
7378.72021 0.06078
7381.41016 0.03187
7384.10547 0.02588
7386.79346 0.04542
7389.48682 0.06470
7392.18066 0.04086
7394.87158 0.05077
7397.56396 0.07016
7400.25684 0.02629
7402.94678 0.03623
7405.63721 0.02919
7408.32910 0.02321
7411.02197 0.03983
7413.71191 0.03170
7416.40674 0.04831
7419.09863 0.05661
7421.78711 0.04900
7424.48535 0.06673
7427.17578 0.06759
7429.86719 0.03413
7432.55957 0.05727
7435.24902 0.02484
7437.94385 0.02355
7440.63525 0.04526
7443.32715 0.02659
7446.02051 0.02207
7448.71094 0.04948
7451.40625 0.04886
7454.09424 0.04263
7456.78711 0.03897
7459.47705 0.04913
7462.17236 0.03911
7464.86426 0.03322
7467.55273 0.02745
7470.24658 0.02971
7472.93750 0.04002
7475.62939 0.08413
7478.32227 0.03622
7481.01514 0.03058
7483.70605 0.02510
7486.39746 0.06295
7489.08984 0.05207
7491.78320 0.05963
7494.47412 0.04362
7497.16504 0.04250
7499.85742 0.04626
7502.55078 0.02633
7505.24072 0.04625
7507.93506 0.04579
7510.62305 0.05001
7513.32031 0.05153
7516.01025 0.06127
7518.70117 0.01651
7521.39258 0.01884
7524.08496 0.03973
7526.77881 0.04148
7529.46924 0.04108
7532.16504 0.03536
7534.85303 0.03126
7537.54639 0.06171
7540.24072 0.01994
7542.93164 0.04165
7545.62354 0.04420
7548.31299 0.05450
7551.00684 0.03002
7553.69727 0.03556
7556.38965 0.03847
7559.08203 0.06239
7561.77539 0.02226
7564.46582 0.03980
7567.15723 0.04462
7569.85010 0.07108
7572.54346 0.04120
7575.23340 0.04794
7577.92871 0.04541
7580.61670 0.05041
7583.31006 0.03645
7586.00391 0.03274
7588.69434 0.05629
7591.38672 0.03783
7594.07910 0.03332
7596.76465 0.05626
7599.45898 0.05436
7602.15430 0.04069
7604.84717 0.05948
7607.53564 0.03977
7610.23047 0.05504
7612.92578 0.04278
7615.61279 0.03142
7618.30176 0.03232
7620.99561 0.00796
7623.69043 0.03963
7626.37744 0.03912
7629.07031 0.03187
7631.76416 0.05656
7634.45801 0.04462
7637.14941 0.05249
7639.83740 0.03878
7642.53076 0.04859
7645.22852 0.03245
7647.91943 0.02391
7650.60742 0.04635
7653.29980 0.03978
7655.99316 0.02230
7658.68408 0.03920
7661.37549 0.07162
7664.07178 0.03598
7666.76074 0.04472
7669.45068 0.04831
7672.14600 0.03584
7674.83789 0.04615
7677.53027 0.03141
7680.21973 0.03064
7682.91455 0.03195
7685.60205 0.03902
7688.29443 0.01358
7690.99170 0.03554
7693.67725 0.04755
7696.37256 0.05834
7699.06445 0.05922
7701.75781 0.04404
7704.44678 0.04697
7707.14160 0.02205
7709.83301 0.02209
7712.52539 0.05367
7715.21436 0.03356
7717.90869 0.04456
7720.59961 0.06033
7723.29541 0.03098
7725.98438 0.05024
7728.67822 0.04853
7731.36865 0.01533
7734.06006 0.03046
7736.75195 0.03746
7739.44531 0.02162
7742.13525 0.06060
7744.83057 0.05456
7747.52246 0.05605
7750.21533 0.02447
7752.90479 0.04211
7755.59912 0.05118
7758.29053 0.05618
7760.97852 0.05140
7763.67578 0.02319
7766.36572 0.04166
7769.05664 0.06191
7771.74854 0.04017
7774.44092 0.04889
7777.13037 0.04385
7779.82520 0.04369
7782.52051 0.04285
7785.20850 0.04341
7787.90088 0.05604
7790.59473 0.04805
7793.28174 0.06536
7795.97314 0.02875
7798.66553 0.04249
7801.35889 0.06096
7804.04883 0.05093
7806.74414 0.04058
7809.43604 0.05358
7812.12891 0.04377
7814.81836 0.05930
7817.51318 0.03823
7820.20459 0.05734
7822.89648 0.00873
7825.58545 0.01786
7828.27539 0.03374
7830.97070 0.04152
7833.66650 0.07164
7836.35938 0.02714
7839.04785 0.06247
7841.73877 0.06104
7844.42920 0.05748
7847.12109 0.04999
7849.81836 0.01771
7852.50781 0.04394
7855.20312 0.03076
7857.88965 0.04347
7860.58252 0.02095
7863.27490 0.04809
7865.96484 0.05778
7868.66016 0.03961
7871.35156 0.04702
7874.04053 0.05629
7876.73340 0.02415
7879.42822 0.02124
7882.11914 0.04486
7884.81104 0.04425
7887.49951 0.03460
7890.19727 0.03183
7892.88818 0.02628
7895.57959 0.06019
7898.27148 0.03249
7900.96484 0.04130
7903.65430 0.03206
7906.34912 0.04479
7909.03613 0.03991
7911.73340 0.03339
7914.42676 0.04632
7917.11670 0.03474
7919.80713 0.03431
7922.49854 0.03857
7925.19189 0.03689
7927.88037 0.04260
7930.57520 0.06530
7933.26660 0.03306
7935.95410 0.05223
7938.65576 0.02893
7941.34521 0.03339
7944.03516 0.03822
7946.72656 0.02804
7949.41895 0.02950
7952.10791 0.03421
7954.80566 0.03716
7957.49609 0.03927
7960.18359 0.04144
7962.88037 0.03718
7965.56885 0.03437
7968.26367 0.03137
7970.95410 0.04293
7973.64551 0.05418
7976.33838 -0.00353
7979.03125 0.02838
7981.72168 0.05378
7984.41211 0.06430
7987.10400 0.05252
7989.80127 0.04991
7992.49463 0.04931
7995.18066 0.05538
7997.87598 0.03754
8000.56348 0.03968
8003.26074 0.03515
8005.94971 0.04194
8008.64453 0.01954
8011.33594 0.03694
8014.02783 0.04971
8016.72119 0.04178
8019.41064 0.05903
8022.10498 0.04488
8024.79639 0.05013
8027.48438 0.04286
8030.17725 0.04469
8032.87549 0.02623
8035.56152 0.02827
8038.25293 0.04925
8040.94580 0.04140
8043.63916 0.03448
8046.32812 0.06741
8049.02344 0.03007
8051.71045 0.05127
8054.40674 0.02499
8057.09619 0.04388
8059.79492 0.05122
8062.48096 0.04057
8065.17676 0.03010
8067.86475 0.04164
8070.56250 0.02612
8073.24805 0.04112
8075.94336 0.05507
8078.63477 0.06480
8081.32715 0.05252
8084.02051 0.04856
8086.71045 0.06190
8089.40137 0.02298
8092.09277 0.03759
8094.79004 0.03550
8097.47852 0.04613
8100.16846 0.05625
8102.85938 0.01637
8105.55566 0.04256
8108.24756 0.05040
8110.94189 0.04174
8113.63184 0.02103
8116.32715 0.04443
8119.01855 0.04199
8121.70654 0.03267
8124.40430 0.04173
8127.08984 0.06231
8129.78076 0.04734
8132.47217 0.04863
8135.16016 0.03974
8137.85352 0.04887
8140.55273 0.05526
8143.24365 0.04002
8145.93066 0.02859
8148.62744 0.05577
8151.31689 0.02997
8154.00684 0.03070
8156.70605 0.06392
8159.39795 0.06341
8162.09082 0.02500
8164.77490 0.06428
8167.46924 0.03141
8170.15527 0.05310
8172.85596 0.06485
8175.53955 0.04446
8178.24170 0.03193
8180.93164 0.03954
8183.62646 0.05710
8186.30908 0.04698
8189.00195 0.05830
8191.69971 0.05526
8194.38867 0.03089
8197.08008 0.04559
8199.77148 0.03830
8202.46387 0.04281
8205.15723 0.07254
8207.84668 0.03639
8210.54199 0.05952
8213.23340 0.05020
8215.91992 0.02535
8218.61816 0.04107
8221.30273 0.03108
8224.00195 0.04334
8226.69336 0.05535
8229.38574 0.05181
8232.07422 0.04024
8234.76855 0.04348
8237.46387 0.02589
8240.15430 0.03566
8242.85059 0.04189
8245.53906 0.03149
8248.22363 0.03369
8250.91406 0.02956
8253.60938 0.02913
8256.30176 0.04143
8258.99414 0.04850
8261.69238 0.03807
8264.38281 0.06294
8267.06836 0.03682
8269.76953 0.05594
8272.45801 0.01838
8275.15137 0.03155
8277.84082 0.02418
8280.53613 0.05951
8283.22754 -0.04286
8285.91602 0.00045
8288.60449 -0.00454
8291.30273 0.00136
8293.99414 0.02832
8296.68066 0.04525
8299.37305 0.03754
8302.07031 0.03031
8304.75586 0.02016
8307.45020 0.03203
8310.14648 0.06926
8312.84277 0.01439
8315.53125 0.02699
8318.22461 0.03156
8320.91504 0.04508
8323.60156 0.02621
8326.29395 0.03974
8328.98633 0.05236
8331.67969 0.04211
8334.37402 0.03209
8337.06055 0.02982
8339.75684 0.03761
8342.44434 0.04605
8345.13379 0.02979
8347.83203 0.03050
8350.52246 0.05928
8353.21875 0.05629
8355.91113 0.05071
8358.59473 0.02753
8361.28809 0.03086
8363.98828 0.05255
8366.67480 0.04119
8369.36230 0.02050
8372.06445 0.04218
8374.75391 0.03830
8377.44336 0.03580
8380.13867 0.05430
8382.82129 0.05192
8385.51855 0.04967
8388.21680 0.04801
8390.90625 0.04394
8393.59180 0.06668
8396.29297 0.02555
8398.98047 0.02729
8401.67383 0.05097
8404.36816 0.04227
8407.05762 0.03437
8409.74512 0.04495
8412.44141 0.04370
8415.12500 0.03768
8417.82324 0.04682
8420.51758 0.01336
8423.20898 0.03783
8425.90039 0.03402
8428.58887 0.03608
8431.28223 0.03427
8433.97559 0.02926
8436.66211 0.05481
8439.35742 0.03455
8442.04590 0.02645
8444.74805 0.02272
8447.43750 0.05630
8450.12695 0.04398
8452.81836 0.03723
8455.51074 0.02311
8458.20312 0.04106
8460.89648 0.03892
8463.59082 0.04757
8466.27734 0.01792
8468.97266 0.04666
8471.66113 0.03828
8474.35449 0.04965
8477.04785 0.05375
8479.73828 0.03299
8482.42969 0.03060
8485.12598 0.03039
8487.80957 0.03766
8490.51270 0.03533
8493.19824 0.04168
8495.88867 0.03713
8498.58496 0.03918
8501.27246 0.03380
8503.97070 0.02779
8506.66016 0.05555
8509.34570 0.05890
8512.04199 0.04630
8514.73828 0.03573
8517.42676 0.03784
8520.11621 0.03351
8522.81055 0.01242
8525.50586 0.02989
8528.19727 0.01236
8530.88477 0.05812
8533.57812 0.03014
8536.26758 0.04448
8538.96289 0.02645
8541.65918 0.02843
8544.35059 0.04033
8547.03906 0.04734
8549.73340 0.03550
8552.42188 0.05599
8555.11816 0.04417
8557.80078 0.04172
8560.49219 0.03494
8563.19043 0.06052
8565.88477 0.03727
8568.57031 0.03834
8571.26660 0.03994
8573.96289 0.04406
8576.65039 0.04242
8579.34375 0.04430
8582.03418 0.01640
8584.72461 0.03998
8587.41602 0.03211
8590.10840 0.03193
8592.80176 0.03884
8595.49512 0.01894
8598.18066 0.05111
8600.88086 0.03272
8603.57324 0.05410
8606.26172 0.04547
8608.95410 0.02418
8611.64941 0.05021
8614.33887 0.03018
8617.03027 0.04832
8619.72266 0.04693
8622.41602 0.03683
8625.10449 0.04808
8627.79883 0.04972
8630.49512 0.04660
8633.18164 0.03236
8635.87891 0.04184
8638.56250 0.05601
8641.25684 0.04252
8643.95117 0.02723
8646.64258 0.02768
8649.33984 0.04953
8652.02246 0.03391
8654.71582 0.05379
8657.40527 0.03481
8660.10059 0.05860
8662.79199 0.03633
8665.48926 0.03317
8668.18164 0.01530
8670.87109 0.03637
8673.56641 0.02904
8676.25684 0.03123
8678.94336 0.03917
8681.64551 0.05757
8684.33398 0.03852
8687.02832 0.05223
8689.71777 0.03258
8692.40430 0.01921
8695.09570 0.03627
8697.79297 0.04197
8700.48145 0.02828
8703.17090 0.04523
8705.86621 0.04774
8708.55762 0.02313
8711.25000 0.05890
8713.94238 0.04856
8716.63184 0.04941
8719.33105 0.03666
8722.01172 0.05186
8724.70801 0.03138
8727.40039 0.03300
8730.09375 0.05496
8732.78711 0.03435
8735.47266 0.02122
8738.16797 0.04225
8740.85449 0.05943
8743.55176 0.04206
8746.24023 0.02666
8748.93848 0.02681
8751.62988 0.03812
8754.32031 0.03851
8757.01172 0.03544
8759.70898 0.01045
8762.39844 0.02849
8765.09180 0.02440
8767.78223 0.03634
8770.47754 0.03381
8773.16504 0.04767
8775.85352 0.03457
8778.55078 0.01821
8781.23633 0.03822
8783.93652 0.04296
8786.62695 0.06266
8789.31445 0.04657
8792.00684 0.03790
8794.70117 0.01988
8797.39062 0.06509
8800.08594 0.03727
8802.78223 0.03285
8805.46484 0.02120
8808.16211 0.04027
8810.85156 0.05079
8813.54590 0.02647
8816.23730 0.03863
8818.93262 0.05262
8821.62012 0.01908
8824.31348 0.02220
8827.00781 0.01873
8829.69727 0.03513
8832.38770 0.01927
8835.08398 0.05244
8837.77148 0.01903
8840.45996 0.05069
8843.15820 0.04944
8845.85352 0.04954
8848.53906 0.02600
8851.23047 0.02929
8853.92773 0.02343
8856.62109 0.03764
8859.30566 0.04375
8862.00098 0.04108
8864.69141 0.02868
8867.38770 0.03431
8870.07520 0.03436
8872.76855 0.05874
8875.45801 0.01199
8878.15234 0.03634
8880.84277 0.03513
8883.53516 0.04580
8886.23242 0.05134
8888.91992 0.03014
8891.61914 0.02068
8894.29980 0.06497
8896.99023 0.04135
8899.69238 0.05507
8902.38379 0.05512
8905.07324 0.04017
8907.76660 0.02462
8910.45703 0.04013
8913.14746 0.04505
8915.83984 0.04512
8918.53223 0.01438
8921.21973 0.02060
8923.91406 0.03981
8926.60938 0.04238
8929.30469 0.05199
8931.99707 0.02074
8934.68848 0.01437
8937.37695 0.02221
8940.07129 0.03569
8942.75586 0.02115
8945.45215 0.04066
8948.14355 0.03370
8950.84082 0.04085
8953.52930 0.04076
8956.21289 0.03093
8958.90820 0.04920
8961.59863 0.00794
8964.29004 0.03231
8966.98730 0.04804
8969.68066 0.04725
8972.37402 0.03840
8975.06445 0.01838
8977.75977 0.04951
8980.44629 0.04286
8983.13379 0.03556
8985.82617 0.06588
8988.52051 0.03723
8991.21973 0.04221
8993.90527 0.00097
8996.59668 0.06791
8999.29395 0.01771
9001.98242 0.03465
9004.67578 0.02836
9007.36523 0.02377
9010.06055 0.01839
9012.75195 0.04945
9015.44434 0.02183
9018.13672 0.02294
9020.83105 0.03655
9023.51465 0.03314
9026.20996 0.04289
9028.89648 0.04557
9031.59277 0.03013
9034.29004 0.04097
9036.97949 0.02241
9039.66895 0.02509
9042.35840 0.01966
9045.05469 0.06610
9047.74609 0.02444
9050.43848 0.02690
9053.12695 0.04015
9055.82129 0.03192
9058.51660 0.04027
9061.20215 0.03231
9063.89844 0.02417
9066.58594 0.04710
9069.28418 0.03668
9071.97266 0.02664
9074.66797 0.06176
9077.36328 0.05087
9080.05469 0.04989
9082.74707 0.02120
9085.43457 0.05412
9088.12891 0.03830
9090.82324 0.01969
9093.51367 0.04499
9096.19922 0.03792
9098.89648 0.03378
9101.58887 0.03283
9104.27832 0.05244
9106.97266 0.04395
9109.66309 0.03417
9112.35840 0.04272
9115.04004 0.03485
9117.73828 0.02794
9120.43555 0.01153
9123.12500 0.04034
9125.81543 0.04014
9128.51074 0.03406
9131.20215 0.04422
9133.88965 0.01677
9136.58203 0.04118
9139.27637 0.02587
9141.96680 0.06916
9144.65625 0.03712
9147.35254 0.03726
9150.04980 0.00991
9152.73340 0.04277
9155.42090 0.02354
9158.12109 0.04266
9160.81055 0.03773
9163.50195 0.02455
9166.19922 0.03149
9168.89160 0.03040
9171.58496 0.06346
9174.26855 0.04917
9176.96387 0.02974
9179.64844 0.02546
9182.35059 0.03176
9185.03809 0.02002
9187.73633 0.02325
9190.42480 0.03892
9193.11426 0.05483
9195.80957 0.04202
9198.50098 0.04102
9201.19238 0.03764
9203.88086 0.03930
9206.57422 0.03661
9209.27344 0.02303
9211.95801 0.02584
9214.64941 0.02934
9217.34570 0.03844
9220.03320 0.02807
9222.72656 0.05028
9225.41992 0.03892
9228.10938 0.02708
9230.80078 0.02867
9233.50195 0.02440
9236.18359 0.05715
9238.88184 0.04716
9241.56543 0.01860
9244.26953 0.04319
9246.95410 0.03557
9249.64551 0.02441
9252.33203 0.04380
9255.02930 0.04588
9257.71777 0.04846
9260.41113 0.03877
9263.10645 0.01949
9265.80176 0.03766
9268.48828 0.02902
9271.18555 0.02440
9273.87305 0.01511
9276.56152 0.05040
9279.26172 0.00925
9281.95117 0.04220
9284.64160 0.05690
9287.33301 0.04548
9290.02539 0.04810
9292.72461 0.06710
9295.40820 0.04157
9298.10352 0.03236
9300.79297 0.03692
9303.48438 0.02280
9306.17090 0.03918
9308.87402 0.02219
9311.56348 0.05242
9314.25195 0.03956
9316.94727 0.04898
9319.63770 0.04186
9322.33008 0.01583
9325.02148 0.05309
9327.71484 0.03283
9330.40918 0.03289
9333.09863 0.05809
9335.79395 0.01395
9338.47949 0.03086
9341.17188 0.03605
9343.86426 0.02002
9346.55762 0.03617
9349.24707 0.03348
9351.93652 0.05530
9354.63770 0.01818
9357.32910 0.03253
9360.01562 0.02315
9362.71387 0.03985
9365.39746 0.01813
9368.09766 0.03697
9370.78711 0.04318
9373.47754 0.03035
9376.16992 0.04561
9378.85742 0.05855
9381.55469 0.05149
9384.24414 0.06263
9386.94434 0.03980
9389.62402 0.02511
9392.32520 0.02732
9395.00684 0.03756
9397.70508 0.02392
9400.39844 0.05819
9403.08203 0.03270
9405.77734 0.03881
9408.47266 0.03392
9411.16992 0.05254
9413.85156 0.03221
9416.54980 0.04585
9419.23828 0.03621
9421.93848 0.03671
9424.62305 0.00223
9427.32422 0.03123
9430.00977 0.01513
9432.70312 0.03286
9435.39648 0.01541
9438.08496 0.05555
9440.77930 0.05381
9443.46973 0.06624
9446.15527 0.03379
9448.85156 0.03246
9451.54492 0.02266
9454.23828 0.03299
9456.92676 0.04471
9459.62695 0.02564
9462.31250 0.02765
9465.00293 0.05455
9467.68945 0.02324
9470.38770 0.04783
9473.08203 0.04346
9475.77051 0.04171
9478.45996 0.04015
9481.15625 0.04575
9483.84766 0.05277
9486.54004 0.03909
9489.23242 0.01248
9491.92090 0.04429
9494.62109 0.01452
9497.31055 0.02704
9500.00195 0.02945
9502.68750 0.05629
9505.38477 0.03192
9508.07324 0.02169
9510.76660 0.02371
9513.46582 0.02585
9516.14648 0.04140
9518.84766 0.01859
9521.52832 0.02828
9524.23145 0.03366
9526.91895 0.05291
9529.60742 0.02720
9532.30762 0.02621
9534.99805 0.05110
9537.69336 0.02344
9540.38477 0.01821
9543.06738 0.04222
9545.76562 0.04192
9548.45410 0.02083
9551.14355 0.03557
9553.84473 0.04996
9556.52539 0.03489
9559.22754 0.03166
9561.91992 0.03636
9564.60840 0.03470
9567.29688 0.00082
9569.99121 0.04790
9572.68164 0.04180
9575.37793 0.02901
9578.07520 0.01362
9580.75781 0.04273
9583.45117 0.05001
9586.14453 0.02698
9588.83398 0.04488
9591.52441 0.03718
9594.21582 0.04729
9596.91309 0.06245
9599.60547 0.05347
9602.29883 0.03646
9604.98730 0.04630
9607.67676 0.04726
9610.37305 0.03444
9613.06445 0.03047
9615.75000 0.03456
9618.44824 0.01329
9621.13574 0.04915
9623.83105 0.02084
9626.52539 0.02540
9629.21484 0.04219
9631.90137 0.03924
9634.59277 0.00317
9637.29102 0.03955
9639.98438 0.02752
9642.67285 0.05100
9645.36816 0.01939
9648.05859 0.04184
9650.75391 0.04156
9653.44141 0.04003
9656.13867 0.02437
9658.82715 0.02576
9661.52051 0.03063
9664.20508 0.03649
9666.90137 0.05277
9669.59180 0.05516
9672.28906 0.03862
9674.97559 0.01337
9677.67383 0.03781
9680.36328 0.05215
9683.05762 0.04526
9685.74805 0.01201
9688.43848 0.02135
9691.13086 0.02760
9693.82227 0.02558
9696.51074 0.01104
9699.20508 0.03021
9701.89355 0.02559
9704.58887 0.02609
9707.28027 0.03728
9709.97754 0.02328
9712.66406 0.03842
9715.35742 0.01879
9718.05078 0.03546
9720.74023 0.03031
9723.42969 0.01259
9726.13184 0.06469
9728.82324 0.03128
9731.50977 0.03673
9734.20312 0.05657
9736.89648 0.01541
9739.59082 0.01879
9742.28613 0.02538
9744.97070 0.03708
9747.66797 0.03364
9750.34863 0.01950
9753.04785 0.01535
9755.73535 0.00427
9758.42383 0.02936
9761.12500 0.04027
9763.81543 0.01781
9766.50684 0.03243
9769.20410 0.04349
9771.89062 0.03751
9774.58496 0.04819
9777.26855 0.02301
9779.96289 0.02289
9782.66406 0.03491
9785.34961 0.02235
9788.04688 0.03906
9790.73828 0.02167
9793.42676 0.02972
9796.11523 0.04324
9798.80957 0.04088
9801.50488 0.02814
9804.18555 0.05800
9806.88281 0.02849
9809.57422 0.04034
9812.27344 0.02370
9814.95605 -0.00549
9817.65527 0.03249
9820.35059 0.04210
9823.04199 -0.00728
9825.72656 0.02189
9828.41992 0.03797
9831.11719 0.06945
9833.81055 0.01887
9836.50000 0.03180
9839.19531 0.04279
9841.88574 0.02941
9844.57129 0.03837
9847.26270 0.03086
9849.96094 0.03396
9852.64844 0.02970
9855.34277 0.02945
9858.03223 0.01137
9860.72168 0.03585
9863.41309 0.04361
9866.10938 0.05572
9868.80176 0.04098
9871.49414 0.02369
9874.18848 0.04712
9876.87207 0.01632
9879.56738 0.03309
9882.26367 0.05070
9884.95410 0.03526
9887.64160 0.00745
9890.32910 0.04063
9893.02734 0.00686
9895.71582 0.04071
9898.40527 0.02754
9901.10156 0.05267
9903.80273 0.02516
9906.48926 0.03263
9909.18164 0.01014
9911.87500 0.02400
9914.56836 0.02005
9917.26270 0.03149
9919.94727 0.04283
9922.64355 0.04001
9925.33008 0.02384
9928.02148 0.03168
9930.71973 0.03254
9933.40820 0.03914
9936.09668 0.02569
9938.79102 0.01376
9941.48242 0.01031
9944.17285 0.02233
9946.87012 0.02064
9949.56836 0.02155
9952.25000 0.05467
9954.95020 0.02811
9957.63379 0.05328
9960.32910 0.04031
9963.01953 0.01136
9965.70508 0.03260
9968.40820 0.04710
9971.09570 0.05658
9973.78906 0.04740
9976.48340 0.04535
9979.17871 0.05303
9981.86816 0.04853
9984.55469 0.05926
9987.24609 0.02361
9989.94336 0.03190
9992.63184 0.05070
9995.32520 0.03205
9998.01953 0.03918
10000.70996 0.01540
10003.39551 0.05266
10006.09668 0.03246
10008.78906 0.02859
10011.47656 0.03387
10014.16992 0.02891
10016.85840 0.02992
10019.55371 0.02966
10022.24902 0.04095
10024.93457 0.01101
10027.62500 0.02980
10030.31250 0.02203
10033.01660 0.04318
10035.70508 0.02984
10038.39355 0.03219
10041.09473 0.04868
10043.78418 0.03219
10046.47559 0.03185
10049.16211 0.02311
10051.85449 0.03431
10054.54785 0.03616
10057.24219 0.03801
10059.94238 0.02418
10062.62598 0.04444
10065.32324 0.05072
10068.00879 0.01136
10070.69531 0.02112
10073.39941 0.05074
10076.08691 0.03119
10078.77539 0.01105
10081.47070 0.03419
10084.16113 0.03328
10086.85645 0.02886
10089.53809 0.02850
10092.22949 0.04154
10094.92773 0.03711
10097.61719 0.03316
10100.31055 0.02727
10103.00098 0.05040
10105.69727 0.03947
10108.38770 0.04277
10111.07910 0.05661
10113.76660 0.02897
10116.45898 0.03774
10119.15332 0.03101
10121.84277 0.05340
10124.53809 0.04843
10127.23438 0.06521
10129.92480 0.03175
10132.61133 0.02073
10135.30957 0.02942
10137.99805 0.06208
10140.69727 0.01489
10143.38086 0.04188
10146.07617 0.03504
10148.76074 0.02654
10151.46387 0.04952
10154.15039 0.00907
10156.84863 0.03078
10159.53125 0.04935
10162.22559 0.00207
10164.91992 0.03747
10167.61621 0.04225
10170.30078 0.02479
10172.99805 0.00846
10175.68457 0.04625
10178.38379 0.03453
10181.07715 0.03712
10183.76660 0.03726
10186.44922 0.04929
10189.14551 0.03103
10191.83594 0.02764
10194.52832 0.05103
10197.22559 0.03178
10199.91895 0.04513
10202.60156 0.02809
10205.30176 0.02815
10207.99121 0.03516
10210.68750 0.03464
10213.37793 0.04339
10216.06445 0.02767
10218.76172 0.03334
10221.44922 0.02626
10224.14355 0.04327
10226.84375 0.03664
10229.53320 0.06199
10232.21777 0.04786
10234.90820 0.04822
10237.60059 0.03994
10240.29883 0.03516
10242.98047 0.03507
10245.67969 0.01095
10248.36914 0.02507
10251.06445 0.03989
10253.75391 0.07038
10256.44531 0.02686
10259.13770 0.03502
10261.83594 0.03249
10264.52246 0.04162
10267.22266 0.03593
10269.90039 0.03565
10272.59570 0.03225
10275.29102 0.03767
10277.98242 0.05330
10280.67383 0.01143
10283.36719 0.03194
10286.05371 0.03600
10288.75391 0.02016
10291.44238 0.04363
10294.13281 0.03176
10296.82227 0.02645
10299.52539 0.04618
10302.21680 0.02903
10304.91016 0.04466
10307.58594 0.01961
10310.28516 0.04316
10312.97363 0.03849
10315.67480 0.03642
10318.35938 0.03543
10321.05664 0.02817
10323.74219 0.04933
10326.44043 0.00293
10329.12793 0.03392
10331.82129 0.03205
10334.51074 0.03818
10337.20020 0.02967
10339.90137 0.05534
10342.58691 0.04009
10345.27930 0.04143
10347.97070 0.01380
10350.66406 0.01904
10353.36328 0.04131
10356.04688 0.04911
10358.74707 0.04237
10361.43262 0.01944
10364.12891 0.04589
10366.81445 0.03327
10369.50684 0.03559
10372.19434 0.06506
10374.88770 0.02327
10377.57617 0.03104
10380.27148 0.04802
10382.96777 0.04268
10385.65820 0.01764
10388.35547 0.01772
10391.04688 0.02325
10393.73438 0.03527
10396.42773 0.04451
10399.12207 0.02983
10401.81738 0.04195
10404.50684 0.02756
10407.19824 0.01475
10409.88281 0.01965
10412.58691 0.02473
10415.27344 0.03220
10417.97266 0.03098
10420.66113 0.01706
10423.34473 0.03785
10426.04004 0.04632
10428.73633 0.04440
10431.43359 0.04618
10434.11328 0.06795
10436.81250 0.03173
10439.50000 0.03207
10442.18750 0.02387
10444.88770 0.03677
10447.57812 0.03274
10450.26855 0.01999
10452.96484 0.03804
10455.65039 0.02924
10458.34863 0.05269
10461.03613 0.04330
10463.73047 0.03390
10466.41895 0.02680
10469.11426 0.04476
10471.80957 0.02932
10474.49414 0.03033
10477.19141 0.04531
10479.88379 0.04063
10482.56543 0.02820
10485.27051 0.05299
10487.95898 0.04262
10490.64844 0.01646
10493.34375 0.03006
10496.03418 0.04832
10498.72559 0.01394
10501.42383 0.01915
10504.11035 0.02930
10506.79785 0.05593
10509.49805 0.05421
10512.18652 0.02670
10514.87598 0.02533
10517.56641 0.03624
10520.25781 0.04387
10522.95508 0.05428
10525.64746 0.03248
10528.33398 0.03407
10531.02246 0.03498
10533.71680 0.02348
10536.41211 0.04157
10539.10254 0.03239
10541.79883 0.02716
10544.49609 0.03764
10547.18164 0.04891
10549.87500 0.03939
10552.56250 0.04992
10555.26270 0.05117
10557.94629 0.04286
10560.64746 0.04074
10563.33691 0.03260
10566.02832 0.01787
10568.71484 0.02986
10571.40723 0.04820
10574.09961 0.03419
10576.78809 0.03019
10579.48242 0.01751
10582.17773 0.01964
10584.86816 0.03055
10587.55859 0.04202
10590.25586 0.04530
10592.94238 0.04229
10595.64062 0.01534
10598.32910 0.02758
10601.01660 0.02355
10603.70605 0.04397
10606.40723 0.03607
10609.09863 0.01787
10611.78906 0.02911
10614.48047 0.05462
10617.17969 0.02647
10619.86035 0.04781
10622.55469 0.03573
10625.24902 0.03674
10627.94434 0.03342
10630.63379 0.03050
10633.32520 0.01536
10636.01660 0.02887
10638.70312 0.01545
10641.40723 0.04341
10644.09473 0.02663
10646.78320 0.03905
10649.47168 0.05303
10652.16797 0.03394
10654.85742 0.02384
10657.55469 0.02884
10660.24023 0.02173
10662.93945 0.03121
10665.62598 0.04168
10668.31934 0.02676
10671.02051 0.04935
10673.70996 0.01767
10676.38770 0.04229
10679.08984 0.04912
10681.78125 0.03972
10684.46680 0.02918
10687.15918 0.03081
10689.85840 0.04501
10692.54688 0.04467
10695.24121 0.04620
10697.92578 0.04637
10700.62109 0.03677
10703.31836 0.03049
10706.01562 0.04206
10708.69629 0.04066
10711.38867 0.04490
10714.07617 0.02812
10716.77637 0.00680
10719.46582 0.06862
10722.15527 0.04647
10724.85742 0.03004
10727.54883 0.05185
10730.23438 0.05302
10732.92676 0.03257
10735.61914 0.02878
10738.31348 0.03605
10741.00781 0.03304
10743.70215 0.04041
10746.38672 0.03188
10749.08301 0.03516
10751.76855 0.02970
10754.45996 0.03325
10757.14746 0.02373
10759.84570 0.05402
10762.54004 0.02957
10765.22852 0.04881
10767.91797 0.03448
10770.61914 0.05945
10773.31055 0.01676
10776.00781 0.05633
10778.68750 0.03320
10781.38086 0.02480
10784.07422 0.05134
10786.76855 0.03135
10789.46289 0.06902
10792.14648 0.02408
10794.84766 0.04396
10797.53320 0.02769
10800.21875 0.03343
10802.92285 0.03454
10805.60938 0.02141
10808.30371 0.03626
10810.99121 0.04206
10813.67969 0.03015
10816.37598 0.06132
10819.06641 0.03685
10821.76270 0.01611
10824.45410 0.05275
10827.15234 0.03832
10829.83301 0.03867
10832.53320 0.03969
10835.22656 0.01863
10837.91602 0.03695
10840.61133 0.04109
10843.30273 0.01444
10845.99316 0.02243
10848.67871 0.04870
10851.38281 0.03530
10854.07031 0.02457
10856.76367 0.03416
10859.45801 0.03685
10862.14648 0.03795
10864.83105 0.03413
10867.52637 0.03683
10870.22363 0.02692
10872.91602 0.03888
10875.60254 0.03046
10878.30176 0.03665
10880.98828 0.04494
10883.67773 0.01485
10886.37207 0.04135
10889.06152 0.03878
10891.75195 0.06115
10894.44336 0.04518
10897.13574 0.03680
10899.82715 0.01495
10902.52051 0.05105
10905.21387 0.03400
10907.90820 0.02024
10910.59766 0.03100
10913.29297 0.01511
10915.97754 0.02913
10918.67480 0.04345
10921.36035 0.04868
10924.05859 0.00501
10926.74609 0.02319
10929.43945 0.02930
10932.13379 0.04249
10934.83496 0.03608
10937.52441 0.02481
10940.21484 0.03739
10942.90527 0.01852
10945.59766 0.04157
10948.28906 0.01082
10950.97656 0.03175
10953.66992 0.04811
10956.36523 0.03470
10959.04785 0.04019
10961.74316 0.04664
10964.43359 0.02525
10967.13672 0.04695
10969.82227 0.04980
10972.50781 0.04263
10975.20703 0.02800
10977.90039 0.07460
10980.58887 0.05591
10983.27832 0.04415
10985.97363 0.05402
10988.66406 0.06637
10991.36035 0.02801
10994.04590 0.05068
10996.73828 0.01296
10999.43750 0.03366
11002.11816 0.03066
11004.81836 0.01996
11007.50098 0.06798
11010.20312 0.03091
11012.89258 0.04586
11015.58984 0.04058
11018.28125 0.03794
11020.97266 0.02903
11023.65918 0.04213
11026.35352 0.03008
11029.04199 0.04522
11031.74121 0.03753
11034.43066 0.03043
11037.11523 0.04515
11039.81250 0.05263
11042.50293 0.05173
11045.18848 0.03311
11047.89355 0.03370
11050.58691 0.04525
11053.27441 0.02059
11055.96289 0.02789
11058.65234 0.05210
11061.34766 0.03369
11064.04395 0.00092
11066.73633 0.03667
11069.42676 0.03526
11072.11328 0.03769
11074.80664 0.05219
11077.50684 0.03130
11080.20117 0.05327
11082.88379 0.03117
11085.57812 0.02539
11088.26953 0.03626
11090.95996 0.05257
11093.65820 0.03047
11096.34375 0.02803
11099.03027 0.04481
11101.73047 0.02242
11104.42480 0.05500
11107.11328 0.04382
11109.80273 0.05059
11112.49316 0.03693
11115.18848 0.04701
11117.88086 0.04764
11120.57324 0.02872
11123.26465 0.01157
11125.95312 0.03253
11128.64648 0.04606
11131.34082 0.02770
11134.03027 0.03780
11136.72559 0.04768
11139.41699 0.04484
11142.11426 0.04494
11144.79980 0.03921
11147.49121 0.03361
11150.18457 0.03604
11152.87109 0.05416
11155.57227 0.03807
11158.26758 0.03083
11160.95605 0.03080
11163.64062 0.03148
11166.33105 0.02005
11169.02832 0.04368
11171.72656 0.01367
11174.40723 0.03916
11177.10059 0.01850
11179.79492 0.06088
11182.48926 0.02301
11185.17285 0.04932
11187.88184 0.04016
11190.56543 0.02810
11193.25586 0.04407
11195.94824 0.03017
11198.63477 0.03836
11201.32812 0.03058
11204.01465 0.05540
11206.71582 0.03241
11209.40430 0.04794
11212.10059 0.04390
11214.79590 0.05544
11217.48145 0.02258
11220.17188 0.05347
11222.86426 0.03795
11225.56445 0.05187
11228.24414 0.03106
11230.95020 0.03432
11233.63379 0.03865
11236.32227 0.04780
11239.01855 0.01551
11241.71484 0.02489
11244.40625 0.02147
11247.10352 0.02739
11249.79004 0.03517
11252.48340 0.01991
11255.17090 0.04085
11257.86523 0.01724
11260.55469 0.02880
11263.24414 0.05301
11265.93945 0.01902
11268.63086 0.03280
11271.32129 0.06215
11274.00781 0.03990
11276.71289 0.00819
11279.39941 0.03281
11282.08789 0.04045
11284.79395 0.03415
11287.47656 0.03516
11290.16602 0.01035
11292.86328 0.03416
11295.54102 0.04015
11298.23926 0.05218
11300.93164 0.01263
11303.62500 0.05465
11306.32324 0.05308
11309.00586 0.04463
11311.70703 0.01825
11314.38965 0.03296
11317.08594 0.00903
11319.77637 0.03708
11322.46094 0.04458
11325.16602 0.02327
11327.85742 0.05212
11330.54492 0.03197
11333.23828 0.03923
11335.92578 0.02975
11338.62207 0.05119
11341.31152 0.02723
11344.00684 0.02047
11346.69824 0.04495
11349.39453 0.05625
11352.08008 0.03052
11354.77344 0.02715
11357.45996 0.04141
11360.16016 0.03129
11362.86133 0.01952
11365.54395 0.03684
11368.23340 0.01498
11370.92285 0.03265
11373.62012 0.01700
11376.31250 0.05284
11379.00391 0.01506
11381.69629 0.02155
11384.38379 0.04360
11387.08398 0.03184
11389.77246 0.03246
11392.46094 0.02712
11395.15039 0.04433
11397.84766 0.03440
11400.54492 0.04947
11403.22949 0.05854
11405.92773 0.02823
11408.60840 0.02922
11411.30273 0.05817
11413.99609 0.02886
11416.69043 0.04201
11419.37305 0.02494
11422.08203 0.03414
11424.76660 0.04707
11427.46387 0.01938
11430.15527 0.02318
11432.83496 0.05138
11435.52734 0.04365
11438.22754 0.05447
11440.91602 0.04059
11443.61719 0.05136
11446.29980 0.04015
11448.99512 0.03742
11451.67969 0.02784
11454.38379 0.03441
11457.06934 0.03392
11459.76758 0.04406
11462.46094 0.02840
11465.14746 0.03876
11467.83594 0.04354
11470.52344 0.03610
11473.21973 0.04445
11475.90918 0.00678
11478.60645 0.01648
11481.29004 0.04282
11483.98828 0.04667
11486.68066 0.11485
11489.38086 0.04850
11492.06055 0.04511
11494.76172 0.04455
11497.45020 0.03048
11500.13965 0.04436
11502.83496 0.04424
11505.52539 0.03113
11508.21680 0.01365
11510.90234 0.01855
11513.59473 0.02092
11516.30078 0.03639
11518.98730 0.05030
11521.68164 0.03155
11524.37012 0.04639
11527.06543 0.02847
11529.75000 0.02081
11532.44531 0.02910
11535.14258 0.04430
11537.83496 0.02542
11540.52051 0.05000
11543.21387 0.03962
11545.90039 0.03875
11548.60156 0.03479
11551.28906 0.02164
11553.97852 0.04358
11556.67480 0.04312
11559.36523 0.03747
11562.05566 0.04170
11564.74805 0.02421
11567.44043 0.01269
11570.12695 0.02611
11572.82031 0.05520
11575.51953 0.04597
11578.20898 0.01530
11580.90430 0.02729
11583.58691 0.02917
11586.28418 0.01820
11588.98145 0.06001
11591.66699 0.03410
11594.36523 0.04073
11597.05078 0.02280
11599.75000 0.04331
11602.43848 0.02307
11605.13281 0.04761
11607.81543 0.02310
11610.51855 0.03300
11613.20801 0.03710
11615.89844 0.04973
11618.59668 0.02750
11621.27539 0.04230
11623.96777 0.02663
11626.66797 0.00426
11629.35547 0.05125
11632.04980 0.04416
11634.73828 0.06336
11637.43457 0.04585
11640.11816 0.02530
11642.82031 0.04263
11645.50586 0.03180
11648.20508 0.05018
11650.89648 0.03482
11653.57715 0.02177
11656.27051 0.03093
11658.96484 0.04409
11661.66602 0.05943
11664.35547 0.01407
11667.05078 0.04059
11669.73535 0.04187
11672.42090 0.06048
11675.11816 0.03860
11677.81641 0.06297
11680.50977 0.03361
11683.18945 0.06752
11685.89062 0.02874
11688.57910 0.02320
11691.27539 0.04041
11693.96484 0.04316
11696.66016 0.04093
11699.34570 0.03215
11702.03613 0.06965
11704.72852 0.02231
11707.42188 0.02058
11710.12109 0.03821
11712.81445 0.03891
11715.49609 0.00140
11718.18555 0.03362
11720.88184 0.03790
11723.57715 0.04019
11726.27441 0.02016
11728.96582 0.04727
11731.65039 0.02433
11734.34961 0.04502
11737.03613 0.03374
11739.72949 0.02804
11742.41699 0.03493
11745.11816 0.02227
11747.80762 0.01482
11750.49023 0.06347
11753.18164 0.03399
11755.87891 0.04160
11758.57031 0.03531
11761.26953 0.03507
11763.94922 0.04258
11766.65527 0.04846
11769.33594 0.04585
11772.03027 0.04787
11774.72656 0.05284
11777.42188 0.03357
11780.10547 0.04984
11782.80273 0.04207
11785.48730 0.04461
11788.18457 0.03226
11790.87207 0.03585
11793.57129 0.04116
11796.26465 0.02568
11798.94629 0.03279
11801.63477 0.05078
11804.34375 0.02611
11807.03320 0.04501
11809.72168 0.06406
11812.41406 0.03143
11815.10449 0.04307
11817.80371 0.04769
11820.48340 0.02883
11823.18359 0.03482
11825.87109 0.05442
11828.56445 0.03531
11831.25391 0.04176
11833.95020 0.03245
11836.63965 0.02573
11839.33691 0.02437
11842.02051 0.03450
11844.70605 0.03858
11847.41211 0.03735
11850.09766 0.03205
11852.79199 0.02313
11855.48535 0.03422
11858.16699 0.05866
11860.86328 0.03475
11863.55273 0.04057
11866.25000 0.03070
11868.94727 0.05327
11871.63770 0.03463
11874.32910 0.02399
11877.01660 0.03424
11879.70996 0.03422
11882.39648 0.04343
11885.09766 0.02556
11887.78516 0.03568
11890.48145 0.02581
11893.17090 0.03474
11895.86816 0.03876
11898.55176 0.03246
11901.24414 0.05317
11903.93652 0.03793
11906.62793 0.02433
11909.32129 0.02817
11912.01562 0.01875
11914.70410 0.05470
11917.39160 0.03304
11920.08789 0.04609
11922.78418 0.03873
11925.46777 0.02154
11928.16699 0.01298
11930.86328 0.05255
11933.55078 0.03757
11936.24902 0.04854
11938.93555 0.06641
11941.62988 0.04091
11944.31152 0.04615
11947.00781 0.03810
11949.70410 0.03027
11952.39258 0.03843
11955.08398 0.04371
11957.77441 0.02731
11960.47266 0.05045
11963.16602 0.02858
11965.85840 0.01733
11968.55273 0.04353
11971.24609 0.03658
11973.92773 0.05477
11976.61719 0.04773
11979.31250 0.03520
11981.99707 0.03244
11984.69434 0.03279
11987.38477 0.02315
11990.08301 0.03112
11992.76855 0.01319
11995.46875 0.03917
11998.15527 0.03183
12000.84961 0.03753
12003.53809 0.03594
12006.24023 0.04981
12008.92969 0.06101
12011.62695 0.03259
12014.31738 0.04280
12017.00879 0.04005
12019.69336 0.01991
12022.38672 0.04822
12025.07910 0.06655
12027.77344 0.04685
12030.46191 0.04264
12033.15625 0.02166
12035.85254 0.04772
12038.53516 0.04231
12041.22461 0.04492
12043.92188 0.02159
12046.60742 0.02809
12049.29883 0.04958
12051.99805 0.05280
12054.69043 0.04990
12057.37793 0.06242
12060.07227 0.04413
12062.75977 0.05341
12065.45605 0.04627
12068.14551 0.04736
12070.84277 0.03750
12073.53320 0.03309
12076.23047 0.04049
12078.90918 0.03657
12081.60938 0.04573
12084.30273 0.01945
12086.98926 0.03509
12089.69043 0.04575
12092.37207 0.03177
12095.05957 0.04192
12097.76367 0.04690
12100.45312 0.03506
12103.14355 0.03087
12105.84277 0.04609
12108.53418 0.03241
12111.22656 0.03018
12113.91992 0.03152
12116.60645 0.02116
12119.30078 0.05485
12121.99512 0.03671
12124.69141 0.03123
12127.36816 0.04124
12130.06348 0.02907
12132.76074 0.01792
12135.44531 0.04828
12138.14355 0.04700
12140.83008 0.03489
12143.52246 0.04648
12146.20996 0.01953
12148.91016 0.06216
12151.59863 0.01420
12154.28711 0.03141
12156.99023 0.06282
12159.68555 0.03701
12162.37695 0.04011
12165.06152 0.05000
12167.75293 0.05083
12170.44629 0.07369
12173.13770 0.05246
12175.83105 0.02652
12178.51270 0.06309
12181.20703 0.02197
12183.90234 0.01851
12186.59766 0.04081
12189.28027 0.03298
12191.98438 0.05416
12194.67676 0.02463
12197.37402 0.02695
12200.05859 0.04095
12202.74609 0.02794
12205.44531 0.02479
12208.13281 0.02127
12210.82031 0.05334
12213.50879 0.03379
12216.20410 0.03293
12218.90137 0.02974
12221.59082 0.04987
12224.28125 0.02051
12226.97363 0.05406
12229.66602 0.02744
12232.36426 0.05293
12235.05762 0.03372
12237.73730 0.04563
12240.43848 0.03844
12243.12695 0.04020
12245.82227 0.03473
12248.51855 0.02519
12251.20117 0.03819
12253.89160 0.05227
12256.59082 0.02495
12259.27637 0.01062
12261.97461 0.04049
12264.66113 0.03598
12267.35449 0.04937
12270.04102 0.03337
12272.74219 0.04321
12275.42480 0.05708
12278.12109 0.04376
12280.81738 0.05689
12283.50781 0.03263
12286.19824 0.03913
12288.89648 0.03673
12291.57617 0.04234
12294.27441 0.07136
12296.96094 0.04737
12299.66211 0.02354
12302.34863 0.04600
12305.04492 0.05863
12307.73340 0.03796
12310.43652 0.04153
12313.12598 0.03375
12315.81055 0.03332
12318.50098 0.02388
12321.18652 0.03255
12323.87793 0.05364
12326.58594 0.02807
12329.26465 0.05038
12331.95898 0.05327
12334.65430 0.04843
12337.34375 0.05427
12340.04590 0.03750
12342.73535 0.02229
12345.41895 0.03114
12348.11621 0.05121
12350.80078 0.03172
12353.50098 0.03258
12356.18555 0.03088
12358.88574 0.05630
12361.57227 0.02982
12364.26758 0.03552
12366.96289 0.05405
12369.65137 0.04061
12372.34082 0.03211
12375.03125 0.02427
12377.72852 0.04030
12380.41211 0.05414
12383.10449 0.02128
12385.79590 0.02888
12388.49609 0.02644
12391.18945 0.02823
12393.88379 0.05382
12396.57227 0.05708
12399.25977 0.05222
12401.95605 0.05015
12404.65234 0.05497
12407.33594 0.05141
12410.02051 0.04650
12412.72559 0.01858
12415.40918 0.06286
12418.10938 0.02658
12420.79590 0.02562
12423.48926 0.06337
12426.17773 0.00932
12428.86523 0.04429
12431.57422 0.05129
12434.26270 0.03006
12436.95312 0.02175
12439.63574 0.04411
12442.33496 0.03467
12445.02539 0.02681
12447.71875 0.01976
12450.41016 0.00961
12453.09668 0.03706
12455.79004 0.05099
12458.48535 0.04155
12461.18066 0.04019
12463.87598 0.07056
12466.55859 0.02547
12469.25586 0.04234
12471.95312 0.03929
12474.63672 0.05980
12477.33594 0.03649
12480.02734 0.03296
12482.71387 0.04397
12485.40723 0.04917
12488.09375 0.04596
12490.78906 0.05140
12493.48340 0.03312
12496.17285 0.01681
12498.86914 0.04150
12501.56641 0.03108
12504.24316 0.04340
12506.94043 0.03296
12509.63965 0.03252
12512.31836 0.04907
12515.01758 0.05944
12517.70508 0.04563
12520.39941 0.05409
12523.09375 0.04572
12525.78809 0.04499
12528.47754 0.04543
12531.16699 0.02318
12533.86426 0.02717
12536.55469 0.04267
12539.24609 0.03702
12541.93750 0.04627
12544.63086 0.03631
12547.32324 0.05153
12550.01758 0.02885
12552.70410 0.04971
12555.40527 0.01062
12558.09473 0.02143
12560.77637 0.02336
12563.47363 0.04274
12566.17090 0.04319
12568.85352 0.04655
12571.55176 0.03765
12574.23730 0.04061
12576.93652 0.02762
12579.62305 0.04925
12582.32227 0.03813
12585.01074 0.06586
12587.69922 0.01994
12590.38672 0.03121
12593.08887 0.02251
12595.77832 0.03372
12598.47559 0.04846
12601.16699 0.03575
12603.85156 0.01883
12606.55078 0.02094
12609.24219 0.04461
12611.92090 0.05214
12614.62207 0.03717
12617.30957 0.02696
12620.01172 0.03930
12622.69336 0.03988
12625.38867 0.03143
12628.07812 0.02443
12630.77539 0.03212
12633.46680 0.05948
12636.15723 0.02496
12638.84277 0.03286
12641.54883 0.03685
12644.23438 0.04284
12646.92773 0.05165
12649.61523 0.04515
12652.31055 0.01132
12654.99805 0.01775
12657.68750 0.02403
12660.38379 0.04144
12663.07324 0.05635
12665.77148 0.04626
12668.46191 0.04383
12671.15430 0.02576
12673.85352 0.04042
12676.53320 0.03534
12679.23242 0.05704
12681.92676 0.04704
12684.61426 0.03696
12687.30957 0.03306
12689.99805 0.02429
12692.68066 0.04293
12695.37793 0.03852
12698.07520 0.03953
12700.75879 0.04413
12703.46387 0.04884
12706.14941 0.04455
12708.84277 0.04545
12711.52930 0.04065
12714.22266 0.01462
12716.91797 0.02005
12719.61230 0.06830
12722.30176 0.05334
12724.99121 0.02202
12727.68652 0.04181
12730.37109 0.05606
12733.06836 0.02819
12735.75977 0.02938
12738.45215 0.02014
12741.14551 0.03360
12743.83105 0.03976
12746.52539 0.02247
12749.21875 0.01085
12751.91504 0.06092
12754.60254 0.04490
12757.29199 0.03114
12759.99609 0.03117
12762.68555 0.02970
12765.37598 0.01897
12768.06152 0.04305
12770.75977 0.04653
12773.44531 0.02580
12776.14551 0.02957
12778.83203 0.05041
12781.52637 0.04509
12784.22070 0.02589
12786.90234 0.04615
12789.59668 0.03252
12792.29395 0.06303
12794.99121 0.05157
12797.67480 0.03681
12800.37305 0.01159
12803.05664 0.04118
12805.75684 0.03577
12808.45020 0.02583
12811.12891 0.04936
12813.83691 0.03580
12816.51660 0.03954
12819.21289 0.04496
12821.90137 0.05650
12824.58984 0.04054
12827.29395 0.03018
12829.98438 0.01845
12832.67578 0.00626
12835.35938 0.02494
12838.05176 0.02923
12840.74316 0.03155
12843.44434 0.03183
12846.13086 0.05101
12848.83301 0.05885
12851.51270 0.07854
12854.20898 0.04972
12856.88965 0.03781
12859.59375 0.03644
12862.28320 -0.00907
12864.97363 0.03119
12867.66602 0.03269
12870.36426 0.04412
12873.05664 0.05207
12875.74219 0.05910
12878.43555 0.03501
12881.12207 0.03570
12883.82422 0.01533
12886.51855 0.01648
12889.20703 0.02427
12891.90430 0.02702
12894.59375 0.03417
12897.27637 0.05540
12899.97461 0.05247
12902.65918 0.05150
12905.35742 0.03570
12908.05078 0.01763
12910.73633 0.04380
12913.42969 0.02213
12916.11719 0.04701
12918.81836 0.03504
12921.50000 0.06310
12924.20312 0.04451
12926.88574 0.04882
12929.58887 0.04205
12932.28027 0.06477
12934.96387 0.06633
12937.65430 0.05931
12940.33984 0.04087
12943.04688 0.04233
12945.74023 0.04081
12948.42676 0.04731
12951.12109 0.04917
12953.81543 0.04209
12956.49707 0.06169
12959.19336 0.03019
12961.88281 0.03144
12964.58008 0.05862
12967.27832 0.05391
12969.96191 0.06200
12972.66113 0.04938
12975.34668 0.03771
12978.03809 0.05714
12980.72461 0.04010
12983.41992 0.02235
12986.11426 0.03412
12988.81543 0.02969
12991.49707 0.06509
12994.18652 0.01507
12996.88379 0.05810
12999.56641 0.02219
13002.27148 0.05888
13004.96973 0.02699
13007.65430 0.04079
13010.34766 0.04013
13013.03320 0.03099
13015.73242 0.03824
13018.41309 0.04778
13021.10742 0.02485
13023.80371 0.02874
13026.49902 0.04012
13029.18066 0.05118
13031.87793 0.03904
13034.57520 0.03022
13037.25781 0.05276
13039.95605 0.03863
13042.64844 0.04668
13045.33398 0.04207
13048.03516 0.03424
13050.72070 0.03611
13053.41504 0.02667
13056.10938 0.04868
13058.80566 0.06453
13061.49316 0.06637
13064.18262 0.04064
13066.87207 0.03890
13069.57129 0.05399
13072.25391 0.03782
13074.95215 0.04717
13077.64453 0.06335
13080.33789 0.05647
13083.02246 0.04585
13085.71582 0.05556
13088.41113 0.07032
13091.09863 0.06958
13093.79297 0.04114
13096.49707 0.04651
13099.17188 0.06942
13101.87598 0.04449
13104.56641 0.02387
13107.24902 0.05848
13109.94824 0.03677
13112.63965 0.02649
13115.33301 0.03392
13118.01172 0.04348
13120.71973 0.03752
13123.41406 0.02769
13126.10156 0.04979
13128.78906 0.04247
13131.48535 0.04669
13134.18262 0.05103
13136.86328 0.04734
13139.54785 0.04327
13142.24512 0.03054
13144.94336 0.05481
13147.63574 0.02829
13150.32129 0.02730
13153.01465 0.06264
13155.71582 0.03542
13158.39453 0.05553
13161.09668 0.03783
13163.78516 0.04998
13166.48730 0.05616
13169.16992 0.04676
13171.85938 0.03407
13174.55664 0.05304
13177.24707 0.04973
13179.93164 0.06120
13182.62305 0.04802
13185.31641 0.00293
13188.00879 0.04964
13190.69531 0.02889
13193.38965 0.05424
13196.08496 0.06148
13198.77930 0.04297
13201.47559 0.04052
13204.16406 0.04196
13206.85352 0.05468
13209.55078 0.04116
13212.25000 0.05727
13214.92578 0.05776
13217.62402 0.04402
13220.32422 0.03639
13223.00977 0.01936
13225.71094 0.02765
13228.38965 0.07663
13231.07812 0.04789
13233.78027 0.03198
13236.47461 0.03880
13239.16406 0.06499
13241.84668 0.04958
13244.55078 0.04715
13247.24121 0.03389
13249.93262 0.02789
13252.63184 0.05362
13255.31641 0.04641
13258.00977 0.03467
13260.69434 0.04249
13263.38965 0.04605
13266.08301 0.03213
13268.77051 0.05142
13271.46680 0.02474
13274.15430 0.03250
13276.85156 0.05286
13279.53516 0.05522
13282.23828 0.03458
13284.91504 0.03241
13287.61426 0.04123
13290.30664 0.03770
13293.00684 0.05707
13295.69141 0.05482
13298.38477 0.03968
13301.08008 0.04037
13303.76660 0.03116
13306.46191 0.04212
13309.15039 0.01918
13311.84668 0.03892
13314.53711 0.03565
13317.22656 0.04143
13319.91699 0.05044
13322.61523 0.05932
13325.30762 0.03954
13328.00000 0.03471
13330.68457 0.03333
13333.37988 0.03148
13336.07324 0.04795
13338.75977 0.03712
13341.45508 0.03298
13344.15039 0.04026
13346.83984 0.04382
13349.54297 0.03262
13352.22559 0.05469
13354.92285 0.04961
13357.60742 0.06275
13360.29980 0.03775
13362.99121 0.03927
13365.69141 0.04507
13368.38477 0.06099
13371.07031 0.05474
13373.75684 0.04529
13376.45117 0.03979
13379.13965 0.05197
13381.83496 0.03718
13384.53223 0.02087
13387.22168 0.07006
13389.91895 0.06733
13392.60156 0.03588
13395.30078 0.04895
13397.98535 0.03342
13400.68555 0.04934
13403.37109 0.04610
13406.06445 0.02244
13408.75000 0.04604
13411.45215 0.04626
13414.14062 0.04093
13416.84277 0.06356
13419.52441 0.04494
13422.21387 0.03496
13424.91113 0.01280
13427.60059 0.03012
13430.29199 0.04114
13432.98242 0.04874
13435.67480 0.04790
13438.36035 0.05650
13441.05371 0.03657
13443.74707 0.03936
13446.44043 0.05027
13449.13477 0.06094
13451.83008 0.04692
13454.52637 0.01931
13457.22266 0.03992
13459.89746 0.05155
13462.59473 0.05053
13465.29199 0.05097
13467.97559 0.04697
13470.67480 0.04648
13473.35938 0.07642
13476.05957 0.05786
13478.74512 0.04873
13481.44629 0.03549
13484.13281 0.06051
13486.82129 0.07770
13489.52344 0.05067
13492.21191 0.03927
13494.90137 0.04796
13497.58984 0.04885
13500.28125 0.02077
13502.97070 0.03894
13505.66211 0.05868
13508.35449 0.02655
13511.05273 0.05544
13513.73828 0.06449
13516.43164 0.05463
13519.12598 0.02579
13521.82031 0.01840
13524.51562 0.04049
13527.19531 0.05095
13529.89941 0.04296
13532.58105 0.05402
13535.27832 0.05153
13537.97559 0.04870
13540.65820 0.04185
13543.36426 0.06094
13546.04883 0.02353
13548.73438 0.03991
13551.43359 0.05522
13554.12695 0.05305
13556.81348 0.02486
13559.50098 0.04632
13562.19531 0.06426
13564.89844 0.03889
13567.58691 0.05040
13570.27637 0.04242
13572.97363 0.05734
13575.66309 0.04831
13578.34668 0.02791
13581.03809 0.06541
13583.72949 0.02990
13586.42969 0.04355
13589.12305 0.06426
13591.80859 0.06257
13594.50293 0.05908
13597.19629 0.03630
13599.88379 0.05260
13602.58008 0.04840
13605.26855 0.04766
13607.96484 0.03291
13610.65430 0.05054
13613.35156 0.06296
13616.03613 0.04883
13618.72656 0.03346
13621.41895 0.04820
13624.11816 0.05016
13626.80371 0.06385
13629.49707 0.05280
13632.19043 0.06224
13634.87695 0.03079
13637.57324 0.05319
13640.26758 0.04030
13642.96387 0.04106
13645.65332 0.03777
13648.35059 0.04570
13651.03320 0.05646
13653.72363 0.04680
13656.42188 0.03304
13659.11426 0.04791
13661.79785 0.05688
13664.50000 0.06343
13667.18457 0.04783
13669.87793 0.04204
13672.56641 0.02768
13675.26074 0.02912
13677.94922 0.03573
13680.65137 0.04499
13683.34082 0.06897
13686.02344 0.05547
13688.71289 0.04471
13691.42578 0.06384
13694.11035 0.05861
13696.80176 0.03855
13699.49414 0.04185
13702.18555 0.04956
13704.87891 0.04155
13707.56641 0.03939
13710.25879 0.04913
13712.95508 0.03182
13715.63574 0.04512
13718.33105 0.05556
13721.02734 0.03793
13723.71680 0.01801
13726.40625 0.00530
13729.10449 0.04158
13731.80273 0.02342
13734.48730 0.05089
13737.18652 0.05690
13739.87109 0.05267
13742.55664 0.05661
13745.25098 0.01400
13747.94434 0.04364
13750.63281 0.04507
13753.33496 0.04247
13756.02246 0.06133
13758.71094 0.02825
13761.40039 0.04371
13764.09082 0.03493
13766.78027 0.05149
13769.47070 0.04490
13772.17773 0.04485
13774.85449 0.06067
13777.55469 0.04620
13780.24805 0.02871
13782.94141 -0.00333
13785.63477 0.03683
13788.32129 0.06738
13791.01758 0.06380
13793.71191 0.04909
13796.39355 0.07249
13799.09668 0.03399
13801.79395 0.05882
13804.47754 0.05422
13807.17578 0.03864
13809.85840 0.05884
13812.55078 0.03973
13815.25000 0.05488
13817.93555 0.04372
13820.62891 0.01827
13823.33008 0.02473
13826.01660 0.05793
13828.71191 0.04085
13831.39844 0.04425
13834.08789 0.03300
13836.78320 0.04256
13839.47266 0.05550
13842.16992 0.03186
13844.86035 0.06695
13847.55176 0.05222
13850.24219 0.04754
13852.92773 0.04979
13855.62695 0.06345
13858.31934 0.04299
13861.00586 0.04400
13863.69922 0.04316
13866.39355 0.04985
13869.08203 0.04840
13871.78418 0.05483
13874.46582 0.05258
13877.16992 0.05729
13879.85156 0.04090
13882.54199 0.07397
13885.24023 0.05018
13887.93066 0.05584
13890.62305 0.05074
13893.30762 0.04936
13896.00098 0.04987
13898.70020 0.05219
13901.39453 0.07355
13904.08789 0.05915
13906.77637 0.06365
13909.47070 0.05673
13912.15918 0.06252
13914.86230 0.04058
13917.53613 0.04970
13920.23340 0.05201
13922.92383 0.04008
13925.62305 0.03953
13928.30664 0.04092
13931.00586 0.05468
13933.68262 0.02238
13936.38281 0.06673
13939.07617 0.05677
13941.77051 0.04650
13944.46484 0.06354
13947.15234 0.03289
13949.83984 0.04822
13952.53613 0.07495
13955.23145 0.06410
13957.92090 0.01885
13960.60449 0.05922
13963.30957 0.05113
13966.00000 0.07638
13968.69141 0.05779
13971.38379 0.04969
13974.07617 0.02600
13976.76074 0.03757
13979.46191 0.05667
13982.15723 0.03778
13984.84375 0.04985
13987.52246 0.02985
13990.22656 0.04586
13992.92188 0.05413
13995.61133 0.04941
13998.29297 0.07670
14000.99805 0.05357
14003.68066 0.04126
14006.37207 0.03870
14009.07129 0.07138
14011.76367 0.02848
14014.44727 0.04290
14017.14844 0.05980
14019.82617 0.04563
14022.53711 0.05363
14025.22363 0.03883
14027.91016 0.06429
14030.59766 0.03026
14033.29395 0.05391
14035.99121 0.04393
14038.68066 0.04683
14041.37012 0.05022
14044.06836 0.04976
14046.75879 0.06507
14049.45117 0.04367
14052.14355 0.04881
14054.82812 0.03278
14057.52148 0.03396
14060.21484 0.05071
14062.91602 0.02675
14065.59668 0.04223
14068.29102 0.05061
14070.98730 0.05329
14073.67480 0.06174
14076.37207 0.03835
14079.05371 0.04666
14081.75879 0.07399
14084.44141 0.04398
14087.14062 0.04125
14089.82422 0.04908
14092.51660 0.05316
14095.21582 0.06612
14097.90137 0.05566
14100.59570 0.06714
14103.28125 0.06309
14105.96875 0.04013
14108.67188 0.08033
14111.36816 0.04551
14114.06348 0.05244
14116.75195 0.05151
14119.43457 0.05043
14122.12402 0.03937
14124.81445 0.05896
14127.51367 0.07385
14130.21289 0.04276
14132.90527 0.03994
14135.58887 0.05945
14138.28223 0.04446
14140.97559 0.07411
14143.67090 0.05678
14146.36523 0.04585
14149.04395 0.05446
14151.74805 0.06264
14154.43555 0.06506
14157.13281 0.06425
14159.82227 0.04678
14162.51172 0.05378
14165.20996 0.05969
14167.90137 0.04757
14170.58398 0.04487
14173.27539 0.04619
14175.96875 0.04663
14178.65430 0.05637
14181.36230 0.04765
14184.05664 0.06620
14186.74316 0.06507
14189.43848 0.04305
14192.11816 0.07686
14194.81445 0.04865
14197.50391 0.05968
14200.19922 0.05952
14202.89746 0.04000
14205.57324 0.03782
14208.27832 0.04269
14210.96973 0.05820
14213.64648 0.03929
14216.35352 0.06912
14219.03125 0.06075
14221.74023 0.05958
14224.41797 0.04043
14227.12012 0.03094
14229.80762 0.03866
14232.51074 0.02999
14235.19141 0.07509
14237.88672 0.03837
14240.58398 0.05890
14243.27344 0.03887
14245.96387 0.06777
14248.65332 0.04826
14251.34570 0.05181
14254.03613 0.04546
14256.72949 0.02997
14259.42188 0.05843
14262.11523 0.04795
14264.80859 0.05655
14267.50293 0.04824
14270.18945 0.05328
14272.87598 0.05242
14275.57227 0.04183
14278.26855 0.05546
14280.96484 0.04217
14283.64648 0.06884
14286.34375 0.06142
14289.02637 0.04982
14291.72559 0.05581
14294.41699 0.05948
14297.10938 0.06003
14299.80176 0.05573
14302.50293 0.05059
14305.18750 0.04173
14307.87305 0.03379
14310.55957 0.03350
14313.27051 0.06190
14315.95020 0.05511
14318.64648 0.05290
14321.33594 0.05198
14324.02344 0.04376
14326.72266 0.05365
14329.40430 0.04914
14332.10254 0.04447
14334.79297 0.05298
14337.49316 0.06861
14340.18457 0.05269
14342.87012 0.02383
14345.57129 0.04860
14348.24902 0.03368
14350.95117 0.05612
14353.64648 0.05188
14356.33301 0.05258
14359.02832 0.05203
14361.71680 0.07708
14364.40625 0.07111
14367.10352 0.06714
14369.79297 0.04709
14372.47559 0.05115
14375.18164 0.06079
14377.86426 0.07413
14380.55664 0.05858
14383.25684 0.03290
14385.94238 0.04214
14388.63574 0.03913
14391.32031 0.05238
14394.01562 0.04779
14396.71777 0.03050
14399.41406 0.05634
14402.10156 0.04365
14404.79785 0.02349
14407.48730 0.05000
14410.18457 0.05715
14412.85742 0.06103
14415.54883 0.04064
14418.24805 0.04638
14420.93945 0.04942
14423.63086 0.06612
14426.32422 0.06879
14429.02441 0.03858
14431.70215 0.05320
14434.40430 0.04105
14437.08301 0.02851
14439.78516 0.07330
14442.48145 0.05853
14445.17773 0.04564
14447.85742 0.08801
14450.56250 0.05188
14453.24414 0.05849
14455.93457 0.06084
14458.62500 0.04641
14461.33203 0.04836
14464.01562 0.06863
14466.70801 0.04592
14469.39160 0.06447
14472.09277 0.04937
14474.77832 0.05585
14477.47363 0.07914
14480.16016 0.06265
14482.86230 0.05598
14485.55078 0.04444
14488.24609 0.03466
14490.93457 0.07210
14493.62402 0.04895
14496.31348 0.04595
14499.01172 0.05386
14501.69434 0.04407
14504.39258 0.03586
14507.08496 0.08214
14509.77734 0.05158
14512.46875 0.06391
14515.15430 0.06662
14517.85645 0.04848
14520.54199 0.07228
14523.23730 0.04507
14525.93164 0.05259
14528.61133 0.07449
14531.30762 0.04170
14534.00488 0.04979
14536.70215 0.06958
14539.38379 0.08091
14542.08105 0.07797
14544.77148 0.05266
14547.46289 0.04724
14550.15527 0.06335
14552.83984 0.04710
14555.53906 0.06679
14558.22461 0.05326
14560.92578 0.06634
14563.61230 0.04365
14566.31543 0.07189
14568.99414 0.04992
14571.68945 0.06552
14574.38574 0.05976
14577.08203 0.06331
14579.77148 0.04489
14582.45996 0.05929
14585.15137 0.03898
14587.84180 0.03525
14590.53223 0.05096
14593.23242 0.05224
14595.91602 0.05397
14598.61719 0.04630
14601.30176 0.04279
14603.99512 0.05045
14606.68164 0.03823
14609.38379 0.05643
14612.07129 0.05005
14614.76660 0.04317
14617.44727 0.05301
14620.14258 0.04418
14622.83984 0.05089
14625.52148 0.06390
14628.21973 0.04886
14630.91113 0.06803
14633.60938 0.06588
14636.29199 0.03486
14638.99316 0.04408
14641.69336 0.03343
14644.37891 0.07941
14647.06348 0.05861
14649.75684 0.05006
14652.45996 0.04956
14655.14648 0.06049
14657.83496 0.06777
14660.52246 0.07850
14663.21875 0.04914
14665.90820 0.05204
14668.61328 0.05093
14671.29395 0.05451
14673.99316 0.03277
14676.67578 0.07397
14679.36816 0.05745
14682.07520 0.03800
14684.75977 0.02413
14687.45312 0.08464
14690.13867 0.02971
14692.82324 0.05975
14695.51855 0.06824
14698.20508 0.05471
14700.89941 -0.03273
14703.58789 -0.01666
14706.28320 0.05405
14708.98047 0.04566
14711.66992 0.06290
14714.36719 0.06044
14717.05762 0.05971
14719.75684 0.06478
14722.45508 0.03545
14725.13086 0.07490
14727.83105 0.06312
14730.51660 0.03458
14733.20898 0.05231
14735.91113 0.04954
14738.59668 0.03777
14741.29102 0.06099
14743.97949 0.06357
14746.67383 0.08865
14749.36133 0.05647
14752.05078 0.06137
14754.74707 0.05355
14757.43750 0.05112
14760.12695 0.07439
14762.81738 0.06995
14765.51660 0.04506
14768.21582 0.06990
14770.90039 0.06240
14773.59180 0.04036
14776.27734 0.04715
14778.97070 0.05410
14781.66406 0.07243
14784.35059 0.06327
14787.05371 0.04276
14789.74902 0.04495
14792.43652 0.06720
14795.11621 0.05328
14797.81348 0.05161
14800.51074 0.04334
14803.20898 0.05374
14805.89062 0.06991
14808.58105 0.05938
14811.28125 0.07933
14813.97168 0.08371
14816.66406 0.03471
14819.34961 0.03372
14822.05078 0.06202
14824.73633 0.06498
14827.42090 0.07319
14830.12402 0.05432
14832.81055 0.05888
14835.49805 0.06377
14838.20215 0.05083
14840.89160 0.05387
14843.58008 0.05720
14846.26953 0.04476
14848.96777 0.03564
14851.64941 0.05988
14854.33984 0.07879
14857.04004 0.07179
14859.72363 0.04961
14862.42383 0.06500
14865.11719 0.07961
14867.80273 0.06182
14870.50391 0.04974
14873.19824 0.04114
14875.88477 0.06348
14878.57129 0.03977
14881.26758 0.05996
14883.97168 0.05278
14886.64355 0.05371
14889.34863 0.05696
14892.04688 0.08214
14894.72852 0.06801
14897.42676 0.05732
14900.11816 0.05360
14902.80078 0.07716
14905.50195 0.08574
14908.18555 0.05780
14910.89453 0.05074
14913.57129 0.06566
14916.26562 0.04277
14918.95117 0.05561
14921.64551 0.05055
14924.34180 0.04617
14927.03809 0.06693
14929.73340 0.07478
14932.41406 0.06105
14935.11133 0.06249
14937.80176 0.04550
14940.49902 0.07430
14943.18945 0.04763
14945.87988 0.05631
14948.56445 0.05540
14951.26367 0.06804
14953.94824 0.05231
14956.64941 0.06861
14959.33496 0.05598
14962.02832 0.06903
14964.72266 0.06160
14967.40918 0.05412
14970.10547 0.06240
14972.80957 0.08141
14975.48926 0.06190
14978.18555 0.04941
14980.87500 0.04914
14983.56348 0.05585
14986.26270 0.06875
14988.94531 0.04036
14991.63574 0.08835
14994.34375 0.07236
14997.02734 0.05002
14999.71191 0.05346
15002.40527 0.05660
15005.09863 0.04609
15007.79980 0.08048
15010.48633 0.04954
15013.18066 0.05074
15015.87695 0.05443
15018.56348 0.06613
15021.26074 0.06523
15023.94141 0.05084
15026.63867 0.07086
15029.32715 0.05899
15032.01855 0.07344
15034.71680 0.07243
15037.39941 0.04602
15040.09766 0.07069
15042.79004 0.05415
15045.47461 0.07314
15048.17578 0.05129
15050.87012 0.07095
15053.56348 0.06740
15056.24902 0.04776
15058.93555 0.03210
15061.62305 0.06324
15064.32715 0.05399
15067.00586 0.06549
15069.71094 0.03685
15072.40039 0.06724
15075.08984 0.06195
15077.78027 0.06811
15080.47949 0.07267
15083.16992 0.06221
15085.86035 0.05515
15088.55273 0.07168
15091.24414 0.08251
15093.92969 0.07038
15096.62305 0.05936
15099.31641 0.05508
15102.01074 0.06138
15104.71387 0.05825
15107.40039 0.05886
15110.07910 0.04823
15112.77637 0.07044
15115.47266 0.06813
15118.16992 0.07257
15120.85059 0.07567
15123.54004 0.05862
15126.23926 0.06428
15128.92969 0.04381
15131.62891 0.04638
15134.31250 0.06089
15137.01367 0.06111
15139.68945 0.06023
15142.39062 0.04946
15145.08398 0.05975
15147.78613 0.07951
15150.47363 0.06562
15153.16016 0.03853
15155.83887 0.05597
15158.54297 0.05437
15161.24023 0.06125
15163.92773 0.07148
15166.61719 0.06690
15169.31445 0.07181
15171.99707 0.06807
15174.68652 0.06352
15177.39453 0.06263
15180.07812 0.04804
15182.77051 0.06241
15185.46191 0.05090
15188.14648 0.06315
15190.84863 0.05610
15193.54199 0.06081
15196.21973 0.07418
15198.92383 0.08977
15201.61816 0.07352
15204.31445 0.05103
15206.99414 0.06850
15209.69141 0.07209
15212.37988 0.05810
15215.07812 0.05482
15217.75977 0.07028
15220.46582 0.06825
15223.14844 0.07876
15225.83984 0.05817
15228.53125 0.07147
15231.23145 0.06818
15233.92480 0.05219
15236.61035 0.06950
15239.30371 0.05535
15242.00586 0.06386
15244.69141 0.06855
15247.37793 0.06059
15250.06543 0.05985
15252.76172 0.06695
15255.45020 0.06311
15258.14746 0.06275
15260.83496 0.06843
15263.53320 0.04804
15266.22266 0.05243
15268.92285 0.06722
15271.60547 0.08545
15274.30566 0.05746
15276.98828 0.04650
15279.68066 0.07754
15282.38184 0.05773
15285.05859 0.04580
15287.75977 0.07879
15290.45508 0.04257
15293.14160 0.06760
15295.82812 0.07139
15298.51465 0.06711
15301.21973 0.08109
15303.90039 0.05481
15306.60547 0.08229
15309.29492 0.04329
15311.99316 0.08587
15314.68262 0.06683
15317.37305 0.04914
15320.07324 0.06130
15322.76465 0.04718
15325.44043 0.07701
15328.13184 0.06185
15330.82520 0.05998
15333.51855 0.06449
15336.20410 0.05653
15338.89844 0.06350
15341.59277 0.05460
15344.28027 0.07260
15346.97559 0.07001
15349.67285 0.05549
15352.36914 0.08128
15355.05859 0.05390
15357.74805 0.08436
15360.44629 0.06459
15363.12793 0.06174
15365.81836 0.06675
15368.51855 0.05446
15371.20117 0.07164
15373.90039 0.03865
15376.60254 0.08247
15379.28711 0.07926
15381.98047 0.07152
15384.66602 0.05434
15387.36914 0.06511
15390.05566 0.04770
15392.75879 0.06204
15395.44727 0.06459
15398.12598 0.05962
15400.83105 0.04180
15403.51172 0.05892
15406.20020 0.07479
15408.89160 0.06658
15411.59766 0.05350
15414.28809 0.05985
15416.98047 0.06224
15419.67285 0.09028
15422.35547 0.08772
15425.04883 0.05473
15427.74219 0.05344
15430.43555 0.07343
15433.12793 0.03391
15435.82324 0.06159
15438.50195 0.06783
15441.19629 0.08703
15443.89258 0.05471
15446.58789 0.02875
15449.26855 0.05113
15451.96582 0.04992
15454.66406 0.07387
15457.36133 0.07689
15460.04395 0.05732
15462.74316 0.07229
15465.42578 0.07736
15468.12500 0.06675
15470.81738 0.05559
15473.51855 0.04316
15476.20410 0.06486
15478.88770 0.07432
15481.59082 0.08384
15484.27734 0.04559
15486.96289 0.05684
15489.65820 0.06760
15492.34570 0.05752
15495.03320 0.06302
15497.73047 0.06920
15500.41895 0.06909
15503.10840 0.06068
15505.79883 0.06780
15508.48828 0.07468
15511.17871 0.06181
15513.87891 0.06578
15516.57031 0.07196
15519.26270 0.06860
15521.95410 0.05480
15524.64746 0.06064
15527.34082 0.08053
15530.04395 0.05028
15532.72852 0.07194
15535.42383 0.06500
15538.11914 0.05556
15540.80664 0.05684
15543.50195 0.07338
15546.19922 0.02510
15548.87988 0.07924
15551.58594 0.05891
15554.26562 0.04020
15556.96484 0.06761
15559.65527 0.06830
15562.33789 0.06446
15565.03809 0.06848
15567.72949 0.06147
15570.41406 0.07194
15573.11523 0.06202
15575.80859 0.06039
15578.49414 0.07249
15581.17969 0.06871
15583.87402 0.06537
15586.57812 0.04895
15589.26465 0.06758
15591.95996 0.05727
15594.64844 0.06477
15597.33691 0.07203
15600.03320 0.05949
15602.72266 0.07369
15605.42188 0.04564
15608.09473 0.07763
15610.79492 0.06171
15613.48535 0.03383
15616.17773 0.05458
15618.87793 0.06081
15621.55371 0.02260
15624.25488 0.09539
15626.95703 0.06081
15629.64258 0.08388
15632.33789 0.07487
15635.02246 0.06862
15637.71875 0.04696
15640.40527 0.06036
15643.10254 0.07128
15645.79102 0.04732
15648.48828 0.05854
15651.17773 0.07589
15653.85742 0.10301
15656.56543 0.06261
15659.24707 0.06319
15661.93848 0.06800
15664.62891 0.05838
15667.33008 0.08062
15670.02246 0.05314
15672.71582 0.06494
15675.40918 0.05472
15678.10254 0.07250
15680.78809 0.07286
15683.48242 0.06644
15686.16895 0.05101
15688.86523 0.05493
15691.56055 0.05754
15694.24902 0.07684
15696.94531 0.04492
15699.62500 0.05158
15702.31445 0.06305
15705.02246 0.06750
15707.72070 0.06654
15710.39453 0.08172
15713.09375 0.06912
15715.79395 0.07206
15718.46875 0.07089
15721.16992 0.08257
15723.85449 0.06687
15726.55664 0.07782
15729.23242 0.07520
15731.93652 0.05567
15734.63086 0.06491
15737.32617 0.05978
15740.01367 0.05890
15742.70020 0.07246
15745.38867 0.07363
15748.09473 0.08032
15750.77539 0.04539
15753.46484 0.08209
15756.15430 0.07391
15758.84473 0.07633
15761.56152 0.04492
15764.24414 0.05453
15766.93555 0.05795
15769.62793 0.07087
15772.32031 0.04533
15775.01367 0.06584
15777.70703 0.06906
15780.38281 0.03826
15783.07812 0.07014
15785.77344 0.06725
15788.46875 0.06781
15791.16406 0.07699
15793.84277 0.05587
15796.54004 0.07726
15799.23730 0.07642
15801.93457 0.04379
15804.61621 0.07161
15807.32227 0.07128
15810.00391 0.06699
15812.69629 0.05908
15815.38672 0.09171
15818.07910 0.06760
15820.76172 0.04838
15823.46387 0.08107
15826.15625 0.06774
15828.84180 0.05751
15831.54395 0.05951
15834.22949 0.06772
15836.91602 0.07703
15839.60254 0.07818
15842.30762 0.05531
15845.00391 0.06860
15847.69141 0.05362
15850.37988 0.08153
15853.07812 0.05778
15855.76758 0.06662
15858.45703 0.07361
15861.14746 0.06187
15863.84766 0.06286
15866.53809 0.05495
15869.23047 0.06998
15871.92188 0.07284
15874.61523 0.05215
15877.29004 0.05324
15879.99316 0.07159
15882.69531 0.07040
15885.38965 0.05263
15888.06738 0.05528
15890.76367 0.06792
15893.45898 0.05241
15896.14746 0.07344
15898.84375 0.06356
15901.53125 0.06152
15904.22949 0.07190
15906.91016 0.04628
15909.60840 0.05110
15912.29883 0.08366
15914.99023 0.04305
15917.68945 0.05680
15920.37305 0.07069
15923.05664 0.05113
15925.75781 0.05939
15928.45898 0.09308
15931.14453 0.06222
15933.83008 0.05961
15936.52344 0.05721
15939.22656 0.05463
15941.92285 0.06804
15944.60938 0.06412
15947.29785 0.05693
15949.99316 0.06718
15952.68262 0.06324
15955.37109 0.06856
15958.06055 0.06436
15960.75000 0.07579
15963.44043 0.05111
15966.14062 0.03924
15968.83984 0.05957
15971.51367 0.04117
15974.21484 0.07495
15976.90723 0.04896
15979.59082 0.06114
15982.29297 0.03521
15984.98633 0.05107
15987.67188 0.05925
15990.36621 0.04652
15993.04590 0.05125
15995.75879 0.05876
15998.43652 0.04045
16001.14258 0.05134
16003.82129 0.06639
16006.51074 0.06729
16009.21680 0.04545
16011.89746 0.06412
16014.58789 0.08179
16017.28613 0.06445
16019.98633 0.06020
16022.66895 0.05492
16025.36133 0.06765
16028.04395 0.08717
16030.75391 0.06267
16033.43066 0.05529
16036.14258 0.04153
16038.82715 0.04314
16041.52246 0.07424
16044.21680 0.09046
16046.89453 0.06944
16049.58105 0.07149
16052.27832 0.05613
16054.96582 0.07365
16057.67188 0.06538
16060.36035 0.06652
16063.04102 0.06305
16065.73926 0.06216
16068.43945 0.07645
16071.12109 0.04604
16073.81152 0.06556
16076.51270 0.07986
16079.20508 0.07845
16081.89648 0.06269
16084.58105 0.05793
16087.27441 0.05206
16089.96875 0.07025
16092.67090 0.06234
16095.34863 0.05963
16098.03516 0.07674
16100.74805 0.06119
16103.42676 0.05067
16106.11426 0.06090
16108.82031 0.08764
16111.50879 0.07358
16114.19727 0.05137
16116.88672 0.06077
16119.57812 0.05452
16122.26855 0.07063
16124.95898 0.06844
16127.64941 0.08949
16130.35059 0.03985
16133.03320 0.07465
16135.72656 0.06030
16138.41992 0.04461
16141.12305 0.07735
16143.80664 0.07854
16146.50098 0.06357
16149.19727 0.06667
16151.88281 0.06057
16154.57910 0.07271
16157.26660 0.06753
16159.97168 0.05477
16162.65234 0.08668
16165.34961 0.07624
16168.03906 0.05673
16170.72754 0.06860
16173.42676 0.07516
16176.10840 0.06308
16178.81738 0.06838
16181.50000 0.07347
16184.18262 0.06748
16186.87500 0.05665
16189.56738 0.07713
16192.27051 0.06328
16194.95410 0.07280
16197.64941 0.08163
16200.33398 0.06366
16203.03809 0.05463
16205.72461 0.08148
16208.42090 0.06762
16211.10742 0.07885
16213.79590 0.08316
16216.49316 0.05892
16219.18262 0.05790
16221.87207 0.06021
16224.57031 0.05565
16227.25195 0.05484
16229.94238 0.06195
16232.64258 0.06731
16235.33301 0.06409
16238.02441 0.06744
16240.71680 0.08873
16243.41895 0.08041
16246.09375 0.06686
16248.78906 0.07600
16251.49121 0.06442
16254.17676 0.07235
16256.87305 0.07762
16259.56738 0.08878
16262.25391 0.06051
16264.95117 0.07855
16267.63965 0.05651
16270.33691 0.06206
16273.01562 0.06494
16275.72266 0.05501
16278.40332 0.07978
16281.10352 0.07117
16283.79395 0.06140
16286.47559 0.06639
16289.17480 0.07477
16291.87598 0.07458
16294.56055 0.06694
16297.24316 0.08140
16299.95508 0.06077
16302.64062 0.07450
16305.32422 0.06244
16308.02832 0.06546
16310.71484 0.06033
16313.40039 0.05888
16316.09570 0.08253
16318.78418 0.07615
16321.47266 0.06474
16324.17871 0.04663
16326.86621 0.07864
16329.55566 0.06697
16332.25488 0.05945
16334.93652 0.06519
16337.62500 0.06047
16340.32617 0.06174
16343.01758 0.04276
16345.70898 0.06682
16348.40137 0.05357
16351.09473 0.06201
16353.77832 0.05873
16356.48145 0.08120
16359.15723 0.06919
16361.85938 0.08265
16364.55566 0.07777
16367.24121 0.07673
16369.92773 0.07169
16372.62500 0.06012
16375.32129 0.06681
16378.01855 0.08892
16380.69824 0.08554
16383.39551 0.06832
16386.09375 0.05852
16388.77539 0.06815
16391.47461 0.06303
16394.15625 0.06312
16396.85742 0.05452
16399.55859 0.06032
16402.24023 0.06731
16404.94141 0.05190
16407.62695 0.05798
16410.31055 0.06094
16413.01367 0.07505
16415.69922 0.05018
16418.40234 0.05658
16421.08789 0.07723
16423.76562 0.06348
16426.46289 0.07533
16429.16016 0.07555
16431.84766 0.08621
16434.54492 0.04864
16437.24219 0.06469
16439.92383 0.06533
16442.62109 0.06195
16445.31055 0.07006
16448.00195 0.05549
16450.69336 0.07116
16453.38477 0.07453
16456.07617 0.06610
16458.75977 0.06862
16461.46094 0.07617
16464.14648 0.05902
16466.84766 0.07310
16469.53320 0.07300
16472.22852 0.09581
16474.92383 0.09335
16477.60938 0.06784
16480.31445 0.09113
16483.00195 0.07738
16485.68945 0.07137
16488.37695 0.08461
16491.06641 0.07218
16493.77344 0.06412
16496.46289 0.07481
16499.15430 0.06790
16501.84375 0.06910
16504.53516 0.07970
16507.22461 0.07231
16509.91797 0.05953
16512.61914 0.06857
16515.30078 0.06883
16518.00391 0.07689
16520.68750 0.06411
16523.36328 0.05284
16526.06836 0.06428
16528.76172 0.05337
16531.45703 0.05761
16534.15234 0.07526
16536.83984 0.07793
16539.52734 0.04889
16542.22461 0.07744
16544.91211 0.04074
16547.60938 0.05307
16550.29102 0.06620
16552.98828 0.06267
16555.67969 0.05663
16558.37891 0.06985
16561.06055 0.09279
16563.76172 0.07171
16566.44336 0.08677
16569.14453 0.07131
16571.82812 0.06784
16574.52148 0.09166
16577.22461 0.07839
16579.91797 0.08216
16582.60352 0.07921
16585.28906 0.07218
16587.97461 0.06186
16590.67969 0.07976
16593.37695 0.05545
16596.06445 0.04384
16598.75977 0.07522
16601.44141 0.08708
16604.13867 0.07037
16606.82812 0.06350
16609.52539 0.05499
16612.21680 0.07046
16614.91602 0.07007
16617.60742 0.06477
16620.29883 0.06812
16622.97266 0.09588
16625.66406 0.06214
16628.36523 0.07065
16631.05859 0.06944
16633.74414 0.05271
16636.43750 0.07059
16639.14062 0.06625
16641.81836 0.06541
16644.52344 0.06865
16647.20117 0.06690
16649.90625 0.08789
16652.60156 0.08060
16655.28906 0.08896
16657.98828 0.07223
16660.67578 0.06964
16663.35547 0.08107
16666.06445 0.05634
16668.74609 0.06160
16671.43555 0.05180
16674.13672 0.06382
16676.82812 0.06361
16679.50977 0.05417
16682.20312 0.06914
16684.90430 0.07662
16687.58789 0.08371
16690.28320 0.06538
16692.96680 0.08137
16695.66211 0.06766
16698.34570 0.08960
16701.04297 0.06693
16703.72852 0.08611
16706.42578 0.06474
16709.11133 0.04944
16711.81836 0.06944
16714.50781 0.07090
16717.20508 0.08023
16719.89453 0.07983
16722.59375 0.05999
16725.27344 0.07410
16727.96484 0.05953
16730.66406 0.05876
16733.35547 0.05758
16736.04688 0.08478
16738.74023 0.08834
16741.44141 0.05673
16744.11719 0.05873
16746.81836 0.05947
16749.50391 0.07648
16752.20703 0.04513
16754.88281 0.06607
16757.58789 0.07295
16760.26562 0.06188
16762.96289 0.06845
16765.65820 0.07515
16768.34570 0.06339
16771.04297 0.06465
16773.74219 0.07917
16776.42188 0.08741
16779.11133 0.07324
16781.81055 0.09086
16784.50977 0.07873
16787.19141 0.06765
16789.88086 0.07087
16792.57422 0.08107
16795.26562 0.08828
16797.95898 0.07256
16800.64258 0.09847
16803.34570 0.06911
16806.02930 0.06290
16808.72461 0.08678
16811.41797 0.08434
16814.11328 0.06693
16816.80078 0.07497
16819.50586 0.06015
16822.19141 0.06113
16824.87109 0.07118
16827.57812 0.06556
16830.26562 0.06061
16832.96484 0.08332
16835.64453 0.07160
16838.34180 0.07125
16841.03320 0.07534
16843.72461 0.06225
16846.41406 0.07164
16849.10742 0.04905
16851.79883 0.06329
16854.49023 0.07830
16857.19336 0.05339
16859.87500 0.07268
16862.58008 0.07586
16865.25391 0.05102
16867.94922 0.06631
16870.64453 0.07625
16873.33984 0.07453
16876.02734 0.06556
16878.73242 0.08000
16881.41992 0.07355
16884.10547 0.06120
16886.79492 0.03993
16889.48438 0.07652
16892.17383 0.07518
16894.87109 0.05619
16897.57227 0.05834
16900.25195 0.06472
16902.93359 0.07028
16905.65234 0.06857
16908.31641 0.05513
16911.01758 0.07095
16913.71875 0.05440
16916.40430 0.06911
16919.10547 0.07129
16921.79102 0.08461
16924.49414 0.06585
16927.16016 0.07897
16929.86523 0.08479
16932.57031 0.08029
16935.25586 0.05143
16937.94336 0.06462
16940.63086 0.06398
16943.33789 0.05313
16946.02539 0.05438
16948.71484 0.05880
16951.40430 0.06495
16954.09375 0.08732
16956.78320 0.08946
16959.49219 0.07227
16962.16406 0.06907
16964.85742 0.09722
16967.55859 0.05793
16970.25000 0.06449
16972.93164 0.08851
16975.63477 0.05847
16978.32812 0.07879
16981.00391 0.08342
16983.69922 0.05332
16986.41211 0.05164
16989.08789 0.04598
16991.78320 0.07117
16994.47070 0.07514
16997.16602 0.07615
16999.85547 0.05904
17002.54297 0.04005
17005.24023 0.06764
17007.92969 0.07871
17010.61914 0.06944
17013.31641 0.05323
17016.00781 0.05347
17018.70703 0.05722
17021.39844 0.07733
17024.08984 0.08037
17026.77148 0.06291
17029.46484 0.07217
17032.16602 0.04499
17034.86914 0.09535
17037.53516 0.06534
17040.23828 0.05343
17042.94141 0.05632
17045.61719 0.06731
17048.32227 0.06234
17051.00000 0.09173
17053.69531 0.04327
17056.38281 0.06352
17059.08008 0.06545
17061.76758 0.06046
17064.47461 0.06014
17067.15430 0.05298
17069.86133 0.06060
17072.55078 0.08813
17075.23242 0.07333
17077.93359 0.06610
17080.61328 0.07647
17083.30469 0.08967
17085.99609 0.06425
17088.69922 0.06035
17091.39062 0.05806
17094.08398 0.06951
17096.76953 0.05836
17099.46289 0.05942
17102.15625 0.06942
17104.84180 0.07028
17107.53711 0.07630
17110.23242 0.06636
17112.91992 0.06986
17115.61719 0.05401
17118.31445 0.09043
17121.00000 0.09672
17123.69922 0.05051
17126.38672 0.05815
17129.06641 0.06541
17131.76758 0.07453
17134.45703 0.07217
17137.15625 0.06397
17139.83789 0.09174
17142.52930 0.07626
17145.23047 0.06784
17147.91211 0.05793
17150.60547 0.06008
17153.29883 0.05308
17156.00195 0.06298
17158.67578 0.04576
17161.38086 0.05845
17164.06641 0.05382
17166.75977 0.05219
17169.44727 0.08795
17172.15234 0.05515
17174.83789 0.07160
17177.52734 0.07412
17180.23242 0.08178
17182.92188 0.06346
17185.59961 0.06653
17188.28906 0.07695
17190.99805 0.07723
17193.67773 0.07577
17196.37891 0.06704
17199.06836 0.03958
17201.75000 0.09890
17204.44141 0.07140
17207.13477 0.07580
17209.82617 0.05887
17212.51953 0.07106
17215.21094 0.06695
17217.90625 0.07028
17220.58984 0.05526
17223.29492 0.07008
17225.99023 0.06316
17228.67578 0.07195
17231.37109 0.09773
17234.06836 0.06889
17236.74414 0.04865
17239.44141 0.06458
17242.13867 0.05773
17244.82812 0.06625
17247.51758 0.07212
17250.21484 0.07013
17252.90625 0.06387
17255.59570 0.08208
17258.29492 0.06927
17260.97656 0.06916
17263.67773 0.08338
17266.36133 0.05833
17269.06250 0.07064
17271.75586 0.04548
17274.44727 0.05231
17277.13086 0.07429
17279.82617 0.08535
17282.52148 0.05647
17285.20508 0.06685
17287.90039 0.04559
17290.60547 0.08269
17293.28125 0.07212
17295.97852 0.08259
17298.66602 0.04256
17301.35352 0.05833
17304.04102 0.06418
17306.75000 0.04364
17309.44727 0.04421
17312.12891 0.06047
17314.82617 0.06823
17317.51758 0.08023
17320.21680 0.04929
17322.89844 0.06241
17325.59180 0.06116
17328.29297 0.07903
17330.95703 0.06682
17333.65820 0.05808
17336.35156 0.05551
17339.05469 0.06680
17341.73828 0.06406
17344.42383 0.06239
17347.11914 0.05680
17349.82422 0.07808
17352.50977 0.07901
17355.19531 0.06113
17357.89258 0.06889
17360.59961 0.09047
17363.26758 0.06014
17365.97656 0.04338
17368.65430 0.06181
17371.36328 0.05384
17374.03320 0.08219
17376.74219 0.07365
17379.43359 0.07018
17382.13281 0.03996
17384.81445 0.07546
17387.49805 0.05006
17390.20703 0.06298
17392.89062 0.05676
17395.57422 0.05834
17398.26758 0.08129
17400.97070 0.06602
17403.66406 0.05679
17406.33984 0.06632
17409.03516 0.05682
17411.73047 0.07772
17414.41602 0.06311
17417.10352 0.05206
17419.81836 0.06247
17422.50586 0.06734
17425.20312 0.07075
17427.89062 0.05841
17430.58008 0.06302
17433.25977 0.06316
17435.95898 0.06884
17438.64844 0.06545
17441.33984 0.06704
17444.03906 0.07159
17446.73047 0.06688
17449.43164 0.07362
17452.10547 0.06055
17454.79883 0.05559
17457.50000 0.05506
17460.18359 0.06312
17462.88672 0.04621
17465.57031 0.06734
17468.25586 0.05522
17470.96094 0.05973
17473.64648 0.08434
17476.34180 0.05325
17479.01953 0.08049
17481.72656 0.05625
17484.41211 0.07714
17487.10938 0.06058
17489.78906 0.04508
17492.49609 0.06121
17495.18555 0.06069
17497.87500 0.04490
17500.57422 0.05367
17503.25586 0.05795
17505.94531 0.06037
17508.63672 0.05457
17511.34766 0.05021
17514.03906 0.05282
17516.71289 0.03762
17519.40625 0.04949
17522.09961 0.04452
17524.79297 0.08351
17527.48633 0.06096
17530.16992 0.05144
17532.86719 0.06438
17535.56055 0.05409
17538.24805 0.04954
17540.94336 0.08689
17543.63086 0.06904
17546.32812 0.05394
17549.02539 0.07172
17551.72266 0.06833
17554.40039 0.06519
17557.09961 0.08213
17559.78906 0.04726
17562.48828 0.06707
17565.16992 0.06130
17567.86914 0.07376
17570.56055 0.05891
17573.24219 0.02633
17575.93359 0.06359
17578.63477 0.05090
17581.31836 0.06909
17584.02148 0.06897
17586.70508 0.07864
17589.40039 0.06009
17592.08398 0.06544
17594.78906 0.06664
17597.47461 0.05368
17600.17969 0.07308
17602.86523 0.05904
17605.54297 0.07894
17608.24805 0.05328
17610.93750 0.06017
17613.63477 0.07235
17616.32227 0.06385
17619.02930 0.06391
17621.70898 0.06776
17624.39844 0.04197
17627.08789 0.06064
17629.77930 0.06691
17632.47070 0.07288
17635.16211 0.06702
17637.84375 0.06152
17640.55469 0.03001
17643.23828 0.04833
17645.92969 0.07211
17648.63281 0.06447
17651.31836 0.06386
17654.00195 0.06964
17656.69727 0.05423
17659.39062 0.06720
17662.08594 0.04642
17664.78125 0.06297
17667.47852 0.05985
17670.16602 0.06291
17672.85156 0.05834
17675.54883 0.05994
17678.22852 0.06698
17680.92773 0.07423
17683.63477 0.06721
17686.31445 0.07647
17689.01367 0.08372
17691.68359 0.05879
17694.38477 0.05231
17697.08594 0.05385
17699.77539 0.05073
17702.45898 0.04227
17705.16016 0.08262
17707.85352 0.05977
17710.54688 0.05939
17713.22852 0.04378
17715.91406 0.06646
17718.61719 0.06218
17721.31250 0.07493
17723.99805 0.07352
17726.70312 0.05897
17729.39844 0.08062
17732.07617 0.05066
17734.76172 0.06581
17737.44922 0.06656
17740.14844 0.07143
17742.85547 0.04936
17745.54297 0.05807
17748.24219 0.05146
17750.93164 0.06071
17753.62109 0.06171
17756.31055 0.04827
17759.00195 0.05401
17761.69336 0.06285
17764.37500 0.06607
17767.06641 0.07111
17769.75977 0.05033
17772.46289 0.05084
17775.15430 0.07964
17777.84766 0.05833
17780.52148 0.07242
17783.21680 0.06764
17785.91992 0.06636
17788.61719 0.04573
17791.30273 0.06382
17793.99805 0.03405
17796.69336 0.05093
17799.38086 0.05098
17802.07812 0.05543
17804.75586 0.05823
17807.45312 0.04699
17810.13281 0.06193
17812.84180 0.05572
17815.52148 0.05565
17818.23047 0.06686
17820.91016 0.03857
17823.62109 0.05163
17826.30273 0.05054
17828.99414 0.04894
17831.67578 0.06288
17834.37695 0.06590
17837.06055 0.05460
17839.75391 0.05313
17842.45703 0.06534
17845.15039 0.04872
17847.83398 0.05924
17850.52930 0.06035
17853.21484 0.06026
17855.91016 0.07111
17858.59570 0.06167
17861.29297 0.07562
17863.98047 0.05656
17866.66602 0.06271
17869.36523 0.08094
17872.05273 0.05397
17874.75000 0.06618
17877.43945 0.05611
17880.14062 0.06497
17882.83008 0.04789
17885.52930 0.06819
17888.21875 0.04401
17890.90039 0.05697
17893.60156 0.04985
17896.29297 0.03729
17898.99609 0.03164
17901.67773 0.06685
17904.36133 0.04090
17907.06445 0.06743
17909.73828 0.03397
17912.44141 0.04125
17915.12695 0.07244
17917.82227 0.06285
17920.50781 0.06150
17923.21484 0.06503
17925.89062 0.07106
17928.59766 0.06725
17931.28320 0.05071
17933.98242 0.07134
17936.66992 0.05809
17939.35742 0.02806
17942.05664 0.05039
17944.74609 0.06503
17947.43555 0.05881
17950.13477 0.06355
17952.81445 0.06337
17955.50586 0.05426
17958.19727 0.06421
17960.89062 0.05104
17963.59180 0.03999
17966.28320 0.06862
17968.97656 0.06177
17971.66992 0.04665
17974.35352 0.05844
17977.04688 0.05168
17979.74219 0.04567
17982.43555 0.05864
17985.12109 0.07297
17987.81836 0.04661
17990.51367 0.05920
17993.21094 0.05627
17995.90625 0.06518
17998.58398 0.04173
18001.27148 0.06886
18003.97070 0.04849
18006.66992 0.05472
18009.36719 0.05043
18012.04883 0.04827
18014.73828 0.05841
18017.42773 0.05558
18020.10742 0.05493
18022.80859 0.04287
18025.50977 0.03737
18028.19141 0.05218
18030.89453 0.02749
18033.57812 0.04527
18036.27148 0.04157
18038.95312 0.06836
18041.65820 0.04929
18044.34180 0.05853
18047.04688 0.06744
18049.73242 0.05165
18052.41797 0.07151
18055.12305 0.06304
18057.80859 0.08482
18060.49609 0.05157
18063.19336 0.05092
18065.87891 0.03570
18068.56836 0.06757
18071.25781 0.03699
18073.96484 0.06388
18076.65430 0.07124
18079.34375 0.04635
18082.03516 0.05375
18084.72461 0.05260
18087.41406 0.06151
18090.10547 0.06384
18092.79688 0.06049
18095.48828 0.05913
18098.18164 0.02771
18100.87500 0.05916
18103.56836 0.04715
18106.26172 0.03356
18108.95508 0.05104
18111.64844 0.06763
18114.34375 0.03508
18117.01953 0.06761
18119.71484 0.03818
18122.41016 0.04804
18125.10742 0.02988
18127.79492 0.03860
18130.49219 0.06970
18133.18945 0.04773
18135.86523 0.08070
18138.56445 0.05815
18141.26367 0.04997
18143.94336 0.06816
18146.64258 0.05038
18149.32227 0.05637
18152.02344 0.05333
18154.71289 0.05630
18157.41406 0.06286
18160.09570 0.04983
18162.79688 0.05727
18165.48047 0.06401
18168.16406 0.06828
18170.86719 0.06509
18173.54883 0.09306
18176.24414 0.05090
18178.94727 0.06835
18181.64258 0.04001
18184.32812 0.07154
18187.01367 0.07746
18189.72070 0.07129
18192.41602 0.06638
18195.10352 0.06931
18197.79102 0.05256
18200.47656 0.05769
18203.17578 0.03916
18205.86328 0.05620
18208.55273 0.06355
18211.26172 0.03570
18213.93164 0.04034
18216.63281 0.03216
18219.32227 0.04973
18222.01172 0.06950
18224.70312 0.05926
18227.40430 0.05911
18230.09766 0.02157
18232.78906 0.06321
18235.46289 0.05575
18238.16602 0.06087
18240.85938 0.03886
18243.55273 0.04377
18246.24805 0.04208
18248.93164 0.05213
18251.63672 0.05751
18254.33203 0.06557
18257.01758 0.05060
18259.71484 0.03535
18262.39258 0.04901
18265.09766 0.05289
18267.77539 0.06211
18270.47461 0.03504
18273.16211 0.04723
18275.86133 0.06545
18278.53906 0.05800
18281.24805 0.07491
18283.92969 0.05550
18286.61914 0.07407
18289.32031 0.04884
18292.00000 0.06152
18294.69336 0.04644
18297.39453 0.03907
18300.08594 0.06914
18302.77930 0.05470
18305.46289 0.05901
18308.16602 0.03589
18310.85938 0.03133
18313.54297 0.05523
18316.23828 0.05483
18318.92383 0.05160
18321.61914 0.02805
18324.30469 0.05606
18327.00000 0.02955
18329.68750 0.03749
18332.38477 0.03860
18335.08203 0.04473
18337.76758 0.04107
18340.46680 0.05155
18343.15625 0.02477
18345.85547 0.04903
18348.54492 0.04787
18351.24414 0.04663
18353.91406 0.04787
18356.61328 0.04459
18359.30469 0.04033
18362.00586 0.05565
18364.67773 0.05035
18367.38086 0.05444
18370.08203 0.04498
18372.76562 0.05441
18375.45898 0.03274
18378.16211 0.00475
18380.84570 0.03938
18383.53906 0.03805
18386.22461 0.02346
18388.91992 0.05365
18391.60547 0.04796
18394.30273 0.05978
18396.99805 0.06144
18399.69531 0.07032
18402.38281 0.04120
18405.06836 0.05408
18407.76758 0.05887
18410.45508 0.02868
18413.15430 0.04748
18415.84375 0.06827
18418.53320 0.04135
18421.21289 0.03477
18423.91211 0.05520
18426.61328 0.03097
18429.30469 0.05018
18431.99609 0.06051
18434.67773 0.04501
18437.37109 0.04179
18440.06250 0.04557
18442.74414 0.06069
18445.43750 0.03731
18448.15234 0.07700
18450.82617 0.05252
18453.52148 0.03660
18456.21680 0.04164
18458.90039 0.03432
18461.59766 0.03398
18464.29297 0.04927
18466.99023 0.03779
18469.67578 0.05057
18472.38477 0.05219
18475.08203 0.02595
18477.75000 0.05748
18480.44727 0.04274
18483.14648 0.04425
18485.83594 0.04255
18488.51562 0.05423
18491.21484 0.03911
18493.92578 0.02846
18496.60742 0.01540
18499.29688 0.05560
18501.97852 0.05702
18504.67969 0.04112
18507.36328 0.05041
18510.05469 0.03825
18512.74805 0.02836
18515.45117 0.04934
18518.13672 0.04331
18520.83984 0.04545
18523.51562 0.02718
18526.19922 0.03419
18528.90430 0.05660
18531.59180 0.04585
18534.28711 0.04897
18536.99414 0.05047
18539.66992 0.02446
18542.35742 0.05302
18545.04492 0.03747
18547.75391 0.03980
18550.44141 0.04490
18553.14062 0.03791
18555.83008 0.03878
18558.50781 0.04842
18561.19922 0.05236
18563.88867 0.06147
18566.57812 0.04915
18569.28125 0.04234
18571.97266 0.05443
18574.66406 0.04596
18577.35547 0.04347
18580.04883 0.06177
18582.74023 0.04525
18585.42578 0.06561
18588.12891 0.04727
18590.82422 0.05743
18593.51758 0.04931
18596.21289 0.02106
18598.88672 0.04152
18601.58398 0.02531
18604.29102 0.05296
18606.96680 0.03758
18609.66211 0.05637
18612.35938 0.04219
18615.05859 0.02889
18617.73633 0.02033
18620.44531 0.03333
18623.12305 0.04886
18625.82227 0.01824
18628.50000 0.02381
18631.20117 0.04106
18633.88086 0.04161
18636.59180 0.04319
18639.27344 0.01859
18641.97461 0.03779
18644.65625 0.02486
18647.35742 0.03708
18650.04102 0.03743
18652.73438 0.04382
18655.43555 0.03733
18658.12109 0.03712
18660.80469 0.04695
18663.48828 0.05284
18666.19336 0.02791
18668.88867 0.04347
18671.58398 0.04579
18674.26953 0.02372
18676.95703 0.04676
18679.66211 0.04814
18682.35938 0.03055
18685.04883 0.02229
18687.73633 0.04339
18690.42383 0.04405
18693.11133 0.01943
18695.81055 -0.00342
18698.50977 0.03812
18701.19922 0.05354
18703.89062 0.04306
18706.58203 0.03774
18709.26172 0.05013
18711.95117 0.03505
18714.65430 0.05493
18717.34570 0.04494
18720.03906 0.03371
18722.73242 0.04355
18725.41406 0.02298
18728.10742 0.02957
18730.81250 0.03981
18733.48438 0.03239
18736.19141 0.02508
18738.88672 0.02557
18741.56055 0.01814
18744.26562 0.02966
18746.94336 0.02100
18749.64844 0.03938
18752.34570 0.03932
18755.03320 0.03619
18757.73242 0.02874
18760.40820 0.03561
18763.11719 -0.00085
18765.79492 0.02948
18768.48438 0.02996
18771.18555 0.02899
18773.86328 0.06573
18776.56445 0.02597
18779.26562 0.03152
18781.94531 0.02959
18784.62695 0.05264
18787.34961 0.04056
18790.03125 0.04426
18792.71484 0.04278
18795.40820 0.02512
18798.10938 0.03815
18800.80469 0.04053
18803.48633 0.03753
18806.18164 0.04313
18808.86719 0.05795
18811.56250 0.02364
18814.25781 0.05515
18816.94336 0.02867
18819.63867 0.02897
18822.32617 0.02874
18825.02344 0.02568
18827.72070 0.03508
18830.40820 0.04528
18833.09570 0.03280
18835.80469 0.03388
18838.47266 0.02837
18841.17188 0.04904
18843.86133 0.02989
18846.56250 0.02458
18849.26367 0.01747
18851.93164 0.01899
18854.62305 0.02555
18857.33594 0.04923
18860.02734 0.03898
18862.70898 0.04489
18865.40234 0.03657
18868.09570 0.00331
18870.78711 0.04450
18873.48047 0.02631
18876.16602 0.01726
18878.87109 0.04309
18881.55469 0.04636
18884.25000 0.05098
18886.93555 0.03839
18889.63281 0.02744
18892.32812 0.04125
18895.00391 0.02785
18897.71094 0.04229
18900.39844 0.05161
18903.08594 0.03759
18905.78516 0.02239
18908.47266 -0.00132
18911.16211 0.03957
18913.87109 0.03242
18916.55078 0.03051
18919.24023 0.04388
18921.92969 0.05220
18924.62109 0.02660
18927.32227 0.01897
18930.01367 0.03088
18932.70703 0.03193
18935.39844 0.04044
18938.08984 0.02232
18940.77344 0.00954
18943.47656 0.03457
18946.16016 0.00307
18948.85352 0.02425
18951.54883 0.00614
18954.24414 0.05187
18956.93750 0.04230
18959.62305 0.01497
18962.33008 0.03511
18964.99609 0.00113
18967.69141 0.03070
18970.38867 0.03787
18973.08594 0.02530
18975.78516 0.02840
18978.46289 0.02625
18981.16016 0.02556
18983.85938 0.01682
18986.52734 0.01751
18989.22656 0.02144
18991.93750 0.02362
18994.60742 0.03257
18997.30859 0.02432
19000.00977 0.03014
19002.69141 0.02108
19005.39258 0.02741
19008.07422 0.03146
19010.77734 0.00722
19013.45898 0.03956
19016.16211 0.02310
19018.84570 0.01456
19021.52930 0.01494
19024.23438 0.03647
19026.91797 0.01649
19029.60352 0.02658
19032.30859 0.00944
19034.99414 0.02369
19037.69141 0.02646
19040.38867 0.03490
19043.07422 0.02846
19045.76172 0.02013
19048.45898 0.02247
19051.13672 0.02742
19053.84570 -0.00267
19056.54297 0.03759
19059.22266 0.02709
19061.91211 0.03356
19064.61133 0.01582
19067.30078 0.01160
19069.99219 0.02930
19072.67188 0.01441
19075.37305 0.01737
19078.06445 0.02773
19080.75781 0.03079
19083.45898 0.01309
19086.14258 0.01774
19088.83398 0.02925
19091.53906 0.02111
19094.21094 0.00102
19096.90625 0.02993
19099.61133 0.04123
19102.29492 0.02237
19104.99023 0.02055
19107.67578 0.03004
19110.37109 0.02817
19113.06836 0.04171
19115.74414 0.01907
19118.45117 0.01359
19121.13867 0.00876
19123.81641 -0.00496
19126.52539 0.03725
19129.22266 0.02566
19131.90039 0.02745
19134.61133 0.01351
19137.29102 0.01932
19139.99023 0.01621
19142.67969 0.01461
19145.38086 0.00198
19148.06250 0.03656
19150.75195 0.02217
19153.44531 0.01683
19156.12695 0.03315
19158.81836 0.00605
19161.52148 0.01952
19164.20508 0.01620
19166.89844 0.01659
19169.60156 0.03401
19172.28516 0.01897
19174.98047 0.01006
19177.66602 0.01988
19180.34961 0.00882
19183.06641 0.00852
19185.75195 0.01756
19188.43945 -0.00914
19191.13477 0.00631
19193.82227 0.01375
19196.50977 0.01176
19199.20703 0.01062
19201.89453 -0.00038
19204.58203 0.01968
19207.28320 0.02744
19209.97266 0.02465
19212.66211 0.01795
19215.36133 0.02173
19218.05273 0.01035
19220.75195 0.02086
19223.42383 0.00673
19226.11328 0.02269
19228.81641 0.01691
19231.51758 0.01901
19234.21094 0.02972
19236.89258 0.00057
19239.58594 0.02114
19242.27930 0.00163
19244.98438 0.01147
19247.65820 0.01534
19250.35156 0.00890
19253.03516 0.01808
19255.73242 0.02046
19258.43750 0.00853
19261.12305 -0.00451
19263.82031 0.02317
19266.50586 -0.00169
19269.20312 0.00354
19271.88086 0.01620
19274.58789 0.01532
19277.26562 0.02546
19279.96484 0.00408
19282.66406 0.02165
19285.34180 0.01628
19288.05273 0.01430
19290.73242 0.02180
19293.41211 0.02161
19296.12305 0.01302
19298.81445 0.02103
19301.49609 0.02643
19304.18555 0.02989
19306.88867 -0.00283
19309.58203 0.01063
19312.27344 0.00339
19314.95703 0.00032
19317.65039 0.02311
19320.33398 0.02304
19323.02734 0.01151
19325.74219 0.01551
19328.42773 0.00788
19331.12305 0.01098
19333.80859 -0.00694
19336.50391 0.01070
19339.20117 -0.00097
19341.88672 0.00773
19344.57422 0.00303
19347.25977 0.01914
19349.94922 0.01950
19352.64648 0.01493
19355.34570 0.01223
19358.03320 0.00902
19360.73438 0.01981
19363.41211 0.01002
19366.11133 0.00612
19368.80078 0.00061
19371.49219 0.02821
19374.18359 0.00031
19376.87500 0.01121
19379.57617 0.00504
19382.25781 0.00388
19384.94922 0.01672
19387.65234 0.01557
19390.33594 0.00376
19393.03906 -0.01066
19395.71289 0.00905
19398.41797 0.03262
19401.09961 0.01179
19403.79492 0.01066
19406.49023 -0.01020
19409.18555 0.01526
19411.87109 0.03513
19414.57812 0.01606
19417.25391 0.01253
19419.95117 -0.01539
19422.64844 -0.00010
19425.32617 0.01931
19428.02344 -0.00541
19430.72070 0.01759
19433.41992 0.00958
19436.09766 0.00401
19438.78711 -0.00339
19441.49805 0.00259
19444.17773 0.01873
19446.87891 -0.01220
19449.55859 -0.00723
19452.25977 0.01063
19454.93945 0.00454
19457.63086 0.00390
19460.32422 0.00172
19463.01758 0.00737
19465.70898 0.01125
19468.40234 0.01083
19471.09570 -0.01077
19473.77734 -0.00772
19476.47266 0.00646
19479.16797 0.00507
19481.86133 0.01380
19484.55859 -0.00370
19487.25391 -0.01279
19489.93945 -0.01160
19492.64648 0.00068
19495.31055 0.00042
19498.01953 -0.00005
19500.70508 0.00839
19503.41406 -0.00798
19506.09180 -0.00359
19508.77930 -0.00262
19511.47852 -0.01289
19514.15625 0.00688
19516.86719 -0.01117
19519.55664 0.00504
19522.24609 -0.00424
19524.93555 0.00872
19527.62695 -0.02617
19530.31836 -0.01076
19533.00000 -0.02192
19535.71289 -0.01560
19538.38281 0.01556
19541.09570 0.02655
19543.76758 0.00926
19546.48242 0.00288
19549.16602 0.00190
19551.87109 -0.01984
19554.55273 0.00370
19557.22656 -0.00753
19559.94336 -0.00113
19562.62891 0.00596
19565.31250 0.00383
19567.99805 -0.02961
19570.70703 -0.00868
19573.39258 -0.01594
19576.08984 -0.01389
19578.77539 -0.00588
19581.45117 -0.01678
19584.17383 0.00644
19586.84961 -0.00861
19589.54883 -0.02472
19592.23633 0.00193
19594.93750 -0.02167
19597.61523 -0.01246
19600.31641 -0.02383
19603.00781 -0.00978
19605.69922 -0.01023
19608.38867 -0.02494
19611.09180 -0.01959
19613.77148 -0.00142
19616.46289 -0.00367
19619.16797 -0.00524
19621.83789 0.00019
19624.53125 -0.00302
19627.22461 -0.01978
19629.92969 -0.00089
19632.61328 -0.02452
19635.31836 -0.01732
19637.99219 0.00282
19640.69727 -0.02206
19643.38281 0.00264
19646.06836 0.00491
19648.76562 -0.01477
19651.47266 -0.01228
19654.14844 -0.00068
19656.83594 -0.01121
19659.54492 -0.00029
19662.22070 0.01570
19664.93164 -0.01743
19667.60938 -0.00536
19670.30664 -0.02421
19672.98633 -0.02434
19675.69727 -0.01889
19678.37500 0.00359
19681.07617 -0.01066
19683.75586 -0.01983
19686.44727 0.00051
19689.15039 -0.01174
19691.83984 0.00160
19694.52148 -0.02817
19697.23633 -0.01243
19699.90625 -0.03790
19702.59961 0.00075
19705.30469 -0.02911
19707.99805 -0.01966
19710.68164 -0.01432
19713.37695 -0.01382
19716.08203 -0.00614
19718.76758 -0.01041
19721.45117 -0.01678
19724.14648 -0.01137
19726.83203 -0.02336
19729.52930 -0.00431
19732.21680 0.00208
19734.91406 -0.00349
19737.59961 -0.01368
19740.29883 -0.01994
19742.98633 -0.00312
19745.68555 -0.00414
19748.37305 -0.01876
19751.06250 -0.01986
19753.75195 -0.02061
19756.45117 -0.01536
19759.14258 -0.03040
19761.84375 -0.01147
19764.51172 -0.04263
19767.21484 -0.03873
19769.90430 -0.02457
19772.60938 -0.01148
19775.27930 -0.02123
19777.98242 -0.01236
19780.67578 -0.03776
19783.37891 -0.01716
19786.05078 -0.01145
19788.75586 -0.03418
19791.44922 -0.01681
19794.13477 -0.02382
19796.82812 -0.00671
19799.51367 -0.02639
19802.21094 -0.02999
19804.89648 -0.01760
19807.59180 -0.03276
19810.27734 0.00473
19812.97461 -0.01013
19815.66211 -0.00621
19818.35938 -0.03172
19821.04688 -0.00978
19823.74609 -0.02290
19826.43359 -0.03345
19829.12305 -0.00341
19831.82422 -0.01621
19834.52344 -0.02268
19837.20117 0.01579
19839.91406 -0.00652
19842.59180 -0.01445
19845.28516 -0.00318
19847.96484 -0.03017
19850.67773 -0.00078
19853.35938 0.00349
19856.05078 -0.04031
19858.73242 -0.01465
19861.43555 -0.04322
19864.11914 -0.02100
19866.81250 -0.02507
19869.51758 -0.03227
19872.21289 0.00108
19874.89648 -0.02572
19877.59180 -0.03247
19880.28711 -0.02551
19882.97266 -0.02711
19885.67773 -0.03476
19888.36328 -0.01960
19891.06055 -0.03476
19893.72656 -0.02487
19896.42383 -0.03694
19899.12109 -0.05238
19901.82031 -0.01596
19904.50781 -0.04829
19907.20703 -0.03625
19909.88477 -0.01684
19912.57422 -0.01003
19915.28516 -0.02582
19917.97461 -0.00125
19920.65430 -0.02731
19923.34375 -0.03257
19926.04688 -0.03177
19928.72656 -0.02051
19931.42969 -0.03060
19934.12109 -0.01712
19936.80273 -0.01011
19939.51758 -0.03303
19942.18750 -0.01620
19944.89258 -0.03196
19947.56445 -0.03546
19950.27930 -0.01615
19952.95312 -0.03398
19955.65820 -0.03688
19958.33203 -0.02951
19961.04883 -0.02475
19963.73438 -0.01673
19966.40820 -0.03578
19969.12695 -0.02663
19971.80273 -0.02841
19974.50977 -0.05366
19977.18555 -0.04009
19979.88281 -0.02545
19982.57227 -0.02405
19985.26953 -0.02735
19987.97070 -0.04756
19990.64648 -0.03576
19993.33594 -0.03577
19996.02539 -0.03201
19998.73633 -0.05218
20001.41602 -0.00984
20004.11719 -0.03676
20006.80859 -0.03847
20009.48828 -0.03654
20012.19141 -0.02592
20014.87109 -0.05224
20017.56250 -0.03003
20020.26758 -0.04987
20022.94922 -0.04099
20025.65430 -0.05014
20028.33594 -0.05715
20031.02930 -0.02541
20033.72461 -0.02337
20036.41797 -0.04119
20039.11328 -0.03204
20041.78711 -0.02132
20044.48242 -0.03880
20047.17969 -0.04045
20049.87695 -0.01894
20052.56250 -0.04536
20055.27148 -0.04358
20057.94531 -0.06111
20060.64453 -0.04194
20063.34180 -0.02927
20066.01953 -0.03493
20068.71680 -0.02491
20071.41797 -0.07038
20074.09570 -0.03465
20076.79492 -0.04858
20079.47266 -0.02525
20082.17383 -0.03757
20084.88672 -0.03984
20087.55469 -0.03874
20090.26758 -0.05917
20092.93750 -0.04064
20095.65234 -0.04437
20098.33203 -0.03183
20101.03516 -0.04579
20103.71680 -0.05775
20106.39844 -0.04691
20109.10352 -0.04655
20111.78711 -0.04354
20114.46875 -0.04646
20117.18555 -0.01375
20119.85938 -0.04842
20122.55469 -0.02436
20125.25000 -0.04856
20127.94531 -0.02141
20130.63086 -0.03481
20133.31641 -0.02499
20136.01367 -0.03738
20138.72266 -0.06476
20141.40820 -0.04420
20144.09766 -0.05703
20146.78320 -0.03422
20149.47070 -0.02564
20152.16992 -0.05529
20154.85938 -0.04320
20157.54688 -0.02509
20160.23633 -0.02742
20162.92578 -0.04668
20165.62695 -0.03016
20168.30664 -0.04567
20171.00781 -0.05098
20173.71094 -0.05857
20176.39062 -0.06219
20179.09375 -0.05348
20181.77539 -0.04970
20184.47852 -0.04623
20187.18359 -0.05133
20189.84180 -0.05845
20192.54688 -0.04007
20195.24023 -0.06488
20197.93555 -0.05235
20200.64062 -0.05465
20203.31445 -0.02571
20206.00977 -0.05215
20208.71680 -0.02599
20211.38867 -0.05075
20214.08594 -0.02654
20216.78320 -0.06490
20219.46875 -0.05503
20222.16602 -0.04059
20224.84180 -0.05296
20227.55273 -0.05548
20230.22852 -0.04935
20232.92773 -0.02589
20235.61523 -0.04883
20238.31445 -0.05041
20240.99219 -0.06545
20243.70312 -0.02930
20246.38281 -0.05644
20249.08398 -0.05951
20251.77344 -0.06015
20254.45312 -0.04325
20257.15625 -0.07989
20259.84570 -0.06013
20262.52734 -0.05799
20265.24219 -0.04700
20267.92383 -0.03699
20270.60547 -0.04294
20273.32031 -0.05617
20276.00195 -0.04361
20278.68555 -0.04578
20281.37891 -0.06012
20284.06445 -0.06391
20286.78125 -0.04565
20289.47461 -0.06408
20292.14844 -0.05542
20294.84570 -0.07467
20297.54297 -0.05797
20300.22852 -0.04663
20302.92578 -0.05743
20305.61133 -0.04268
20308.29688 -0.06347
20310.99609 -0.05159
20313.69336 -0.04768
20316.38281 -0.04825
20319.07031 -0.04239
20321.76953 -0.04736
20324.45898 -0.05414
20327.16016 -0.06530
20329.83789 -0.05426
20332.52734 -0.04412
20335.22852 -0.05424
20337.90820 -0.04976
20340.60938 -0.05466
20343.29102 -0.06325
20345.98242 -0.07207
20348.68555 -0.04573
20351.38867 -0.06467
20354.05859 -0.05250
20356.76367 -0.06615
20359.45703 -0.03784
20362.12891 -0.06163
20364.83398 -0.06695
20367.53906 -0.06318
20370.21289 -0.07136
20372.91797 -0.05598
20375.60352 -0.06573
20378.29883 -0.06954
20380.98438 -0.05357
20383.69141 -0.07531
20386.36719 -0.06710
20389.06445 -0.06937
20391.76172 -0.05077
20394.44727 -0.05159
20397.13672 -0.08720
20399.82227 -0.05070
20402.53320 -0.06708
20405.21094 -0.05874
20407.89844 -0.07463
20410.61133 -0.07145
20413.28906 -0.06296
20415.97852 -0.08100
20418.66992 -0.04862
20421.37109 -0.06469
20424.06055 -0.07823
20426.75195 -0.07127
20429.43164 -0.08046
20432.12500 -0.07413
20434.83984 -0.06764
20437.52148 -0.08715
20440.21289 -0.07088
20442.90625 -0.04214
20445.58984 -0.07425
20448.28320 -0.06289
20450.97656 -0.06593
20453.67188 -0.06788
20456.35547 -0.08114
20459.05078 -0.06685
20461.74805 -0.05325
20464.43164 -0.06560
20467.13867 -0.06116
20469.83594 -0.06705
20472.52148 -0.08051
20475.19727 -0.07946
20477.89648 -0.06144
20480.58203 -0.06985
20483.28125 -0.10069
20485.97852 -0.08640
20488.67969 -0.09104
20491.34570 -0.05877
20494.04492 -0.08592
20496.74609 -0.07715
20499.42383 -0.08872
20502.12500 -0.06127
20504.82617 -0.08812
20507.51562 -0.07626
20510.19727 -0.06025
20512.89844 -0.05835
20515.58008 -0.09094
20518.27148 -0.05626
20520.97461 -0.07041
20523.66797 -0.07573
20526.36133 -0.05206
20529.04297 -0.06788
20531.74609 -0.08895
20534.42969 -0.06294
20537.12500 -0.08587
20539.81836 -0.08534
20542.50391 -0.09948
20545.19922 -0.08664
20547.88281 -0.07089
20550.59180 -0.07814
20553.27539 -0.08715
20555.96094 -0.08567
20558.66992 -0.08188
20561.35547 -0.07622
20564.03320 -0.10351
20566.73047 -0.08894
20569.43945 -0.08649
20572.12891 -0.08312
20574.80469 -0.09973
20577.49414 -0.06674
20580.19336 -0.09043
20582.88281 -0.09172
20585.58203 -0.07975
20588.27344 -0.09508
20590.96289 -0.09796
20593.65234 -0.09982
20596.34375 -0.09394
20599.03516 -0.08848
20601.73828 -0.08587
20604.41992 -0.07630
20607.11133 -0.08198
20609.80469 -0.06792
20612.49805 -0.08962
20615.19141 -0.07421
20617.88281 -0.07312
20620.57812 -0.08828
20623.27344 -0.08176
20625.96680 -0.09915
20628.64062 -0.10403
20631.34570 -0.08395
20634.03125 -0.09556
20636.72852 -0.09452
20639.41211 -0.09236
20642.10938 -0.10168
20644.79492 -0.08215
20647.49219 -0.08742
20650.17969 -0.08170
20652.87891 -0.07807
20655.56445 -0.08226
20658.25195 -0.08656
20660.95117 -0.09164
20663.65039 -0.06413
20666.32812 -0.07173
20669.02930 -0.08415
20671.71875 -0.10459
20674.41992 -0.09604
20677.09766 -0.09870
20679.80078 -0.07558
20682.47852 -0.10311
20685.18164 -0.10172
20687.86133 -0.10155
20690.56641 -0.09050
20693.25781 -0.08048
20695.94922 -0.12225
20698.64258 -0.07383
20701.32422 -0.08936
20704.02930 -0.07778
20706.72461 -0.09015
20709.39453 -0.07745
20712.11133 -0.09542
20714.79688 -0.09533
20717.48047 -0.11510
20720.16406 -0.11525
20722.87305 -0.11059
20725.56836 -0.09293
20728.25391 -0.09180
20730.93945 -0.09109
20733.62500 -0.08396
20736.33398 -0.10245
20739.03320 -0.09760
20741.70898 -0.08377
20744.40820 -0.09035
20747.09570 -0.11161
20749.79492 -0.10104
20752.47266 -0.11326
20755.17188 -0.10569
20757.86133 -0.12426
20760.56250 -0.08477
20763.25195 -0.11359
20765.94336 -0.10492
20768.63281 -0.11012
20771.33594 -0.08219
20774.02734 -0.10899
20776.69531 -0.10365
20779.38867 -0.11080
20782.08984 -0.10127
20784.78320 -0.10004
20787.47656 -0.10233
20790.16992 -0.09250
20792.85352 -0.12310
20795.55859 -0.11140
20798.25195 -0.09696
20800.94727 -0.09178
20803.61914 -0.09766
20806.32617 -0.08830
20809.02148 -0.12304
20811.70703 -0.09637
20814.40430 -0.12876
20817.07617 -0.11158
20819.78516 -0.11357
20822.48242 -0.10910
20825.15820 -0.09606
20827.85742 -0.12022
20830.54492 -0.10368
20833.25586 -0.11179
20835.93164 -0.12980
20838.63086 -0.11187
20841.31836 -0.10289
20844.01953 -0.11531
20846.70898 -0.10765
20849.38672 -0.10498
20852.08789 -0.12028
20854.77930 -0.11732
20857.45898 -0.10694
20860.17188 -0.10962
20862.85156 -0.11694
20865.53125 -0.09811
20868.24609 -0.10839
20870.92773 -0.12038
20873.62109 -0.11677
20876.30273 -0.09861
20878.99609 -0.11255
20881.70117 -0.13168
20884.39453 -0.12897
20887.08984 -0.11861
20889.76172 -0.13053
20892.45703 -0.11268
20895.15234 -0.12028
20897.83594 -0.13456
20900.55664 -0.12603
20903.24023 -0.11511
20905.92578 -0.12396
20908.62305 -0.12584
20911.32031 -0.13209
20914.00781 -0.13646
20916.70508 -0.13601
20919.36914 -0.14351
20922.07031 -0.11506
20924.75586 -0.11005
20927.45508 -0.12617
20930.15625 -0.12021
20932.84570 -0.11928
20935.53516 -0.12877
20938.23633 -0.14237
20940.91406 -0.12611
20943.61523 -0.12238
20946.29492 -0.09687
20948.99805 -0.12694
20951.67773 -0.12107
20954.37891 -0.12281
20957.07227 -0.14826
20959.75391 -0.14020
20962.44531 -0.14054
20965.15039 -0.12992
20967.83203 -0.15267
20970.52734 -0.12889
20973.23242 -0.13740
20975.90234 -0.15398
20978.60938 -0.13374
20981.29297 -0.12635
20984.00000 -0.10894
20986.67383 -0.11732
20989.38086 -0.13733
20992.05273 -0.15830
20994.76172 -0.13228
20997.44727 -0.12170
21000.14453 -0.13460
21002.83203 -0.12645
21005.51758 -0.14641
21008.21680 -0.15075
21010.90430 -0.13023
21013.61523 -0.12487
21016.30273 -0.14254
21018.99219 -0.13493
21021.66797 -0.14391
21024.36914 -0.14349
21027.05859 -0.13954
21029.74805 -0.14675
21032.43945 -0.13336
21035.15234 -0.13681
21037.84375 -0.14484
21040.52344 -0.13122
21043.21289 -0.12756
21045.89453 -0.15226
21048.58789 -0.13113
21051.27930 -0.14917
21053.99414 -0.14899
21056.67578 -0.13275
21059.37109 -0.15341
21062.06445 -0.14976
21064.75977 -0.15014
21067.45312 -0.12109
21070.14844 -0.13559
21072.84375 -0.15744
21075.52734 -0.14808
21078.20117 -0.15343
21080.89648 -0.14188
21083.59375 -0.11955
21086.29102 -0.12990
21088.97656 -0.14875
21091.66211 -0.12579
21094.35938 -0.15275
21097.05859 -0.17877
21099.73438 -0.15996
21102.43359 -0.14699
21105.13281 -0.13115
21107.83398 -0.14814
21110.49805 -0.17728
21113.19922 -0.17168
21115.90039 -0.16635
21118.57812 -0.15805
21121.27930 -0.17832
21123.98047 -0.17106
21126.66016 -0.17827
21129.34961 -0.18126
21132.04102 -0.14049
21134.74414 -0.11392
21137.43750 -0.14173
21140.12891 -0.14962
21142.83398 -0.13590
21145.51562 -0.14764
21148.20898 -0.14934
21150.89062 -0.17071
21153.59570 -0.18055
21156.27734 -0.15752
21158.96289 -0.17339
21161.66797 -0.15532
21164.35352 -0.16338
21167.05859 -0.16508
21169.73242 -0.15953
21172.41602 -0.19052
21175.12695 -0.18349
21177.82227 -0.17290
21180.50781 -0.16733
21183.19336 -0.17421
21185.90430 -0.19005
21188.59180 -0.16961
21191.26758 -0.18101
21193.95312 -0.18134
21196.64258 -0.19155
21199.35352 -0.17159
21202.05273 -0.18380
21204.74219 -0.17213
21207.43164 -0.16639
21210.12109 -0.17208
21212.79883 -0.17234
21215.49023 -0.18088
21218.19336 -0.16880
21220.88281 -0.15819
21223.57422 -0.17033
21226.26562 -0.16944
21228.95703 -0.16741
21231.65039 -0.15652
21234.34375 -0.17289
21237.03711 -0.18781
21239.73047 -0.16435
21242.42188 -0.17826
21245.11719 -0.17389
21247.81055 -0.17926
21250.49414 -0.19634
21253.18945 -0.19485
21255.88477 -0.18196
21258.58008 -0.18624
21261.26562 -0.19794
21263.94922 -0.17887
21266.64648 -0.20449
21269.34375 -0.22196
21272.04102 -0.23374
21274.72656 -0.22563
21277.42578 -0.21148
21280.12305 -0.21231
21282.79883 -0.20731
21285.48633 -0.20044
21288.17383 -0.22733
21290.87500 -0.20528
21293.57422 -0.20659
21296.26172 -0.20980
21298.96289 -0.21534
21301.64062 -0.23317
21304.34375 -0.20463
21307.03320 -0.19541
21309.73633 -0.21198
21312.40234 -0.22023
21315.10547 -0.21447
21317.79688 -0.22529
21320.47656 -0.20932
21323.18164 -0.22261
21325.87500 -0.21838
21328.55469 -0.21332
21331.25977 -0.25343
21333.95312 -0.20304
21336.63477 -0.25300
21339.34180 -0.21451
21342.02539 -0.23246
21344.70703 -0.24878
21347.39258 -0.21315
21350.09961 -0.24577
21352.79492 -0.22207
21355.47852 -0.22393
21358.17578 -0.25296
21360.86133 -0.23247
21363.57031 -0.22271
21366.26758 -0.23957
21368.95312 -0.22301
21371.64062 -0.25080
21374.32812 -0.25195
21377.01562 -0.25091
21379.70117 -0.25485
21382.40234 -0.21868
21385.08984 -0.25379
21387.79102 -0.25099
21390.48047 -0.22726
21393.16797 -0.28273
21395.87109 -0.25777
21398.56055 -0.25663
21401.26367 -0.25383
21403.95312 -0.26168
21406.64453 -0.24416
21409.31250 -0.27221
21412.00391 -0.25169
21414.70703 -0.25386
21417.40039 -0.25846
21420.09180 -0.28994
21422.77344 -0.25337
21425.46680 -0.25203
21428.17188 -0.27456
21430.86719 -0.28903
21433.54883 -0.29507
21436.24414 -0.28262
21438.95117 -0.26285
21441.62305 -0.29192
21444.33008 -0.28963
21447.01367 -0.27552
21449.69922 -0.30444
21452.39648 -0.28292
21455.08203 -0.28942
21457.77930 -0.27989
21460.47656 -0.29688
21463.16211 -0.29074
21465.84961 -0.30199
21468.54688 -0.32011
21471.23633 -0.31004
21473.93359 -0.31267
21476.62305 -0.31356
21479.32227 -0.30826
21482.01172 -0.32450
21484.71289 -0.31109
21487.40234 -0.33985
21490.08008 -0.34447
21492.79297 -0.33944
21495.45898 -0.33789
21498.15039 -0.34304
21500.85352 -0.32509
21503.54492 -0.34764
21506.22461 -0.35796
21508.91602 -0.35085
21511.62109 -0.35145
21514.31445 -0.35481
21517.00781 -0.37145
21519.68945 -0.37360
21522.38281 -0.37811
21525.08789 -0.37369
21527.78125 -0.35515
21530.46680 -0.38254
21533.16016 -0.35693
21535.85547 -0.37278
21538.53906 -0.38885
21541.23438 -0.39838
21543.91992 -0.39415
21546.61719 -0.37239
21549.31445 -0.40150
21552.00000 -0.41613
21554.68555 -0.44028
21557.38477 -0.42274
21560.07031 -0.42271
21562.76953 -0.40352
21565.45703 -0.44765
21568.15625 -0.45059
21570.85547 -0.43904
21573.51953 -0.44703
21576.22070 -0.43901
21578.92188 -0.47560
21581.61133 -0.47392
21584.31250 -0.48340
21586.99023 -0.46355
21589.67969 -0.49200
21592.38281 -0.48750
21595.08594 -0.47376
21597.75391 -0.47586
21600.45703 -0.49584
21603.16211 -0.50987
21605.83008 -0.52925
21608.53516 -0.51644
21611.24023 -0.51594
21613.90820 -0.53913
21616.61523 -0.53806
21619.29688 -0.52067
21622.00195 -0.54506
21624.67383 -0.55534
21627.37891 -0.56629
21630.06445 -0.57531
21632.75977 -0.58227
21635.44336 -0.59667
21638.15234 -0.61344
21640.83789 -0.60477
21643.53320 -0.61573
21646.21875 -0.62830
21648.92969 -0.61158
21651.61328 -0.61949
21654.28906 -0.64879
21656.98828 -0.64969
21659.67578 -0.67693
21662.36328 -0.68383
21665.06250 -0.70157
21667.75000 -0.69988
21670.43750 -0.71041
21673.12695 -0.69262
21675.82812 -0.72653
21678.51758 -0.73537
21681.20703 -0.74473
21683.89844 -0.78891
21686.58789 -0.77890
21689.29102 -0.77480
21691.98242 -0.78958
21694.67383 -0.80946
21697.36523 -0.82329
21700.05859 -0.80388
21702.75000 -0.82625
21705.43164 -0.84785
21708.12500 -0.85815
21710.81836 -0.85556
21713.51172 -0.89112
21716.20508 -0.92351
21718.90039 -0.93548
21721.58398 -0.95742
21724.27734 -0.96296
21726.97461 -0.94701
21729.66992 -0.96437
21732.36523 -0.99590
21735.06250 -0.98864
21737.73438 -1.00105
21740.41992 -1.03242
21743.11719 -1.05620
21745.81641 -1.05755
21748.51367 -1.07660
21751.21289 -1.08890
21753.88672 -1.09742
21756.58594 -1.13197
21759.28516 -1.14949
21761.97266 -1.19370
21764.65039 -1.16832
21767.35156 -1.18397
21770.05273 -1.21674
21772.72852 -1.20137
21775.43164 -1.25201
21778.13281 -1.27383
21780.81055 -1.29283
21783.51367 -1.32115
21786.20312 -1.32093
21788.90625 -1.35279
21791.58594 -1.38114
21794.27930 -1.39874
21796.97070 -1.43834
21799.66211 -1.43747
21802.34375 -1.47821
21805.04883 -1.46022
21807.73047 -1.49490
21810.43750 -1.54035
21813.11914 -1.52881
21815.82422 -1.57899
21818.50781 -1.60353
21821.19141 -1.65229
21823.90039 -1.66281
21826.58203 -1.68104
21829.26562 -1.69520
21831.97461 -1.75412
21834.66016 -1.76868
21837.34570 -1.80441
21840.03125 -1.80920
21842.74023 -1.84126
21845.42773 -1.86423
21848.11328 -1.89437
21850.80078 -1.94860
21853.48828 -1.97665
21856.19922 -1.99434
21858.88672 -2.00243
21861.57617 -2.07105
21864.26367 -2.10294
21866.95312 -2.12889
21869.64258 -2.13524
21872.33203 -2.15429
21875.02148 -2.19793
21877.72266 -2.21797
21880.41406 -2.26390
21883.10547 -2.29102
21885.80664 -2.32097
21888.50000 -2.38156
21891.19141 -2.40980
21893.88281 -2.44887
21896.57617 -2.46707
21899.26758 -2.50098
21901.96094 -2.52713
21904.65430 -2.54925
21907.34961 -2.61849
21910.01953 -2.66101
21912.71289 -2.65262
21915.41992 -2.71182
21918.11523 -2.77836
21920.81055 -2.77523
21923.48242 -2.84332
21926.17969 -2.87351
21928.87500 -2.87384
21931.57227 -2.92770
21934.24609 -2.96435
21936.94336 -3.01783
21939.65234 -3.05062
21942.32617 -3.06847
21945.03711 -3.10156
21947.73633 -3.14422
21950.41016 -3.15927
21953.11133 -3.18802
21955.79688 -3.22913
21958.49805 -3.27240
21961.17383 -3.29886
21963.87500 -3.31703
21966.57617 -3.38691
21969.25391 -3.37891
21971.94336 -3.41687
21974.64453 -3.44413
21977.32422 -3.46263
21980.02734 -3.51680
21982.70508 -3.51759
21985.40820 -3.56651
21988.09961 -3.60296
21990.77930 -3.57500
21993.49609 -3.62348
21996.17773 -3.67162
21998.87109 -3.67684
22001.57617 -3.70976
22004.25586 -3.72232
22006.93945 -3.74206
22009.64648 -3.76265
22012.32812 -3.79375
22015.02344 -3.82339
22017.70703 -3.84276
22020.39062 -3.79647
22023.09766 -3.88970
22025.79492 -3.86263
22028.47852 -3.84330
22031.16406 -3.91862
22033.87305 -3.91407
22036.55859 -3.89411
22039.24414 -3.90634
22041.92969 -3.89152
22044.62891 -3.94098
22047.33984 -3.90119
22050.00391 -3.91929
2.69198 3.68227
5.38396 6.25894
8.07594 4.97589
10.76791 2.98056
13.45990 0.59134
16.15188 -5.53383
18.84385 -6.79561
21.53583 -1.09297
24.22782 1.57946
26.91980 3.42443
29.61178 5.18460
32.30375 6.13390
34.99574 5.86864
37.68771 4.48774
40.37969 2.78996
43.07167 1.37357
45.76365 -0.78740
48.45564 -5.42620
51.14761 -7.36460
53.83958 -2.50550
56.53158 -0.48135
59.22356 -0.00212
61.91553 0.58453
64.60751 1.46896
67.29950 1.57390
69.99148 0.44822
72.68346 -0.42092
75.37544 -0.07081
78.06740 0.63590
80.75941 0.66485
83.45135 0.73272
86.14335 1.33837
88.83533 1.48186
91.52733 0.70309
94.21931 -0.32751
96.91129 -1.33371
99.60326 -2.08221
102.29522 -2.41952
104.98720 -1.89449
107.67921 -0.83948
110.37118 0.40062
113.06315 1.17109
115.75513 1.58314
118.44709 1.73348
121.13909 1.33634
123.83107 0.95617
126.52303 0.37639
129.21504 -0.12254
131.90698 -0.59014
134.59901 -0.79417
137.29097 -0.30335
139.98297 0.00951
142.67494 -0.08341
145.36693 -0.38316
148.05890 -0.26713
150.75082 -0.28245
153.44281 -0.61485
156.13481 -0.62581
158.82683 0.01284
161.51878 0.71030
164.21075 0.90392
166.90273 0.93882
169.59470 1.20499
172.28671 1.17563
174.97871 0.57255
177.67072 -0.29013
180.36266 -0.81349
183.05463 -0.83279
185.74658 -1.06932
188.43863 -1.08617
191.13058 -0.51821
193.82259 0.29093
196.51457 0.48005
199.20654 0.44701
201.89848 0.48375
204.59045 0.44217
207.28242 0.23038
209.97449 -0.00401
212.66635 -0.02961
215.35838 0.16643
218.05037 0.42542
220.74231 0.45933
223.43425 0.44329
226.12625 0.21200
228.81827 -0.07508
231.51025 -0.44012
234.20226 -0.79460
236.89429 -0.97048
239.58621 -0.74365
242.27821 -0.32409
244.97020 0.30021
247.66219 0.71924
250.35406 0.86297
253.04608 0.97969
255.73814 1.01078
258.43018 0.58419
261.12207 0.03522
263.81409 -0.30415
266.50595 -0.45890
269.19803 -0.50228
271.88986 -0.64080
274.58203 -0.23892
277.27396 0.11402
279.96582 0.26160
282.65771 0.12596
285.34985 0.06238
288.04184 0.03666
290.73383 -0.03271
293.42584 -0.21171
296.11777 -0.07043
298.80994 0.34487
301.50174 0.54651
304.19376 0.63635
306.88571 0.53351
309.57773 0.55067
312.26950 0.30871
314.96167 -0.20003
317.65369 -0.60134
320.34552 -0.75322
323.03763 -0.56301
325.72964 -0.41166
328.42154 -0.10944
331.11353 0.30983
333.80539 0.54724
336.49753 0.67870
339.18942 0.64117
341.88162 0.35299
344.57346 0.22495
347.26532 0.00624
349.95743 -0.11488
352.64935 -0.12874
355.34125 -0.13034
358.03333 -0.05304
360.72534 0.11458
363.41748 0.09145
366.10938 -0.01599
368.80121 -0.10288
371.49323 -0.22274
374.18536 -0.18331
376.87717 -0.23270
379.56915 -0.09234
382.26108 0.26276
384.95306 0.52974
387.64508 0.52622
390.33707 0.48886
393.02917 0.49842
395.72095 0.29769
398.41324 0.06280
401.10489 -0.41461
403.79700 -0.49336
406.48886 -0.36055
409.18097 -0.32353
411.87299 -0.13659
414.56500 -0.01809
417.25699 0.32864
419.94888 0.30353
422.64078 0.11282
425.33264 0.18164
428.02493 0.15294
430.71680 0.18108
433.40894 0.09108
436.10092 0.12970
438.79272 0.31222
441.48468 0.29785
444.17682 0.13989
446.86871 0.02827
449.56082 -0.14111
452.25253 -0.21630
454.94440 -0.40091
457.63647 -0.37062
460.32877 -0.24753
463.02066 -0.03149
465.71268 0.19370
468.40442 0.38872
471.09644 0.45093
473.78864 0.46787
476.48071 0.32149
479.17233 0.23993
481.86435 0.12580
484.55661 -0.16080
487.24838 -0.16285
489.94034 0.01994
492.63223 -0.02402
495.32428 -0.07590
498.01627 0.02800
500.70828 0.07844
503.40051 0.01549
506.09219 -0.16435
508.78406 -0.14160
511.47644 0.03966
514.16846 0.09358
516.86011 0.10217
519.55219 0.24194
522.24390 0.45593
524.93640 0.44313
527.62793 0.26881
530.31989 0.05225
533.01215 -0.03181
535.70422 -0.25579
538.39600 -0.41459
541.08795 -0.47323
543.77991 -0.18188
546.47205 -0.03296
549.16400 0.11028
551.85583 0.22578
554.54779 0.34348
557.24005 0.30530
559.93182 0.26418
562.62396 0.10782
565.31567 -0.01734
568.00781 0.00493
570.69989 0.01072
573.39191 0.08697
576.08356 0.16261
578.77545 0.12447
581.46783 0.12786
584.15961 0.06284
586.85193 -0.10689
589.54370 -0.23359
592.23572 -0.26254
594.92773 -0.12087
597.61975 0.03759
600.31146 0.11277
603.00342 0.24463
605.69543 0.48105
608.38745 0.45366
611.07965 0.31569
613.77167 0.16421
616.46338 0.03239
619.15533 -0.11924
621.84705 -0.25141
624.53918 -0.26639
627.23132 -0.17690
629.92358 0.01146
632.61560 0.05316
635.30762 0.04439
637.99915 0.17626
640.69092 0.21068
643.38336 0.10603
646.07550 0.03451
648.76740 0.01215
651.45917 0.13364
654.15125 0.14600
656.84296 0.13734
659.53528 0.18483
662.22729 0.23996
664.91901 0.13237
667.61108 -0.01978
670.30328 -0.11291
672.99500 -0.15740
675.68701 -0.16567
678.37872 -0.19112
681.07104 -0.08707
683.76312 0.07897
686.45496 0.17791
689.14679 0.28185
691.83893 0.29611
694.53046 0.28950
697.22260 0.12006
699.91516 0.11754
702.60693 -0.00099
705.29895 -0.04124
707.99078 -0.04315
710.68286 0.01973
713.37482 0.05880
716.06647 0.01271
718.75879 -0.02044
721.45062 0.05208
724.14240 0.04230
726.83441 -0.06092
729.52679 -0.03470
732.21863 0.06379
734.91077 0.22727
737.60266 0.31169
740.29468 0.20503
742.98669 0.25176
745.67871 0.26590
748.37024 0.06937
751.06281 -0.08981
753.75458 -0.17768
756.44617 -0.12390
759.13861 -0.06635
761.83020 -0.10460
764.52240 -0.03172
767.21417 0.08834
769.90649 0.18486
772.59802 0.07998
775.29041 0.14701
777.98206 0.14730
780.67438 0.15728
783.36621 0.07866
786.05817 0.05013
788.75043 0.09425
791.44220 0.10963
794.13403 0.14522
796.82635 0.08597
799.51849 0.07918
802.21002 0.01852
804.90234 -0.06453
807.59387 -0.11339
810.28638 -0.06268
812.97766 -0.06634
815.67017 0.01049
818.36224 0.20095
821.05365 0.22099
823.74591 0.27570
826.43781 0.21083
829.12982 0.24738
831.82208 0.12213
834.51379 -0.02216
837.20551 -0.09041
839.89807 -0.02886
842.59009 -0.07220
845.28186 -0.07805
847.97388 0.06459
850.66559 0.09508
853.35779 0.12221
856.05023 0.05087
858.74164 0.04055
861.43390 0.06628
864.12567 0.07839
866.81769 0.04485
869.50958 -0.01019
872.20166 0.10738
874.89337 0.20967
877.58527 0.17488
880.27777 0.11055
882.96973 0.15261
885.66162 0.08414
888.35345 0.02066
891.04517 -0.13130
893.73724 -0.10275
896.42950 -0.04720
899.12103 0.01820
901.81366 0.05298
904.50543 0.14866
907.19781 0.16952
909.88910 0.11939
912.58154 0.11428
915.27325 0.03955
917.96539 0.04778
920.65735 0.02024
923.34918 -0.01965
926.04065 0.05115
928.73340 0.00078
931.42523 -0.00997
934.11719 0.06761
936.80914 0.07388
939.50122 0.07651
942.19330 0.04680
944.88519 0.01442
947.57709 0.01608
950.26874 -0.03349
952.96082 -0.01302
955.65356 0.11953
958.34509 0.16645
961.03674 0.16743
963.72913 0.14521
966.42102 0.11251
969.11249 0.13940
971.80457 0.07726
974.49664 -0.03933
977.18909 -0.04117
979.88098 0.01093
982.57330 0.03453
985.26489 -0.03069
987.95679 0.04976
990.64893 0.13271
993.34082 0.14728
996.03284 0.07933
998.72461 0.04336
1001.41699 0.09534
1004.10828 0.08904
1006.80029 0.07009
1009.49286 0.04603
1012.18481 0.13836
1014.87671 0.09245
1017.56854 0.04606
1020.26074 0.03377
1022.95215 0.03559
1025.64453 0.03453
1028.33667 -0.00110
1031.02795 0.02250
1033.72058 0.04205
1036.41235 0.05014
1039.10425 0.09400
1041.79614 0.11927
1044.48828 0.09592
1047.17981 0.08724
1049.87195 0.10101
1052.56421 0.08114
1055.25623 0.08150
1057.94824 0.01624
1060.64014 0.04153
1063.33252 0.10484
1066.02466 0.04643
1068.71594 0.04447
1071.40820 0.00300
1074.09961 0.07336
1076.79187 0.07377
1079.48364 -0.01022
1082.17566 0.03195
1084.86853 0.04594
1087.56018 0.08206
1090.25208 0.10497
1092.94446 0.09329
1095.63586 0.14357
1098.32776 0.17485
1101.02026 0.02788
1103.71216 0.02759
1106.40381 0.09292
1109.09607 0.01820
1111.78748 -0.02391
1114.47986 -0.01323
1117.17151 0.06128
1119.86401 0.08089
1122.55566 0.09752
1125.24829 0.10224
1127.93933 0.12013
1130.63184 0.10654
1133.32373 0.07182
1136.01538 0.09071
1138.70776 0.05680
1141.40027 0.03572
1144.09216 0.05013
1146.78418 0.05350
1149.47546 0.07646
1152.16760 0.08837
1154.86011 0.11524
1157.55139 0.05756
1160.24377 -0.01169
1162.93555 0.00837
1165.62708 -0.04004
1168.31897 -0.00171
1171.01086 0.06222
1173.70361 0.00701
1176.39490 0.04533
1179.08777 0.11933
1181.77905 0.16935
1184.47131 0.14820
1187.16382 0.05585
1189.85522 0.08873
1192.54688 0.10030
1195.23926 0.00736
1197.93188 -0.01188
1200.62341 0.02159
1203.31555 0.08370
1206.00720 0.05552
1208.69897 0.03127
1211.39124 0.09585
1214.08301 0.12696
1216.77527 0.06936
1219.46692 0.06458
1222.15906 0.04017
1224.85120 0.06236
1227.54309 0.05532
1230.23499 0.04072
1232.92725 0.05928
1235.61926 0.10553
1238.31116 0.08213
1241.00330 0.06407
1243.69458 0.09687
1246.38696 0.04863
1249.07886 0.03831
1251.77051 0.02532
1254.46240 -0.03422
1257.15527 0.05819
1259.84692 0.07503
1262.53882 0.06605
1265.23096 0.07561
1267.92261 0.07651
1270.61426 0.13244
1273.30615 0.08945
1275.99878 0.10254
1278.69092 0.08848
1281.38232 0.06726
1284.07446 0.04720
1286.76721 0.08154
1289.45862 0.03638
1292.15002 0.01782
1294.84265 0.05987
1297.53455 0.05273
1300.22644 0.06386
1302.91882 0.02096
1305.61023 0.06231
1308.30237 0.07402
1310.99414 0.09952
1313.68640 0.05445
1316.37781 0.06479
1319.07104 0.11598
1321.76172 0.11649
1324.45435 0.03119
1327.14600 0.04181
1329.83850 0.06642
1332.53003 0.08925
1335.22266 0.03476
1337.91394 0.00697
1340.60645 0.09089
1343.29761 0.09612
1345.99048 0.05529
1348.68201 0.07164
1351.37463 0.05535
1354.06580 0.09178
1356.75793 0.07678
1359.44946 0.08204
1362.14185 0.09773
1364.83362 0.09421
1367.52600 0.05429
1370.21790 0.06487
1372.91040 0.09576
1375.60229 0.06746
1378.29407 0.07171
1380.98584 0.03554
1383.67834 0.05075
1386.36914 0.05468
1389.06140 0.05361
1391.75439 0.04545
1394.44580 0.07567
1397.13757 0.08510
1399.83008 0.04122
1402.52148 0.14594
1405.21350 0.06084
1407.90527 0.03747
1410.59766 0.02424
1413.28979 0.08006
1415.98218 0.08821
1418.67358 0.05812
1421.36621 0.04806
1424.05762 0.05192
1426.74951 0.09538
1429.44165 0.04250
1432.13281 0.02300
1434.82581 0.05003
1437.51819 0.07045
1440.20862 0.00896
1442.90173 0.03105
1445.59412 0.03596
1448.28552 0.09750
1450.97766 0.05414
1453.66931 0.05671
1456.36121 0.12032
1459.05322 0.12319
1461.74561 0.09574
1464.43701 0.06652
1467.12952 0.00739
1469.82129 0.06735
1472.51392 0.02777
1475.20508 0.03076
1477.89709 0.04488
1480.58911 0.08661
1483.28101 0.08706
1485.97314 0.04008
1488.66516 0.10512
1491.35791 0.07531
1494.04907 0.04944
1496.74097 0.05811
1499.43274 0.04590
1502.12439 0.03927
1504.81677 0.05798
1507.50989 0.05670
1510.20105 0.11974
1512.89294 0.10404
1515.58545 0.05916
1518.27698 0.06540
1520.96826 0.09416
1523.66089 0.05461
1526.35254 0.00240
1529.04553 0.02132
1531.73730 0.11510
1534.42883 0.01409
1537.12012 0.01723
1539.81348 0.08109
1542.50476 0.13179
1545.19653 0.09132
1547.88892 0.02426
1550.58069 0.07303
1553.27283 0.09528
1555.96460 0.00210
1558.65601 0.03310
1561.34778 0.02407
1564.04053 0.04897
1566.73303 0.11050
1569.42407 0.07401
1572.11707 0.07149
1574.80872 0.09897
1577.49963 0.11912
1580.19263 0.04543
1582.88489 0.03618
1585.57593 0.07346
1588.26868 0.02784
1590.96082 0.04994
1593.65234 0.06240
1596.34399 0.06314
1599.03577 0.07988
1601.72778 0.07914
1604.42078 0.08173
1607.11206 0.04646
1609.80518 0.05100
1612.49585 0.00938
1615.18835 0.02688
1617.88000 0.04074
1620.57251 0.06417
1623.26416 0.06752
1625.95581 0.14186
1628.64844 0.11791
1631.34009 0.06355
1634.03174 0.08093
1636.72412 0.12816
1639.41650 0.06729
1642.10791 0.03008
1644.79932 0.01132
1647.49243 0.10254
1650.18347 0.03602
1652.87524 0.05635
1655.56787 0.07105
1658.25952 0.06523
1660.95166 0.08901
1663.64380 0.07255
1666.33557 0.08392
1669.02722 0.11653
1671.71960 0.09910
1674.41174 0.03331
1677.10339 0.08680
1679.79590 0.07330
1682.48804 0.08361
1685.18079 0.06821
1687.87134 0.05952
1690.56348 0.06279
1693.25610 0.09623
1695.94739 0.07185
1698.64014 0.03271
1701.33179 0.07362
1704.02380 0.10253
1706.71448 0.03974
1709.40845 0.05819
1712.09912 0.02270
1714.79126 0.01303
1717.48389 0.03680
1720.17603 0.09247
1722.86670 0.06893
1725.55872 0.06644
1728.25098 0.07448
1730.94299 0.10195
1733.63611 0.06989
1736.32776 0.04012
1739.01892 0.04708
1741.71118 0.08366
1744.40295 0.05396
1747.09509 0.00800
1749.78748 0.04157
1752.47925 0.07205
1755.17029 0.07788
1757.86255 0.08766
1760.55615 0.05108
1763.24707 0.06287
1765.93921 0.04702
1768.63147 0.08325
1771.32300 0.04380
1774.01477 0.04063
1776.70679 0.09324
1779.39868 0.07490
1782.09106 0.02875
1784.78357 0.09805
1787.47412 0.08893
1790.16687 0.05358
1792.85864 0.03814
1795.55164 0.03302
1798.24280 0.04683
1800.93494 0.05957
1803.62805 0.01540
1806.31836 0.04445
1809.01062 0.08529
1811.70300 0.11803
1814.39429 0.13213
1817.08765 0.08672
1819.77905 0.10253
1822.47034 0.07007
1825.16272 0.03734
1827.85498 0.03654
1830.54712 0.02703
1833.23950 0.04092
1835.93042 0.05562
1838.62256 0.03429
1841.31445 0.05608
1844.00623 0.10457
1846.69897 0.07387
1849.39050 0.09320
1852.08203 0.04540
1854.77332 0.06598
1857.46643 0.06138
1860.15942 0.06352
1862.85010 0.09065
1865.54272 0.06548
1868.23401 0.03246
1870.92712 0.07010
1873.61804 0.09213
1876.31079 0.08493
1879.00208 0.00409
1881.69421 0.07951
1884.38623 0.08594
1887.07776 0.01180
1889.77002 0.02926
1892.46216 0.04517
1895.15479 0.02038
1897.84619 0.08222
1900.53711 0.07144
1903.22998 0.09253
1905.92224 0.10534
1908.61426 0.06852
1911.30566 0.06635
1913.99805 0.04174
1916.69080 0.02452
1919.38110 0.02630
1922.07422 0.02145
1924.76575 0.06178
1927.45886 0.09423
1930.14954 0.05001
1932.84167 0.05054
1935.53357 0.09898
1938.22583 0.10621
1940.91858 0.06787
1943.60974 0.05843
1946.30164 0.09026
1948.99390 0.05242
1951.68567 0.03946
1954.37781 0.07447
1957.06946 0.06001
1959.76160 0.07941
1962.45422 0.06049
1965.14624 0.07126
1967.83752 0.03703
1970.52942 0.02343
1973.22058 0.04401
1975.91321 0.04652
1978.60522 0.06190
1981.29858 0.06369
1983.98914 0.07053
1986.68127 0.05873
1989.37378 0.08424
1992.06543 0.04209
1994.75757 0.05395
1997.44983 0.06193
2000.14160 0.07305
2002.83252 0.07478
2005.52478 0.04269
2008.21741 0.08686
2010.90930 0.09705
2013.60144 0.03607
2016.29382 0.03758
2018.98535 0.02507
2021.67712 0.07799
2024.36926 0.03663
2027.06165 0.01061
2029.75305 0.05163
2032.44470 0.11506
2035.13672 0.02295
2037.82874 0.05328
2040.52100 0.04122
2043.21362 0.07288
2045.90515 0.04585
2048.59692 0.05994
2051.29004 0.05270
2053.98071 0.07115
2056.67310 0.07392
2059.36548 0.10326
2062.05664 0.07630
2064.74829 0.04227
2067.44092 0.07117
2070.13257 0.04791
2072.82544 0.03643
2075.51611 0.06415
2078.20801 0.05087
2080.90112 0.05503
2083.59326 0.08673
2086.28516 0.06562
2088.97729 0.08876
2091.66943 0.05809
2094.36035 0.03304
2097.05249 0.04527
2099.74463 0.06038
2102.43677 0.01994
2105.12891 0.07514
2107.82007 0.02849
2110.51318 0.02643
2113.20410 0.07466
2115.89600 0.11318
2118.58813 0.10141
2121.28125 0.04805
2123.97168 0.05372
2126.66357 0.04857
2129.35620 0.07516
2132.04785 0.02020
2134.74023 0.05258
2137.43286 0.06809
2140.12500 0.07355
2142.81616 0.06197
2145.50928 0.07197
2148.19995 0.07985
2150.89160 0.08909
2153.58447 0.02879
2156.27686 0.02065
2158.96802 0.07504
2161.66138 0.08975
2164.35229 0.03988
2167.04395 0.08456
2169.73657 0.07902
2172.42896 0.08440
2175.12012 0.10226
2177.81201 0.07217
2180.50488 0.09493
2183.19507 0.08398
2185.88867 0.02895
2188.58081 0.06561
2191.27246 0.06590
2193.96387 0.05109
2196.65649 0.07977
2199.34839 0.07958
2202.04028 0.07047
2204.73145 0.06351
2207.42383 0.04377
2210.11572 0.10411
2212.80859 0.07555
2215.50073 0.03113
2218.19165 0.04241
2220.88452 0.05902
2223.57568 0.07934
2226.26782 0.06096
2228.95947 0.03546
2231.65186 0.05361
2234.34375 0.04721
2237.03540 0.06575
2239.72778 0.04135
2242.41968 0.10163
2245.11230 0.07644
2247.80444 0.04757
2250.49512 0.06823
2253.18750 0.04726
2255.87939 0.07813
2258.57104 0.04917
2261.26318 0.02646
2263.95483 0.05169
2266.64868 0.07792
2269.34033 0.00687
2272.03174 0.02164
2274.72241 0.06139
2277.41650 0.06632
2280.10742 0.06908
2282.79883 0.03628
2285.49121 0.05236
2288.18286 0.04717
2290.87622 0.03041
2293.56787 0.06887
2296.25903 0.05004
2298.95190 0.07762
2301.64307 0.08650
2304.33472 0.03726
2307.02832 0.07468
2309.71851 0.03675
2312.41089 0.06559
2315.10376 0.04166
2317.79590 0.07348
2320.48730 0.02735
2323.17920 0.06078
2325.87061 0.06605
2328.56372 0.07748
2331.25488 0.03089
2333.94800 0.05195
2336.63892 0.05660
2339.33154 0.10143
2342.02246 0.06753
2344.71509 0.05232
2347.40820 0.10698
2350.09790 0.09832
2352.79077 0.05042
2355.48267 0.06570
2358.17529 0.05052
2360.86694 0.07501
2363.55908 0.06945
2366.25024 0.08196
2368.94214 0.07897
2371.63452 0.08275
2374.32715 0.07022
2377.01904 0.03199
2379.71143 0.09181
2382.40405 0.04988
2385.09473 0.09711
2387.78809 0.06194
2390.47827 0.07114
2393.17114 0.09553
2395.86230 0.08392
2398.55469 0.03214
2401.24634 0.03200
2403.93970 0.04848
2406.62939 0.03966
2409.32227 0.05551
2412.01416 0.04430
2414.70630 0.05477
2417.39746 0.07440
2420.08887 0.07051
2422.78345 0.10755
2425.47437 0.06316
2428.16675 0.03574
2430.85840 0.06016
2433.55029 0.04492
2436.24097 0.02221
2438.93481 0.06706
2441.62622 0.07631
2444.31909 0.09418
2447.00977 0.09489
2449.70190 0.01076
2452.39453 0.03193
2455.08594 0.05911
2457.77759 0.04881
2460.46948 -0.00095
2463.16162 0.01779
2465.85400 0.08001
2468.54663 0.05913
2471.23804 0.02371
2473.92969 0.09946
2476.62183 0.08612
2479.31396 0.09709
2482.00488 0.11782
2484.69727 0.06096
2487.39014 0.04445
2490.08154 0.08208
2492.77490 0.04624
2495.46533 0.05709
2498.15723 0.06401
2500.84961 0.06019
2503.54199 0.06902
2506.23438 0.09030
2508.92578 0.08892
2511.61719 0.08625
2514.31006 0.06549
2517.00317 0.06302
2519.69336 0.05507
2522.38525 0.05641
2525.07715 0.06373
2527.76929 0.06471
2530.46143 0.11144
2533.15503 0.05319
2535.84619 0.05451
2538.53711 0.03885
2541.22949 0.05105
2543.92065 0.05579
2546.61328 0.05385
2549.30591 0.06439
2551.99731 0.06132
2554.68872 0.05793
2557.38135 0.06070
2560.07275 0.07541
2562.76562 0.09714
2565.45679 0.07046
2568.14966 0.07867
2570.84277 0.07636
2573.53394 0.07789
2576.22412 0.06381
2578.91675 0.02544
2581.60815 0.07660
2584.30103 0.07912
2586.99219 0.07400
2589.68481 0.02113
2592.37622 0.05480
2595.06885 0.09777
2597.76123 0.03999
2600.45239 0.06574
2603.14478 0.06740
2605.83716 0.05454
2608.52930 0.08531
2611.21997 0.05546
2613.91357 0.07686
2616.60571 0.07765
2619.29736 0.06955
2621.98779 0.04183
2624.68237 0.07315
2627.37231 0.07616
2630.06519 0.07087
2632.75659 0.03366
2635.45044 0.05475
2638.13989 0.06132
2640.83228 0.07905
2643.52441 0.05014
2646.21655 0.03020
2648.90820 0.04656
2651.59985 0.05703
2654.29297 0.02523
2656.98413 0.09010
2659.67676 0.07871
2662.36890 0.05353
2665.06104 0.08137
2667.75293 0.09176
2670.44336 0.05429
2673.13623 0.03591
2675.82764 0.06147
2678.52148 0.06146
2681.21240 0.06223
2683.90576 0.05234
2686.59619 0.09223
2689.28906 0.09829
2691.98047 0.05151
2694.67285 0.04593
2697.36523 0.07736
2700.05688 0.08679
2702.74878 0.05483
2705.44019 0.04323
2708.13135 0.05916
2710.82495 0.07291
2713.51538 0.08864
2716.20850 0.06101
2718.90015 0.08814
2721.59253 0.08545
2724.28467 0.08260
2726.97510 0.10363
2729.66821 0.05930
2732.35938 0.07429
2735.05298 0.05632
2737.74365 0.05116
2740.43677 0.05963
2743.12793 0.04683
2745.82056 0.08222
2748.51245 0.08850
2751.20410 0.04719
2753.89526 0.08017
2756.58765 0.09055
2759.27979 0.05216
2761.97144 0.04623
2764.66406 0.06325
2767.35474 0.03763
2770.04785 0.01841
2772.73950 0.08547
2775.43188 0.07480
2778.12427 0.06647
2780.81543 0.05795
2783.50854 0.08555
2786.20093 0.06378
2788.89258 0.06203
2791.58374 0.03415
2794.27612 0.06263
2796.96680 0.05395
2799.65967 0.02376
2802.35205 0.07098
2805.04395 0.08257
2807.73560 0.05056
2810.42676 0.08578
2813.12036 0.05923
2815.81201 0.07453
2818.50415 0.07574
2821.19482 0.06581
2823.88794 0.04186
2826.57886 0.05086
2829.27246 0.05771
2831.96387 0.06907
2834.65649 0.03331
2837.34668 0.06859
2840.03931 0.10829
2842.73047 0.05310
2845.42358 0.04407
2848.11475 0.07555
2850.80688 0.05787
2853.50000 0.05498
2856.19092 0.07142
2858.88452 0.04065
2861.57593 0.07772
2864.26660 0.07419
2866.95996 0.08777
2869.65088 0.08218
2872.34277 0.05798
2875.03589 0.05912
2877.72656 0.05463
2880.41821 0.05990
2883.11084 0.07732
2885.80444 0.07545
2888.49414 0.05752
2891.18799 0.06853
2893.87793 0.05761
2896.57202 0.06180
2899.26367 0.05597
2901.95654 0.07293
2904.64697 0.03586
2907.33984 0.01249
2910.03223 0.06867
2912.72192 0.07350
2915.41455 0.03911
2918.10791 0.04605
2920.79834 0.04956
2923.48877 0.05274
2926.18311 0.08870
2928.87500 0.06140
2931.56641 0.06821
2934.25830 0.07062
2936.95142 0.07285
2939.64209 0.06132
2942.33496 0.06227
2945.02734 0.10333
2947.71729 0.06870
2950.41113 0.05077
2953.10449 0.05824
2955.79346 0.06554
2958.48511 0.07579
2961.17920 0.06671
2963.86914 0.04843
2966.56177 0.05226
2969.25513 0.06596
2971.94580 0.04722
2974.63892 0.03013
2977.32959 0.03621
2980.02295 0.07111
2982.71387 0.08089
2985.40527 0.03306
2988.09912 0.09443
2990.78931 0.07170
2993.48315 0.07382
2996.17456 0.06445
2998.86646 0.09403
3001.55786 0.06108
3004.24976 0.06809
3006.94116 0.06855
3009.63477 0.05412
3012.32568 0.05146
3015.01904 0.04468
3017.70996 0.08523
3020.40332 0.08162
3023.09399 0.07580
3025.78687 0.07763
3028.47754 0.06835
3031.16895 0.08718
3033.86084 0.03092
3036.55518 0.04942
3039.24512 0.07623
3041.93750 0.07553
3044.63086 0.05467
3047.32153 0.04907
3050.01245 0.10040
3052.70605 0.08600
3055.39697 0.03810
3058.09033 0.05615
3060.78101 0.07421
3063.47437 0.04589
3066.16626 0.05074
3068.85718 0.03166
3071.54883 0.04720
3074.24121 0.06856
3076.93457 0.07829
3079.62646 0.07359
3082.31763 0.05834
3085.01074 0.05969
3087.70142 0.06115
3090.39282 0.06661
3093.08643 0.04779
3095.77881 0.04953
3098.46875 0.05820
3101.16064 0.06671
3103.85376 0.07177
3106.54541 0.08269
3109.23755 0.06068
3111.93066 0.09941
3114.62061 0.06077
3117.31323 0.05854
3120.00464 0.08297
3122.69653 0.06351
3125.38916 0.05565
3128.08252 0.05699
3130.77271 0.06166
3133.46387 0.07022
3136.15698 0.05776
3138.84741 0.05801
3141.54199 0.09716
3144.23340 0.10011
3146.92407 0.07212
3149.61841 0.07228
3152.31006 0.05086
3155.00024 0.05922
3157.69336 0.09190
3160.38452 0.09802
3163.07690 0.05869
3165.76953 0.08601
3168.45923 0.09738
3171.15283 0.07895
3173.84546 0.07298
3176.53882 0.05820
3179.22876 0.07790
3181.91943 0.05385
3184.61230 0.02895
3187.30444 0.06732
3189.99634 0.06677
3192.68774 0.07992
3195.38086 0.06171
3198.07300 0.05268
3200.76367 0.11155
3203.45483 0.08642
3206.14844 0.07506
3208.84082 0.07578
3211.53394 0.05923
3214.22559 0.05024
3216.91577 0.07075
3219.60815 0.06637
3222.30103 0.05421
3224.99316 0.03832
3227.68335 0.06048
3230.37793 0.05865
3233.06934 0.07924
3235.76099 0.07180
3238.45166 0.08169
3241.14429 0.04081
3243.83765 0.06413
3246.52783 0.01185
3249.22021 0.05218
3251.91284 0.06129
3254.60449 0.07238
3257.29614 0.05985
3259.98853 0.06764
3262.67944 0.10445
3265.37280 0.07389
3268.06470 0.07021
3270.75708 0.02458
3273.44775 0.02539
3276.13892 0.05570
3278.83057 0.04645
3281.52466 0.04432
3284.21533 0.10126
3286.90820 0.08338
3289.59985 0.05167
3292.29199 0.04818
3294.98413 0.07411
3297.67676 0.05258
3300.36816 0.04235
3303.05981 0.03094
3305.75171 0.07295
3308.44238 0.05468
3311.13696 0.07876
3313.82837 0.07869
3316.52002 0.03619
3319.21240 0.07732
3321.90454 0.06012
3324.59570 0.07790
3327.28687 0.10780
3329.98047 0.03734
3332.67261 0.06008
3335.36328 0.04132
3338.05591 0.05183
3340.74707 0.05015
3343.44043 0.04685
3346.13037 0.05420
3348.82275 0.09900
3351.51538 0.05873
3354.20630 0.07036
3356.90137 0.09531
3359.59302 0.07670
3362.28296 0.05590
3364.97534 0.04843
3367.66797 0.06691
3370.35889 0.07389
3373.05029 0.04600
3375.74390 0.05061
3378.43579 0.08858
3381.12817 0.09978
3383.82056 0.05345
3386.51343 0.01574
3389.20483 0.05283
3391.89600 0.07643
3394.58765 0.07834
3397.28174 0.03581
3399.97046 0.06093
3402.66309 0.06563
3405.35571 0.05042
3408.04688 0.08980
3410.74023 0.11208
3413.43018 0.08073
3416.12231 0.07601
3418.81616 0.07313
3421.50684 0.06165
3424.19946 0.05286
3426.89087 0.07479
3429.58203 0.02085
3432.27539 0.06053
3434.96533 0.05909
3437.65918 0.06696
3440.35132 0.05484
3443.04370 0.07138
3445.73462 0.02929
3448.42725 0.09464
3451.11865 0.05083
3453.81006 0.06178
3456.50171 0.07224
3459.19531 0.05426
3461.88721 0.07277
3464.57764 0.07251
3467.27148 0.07149
3469.96411 0.03551
3472.65308 0.12030
3475.34766 0.07272
3478.03906 0.05716
3480.73242 0.04561
3483.42212 0.07146
3486.11377 0.08350
3488.80737 0.07972
3491.49731 0.02505
3494.19165 0.09496
3496.88403 0.05893
3499.57617 0.06820
3502.26685 0.06526
3504.95776 0.05579
3507.65088 0.09415
3510.34180 0.06383
3513.03516 0.05840
3515.72656 0.05283
3518.41821 0.07790
3521.10986 0.05719
3523.80151 0.02236
3526.49536 0.05422
3529.18726 0.06184
3531.87769 0.07555
3534.57007 0.05388
3537.26416 0.06289
3539.95459 0.05854
3542.64526 0.07378
3545.33789 0.04347
3548.03076 0.05498
3550.72192 0.04166
3553.41479 0.06299
3556.10571 0.07810
3558.79883 0.08350
3561.48999 0.06691
3564.18140 0.08734
3566.87500 0.04843
3569.56641 0.07045
3572.26001 0.03177
3574.94971 0.05807
3577.64331 0.08144
3580.33301 0.06510
3583.02686 0.05482
3585.71899 0.06698
3588.41064 0.08235
3591.10059 0.05588
3593.79492 0.09801
3596.48682 0.06398
3599.17871 0.03521
3601.87109 0.07656
3604.56104 0.05079
3607.25342 0.01461
3609.94580 0.04922
3612.63794 0.07873
3615.33032 0.08924
3618.02075 0.05782
3620.71289 0.06017
3623.40527 0.08245
3626.09766 0.11657
3628.78979 0.06230
3631.48218 0.04872
3634.17261 0.05559
3636.86523 0.07080
3639.55737 0.06027
3642.24976 0.06939
3644.94019 0.06117
3647.63452 0.06848
3650.32471 0.08839
3653.01904 0.07526
3655.70947 0.08411
3658.39966 0.07084
3661.09375 0.06346
3663.78394 0.07514
3666.47632 0.06917
3669.17017 0.05692
3671.86035 0.06292
3674.55444 0.08147
3677.24658 0.02118
3679.93848 0.04791
3682.62817 0.07281
3685.32202 0.05472
3688.01367 0.04383
3690.70581 0.08907
3693.39746 0.07419
3696.08911 0.05107
3698.78223 0.03281
3701.47388 0.07799
3704.16528 0.04230
3706.85864 0.05152
3709.54785 0.08955
3712.24097 0.06541
3714.93433 0.06899
3717.62524 0.09013
3720.31592 0.08560
3723.00879 0.05151
3725.70142 0.03693
3728.39209 0.04602
3731.08472 0.07519
3733.77905 0.08027
3736.46948 0.06896
3739.16357 0.07639
3741.85181 0.08226
3744.54370 0.07965
3747.23535 0.05736
3749.92920 0.07410
3752.62085 0.06535
3755.31421 0.06776
3758.00562 0.06476
3760.69873 0.05103
3763.38794 0.05892
3766.08081 0.04424
3768.77173 0.08922
3771.46631 0.08111
3774.15698 0.07327
3776.84741 0.07043
3779.54175 0.04368
3782.23364 0.04778
3784.92578 0.06273
3787.61743 0.06889
3790.30688 0.06088
3793.00073 0.04540
3795.69165 0.06464
3798.38501 0.08942
3801.07593 0.08827
3803.76855 0.07695
3806.46118 0.08996
3809.15161 0.07362
3811.84570 0.06348
3814.53589 0.04873
3817.22974 0.07809
3819.92139 0.04627
3822.61304 0.06075
3825.30444 0.07424
3827.99536 0.06885
3830.68823 0.06661
3833.38086 0.07184
3836.07129 0.07600
3838.76367 0.08637
3841.45581 0.03449
3844.14795 0.05586
3846.83960 0.06181
3849.53076 0.08296
3852.22607 0.08932
3854.91724 0.06620
3857.60767 0.03812
3860.29834 0.08351
3862.99072 0.07237
3865.68262 0.06503
3868.37476 0.07466
3871.06836 0.06674
3873.75977 0.04418
3876.45288 0.07697
3879.14404 0.07570
3881.83667 0.08908
3884.52686 0.04494
3887.21899 0.03558
3889.91089 0.06212
3892.60474 0.08449
3895.29614 0.06097
3897.98511 0.05263
3900.68018 0.04598
3903.37280 0.06503
3906.06494 0.06221
3908.75513 0.10154
3911.44678 0.06106
3914.14062 0.05759
3916.83154 0.08910
3919.52271 0.06861
3922.21533 0.07248
3924.90796 0.04689
3927.59985 0.04618
3930.29175 0.05473
3932.98315 0.07571
3935.67456 0.06432
3938.36743 0.04394
3941.05811 0.05179
3943.75244 0.08360
3946.44238 0.06477
3949.13867 0.05013
3951.82568 0.07153
3954.51880 0.06373
3957.21167 0.06518
3959.90430 0.05904
3962.59424 0.05267
3965.28638 0.07904
3967.97998 0.06956
3970.67090 0.05213
3973.36377 0.07336
3976.05640 0.06739
3978.74683 0.07018
3981.43848 0.07221
3984.13232 0.07412
3986.82153 0.06902
3989.51440 0.07765
3992.20703 0.05448
3994.89893 0.06273
3997.59326 0.07697
4000.28027 0.05690
4002.97363 0.05741
4005.66650 0.06867
4008.35889 0.06896
4011.05127 0.08578
4013.74292 0.05449
4016.43433 0.06661
4019.12720 0.05888
4021.81787 0.06382
4024.51245 0.05646
4027.20435 0.02716
4029.89355 0.02146
4032.58667 0.07070
4035.27734 0.09980
4037.96997 0.05501
4040.66211 0.07826
4043.35376 0.06670
4046.04688 0.05606
4048.73999 0.09979
4051.43018 0.06924
4054.12256 0.05435
4056.81421 0.02812
4059.50757 0.04799
4062.19849 0.06380
4064.88892 0.05685
4067.58081 0.05672
4070.27466 0.08703
4072.96606 0.07387
4075.65674 0.06081
4078.35181 0.05050
4081.04126 0.07057
4083.73535 0.09522
4086.42627 0.06413
4089.11694 0.05466
4091.80957 0.07468
4094.50171 0.08399
4097.19531 0.05691
4099.88623 0.07626
4102.57910 0.07296
4105.26904 0.08236
4107.96338 0.09230
4110.65674 0.04121
4113.34766 0.04852
4116.04004 0.06948
4118.72998 0.02679
4121.42188 0.08718
4124.11523 0.06271
4126.80518 0.07384
4129.49805 0.05764
4132.18945 0.06245
4134.88086 0.13716
4137.57373 0.06847
4140.26660 -0.27780
4142.95850 0.05854
4145.65039 -0.03933
4148.34082 0.07817
4151.03369 0.10533
4153.72559 0.13012
4156.41748 0.03279
4159.11084 0.08195
4161.80127 0.10523
4164.49365 0.12504
4167.18555 0.08232
4169.87646 0.02679
4172.56982 0.06826
4175.26172 0.05320
4177.95166 0.03159
4180.64502 0.01493
4183.33594 0.06874
4186.03076 0.09113
4188.72266 0.06886
4191.41602 0.05520
4194.10693 0.07032
4196.79932 0.08800
4199.49121 0.06461
4202.18018 0.04789
4204.87061 0.07542
4207.56787 0.07439
4210.25732 0.06606
4212.95117 0.04904
4215.64160 0.03760
4218.33154 0.07925
4221.02588 0.10404
4223.71680 0.05830
4226.40967 0.06159
4229.10205 0.07077
4231.79395 0.09694
4234.48535 0.06275
4237.17773 0.06842
4239.87012 0.06672
4242.55908 0.10244
4245.25488 0.04352
4247.94482 0.05613
4250.63721 0.05303
4253.32861 0.09398
4256.02148 0.08297
4258.71143 0.07738
4261.40820 0.04746
4264.09717 0.04073
4266.79004 0.04423
4269.47998 0.02721
4272.17383 0.07596
4274.86475 0.05490
4277.55762 0.06240
4280.25195 0.09289
4282.94092 0.06311
4285.63379 0.06213
4288.32617 0.04503
4291.01758 0.03364
4293.70850 0.06067
4296.40186 0.06361
4299.09131 0.05234
4301.78516 0.06491
4304.47803 0.04776
4307.17041 0.06037
4309.86230 0.04086
4312.55322 0.04542
4315.24365 0.09396
4317.93555 0.04105
4320.62891 0.05156
4323.32227 0.03586
4326.01465 0.07148
4328.70361 0.05478
4331.39453 0.07983
4334.08691 0.03362
4336.78125 0.05442
4339.47217 0.07247
4342.16260 0.07473
4344.85498 0.06869
4347.54883 0.05199
4350.23926 0.07235
4352.93164 0.04312
4355.62305 0.07636
4358.31885 0.11497
4361.00928 0.08741
4363.70068 0.08023
4366.39160 0.06620
4369.08496 0.04525
4371.77686 0.09027
4374.46533 0.07228
4377.16064 0.09006
4379.85303 0.07085
4382.54443 0.08504
4385.23730 0.05211
4387.92725 0.08358
4390.62109 0.08139
4393.31201 0.06885
4396.00439 0.04854
4398.69629 0.07928
4401.38965 0.04733
4404.07959 0.07486
4406.77148 0.06248
4409.46484 0.07094
4412.15527 0.06116
4414.84961 0.05266
4417.54053 0.02271
4420.23096 0.07671
4422.92480 0.07298
4425.61621 0.05411
4428.30908 0.04435
4431.00098 0.07352
4433.69238 0.04969
4436.38281 0.07216
4439.07471 0.06995
4441.76807 0.07173
4444.45850 0.08192
4447.15332 0.06971
4449.84180 0.03629
4452.53711 0.03941
4455.22656 0.07218
4457.92041 0.05247
4460.61328 0.04811
4463.30322 0.06821
4465.99658 0.05332
4468.68701 0.04841
4471.37891 0.10494
4474.07275 0.04221
4476.76514 0.03515
4479.45703 0.04248
4482.14844 0.04084
4484.83838 0.07517
4487.53076 0.06696
4490.22363 0.05377
4492.91650 0.08373
4495.60596 0.07877
4498.29932 0.05700
4500.99170 0.07653
4503.68359 0.05307
4506.37646 0.06048
4509.06885 0.02863
4511.76074 0.03549
4514.45117 0.06481
4517.14355 0.09691
4519.83740 0.05189
4522.52783 0.06910
4525.22021 0.07664
4527.91162 0.07984
4530.60400 0.05878
4533.29590 0.06576
4535.98730 0.06980
4538.68018 0.06221
4541.37158 0.05607
4544.06250 0.05534
4546.75488 0.05769
4549.44678 0.07934
4552.13965 0.07330
4554.82959 0.06849
4557.52344 0.07437
4560.21631 0.08801
4562.90820 0.06064
4565.59961 0.05152
4568.28955 0.06075
4570.98389 0.03947
4573.67480 0.05165
4576.36719 0.08480
4579.05859 0.06365
4581.75195 0.07086
4584.44385 0.07088
4587.13525 0.07669
4589.82764 0.04562
4592.51953 0.07053
4595.20801 0.05686
4597.90283 0.04368
4600.59473 0.03398
4603.28760 0.08682
4605.97998 0.07169
4608.66846 0.05592
4611.36377 0.07808
4614.05322 0.09546
4616.74658 0.04635
4619.43896 0.08026
4622.13037 0.09560
4624.82080 0.06289
4627.51562 0.03026
4630.20410 0.05649
4632.89893 0.06507
4635.59082 0.06940
4638.28174 0.07003
4640.97607 0.09377
4643.66504 0.11027
4646.35791 0.09557
4649.04980 0.04980
4651.74268 0.07605
4654.43555 0.08649
4657.12695 0.04115
4659.81982 0.03716
4662.51172 0.06697
4665.20264 0.07811
4667.89258 0.06333
4670.58691 0.07429
4673.27686 0.05778
4675.97168 0.09971
4678.66016 0.06892
4681.35547 0.04829
4684.04639 0.05600
4686.73975 0.05282
4689.42920 0.07133
4692.12012 0.05267
4694.81299 0.05130
4697.50684 0.05978
4700.19775 0.07164
4702.88965 0.07017
4705.58301 0.08274
4708.27588 0.06259
4710.96729 0.05765
4713.65723 0.05076
4716.35205 0.05409
4719.04297 0.07369
4721.73291 0.03068
4724.42676 0.06774
4727.11719 0.08832
4729.80908 0.05032
4732.50244 0.03147
4735.19482 0.06485
4737.88623 0.09979
4740.57617 0.06200
4743.27100 0.06142
4745.95898 0.05613
4748.65332 0.07635
4751.34717 0.03702
4754.03711 0.05901
4756.72852 0.05016
4759.42188 0.05924
4762.11377 0.07708
4764.80469 0.05560
4767.49707 0.05041
4770.19092 0.04548
4772.88135 0.04002
4775.57275 0.04226
4778.26904 0.05309
4780.95801 0.05551
4783.64941 0.08444
4786.33936 0.03632
4789.03320 0.04997
4791.72607 0.05121
4794.41797 0.07757
4797.11133 0.08067
4799.80078 0.07351
4802.49463 0.07969
4805.18457 0.07447
4807.87598 0.05603
4810.57178 0.06616
4813.26074 0.03788
4815.95410 0.07187
4818.64600 0.05831
4821.33984 0.07694
4824.02734 0.04891
4826.72119 0.06704
4829.41406 0.06986
4832.10596 0.06355
4834.79688 0.06835
4837.49121 0.06518
4840.17969 0.02398
4842.87207 0.07197
4845.56348 0.05432
4848.25879 0.07358
4850.95068 0.07118
4853.64111 0.07962
4856.33301 0.04723
4859.02637 0.06779
4861.71582 0.06050
4864.40967 0.08598
4867.10205 0.08534
4869.79102 0.06361
4872.48389 0.03966
4875.17822 0.02826
4877.86572 0.06501
4880.56055 0.07132
4883.25391 0.06494
4885.94629 0.07659
4888.63477 0.06342
4891.32715 0.07005
4894.02148 0.08568
4896.71436 0.07073
4899.40576 0.08182
4902.09912 0.04242
4904.78809 0.03857
4907.47900 0.06655
4910.17090 0.07884
4912.86475 0.09597
4915.55664 0.07127
4918.24805 0.06912
4920.94092 0.04106
4923.63232 0.07629
4926.32520 0.03591
4929.01660 0.08538
4931.70996 0.06538
4934.40186 0.05244
4937.09229 0.05629
4939.78467 0.08327
4942.47803 0.06994
4945.17041 0.04654
4947.86133 0.06683
4950.55420 0.10106
4953.24561 0.08102
4955.93555 0.04859
4958.62695 0.05118
4961.32275 0.06885
4964.01172 0.06924
4966.70215 0.02304
4969.39404 0.06669
4972.08984 0.09050
4974.77930 0.06755
4977.47314 0.07338
4980.16553 0.07919
4982.85645 0.07664
4985.55176 0.04975
4988.24268 0.03058
4990.93262 0.06208
4993.62402 0.06223
4996.31641 0.03018
4999.00830 0.04987
5001.70117 0.04234
5004.38965 0.07729
5007.08594 0.07919
5009.77490 0.06705
5012.46826 0.04570
5015.16016 0.04817
5017.85059 0.04979
5020.54248 0.05896
5023.23584 0.05436
5025.92822 0.05998
5028.62207 0.04152
5031.31152 0.06404
5034.00244 0.06111
5036.69482 0.05580
5039.38867 0.06825
5042.08105 0.09077
5044.77246 0.07557
5047.46533 0.06327
5050.15625 0.07570
5052.84912 0.07224
5055.54053 0.06759
5058.23340 0.05520
5060.92480 0.08776
5063.61523 0.10037
5066.30664 0.06468
5068.99951 0.08532
5071.69141 0.06768
5074.38477 0.05354
5077.07617 0.08309
5079.76660 0.05306
5082.46094 0.07915
5085.15137 0.04257
5087.84326 0.06705
5090.53369 0.05296
5093.22852 0.05347
5095.91650 0.05263
5098.61084 0.07427
5101.30420 0.05665
5103.99365 0.05585
5106.68701 0.06458
5109.37891 0.06923
5112.07275 0.06139
5114.76172 0.05982
5117.45508 0.07127
5120.14746 0.06245
5122.84082 0.06912
5125.53027 0.06726
5128.22363 0.03476
5130.91309 0.04860
5133.60645 0.07076
5136.30127 0.06748
5138.98926 0.04482
5141.68457 0.05226
5144.37500 0.06073
5147.06738 0.07666
5149.75781 0.05402
5152.45020 0.06518
5155.14062 0.05443
5157.83252 0.05255
5160.52930 0.06689
5163.21826 0.06740
5165.90869 0.07716
5168.60400 0.04092
5171.29443 0.06020
5173.98633 0.05014
5176.67725 0.04383
5179.37158 0.06909
5182.06250 0.08688
5184.75439 0.06170
5187.44775 0.03071
5190.13965 0.06733
5192.83008 0.06614
5195.52148 0.05188
5198.21484 0.06171
5200.90674 0.04624
5203.59668 0.05342
5206.29150 0.07146
5208.98193 0.06422
5211.67334 0.05410
5214.36621 0.06012
5217.06055 0.09715
5219.75098 0.07375
5222.44189 0.05028
5225.13525 0.04218
5227.82617 0.05498
5230.51904 0.06538
5233.21045 0.06409
5235.89990 0.04811
5238.59082 0.06418
5241.28955 0.06119
5243.97754 0.08157
5246.66992 0.07512
5249.36377 0.04809
5252.05615 0.05709
5254.74365 0.07934
5257.43896 0.06814
5260.12939 0.07278
5262.82178 0.06929
5265.51514 0.06601
5268.20410 0.06473
5270.89746 0.07692
5273.59180 0.06564
5276.28223 0.09389
5278.97363 0.04620
5281.66650 0.03597
5284.35547 0.07690
5287.04785 0.05613
5289.74219 0.04837
5292.43506 0.06127
5295.12305 0.05303
5297.81836 0.03755
5300.50928 0.07822
5303.20166 0.06532
5305.89258 0.05812
5308.58496 0.07889
5311.27783 0.04351
5313.97021 0.05002
5316.66309 0.05077
5319.35254 0.05848
5322.04541 0.05480
5324.73682 0.05883
5327.42969 0.05358
5330.12402 0.03621
5332.81396 0.07473
5335.50537 0.09970
5338.20068 0.07245
5340.88867 0.03825
5343.58057 0.07260
5346.27441 0.05309
5348.96338 0.08436
5351.65723 0.05678
5354.35156 0.05394
5357.04199 0.05147
5359.73047 0.06015
5362.42383 0.04354
5365.11816 0.05745
5367.80762 0.07761
5370.49902 0.07840
5373.19141 0.06997
5375.88818 0.05490
5378.58008 0.07925
5381.26807 0.04120
5383.95996 0.06522
5386.65332 0.05012
5389.34473 0.05652
5392.03760 0.05590
5394.72949 0.05092
5397.41895 0.04446
5400.11328 0.08829
5402.80273 0.05887
5405.49658 0.04837
5408.18848 0.06827
5410.88232 0.05658
5413.57422 0.05797
5416.26465 0.06044
5418.95605 0.05639
5421.64941 0.06913
5424.34326 0.03498
5427.03320 0.08776
5429.72412 0.08789
5432.41943 0.07855
5435.10986 0.05170
5437.80225 0.05480
5440.49219 0.06831
5443.18701 0.07323
5445.87695 0.05833
5448.56836 0.07475
5451.26123 0.05798
5453.95215 0.09397
5456.64453 0.05833
5459.33545 0.05047
5462.02734 0.07034
5464.72070 0.06039
5467.41211 0.05530
5470.10547 0.05971
5472.79688 0.03924
5475.48926 0.06901
5478.18018 0.05380
5480.87549 0.04594
5483.56592 0.08081
5486.25781 0.05850
5488.94824 0.06140
5491.64014 0.03388
5494.33594 0.05764
5497.02393 0.05983
5499.71680 0.04049
5502.40723 0.05660
5505.10254 0.05194
5507.79297 0.05935
5510.48438 0.05436
5513.17725 0.10772
5515.86865 0.08343
5518.55811 0.05871
5521.25195 0.02984
5523.94482 0.06027
5526.63525 0.05345
5529.32666 0.07127
5532.02002 0.06307
5534.71143 0.06625
5537.40723 0.06634
5540.09521 0.05875
5542.78711 0.05231
5545.48096 0.08070
5548.17334 0.06134
5550.86328 0.08379
5553.55469 0.03662
5556.24707 0.04130
5558.93848 0.05929
5561.63379 0.03631
5564.32715 0.02748
5567.01562 0.08813
5569.70557 0.07269
5572.39697 0.04692
5575.09277 0.07030
5577.78418 0.06867
5580.47607 0.06585
5583.16699 0.06926
5585.85840 0.06862
5588.55469 0.07414
5591.24268 0.05810
5593.93555 0.04686
5596.62598 0.04615
5599.32129 0.05854
5602.01465 0.07374
5604.70361 0.05376
5607.39600 0.08125
5610.09082 0.04951
5612.77979 0.06720
5615.47021 0.05828
5618.16211 0.06684
5620.85547 0.04927
5623.54639 0.05047
5626.23926 0.03435
5628.93066 0.05841
5631.62256 0.07568
5634.31592 0.06733
5637.00781 0.08497
5639.69775 0.07097
5642.39160 0.06268
5645.08447 0.04958
5647.77490 0.03809
5650.46631 0.09194
5653.15967 0.05703
5655.85449 0.05913
5658.54688 0.04298
5661.23438 0.05779
5663.92676 0.04747
5666.61719 0.05114
5669.31152 0.06472
5672.00439 0.03265
5674.69531 0.06998
5677.38770 0.05374
5680.07812 0.04869
5682.76953 0.04944
5685.46289 0.07856
5688.15674 0.06716
5690.84619 0.04737
5693.54004 0.08752
5696.23145 0.06782
5698.92480 0.06999
5701.61621 0.05354
5704.30859 0.06872
5707.00195 0.04930
5709.69385 0.05179
5712.38379 0.05446
5715.07520 0.03185
5717.76807 0.04609
5720.45850 0.05329
5723.15381 0.05863
5725.84375 0.05985
5728.53516 0.07235
5731.22754 0.05256
5733.92188 0.06002
5736.61035 0.05058
5739.30371 0.06689
5741.99512 0.08550
5744.68506 0.04273
5747.37891 0.09590
5750.07080 0.06694
5752.76074 0.02722
5755.45557 0.06993
5758.14795 0.05529
5760.83887 0.08013
5763.53076 0.06236
5766.22412 0.03549
5768.91211 0.06301
5771.60791 0.05890
5774.29883 0.05100
5776.99072 0.05777
5779.68066 0.06487
5782.37451 0.04606
5785.06738 0.05499
5787.75781 0.05584
5790.45020 0.06656
5793.14014 0.04777
5795.83398 0.05201
5798.52979 0.07888
5801.22070 0.07475
5803.90869 0.08399
5806.60205 0.04348
5809.29248 0.04600
5811.98535 0.08095
5814.67822 0.05388
5817.37061 0.06085
5820.06299 0.06681
5822.75391 0.05645
5825.44629 0.05894
5828.13623 0.05117
5830.83105 0.05591
5833.52051 0.04166
5836.21777 0.06197
5838.90625 0.07025
5841.59619 0.05238
5844.29102 0.02610
5846.97949 0.07498
5849.67676 0.07329
5852.36572 0.06113
5855.05469 0.07704
5857.74951 0.05642
5860.44141 0.04776
5863.13477 0.05271
5865.82324 0.02413
5868.51953 0.04707
5871.20654 0.06502
5873.90186 0.06580
5876.59521 0.06925
5879.28613 0.05786
5881.97510 0.09207
5884.67236 0.05079
5887.36377 0.08476
5890.05371 0.05507
5892.74756 0.04147
5895.43652 0.06218
5898.12988 0.05864
5900.82178 0.03590
5903.51025 0.05268
5906.20752 0.08645
5908.89648 0.06634
5911.58984 0.05970
5914.28027 0.06418
5916.97217 0.06238
5919.66650 0.10260
5922.35742 0.05320
5925.05029 0.05244
5927.74072 0.05422
5930.43311 0.06288
5933.12207 0.07171
5935.82031 0.04782
5938.51221 0.06439
5941.19873 0.06519
5943.89404 0.08043
5946.58350 0.04215
5949.27734 0.07471
5951.96533 0.06613
5954.66211 0.06074
5957.35596 0.04992
5960.04541 0.05493
5962.73535 0.07750
5965.42969 0.06922
5968.12256 0.05467
5970.81299 0.06490
5973.50781 0.08020
5976.19775 0.06811
5978.88867 0.07093
5981.58057 0.05996
5984.27393 0.06594
5986.96484 0.06462
5989.65771 0.07308
5992.35107 0.07518
5995.03955 0.05471
5997.73242 0.04658
6000.42627 0.06800
6003.11475 0.06171
6005.80762 0.08207
6008.50244 0.05031
6011.19092 0.04999
6013.88428 0.07437
6016.57861 0.08301
6019.26807 0.03368
6021.96191 0.05628
6024.65332 0.03568
6027.34668 0.04220
6030.04053 0.06277
6032.72949 0.04559
6035.42188 0.07505
6038.11328 0.06677
6040.80518 0.06485
6043.49512 0.05474
6046.18994 0.08323
6048.88281 0.04829
6051.57324 0.05408
6054.26465 0.05683
6056.95703 0.06185
6059.64795 0.07885
6062.33984 0.06407
6065.03320 0.06909
6067.72363 0.05704
6070.41602 0.06593
6073.10596 0.06398
6075.80029 0.04452
6078.49219 0.04268
6081.18652 0.06700
6083.87744 0.06808
6086.56689 0.06494
6089.26025 0.08461
6091.95215 0.05728
6094.64502 0.06573
6097.33545 0.05343
6100.02734 0.05676
6102.71680 0.07638
6105.41162 0.05219
6108.10693 0.06389
6110.79688 0.05415
6113.48730 0.03555
6116.18018 0.06563
6118.87354 0.07689
6121.56445 0.06250
6124.25732 0.06673
6126.94727 0.07542
6129.64209 0.04722
6132.33105 0.06312
6135.02197 0.06470
6137.71680 0.05643
6140.40967 0.05526
6143.10059 0.04542
6145.79492 0.05943
6148.48535 0.04654
6151.17578 0.05918
6153.87109 0.10362
6156.56104 0.07710
6159.25195 0.07476
6161.94385 0.06564
6164.63721 0.08080
6167.32520 0.06123
6170.02051 0.06842
6172.71045 0.05359
6175.40479 0.05587
6178.09424 0.05469
6180.78760 0.04174
6183.48193 0.07556
6186.17139 0.07902
6188.86523 0.05369
6191.55371 0.07348
6194.24609 0.04751
6196.93945 0.09091
6199.63135 0.05614
6202.32422 0.03357
6205.01807 0.05833
6207.70947 0.06765
6210.40186 0.05033
6213.09277 0.07432
6215.78467 0.06483
6218.47412 0.08235
6221.16797 0.06036
6223.85645 0.05775
6226.55322 0.07113
6229.24072 0.04735
6231.93604 0.07266
6234.62842 0.05681
6237.31982 0.06270
6240.01172 0.06107
6242.70117 0.05265
6245.39551 0.08103
6248.08789 0.04527
6250.77686 0.05822
6253.47168 0.05670
6256.16357 0.06078
6258.85352 0.06474
6261.54736 0.04009
6264.24023 0.02316
6266.92969 0.06985
6269.62402 0.06530
6272.31641 0.07028
6275.00635 0.03405
6277.69727 0.07095
6280.39258 0.07098
6283.07959 0.06715
6285.77734 0.04183
6288.46924 0.03879
6291.15918 0.04890
6293.85010 0.06920
6296.54248 0.06545
6299.23584 0.06310
6301.92969 0.06871
6304.61523 0.03680
6307.30859 0.08268
6310.00342 0.05613
6312.69531 0.04657
6315.38525 0.07187
6318.07959 0.06245
6320.76855 0.06571
6323.46191 0.04520
6326.15576 0.05036
6328.84814 0.03890
6331.53760 0.04600
6334.22900 0.04387
6336.92090 0.07039
6339.61377 0.05936
6342.30518 0.05874
6345.00049 0.07811
6347.69336 0.03812
6350.38428 0.05173
6353.07275 0.06905
6355.76562 0.06784
6358.45605 0.06412
6361.14795 0.04286
6363.84131 0.07092
6366.53223 0.04874
6369.22754 0.03705
6371.91699 0.07450
6374.61084 0.06550
6377.30273 0.05915
6379.99512 0.03980
6382.68604 0.04560
6385.37744 0.04609
6388.06982 0.06314
6390.76367 0.05321
6393.45605 0.05548
6396.14844 0.06533
6398.83838 0.05580
6401.52979 0.05991
6404.22266 0.05559
6406.91260 0.02097
6409.60400 0.04419
6412.29639 0.04394
6414.98975 0.05239
6417.68115 0.06031
6420.37305 0.08303
6423.06641 0.05519
6425.75781 0.06463
6428.45312 0.05821
6431.14307 0.09985
6433.83350 0.06434
6436.52539 0.06073
6439.21875 0.05329
6441.90967 0.05257
6444.59766 0.05070
6447.29395 0.04119
6449.98828 0.06513
6452.68018 0.04727
6455.36963 0.07341
6458.05957 0.06716
6460.75146 0.06540
6463.44336 0.07300
6466.13721 0.04446
6468.82861 0.06065
6471.52148 0.05606
6474.21436 0.02666
6476.90576 0.05825
6479.59766 0.04240
6482.28809 0.07427
6484.97852 0.05364
6487.67432 0.06203
6490.36719 0.05679
6493.05469 0.09012
6495.75293 0.07429
6498.44238 0.04907
6501.13330 0.05681
6503.82129 0.07284
6506.51758 0.06557
6509.21094 0.03678
6511.89893 0.06774
6514.59473 0.06657
6517.28516 0.05480
6519.97607 0.07111
6522.67236 0.04315
6525.36133 0.06395
6528.05225 0.06349
6530.74805 0.05705
6533.43750 0.06305
6536.13135 0.04968
6538.82324 0.05275
6541.51270 0.04749
6544.20654 0.06421
6546.89404 0.08850
6549.59082 0.05716
6552.28076 0.04452
6554.96826 0.03755
6557.66406 0.06093
6560.35400 0.04030
6563.05176 0.07227
6565.73975 0.04983
6568.43311 0.06129
6571.12402 0.05473
6573.81934 0.07518
6576.50830 0.06965
6579.20264 0.06545
6581.88965 0.05154
6584.58643 0.07518
6587.27588 0.06813
6589.97119 0.07942
6592.66309 0.04347
6595.35645 0.05860
6598.04297 0.04567
6600.73877 0.05971
6603.42822 0.02235
6606.12207 0.05204
6608.80957 0.05828
6611.50244 0.05608
6614.20020 0.06007
6616.88770 0.04753
6619.57959 0.05260
6622.26953 0.06659
6624.96387 0.06863
6627.65527 0.05439
6630.34863 0.04423
6633.03955 0.06628
6635.73047 0.05159
6638.42334 0.05233
6641.11719 0.04763
6643.80811 0.07676
6646.49658 0.06649
6649.19385 0.02662
6651.88477 0.06031
6654.57666 0.06033
6657.26904 0.07443
6659.95605 0.07805
6662.65137 0.06228
6665.34375 0.07568
6668.03760 0.05214
6670.72510 0.05364
6673.42090 0.07204
6676.11426 0.02900
6678.80518 0.04583
6681.49609 0.06525
6684.18945 0.04478
6686.87939 0.04389
6689.57080 0.04696
6692.26367 0.06124
6694.95703 0.06433
6697.64795 0.04488
6700.34033 0.07233
6703.02930 0.05366
6705.72363 0.05455
6708.41455 0.04537
6711.10791 0.06374
6713.80127 0.07060
6716.48877 0.05917
6719.18457 0.06804
6721.87451 0.06655
6724.56543 0.04598
6727.26074 0.05361
6729.95312 0.04115
6732.64697 0.04678
6735.33447 0.06377
6738.02734 0.07600
6740.72070 0.07074
6743.41113 0.06840
6746.10303 0.02986
6748.79639 0.05857
6751.48633 0.07256
6754.18164 0.05181
6756.87451 0.06065
6759.56445 0.04838
6762.25879 0.07064
6764.94678 0.05349
6767.63623 0.04777
6770.33008 0.07305
6773.02148 0.03234
6775.71436 0.04887
6778.40430 0.07049
6781.09863 0.05522
6783.79102 0.07048
6786.47998 0.03227
6789.17480 0.06066
6791.86621 0.05556
6794.55859 0.04009
6797.24854 0.06157
6799.93945 0.04691
6802.63525 0.02991
6805.32471 0.04334
6808.01855 0.04823
6810.71387 0.07779
6813.40674 0.07943
6816.09668 0.04134
6818.78711 0.06043
6821.47998 0.06464
6824.16846 0.03879
6826.86328 0.05141
6829.55469 0.04297
6832.24707 0.03062
6834.93701 0.05466
6837.63184 0.03976
6840.32373 0.04969
6843.01660 0.06230
6845.70703 0.06688
6848.40186 0.03491
6851.09033 0.04306
6853.78418 0.05955
6856.47119 0.04994
6859.16650 0.06513
6861.85938 0.06980
6864.54980 0.05155
6867.24072 0.05104
6869.93311 0.06366
6872.62695 0.05638
6875.32080 0.05268
6878.01270 0.06044
6880.70557 0.07813
6883.39551 0.06089
6886.08984 0.06375
6888.78174 0.06033
6891.47217 0.06538
6894.16211 0.04095
6896.85352 0.03860
6899.54590 0.07787
6902.23584 0.06365
6904.93066 0.06081
6907.62256 0.05640
6910.31201 0.05650
6913.00586 0.04843
6915.69629 0.05859
6918.39307 0.05848
6921.08252 0.04987
6923.77295 0.03270
6926.46826 0.08208
6929.15723 0.05618
6931.84717 0.04361
6934.54541 0.05982
6937.23438 0.06352
6939.92383 0.06538
6942.61768 0.05468
6945.30908 0.04288
6948.00098 0.04393
6950.69824 0.06409
6953.38574 0.04738
6956.08057 0.05136
6958.76953 0.04919
6961.46338 0.07631
6964.15820 0.06769
6966.84668 0.05165
6969.53955 0.05703
6972.22998 0.07347
6974.92139 0.04728
6977.61328 0.06188
6980.30664 0.03874
6982.99707 0.05889
6985.68945 0.07526
6988.38574 0.06284
6991.07178 0.03262
6993.76660 0.05469
6996.45850 0.04586
6999.15186 0.07490
7001.84180 0.05135
7004.53662 0.05479
7007.22510 0.05765
7009.91846 0.05113
7012.60889 0.05117
7015.30420 0.05317
7017.99316 0.05103
7020.68652 0.06559
7023.37695 0.04790
7026.06885 0.05526
7028.76172 0.04192
7031.45166 0.06552
7034.14307 0.05071
7036.83887 0.05421
7039.53223 0.04590
7042.22217 0.06784
7044.91357 0.04764
7047.60205 0.05575
7050.29883 0.05478
7052.98926 0.08391
7055.68066 0.07589
7058.37354 0.07569
7061.06348 0.05310
7063.75781 0.04780
7066.44922 0.04791
7069.14258 0.06318
7071.83252 0.03592
7074.52344 0.03369
7077.21533 0.04680
7079.91162 0.04070
7082.59863 0.05448
7085.29297 0.07110
7087.98584 0.08071
7090.67432 0.07264
7093.36914 0.04821
7096.06055 0.05903
7098.75293 0.08047
7101.44238 0.05826
7104.13623 0.05363
7106.83203 0.04872
7109.52100 0.04509
7112.21436 0.04385
7114.90869 0.05705
7117.60107 0.05771
7120.28955 0.03993
7122.98291 0.08774
7125.67432 0.05331
7128.36523 0.08940
7131.05469 0.03292
7133.74463 0.05644
7136.44336 0.06494
7139.13525 0.04984
7141.82471 0.05694
7144.51465 0.02649
7147.20996 0.05321
7149.89795 0.05641
7152.59521 0.05770
7155.28516 0.06363
7157.97656 0.05425
7160.66504 0.06022
7163.36182 0.05981
7166.05273 0.04914
7168.74365 0.05234
7171.44043 0.06077
7174.12598 0.08701
7176.81641 0.05456
7179.51172 0.04261
7182.20459 0.05069
7184.89746 0.07134
7187.58838 0.04942
7190.27979 0.03345
7192.97217 0.05288
7195.66553 0.07892
7198.35254 0.04298
7201.04443 0.07063
7203.73682 0.06155
7206.43408 0.06344
7209.12500 0.06417
7211.81689 0.06542
7214.50928 0.03525
7217.19922 0.04776
7219.89404 0.07061
7222.58594 0.06174
7225.27490 0.04326
7227.96875 0.05183
7230.66309 0.06800
7233.35059 0.05141
7236.04395 0.01505
7238.73389 0.06757
7241.42871 0.07215
7244.12061 0.04922
7246.81299 0.06170
7249.50732 0.04119
7252.19385 0.03613
7254.88965 0.04891
7257.58252 0.05666
7260.27246 0.03331
7262.96289 0.05121
7265.65527 0.05466
7268.34814 0.07875
7271.03760 0.06196
7273.73291 0.06816
7276.42480 0.06401
7279.11377 0.06242
7281.80762 0.04873
7284.50244 0.03562
7287.19434 0.05682
7289.88281 0.06691
7292.57666 0.06173
7295.26758 0.06102
7297.95947 0.02981
7300.65234 0.08230
7303.34229 0.07382
7306.03662 0.01973
7308.73242 0.06394
7311.42139 0.09761
7314.11133 0.04988
7316.80225 0.03840
7319.49316 0.02964
7322.18652 0.07026
7324.87988 0.04780
7327.57080 0.04508
7330.26270 0.01709
7332.95508 0.05940
7335.64453 0.07841
7338.33936 0.04592
7341.03125 0.05313
7343.72363 0.07659
7346.41699 0.07143
7349.10791 0.10845
7351.79883 0.31711
7354.49170 0.05494
7357.18115 0.05339
7359.87158 0.05763
7362.56689 0.04654
7365.25977 0.04917
7367.94824 0.05619
7370.64307 0.01631
7373.33447 0.05488
7376.02686 0.06277
7378.72021 0.03595
7381.41016 0.03550
7384.10547 0.04575
7386.79346 0.05055
7389.48682 0.05360
7392.18066 0.06698
7394.87158 0.05785
7397.56396 0.04698
7400.25684 0.03854
7402.94678 0.02904
7405.63721 0.03904
7408.32910 0.03365
7411.02197 0.06747
7413.71191 0.05276
7416.40674 0.04729
7419.09863 0.05011
7421.78711 0.07024
7424.48535 0.05520
7427.17578 0.05249
7429.86719 0.03776
7432.55957 0.06451
7435.24902 0.03974
7437.94385 0.08481
7440.63525 0.05076
7443.32715 0.05789
7446.02051 0.06146
7448.71094 0.05344
7451.40625 0.06878
7454.09424 0.06463
7456.78711 0.05985
7459.47705 0.04121
7462.17236 0.02605
7464.86426 0.03797
7467.55273 0.04531
7470.24658 0.03309
7472.93750 0.05663
7475.62939 0.07725
7478.32227 0.04836
7481.01514 0.06292
7483.70605 0.05819
7486.39746 0.06723
7489.08984 0.05554
7491.78320 0.06832
7494.47412 0.04556
7497.16504 0.04441
7499.85742 0.04930
7502.55078 0.05365
7505.24072 0.05175
7507.93506 0.05060
7510.62305 0.07343
7513.32031 0.06522
7516.01025 0.06089
7518.70117 0.05146
7521.39258 0.05172
7524.08496 0.05486
7526.77881 0.05441
7529.46924 0.05425
7532.16504 0.04163
7534.85303 0.05449
7537.54639 0.02218
7540.24072 0.05579
7542.93164 0.08239
7545.62354 0.05908
7548.31299 0.05199
7551.00684 0.04086
7553.69727 0.03663
7556.38965 0.05011
7559.08203 0.03966
7561.77539 0.04005
7564.46582 0.07214
7567.15723 0.05388
7569.85010 0.06500
7572.54346 0.06296
7575.23340 0.04052
7577.92871 0.04505
7580.61670 0.06003
7583.31006 0.07780
7586.00391 0.05480
7588.69434 0.04594
7591.38672 0.03613
7594.07910 0.06105
7596.76465 0.05144
7599.45898 0.06108
7602.15430 0.05229
7604.84717 0.04841
7607.53564 0.03825
7610.23047 0.05151
7612.92578 0.05952
7615.61279 0.06166
7618.30176 0.05003
7620.99561 0.02557
7623.69043 0.05645
7626.37744 0.06759
7629.07031 0.06745
7631.76416 0.06874
7634.45801 0.05361
7637.14941 0.04776
7639.83740 0.05976
7642.53076 0.03770
7645.22852 0.03458
7647.91943 0.04400
7650.60742 0.05277
7653.29980 0.07419
7655.99316 0.05149
7658.68408 0.04678
7661.37549 0.04595
7664.07178 0.06010
7666.76074 0.03332
7669.45068 0.05553
7672.14600 0.06837
7674.83789 0.03616
7677.53027 0.05942
7680.21973 0.04231
7682.91455 0.05705
7685.60205 0.04248
7688.29443 0.02982
7690.99170 0.06963
7693.67725 0.05360
7696.37256 0.06187
7699.06445 0.05902
7701.75781 0.04913
7704.44678 0.03029
7707.14160 0.03123
7709.83301 0.06808
7712.52539 0.05397
7715.21436 0.07497
7717.90869 0.06750
7720.59961 0.07049
7723.29541 0.07820
7725.98438 0.06171
7728.67822 0.04005
7731.36865 0.03393
7734.06006 0.04336
7736.75195 0.05789
7739.44531 0.02868
7742.13525 0.05439
7744.83057 0.05809
7747.52246 0.06635
7750.21533 0.05282
7752.90479 0.04858
7755.59912 0.03951
7758.29053 0.04959
7760.97852 0.04994
7763.67578 0.02956
7766.36572 0.06864
7769.05664 0.06228
7771.74854 0.05179
7774.44092 0.05826
7777.13037 0.05408
7779.82520 0.05601
7782.52051 0.06897
7785.20850 0.09094
7787.90088 0.05224
7790.59473 0.06802
7793.28174 0.04050
7795.97314 0.06325
7798.66553 0.03827
7801.35889 0.05684
7804.04883 0.08005
7806.74414 0.03771
7809.43604 0.04506
7812.12891 0.05659
7814.81836 0.06980
7817.51318 0.05034
7820.20459 0.05374
7822.89648 0.03474
7825.58545 0.03827
7828.27539 0.02439
7830.97070 0.06415
7833.66650 0.04217
7836.35938 0.06485
7839.04785 0.04438
7841.73877 0.04752
7844.42920 0.07909
7847.12109 0.05536
7849.81836 0.06322
7852.50781 0.05766
7855.20312 0.02618
7857.88965 0.03699
7860.58252 0.05066
7863.27490 0.08247
7865.96484 0.08071
7868.66016 0.05888
7871.35156 0.05146
7874.04053 0.07084
7876.73340 0.04291
7879.42822 0.04599
7882.11914 0.05430
7884.81104 0.03805
7887.49951 0.05134
7890.19727 0.03172
7892.88818 0.03804
7895.57959 0.07382
7898.27148 0.05230
7900.96484 0.03990
7903.65430 0.04008
7906.34912 0.05413
7909.03613 0.06017
7911.73340 0.05973
7914.42676 0.04358
7917.11670 0.04220
7919.80713 0.05583
7922.49854 0.07088
7925.19189 0.06765
7927.88037 0.05668
7930.57520 0.06565
7933.26660 0.05023
7935.95410 0.06646
7938.65576 0.06417
7941.34521 0.05355
7944.03516 0.03050
7946.72656 0.04985
7949.41895 0.06446
7952.10791 0.04055
7954.80566 0.02339
7957.49609 0.07005
7960.18359 0.05796
7962.88037 0.04290
7965.56885 0.03757
7968.26367 0.04921
7970.95410 0.05156
7973.64551 0.05730
7976.33838 0.03414
7979.03125 0.06078
7981.72168 0.03635
7984.41211 0.05017
7987.10400 0.06963
7989.80127 0.07633
7992.49463 0.06989
7995.18066 0.06984
7997.87598 0.04880
8000.56348 0.04483
8003.26074 0.05643
8005.94971 0.04240
8008.64453 0.04180
8011.33594 0.05612
8014.02783 0.06745
8016.72119 0.05562
8019.41064 0.06633
8022.10498 0.04987
8024.79639 0.06515
8027.48438 0.06576
8030.17725 0.05149
8032.87549 0.04874
8035.56152 0.06396
8038.25293 0.05200
8040.94580 0.06780
8043.63916 0.05041
8046.32812 0.07287
8049.02344 0.05132
8051.71045 0.05028
8054.40674 0.06574
8057.09619 0.06338
8059.79492 0.06073
8062.48096 0.07022
8065.17676 0.04429
8067.86475 0.05554
8070.56250 0.04481
8073.24805 0.05435
8075.94336 0.06581
8078.63477 0.05617
8081.32715 0.05923
8084.02051 0.06328
8086.71045 0.06649
8089.40137 0.04320
8092.09277 0.04742
8094.79004 0.05428
8097.47852 0.04724
8100.16846 0.03988
8102.85938 0.05933
8105.55566 0.04619
8108.24756 0.05670
8110.94189 0.05262
8113.63184 0.04907
8116.32715 0.06526
8119.01855 0.06027
8121.70654 0.04436
8124.40430 0.06682
8127.08984 0.04556
8129.78076 0.04991
8132.47217 0.08403
8135.16016 0.05175
8137.85352 0.04404
8140.55273 0.06579
8143.24365 0.04078
8145.93066 0.05047
8148.62744 0.04303
8151.31689 0.04330
8154.00684 0.03733
8156.70605 0.04975
8159.39795 0.06971
8162.09082 0.04666
8164.77490 0.04160
8167.46924 0.06222
8170.15527 0.05117
8172.85596 0.05778
8175.53955 0.05914
8178.24170 0.03244
8180.93164 0.04106
8183.62646 0.05496
8186.30908 0.03905
8189.00195 0.04891
8191.69971 0.06619
8194.38867 0.06200
8197.08008 0.05011
8199.77148 0.04879
8202.46387 0.04980
8205.15723 0.08217
8207.84668 0.03959
8210.54199 0.05727
8213.23340 0.05866
8215.91992 0.06066
8218.61816 0.06596
8221.30273 0.04920
8224.00195 0.04616
8226.69336 0.06502
8229.38574 0.06850
8232.07422 0.02891
8234.76855 0.06878
8237.46387 0.03360
8240.15430 0.06392
8242.85059 0.05002
8245.53906 0.03814
8248.22363 0.04650
8250.91406 0.04107
8253.60938 0.06028
8256.30176 0.06360
8258.99414 0.06910
8261.69238 0.06935
8264.38281 0.07716
8267.06836 0.05232
8269.76953 0.06493
8272.45801 0.04349
8275.15137 0.04781
8277.84082 0.05034
8280.53613 0.05773
8283.22754 -0.00644
8285.91602 0.00587
8288.60449 0.02017
8291.30273 0.01310
8293.99414 0.05111
8296.68066 0.05204
8299.37305 0.04746
8302.07031 0.03139
8304.75586 0.03304
8307.45020 0.05230
8310.14648 0.04854
8312.84277 0.04413
8315.53125 0.02858
8318.22461 0.03730
8320.91504 0.06473
8323.60156 0.05988
8326.29395 0.06202
8328.98633 0.02805
8331.67969 0.05877
8334.37402 0.03667
8337.06055 0.02289
8339.75684 0.02768
8342.44434 0.06610
8345.13379 0.05054
8347.83203 0.05016
8350.52246 0.07238
8353.21875 0.05765
8355.91113 0.06743
8358.59473 0.04870
8361.28809 0.05433
8363.98828 0.05579
8366.67480 0.03891
8369.36230 0.04464
8372.06445 0.03075
8374.75391 0.04685
8377.44336 0.03479
8380.13867 0.04869
8382.82129 0.04466
8385.51855 0.03789
8388.21680 0.04065
8390.90625 0.05741
8393.59180 0.04922
8396.29297 0.05352
8398.98047 0.03961
8401.67383 0.05087
8404.36816 0.06424
8407.05762 0.05417
8409.74512 0.03678
8412.44141 0.06450
8415.12500 0.07332
8417.82324 0.07242
8420.51758 0.05609
8423.20898 0.01672
8425.90039 0.05727
8428.58887 0.07332
8431.28223 0.04683
8433.97559 0.03710
8436.66211 0.06538
8439.35742 0.05664
8442.04590 0.04896
8444.74805 0.03652
8447.43750 0.06330
8450.12695 0.05015
8452.81836 0.07746
8455.51074 0.04482
8458.20312 0.04134
8460.89648 0.05516
8463.59082 0.01346
8466.27734 0.03804
8468.97266 0.05194
8471.66113 0.07261
8474.35449 0.06012
8477.04785 0.07028
8479.73828 0.08246
8482.42969 0.07125
8485.12598 0.04545
8487.80957 0.03798
8490.51270 0.05321
8493.19824 0.04136
8495.88867 0.05214
8498.58496 0.07348
8501.27246 0.06634
8503.97070 0.04956
8506.66016 0.04845
8509.34570 0.05763
8512.04199 0.06266
8514.73828 0.05090
8517.42676 0.02985
8520.11621 0.04592
8522.81055 0.04127
8525.50586 0.04989
8528.19727 0.04815
8530.88477 0.05150
8533.57812 0.06772
8536.26758 0.06702
8538.96289 0.05156
8541.65918 0.06719
8544.35059 0.03426
8547.03906 0.02934
8549.73340 0.03975
8552.42188 0.03388
8555.11816 0.06522
8557.80078 0.03510
8560.49219 0.03256
8563.19043 0.04358
8565.88477 0.05026
8568.57031 0.03934
8571.26660 0.06312
8573.96289 0.05952
8576.65039 0.04042
8579.34375 0.03752
8582.03418 0.02614
8584.72461 0.05523
8587.41602 0.05483
8590.10840 0.05498
8592.80176 0.04093
8595.49512 0.03050
8598.18066 0.05576
8600.88086 0.03328
8603.57324 0.04312
8606.26172 0.06260
8608.95410 0.06362
8611.64941 0.05137
8614.33887 0.04433
8617.03027 0.05604
8619.72266 0.05014
8622.41602 0.05410
8625.10449 0.05262
8627.79883 0.05497
8630.49512 0.05253
8633.18164 0.05755
8635.87891 0.05962
8638.56250 0.06672
8641.25684 0.04957
8643.95117 0.03201
8646.64258 0.06131
8649.33984 0.04743
8652.02246 0.03492
8654.71582 0.04596
8657.40527 0.04478
8660.10059 0.05187
8662.79199 0.04537
8665.48926 0.03444
8668.18164 0.04339
8670.87109 0.05912
8673.56641 0.05402
8676.25684 0.05199
8678.94336 0.02934
8681.64551 0.05497
8684.33398 0.05543
8687.02832 0.05786
8689.71777 0.05656
8692.40430 0.04498
8695.09570 0.03998
8697.79297 0.03619
8700.48145 0.04126
8703.17090 0.06807
8705.86621 0.05854
8708.55762 0.03918
8711.25000 0.04391
8713.94238 0.05980
8716.63184 0.06517
8719.33105 0.04622
8722.01172 0.05592
8724.70801 0.06103
8727.40039 0.04447
8730.09375 0.04905
8732.78711 0.04086
8735.47266 0.05071
8738.16797 0.05807
8740.85449 0.07818
8743.55176 0.06795
8746.24023 0.07377
8748.93848 0.05159
8751.62988 0.05523
8754.32031 0.07100
8757.01172 0.04880
8759.70898 0.05716
8762.39844 0.07166
8765.09180 0.06426
8767.78223 0.04050
8770.47754 0.03006
8773.16504 0.06457
8775.85352 0.04226
8778.55078 0.06254
8781.23633 0.02874
8783.93652 0.07033
8786.62695 0.04188
8789.31445 0.06584
8792.00684 0.05438
8794.70117 0.06775
8797.39062 0.05924
8800.08594 0.06676
8802.78223 0.06341
8805.46484 0.05175
8808.16211 0.06690
8810.85156 0.05463
8813.54590 0.04486
8816.23730 0.05021
8818.93262 0.03284
8821.62012 0.05659
8824.31348 0.03420
8827.00781 0.03460
8829.69727 0.04679
8832.38770 0.05615
8835.08398 0.05738
8837.77148 0.07984
8840.45996 0.04332
8843.15820 0.04778
8845.85352 0.07271
8848.53906 0.03803
8851.23047 0.04857
8853.92773 0.02413
8856.62109 0.06871
8859.30566 0.05728
8862.00098 0.06575
8864.69141 0.04072
8867.38770 0.06177
8870.07520 0.05456
8872.76855 0.05247
8875.45801 0.04261
8878.15234 0.03074
8880.84277 0.05610
8883.53516 0.04005
8886.23242 0.06049
8888.91992 0.04797
8891.61914 0.03588
8894.29980 0.03827
8896.99023 0.06631
8899.69238 0.03957
8902.38379 0.04631
8905.07324 0.05145
8907.76660 0.05965
8910.45703 0.05426
8913.14746 0.05567
8915.83984 0.06804
8918.53223 0.06847
8921.21973 0.02005
8923.91406 0.06047
8926.60938 0.05817
8929.30469 0.06120
8931.99707 0.06528
8934.68848 0.03255
8937.37695 0.05646
8940.07129 0.05749
8942.75586 0.04372
8945.45215 0.05933
8948.14355 0.04083
8950.84082 0.05313
8953.52930 0.05954
8956.21289 0.05767
8958.90820 0.05940
8961.59863 0.06240
8964.29004 0.05513
8966.98730 0.03813
8969.68066 0.03633
8972.37402 0.03439
8975.06445 0.05792
8977.75977 0.06620
8980.44629 0.06945
8983.13379 0.05768
8985.82617 0.07357
8988.52051 0.07247
8991.21973 0.05692
8993.90527 0.04405
8996.59668 0.03854
8999.29395 0.04990
9001.98242 0.05361
9004.67578 0.03803
9007.36523 0.03014
9010.06055 0.07540
9012.75195 0.07508
9015.44434 0.04507
9018.13672 0.05323
9020.83105 0.06521
9023.51465 0.04249
9026.20996 0.04056
9028.89648 0.04971
9031.59277 0.05904
9034.29004 0.06283
9036.97949 0.04406
9039.66895 0.03397
9042.35840 0.04401
9045.05469 0.04846
9047.74609 0.03729
9050.43848 0.05118
9053.12695 0.06738
9055.82129 0.06595
9058.51660 0.03664
9061.20215 0.07066
9063.89844 0.04284
9066.58594 0.06026
9069.28418 0.03406
9071.97266 0.03209
9074.66797 0.08517
9077.36328 0.05421
9080.05469 0.03834
9082.74707 0.03236
9085.43457 0.05187
9088.12891 0.03974
9090.82324 0.06330
9093.51367 0.06507
9096.19922 0.04643
9098.89648 0.06287
9101.58887 0.03745
9104.27832 0.05586
9106.97266 0.03044
9109.66309 0.03902
9112.35840 0.04189
9115.04004 0.04325
9117.73828 0.03752
9120.43555 0.02414
9123.12500 0.04796
9125.81543 0.07371
9128.51074 0.04231
9131.20215 0.05712
9133.88965 0.05675
9136.58203 0.07511
9139.27637 0.05646
9141.96680 0.06490
9144.65625 0.04715
9147.35254 0.04590
9150.04980 0.07174
9152.73340 0.05501
9155.42090 0.05031
9158.12109 0.05595
9160.81055 0.05147
9163.50195 0.04652
9166.19922 0.05459
9168.89160 0.04093
9171.58496 0.06956
9174.26855 0.06221
9176.96387 0.04887
9179.64844 0.03454
9182.35059 0.05429
9185.03809 0.03953
9187.73633 0.05135
9190.42480 0.03728
9193.11426 0.03891
9195.80957 0.04063
9198.50098 0.05396
9201.19238 0.06297
9203.88086 0.06531
9206.57422 0.05891
9209.27344 0.03383
9211.95801 0.05230
9214.64941 0.04182
9217.34570 0.04477
9220.03320 0.03212
9222.72656 0.06592
9225.41992 0.03684
9228.10938 0.03293
9230.80078 0.04676
9233.50195 0.05465
9236.18359 0.04803
9238.88184 0.04746
9241.56543 0.04771
9244.26953 0.04762
9246.95410 0.07027
9249.64551 0.02637
9252.33203 0.04735
9255.02930 0.07231
9257.71777 0.03893
9260.41113 0.06726
9263.10645 0.03579
9265.80176 0.06532
9268.48828 0.06183
9271.18555 0.04855
9273.87305 0.02149
9276.56152 0.05995
9279.26172 0.04357
9281.95117 0.06374
9284.64160 0.04721
9287.33301 0.04733
9290.02539 0.06411
9292.72461 0.06247
9295.40820 0.03957
9298.10352 0.04731
9300.79297 0.02591
9303.48438 0.04519
9306.17090 0.03327
9308.87402 0.05767
9311.56348 0.04841
9314.25195 0.05259
9316.94727 0.04678
9319.63770 0.04031
9322.33008 0.05511
9325.02148 0.07313
9327.71484 0.05931
9330.40918 0.03179
9333.09863 0.05593
9335.79395 0.04081
9338.47949 0.03089
9341.17188 0.06137
9343.86426 0.06366
9346.55762 0.04220
9349.24707 0.05114
9351.93652 0.06814
9354.63770 0.04611
9357.32910 0.04302
9360.01562 0.05167
9362.71387 0.06439
9365.39746 0.04149
9368.09766 0.03404
9370.78711 0.04025
9373.47754 0.05386
9376.16992 0.03683
9378.85742 0.04866
9381.55469 0.04659
9384.24414 0.08251
9386.94434 0.05078
9389.62402 0.06403
9392.32520 0.04351
9395.00684 0.03373
9397.70508 0.04697
9400.39844 0.05810
9403.08203 0.04422
9405.77734 0.04803
9408.47266 0.03411
9411.16992 0.04897
9413.85156 0.04282
9416.54980 0.04780
9419.23828 0.05718
9421.93848 0.04748
9424.62305 0.03439
9427.32422 0.03424
9430.00977 0.02751
9432.70312 0.03842
9435.39648 0.03486
9438.08496 0.04883
9440.77930 0.07374
9443.46973 0.04200
9446.15527 0.04817
9448.85156 0.05848
9451.54492 0.01964
9454.23828 0.04316
9456.92676 0.05357
9459.62695 0.04847
9462.31250 0.04980
9465.00293 0.06296
9467.68945 0.04875
9470.38770 0.06624
9473.08203 0.02014
9475.77051 0.03258
9478.45996 0.04980
9481.15625 0.04382
9483.84766 0.04336
9486.54004 0.05927
9489.23242 0.05037
9491.92090 0.05971
9494.62109 0.04431
9497.31055 0.06920
9500.00195 0.04500
9502.68750 0.03604
9505.38477 0.03397
9508.07324 0.03047
9510.76660 0.02874
9513.46582 0.04161
9516.14648 0.04607
9518.84766 0.02448
9521.52832 0.05089
9524.23145 0.05187
9526.91895 0.06546
9529.60742 0.04680
9532.30762 0.04276
9534.99805 0.04670
9537.69336 0.05221
9540.38477 0.03263
9543.06738 0.04110
9545.76562 0.03654
9548.45410 0.03291
9551.14355 0.05543
9553.84473 0.06404
9556.52539 0.02722
9559.22754 0.05711
9561.91992 0.06365
9564.60840 0.05091
9567.29688 0.04301
9569.99121 0.06293
9572.68164 0.06328
9575.37793 0.05180
9578.07520 0.04909
9580.75781 0.05320
9583.45117 0.04069
9586.14453 0.03813
9588.83398 0.04483
9591.52441 0.04781
9594.21582 0.05647
9596.91309 0.05868
9599.60547 0.04668
9602.29883 0.03890
9604.98730 0.04685
9607.67676 0.07142
9610.37305 0.06065
9613.06445 0.03339
9615.75000 0.05364
9618.44824 0.02893
9621.13574 0.06348
9623.83105 0.05621
9626.52539 0.05726
9629.21484 0.04861
9631.90137 0.05124
9634.59277 0.04029
9637.29102 0.03232
9639.98438 0.03029
9642.67285 0.04650
9645.36816 0.02955
9648.05859 0.05417
9650.75391 0.07450
9653.44141 0.05481
9656.13867 0.05002
9658.82715 0.03600
9661.52051 0.04279
9664.20508 0.04888
9666.90137 0.06133
9669.59180 0.06843
9672.28906 0.05444
9674.97559 0.02781
9677.67383 0.05488
9680.36328 0.04400
9683.05762 0.06269
9685.74805 0.04484
9688.43848 0.04404
9691.13086 0.05447
9693.82227 0.04055
9696.51074 0.01934
9699.20508 0.06024
9701.89355 0.03417
9704.58887 0.03803
9707.28027 0.05744
9709.97754 0.06588
9712.66406 0.08754
9715.35742 0.05092
9718.05078 0.04015
9720.74023 0.04102
9723.42969 0.03579
9726.13184 0.06777
9728.82324 0.05446
9731.50977 0.03598
9734.20312 0.06510
9736.89648 0.03551
9739.59082 0.03967
9742.28613 0.04110
9744.97070 0.05431
9747.66797 0.04895
9750.34863 0.04466
9753.04785 0.05790
9755.73535 0.03282
9758.42383 0.04193
9761.12500 0.05003
9763.81543 0.05077
9766.50684 0.05083
9769.20410 0.06724
9771.89062 0.06117
9774.58496 0.05313
9777.26855 0.02423
9779.96289 0.03089
9782.66406 0.03485
9785.34961 0.04995
9788.04688 0.04725
9790.73828 0.02997
9793.42676 0.03593
9796.11523 0.05145
9798.80957 0.04342
9801.50488 0.05418
9804.18555 0.04889
9806.88281 0.04040
9809.57422 0.03718
9812.27344 0.02389
9814.95605 0.03527
9817.65527 0.04147
9820.35059 0.03739
9823.04199 0.04997
9825.72656 0.05033
9828.41992 0.05159
9831.11719 0.04930
9833.81055 0.02672
9836.50000 0.03851
9839.19531 0.03214
9841.88574 0.05152
9844.57129 0.05320
9847.26270 0.03964
9849.96094 0.04024
9852.64844 0.02791
9855.34277 0.05481
9858.03223 0.05324
9860.72168 0.04315
9863.41309 0.06320
9866.10938 0.04755
9868.80176 0.04340
9871.49414 0.04451
9874.18848 0.05610
9876.87207 0.05051
9879.56738 0.02393
9882.26367 0.06058
9884.95410 0.06457
9887.64160 0.04058
9890.32910 0.04887
9893.02734 0.05053
9895.71582 0.06671
9898.40527 0.04660
9901.10156 0.05329
9903.80273 0.04735
9906.48926 0.02523
9909.18164 0.01644
9911.87500 0.06822
9914.56836 0.02838
9917.26270 0.04893
9919.94727 0.04765
9922.64355 0.06161
9925.33008 0.03987
9928.02148 0.04225
9930.71973 0.04463
9933.40820 0.04282
9936.09668 0.03270
9938.79102 0.04448
9941.48242 0.02535
9944.17285 0.03868
9946.87012 0.06015
9949.56836 0.06067
9952.25000 0.04343
9954.95020 0.05089
9957.63379 0.03226
9960.32910 0.04229
9963.01953 0.02906
9965.70508 0.03943
9968.40820 0.07987
9971.09570 0.04176
9973.78906 0.04810
9976.48340 0.03533
9979.17871 0.05177
9981.86816 0.05974
9984.55469 0.03923
9987.24609 0.05325
9989.94336 0.04913
9992.63184 0.03937
9995.32520 0.05564
9998.01953 0.03951
10000.70996 0.04816
10003.39551 0.05486
10006.09668 0.05067
10008.78906 0.07490
10011.47656 0.05347
10014.16992 0.06027
10016.85840 0.04754
10019.55371 0.05289
10022.24902 0.06207
10024.93457 0.02928
10027.62500 0.05512
10030.31250 0.03501
10033.01660 0.04406
10035.70508 0.06017
10038.39355 0.05604
10041.09473 0.06687
10043.78418 0.06154
10046.47559 0.05501
10049.16211 0.04883
10051.85449 0.04557
10054.54785 0.03939
10057.24219 0.02397
10059.94238 0.03981
10062.62598 0.05728
10065.32324 0.05023
10068.00879 0.01498
10070.69531 0.03356
10073.39941 0.06024
10076.08691 0.03668
10078.77539 0.03601
10081.47070 0.02009
10084.16113 0.03731
10086.85645 0.03232
10089.53809 0.04997
10092.22949 0.04322
10094.92773 0.05177
10097.61719 0.07608
10100.31055 0.02941
10103.00098 0.05573
10105.69727 0.04739
10108.38770 0.05808
10111.07910 0.04435
10113.76660 0.02832
10116.45898 0.04947
10119.15332 0.04093
10121.84277 0.03060
10124.53809 0.05161
10127.23438 0.05733
10129.92480 0.04490
10132.61133 0.04567
10135.30957 0.05612
10137.99805 0.02842
10140.69727 0.05487
10143.38086 0.02963
10146.07617 0.04588
10148.76074 0.02713
10151.46387 0.04409
10154.15039 0.03751
10156.84863 0.05820
10159.53125 0.06675
10162.22559 0.02824
10164.91992 0.02235
10167.61621 0.03718
10170.30078 0.04594
10172.99805 0.03864
10175.68457 0.05481
10178.38379 0.01935
10181.07715 0.04775
10183.76660 0.06759
10186.44922 0.03983
10189.14551 0.05505
10191.83594 0.05180
10194.52832 0.06330
10197.22559 0.02115
10199.91895 0.05579
10202.60156 0.03335
10205.30176 0.04568
10207.99121 0.04610
10210.68750 0.03963
10213.37793 0.04934
10216.06445 0.05722
10218.76172 0.04773
10221.44922 0.05009
10224.14355 0.06736
10226.84375 0.04778
10229.53320 0.05309
10232.21777 0.06378
10234.90820 0.03701
10237.60059 0.05336
10240.29883 0.04053
10242.98047 0.04185
10245.67969 0.06306
10248.36914 0.01477
10251.06445 0.04716
10253.75391 0.08400
10256.44531 0.04722
10259.13770 0.03206
10261.83594 0.04517
10264.52246 0.03580
10267.22266 0.05749
10269.90039 0.04624
10272.59570 0.05191
10275.29102 0.05301
10277.98242 0.04932
10280.67383 0.04269
10283.36719 0.05620
10286.05371 0.03814
10288.75391 0.03658
10291.44238 0.04911
10294.13281 0.05776
10296.82227 0.04877
10299.52539 0.03619
10302.21680 0.03803
10304.91016 0.04773
10307.58594 0.05018
10310.28516 0.03904
10312.97363 0.05291
10315.67480 0.05126
10318.35938 0.05439
10321.05664 0.04194
10323.74219 0.04787
10326.44043 0.03001
10329.12793 0.02557
10331.82129 0.03969
10334.51074 0.07560
10337.20020 0.03913
10339.90137 0.06233
10342.58691 0.03917
10345.27930 0.04992
10347.97070 0.06222
10350.66406 0.03814
10353.36328 0.03240
10356.04688 0.05940
10358.74707 0.04382
10361.43262 0.05300
10364.12891 0.03332
10366.81445 0.05420
10369.50684 0.04593
10372.19434 0.04392
10374.88770 0.05895
10377.57617 0.06187
10380.27148 0.04183
10382.96777 0.04438
10385.65820 0.02418
10388.35547 0.02561
10391.04688 0.05371
10393.73438 0.05091
10396.42773 0.05418
10399.12207 0.06055
10401.81738 0.04766
10404.50684 0.03680
10407.19824 0.04202
10409.88281 0.02652
10412.58691 0.04622
10415.27344 0.04892
10417.97266 0.05125
10420.66113 0.04611
10423.34473 0.05389
10426.04004 0.04887
10428.73633 0.06984
10431.43359 0.05944
10434.11328 0.05955
10436.81250 0.06106
10439.50000 0.05665
10442.18750 0.02593
10444.88770 0.04226
10447.57812 0.04689
10450.26855 0.04610
10452.96484 0.04580
10455.65039 0.03764
10458.34863 0.04496
10461.03613 0.05914
10463.73047 0.03860
10466.41895 0.05705
10469.11426 0.05142
10471.80957 0.04306
10474.49414 0.03062
10477.19141 0.05346
10479.88379 0.08608
10482.56543 0.03743
10485.27051 0.05315
10487.95898 0.04530
10490.64844 0.03410
10493.34375 0.03947
10496.03418 0.05052
10498.72559 0.06378
10501.42383 0.04757
10504.11035 0.03567
10506.79785 0.05095
10509.49805 0.07646
10512.18652 0.05546
10514.87598 0.05389
10517.56641 0.04431
10520.25781 0.05546
10522.95508 0.04899
10525.64746 0.03857
10528.33398 0.04786
10531.02246 0.04944
10533.71680 0.05073
10536.41211 0.03823
10539.10254 0.05448
10541.79883 0.02637
10544.49609 0.05790
10547.18164 0.02667
10549.87500 0.05640
10552.56250 0.06373
10555.26270 0.06257
10557.94629 0.04570
10560.64746 0.05884
10563.33691 0.03531
10566.02832 0.05558
10568.71484 0.02445
10571.40723 0.06989
10574.09961 0.04902
10576.78809 0.03697
10579.48242 0.03976
10582.17773 0.05112
10584.86816 0.05324
10587.55859 0.02091
10590.25586 0.05016
10592.94238 0.06132
10595.64062 0.03096
10598.32910 0.05743
10601.01660 0.04759
10603.70605 0.05805
10606.40723 0.05860
10609.09863 0.03542
10611.78906 0.04038
10614.48047 0.06876
10617.17969 0.04349
10619.86035 0.04773
10622.55469 0.05112
10625.24902 0.04556
10627.94434 0.04581
10630.63379 0.04466
10633.32520 0.02506
10636.01660 0.04438
10638.70312 0.04635
10641.40723 0.05254
10644.09473 0.03199
10646.78320 0.05515
10649.47168 0.06750
10652.16797 0.03582
10654.85742 0.04953
10657.55469 0.05109
10660.24023 0.05078
10662.93945 0.07203
10665.62598 0.04119
10668.31934 0.03611
10671.02051 0.07124
10673.70996 0.03243
10676.38770 0.05445
10679.08984 0.04762
10681.78125 0.03884
10684.46680 0.05450
10687.15918 0.03783
10689.85840 0.04638
10692.54688 0.05691
10695.24121 0.03506
10697.92578 0.06241
10700.62109 0.06871
10703.31836 0.05296
10706.01562 0.05493
10708.69629 0.06161
10711.38867 0.07133
10714.07617 0.05176
10716.77637 0.03427
10719.46582 0.06008
10722.15527 0.07244
10724.85742 0.02636
10727.54883 0.05616
10730.23438 0.04008
10732.92676 0.04285
10735.61914 0.06197
10738.31348 0.05491
10741.00781 0.03245
10743.70215 0.03425
10746.38672 0.03404
10749.08301 0.04548
10751.76855 0.03541
10754.45996 0.04499
10757.14746 0.05327
10759.84570 0.04969
10762.54004 0.03008
10765.22852 0.05633
10767.91797 0.04070
10770.61914 0.04362
10773.31055 0.02790
10776.00781 0.05439
10778.68750 0.04543
10781.38086 0.03794
10784.07422 0.03983
10786.76855 0.04614
10789.46289 0.06369
10792.14648 0.04658
10794.84766 0.03719
10797.53320 0.03956
10800.21875 0.03506
10802.92285 0.06387
10805.60938 0.03847
10808.30371 0.04189
10810.99121 0.03965
10813.67969 0.05108
10816.37598 0.04875
10819.06641 0.02183
10821.76270 0.04752
10824.45410 0.06755
10827.15234 0.03496
10829.83301 0.05549
10832.53320 0.03795
10835.22656 0.03397
10837.91602 0.05402
10840.61133 0.05103
10843.30273 0.02615
10845.99316 0.04504
10848.67871 0.05893
10851.38281 0.06940
10854.07031 0.05388
10856.76367 0.05239
10859.45801 0.03914
10862.14648 0.05878
10864.83105 0.04815
10867.52637 0.03711
10870.22363 0.04740
10872.91602 0.08659
10875.60254 0.03410
10878.30176 0.03772
10880.98828 0.04048
10883.67773 0.02783
10886.37207 0.04360
10889.06152 0.05010
10891.75195 0.06022
10894.44336 0.06810
10897.13574 0.04910
10899.82715 0.02894
10902.52051 0.04376
10905.21387 0.07356
10907.90820 0.03773
10910.59766 0.05324
10913.29297 0.05293
10915.97754 0.04560
10918.67480 0.04479
10921.36035 0.06846
10924.05859 0.03515
10926.74609 0.04207
10929.43945 0.04257
10932.13379 0.05656
10934.83496 0.04961
10937.52441 0.02341
10940.21484 0.05070
10942.90527 0.05355
10945.59766 0.05361
10948.28906 0.05367
10950.97656 0.04077
10953.66992 0.06281
10956.36523 0.03319
10959.04785 0.03083
10961.74316 0.05730
10964.43359 0.06820
10967.13672 0.05251
10969.82227 0.03143
10972.50781 0.04037
10975.20703 0.05605
10977.90039 0.06363
10980.58887 0.04365
10983.27832 0.06516
10985.97363 0.05098
10988.66406 0.03636
10991.36035 0.05081
10994.04590 0.03568
10996.73828 0.03526
10999.43750 0.06273
11002.11816 0.05640
11004.81836 0.04221
11007.50098 0.07655
11010.20312 0.04692
11012.89258 0.05048
11015.58984 0.05744
11018.28125 0.06734
11020.97266 0.06289
11023.65918 0.05851
11026.35352 0.05425
11029.04199 0.06425
11031.74121 0.06183
11034.43066 0.07030
11037.11523 0.07369
11039.81250 0.04567
11042.50293 0.05268
11045.18848 0.05635
11047.89355 0.04089
11050.58691 0.03656
11053.27441 0.04156
11055.96289 0.03412
11058.65234 0.06033
11061.34766 0.06482
11064.04395 0.03114
11066.73633 0.03407
11069.42676 0.06164
11072.11328 0.05549
11074.80664 0.04712
11077.50684 0.04294
11080.20117 0.03171
11082.88379 0.04641
11085.57812 0.07519
11088.26953 0.04280
11090.95996 0.05859
11093.65820 0.06055
11096.34375 0.06244
11099.03027 0.03716
11101.73047 0.03556
11104.42480 0.05490
11107.11328 0.03357
11109.80273 0.06633
11112.49316 0.01919
11115.18848 0.04002
11117.88086 0.05565
11120.57324 0.03533
11123.26465 0.05335
11125.95312 0.05106
11128.64648 0.06451
11131.34082 0.04220
11134.03027 0.05649
11136.72559 0.06798
11139.41699 0.06376
11142.11426 0.03765
11144.79980 0.04152
11147.49121 0.04978
11150.18457 0.04021
11152.87109 0.04393
11155.57227 0.06144
11158.26758 0.05190
11160.95605 0.03979
11163.64062 0.04699
11166.33105 0.07113
11169.02832 0.04382
11171.72656 0.02458
11174.40723 0.03943
11177.10059 0.02550
11179.79492 0.05424
11182.48926 0.05133
11185.17285 0.04555
11187.88184 0.06019
11190.56543 0.04016
11193.25586 0.04502
11195.94824 0.05473
11198.63477 0.05914
11201.32812 0.05621
11204.01465 0.05348
11206.71582 0.02920
11209.40430 0.04819
11212.10059 0.05449
11214.79590 0.04067
11217.48145 0.04280
11220.17188 0.04663
11222.86426 0.06270
11225.56445 0.04368
11228.24414 0.05665
11230.95020 0.02789
11233.63379 0.02802
11236.32227 0.04150
11239.01855 0.03623
11241.71484 0.03515
11244.40625 0.02584
11247.10352 0.04188
11249.79004 0.03761
11252.48340 0.03669
11255.17090 0.04718
11257.86523 0.06289
11260.55469 0.04649
11263.24414 0.05357
11265.93945 0.02538
11268.63086 0.03909
11271.32129 0.04703
11274.00781 0.05392
11276.71289 0.04327
11279.39941 0.04248
11282.08789 0.05498
11284.79395 0.03024
11287.47656 0.04859
11290.16602 0.04460
11292.86328 0.02199
11295.54102 0.04283
11298.23926 0.06288
11300.93164 0.02696
11303.62500 0.09063
11306.32324 0.06614
11309.00586 0.03828
11311.70703 0.05068
11314.38965 0.04985
11317.08594 0.05573
11319.77637 0.05924
11322.46094 0.03175
11325.16602 0.02720
11327.85742 0.04863
11330.54492 0.03007
11333.23828 0.05422
11335.92578 0.04417
11338.62207 0.06164
11341.31152 0.04832
11344.00684 0.07593
11346.69824 0.05270
11349.39453 0.04457
11352.08008 0.04817
11354.77344 0.04504
11357.45996 0.03894
11360.16016 0.04439
11362.86133 0.03866
11365.54395 0.04794
11368.23340 0.05180
11370.92285 0.02206
11373.62012 0.05137
11376.31250 0.05005
11379.00391 0.04273
11381.69629 0.02739
11384.38379 0.03993
11387.08398 0.04842
11389.77246 0.05273
11392.46094 0.04972
11395.15039 0.06984
11397.84766 0.05402
11400.54492 0.04427
11403.22949 0.06026
11405.92773 0.04268
11408.60840 0.04879
11411.30273 0.03769
11413.99609 0.05155
11416.69043 0.06832
11419.37305 0.02596
11422.08203 0.05140
11424.76660 0.06663
11427.46387 0.03824
11430.15527 0.03136
11432.83496 0.07371
11435.52734 0.05250
11438.22754 0.04628
11440.91602 0.01945
11443.61719 0.04976
11446.29980 0.03804
11448.99512 0.05523
11451.67969 0.05153
11454.38379 0.04771
11457.06934 0.06001
11459.76758 0.04922
11462.46094 0.05201
11465.14746 0.06513
11467.83594 0.04445
11470.52344 0.06509
11473.21973 0.03952
11475.90918 0.02255
11478.60645 0.03369
11481.29004 0.07362
11483.98828 0.05888
11486.68066 0.11441
11489.38086 0.05141
11492.06055 0.05048
11494.76172 0.04718
11497.45020 0.05131
11500.13965 0.03524
11502.83496 0.03412
11505.52539 0.05826
11508.21680 0.03874
11510.90234 0.05023
11513.59473 0.05758
11516.30078 0.07072
11518.98730 0.04474
11521.68164 0.03892
11524.37012 0.05132
11527.06543 0.03149
11529.75000 0.05835
11532.44531 0.05686
11535.14258 0.05278
11537.83496 0.03292
11540.52051 0.05095
11543.21387 0.04449
11545.90039 0.06493
11548.60156 0.04867
11551.28906 0.05452
11553.97852 0.03820
11556.67480 0.06622
11559.36523 0.05493
11562.05566 0.04606
11564.74805 0.07096
11567.44043 0.04801
11570.12695 0.04396
11572.82031 0.04183
11575.51953 0.04206
11578.20898 0.07552
11580.90430 0.04054
11583.58691 0.04853
11586.28418 0.04970
11588.98145 0.04359
11591.66699 0.05394
11594.36523 0.04890
11597.05078 0.04548
11599.75000 0.04943
11602.43848 0.05770
11605.13281 0.04664
11607.81543 0.06089
11610.51855 0.03108
11613.20801 0.03334
11615.89844 0.06335
11618.59668 0.05247
11621.27539 0.05457
11623.96777 0.04907
11626.66797 0.05250
11629.35547 0.05565
11632.04980 0.06066
11634.73828 0.07306
11637.43457 0.07200
11640.11816 0.04642
11642.82031 0.05809
11645.50586 0.04106
11648.20508 0.04923
11650.89648 0.06018
11653.57715 0.04271
11656.27051 0.04434
11658.96484 0.05748
11661.66602 0.05137
11664.35547 0.02633
11667.05078 0.05124
11669.73535 0.04500
11672.42090 0.03477
11675.11816 0.02285
11677.81641 0.04786
11680.50977 0.06266
11683.18945 0.04727
11685.89062 0.02724
11688.57910 0.04528
11691.27539 0.04255
11693.96484 0.05938
11696.66016 0.05777
11699.34570 0.04279
11702.03613 0.03886
11704.72852 0.04319
11707.42188 0.05016
11710.12109 0.05515
11712.81445 0.04981
11715.49609 0.04423
11718.18555 0.04970
11720.88184 0.04809
11723.57715 0.04231
11726.27441 0.06146
11728.96582 0.04702
11731.65039 0.05286
11734.34961 0.05354
11737.03613 0.05043
11739.72949 0.01534
11742.41699 0.06848
11745.11816 0.05050
11747.80762 0.02587
11750.49023 0.05876
11753.18164 0.05497
11755.87891 0.05408
11758.57031 0.05015
11761.26953 0.04927
11763.94922 0.04718
11766.65527 0.06085
11769.33594 0.05979
11772.03027 0.05366
11774.72656 0.06231
11777.42188 0.04490
11780.10547 0.02829
11782.80273 0.05213
11785.48730 0.04957
11788.18457 0.04163
11790.87207 0.06558
11793.57129 0.06170
11796.26465 0.05896
11798.94629 0.05155
11801.63477 0.03968
11804.34375 0.06812
11807.03320 0.05304
11809.72168 0.05949
11812.41406 0.05490
11815.10449 0.04471
11817.80371 0.04002
11820.48340 0.04536
11823.18359 0.03138
11825.87109 0.05100
11828.56445 0.04764
11831.25391 0.05583
11833.95020 0.04468
11836.63965 0.05779
11839.33691 0.04077
11842.02051 0.05244
11844.70605 0.04132
11847.41211 0.05785
11850.09766 0.07056
11852.79199 0.04539
11855.48535 0.04158
11858.16699 0.05855
11860.86328 0.05130
11863.55273 0.02939
11866.25000 0.04442
11868.94727 0.05358
11871.63770 0.05251
11874.32910 0.03658
11877.01660 0.03894
11879.70996 0.03875
11882.39648 0.06274
11885.09766 0.04206
11887.78516 0.03796
11890.48145 0.04452
11893.17090 0.05193
11895.86816 0.05001
11898.55176 0.05992
11901.24414 0.04142
11903.93652 0.03924
11906.62793 0.06571
11909.32129 0.03628
11912.01562 0.04517
11914.70410 0.05772
11917.39160 0.04562
11920.08789 0.03178
11922.78418 0.05376
11925.46777 0.03939
11928.16699 0.03528
11930.86328 0.04899
11933.55078 0.05358
11936.24902 0.04049
11938.93555 0.07440
11941.62988 0.04382
11944.31152 0.05682
11947.00781 0.04844
11949.70410 0.04554
11952.39258 0.05349
11955.08398 0.05351
11957.77441 0.04119
11960.47266 0.06146
11963.16602 0.05622
11965.85840 0.03958
11968.55273 0.06392
11971.24609 0.05648
11973.92773 0.05547
11976.61719 0.05372
11979.31250 0.05033
11981.99707 0.06377
11984.69434 0.05319
11987.38477 0.05905
11990.08301 0.04673
11992.76855 0.05246
11995.46875 0.04751
11998.15527 0.04999
12000.84961 0.04610
12003.53809 0.03791
12006.24023 0.04829
12008.92969 0.06610
12011.62695 0.03169
12014.31738 0.03246
12017.00879 0.05314
12019.69336 0.04752
12022.38672 0.04424
12025.07910 0.07050
12027.77344 0.04566
12030.46191 0.05585
12033.15625 0.05383
12035.85254 0.04683
12038.53516 0.06590
12041.22461 0.05110
12043.92188 0.04638
12046.60742 0.04437
12049.29883 0.05378
12051.99805 0.05879
12054.69043 0.05233
12057.37793 0.06308
12060.07227 0.05976
12062.75977 0.05866
12065.45605 0.04209
12068.14551 0.05047
12070.84277 0.05216
12073.53320 0.02405
12076.23047 0.03231
12078.90918 0.05595
12081.60938 0.03310
12084.30273 0.03821
12086.98926 0.03034
12089.69043 0.04842
12092.37207 0.06655
12095.05957 0.04460
12097.76367 0.03817
12100.45312 0.04739
12103.14355 0.07342
12105.84277 0.03311
12108.53418 0.04112
12111.22656 0.01736
12113.91992 0.05014
12116.60645 0.02097
12119.30078 0.06053
12121.99512 0.04617
12124.69141 0.05640
12127.36816 0.05379
12130.06348 0.06271
12132.76074 0.04741
12135.44531 0.03938
12138.14355 0.07292
12140.83008 0.04021
12143.52246 0.04609
12146.20996 0.02830
12148.91016 0.05183
12151.59863 0.04297
12154.28711 0.05563
12156.99023 0.05708
12159.68555 0.05198
12162.37695 0.05595
12165.06152 0.05312
12167.75293 0.05318
12170.44629 0.05835
12173.13770 0.06018
12175.83105 0.04540
12178.51270 0.06384
12181.20703 0.04819
12183.90234 0.03860
12186.59766 0.06251
12189.28027 0.05185
12191.98438 0.04995
12194.67676 0.05933
12197.37402 0.03048
12200.05859 0.06227
12202.74609 0.04281
12205.44531 0.02361
12208.13281 0.03209
12210.82031 0.04716
12213.50879 0.05948
12216.20410 0.03132
12218.90137 0.05403
12221.59082 0.03517
12224.28125 0.03609
12226.97363 0.06921
12229.66602 0.04747
12232.36426 0.07098
12235.05762 0.03109
12237.73730 0.04092
12240.43848 0.03976
12243.12695 0.05430
12245.82227 0.06030
12248.51855 0.03708
12251.20117 0.07288
12253.89160 0.08233
12256.59082 0.05693
12259.27637 0.03542
12261.97461 0.04047
12264.66113 0.05957
12267.35449 0.04638
12270.04102 0.03522
12272.74219 0.04650
12275.42480 0.03217
12278.12109 0.05839
12280.81738 0.06529
12283.50781 0.03250
12286.19824 0.04302
12288.89648 0.04843
12291.57617 0.04702
12294.27441 0.05748
12296.96094 0.04080
12299.66211 0.02960
12302.34863 0.05323
12305.04492 0.07182
12307.73340 0.04193
12310.43652 0.04328
12313.12598 0.05383
12315.81055 0.02690
12318.50098 0.04207
12321.18652 0.06988
12323.87793 0.03638
12326.58594 0.04300
12329.26465 0.05764
12331.95898 0.02963
12334.65430 0.04544
12337.34375 0.07019
12340.04590 0.04284
12342.73535 0.03443
12345.41895 0.04411
12348.11621 0.05216
12350.80078 0.04809
12353.50098 0.04899
12356.18555 0.05061
12358.88574 0.05215
12361.57227 0.03500
12364.26758 0.06009
12366.96289 0.04694
12369.65137 0.03514
12372.34082 0.02382
12375.03125 0.02912
12377.72852 0.03730
12380.41211 0.05721
12383.10449 0.03451
12385.79590 0.02472
12388.49609 0.05755
12391.18945 0.05635
12393.88379 0.07283
12396.57227 0.06143
12399.25977 0.05974
12401.95605 0.04784
12404.65234 0.08387
12407.33594 0.05175
12410.02051 0.05726
12412.72559 0.03614
12415.40918 0.04186
12418.10938 0.02025
12420.79590 0.05905
12423.48926 0.06942
12426.17773 0.03065
12428.86523 0.03720
12431.57422 0.04533
12434.26270 0.04115
12436.95312 0.04929
12439.63574 0.04717
12442.33496 0.06343
12445.02539 0.05568
12447.71875 0.04299
12450.41016 0.04756
12453.09668 0.05435
12455.79004 0.04459
12458.48535 0.05531
12461.18066 0.06200
12463.87598 0.05480
12466.55859 0.05026
12469.25586 0.06051
12471.95312 0.03739
12474.63672 0.06984
12477.33594 0.05538
12480.02734 0.04572
12482.71387 0.05639
12485.40723 0.06777
12488.09375 0.05217
12490.78906 0.02404
12493.48340 0.06639
12496.17285 0.03309
12498.86914 0.05430
12501.56641 0.04033
12504.24316 0.03247
12506.94043 0.04368
12509.63965 0.05685
12512.31836 0.05054
12515.01758 0.07233
12517.70508 0.05432
12520.39941 0.04527
12523.09375 0.04637
12525.78809 0.06505
12528.47754 0.05403
12531.16699 0.03995
12533.86426 0.04840
12536.55469 0.05680
12539.24609 0.07402
12541.93750 0.05892
12544.63086 0.05195
12547.32324 0.05530
12550.01758 0.03084
12552.70410 0.05236
12555.40527 0.05834
12558.09473 0.04831
12560.77637 0.03946
12563.47363 0.02260
12566.17090 0.04502
12568.85352 0.06348
12571.55176 0.05087
12574.23730 0.06369
12576.93652 0.04433
12579.62305 0.05549
12582.32227 0.06015
12585.01074 0.05932
12587.69922 0.04991
12590.38672 0.03342
12593.08887 0.06322
12595.77832 0.06174
12598.47559 0.04717
12601.16699 0.04589
12603.85156 0.02816
12606.55078 0.02991
12609.24219 0.06476
12611.92090 0.05808
12614.62207 0.07298
12617.30957 0.07241
12620.01172 0.05986
12622.69336 0.04050
12625.38867 0.05306
12628.07812 0.05138
12630.77539 0.05218
12633.46680 0.07216
12636.15723 0.03630
12638.84277 0.04892
12641.54883 0.04623
12644.23438 0.05440
12646.92773 0.04473
12649.61523 0.04404
12652.31055 0.03460
12654.99805 0.02665
12657.68750 0.03139
12660.38379 0.02999
12663.07324 0.03968
12665.77148 0.02979
12668.46191 0.05392
12671.15430 0.03467
12673.85352 0.05427
12676.53320 0.03770
12679.23242 0.05168
12681.92676 0.04118
12684.61426 0.04615
12687.30957 0.02971
12689.99805 0.06405
12692.68066 0.05814
12695.37793 0.05837
12698.07520 0.06921
12700.75879 0.05733
12703.46387 0.05563
12706.14941 0.04072
12708.84277 0.06083
12711.52930 0.05893
12714.22266 0.03402
12716.91797 0.05850
12719.61230 0.05867
12722.30176 0.05969
12724.99121 0.07963
12727.68652 0.07797
12730.37109 0.07871
12733.06836 0.06058
12735.75977 0.04207
12738.45215 0.04623
12741.14551 0.06123
12743.83105 0.05481
12746.52539 0.03604
12749.21875 0.02900
12751.91504 0.05154
12754.60254 0.03300
12757.29199 0.04510
12759.99609 0.05352
12762.68555 0.05974
12765.37598 0.04374
12768.06152 0.03911
12770.75977 0.04857
12773.44531 0.02680
12776.14551 0.06065
12778.83203 0.05845
12781.52637 0.05710
12784.22070 0.03525
12786.90234 0.06344
12789.59668 0.04988
12792.29395 0.05191
12794.99121 0.03949
12797.67480 0.06459
12800.37305 0.04522
12803.05664 0.04826
12805.75684 0.08281
12808.45020 0.04686
12811.12891 0.05792
12813.83691 0.06398
12816.51660 0.05617
12819.21289 0.05456
12821.90137 0.06728
12824.58984 0.03850
12827.29395 0.06757
12829.98438 0.05557
12832.67578 0.05905
12835.35938 0.04781
12838.05176 0.07144
12840.74316 0.06310
12843.44434 0.05425
12846.13086 0.06065
12848.83301 0.04905
12851.51270 0.07268
12854.20898 0.06221
12856.88965 0.06045
12859.59375 0.05512
12862.28320 0.03490
12864.97363 0.04074
12867.66602 0.05389
12870.36426 0.06567
12873.05664 0.03693
12875.74219 0.05982
12878.43555 0.05361
12881.12207 0.05689
12883.82422 0.04096
12886.51855 0.01326
12889.20703 0.05758
12891.90430 0.03444
12894.59375 0.03292
12897.27637 0.05558
12899.97461 0.03827
12902.65918 0.04056
12905.35742 0.04843
12908.05078 0.05557
12910.73633 0.05448
12913.42969 0.02823
12916.11719 0.05225
12918.81836 0.05225
12921.50000 0.04992
12924.20312 0.06221
12926.88574 0.05592
12929.58887 0.05725
12932.28027 0.06897
12934.96387 0.05921
12937.65430 0.05871
12940.33984 0.03911
12943.04688 0.06286
12945.74023 0.07390
12948.42676 0.06329
12951.12109 0.05787
12953.81543 0.06806
12956.49707 0.06710
12959.19336 0.05193
12961.88281 0.05490
12964.58008 0.05554
12967.27832 0.06297
12969.96191 0.05316
12972.66113 0.05964
12975.34668 0.07200
12978.03809 0.05896
12980.72461 0.07055
12983.41992 0.05424
12986.11426 0.04710
12988.81543 0.05325
12991.49707 0.04569
12994.18652 0.06621
12996.88379 0.06569
12999.56641 0.06976
13002.27148 0.04486
13004.96973 0.04289
13007.65430 0.06261
13010.34766 0.03461
13013.03320 0.02985
13015.73242 0.07278
13018.41309 0.04286
13021.10742 0.04488
13023.80371 0.04832
13026.49902 0.05926
13029.18066 0.07176
13031.87793 0.08098
13034.57520 0.06426
13037.25781 0.05972
13039.95605 0.03746
13042.64844 0.05116
13045.33398 0.06002
13048.03516 0.05875
13050.72070 0.05649
13053.41504 0.05762
13056.10938 0.05110
13058.80566 0.06450
13061.49316 0.04997
13064.18262 0.05938
13066.87207 0.04478
13069.57129 0.02945
13072.25391 0.06243
13074.95215 0.03932
13077.64453 0.05663
13080.33789 0.09451
13083.02246 0.04916
13085.71582 0.05650
13088.41113 0.05212
13091.09863 0.04317
13093.79297 0.04618
13096.49707 0.05396
13099.17188 0.07298
13101.87598 0.06030
13104.56641 0.04252
13107.24902 0.08155
13109.94824 0.04830
13112.63965 0.05736
13115.33301 0.04958
13118.01172 0.05990
13120.71973 0.05394
13123.41406 0.05399
13126.10156 0.05368
13128.78906 0.03940
13131.48535 0.03894
13134.18262 0.05924
13136.86328 0.05489
13139.54785 0.03710
13142.24512 0.05579
13144.94336 0.07973
13147.63574 0.05496
13150.32129 0.04269
13153.01465 0.05593
13155.71582 0.06283
13158.39453 0.06309
13161.09668 0.02423
13163.78516 0.06626
13166.48730 0.05064
13169.16992 0.07088
13171.85938 0.07577
13174.55664 0.05703
13177.24707 0.05736
13179.93164 0.04227
13182.62305 0.06604
13185.31641 0.05127
13188.00879 0.04717
13190.69531 0.05479
13193.38965 0.05967
13196.08496 0.05676
13198.77930 0.07156
13201.47559 0.05463
13204.16406 0.05165
13206.85352 0.04935
13209.55078 0.03752
13212.25000 0.04843
13214.92578 0.05151
13217.62402 0.07112
13220.32422 0.03895
13223.00977 0.05019
13225.71094 0.04022
13228.38965 0.06560
13231.07812 0.05750
13233.78027 0.06168
13236.47461 0.05985
13239.16406 0.05505
13241.84668 0.06395
13244.55078 0.06099
13247.24121 0.05912
13249.93262 0.08436
13252.63184 0.05569
13255.31641 0.03358
13258.00977 0.04045
13260.69434 0.05984
13263.38965 0.07779
13266.08301 0.06156
13268.77051 0.05654
13271.46680 0.04954
13274.15430 0.07457
13276.85156 0.06935
13279.53516 0.05128
13282.23828 0.03404
13284.91504 0.05772
13287.61426 0.04742
13290.30664 0.04748
13293.00684 0.04396
13295.69141 0.04490
13298.38477 0.06720
13301.08008 0.06305
13303.76660 0.04965
13306.46191 0.04613
13309.15039 0.04806
13311.84668 0.05863
13314.53711 0.06882
13317.22656 0.04113
13319.91699 0.05970
13322.61523 0.04842
13325.30762 0.05862
13328.00000 0.04692
13330.68457 0.05201
13333.37988 0.06323
13336.07324 0.07205
13338.75977 0.06860
13341.45508 0.05895
13344.15039 0.05167
13346.83984 0.06046
13349.54297 0.04873
13352.22559 0.04841
13354.92285 0.05042
13357.60742 0.06044
13360.29980 0.06404
13362.99121 0.07539
13365.69141 0.06505
13368.38477 0.06892
13371.07031 0.04460
13373.75684 0.06478
13376.45117 0.05564
13379.13965 0.07182
13381.83496 0.06359
13384.53223 0.02963
13387.22168 0.04885
13389.91895 0.04975
13392.60156 0.04112
13395.30078 0.05034
13397.98535 0.06387
13400.68555 0.06193
13403.37109 0.04732
13406.06445 0.05296
13408.75000 0.05265
13411.45215 0.04849
13414.14062 0.07279
13416.84277 0.07448
13419.52441 0.05231
13422.21387 0.05465
13424.91113 0.02841
13427.60059 0.04404
13430.29199 0.06757
13432.98242 0.04891
13435.67480 0.06319
13438.36035 0.07220
13441.05371 0.05467
13443.74707 0.07565
13446.44043 0.06855
13449.13477 0.05810
13451.83008 0.05795
13454.52637 0.04979
13457.22266 0.05522
13459.89746 0.05647
13462.59473 0.05236
13465.29199 0.07235
13467.97559 0.06113
13470.67480 0.07689
13473.35938 0.05813
13476.05957 0.04713
13478.74512 0.05273
13481.44629 0.02953
13484.13281 0.07357
13486.82129 0.07552
13489.52344 0.06968
13492.21191 0.04725
13494.90137 0.07586
13497.58984 0.04382
13500.28125 0.05028
13502.97070 0.06602
13505.66211 0.06928
13508.35449 0.05067
13511.05273 0.04429
13513.73828 0.06717
13516.43164 0.05431
13519.12598 0.06646
13521.82031 0.04644
13524.51562 0.07012
13527.19531 0.04983
13529.89941 0.02731
13532.58105 0.07405
13535.27832 0.06748
13537.97559 0.04469
13540.65820 0.06211
13543.36426 0.06485
13546.04883 0.05059
13548.73438 0.06117
13551.43359 0.07520
13554.12695 0.05509
13556.81348 0.05823
13559.50098 0.07625
13562.19531 0.06251
13564.89844 0.05200
13567.58691 0.06141
13570.27637 0.06537
13572.97363 0.07306
13575.66309 0.05344
13578.34668 0.05275
13581.03809 0.05356
13583.72949 0.03276
13586.42969 0.04679
13589.12305 0.04659
13591.80859 0.04123
13594.50293 0.07852
13597.19629 0.04666
13599.88379 0.06019
13602.58008 0.04625
13605.26855 0.06860
13607.96484 0.06523
13610.65430 0.05612
13613.35156 0.05324
13616.03613 0.06032
13618.72656 0.06086
13621.41895 0.04415
13624.11816 0.07176
13626.80371 0.06648
13629.49707 0.06067
13632.19043 0.06735
13634.87695 0.07771
13637.57324 0.04263
13640.26758 0.06774
13642.96387 0.04879
13645.65332 0.03562
13648.35059 0.03947
13651.03320 0.05010
13653.72363 0.06047
13656.42188 0.05670
13659.11426 0.05670
13661.79785 0.06154
13664.50000 0.05685
13667.18457 0.06213
13669.87793 0.04001
13672.56641 0.05583
13675.26074 0.04753
13677.94922 0.08412
13680.65137 0.07726
13683.34082 0.07244
13686.02344 0.06458
13688.71289 0.07457
13691.42578 0.07608
13694.11035 0.06458
13696.80176 0.05610
13699.49414 0.04714
13702.18555 0.08148
13704.87891 0.04858
13707.56641 0.06452
13710.25879 0.06718
13712.95508 0.05161
13715.63574 0.06801
13718.33105 0.06335
13721.02734 0.04596
13723.71680 0.10293
13726.40625 0.05169
13729.10449 0.06699
13731.80273 0.06213
13734.48730 0.05753
13737.18652 0.05000
13739.87109 0.05969
13742.55664 0.05047
13745.25098 0.04676
13747.94434 0.05469
13750.63281 0.08500
13753.33496 0.06688
13756.02246 0.06721
13758.71094 0.06697
13761.40039 0.06620
13764.09082 0.05993
13766.78027 0.06189
13769.47070 0.04324
13772.17773 0.06670
13774.85449 0.06105
13777.55469 0.06993
13780.24805 0.06942
13782.94141 0.03047
13785.63477 0.08378
13788.32129 0.07871
13791.01758 0.06459
13793.71191 0.06252
13796.39355 0.06370
13799.09668 0.03317
13801.79395 0.05085
13804.47754 0.05570
13807.17578 0.05245
13809.85840 0.05753
13812.55078 0.06106
13815.25000 0.05468
13817.93555 0.05305
13820.62891 0.04527
13823.33008 0.05452
13826.01660 0.08392
13828.71191 0.06667
13831.39844 0.06790
13834.08789 0.05470
13836.78320 0.04870
13839.47266 0.05491
13842.16992 0.07046
13844.86035 0.07450
13847.55176 0.07281
13850.24219 0.07019
13852.92773 0.07163
13855.62695 0.09255
13858.31934 0.05660
13861.00586 0.06149
13863.69922 0.06289
13866.39355 0.04234
13869.08203 0.08234
13871.78418 0.06608
13874.46582 0.05530
13877.16992 0.06859
13879.85156 0.08137
13882.54199 0.07944
13885.24023 0.03999
13887.93066 0.08194
13890.62305 0.05815
13893.30762 0.06617
13896.00098 0.06988
13898.70020 0.05251
13901.39453 0.09388
13904.08789 0.07509
13906.77637 0.08791
13909.47070 0.05759
13912.15918 0.04628
13914.86230 0.06561
13917.53613 0.07542
13920.23340 0.05718
13922.92383 0.05012
13925.62305 0.04905
13928.30664 0.05337
13931.00586 0.07159
13933.68262 0.04931
13936.38281 0.05407
13939.07617 0.06385
13941.77051 0.06646
13944.46484 0.07258
13947.15234 0.05652
13949.83984 0.05529
13952.53613 0.06276
13955.23145 0.07130
13957.92090 0.05190
13960.60449 0.06599
13963.30957 0.05279
13966.00000 0.07243
13968.69141 0.05643
13971.38379 0.07003
13974.07617 0.06446
13976.76074 0.05608
13979.46191 0.06233
13982.15723 0.06519
13984.84375 0.06422
13987.52246 0.07150
13990.22656 0.05339
13992.92188 0.07777
13995.61133 0.05496
13998.29297 0.07627
14000.99805 0.04346
14003.68066 0.05020
14006.37207 0.04883
14009.07129 0.05384
14011.76367 0.06063
14014.44727 0.05462
14017.14844 0.07358
14019.82617 0.06870
14022.53711 0.06432
14025.22363 0.07318
14027.91016 0.06493
14030.59766 0.05945
14033.29395 0.05746
14035.99121 0.04808
14038.68066 0.05267
14041.37012 0.04012
14044.06836 0.05436
14046.75879 0.06971
14049.45117 0.06924
14052.14355 0.04922
14054.82812 0.05646
14057.52148 0.07280
14060.21484 0.07757
14062.91602 0.05373
14065.59668 0.04877
14068.29102 0.06447
14070.98730 0.06710
14073.67480 0.07158
14076.37207 0.07851
14079.05371 0.06569
14081.75879 0.07044
14084.44141 0.05880
14087.14062 0.05095
14089.82422 0.06614
14092.51660 0.05782
14095.21582 0.06592
14097.90137 0.06478
14100.59570 0.06584
14103.28125 0.05888
14105.96875 0.06305
14108.67188 0.07359
14111.36816 0.04633
14114.06348 0.05713
14116.75195 0.06709
14119.43457 0.06185
14122.12402 0.04643
14124.81445 0.06299
14127.51367 0.04705
14130.21289 0.06607
14132.90527 0.03370
14135.58887 0.06846
14138.28223 0.04891
14140.97559 0.07125
14143.67090 0.07259
14146.36523 0.07173
14149.04395 0.05489
14151.74805 0.07453
14154.43555 0.06076
14157.13281 0.05963
14159.82227 0.07076
14162.51172 0.07604
14165.20996 0.05898
14167.90137 0.06032
14170.58398 0.05031
14173.27539 0.06027
14175.96875 0.08207
14178.65430 0.05631
14181.36230 0.05499
14184.05664 0.06032
14186.74316 0.07058
14189.43848 0.04803
14192.11816 0.06592
14194.81445 0.06118
14197.50391 0.04849
14200.19922 0.08485
14202.89746 0.06484
14205.57324 0.07776
14208.27832 0.05778
14210.96973 0.06456
14213.64648 0.07082
14216.35352 0.08463
14219.03125 0.07267
14221.74023 0.07509
14224.41797 0.04668
14227.12012 0.05243
14229.80762 0.05066
14232.51074 0.05037
14235.19141 0.06809
14237.88672 0.05440
14240.58398 0.06811
14243.27344 0.05571
14245.96387 0.08265
14248.65332 0.06516
14251.34570 0.08389
14254.03613 0.06714
14256.72949 0.07047
14259.42188 0.05700
14262.11523 0.06429
14264.80859 0.07214
14267.50293 0.06177
14270.18945 0.06387
14272.87598 0.05796
14275.57227 0.03981
14278.26855 0.04262
14280.96484 0.05773
14283.64648 0.04621
14286.34375 0.07349
14289.02637 0.05131
14291.72559 0.06022
14294.41699 0.08899
14297.10938 0.05500
14299.80176 0.07499
14302.50293 0.09959
14305.18750 0.05423
14307.87305 0.06042
14310.55957 0.06093
14313.27051 0.06144
14315.95020 0.07265
14318.64648 0.07053
14321.33594 0.05716
14324.02344 0.06230
14326.72266 0.07277
14329.40430 0.08523
14332.10254 0.06742
14334.79297 0.06127
14337.49316 0.06622
14340.18457 0.06825
14342.87012 0.05644
14345.57129 0.05573
14348.24902 0.07025
14350.95117 0.06890
14353.64648 0.09304
14356.33301 0.06284
14359.02832 0.06174
14361.71680 0.05918
14364.40625 0.08052
14367.10352 0.05836
14369.79297 0.07257
14372.47559 0.05874
14375.18164 0.05616
14377.86426 0.09698
14380.55664 0.05176
14383.25684 0.06234
14385.94238 0.05672
14388.63574 0.06762
14391.32031 0.06626
14394.01562 0.04986
14396.71777 0.04794
14399.41406 0.05446
14402.10156 0.08250
14404.79785 0.05707
14407.48730 0.04194
14410.18457 0.07772
14412.85742 0.08269
14415.54883 0.05548
14418.24805 0.07269
14420.93945 0.09690
14423.63086 0.06122
14426.32422 0.05716
14429.02441 0.03370
14431.70215 0.06245
14434.40430 0.08087
14437.08301 0.07642
14439.78516 0.07620
14442.48145 0.08260
14445.17773 0.06055
14447.85742 0.07043
14450.56250 0.06603
14453.24414 0.07813
14455.93457 0.07133
14458.62500 0.06649
14461.33203 0.07066
14464.01562 0.05550
14466.70801 0.04448
14469.39160 0.06321
14472.09277 0.07136
14474.77832 0.07019
14477.47363 0.04114
14480.16016 0.04791
14482.86230 0.06809
14485.55078 0.06395
14488.24609 0.06059
14490.93457 0.07385
14493.62402 0.07698
14496.31348 0.06103
14499.01172 0.06081
14501.69434 0.07689
14504.39258 0.08911
14507.08496 0.06957
14509.77734 0.06448
14512.46875 0.06723
14515.15430 0.06576
14517.85645 0.06710
14520.54199 0.07251
14523.23730 0.06626
14525.93164 0.06072
14528.61133 0.07291
14531.30762 0.06756
14534.00488 0.08389
14536.70215 0.04960
14539.38379 0.08019
14542.08105 0.08177
14544.77148 0.05892
14547.46289 0.09050
14550.15527 0.08686
14552.83984 0.07419
14555.53906 0.08082
14558.22461 0.05522
14560.92578 0.07247
14563.61230 0.07616
14566.31543 0.06772
14568.99414 0.07422
14571.68945 0.05542
14574.38574 0.05842
14577.08203 0.07714
14579.77148 0.06674
14582.45996 0.03516
14585.15137 0.03966
14587.84180 0.05209
14590.53223 0.04901
14593.23242 0.08152
14595.91602 0.07228
14598.61719 0.07853
14601.30176 0.07164
14603.99512 0.08463
14606.68164 0.05837
14609.38379 0.07967
14612.07129 0.06754
14614.76660 0.06706
14617.44727 0.06644
14620.14258 0.05710
14622.83984 0.08246
14625.52148 0.07657
14628.21973 0.05946
14630.91113 0.06016
14633.60938 0.06238
14636.29199 0.06776
14638.99316 0.07183
14641.69336 0.06289
14644.37891 0.07529
14647.06348 0.05939
14649.75684 0.06157
14652.45996 0.07088
14655.14648 0.05099
14657.83496 0.07808
14660.52246 0.07259
14663.21875 0.09144
14665.90820 0.09236
14668.61328 0.06416
14671.29395 0.05962
14673.99316 0.03783
14676.67578 0.06711
14679.36816 0.06070
14682.07520 0.07484
14684.75977 0.04027
14687.45312 0.06793
14690.13867 0.05921
14692.82324 0.08177
14695.51855 0.07611
14698.20508 0.05806
14700.89941 0.01446
14703.58789 -0.04115
14706.28320 0.05611
14708.98047 0.07058
14711.66992 0.08858
14714.36719 0.08402
14717.05762 0.07916
14719.75684 0.07628
14722.45508 0.08436
14725.13086 0.07313
14727.83105 0.07020
14730.51660 0.04689
14733.20898 0.04774
14735.91113 0.07669
14738.59668 0.08410
14741.29102 0.06387
14743.97949 0.04775
14746.67383 0.07973
14749.36133 0.05447
14752.05078 0.06868
14754.74707 0.06705
14757.43750 0.06114
14760.12695 0.06348
14762.81738 0.07598
14765.51660 0.07946
14768.21582 0.06127
14770.90039 0.07198
14773.59180 0.08549
14776.27734 0.07165
14778.97070 0.05954
14781.66406 0.07588
14784.35059 0.08055
14787.05371 0.06518
14789.74902 0.06963
14792.43652 0.07461
14795.11621 0.06711
14797.81348 0.07370
14800.51074 0.06199
14803.20898 0.07340
14805.89062 0.07622
14808.58105 0.06663
14811.28125 0.05909
14813.97168 0.07099
14816.66406 0.06487
14819.34961 0.04509
14822.05078 0.07522
14824.73633 0.04378
14827.42090 0.08547
14830.12402 0.05952
14832.81055 0.09775
14835.49805 0.09887
14838.20215 0.07468
14840.89160 0.05995
14843.58008 0.06995
14846.26953 0.08853
14848.96777 0.05323
14851.64941 0.06352
14854.33984 0.07121
14857.04004 0.07519
14859.72363 0.07869
14862.42383 0.08406
14865.11719 0.06362
14867.80273 0.09006
14870.50391 0.07418
14873.19824 0.06836
14875.88477 0.07527
14878.57129 0.08725
14881.26758 0.06491
14883.97168 0.07509
14886.64355 0.03493
14889.34863 0.09753
14892.04688 0.06504
14894.72852 0.06804
14897.42676 0.09720
14900.11816 0.08754
14902.80078 0.06741
14905.50195 0.07163
14908.18555 0.06937
14910.89453 0.07873
14913.57129 0.04722
14916.26562 0.07285
14918.95117 0.07939
14921.64551 0.04391
14924.34180 0.07063
14927.03809 0.07082
14929.73340 0.08068
14932.41406 0.06434
14935.11133 0.07763
14937.80176 0.06919
14940.49902 0.06331
14943.18945 0.08039
14945.87988 0.07386
14948.56445 0.07645
14951.26367 0.08322
14953.94824 0.07372
14956.64941 0.09209
14959.33496 0.08297
14962.02832 0.06860
14964.72266 0.07790
14967.40918 0.07316
14970.10547 0.09132
14972.80957 0.07846
14975.48926 0.08137
14978.18555 0.06758
14980.87500 0.05740
14983.56348 0.08447
14986.26270 0.07732
14988.94531 0.05274
14991.63574 0.07161
14994.34375 0.07803
14997.02734 0.08374
14999.71191 0.09243
15002.40527 0.07788
15005.09863 0.08555
15007.79980 0.07682
15010.48633 0.07602
15013.18066 0.04853
15015.87695 0.06488
15018.56348 0.06625
15021.26074 0.08710
15023.94141 0.08547
15026.63867 0.07048
15029.32715 0.08644
15032.01855 0.07484
15034.71680 0.06025
15037.39941 0.06333
15040.09766 0.05837
15042.79004 0.06984
15045.47461 0.04187
15048.17578 0.08196
15050.87012 0.08636
15053.56348 0.06117
15056.24902 0.07849
15058.93555 0.07047
15061.62305 0.08668
15064.32715 0.06680
15067.00586 0.06953
15069.71094 0.05778
15072.40039 0.09011
15075.08984 0.07115
15077.78027 0.07770
15080.47949 0.08583
15083.16992 0.07959
15085.86035 0.06057
15088.55273 0.07712
15091.24414 0.07928
15093.92969 0.08409
15096.62305 0.08147
15099.31641 0.06629
15102.01074 0.06889
15104.71387 0.07683
15107.40039 0.09044
15110.07910 0.07690
15112.77637 0.07166
15115.47266 0.08061
15118.16992 0.07391
15120.85059 0.07371
15123.54004 0.06315
15126.23926 0.08617
15128.92969 0.07083
15131.62891 0.06617
15134.31250 0.08072
15137.01367 0.05328
15139.68945 0.05409
15142.39062 0.07706
15145.08398 0.05996
15147.78613 0.07390
15150.47363 0.08526
15153.16016 0.06270
15155.83887 0.07429
15158.54297 0.07723
15161.24023 0.06420
15163.92773 0.08156
15166.61719 0.09579
15169.31445 0.06756
15171.99707 0.07285
15174.68652 0.09600
15177.39453 0.08309
15180.07812 0.07345
15182.77051 0.08182
15185.46191 0.08720
15188.14648 0.05630
15190.84863 0.07665
15193.54199 0.06376
15196.21973 0.06248
15198.92383 0.07395
15201.61816 0.05575
15204.31445 0.08714
15206.99414 0.07030
15209.69141 0.08133
15212.37988 0.06786
15215.07812 0.08186
15217.75977 0.05739
15220.46582 0.07872
15223.14844 0.07437
15225.83984 0.04894
15228.53125 0.09216
15231.23145 0.05522
15233.92480 0.05835
15236.61035 0.08035
15239.30371 0.07852
15242.00586 0.08734
15244.69141 0.08056
15247.37793 0.09296
15250.06543 0.06382
15252.76172 0.07662
15255.45020 0.05894
15258.14746 0.05988
15260.83496 0.08680
15263.53320 0.07769
15266.22266 0.07654
15268.92285 0.08498
15271.60547 0.08223
15274.30566 0.06394
15276.98828 0.09390
15279.68066 0.09998
15282.38184 0.08111
15285.05859 0.08396
15287.75977 0.07192
15290.45508 0.07414
15293.14160 0.08071
15295.82812 0.06387
15298.51465 0.06134
15301.21973 0.07215
15303.90039 0.06830
15306.60547 0.07929
15309.29492 0.05902
15311.99316 0.06523
15314.68262 0.09373
15317.37305 0.07381
15320.07324 0.08215
15322.76465 0.05728
15325.44043 0.08040
15328.13184 0.06623
15330.82520 0.06800
15333.51855 0.07463
15336.20410 0.07240
15338.89844 0.08277
15341.59277 0.08398
15344.28027 0.07464
15346.97559 0.08456
15349.67285 0.07344
15352.36914 0.07908
15355.05859 0.07799
15357.74805 0.07803
15360.44629 0.06997
15363.12793 0.08413
15365.81836 0.06472
15368.51855 0.07041
15371.20117 0.06525
15373.90039 0.05005
15376.60254 0.07874
15379.28711 0.07853
15381.98047 0.06210
15384.66602 0.06747
15387.36914 0.08189
15390.05566 0.08900
15392.75879 0.06282
15395.44727 0.06805
15398.12598 0.07885
15400.83105 0.06637
15403.51172 0.06949
15406.20020 0.08710
15408.89160 0.07970
15411.59766 0.06591
15414.28809 0.08150
15416.98047 0.09670
15419.67285 0.07707
15422.35547 0.10090
15425.04883 0.06826
15427.74219 0.07987
15430.43555 0.08826
15433.12793 0.06034
15435.82324 0.06134
15438.50195 0.08975
15441.19629 0.09350
15443.89258 0.07204
15446.58789 0.06030
15449.26855 0.10512
15451.96582 0.07804
15454.66406 0.07388
15457.36133 0.06755
15460.04395 0.08307
15462.74316 0.07543
15465.42578 0.09259
15468.12500 0.09255
15470.81738 0.08565
15473.51855 0.06133
15476.20410 0.10144
15478.88770 0.10050
15481.59082 0.08144
15484.27734 0.07663
15486.96289 0.06831
15489.65820 0.07332
15492.34570 0.08044
15495.03320 0.07009
15497.73047 0.08284
15500.41895 0.10283
15503.10840 0.07865
15505.79883 0.10208
15508.48828 0.10351
15511.17871 0.08195
15513.87891 0.08675
15516.57031 0.08522
15519.26270 0.08353
15521.95410 0.07358
15524.64746 0.08152
15527.34082 0.09454
15530.04395 0.06856
15532.72852 0.06974
15535.42383 0.08530
15538.11914 0.08081
15540.80664 0.08209
15543.50195 0.06715
15546.19922 0.06631
15548.87988 0.08984
15551.58594 0.06530
15554.26562 0.05614
15556.96484 0.07505
15559.65527 0.06495
15562.33789 0.04748
15565.03809 0.07440
15567.72949 0.08484
15570.41406 0.07684
15573.11523 0.07861
15575.80859 0.07380
15578.49414 0.06761
15581.17969 0.08080
15583.87402 0.10831
15586.57812 0.06892
15589.26465 0.07251
15591.95996 0.08204
15594.64844 0.09343
15597.33691 0.09788
15600.03320 0.09894
15602.72266 0.07198
15605.42188 0.08710
15608.09473 0.09524
15610.79492 0.08497
15613.48535 0.06288
15616.17773 0.07210
15618.87793 0.06825
15621.55371 0.05795
15624.25488 0.10427
15626.95703 0.08377
15629.64258 0.05502
15632.33789 0.09719
15635.02246 0.09629
15637.71875 0.08555
15640.40527 0.07131
15643.10254 0.05625
15645.79102 0.08054
15648.48828 0.07761
15651.17773 0.06780
15653.85742 0.07029
15656.56543 0.07702
15659.24707 0.06551
15661.93848 0.09088
15664.62891 0.09842
15667.33008 0.07872
15670.02246 0.06381
15672.71582 0.07070
15675.40918 0.06344
15678.10254 0.08081
15680.78809 0.07175
15683.48242 0.07828
15686.16895 0.08998
15688.86523 0.07540
15691.56055 0.07405
15694.24902 0.08475
15696.94531 0.08755
15699.62500 0.07506
15702.31445 0.06254
15705.02246 0.07893
15707.72070 0.07402
15710.39453 0.12002
15713.09375 0.08913
15715.79395 0.09819
15718.46875 0.08530
15721.16992 0.08792
15723.85449 0.06901
15726.55664 0.08484
15729.23242 0.09754
15731.93652 0.08272
15734.63086 0.09046
15737.32617 0.07173
15740.01367 0.06350
15742.70020 0.09678
15745.38867 0.09173
15748.09473 0.09024
15750.77539 0.07033
15753.46484 0.07819
15756.15430 0.06699
15758.84473 0.10999
15761.56152 0.06941
15764.24414 0.07168
15766.93555 0.06600
15769.62793 0.10009
15772.32031 0.07070
15775.01367 0.08888
15777.70703 0.06868
15780.38281 0.08077
15783.07812 0.09431
15785.77344 0.09902
15788.46875 0.06947
15791.16406 0.10393
15793.84277 0.07184
15796.54004 0.07616
15799.23730 0.10240
15801.93457 0.08839
15804.61621 0.08797
15807.32227 0.07313
15810.00391 0.07559
15812.69629 0.06941
15815.38672 0.09699
15818.07910 0.09110
15820.76172 0.08708
15823.46387 0.07991
15826.15625 0.07018
15828.84180 0.08026
15831.54395 0.08160
15834.22949 0.10768
15836.91602 0.08941
15839.60254 0.08731
15842.30762 0.06336
15845.00391 0.08259
15847.69141 0.09209
15850.37988 0.09030
15853.07812 0.06888
15855.76758 0.07365
15858.45703 0.08892
15861.14746 0.07842
15863.84766 0.07710
15866.53809 0.07303
15869.23047 0.07537
15871.92188 0.10340
15874.61523 0.06662
15877.29004 0.06747
15879.99316 0.07958
15882.69531 0.07081
15885.38965 0.07302
15888.06738 0.06478
15890.76367 0.08754
15893.45898 0.06460
15896.14746 0.08497
15898.84375 0.08666
15901.53125 0.09325
15904.22949 0.09233
15906.91016 0.08490
15909.60840 0.07723
15912.29883 0.08202
15914.99023 0.06691
15917.68945 0.07506
15920.37305 0.09479
15923.05664 0.09325
15925.75781 0.07700
15928.45898 0.09776
15931.14453 0.08044
15933.83008 0.07086
15936.52344 0.05467
15939.22656 0.10059
15941.92285 0.08483
15944.60938 0.07733
15947.29785 0.08260
15949.99316 0.06959
15952.68262 0.09014
15955.37109 0.08881
15958.06055 0.07368
15960.75000 0.10467
15963.44043 0.07806
15966.14062 0.06818
15968.83984 0.06647
15971.51367 0.07383
15974.21484 0.05619
15976.90723 0.07128
15979.59082 0.05656
15982.29297 0.06472
15984.98633 0.06192
15987.67188 0.07537
15990.36621 0.09988
15993.04590 0.08176
15995.75879 0.07547
15998.43652 0.06603
16001.14258 0.07904
16003.82129 0.07394
16006.51074 0.07725
16009.21680 0.06383
16011.89746 0.06445
16014.58789 0.08999
16017.28613 0.06145
16019.98633 0.08074
16022.66895 0.08808
16025.36133 0.08426
16028.04395 0.07100
16030.75391 0.09331
16033.43066 0.09007
16036.14258 0.08433
16038.82715 0.08155
16041.52246 0.08234
16044.21680 0.09875
16046.89453 0.07946
16049.58105 0.10422
16052.27832 0.07643
16054.96582 0.10158
16057.67188 0.07351
16060.36035 0.09834
16063.04102 0.10041
16065.73926 0.06243
16068.43945 0.09883
16071.12109 0.08227
16073.81152 0.09101
16076.51270 0.08370
16079.20508 0.09002
16081.89648 0.08132
16084.58105 0.08714
16087.27441 0.06347
16089.96875 0.07879
16092.67090 0.07986
16095.34863 0.09202
16098.03516 0.07856
16100.74805 0.07033
16103.42676 0.07740
16106.11426 0.09824
16108.82031 0.08140
16111.50879 0.09787
16114.19727 0.07332
16116.88672 0.07381
16119.57812 0.08135
16122.26855 0.08755
16124.95898 0.08142
16127.64941 0.09947
16130.35059 0.05662
16133.03320 0.09952
16135.72656 0.08902
16138.41992 0.06689
16141.12305 0.09989
16143.80664 0.08984
16146.50098 0.09130
16149.19727 0.07696
16151.88281 0.09025
16154.57910 0.11241
16157.26660 0.08472
16159.97168 0.07738
16162.65234 0.07477
16165.34961 0.07883
16168.03906 0.08234
16170.72754 0.10272
16173.42676 0.06414
16176.10840 0.10539
16178.81738 0.08251
16181.50000 0.07993
16184.18262 0.07752
16186.87500 0.07424
16189.56738 0.08485
16192.27051 0.06356
16194.95410 0.06565
16197.64941 0.08007
16200.33398 0.06442
16203.03809 0.07435
16205.72461 0.08248
16208.42090 0.07321
16211.10742 0.08345
16213.79590 0.06882
16216.49316 0.07518
16219.18262 0.06654
16221.87207 0.08603
16224.57031 0.08819
16227.25195 0.09145
16229.94238 0.09149
16232.64258 0.08908
16235.33301 0.08131
16238.02441 0.10828
16240.71680 0.09410
16243.41895 0.06796
16246.09375 0.06521
16248.78906 0.10173
16251.49121 0.08930
16254.17676 0.09574
16256.87305 0.07632
16259.56738 0.08817
16262.25391 0.08436
16264.95117 0.07236
16267.63965 0.07651
16270.33691 0.08052
16273.01562 0.09584
16275.72266 0.07913
16278.40332 0.09867
16281.10352 0.08493
16283.79395 0.07229
16286.47559 0.07146
16289.17480 0.08300
16291.87598 0.08769
16294.56055 0.08843
16297.24316 0.10335
16299.95508 0.08355
16302.64062 0.04894
16305.32422 0.09454
16308.02832 0.09277
16310.71484 0.07854
16313.40039 0.07283
16316.09570 0.09056
16318.78418 0.07536
16321.47266 0.09651
16324.17871 0.06336
16326.86621 0.08674
16329.55566 0.08010
16332.25488 0.09784
16334.93652 0.06704
16337.62500 0.07570
16340.32617 0.06037
16343.01758 0.09343
16345.70898 0.10719
16348.40137 0.07989
16351.09473 0.08106
16353.77832 0.06898
16356.48145 0.10512
16359.15723 0.07805
16361.85938 0.07679
16364.55566 0.10126
16367.24121 0.07820
16369.92773 0.08215
16372.62500 0.05420
16375.32129 0.09683
16378.01855 0.07023
16380.69824 0.09205
16383.39551 0.07793
16386.09375 0.09949
16388.77539 0.07452
16391.47461 0.09310
16394.15625 0.09212
16396.85742 0.09723
16399.55859 0.06935
16402.24023 0.10339
16404.94141 0.09136
16407.62695 0.08193
16410.31055 0.06823
16413.01367 0.09747
16415.69922 0.08037
16418.40234 0.07384
16421.08789 0.06523
16423.76562 0.07301
16426.46289 0.07480
16429.16016 0.08899
16431.84766 0.07407
16434.54492 0.09491
16437.24219 0.06828
16439.92383 0.08306
16442.62109 0.06657
16445.31055 0.09469
16448.00195 0.10554
16450.69336 0.10882
16453.38477 0.08777
16456.07617 0.09229
16458.75977 0.08619
16461.46094 0.09006
16464.14648 0.10537
16466.84766 0.10171
16469.53320 0.05800
16472.22852 0.09335
16474.92383 0.09654
16477.60938 0.09545
16480.31445 0.07071
16483.00195 0.09656
16485.68945 0.07513
16488.37695 0.06410
16491.06641 0.06363
16493.77344 0.07511
16496.46289 0.09781
16499.15430 0.07212
16501.84375 0.10663
16504.53516 0.06443
16507.22461 0.08403
16509.91797 0.09107
16512.61914 0.06919
16515.30078 0.06845
16518.00391 0.09205
16520.68750 0.08857
16523.36328 0.06788
16526.06836 0.07960
16528.76172 0.07830
16531.45703 0.05604
16534.15234 0.09396
16536.83984 0.07955
16539.52734 0.06009
16542.22461 0.07190
16544.91211 0.04562
16547.60938 0.07105
16550.29102 0.08130
16552.98828 0.07883
16555.67969 0.09815
16558.37891 0.07567
16561.06055 0.09552
16563.76172 0.08258
16566.44336 0.07455
16569.14453 0.08662
16571.82812 0.08974
16574.52148 0.09526
16577.22461 0.09880
16579.91797 0.09106
16582.60352 0.07972
16585.28906 0.08724
16587.97461 0.08852
16590.67969 0.07563
16593.37695 0.09593
16596.06445 0.07121
16598.75977 0.09790
16601.44141 0.08018
16604.13867 0.08605
16606.82812 0.07371
16609.52539 0.07844
16612.21680 0.09089
16614.91602 0.07795
16617.60742 0.08401
16620.29883 0.09626
16622.97266 0.07082
16625.66406 0.09420
16628.36523 0.06793
16631.05859 0.07043
16633.74414 0.07266
16636.43750 0.09031
16639.14062 0.08675
16641.81836 0.07618
16644.52344 0.07053
16647.20117 0.07047
16649.90625 0.07324
16652.60156 0.07675
16655.28906 0.07877
16657.98828 0.09227
16660.67578 0.06534
16663.35547 0.08944
16666.06445 0.09381
16668.74609 0.08127
16671.43555 0.07378
16674.13672 0.09382
16676.82812 0.06954
16679.50977 0.08273
16682.20312 0.07240
16684.90430 0.09336
16687.58789 0.09279
16690.28320 0.08891
16692.96680 0.09807
16695.66211 0.05458
16698.34570 0.09183
16701.04297 0.08264
16703.72852 0.07581
16706.42578 0.08490
16709.11133 0.09515
16711.81836 0.09348
16714.50781 0.07542
16717.20508 0.06532
16719.89453 0.09311
16722.59375 0.08791
16725.27344 0.09216
16727.96484 0.10647
16730.66406 0.10139
16733.35547 0.07127
16736.04688 0.07673
16738.74023 0.08924
16741.44141 0.07571
16744.11719 0.05745
16746.81836 0.08119
16749.50391 0.11026
16752.20703 0.08422
16754.88281 0.09240
16757.58789 0.08474
16760.26562 0.08806
16762.96289 0.10637
16765.65820 0.07026
16768.34570 0.08746
16771.04297 0.08739
16773.74219 0.10537
16776.42188 0.08835
16779.11133 0.08266
16781.81055 0.07861
16784.50977 0.08542
16787.19141 0.09703
16789.88086 0.10040
16792.57422 0.09524
16795.26562 0.08039
16797.95898 0.11150
16800.64258 0.11436
16803.34570 0.08244
16806.02930 0.08302
16808.72461 0.08495
16811.41797 0.07616
16814.11328 0.09331
16816.80078 0.10441
16819.50586 0.08497
16822.19141 0.09951
16824.87109 0.10275
16827.57812 0.09535
16830.26562 0.09397
16832.96484 0.09325
16835.64453 0.10566
16838.34180 0.10175
16841.03320 0.07312
16843.72461 0.07096
16846.41406 0.08009
16849.10742 0.08364
16851.79883 0.08867
16854.49023 0.08810
16857.19336 0.05806
16859.87500 0.08595
16862.58008 0.07817
16865.25391 0.07689
16867.94922 0.09594
16870.64453 0.09631
16873.33984 0.07373
16876.02734 0.09172
16878.73242 0.08152
16881.41992 0.08578
16884.10547 0.08458
16886.79492 0.07527
16889.48438 0.08614
16892.17383 0.09533
16894.87109 0.07842
16897.57227 0.07701
16900.25195 0.09766
16902.93359 0.07415
16905.65234 0.08003
16908.31641 0.07734
16911.01758 0.06999
16913.71875 0.07428
16916.40430 0.08413
16919.10547 0.06617
16921.79102 0.10769
16924.49414 0.10345
16927.16016 0.07684
16929.86523 0.10457
16932.57031 0.09456
16935.25586 0.06212
16937.94336 0.10278
16940.63086 0.09531
16943.33789 0.06890
16946.02539 0.09331
16948.71484 0.06852
16951.40430 0.10131
16954.09375 0.09157
16956.78320 0.08778
16959.49219 0.10139
16962.16406 0.08170
16964.85742 0.08948
16967.55859 0.07807
16970.25000 0.08271
16972.93164 0.09765
16975.63477 0.09228
16978.32812 0.07678
16981.00391 0.09590
16983.69922 0.07757
16986.41211 0.08421
16989.08789 0.09733
16991.78320 0.08842
16994.47070 0.07101
16997.16602 0.09610
16999.85547 0.07211
17002.54297 0.07882
17005.24023 0.07471
17007.92969 0.08565
17010.61914 0.08585
17013.31641 0.07792
17016.00781 0.09134
17018.70703 0.06172
17021.39844 0.07324
17024.08984 0.08862
17026.77148 0.08770
17029.46484 0.07050
17032.16602 0.07822
17034.86914 0.07896
17037.53516 0.08704
17040.23828 0.06998
17042.94141 0.07678
17045.61719 0.07656
17048.32227 0.07222
17051.00000 0.08032
17053.69531 0.08017
17056.38281 0.08829
17059.08008 0.09266
17061.76758 0.10914
17064.47461 0.07804
17067.15430 0.07459
17069.86133 0.08253
17072.55078 0.08382
17075.23242 0.07785
17077.93359 0.07612
17080.61328 0.08514
17083.30469 0.08060
17085.99609 0.08014
17088.69922 0.08282
17091.39062 0.08542
17094.08398 0.07554
17096.76953 0.07521
17099.46289 0.07900
17102.15625 0.08627
17104.84180 0.08793
17107.53711 0.09851
17110.23242 0.09373
17112.91992 0.10768
17115.61719 0.09568
17118.31445 0.08291
17121.00000 0.11517
17123.69922 0.07663
17126.38672 0.07784
17129.06641 0.06022
17131.76758 0.09810
17134.45703 0.07957
17137.15625 0.07882
17139.83789 0.10311
17142.52930 0.08098
17145.23047 0.07585
17147.91211 0.07621
17150.60547 0.08050
17153.29883 0.07584
17156.00195 0.08363
17158.67578 0.09027
17161.38086 0.07454
17164.06641 0.08886
17166.75977 0.08111
17169.44727 0.09002
17172.15234 0.06429
17174.83789 0.09123
17177.52734 0.07863
17180.23242 0.09233
17182.92188 0.07277
17185.59961 0.08529
17188.28906 0.07805
17190.99805 0.10723
17193.67773 0.09086
17196.37891 0.11012
17199.06836 0.07132
17201.75000 0.10171
17204.44141 0.07584
17207.13477 0.09557
17209.82617 0.07924
17212.51953 0.08469
17215.21094 0.07995
17217.90625 0.07517
17220.58984 0.07476
17223.29492 0.09305
17225.99023 0.08584
17228.67578 0.08460
17231.37109 0.10300
17234.06836 0.08536
17236.74414 0.07483
17239.44141 0.08289
17242.13867 0.06808
17244.82812 0.08712
17247.51758 0.07993
17250.21484 0.07484
17252.90625 0.07193
17255.59570 0.08349
17258.29492 0.08608
17260.97656 0.08519
17263.67773 0.08248
17266.36133 0.07015
17269.06250 0.07359
17271.75586 0.08940
17274.44727 0.06201
17277.13086 0.05569
17279.82617 0.05111
17282.52148 0.07417
17285.20508 0.08317
17287.90039 0.07445
17290.60547 0.10316
17293.28125 0.09566
17295.97852 0.06357
17298.66602 0.08579
17301.35352 0.07516
17304.04102 0.08885
17306.75000 0.08443
17309.44727 0.09087
17312.12891 0.08438
17314.82617 0.08294
17317.51758 0.09062
17320.21680 0.08919
17322.89844 0.08357
17325.59180 0.07681
17328.29297 0.10135
17330.95703 0.07829
17333.65820 0.07324
17336.35156 0.07889
17339.05469 0.09880
17341.73828 0.07158
17344.42383 0.10024
17347.11914 0.07017
17349.82422 0.08954
17352.50977 0.09274
17355.19531 0.08220
17357.89258 0.09377
17360.59961 0.08510
17363.26758 0.07438
17365.97656 0.07265
17368.65430 0.08602
17371.36328 0.05701
17374.03320 0.07060
17376.74219 0.08414
17379.43359 0.06775
17382.13281 0.08907
17384.81445 0.10744
17387.49805 0.06574
17390.20703 0.08291
17392.89062 0.06368
17395.57422 0.07047
17398.26758 0.05541
17400.97070 0.10813
17403.66406 0.07824
17406.33984 0.07731
17409.03516 0.09698
17411.73047 0.09050
17414.41602 0.08282
17417.10352 0.07350
17419.81836 0.09074
17422.50586 0.08091
17425.20312 0.08925
17427.89062 0.08624
17430.58008 0.07130
17433.25977 0.07942
17435.95898 0.08510
17438.64844 0.08687
17441.33984 0.09532
17444.03906 0.09260
17446.73047 0.07849
17449.43164 0.09262
17452.10547 0.07928
17454.79883 0.06875
17457.50000 0.07048
17460.18359 0.06183
17462.88672 0.08025
17465.57031 0.07946
17468.25586 0.09755
17470.96094 0.06944
17473.64648 0.06080
17476.34180 0.06243
17479.01953 0.06706
17481.72656 0.07151
17484.41211 0.05949
17487.10938 0.08410
17489.78906 0.07748
17492.49609 0.07539
17495.18555 0.06356
17497.87500 0.05946
17500.57422 0.08382
17503.25586 0.06826
17505.94531 0.08526
17508.63672 0.08451
17511.34766 0.06995
17514.03906 0.08717
17516.71289 0.07265
17519.40625 0.07789
17522.09961 0.06453
17524.79297 0.08087
17527.48633 0.09970
17530.16992 0.08776
17532.86719 0.09485
17535.56055 0.10784
17538.24805 0.08533
17540.94336 0.08104
17543.63086 0.09567
17546.32812 0.07535
17549.02539 0.08126
17551.72266 0.07889
17554.40039 0.07417
17557.09961 0.08340
17559.78906 0.08033
17562.48828 0.06453
17565.16992 0.06488
17567.86914 0.08373
17570.56055 0.08275
17573.24219 0.05094
17575.93359 0.06465
17578.63477 0.07238
17581.31836 0.06545
17584.02148 0.07434
17586.70508 0.06995
17589.40039 0.05189
17592.08398 0.07118
17594.78906 0.07318
17597.47461 0.08084
17600.17969 0.09054
17602.86523 0.08689
17605.54297 0.09309
17608.24805 0.07572
17610.93750 0.05881
17613.63477 0.07811
17616.32227 0.07514
17619.02930 0.08552
17621.70898 0.06982
17624.39844 0.08905
17627.08789 0.08407
17629.77930 0.08582
17632.47070 0.06732
17635.16211 0.08198
17637.84375 0.08781
17640.55469 0.06828
17643.23828 0.09893
17645.92969 0.07178
17648.63281 0.09965
17651.31836 0.09010
17654.00195 0.08973
17656.69727 0.09752
17659.39062 0.08351
17662.08594 0.05206
17664.78125 0.09178
17667.47852 0.05498
17670.16602 0.07022
17672.85156 0.08036
17675.54883 0.06556
17678.22852 0.11454
17680.92773 0.06739
17683.63477 0.05656
17686.31445 0.08316
17689.01367 0.09369
17691.68359 0.07659
17694.38477 0.07017
17697.08594 0.07030
17699.77539 0.06848
17702.45898 0.08150
17705.16016 0.09696
17707.85352 0.09505
17710.54688 0.05052
17713.22852 0.07535
17715.91406 0.10321
17718.61719 0.08391
17721.31250 0.07628
17723.99805 0.07570
17726.70312 0.06344
17729.39844 0.06877
17732.07617 0.06190
17734.76172 0.07552
17737.44922 0.06641
17740.14844 0.07763
17742.85547 0.09323
17745.54297 0.06886
17748.24219 0.05635
17750.93164 0.08312
17753.62109 0.08060
17756.31055 0.08358
17759.00195 0.08474
17761.69336 0.08286
17764.37500 0.07866
17767.06641 0.07325
17769.75977 0.07541
17772.46289 0.06516
17775.15430 0.08639
17777.84766 0.08844
17780.52148 0.05954
17783.21680 0.10154
17785.91992 0.09356
17788.61719 0.06581
17791.30273 0.08848
17793.99805 0.07288
17796.69336 0.09250
17799.38086 0.05221
17802.07812 0.07710
17804.75586 0.06682
17807.45312 0.08051
17810.13281 0.09497
17812.84180 0.06311
17815.52148 0.05907
17818.23047 0.06487
17820.91016 0.09930
17823.62109 0.06110
17826.30273 0.07783
17828.99414 0.08445
17831.67578 0.09726
17834.37695 0.08287
17837.06055 0.07460
17839.75391 0.08950
17842.45703 0.06974
17845.15039 0.07295
17847.83398 0.06795
17850.52930 0.06631
17853.21484 0.06205
17855.91016 0.07858
17858.59570 0.07974
17861.29297 0.06428
17863.98047 0.06358
17866.66602 0.07983
17869.36523 0.09842
17872.05273 0.06008
17874.75000 0.07718
17877.43945 0.06262
17880.14062 0.06862
17882.83008 0.04565
17885.52930 0.06491
17888.21875 0.06370
17890.90039 0.09575
17893.60156 0.06096
17896.29297 0.07627
17898.99609 0.06424
17901.67773 0.06482
17904.36133 0.06619
17907.06445 0.07875
17909.73828 0.06639
17912.44141 0.07895
17915.12695 0.06968
17917.82227 0.09190
17920.50781 0.06703
17923.21484 0.08835
17925.89062 0.10193
17928.59766 0.09239
17931.28320 0.05115
17933.98242 0.05759
17936.66992 0.07731
17939.35742 0.07871
17942.05664 0.06783
17944.74609 0.07350
17947.43555 0.07182
17950.13477 0.07868
17952.81445 0.06428
17955.50586 0.09048
17958.19727 0.09303
17960.89062 0.07336
17963.59180 0.07130
17966.28320 0.10471
17968.97656 0.06868
17971.66992 0.09093
17974.35352 0.08988
17977.04688 0.05476
17979.74219 0.07898
17982.43555 0.07930
17985.12109 0.09146
17987.81836 0.07820
17990.51367 0.07024
17993.21094 0.06176
17995.90625 0.07580
17998.58398 0.07942
18001.27148 0.05431
18003.97070 0.06481
18006.66992 0.07749
18009.36719 0.06432
18012.04883 0.08348
18014.73828 0.09262
18017.42773 0.07033
18020.10742 0.08031
18022.80859 0.08314
18025.50977 0.08463
18028.19141 0.07791
18030.89453 0.03847
18033.57812 0.05959
18036.27148 0.08707
18038.95312 0.08095
18041.65820 0.07545
18044.34180 0.08256
18047.04688 0.06644
18049.73242 0.08845
18052.41797 0.08382
18055.12305 0.09240
18057.80859 0.06941
18060.49609 0.05948
18063.19336 0.06096
18065.87891 0.06570
18068.56836 0.08311
18071.25781 0.07833
18073.96484 0.07268
18076.65430 0.07313
18079.34375 0.06687
18082.03516 0.06939
18084.72461 0.06754
18087.41406 0.05503
18090.10547 0.05875
18092.79688 0.09604
18095.48828 0.05093
18098.18164 0.04907
18100.87500 0.07654
18103.56836 0.06559
18106.26172 0.05918
18108.95508 0.06929
18111.64844 0.07383
18114.34375 0.05078
18117.01953 0.05966
18119.71484 0.07272
18122.41016 0.05656
18125.10742 0.06784
18127.79492 0.06681
18130.49219 0.05503
18133.18945 0.05657
18135.86523 0.07881
18138.56445 0.07499
18141.26367 0.06676
18143.94336 0.06922
18146.64258 0.07475
18149.32227 0.06838
18152.02344 0.06283
18154.71289 0.08804
18157.41406 0.10276
18160.09570 0.07446
18162.79688 0.07870
18165.48047 0.04933
18168.16406 0.07565
18170.86719 0.08281
18173.54883 0.07921
18176.24414 0.07747
18178.94727 0.06051
18181.64258 0.04573
18184.32812 0.08982
18187.01367 0.08456
18189.72070 0.06503
18192.41602 0.09086
18195.10352 0.08663
18197.79102 0.06059
18200.47656 0.07715
18203.17578 0.06141
18205.86328 0.05412
18208.55273 0.07118
18211.26172 0.05334
18213.93164 0.05168
18216.63281 0.06574
18219.32227 0.05775
18222.01172 0.06946
18224.70312 0.06446
18227.40430 0.06624
18230.09766 0.06495
18232.78906 0.05845
18235.46289 0.06355
18238.16602 0.06572
18240.85938 0.07062
18243.55273 0.07900
18246.24805 0.06220
18248.93164 0.07340
18251.63672 0.07161
18254.33203 0.08673
18257.01758 0.07879
18259.71484 0.09157
18262.39258 0.06927
18265.09766 0.09482
18267.77539 0.08966
18270.47461 0.05513
18273.16211 0.07981
18275.86133 0.07814
18278.53906 0.06788
18281.24805 0.07348
18283.92969 0.07486
18286.61914 0.07176
18289.32031 0.06346
18292.00000 0.05975
18294.69336 0.04913
18297.39453 0.06740
18300.08594 0.08150
18302.77930 0.06534
18305.46289 0.08116
18308.16602 0.07105
18310.85938 0.07461
18313.54297 0.07789
18316.23828 0.07029
18318.92383 0.09418
18321.61914 0.05707
18324.30469 0.06453
18327.00000 0.06981
18329.68750 0.05385
18332.38477 0.04794
18335.08203 0.08575
18337.76758 0.07442
18340.46680 0.07746
18343.15625 0.04762
18345.85547 0.06372
18348.54492 0.07527
18351.24414 0.06577
18353.91406 0.06432
18356.61328 0.07435
18359.30469 0.05058
18362.00586 0.06013
18364.67773 0.07752
18367.38086 0.06051
18370.08203 0.07133
18372.76562 0.08532
18375.45898 0.05147
18378.16211 0.05515
18380.84570 0.06320
18383.53906 0.06523
18386.22461 0.07272
18388.91992 0.06480
18391.60547 0.06713
18394.30273 0.06691
18396.99805 0.07629
18399.69531 0.08372
18402.38281 0.06621
18405.06836 0.07517
18407.76758 0.05622
18410.45508 0.07729
18413.15430 0.05823
18415.84375 0.05929
18418.53320 0.04818
18421.21289 0.07848
18423.91211 0.05672
18426.61328 0.06450
18429.30469 0.05514
18431.99609 0.03499
18434.67773 0.06220
18437.37109 0.05402
18440.06250 0.04235
18442.74414 0.06062
18445.43750 0.05952
18448.15234 0.06536
18450.82617 0.06437
18453.52148 0.04964
18456.21680 0.05242
18458.90039 0.09046
18461.59766 0.05841
18464.29297 0.05008
18466.99023 0.03320
18469.67578 0.07399
18472.38477 0.08416
18475.08203 0.05576
18477.75000 0.06269
18480.44727 0.04477
18483.14648 0.06529
18485.83594 0.04191
18488.51562 0.07363
18491.21484 0.05081
18493.92578 0.04721
18496.60742 0.06467
18499.29688 0.05710
18501.97852 0.06943
18504.67969 0.05185
18507.36328 0.05853
18510.05469 0.03809
18512.74805 0.06495
18515.45117 0.06041
18518.13672 0.03853
18520.83984 0.06723
18523.51562 0.05921
18526.19922 0.05713
18528.90430 0.05696
18531.59180 0.06209
18534.28711 0.06436
18536.99414 0.06957
18539.66992 0.06237
18542.35742 0.05605
18545.04492 0.04694
18547.75391 0.06524
18550.44141 0.07923
18553.14062 0.05391
18555.83008 0.05960
18558.50781 0.07567
18561.19922 0.06205
18563.88867 0.06083
18566.57812 0.06049
18569.28125 0.06667
18571.97266 0.07948
18574.66406 0.05905
18577.35547 0.05823
18580.04883 0.05294
18582.74023 0.05118
18585.42578 0.05440
18588.12891 0.06606
18590.82422 0.06891
18593.51758 0.05109
18596.21289 0.06241
18598.88672 0.05471
18601.58398 0.05463
18604.29102 0.05747
18606.96680 0.06139
18609.66211 0.06851
18612.35938 0.07540
18615.05859 0.05493
18617.73633 0.04256
18620.44531 0.04347
18623.12305 0.04874
18625.82227 0.03575
18628.50000 0.05692
18631.20117 0.06442
18633.88086 0.05616
18636.59180 0.04413
18639.27344 0.04045
18641.97461 0.06951
18644.65625 0.05324
18647.35742 0.05018
18650.04102 0.05147
18652.73438 0.06173
18655.43555 0.04289
18658.12109 0.06306
18660.80469 0.05923
18663.48828 0.06835
18666.19336 0.04141
18668.88867 0.05824
18671.58398 0.04410
18674.26953 0.06722
18676.95703 0.04521
18679.66211 0.06879
18682.35938 0.06962
18685.04883 0.02625
18687.73633 0.05701
18690.42383 0.05699
18693.11133 0.05881
18695.81055 0.03528
18698.50977 0.06298
18701.19922 0.05677
18703.89062 0.06440
18706.58203 0.05203
18709.26172 0.06038
18711.95117 0.06515
18714.65430 0.04495
18717.34570 0.07118
18720.03906 0.05954
18722.73242 0.04377
18725.41406 0.04749
18728.10742 0.03211
18730.81250 0.04598
18733.48438 0.05843
18736.19141 0.03750
18738.88672 0.05119
18741.56055 0.02766
18744.26562 0.03472
18746.94336 0.04385
18749.64844 0.06692
18752.34570 0.06075
18755.03320 0.05303
18757.73242 0.04664
18760.40820 0.06823
18763.11719 0.04515
18765.79492 0.04982
18768.48438 0.05679
18771.18555 0.06532
18773.86328 0.07119
18776.56445 0.06027
18779.26562 0.07366
18781.94531 0.05725
18784.62695 0.07439
18787.34961 0.06567
18790.03125 0.05486
18792.71484 0.05909
18795.40820 0.06100
18798.10938 0.05997
18800.80469 0.02872
18803.48633 0.04335
18806.18164 0.04432
18808.86719 0.04160
18811.56250 0.06708
18814.25781 0.05792
18816.94336 0.06721
18819.63867 0.06626
18822.32617 0.04967
18825.02344 0.01738
18827.72070 0.04807
18830.40820 0.05534
18833.09570 0.04143
18835.80469 0.06095
18838.47266 0.03364
18841.17188 0.04503
18843.86133 0.03351
18846.56250 0.05513
18849.26367 0.04178
18851.93164 0.03951
18854.62305 0.04156
18857.33594 0.04323
18860.02734 0.06098
18862.70898 0.04865
18865.40234 0.06261
18868.09570 0.03837
18870.78711 0.07207
18873.48047 0.03680
18876.16602 0.04106
18878.87109 0.05050
18881.55469 0.03329
18884.25000 0.06064
18886.93555 0.04642
18889.63281 0.04194
18892.32812 0.06685
18895.00391 0.05846
18897.71094 0.05058
18900.39844 0.06248
18903.08594 0.05785
18905.78516 0.04610
18908.47266 0.02598
18911.16211 0.05063
18913.87109 0.04274
18916.55078 0.04241
18919.24023 0.06317
18921.92969 0.05136
18924.62109 0.03682
18927.32227 0.06087
18930.01367 0.04535
18932.70703 0.04712
18935.39844 0.05463
18938.08984 0.04003
18940.77344 0.04463
18943.47656 0.02730
18946.16016 0.04279
18948.85352 0.04385
18951.54883 0.03803
18954.24414 0.03732
18956.93750 0.04802
18959.62305 0.04845
18962.33008 0.02340
18964.99609 0.04537
18967.69141 0.01712
18970.38867 0.04271
18973.08594 0.02868
18975.78516 0.03670
18978.46289 0.04886
18981.16016 0.03325
18983.85938 0.05193
18986.52734 0.04230
18989.22656 0.05205
18991.93750 0.04989
18994.60742 0.04350
18997.30859 0.04441
19000.00977 0.06227
19002.69141 0.03662
19005.39258 0.07664
19008.07422 0.06831
19010.77734 0.04887
19013.45898 0.05945
19016.16211 0.04292
19018.84570 0.04168
19021.52930 0.05209
19024.23438 0.05819
19026.91797 0.04188
19029.60352 0.04870
19032.30859 0.03934
19034.99414 0.03090
19037.69141 0.01908
19040.38867 0.05521
19043.07422 0.04179
19045.76172 0.03206
19048.45898 0.03115
19051.13672 0.02412
19053.84570 0.02262
19056.54297 0.01818
19059.22266 0.04060
19061.91211 0.04271
19064.61133 0.05465
19067.30078 0.04876
19069.99219 0.02298
19072.67188 0.04963
19075.37305 0.03181
19078.06445 0.02786
19080.75781 0.05209
19083.45898 0.02382
19086.14258 0.03722
19088.83398 0.04805
19091.53906 0.04099
19094.21094 0.03485
19096.90625 0.02308
19099.61133 0.03125
19102.29492 0.02324
19104.99023 0.04813
19107.67578 0.04001
19110.37109 0.04325
19113.06836 0.06919
19115.74414 0.05806
19118.45117 0.04173
19121.13867 0.03116
19123.81641 0.01272
19126.52539 0.04570
19129.22266 0.03010
19131.90039 0.04638
19134.61133 0.06045
19137.29102 0.03654
19139.99023 0.05218
19142.67969 0.03124
19145.38086 0.04798
19148.06250 0.03339
19150.75195 0.04366
19153.44531 0.03412
19156.12695 0.03140
19158.81836 0.03599
19161.52148 0.03512
19164.20508 0.02901
19166.89844 0.01671
19169.60156 0.02360
19172.28516 0.04830
19174.98047 0.04972
19177.66602 0.05654
19180.34961 0.04051
19183.06641 0.04081
19185.75195 0.02177
19188.43945 0.01170
19191.13477 0.04278
19193.82227 0.02015
19196.50977 0.03789
19199.20703 0.02283
19201.89453 0.06462
19204.58203 0.01857
19207.28320 0.04430
19209.97266 0.02569
19212.66211 0.04315
19215.36133 0.03634
19218.05273 0.03913
19220.75195 0.03924
19223.42383 0.03435
19226.11328 0.04014
19228.81641 0.04923
19231.51758 0.04256
19234.21094 0.04782
19236.89258 0.03193
19239.58594 0.03080
19242.27930 0.02315
19244.98438 0.03886
19247.65820 0.02010
19250.35156 0.03839
19253.03516 0.01851
19255.73242 0.03187
19258.43750 0.04215
19261.12305 0.02344
19263.82031 0.03989
19266.50586 0.01619
19269.20312 0.01951
19271.88086 0.00447
19274.58789 0.03187
19277.26562 0.03525
19279.96484 0.01145
19282.66406 0.02610
19285.34180 0.03479
19288.05273 0.04420
19290.73242 0.04492
19293.41211 0.04898
19296.12305 0.02892
19298.81445 0.04346
19301.49609 0.03191
19304.18555 0.03379
19306.88867 0.02674
19309.58203 0.04147
19312.27344 0.01328
19314.95703 0.02985
19317.65039 0.03788
19320.33398 0.02876
19323.02734 0.01135
19325.74219 0.04384
19328.42773 0.04530
19331.12305 0.02602
19333.80859 0.02725
19336.50391 0.02048
19339.20117 0.02082
19341.88672 0.01069
19344.57422 0.02528
19347.25977 0.03737
19349.94922 0.05188
19352.64648 0.03162
19355.34570 0.00143
19358.03320 0.01181
19360.73438 0.03428
19363.41211 0.01741
19366.11133 0.01564
19368.80078 0.03737
19371.49219 0.02255
19374.18359 0.02726
19376.87500 0.03809
19379.57617 0.04827
19382.25781 0.01437
19384.94922 0.02421
19387.65234 0.02833
19390.33594 0.02470
19393.03906 0.02537
19395.71289 0.01753
19398.41797 0.02796
19401.09961 0.03330
19403.79492 0.01553
19406.49023 0.03417
19409.18555 0.03372
19411.87109 0.03025
19414.57812 0.04340
19417.25391 0.04280
19419.95117 0.01226
19422.64844 0.00267
19425.32617 0.03241
19428.02344 0.01203
19430.72070 0.03001
19433.41992 0.04049
19436.09766 0.03644
19438.78711 0.02344
19441.49805 0.02402
19444.17773 0.01938
19446.87891 0.02470
19449.55859 0.01576
19452.25977 0.00381
19454.93945 0.00967
19457.63086 0.02227
19460.32422 0.00109
19463.01758 0.00188
19465.70898 0.02014
19468.40234 0.01510
19471.09570 0.00488
19473.77734 0.02088
19476.47266 0.00675
19479.16797 0.00475
19481.86133 0.02150
19484.55859 0.00649
19487.25391 0.02892
19489.93945 0.02875
19492.64648 0.02921
19495.31055 0.02559
19498.01953 0.02566
19500.70508 0.02031
19503.41406 0.01355
19506.09180 0.01720
19508.77930 0.02697
19511.47852 0.02544
19514.15625 0.02980
19516.86719 0.04769
19519.55664 0.02577
19522.24609 0.02562
19524.93555 0.03337
19527.62695 0.00979
19530.31836 0.00746
19533.00000 -0.02771
19535.71289 0.00401
19538.38281 0.03353
19541.09570 0.01461
19543.76758 0.01877
19546.48242 0.01788
19549.16602 0.00024
19551.87109 -0.00336
19554.55273 -0.00710
19557.22656 -0.00049
19559.94336 0.00476
19562.62891 0.00767
19565.31250 0.01813
19567.99805 0.00657
19570.70703 0.01785
19573.39258 0.01485
19576.08984 0.01081
19578.77539 0.01242
19581.45117 0.02156
19584.17383 -0.00842
19586.84961 0.00819
19589.54883 0.02394
19592.23633 0.00787
19594.93750 0.01886
19597.61523 0.01476
19600.31641 0.00649
19603.00781 0.02215
19605.69922 0.02530
19608.38867 0.02405
19611.09180 0.00761
19613.77148 0.00230
19616.46289 0.01985
19619.16797 0.02872
19621.83789 0.00918
19624.53125 0.01623
19627.22461 0.02545
19629.92969 0.01626
19632.61328 -0.00367
19635.31836 0.00964
19637.99219 0.01875
19640.69727 0.00927
19643.38281 0.01925
19646.06836 0.00215
19648.76562 -0.00848
19651.47266 0.00083
19654.14844 0.02611
19656.83594 -0.01610
19659.54492 0.01187
19662.22070 0.02888
19664.93164 0.00334
19667.60938 0.02449
19670.30664 -0.00560
19672.98633 -0.01789
19675.69727 0.00768
19678.37500 0.00652
19681.07617 0.02342
19683.75586 0.01083
19686.44727 0.00880
19689.15039 0.00139
19691.83984 0.02301
19694.52148 0.00729
19697.23633 -0.01007
19699.90625 0.00322
19702.59961 0.02546
19705.30469 0.01157
19707.99805 0.01667
19710.68164 0.02135
19713.37695 0.01826
19716.08203 0.01266
19718.76758 0.00113
19721.45117 0.02357
19724.14648 0.01167
19726.83203 0.01480
19729.52930 0.00728
19732.21680 -0.00167
19734.91406 0.01204
19737.59961 0.00792
19740.29883 -0.00812
19742.98633 0.02899
19745.68555 0.00677
19748.37305 -0.00539
19751.06250 0.00402
19753.75195 -0.00168
19756.45117 -0.01228
19759.14258 0.00778
19761.84375 0.02053
19764.51172 -0.00790
19767.21484 -0.02945
19769.90430 -0.01175
19772.60938 -0.00743
19775.27930 -0.01247
19777.98242 0.00208
19780.67578 -0.00102
19783.37891 -0.00989
19786.05078 0.00828
19788.75586 -0.00120
19791.44922 0.01103
19794.13477 0.00535
19796.82812 0.00775
19799.51367 -0.00957
19802.21094 -0.00175
19804.89648 -0.00662
19807.59180 0.01446
19810.27734 0.00335
19812.97461 -0.01671
19815.66211 0.00957
19818.35938 -0.00378
19821.04688 0.01426
19823.74609 0.00387
19826.43359 -0.00773
19829.12305 0.00863
19831.82422 0.01368
19834.52344 -0.01216
19837.20117 0.00735
19839.91406 -0.00205
19842.59180 -0.01899
19845.28516 -0.00362
19847.96484 -0.01929
19850.67773 0.00129
19853.35938 0.00471
19856.05078 -0.01801
19858.73242 -0.01166
19861.43555 -0.01719
19864.11914 -0.02293
19866.81250 0.01564
19869.51758 -0.00779
19872.21289 0.00482
19874.89648 -0.02170
19877.59180 0.00038
19880.28711 0.00669
19882.97266 -0.00710
19885.67773 -0.01462
19888.36328 -0.00907
19891.06055 -0.02818
19893.72656 -0.01030
19896.42383 -0.02001
19899.12109 -0.03273
19901.82031 0.00999
19904.50781 -0.01430
19907.20703 0.00467
19909.88477 -0.00628
19912.57422 -0.00341
19915.28516 -0.00209
19917.97461 -0.01116
19920.65430 -0.01602
19923.34375 -0.01492
19926.04688 -0.01946
19928.72656 0.00031
19931.42969 -0.00895
19934.12109 -0.00026
19936.80273 -0.00743
19939.51758 -0.00533
19942.18750 0.02188
19944.89258 -0.00773
19947.56445 -0.00728
19950.27930 -0.02401
19952.95312 -0.00619
19955.65820 -0.01213
19958.33203 -0.00931
19961.04883 -0.00031
19963.73438 -0.01535
19966.40820 -0.01344
19969.12695 -0.00726
19971.80273 -0.01017
19974.50977 -0.02018
19977.18555 -0.03972
19979.88281 -0.02112
19982.57227 -0.01476
19985.26953 -0.02686
19987.97070 -0.01309
19990.64648 -0.01376
19993.33594 0.00117
19996.02539 -0.01254
19998.73633 -0.03671
20001.41602 -0.00783
20004.11719 -0.00030
20006.80859 -0.03269
20009.48828 -0.02022
20012.19141 -0.01022
20014.87109 -0.03109
20017.56250 -0.01912
20020.26758 0.00785
20022.94922 -0.01733
20025.65430 -0.01606
20028.33594 -0.02785
20031.02930 -0.02910
20033.72461 -0.01258
20036.41797 -0.01533
20039.11328 -0.02969
20041.78711 -0.02423
20044.48242 -0.00306
20047.17969 -0.02556
20049.87695 0.00252
20052.56250 0.00833
20055.27148 -0.00633
20057.94531 -0.02065
20060.64453 -0.00572
20063.34180 -0.00574
20066.01953 -0.03208
20068.71680 -0.00996
20071.41797 -0.03358
20074.09570 -0.03288
20076.79492 -0.04207
20079.47266 -0.02156
20082.17383 -0.01663
20084.88672 -0.00289
20087.55469 -0.01899
20090.26758 -0.03737
20092.93750 -0.01007
20095.65234 0.00315
20098.33203 -0.01950
20101.03516 -0.03420
20103.71680 -0.02520
20106.39844 -0.02814
20109.10352 -0.03588
20111.78711 -0.02166
20114.46875 -0.00150
20117.18555 -0.01882
20119.85938 -0.01974
20122.55469 -0.00251
20125.25000 -0.02652
20127.94531 -0.02775
20130.63086 -0.01486
20133.31641 -0.03236
20136.01367 -0.02697
20138.72266 -0.03786
20141.40820 -0.02384
20144.09766 -0.02360
20146.78320 -0.01287
20149.47070 -0.01169
20152.16992 -0.03702
20154.85938 -0.02646
20157.54688 -0.00724
20160.23633 -0.01642
20162.92578 -0.02489
20165.62695 -0.02002
20168.30664 -0.02890
20171.00781 -0.03256
20173.71094 -0.03390
20176.39062 -0.03293
20179.09375 -0.02498
20181.77539 -0.02833
20184.47852 -0.01486
20187.18359 -0.01897
20189.84180 -0.04427
20192.54688 -0.02261
20195.24023 -0.03405
20197.93555 -0.02690
20200.64062 -0.03427
20203.31445 -0.02803
20206.00977 -0.03854
20208.71680 -0.00872
20211.38867 -0.02003
20214.08594 -0.00469
20216.78320 -0.03858
20219.46875 -0.04580
20222.16602 -0.02842
20224.84180 -0.03326
20227.55273 -0.02481
20230.22852 -0.02511
20232.92773 -0.02612
20235.61523 -0.02571
20238.31445 -0.01883
20240.99219 -0.02432
20243.70312 -0.02169
20246.38281 -0.02202
20249.08398 -0.03288
20251.77344 -0.02268
20254.45312 -0.03100
20257.15625 -0.01275
20259.84570 -0.02321
20262.52734 -0.02910
20265.24219 -0.02528
20267.92383 -0.03173
20270.60547 -0.03418
20273.32031 -0.01504
20276.00195 -0.01123
20278.68555 -0.02236
20281.37891 -0.04239
20284.06445 -0.05100
20286.78125 -0.02199
20289.47461 -0.04487
20292.14844 -0.03940
20294.84570 -0.05627
20297.54297 -0.03660
20300.22852 -0.04159
20302.92578 -0.05205
20305.61133 -0.03518
20308.29688 -0.03066
20310.99609 -0.04625
20313.69336 -0.03531
20316.38281 -0.01426
20319.07031 -0.04321
20321.76953 -0.03339
20324.45898 -0.05315
20327.16016 -0.05060
20329.83789 -0.03420
20332.52734 -0.01870
20335.22852 -0.04267
20337.90820 -0.05432
20340.60938 -0.03356
20343.29102 -0.06486
20345.98242 -0.02801
20348.68555 -0.04540
20351.38867 -0.03306
20354.05859 -0.03398
20356.76367 -0.01664
20359.45703 -0.01730
20362.12891 -0.04263
20364.83398 -0.05313
20367.53906 -0.05593
20370.21289 -0.03889
20372.91797 -0.04451
20375.60352 -0.02863
20378.29883 -0.05788
20380.98438 -0.03892
20383.69141 -0.04363
20386.36719 -0.04520
20389.06445 -0.06801
20391.76172 -0.04409
20394.44727 -0.05363
20397.13672 -0.05045
20399.82227 -0.05512
20402.53320 -0.05439
20405.21094 -0.04494
20407.89844 -0.05003
20410.61133 -0.03880
20413.28906 -0.05413
20415.97852 -0.06589
20418.66992 -0.03383
20421.37109 -0.05943
20424.06055 -0.06418
20426.75195 -0.03889
20429.43164 -0.04537
20432.12500 -0.03932
20434.83984 -0.05449
20437.52148 -0.05487
20440.21289 -0.02626
20442.90625 -0.04707
20445.58984 -0.06165
20448.28320 -0.04560
20450.97656 -0.04196
20453.67188 -0.05257
20456.35547 -0.05724
20459.05078 -0.06706
20461.74805 -0.05288
20464.43164 -0.04193
20467.13867 -0.04941
20469.83594 -0.05529
20472.52148 -0.06390
20475.19727 -0.05622
20477.89648 -0.04194
20480.58203 -0.05402
20483.28125 -0.05902
20485.97852 -0.06725
20488.67969 -0.06287
20491.34570 -0.06999
20494.04492 -0.07246
20496.74609 -0.07239
20499.42383 -0.04123
20502.12500 -0.05540
20504.82617 -0.04106
20507.51562 -0.04236
20510.19727 -0.05678
20512.89844 -0.06573
20515.58008 -0.05700
20518.27148 -0.06463
20520.97461 -0.08230
20523.66797 -0.06691
20526.36133 -0.03009
20529.04297 -0.05390
20531.74609 -0.07083
20534.42969 -0.04854
20537.12500 -0.06849
20539.81836 -0.05628
20542.50391 -0.05933
20545.19922 -0.05483
20547.88281 -0.05555
20550.59180 -0.05918
20553.27539 -0.06513
20555.96094 -0.05498
20558.66992 -0.06451
20561.35547 -0.07177
20564.03320 -0.06920
20566.73047 -0.06774
20569.43945 -0.06248
20572.12891 -0.06314
20574.80469 -0.08372
20577.49414 -0.03982
20580.19336 -0.07322
20582.88281 -0.06889
20585.58203 -0.06697
20588.27344 -0.07225
20590.96289 -0.07568
20593.65234 -0.07825
20596.34375 -0.07517
20599.03516 -0.05646
20601.73828 -0.07758
20604.41992 -0.06232
20607.11133 -0.04310
20609.80469 -0.06618
20612.49805 -0.07529
20615.19141 -0.06978
20617.88281 -0.07238
20620.57812 -0.07175
20623.27344 -0.07019
20625.96680 -0.10432
20628.64062 -0.07742
20631.34570 -0.06134
20634.03125 -0.07580
20636.72852 -0.06624
20639.41211 -0.06430
20642.10938 -0.08532
20644.79492 -0.05453
20647.49219 -0.08853
20650.17969 -0.07742
20652.87891 -0.04945
20655.56445 -0.05809
20658.25195 -0.08146
20660.95117 -0.08350
20663.65039 -0.07907
20666.32812 -0.05757
20669.02930 -0.08354
20671.71875 -0.09301
20674.41992 -0.07184
20677.09766 -0.08418
20679.80078 -0.05747
20682.47852 -0.08775
20685.18164 -0.07663
20687.86133 -0.08828
20690.56641 -0.08131
20693.25781 -0.07929
20695.94922 -0.07586
20698.64258 -0.07339
20701.32422 -0.06950
20704.02930 -0.05056
20706.72461 -0.08421
20709.39453 -0.08425
20712.11133 -0.09147
20714.79688 -0.08462
20717.48047 -0.11413
20720.16406 -0.08195
20722.87305 -0.10211
20725.56836 -0.09672
20728.25391 -0.07694
20730.93945 -0.08661
20733.62500 -0.07559
20736.33398 -0.09797
20739.03320 -0.07186
20741.70898 -0.08663
20744.40820 -0.09139
20747.09570 -0.09126
20749.79492 -0.07893
20752.47266 -0.09393
20755.17188 -0.05983
20757.86133 -0.07499
20760.56250 -0.09096
20763.25195 -0.05297
20765.94336 -0.07809
20768.63281 -0.09648
20771.33594 -0.04519
20774.02734 -0.08743
20776.69531 -0.08198
20779.38867 -0.08249
20782.08984 -0.07897
20784.78320 -0.07647
20787.47656 -0.09583
20790.16992 -0.08645
20792.85352 -0.09150
20795.55859 -0.08922
20798.25195 -0.09749
20800.94727 -0.06651
20803.61914 -0.09734
20806.32617 -0.08110
20809.02148 -0.06566
20811.70703 -0.09205
20814.40430 -0.09875
20817.07617 -0.09882
20819.78516 -0.09111
20822.48242 -0.08211
20825.15820 -0.07547
20827.85742 -0.11198
20830.54492 -0.07996
20833.25586 -0.07473
20835.93164 -0.09919
20838.63086 -0.08807
20841.31836 -0.07797
20844.01953 -0.08794
20846.70898 -0.06961
20849.38672 -0.09726
20852.08789 -0.10893
20854.77930 -0.11347
20857.45898 -0.08893
20860.17188 -0.09329
20862.85156 -0.08669
20865.53125 -0.09553
20868.24609 -0.09824
20870.92773 -0.09747
20873.62109 -0.11925
20876.30273 -0.09168
20878.99609 -0.09845
20881.70117 -0.12877
20884.39453 -0.11948
20887.08984 -0.12321
20889.76172 -0.08553
20892.45703 -0.09555
20895.15234 -0.08643
20897.83594 -0.11516
20900.55664 -0.10243
20903.24023 -0.10855
20905.92578 -0.10561
20908.62305 -0.11266
20911.32031 -0.11918
20914.00781 -0.10866
20916.70508 -0.08828
20919.36914 -0.10260
20922.07031 -0.09726
20924.75586 -0.09731
20927.45508 -0.11139
20930.15625 -0.09664
20932.84570 -0.13103
20935.53516 -0.11553
20938.23633 -0.10232
20940.91406 -0.08591
20943.61523 -0.11179
20946.29492 -0.08951
20948.99805 -0.10890
20951.67773 -0.11589
20954.37891 -0.08780
20957.07227 -0.10629
20959.75391 -0.11768
20962.44531 -0.13146
20965.15039 -0.10793
20967.83203 -0.15228
20970.52734 -0.10789
20973.23242 -0.10015
20975.90234 -0.11390
20978.60938 -0.11677
20981.29297 -0.11916
20984.00000 -0.08069
20986.67383 -0.09873
20989.38086 -0.11122
20992.05273 -0.10770
20994.76172 -0.11435
20997.44727 -0.12054
21000.14453 -0.12178
21002.83203 -0.11581
21005.51758 -0.11482
21008.21680 -0.12466
21010.90430 -0.11468
21013.61523 -0.11545
21016.30273 -0.11321
21018.99219 -0.13107
21021.66797 -0.13186
21024.36914 -0.12090
21027.05859 -0.12685
21029.74805 -0.12411
21032.43945 -0.11555
21035.15234 -0.11226
21037.84375 -0.13179
21040.52344 -0.12248
21043.21289 -0.11713
21045.89453 -0.13036
21048.58789 -0.12353
21051.27930 -0.12942
21053.99414 -0.11209
21056.67578 -0.13067
21059.37109 -0.12227
21062.06445 -0.14993
21064.75977 -0.12914
21067.45312 -0.13351
21070.14844 -0.13223
21072.84375 -0.13610
21075.52734 -0.12358
21078.20117 -0.13965
21080.89648 -0.11832
21083.59375 -0.11557
21086.29102 -0.12714
21088.97656 -0.12995
21091.66211 -0.14313
21094.35938 -0.13399
21097.05859 -0.14038
21099.73438 -0.12596
21102.43359 -0.13148
21105.13281 -0.11149
21107.83398 -0.13038
21110.49805 -0.17727
21113.19922 -0.13604
21115.90039 -0.12701
21118.57812 -0.13942
21121.27930 -0.14725
21123.98047 -0.14331
21126.66016 -0.14160
21129.34961 -0.12987
21132.04102 -0.13124
21134.74414 -0.11079
21137.43750 -0.14007
21140.12891 -0.13829
21142.83398 -0.13826
21145.51562 -0.14725
21148.20898 -0.12804
21150.89062 -0.15021
21153.59570 -0.14170
21156.27734 -0.13163
21158.96289 -0.14221
21161.66797 -0.15472
21164.35352 -0.11929
21167.05859 -0.13511
21169.73242 -0.15386
21172.41602 -0.16464
21175.12695 -0.13815
21177.82227 -0.14852
21180.50781 -0.17418
21183.19336 -0.16010
21185.90430 -0.17577
21188.59180 -0.15894
21191.26758 -0.15153
21193.95312 -0.18426
21196.64258 -0.18177
21199.35352 -0.16769
21202.05273 -0.14002
21204.74219 -0.17506
21207.43164 -0.13967
21210.12109 -0.17403
21212.79883 -0.15715
21215.49023 -0.16317
21218.19336 -0.15274
21220.88281 -0.16220
21223.57422 -0.17780
21226.26562 -0.15678
21228.95703 -0.16331
21231.65039 -0.15855
21234.34375 -0.15855
21237.03711 -0.15420
21239.73047 -0.15171
21242.42188 -0.14476
21245.11719 -0.14544
21247.81055 -0.17572
21250.49414 -0.16981
21253.18945 -0.15082
21255.88477 -0.16145
21258.58008 -0.15360
21261.26562 -0.19408
21263.94922 -0.16128
21266.64648 -0.18880
21269.34375 -0.18677
21272.04102 -0.20525
21274.72656 -0.19501
21277.42578 -0.20239
21280.12305 -0.18648
21282.79883 -0.18436
21285.48633 -0.19210
21288.17383 -0.19983
21290.87500 -0.18853
21293.57422 -0.18770
21296.26172 -0.19097
21298.96289 -0.19120
21301.64062 -0.19813
21304.34375 -0.20177
21307.03320 -0.18617
21309.73633 -0.19087
21312.40234 -0.21472
21315.10547 -0.20404
21317.79688 -0.19076
21320.47656 -0.17464
21323.18164 -0.18529
21325.87500 -0.20138
21328.55469 -0.18077
21331.25977 -0.20851
21333.95312 -0.19671
21336.63477 -0.21895
21339.34180 -0.20820
21342.02539 -0.20635
21344.70703 -0.21267
21347.39258 -0.22472
21350.09961 -0.20496
21352.79492 -0.21295
21355.47852 -0.18535
21358.17578 -0.23839
21360.86133 -0.21483
21363.57031 -0.21682
21366.26758 -0.22057
21368.95312 -0.20092
21371.64062 -0.24444
21374.32812 -0.23403
21377.01562 -0.22570
21379.70117 -0.22005
21382.40234 -0.20230
21385.08984 -0.24524
21387.79102 -0.25301
21390.48047 -0.21454
21393.16797 -0.22717
21395.87109 -0.24797
21398.56055 -0.24459
21401.26367 -0.23924
21403.95312 -0.25109
21406.64453 -0.24334
21409.31250 -0.24091
21412.00391 -0.23425
21414.70703 -0.24322
21417.40039 -0.24479
21420.09180 -0.28093
21422.77344 -0.24598
21425.46680 -0.23681
21428.17188 -0.25525
21430.86719 -0.24890
21433.54883 -0.28468
21436.24414 -0.26455
21438.95117 -0.24714
21441.62305 -0.27564
21444.33008 -0.26851
21447.01367 -0.27807
21449.69922 -0.29399
21452.39648 -0.28647
21455.08203 -0.27146
21457.77930 -0.26030
21460.47656 -0.28963
21463.16211 -0.28471
21465.84961 -0.29234
21468.54688 -0.29705
21471.23633 -0.28943
21473.93359 -0.31164
21476.62305 -0.29961
21479.32227 -0.29882
21482.01172 -0.31255
21484.71289 -0.29832
21487.40234 -0.32720
21490.08008 -0.30669
21492.79297 -0.30816
21495.45898 -0.31406
21498.15039 -0.29918
21500.85352 -0.31709
21503.54492 -0.33980
21506.22461 -0.35891
21508.91602 -0.32891
21511.62109 -0.31271
21514.31445 -0.33005
21517.00781 -0.32728
21519.68945 -0.34929
21522.38281 -0.34918
21525.08789 -0.34210
21527.78125 -0.35669
21530.46680 -0.35899
21533.16016 -0.35627
21535.85547 -0.35016
21538.53906 -0.35493
21541.23438 -0.37610
21543.91992 -0.37455
21546.61719 -0.36407
21549.31445 -0.39691
21552.00000 -0.38780
21554.68555 -0.38265
21557.38477 -0.40502
21560.07031 -0.41467
21562.76953 -0.43259
21565.45703 -0.38866
21568.15625 -0.43232
21570.85547 -0.43728
21573.51953 -0.42854
21576.22070 -0.43103
21578.92188 -0.45324
21581.61133 -0.43359
21584.31250 -0.43212
21586.99023 -0.46256
21589.67969 -0.45565
21592.38281 -0.46767
21595.08594 -0.46743
21597.75391 -0.46369
21600.45703 -0.48236
21603.16211 -0.48221
21605.83008 -0.47666
21608.53516 -0.50487
21611.24023 -0.48499
21613.90820 -0.52797
21616.61523 -0.53278
21619.29688 -0.51777
21622.00195 -0.53004
21624.67383 -0.52447
21627.37891 -0.52053
21630.06445 -0.55423
21632.75977 -0.56592
21635.44336 -0.56387
21638.15234 -0.58620
21640.83789 -0.59531
21643.53320 -0.59772
21646.21875 -0.61277
21648.92969 -0.60888
21651.61328 -0.62167
21654.28906 -0.62140
21656.98828 -0.63947
21659.67578 -0.64005
21662.36328 -0.64734
21665.06250 -0.64222
21667.75000 -0.67650
21670.43750 -0.67199
21673.12695 -0.67959
21675.82812 -0.70899
21678.51758 -0.68054
21681.20703 -0.73550
21683.89844 -0.73037
21686.58789 -0.71838
21689.29102 -0.76738
21691.98242 -0.77325
21694.67383 -0.76545
21697.36523 -0.79584
21700.05859 -0.78771
21702.75000 -0.81468
21705.43164 -0.81892
21708.12500 -0.83589
21710.81836 -0.84648
21713.51172 -0.87605
21716.20508 -0.87819
21718.90039 -0.89251
21721.58398 -0.90286
21724.27734 -0.91426
21726.97461 -0.93410
21729.66992 -0.97056
21732.36523 -0.96333
21735.06250 -0.96671
21737.73438 -0.98472
21740.41992 -1.00781
21743.11719 -1.04971
21745.81641 -1.06365
21748.51367 -1.06736
21751.21289 -1.05772
21753.88672 -1.08010
21756.58594 -1.12521
21759.28516 -1.13481
21761.97266 -1.15950
21764.65039 -1.13864
21767.35156 -1.17406
21770.05273 -1.21010
21772.72852 -1.18557
21775.43164 -1.24444
21778.13281 -1.24784
21780.81055 -1.26431
21783.51367 -1.29955
21786.20312 -1.30929
21788.90625 -1.33445
21791.58594 -1.37393
21794.27930 -1.36592
21796.97070 -1.39439
21799.66211 -1.41674
21802.34375 -1.46761
21805.04883 -1.44821
21807.73047 -1.47528
21810.43750 -1.51103
21813.11914 -1.53777
21815.82422 -1.55825
21818.50781 -1.57305
21821.19141 -1.62902
21823.90039 -1.64066
21826.58203 -1.65158
21829.26562 -1.70447
21831.97461 -1.70964
21834.66016 -1.74360
21837.34570 -1.76738
21840.03125 -1.81548
21842.74023 -1.84172
21845.42773 -1.85921
21848.11328 -1.88842
21850.80078 -1.90884
21853.48828 -1.94281
21856.19922 -1.99118
21858.88672 -2.00122
21861.57617 -2.05973
21864.26367 -2.08110
21866.95312 -2.10124
21869.64258 -2.13892
21872.33203 -2.14377
21875.02148 -2.18615
21877.72266 -2.20954
21880.41406 -2.24987
21883.10547 -2.27747
21885.80664 -2.32020
21888.50000 -2.36802
21891.19141 -2.39877
21893.88281 -2.42915
21896.57617 -2.46059
21899.26758 -2.50627
21901.96094 -2.54370
21904.65430 -2.57345
21907.34961 -2.60036
21910.01953 -2.66068
21912.71289 -2.68411
21915.41992 -2.70603
21918.11523 -2.71757
21920.81055 -2.77630
21923.48242 -2.83975
21926.17969 -2.83150
21928.87500 -2.87731
21931.57227 -2.93372
21934.24609 -2.94185
21936.94336 -2.98791
21939.65234 -3.03475
21942.32617 -3.04495
21945.03711 -3.06739
21947.73633 -3.12294
21950.41016 -3.15252
21953.11133 -3.18956
21955.79688 -3.17216
21958.49805 -3.24265
21961.17383 -3.29676
21963.87500 -3.28693
21966.57617 -3.33694
21969.25391 -3.37532
21971.94336 -3.42867
21974.64453 -3.44954
21977.32422 -3.46685
21980.02734 -3.51388
21982.70508 -3.50144
21985.40820 -3.53644
21988.09961 -3.56021
21990.77930 -3.61509
21993.49609 -3.62822
21996.17773 -3.64821
21998.87109 -3.65736
22001.57617 -3.69871
22004.25586 -3.69621
22006.93945 -3.72520
22009.64648 -3.76689
22012.32812 -3.76364
22015.02344 -3.80289
22017.70703 -3.84277
22020.39062 -3.84202
22023.09766 -3.83204
22025.79492 -3.88126
22028.47852 -3.88805
22031.16406 -3.90141
22033.87305 -3.88129
22036.55859 -3.89173
22039.24414 -3.90504
22041.92969 -3.91748
22044.62891 -3.91234
22047.33984 -3.93079
22050.00391 -3.92201
