2.69198 3.60512
5.38396 6.61284
8.07594 3.44858
10.76791 -0.70665
13.45990 2.26928
16.15188 5.61879
18.84385 6.99939
21.53583 6.80173
24.22782 4.97550
26.91980 0.95524
29.61178 -6.81248
32.30375 -4.95013
34.99574 0.26850
37.68771 1.92948
40.37969 1.67917
43.07167 0.21923
45.76365 -1.15433
48.45564 -0.55260
51.14761 1.00639
53.83958 1.42863
56.53158 0.40880
59.22356 -1.84286
61.91553 -3.67339
64.60751 -1.41751
67.29950 1.34063
69.99148 2.83180
72.68346 2.80798
75.37544 1.69917
78.06740 -0.43811
80.75941 -2.45044
83.45135 -2.03334
86.14335 -0.73995
88.83533 -0.00249
91.52733 -0.27856
94.21931 -0.39548
96.91129 -0.14771
99.60326 1.00919
102.29522 1.88052
104.98720 2.01180
107.67921 1.05575
110.37118 -0.80582
113.06315 -2.27285
115.75513 -1.81131
118.44709 -0.27961
121.13909 0.79600
123.83107 1.00859
126.52303 0.38538
129.21504 -0.20184
131.90698 -0.38951
134.59901 0.23231
137.29097 0.68820
139.98297 0.63682
142.67494 0.14309
145.36693 -0.68710
148.05890 -0.53381
150.75082 0.25022
153.44281 0.84914
156.13481 0.92654
158.82683 0.10099
161.51878 -1.04709
164.21075 -1.52441
166.90273 -0.62955
169.59470 0.53562
172.28671 1.08020
174.97871 1.14650
177.67072 0.65475
180.36266 0.14891
183.05463 0.04977
185.74658 0.22291
188.43863 -0.00511
191.13058 -0.51808
193.82259 -1.19426
196.51457 -1.43800
199.20654 -0.62768
201.89848 0.63394
204.59045 1.35413
207.28242 1.36549
209.97449 0.95124
212.66635 0.13061
215.35838 -0.46866
218.05037 -0.35198
220.74231 -0.19434
223.43425 -0.09385
226.12625 -0.32382
228.81827 -0.47887
231.51025 -0.46584
234.20226 0.08045
236.89429 0.60718
239.58621 0.76746
242.27821 0.57473
244.97020 -0.00959
247.66219 -0.45116
250.35406 -0.14687
253.04608 0.25910
255.73814 0.62473
258.43018 0.43103
261.12207 -0.16140
263.81409 -0.67193
266.50595 -0.67140
269.19803 -0.39773
271.88986 0.14005
274.58203 0.31351
277.27396 0.26993
279.96582 0.16744
282.65771 0.30061
285.34985 0.55916
288.04184 0.76570
290.73383 0.54333
293.42584 -0.05641
296.11777 -0.90768
298.80994 -1.22288
301.50174 -0.78930
304.19376 -0.07733
306.88571 0.52554
309.57773 0.71650
312.26950 0.58438
314.96167 0.47266
317.65369 0.45796
320.34552 0.47428
323.03763 0.41906
325.72964 -0.07313
328.42154 -0.56296
331.11353 -0.90346
333.80539 -0.75943
336.49753 -0.11575
339.18942 0.38649
341.88162 0.61336
344.57346 0.56295
347.26532 0.04716
349.95743 -0.01736
352.64935 0.12635
355.34125 0.38058
358.03333 0.42863
360.72534 0.22916
363.41748 -0.17125
366.10938 -0.37532
368.80121 -0.35256
371.49323 -0.11943
374.18536 0.04319
376.87717 0.03848
379.56915 -0.15358
382.26108 -0.17173
384.95306 0.22147
387.64508 0.63519
390.33707 0.85418
393.02917 0.68515
395.72095 0.15455
398.41324 -0.35577
401.10489 -0.64656
403.79700 -0.58502
406.48886 -0.37634
409.18097 -0.23292
411.87299 -0.02616
414.56500 0.09628
417.25699 0.32959
419.94888 0.62394
422.64078 0.84111
425.33264 0.70327
428.02493 0.19709
430.71680 -0.31738
433.40894 -0.75438
436.10092 -0.72096
438.79272 -0.23380
441.48468 -0.00315
444.17682 0.15818
446.86871 0.04694
449.56082 0.06142
452.25253 0.18827
454.94440 0.45016
457.63647 0.44166
460.32877 0.36183
463.02066 0.09773
465.71268 -0.21229
468.40442 -0.27954
471.09644 -0.14898
473.78864 0.08080
476.48071 0.05552
479.17233 -0.18567
481.86435 -0.33290
484.55661 -0.33240
487.24838 0.06989
489.94034 0.47865
492.63223 0.66383
495.32428 0.52313
498.01627 0.28399
500.70828 -0.03154
503.40051 -0.14728
506.09219 -0.11812
508.78406 -0.17201
511.47644 -0.31339
514.16846 -0.58759
516.86011 -0.39897
519.55219 0.01412
522.24390 0.45169
524.93640 0.77095
527.62793 0.72386
530.31989 0.40911
533.01215 0.02299
535.70422 -0.19885
538.39600 -0.21761
541.08795 -0.31074
543.77991 -0.27610
546.47205 -0.31019
549.16400 -0.22349
551.85583 -0.07403
554.54779 0.30048
557.24005 0.47023
559.93182 0.46253
562.62396 0.30947
565.31567 0.09745
568.00781 -0.08988
570.69989 -0.09440
573.39191 0.02334
576.08356 0.06335
578.77545 0.02834
581.46783 -0.23168
584.15961 -0.32308
586.85193 -0.14138
589.54370 0.09754
592.23572 0.31798
594.92773 0.32742
597.61975 0.24578
600.31146 0.15986
603.00342 0.18386
605.69543 0.24692
608.38745 0.21434
611.07965 -0.00268
613.77167 -0.36028
616.46338 -0.52370
619.15533 -0.53919
621.84705 -0.20533
624.53918 0.20880
627.23132 0.41142
629.92358 0.45321
632.61560 0.33328
635.30762 0.28827
637.99915 0.24970
640.69092 0.19482
643.38336 -0.01367
646.07550 -0.25494
648.76740 -0.48086
651.45917 -0.43499
654.15125 -0.23687
656.84296 0.19656
659.53528 0.33595
662.22729 0.43964
664.91901 0.29888
667.61108 0.16343
670.30328 0.06325
672.99500 0.07466
675.68701 0.06542
678.37872 0.00257
681.07104 -0.17607
683.76312 -0.29558
686.45496 -0.27284
689.14679 -0.06668
691.83893 0.09272
694.53046 0.12772
697.22260 0.10940
699.91516 0.02566
702.60693 0.12236
705.29895 0.24861
707.99078 0.35346
710.68286 0.33244
713.37482 0.13731
716.06647 -0.12388
718.75879 -0.29557
721.45062 -0.31112
724.14240 -0.24243
726.83441 -0.05011
729.52679 0.06531
732.21863 0.07401
734.91077 0.21850
737.60266 0.32225
740.29468 0.44043
742.98669 0.41329
745.67871 0.22267
748.37024 -0.07595
751.06281 -0.40888
753.75458 -0.41242
756.44617 -0.24669
759.13861 -0.09386
761.83020 0.16284
764.52240 0.15898
767.21417 0.25599
769.90649 0.28565
772.59802 0.28724
775.29041 0.25031
777.98206 0.18511
780.67438 -0.01120
783.36621 -0.20755
786.05817 -0.26029
788.75043 -0.14836
791.44220 -0.03098
794.13403 0.10461
796.82635 0.09257
799.51849 0.02011
802.21002 -0.05005
804.90234 0.04772
807.59387 0.15774
810.28638 0.27577
812.97766 0.20400
815.67017 0.10316
818.36224 0.02104
821.05365 -0.01552
823.74591 -0.11509
826.43781 -0.12639
829.12982 -0.09707
831.82208 -0.14482
834.51379 -0.11102
837.20551 -0.02226
839.89807 0.23643
842.59009 0.37025
845.28186 0.42476
847.97388 0.29385
850.66559 0.15422
853.35779 -0.14982
856.05023 -0.24781
858.74164 -0.22341
861.43390 -0.20321
864.12567 -0.13734
866.81769 -0.06050
869.50958 0.11555
872.20166 0.20765
874.89337 0.32669
877.58527 0.29906
880.27777 0.30705
882.96973 0.06537
885.66162 -0.12117
888.35345 -0.14768
891.04517 -0.10961
893.73724 -0.02450
896.42950 -0.01092
899.12103 -0.01658
901.81366 -0.00674
904.50543 0.00875
907.19781 0.06695
909.88910 0.14396
912.58154 0.14234
915.27325 0.10532
917.96539 0.08229
920.65735 0.06437
923.34918 0.08745
926.04065 0.11658
928.73340 0.03519
931.42523 -0.00988
934.11719 -0.11699
936.80914 -0.17936
939.50122 -0.02921
942.19330 0.12996
944.88519 0.22640
947.57709 0.30269
950.26874 0.26653
952.96082 0.15451
955.65356 0.13164
958.34509 0.05160
961.03674 -0.02250
963.72913 -0.09949
966.42102 -0.15782
969.11249 -0.20473
971.80457 -0.09693
974.49664 0.07321
977.18909 0.25082
979.88098 0.33241
982.57330 0.27631
985.26489 0.14869
987.95679 0.00586
990.64893 -0.07755
993.34082 -0.09964
996.03284 -0.04054
998.72461 -0.04475
1001.41699 -0.04912
1004.10828 0.01457
1006.80029 0.09055
1009.49286 0.17429
1012.18481 0.16808
1014.87671 0.13710
1017.56854 0.04865
1020.26074 0.03741
1022.95215 -0.04959
1025.64453 0.03710
1028.33667 0.08134
1031.02795 0.06153
1033.72058 -0.00009
1036.41235 -0.03594
1039.10425 -0.04213
1041.79614 -0.04003
1044.48828 0.03424
1047.17981 0.05252
1049.87195 0.09459
1052.56421 0.12477
1055.25623 0.19410
1057.94824 0.14949
1060.64014 0.19799
1063.33252 0.11709
1066.02466 0.01663
1068.71594 -0.14998
1071.40820 -0.19842
1074.09961 -0.11649
1076.79187 -0.02122
1079.48364 0.08467
1082.17566 0.20802
1084.86853 0.23089
1087.56018 0.23432
1090.25208 0.20482
1092.94446 0.03686
1095.63586 0.00686
1098.32776 -0.08029
1101.02026 -0.11153
1103.71216 -0.11192
1106.40381 -0.04872
1109.09607 0.05020
1111.78748 0.16166
1114.47986 0.17493
1117.17151 0.20044
1119.86401 0.13006
1122.55566 0.01495
1125.24829 -0.02154
1127.93933 0.00856
1130.63184 -0.01780
1133.32373 0.07979
1136.01538 0.02679
1138.70776 0.04416
1141.40027 0.01856
1144.09216 0.06923
1146.78418 0.06788
1149.47546 -0.02459
1152.16760 0.02683
1154.86011 0.06079
1157.55139 0.06980
1160.24377 0.09168
1162.93555 0.11032
1165.62708 0.18428
1168.31897 0.10141
1171.01086 0.02029
1173.70361 -0.07169
1176.39490 -0.11425
1179.08777 -0.01989
1181.77905 -0.00380
1184.47131 0.04493
1187.16382 0.15802
1189.85522 0.18765
1192.54688 0.16405
1195.23926 0.16881
1197.93188 0.10162
1200.62341 0.01014
1203.31555 -0.07941
1206.00720 -0.11166
1208.69897 -0.11825
1211.39124 -0.01873
1214.08301 0.09230
1216.77527 0.17568
1219.46692 0.16167
1222.15906 0.18110
1224.85120 0.12996
1227.54309 0.06725
1230.23499 0.02501
1232.92725 -0.02333
1235.61926 -0.07877
1238.31116 -0.01749
1241.00330 -0.00636
1243.69458 0.02394
1246.38696 0.07763
1249.07886 0.12367
1251.77051 0.11521
1254.46240 0.09573
1257.15527 0.01438
1259.84692 0.01811
1262.53882 0.03690
1265.23096 0.02656
1267.92261 0.11478
1270.61426 0.09138
1273.30615 0.03587
1275.99878 0.01228
1278.69092 0.00363
1281.38232 -0.02762
1284.07446 -0.01020
1286.76721 0.02340
1289.45862 0.05538
1292.15002 0.08618
1294.84265 0.15905
1297.53455 0.17165
1300.22644 0.17112
1302.91882 0.07010
1305.61023 -0.00389
1308.30237 -0.05594
1310.99414 -0.10747
1313.68640 -0.06666
1316.37781 0.01453
1319.07104 0.04761
1321.76172 0.13160
1324.45435 0.17646
1327.14600 0.14406
1329.83850 0.16232
1332.53003 0.08222
1335.22266 0.03403
1337.91394 -0.05324
1340.60645 -0.06245
1343.29761 -0.09756
1345.99048 -0.05447
1348.68201 0.07540
1351.37463 0.11934
1354.06580 0.15738
1356.75793 0.12244
1359.44946 0.08473
1362.14185 0.05364
1364.83362 0.01191
1367.52600 0.03671
1370.21790 0.03864
1372.91040 0.01400
1375.60229 -0.02058
1378.29407 0.05199
1380.98584 0.08349
1383.67834 0.04930
1386.36914 0.04430
1389.06140 0.01981
1391.75439 -0.02584
1394.44580 0.00023
1397.13757 0.10968
1399.83008 0.09786
1402.52148 0.16476
1405.21350 0.12740
1407.90527 0.07797
1410.59766 0.02141
1413.28979 -0.05575
1415.98218 -0.04643
1418.67358 -0.03468
1421.36621 -0.05104
1424.05762 0.03635
1426.74951 0.12553
1429.44165 0.17694
1432.13281 0.14184
1434.82581 0.20263
1437.51819 0.10109
1440.20862 -0.00192
1442.90173 -0.04350
1445.59412 -0.07985
1448.28552 -0.09200
1450.97766 -0.01466
1453.66931 0.07597
1456.36121 0.13019
1459.05322 0.11392
1461.74561 0.18514
1464.43701 0.15935
1467.12952 0.10852
1469.82129 0.04416
1472.51392 0.01121
1475.20508 -0.00075
1477.89709 -0.01572
1480.58911 -0.01430
1483.28101 0.03482
1485.97314 0.09339
1488.66516 0.10687
1491.35791 0.04403
1494.04907 0.01548
1496.74097 0.06550
1499.43274 0.05906
1502.12439 0.08770
1504.81677 0.09593
1507.50989 0.07888
1510.20105 0.06117
1512.89294 0.09021
1515.58545 0.07181
1518.27698 -0.00460
1520.96826 -0.02244
1523.66089 -0.00647
1526.35254 -0.02453
1529.04553 0.01296
1531.73730 0.09986
1534.42883 0.14962
1537.12012 0.16509
1539.81348 0.13485
1542.50476 0.08582
1545.19653 0.01415
1547.88892 -0.06683
1550.58069 -0.09495
1553.27283 -0.05509
1555.96460 -0.03311
1558.65601 -0.00204
1561.34778 0.08541
1564.04053 0.15131
1566.73303 0.19388
1569.42407 0.19919
1572.11707 0.13892
1574.80872 0.07743
1577.49963 0.00895
1580.19263 -0.07207
1582.88489 -0.02726
1585.57593 -0.04108
1588.26868 0.03904
1590.96082 0.12077
1593.65234 0.07038
1596.34399 0.11934
1599.03577 0.08419
1601.72778 0.05825
1604.42078 0.05579
1607.11206 0.05373
1609.80518 0.07258
1612.49585 0.05904
1615.18835 0.08337
1617.88000 0.07818
1620.57251 0.03973
1623.26416 0.08018
1625.95581 0.01005
1628.64844 -0.04237
1631.34009 0.01764
1634.03174 0.05134
1636.72412 0.09085
1639.41650 0.16546
1642.10791 0.18123
1644.79932 0.16804
1647.49243 0.08858
1650.18347 0.01955
1652.87524 -0.04196
1655.56787 -0.02450
1658.25952 -0.04347
1660.95166 -0.05107
1663.64380 0.01175
1666.33557 0.08459
1669.02722 0.16902
1671.71960 0.21303
1674.41174 0.19701
1677.10339 0.15476
1679.79590 0.06021
1682.48804 -0.04196
1685.18079 -0.04327
1687.87134 -0.06881
1690.56348 -0.04135
1693.25610 0.03415
1695.94739 0.06462
1698.64014 0.08475
1701.33179 0.12765
1704.02380 0.13406
1706.71448 0.10015
1709.40845 0.07844
1712.09912 0.06197
1714.79126 0.04135
1717.48389 0.06865
1720.17603 -0.00430
1722.86670 0.01473
1725.55872 0.03541
1728.25098 0.08006
1730.94299 0.02557
1733.63611 -0.02530
1736.32776 0.02387
1739.01892 0.05928
1741.71118 0.10047
1744.40295 0.12077
1747.09509 0.09288
1749.78748 0.16207
1752.47925 0.09567
1755.17029 0.06782
1757.86255 0.01043
1760.55615 -0.04135
1763.24707 -0.09035
1765.93921 -0.05223
1768.63147 -0.01376
1771.32300 0.06931
1774.01477 0.14392
1776.70679 0.17832
1779.39868 0.15993
1782.09106 0.15547
1784.78357 0.06770
1787.47412 0.01688
1790.16687 -0.04863
1792.85864 -0.06013
1795.55164 -0.02932
1798.24280 -0.01777
1800.93494 0.02821
1803.62805 0.09691
1806.31836 0.13511
1809.01062 0.16026
1811.70300 0.09014
1814.39429 0.07390
1817.08765 -0.01338
1819.77905 0.01806
1822.47034 -0.00156
1825.16272 0.02824
1827.85498 0.04427
1830.54712 0.06717
1833.23950 0.02767
1835.93042 0.06612
1838.62256 0.03542
1841.31445 0.04099
1844.00623 0.06291
1846.69897 0.02960
1849.39050 0.07867
1852.08203 0.13906
1854.77332 0.08744
1857.46643 0.08834
1860.15942 0.02303
1862.85010 -0.01749
1865.54272 -0.02685
1868.23401 -0.05994
1870.92712 -0.05654
1873.61804 0.01587
1876.31079 0.11037
1879.00208 0.16448
1881.69421 0.16170
1884.38623 0.15802
1887.07776 0.11399
1889.77002 0.13575
1892.46216 0.04401
1895.15479 0.00117
1897.84619 -0.03836
1900.53711 -0.08125
1903.22998 -0.01058
1905.92224 0.01473
1908.61426 0.12500
1911.30566 0.15541
1913.99805 0.11372
1916.69080 0.10724
1919.38110 0.09847
1922.07422 0.03700
1924.76575 0.02319
1927.45886 0.00865
1930.14954 0.01380
1932.84167 0.00516
1935.53357 0.06533
1938.22583 0.06997
1940.91858 0.05583
1943.60974 0.05852
1946.30164 0.07694
1948.99390 0.04804
1951.68567 0.07777
1954.37781 0.05310
1957.06946 0.07964
1959.76160 0.09218
1962.45422 0.07856
1965.14624 0.03878
1967.83752 0.02817
1970.52942 -0.03374
1973.22058 0.00418
1975.91321 -0.04367
1978.60522 0.00545
1981.29858 0.05740
1983.98914 0.06143
1986.68127 0.14996
1989.37378 0.12716
1992.06543 0.16348
1994.75757 0.11584
1997.44983 0.06863
2000.14160 -0.03244
2002.83252 -0.08884
2005.52478 -0.06432
2008.21741 -0.00425
2010.90930 0.02874
2013.60144 0.12974
2016.29382 0.14293
2018.98535 0.13118
2021.67712 0.11945
2024.36926 0.12564
2027.06165 0.08602
2029.75305 0.02435
2032.44470 -0.02662
2035.13672 -0.01786
2037.82874 0.05239
2040.52100 0.01924
2043.21362 0.04688
2045.90515 0.11916
2048.59692 0.10229
2051.29004 0.06138
2053.98071 0.05514
2056.67310 0.05258
2059.36548 0.03579
2062.05664 0.03495
2064.74829 0.06680
2067.44092 0.01959
2070.13257 0.04453
2072.82544 0.07772
2075.51611 0.02301
2078.20801 0.01719
2080.90112 0.03672
2083.59326 0.01571
2086.28516 0.03469
2088.97729 0.06475
2091.66943 0.09599
2094.36035 0.09745
2097.05249 0.15324
2099.74463 0.08242
2102.43677 0.01585
2105.12891 -0.03858
2107.82007 -0.02848
2110.51318 -0.02058
2113.20410 -0.00100
2115.89600 0.06275
2118.58813 0.06798
2121.28125 0.10709
2123.97168 0.16094
2126.66357 0.12308
2129.35620 0.11576
2132.04785 0.06078
2134.74023 0.01565
2137.43286 -0.03562
2140.12500 -0.00565
2142.81616 -0.00665
2145.50928 0.03577
2148.19995 0.07053
2150.89160 0.12645
2153.58447 0.07621
2156.27686 0.15119
2158.96802 0.05202
2161.66138 0.08791
2164.35229 0.04026
2167.04395 -0.00983
2169.73657 0.02118
2172.42896 0.04831
2175.12012 0.05742
2177.81201 0.08125
2180.50488 0.05720
2183.19507 0.04416
2185.88867 0.04896
2188.58081 0.00543
2191.27246 0.02761
2193.96387 0.04352
2196.65649 0.10834
2199.34839 0.08168
2202.04028 0.09545
2204.73145 0.06023
2207.42383 0.02279
2210.11572 -0.00411
2212.80859 0.01090
2215.50073 0.01779
2218.19165 0.00350
2220.88452 -0.01117
2223.57568 0.05885
2226.26782 0.13811
2228.95947 0.15616
2231.65186 0.15172
2234.34375 0.13103
2237.03540 0.04824
2239.72778 0.01616
2242.41968 -0.04357
2245.11230 -0.05455
2247.80444 -0.03021
2250.49512 0.01854
2253.18750 0.09637
2255.87939 0.10091
2258.57104 0.10996
2261.26318 0.14837
2263.95483 0.06763
2266.64868 0.03791
2269.34033 0.01535
2272.03174 0.01206
2274.72241 -0.00767
2277.41650 0.02575
2280.10742 0.05260
2282.79883 0.07529
2285.49121 0.05213
2288.18286 0.08095
2290.87622 0.08024
2293.56787 0.06896
2296.25903 0.04936
2298.95190 0.07335
2301.64307 0.04269
2304.33472 0.06445
2307.02832 0.05290
2309.71851 0.04907
2312.41089 0.05059
2315.10376 0.03456
2317.79590 0.00895
2320.48730 -0.01543
2323.17920 -0.00126
2325.87061 0.03252
2328.56372 0.06255
2331.25488 0.14876
2333.94800 0.13050
2336.63892 0.08123
2339.33154 0.08270
2342.02246 0.05959
2344.71509 0.02601
2347.40820 -0.03440
2350.09790 -0.03184
2352.79077 0.00597
2355.48267 -0.00108
2358.17529 0.10187
2360.86694 0.07828
2363.55908 0.13233
2366.25024 0.14215
2368.94214 0.08904
2371.63452 0.10597
2374.32715 0.03079
2377.01904 0.01678
2379.71143 -0.02089
2382.40405 -0.03595
2385.09473 0.03152
2387.78809 0.06321
2390.47827 0.09227
2393.17114 0.09612
2395.86230 0.12524
2398.55469 0.05546
2401.24634 0.06145
2403.93970 0.05869
2406.62939 0.03537
2409.32227 0.04662
2412.01416 0.03972
2414.70630 0.07502
2417.39746 0.06104
2420.08887 0.06175
2422.78345 0.03180
2425.47437 0.00865
2428.16675 0.02572
2430.85840 0.05530
2433.55029 0.05094
2436.24097 0.10387
2438.93481 0.10787
2441.62622 0.06844
2444.31909 0.09102
2447.00977 0.07033
2449.70190 0.05911
2452.39453 -0.01908
2455.08594 -0.01694
2457.77759 -0.02822
2460.46948 -0.01506
2463.16162 0.04956
2465.85400 0.10213
2468.54663 0.15140
2471.23804 0.17257
2473.92969 0.12193
2476.62183 0.06517
2479.31396 0.03183
2482.00488 0.00379
2484.69727 -0.00156
2487.39014 0.02317
2490.08154 0.00731
2492.77490 0.07460
2495.46533 0.07957
2498.15723 0.11767
2500.84961 0.12042
2503.54199 0.11557
2506.23438 0.08501
2508.92578 0.03904
2511.61719 0.03348
2514.31006 0.01943
2517.00317 -0.02063
2519.69336 0.04976
2522.38525 0.03927
2525.07715 0.04902
2527.76929 0.04750
2530.46143 0.04858
2533.15503 0.05566
2535.84619 0.01744
2538.53711 0.08689
2541.22949 0.05630
2543.92065 0.08707
2546.61328 0.09345
2549.30591 0.07988
2551.99731 0.07271
2554.68872 0.05184
2557.38135 -0.00912
2560.07275 -0.02075
2562.76562 -0.02675
2565.45679 0.00479
2568.14966 0.06610
2570.84277 0.10503
2573.53394 0.14530
2576.22412 0.11726
2578.91675 0.10129
2581.60815 0.08835
2584.30103 0.06702
2586.99219 -0.00416
2589.68481 -0.05751
2592.37622 -0.01208
2595.06885 -0.01633
2597.76123 0.05149
2600.45239 0.07910
2603.14478 0.11226
2605.83716 0.13656
2608.52930 0.09407
2611.21997 0.09051
2613.91357 0.05571
2616.60571 0.01037
2619.29736 0.01579
2621.98779 0.01482
2624.68237 0.01009
2627.37231 0.01168
2630.06519 0.08581
2632.75659 0.06401
2635.45044 0.06403
2638.13989 0.04246
2640.83228 0.07694
2643.52441 0.03814
2646.21655 0.04895
2648.90820 0.06009
2651.59985 0.10541
2654.29297 0.07167
2656.98413 0.05150
2659.67676 0.08805
2662.36890 0.00755
2665.06104 0.00298
2667.75293 0.01928
2670.44336 0.00392
2673.13623 0.07029
2675.82764 0.07976
2678.52148 0.10727
2681.21240 0.12292
2683.90576 0.10824
2686.59619 0.09609
2689.28906 0.05617
2691.98047 0.01470
2694.67285 -0.04470
2697.36523 -0.04610
2700.05688 -0.01865
2702.74878 0.06227
2705.44019 0.11912
2708.13135 0.10284
2710.82495 0.16030
2713.51538 0.14410
2716.20850 0.07461
2718.90015 0.04904
2721.59253 0.02549
2724.28467 -0.02577
2726.97510 0.02937
2729.66821 0.00107
2732.35938 0.04454
2735.05298 0.07485
2737.74365 0.06548
2740.43677 0.06388
2743.12793 0.09291
2745.82056 0.06936
2748.51245 0.06072
2751.20410 0.01145
2753.89526 0.05106
2756.58765 0.08459
2759.27979 0.05646
2761.97144 0.08606
2764.66406 0.03760
2767.35474 0.02812
2770.04785 0.02226
2772.73950 0.00493
2775.43188 0.05456
2778.12427 0.03208
2780.81543 0.09656
2783.50854 0.09409
2786.20093 0.12819
2788.89258 0.10531
2791.58374 0.07493
2794.27612 0.02555
2796.96680 0.01604
2799.65967 0.01647
2802.35205 0.00050
2805.04395 -0.01200
2807.73560 0.04123
2810.42676 0.08058
2813.12036 0.11767
2815.81201 0.12082
2818.50415 0.15889
2821.19482 0.10184
2823.88794 0.05526
2826.57886 0.00808
2829.27246 -0.02111
2831.96387 -0.00198
2834.65649 0.00816
2837.34668 0.02506
2840.03931 0.04443
2842.73047 0.09417
2845.42358 0.07905
2848.11475 0.10541
2850.80688 0.10034
2853.50000 0.06747
2856.19092 0.02642
2858.88452 0.03227
2861.57593 0.02490
2864.26660 0.05981
2866.95996 0.02331
2869.65088 0.04496
2872.34277 0.03819
2875.03589 0.02951
2877.72656 0.06236
2880.41821 0.03893
2883.11084 0.04115
2885.80444 0.07093
2888.49414 0.08466
2891.18799 0.11738
2893.87793 0.10059
2896.57202 0.08407
2899.26367 0.05636
2901.95654 0.05372
2904.64697 0.01096
2907.33984 -0.02803
2910.03223 -0.03143
2912.72192 0.02135
2915.41455 0.06477
2918.10791 0.13096
2920.79834 0.08392
2923.48877 0.12547
2926.18311 0.09417
2928.87500 0.06089
2931.56641 0.04789
2934.25830 -0.03415
2936.95142 -0.01688
2939.64209 -0.01450
2942.33496 0.03122
2945.02734 0.06646
2947.71729 0.08979
2950.41113 0.09356
2953.10449 0.10654
2955.79346 0.11886
2958.48511 0.07421
2961.17920 0.02460
2963.86914 0.01312
2966.56177 0.01458
2969.25513 0.04174
2971.94580 0.05986
2974.63892 0.06825
2977.32959 0.06616
2980.02295 0.06713
2982.71387 0.07233
2985.40527 0.07246
2988.09912 0.06505
2990.78931 0.06892
2993.48315 0.06670
2996.17456 0.06658
2998.86646 0.10187
3001.55786 0.05538
3004.24976 0.05294
3006.94116 0.03851
3009.63477 0.01090
3012.32568 -0.02933
3015.01904 -0.00589
3017.70996 -0.01281
3020.40332 0.06610
3023.09399 0.08270
3025.78687 0.14800
3028.47754 0.12583
3031.16895 0.11135
3033.86084 0.05894
3036.55518 0.05494
3039.24512 -0.00634
3041.93750 -0.01730
3044.63086 -0.01185
3047.32153 0.01238
3050.01245 0.04175
3052.70605 0.08711
3055.39697 0.09890
3058.09033 0.11346
3060.78101 0.11618
3063.47437 0.08871
3066.16626 0.04617
3068.85718 0.01985
3071.54883 0.00321
3074.24121 0.02116
3076.93457 0.04509
3079.62646 0.05478
3082.31763 0.06118
3085.01074 0.06959
3087.70142 0.09252
3090.39282 0.07663
3093.08643 0.07745
3095.77881 0.06706
3098.46875 0.04007
3101.16064 0.05651
3103.85376 0.07657
3106.54541 0.08082
3109.23755 0.06200
3111.93066 0.03820
3114.62061 -0.00223
3117.31323 0.02113
3120.00464 0.03472
3122.69653 0.01917
3125.38916 0.07830
3128.08252 0.09257
3130.77271 0.08629
3133.46387 0.12447
3136.15698 0.08068
3138.84741 0.07845
3141.54199 0.06174
3144.23340 0.03336
3146.92407 -0.01625
3149.61841 0.01486
3152.31006 -0.00316
3155.00024 0.05030
3157.69336 0.08930
3160.38452 0.12954
3163.07690 0.11755
3165.76953 0.11749
3168.45923 0.10029
3171.15283 0.05227
3173.84546 0.01551
3176.53882 0.02380
3179.22876 -0.00160
3181.91943 -0.00713
3184.61230 0.06365
3187.30444 0.05235
3189.99634 0.06850
3192.68774 0.11157
3195.38086 0.07252
3198.07300 0.07584
3200.76367 0.05014
3203.45483 0.02773
3206.14844 0.05863
3208.84082 0.05673
3211.53394 0.02890
3214.22559 0.07363
3216.91577 0.07241
3219.60815 0.06272
3222.30103 0.03948
3224.99316 0.04135
3227.68335 0.03864
3230.37793 0.06535
3233.06934 0.06518
3235.76099 0.08987
3238.45166 0.10623
3241.14429 0.09409
3243.83765 0.09422
3246.52783 0.06758
3249.22021 0.02275
3251.91284 0.00325
3254.60449 0.01748
3257.29614 -0.01819
3259.98853 0.07678
3262.67944 0.08472
3265.37280 0.09258
3268.06470 0.12811
3270.75708 0.08678
3273.44775 0.08431
3276.13892 0.04846
3278.83057 0.02283
3281.52466 0.01377
3284.21533 -0.02800
3286.90820 0.01817
3289.59985 0.01967
3292.29199 0.08718
3294.98413 0.08325
3297.67676 0.09274
3300.36816 0.08753
3303.05981 0.07536
3305.75171 0.05129
3308.44238 0.04761
3311.13696 0.02823
3313.82837 0.02661
3316.52002 0.03515
3319.21240 0.04957
3321.90454 0.04552
3324.59570 0.03968
3327.28687 0.07842
3329.98047 0.07029
3332.67261 0.03373
3335.36328 0.04143
3338.05591 0.05077
3340.74707 0.05432
3343.44043 0.07473
3346.13037 0.08096
3348.82275 0.07859
3351.51538 0.04530
3354.20630 0.02014
3356.90137 0.00762
3359.59302 0.02565
3362.28296 0.05508
3364.97534 0.02078
3367.66797 0.06142
3370.35889 0.09027
3373.05029 0.11515
3375.74390 0.12011
3378.43579 0.09380
3381.12817 0.04023
3383.82056 0.03158
3386.51343 0.00211
3389.20483 0.00411
3391.89600 -0.00434
3394.58765 0.01566
3397.28174 0.06427
3399.97046 0.13145
3402.66309 0.13397
3405.35571 0.08988
3408.04688 0.07244
3410.74023 0.08338
3413.43018 0.02712
3416.12231 0.02428
3418.81616 0.03579
3421.50684 0.03193
3424.19946 0.03240
3426.89087 0.06565
3429.58203 0.06716
3432.27539 0.05876
3434.96533 0.07147
3437.65918 0.03445
3440.35132 0.06482
3443.04370 0.03883
3445.73462 0.05337
3448.42725 0.08293
3451.11865 0.07772
3453.81006 0.05216
3456.50171 0.04148
3459.19531 0.04369
3461.88721 0.04169
3464.57764 0.05727
3467.27148 0.01384
3469.96411 0.03934
3472.65308 0.04820
3475.34766 0.08269
3478.03906 0.07805
3480.73242 0.12441
3483.42212 0.04165
3486.11377 0.04453
3488.80737 0.04072
3491.49731 -0.02074
3494.19165 0.01245
3496.88403 -0.00190
3499.57617 0.00079
3502.26685 0.04974
3504.95776 0.09962
3507.65088 0.09937
3510.34180 0.12810
3513.03516 0.11729
3515.72656 0.08659
3518.41821 0.04811
3521.10986 -0.00671
3523.80151 0.02270
3526.49536 -0.00155
3529.18726 0.04111
3531.87769 0.07802
3534.57007 0.05733
3537.26416 0.07502
3539.95459 0.05686
3542.64526 0.10083
3545.33789 0.05750
3548.03076 0.06771
3550.72192 0.04140
3553.41479 0.04281
3556.10571 0.05763
3558.79883 0.05240
3561.48999 0.03953
3564.18140 0.06627
3566.87500 0.04851
3569.56641 0.07305
3572.26001 0.02287
3574.94971 0.05911
3577.64331 0.07246
3580.33301 0.06409
3583.02686 0.10320
3585.71899 0.12814
3588.41064 0.08505
3591.10059 0.07085
3593.79492 0.06155
3596.48682 0.05397
3599.17871 0.01338
3601.87109 0.00838
3604.56104 0.03924
3607.25342 0.06360
3609.94580 0.08834
3612.63794 0.10281
3615.33032 0.11931
3618.02075 0.10944
3620.71289 0.07409
3623.40527 0.04412
3626.09766 -0.00290
3628.78979 0.00390
3631.48218 0.00991
3634.17261 -0.01294
3636.86523 0.07041
3639.55737 0.08613
3642.24976 0.08213
3644.94019 0.10633
3647.63452 0.08674
3650.32471 0.05159
3653.01904 0.03565
3655.70947 0.02122
3658.39966 0.03839
3661.09375 0.00208
3663.78394 0.06361
3666.47632 0.05916
3669.17017 0.05257
3671.86035 0.04350
3674.55444 0.02615
3677.24658 0.05253
3679.93848 0.08240
3682.62817 0.03981
3685.32202 0.06385
3688.01367 0.08317
3690.70581 0.06899
3693.39746 0.08451
3696.08911 0.06678
3698.78223 0.03498
3701.47388 0.03240
3704.16528 -0.02847
3706.85864 0.03169
3709.54785 0.03826
3712.24097 0.07552
3714.93433 0.08096
3717.62524 0.10576
3720.31592 0.10101
3723.00879 0.12280
3725.70142 0.10417
3728.39209 0.06984
3731.08472 0.00704
3733.77905 0.01708
3736.46948 -0.01360
3739.16357 0.02044
3741.85181 0.04477
3744.54370 0.07265
3747.23535 0.07797
3749.92920 0.10625
3752.62085 0.11148
3755.31421 0.06928
3758.00562 0.04147
3760.69873 0.00290
3763.38794 0.00860
3766.08081 0.03485
3768.77173 0.02304
3771.46631 0.03253
3774.15698 0.02983
3776.84741 0.06690
3779.54175 0.05414
3782.23364 0.07600
3784.92578 0.06581
3787.61743 0.03319
3790.30688 0.07788
3793.00073 0.03568
3795.69165 0.03867
3798.38501 0.07588
3801.07593 0.04307
3803.76855 0.08795
3806.46118 0.03354
3809.15161 0.02178
3811.84570 0.02660
3814.53589 0.03726
3817.22974 0.04075
3819.92139 0.06941
3822.61304 0.13138
3825.30444 0.11071
3827.99536 0.11647
3830.68823 0.06451
3833.38086 0.05504
3836.07129 0.01962
3838.76367 0.02235
3841.45581 0.02012
3844.14795 0.01208
3846.83960 0.03775
3849.53076 0.07591
3852.22607 0.09500
3854.91724 0.09163
3857.60767 0.13124
3860.29834 0.09032
3862.99072 -0.00083
3865.68262 0.01579
3868.37476 0.02398
3871.06836 -0.01146
3873.75977 0.04275
3876.45288 0.02830
3879.14404 0.04344
3881.83667 0.10382
3884.52686 0.06376
3887.21899 0.04925
3889.91089 0.09324
3892.60474 0.06186
3895.29614 0.05097
3897.98511 0.05729
3900.68018 0.03684
3903.37280 0.08693
3906.06494 0.05231
3908.75513 0.04711
3911.44678 0.05436
3914.14062 0.03144
3916.83154 0.01221
3919.52271 0.05299
3922.21533 0.03839
3924.90796 0.05914
3927.59985 0.08494
3930.29175 0.07421
3932.98315 0.09895
3935.67456 0.04987
3938.36743 0.04369
3941.05811 0.02432
3943.75244 0.01289
3946.44238 0.00720
3949.13867 0.02399
3951.82568 0.01237
3954.51880 0.05976
3957.21167 0.10801
3959.90430 0.11057
3962.59424 0.08674
3965.28638 0.10068
3967.97998 0.07352
3970.67090 0.01819
3973.36377 0.01681
3976.05640 0.02075
3978.74683 0.03628
3981.43848 0.03552
3984.13232 0.04314
3986.82153 0.06025
3989.51440 0.08630
3992.20703 0.09952
3994.89893 0.05236
3997.59326 0.04851
4000.28027 0.06208
4002.97363 -0.00147
4005.66650 0.03763
4008.35889 0.03215
4011.05127 0.08048
4013.74292 0.04607
4016.43433 0.06225
4019.12720 0.05251
4021.81787 0.07238
4024.51245 0.02923
4027.20435 0.05563
4029.89355 0.07459
4032.58667 0.06782
4035.27734 0.09979
4037.96997 0.05774
4040.66211 0.06590
4043.35376 0.07400
4046.04688 0.04823
4048.73999 0.02889
4051.43018 0.01525
4054.12256 0.03137
4056.81421 0.02968
4059.50757 0.06397
4062.19849 0.08800
4064.88892 0.11375
4067.58081 0.09332
4070.27466 0.10523
4072.96606 0.07642
4075.65674 0.03511
4078.35181 0.00451
4081.04126 -0.01011
4083.73535 0.02115
4086.42627 0.03869
4089.11694 0.08956
4091.80957 0.07695
4094.50171 0.09047
4097.19531 0.09847
4099.88623 0.07530
4102.57910 0.04166
4105.26904 0.02311
4107.96338 0.02576
4110.65674 0.04029
4113.34766 0.03216
4116.04004 0.07903
4118.72998 0.07707
4121.42188 0.07454
4124.11523 0.07502
4126.80518 0.05113
4129.49805 0.10026
4132.18945 0.07243
4134.88086 0.07632
4137.57373 0.09604
4140.26660 0.20145
4142.95850 -0.34067
4145.65039 0.10485
4148.34082 0.12100
4151.03369 0.03363
4153.72559 0.03285
4156.41748 -0.00359
4159.11084 0.01607
4161.80127 0.03616
4164.49365 0.04042
4167.18555 0.05484
4169.87646 0.08328
4172.56982 0.07130
4175.26172 0.10176
4177.95166 0.07499
4180.64502 0.03058
4183.33594 0.05203
4186.03076 -0.02442
4188.72266 0.02262
4191.41602 0.02884
4194.10693 0.04602
4196.79932 0.05874
4199.49121 0.09313
4202.18018 0.12424
4204.87061 0.10319
4207.56787 0.08032
4210.25732 0.06738
4212.95117 0.04820
4215.64160 -0.01358
4218.33154 -0.01227
4221.02588 0.05831
4223.71680 0.05483
4226.40967 0.06692
4229.10205 0.06756
4231.79395 0.06367
4234.48535 0.07642
4237.17773 0.07218
4239.87012 0.04702
4242.55908 0.06437
4245.25488 0.05237
4247.94482 0.02333
4250.63721 0.03470
4253.32861 0.05498
4256.02148 0.04974
4258.71143 0.05008
4261.40820 0.01625
4264.09717 0.03035
4266.79004 0.03210
4269.47998 0.04124
4272.17383 0.08156
4274.86475 0.07216
4277.55762 0.08094
4280.25195 0.08317
4282.94092 0.05902
4285.63379 0.06171
4288.32617 0.02965
4291.01758 0.02087
4293.70850 0.01777
4296.40186 0.02112
4299.09131 0.05342
4301.78516 0.08893
4304.47803 0.10072
4307.17041 0.10108
4309.86230 0.11544
4312.55322 0.09089
4315.24365 0.05354
4317.93555 0.05478
4320.62891 0.00673
4323.32227 0.00780
4326.01465 0.00281
4328.70361 0.04214
4331.39453 0.09198
4334.08691 0.09431
4336.78125 0.06138
4339.47217 0.08160
4342.16260 0.06212
4344.85498 0.06944
4347.54883 0.05111
4350.23926 0.04798
4352.93164 0.03031
4355.62305 0.04273
4358.31885 0.06945
4361.00928 0.04741
4363.70068 0.04977
4366.39160 0.05677
4369.08496 0.03919
4371.77686 0.01941
4374.46533 0.06537
4377.16064 0.07688
4379.85303 0.05723
4382.54443 0.05535
4385.23730 0.04081
4387.92725 0.04146
4390.62109 0.05933
4393.31201 0.03536
4396.00439 0.02248
4398.69629 -0.00319
4401.38965 0.03387
4404.07959 0.06897
4406.77148 0.05158
4409.46484 0.07487
4412.15527 0.08995
4414.84961 0.10835
4417.54053 0.08550
4420.23096 0.04613
4422.92480 0.03797
4425.61621 0.03560
4428.30908 0.01982
4431.00098 0.00410
4433.69238 0.03341
4436.38281 0.04393
4439.07471 0.08960
4441.76807 0.09392
4444.45850 0.09773
4447.15332 0.06790
4449.84180 0.06534
4452.53711 0.02070
4455.22656 0.03236
4457.92041 0.03462
4460.61328 0.02867
4463.30322 0.03091
4465.99658 0.03770
4468.68701 0.07431
4471.37891 0.04372
4474.07275 0.06142
4476.76514 0.03645
4479.45703 0.05985
4482.14844 0.06495
4484.83838 0.04965
4487.53076 0.06662
4490.22363 0.07239
4492.91650 0.10314
4495.60596 0.05960
4498.29932 0.03168
4500.99170 0.04832
4503.68359 0.00544
4506.37646 0.06516
4509.06885 0.05321
4511.76074 0.06210
4514.45117 0.07892
4517.14355 0.09763
4519.83740 0.10215
4522.52783 0.05933
4525.22021 0.05684
4527.91162 0.01764
4530.60400 -0.00383
4533.29590 0.02947
4535.98730 0.01477
4538.68018 0.02648
4541.37158 0.05028
4544.06250 0.06652
4546.75488 0.10494
4549.44678 0.08573
4552.13965 0.09504
4554.82959 0.07850
4557.52344 0.05596
4560.21631 0.01720
4562.90820 0.04098
4565.59961 0.02312
4568.28955 0.02156
4570.98389 0.05407
4573.67480 0.07934
4576.36719 0.05019
4579.05859 0.08447
4581.75195 0.06761
4584.44385 0.05899
4587.13525 0.06600
4589.82764 0.03737
4592.51953 -0.00801
4595.20801 0.03322
4597.90283 0.06701
4600.59473 0.05409
4603.28760 0.02246
4605.97998 0.03808
4608.66846 0.00954
4611.36377 0.01432
4614.05322 0.05132
4616.74658 0.05818
4619.43896 0.04639
4622.13037 0.09583
4624.82080 0.08091
4627.51562 0.06484
4630.20410 0.08353
4632.89893 0.05316
4635.59082 0.01487
4638.28174 0.01432
4640.97607 0.00736
4643.66504 0.02907
4646.35791 0.05894
4649.04980 0.08689
4651.74268 0.10453
4654.43555 0.09124
4657.12695 0.07457
4659.81982 0.08275
4662.51172 0.05820
4665.20264 0.01106
4667.89258 0.01974
4670.58691 0.02120
4673.27686 0.00599
4675.97168 0.02473
4678.66016 0.05891
4681.35547 0.05954
4684.04639 0.07647
4686.73975 0.05932
4689.42920 0.07380
4692.12012 0.05760
4694.81299 0.03044
4697.50684 0.03328
4700.19775 0.04143
4702.88965 0.04968
4705.58301 0.03825
4708.27588 0.07575
4710.96729 0.04387
4713.65723 0.04515
4716.35205 0.02718
4719.04297 0.00511
4721.73291 0.04589
4724.42676 0.07182
4727.11719 0.07120
4729.80908 0.08734
4732.50244 0.07630
4735.19482 0.06969
4737.88623 0.05793
4740.57617 0.04223
4743.27100 0.03213
4745.95898 0.00172
4748.65332 0.01883
4751.34717 0.06111
4754.03711 0.06733
4756.72852 0.09926
4759.42188 0.12267
4762.11377 0.07569
4764.80469 0.06327
4767.49707 0.05209
4770.19092 0.01832
4772.88135 0.00594
4775.57275 0.01498
4778.26904 0.02257
4780.95801 0.03617
4783.64941 0.06585
4786.33936 0.09456
4789.03320 0.07541
4791.72607 0.09024
4794.41797 0.07310
4797.11133 0.05649
4799.80078 0.03916
4802.49463 0.04366
4805.18457 0.01760
4807.87598 0.04309
4810.57178 0.04913
4813.26074 0.04252
4815.95410 0.06173
4818.64600 0.04552
4821.33984 0.04769
4824.02734 0.08036
4826.72119 0.07626
4829.41406 0.05639
4832.10596 0.07553
4834.79688 0.06361
4837.49121 0.07501
4840.17969 0.07457
4842.87207 0.05649
4845.56348 0.04583
4848.25879 0.03415
4850.95068 0.02453
4853.64111 0.00428
4856.33301 0.05627
4859.02637 0.04145
4861.71582 0.04298
4864.40967 0.09957
4867.10205 0.07184
4869.79102 0.06900
4872.48389 0.04829
4875.17822 0.02421
4877.86572 0.02419
4880.56055 -0.02427
4883.25391 0.04101
4885.94629 0.01555
4888.63477 0.07250
4891.32715 0.07371
4894.02148 0.07502
4896.71436 0.08838
4899.40576 0.08034
4902.09912 0.03622
4904.78809 0.05288
4907.47900 0.02391
4910.17090 0.00884
4912.86475 0.03223
4915.55664 0.05134
4918.24805 0.07902
4920.94092 0.05061
4923.63232 0.06274
4926.32520 0.05902
4929.01660 0.06078
4931.70996 0.04288
4934.40186 0.07735
4937.09229 0.03686
4939.78467 0.03981
4942.47803 0.05205
4945.17041 0.05325
4947.86133 0.05222
4950.55420 0.05996
4953.24561 0.03474
4955.93555 0.03208
4958.62695 0.03620
4961.32275 0.04423
4964.01172 0.05898
4966.70215 0.06426
4969.39404 0.10102
4972.08984 0.08407
4974.77930 0.07890
4977.47314 0.08581
4980.16553 0.03917
4982.85645 0.03012
4985.55176 0.01435
4988.24268 0.02737
4990.93262 0.03289
4993.62402 0.05057
4996.31641 0.08093
4999.00830 0.10509
5001.70117 0.10998
5004.38965 0.08466
5007.08594 0.06056
5009.77490 0.04961
5012.46826 0.00540
5015.16016 0.02115
5017.85059 0.03410
5020.54248 0.04042
5023.23584 0.05991
5025.92822 0.06038
5028.62207 0.08491
5031.31152 0.08412
5034.00244 0.08758
5036.69482 0.07401
5039.38867 0.05498
5042.08105 0.04756
5044.77246 0.06132
5047.46533 0.03730
5050.15625 0.04320
5052.84912 0.05652
5055.54053 0.03378
5058.23340 0.06087
5060.92480 0.06257
5063.61523 0.05333
5066.30664 0.01493
5068.99951 0.03160
5071.69141 0.08707
5074.38477 0.06857
5077.07617 0.08248
5079.76660 0.09308
5082.46094 0.07595
5085.15137 0.04587
5087.84326 0.00796
5090.53369 0.01920
5093.22852 0.01228
5095.91650 0.03020
5098.61084 0.06593
5101.30420 0.07957
5103.99365 0.07760
5106.68701 0.09716
5109.37891 0.08418
5112.07275 0.06881
5114.76172 0.04608
5117.45508 0.00501
5120.14746 0.01367
5122.84082 0.01340
5125.53027 0.03141
5128.22363 0.05403
5130.91309 0.07080
5133.60645 0.08804
5136.30127 0.10185
5138.98926 0.06413
5141.68457 0.06499
5144.37500 0.04928
5147.06738 0.05372
5149.75781 0.03021
5152.45020 0.05193
5155.14062 0.05816
5157.83252 0.04599
5160.52930 0.04270
5163.21826 0.04403
5165.90869 0.04286
5168.60400 0.02881
5171.29443 0.05302
5173.98633 0.04816
5176.67725 0.07211
5179.37158 0.06310
5182.06250 0.07083
5184.75439 0.04454
5187.44775 0.04698
5190.13965 0.04878
5192.83008 0.04411
5195.52148 0.01471
5198.21484 0.01222
5200.90674 0.05155
5203.59668 0.06058
5206.29150 0.08033
5208.98193 0.08921
5211.67334 0.06917
5214.36621 0.10151
5217.06055 0.07700
5219.75098 0.05620
5222.44189 0.00648
5225.13525 0.02033
5227.82617 0.01947
5230.51904 0.03641
5233.21045 0.01800
5235.89990 0.05861
5238.59082 0.05198
5241.28955 0.11445
5243.97754 0.08378
5246.66992 0.04642
5249.36377 0.04810
5252.05615 0.02738
5254.74365 0.04492
5257.43896 0.03491
5260.12939 0.04940
5262.82178 0.05177
5265.51514 0.05460
5268.20410 0.06832
5270.89746 0.07303
5273.59180 0.05558
5276.28223 0.06911
5278.97363 0.05510
5281.66650 0.06219
5284.35547 0.05490
5287.04785 0.04975
5289.74219 0.05083
5292.43506 0.05507
5295.12305 0.06244
5297.81836 0.04892
5300.50928 0.01785
5303.20166 0.03662
5305.89258 0.04110
5308.58496 0.04695
5311.27783 0.04597
5313.97021 0.06473
5316.66309 0.07664
5319.35254 0.08250
5322.04541 0.08363
5324.73682 0.02618
5327.42969 0.04136
5330.12402 0.04326
5332.81396 0.01138
5335.50537 0.02192
5338.20068 0.03137
5340.88867 0.06475
5343.58057 0.06247
5346.27441 0.08194
5348.96338 0.09090
5351.65723 0.05548
5354.35156 0.05057
5357.04199 0.03354
5359.73047 0.02659
5362.42383 0.03415
5365.11816 0.03204
5367.80762 0.03138
5370.49902 0.04566
5373.19141 0.08271
5375.88818 0.07105
5378.58008 0.08053
5381.26807 0.07412
5383.95996 0.05756
5386.65332 0.03901
5389.34473 0.02297
5392.03760 0.06833
5394.72949 0.05440
5397.41895 0.05625
5400.11328 0.05819
5402.80273 0.04643
5405.49658 0.02952
5408.18848 0.03349
5410.88232 0.06671
5413.57422 0.03090
5416.26465 0.04970
5418.95605 0.04632
5421.64941 0.10032
5424.34326 0.07259
5427.03320 0.09010
5429.72412 0.06342
5432.41943 0.01182
5435.10986 0.01854
5437.80225 0.00662
5440.49219 0.02575
5443.18701 0.04301
5445.87695 0.07439
5448.56836 0.08209
5451.26123 0.11488
5453.95215 0.07656
5456.64453 0.07924
5459.33545 0.06292
5462.02734 0.04667
5464.72070 0.02348
5467.41211 0.02105
5470.10547 0.02799
5472.79688 0.02797
5475.48926 0.06992
5478.18018 0.07423
5480.87549 0.09552
5483.56592 0.07674
5486.25781 0.07990
5488.94824 0.06464
5491.64014 0.03862
5494.33594 0.01753
5497.02393 0.05367
5499.71680 0.01280
5502.40723 0.03947
5505.10254 0.05112
5507.79297 0.04941
5510.48438 0.06257
5513.17725 0.02423
5515.86865 0.07405
5518.55811 0.05243
5521.25195 0.04015
5523.94482 0.04083
5526.63525 0.08115
5529.32666 0.05174
5532.02002 0.04964
5534.71143 0.05221
5537.40723 0.04813
5540.09521 0.03634
5542.78711 0.03525
5545.48096 0.05931
5548.17334 0.03160
5550.86328 0.04766
5553.55469 0.08082
5556.24707 0.08671
5558.93848 0.10131
5561.63379 0.08661
5564.32715 0.05667
5567.01562 0.03351
5569.70557 0.03464
5572.39697 0.01238
5575.09277 0.03989
5577.78418 0.04294
5580.47607 0.04317
5583.16699 0.08054
5585.85840 0.08026
5588.55469 0.06642
5591.24268 0.10203
5593.93555 0.08191
5596.62598 0.03407
5599.32129 0.03949
5602.01465 0.03806
5604.70361 0.02444
5607.39600 0.04333
5610.09082 0.05549
5612.77979 0.06237
5615.47021 0.05958
5618.16211 0.06026
5620.85547 0.06784
5623.54639 0.07831
5626.23926 0.04873
5628.93066 0.03142
5631.62256 0.04595
5634.31592 0.04313
5637.00781 0.07926
5639.69775 0.08138
5642.39160 0.04121
5645.08447 0.05766
5647.77490 0.01865
5650.46631 0.01890
5653.15967 0.04004
5655.85449 0.05969
5658.54688 0.07387
5661.23438 0.05223
5663.92676 0.08351
5666.61719 0.06643
5669.31152 0.05892
5672.00439 0.04474
5674.69531 0.02163
5677.38770 0.00131
5680.07812 0.01957
5682.76953 0.03933
5685.46289 0.08388
5688.15674 0.09279
5690.84619 0.07884
5693.54004 0.12669
5696.23145 0.06804
5698.92480 0.08291
5701.61621 0.04665
5704.30859 0.01852
5707.00195 0.03490
5709.69385 0.03499
5712.38379 0.01703
5715.07520 0.00785
5717.76807 0.03762
5720.45850 0.06171
5723.15381 0.07325
5725.84375 0.07400
5728.53516 0.06166
5731.22754 0.04749
5733.92188 0.03060
5736.61035 0.05685
5739.30371 0.04127
5741.99512 0.02771
5744.68506 0.07544
5747.37891 0.03858
5750.07080 0.06450
5752.76074 0.04774
5755.45557 0.02984
5758.14795 0.02469
5760.83887 0.01947
5763.53076 0.06888
5766.22412 0.07627
5768.91211 0.05431
5771.60791 0.07974
5774.29883 0.06268
5776.99072 0.03536
5779.68066 0.04380
5782.37451 0.02352
5785.06738 0.01843
5787.75781 0.01203
5790.45020 0.05567
5793.14014 0.09964
5795.83398 0.05985
5798.52979 0.09183
5801.22070 0.08875
5803.90869 0.06401
5806.60205 0.06329
5809.29248 0.04158
5811.98535 0.02958
5814.67822 -0.00345
5817.37061 0.02616
5820.06299 0.01717
5822.75391 0.03505
5825.44629 0.07973
5828.13623 0.10216
5830.83105 0.08945
5833.52051 0.07329
5836.21777 0.03768
5838.90625 0.02158
5841.59619 0.02368
5844.29102 0.05075
5846.97949 0.05137
5849.67676 0.04178
5852.36572 0.03912
5855.05469 0.04486
5857.74951 0.05722
5860.44141 0.06014
5863.13477 0.04057
5865.82324 0.04126
5868.51953 0.03727
5871.20654 0.04135
5873.90186 0.06831
5876.59521 0.05332
5879.28613 0.07638
5881.97510 0.04757
5884.67236 -0.00755
5887.36377 0.02108
5890.05371 0.01897
5892.74756 0.02382
5895.43652 0.02654
5898.12988 0.04426
5900.82178 0.08304
5903.51025 0.06559
5906.20752 0.07692
5908.89648 0.06914
5911.58984 0.05742
5914.28027 0.03538
5916.97217 0.00226
5919.66650 0.00310
5922.35742 0.01138
5925.05029 0.03933
5927.74072 0.04681
5930.43311 0.10795
5933.12207 0.08661
5935.82031 0.05796
5938.51221 0.06911
5941.19873 0.09023
5943.89404 0.05513
5946.58350 0.05095
5949.27734 0.03783
5951.96533 0.05579
5954.66211 0.02269
5957.35596 0.04782
5960.04541 0.05528
5962.73535 0.04729
5965.42969 0.05375
5968.12256 0.05661
5970.81299 0.05584
5973.50781 0.04708
5976.19775 0.05790
5978.88867 0.07170
5981.58057 0.05355
5984.27393 0.08817
5986.96484 0.02633
5989.65771 0.04333
5992.35107 0.04646
5995.03955 0.04982
5997.73242 0.03851
6000.42627 0.02729
6003.11475 0.02725
6005.80762 0.04150
6008.50244 0.08882
6011.19092 0.08041
6013.88428 0.07467
6016.57861 0.07112
6019.26807 0.01495
6021.96191 0.02816
6024.65332 0.02634
6027.34668 0.00883
6030.04053 0.02787
6032.72949 0.03556
6035.42188 0.06754
6038.11328 0.07117
6040.80518 0.09502
6043.49512 0.08911
6046.18994 0.06070
6048.88281 0.03222
6051.57324 0.02352
6054.26465 0.03489
6056.95703 0.02559
6059.64795 0.02079
6062.33984 0.05548
6065.03320 0.07462
6067.72363 0.08316
6070.41602 0.06394
6073.10596 0.07550
6075.80029 0.04850
6078.49219 0.03892
6081.18652 0.08922
6083.87744 0.05484
6086.56689 0.01444
6089.26025 0.04800
6091.95215 0.07189
6094.64502 0.01662
6097.33545 0.06493
6100.02734 0.02145
6102.71680 0.04917
6105.41162 0.03389
6108.10693 0.03150
6110.79688 0.07533
6113.48730 0.04069
6116.18018 0.08219
6118.87354 0.08645
6121.56445 0.06558
6124.25732 0.05887
6126.94727 0.05643
6129.64209 0.02024
6132.33105 0.01570
6135.02197 0.01173
6137.71680 0.04684
6140.40967 0.05708
6143.10059 0.08480
6145.79492 0.10588
6148.48535 0.06145
6151.17578 0.06423
6153.87109 0.03641
6156.56104 0.02193
6159.25195 0.01709
6161.94385 0.03150
6164.63721 0.02585
6167.32520 0.05248
6170.02051 0.03911
6172.71045 0.08384
6175.40479 0.05261
6178.09424 0.07706
6180.78760 0.05731
6183.48193 0.06922
6186.17139 0.03445
6188.86523 0.01831
6191.55371 0.03343
6194.24609 0.05183
6196.93945 0.05710
6199.63135 0.06028
6202.32422 0.05072
6205.01807 0.05715
6207.70947 0.04615
6210.40186 0.03804
6213.09277 0.06049
6215.78467 0.06266
6218.47412 0.05299
6221.16797 0.05375
6223.85645 0.07687
6226.55322 0.06307
6229.24072 0.06345
6231.93604 0.02831
6234.62842 0.02696
6237.31982 0.01177
6240.01172 0.03290
6242.70117 0.03847
6245.39551 0.06868
6248.08789 0.07435
6250.77686 0.09836
6253.47168 0.06995
6256.16357 0.05824
6258.85352 0.04109
6261.54736 0.00631
6264.24023 0.00341
6266.92969 0.03060
6269.62402 0.02212
6272.31641 0.02757
6275.00635 0.04413
6277.69727 0.06315
6280.39258 0.06162
6283.07959 0.08355
6285.77734 0.07536
6288.46924 0.05122
6291.15918 0.03901
6293.85010 0.01638
6296.54248 0.01675
6299.23584 0.01992
6301.92969 0.05944
6304.61523 0.04549
6307.30859 0.05832
6310.00342 0.04804
6312.69531 0.05558
6315.38525 0.04085
6318.07959 0.05590
6320.76855 0.06438
6323.46191 0.04664
6326.15576 0.05815
6328.84814 0.06487
6331.53760 0.04634
6334.22900 0.06581
6336.92090 0.05105
6339.61377 0.05524
6342.30518 0.04121
6345.00049 0.03326
6347.69336 0.05255
6350.38428 0.06644
6353.07275 0.06720
6355.76562 0.08973
6358.45605 0.08703
6361.14795 0.06969
6363.84131 0.07216
6366.53223 0.02454
6369.22754 0.02484
6371.91699 0.00935
6374.61084 0.00439
6377.30273 0.01904
6379.99512 0.05376
6382.68604 0.08296
6385.37744 0.08151
6388.06982 0.05944
6390.76367 0.09855
6393.45605 0.06806
6396.14844 0.03514
6398.83838 0.00676
6401.52979 0.02645
6404.22266 0.01181
6406.91260 0.05873
6409.60400 0.04070
6412.29639 0.05141
6414.98975 0.06527
6417.68115 0.04590
6420.37305 0.04983
6423.06641 0.04883
6425.75781 0.04253
6428.45312 0.04471
6431.14307 0.02609
6433.83350 0.05179
6436.52539 0.05658
6439.21875 0.05751
6441.90967 0.08418
6444.59766 0.03505
6447.29395 0.03166
6449.98828 0.02993
6452.68018 0.03657
6455.36963 0.06209
6458.05957 0.03595
6460.75146 0.07065
6463.44336 0.05004
6466.13721 0.07731
6468.82861 0.01328
6471.52148 0.02379
6474.21436 0.00900
6476.90576 0.01508
6479.59766 0.01978
6482.28809 0.03344
6484.97852 0.04416
6487.67432 0.05417
6490.36719 0.06416
6493.05469 0.09936
6495.75293 0.11300
6498.44238 0.04999
6501.13330 0.02966
6503.82129 0.03585
6506.51758 0.00476
6509.21094 0.01121
6511.89893 0.03331
6514.59473 0.01911
6517.28516 0.05230
6519.97607 0.04920
6522.67236 0.04041
6525.36133 0.06827
6528.05225 0.04237
6530.74805 0.05229
6533.43750 0.04668
6536.13135 0.01781
6538.82324 0.03703
6541.51270 0.04072
6544.20654 0.05721
6546.89404 0.04829
6549.59082 0.08349
6552.28076 0.05281
6554.96826 0.03836
6557.66406 0.03282
6560.35400 0.04715
6563.05176 0.04854
6565.73975 0.05903
6568.43311 0.06816
6571.12402 0.05051
6573.81934 0.05518
6576.50830 0.05695
6579.20264 -0.00457
6581.88965 -0.00918
6584.58643 -0.00583
6587.27588 0.02618
6589.97119 0.02661
6592.66309 0.07614
6595.35645 0.06621
6598.04297 0.08450
6600.73877 0.09294
6603.42822 0.06183
6606.12207 0.02486
6608.80957 0.04995
6611.50244 0.00521
6614.20020 0.00246
6616.88770 0.00163
6619.57959 0.04688
6622.26953 0.05409
6624.96387 0.06712
6627.65527 0.07407
6630.34863 0.07381
6633.03955 0.05773
6635.73047 0.04518
6638.42334 0.04125
6641.11719 0.02732
6643.80811 0.01234
6646.49658 0.02487
6649.19385 0.04429
6651.88477 0.07881
6654.57666 0.04914
6657.26904 0.06198
6659.95605 0.01555
6662.65137 0.04332
6665.34375 0.05668
6668.03760 0.07446
6670.72510 0.05016
6673.42090 0.04795
6676.11426 0.05361
6678.80518 0.03913
6681.49609 0.02796
6684.18945 0.06037
6686.87939 0.02148
6689.57080 0.02367
6692.26367 0.02530
6694.95703 0.03691
6697.64795 0.05608
6700.34033 0.06635
6703.02930 0.07367
6705.72363 0.06220
6708.41455 0.07094
6711.10791 0.06056
6713.80127 0.01737
6716.48877 -0.00437
6719.18457 0.01415
6721.87451 0.00878
6724.56543 0.03765
6727.26074 0.05309
6729.95312 0.06510
6732.64697 0.07807
6735.33447 0.06015
6738.02734 0.07650
6740.72070 0.03516
6743.41113 0.06604
6746.10303 0.04327
6748.79639 0.02506
6751.48633 0.01716
6754.18164 0.02865
6756.87451 0.05890
6759.56445 0.06923
6762.25879 0.03596
6764.94678 0.03834
6767.63623 0.04842
6770.33008 0.04743
6773.02148 0.03489
6775.71436 0.05490
6778.40430 0.04104
6781.09863 0.04169
6783.79102 0.05469
6786.47998 0.03649
6789.17480 0.05907
6791.86621 0.03806
6794.55859 0.05194
6797.24854 0.05661
6799.93945 0.03357
6802.63525 0.05166
6805.32471 0.04486
6808.01855 0.06581
6810.71387 0.07516
6813.40674 0.07498
6816.09668 0.07031
6818.78711 0.03445
6821.47998 0.01362
6824.16846 0.00760
6826.86328 0.00269
6829.55469 0.04609
6832.24707 0.05841
6834.93701 0.04680
6837.63184 0.09213
6840.32373 0.07793
6843.01660 0.05680
6845.70703 0.05183
6848.40186 0.04647
6851.09033 -0.01023
6853.78418 -0.00391
6856.47119 0.00643
6859.16650 0.03136
6861.85938 0.04834
6864.54980 0.06231
6867.24072 0.07755
6869.93311 0.05101
6872.62695 0.07046
6875.32080 0.03372
6878.01270 0.05707
6880.70557 0.05028
6883.39551 0.05656
6886.08984 0.04952
6888.78174 0.04927
6891.47217 0.01291
6894.16211 0.04915
6896.85352 0.06192
6899.54590 0.01947
6902.23584 0.04086
6904.93066 0.05278
6907.62256 0.02322
6910.31201 0.05504
6913.00586 0.07049
6915.69629 0.07975
6918.39307 0.06281
6921.08252 0.05310
6923.77295 0.03294
6926.46826 0.02358
6929.15723 0.01913
6931.84717 0.02202
6934.54541 0.03159
6937.23438 0.05283
6939.92383 0.05589
6942.61768 0.08950
6945.30908 0.05972
6948.00098 0.07027
6950.69824 0.05844
6953.38574 0.03449
6956.08057 0.00479
6958.76953 0.01730
6961.46338 0.01684
6964.15820 0.00744
6966.84668 0.05774
6969.53955 0.04941
6972.22998 0.05569
6974.92139 0.06397
6977.61328 0.07013
6980.30664 0.08048
6982.99707 0.01608
6985.68945 0.05052
6988.38574 0.03055
6991.07178 0.03918
6993.76660 0.05158
6996.45850 0.03509
6999.15186 0.03628
7001.84180 0.05673
7004.53662 0.04616
7007.22510 0.03751
7009.91846 0.04346
7012.60889 0.05569
7015.30420 0.03712
7017.99316 0.06397
7020.68652 0.06596
7023.37695 0.07141
7026.06885 0.03139
7028.76172 0.01741
7031.45166 0.04822
7034.14307 0.01662
7036.83887 0.02788
7039.53223 0.03878
7042.22217 0.03478
7044.91357 0.06887
7047.60205 0.07795
7050.29883 0.07416
7052.98926 0.06447
7055.68066 0.07132
7058.37354 0.07329
7061.06348 0.01681
7063.75781 0.03217
7066.44922 0.02112
7069.14258 0.02838
7071.83252 0.02609
7074.52344 0.05080
7077.21533 0.06922
7079.91162 0.08581
7082.59863 0.05476
7085.29297 0.05692
7087.98584 0.04021
7090.67432 0.02175
7093.36914 0.01654
7096.06055 0.01840
7098.75293 0.02581
7101.44238 0.03578
7104.13623 0.02305
7106.83203 0.03299
7109.52100 0.04827
7112.21436 0.04488
7114.90869 0.04089
7117.60107 0.02979
7120.28955 0.02891
7122.98291 0.03446
7125.67432 0.08961
7128.36523 0.05517
7131.05469 0.03715
7133.74463 0.04590
7136.44336 0.03482
7139.13525 0.03001
7141.82471 0.02505
7144.51465 0.05097
7147.20996 0.02692
7149.89795 0.05097
7152.59521 0.07926
7155.28516 0.07582
7157.97656 0.04829
7160.66504 0.06299
7163.36182 0.03205
7166.05273 0.01926
7168.74365 0.02630
7171.44043 0.00987
7174.12598 0.03609
7176.81641 0.04865
7179.51172 0.03247
7182.20459 0.06686
7184.89746 0.08935
7187.58838 0.04596
7190.27979 0.07183
7192.97217 0.05791
7195.66553 0.01105
7198.35254 0.03754
7201.04443 0.01839
7203.73682 0.00963
7206.43408 0.03985
7209.12500 0.04844
7211.81689 0.05562
7214.50928 0.06667
7217.19922 0.05972
7219.89404 0.05510
7222.58594 0.03406
7225.27490 0.04884
7227.96875 0.05664
7230.66309 0.04407
7233.35059 0.05393
7236.04395 0.06736
7238.73389 0.05969
7241.42871 0.01495
7244.12061 0.02701
7246.81299 0.02024
7249.50732 0.06752
7252.19385 0.04412
7254.88965 0.06651
7257.58252 0.04725
7260.27246 0.06605
7262.96289 0.06670
7265.65527 0.06573
7268.34814 0.04361
7271.03760 0.03715
7273.73291 0.02787
7276.42480 0.01930
7279.11377 0.02699
7281.80762 0.02353
7284.50244 0.03224
7287.19434 0.07614
7289.88281 0.07307
7292.57666 0.08303
7295.26758 0.05224
7297.95947 0.05922
7300.65234 0.05297
7303.34229 0.01592
7306.03662 0.03438
7308.73242 0.01695
7311.42139 0.03145
7314.11133 0.02896
7316.80225 0.07211
7319.49316 0.08123
7322.18652 0.07677
7324.87988 0.06849
7327.57080 0.07349
7330.26270 0.04312
7332.95508 0.04957
7335.64453 0.02975
7338.33936 0.05752
7341.03125 0.06898
7343.72363 0.03263
7346.41699 0.03397
7349.10791 0.11238
7351.79883 -0.23025
7354.49170 0.02740
7357.18115 0.05438
7359.87158 0.03427
7362.56689 0.03797
7365.25977 0.03761
7367.94824 0.06121
7370.64307 0.03687
7373.33447 0.02687
7376.02686 0.02426
7378.72021 0.02258
7381.41016 0.01899
7384.10547 0.03709
7386.79346 0.02578
7389.48682 0.04758
7392.18066 0.05167
7394.87158 0.05891
7397.56396 0.05602
7400.25684 0.04945
7402.94678 0.04136
7405.63721 0.01971
7408.32910 0.00881
7411.02197 0.01585
7413.71191 0.00311
7416.40674 0.03231
7419.09863 0.04230
7421.78711 0.05305
7424.48535 0.08299
7427.17578 0.05804
7429.86719 0.07223
7432.55957 0.04176
7435.24902 0.03903
7437.94385 0.04115
7440.63525 0.02263
7443.32715 0.04733
7446.02051 0.03341
7448.71094 0.04202
7451.40625 0.05623
7454.09424 0.05225
7456.78711 0.03359
7459.47705 0.08740
7462.17236 0.01389
7464.86426 0.03559
7467.55273 0.06067
7470.24658 0.01932
7472.93750 0.03933
7475.62939 0.03007
7478.32227 0.04998
7481.01514 0.01743
7483.70605 0.01246
7486.39746 0.03531
7489.08984 -0.00003
7491.78320 0.06369
7494.47412 0.04930
7497.16504 0.05837
7499.85742 0.05258
7502.55078 0.06548
7505.24072 0.07458
7507.93506 0.07381
7510.62305 0.03675
7513.32031 0.05279
7516.01025 0.02715
7518.70117 0.01771
7521.39258 0.02193
7524.08496 0.03123
7526.77881 0.01976
7529.46924 0.09789
7532.16504 0.07231
7534.85303 0.06548
7537.54639 0.03986
7540.24072 0.03973
7542.93164 0.03452
7545.62354 0.00898
7548.31299 0.03679
7551.00684 0.03831
7553.69727 0.00957
7556.38965 0.06115
7559.08203 0.04949
7561.77539 0.05754
7564.46582 0.05259
7567.15723 0.06063
7569.85010 0.03732
7572.54346 0.05085
7575.23340 0.06829
7577.92871 0.03542
7580.61670 0.03812
7583.31006 0.03957
7586.00391 0.03760
7588.69434 0.04005
7591.38672 0.03717
7594.07910 0.01336
7596.76465 0.03881
7599.45898 0.04089
7602.15430 0.06039
7604.84717 0.04256
7607.53564 0.05839
7610.23047 0.05461
7612.92578 0.06120
7615.61279 0.04576
7618.30176 0.03083
7620.99561 0.04473
7623.69043 0.01558
7626.37744 0.03918
7629.07031 0.02252
7631.76416 0.05000
7634.45801 0.05682
7637.14941 0.05769
7639.83740 0.08138
7642.53076 0.07565
7645.22852 0.03270
7647.91943 0.03746
7650.60742 0.02036
7653.29980 0.00953
7655.99316 0.03250
7658.68408 0.04662
7661.37549 0.05099
7664.07178 0.05005
7666.76074 0.07416
7669.45068 0.06604
7672.14600 0.04889
7674.83789 0.02887
7677.53027 0.06451
7680.21973 0.03033
7682.91455 0.02427
7685.60205 0.04581
7688.29443 0.04655
7690.99170 0.04987
7693.67725 0.04240
7696.37256 0.04886
7699.06445 0.04615
7701.75781 0.02801
7704.44678 0.04456
7707.14160 0.03899
7709.83301 0.04292
7712.52539 0.06659
7715.21436 0.06221
7717.90869 0.05981
7720.59961 0.05809
7723.29541 0.02565
7725.98438 0.02603
7728.67822 0.03059
7731.36865 0.06656
7734.06006 0.05595
7736.75195 0.03188
7739.44531 0.06896
7742.13525 0.06016
7744.83057 0.05484
7747.52246 0.09543
7750.21533 0.06143
7752.90479 0.03084
7755.59912 0.03355
7758.29053 0.02689
7760.97852 0.02306
7763.67578 0.02907
7766.36572 0.04156
7769.05664 0.07120
7771.74854 0.04605
7774.44092 0.08108
7777.13037 0.07801
7779.82520 0.06179
7782.52051 0.04013
7785.20850 0.02106
7787.90088 0.02079
7790.59473 0.02855
7793.28174 0.03214
7795.97314 0.02979
7798.66553 0.04842
7801.35889 0.03285
7804.04883 0.04978
7806.74414 0.06262
7809.43604 0.05852
7812.12891 0.05080
7814.81836 0.04069
7817.51318 0.06198
7820.20459 0.04276
7822.89648 0.03636
7825.58545 0.04310
7828.27539 0.03612
7830.97070 0.02988
7833.66650 0.02158
7836.35938 0.03285
7839.04785 0.03549
7841.73877 0.02419
7844.42920 0.04413
7847.12109 0.06431
7849.81836 0.05618
7852.50781 0.04718
7855.20312 0.07361
7857.88965 0.04338
7860.58252 0.01788
7863.27490 0.01327
7865.96484 0.01859
7868.66016 0.02782
7871.35156 0.03816
7874.04053 0.05879
7876.73340 0.07354
7879.42822 0.07507
7882.11914 0.10528
7884.81104 0.05088
7887.49951 0.04228
7890.19727 0.03971
7892.88818 0.01630
7895.57959 0.03220
7898.27148 0.04489
7900.96484 0.05893
7903.65430 0.02893
7906.34912 0.05401
7909.03613 0.06142
7911.73340 0.04308
7914.42676 0.04359
7917.11670 0.05108
7919.80713 0.05100
7922.49854 0.03405
7925.19189 0.02480
7927.88037 0.04361
7930.57520 0.04104
7933.26660 0.05243
7935.95410 0.03980
7938.65576 0.02485
7941.34521 0.03684
7944.03516 0.03287
7946.72656 0.03027
7949.41895 0.03568
7952.10791 0.07356
7954.80566 0.06459
7957.49609 0.04205
7960.18359 0.05242
7962.88037 0.03943
7965.56885 0.02958
7968.26367 0.00951
7970.95410 0.00979
7973.64551 0.02282
7976.33838 0.04296
7979.03125 0.06026
7981.72168 0.07627
7984.41211 0.08227
7987.10400 0.05474
7989.80127 0.04311
7992.49463 0.04370
7995.18066 0.03252
7997.87598 0.02709
8000.56348 -0.00324
8003.26074 0.00807
8005.94971 0.04306
8008.64453 0.06741
8011.33594 0.05923
8014.02783 0.06111
8016.72119 0.04933
8019.41064 0.05252
8022.10498 0.04049
8024.79639 0.02351
8027.48438 0.04780
8030.17725 0.00802
8032.87549 0.01126
8035.56152 0.04156
8038.25293 0.03532
8040.94580 0.03470
8043.63916 0.03152
8046.32812 0.03573
8049.02344 0.01548
8051.71045 0.01970
8054.40674 0.04368
8057.09619 0.05636
8059.79492 0.06410
8062.48096 0.06485
8065.17676 0.07746
8067.86475 0.05461
8070.56250 0.03423
8073.24805 0.01981
8075.94336 0.01971
8078.63477 0.01923
8081.32715 0.01778
8084.02051 0.06432
8086.71045 0.07164
8089.40137 0.04082
8092.09277 0.08046
8094.79004 0.04194
8097.47852 0.03514
8100.16846 0.03099
8102.85938 0.01181
8105.55566 -0.00164
8108.24756 0.01782
8110.94189 0.03540
8113.63184 0.02283
8116.32715 0.05967
8119.01855 0.06160
8121.70654 0.04780
8124.40430 0.06526
8127.08984 0.06849
8129.78076 0.04252
8132.47217 0.04637
8135.16016 0.03700
8137.85352 0.04204
8140.55273 0.05365
8143.24365 0.03100
8145.93066 0.05916
8148.62744 0.04246
8151.31689 0.04764
8154.00684 0.05295
8156.70605 0.04182
8159.39795 0.05997
8162.09082 0.04007
8164.77490 0.07110
8167.46924 0.05297
8170.15527 0.05062
8172.85596 0.03144
8175.53955 0.03786
8178.24170 0.04841
8180.93164 -0.00898
8183.62646 0.03012
8186.30908 0.03644
8189.00195 0.04091
8191.69971 0.05265
8194.38867 0.07421
8197.08008 0.05550
8199.77148 0.08345
8202.46387 0.04559
8205.15723 0.03421
8207.84668 0.01408
8210.54199 -0.00301
8213.23340 0.02457
8215.91992 0.04368
8218.61816 0.04648
8221.30273 0.08171
8224.00195 0.06366
8226.69336 0.07531
8229.38574 0.05085
8232.07422 0.02862
8234.76855 0.02065
8237.46387 0.00653
8240.15430 0.01967
8242.85059 0.02635
8245.53906 0.04509
8248.22363 0.05419
8250.91406 0.05774
8253.60938 0.05006
8256.30176 0.05715
8258.99414 0.04003
8261.69238 0.01507
8264.38281 0.04206
8267.06836 0.03771
8269.76953 0.03960
8272.45801 -0.00208
8275.15137 0.02314
8277.84082 0.05215
8280.53613 -0.00320
8283.22754 -0.10869
8285.91602 0.10409
8288.60449 -0.03002
8291.30273 -0.00920
8293.99414 0.05154
8296.68066 0.05637
8299.37305 0.08593
8302.07031 0.06084
8304.75586 0.05256
8307.45020 0.07002
8310.14648 0.03753
8312.84277 0.05295
8315.53125 0.00473
8318.22461 0.00268
8320.91504 0.02037
8323.60156 0.02179
8326.29395 0.04356
8328.98633 0.04470
8331.67969 0.06783
8334.37402 0.05834
8337.06055 0.07513
8339.75684 0.01977
8342.44434 0.03219
8345.13379 0.01666
8347.83203 0.02380
8350.52246 0.04172
8353.21875 0.02667
8355.91113 0.03475
8358.59473 0.07434
8361.28809 0.06136
8363.98828 0.05999
8366.67480 0.04919
8369.36230 0.04258
8372.06445 0.05440
8374.75391 0.02573
8377.44336 0.01673
8380.13867 0.05898
8382.82129 0.03562
8385.51855 0.04036
8388.21680 0.03358
8390.90625 0.03419
8393.59180 0.04521
8396.29297 0.00451
8398.98047 0.03806
8401.67383 0.03568
8404.36816 0.06376
8407.05762 0.04735
8409.74512 0.05127
8412.44141 0.03323
8415.12500 0.02899
8417.82324 0.03123
8420.51758 0.02082
8423.20898 0.02301
8425.90039 0.01879
8428.58887 0.03473
8431.28223 0.05427
8433.97559 0.05296
8436.66211 0.07004
8439.35742 0.05760
8442.04590 0.06046
8444.74805 0.02274
8447.43750 0.01807
8450.12695 0.01436
8452.81836 0.02107
8455.51074 0.02015
8458.20312 0.01573
8460.89648 0.05511
8463.59082 0.04965
8466.27734 0.07347
8468.97266 0.04444
8471.66113 0.05168
8474.35449 0.04639
8477.04785 0.01106
8479.73828 0.02195
8482.42969 0.04283
8485.12598 0.03470
8487.80957 0.01948
8490.51270 0.01336
8493.19824 0.04457
8495.88867 0.03169
8498.58496 0.04803
8501.27246 0.03469
8503.97070 0.03759
8506.66016 0.04837
8509.34570 0.04673
8512.04199 0.01954
8514.73828 0.03366
8517.42676 0.04274
8520.11621 0.04420
8522.81055 0.02843
8525.50586 0.02503
8528.19727 0.01982
8530.88477 0.02468
8533.57812 0.01333
8536.26758 0.05065
8538.96289 0.05695
8541.65918 0.04165
8544.35059 0.08687
8547.03906 0.07510
8549.73340 0.02660
8552.42188 0.02057
8555.11816 -0.00336
8557.80078 0.01719
8560.49219 0.02236
8563.19043 0.01269
8565.88477 0.04488
8568.57031 0.06322
8571.26660 0.05340
8573.96289 0.05241
8576.65039 0.06794
8579.34375 0.03487
8582.03418 0.02022
8584.72461 0.03043
8587.41602 0.01766
8590.10840 0.04313
8592.80176 0.04128
8595.49512 0.04280
8598.18066 0.02618
8600.88086 0.05313
8603.57324 0.04254
8606.26172 0.06459
8608.95410 0.05688
8611.64941 0.04443
8614.33887 0.04318
8617.03027 0.03404
8619.72266 0.04437
8622.41602 0.04432
8625.10449 0.03705
8627.79883 0.03786
8630.49512 0.02962
8633.18164 0.00813
8635.87891 0.02575
8638.56250 0.03826
8641.25684 0.03070
8643.95117 0.04379
8646.64258 0.06503
8649.33984 0.06178
8652.02246 0.04154
8654.71582 0.05615
8657.40527 0.04221
8660.10059 0.01109
8662.79199 0.02015
8665.48926 0.01468
8668.18164 0.02508
8670.87109 0.03733
8673.56641 0.04688
8676.25684 0.06594
8678.94336 0.06616
8681.64551 0.05835
8684.33398 0.03093
8687.02832 0.01884
8689.71777 0.03048
8692.40430 0.01069
8695.09570 0.00204
8697.79297 0.01255
8700.48145 0.02108
8703.17090 0.08143
8705.86621 0.02362
8708.55762 0.05993
8711.25000 0.05379
8713.94238 0.04873
8716.63184 0.05865
8719.33105 0.04827
8722.01172 0.02758
8724.70801 0.07215
8727.40039 0.05021
8730.09375 0.01756
8732.78711 0.03035
8735.47266 0.04745
8738.16797 0.01969
8740.85449 0.02003
8743.55176 0.03285
8746.24023 0.04853
8748.93848 0.03011
8751.62988 0.05176
8754.32031 0.07840
8757.01172 0.08301
8759.70898 0.02537
8762.39844 0.04332
8765.09180 0.01544
8767.78223 0.00890
8770.47754 0.05337
8773.16504 0.01599
8775.85352 0.04215
8778.55078 0.03642
8781.23633 0.05910
8783.93652 0.07789
8786.62695 0.04413
8789.31445 0.03583
8792.00684 0.03681
8794.70117 0.03993
8797.39062 0.01906
8800.08594 -0.00616
8802.78223 0.01929
8805.46484 0.03784
8808.16211 0.05038
8810.85156 0.04813
8813.54590 0.04575
8816.23730 0.05605
8818.93262 0.03220
8821.62012 0.01763
8824.31348 0.04637
8827.00781 0.03589
8829.69727 0.03020
8832.38770 0.04211
8835.08398 0.03968
8837.77148 0.02366
8840.45996 0.05301
8843.15820 0.03555
8845.85352 0.03780
8848.53906 0.04785
8851.23047 0.07354
8853.92773 0.03812
8856.62109 0.04217
8859.30566 0.04700
8862.00098 0.07846
8864.69141 0.04913
8867.38770 0.04688
8870.07520 0.03710
8872.76855 0.02895
8875.45801 0.02680
8878.15234 0.02026
8880.84277 0.02448
8883.53516 0.03511
8886.23242 0.03594
8888.91992 0.06856
8891.61914 0.05500
8894.29980 0.04367
8896.99023 0.03099
8899.69238 0.03688
8902.38379 0.01036
8905.07324 0.01716
8907.76660 0.00922
8910.45703 0.03402
8913.14746 0.05078
8915.83984 0.04503
8918.53223 0.05965
8921.21973 0.05702
8923.91406 0.02528
8926.60938 0.01008
8929.30469 0.01693
8931.99707 0.03660
8934.68848 0.00859
8937.37695 0.02450
8940.07129 0.04919
8942.75586 0.03635
8945.45215 0.04437
8948.14355 0.04426
8950.84082 0.04342
8953.52930 0.04655
8956.21289 0.04229
8958.90820 0.04376
8961.59863 0.04534
8964.29004 0.06127
8966.98730 0.03776
8969.68066 0.02845
8972.37402 0.02330
8975.06445 0.03590
8977.75977 0.03753
8980.44629 0.04221
8983.13379 0.03104
8985.82617 0.05270
8988.52051 0.02277
8991.21973 0.03582
8993.90527 0.07137
8996.59668 0.06884
8999.29395 0.02408
9001.98242 0.05323
9004.67578 0.02977
9007.36523 0.01221
9010.06055 0.02950
9012.75195 0.01235
9015.44434 0.03176
9018.13672 0.04206
9020.83105 0.04619
9023.51465 0.08387
9026.20996 0.03106
9028.89648 0.05527
9031.59277 0.01793
9034.29004 0.04328
9036.97949 0.02704
9039.66895 0.00883
9042.35840 0.01439
9045.05469 0.02367
9047.74609 0.05076
9050.43848 0.05086
9053.12695 0.05729
9055.82129 0.04266
9058.51660 0.02279
9061.20215 0.02074
9063.89844 0.05591
9066.58594 0.01161
9069.28418 0.02673
9071.97266 0.04660
9074.66797 0.04171
9077.36328 0.04144
9080.05469 0.01705
9082.74707 0.04510
9085.43457 0.04345
9088.12891 0.02681
9090.82324 0.04377
9093.51367 0.03513
9096.19922 0.04180
9098.89648 0.05748
9101.58887 0.03987
9104.27832 0.03883
9106.97266 0.03553
9109.66309 0.01194
9112.35840 0.01234
9115.04004 0.00870
9117.73828 0.01648
9120.43555 0.02437
9123.12500 0.04362
9125.81543 0.03593
9128.51074 0.06410
9131.20215 0.05939
9133.88965 0.04962
9136.58203 0.05756
9139.27637 0.02824
9141.96680 -0.00282
9144.65625 -0.00019
9147.35254 0.00118
9150.04980 0.00064
9152.73340 0.03395
9155.42090 0.04441
9158.12109 0.03879
9160.81055 0.06116
9163.50195 0.06998
9166.19922 0.03939
9168.89160 0.01839
9171.58496 0.02123
9174.26855 0.01625
9176.96387 0.05241
9179.64844 0.03082
9182.35059 0.02505
9185.03809 0.04659
9187.73633 0.06376
9190.42480 0.03851
9193.11426 0.04299
9195.80957 0.03512
9198.50098 0.04133
9201.19238 0.03263
9203.88086 0.06812
9206.57422 0.06616
9209.27344 0.03914
9211.95801 0.03547
9214.64941 0.03526
9217.34570 0.01323
9220.03320 0.00499
9222.72656 0.01635
9225.41992 0.01895
9228.10938 0.05044
9230.80078 0.05706
9233.50195 0.05786
9236.18359 0.05397
9238.88184 0.06595
9241.56543 0.05128
9244.26953 0.01669
9246.95410 0.00726
9249.64551 0.03852
9252.33203 -0.01032
9255.02930 0.01059
9257.71777 0.03204
9260.41113 0.05599
9263.10645 0.05479
9265.80176 0.04206
9268.48828 0.05592
9271.18555 0.04318
9273.87305 0.03478
9276.56152 0.02327
9279.26172 0.00805
9281.95117 0.04167
9284.64160 0.01654
9287.33301 0.03665
9290.02539 0.04602
9292.72461 0.05462
9295.40820 0.05305
9298.10352 0.02783
9300.79297 0.03742
9303.48438 0.05885
9306.17090 0.05175
9308.87402 0.04004
9311.56348 0.02422
9314.25195 0.03370
9316.94727 0.03978
9319.63770 0.04596
9322.33008 0.02863
9325.02148 0.03293
9327.71484 0.01454
9330.40918 0.03536
9333.09863 0.02658
9335.79395 0.03927
9338.47949 0.05991
9341.17188 0.08246
9343.86426 0.04685
9346.55762 0.05816
9349.24707 0.03629
9351.93652 0.02318
9354.63770 0.00304
9357.32910 0.02626
9360.01562 0.00511
9362.71387 0.04209
9365.39746 0.02016
9368.09766 0.05749
9370.78711 0.07024
9373.47754 0.04867
9376.16992 0.06869
9378.85742 0.02643
9381.55469 0.04521
9384.24414 0.01547
9386.94434 0.02329
9389.62402 0.03829
9392.32520 0.02605
9395.00684 0.06204
9397.70508 0.04036
9400.39844 0.04223
9403.08203 0.03917
9405.77734 0.03767
9408.47266 0.02545
9411.16992 0.03819
9413.85156 0.05412
9416.54980 0.03451
9419.23828 0.02018
9421.93848 0.02591
9424.62305 0.02213
9427.32422 0.04756
9430.00977 0.02183
9432.70312 0.03183
9435.39648 0.02220
9438.08496 0.01940
9440.77930 0.05397
9443.46973 0.03639
9446.15527 0.04088
9448.85156 0.06526
9451.54492 0.03511
9454.23828 0.03382
9456.92676 0.02147
9459.62695 0.02619
9462.31250 0.02129
9465.00293 0.03459
9467.68945 0.02844
9470.38770 0.05370
9473.08203 0.05195
9475.77051 0.06606
9478.45996 0.06480
9481.15625 0.07142
9483.84766 0.02988
9486.54004 0.04351
9489.23242 0.02699
9491.92090 0.05765
9494.62109 0.02444
9497.31055 0.02842
9500.00195 0.04738
9502.68750 0.05729
9505.38477 0.06707
9508.07324 0.03523
9510.76660 0.04945
9513.46582 0.03786
9516.14648 0.04395
9518.84766 0.03568
9521.52832 0.02078
9524.23145 0.03688
9526.91895 0.02676
9529.60742 0.04584
9532.30762 0.03999
9534.99805 0.03614
9537.69336 0.02772
9540.38477 0.06530
9543.06738 0.03600
9545.76562 0.04594
9548.45410 0.04849
9551.14355 0.06088
9553.84473 0.05837
9556.52539 0.05240
9559.22754 0.05565
9561.91992 0.03212
9564.60840 0.03147
9567.29688 0.01465
9569.99121 0.02626
9572.68164 0.03557
9575.37793 0.03019
9578.07520 0.06853
9580.75781 0.04858
9583.45117 0.07617
9586.14453 0.04699
9588.83398 0.02699
9591.52441 0.04506
9594.21582 0.02443
9596.91309 0.01932
9599.60547 -0.00616
9602.29883 0.02989
9604.98730 0.01977
9607.67676 0.05334
9610.37305 0.03893
9613.06445 0.04812
9615.75000 0.07241
9618.44824 0.04000
9621.13574 0.04866
9623.83105 0.02582
9626.52539 0.05129
9629.21484 -0.00515
9631.90137 0.05607
9634.59277 0.05735
9637.29102 0.02805
9639.98438 0.04366
9642.67285 0.04311
9645.36816 0.04371
9648.05859 0.05539
9650.75391 0.04058
9653.44141 0.02888
9656.13867 0.04340
9658.82715 0.05677
9661.52051 0.02029
9664.20508 0.05651
9666.90137 0.00824
9669.59180 -0.00248
9672.28906 0.03134
9674.97559 0.02689
9677.67383 0.03172
9680.36328 0.02977
9683.05762 0.04806
9685.74805 0.05948
9688.43848 0.04059
9691.13086 0.06093
9693.82227 0.03589
9696.51074 0.03352
9699.20508 0.01583
9701.89355 0.01316
9704.58887 0.01456
9707.28027 0.03003
9709.97754 0.02078
9712.66406 0.04838
9715.35742 0.06582
9718.05078 0.06149
9720.74023 0.06060
9723.42969 0.04594
9726.13184 0.02886
9728.82324 0.01239
9731.50977 0.00216
9734.20312 0.03058
9736.89648 -0.00854
9739.59082 0.06316
9742.28613 0.06196
9744.97070 0.02817
9747.66797 0.03364
9750.34863 0.03397
9753.04785 0.03247
9755.73535 0.05591
9758.42383 0.01756
9761.12500 0.04612
9763.81543 0.04864
9766.50684 0.04634
9769.20410 0.02678
9771.89062 0.02887
9774.58496 0.04559
9777.26855 0.04448
9779.96289 0.02701
9782.66406 0.02663
9785.34961 0.01658
9788.04688 0.02555
9790.73828 0.05507
9793.42676 0.05655
9796.11523 0.06599
9798.80957 0.08144
9801.50488 0.02357
9804.18555 0.02248
9806.88281 0.02704
9809.57422 0.01952
9812.27344 0.03092
9814.95605 0.04162
9817.65527 0.05485
9820.35059 0.05760
9823.04199 0.05804
9825.72656 0.05899
9828.41992 0.04168
9831.11719 0.05846
9833.81055 0.02402
9836.50000 -0.01837
9839.19531 0.01733
9841.88574 0.00877
9844.57129 0.01520
9847.26270 0.03080
9849.96094 0.06163
9852.64844 0.05767
9855.34277 0.05814
9858.03223 0.04461
9860.72168 0.02495
9863.41309 0.02714
9866.10938 0.00754
9868.80176 0.04153
9871.49414 0.03466
9874.18848 0.03536
9876.87207 0.02246
9879.56738 0.03033
9882.26367 0.05108
9884.95410 0.03756
9887.64160 0.03665
9890.32910 0.03189
9893.02734 0.04199
9895.71582 0.04339
9898.40527 0.06458
9901.10156 0.06459
9903.80273 0.04007
9906.48926 0.04611
9909.18164 0.01416
9911.87500 0.02495
9914.56836 0.00819
9917.26270 0.03950
9919.94727 0.02137
9922.64355 0.05321
9925.33008 0.03733
9928.02148 0.07513
9930.71973 0.05016
9933.40820 0.03022
9936.09668 0.04328
9938.79102 0.02312
9941.48242 0.00781
9944.17285 0.00709
9946.87012 0.01100
9949.56836 0.04583
9952.25000 0.01649
9954.95020 0.06568
9957.63379 0.05450
9960.32910 0.04291
9963.01953 0.04801
9965.70508 0.04053
9968.40820 0.01370
9971.09570 0.03258
9973.78906 0.02677
9976.48340 0.02915
9979.17871 0.03947
9981.86816 0.02808
9984.55469 0.03226
9987.24609 0.05116
9989.94336 0.05131
9992.63184 0.03012
9995.32520 0.02719
9998.01953 0.04481
10000.70996 0.03640
10003.39551 0.05555
10006.09668 0.07074
10008.78906 0.01191
10011.47656 0.03511
10014.16992 0.03880
10016.85840 0.01190
10019.55371 0.00633
10022.24902 0.01348
10024.93457 0.04157
10027.62500 0.02780
10030.31250 0.06165
10033.01660 0.05022
10035.70508 0.02985
10038.39355 0.07025
10041.09473 0.03041
10043.78418 0.00100
10046.47559 0.02273
10049.16211 0.03793
10051.85449 0.01378
10054.54785 0.02283
10057.24219 0.05210
10059.94238 0.06330
10062.62598 0.07360
10065.32324 0.03856
10068.00879 0.06556
10070.69531 0.05710
10073.39941 0.03173
10076.08691 0.05247
10078.77539 0.00946
10081.47070 0.01551
10084.16113 0.00941
10086.85645 0.03293
10089.53809 0.04216
10092.22949 0.03473
10094.92773 0.05428
10097.61719 0.03987
10100.31055 0.04622
10103.00098 0.03088
10105.69727 0.02160
10108.38770 0.06644
10111.07910 0.03462
10113.76660 0.05456
10116.45898 0.03740
10119.15332 0.05904
10121.84277 0.02347
10124.53809 0.02237
10127.23438 0.03589
10129.92480 0.04169
10132.61133 0.04334
10135.30957 0.04861
10137.99805 0.05949
10140.69727 0.04805
10143.38086 0.04647
10146.07617 0.02795
10148.76074 0.01207
10151.46387 0.01211
10154.15039 0.01347
10156.84863 -0.00270
10159.53125 0.02376
10162.22559 0.03860
10164.91992 0.04181
10167.61621 0.05116
10170.30078 0.06833
10172.99805 0.05242
10175.68457 0.04985
10178.38379 0.04103
10181.07715 0.02785
10183.76660 0.01423
10186.44922 0.01027
10189.14551 0.02888
10191.83594 0.04138
10194.52832 0.04493
10197.22559 0.05895
10199.91895 0.04489
10202.60156 0.05502
10205.30176 0.02094
10207.99121 0.04341
10210.68750 0.02482
10213.37793 0.03736
10216.06445 0.02918
10218.76172 0.03040
10221.44922 0.01261
10224.14355 0.02445
10226.84375 0.03197
10229.53320 0.01509
10232.21777 0.05153
10234.90820 0.02874
10237.60059 0.05031
10240.29883 0.02537
10242.98047 0.05269
10245.67969 0.04554
10248.36914 0.06577
10251.06445 0.03368
10253.75391 0.02493
10256.44531 0.01888
10259.13770 0.02048
10261.83594 0.02858
10264.52246 0.02440
10267.22266 0.03198
10269.90039 0.03003
10272.59570 0.04627
10275.29102 0.05802
10277.98242 0.07696
10280.67383 0.04651
10283.36719 0.03185
10286.05371 0.02556
10288.75391 0.00277
10291.44238 0.00238
10294.13281 0.01776
10296.82227 0.02543
10299.52539 0.04325
10302.21680 0.04974
10304.91016 0.05028
10307.58594 0.05986
10310.28516 0.02918
10312.97363 0.05140
10315.67480 0.02284
10318.35938 0.02475
10321.05664 0.02450
10323.74219 0.04578
10326.44043 0.02242
10329.12793 0.03551
10331.82129 0.05045
10334.51074 0.03806
10337.20020 0.04695
10339.90137 0.01672
10342.58691 0.05659
10345.27930 0.03260
10347.97070 0.04641
10350.66406 0.03404
10353.36328 0.01734
10356.04688 0.02959
10358.74707 0.02290
10361.43262 0.02710
10364.12891 0.00772
10366.81445 0.01798
10369.50684 0.01909
10372.19434 0.02516
10374.88770 0.04974
10377.57617 0.04521
10380.27148 0.04792
10382.96777 0.06132
10385.65820 0.05095
10388.35547 0.02581
10391.04688 0.02116
10393.73438 0.02156
10396.42773 0.02650
10399.12207 0.03877
10401.81738 0.00704
10404.50684 0.03834
10407.19824 0.06200
10409.88281 0.05104
10412.58691 0.08786
10415.27344 0.05181
10417.97266 0.03823
10420.66113 0.02636
10423.34473 0.02374
10426.04004 0.01917
10428.73633 0.05509
10431.43359 0.02239
10434.11328 0.02021
10436.81250 0.04879
10439.50000 0.05100
10442.18750 0.03228
10444.88770 0.02945
10447.57812 0.03196
10450.26855 0.04079
10452.96484 0.01892
10455.65039 0.03706
10458.34863 0.05449
10461.03613 0.05896
10463.73047 0.04565
10466.41895 0.05409
10469.11426 0.03556
10471.80957 0.02978
10474.49414 0.01172
10477.19141 0.04010
10479.88379 0.04267
10482.56543 0.03046
10485.27051 0.06546
10487.95898 0.06398
10490.64844 0.04846
10493.34375 0.02927
10496.03418 0.05881
10498.72559 0.02150
10501.42383 0.01227
10504.11035 0.00726
10506.79785 0.02610
10509.49805 0.05458
10512.18652 0.05362
10514.87598 0.05468
10517.56641 0.05171
10520.25781 0.06482
10522.95508 0.02919
10525.64746 0.04003
10528.33398 0.02563
10531.02246 0.01908
10533.71680 0.02465
10536.41211 0.02681
10539.10254 0.06019
10541.79883 0.03145
10544.49609 0.04174
10547.18164 0.04303
10549.87500 0.05442
10552.56250 0.05310
10555.26270 0.03912
10557.94629 0.01809
10560.64746 0.03983
10563.33691 0.02053
10566.02832 0.05692
10568.71484 0.03270
10571.40723 0.02114
10574.09961 0.02164
10576.78809 0.02891
10579.48242 0.05237
10582.17773 0.03365
10584.86816 0.05457
10587.55859 0.04302
10590.25586 0.04688
10592.94238 0.04260
10595.64062 0.07066
10598.32910 0.02328
10601.01660 0.04141
10603.70605 0.03470
10606.40723 0.02584
10609.09863 0.01971
10611.78906 0.03066
10614.48047 0.02743
10617.17969 0.04229
10619.86035 0.05080
10622.55469 0.07101
10625.24902 0.05953
10627.94434 0.05136
10630.63379 0.02574
10633.32520 0.04628
10636.01660 0.01341
10638.70312 0.00661
10641.40723 0.04718
10644.09473 0.02955
10646.78320 0.04561
10649.47168 0.07566
10652.16797 0.05729
10654.85742 0.04773
10657.55469 0.05773
10660.24023 0.02468
10662.93945 0.00978
10665.62598 0.02491
10668.31934 0.01870
10671.02051 0.03048
10673.70996 0.03643
10676.38770 0.02365
10679.08984 0.04431
10681.78125 0.01470
10684.46680 0.03222
10687.15918 0.04901
10689.85840 0.05898
10692.54688 0.04657
10695.24121 0.04285
10697.92578 0.05790
10700.62109 0.03930
10703.31836 0.05187
10706.01562 0.01556
10708.69629 0.02531
10711.38867 0.01608
10714.07617 0.03469
10716.77637 0.03585
10719.46582 0.03457
10722.15527 0.02736
10724.85742 0.05616
10727.54883 0.07218
10730.23438 0.07019
10732.92676 0.03665
10735.61914 0.03884
10738.31348 0.04386
10741.00781 0.01834
10743.70215 0.00449
10746.38672 0.00191
10749.08301 0.02889
10751.76855 0.02307
10754.45996 0.05577
10757.14746 0.07010
10759.84570 0.05590
10762.54004 0.04709
10765.22852 0.03960
10767.91797 0.03345
10770.61914 0.02242
10773.31055 0.00609
10776.00781 0.01986
10778.68750 0.03739
10781.38086 0.03671
10784.07422 0.03543
10786.76855 0.04462
10789.46289 0.04855
10792.14648 0.04201
10794.84766 0.05508
10797.53320 0.03391
10800.21875 0.05108
10802.92285 0.03964
10805.60938 0.05194
10808.30371 0.03327
10810.99121 0.02918
10813.67969 0.03328
10816.37598 0.02904
10819.06641 0.03299
10821.76270 0.01852
10824.45410 0.03119
10827.15234 0.03667
10829.83301 0.05832
10832.53320 0.04771
10835.22656 0.06663
10837.91602 0.05902
10840.61133 0.05668
10843.30273 0.03662
10845.99316 0.01473
10848.67871 0.01007
10851.38281 0.03361
10854.07031 0.02720
10856.76367 0.05028
10859.45801 0.04512
10862.14648 0.04653
10864.83105 0.06707
10867.52637 0.04387
10870.22363 0.04165
10872.91602 0.03930
10875.60254 0.02044
10878.30176 0.01653
10880.98828 0.00547
10883.67773 0.01603
10886.37207 0.06013
10889.06152 0.04579
10891.75195 0.02722
10894.44336 0.04592
10897.13574 0.06193
10899.82715 0.01975
10902.52051 0.04053
10905.21387 0.06672
10907.90820 0.04605
10910.59766 0.02630
10913.29297 0.02944
10915.97754 0.03054
10918.67480 0.04773
10921.36035 0.04546
10924.05859 0.01775
10926.74609 0.05349
10929.43945 0.04512
10932.13379 0.04912
10934.83496 0.04222
10937.52441 0.06019
10940.21484 0.06329
10942.90527 0.03970
10945.59766 0.04163
10948.28906 0.03523
10950.97656 0.03090
10953.66992 -0.00187
10956.36523 0.00787
10959.04785 0.04186
10961.74316 0.05137
10964.43359 0.04659
10967.13672 0.04731
10969.82227 0.06119
10972.50781 0.09125
10975.20703 0.04497
10977.90039 0.03223
10980.58887 0.03690
10983.27832 0.03870
10985.97363 0.02421
10988.66406 0.02456
10991.36035 0.01801
10994.04590 0.03432
10996.73828 0.05508
10999.43750 0.05255
11002.11816 0.04455
11004.81836 0.03331
11007.50098 0.02534
11010.20312 0.03386
11012.89258 0.05862
11015.58984 0.04508
11018.28125 0.03347
11020.97266 0.04773
11023.65918 0.03791
11026.35352 0.04157
11029.04199 0.03873
11031.74121 0.04697
11034.43066 0.04452
11037.11523 0.01983
11039.81250 0.03733
11042.50293 0.02829
11045.18848 0.06120
11047.89355 0.03570
11050.58691 0.04954
11053.27441 0.02969
11055.96289 0.04356
11058.65234 0.02428
11061.34766 0.01454
11064.04395 0.03097
11066.73633 0.04663
11069.42676 0.04357
11072.11328 0.04014
11074.80664 0.06193
11077.50684 0.04900
11080.20117 0.05084
11082.88379 0.03362
11085.57812 0.01969
11088.26953 0.01426
11090.95996 0.01577
11093.65820 0.01858
11096.34375 0.03769
11099.03027 0.05001
11101.73047 0.03002
11104.42480 0.06150
11107.11328 0.04795
11109.80273 0.03671
11112.49316 0.03529
11115.18848 0.03216
11117.88086 0.01369
11120.57324 0.03834
11123.26465 0.02741
11125.95312 0.02817
11128.64648 0.00523
11131.34082 0.03816
11134.03027 0.07616
11136.72559 0.04149
11139.41699 0.02305
11142.11426 0.02567
11144.79980 0.05596
11147.49121 0.04986
11150.18457 0.04175
11152.87109 0.04722
11155.57227 0.03935
11158.26758 0.04707
11160.95605 0.03220
11163.64062 0.03345
11166.33105 0.02663
11169.02832 0.02497
11171.72656 0.02958
11174.40723 0.04371
11177.10059 0.05733
11179.79492 0.04855
11182.48926 0.04728
11185.17285 0.03318
11187.88184 0.03169
11190.56543 0.02382
11193.25586 0.02668
11195.94824 0.01329
11198.63477 0.03635
11201.32812 0.02828
11204.01465 0.01852
11206.71582 0.02953
11209.40430 0.07220
11212.10059 0.06394
11214.79590 0.04107
11217.48145 0.04406
11220.17188 0.02088
11222.86426 0.03446
11225.56445 0.03507
11228.24414 0.04245
11230.95020 0.02061
11233.63379 0.02593
11236.32227 0.05821
11239.01855 0.05374
11241.71484 0.04145
11244.40625 0.03544
11247.10352 0.03449
11249.79004 0.01535
11252.48340 0.03115
11255.17090 0.02350
11257.86523 0.04115
11260.55469 0.04119
11263.24414 0.04044
11265.93945 0.05608
11268.63086 0.02756
11271.32129 0.03385
11274.00781 0.04569
11276.71289 0.03900
11279.39941 0.04352
11282.08789 0.03423
11284.79395 0.04834
11287.47656 0.05775
11290.16602 0.03966
11292.86328 0.03923
11295.54102 0.02469
11298.23926 0.03023
11300.93164 0.01256
11303.62500 0.02739
11306.32324 0.04752
11309.00586 0.03936
11311.70703 0.04485
11314.38965 0.05756
11317.08594 0.05135
11319.77637 0.06975
11322.46094 0.04320
11325.16602 0.02921
11327.85742 0.03717
11330.54492 0.03851
11333.23828 0.01113
11335.92578 0.01379
11338.62207 0.04049
11341.31152 0.04268
11344.00684 0.06637
11346.69824 0.04032
11349.39453 0.02965
11352.08008 0.06629
11354.77344 0.01630
11357.45996 0.03287
11360.16016 0.00767
11362.86133 0.02964
11365.54395 0.05697
11368.23340 0.01251
11370.92285 0.03474
11373.62012 0.03309
11376.31250 0.02488
11379.00391 0.04921
11381.69629 0.02845
11384.38379 0.03799
11387.08398 0.02493
11389.77246 0.03941
11392.46094 0.03834
11395.15039 0.04728
11397.84766 0.03567
11400.54492 0.02520
11403.22949 0.04544
11405.92773 0.04140
11408.60840 0.02605
11411.30273 0.01924
11413.99609 0.00626
11416.69043 0.04344
11419.37305 0.06801
11422.08203 0.04458
11424.76660 0.08106
11427.46387 0.03807
11430.15527 0.03295
11432.83496 0.01904
11435.52734 -0.00471
11438.22754 0.00975
11440.91602 0.03717
11443.61719 0.03496
11446.29980 0.04442
11448.99512 0.04607
11451.67969 0.05887
11454.38379 0.08980
11457.06934 0.04272
11459.76758 0.04093
11462.46094 0.02592
11465.14746 0.02017
11467.83594 0.03449
11470.52344 0.01004
11473.21973 0.03983
11475.90918 0.05722
11478.60645 0.05290
11481.29004 0.03185
11483.98828 0.02239
11486.68066 0.07872
11489.38086 0.02164
11492.06055 0.00514
11494.76172 0.01881
11497.45020 0.05747
11500.13965 0.04392
11502.83496 0.02575
11505.52539 0.04392
11508.21680 0.02668
11510.90234 0.01864
11513.59473 0.00684
11516.30078 0.03984
11518.98730 0.02782
11521.68164 0.04158
11524.37012 0.07204
11527.06543 0.05646
11529.75000 0.04560
11532.44531 0.05295
11535.14258 0.04329
11537.83496 0.02165
11540.52051 0.00144
11543.21387 0.01057
11545.90039 0.01100
11548.60156 0.05346
11551.28906 0.04112
11553.97852 0.06429
11556.67480 0.07916
11559.36523 0.04698
11562.05566 0.04121
11564.74805 0.03293
11567.44043 0.03528
11570.12695 0.02540
11572.82031 0.02157
11575.51953 0.03495
11578.20898 0.05162
11580.90430 0.05609
11583.58691 0.03039
11586.28418 0.03785
11588.98145 0.05923
11591.66699 0.04180
11594.36523 0.04510
11597.05078 0.03883
11599.75000 0.01947
11602.43848 0.05055
11605.13281 0.03099
11607.81543 0.05008
11610.51855 0.04075
11613.20801 0.03152
11615.89844 0.04868
11618.59668 0.03527
11621.27539 0.05295
11623.96777 0.03433
11626.66797 0.03345
11629.35547 0.05446
11632.04980 0.05216
11634.73828 0.05429
11637.43457 0.04916
11640.11816 0.02586
11642.82031 0.01037
11645.50586 0.00775
11648.20508 0.01616
11650.89648 0.01537
11653.57715 0.00041
11656.27051 0.05353
11658.96484 0.05524
11661.66602 0.05017
11664.35547 0.04712
11667.05078 0.03284
11669.73535 0.02840
11672.42090 0.02196
11675.11816 -0.01368
11677.81641 0.00759
11680.50977 0.02251
11683.18945 0.02688
11685.89062 0.04532
11688.57910 0.05487
11691.27539 0.05217
11693.96484 0.03382
11696.66016 0.03113
11699.34570 0.06394
11702.03613 0.04468
11704.72852 0.03887
11707.42188 0.03984
11710.12109 0.01793
11712.81445 0.05632
11715.49609 0.02960
11718.18555 0.03444
11720.88184 0.02320
11723.57715 0.04350
11726.27441 0.03240
11728.96582 0.03819
11731.65039 0.03706
11734.34961 0.03656
11737.03613 0.04832
11739.72949 0.04108
11742.41699 0.04966
11745.11816 0.04341
11747.80762 0.03951
11750.49023 0.03632
11753.18164 0.02039
11755.87891 0.03314
11758.57031 0.02190
11761.26953 0.04310
11763.94922 0.04977
11766.65527 0.06663
11769.33594 0.04800
11772.03027 0.08331
11774.72656 0.03172
11777.42188 0.01269
11780.10547 0.02412
11782.80273 0.01915
11785.48730 0.03118
11788.18457 0.02509
11790.87207 0.04055
11793.57129 0.05064
11796.26465 0.04728
11798.94629 0.04874
11801.63477 0.06515
11804.34375 0.04501
11807.03320 0.03953
11809.72168 0.00996
11812.41406 0.02197
11815.10449 0.02115
11817.80371 0.02341
11820.48340 0.03948
11823.18359 0.03757
11825.87109 0.03762
11828.56445 0.05007
11831.25391 0.02060
11833.95020 0.03806
11836.63965 0.04595
11839.33691 0.04733
11842.02051 0.03595
11844.70605 0.05329
11847.41211 0.05650
11850.09766 0.04242
11852.79199 0.03484
11855.48535 0.03485
11858.16699 0.02742
11860.86328 0.03718
11863.55273 0.03078
11866.25000 0.04233
11868.94727 0.02584
11871.63770 0.04229
11874.32910 0.05655
11877.01660 0.06309
11879.70996 0.03371
11882.39648 0.01837
11885.09766 0.01767
11887.78516 0.01349
11890.48145 0.02532
11893.17090 0.00243
11895.86816 0.02793
11898.55176 0.04215
11901.24414 0.04902
11903.93652 0.06455
11906.62793 0.04892
11909.32129 0.03092
11912.01562 0.02923
11914.70410 0.04999
11917.39160 0.01713
11920.08789 0.03348
11922.78418 0.03188
11925.46777 0.03095
11928.16699 0.02577
11930.86328 0.03880
11933.55078 0.03606
11936.24902 0.05160
11938.93555 0.03803
11941.62988 0.03857
11944.31152 -0.00378
11947.00781 0.01475
11949.70410 0.02420
11952.39258 0.05276
11955.08398 0.04046
11957.77441 0.05481
11960.47266 0.03691
11963.16602 0.03026
11965.85840 0.03614
11968.55273 0.02466
11971.24609 0.05429
11973.92773 0.06842
11976.61719 0.04272
11979.31250 0.04886
11981.99707 0.04008
11984.69434 0.05625
11987.38477 0.03306
11990.08301 0.02294
11992.76855 0.02680
11995.46875 0.04426
11998.15527 0.02993
12000.84961 0.05048
12003.53809 0.03891
12006.24023 0.06099
12008.92969 0.04405
12011.62695 0.05449
12014.31738 0.06563
12017.00879 0.04863
12019.69336 0.02758
12022.38672 0.03118
12025.07910 0.01768
12027.77344 0.02242
12030.46191 0.03639
12033.15625 0.03937
12035.85254 0.05382
12038.53516 0.05612
12041.22461 0.05337
12043.92188 0.04178
12046.60742 0.04513
12049.29883 0.04877
12051.99805 0.03064
12054.69043 0.01788
12057.37793 0.03166
12060.07227 0.04281
12062.75977 0.03507
12065.45605 0.03571
12068.14551 0.01226
12070.84277 0.04637
12073.53320 0.03047
12076.23047 0.05136
12078.90918 0.04864
12081.60938 0.05980
12084.30273 0.04702
12086.98926 0.06174
12089.69043 0.04146
12092.37207 0.04599
12095.05957 0.04668
12097.76367 -0.00222
12100.45312 0.00702
12103.14355 0.02405
12105.84277 0.01819
12108.53418 0.05381
12111.22656 0.05793
12113.91992 0.04143
12116.60645 0.05169
12119.30078 0.05587
12121.99512 0.03779
12124.69141 0.01408
12127.36816 0.02734
12130.06348 -0.01387
12132.76074 0.01983
12135.44531 0.02159
12138.14355 0.02696
12140.83008 0.05016
12143.52246 0.06012
12146.20996 0.05694
12148.91016 0.04087
12151.59863 0.04018
12154.28711 0.04892
12156.99023 0.03527
12159.68555 0.03723
12162.37695 0.04556
12165.06152 0.05320
12167.75293 0.02803
12170.44629 0.05611
12173.13770 0.03287
12175.83105 0.00582
12178.51270 0.04025
12181.20703 0.04823
12183.90234 0.03592
12186.59766 0.03659
12189.28027 0.05314
12191.98438 0.03415
12194.67676 0.06130
12197.37402 0.03386
12200.05859 0.02954
12202.74609 0.03006
12205.44531 0.01668
12208.13281 0.01196
12210.82031 0.01980
12213.50879 0.05421
12216.20410 0.06102
12218.90137 0.05615
12221.59082 0.04750
12224.28125 0.06170
12226.97363 0.05697
12229.66602 0.01750
12232.36426 0.02715
12235.05762 0.02791
12237.73730 0.02214
12240.43848 0.03043
12243.12695 0.04364
12245.82227 0.03826
12248.51855 0.03246
12251.20117 0.05596
12253.89160 0.05974
12256.59082 0.05709
12259.27637 0.03303
12261.97461 0.02282
12264.66113 0.00767
12267.35449 0.02238
12270.04102 0.03361
12272.74219 0.02137
12275.42480 0.04873
12278.12109 0.01552
12280.81738 0.03168
12283.50781 0.04686
12286.19824 0.04831
12288.89648 0.03606
12291.57617 0.05810
12294.27441 0.05215
12296.96094 0.05642
12299.66211 0.03794
12302.34863 0.04201
12305.04492 0.04940
12307.73340 0.02754
12310.43652 0.03085
12313.12598 0.02138
12315.81055 0.04245
12318.50098 0.02120
12321.18652 0.06527
12323.87793 0.05762
12326.58594 0.04881
12329.26465 0.05317
12331.95898 0.03355
12334.65430 0.04577
12337.34375 0.05852
12340.04590 0.01561
12342.73535 0.02106
12345.41895 0.03717
12348.11621 0.02705
12350.80078 0.04257
12353.50098 0.05904
12356.18555 0.04907
12358.88574 0.03588
12361.57227 0.04370
12364.26758 0.04756
12366.96289 0.02761
12369.65137 0.03862
12372.34082 0.01114
12375.03125 0.01264
12377.72852 0.01671
12380.41211 0.04278
12383.10449 0.04833
12385.79590 0.05705
12388.49609 0.04023
12391.18945 0.03347
12393.88379 0.03380
12396.57227 0.03702
12399.25977 0.04054
12401.95605 0.01604
12404.65234 0.03313
12407.33594 0.04045
12410.02051 0.05655
12412.72559 0.03418
12415.40918 0.04647
12418.10938 0.03758
12420.79590 0.06115
12423.48926 0.06012
12426.17773 0.02570
12428.86523 0.06879
12431.57422 0.08643
12434.26270 0.06131
12436.95312 0.03231
12439.63574 0.04187
12442.33496 0.02284
12445.02539 0.04504
12447.71875 0.00460
12450.41016 0.04317
12453.09668 0.00561
12455.79004 0.04311
12458.48535 0.03278
12461.18066 0.07213
12463.87598 0.05564
12466.55859 0.05922
12469.25586 0.02688
12471.95312 0.02084
12474.63672 0.03783
12477.33594 0.01584
12480.02734 -0.00253
12482.71387 0.02198
12485.40723 0.03279
12488.09375 0.06761
12490.78906 0.05263
12493.48340 0.04677
12496.17285 0.06584
12498.86914 0.04018
12501.56641 0.03995
12504.24316 0.02733
12506.94043 0.03820
12509.63965 0.03676
12512.31836 0.05770
12515.01758 0.05840
12517.70508 0.04180
12520.39941 0.03921
12523.09375 0.01895
12525.78809 0.03818
12528.47754 0.03653
12531.16699 0.04337
12533.86426 0.02117
12536.55469 0.04261
12539.24609 0.03901
12541.93750 0.03720
12544.63086 0.01981
12547.32324 0.01350
12550.01758 0.01369
12552.70410 0.03517
12555.40527 0.02296
12558.09473 0.03648
12560.77637 0.04442
12563.47363 0.02904
12566.17090 0.04597
12568.85352 0.05590
12571.55176 0.04791
12574.23730 0.05075
12576.93652 0.05188
12579.62305 0.04284
12582.32227 0.02295
12585.01074 0.00606
12587.69922 0.01565
12590.38672 0.03512
12593.08887 0.05496
12595.77832 0.05702
12598.47559 0.04127
12601.16699 0.05533
12603.85156 0.04754
12606.55078 0.01466
12609.24219 0.02002
12611.92090 0.00269
12614.62207 0.01270
12617.30957 0.03104
12620.01172 0.05149
12622.69336 0.03477
12625.38867 0.02990
12628.07812 0.03085
12630.77539 0.05589
12633.46680 0.04641
12636.15723 0.05348
12638.84277 0.06268
12641.54883 0.03476
12644.23438 0.02603
12646.92773 0.05307
12649.61523 0.03881
12652.31055 0.02941
12654.99805 0.02920
12657.68750 0.01642
12660.38379 0.04801
12663.07324 0.01822
12665.77148 0.02784
12668.46191 0.03469
12671.15430 0.04313
12673.85352 0.06215
12676.53320 0.05199
12679.23242 0.03691
12681.92676 0.01734
12684.61426 0.02066
12687.30957 0.02134
12689.99805 0.02453
12692.68066 0.01957
12695.37793 0.02989
12698.07520 0.03261
12700.75879 0.04481
12703.46387 0.06649
12706.14941 0.06030
12708.84277 0.05140
12711.52930 0.04896
12714.22266 0.02944
12716.91797 -0.00317
12719.61230 0.01779
12722.30176 0.01203
12724.99121 0.04951
12727.68652 0.04360
12730.37109 0.06373
12733.06836 0.03187
12735.75977 0.03301
12738.45215 0.04596
12741.14551 0.02339
12743.83105 0.04265
12746.52539 0.03374
12749.21875 0.03276
12751.91504 0.03524
12754.60254 0.04346
12757.29199 0.03392
12759.99609 0.03764
12762.68555 0.02150
12765.37598 0.04946
12768.06152 0.02535
12770.75977 0.06882
12773.44531 0.04727
12776.14551 0.04860
12778.83203 0.06255
12781.52637 0.02821
12784.22070 0.07066
12786.90234 0.05723
12789.59668 0.02410
12792.29395 0.03311
12794.99121 0.01815
12797.67480 0.01941
12800.37305 0.03676
12803.05664 0.05979
12805.75684 0.05242
12808.45020 0.05629
12811.12891 0.07649
12813.83691 0.04397
12816.51660 0.02846
12819.21289 0.04407
12821.90137 0.02919
12824.58984 0.01264
12827.29395 0.01458
12829.98438 0.04337
12832.67578 0.04474
12835.35938 0.04887
12838.05176 0.05182
12840.74316 0.03233
12843.44434 0.04378
12846.13086 0.05502
12848.83301 0.04172
12851.51270 0.04123
12854.20898 0.04406
12856.88965 0.03856
12859.59375 0.04385
12862.28320 0.02585
12864.97363 0.03165
12867.66602 0.04328
12870.36426 0.02023
12873.05664 0.03854
12875.74219 0.03344
12878.43555 0.02721
12881.12207 0.03973
12883.82422 0.06118
12886.51855 0.03973
12889.20703 0.06349
12891.90430 0.04794
12894.59375 0.04023
12897.27637 0.02808
12899.97461 0.04140
12902.65918 0.01318
12905.35742 0.02516
12908.05078 0.05757
12910.73633 0.05810
12913.42969 0.05636
12916.11719 0.06304
12918.81836 0.05049
12921.50000 0.04849
12924.20312 0.02568
12926.88574 0.02906
12929.58887 0.01515
12932.28027 0.03590
12934.96387 0.03013
12937.65430 0.03017
12940.33984 0.05000
12943.04688 0.06654
12945.74023 0.03950
12948.42676 0.06039
12951.12109 0.04014
12953.81543 0.05167
12956.49707 0.04041
12959.19336 0.00879
12961.88281 0.03027
12964.58008 0.05116
12967.27832 0.05590
12969.96191 0.03219
12972.66113 0.05577
12975.34668 0.02839
12978.03809 0.05714
12980.72461 0.02301
12983.41992 0.05113
12986.11426 0.05663
12988.81543 0.02675
12991.49707 0.04888
12994.18652 0.05581
12996.88379 0.04478
12999.56641 0.03165
13002.27148 0.01680
13004.96973 0.02996
13007.65430 0.04471
13010.34766 0.00347
13013.03320 0.04200
13015.73242 0.03552
13018.41309 0.03088
13021.10742 0.06162
13023.80371 0.06650
13026.49902 0.02382
13029.18066 0.04946
13031.87793 0.00928
13034.57520 0.01972
13037.25781 0.01547
13039.95605 0.02579
13042.64844 0.04014
13045.33398 0.02452
13048.03516 0.04928
13050.72070 0.06141
13053.41504 0.04673
13056.10938 0.05482
13058.80566 0.02987
13061.49316 0.06081
13064.18262 0.02634
13066.87207 0.03336
13069.57129 0.03485
13072.25391 0.02635
13074.95215 0.05826
13077.64453 0.03026
13080.33789 0.05330
13083.02246 0.05709
13085.71582 0.05085
13088.41113 0.04349
13091.09863 0.04560
13093.79297 0.03278
13096.49707 0.03884
13099.17188 0.04577
13101.87598 0.03330
13104.56641 0.04798
13107.24902 0.02997
13109.94824 0.02886
13112.63965 0.04529
13115.33301 0.03562
13118.01172 0.03505
13120.71973 0.04704
13123.41406 0.06429
13126.10156 0.08114
13128.78906 0.07576
13131.48535 0.03662
13134.18262 0.03541
13136.86328 0.04938
13139.54785 0.02090
13142.24512 0.03571
13144.94336 0.00736
13147.63574 0.02608
13150.32129 0.03912
13153.01465 0.04474
13155.71582 0.05654
13158.39453 0.05882
13161.09668 0.04349
13163.78516 0.04015
13166.48730 0.03968
13169.16992 0.04742
13171.85938 0.01807
13174.55664 0.02112
13177.24707 0.01537
13179.93164 0.04786
13182.62305 0.04856
13185.31641 0.04631
13188.00879 0.04224
13190.69531 0.06358
13193.38965 0.03581
13196.08496 0.03868
13198.77930 0.03622
13201.47559 0.05009
13204.16406 0.05390
13206.85352 0.04787
13209.55078 0.04238
13212.25000 0.04183
13214.92578 0.04378
13217.62402 0.03256
13220.32422 0.03740
13223.00977 0.03166
13225.71094 0.02335
13228.38965 0.03619
13231.07812 0.04451
13233.78027 0.03927
13236.47461 0.06280
13239.16406 0.03568
13241.84668 0.04908
13244.55078 0.03003
13247.24121 0.04068
13249.93262 0.03125
13252.63184 0.04509
13255.31641 0.03979
13258.00977 0.08530
13260.69434 0.05043
13263.38965 0.08012
13266.08301 0.06471
13268.77051 0.05431
13271.46680 0.03170
13274.15430 0.03144
13276.85156 0.01330
13279.53516 0.03293
13282.23828 0.05186
13284.91504 0.03173
13287.61426 0.03847
13290.30664 0.03682
13293.00684 0.06884
13295.69141 0.06284
13298.38477 0.06686
13301.08008 0.04959
13303.76660 0.03907
13306.46191 0.03332
13309.15039 0.03154
13311.84668 0.03162
13314.53711 0.02922
13317.22656 0.03415
13319.91699 0.06630
13322.61523 0.01907
13325.30762 0.04186
13328.00000 0.00769
13330.68457 0.05754
13333.37988 0.02336
13336.07324 0.04076
13338.75977 0.02889
13341.45508 0.05544
13344.15039 0.06456
13346.83984 0.03406
13349.54297 0.05131
13352.22559 0.01503
13354.92285 0.03380
13357.60742 0.03974
13360.29980 0.03178
13362.99121 0.03887
13365.69141 0.04570
13368.38477 0.06589
13371.07031 0.05516
13373.75684 0.05442
13376.45117 0.03340
13379.13965 0.02702
13381.83496 0.02500
13384.53223 0.01650
13387.22168 0.04325
13389.91895 0.05325
13392.60156 0.04423
13395.30078 0.06280
13397.98535 0.06095
13400.68555 0.04147
13403.37109 0.05077
13406.06445 0.05358
13408.75000 0.02396
13411.45215 0.03614
13414.14062 0.02989
13416.84277 0.04411
13419.52441 0.03191
13422.21387 0.05285
13424.91113 0.04443
13427.60059 0.05029
13430.29199 0.05573
13432.98242 0.05124
13435.67480 0.03048
13438.36035 0.03142
13441.05371 0.04747
13443.74707 0.04127
13446.44043 0.04740
13449.13477 0.03666
13451.83008 0.06044
13454.52637 0.03259
13457.22266 0.03143
13459.89746 0.01008
13462.59473 0.01107
13465.29199 0.03845
13467.97559 0.04216
13470.67480 0.05043
13473.35938 0.06174
13476.05957 0.06968
13478.74512 0.03800
13481.44629 0.05047
13484.13281 0.02365
13486.82129 0.03407
13489.52344 0.03525
13492.21191 0.03474
13494.90137 0.04698
13497.58984 0.04050
13500.28125 0.06686
13502.97070 0.07209
13505.66211 0.08340
13508.35449 0.06475
13511.05273 0.04788
13513.73828 0.03767
13516.43164 0.04251
13519.12598 0.03556
13521.82031 0.04039
13524.51562 0.03924
13527.19531 0.05142
13529.89941 0.05978
13532.58105 0.05761
13535.27832 0.03872
13537.97559 0.06442
13540.65820 0.04650
13543.36426 0.03976
13546.04883 0.05974
13548.73438 0.05562
13551.43359 0.03351
13554.12695 0.06505
13556.81348 0.04891
13559.50098 0.04598
13562.19531 0.05302
13564.89844 0.03716
13567.58691 0.05383
13570.27637 0.03048
13572.97363 0.05754
13575.66309 0.06946
13578.34668 0.05983
13581.03809 0.06246
13583.72949 0.04161
13586.42969 0.02756
13589.12305 0.02977
13591.80859 0.03069
13594.50293 0.03857
13597.19629 0.02952
13599.88379 0.03916
13602.58008 0.05155
13605.26855 0.04750
13607.96484 0.07609
13610.65430 0.06088
13613.35156 0.05541
13616.03613 0.05280
13618.72656 0.04932
13621.41895 0.02638
13624.11816 0.02786
13626.80371 0.03373
13629.49707 0.04418
13632.19043 0.01518
13634.87695 0.04558
13637.57324 0.07704
13640.26758 0.06137
13642.96387 0.04594
13645.65332 0.06952
13648.35059 0.02980
13651.03320 0.04354
13653.72363 0.03115
13656.42188 0.04715
13659.11426 0.04073
13661.79785 0.05595
13664.50000 0.06080
13667.18457 0.04111
13669.87793 0.03358
13672.56641 0.05887
13675.26074 0.05995
13677.94922 0.04428
13680.65137 0.03918
13683.34082 0.03983
13686.02344 0.05266
13688.71289 0.04001
13691.42578 0.05238
13694.11035 0.06095
13696.80176 0.04175
13699.49414 0.03467
13702.18555 0.03674
13704.87891 -0.00143
13707.56641 0.04528
13710.25879 0.05254
13712.95508 0.06789
13715.63574 0.05348
13718.33105 0.04045
13721.02734 0.05409
13723.71680 0.03666
13726.40625 0.04443
13729.10449 0.04258
13731.80273 0.01981
13734.48730 0.04733
13737.18652 0.05957
13739.87109 0.04660
13742.55664 0.06233
13745.25098 0.06680
13747.94434 0.06944
13750.63281 0.04013
13753.33496 0.05444
13756.02246 0.03872
13758.71094 0.03599
13761.40039 0.03036
13764.09082 0.04194
13766.78027 0.03589
13769.47070 0.03801
13772.17773 0.04891
13774.85449 0.05867
13777.55469 0.04956
13780.24805 0.03980
13782.94141 0.06137
13785.63477 0.03547
13788.32129 0.03779
13791.01758 0.06876
13793.71191 0.05727
13796.39355 0.04091
13799.09668 0.02346
13801.79395 0.04204
13804.47754 0.03051
13807.17578 0.04212
13809.85840 0.02665
13812.55078 0.03977
13815.25000 0.05201
13817.93555 0.07236
13820.62891 0.05668
13823.33008 0.05409
13826.01660 0.05363
13828.71191 0.05389
13831.39844 0.06456
13834.08789 0.01128
13836.78320 0.04121
13839.47266 0.03358
13842.16992 0.03394
13844.86035 0.05038
13847.55176 0.03936
13850.24219 0.05038
13852.92773 0.05570
13855.62695 0.05128
13858.31934 0.04479
13861.00586 0.04308
13863.69922 0.03133
13866.39355 0.04009
13869.08203 0.04923
13871.78418 0.04070
13874.46582 0.04949
13877.16992 0.06580
13879.85156 0.06122
13882.54199 0.05348
13885.24023 0.06606
13887.93066 0.05357
13890.62305 0.04921
13893.30762 0.02654
13896.00098 0.04573
13898.70020 0.06626
13901.39453 0.05763
13904.08789 0.02395
13906.77637 0.04523
13909.47070 0.05131
13912.15918 0.03943
13914.86230 0.05115
13917.53613 0.04590
13920.23340 0.04487
13922.92383 0.06166
13925.62305 0.05456
13928.30664 0.07734
13931.00586 0.06661
13933.68262 0.03152
13936.38281 0.04027
13939.07617 0.03237
13941.77051 0.05003
13944.46484 0.02247
13947.15234 0.04684
13949.83984 0.04569
13952.53613 0.04672
13955.23145 0.06405
13957.92090 0.05637
13960.60449 0.06792
13963.30957 0.04570
13966.00000 0.04812
13968.69141 0.01859
13971.38379 0.03827
13974.07617 0.04149
13976.76074 0.01881
13979.46191 0.03600
13982.15723 0.06502
13984.84375 0.06786
13987.52246 0.06719
13990.22656 0.05520
13992.92188 0.04990
13995.61133 0.02927
13998.29297 0.04143
14000.99805 0.05076
14003.68066 0.04225
14006.37207 0.04547
14009.07129 0.05645
14011.76367 0.04307
14014.44727 0.04914
14017.14844 0.05454
14019.82617 0.06856
14022.53711 0.04628
14025.22363 0.05398
14027.91016 0.02906
14030.59766 0.06805
14033.29395 0.07903
14035.99121 0.06725
14038.68066 0.06135
14041.37012 0.05922
14044.06836 0.02740
14046.75879 0.02164
14049.45117 0.03681
14052.14355 0.04761
14054.82812 0.05170
14057.52148 0.03726
14060.21484 0.05932
14062.91602 0.06980
14065.59668 0.06478
14068.29102 0.04163
14070.98730 0.03409
14073.67480 0.03719
14076.37207 0.04099
14079.05371 0.01895
14081.75879 0.03643
14084.44141 0.04948
14087.14062 0.07876
14089.82422 0.06059
14092.51660 0.06244
14095.21582 0.06254
14097.90137 0.04642
14100.59570 0.04550
14103.28125 0.04977
14105.96875 0.04619
14108.67188 0.03954
14111.36816 0.05388
14114.06348 0.04928
14116.75195 0.05799
14119.43457 0.05313
14122.12402 0.06075
14124.81445 0.03387
14127.51367 0.04110
14130.21289 0.07348
14132.90527 0.05766
14135.58887 0.05398
14138.28223 0.03520
14140.97559 0.05455
14143.67090 0.07339
14146.36523 0.05384
14149.04395 0.05862
14151.74805 0.04253
14154.43555 0.03053
14157.13281 0.04817
14159.82227 0.02975
14162.51172 0.06922
14165.20996 0.07348
14167.90137 0.06378
14170.58398 0.05541
14173.27539 0.04493
14175.96875 0.05689
14178.65430 0.01859
14181.36230 0.04579
14184.05664 0.02521
14186.74316 0.03914
14189.43848 0.05694
14192.11816 0.04883
14194.81445 0.05589
14197.50391 0.05801
14200.19922 0.07194
14202.89746 0.07118
14205.57324 0.04714
14208.27832 0.01062
14210.96973 0.06032
14213.64648 0.05156
14216.35352 0.03378
14219.03125 0.04357
14221.74023 0.03614
14224.41797 0.06540
14227.12012 0.07522
14229.80762 0.05987
14232.51074 0.04969
14235.19141 0.03727
14237.88672 0.05458
14240.58398 0.07056
14243.27344 0.04537
14245.96387 0.06679
14248.65332 0.05667
14251.34570 0.04771
14254.03613 0.03392
14256.72949 0.05528
14259.42188 0.03348
14262.11523 0.03613
14264.80859 0.04753
14267.50293 0.04672
14270.18945 0.05371
14272.87598 0.07207
14275.57227 0.05858
14278.26855 0.08039
14280.96484 0.04495
14283.64648 0.02969
14286.34375 0.04910
14289.02637 0.01735
14291.72559 0.03870
14294.41699 0.04797
14297.10938 0.06747
14299.80176 0.04276
14302.50293 0.05172
14305.18750 0.08446
14307.87305 0.06394
14310.55957 0.06822
14313.27051 0.04458
14315.95020 0.01451
14318.64648 0.04539
14321.33594 0.02120
14324.02344 0.03293
14326.72266 0.06491
14329.40430 0.06873
14332.10254 0.06774
14334.79297 0.06506
14337.49316 0.05308
14340.18457 0.04045
14342.87012 0.05287
14345.57129 0.05280
14348.24902 0.06128
14350.95117 0.04487
14353.64648 0.06436
14356.33301 0.06068
14359.02832 0.03295
14361.71680 0.06638
14364.40625 0.03172
14367.10352 0.04020
14369.79297 0.04923
14372.47559 0.05456
14375.18164 0.06509
14377.86426 0.04708
14380.55664 0.06456
14383.25684 0.05595
14385.94238 0.07076
14388.63574 0.04728
14391.32031 0.04685
14394.01562 0.00977
14396.71777 0.03669
14399.41406 0.04989
14402.10156 0.03069
14404.79785 0.05679
14407.48730 0.06788
14410.18457 0.07596
14412.85742 0.09147
14415.54883 0.04691
14418.24805 0.05203
14420.93945 0.03831
14423.63086 0.03254
14426.32422 0.03791
14429.02441 0.04286
14431.70215 0.05182
14434.40430 0.08255
14437.08301 0.05262
14439.78516 0.06404
14442.48145 0.05332
14445.17773 0.06597
14447.85742 0.04159
14450.56250 0.04032
14453.24414 0.04907
14455.93457 0.03727
14458.62500 0.04452
14461.33203 0.02803
14464.01562 0.07315
14466.70801 0.05613
14469.39160 0.06416
14472.09277 0.05033
14474.77832 0.04333
14477.47363 0.05808
14480.16016 0.07631
14482.86230 0.05505
14485.55078 0.05386
14488.24609 0.06345
14490.93457 0.04759
14493.62402 0.03698
14496.31348 0.04173
14499.01172 0.03590
14501.69434 0.01957
14504.39258 0.01536
14507.08496 0.05304
14509.77734 0.05679
14512.46875 0.04833
14515.15430 0.04943
14517.85645 0.06483
14520.54199 0.04812
14523.23730 0.05445
14525.93164 0.05051
14528.61133 0.05261
14531.30762 0.04655
14534.00488 0.05317
14536.70215 0.04737
14539.38379 0.06626
14542.08105 0.05866
14544.77148 0.06524
14547.46289 0.06315
14550.15527 0.06112
14552.83984 0.06093
14555.53906 0.04500
14558.22461 0.04589
14560.92578 0.04883
14563.61230 0.02999
14566.31543 0.04904
14568.99414 0.05127
14571.68945 0.06055
14574.38574 0.06284
14577.08203 0.05604
14579.77148 0.03495
14582.45996 0.06473
14585.15137 0.08958
14587.84180 0.05000
14590.53223 0.06426
14593.23242 0.05531
14595.91602 0.07120
14598.61719 0.05825
14601.30176 0.04008
14603.99512 0.04308
14606.68164 0.05025
14609.38379 0.05159
14612.07129 0.04841
14614.76660 0.04804
14617.44727 0.07868
14620.14258 0.05988
14622.83984 0.07339
14625.52148 0.06736
14628.21973 0.06257
14630.91113 0.05191
14633.60938 0.03743
14636.29199 0.01159
14638.99316 0.04231
14641.69336 0.04482
14644.37891 0.06832
14647.06348 0.06471
14649.75684 0.08528
14652.45996 0.07065
14655.14648 0.07085
14657.83496 0.04693
14660.52246 0.05692
14663.21875 0.03671
14665.90820 0.02379
14668.61328 0.04586
14671.29395 0.04996
14673.99316 0.05808
14676.67578 0.07482
14679.36816 0.06531
14682.07520 0.03794
14684.75977 0.06344
14687.45312 0.06483
14690.13867 0.06296
14692.82324 0.05084
14695.51855 0.01826
14698.20508 0.04909
14700.89941 0.15690
14703.58789 -0.04327
14706.28320 0.05020
14708.98047 0.08678
14711.66992 0.03707
14714.36719 0.05581
14717.05762 0.03777
14719.75684 0.07037
14722.45508 0.05480
14725.13086 0.04557
14727.83105 0.05935
14730.51660 0.04536
14733.20898 0.06313
14735.91113 0.05237
14738.59668 0.02813
14741.29102 0.05182
14743.97949 0.04166
14746.67383 0.03637
14749.36133 0.04250
14752.05078 0.06584
14754.74707 0.05574
14757.43750 0.08018
14760.12695 0.06382
14762.81738 0.07093
14765.51660 0.06694
14768.21582 0.05443
14770.90039 0.03963
14773.59180 0.03656
14776.27734 0.05249
14778.97070 0.05300
14781.66406 0.06336
14784.35059 0.06772
14787.05371 0.06229
14789.74902 0.06448
14792.43652 0.04678
14795.11621 0.05811
14797.81348 0.06824
14800.51074 0.02803
14803.20898 0.04876
14805.89062 0.04162
14808.58105 0.05973
14811.28125 0.05301
14813.97168 0.05862
14816.66406 0.04692
14819.34961 0.08089
14822.05078 0.06564
14824.73633 0.05017
14827.42090 0.06318
14830.12402 0.06577
14832.81055 0.06091
14835.49805 0.06071
14838.20215 0.06276
14840.89160 0.09035
14843.58008 0.06211
14846.26953 0.03823
14848.96777 0.03703
14851.64941 0.05595
14854.33984 0.06142
14857.04004 0.07192
14859.72363 0.06900
14862.42383 0.06103
14865.11719 0.09113
14867.80273 0.06296
14870.50391 0.07528
14873.19824 0.03694
14875.88477 0.04725
14878.57129 0.02623
14881.26758 0.05513
14883.97168 0.05720
14886.64355 0.04405
14889.34863 0.07545
14892.04688 0.04820
14894.72852 0.08519
14897.42676 0.07556
14900.11816 0.06875
14902.80078 0.07325
14905.50195 0.03995
14908.18555 0.03846
14910.89453 0.03034
14913.57129 0.08489
14916.26562 0.04591
14918.95117 0.06220
14921.64551 0.06143
14924.34180 0.04994
14927.03809 0.05026
14929.73340 0.05681
14932.41406 0.07209
14935.11133 0.07006
14937.80176 0.05051
14940.49902 0.06244
14943.18945 0.06994
14945.87988 0.06845
14948.56445 0.06743
14951.26367 0.04217
14953.94824 0.06216
14956.64941 0.04966
14959.33496 0.02313
14962.02832 0.08978
14964.72266 0.09425
14967.40918 0.06540
14970.10547 0.07667
14972.80957 0.09340
14975.48926 0.07584
14978.18555 0.05384
14980.87500 0.05831
14983.56348 0.05705
14986.26270 0.06671
14988.94531 0.06475
14991.63574 0.06902
14994.34375 0.06997
14997.02734 0.05794
14999.71191 0.06687
15002.40527 0.06205
15005.09863 0.07094
15007.79980 0.07357
15010.48633 0.06138
15013.18066 0.04078
15015.87695 0.03835
15018.56348 0.04335
15021.26074 0.05572
15023.94141 0.07027
15026.63867 0.07574
15029.32715 0.07082
15032.01855 0.06535
15034.71680 0.04692
15037.39941 0.05935
15040.09766 0.04837
15042.79004 0.06474
15045.47461 0.06825
15048.17578 0.07145
15050.87012 0.03938
15053.56348 0.06008
15056.24902 0.03570
15058.93555 0.04987
15061.62305 0.05628
15064.32715 0.05804
15067.00586 0.07226
15069.71094 0.06765
15072.40039 0.05999
15075.08984 0.05748
15077.78027 0.05197
15080.47949 0.04326
15083.16992 0.08769
15085.86035 0.06370
15088.55273 0.05306
15091.24414 0.04025
15093.92969 0.03108
15096.62305 0.06269
15099.31641 0.06268
15102.01074 0.06569
15104.71387 0.08564
15107.40039 0.10144
15110.07910 0.07042
15112.77637 0.07489
15115.47266 0.06401
15118.16992 0.04982
15120.85059 0.05615
15123.54004 0.04596
15126.23926 0.05331
15128.92969 0.07069
15131.62891 0.08594
15134.31250 0.05885
15137.01367 0.06046
15139.68945 0.05880
15142.39062 0.06677
15145.08398 0.05186
15147.78613 0.03723
15150.47363 0.06053
15153.16016 0.05633
15155.83887 0.04354
15158.54297 0.04518
15161.24023 0.07200
15163.92773 0.05316
15166.61719 0.04889
15169.31445 0.05720
15171.99707 0.07917
15174.68652 0.07022
15177.39453 0.06110
15180.07812 0.05011
15182.77051 0.07615
15185.46191 0.08695
15188.14648 0.06692
15190.84863 0.07138
15193.54199 0.04124
15196.21973 0.06404
15198.92383 0.06450
15201.61816 0.06247
15204.31445 0.08262
15206.99414 0.08407
15209.69141 0.07202
15212.37988 0.07274
15215.07812 0.09224
15217.75977 0.07549
15220.46582 0.04650
15223.14844 0.03379
15225.83984 0.04925
15228.53125 0.02479
15231.23145 0.03006
15233.92480 0.05976
15236.61035 0.07554
15239.30371 0.05414
15242.00586 0.08142
15244.69141 0.06492
15247.37793 0.05350
15250.06543 0.04814
15252.76172 0.03486
15255.45020 0.04966
15258.14746 0.05458
15260.83496 0.07056
15263.53320 0.06353
15266.22266 0.05989
15268.92285 0.07406
15271.60547 0.05523
15274.30566 0.04981
15276.98828 0.06937
15279.68066 0.05610
15282.38184 0.06280
15285.05859 0.08499
15287.75977 0.07585
15290.45508 0.08835
15293.14160 0.07043
15295.82812 0.06464
15298.51465 0.05633
15301.21973 0.07308
15303.90039 0.04159
15306.60547 0.05373
15309.29492 0.05627
15311.99316 0.08228
15314.68262 0.07883
15317.37305 0.06404
15320.07324 0.07359
15322.76465 0.05700
15325.44043 0.05996
15328.13184 0.05428
15330.82520 0.04892
15333.51855 0.04457
15336.20410 0.04095
15338.89844 0.06417
15341.59277 0.06060
15344.28027 0.05916
15346.97559 0.05963
15349.67285 0.08377
15352.36914 0.05299
15355.05859 0.04827
15357.74805 0.03493
15360.44629 0.06356
15363.12793 0.07309
15365.81836 0.03613
15368.51855 0.06541
15371.20117 0.06622
15373.90039 0.09422
15376.60254 0.05809
15379.28711 0.08408
15381.98047 0.05078
15384.66602 0.06192
15387.36914 0.07645
15390.05566 0.05927
15392.75879 0.06870
15395.44727 0.06933
15398.12598 0.05162
15400.83105 0.04296
15403.51172 0.06574
15406.20020 0.05271
15408.89160 0.06861
15411.59766 0.06387
15414.28809 0.06042
15416.98047 0.07419
15419.67285 0.06692
15422.35547 0.08266
15425.04883 0.08265
15427.74219 0.08056
15430.43555 0.06419
15433.12793 0.04191
15435.82324 0.01342
15438.50195 0.03540
15441.19629 0.06973
15443.89258 0.06755
15446.58789 0.07159
15449.26855 0.06841
15451.96582 0.08499
15454.66406 0.07836
15457.36133 0.07648
15460.04395 0.05309
15462.74316 0.06121
15465.42578 0.05861
15468.12500 0.04207
15470.81738 0.04198
15473.51855 0.05839
15476.20410 0.04477
15478.88770 0.06980
15481.59082 0.10103
15484.27734 0.06996
15486.96289 0.07106
15489.65820 0.05842
15492.34570 0.06728
15495.03320 0.06093
15497.73047 0.04966
15500.41895 0.06402
15503.10840 0.05322
15505.79883 0.05964
15508.48828 0.06903
15511.17871 0.05966
15513.87891 0.06793
15516.57031 0.05971
15519.26270 0.08456
15521.95410 0.06075
15524.64746 0.06752
15527.34082 0.06999
15530.04395 0.07894
15532.72852 0.06765
15535.42383 0.06699
15538.11914 0.04668
15540.80664 0.06574
15543.50195 0.04721
15546.19922 0.04120
15548.87988 0.06100
15551.58594 0.06985
15554.26562 0.06236
15556.96484 0.06001
15559.65527 0.08876
15562.33789 0.07311
15565.03809 0.06531
15567.72949 0.06675
15570.41406 0.06230
15573.11523 0.05745
15575.80859 0.05140
15578.49414 0.04926
15581.17969 0.05232
15583.87402 0.04950
15586.57812 0.07518
15589.26465 0.08732
15591.95996 0.08140
15594.64844 0.09380
15597.33691 0.07022
15600.03320 0.06668
15602.72266 0.06457
15605.42188 0.05649
15608.09473 0.05889
15610.79492 0.05720
15613.48535 0.06942
15616.17773 0.06054
15618.87793 0.04346
15621.55371 0.09841
15624.25488 0.06304
15626.95703 0.07440
15629.64258 0.05788
15632.33789 0.05671
15635.02246 0.06960
15637.71875 0.07004
15640.40527 0.08495
15643.10254 0.07035
15645.79102 0.05792
15648.48828 0.03979
15651.17773 0.03017
15653.85742 0.05233
15656.56543 0.05947
15659.24707 0.07930
15661.93848 0.08366
15664.62891 0.08544
15667.33008 0.07937
15670.02246 0.06995
15672.71582 0.04280
15675.40918 0.05110
15678.10254 0.04565
15680.78809 0.04587
15683.48242 0.06947
15686.16895 0.07459
15688.86523 0.06346
15691.56055 0.06692
15694.24902 0.07236
15696.94531 0.07895
15699.62500 0.07717
15702.31445 0.06947
15705.02246 0.07291
15707.72070 0.04531
15710.39453 0.05433
15713.09375 0.05539
15715.79395 0.07090
15718.46875 0.04812
15721.16992 0.07510
15723.85449 0.07289
15726.55664 0.06433
15729.23242 0.08186
15731.93652 0.07716
15734.63086 0.06161
15737.32617 0.06611
15740.01367 0.07459
15742.70020 0.04468
15745.38867 0.06807
15748.09473 0.07770
15750.77539 0.08658
15753.46484 0.06582
15756.15430 0.06660
15758.84473 0.05758
15761.56152 0.06133
15764.24414 0.07025
15766.93555 0.05366
15769.62793 0.07458
15772.32031 0.08189
15775.01367 0.10239
15777.70703 0.04810
15780.38281 0.04946
15783.07812 0.06565
15785.77344 0.04902
15788.46875 0.05283
15791.16406 0.04704
15793.84277 0.07593
15796.54004 0.06118
15799.23730 0.08676
15801.93457 0.07963
15804.61621 0.07705
15807.32227 0.04743
15810.00391 0.06699
15812.69629 0.04199
15815.38672 0.04637
15818.07910 0.07563
15820.76172 0.04288
15823.46387 0.05569
15826.15625 0.08840
15828.84180 0.08356
15831.54395 0.09914
15834.22949 0.08008
15836.91602 0.03988
15839.60254 0.07363
15842.30762 0.08799
15845.00391 0.06935
15847.69141 0.05096
15850.37988 0.07441
15853.07812 0.06076
15855.76758 0.05404
15858.45703 0.08176
15861.14746 0.06564
15863.84766 0.05623
15866.53809 0.04209
15869.23047 0.06687
15871.92188 0.09223
15874.61523 0.09109
15877.29004 0.07631
15879.99316 0.09141
15882.69531 0.07223
15885.38965 0.05485
15888.06738 0.06993
15890.76367 0.04124
15893.45898 0.06033
15896.14746 0.06424
15898.84375 0.07584
15901.53125 0.07623
15904.22949 0.07762
15906.91016 0.10956
15909.60840 0.08992
15912.29883 0.07053
15914.99023 0.06983
15917.68945 0.07638
15920.37305 0.05291
15923.05664 0.05363
15925.75781 0.05199
15928.45898 0.06181
15931.14453 0.07348
15933.83008 0.06684
15936.52344 0.06453
15939.22656 0.06674
15941.92285 0.07587
15944.60938 0.08652
15947.29785 0.04542
15949.99316 0.09570
15952.68262 0.05835
15955.37109 0.04892
15958.06055 0.05354
15960.75000 0.05310
15963.44043 0.06029
15966.14062 0.05661
15968.83984 0.06896
15971.51367 0.08182
15974.21484 0.07008
15976.90723 0.05161
15979.59082 0.07245
15982.29297 0.07162
15984.98633 0.07573
15987.67188 0.08669
15990.36621 0.06107
15993.04590 0.06558
15995.75879 0.03410
15998.43652 0.04848
16001.14258 0.07881
16003.82129 0.04984
16006.51074 0.06280
16009.21680 0.08632
16011.89746 0.08550
16014.58789 0.08380
16017.28613 0.06471
16019.98633 0.07215
16022.66895 0.05358
16025.36133 0.06106
16028.04395 0.04634
16030.75391 0.07010
16033.43066 0.07728
16036.14258 0.04247
16038.82715 0.08011
16041.52246 0.06723
16044.21680 0.07732
16046.89453 0.06403
16049.58105 0.06957
16052.27832 0.05162
16054.96582 0.07921
16057.67188 0.03791
16060.36035 0.05723
16063.04102 0.03832
16065.73926 0.05853
16068.43945 0.04926
16071.12109 0.07867
16073.81152 0.06783
16076.51270 0.06876
16079.20508 0.06065
16081.89648 0.08233
16084.58105 0.05415
16087.27441 0.05826
16089.96875 0.08285
16092.67090 0.06424
16095.34863 0.06453
16098.03516 0.06595
16100.74805 0.06812
16103.42676 0.06761
16106.11426 0.05082
16108.82031 0.05100
16111.50879 0.08496
16114.19727 0.07447
16116.88672 0.07918
16119.57812 0.08347
16122.26855 0.08629
16124.95898 0.05787
16127.64941 0.06123
16130.35059 0.05499
16133.03320 0.05862
16135.72656 0.03126
16138.41992 0.06218
16141.12305 0.06293
16143.80664 0.08666
16146.50098 0.08129
16149.19727 0.08769
16151.88281 0.09011
16154.57910 0.06043
16157.26660 0.06430
16159.97168 0.05913
16162.65234 0.05854
16165.34961 0.04142
16168.03906 0.07073
16170.72754 0.06521
16173.42676 0.07458
16176.10840 0.07739
16178.81738 0.06092
16181.50000 0.08210
16184.18262 0.07738
16186.87500 0.08971
16189.56738 0.06923
16192.27051 0.05954
16194.95410 0.07873
16197.64941 0.08006
16200.33398 0.05828
16203.03809 0.06012
16205.72461 0.06071
16208.42090 0.05651
16211.10742 0.05897
16213.79590 0.04768
16216.49316 0.04788
16219.18262 0.06477
16221.87207 0.10010
16224.57031 0.05840
16227.25195 0.09667
16229.94238 0.07153
16232.64258 0.06376
16235.33301 0.06414
16238.02441 0.05039
16240.71680 0.07960
16243.41895 0.06932
16246.09375 0.04333
16248.78906 0.06890
16251.49121 0.08635
16254.17676 0.08183
16256.87305 0.08474
16259.56738 0.07527
16262.25391 0.09497
16264.95117 0.05716
16267.63965 0.07243
16270.33691 0.06024
16273.01562 0.05896
16275.72266 0.07092
16278.40332 0.06965
16281.10352 0.06454
16283.79395 0.06878
16286.47559 0.09407
16289.17480 0.09805
16291.87598 0.07986
16294.56055 0.05885
16297.24316 0.06399
16299.95508 0.07851
16302.64062 0.05606
16305.32422 0.06613
16308.02832 0.07557
16310.71484 0.07313
16313.40039 0.06266
16316.09570 0.06679
16318.78418 0.03107
16321.47266 0.06336
16324.17871 0.09791
16326.86621 0.06777
16329.55566 0.08580
16332.25488 0.07642
16334.93652 0.06423
16337.62500 0.06205
16340.32617 0.08541
16343.01758 0.06145
16345.70898 0.05211
16348.40137 0.07440
16351.09473 0.05033
16353.77832 0.06484
16356.48145 0.07822
16359.15723 0.07152
16361.85938 0.08363
16364.55566 0.07353
16367.24121 0.08366
16369.92773 0.07204
16372.62500 0.08382
16375.32129 0.05745
16378.01855 0.07179
16380.69824 0.04363
16383.39551 0.07007
16386.09375 0.06579
16388.77539 0.08938
16391.47461 0.08713
16394.15625 0.08365
16396.85742 0.07130
16399.55859 0.06680
16402.24023 0.05030
16404.94141 0.05134
16407.62695 0.04242
16410.31055 0.03517
16413.01367 0.04907
16415.69922 0.07468
16418.40234 0.08402
16421.08789 0.08809
16423.76562 0.06082
16426.46289 0.06129
16429.16016 0.08428
16431.84766 0.05226
16434.54492 0.05519
16437.24219 0.04968
16439.92383 0.07791
16442.62109 0.07214
16445.31055 0.09024
16448.00195 0.07359
16450.69336 0.04112
16453.38477 0.05788
16456.07617 0.07343
16458.75977 0.08828
16461.46094 0.09208
16464.14648 0.08266
16466.84766 0.08225
16469.53320 0.08982
16472.22852 0.07854
16474.92383 0.07441
16477.60938 0.06180
16480.31445 0.05848
16483.00195 0.05185
16485.68945 0.06536
16488.37695 0.07406
16491.06641 0.08393
16493.77344 0.07085
16496.46289 0.08236
16499.15430 0.07796
16501.84375 0.06793
16504.53516 0.05892
16507.22461 0.06474
16509.91797 0.05915
16512.61914 0.04411
16515.30078 0.04853
16518.00391 0.07149
16520.68750 0.07756
16523.36328 0.04857
16526.06836 0.10081
16528.76172 0.05159
16531.45703 0.07386
16534.15234 0.05620
16536.83984 0.07008
16539.52734 0.06857
16542.22461 0.06243
16544.91211 0.07098
16547.60938 0.05931
16550.29102 0.05616
16552.98828 0.03660
16555.67969 0.08484
16558.37891 0.08746
16561.06055 0.03935
16563.76172 0.07828
16566.44336 0.05948
16569.14453 0.08185
16571.82812 0.10839
16574.52148 0.08867
16577.22461 0.07848
16579.91797 0.05972
16582.60352 0.05517
16585.28906 0.06057
16587.97461 0.04347
16590.67969 0.04508
16593.37695 0.06208
16596.06445 0.07583
16598.75977 0.08180
16601.44141 0.07313
16604.13867 0.08134
16606.82812 0.06354
16609.52539 0.06267
16612.21680 0.07511
16614.91602 0.06046
16617.60742 0.07509
16620.29883 0.07629
16622.97266 0.06846
16625.66406 0.06272
16628.36523 0.07145
16631.05859 0.08155
16633.74414 0.09701
16636.43750 0.06670
16639.14062 0.07388
16641.81836 0.06672
16644.52344 0.06693
16647.20117 0.03735
16649.90625 0.06600
16652.60156 0.07243
16655.28906 0.08992
16657.98828 0.08456
16660.67578 0.04657
16663.35547 0.06052
16666.06445 0.08255
16668.74609 0.06188
16671.43555 0.10113
16674.13672 0.06993
16676.82812 0.08902
16679.50977 0.08550
16682.20312 0.06162
16684.90430 0.06369
16687.58789 0.05727
16690.28320 0.07142
16692.96680 0.04528
16695.66211 0.05371
16698.34570 0.06754
16701.04297 0.07759
16703.72852 0.07271
16706.42578 0.08442
16709.11133 0.07564
16711.81836 0.08088
16714.50781 0.06516
16717.20508 0.05952
16719.89453 0.06779
16722.59375 0.06734
16725.27344 0.05226
16727.96484 0.06178
16730.66406 0.06012
16733.35547 0.07241
16736.04688 0.09478
16738.74023 0.08104
16741.44141 0.07893
16744.11719 0.07108
16746.81836 0.06062
16749.50391 0.06670
16752.20703 0.08342
16754.88281 0.06760
16757.58789 0.06702
16760.26562 0.05660
16762.96289 0.09379
16765.65820 0.08154
16768.34570 0.06614
16771.04297 0.07252
16773.74219 0.08314
16776.42188 0.05293
16779.11133 0.08742
16781.81055 0.07025
16784.50977 0.07785
16787.19141 0.06161
16789.88086 0.05948
16792.57422 0.04939
16795.26562 0.08588
16797.95898 0.06112
16800.64258 0.06759
16803.34570 0.07401
16806.02930 0.05638
16808.72461 0.09588
16811.41797 0.07626
16814.11328 0.08763
16816.80078 0.05831
16819.50586 0.07470
16822.19141 0.06309
16824.87109 0.06423
16827.57812 0.03246
16830.26562 0.04950
16832.96484 0.05870
16835.64453 0.04794
16838.34180 0.06192
16841.03320 0.07865
16843.72461 0.07964
16846.41406 0.09214
16849.10742 0.08790
16851.79883 0.05828
16854.49023 0.06453
16857.19336 0.07143
16859.87500 0.05710
16862.58008 0.06740
16865.25391 0.06628
16867.94922 0.07129
16870.64453 0.08317
16873.33984 0.06140
16876.02734 0.09147
16878.73242 0.07367
16881.41992 0.08081
16884.10547 0.06840
16886.79492 0.07916
16889.48438 0.06074
16892.17383 0.05556
16894.87109 0.07088
16897.57227 0.07280
16900.25195 0.06751
16902.93359 0.05236
16905.65234 0.05340
16908.31641 0.06604
16911.01758 0.09423
16913.71875 0.06378
16916.40430 0.10024
16919.10547 0.05738
16921.79102 0.08181
16924.49414 0.10107
16927.16016 0.08141
16929.86523 0.09452
16932.57031 0.04316
16935.25586 0.03704
16937.94336 0.05973
16940.63086 0.04082
16943.33789 0.07267
16946.02539 0.08725
16948.71484 0.06650
16951.40430 0.07300
16954.09375 0.07927
16956.78320 0.07833
16959.49219 0.06515
16962.16406 0.06321
16964.85742 0.06585
16967.55859 0.05432
16970.25000 0.05415
16972.93164 0.05649
16975.63477 0.04003
16978.32812 0.05009
16981.00391 0.08932
16983.69922 0.08079
16986.41211 0.07152
16989.08789 0.07379
16991.78320 0.06100
16994.47070 0.04938
16997.16602 0.05491
16999.85547 0.07045
17002.54297 0.06365
17005.24023 0.08527
17007.92969 0.04908
17010.61914 0.06523
17013.31641 0.05442
17016.00781 0.06324
17018.70703 0.04527
17021.39844 0.06773
17024.08984 0.09089
17026.77148 0.06659
17029.46484 0.07075
17032.16602 0.07038
17034.86914 0.07113
17037.53516 0.04956
17040.23828 0.05387
17042.94141 0.03148
17045.61719 0.05783
17048.32227 0.05357
17051.00000 0.04727
17053.69531 0.06944
17056.38281 0.08392
17059.08008 0.07006
17061.76758 0.06967
17064.47461 0.07930
17067.15430 0.04342
17069.86133 0.07253
17072.55078 0.05628
17075.23242 0.06758
17077.93359 0.06740
17080.61328 0.07181
17083.30469 0.09333
17085.99609 0.08103
17088.69922 0.07993
17091.39062 0.08576
17094.08398 0.05518
17096.76953 0.06072
17099.46289 0.03533
17102.15625 0.05354
17104.84180 0.06700
17107.53711 0.06819
17110.23242 0.07479
17112.91992 0.07279
17115.61719 0.08720
17118.31445 0.06080
17121.00000 0.06522
17123.69922 0.06195
17126.38672 0.04450
17129.06641 0.08025
17131.76758 0.05851
17134.45703 0.06237
17137.15625 0.07267
17139.83789 0.04423
17142.52930 0.06457
17145.23047 0.03461
17147.91211 0.05920
17150.60547 0.05378
17153.29883 0.06069
17156.00195 0.08026
17158.67578 0.06956
17161.38086 0.08457
17164.06641 0.08994
17166.75977 0.07015
17169.44727 0.05279
17172.15234 0.05290
17174.83789 0.07945
17177.52734 0.05024
17180.23242 0.06091
17182.92188 0.07031
17185.59961 0.06277
17188.28906 0.07075
17190.99805 0.10455
17193.67773 0.08052
17196.37891 0.07768
17199.06836 0.07946
17201.75000 0.07077
17204.44141 0.06763
17207.13477 0.03801
17209.82617 0.07002
17212.51953 0.04430
17215.21094 0.07651
17217.90625 0.07520
17220.58984 0.08004
17223.29492 0.06114
17225.99023 0.06658
17228.67578 0.09364
17231.37109 0.07477
17234.06836 0.09037
17236.74414 0.09644
17239.44141 0.06059
17242.13867 0.06278
17244.82812 0.05727
17247.51758 0.05041
17250.21484 0.06826
17252.90625 0.05602
17255.59570 0.04259
17258.29492 0.05984
17260.97656 0.05785
17263.67773 0.07232
17266.36133 0.08853
17269.06250 0.09231
17271.75586 0.05577
17274.44727 0.05958
17277.13086 0.06693
17279.82617 0.06551
17282.52148 0.03920
17285.20508 0.03475
17287.90039 0.06121
17290.60547 0.05061
17293.28125 0.07771
17295.97852 0.08015
17298.66602 0.06316
17301.35352 0.07525
17304.04102 0.06060
17306.75000 0.05377
17309.44727 0.06700
17312.12891 0.05682
17314.82617 0.04462
17317.51758 0.06194
17320.21680 0.06598
17322.89844 0.05126
17325.59180 0.05635
17328.29297 0.05712
17330.95703 0.08341
17333.65820 0.07761
17336.35156 0.05194
17339.05469 0.07220
17341.73828 0.04853
17344.42383 0.06542
17347.11914 0.06305
17349.82422 0.08242
17352.50977 0.05881
17355.19531 0.07328
17357.89258 0.06109
17360.59961 0.05419
17363.26758 0.04786
17365.97656 0.07666
17368.65430 0.07045
17371.36328 0.07724
17374.03320 0.07802
17376.74219 0.07038
17379.43359 0.07794
17382.13281 0.09116
17384.81445 0.07563
17387.49805 0.03826
17390.20703 0.06346
17392.89062 0.06465
17395.57422 0.08551
17398.26758 0.05892
17400.97070 0.05941
17403.66406 0.08236
17406.33984 0.07592
17409.03516 0.08303
17411.73047 0.07515
17414.41602 0.07664
17417.10352 0.05288
17419.81836 0.04459
17422.50586 0.05694
17425.20312 0.07016
17427.89062 0.05678
17430.58008 0.07002
17433.25977 0.09786
17435.95898 0.07027
17438.64844 0.07410
17441.33984 0.07603
17444.03906 0.05135
17446.73047 0.04220
17449.43164 0.06539
17452.10547 0.06533
17454.79883 0.07069
17457.50000 0.04443
17460.18359 0.09739
17462.88672 0.06296
17465.57031 0.06188
17468.25586 0.05979
17470.96094 0.05784
17473.64648 0.06905
17476.34180 0.08873
17479.01953 0.06863
17481.72656 0.06494
17484.41211 0.08769
17487.10938 0.05432
17489.78906 0.06176
17492.49609 0.05136
17495.18555 0.04206
17497.87500 0.05837
17500.57422 0.04541
17503.25586 0.09083
17505.94531 0.07073
17508.63672 0.07704
17511.34766 0.09051
17514.03906 0.09068
17516.71289 0.09389
17519.40625 0.06532
17522.09961 0.03388
17524.79297 0.06804
17527.48633 0.04590
17530.16992 0.05575
17532.86719 0.07079
17535.56055 0.07169
17538.24805 0.06402
17540.94336 0.06981
17543.63086 0.06442
17546.32812 0.07418
17549.02539 0.06352
17551.72266 0.04754
17554.40039 0.06729
17557.09961 0.02020
17559.78906 0.05838
17562.48828 0.07090
17565.16992 0.05568
17567.86914 0.06925
17570.56055 0.09099
17573.24219 0.07273
17575.93359 0.08668
17578.63477 0.07323
17581.31836 0.07475
17584.02148 0.05070
17586.70508 0.07537
17589.40039 0.05870
17592.08398 0.06149
17594.78906 0.04914
17597.47461 0.06426
17600.17969 0.03804
17602.86523 0.04805
17605.54297 0.05313
17608.24805 0.06015
17610.93750 0.08540
17613.63477 0.07766
17616.32227 0.09108
17619.02930 0.09552
17621.70898 0.08478
17624.39844 0.06714
17627.08789 0.07400
17629.77930 0.05338
17632.47070 0.05643
17635.16211 0.04290
17637.84375 0.08481
17640.55469 0.03991
17643.23828 0.08442
17645.92969 0.08188
17648.63281 0.08727
17651.31836 0.07606
17654.00195 0.08329
17656.69727 0.03167
17659.39062 0.05395
17662.08594 0.06491
17664.78125 0.05068
17667.47852 0.06412
17670.16602 0.05655
17672.85156 0.08256
17675.54883 0.07241
17678.22852 0.08035
17680.92773 0.06590
17683.63477 0.05305
17686.31445 0.06886
17689.01367 0.06786
17691.68359 0.06762
17694.38477 0.06423
17697.08594 0.05993
17699.77539 0.08185
17702.45898 0.06288
17705.16016 0.05093
17707.85352 0.03266
17710.54688 0.04378
17713.22852 0.07279
17715.91406 0.07378
17718.61719 0.06970
17721.31250 0.08334
17723.99805 0.06417
17726.70312 0.08758
17729.39844 0.06563
17732.07617 0.06533
17734.76172 0.05472
17737.44922 0.02108
17740.14844 0.02801
17742.85547 0.06125
17745.54297 0.08378
17748.24219 0.05673
17750.93164 0.07087
17753.62109 0.07722
17756.31055 0.05300
17759.00195 0.05804
17761.69336 0.05259
17764.37500 0.07203
17767.06641 0.02757
17769.75977 0.05079
17772.46289 0.06333
17775.15430 0.04648
17777.84766 0.07757
17780.52148 0.06648
17783.21680 0.07506
17785.91992 0.07782
17788.61719 0.06608
17791.30273 0.07981
17793.99805 0.05052
17796.69336 0.05420
17799.38086 0.06182
17802.07812 0.06123
17804.75586 0.06606
17807.45312 0.04710
17810.13281 0.06090
17812.84180 0.04069
17815.52148 0.05211
17818.23047 0.06370
17820.91016 0.08287
17823.62109 0.06949
17826.30273 0.06413
17828.99414 0.07324
17831.67578 0.08538
17834.37695 0.06279
17837.06055 0.05241
17839.75391 0.05962
17842.45703 0.04701
17845.15039 0.04956
17847.83398 0.05287
17850.52930 0.07075
17853.21484 0.08367
17855.91016 0.06063
17858.59570 0.07576
17861.29297 0.06306
17863.98047 0.08283
17866.66602 0.05084
17869.36523 0.04089
17872.05273 0.05052
17874.75000 0.07487
17877.43945 0.04967
17880.14062 0.07093
17882.83008 0.05794
17885.52930 0.05861
17888.21875 0.03663
17890.90039 0.06747
17893.60156 0.06726
17896.29297 0.05983
17898.99609 0.05327
17901.67773 0.05854
17904.36133 0.05215
17907.06445 0.04324
17909.73828 0.02165
17912.44141 0.05928
17915.12695 0.04563
17917.82227 0.06119
17920.50781 0.06168
17923.21484 0.06740
17925.89062 0.05507
17928.59766 0.07937
17931.28320 0.06327
17933.98242 0.05380
17936.66992 0.06810
17939.35742 0.07483
17942.05664 0.06293
17944.74609 0.03842
17947.43555 0.05104
17950.13477 0.03231
17952.81445 0.03034
17955.50586 0.06013
17958.19727 0.05999
17960.89062 0.07058
17963.59180 0.05412
17966.28320 0.05098
17968.97656 0.06849
17971.66992 0.07261
17974.35352 0.05416
17977.04688 0.06180
17979.74219 0.02806
17982.43555 0.04039
17985.12109 0.06115
17987.81836 0.07175
17990.51367 0.07606
17993.21094 0.05655
17995.90625 0.08294
17998.58398 0.06237
18001.27148 0.08379
18003.97070 0.07371
18006.66992 0.04029
18009.36719 0.07326
18012.04883 0.04349
18014.73828 0.05043
18017.42773 0.03045
18020.10742 0.06386
18022.80859 0.04266
18025.50977 0.03631
18028.19141 0.04661
18030.89453 0.05830
18033.57812 0.04377
18036.27148 0.04902
18038.95312 0.03830
18041.65820 0.06465
18044.34180 0.05788
18047.04688 0.06101
18049.73242 0.04930
18052.41797 0.04514
18055.12305 0.04622
18057.80859 0.06525
18060.49609 0.05109
18063.19336 0.05164
18065.87891 0.06785
18068.56836 0.06304
18071.25781 0.07161
18073.96484 0.05793
18076.65430 0.06988
18079.34375 0.06376
18082.03516 0.04676
18084.72461 0.04013
18087.41406 0.04666
18090.10547 0.05455
18092.79688 0.04407
18095.48828 0.03971
18098.18164 0.08370
18100.87500 0.07613
18103.56836 0.05151
18106.26172 0.05296
18108.95508 0.06920
18111.64844 0.02551
18114.34375 0.05648
18117.01953 0.03774
18119.71484 0.04058
18122.41016 0.04681
18125.10742 0.05186
18127.79492 0.06624
18130.49219 0.04747
18133.18945 0.05682
18135.86523 0.03683
18138.56445 0.05796
18141.26367 0.04695
18143.94336 0.05766
18146.64258 0.04470
18149.32227 0.05888
18152.02344 0.04137
18154.71289 0.04790
18157.41406 0.06175
18160.09570 0.05553
18162.79688 0.04704
18165.48047 0.03829
18168.16406 0.07011
18170.86719 0.07867
18173.54883 0.04885
18176.24414 0.06003
18178.94727 0.04112
18181.64258 0.04610
18184.32812 0.05512
18187.01367 0.07302
18189.72070 0.03275
18192.41602 0.02977
18195.10352 0.02200
18197.79102 0.05014
18200.47656 0.03858
18203.17578 0.06881
18205.86328 0.07306
18208.55273 0.06683
18211.26172 0.06851
18213.93164 0.05808
18216.63281 0.04248
18219.32227 0.04962
18222.01172 0.03963
18224.70312 0.04195
18227.40430 0.02803
18230.09766 0.09330
18232.78906 0.05348
18235.46289 0.04791
18238.16602 0.05587
18240.85938 0.07685
18243.55273 0.07269
18246.24805 0.05491
18248.93164 0.01699
18251.63672 0.06432
18254.33203 0.04393
18257.01758 0.02890
18259.71484 0.05965
18262.39258 0.04543
18265.09766 0.05551
18267.77539 0.04594
18270.47461 0.05708
18273.16211 0.03567
18275.86133 0.05860
18278.53906 0.05464
18281.24805 0.07364
18283.92969 0.08208
18286.61914 0.05358
18289.32031 0.02143
18292.00000 0.05466
18294.69336 0.05456
18297.39453 0.03533
18300.08594 0.04695
18302.77930 0.04356
18305.46289 0.04056
18308.16602 0.06225
18310.85938 0.07165
18313.54297 0.07431
18316.23828 0.04071
18318.92383 0.07168
18321.61914 0.02805
18324.30469 0.04620
18327.00000 0.04610
18329.68750 0.03339
18332.38477 0.04015
18335.08203 0.01448
18337.76758 0.03339
18340.46680 0.05889
18343.15625 0.05757
18345.85547 0.06308
18348.54492 0.06768
18351.24414 0.03985
18353.91406 0.06019
18356.61328 0.03722
18359.30469 0.04593
18362.00586 0.04237
18364.67773 0.04593
18367.38086 0.06165
18370.08203 0.02535
18372.76562 0.03981
18375.45898 0.09881
18378.16211 0.03183
18380.84570 0.07967
18383.53906 0.04637
18386.22461 0.03860
18388.91992 0.04843
18391.60547 0.03175
18394.30273 0.05573
18396.99805 0.03740
18399.69531 0.03920
18402.38281 0.04783
18405.06836 0.03562
18407.76758 0.02704
18410.45508 0.04512
18413.15430 0.04001
18415.84375 0.03664
18418.53320 0.03649
18421.21289 0.04546
18423.91211 0.06529
18426.61328 0.06687
18429.30469 0.03432
18431.99609 0.03669
18434.67773 0.03452
18437.37109 0.03111
18440.06250 0.02912
18442.74414 0.04404
18445.43750 0.06367
18448.15234 0.04541
18450.82617 0.05766
18453.52148 0.05028
18456.21680 0.06997
18458.90039 0.04457
18461.59766 0.01990
18464.29297 0.03735
18466.99023 0.02387
18469.67578 0.03527
18472.38477 0.05253
18475.08203 0.04905
18477.75000 0.04821
18480.44727 0.05335
18483.14648 0.06304
18485.83594 0.05950
18488.51562 0.04946
18491.21484 0.04048
18493.92578 0.02676
18496.60742 0.04813
18499.29688 0.04178
18501.97852 0.05335
18504.67969 0.06481
18507.36328 0.02530
18510.05469 0.04882
18512.74805 0.04379
18515.45117 0.02166
18518.13672 0.05980
18520.83984 0.06312
18523.51562 0.06570
18526.19922 0.03725
18528.90430 0.03916
18531.59180 0.05659
18534.28711 0.04399
18536.99414 0.04168
18539.66992 0.04247
18542.35742 0.00330
18545.04492 0.02464
18547.75391 0.02871
18550.44141 0.07076
18553.14062 0.07458
18555.83008 0.05388
18558.50781 0.05275
18561.19922 0.05102
18563.88867 0.03015
18566.57812 0.03583
18569.28125 0.04112
18571.97266 0.02319
18574.66406 0.04143
18577.35547 0.04707
18580.04883 0.05852
18582.74023 0.04323
18585.42578 0.07878
18588.12891 0.05811
18590.82422 0.03176
18593.51758 0.03682
18596.21289 0.03043
18598.88672 0.03183
18601.58398 0.04341
18604.29102 0.03867
18606.96680 0.05040
18609.66211 0.04886
18612.35938 0.02936
18615.05859 0.03821
18617.73633 0.02819
18620.44531 0.02725
18623.12305 0.02582
18625.82227 0.05375
18628.50000 0.03349
18631.20117 0.04359
18633.88086 0.04903
18636.59180 0.04564
18639.27344 0.03325
18641.97461 0.01761
18644.65625 0.02981
18647.35742 0.01010
18650.04102 0.01383
18652.73438 0.03437
18655.43555 0.05555
18658.12109 0.04493
18660.80469 0.05304
18663.48828 0.06324
18666.19336 0.04638
18668.88867 0.04549
18671.58398 0.03093
18674.26953 0.03529
18676.95703 0.03953
18679.66211 0.03382
18682.35938 0.02779
18685.04883 0.02750
18687.73633 0.05001
18690.42383 0.07938
18693.11133 0.04962
18695.81055 0.02483
18698.50977 0.04195
18701.19922 0.04476
18703.89062 0.03952
18706.58203 0.05819
18709.26172 0.06864
18711.95117 0.01978
18714.65430 0.02226
18717.34570 0.02304
18720.03906 0.04406
18722.73242 0.06419
18725.41406 0.05150
18728.10742 0.05416
18730.81250 0.03149
18733.48438 0.02146
18736.19141 0.03084
18738.88672 0.02843
18741.56055 0.06189
18744.26562 0.01796
18746.94336 0.05381
18749.64844 0.01685
18752.34570 0.01204
18755.03320 0.03311
18757.73242 0.02521
18760.40820 0.04469
18763.11719 -0.00286
18765.79492 0.05971
18768.48438 0.04633
18771.18555 0.05162
18773.86328 0.05093
18776.56445 0.02459
18779.26562 0.03950
18781.94531 0.02892
18784.62695 -0.00014
18787.34961 0.03771
18790.03125 0.04081
18792.71484 0.02913
18795.40820 0.04932
18798.10938 0.07264
18800.80469 0.02634
18803.48633 0.04113
18806.18164 0.05632
18808.86719 0.03236
18811.56250 0.03074
18814.25781 0.01133
18816.94336 0.07313
18819.63867 0.02172
18822.32617 0.02801
18825.02344 0.05000
18827.72070 0.04636
18830.40820 0.02272
18833.09570 0.03283
18835.80469 0.03610
18838.47266 0.02368
18841.17188 0.02377
18843.86133 0.05727
18846.56250 0.03190
18849.26367 0.04493
18851.93164 0.01998
18854.62305 0.03670
18857.33594 0.03195
18860.02734 0.02042
18862.70898 0.01208
18865.40234 0.02228
18868.09570 0.04217
18870.78711 0.03333
18873.48047 0.04551
18876.16602 0.04917
18878.87109 0.04074
18881.55469 0.04020
18884.25000 0.03733
18886.93555 0.01531
18889.63281 0.00860
18892.32812 0.00947
18895.00391 0.04736
18897.71094 0.03974
18900.39844 0.05101
18903.08594 0.04543
18905.78516 0.05437
18908.47266 0.04490
18911.16211 0.04139
18913.87109 0.03006
18916.55078 0.01786
18919.24023 0.01633
18921.92969 0.02067
18924.62109 0.03348
18927.32227 0.00094
18930.01367 0.02836
18932.70703 0.01432
18935.39844 0.04607
18938.08984 0.04679
18940.77344 0.04539
18943.47656 0.02078
18946.16016 0.02847
18948.85352 0.03818
18951.54883 0.01074
18954.24414 0.01951
18956.93750 0.02261
18959.62305 0.03063
18962.33008 0.01821
18964.99609 0.00677
18967.69141 0.04143
18970.38867 0.01805
18973.08594 0.00635
18975.78516 0.00610
18978.46289 0.03599
18981.16016 0.03796
18983.85938 -0.00170
18986.52734 0.01928
18989.22656 -0.00606
18991.93750 0.04386
18994.60742 0.02415
18997.30859 0.01980
19000.00977 0.00930
19002.69141 0.03820
19005.39258 0.02398
19008.07422 0.03841
19010.77734 0.05292
19013.45898 0.02624
19016.16211 0.04860
19018.84570 0.02038
19021.52930 0.03350
19024.23438 0.01799
19026.91797 -0.00819
19029.60352 0.01961
19032.30859 0.00712
19034.99414 0.01210
19037.69141 0.01632
19040.38867 0.02323
19043.07422 0.05321
19045.76172 0.01790
19048.45898 0.01833
19051.13672 0.03418
19053.84570 0.00944
19056.54297 -0.00819
19059.22266 0.01956
19061.91211 0.00681
19064.61133 0.00329
19067.30078 0.03110
19069.99219 0.02117
19072.67188 0.03048
19075.37305 0.00720
19078.06445 0.00477
19080.75781 0.01534
19083.45898 0.00750
19086.14258 0.03768
19088.83398 0.05416
19091.53906 0.03399
19094.21094 0.02377
19096.90625 0.01450
19099.61133 0.02450
19102.29492 0.02684
19104.99023 0.01486
19107.67578 0.01057
19110.37109 0.01549
19113.06836 0.03941
19115.74414 0.05248
19118.45117 0.04607
19121.13867 0.00812
19123.81641 0.02325
19126.52539 0.03225
19129.22266 -0.00894
19131.90039 0.00271
19134.61133 0.01668
19137.29102 0.00324
19139.99023 0.00627
19142.67969 0.02414
19145.38086 0.04580
19148.06250 0.03653
19150.75195 0.03373
19153.44531 0.02513
19156.12695 0.02967
19158.81836 0.03833
19161.52148 0.01838
19164.20508 0.00629
19166.89844 0.01163
19169.60156 -0.01479
19172.28516 0.04062
19174.98047 0.02789
19177.66602 0.00730
19180.34961 0.01866
19183.06641 0.02285
19185.75195 0.01001
19188.43945 0.01292
19191.13477 0.01573
19193.82227 0.05244
19196.50977 0.02146
19199.20703 0.03809
19201.89453 0.00667
19204.58203 0.03346
19207.28320 -0.00167
19209.97266 0.00720
19212.66211 0.03272
19215.36133 0.02039
19218.05273 0.02431
19220.75195 0.02036
19223.42383 0.02786
19226.11328 0.03192
19228.81641 0.01523
19231.51758 0.01906
19234.21094 0.03399
19236.89258 0.00929
19239.58594 -0.02188
19242.27930 -0.00984
19244.98438 -0.02110
19247.65820 0.02869
19250.35156 0.00071
19253.03516 0.03787
19255.73242 0.00951
19258.43750 0.01560
19261.12305 0.00545
19263.82031 0.00307
19266.50586 0.00786
19269.20312 -0.00900
19271.88086 0.01952
19274.58789 0.01958
19277.26562 -0.00823
19279.96484 0.00508
19282.66406 0.02306
19285.34180 0.02159
19288.05273 0.02977
19290.73242 0.00535
19293.41211 0.01736
19296.12305 0.00059
19298.81445 0.00570
19301.49609 -0.00994
19304.18555 0.02509
19306.88867 0.00483
19309.58203 0.02038
19312.27344 0.02412
19314.95703 0.00912
19317.65039 0.00844
19320.33398 0.00856
19323.02734 0.02450
19325.74219 0.00669
19328.42773 0.03244
19331.12305 0.04783
19333.80859 0.00746
19336.50391 0.02555
19339.20117 0.02490
19341.88672 -0.00031
19344.57422 0.01387
19347.25977 0.01221
19349.94922 0.00113
19352.64648 0.01352
19355.34570 0.01939
19358.03320 0.03483
19360.73438 0.03530
19363.41211 0.02654
19366.11133 0.00866
19368.80078 0.01750
19371.49219 0.02706
19374.18359 -0.00944
19376.87500 -0.00032
19379.57617 -0.01380
19382.25781 -0.00392
19384.94922 0.01960
19387.65234 0.01654
19390.33594 0.00604
19393.03906 -0.00432
19395.71289 0.01581
19398.41797 0.02137
19401.09961 -0.00979
19403.79492 0.00852
19406.49023 0.00413
19409.18555 -0.00281
19411.87109 0.00766
19414.57812 0.02889
19417.25391 -0.01983
19419.95117 0.00793
19422.64844 0.01860
19425.32617 -0.00176
19428.02344 0.01148
19430.72070 0.00437
19433.41992 0.01637
19436.09766 0.04085
19438.78711 0.01390
19441.49805 0.02596
19444.17773 0.01181
19446.87891 0.02529
19449.55859 -0.00467
19452.25977 -0.01983
19454.93945 -0.00035
19457.63086 -0.02577
19460.32422 -0.01106
19463.01758 -0.00395
19465.70898 0.01866
19468.40234 0.01443
19471.09570 0.03046
19473.77734 0.01284
19476.47266 0.02001
19479.16797 -0.01729
19481.86133 -0.03328
19484.55859 -0.00763
19487.25391 0.01002
19489.93945 -0.00129
19492.64648 0.00184
19495.31055 0.03866
19498.01953 0.01982
19500.70508 0.02267
19503.41406 0.02493
19506.09180 0.00129
19508.77930 -0.01021
19511.47852 0.01034
19514.15625 -0.00064
19516.86719 0.00547
19519.55664 0.00170
19522.24609 -0.00879
19524.93555 0.01232
19527.62695 -0.00047
19530.31836 -0.00154
19533.00000 0.00059
19535.71289 -0.01020
19538.38281 0.01451
19541.09570 0.00745
19543.76758 0.00572
19546.48242 0.01485
19549.16602 0.01844
19551.87109 0.01534
19554.55273 -0.00959
19557.22656 0.00738
19559.94336 -0.03172
19562.62891 -0.03278
19565.31250 -0.00195
19567.99805 0.00109
19570.70703 0.01018
19573.39258 0.02108
19576.08984 0.01098
19578.77539 0.00896
19581.45117 -0.01344
19584.17383 -0.01122
19586.84961 -0.02106
19589.54883 -0.01162
19592.23633 -0.04048
19594.93750 -0.00575
19597.61523 0.00662
19600.31641 -0.00749
19603.00781 -0.00578
19605.69922 0.01233
19608.38867 0.01943
19611.09180 0.01844
19613.77148 -0.00686
19616.46289 -0.01848
19619.16797 -0.00948
19621.83789 -0.00512
19624.53125 -0.00015
19627.22461 0.00179
19629.92969 -0.01620
19632.61328 0.00064
19635.31836 0.01642
19637.99219 -0.01145
19640.69727 0.00906
19643.38281 -0.01425
19646.06836 -0.02254
19648.76562 0.01049
19651.47266 0.00357
19654.14844 0.02144
19656.83594 -0.00368
19659.54492 0.01310
19662.22070 -0.00950
19664.93164 -0.01088
19667.60938 -0.01136
19670.30664 -0.02074
19672.98633 0.00184
19675.69727 0.00071
19678.37500 -0.00336
19681.07617 -0.01972
19683.75586 0.00720
19686.44727 -0.00604
19689.15039 -0.00852
19691.83984 0.00887
19694.52148 -0.03432
19697.23633 -0.03681
19699.90625 -0.03217
19702.59961 0.00024
19705.30469 -0.01312
19707.99805 0.00919
19710.68164 -0.00914
19713.37695 -0.01366
19716.08203 -0.00641
19718.76758 -0.00719
19721.45117 -0.00966
19724.14648 -0.00840
19726.83203 -0.03877
19729.52930 -0.01668
19732.21680 -0.00488
19734.91406 0.00168
19737.59961 -0.00162
19740.29883 -0.00887
19742.98633 -0.02673
19745.68555 -0.02091
19748.37305 -0.02058
19751.06250 -0.00373
19753.75195 -0.00473
19756.45117 -0.00355
19759.14258 -0.01256
19761.84375 -0.02075
19764.51172 -0.03259
19767.21484 -0.00610
19769.90430 0.00892
19772.60938 -0.01711
19775.27930 -0.02317
19777.98242 -0.01108
19780.67578 -0.00071
19783.37891 -0.04101
19786.05078 -0.02884
19788.75586 0.00420
19791.44922 0.02747
19794.13477 -0.02853
19796.82812 -0.02574
19799.51367 -0.01818
19802.21094 -0.03655
19804.89648 -0.03615
19807.59180 -0.02066
19810.27734 -0.02084
19812.97461 -0.01573
19815.66211 -0.02841
19818.35938 0.01305
19821.04688 0.00031
19823.74609 -0.01259
19826.43359 -0.03649
19829.12305 -0.04564
19831.82422 -0.03746
19834.52344 -0.01495
19837.20117 -0.03591
19839.91406 -0.02844
19842.59180 -0.01499
19845.28516 -0.01094
19847.96484 0.00746
19850.67773 -0.02450
19853.35938 -0.03292
19856.05078 -0.01599
19858.73242 -0.01702
19861.43555 -0.02301
19864.11914 -0.02947
19866.81250 -0.01640
19869.51758 -0.01876
19872.21289 -0.03834
19874.89648 -0.01995
19877.59180 -0.00508
19880.28711 -0.02895
19882.97266 -0.03172
19885.67773 -0.02298
19888.36328 0.00577
19891.06055 -0.01619
19893.72656 -0.00956
19896.42383 -0.01945
19899.12109 -0.02122
19901.82031 -0.04824
19904.50781 -0.02282
19907.20703 -0.03379
19909.88477 -0.03552
19912.57422 -0.04911
19915.28516 -0.03742
19917.97461 -0.02442
19920.65430 -0.01730
19923.34375 -0.00807
19926.04688 -0.00952
19928.72656 -0.00815
19931.42969 -0.01711
19934.12109 -0.02254
19936.80273 -0.03694
19939.51758 -0.00207
19942.18750 -0.03675
19944.89258 -0.02936
19947.56445 -0.04885
19950.27930 -0.03985
19952.95312 -0.01524
19955.65820 -0.02939
19958.33203 -0.00358
19961.04883 -0.01086
19963.73438 -0.01793
19966.40820 -0.04198
19969.12695 -0.05336
19971.80273 -0.04786
19974.50977 -0.02708
19977.18555 -0.04451
19979.88281 -0.01930
19982.57227 -0.05024
19985.26953 -0.02717
19987.97070 -0.02624
19990.64648 -0.05183
19993.33594 -0.01666
19996.02539 -0.03771
19998.73633 -0.03603
20001.41602 -0.02486
20004.11719 -0.02539
20006.80859 -0.00321
20009.48828 -0.01892
20012.19141 -0.03617
20014.87109 -0.02905
20017.56250 -0.05555
20020.26758 -0.02807
20022.94922 -0.03561
20025.65430 -0.05658
20028.33594 -0.00845
20031.02930 -0.04724
20033.72461 -0.00062
20036.41797 -0.02154
20039.11328 -0.03993
20041.78711 -0.04228
20044.48242 -0.02477
20047.17969 -0.02277
20049.87695 -0.06200
20052.56250 -0.06263
20055.27148 -0.04655
20057.94531 -0.03927
20060.64453 -0.02814
20063.34180 -0.02140
20066.01953 -0.01021
20068.71680 -0.00155
20071.41797 -0.03553
20074.09570 -0.06855
20076.79492 -0.06075
20079.47266 -0.03485
20082.17383 -0.03653
20084.88672 -0.04868
20087.55469 -0.03229
20090.26758 -0.04465
20092.93750 -0.02974
20095.65234 -0.02775
20098.33203 -0.02045
20101.03516 -0.03831
20103.71680 -0.04662
20106.39844 -0.03884
20109.10352 -0.03172
20111.78711 -0.01868
20114.46875 -0.01990
20117.18555 -0.01896
20119.85938 -0.06527
20122.55469 -0.07064
20125.25000 -0.07197
20127.94531 -0.06003
20130.63086 -0.06664
20133.31641 -0.04392
20136.01367 -0.03162
20138.72266 -0.04539
20141.40820 -0.02201
20144.09766 -0.05466
20146.78320 -0.04887
20149.47070 -0.04883
20152.16992 -0.06156
20154.85938 -0.05173
20157.54688 -0.06451
20160.23633 -0.06928
20162.92578 -0.03581
20165.62695 -0.03027
20168.30664 -0.03821
20171.00781 -0.02599
20173.71094 -0.04813
20176.39062 -0.02946
20179.09375 -0.04611
20181.77539 -0.03860
20184.47852 -0.07055
20187.18359 -0.06600
20189.84180 -0.06952
20192.54688 -0.07117
20195.24023 -0.02053
20197.93555 -0.05167
20200.64062 -0.03356
20203.31445 -0.05840
20206.00977 -0.04333
20208.71680 -0.02846
20211.38867 -0.04779
20214.08594 -0.02429
20216.78320 -0.06062
20219.46875 -0.05149
20222.16602 -0.05628
20224.84180 -0.05296
20227.55273 -0.04256
20230.22852 -0.04317
20232.92773 -0.05875
20235.61523 -0.05590
20238.31445 -0.06201
20240.99219 -0.05859
20243.70312 -0.03695
20246.38281 -0.02867
20249.08398 -0.04034
20251.77344 -0.02603
20254.45312 -0.03723
20257.15625 -0.05743
20259.84570 -0.06132
20262.52734 -0.08872
20265.24219 -0.06175
20267.92383 -0.05825
20270.60547 -0.07235
20273.32031 -0.04501
20276.00195 -0.03245
20278.68555 -0.06559
20281.37891 -0.04177
20284.06445 -0.05574
20286.78125 -0.06192
20289.47461 -0.07758
20292.14844 -0.07010
20294.84570 -0.07723
20297.54297 -0.07459
20300.22852 -0.07374
20302.92578 -0.06069
20305.61133 -0.06340
20308.29688 -0.04203
20310.99609 -0.05473
20313.69336 -0.05215
20316.38281 -0.08796
20319.07031 -0.06308
20321.76953 -0.04274
20324.45898 -0.05073
20327.16016 -0.06955
20329.83789 -0.06919
20332.52734 -0.04792
20335.22852 -0.06376
20337.90820 -0.04645
20340.60938 -0.06979
20343.29102 -0.07930
20345.98242 -0.06800
20348.68555 -0.05509
20351.38867 -0.06811
20354.05859 -0.05578
20356.76367 -0.05329
20359.45703 -0.06296
20362.12891 -0.05798
20364.83398 -0.07649
20367.53906 -0.07506
20370.21289 -0.09191
20372.91797 -0.08263
20375.60352 -0.07538
20378.29883 -0.09695
20380.98438 -0.07465
20383.69141 -0.05476
20386.36719 -0.06492
20389.06445 -0.05946
20391.76172 -0.04888
20394.44727 -0.06769
20397.13672 -0.08196
20399.82227 -0.08347
20402.53320 -0.07893
20405.21094 -0.08900
20407.89844 -0.07975
20410.61133 -0.09416
20413.28906 -0.06528
20415.97852 -0.06384
20418.66992 -0.06982
20421.37109 -0.06073
20424.06055 -0.07822
20426.75195 -0.09393
20429.43164 -0.07636
20432.12500 -0.08590
20434.83984 -0.10373
20437.52148 -0.07136
20440.21289 -0.09197
20442.90625 -0.05772
20445.58984 -0.06935
20448.28320 -0.08425
20450.97656 -0.09737
20453.67188 -0.08796
20456.35547 -0.09894
20459.05078 -0.06978
20461.74805 -0.05102
20464.43164 -0.10801
20467.13867 -0.07716
20469.83594 -0.07538
20472.52148 -0.08690
20475.19727 -0.10895
20477.89648 -0.09629
20480.58203 -0.11555
20483.28125 -0.11117
20485.97852 -0.08242
20488.67969 -0.09213
20491.34570 -0.05916
20494.04492 -0.08549
20496.74609 -0.06533
20499.42383 -0.09010
20502.12500 -0.09946
20504.82617 -0.10412
20507.51562 -0.10730
20510.19727 -0.10993
20512.89844 -0.10555
20515.58008 -0.10240
20518.27148 -0.10299
20520.97461 -0.11629
20523.66797 -0.08131
20526.36133 -0.10987
20529.04297 -0.08723
20531.74609 -0.09639
20534.42969 -0.11996
20537.12500 -0.11000
20539.81836 -0.10550
20542.50391 -0.12681
20545.19922 -0.08333
20547.88281 -0.09894
20550.59180 -0.10209
20553.27539 -0.08336
20555.96094 -0.09482
20558.66992 -0.09413
20561.35547 -0.10040
20564.03320 -0.11461
20566.73047 -0.10686
20569.43945 -0.09172
20572.12891 -0.10853
20574.80469 -0.10265
20577.49414 -0.11362
20580.19336 -0.12219
20582.88281 -0.12961
20585.58203 -0.12247
20588.27344 -0.11842
20590.96289 -0.12791
20593.65234 -0.09843
20596.34375 -0.10559
20599.03516 -0.11258
20601.73828 -0.09588
20604.41992 -0.08871
20607.11133 -0.08653
20609.80469 -0.09552
20612.49805 -0.12706
20615.19141 -0.13619
20617.88281 -0.12835
20620.57812 -0.12892
20623.27344 -0.12342
20625.96680 -0.11096
20628.64062 -0.10921
20631.34570 -0.11389
20634.03125 -0.11208
20636.72852 -0.12942
20639.41211 -0.10610
20642.10938 -0.12220
20644.79492 -0.12940
20647.49219 -0.13935
20650.17969 -0.11284
20652.87891 -0.11802
20655.56445 -0.12985
20658.25195 -0.13078
20660.95117 -0.11208
20663.65039 -0.12110
20666.32812 -0.12635
20669.02930 -0.13024
20671.71875 -0.12947
20674.41992 -0.12269
20677.09766 -0.13397
20679.80078 -0.13084
20682.47852 -0.12716
20685.18164 -0.10979
20687.86133 -0.13842
20690.56641 -0.14195
20693.25781 -0.13800
20695.94922 -0.14783
20698.64258 -0.11800
20701.32422 -0.14474
20704.02930 -0.12967
20706.72461 -0.11224
20709.39453 -0.12351
20712.11133 -0.13440
20714.79688 -0.11628
20717.48047 -0.13427
20720.16406 -0.12813
20722.87305 -0.13933
20725.56836 -0.14354
20728.25391 -0.15974
20730.93945 -0.15373
20733.62500 -0.14850
20736.33398 -0.11166
20739.03320 -0.13765
20741.70898 -0.13014
20744.40820 -0.15940
20747.09570 -0.13418
20749.79492 -0.14796
20752.47266 -0.16848
20755.17188 -0.15791
20757.86133 -0.16505
20760.56250 -0.15298
20763.25195 -0.17101
20765.94336 -0.13723
20768.63281 -0.14804
20771.33594 -0.16353
20774.02734 -0.16413
20776.69531 -0.14584
20779.38867 -0.14877
20782.08984 -0.17019
20784.78320 -0.16578
20787.47656 -0.15935
20790.16992 -0.18039
20792.85352 -0.14844
20795.55859 -0.17155
20798.25195 -0.16844
20800.94727 -0.17816
20803.61914 -0.17239
20806.32617 -0.16594
20809.02148 -0.21056
20811.70703 -0.18617
20814.40430 -0.16659
20817.07617 -0.15738
20819.78516 -0.16051
20822.48242 -0.17061
20825.15820 -0.18757
20827.85742 -0.18683
20830.54492 -0.18755
20833.25586 -0.18471
20835.93164 -0.20241
20838.63086 -0.20373
20841.31836 -0.18951
20844.01953 -0.18754
20846.70898 -0.17828
20849.38672 -0.17257
20852.08789 -0.18909
20854.77930 -0.20336
20857.45898 -0.21090
20860.17188 -0.20508
20862.85156 -0.19947
20865.53125 -0.22439
20868.24609 -0.21778
20870.92773 -0.20666
20873.62109 -0.20922
20876.30273 -0.20166
20878.99609 -0.18735
20881.70117 -0.20787
20884.39453 -0.21899
20887.08984 -0.18493
20889.76172 -0.23434
20892.45703 -0.21962
20895.15234 -0.22086
20897.83594 -0.22503
20900.55664 -0.22001
20903.24023 -0.21353
20905.92578 -0.23822
20908.62305 -0.23044
20911.32031 -0.23019
20914.00781 -0.23240
20916.70508 -0.23166
20919.36914 -0.23779
20922.07031 -0.22019
20924.75586 -0.25074
20927.45508 -0.21978
20930.15625 -0.24030
20932.84570 -0.22059
20935.53516 -0.24875
20938.23633 -0.25184
20940.91406 -0.25256
20943.61523 -0.25084
20946.29492 -0.25358
20948.99805 -0.28863
20951.67773 -0.26042
20954.37891 -0.21771
20957.07227 -0.25388
20959.75391 -0.23596
20962.44531 -0.25304
20965.15039 -0.28284
20967.83203 -0.24937
20970.52734 -0.30344
20973.23242 -0.31321
20975.90234 -0.28967
20978.60938 -0.28746
20981.29297 -0.30577
20984.00000 -0.28529
20986.67383 -0.25775
20989.38086 -0.30806
20992.05273 -0.27941
20994.76172 -0.29125
20997.44727 -0.27923
21000.14453 -0.31734
21002.83203 -0.30246
21005.51758 -0.30031
21008.21680 -0.29773
21010.90430 -0.28300
21013.61523 -0.30787
21016.30273 -0.32248
21018.99219 -0.32221
21021.66797 -0.31053
21024.36914 -0.31147
21027.05859 -0.32322
21029.74805 -0.31550
21032.43945 -0.32034
21035.15234 -0.33418
21037.84375 -0.34070
21040.52344 -0.34495
21043.21289 -0.34618
21045.89453 -0.36768
21048.58789 -0.36527
21051.27930 -0.35946
21053.99414 -0.38571
21056.67578 -0.36599
21059.37109 -0.35977
21062.06445 -0.34514
21064.75977 -0.36449
21067.45312 -0.35891
21070.14844 -0.36214
21072.84375 -0.38805
21075.52734 -0.39065
21078.20117 -0.39193
21080.89648 -0.41587
21083.59375 -0.40668
21086.29102 -0.42061
21088.97656 -0.43526
21091.66211 -0.43044
21094.35938 -0.39162
21097.05859 -0.39991
21099.73438 -0.40417
21102.43359 -0.40304
21105.13281 -0.41735
21107.83398 -0.41467
21110.49805 -0.43405
21113.19922 -0.44166
21115.90039 -0.46156
21118.57812 -0.45173
21121.27930 -0.43900
21123.98047 -0.47023
21126.66016 -0.44562
21129.34961 -0.46381
21132.04102 -0.46529
21134.74414 -0.43248
21137.43750 -0.46926
21140.12891 -0.47864
21142.83398 -0.47394
21145.51562 -0.50188
21148.20898 -0.49460
21150.89062 -0.46445
21153.59570 -0.48547
21156.27734 -0.50839
21158.96289 -0.50268
21161.66797 -0.52498
21164.35352 -0.56115
21167.05859 -0.52314
21169.73242 -0.53980
21172.41602 -0.51404
21175.12695 -0.51200
21177.82227 -0.51528
21180.50781 -0.54414
21183.19336 -0.56282
21185.90430 -0.56941
21188.59180 -0.58488
21191.26758 -0.57578
21193.95312 -0.58428
21196.64258 -0.57742
21199.35352 -0.59249
21202.05273 -0.60896
21204.74219 -0.59083
21207.43164 -0.58394
21210.12109 -0.58973
21212.79883 -0.59131
21215.49023 -0.62539
21218.19336 -0.59496
21220.88281 -0.65245
21223.57422 -0.64763
21226.26562 -0.65849
21228.95703 -0.64103
21231.65039 -0.64510
21234.34375 -0.62418
21237.03711 -0.65599
21239.73047 -0.66149
21242.42188 -0.70938
21245.11719 -0.67628
21247.81055 -0.70193
21250.49414 -0.69716
21253.18945 -0.72052
21255.88477 -0.72324
21258.58008 -0.70908
21261.26562 -0.76882
21263.94922 -0.76280
21266.64648 -0.76451
21269.34375 -0.78242
21272.04102 -0.74496
21274.72656 -0.78835
21277.42578 -0.78894
21280.12305 -0.79515
21282.79883 -0.81733
21285.48633 -0.80040
21288.17383 -0.78978
21290.87500 -0.78237
21293.57422 -0.82599
21296.26172 -0.86003
21298.96289 -0.85392
21301.64062 -0.85384
21304.34375 -0.88922
21307.03320 -0.88375
21309.73633 -0.87624
21312.40234 -0.88426
21315.10547 -0.91722
21317.79688 -0.90529
21320.47656 -0.91255
21323.18164 -0.91080
21325.87500 -0.94548
21328.55469 -0.98356
21331.25977 -0.98084
21333.95312 -0.98206
21336.63477 -0.99425
21339.34180 -1.00318
21342.02539 -1.00859
21344.70703 -1.01183
21347.39258 -1.00668
21350.09961 -1.02602
21352.79492 -1.03387
21355.47852 -1.06707
21358.17578 -1.09075
21360.86133 -1.06311
21363.57031 -1.07410
21366.26758 -1.08224
21368.95312 -1.10992
21371.64062 -1.11101
21374.32812 -1.13036
21377.01562 -1.15263
21379.70117 -1.17250
21382.40234 -1.18469
21385.08984 -1.19762
21387.79102 -1.21751
21390.48047 -1.21474
21393.16797 -1.23581
21395.87109 -1.21842
21398.56055 -1.23213
21401.26367 -1.25054
21403.95312 -1.29440
21406.64453 -1.31059
21409.31250 -1.34890
21412.00391 -1.33721
21414.70703 -1.35621
21417.40039 -1.36419
21420.09180 -1.37013
21422.77344 -1.37435
21425.46680 -1.37881
21428.17188 -1.37071
21430.86719 -1.40604
21433.54883 -1.44577
21436.24414 -1.47063
21438.95117 -1.47999
21441.62305 -1.47075
21444.33008 -1.51646
21447.01367 -1.55609
21449.69922 -1.54002
21452.39648 -1.57763
21455.08203 -1.56447
21457.77930 -1.60733
21460.47656 -1.60652
21463.16211 -1.64432
21465.84961 -1.64835
21468.54688 -1.69517
21471.23633 -1.71610
21473.93359 -1.70747
21476.62305 -1.73552
21479.32227 -1.77958
21482.01172 -1.75614
21484.71289 -1.79983
21487.40234 -1.80958
21490.08008 -1.83581
21492.79297 -1.86722
21495.45898 -1.90415
21498.15039 -1.88399
21500.85352 -1.93948
21503.54492 -1.94487
21506.22461 -1.94215
21508.91602 -2.00482
21511.62109 -1.99912
21514.31445 -2.05213
21517.00781 -2.05308
21519.68945 -2.09619
21522.38281 -2.11284
21525.08789 -2.14241
21527.78125 -2.15608
21530.46680 -2.18449
21533.16016 -2.22326
21535.85547 -2.18958
21538.53906 -2.21966
21541.23438 -2.26764
21543.91992 -2.29871
21546.61719 -2.34379
21549.31445 -2.39820
21552.00000 -2.38472
21554.68555 -2.47100
21557.38477 -2.47867
21560.07031 -2.50684
21562.76953 -2.53405
21565.45703 -2.53605
21568.15625 -2.57792
21570.85547 -2.60124
21573.51953 -2.64534
21576.22070 -2.70469
21578.92188 -2.70707
21581.61133 -2.73872
21584.31250 -2.81404
21586.99023 -2.82232
21589.67969 -2.87012
21592.38281 -2.90209
21595.08594 -2.92634
21597.75391 -2.96776
21600.45703 -3.02655
21603.16211 -3.03316
21605.83008 -3.07453
21608.53516 -3.10253
21611.24023 -3.12950
21613.90820 -3.16783
21616.61523 -3.22379
21619.29688 -3.21787
21622.00195 -3.28874
21624.67383 -3.33434
21627.37891 -3.38545
21630.06445 -3.42605
21632.75977 -3.50084
21635.44336 -3.57946
21638.15234 -3.57780
21640.83789 -3.59244
21643.53320 -3.64611
21646.21875 -3.71684
21648.92969 -3.72946
21651.61328 -3.74542
21654.28906 -3.82514
21656.98828 -3.89421
21659.67578 -3.95520
21662.36328 -4.01260
21665.06250 -4.05424
21667.75000 -4.13071
21670.43750 -4.15168
21673.12695 -4.19911
21675.82812 -4.27750
21678.51758 -4.30899
21681.20703 -4.37581
21683.89844 -4.40511
21686.58789 -4.51326
21689.29102 -4.53843
21691.98242 -4.61427
21694.67383 -4.66569
21697.36523 -4.72490
21700.05859 -4.81639
21702.75000 -4.84507
21705.43164 -4.94242
21708.12500 -5.00420
21710.81836 -5.04509
21713.51172 -5.18138
21716.20508 -5.22542
21718.90039 -5.26772
21721.58398 -5.35760
21724.27734 -5.38606
21726.97461 -5.47264
21729.66992 -5.58976
21732.36523 -5.62101
21735.06250 -5.68691
21737.73438 -5.78808
21740.41992 -5.87150
21743.11719 -5.98339
21745.81641 -6.10055
21748.51367 -6.13328
21751.21289 -6.21953
21753.88672 -6.30896
21756.58594 -6.36535
21759.28516 -6.44603
21761.97266 -6.54563
21764.65039 -6.59730
21767.35156 -6.71481
21770.05273 -6.83943
21772.72852 -6.93203
21775.43164 -7.04605
21778.13281 -7.19022
21780.81055 -7.27515
21783.51367 -7.35184
21786.20312 -7.42838
21788.90625 -7.52216
21791.58594 -7.61753
21794.27930 -7.76165
21796.97070 -7.88405
21799.66211 -7.97210
21802.34375 -8.08631
21805.04883 -8.19172
21807.73047 -8.33636
21810.43750 -8.41557
21813.11914 -8.62253
21815.82422 -8.68319
21818.50781 -8.80794
21821.19141 -8.99260
21823.90039 -9.07766
21826.58203 -9.19156
21829.26562 -9.31068
21831.97461 -9.48421
21834.66016 -9.60774
21837.34570 -9.72055
21840.03125 -9.88177
21842.74023 -10.06054
21845.42773 -10.19094
21848.11328 -10.32883
21850.80078 -10.50850
21853.48828 -10.67176
21856.19922 -10.78110
21858.88672 -11.03643
21861.57617 -11.25095
21864.26367 -11.34496
21866.95312 -11.48272
21869.64258 -11.62461
21872.33203 -11.64527
21875.02148 -11.89055
21877.72266 -12.04472
21880.41406 -12.22270
21883.10547 -12.45364
21885.80664 -12.76237
21888.50000 -12.92389
21891.19141 -13.11239
21893.88281 -13.23609
21896.57617 -13.39711
21899.26758 -13.69615
21901.96094 -13.89213
21904.65430 -13.95484
21907.34961 -14.08364
21910.01953 -14.43853
21912.71289 -14.54683
21915.41992 -14.83718
21918.11523 -15.06544
21920.81055 -15.32777
21923.48242 -15.54097
21926.17969 -15.70504
21928.87500 -15.93977
21931.57227 -16.17262
21934.24609 -16.44385
21936.94336 -16.67946
21939.65234 -16.82663
21942.32617 -17.19795
21945.03711 -17.40206
21947.73633 -17.59905
21950.41016 -17.75040
21953.11133 -18.23995
21955.79688 -18.29754
21958.49805 -18.50362
21961.17383 -19.00868
21963.87500 -19.30053
21966.57617 -19.44382
21969.25391 -19.70963
21971.94336 -20.02917
21974.64453 -20.34125
21977.32422 -20.45295
21980.02734 -20.72025
21982.70508 -20.71626
21985.40820 -21.45896
21988.09961 -21.22415
21990.77930 -21.84477
21993.49609 -22.24169
21996.17773 -22.72157
21998.87109 -22.75370
22001.57617 -23.09101
22004.25586 -23.23983
22006.93945 -23.38743
22009.64648 -23.69332
22012.32812 -23.72308
22015.02344 -23.88119
22017.70703 -24.16651
22020.39062 -24.37938
22023.09766 -25.00901
22025.79492 -25.24870
22028.47852 -25.77514
22031.16406 -25.78609
22033.87305 -25.92225
22036.55859 -25.81429
22039.24414 -25.93633
22041.92969 -25.81714
22044.62891 -25.78436
22047.33984 -25.99305
22050.00391 -25.67661
2.69198 3.52188
5.38396 6.60626
8.07594 3.45783
10.76791 -0.67750
13.45990 2.28452
16.15188 5.61315
18.84385 7.03062
21.53583 6.81255
24.22782 4.99024
26.91980 0.96414
29.61178 -6.83500
32.30375 -4.79838
34.99574 0.30697
37.68771 1.92680
40.37969 1.75567
43.07167 0.20839
45.76365 -1.08247
48.45564 -0.54873
51.14761 0.97950
53.83958 1.45930
56.53158 0.37708
59.22356 -1.87736
61.91553 -3.67283
64.60751 -1.35754
67.29950 1.38678
69.99148 2.83754
72.68346 2.87826
75.37544 1.73257
78.06740 -0.42208
80.75941 -2.43275
83.45135 -2.00623
86.14335 -0.66847
88.83533 -0.04881
91.52733 -0.27730
94.21931 -0.45804
96.91129 -0.15440
99.60326 1.01398
102.29522 1.87991
104.98720 2.01831
107.67921 1.08377
110.37118 -0.77201
113.06315 -2.21265
115.75513 -1.71396
118.44709 -0.31117
121.13909 0.74252
123.83107 1.02362
126.52303 0.43988
129.21504 -0.16902
131.90698 -0.38490
134.59901 0.24216
137.29097 0.70913
139.98297 0.62742
142.67494 0.18117
145.36693 -0.70116
148.05890 -0.49764
150.75082 0.30265
153.44281 0.84775
156.13481 0.94895
158.82683 0.07403
161.51878 -1.02834
164.21075 -1.56654
166.90273 -0.63158
169.59470 0.52260
172.28671 1.07720
174.97871 1.15448
177.67072 0.64695
180.36266 0.17341
183.05463 0.07998
185.74658 0.23064
188.43863 -0.00067
191.13058 -0.51885
193.82259 -1.16868
196.51457 -1.38945
199.20654 -0.65626
201.89848 0.62993
204.59045 1.33717
207.28242 1.39018
209.97449 0.97414
212.66635 0.17556
215.35838 -0.44909
218.05037 -0.33986
220.74231 -0.16121
223.43425 -0.05362
226.12625 -0.34784
228.81827 -0.46655
231.51025 -0.42714
234.20226 0.10618
236.89429 0.62634
239.58621 0.77486
242.27821 0.57387
244.97020 -0.03526
247.66219 -0.42020
250.35406 -0.15485
253.04608 0.26534
255.73814 0.61776
258.43018 0.47521
261.12207 -0.12619
263.81409 -0.63066
266.50595 -0.65835
269.19803 -0.41331
271.88986 0.15014
274.58203 0.31150
277.27396 0.26762
279.96582 0.21106
282.65771 0.31014
285.34985 0.57811
288.04184 0.78337
290.73383 0.53877
293.42584 -0.05865
296.11777 -0.93509
298.80994 -1.20981
301.50174 -0.75170
304.19376 -0.04101
306.88571 0.56665
309.57773 0.75631
312.26950 0.56914
314.96167 0.47156
317.65369 0.49117
320.34552 0.49215
323.03763 0.44490
325.72964 -0.08936
328.42154 -0.56882
331.11353 -0.92255
333.80539 -0.73980
336.49753 -0.14115
339.18942 0.41885
341.88162 0.62453
344.57346 0.58089
347.26532 0.07776
349.95743 0.00301
352.64935 0.16235
355.34125 0.38450
358.03333 0.43097
360.72534 0.24327
363.41748 -0.10468
366.10938 -0.41674
368.80121 -0.34721
371.49323 -0.10819
374.18536 0.05813
376.87717 0.02130
379.56915 -0.18592
382.26108 -0.19438
384.95306 0.24698
387.64508 0.67482
390.33707 0.86345
393.02917 0.72473
395.72095 0.17439
398.41324 -0.33634
401.10489 -0.66660
403.79700 -0.57882
406.48886 -0.38921
409.18097 -0.22363
411.87299 -0.02506
414.56500 0.11260
417.25699 0.33436
419.94888 0.61646
422.64078 0.83665
425.33264 0.73627
428.02493 0.21867
430.71680 -0.28048
433.40894 -0.74239
436.10092 -0.69712
438.79272 -0.20807
441.48468 0.02077
444.17682 0.18443
446.86871 0.02704
449.56082 0.08281
452.25253 0.21317
454.94440 0.43355
457.63647 0.44974
460.32877 0.35456
463.02066 0.10866
465.71268 -0.20415
468.40442 -0.22793
471.09644 -0.11608
473.78864 0.10160
476.48071 0.08172
479.17233 -0.16551
481.86435 -0.30825
484.55661 -0.29678
487.24838 0.05294
489.94034 0.48875
492.63223 0.64340
495.32428 0.57315
498.01627 0.29442
500.70828 -0.01591
503.40051 -0.12614
506.09219 -0.12462
508.78406 -0.20541
511.47644 -0.30119
514.16846 -0.56160
516.86011 -0.38484
519.55219 0.01541
522.24390 0.44828
524.93640 0.77100
527.62793 0.72352
530.31989 0.43545
533.01215 0.04405
535.70422 -0.21703
538.39600 -0.22759
541.08795 -0.26813
543.77991 -0.25691
546.47205 -0.33959
549.16400 -0.19557
551.85583 -0.06246
554.54779 0.30517
557.24005 0.49923
559.93182 0.45834
562.62396 0.32175
565.31567 0.08771
568.00781 -0.07311
570.69989 -0.09788
573.39191 0.01684
576.08356 0.05020
578.77545 0.00374
581.46783 -0.20191
584.15961 -0.27459
586.85193 -0.13174
589.54370 0.09807
592.23572 0.30782
594.92773 0.33488
597.61975 0.27055
600.31146 0.16155
603.00342 0.18763
605.69543 0.26448
608.38745 0.20023
611.07965 0.00444
613.77167 -0.32504
616.46338 -0.49483
619.15533 -0.53384
621.84705 -0.21972
624.53918 0.25687
627.23132 0.47804
629.92358 0.46919
632.61560 0.36372
635.30762 0.28009
637.99915 0.21563
640.69092 0.19680
643.38336 -0.00004
646.07550 -0.25369
648.76740 -0.45170
651.45917 -0.42364
654.15125 -0.21110
656.84296 0.21388
659.53528 0.34079
662.22729 0.43449
664.91901 0.35809
667.61108 0.15967
670.30328 0.05310
672.99500 0.07167
675.68701 0.06468
678.37872 0.00994
681.07104 -0.15512
683.76312 -0.27224
686.45496 -0.25290
689.14679 -0.02829
691.83893 0.10367
694.53046 0.12940
697.22260 0.12999
699.91516 0.02779
702.60693 0.13580
705.29895 0.25002
707.99078 0.36946
710.68286 0.35035
713.37482 0.13847
716.06647 -0.13666
718.75879 -0.26672
721.45062 -0.31815
724.14240 -0.25041
726.83441 -0.04220
729.52679 0.09531
732.21863 0.09735
734.91077 0.23093
737.60266 0.35222
740.29468 0.47912
742.98669 0.42052
745.67871 0.23240
748.37024 -0.07673
751.06281 -0.36820
753.75458 -0.44178
756.44617 -0.23848
759.13861 -0.08372
761.83020 0.19102
764.52240 0.18978
767.21417 0.25712
769.90649 0.26537
772.59802 0.31533
775.29041 0.29135
777.98206 0.18428
780.67438 -0.01466
783.36621 -0.18548
786.05817 -0.24329
788.75043 -0.14519
791.44220 -0.02480
794.13403 0.12156
796.82635 0.08867
799.51849 0.01435
802.21002 -0.03618
804.90234 0.03686
807.59387 0.17938
810.28638 0.28223
812.97766 0.20548
815.67017 0.15057
818.36224 0.00185
821.05365 -0.02742
823.74591 -0.07574
826.43781 -0.12975
829.12982 -0.10518
831.82208 -0.14439
834.51379 -0.10060
837.20551 -0.01763
839.89807 0.23086
842.59009 0.37749
845.28186 0.42997
847.97388 0.27929
850.66559 0.16291
853.35779 -0.13668
856.05023 -0.23759
858.74164 -0.24125
861.43390 -0.18310
864.12567 -0.10311
866.81769 -0.03495
869.50958 0.12397
872.20166 0.22002
874.89337 0.30941
877.58527 0.35177
880.27777 0.30453
882.96973 0.07347
885.66162 -0.11126
888.35345 -0.14259
891.04517 -0.10278
893.73724 -0.00907
896.42950 -0.01304
899.12103 -0.01078
901.81366 -0.00478
904.50543 0.05766
907.19781 0.10321
909.88910 0.17055
912.58154 0.15472
915.27325 0.11082
917.96539 0.09487
920.65735 0.06120
923.34918 0.09481
926.04065 0.09666
928.73340 0.05797
931.42523 0.00468
934.11719 -0.08512
936.80914 -0.16494
939.50122 -0.02896
942.19330 0.08371
944.88519 0.23667
947.57709 0.30546
950.26874 0.28034
952.96082 0.14619
955.65356 0.15112
958.34509 0.06626
961.03674 -0.02890
963.72913 -0.06522
966.42102 -0.14394
969.11249 -0.19848
971.80457 -0.06601
974.49664 0.07630
977.18909 0.23996
979.88098 0.35328
982.57330 0.32451
985.26489 0.19629
987.95679 -0.02345
990.64893 -0.02028
993.34082 -0.10212
996.03284 -0.03721
998.72461 -0.04932
1001.41699 -0.03739
1004.10828 0.02013
1006.80029 0.11907
1009.49286 0.17304
1012.18481 0.18303
1014.87671 0.13985
1017.56854 0.07242
1020.26074 0.05453
1022.95215 -0.03057
1025.64453 0.06137
1028.33667 0.10541
1031.02795 0.05584
1033.72058 0.04323
1036.41235 -0.02034
1039.10425 -0.04686
1041.79614 -0.05473
1044.48828 0.01624
1047.17981 0.06507
1049.87195 0.08127
1052.56421 0.15438
1055.25623 0.17765
1057.94824 0.15048
1060.64014 0.19996
1063.33252 0.11738
1066.02466 0.03110
1068.71594 -0.12562
1071.40820 -0.18059
1074.09961 -0.10855
1076.79187 -0.01439
1079.48364 0.11281
1082.17566 0.20353
1084.86853 0.24510
1087.56018 0.22160
1090.25208 0.20780
1092.94446 0.07254
1095.63586 0.00395
1098.32776 -0.09839
1101.02026 -0.09476
1103.71216 -0.10300
1106.40381 -0.02505
1109.09607 0.04881
1111.78748 0.15393
1114.47986 0.19155
1117.17151 0.19963
1119.86401 0.15414
1122.55566 0.02208
1125.24829 -0.01596
1127.93933 0.01694
1130.63184 -0.03300
1133.32373 0.08865
1136.01538 0.03273
1138.70776 0.02705
1141.40027 0.04961
1144.09216 0.08048
1146.78418 0.09025
1149.47546 0.01765
1152.16760 0.03564
1154.86011 0.06211
1157.55139 0.06389
1160.24377 0.08332
1162.93555 0.12505
1165.62708 0.14191
1168.31897 0.10455
1171.01086 0.01502
1173.70361 -0.08360
1176.39490 -0.06306
1179.08777 -0.03669
1181.77905 0.00972
1184.47131 0.06018
1187.16382 0.17688
1189.85522 0.20155
1192.54688 0.17410
1195.23926 0.17354
1197.93188 0.10164
1200.62341 0.02244
1203.31555 -0.05562
1206.00720 -0.12978
1208.69897 -0.08164
1211.39124 -0.00246
1214.08301 0.08670
1216.77527 0.17385
1219.46692 0.15607
1222.15906 0.19729
1224.85120 0.13188
1227.54309 0.05969
1230.23499 0.03868
1232.92725 -0.00896
1235.61926 -0.06169
1238.31116 -0.01061
1241.00330 0.02040
1243.69458 0.04534
1246.38696 0.07902
1249.07886 0.14193
1251.77051 0.12408
1254.46240 0.09932
1257.15527 0.01713
1259.84692 0.02004
1262.53882 0.04969
1265.23096 0.06188
1267.92261 0.10772
1270.61426 0.06004
1273.30615 0.08071
1275.99878 0.02137
1278.69092 0.05735
1281.38232 -0.04088
1284.07446 0.00685
1286.76721 0.02868
1289.45862 0.06382
1292.15002 0.12644
1294.84265 0.13117
1297.53455 0.21766
1300.22644 0.17371
1302.91882 0.08665
1305.61023 0.02822
1308.30237 -0.05506
1310.99414 -0.11465
1313.68640 -0.07597
1316.37781 0.03968
1319.07104 0.06518
1321.76172 0.14122
1324.45435 0.18746
1327.14600 0.15748
1329.83850 0.17884
1332.53003 0.12098
1335.22266 0.03517
1337.91394 -0.04301
1340.60645 -0.04489
1343.29761 -0.07737
1345.99048 -0.03187
1348.68201 0.07155
1351.37463 0.16061
1354.06580 0.17745
1356.75793 0.12770
1359.44946 0.10346
1362.14185 0.06255
1364.83362 0.04923
1367.52600 0.03816
1370.21790 0.03896
1372.91040 0.00230
1375.60229 0.01380
1378.29407 0.05955
1380.98584 0.08100
1383.67834 0.07947
1386.36914 0.07818
1389.06140 0.02731
1391.75439 -0.04776
1394.44580 -0.01315
1397.13757 0.10010
1399.83008 0.12016
1402.52148 0.19261
1405.21350 0.13602
1407.90527 0.09439
1410.59766 -0.00431
1413.28979 -0.04950
1415.98218 -0.06337
1418.67358 -0.00667
1421.36621 -0.01089
1424.05762 0.03677
1426.74951 0.14719
1429.44165 0.19049
1432.13281 0.16382
1434.82581 0.20499
1437.51819 0.10920
1440.20862 0.01665
1442.90173 -0.06833
1445.59412 -0.06859
1448.28552 -0.06234
1450.97766 -0.01431
1453.66931 0.08128
1456.36121 0.12461
1459.05322 0.13831
1461.74561 0.17093
1464.43701 0.14392
1467.12952 0.12974
1469.82129 0.05931
1472.51392 -0.00009
1475.20508 0.03030
1477.89709 -0.01346
1480.58911 0.01055
1483.28101 0.05790
1485.97314 0.12261
1488.66516 0.10405
1491.35791 0.08412
1494.04907 0.07862
1496.74097 0.05184
1499.43274 0.07410
1502.12439 0.12243
1504.81677 0.09390
1507.50989 0.09753
1510.20105 0.05263
1512.89294 0.08438
1515.58545 0.06247
1518.27698 0.01301
1520.96826 -0.01303
1523.66089 -0.00480
1526.35254 -0.01534
1529.04553 0.03677
1531.73730 0.11065
1534.42883 0.16730
1537.12012 0.20775
1539.81348 0.17323
1542.50476 0.10480
1545.19653 0.02185
1547.88892 -0.02770
1550.58069 -0.09579
1553.27283 -0.06976
1555.96460 -0.01373
1558.65601 0.01332
1561.34778 0.08808
1564.04053 0.15128
1566.73303 0.22790
1569.42407 0.21354
1572.11707 0.14945
1574.80872 0.07032
1577.49963 0.00036
1580.19263 -0.07269
1582.88489 -0.01339
1585.57593 -0.03538
1588.26868 0.06718
1590.96082 0.11161
1593.65234 0.07550
1596.34399 0.11950
1599.03577 0.11708
1601.72778 0.08752
1604.42078 0.03755
1607.11206 0.08260
1609.80518 0.07032
1612.49585 0.05372
1615.18835 0.08604
1617.88000 0.07211
1620.57251 0.05311
1623.26416 0.05121
1625.95581 0.00464
1628.64844 -0.03353
1631.34009 0.00889
1634.03174 0.03490
1636.72412 0.12121
1639.41650 0.18422
1642.10791 0.18230
1644.79932 0.17249
1647.49243 0.06943
1650.18347 0.02278
1652.87524 -0.00440
1655.56787 -0.05371
1658.25952 -0.05174
1660.95166 -0.03207
1663.64380 0.02880
1666.33557 0.07532
1669.02722 0.15507
1671.71960 0.19655
1674.41174 0.20258
1677.10339 0.16373
1679.79590 0.03132
1682.48804 0.00069
1685.18079 -0.04156
1687.87134 -0.04035
1690.56348 -0.03725
1693.25610 0.06512
1695.94739 0.07355
1698.64014 0.10159
1701.33179 0.14915
1704.02380 0.13554
1706.71448 0.11636
1709.40845 0.08306
1712.09912 0.10335
1714.79126 0.06885
1717.48389 0.05132
1720.17603 0.00468
1722.86670 0.02505
1725.55872 0.05796
1728.25098 0.08250
1730.94299 0.05375
1733.63611 0.00566
1736.32776 0.03267
1739.01892 0.04060
1741.71118 0.09123
1744.40295 0.15395
1747.09509 0.13293
1749.78748 0.15455
1752.47925 0.10941
1755.17029 0.08231
1757.86255 0.05255
1760.55615 -0.01636
1763.24707 -0.06581
1765.93921 -0.04884
1768.63147 -0.00197
1771.32300 0.06925
1774.01477 0.15703
1776.70679 0.19504
1779.39868 0.20289
1782.09106 0.15327
1784.78357 0.06487
1787.47412 0.02227
1790.16687 -0.02886
1792.85864 -0.06217
1795.55164 -0.04302
1798.24280 -0.03917
1800.93494 0.02275
1803.62805 0.10716
1806.31836 0.14688
1809.01062 0.17671
1811.70300 0.09722
1814.39429 0.08080
1817.08765 0.00748
1819.77905 0.02137
1822.47034 -0.00172
1825.16272 0.04521
1827.85498 0.05932
1830.54712 0.08584
1833.23950 0.07174
1835.93042 0.09343
1838.62256 0.06421
1841.31445 0.08744
1844.00623 0.08900
1846.69897 0.06073
1849.39050 0.09332
1852.08203 0.16665
1854.77332 0.09761
1857.46643 0.10473
1860.15942 0.04887
1862.85010 0.03058
1865.54272 -0.00368
1868.23401 -0.04374
1870.92712 -0.02943
1873.61804 -0.00344
1876.31079 0.09765
1879.00208 0.18040
1881.69421 0.18715
1884.38623 0.17732
1887.07776 0.09690
1889.77002 0.16634
1892.46216 0.06244
1895.15479 0.00352
1897.84619 -0.01668
1900.53711 -0.07164
1903.22998 -0.01176
1905.92224 0.04820
1908.61426 0.13180
1911.30566 0.14659
1913.99805 0.15879
1916.69080 0.11174
1919.38110 0.12373
1922.07422 0.04009
1924.76575 0.01380
1927.45886 0.00073
1930.14954 0.03119
1932.84167 0.01350
1935.53357 0.05691
1938.22583 0.09984
1940.91858 0.11957
1943.60974 0.08450
1946.30164 0.09734
1948.99390 0.05038
1951.68567 0.07909
1954.37781 0.05762
1957.06946 0.08722
1959.76160 0.09817
1962.45422 0.10934
1965.14624 0.05780
1967.83752 0.04849
1970.52942 -0.02200
1973.22058 0.00025
1975.91321 -0.02629
1978.60522 0.03015
1981.29858 0.04902
1983.98914 0.08613
1986.68127 0.15142
1989.37378 0.13993
1992.06543 0.17291
1994.75757 0.11893
1997.44983 0.08561
2000.14160 -0.03096
2002.83252 -0.05753
2005.52478 -0.05830
2008.21741 -0.00152
2010.90930 0.07196
2013.60144 0.12437
2016.29382 0.14552
2018.98535 0.12505
2021.67712 0.10100
2024.36926 0.11851
2027.06165 0.10103
2029.75305 0.02702
2032.44470 0.00350
2035.13672 -0.02227
2037.82874 0.05058
2040.52100 0.03718
2043.21362 0.06098
2045.90515 0.13248
2048.59692 0.13317
2051.29004 0.08376
2053.98071 0.09999
2056.67310 0.06480
2059.36548 0.06434
2062.05664 0.04839
2064.74829 0.06862
2067.44092 0.05074
2070.13257 0.06500
2072.82544 0.07856
2075.51611 0.03817
2078.20801 0.04130
2080.90112 0.05290
2083.59326 0.03574
2086.28516 0.03541
2088.97729 0.09013
2091.66943 0.07952
2094.36035 0.12755
2097.05249 0.14827
2099.74463 0.06090
2102.43677 0.03181
2105.12891 -0.03406
2107.82007 -0.01350
2110.51318 -0.01370
2113.20410 0.02285
2115.89600 0.05139
2118.58813 0.09115
2121.28125 0.12500
2123.97168 0.16859
2126.66357 0.13308
2129.35620 0.12081
2132.04785 0.05289
2134.74023 0.01191
2137.43286 -0.03783
2140.12500 0.00958
2142.81616 -0.01986
2145.50928 0.04385
2148.19995 0.08096
2150.89160 0.13054
2153.58447 0.11064
2156.27686 0.14993
2158.96802 0.10475
2161.66138 0.11327
2164.35229 0.04769
2167.04395 0.00610
2169.73657 0.04532
2172.42896 0.02733
2175.12012 0.06990
2177.81201 0.06635
2180.50488 0.08855
2183.19507 0.05309
2185.88867 0.04868
2188.58081 0.03200
2191.27246 0.04540
2193.96387 0.06737
2196.65649 0.12737
2199.34839 0.09870
2202.04028 0.11772
2204.73145 0.06858
2207.42383 0.05252
2210.11572 0.01167
2212.80859 0.02517
2215.50073 0.00160
2218.19165 0.01268
2220.88452 0.00500
2223.57568 0.10641
2226.26782 0.12367
2228.95947 0.15828
2231.65186 0.14575
2234.34375 0.14866
2237.03540 0.04284
2239.72778 0.04798
2242.41968 -0.05728
2245.11230 -0.01263
2247.80444 -0.02072
2250.49512 -0.01020
2253.18750 0.07447
2255.87939 0.11041
2258.57104 0.16251
2261.26318 0.15195
2263.95483 0.08966
2266.64868 0.05884
2269.34033 0.04545
2272.03174 0.02880
2274.72241 -0.01198
2277.41650 0.04520
2280.10742 0.06375
2282.79883 0.10048
2285.49121 0.07094
2288.18286 0.07964
2290.87622 0.08326
2293.56787 0.08987
2296.25903 0.06425
2298.95190 0.04000
2301.64307 0.06840
2304.33472 0.09742
2307.02832 0.05285
2309.71851 0.06758
2312.41089 0.07502
2315.10376 0.02117
2317.79590 0.01828
2320.48730 0.02018
2323.17920 0.00467
2325.87061 0.04796
2328.56372 0.08604
2331.25488 0.15231
2333.94800 0.14306
2336.63892 0.13390
2339.33154 0.13262
2342.02246 0.06202
2344.71509 0.02423
2347.40820 -0.00525
2350.09790 -0.03014
2352.79077 -0.00432
2355.48267 0.02010
2358.17529 0.10310
2360.86694 0.09001
2363.55908 0.14329
2366.25024 0.15866
2368.94214 0.09950
2371.63452 0.11520
2374.32715 0.05513
2377.01904 0.01582
2379.71143 -0.01175
2382.40405 0.01720
2385.09473 0.02594
2387.78809 0.08803
2390.47827 0.10554
2393.17114 0.11994
2395.86230 0.12532
2398.55469 0.06644
2401.24634 0.06399
2403.93970 0.07449
2406.62939 0.03642
2409.32227 0.05993
2412.01416 0.05493
2414.70630 0.08681
2417.39746 0.09125
2420.08887 0.03661
2422.78345 0.03507
2425.47437 0.04099
2428.16675 0.01715
2430.85840 0.03587
2433.55029 0.08181
2436.24097 0.11430
2438.93481 0.13166
2441.62622 0.11560
2444.31909 0.09934
2447.00977 0.06335
2449.70190 0.06460
2452.39453 -0.00918
2455.08594 -0.02628
2457.77759 -0.01705
2460.46948 0.01907
2463.16162 0.08726
2465.85400 0.13830
2468.54663 0.16682
2471.23804 0.18886
2473.92969 0.13935
2476.62183 0.05836
2479.31396 0.03276
2482.00488 0.02857
2484.69727 -0.03193
2487.39014 0.02250
2490.08154 0.01760
2492.77490 0.06539
2495.46533 0.07097
2498.15723 0.10412
2500.84961 0.11111
2503.54199 0.12316
2506.23438 0.09966
2508.92578 0.03456
2511.61719 0.04990
2514.31006 0.02081
2517.00317 -0.02019
2519.69336 0.04834
2522.38525 0.04443
2525.07715 0.06888
2527.76929 0.07705
2530.46143 0.05579
2533.15503 0.04618
2535.84619 0.05328
2538.53711 0.08672
2541.22949 0.05584
2543.92065 0.10260
2546.61328 0.12287
2549.30591 0.08308
2551.99731 0.11218
2554.68872 0.04713
2557.38135 -0.00050
2560.07275 0.00232
2562.76562 0.00002
2565.45679 0.02697
2568.14966 0.08188
2570.84277 0.12161
2573.53394 0.14552
2576.22412 0.15027
2578.91675 0.12106
2581.60815 0.10316
2584.30103 0.06227
2586.99219 0.01110
2589.68481 -0.02522
2592.37622 -0.02110
2595.06885 -0.00574
2597.76123 0.06224
2600.45239 0.07457
2603.14478 0.11076
2605.83716 0.14495
2608.52930 0.12428
2611.21997 0.09203
2613.91357 0.06588
2616.60571 0.00028
2619.29736 0.01608
2621.98779 0.02622
2624.68237 0.03319
2627.37231 0.04341
2630.06519 0.10948
2632.75659 0.07379
2635.45044 0.07156
2638.13989 0.04674
2640.83228 0.08295
2643.52441 0.04900
2646.21655 0.07710
2648.90820 0.06953
2651.59985 0.12569
2654.29297 0.09331
2656.98413 0.07033
2659.67676 0.06442
2662.36890 0.00066
2665.06104 0.00039
2667.75293 0.02124
2670.44336 0.03114
2673.13623 0.07420
2675.82764 0.06268
2678.52148 0.11422
2681.21240 0.12354
2683.90576 0.12954
2686.59619 0.08125
2689.28906 0.05332
2691.98047 0.04463
2694.67285 -0.04158
2697.36523 -0.01577
2700.05688 -0.03238
2702.74878 0.06134
2705.44019 0.10078
2708.13135 0.14560
2710.82495 0.13373
2713.51538 0.15526
2716.20850 0.11051
2718.90015 0.05544
2721.59253 0.03650
2724.28467 -0.00683
2726.97510 0.03116
2729.66821 0.02671
2732.35938 0.04050
2735.05298 0.10563
2737.74365 0.07707
2740.43677 0.08624
2743.12793 0.09844
2745.82056 0.05878
2748.51245 0.09152
2751.20410 0.05100
2753.89526 0.06947
2756.58765 0.06644
2759.27979 0.05992
2761.97144 0.05534
2764.66406 0.08881
2767.35474 0.02559
2770.04785 0.02357
2772.73950 0.00580
2775.43188 0.04994
2778.12427 0.05336
2780.81543 0.08510
2783.50854 0.10409
2786.20093 0.12492
2788.89258 0.11545
2791.58374 0.10612
2794.27612 0.06820
2796.96680 0.03417
2799.65967 0.00785
2802.35205 0.00983
2805.04395 -0.00277
2807.73560 0.02995
2810.42676 0.08827
2813.12036 0.10657
2815.81201 0.14504
2818.50415 0.14336
2821.19482 0.08374
2823.88794 0.07097
2826.57886 0.02920
2829.27246 -0.01752
2831.96387 0.02374
2834.65649 0.01065
2837.34668 0.01827
2840.03931 0.03464
2842.73047 0.08040
2845.42358 0.09815
2848.11475 0.11934
2850.80688 0.09729
2853.50000 0.07178
2856.19092 0.04344
2858.88452 0.05013
2861.57593 0.02828
2864.26660 0.04956
2866.95996 0.03262
2869.65088 0.05809
2872.34277 0.04529
2875.03589 0.03956
2877.72656 0.06256
2880.41821 0.01052
2883.11084 0.04919
2885.80444 0.09181
2888.49414 0.08618
2891.18799 0.12232
2893.87793 0.10859
2896.57202 0.09471
2899.26367 0.03583
2901.95654 0.04502
2904.64697 0.01678
2907.33984 0.00384
2910.03223 0.00150
2912.72192 0.04790
2915.41455 0.06219
2918.10791 0.12990
2920.79834 0.13850
2923.48877 0.16440
2926.18311 0.10333
2928.87500 0.10543
2931.56641 0.04432
2934.25830 -0.00485
2936.95142 0.01281
2939.64209 0.01114
2942.33496 0.04076
2945.02734 0.08150
2947.71729 0.10931
2950.41113 0.09655
2953.10449 0.11471
2955.79346 0.14123
2958.48511 0.07749
2961.17920 0.02719
2963.86914 0.03679
2966.56177 0.03749
2969.25513 0.05646
2971.94580 0.06781
2974.63892 0.06267
2977.32959 0.05568
2980.02295 0.06577
2982.71387 0.08079
2985.40527 0.07620
2988.09912 0.06749
2990.78931 0.08214
2993.48315 0.08118
2996.17456 0.05856
2998.86646 0.12696
3001.55786 0.06397
3004.24976 0.07865
3006.94116 0.05766
3009.63477 0.01718
3012.32568 0.01851
3015.01904 0.00405
3017.70996 0.00254
3020.40332 0.07580
3023.09399 0.10171
3025.78687 0.13387
3028.47754 0.12578
3031.16895 0.11254
3033.86084 0.07068
3036.55518 0.04407
3039.24512 0.02131
3041.93750 -0.00457
3044.63086 0.00637
3047.32153 0.03474
3050.01245 0.03859
3052.70605 0.10559
3055.39697 0.11196
3058.09033 0.14695
3060.78101 0.13345
3063.47437 0.09651
3066.16626 0.06005
3068.85718 0.00916
3071.54883 0.00815
3074.24121 0.03531
3076.93457 0.06264
3079.62646 0.06730
3082.31763 0.05297
3085.01074 0.08335
3087.70142 0.09221
3090.39282 0.07324
3093.08643 0.06094
3095.77881 0.06994
3098.46875 0.06448
3101.16064 0.07246
3103.85376 0.07636
3106.54541 0.05214
3109.23755 0.07207
3111.93066 0.03647
3114.62061 0.00846
3117.31323 0.03282
3120.00464 0.01618
3122.69653 0.02312
3125.38916 0.06481
3128.08252 0.08327
3130.77271 0.08791
3133.46387 0.10997
3136.15698 0.08767
3138.84741 0.09577
3141.54199 0.06405
3144.23340 0.03815
3146.92407 0.01321
3149.61841 0.03755
3152.31006 0.02668
3155.00024 0.07256
3157.69336 0.08017
3160.38452 0.14827
3163.07690 0.12996
3165.76953 0.11658
3168.45923 0.10447
3171.15283 0.05399
3173.84546 0.03874
3176.53882 0.01882
3179.22876 0.01518
3181.91943 0.02288
3184.61230 0.07516
3187.30444 0.06401
3189.99634 0.08927
3192.68774 0.10693
3195.38086 0.08556
3198.07300 0.08233
3200.76367 0.07426
3203.45483 0.04009
3206.14844 0.07128
3208.84082 0.06375
3211.53394 0.05999
3214.22559 0.06169
3216.91577 0.08051
3219.60815 0.06672
3222.30103 0.03409
3224.99316 0.05092
3227.68335 0.04987
3230.37793 0.07460
3233.06934 0.06955
3235.76099 0.08614
3238.45166 0.14085
3241.14429 0.11152
3243.83765 0.06845
3246.52783 0.06443
3249.22021 0.02634
3251.91284 0.01789
3254.60449 0.04100
3257.29614 -0.00539
3259.98853 0.05818
3262.67944 0.08332
3265.37280 0.10889
3268.06470 0.14153
3270.75708 0.09707
3273.44775 0.07235
3276.13892 0.04717
3278.83057 0.04233
3281.52466 -0.00761
3284.21533 -0.02191
3286.90820 0.01398
3289.59985 0.04308
3292.29199 0.08018
3294.98413 0.09116
3297.67676 0.09869
3300.36816 0.12224
3303.05981 0.06806
3305.75171 0.07406
3308.44238 0.06197
3311.13696 0.04697
3313.82837 0.03899
3316.52002 0.05060
3319.21240 0.04702
3321.90454 0.04994
3324.59570 0.07114
3327.28687 0.07543
3329.98047 0.05007
3332.67261 0.08123
3335.36328 0.06610
3338.05591 0.04703
3340.74707 0.09885
3343.44043 0.08437
3346.13037 0.10216
3348.82275 0.07876
3351.51538 0.06016
3354.20630 0.04545
3356.90137 0.02577
3359.59302 0.01690
3362.28296 0.05888
3364.97534 0.03900
3367.66797 0.08152
3370.35889 0.07860
3373.05029 0.12790
3375.74390 0.10938
3378.43579 0.10648
3381.12817 0.06976
3383.82056 0.04062
3386.51343 -0.00084
3389.20483 -0.00162
3391.89600 0.03604
3394.58765 0.03145
3397.28174 0.06639
3399.97046 0.12722
3402.66309 0.12988
3405.35571 0.10569
3408.04688 0.06577
3410.74023 0.06443
3413.43018 0.03848
3416.12231 0.02430
3418.81616 0.03076
3421.50684 0.04956
3424.19946 0.01186
3426.89087 0.07363
3429.58203 0.09267
3432.27539 0.09413
3434.96533 0.09193
3437.65918 0.09357
3440.35132 0.07305
3443.04370 0.05360
3445.73462 0.03523
3448.42725 0.09440
3451.11865 0.07271
3453.81006 0.05840
3456.50171 0.07080
3459.19531 0.03982
3461.88721 0.02782
3464.57764 0.07221
3467.27148 0.03697
3469.96411 0.06590
3472.65308 0.05457
3475.34766 0.06318
3478.03906 0.09595
3480.73242 0.14620
3483.42212 0.09100
3486.11377 0.08638
3488.80737 0.05563
3491.49731 0.00857
3494.19165 0.02007
3496.88403 0.02557
3499.57617 0.01010
3502.26685 0.06667
3504.95776 0.13012
3507.65088 0.10345
3510.34180 0.11972
3513.03516 0.11818
3515.72656 0.05557
3518.41821 0.03456
3521.10986 -0.00191
3523.80151 0.00172
3526.49536 0.01496
3529.18726 0.05355
3531.87769 0.09991
3534.57007 0.09188
3537.26416 0.12258
3539.95459 0.10500
3542.64526 0.08816
3545.33789 0.05595
3548.03076 0.07566
3550.72192 0.03995
3553.41479 0.03431
3556.10571 0.05795
3558.79883 0.06693
3561.48999 0.06121
3564.18140 0.05933
3566.87500 0.04796
3569.56641 0.06517
3572.26001 0.04652
3574.94971 0.05814
3577.64331 0.08049
3580.33301 0.10530
3583.02686 0.10820
3585.71899 0.13263
3588.41064 0.07877
3591.10059 0.09332
3593.79492 0.03374
3596.48682 0.05368
3599.17871 -0.00932
3601.87109 0.02004
3604.56104 0.06327
3607.25342 0.07006
3609.94580 0.11130
3612.63794 0.10132
3615.33032 0.12220
3618.02075 0.10890
3620.71289 0.10330
3623.40527 0.03758
3626.09766 0.01112
3628.78979 -0.00239
3631.48218 0.04180
3634.17261 0.02369
3636.86523 0.06287
3639.55737 0.07439
3642.24976 0.11240
3644.94019 0.11775
3647.63452 0.08887
3650.32471 0.08506
3653.01904 0.06695
3655.70947 0.04491
3658.39966 0.04096
3661.09375 -0.00096
3663.78394 0.07187
3666.47632 0.05889
3669.17017 0.05813
3671.86035 0.05689
3674.55444 0.04002
3677.24658 0.06284
3679.93848 0.06976
3682.62817 0.07001
3685.32202 0.06799
3688.01367 0.06167
3690.70581 0.06511
3693.39746 0.08250
3696.08911 0.08196
3698.78223 0.04106
3701.47388 0.06031
3704.16528 0.00690
3706.85864 0.02990
3709.54785 0.01902
3712.24097 0.06062
3714.93433 0.08447
3717.62524 0.13016
3720.31592 0.12819
3723.00879 0.11246
3725.70142 0.09835
3728.39209 0.07514
3731.08472 0.02336
3733.77905 0.02347
3736.46948 0.00963
3739.16357 0.05325
3741.85181 0.06129
3744.54370 0.08129
3747.23535 0.09228
3749.92920 0.11851
3752.62085 0.10935
3755.31421 0.08486
3758.00562 0.04652
3760.69873 0.03969
3763.38794 0.01415
3766.08081 0.03736
3768.77173 0.01330
3771.46631 0.04794
3774.15698 0.05272
3776.84741 0.08553
3779.54175 0.04909
3782.23364 0.07121
3784.92578 0.07613
3787.61743 0.06145
3790.30688 0.07543
3793.00073 0.06316
3795.69165 0.06320
3798.38501 0.08187
3801.07593 0.07601
3803.76855 0.05960
3806.46118 0.06863
3809.15161 0.04291
3811.84570 0.04885
3814.53589 0.03365
3817.22974 0.04035
3819.92139 0.05293
3822.61304 0.11254
3825.30444 0.12097
3827.99536 0.10876
3830.68823 0.10629
3833.38086 0.05760
3836.07129 0.04482
3838.76367 0.01258
3841.45581 -0.01728
3844.14795 0.01579
3846.83960 0.04463
3849.53076 0.08223
3852.22607 0.11647
3854.91724 0.10384
3857.60767 0.12663
3860.29834 0.07984
3862.99072 0.01598
3865.68262 0.04106
3868.37476 0.04561
3871.06836 -0.01911
3873.75977 0.02966
3876.45288 0.05486
3879.14404 0.05694
3881.83667 0.10615
3884.52686 0.07038
3887.21899 0.06032
3889.91089 0.11252
3892.60474 0.06188
3895.29614 0.06528
3897.98511 0.07280
3900.68018 0.04086
3903.37280 0.07811
3906.06494 0.08942
3908.75513 0.04985
3911.44678 0.06002
3914.14062 0.06567
3916.83154 0.04049
3919.52271 0.05712
3922.21533 0.03834
3924.90796 0.08034
3927.59985 0.10121
3930.29175 0.07652
3932.98315 0.09219
3935.67456 0.07728
3938.36743 0.06301
3941.05811 0.02301
3943.75244 0.00760
3946.44238 0.01526
3949.13867 0.00351
3951.82568 0.03373
3954.51880 0.07661
3957.21167 0.12084
3959.90430 0.11212
3962.59424 0.09203
3965.28638 0.09775
3967.97998 0.07261
3970.67090 0.05339
3973.36377 0.00141
3976.05640 0.02648
3978.74683 0.02388
3981.43848 0.03567
3984.13232 0.06762
3986.82153 0.07039
3989.51440 0.10659
3992.20703 0.09363
3994.89893 0.06108
3997.59326 0.06528
4000.28027 0.03856
4002.97363 0.03363
4005.66650 0.04020
4008.35889 0.02636
4011.05127 0.06985
4013.74292 0.07040
4016.43433 0.08831
4019.12720 0.05308
4021.81787 0.09055
4024.51245 0.03507
4027.20435 0.05342
4029.89355 0.06886
4032.58667 0.05796
4035.27734 0.09476
4037.96997 0.09210
4040.66211 0.09026
4043.35376 0.06618
4046.04688 0.07017
4048.73999 0.04531
4051.43018 0.01922
4054.12256 0.04346
4056.81421 0.03899
4059.50757 0.09215
4062.19849 0.11331
4064.88892 0.11674
4067.58081 0.11105
4070.27466 0.10337
4072.96606 0.07672
4075.65674 0.06266
4078.35181 -0.00683
4081.04126 0.00900
4083.73535 0.03008
4086.42627 0.06492
4089.11694 0.09623
4091.80957 0.11588
4094.50171 0.10330
4097.19531 0.12900
4099.88623 0.08633
4102.57910 0.06771
4105.26904 0.02111
4107.96338 0.04726
4110.65674 0.02942
4113.34766 0.05348
4116.04004 0.09051
4118.72998 0.11064
4121.42188 0.09093
4124.11523 0.03959
4126.80518 0.08954
4129.49805 0.10972
4132.18945 0.07360
4134.88086 0.06462
4137.57373 0.11606
4140.26660 0.25311
4142.95850 -0.30583
4145.65039 0.12142
4148.34082 0.13275
4151.03369 0.03747
4153.72559 0.03523
4156.41748 0.02120
4159.11084 0.05602
4161.80127 0.04596
4164.49365 0.03690
4167.18555 0.08155
4169.87646 0.08027
4172.56982 0.09803
4175.26172 0.11740
4177.95166 0.04148
4180.64502 0.05793
4183.33594 0.04489
4186.03076 0.00974
4188.72266 0.02338
4191.41602 0.02829
4194.10693 0.04757
4196.79932 0.07984
4199.49121 0.09841
4202.18018 0.12243
4204.87061 0.14312
4207.56787 0.09132
4210.25732 0.05811
4212.95117 0.06187
4215.64160 0.00145
4218.33154 -0.02656
4221.02588 0.04244
4223.71680 0.05501
4226.40967 0.05992
4229.10205 0.08256
4231.79395 0.07669
4234.48535 0.07954
4237.17773 0.07540
4239.87012 0.07143
4242.55908 0.09101
4245.25488 0.06463
4247.94482 0.03984
4250.63721 0.05892
4253.32861 0.06843
4256.02148 0.06138
4258.71143 0.03731
4261.40820 0.05528
4264.09717 0.02412
4266.79004 0.04312
4269.47998 0.03338
4272.17383 0.09352
4274.86475 0.07326
4277.55762 0.10582
4280.25195 0.09478
4282.94092 0.07537
4285.63379 0.07117
4288.32617 0.01304
4291.01758 0.04712
4293.70850 0.01478
4296.40186 0.03188
4299.09131 0.04510
4301.78516 0.10113
4304.47803 0.09090
4307.17041 0.09805
4309.86230 0.14507
4312.55322 0.08685
4315.24365 0.07629
4317.93555 0.02904
4320.62891 0.02184
4323.32227 0.03012
4326.01465 0.01076
4328.70361 0.05551
4331.39453 0.10395
4334.08691 0.08433
4336.78125 0.07331
4339.47217 0.09797
4342.16260 0.06513
4344.85498 0.05709
4347.54883 0.05116
4350.23926 0.07292
4352.93164 0.05984
4355.62305 0.06171
4358.31885 0.07705
4361.00928 0.05507
4363.70068 0.04624
4366.39160 0.07154
4369.08496 0.04628
4371.77686 0.04185
4374.46533 0.04122
4377.16064 0.07287
4379.85303 0.08198
4382.54443 0.09405
4385.23730 0.06664
4387.92725 0.07979
4390.62109 0.04796
4393.31201 0.04005
4396.00439 0.02447
4398.69629 0.04110
4401.38965 0.04336
4404.07959 0.05697
4406.77148 0.05518
4409.46484 0.08165
4412.15527 0.10580
4414.84961 0.12845
4417.54053 0.11029
4420.23096 0.06207
4422.92480 0.04060
4425.61621 -0.00807
4428.30908 0.04317
4431.00098 0.01888
4433.69238 0.03178
4436.38281 0.06018
4439.07471 0.11168
4441.76807 0.09635
4444.45850 0.08973
4447.15332 0.08627
4449.84180 0.06749
4452.53711 0.03588
4455.22656 0.05355
4457.92041 0.01991
4460.61328 0.03969
4463.30322 0.04554
4465.99658 0.05636
4468.68701 0.08726
4471.37891 0.06756
4474.07275 0.05129
4476.76514 0.07171
4479.45703 0.07717
4482.14844 0.07427
4484.83838 0.05547
4487.53076 0.06475
4490.22363 0.08235
4492.91650 0.07890
4495.60596 0.06717
4498.29932 0.06897
4500.99170 0.02794
4503.68359 0.03453
4506.37646 0.05982
4509.06885 0.05296
4511.76074 0.08294
4514.45117 0.08672
4517.14355 0.08588
4519.83740 0.10498
4522.52783 0.09148
4525.22021 0.08940
4527.91162 0.02585
4530.60400 0.04083
4533.29590 0.02541
4535.98730 0.03125
4538.68018 0.04693
4541.37158 0.08858
4544.06250 0.10271
4546.75488 0.11860
4549.44678 0.10983
4552.13965 0.08610
4554.82959 0.06325
4557.52344 0.03167
4560.21631 0.02093
4562.90820 0.03291
4565.59961 0.02279
4568.28955 0.03399
4570.98389 0.04816
4573.67480 0.07770
4576.36719 0.09399
4579.05859 0.09450
4581.75195 0.06446
4584.44385 0.06034
4587.13525 0.07820
4589.82764 0.06161
4592.51953 0.02194
4595.20801 0.05918
4597.90283 0.06171
4600.59473 0.04885
4603.28760 0.04415
4605.97998 0.05309
4608.66846 0.02304
4611.36377 0.02821
4614.05322 0.04153
4616.74658 0.07130
4619.43896 0.06780
4622.13037 0.09878
4624.82080 0.08613
4627.51562 0.07228
4630.20410 0.08233
4632.89893 0.05952
4635.59082 0.05444
4638.28174 0.00472
4640.97607 0.02475
4643.66504 0.05925
4646.35791 0.08075
4649.04980 0.10388
4651.74268 0.10259
4654.43555 0.12519
4657.12695 0.10499
4659.81982 0.07980
4662.51172 0.05365
4665.20264 0.05723
4667.89258 0.03445
4670.58691 0.02836
4673.27686 0.03584
4675.97168 0.05090
4678.66016 0.08011
4681.35547 0.09886
4684.04639 0.09544
4686.73975 0.08780
4689.42920 0.07564
4692.12012 0.06646
4694.81299 0.04580
4697.50684 0.04653
4700.19775 0.04787
4702.88965 0.04378
4705.58301 0.03950
4708.27588 0.06638
4710.96729 0.07126
4713.65723 0.07697
4716.35205 0.06739
4719.04297 0.04904
4721.73291 0.05998
4724.42676 0.07288
4727.11719 0.07549
4729.80908 0.07708
4732.50244 0.08549
4735.19482 0.07306
4737.88623 0.06605
4740.57617 0.03080
4743.27100 0.01412
4745.95898 -0.00025
4748.65332 0.03677
4751.34717 0.08539
4754.03711 0.06879
4756.72852 0.11992
4759.42188 0.11668
4762.11377 0.11143
4764.80469 0.07544
4767.49707 0.04991
4770.19092 0.04977
4772.88135 0.02897
4775.57275 0.04064
4778.26904 0.04058
4780.95801 0.04144
4783.64941 0.07645
4786.33936 0.09461
4789.03320 0.11621
4791.72607 0.09105
4794.41797 0.07406
4797.11133 0.06705
4799.80078 0.08027
4802.49463 0.05322
4805.18457 0.03000
4807.87598 0.05135
4810.57178 0.06590
4813.26074 0.06170
4815.95410 0.07912
4818.64600 0.06649
4821.33984 0.04687
4824.02734 0.09382
4826.72119 0.05797
4829.41406 0.06672
4832.10596 0.05383
4834.79688 0.08796
4837.49121 0.09313
4840.17969 0.07137
4842.87207 0.05813
4845.56348 0.02625
4848.25879 0.02418
4850.95068 0.01193
4853.64111 0.02430
4856.33301 0.06787
4859.02637 0.05818
4861.71582 0.07025
4864.40967 0.09763
4867.10205 0.09953
4869.79102 0.06748
4872.48389 0.05551
4875.17822 0.04019
4877.86572 0.01723
4880.56055 0.01102
4883.25391 0.03419
4885.94629 0.05518
4888.63477 0.06589
4891.32715 0.07049
4894.02148 0.10513
4896.71436 0.10694
4899.40576 0.06665
4902.09912 0.05304
4904.78809 0.05854
4907.47900 0.05862
4910.17090 0.00805
4912.86475 0.01772
4915.55664 0.05361
4918.24805 0.07383
4920.94092 0.03757
4923.63232 0.06794
4926.32520 0.09104
4929.01660 0.08936
4931.70996 0.07678
4934.40186 0.08982
4937.09229 0.05344
4939.78467 0.03811
4942.47803 0.06868
4945.17041 0.04609
4947.86133 0.06002
4950.55420 0.07542
4953.24561 0.04797
4955.93555 0.06068
4958.62695 0.05294
4961.32275 0.05590
4964.01172 0.07634
4966.70215 0.08771
4969.39404 0.10674
4972.08984 0.10501
4974.77930 0.09470
4977.47314 0.07477
4980.16553 0.05074
4982.85645 0.03386
4985.55176 0.02024
4988.24268 0.03610
4990.93262 0.04107
4993.62402 0.05628
4996.31641 0.07848
4999.00830 0.09793
5001.70117 0.11025
5004.38965 0.07653
5007.08594 0.07341
5009.77490 0.04703
5012.46826 0.02548
5015.16016 0.02244
5017.85059 0.05276
5020.54248 0.06061
5023.23584 0.04786
5025.92822 0.06400
5028.62207 0.11411
5031.31152 0.08526
5034.00244 0.08087
5036.69482 0.07192
5039.38867 0.06837
5042.08105 0.06197
5044.77246 0.08056
5047.46533 0.03578
5050.15625 0.06301
5052.84912 0.05465
5055.54053 0.05660
5058.23340 0.05296
5060.92480 0.06480
5063.61523 0.04407
5066.30664 0.03313
5068.99951 0.03742
5071.69141 0.08874
5074.38477 0.08222
5077.07617 0.08048
5079.76660 0.07487
5082.46094 0.08075
5085.15137 0.03960
5087.84326 0.03388
5090.53369 0.01994
5093.22852 0.04448
5095.91650 0.04074
5098.61084 0.06928
5101.30420 0.08947
5103.99365 0.08508
5106.68701 0.10467
5109.37891 0.08583
5112.07275 0.05956
5114.76172 0.03702
5117.45508 0.03332
5120.14746 0.04211
5122.84082 0.00960
5125.53027 0.03916
5128.22363 0.06591
5130.91309 0.09078
5133.60645 0.09210
5136.30127 0.08628
5138.98926 0.08133
5141.68457 0.08566
5144.37500 0.07250
5147.06738 0.03216
5149.75781 0.03836
5152.45020 0.02585
5155.14062 0.08230
5157.83252 0.04114
5160.52930 0.05419
5163.21826 0.06962
5165.90869 0.07064
5168.60400 0.04914
5171.29443 0.08722
5173.98633 0.06209
5176.67725 0.09447
5179.37158 0.10038
5182.06250 0.07107
5184.75439 0.08106
5187.44775 0.07365
5190.13965 0.06771
5192.83008 0.02425
5195.52148 0.04582
5198.21484 0.02106
5200.90674 0.03559
5203.59668 0.05633
5206.29150 0.07181
5208.98193 0.09620
5211.67334 0.11069
5214.36621 0.10454
5217.06055 0.10608
5219.75098 0.07695
5222.44189 0.02856
5225.13525 0.00527
5227.82617 0.00627
5230.51904 0.01990
5233.21045 0.05105
5235.89990 0.09672
5238.59082 0.06569
5241.28955 0.09602
5243.97754 0.09687
5246.66992 0.06559
5249.36377 0.04300
5252.05615 0.00899
5254.74365 0.05308
5257.43896 0.05106
5260.12939 0.02862
5262.82178 0.05797
5265.51514 0.06135
5268.20410 0.10142
5270.89746 0.07033
5273.59180 0.08307
5276.28223 0.09640
5278.97363 0.08227
5281.66650 0.07003
5284.35547 0.07009
5287.04785 0.06745
5289.74219 0.07124
5292.43506 0.06602
5295.12305 0.08324
5297.81836 0.05245
5300.50928 0.04516
5303.20166 0.04809
5305.89258 0.02608
5308.58496 0.05593
5311.27783 0.07041
5313.97021 0.09513
5316.66309 0.09244
5319.35254 0.11265
5322.04541 0.07600
5324.73682 0.06843
5327.42969 0.05426
5330.12402 0.01758
5332.81396 0.02610
5335.50537 0.02820
5338.20068 0.05177
5340.88867 0.07040
5343.58057 0.07899
5346.27441 0.11555
5348.96338 0.09061
5351.65723 0.09207
5354.35156 0.07286
5357.04199 0.04287
5359.73047 0.01374
5362.42383 0.03347
5365.11816 0.00275
5367.80762 0.08216
5370.49902 0.05703
5373.19141 0.08542
5375.88818 0.07017
5378.58008 0.08073
5381.26807 0.06858
5383.95996 0.06371
5386.65332 0.04467
5389.34473 0.08413
5392.03760 0.07067
5394.72949 0.05442
5397.41895 0.06785
5400.11328 0.07498
5402.80273 0.07841
5405.49658 0.06173
5408.18848 0.04072
5410.88232 0.08011
5413.57422 0.06452
5416.26465 0.05774
5418.95605 0.07400
5421.64941 0.09572
5424.34326 0.09073
5427.03320 0.06914
5429.72412 0.07167
5432.41943 0.05994
5435.10986 0.00772
5437.80225 0.00635
5440.49219 0.04433
5443.18701 0.03899
5445.87695 0.09461
5448.56836 0.09403
5451.26123 0.11058
5453.95215 0.09592
5456.64453 0.09750
5459.33545 0.08321
5462.02734 0.07716
5464.72070 0.03446
5467.41211 0.02220
5470.10547 0.02436
5472.79688 0.05053
5475.48926 0.04429
5478.18018 0.06611
5480.87549 0.08721
5483.56592 0.10241
5486.25781 0.06945
5488.94824 0.07692
5491.64014 0.05393
5494.33594 0.03836
5497.02393 0.06438
5499.71680 0.05092
5502.40723 0.05871
5505.10254 0.08840
5507.79297 0.06357
5510.48438 0.07355
5513.17725 0.03526
5515.86865 0.05077
5518.55811 0.06902
5521.25195 0.07240
5523.94482 0.06778
5526.63525 0.08610
5529.32666 0.09335
5532.02002 0.08341
5534.71143 0.06847
5537.40723 0.06688
5540.09521 0.03451
5542.78711 0.04776
5545.48096 0.05702
5548.17334 0.06484
5550.86328 0.06371
5553.55469 0.10345
5556.24707 0.10418
5558.93848 0.09962
5561.63379 0.09662
5564.32715 0.06939
5567.01562 0.04465
5569.70557 0.03672
5572.39697 0.02738
5575.09277 0.05967
5577.78418 0.04193
5580.47607 0.05244
5583.16699 0.08340
5585.85840 0.09668
5588.55469 0.11350
5591.24268 0.08605
5593.93555 0.10099
5596.62598 0.05393
5599.32129 0.06993
5602.01465 0.04750
5604.70361 0.03345
5607.39600 0.05005
5610.09082 0.07819
5612.77979 0.05376
5615.47021 0.06557
5618.16211 0.06947
5620.85547 0.07124
5623.54639 0.07902
5626.23926 0.06582
5628.93066 0.04816
5631.62256 0.06327
5634.31592 0.06301
5637.00781 0.07688
5639.69775 0.08765
5642.39160 0.03923
5645.08447 0.06841
5647.77490 0.03747
5650.46631 0.06021
5653.15967 0.02076
5655.85449 0.05150
5658.54688 0.10245
5661.23438 0.07376
5663.92676 0.09624
5666.61719 0.08806
5669.31152 0.06456
5672.00439 0.05974
5674.69531 0.02187
5677.38770 0.00970
5680.07812 0.03026
5682.76953 0.03046
5685.46289 0.07093
5688.15674 0.08798
5690.84619 0.08141
5693.54004 0.10448
5696.23145 0.08245
5698.92480 0.08066
5701.61621 0.04124
5704.30859 0.05071
5707.00195 0.03318
5709.69385 0.02313
5712.38379 0.04028
5715.07520 0.02829
5717.76807 0.06165
5720.45850 0.08060
5723.15381 0.06327
5725.84375 0.06759
5728.53516 0.07858
5731.22754 0.05088
5733.92188 0.05718
5736.61035 0.05595
5739.30371 0.04257
5741.99512 0.05135
5744.68506 0.05468
5747.37891 0.04986
5750.07080 0.07725
5752.76074 0.03557
5755.45557 0.03839
5758.14795 0.04133
5760.83887 0.04985
5763.53076 0.09019
5766.22412 0.08269
5768.91211 0.06710
5771.60791 0.09293
5774.29883 0.05339
5776.99072 0.05516
5779.68066 0.03919
5782.37451 0.03916
5785.06738 0.00704
5787.75781 0.03609
5790.45020 0.07002
5793.14014 0.09243
5795.83398 0.08942
5798.52979 0.11200
5801.22070 0.11285
5803.90869 0.11180
5806.60205 0.07175
5809.29248 0.06742
5811.98535 0.01514
5814.67822 0.03020
5817.37061 0.02038
5820.06299 0.02822
5822.75391 0.03054
5825.44629 0.07498
5828.13623 0.09923
5830.83105 0.06799
5833.52051 0.07685
5836.21777 0.07324
5838.90625 0.04689
5841.59619 0.06590
5844.29102 0.04975
5846.97949 0.03281
5849.67676 0.04350
5852.36572 0.05117
5855.05469 0.05242
5857.74951 0.05801
5860.44141 0.06423
5863.13477 0.04241
5865.82324 0.05910
5868.51953 0.07377
5871.20654 0.03763
5873.90186 0.06930
5876.59521 0.06714
5879.28613 0.08391
5881.97510 0.05991
5884.67236 0.02839
5887.36377 0.02908
5890.05371 0.01320
5892.74756 0.04035
5895.43652 0.01049
5898.12988 0.04475
5900.82178 0.08743
5903.51025 0.09677
5906.20752 0.08848
5908.89648 0.09049
5911.58984 0.07869
5914.28027 0.04820
5916.97217 0.02955
5919.66650 0.01534
5922.35742 0.01272
5925.05029 0.06158
5927.74072 0.08001
5930.43311 0.06731
5933.12207 0.09932
5935.82031 0.09723
5938.51221 0.07297
5941.19873 0.06929
5943.89404 0.07143
5946.58350 0.04772
5949.27734 0.04111
5951.96533 0.02254
5954.66211 0.05442
5957.35596 0.06882
5960.04541 0.07406
5962.73535 0.06810
5965.42969 0.05946
5968.12256 0.04944
5970.81299 0.07260
5973.50781 0.04744
5976.19775 0.07566
5978.88867 0.07990
5981.58057 0.09630
5984.27393 0.09122
5986.96484 0.05274
5989.65771 0.04623
5992.35107 0.06270
5995.03955 0.04471
5997.73242 0.04509
6000.42627 0.03985
6003.11475 0.05814
6005.80762 0.06470
6008.50244 0.10185
6011.19092 0.10597
6013.88428 0.07623
6016.57861 0.10278
6019.26807 0.04230
6021.96191 0.01922
6024.65332 0.01405
6027.34668 0.03908
6030.04053 0.04122
6032.72949 0.06344
6035.42188 0.07938
6038.11328 0.08321
6040.80518 0.06018
6043.49512 0.08779
6046.18994 0.06144
6048.88281 0.04086
6051.57324 0.02314
6054.26465 0.04479
6056.95703 0.04006
6059.64795 0.03842
6062.33984 0.07363
6065.03320 0.07225
6067.72363 0.06328
6070.41602 0.04692
6073.10596 0.06757
6075.80029 0.08956
6078.49219 0.06953
6081.18652 0.06290
6083.87744 0.07387
6086.56689 0.03851
6089.26025 0.09073
6091.95215 0.07751
6094.64502 0.04850
6097.33545 0.05433
6100.02734 0.03809
6102.71680 0.07500
6105.41162 0.05148
6108.10693 0.06767
6110.79688 0.07215
6113.48730 0.07132
6116.18018 0.09335
6118.87354 0.09692
6121.56445 0.08970
6124.25732 0.06716
6126.94727 0.03835
6129.64209 0.01983
6132.33105 0.03227
6135.02197 0.03161
6137.71680 0.04980
6140.40967 0.07980
6143.10059 0.09264
6145.79492 0.09270
6148.48535 0.07322
6151.17578 0.08806
6153.87109 0.05870
6156.56104 0.03440
6159.25195 0.04354
6161.94385 0.04525
6164.63721 0.02876
6167.32520 0.07540
6170.02051 0.03755
6172.71045 0.07286
6175.40479 0.08352
6178.09424 0.08573
6180.78760 0.04370
6183.48193 0.07043
6186.17139 0.04158
6188.86523 0.03776
6191.55371 0.02832
6194.24609 0.05317
6196.93945 0.04497
6199.63135 0.06306
6202.32422 0.06797
6205.01807 0.04822
6207.70947 0.05556
6210.40186 0.06637
6213.09277 0.06430
6215.78467 0.05773
6218.47412 0.06852
6221.16797 0.09071
6223.85645 0.07554
6226.55322 0.08503
6229.24072 0.05630
6231.93604 0.05779
6234.62842 0.05072
6237.31982 0.05255
6240.01172 0.03042
6242.70117 0.03571
6245.39551 0.08130
6248.08789 0.06655
6250.77686 0.10328
6253.47168 0.09629
6256.16357 0.05005
6258.85352 0.07407
6261.54736 0.02636
6264.24023 0.02262
6266.92969 0.02212
6269.62402 0.05117
6272.31641 0.03219
6275.00635 0.05214
6277.69727 0.08816
6280.39258 0.08435
6283.07959 0.08210
6285.77734 0.07610
6288.46924 0.06933
6291.15918 0.04871
6293.85010 0.03856
6296.54248 0.00783
6299.23584 0.05023
6301.92969 0.05081
6304.61523 0.04995
6307.30859 0.05933
6310.00342 0.06264
6312.69531 0.04713
6315.38525 0.05571
6318.07959 0.07306
6320.76855 0.03802
6323.46191 0.07492
6326.15576 0.06442
6328.84814 0.06811
6331.53760 0.08511
6334.22900 0.06928
6336.92090 0.04887
6339.61377 0.05700
6342.30518 0.05048
6345.00049 0.03470
6347.69336 0.06997
6350.38428 0.07670
6353.07275 0.08696
6355.76562 0.10907
6358.45605 0.09616
6361.14795 0.08736
6363.84131 0.05696
6366.53223 0.05947
6369.22754 0.03081
6371.91699 -0.00607
6374.61084 0.01345
6377.30273 0.06304
6379.99512 0.04707
6382.68604 0.09237
6385.37744 0.09978
6388.06982 0.08173
6390.76367 0.12254
6393.45605 0.06326
6396.14844 0.06563
6398.83838 0.03717
6401.52979 0.03392
6404.22266 0.03322
6406.91260 0.06928
6409.60400 0.08214
6412.29639 0.07573
6414.98975 0.09555
6417.68115 0.05110
6420.37305 0.04473
6423.06641 0.06480
6425.75781 0.06059
6428.45312 0.06530
6431.14307 0.05512
6433.83350 0.04669
6436.52539 0.05198
6439.21875 0.06442
6441.90967 0.06931
6444.59766 0.03739
6447.29395 0.03593
6449.98828 0.04622
6452.68018 0.06692
6455.36963 0.05991
6458.05957 0.05695
6460.75146 0.08620
6463.44336 0.07576
6466.13721 0.08968
6468.82861 0.07954
6471.52148 0.06676
6474.21436 0.03556
6476.90576 0.04808
6479.59766 0.03594
6482.28809 0.02129
6484.97852 0.05719
6487.67432 0.09321
6490.36719 0.09302
6493.05469 0.09338
6495.75293 0.08366
6498.44238 0.09015
6501.13330 0.03765
6503.82129 0.04508
6506.51758 0.01868
6509.21094 0.02971
6511.89893 0.02928
6514.59473 0.04884
6517.28516 0.06361
6519.97607 0.07748
6522.67236 0.06541
6525.36133 0.07287
6528.05225 0.07200
6530.74805 0.07088
6533.43750 0.03842
6536.13135 0.05018
6538.82324 0.04377
6541.51270 0.07261
6544.20654 0.05675
6546.89404 0.06464
6549.59082 0.08013
6552.28076 0.04135
6554.96826 0.05212
6557.66406 0.04395
6560.35400 0.07732
6563.05176 0.05978
6565.73975 0.08476
6568.43311 0.08181
6571.12402 0.07660
6573.81934 0.07212
6576.50830 0.05207
6579.20264 0.03739
6581.88965 0.02396
6584.58643 0.02216
6587.27588 0.04518
6589.97119 0.03666
6592.66309 0.08076
6595.35645 0.07363
6598.04297 0.09617
6600.73877 0.09991
6603.42822 0.09174
6606.12207 0.05916
6608.80957 0.04232
6611.50244 0.02651
6614.20020 0.02841
6616.88770 0.02433
6619.57959 0.03432
6622.26953 0.07135
6624.96387 0.07359
6627.65527 0.08554
6630.34863 0.09401
6633.03955 0.07010
6635.73047 0.07867
6638.42334 0.06763
6641.11719 0.05748
6643.80811 0.05618
6646.49658 0.03489
6649.19385 0.06389
6651.88477 0.10464
6654.57666 0.06251
6657.26904 0.05628
6659.95605 0.07782
6662.65137 0.04514
6665.34375 0.05021
6668.03760 0.08227
6670.72510 0.07147
6673.42090 0.04952
6676.11426 0.05838
6678.80518 0.05409
6681.49609 0.06734
6684.18945 0.05592
6686.87939 0.04292
6689.57080 0.02401
6692.26367 0.03645
6694.95703 0.05395
6697.64795 0.07783
6700.34033 0.07906
6703.02930 0.06789
6705.72363 0.08816
6708.41455 0.05290
6711.10791 0.05833
6713.80127 0.03093
6716.48877 0.03704
6719.18457 -0.01701
6721.87451 0.02568
6724.56543 0.04083
6727.26074 0.04537
6729.95312 0.08041
6732.64697 0.09216
6735.33447 0.06935
6738.02734 0.07447
6740.72070 0.08104
6743.41113 0.05329
6746.10303 0.03188
6748.79639 0.03240
6751.48633 0.03577
6754.18164 0.03904
6756.87451 0.06574
6759.56445 0.06619
6762.25879 0.08093
6764.94678 0.04860
6767.63623 0.06345
6770.33008 0.06568
6773.02148 0.02707
6775.71436 0.07776
6778.40430 0.05217
6781.09863 0.05016
6783.79102 0.07012
6786.47998 0.07984
6789.17480 0.03955
6791.86621 0.03426
6794.55859 0.04095
6797.24854 0.01798
6799.93945 0.03388
6802.63525 0.06459
6805.32471 0.07435
6808.01855 0.08539
6810.71387 0.08891
6813.40674 0.08178
6816.09668 0.08035
6818.78711 0.04100
6821.47998 0.04906
6824.16846 0.00701
6826.86328 0.03873
6829.55469 0.02604
6832.24707 0.05605
6834.93701 0.09230
6837.63184 0.11069
6840.32373 0.10393
6843.01660 0.08236
6845.70703 0.04872
6848.40186 0.04133
6851.09033 0.02973
6853.78418 0.01943
6856.47119 0.04420
6859.16650 0.04230
6861.85938 0.06039
6864.54980 0.05793
6867.24072 0.06665
6869.93311 0.06141
6872.62695 0.06973
6875.32080 0.06495
6878.01270 0.06833
6880.70557 0.04517
6883.39551 0.04834
6886.08984 0.07379
6888.78174 0.06732
6891.47217 0.03520
6894.16211 0.05923
6896.85352 0.06803
6899.54590 0.04356
6902.23584 0.03287
6904.93066 0.03828
6907.62256 0.03864
6910.31201 0.06668
6913.00586 0.07544
6915.69629 0.07860
6918.39307 0.09085
6921.08252 0.05625
6923.77295 0.06379
6926.46826 0.01898
6929.15723 0.02874
6931.84717 0.04751
6934.54541 0.04992
6937.23438 0.06472
6939.92383 0.05551
6942.61768 0.10200
6945.30908 0.09795
6948.00098 0.06490
6950.69824 0.06189
6953.38574 0.03509
6956.08057 0.00637
6958.76953 0.02978
6961.46338 0.01788
6964.15820 0.03221
6966.84668 0.05062
6969.53955 0.05026
6972.22998 0.06284
6974.92139 0.07729
6977.61328 0.08222
6980.30664 0.08708
6982.99707 0.04412
6985.68945 0.03915
6988.38574 0.04972
6991.07178 0.06090
6993.76660 0.06480
6996.45850 0.05678
6999.15186 0.04722
7001.84180 0.06203
7004.53662 0.05420
7007.22510 0.04467
7009.91846 0.04430
7012.60889 0.08670
7015.30420 0.04485
7017.99316 0.05142
7020.68652 0.06950
7023.37695 0.06584
7026.06885 0.05657
7028.76172 0.03584
7031.45166 0.03288
7034.14307 0.04165
7036.83887 0.02561
7039.53223 0.05585
7042.22217 0.03610
7044.91357 0.06883
7047.60205 0.06134
7050.29883 0.06947
7052.98926 0.08597
7055.68066 0.05395
7058.37354 0.06404
7061.06348 0.01654
7063.75781 0.03749
7066.44922 0.03700
7069.14258 0.03171
7071.83252 0.05201
7074.52344 0.06161
7077.21533 0.05761
7079.91162 0.09743
7082.59863 0.07071
7085.29297 0.07824
7087.98584 0.08496
7090.67432 0.03980
7093.36914 0.02064
7096.06055 0.01429
7098.75293 0.03864
7101.44238 0.03523
7104.13623 0.07131
7106.83203 0.06209
7109.52100 0.05389
7112.21436 0.07800
7114.90869 0.03613
7117.60107 0.06181
7120.28955 0.04130
7122.98291 0.05311
7125.67432 0.08671
7128.36523 0.07599
7131.05469 0.06360
7133.74463 0.04723
7136.44336 0.06547
7139.13525 0.04038
7141.82471 0.02240
7144.51465 0.05378
7147.20996 0.04231
7149.89795 0.06574
7152.59521 0.05111
7155.28516 0.07669
7157.97656 0.07366
7160.66504 0.06388
7163.36182 0.04552
7166.05273 0.05140
7168.74365 0.03408
7171.44043 -0.00044
7174.12598 0.03217
7176.81641 0.06801
7179.51172 0.05423
7182.20459 0.07085
7184.89746 0.10596
7187.58838 0.08777
7190.27979 0.07303
7192.97217 0.06750
7195.66553 0.04953
7198.35254 0.03752
7201.04443 0.02214
7203.73682 0.03044
7206.43408 0.03337
7209.12500 0.07833
7211.81689 0.08687
7214.50928 0.05176
7217.19922 0.08320
7219.89404 0.08516
7222.58594 0.04975
7225.27490 0.06174
7227.96875 0.05991
7230.66309 0.04849
7233.35059 0.07031
7236.04395 0.07821
7238.73389 0.06091
7241.42871 0.03183
7244.12061 0.04396
7246.81299 0.03959
7249.50732 0.07083
7252.19385 0.07014
7254.88965 0.06798
7257.58252 0.06032
7260.27246 0.09370
7262.96289 0.06375
7265.65527 0.06644
7268.34814 0.04953
7271.03760 0.04759
7273.73291 0.02641
7276.42480 0.01351
7279.11377 0.03491
7281.80762 0.03517
7284.50244 0.04997
7287.19434 0.07821
7289.88281 0.07987
7292.57666 0.09822
7295.26758 0.08584
7297.95947 0.06988
7300.65234 0.05423
7303.34229 0.06556
7306.03662 0.02119
7308.73242 0.04888
7311.42139 0.05130
7314.11133 0.05234
7316.80225 0.08288
7319.49316 0.09588
7322.18652 0.09650
7324.87988 0.10457
7327.57080 0.07560
7330.26270 0.04665
7332.95508 0.03925
7335.64453 0.04801
7338.33936 0.06638
7341.03125 0.04616
7343.72363 0.03376
7346.41699 0.02422
7349.10791 0.14451
7351.79883 -0.20816
7354.49170 0.03173
7357.18115 0.07650
7359.87158 0.05755
7362.56689 0.07351
7365.25977 0.03841
7367.94824 0.08228
7370.64307 0.05963
7373.33447 0.03545
7376.02686 0.03412
7378.72021 0.04287
7381.41016 0.01667
7384.10547 0.03514
7386.79346 0.04072
7389.48682 0.04795
7392.18066 0.08044
7394.87158 0.08448
7397.56396 0.09281
7400.25684 0.08012
7402.94678 0.05137
7405.63721 0.05690
7408.32910 0.00026
7411.02197 0.03048
7413.71191 0.02455
7416.40674 0.06752
7419.09863 0.06914
7421.78711 0.05429
7424.48535 0.08565
7427.17578 0.05719
7429.86719 0.07537
7432.55957 0.05769
7435.24902 0.07177
7437.94385 0.04743
7440.63525 0.04078
7443.32715 0.04045
7446.02051 0.02692
7448.71094 0.06767
7451.40625 0.06282
7454.09424 0.06086
7456.78711 0.04052
7459.47705 0.05125
7462.17236 0.04521
7464.86426 0.05790
7467.55273 0.04718
7470.24658 0.01037
7472.93750 0.05490
7475.62939 0.07920
7478.32227 0.06548
7481.01514 0.05289
7483.70605 0.03991
7486.39746 0.04102
7489.08984 0.02323
7491.78320 0.04896
7494.47412 0.05479
7497.16504 0.07725
7499.85742 0.09668
7502.55078 0.07543
7505.24072 0.07632
7507.93506 0.09113
7510.62305 0.05587
7513.32031 0.05979
7516.01025 0.04920
7518.70117 0.01791
7521.39258 0.03236
7524.08496 0.06751
7526.77881 0.05707
7529.46924 0.09615
7532.16504 0.08654
7534.85303 0.08559
7537.54639 0.05634
7540.24072 0.03552
7542.93164 0.03964
7545.62354 0.01073
7548.31299 0.02029
7551.00684 0.05248
7553.69727 0.02896
7556.38965 0.05872
7559.08203 0.06230
7561.77539 0.05878
7564.46582 0.06408
7567.15723 0.05442
7569.85010 0.05949
7572.54346 0.06720
7575.23340 0.06726
7577.92871 0.05850
7580.61670 0.06197
7583.31006 0.04873
7586.00391 0.04850
7588.69434 0.07070
7591.38672 0.04008
7594.07910 0.03925
7596.76465 0.05419
7599.45898 0.04453
7602.15430 0.03458
7604.84717 0.06483
7607.53564 0.10001
7610.23047 0.07964
7612.92578 0.06074
7615.61279 0.06308
7618.30176 0.03049
7620.99561 0.04249
7623.69043 0.03446
7626.37744 0.02027
7629.07031 0.04505
7631.76416 0.04920
7634.45801 0.06231
7637.14941 0.07989
7639.83740 0.07862
7642.53076 0.05654
7645.22852 0.04627
7647.91943 0.03741
7650.60742 0.01820
7653.29980 0.05092
7655.99316 0.04844
7658.68408 0.05697
7661.37549 0.06284
7664.07178 0.08959
7666.76074 0.07104
7669.45068 0.07849
7672.14600 0.07939
7674.83789 0.05431
7677.53027 0.05770
7680.21973 0.03946
7682.91455 0.04329
7685.60205 0.04750
7688.29443 0.06104
7690.99170 0.07241
7693.67725 0.03617
7696.37256 0.04980
7699.06445 0.04498
7701.75781 0.05789
7704.44678 0.05642
7707.14160 0.04964
7709.83301 0.05795
7712.52539 0.07349
7715.21436 0.08220
7717.90869 0.06170
7720.59961 0.04879
7723.29541 0.04218
7725.98438 0.05197
7728.67822 0.00664
7731.36865 0.03863
7734.06006 0.06577
7736.75195 0.05234
7739.44531 0.06539
7742.13525 0.06156
7744.83057 0.07460
7747.52246 0.09815
7750.21533 0.07391
7752.90479 0.03659
7755.59912 0.04689
7758.29053 0.00989
7760.97852 0.02669
7763.67578 0.04175
7766.36572 0.03869
7769.05664 0.07674
7771.74854 0.05954
7774.44092 0.08152
7777.13037 0.08670
7779.82520 0.05777
7782.52051 0.06472
7785.20850 0.01429
7787.90088 0.02728
7790.59473 0.03139
7793.28174 0.04152
7795.97314 0.05560
7798.66553 0.03714
7801.35889 0.08071
7804.04883 0.05632
7806.74414 0.05613
7809.43604 0.05917
7812.12891 0.05016
7814.81836 0.05888
7817.51318 0.06634
7820.20459 0.04841
7822.89648 0.06230
7825.58545 0.03861
7828.27539 0.04189
7830.97070 0.04182
7833.66650 0.03709
7836.35938 0.04037
7839.04785 0.01704
7841.73877 0.06082
7844.42920 0.07749
7847.12109 0.05586
7849.81836 0.06816
7852.50781 0.08518
7855.20312 0.06788
7857.88965 0.03624
7860.58252 0.05606
7863.27490 0.02327
7865.96484 0.00812
7868.66016 0.03313
7871.35156 0.04324
7874.04053 0.07255
7876.73340 0.08964
7879.42822 0.07894
7882.11914 0.09334
7884.81104 0.06426
7887.49951 0.02342
7890.19727 0.05420
7892.88818 0.03677
7895.57959 0.02563
7898.27148 0.04836
7900.96484 0.05563
7903.65430 0.06933
7906.34912 0.07285
7909.03613 0.09367
7911.73340 0.05869
7914.42676 0.04994
7917.11670 0.04154
7919.80713 0.04522
7922.49854 0.03634
7925.19189 0.02882
7927.88037 0.06456
7930.57520 0.03223
7933.26660 0.06928
7935.95410 0.04870
7938.65576 0.02502
7941.34521 0.04166
7944.03516 0.04114
7946.72656 0.03944
7949.41895 0.06766
7952.10791 0.08827
7954.80566 0.07943
7957.49609 0.06424
7960.18359 0.05603
7962.88037 0.04572
7965.56885 0.02084
7968.26367 0.01593
7970.95410 -0.00165
7973.64551 0.03665
7976.33838 0.02778
7979.03125 0.06998
7981.72168 0.09344
7984.41211 0.07612
7987.10400 0.06967
7989.80127 0.03606
7992.49463 0.06541
7995.18066 0.04187
7997.87598 0.02801
8000.56348 0.03271
8003.26074 0.03537
8005.94971 0.05752
8008.64453 0.04821
8011.33594 0.05042
8014.02783 0.07827
8016.72119 0.07345
8019.41064 0.07329
8022.10498 0.04717
8024.79639 0.05845
8027.48438 0.03762
8030.17725 0.03667
8032.87549 0.03571
8035.56152 0.05289
8038.25293 0.03689
8040.94580 0.05710
8043.63916 0.05477
8046.32812 0.06265
8049.02344 0.04884
8051.71045 0.03298
8054.40674 0.03753
8057.09619 0.07232
8059.79492 0.06688
8062.48096 0.07039
8065.17676 0.06197
8067.86475 0.05558
8070.56250 0.05154
8073.24805 0.01192
8075.94336 0.03254
8078.63477 0.04071
8081.32715 0.04321
8084.02051 0.03315
8086.71045 0.06770
8089.40137 0.07204
8092.09277 0.07833
8094.79004 0.06269
8097.47852 0.02957
8100.16846 0.03143
8102.85938 0.01821
8105.55566 0.01240
8108.24756 0.03415
8110.94189 0.03945
8113.63184 0.05177
8116.32715 0.07321
8119.01855 0.06325
8121.70654 0.05224
8124.40430 0.06774
8127.08984 0.05317
8129.78076 0.02706
8132.47217 0.04437
8135.16016 0.06530
8137.85352 0.03720
8140.55273 0.04803
8143.24365 0.07345
8145.93066 0.06013
8148.62744 0.03330
8151.31689 0.05936
8154.00684 0.06501
8156.70605 0.04154
8159.39795 0.05331
8162.09082 0.04479
8164.77490 0.06785
8167.46924 0.05248
8170.15527 0.04395
8172.85596 0.03487
8175.53955 0.04902
8178.24170 0.02535
8180.93164 0.03253
8183.62646 0.04752
8186.30908 0.06500
8189.00195 0.03557
8191.69971 0.05568
8194.38867 0.08086
8197.08008 0.06413
8199.77148 0.08519
8202.46387 0.06421
8205.15723 0.03000
8207.84668 0.01395
8210.54199 0.00152
8213.23340 0.01130
8215.91992 0.04544
8218.61816 0.06911
8221.30273 0.07656
8224.00195 0.06563
8226.69336 0.07241
8229.38574 0.07445
8232.07422 0.05351
8234.76855 0.04771
8237.46387 0.00651
8240.15430 0.02400
8242.85059 0.03375
8245.53906 0.04517
8248.22363 0.05956
8250.91406 0.04781
8253.60938 0.05457
8256.30176 0.05536
8258.99414 0.08099
8261.69238 0.03437
8264.38281 0.04434
8267.06836 0.01113
8269.76953 0.07259
8272.45801 0.01678
8275.15137 0.06622
8277.84082 0.05502
8280.53613 0.01876
8283.22754 -0.10191
8285.91602 0.12101
8288.60449 -0.01956
8291.30273 -0.01680
8293.99414 0.06933
8296.68066 0.05357
8299.37305 0.08572
8302.07031 0.08174
8304.75586 0.05162
8307.45020 0.09287
8310.14648 0.06107
8312.84277 0.04468
8315.53125 0.02009
8318.22461 0.03333
8320.91504 0.04222
8323.60156 0.02964
8326.29395 0.06031
8328.98633 0.05319
8331.67969 0.08340
8334.37402 0.08110
8337.06055 0.08764
8339.75684 0.03110
8342.44434 0.04805
8345.13379 0.03104
8347.83203 0.01010
8350.52246 0.03631
8353.21875 0.04882
8355.91113 0.05850
8358.59473 0.06847
8361.28809 0.07738
8363.98828 0.06380
8366.67480 0.07527
8369.36230 0.05255
8372.06445 0.03927
8374.75391 0.03395
8377.44336 0.04737
8380.13867 0.05003
8382.82129 0.06783
8385.51855 0.05359
8388.21680 0.03788
8390.90625 0.03274
8393.59180 0.06683
8396.29297 0.03019
8398.98047 0.04471
8401.67383 0.05702
8404.36816 0.04273
8407.05762 0.05192
8409.74512 0.08313
8412.44141 0.05342
8415.12500 0.04884
8417.82324 0.04780
8420.51758 0.01871
8423.20898 0.04656
8425.90039 0.04930
8428.58887 0.02185
8431.28223 0.07776
8433.97559 0.07086
8436.66211 0.08178
8439.35742 0.08888
8442.04590 0.04770
8444.74805 0.02177
8447.43750 0.04189
8450.12695 0.02239
8452.81836 0.04104
8455.51074 0.04050
8458.20312 0.04282
8460.89648 0.07732
8463.59082 0.03832
8466.27734 0.05667
8468.97266 0.05578
8471.66113 0.05268
8474.35449 0.05129
8477.04785 0.06543
8479.73828 0.03447
8482.42969 0.03237
8485.12598 0.03514
8487.80957 0.05408
8490.51270 0.04947
8493.19824 0.07359
8495.88867 0.05352
8498.58496 0.06246
8501.27246 0.03947
8503.97070 0.05137
8506.66016 0.06828
8509.34570 0.04941
8512.04199 0.06499
8514.73828 0.04389
8517.42676 0.05770
8520.11621 0.03974
8522.81055 0.03941
8525.50586 0.02527
8528.19727 0.03060
8530.88477 0.03178
8533.57812 0.03317
8536.26758 0.06556
8538.96289 0.07261
8541.65918 0.09002
8544.35059 0.09265
8547.03906 0.06897
8549.73340 0.04377
8552.42188 0.02239
8555.11816 0.04482
8557.80078 0.02736
8560.49219 0.01817
8563.19043 0.03811
8565.88477 0.05149
8568.57031 0.06836
8571.26660 0.07291
8573.96289 0.05007
8576.65039 0.07761
8579.34375 0.06087
8582.03418 0.04068
8584.72461 0.02700
8587.41602 0.02856
8590.10840 0.05596
8592.80176 0.05000
8595.49512 0.04381
8598.18066 0.03190
8600.88086 0.08016
8603.57324 0.07415
8606.26172 0.06953
8608.95410 0.08374
8611.64941 0.05297
8614.33887 0.07127
8617.03027 0.05041
8619.72266 0.05003
8622.41602 0.04384
8625.10449 0.04804
8627.79883 0.05476
8630.49512 0.04401
8633.18164 0.00999
8635.87891 0.03626
8638.56250 0.04945
8641.25684 0.05956
8643.95117 0.05248
8646.64258 0.08456
8649.33984 0.06959
8652.02246 0.06848
8654.71582 0.04220
8657.40527 0.04497
8660.10059 0.04938
8662.79199 0.02024
8665.48926 0.02228
8668.18164 0.04910
8670.87109 0.05839
8673.56641 0.04786
8676.25684 0.09131
8678.94336 0.06556
8681.64551 0.04152
8684.33398 0.05565
8687.02832 0.03334
8689.71777 0.03575
8692.40430 0.04184
8695.09570 0.01800
8697.79297 0.03207
8700.48145 0.03186
8703.17090 0.07261
8705.86621 0.03494
8708.55762 0.06220
8711.25000 0.06579
8713.94238 0.06262
8716.63184 0.05512
8719.33105 0.05108
8722.01172 0.03536
8724.70801 0.06534
8727.40039 0.05764
8730.09375 0.05017
8732.78711 0.06847
8735.47266 0.04735
8738.16797 0.05088
8740.85449 0.05108
8743.55176 0.03368
8746.24023 0.05961
8748.93848 0.05968
8751.62988 0.06274
8754.32031 0.04634
8757.01172 0.08469
8759.70898 0.05803
8762.39844 0.03966
8765.09180 0.02798
8767.78223 0.05588
8770.47754 0.02462
8773.16504 0.02403
8775.85352 0.05309
8778.55078 0.06335
8781.23633 0.05363
8783.93652 0.06783
8786.62695 0.05911
8789.31445 0.05475
8792.00684 0.04726
8794.70117 0.03828
8797.39062 0.02317
8800.08594 0.04300
8802.78223 0.04522
8805.46484 0.03488
8808.16211 0.04194
8810.85156 0.07541
8813.54590 0.06557
8816.23730 0.04606
8818.93262 0.05033
8821.62012 0.05082
8824.31348 0.05737
8827.00781 0.01598
8829.69727 0.04078
8832.38770 0.07519
8835.08398 0.03177
8837.77148 0.04750
8840.45996 0.06091
8843.15820 0.06609
8845.85352 0.05142
8848.53906 0.05718
8851.23047 0.06099
8853.92773 0.04816
8856.62109 0.07953
8859.30566 0.05940
8862.00098 0.07453
8864.69141 0.04832
8867.38770 0.05499
8870.07520 0.05797
8872.76855 0.01574
8875.45801 0.04667
8878.15234 0.02868
8880.84277 0.03587
8883.53516 0.03899
8886.23242 0.04435
8888.91992 0.05821
8891.61914 0.07127
8894.29980 0.07518
8896.99023 0.06176
8899.69238 0.03218
8902.38379 -0.00566
8905.07324 0.02258
8907.76660 0.02362
8910.45703 0.06582
8913.14746 0.05745
8915.83984 0.07558
8918.53223 0.06844
8921.21973 0.05689
8923.91406 0.03575
8926.60938 0.04776
8929.30469 0.03552
8931.99707 0.03338
8934.68848 0.03056
8937.37695 0.03986
8940.07129 0.05263
8942.75586 0.06366
8945.45215 0.04611
8948.14355 0.08560
8950.84082 0.04934
8953.52930 0.08085
8956.21289 0.04103
8958.90820 0.05119
8961.59863 0.06029
8964.29004 0.05241
8966.98730 0.05395
8969.68066 0.07195
8972.37402 0.05088
8975.06445 0.02475
8977.75977 0.00606
8980.44629 0.04034
8983.13379 0.04027
8985.82617 0.04036
8988.52051 0.05000
8991.21973 0.03609
8993.90527 0.06064
8996.59668 0.09797
8999.29395 0.05472
9001.98242 0.04783
9004.67578 0.01821
9007.36523 0.03381
9010.06055 0.02567
9012.75195 0.02702
9015.44434 0.03332
9018.13672 0.04644
9020.83105 0.06976
9023.51465 0.05737
9026.20996 0.06472
9028.89648 0.08561
9031.59277 0.03450
9034.29004 0.05177
9036.97949 0.03832
9039.66895 0.03079
9042.35840 0.03607
9045.05469 0.01488
9047.74609 0.04630
9050.43848 0.05571
9053.12695 0.05571
9055.82129 0.04946
9058.51660 0.07805
9061.20215 0.04382
9063.89844 0.04970
9066.58594 0.02160
9069.28418 0.04398
9071.97266 0.04899
9074.66797 0.04444
9077.36328 0.06107
9080.05469 0.04592
9082.74707 0.03545
9085.43457 0.06968
9088.12891 0.01074
9090.82324 0.03684
9093.51367 0.04131
9096.19922 0.06093
9098.89648 0.06719
9101.58887 0.07070
9104.27832 0.06381
9106.97266 0.05462
9109.66309 0.04085
9112.35840 0.01471
9115.04004 0.03663
9117.73828 0.00413
9120.43555 0.02358
9123.12500 0.04482
9125.81543 0.06230
9128.51074 0.08110
9131.20215 0.07198
9133.88965 0.07077
9136.58203 0.05284
9139.27637 0.04700
9141.96680 0.02373
9144.65625 0.01134
9147.35254 0.03646
9150.04980 0.01920
9152.73340 0.04600
9155.42090 0.06443
9158.12109 0.05268
9160.81055 0.06285
9163.50195 0.07326
9166.19922 0.02167
9168.89160 0.06874
9171.58496 0.03173
9174.26855 0.05118
9176.96387 0.04582
9179.64844 0.04785
9182.35059 0.03249
9185.03809 0.06186
9187.73633 0.08127
9190.42480 0.05863
9193.11426 0.03901
9195.80957 0.04462
9198.50098 0.02325
9201.19238 0.05319
9203.88086 0.09149
9206.57422 0.06625
9209.27344 0.04215
9211.95801 0.05927
9214.64941 0.04258
9217.34570 0.02419
9220.03320 0.02968
9222.72656 0.05858
9225.41992 0.03522
9228.10938 0.05292
9230.80078 0.05049
9233.50195 0.05903
9236.18359 0.08718
9238.88184 0.08045
9241.56543 0.06170
9244.26953 0.04217
9246.95410 0.04274
9249.64551 0.03369
9252.33203 0.00691
9255.02930 0.03420
9257.71777 0.02998
9260.41113 0.06197
9263.10645 0.05958
9265.80176 0.06247
9268.48828 0.07052
9271.18555 0.04435
9273.87305 0.05404
9276.56152 0.03430
9279.26172 0.04575
9281.95117 0.03024
9284.64160 0.02973
9287.33301 0.03128
9290.02539 0.05885
9292.72461 0.07165
9295.40820 0.05009
9298.10352 0.06439
9300.79297 0.04882
9303.48438 0.04311
9306.17090 0.04490
9308.87402 0.05133
9311.56348 0.04160
9314.25195 0.04932
9316.94727 0.04784
9319.63770 0.06248
9322.33008 0.05125
9325.02148 0.05139
9327.71484 0.03416
9330.40918 0.06074
9333.09863 0.04912
9335.79395 0.06625
9338.47949 0.04800
9341.17188 0.09021
9343.86426 0.07701
9346.55762 0.06491
9349.24707 0.05224
9351.93652 0.04670
9354.63770 0.01866
9357.32910 0.04170
9360.01562 0.01102
9362.71387 0.03749
9365.39746 0.04993
9368.09766 0.08036
9370.78711 0.09496
9373.47754 0.06709
9376.16992 0.05256
9378.85742 0.05076
9381.55469 0.04292
9384.24414 0.02513
9386.94434 0.03074
9389.62402 0.04570
9392.32520 0.06981
9395.00684 0.06315
9397.70508 0.03676
9400.39844 0.03985
9403.08203 0.06957
9405.77734 0.05432
9408.47266 0.05283
9411.16992 0.03251
9413.85156 0.04150
9416.54980 0.05740
9419.23828 0.02626
9421.93848 0.03112
9424.62305 0.03585
9427.32422 0.03594
9430.00977 0.02941
9432.70312 0.03482
9435.39648 0.03721
9438.08496 0.02095
9440.77930 0.06235
9443.46973 0.04663
9446.15527 0.06853
9448.85156 0.07660
9451.54492 0.04638
9454.23828 0.03950
9456.92676 0.01877
9459.62695 0.04177
9462.31250 0.01713
9465.00293 0.03071
9467.68945 0.03700
9470.38770 0.04478
9473.08203 0.06480
9475.77051 0.07207
9478.45996 0.05681
9481.15625 0.07678
9483.84766 0.03638
9486.54004 0.03045
9489.23242 0.02070
9491.92090 0.01660
9494.62109 0.00560
9497.31055 0.04377
9500.00195 0.06140
9502.68750 0.04272
9505.38477 0.06967
9508.07324 0.05341
9510.76660 0.07108
9513.46582 0.04681
9516.14648 0.06301
9518.84766 0.05122
9521.52832 0.03570
9524.23145 0.04368
9526.91895 0.02249
9529.60742 0.04401
9532.30762 0.06436
9534.99805 0.04278
9537.69336 0.03499
9540.38477 0.04165
9543.06738 0.05332
9545.76562 0.05827
9548.45410 0.05430
9551.14355 0.06312
9553.84473 0.05160
9556.52539 0.04709
9559.22754 0.05859
9561.91992 0.05103
9564.60840 0.05105
9567.29688 0.01207
9569.99121 0.03264
9572.68164 0.02764
9575.37793 0.05756
9578.07520 0.08036
9580.75781 0.06953
9583.45117 0.09385
9586.14453 0.06967
9588.83398 0.06305
9591.52441 0.02684
9594.21582 0.01154
9596.91309 0.04000
9599.60547 0.01418
9602.29883 0.05735
9604.98730 0.03767
9607.67676 0.05601
9610.37305 0.07457
9613.06445 0.06058
9615.75000 0.06931
9618.44824 0.05911
9621.13574 0.05003
9623.83105 0.03601
9626.52539 0.05267
9629.21484 0.01562
9631.90137 0.05797
9634.59277 0.04330
9637.29102 0.06932
9639.98438 0.03578
9642.67285 0.04633
9645.36816 0.04540
9648.05859 0.07499
9650.75391 0.04743
9653.44141 0.04929
9656.13867 0.05095
9658.82715 0.05870
9661.52051 0.04892
9664.20508 0.04574
9666.90137 0.02674
9669.59180 0.05210
9672.28906 0.02385
9674.97559 0.04095
9677.67383 0.03850
9680.36328 0.02835
9683.05762 0.05293
9685.74805 0.05856
9688.43848 0.05289
9691.13086 0.07078
9693.82227 0.05624
9696.51074 0.05596
9699.20508 0.02273
9701.89355 0.01933
9704.58887 0.02906
9707.28027 0.04930
9709.97754 0.02978
9712.66406 0.05577
9715.35742 0.07222
9718.05078 0.07790
9720.74023 0.07390
9723.42969 0.05875
9726.13184 0.05309
9728.82324 0.02124
9731.50977 0.04532
9734.20312 0.02296
9736.89648 0.03657
9739.59082 0.08063
9742.28613 0.06141
9744.97070 0.04850
9747.66797 0.06071
9750.34863 0.05319
9753.04785 0.03902
9755.73535 0.04873
9758.42383 0.04661
9761.12500 0.05936
9763.81543 0.04883
9766.50684 0.02426
9769.20410 0.03420
9771.89062 0.05223
9774.58496 0.03258
9777.26855 0.04776
9779.96289 0.04886
9782.66406 0.05034
9785.34961 0.04755
9788.04688 0.03734
9790.73828 0.04921
9793.42676 0.09787
9796.11523 0.08408
9798.80957 0.05734
9801.50488 0.05702
9804.18555 0.03254
9806.88281 0.02107
9809.57422 0.03973
9812.27344 0.03305
9814.95605 0.04558
9817.65527 0.06973
9820.35059 0.05631
9823.04199 0.06323
9825.72656 0.09383
9828.41992 0.05094
9831.11719 0.06113
9833.81055 0.04582
9836.50000 0.00578
9839.19531 0.02051
9841.88574 0.02499
9844.57129 0.05801
9847.26270 0.03268
9849.96094 0.05472
9852.64844 0.07383
9855.34277 0.06339
9858.03223 0.05107
9860.72168 0.04930
9863.41309 0.03425
9866.10938 0.02959
9868.80176 0.03218
9871.49414 0.03848
9874.18848 0.03435
9876.87207 0.05793
9879.56738 0.04710
9882.26367 0.06129
9884.95410 0.03598
9887.64160 0.02922
9890.32910 0.05921
9893.02734 0.03851
9895.71582 0.04182
9898.40527 0.06713
9901.10156 0.08632
9903.80273 0.06090
9906.48926 0.04909
9909.18164 0.01452
9911.87500 0.03593
9914.56836 0.03517
9917.26270 0.03199
9919.94727 0.04642
9922.64355 0.04640
9925.33008 0.06713
9928.02148 0.06908
9930.71973 0.05366
9933.40820 0.05197
9936.09668 0.04828
9938.79102 0.04606
9941.48242 0.02562
9944.17285 0.03213
9946.87012 0.04459
9949.56836 0.02595
9952.25000 0.06401
9954.95020 0.07405
9957.63379 0.05920
9960.32910 0.06536
9963.01953 0.05169
9965.70508 0.04194
9968.40820 0.03591
9971.09570 0.01778
9973.78906 0.04758
9976.48340 0.03643
9979.17871 0.03762
9981.86816 0.04798
9984.55469 0.05651
9987.24609 0.04151
9989.94336 0.03538
9992.63184 0.05203
9995.32520 0.04462
9998.01953 0.03880
10000.70996 0.04330
10003.39551 0.07298
10006.09668 0.05741
10008.78906 0.05099
10011.47656 0.04073
10014.16992 0.05160
10016.85840 0.02419
10019.55371 0.04346
10022.24902 0.03141
10024.93457 0.04259
10027.62500 0.06154
10030.31250 0.06210
10033.01660 0.07632
10035.70508 0.06669
10038.39355 0.07228
10041.09473 0.05159
10043.78418 0.02579
10046.47559 0.04465
10049.16211 0.02358
10051.85449 0.02264
10054.54785 0.03719
10057.24219 0.02198
10059.94238 0.06827
10062.62598 0.05255
10065.32324 0.05283
10068.00879 0.06903
10070.69531 0.06899
10073.39941 0.04609
10076.08691 0.03569
10078.77539 0.01351
10081.47070 0.02835
10084.16113 0.02217
10086.85645 0.03534
10089.53809 0.05603
10092.22949 0.04424
10094.92773 0.05747
10097.61719 0.07204
10100.31055 0.06268
10103.00098 0.04203
10105.69727 0.02205
10108.38770 0.05587
10111.07910 0.04698
10113.76660 0.05491
10116.45898 0.05768
10119.15332 0.05690
10121.84277 0.05064
10124.53809 0.02107
10127.23438 0.04720
10129.92480 0.01881
10132.61133 0.05289
10135.30957 0.05995
10137.99805 0.06532
10140.69727 0.06661
10143.38086 0.04911
10146.07617 0.05304
10148.76074 0.02916
10151.46387 0.02422
10154.15039 0.00763
10156.84863 0.00913
10159.53125 0.06513
10162.22559 0.04008
10164.91992 0.04983
10167.61621 0.05182
10170.30078 0.08349
10172.99805 0.05422
10175.68457 0.05538
10178.38379 0.06103
10181.07715 0.05078
10183.76660 0.03558
10186.44922 0.00897
10189.14551 0.01772
10191.83594 0.04102
10194.52832 0.06018
10197.22559 0.05657
10199.91895 0.04023
10202.60156 0.04153
10205.30176 0.05215
10207.99121 0.05690
10210.68750 0.05258
10213.37793 0.03001
10216.06445 0.05347
10218.76172 0.03668
10221.44922 0.02876
10224.14355 0.03697
10226.84375 0.05092
10229.53320 0.02708
10232.21777 0.04807
10234.90820 0.07942
10237.60059 0.04973
10240.29883 0.04904
10242.98047 0.06244
10245.67969 0.02963
10248.36914 0.06528
10251.06445 0.06601
10253.75391 0.05003
10256.44531 0.07289
10259.13770 0.03077
10261.83594 0.01861
10264.52246 0.02634
10267.22266 0.03994
10269.90039 0.05567
10272.59570 0.08308
10275.29102 0.08952
10277.98242 0.08628
10280.67383 0.06010
10283.36719 0.04249
10286.05371 0.02848
10288.75391 0.02428
10291.44238 0.00685
10294.13281 0.03935
10296.82227 0.02604
10299.52539 0.05866
10302.21680 0.07170
10304.91016 0.05470
10307.58594 0.07346
10310.28516 0.06220
10312.97363 0.03556
10315.67480 0.04289
10318.35938 0.03952
10321.05664 0.04290
10323.74219 0.03332
10326.44043 0.05673
10329.12793 0.03309
10331.82129 0.03643
10334.51074 0.06543
10337.20020 0.04243
10339.90137 0.04972
10342.58691 0.05203
10345.27930 0.03802
10347.97070 0.02525
10350.66406 0.05637
10353.36328 0.07545
10356.04688 0.03262
10358.74707 0.05201
10361.43262 0.02385
10364.12891 0.02888
10366.81445 0.02703
10369.50684 0.02845
10372.19434 0.06360
10374.88770 0.06081
10377.57617 0.03824
10380.27148 0.06620
10382.96777 0.05888
10385.65820 0.07111
10388.35547 0.03902
10391.04688 0.05183
10393.73438 0.03990
10396.42773 0.02809
10399.12207 0.03481
10401.81738 0.00217
10404.50684 0.05987
10407.19824 0.07096
10409.88281 0.07561
10412.58691 0.08278
10415.27344 0.04487
10417.97266 0.04218
10420.66113 0.03617
10423.34473 0.03002
10426.04004 0.02959
10428.73633 0.04765
10431.43359 0.03901
10434.11328 0.04697
10436.81250 0.07731
10439.50000 0.06157
10442.18750 0.04130
10444.88770 0.05494
10447.57812 0.05363
10450.26855 0.05293
10452.96484 0.05890
10455.65039 0.04740
10458.34863 0.04843
10461.03613 0.05920
10463.73047 0.04913
10466.41895 0.04262
10469.11426 0.02931
10471.80957 0.04225
10474.49414 0.03867
10477.19141 0.04210
10479.88379 0.05160
10482.56543 0.06033
10485.27051 0.06455
10487.95898 0.05069
10490.64844 0.06633
10493.34375 0.04266
10496.03418 0.03844
10498.72559 0.05350
10501.42383 0.01867
10504.11035 0.02294
10506.79785 0.04055
10509.49805 0.02466
10512.18652 0.05852
10514.87598 0.07577
10517.56641 0.08365
10520.25781 0.06901
10522.95508 0.04580
10525.64746 0.06069
10528.33398 0.03954
10531.02246 0.01153
10533.71680 0.02147
10536.41211 0.02932
10539.10254 0.06399
10541.79883 0.06757
10544.49609 0.04125
10547.18164 0.03373
10549.87500 0.04840
10552.56250 0.05863
10555.26270 0.04866
10557.94629 0.03442
10560.64746 0.05005
10563.33691 0.04844
10566.02832 0.04251
10568.71484 0.04902
10571.40723 0.04227
10574.09961 0.03431
10576.78809 0.05143
10579.48242 0.05196
10582.17773 0.04073
10584.86816 0.03861
10587.55859 0.06490
10590.25586 0.04885
10592.94238 0.07021
10595.64062 0.05903
10598.32910 0.05270
10601.01660 0.04739
10603.70605 0.02645
10606.40723 0.01748
10609.09863 0.01227
10611.78906 0.02691
10614.48047 0.03904
10617.17969 0.06221
10619.86035 0.05188
10622.55469 0.06153
10625.24902 0.07351
10627.94434 0.07167
10630.63379 0.04902
10633.32520 0.04993
10636.01660 0.02709
10638.70312 0.03023
10641.40723 0.01970
10644.09473 0.05783
10646.78320 0.04536
10649.47168 0.06852
10652.16797 0.06972
10654.85742 0.04736
10657.55469 0.06932
10660.24023 0.06455
10662.93945 0.03305
10665.62598 0.05228
10668.31934 0.05283
10671.02051 0.04864
10673.70996 0.06061
10676.38770 0.06575
10679.08984 0.06630
10681.78125 0.05269
10684.46680 0.03240
10687.15918 0.06642
10689.85840 0.06529
10692.54688 0.06053
10695.24121 0.05693
10697.92578 0.06156
10700.62109 0.06677
10703.31836 0.08406
10706.01562 0.04538
10708.69629 0.01521
10711.38867 0.03419
10714.07617 0.03465
10716.77637 0.01980
10719.46582 0.06759
10722.15527 0.06663
10724.85742 0.07242
10727.54883 0.07716
10730.23438 0.07173
10732.92676 0.06241
10735.61914 0.04441
10738.31348 0.04323
10741.00781 0.02624
10743.70215 0.03347
10746.38672 0.04154
10749.08301 0.03589
10751.76855 0.05602
10754.45996 0.07685
10757.14746 0.05879
10759.84570 0.05537
10762.54004 0.05850
10765.22852 0.05620
10767.91797 0.03886
10770.61914 0.03565
10773.31055 0.01660
10776.00781 0.03285
10778.68750 0.02384
10781.38086 0.04493
10784.07422 0.04792
10786.76855 0.02848
10789.46289 0.05359
10792.14648 0.05757
10794.84766 0.04297
10797.53320 0.02699
10800.21875 0.04906
10802.92285 0.03452
10805.60938 0.09278
10808.30371 0.03816
10810.99121 0.03722
10813.67969 0.04117
10816.37598 0.03965
10819.06641 0.04919
10821.76270 0.03135
10824.45410 0.05099
10827.15234 0.04907
10829.83301 0.05891
10832.53320 0.05026
10835.22656 0.04229
10837.91602 0.08368
10840.61133 0.06267
10843.30273 0.03304
10845.99316 0.02380
10848.67871 0.01463
10851.38281 0.02886
10854.07031 0.02463
10856.76367 0.07366
10859.45801 0.07505
10862.14648 0.05791
10864.83105 0.05371
10867.52637 0.07672
10870.22363 0.04218
10872.91602 0.04872
10875.60254 0.05238
10878.30176 0.03485
10880.98828 0.03327
10883.67773 0.04195
10886.37207 0.05302
10889.06152 0.07808
10891.75195 0.05675
10894.44336 0.05591
10897.13574 0.05537
10899.82715 0.02142
10902.52051 0.04310
10905.21387 0.04576
10907.90820 0.04266
10910.59766 0.04165
10913.29297 0.03915
10915.97754 0.04665
10918.67480 0.08662
10921.36035 0.04460
10924.05859 0.03505
10926.74609 0.05961
10929.43945 0.06161
10932.13379 0.08113
10934.83496 0.05486
10937.52441 0.07634
10940.21484 0.06138
10942.90527 0.06313
10945.59766 0.03946
10948.28906 0.04623
10950.97656 0.01719
10953.66992 -0.00566
10956.36523 0.02103
10959.04785 0.02785
10961.74316 0.04930
10964.43359 0.03472
10967.13672 0.05030
10969.82227 0.08446
10972.50781 0.07000
10975.20703 0.06547
10977.90039 0.04497
10980.58887 0.04659
10983.27832 0.04991
10985.97363 0.03448
10988.66406 0.05961
10991.36035 0.07003
10994.04590 0.04458
10996.73828 0.07011
10999.43750 0.07461
11002.11816 0.06127
11004.81836 0.03159
11007.50098 0.04265
11010.20312 0.03820
11012.89258 0.05566
11015.58984 0.04994
11018.28125 0.03854
11020.97266 0.06094
11023.65918 0.05513
11026.35352 0.04791
11029.04199 0.03345
11031.74121 0.03526
11034.43066 0.07395
11037.11523 0.03303
11039.81250 0.06282
11042.50293 0.07057
11045.18848 0.05592
11047.89355 0.04140
11050.58691 0.01574
11053.27441 0.03676
11055.96289 0.04683
11058.65234 0.01631
11061.34766 0.02586
11064.04395 0.04735
11066.73633 0.04631
11069.42676 0.04812
11072.11328 0.05689
11074.80664 0.08042
11077.50684 0.05586
11080.20117 0.05925
11082.88379 0.04872
11085.57812 0.02314
11088.26953 0.03150
11090.95996 0.02907
11093.65820 0.03359
11096.34375 0.04999
11099.03027 0.07643
11101.73047 0.05106
11104.42480 0.07044
11107.11328 0.06796
11109.80273 0.04300
11112.49316 0.01250
11115.18848 0.05255
11117.88086 0.03899
11120.57324 0.03813
11123.26465 0.02697
11125.95312 0.04321
11128.64648 0.04933
11131.34082 0.05601
11134.03027 0.06968
11136.72559 0.04604
11139.41699 0.05090
11142.11426 0.05387
11144.79980 0.03345
11147.49121 0.05572
11150.18457 0.05972
11152.87109 0.06150
11155.57227 0.05648
11158.26758 0.03275
11160.95605 0.04715
11163.64062 0.03981
11166.33105 0.03178
11169.02832 0.03732
11171.72656 0.04812
11174.40723 0.07042
11177.10059 0.07851
11179.79492 0.05698
11182.48926 0.07203
11185.17285 0.06296
11187.88184 0.04384
11190.56543 0.03287
11193.25586 0.05441
11195.94824 0.01574
11198.63477 0.05373
11201.32812 0.03848
11204.01465 0.04157
11206.71582 0.06604
11209.40430 0.06938
11212.10059 0.07276
11214.79590 0.05709
11217.48145 0.06246
11220.17188 0.04105
11222.86426 0.03780
11225.56445 0.03459
11228.24414 0.05435
11230.95020 0.03837
11233.63379 0.03996
11236.32227 0.05255
11239.01855 0.06672
11241.71484 0.04869
11244.40625 0.05881
11247.10352 0.07098
11249.79004 0.04480
11252.48340 0.04706
11255.17090 0.03442
11257.86523 0.04841
11260.55469 0.06931
11263.24414 0.03936
11265.93945 0.04514
11268.63086 0.05625
11271.32129 0.04890
11274.00781 0.04258
11276.71289 0.05502
11279.39941 0.05574
11282.08789 0.07206
11284.79395 0.07219
11287.47656 0.05183
11290.16602 0.05834
11292.86328 0.06725
11295.54102 0.04465
11298.23926 0.03165
11300.93164 0.02739
11303.62500 0.03830
11306.32324 0.03410
11309.00586 0.04814
11311.70703 0.06175
11314.38965 0.05605
11317.08594 0.08038
11319.77637 0.06750
11322.46094 0.06888
11325.16602 0.04740
11327.85742 0.02443
11330.54492 0.03782
11333.23828 0.01530
11335.92578 0.02573
11338.62207 0.05383
11341.31152 0.05080
11344.00684 0.05117
11346.69824 0.06527
11349.39453 0.04109
11352.08008 0.08401
11354.77344 0.04966
11357.45996 0.03666
11360.16016 0.03120
11362.86133 0.03002
11365.54395 0.05965
11368.23340 0.02877
11370.92285 0.03898
11373.62012 0.04602
11376.31250 0.04542
11379.00391 0.05508
11381.69629 0.02340
11384.38379 0.06201
11387.08398 0.02243
11389.77246 0.04894
11392.46094 0.05636
11395.15039 0.08082
11397.84766 0.06475
11400.54492 0.03852
11403.22949 0.05996
11405.92773 0.03981
11408.60840 0.04190
11411.30273 0.02723
11413.99609 0.04700
11416.69043 0.05572
11419.37305 0.07581
11422.08203 0.04878
11424.76660 0.06060
11427.46387 0.04018
11430.15527 0.03613
11432.83496 0.03948
11435.52734 0.04290
11438.22754 0.03632
11440.91602 0.03639
11443.61719 0.06383
11446.29980 0.06938
11448.99512 0.06217
11451.67969 0.08429
11454.38379 0.10506
11457.06934 0.05329
11459.76758 0.04088
11462.46094 0.03666
11465.14746 0.02017
11467.83594 0.03101
11470.52344 0.04713
11473.21973 0.05421
11475.90918 0.06524
11478.60645 0.05685
11481.29004 0.02403
11483.98828 0.01336
11486.68066 0.08372
11489.38086 0.04987
11492.06055 0.04868
11494.76172 0.05075
11497.45020 0.04311
11500.13965 0.06105
11502.83496 0.04521
11505.52539 0.05295
11508.21680 0.02893
11510.90234 0.03662
11513.59473 0.04243
11516.30078 0.04695
11518.98730 0.04464
11521.68164 0.04896
11524.37012 0.09166
11527.06543 0.06679
11529.75000 0.06742
11532.44531 0.06008
11535.14258 0.05293
11537.83496 0.04138
11540.52051 -0.00105
11543.21387 0.01838
11545.90039 0.02208
11548.60156 0.05818
11551.28906 0.04572
11553.97852 0.06756
11556.67480 0.08174
11559.36523 0.03699
11562.05566 0.03923
11564.74805 0.04910
11567.44043 0.04594
11570.12695 0.06076
11572.82031 0.03519
11575.51953 0.02703
11578.20898 0.05108
11580.90430 0.04957
11583.58691 0.04996
11586.28418 0.06481
11588.98145 0.06740
11591.66699 0.05536
11594.36523 0.05154
11597.05078 0.05961
11599.75000 0.05025
11602.43848 0.05628
11605.13281 0.05084
11607.81543 0.06184
11610.51855 0.04025
11613.20801 0.03877
11615.89844 0.04195
11618.59668 0.03322
11621.27539 0.06262
11623.96777 0.03267
11626.66797 0.03766
11629.35547 0.05690
11632.04980 0.06939
11634.73828 0.06253
11637.43457 0.07201
11640.11816 0.04182
11642.82031 0.04120
11645.50586 0.01085
11648.20508 0.04986
11650.89648 0.04682
11653.57715 0.02607
11656.27051 0.02655
11658.96484 0.06413
11661.66602 0.06141
11664.35547 0.07076
11667.05078 0.05182
11669.73535 0.06422
11672.42090 0.04117
11675.11816 0.05335
11677.81641 0.02385
11680.50977 0.03429
11683.18945 0.04140
11685.89062 0.05028
11688.57910 0.05860
11691.27539 0.04176
11693.96484 0.08254
11696.66016 0.05585
11699.34570 0.05749
11702.03613 0.02650
11704.72852 0.05352
11707.42188 0.03380
11710.12109 0.06132
11712.81445 0.07905
11715.49609 0.06655
11718.18555 0.04343
11720.88184 0.03089
11723.57715 0.04064
11726.27441 0.04520
11728.96582 0.05445
11731.65039 0.05339
11734.34961 0.05228
11737.03613 0.07102
11739.72949 0.03931
11742.41699 0.06257
11745.11816 0.04757
11747.80762 0.03494
11750.49023 0.06030
11753.18164 0.04132
11755.87891 0.05785
11758.57031 0.03668
11761.26953 0.06572
11763.94922 0.05525
11766.65527 0.05798
11769.33594 0.06808
11772.03027 0.04732
11774.72656 0.03541
11777.42188 0.05315
11780.10547 0.04842
11782.80273 0.03266
11785.48730 0.02363
11788.18457 0.03210
11790.87207 0.04627
11793.57129 0.08459
11796.26465 0.05682
11798.94629 0.05635
11801.63477 0.07482
11804.34375 0.05924
11807.03320 0.04600
11809.72168 0.04175
11812.41406 0.03239
11815.10449 0.05135
11817.80371 0.03885
11820.48340 0.06141
11823.18359 0.06072
11825.87109 0.06393
11828.56445 0.05658
11831.25391 0.02151
11833.95020 0.03876
11836.63965 0.06359
11839.33691 0.03953
11842.02051 0.04057
11844.70605 0.04650
11847.41211 0.05762
11850.09766 0.04780
11852.79199 0.05331
11855.48535 0.04932
11858.16699 0.00549
11860.86328 0.04554
11863.55273 0.04330
11866.25000 0.03506
11868.94727 0.03541
11871.63770 0.06340
11874.32910 0.06783
11877.01660 0.07171
11879.70996 0.04245
11882.39648 0.04628
11885.09766 0.00492
11887.78516 0.02599
11890.48145 0.02412
11893.17090 0.03510
11895.86816 0.05827
11898.55176 0.05898
11901.24414 0.07229
11903.93652 0.07305
11906.62793 0.05203
11909.32129 0.04339
11912.01562 0.06507
11914.70410 0.02376
11917.39160 0.04930
11920.08789 0.03894
11922.78418 0.04386
11925.46777 0.05296
11928.16699 0.04075
11930.86328 0.04767
11933.55078 0.07066
11936.24902 0.06618
11938.93555 0.04799
11941.62988 0.06428
11944.31152 0.02983
11947.00781 0.03426
11949.70410 0.05209
11952.39258 0.06744
11955.08398 0.07494
11957.77441 0.05372
11960.47266 0.05352
11963.16602 0.05718
11965.85840 0.03773
11968.55273 0.05493
11971.24609 0.06520
11973.92773 0.04193
11976.61719 0.08124
11979.31250 0.06399
11981.99707 0.07335
11984.69434 0.05120
11987.38477 0.05520
11990.08301 0.05165
11992.76855 0.03670
11995.46875 0.05862
11998.15527 0.05384
12000.84961 0.04944
12003.53809 0.03214
12006.24023 0.05493
12008.92969 0.05971
12011.62695 0.07407
12014.31738 0.05702
12017.00879 0.05979
12019.69336 0.03602
12022.38672 0.01869
12025.07910 0.02919
12027.77344 0.03842
12030.46191 0.05070
12033.15625 0.04323
12035.85254 0.06943
12038.53516 0.05794
12041.22461 0.06511
12043.92188 0.05883
12046.60742 0.05098
12049.29883 0.06733
12051.99805 0.04461
12054.69043 0.02666
12057.37793 0.05148
12060.07227 0.03917
12062.75977 0.06316
12065.45605 0.05962
12068.14551 0.03666
12070.84277 0.05487
12073.53320 0.05177
12076.23047 0.05944
12078.90918 0.03960
12081.60938 0.07307
12084.30273 0.08224
12086.98926 0.05335
12089.69043 0.05176
12092.37207 0.06061
12095.05957 0.02831
12097.76367 0.03850
12100.45312 0.00217
12103.14355 0.02283
12105.84277 0.04960
12108.53418 0.05598
12111.22656 0.06630
12113.91992 0.07467
12116.60645 0.04224
12119.30078 0.06747
12121.99512 0.05357
12124.69141 0.02038
12127.36816 0.00761
12130.06348 0.02865
12132.76074 0.03320
12135.44531 0.04787
12138.14355 0.05622
12140.83008 0.04341
12143.52246 0.08156
12146.20996 0.08617
12148.91016 0.05656
12151.59863 0.05765
12154.28711 0.06277
12156.99023 0.04306
12159.68555 0.03854
12162.37695 0.03340
12165.06152 0.05581
12167.75293 0.06642
12170.44629 0.07759
12173.13770 0.03364
12175.83105 0.04228
12178.51270 0.05178
12181.20703 0.03810
12183.90234 0.05229
12186.59766 0.06997
12189.28027 0.04538
12191.98438 0.05813
12194.67676 0.08939
12197.37402 0.07419
12200.05859 0.04221
12202.74609 0.04277
12205.44531 0.03742
12208.13281 0.02847
12210.82031 0.03748
12213.50879 0.06734
12216.20410 0.06729
12218.90137 0.06621
12221.59082 0.08062
12224.28125 0.06556
12226.97363 0.06296
12229.66602 0.01554
12232.36426 0.02647
12235.05762 0.02945
12237.73730 0.05464
12240.43848 0.03936
12243.12695 0.02307
12245.82227 0.04500
12248.51855 0.03181
12251.20117 0.05312
12253.89160 0.06418
12256.59082 0.07503
12259.27637 0.05459
12261.97461 0.03987
12264.66113 0.02314
12267.35449 0.01880
12270.04102 0.05630
12272.74219 0.05553
12275.42480 0.02955
12278.12109 0.05611
12280.81738 0.04983
12283.50781 0.03712
12286.19824 0.07193
12288.89648 0.06639
12291.57617 0.06219
12294.27441 0.05860
12296.96094 0.05951
12299.66211 0.04932
12302.34863 0.06066
12305.04492 0.04950
12307.73340 0.02196
12310.43652 0.06649
12313.12598 0.03656
12315.81055 0.03948
12318.50098 0.05040
12321.18652 0.06199
12323.87793 0.04863
12326.58594 0.07644
12329.26465 0.07032
12331.95898 0.03967
12334.65430 0.05216
12337.34375 0.05144
12340.04590 0.02494
12342.73535 0.02094
12345.41895 0.03904
12348.11621 0.04283
12350.80078 0.05578
12353.50098 0.07009
12356.18555 0.05113
12358.88574 0.07184
12361.57227 0.04267
12364.26758 0.04699
12366.96289 0.03838
12369.65137 0.03378
12372.34082 0.03845
12375.03125 0.04165
12377.72852 0.05613
12380.41211 0.04660
12383.10449 0.06934
12385.79590 0.06769
12388.49609 0.07626
12391.18945 0.05579
12393.88379 0.04879
12396.57227 0.04388
12399.25977 0.04958
12401.95605 0.04041
12404.65234 0.07764
12407.33594 0.03245
12410.02051 0.05990
12412.72559 0.05806
12415.40918 0.06666
12418.10938 0.05180
12420.79590 0.05470
12423.48926 0.07116
12426.17773 0.05385
12428.86523 0.06614
12431.57422 0.06783
12434.26270 0.07821
12436.95312 0.06063
12439.63574 0.04132
12442.33496 0.03985
12445.02539 0.02647
12447.71875 0.02597
12450.41016 0.05371
12453.09668 0.03803
12455.79004 0.05639
12458.48535 0.06014
12461.18066 0.07562
12463.87598 0.06617
12466.55859 0.07437
12469.25586 0.04486
12471.95312 0.03143
12474.63672 0.03592
12477.33594 0.02923
12480.02734 0.01185
12482.71387 0.06449
12485.40723 0.02776
12488.09375 0.05420
12490.78906 0.05847
12493.48340 0.05595
12496.17285 0.07651
12498.86914 0.03088
12501.56641 0.04271
12504.24316 0.03866
12506.94043 0.05376
12509.63965 0.03809
12512.31836 0.06735
12515.01758 0.04359
12517.70508 0.04315
12520.39941 0.04929
12523.09375 0.04078
12525.78809 0.05915
12528.47754 0.05765
12531.16699 0.08186
12533.86426 0.06558
12536.55469 0.05849
12539.24609 0.07210
12541.93750 0.05500
12544.63086 0.05851
12547.32324 0.04142
12550.01758 0.03101
12552.70410 0.04002
12555.40527 0.04281
12558.09473 0.05034
12560.77637 0.04105
12563.47363 0.06832
12566.17090 0.07447
12568.85352 0.07335
12571.55176 0.07661
12574.23730 0.05511
12576.93652 0.06804
12579.62305 0.02094
12582.32227 0.02313
12585.01074 0.03380
12587.69922 0.03678
12590.38672 0.04015
12593.08887 0.06832
12595.77832 0.08174
12598.47559 0.08268
12601.16699 0.06908
12603.85156 0.05270
12606.55078 0.04372
12609.24219 0.04457
12611.92090 0.03076
12614.62207 0.05232
12617.30957 0.05114
12620.01172 0.05856
12622.69336 0.04947
12625.38867 0.05274
12628.07812 0.06916
12630.77539 0.08129
12633.46680 0.05292
12636.15723 0.05544
12638.84277 0.04607
12641.54883 0.06039
12644.23438 0.06630
12646.92773 0.06217
12649.61523 0.04732
12652.31055 0.05958
12654.99805 0.01226
12657.68750 0.04388
12660.38379 0.02861
12663.07324 0.03789
12665.77148 0.03685
12668.46191 0.06084
12671.15430 0.06453
12673.85352 0.08032
12676.53320 0.07370
12679.23242 0.05262
12681.92676 0.04443
12684.61426 0.03792
12687.30957 0.04206
12689.99805 0.04226
12692.68066 0.04191
12695.37793 0.04191
12698.07520 0.05604
12700.75879 0.06573
12703.46387 0.08583
12706.14941 0.06421
12708.84277 0.06888
12711.52930 0.05587
12714.22266 0.05441
12716.91797 0.05239
12719.61230 0.05021
12722.30176 0.04436
12724.99121 0.04117
12727.68652 0.05776
12730.37109 0.07819
12733.06836 0.07206
12735.75977 0.06106
12738.45215 0.05221
12741.14551 0.05171
12743.83105 0.07213
12746.52539 0.05225
12749.21875 0.06268
12751.91504 0.05923
12754.60254 0.04921
12757.29199 0.05852
12759.99609 0.04697
12762.68555 0.05641
12765.37598 0.05950
12768.06152 0.03620
12770.75977 0.04760
12773.44531 0.05307
12776.14551 0.04772
12778.83203 0.07342
12781.52637 0.06376
12784.22070 0.07017
12786.90234 0.04305
12789.59668 0.05512
12792.29395 0.00199
12794.99121 0.02974
12797.67480 0.02589
12800.37305 0.05384
12803.05664 0.06935
12805.75684 0.06048
12808.45020 0.07450
12811.12891 0.08768
12813.83691 0.07642
12816.51660 0.05861
12819.21289 0.04530
12821.90137 0.04418
12824.58984 0.05147
12827.29395 0.02182
12829.98438 0.05906
12832.67578 0.06239
12835.35938 0.06433
12838.05176 0.07356
12840.74316 0.05733
12843.44434 0.04839
12846.13086 0.06286
12848.83301 0.04776
12851.51270 0.04244
12854.20898 0.05149
12856.88965 0.05340
12859.59375 0.05562
12862.28320 0.05883
12864.97363 0.05442
12867.66602 0.05820
12870.36426 0.04357
12873.05664 0.05104
12875.74219 0.04638
12878.43555 0.05752
12881.12207 0.07070
12883.82422 0.06197
12886.51855 0.05597
12889.20703 0.07885
12891.90430 0.06228
12894.59375 0.02706
12897.27637 0.03716
12899.97461 0.02659
12902.65918 0.04033
12905.35742 0.04165
12908.05078 0.07504
12910.73633 0.03638
12913.42969 0.05751
12916.11719 0.07055
12918.81836 0.08447
12921.50000 0.05313
12924.20312 0.05015
12926.88574 0.02780
12929.58887 0.04715
12932.28027 0.04622
12934.96387 0.02140
12937.65430 0.07987
12940.33984 0.06459
12943.04688 0.04521
12945.74023 0.07483
12948.42676 0.05643
12951.12109 0.07528
12953.81543 0.04545
12956.49707 0.05508
12959.19336 0.04039
12961.88281 0.02498
12964.58008 0.06698
12967.27832 0.03994
12969.96191 0.05352
12972.66113 0.05441
12975.34668 0.05613
12978.03809 0.04798
12980.72461 0.03285
12983.41992 0.04806
12986.11426 0.04052
12988.81543 0.07071
12991.49707 0.08513
12994.18652 0.05988
12996.88379 0.04065
12999.56641 0.04239
13002.27148 0.03833
13004.96973 0.05831
13007.65430 0.04082
13010.34766 0.03051
13013.03320 0.04355
13015.73242 0.08103
13018.41309 0.05981
13021.10742 0.05283
13023.80371 0.06822
13026.49902 0.05779
13029.18066 0.05093
13031.87793 0.04161
13034.57520 0.04231
13037.25781 0.03334
13039.95605 0.05162
13042.64844 0.03656
13045.33398 0.06092
13048.03516 0.07248
13050.72070 0.09606
13053.41504 0.07257
13056.10938 0.04836
13058.80566 0.05965
13061.49316 0.05224
13064.18262 0.04462
13066.87207 0.04601
13069.57129 0.04440
13072.25391 0.04836
13074.95215 0.04782
13077.64453 0.04846
13080.33789 0.06625
13083.02246 0.05325
13085.71582 0.04465
13088.41113 0.05911
13091.09863 0.05623
13093.79297 0.06605
13096.49707 0.05172
13099.17188 0.05892
13101.87598 0.04611
13104.56641 0.04969
13107.24902 0.05319
13109.94824 0.06081
13112.63965 0.04943
13115.33301 0.04913
13118.01172 0.04003
13120.71973 0.05654
13123.41406 0.06219
13126.10156 0.08370
13128.78906 0.06810
13131.48535 0.06141
13134.18262 0.05640
13136.86328 0.05891
13139.54785 0.02582
13142.24512 0.04686
13144.94336 0.03132
13147.63574 0.03340
13150.32129 0.06812
13153.01465 0.06289
13155.71582 0.05740
13158.39453 0.09537
13161.09668 0.05997
13163.78516 0.05858
13166.48730 0.04161
13169.16992 0.04546
13171.85938 0.03640
13174.55664 0.04132
13177.24707 0.04136
13179.93164 0.06519
13182.62305 0.04074
13185.31641 0.08283
13188.00879 0.06572
13190.69531 0.06038
13193.38965 0.06025
13196.08496 0.05588
13198.77930 0.07126
13201.47559 0.04054
13204.16406 0.07374
13206.85352 0.05785
13209.55078 0.05236
13212.25000 0.06436
13214.92578 0.04429
13217.62402 0.04775
13220.32422 0.03153
13223.00977 0.05458
13225.71094 0.05181
13228.38965 0.06378
13231.07812 0.06465
13233.78027 0.06409
13236.47461 0.09263
13239.16406 0.04184
13241.84668 0.04163
13244.55078 0.02158
13247.24121 0.03912
13249.93262 0.02723
13252.63184 0.07343
13255.31641 0.05744
13258.00977 0.08918
13260.69434 0.06175
13263.38965 0.06422
13266.08301 0.07702
13268.77051 0.04576
13271.46680 0.02544
13274.15430 0.05686
13276.85156 0.02114
13279.53516 0.03629
13282.23828 0.05624
13284.91504 0.04868
13287.61426 0.05153
13290.30664 0.06994
13293.00684 0.07817
13295.69141 0.07685
13298.38477 0.05492
13301.08008 0.05800
13303.76660 0.04403
13306.46191 0.04622
13309.15039 0.05555
13311.84668 0.07460
13314.53711 0.03161
13317.22656 0.03812
13319.91699 0.03720
13322.61523 0.06510
13325.30762 0.06143
13328.00000 0.03641
13330.68457 0.06260
13333.37988 0.05047
13336.07324 0.05285
13338.75977 0.05544
13341.45508 0.06183
13344.15039 0.06055
13346.83984 0.03081
13349.54297 0.07444
13352.22559 0.03975
13354.92285 0.04530
13357.60742 0.02412
13360.29980 0.06981
13362.99121 0.06073
13365.69141 0.06688
13368.38477 0.07314
13371.07031 0.06337
13373.75684 0.06426
13376.45117 0.05116
13379.13965 0.05913
13381.83496 0.03827
13384.53223 0.02628
13387.22168 0.03113
13389.91895 0.03800
13392.60156 0.05096
13395.30078 0.05984
13397.98535 0.04626
13400.68555 0.05575
13403.37109 0.04866
13406.06445 0.06746
13408.75000 0.05927
13411.45215 0.04702
13414.14062 0.04773
13416.84277 0.06299
13419.52441 0.03395
13422.21387 0.06230
13424.91113 0.05996
13427.60059 0.06669
13430.29199 0.05596
13432.98242 0.05377
13435.67480 0.03827
13438.36035 0.04091
13441.05371 0.05667
13443.74707 0.06699
13446.44043 0.08619
13449.13477 0.06227
13451.83008 0.06362
13454.52637 0.04456
13457.22266 0.04555
13459.89746 0.01751
13462.59473 0.03869
13465.29199 0.04930
13467.97559 0.05875
13470.67480 0.05936
13473.35938 0.06674
13476.05957 0.07693
13478.74512 0.06320
13481.44629 0.06317
13484.13281 0.05638
13486.82129 0.04067
13489.52344 0.05034
13492.21191 0.05440
13494.90137 0.04384
13497.58984 0.06099
13500.28125 0.11170
13502.97070 0.05986
13505.66211 0.08894
13508.35449 0.07764
13511.05273 0.07401
13513.73828 0.02120
13516.43164 0.05141
13519.12598 0.05319
13521.82031 0.05550
13524.51562 0.03809
13527.19531 0.05474
13529.89941 0.08497
13532.58105 0.06350
13535.27832 0.07212
13537.97559 0.06411
13540.65820 0.02801
13543.36426 0.07221
13546.04883 0.05927
13548.73438 0.05511
13551.43359 0.04883
13554.12695 0.06380
13556.81348 0.06716
13559.50098 0.05358
13562.19531 0.04858
13564.89844 0.06662
13567.58691 0.04768
13570.27637 0.05463
13572.97363 0.06050
13575.66309 0.06897
13578.34668 0.04954
13581.03809 0.06787
13583.72949 0.06387
13586.42969 0.05915
13589.12305 0.04395
13591.80859 0.04400
13594.50293 0.04359
13597.19629 0.03476
13599.88379 0.04861
13602.58008 0.05730
13605.26855 0.05581
13607.96484 0.06752
13610.65430 0.09001
13613.35156 0.05584
13616.03613 0.05499
13618.72656 0.04180
13621.41895 0.04150
13624.11816 0.04066
13626.80371 0.05161
13629.49707 0.05890
13632.19043 0.05567
13634.87695 0.07218
13637.57324 0.06926
13640.26758 0.08082
13642.96387 0.07014
13645.65332 0.08510
13648.35059 0.06722
13651.03320 0.05085
13653.72363 0.05144
13656.42188 0.06724
13659.11426 0.04979
13661.79785 0.06791
13664.50000 0.05385
13667.18457 0.03811
13669.87793 0.05062
13672.56641 0.05713
13675.26074 0.06105
13677.94922 0.07354
13680.65137 0.06157
13683.34082 0.05090
13686.02344 0.07540
13688.71289 0.06122
13691.42578 0.04803
13694.11035 0.07172
13696.80176 0.05430
13699.49414 0.04039
13702.18555 0.04676
13704.87891 0.06147
13707.56641 0.04644
13710.25879 0.04950
13712.95508 0.06198
13715.63574 0.08394
13718.33105 0.07106
13721.02734 0.05448
13723.71680 0.06383
13726.40625 0.04088
13729.10449 0.03815
13731.80273 0.04712
13734.48730 0.06048
13737.18652 0.06094
13739.87109 0.07370
13742.55664 0.08164
13745.25098 0.06803
13747.94434 0.07066
13750.63281 0.07787
13753.33496 0.07707
13756.02246 0.03095
13758.71094 0.05490
13761.40039 0.03956
13764.09082 0.04416
13766.78027 0.05168
13769.47070 0.06213
13772.17773 0.06865
13774.85449 0.05246
13777.55469 0.06467
13780.24805 0.06623
13782.94141 0.07547
13785.63477 0.05155
13788.32129 0.07316
13791.01758 0.04630
13793.71191 0.06824
13796.39355 0.08858
13799.09668 0.06530
13801.79395 0.04385
13804.47754 0.06494
13807.17578 0.04948
13809.85840 0.05403
13812.55078 0.05880
13815.25000 0.08693
13817.93555 0.06892
13820.62891 0.07550
13823.33008 0.06762
13826.01660 0.06162
13828.71191 0.06427
13831.39844 0.04308
13834.08789 0.04452
13836.78320 0.05347
13839.47266 0.04822
13842.16992 0.06637
13844.86035 0.06474
13847.55176 0.07093
13850.24219 0.08323
13852.92773 0.08623
13855.62695 0.06773
13858.31934 0.07372
13861.00586 0.05712
13863.69922 0.05471
13866.39355 0.04876
13869.08203 0.05473
13871.78418 0.04884
13874.46582 0.04230
13877.16992 0.08384
13879.85156 0.07485
13882.54199 0.05064
13885.24023 0.08178
13887.93066 0.06420
13890.62305 0.08807
13893.30762 0.05064
13896.00098 0.06524
13898.70020 0.07844
13901.39453 0.08257
13904.08789 0.04642
13906.77637 0.06611
13909.47070 0.05105
13912.15918 0.02954
13914.86230 0.04625
13917.53613 0.06104
13920.23340 0.07101
13922.92383 0.07212
13925.62305 0.07759
13928.30664 0.08226
13931.00586 0.06869
13933.68262 0.06952
13936.38281 0.05552
13939.07617 0.04076
13941.77051 0.07235
13944.46484 0.04559
13947.15234 0.05751
13949.83984 0.07046
13952.53613 0.08197
13955.23145 0.06328
13957.92090 0.09197
13960.60449 0.08665
13963.30957 0.06535
13966.00000 0.06292
13968.69141 0.03726
13971.38379 0.05267
13974.07617 0.03511
13976.76074 0.04492
13979.46191 0.05758
13982.15723 0.05665
13984.84375 0.05486
13987.52246 0.06103
13990.22656 0.05757
13992.92188 0.06750
13995.61133 0.04912
13998.29297 0.05638
14000.99805 0.06136
14003.68066 0.05225
14006.37207 0.05057
14009.07129 0.07794
14011.76367 0.06493
14014.44727 0.05911
14017.14844 0.06337
14019.82617 0.05713
14022.53711 0.05536
14025.22363 0.08498
14027.91016 0.04313
14030.59766 0.07751
14033.29395 0.07567
14035.99121 0.08088
14038.68066 0.06024
14041.37012 0.06792
14044.06836 0.06412
14046.75879 0.04593
14049.45117 0.03796
14052.14355 0.06174
14054.82812 0.05924
14057.52148 0.06290
14060.21484 0.07828
14062.91602 0.06590
14065.59668 0.07516
14068.29102 0.06781
14070.98730 0.06279
14073.67480 0.06489
14076.37207 0.05031
14079.05371 0.06762
14081.75879 0.04935
14084.44141 0.06457
14087.14062 0.06193
14089.82422 0.07630
14092.51660 0.07471
14095.21582 0.07836
14097.90137 0.03575
14100.59570 0.05306
14103.28125 0.06666
14105.96875 0.07953
14108.67188 0.06184
14111.36816 0.05643
14114.06348 0.05266
14116.75195 0.06503
14119.43457 0.07628
14122.12402 0.07321
14124.81445 0.06950
14127.51367 0.04829
14130.21289 0.08851
14132.90527 0.07758
14135.58887 0.04945
14138.28223 0.07386
14140.97559 0.07302
14143.67090 0.08873
14146.36523 0.08059
14149.04395 0.07033
14151.74805 0.05617
14154.43555 0.03553
14157.13281 0.05330
14159.82227 0.06928
14162.51172 0.06727
14165.20996 0.08250
14167.90137 0.08988
14170.58398 0.08109
14173.27539 0.05659
14175.96875 0.05610
14178.65430 0.04576
14181.36230 0.06308
14184.05664 0.03460
14186.74316 0.06222
14189.43848 0.08490
14192.11816 0.06508
14194.81445 0.07561
14197.50391 0.08263
14200.19922 0.08093
14202.89746 0.04334
14205.57324 0.08822
14208.27832 0.05994
14210.96973 0.05568
14213.64648 0.04759
14216.35352 0.01172
14219.03125 0.07341
14221.74023 0.05808
14224.41797 0.06765
14227.12012 0.09298
14229.80762 0.06578
14232.51074 0.06434
14235.19141 0.05734
14237.88672 0.05034
14240.58398 0.05609
14243.27344 0.05155
14245.96387 0.07646
14248.65332 0.07093
14251.34570 0.05446
14254.03613 0.03526
14256.72949 0.06822
14259.42188 0.05529
14262.11523 0.04702
14264.80859 0.04603
14267.50293 0.06615
14270.18945 0.08304
14272.87598 0.06714
14275.57227 0.09447
14278.26855 0.07453
14280.96484 0.06732
14283.64648 0.04711
14286.34375 0.05334
14289.02637 0.03938
14291.72559 0.04910
14294.41699 0.06733
14297.10938 0.09129
14299.80176 0.07160
14302.50293 0.07161
14305.18750 0.08255
14307.87305 0.06943
14310.55957 0.06979
14313.27051 0.05224
14315.95020 0.04730
14318.64648 0.06866
14321.33594 0.04053
14324.02344 0.07228
14326.72266 0.08280
14329.40430 0.08119
14332.10254 0.09077
14334.79297 0.07947
14337.49316 0.06132
14340.18457 0.06482
14342.87012 0.06339
14345.57129 0.04562
14348.24902 0.07060
14350.95117 0.07230
14353.64648 0.06034
14356.33301 0.05650
14359.02832 0.02176
14361.71680 0.07268
14364.40625 0.05952
14367.10352 0.06491
14369.79297 0.06522
14372.47559 0.05218
14375.18164 0.05969
14377.86426 0.06935
14380.55664 0.09133
14383.25684 0.08352
14385.94238 0.07996
14388.63574 0.05108
14391.32031 0.04933
14394.01562 0.02454
14396.71777 0.06251
14399.41406 0.06943
14402.10156 0.08214
14404.79785 0.07725
14407.48730 0.07149
14410.18457 0.08670
14412.85742 0.06888
14415.54883 0.07794
14418.24805 0.05494
14420.93945 0.05464
14423.63086 0.04885
14426.32422 0.05238
14429.02441 0.05782
14431.70215 0.06447
14434.40430 0.09993
14437.08301 0.08054
14439.78516 0.07250
14442.48145 0.05866
14445.17773 0.07225
14447.85742 0.08598
14450.56250 0.04259
14453.24414 0.03541
14455.93457 0.06620
14458.62500 0.07380
14461.33203 0.04963
14464.01562 0.03266
14466.70801 0.07503
14469.39160 0.07513
14472.09277 0.05986
14474.77832 0.05644
14477.47363 0.06771
14480.16016 0.05921
14482.86230 0.06547
14485.55078 0.08425
14488.24609 0.07405
14490.93457 0.06649
14493.62402 0.06921
14496.31348 0.05678
14499.01172 0.06725
14501.69434 0.03646
14504.39258 0.06660
14507.08496 0.06582
14509.77734 0.10510
14512.46875 0.05286
14515.15430 0.09508
14517.85645 0.07180
14520.54199 0.08736
14523.23730 0.08124
14525.93164 0.07513
14528.61133 0.05537
14531.30762 0.07382
14534.00488 0.05335
14536.70215 0.05024
14539.38379 0.07091
14542.08105 0.09841
14544.77148 0.07739
14547.46289 0.08069
14550.15527 0.07631
14552.83984 0.08309
14555.53906 0.07823
14558.22461 0.07906
14560.92578 0.05339
14563.61230 0.03658
14566.31543 0.06956
14568.99414 0.08598
14571.68945 0.07855
14574.38574 0.06585
14577.08203 0.07399
14579.77148 0.06927
14582.45996 0.07678
14585.15137 0.08097
14587.84180 0.05564
14590.53223 0.07855
14593.23242 0.06659
14595.91602 0.06191
14598.61719 0.07581
14601.30176 0.05941
14603.99512 0.04986
14606.68164 0.06505
14609.38379 0.07831
14612.07129 0.06573
14614.76660 0.08239
14617.44727 0.08569
14620.14258 0.07610
14622.83984 0.08151
14625.52148 0.07984
14628.21973 0.08425
14630.91113 0.06623
14633.60938 0.05255
14636.29199 0.04380
14638.99316 0.06200
14641.69336 0.05939
14644.37891 0.07558
14647.06348 0.09079
14649.75684 0.09560
14652.45996 0.09416
14655.14648 0.09687
14657.83496 0.07428
14660.52246 0.06158
14663.21875 0.05271
14665.90820 0.02758
14668.61328 0.05760
14671.29395 0.04393
14673.99316 0.04988
14676.67578 0.07737
14679.36816 0.07778
14682.07520 0.09761
14684.75977 0.07347
14687.45312 0.09225
14690.13867 0.07482
14692.82324 0.07677
14695.51855 0.04838
14698.20508 0.08659
14700.89941 0.17977
14703.58789 0.02255
14706.28320 0.09396
14708.98047 0.09586
14711.66992 0.05165
14714.36719 0.04793
14717.05762 0.05350
14719.75684 0.06774
14722.45508 0.07667
14725.13086 0.07061
14727.83105 0.05799
14730.51660 0.04931
14733.20898 0.06297
14735.91113 0.07254
14738.59668 0.04435
14741.29102 0.05518
14743.97949 0.07986
14746.67383 0.05964
14749.36133 0.06896
14752.05078 0.08844
14754.74707 0.08497
14757.43750 0.09670
14760.12695 0.07452
14762.81738 0.08902
14765.51660 0.08367
14768.21582 0.04887
14770.90039 0.07023
14773.59180 0.06083
14776.27734 0.06670
14778.97070 0.06010
14781.66406 0.04490
14784.35059 0.07657
14787.05371 0.08560
14789.74902 0.08464
14792.43652 0.07077
14795.11621 0.07637
14797.81348 0.06294
14800.51074 0.06855
14803.20898 0.05355
14805.89062 0.07627
14808.58105 0.08731
14811.28125 0.07484
14813.97168 0.06887
14816.66406 0.05998
14819.34961 0.08289
14822.05078 0.06066
14824.73633 0.07127
14827.42090 0.06137
14830.12402 0.07813
14832.81055 0.06545
14835.49805 0.06923
14838.20215 0.07233
14840.89160 0.07653
14843.58008 0.06541
14846.26953 0.07568
14848.96777 0.03081
14851.64941 0.05622
14854.33984 0.06136
14857.04004 0.06925
14859.72363 0.09510
14862.42383 0.07441
14865.11719 0.07159
14867.80273 0.09666
14870.50391 0.10077
14873.19824 0.04625
14875.88477 0.06254
14878.57129 0.05883
14881.26758 0.05505
14883.97168 0.06355
14886.64355 0.06951
14889.34863 0.05121
14892.04688 0.09380
14894.72852 0.08764
14897.42676 0.07576
14900.11816 0.07353
14902.80078 0.06748
14905.50195 0.05383
14908.18555 0.06524
14910.89453 0.08656
14913.57129 0.09832
14916.26562 0.05155
14918.95117 0.08319
14921.64551 0.07262
14924.34180 0.07688
14927.03809 0.09110
14929.73340 0.08616
14932.41406 0.09837
14935.11133 0.08106
14937.80176 0.09039
14940.49902 0.06811
14943.18945 0.09880
14945.87988 0.07022
14948.56445 0.06526
14951.26367 0.08031
14953.94824 0.06931
14956.64941 0.05930
14959.33496 0.03185
14962.02832 0.10477
14964.72266 0.09712
14967.40918 0.07585
14970.10547 0.07835
14972.80957 0.09049
14975.48926 0.08941
14978.18555 0.07264
14980.87500 0.05164
14983.56348 0.07450
14986.26270 0.03536
14988.94531 0.07970
14991.63574 0.07892
14994.34375 0.07740
14997.02734 0.08744
14999.71191 0.08422
15002.40527 0.09145
15005.09863 0.08416
15007.79980 0.07376
15010.48633 0.05872
15013.18066 0.05411
15015.87695 0.05675
15018.56348 0.06177
15021.26074 0.04261
15023.94141 0.09013
15026.63867 0.06850
15029.32715 0.07728
15032.01855 0.10339
15034.71680 0.08063
15037.39941 0.09308
15040.09766 0.07119
15042.79004 0.07650
15045.47461 0.08161
15048.17578 0.06899
15050.87012 0.07386
15053.56348 0.05659
15056.24902 0.08261
15058.93555 0.06693
15061.62305 0.07574
15064.32715 0.05934
15067.00586 0.08828
15069.71094 0.07769
15072.40039 0.09710
15075.08984 0.09208
15077.78027 0.08187
15080.47949 0.06767
15083.16992 0.05720
15085.86035 0.08580
15088.55273 0.05527
15091.24414 0.06946
15093.92969 0.04173
15096.62305 0.07323
15099.31641 0.07416
15102.01074 0.08787
15104.71387 0.09137
15107.40039 0.11010
15110.07910 0.10235
15112.77637 0.06596
15115.47266 0.05492
15118.16992 0.06894
15120.85059 0.06649
15123.54004 0.06240
15126.23926 0.05130
15128.92969 0.08716
15131.62891 0.08452
15134.31250 0.06332
15137.01367 0.07870
15139.68945 0.08611
15142.39062 0.07540
15145.08398 0.06430
15147.78613 0.06075
15150.47363 0.08059
15153.16016 0.07407
15155.83887 0.06972
15158.54297 0.07486
15161.24023 0.09874
15163.92773 0.05506
15166.61719 0.08807
15169.31445 0.08286
15171.99707 0.06872
15174.68652 0.08794
15177.39453 0.06620
15180.07812 0.08283
15182.77051 0.08876
15185.46191 0.09629
15188.14648 0.07066
15190.84863 0.06365
15193.54199 0.03674
15196.21973 0.06730
15198.92383 0.07082
15201.61816 0.07294
15204.31445 0.07453
15206.99414 0.08833
15209.69141 0.10562
15212.37988 0.10439
15215.07812 0.07619
15217.75977 0.10042
15220.46582 0.08718
15223.14844 0.06454
15225.83984 0.07527
15228.53125 0.03395
15231.23145 0.07257
15233.92480 0.07600
15236.61035 0.10521
15239.30371 0.06935
15242.00586 0.08756
15244.69141 0.09080
15247.37793 0.08188
15250.06543 0.07219
15252.76172 0.06314
15255.45020 0.07743
15258.14746 0.07635
15260.83496 0.06175
15263.53320 0.05512
15266.22266 0.06122
15268.92285 0.06917
15271.60547 0.08126
15274.30566 0.06220
15276.98828 0.07685
15279.68066 0.07251
15282.38184 0.06037
15285.05859 0.08662
15287.75977 0.08311
15290.45508 0.07026
15293.14160 0.06612
15295.82812 0.08479
15298.51465 0.08058
15301.21973 0.06153
15303.90039 0.06408
15306.60547 0.07763
15309.29492 0.10237
15311.99316 0.09158
15314.68262 0.09321
15317.37305 0.07417
15320.07324 0.08890
15322.76465 0.07555
15325.44043 0.07748
15328.13184 0.05956
15330.82520 0.05944
15333.51855 0.05725
15336.20410 0.06676
15338.89844 0.08126
15341.59277 0.09135
15344.28027 0.09207
15346.97559 0.07424
15349.67285 0.08991
15352.36914 0.07882
15355.05859 0.08413
15357.74805 0.05315
15360.44629 0.07996
15363.12793 0.07916
15365.81836 0.07695
15368.51855 0.05605
15371.20117 0.09627
15373.90039 0.08281
15376.60254 0.11333
15379.28711 0.08808
15381.98047 0.06050
15384.66602 0.10333
15387.36914 0.09400
15390.05566 0.07086
15392.75879 0.08790
15395.44727 0.07806
15398.12598 0.07584
15400.83105 0.05044
15403.51172 0.07434
15406.20020 0.06336
15408.89160 0.07273
15411.59766 0.08673
15414.28809 0.07109
15416.98047 0.07498
15419.67285 0.07890
15422.35547 0.08951
15425.04883 0.09360
15427.74219 0.07819
15430.43555 0.08539
15433.12793 0.04655
15435.82324 0.07168
15438.50195 0.04907
15441.19629 0.07610
15443.89258 0.08396
15446.58789 0.09182
15449.26855 0.09567
15451.96582 0.09386
15454.66406 0.10171
15457.36133 0.07298
15460.04395 0.06626
15462.74316 0.08013
15465.42578 0.05552
15468.12500 0.05375
15470.81738 0.07073
15473.51855 0.06546
15476.20410 0.07201
15478.88770 0.09176
15481.59082 0.07914
15484.27734 0.08094
15486.96289 0.08085
15489.65820 0.07208
15492.34570 0.06657
15495.03320 0.08917
15497.73047 0.08570
15500.41895 0.06216
15503.10840 0.09220
15505.79883 0.08575
15508.48828 0.08333
15511.17871 0.07354
15513.87891 0.07831
15516.57031 0.07614
15519.26270 0.06670
15521.95410 0.08334
15524.64746 0.08452
15527.34082 0.08079
15530.04395 0.06870
15532.72852 0.08904
15535.42383 0.09822
15538.11914 0.05440
15540.80664 0.07477
15543.50195 0.06864
15546.19922 0.05205
15548.87988 0.07104
15551.58594 0.07340
15554.26562 0.07556
15556.96484 0.08258
15559.65527 0.08785
15562.33789 0.08479
15565.03809 0.07047
15567.72949 0.07060
15570.41406 0.06196
15573.11523 0.07704
15575.80859 0.08948
15578.49414 0.06981
15581.17969 0.07148
15583.87402 0.07484
15586.57812 0.07805
15589.26465 0.10956
15591.95996 0.09630
15594.64844 0.08620
15597.33691 0.07528
15600.03320 0.08748
15602.72266 0.07359
15605.42188 0.08896
15608.09473 0.07882
15610.79492 0.05620
15613.48535 0.07026
15616.17773 0.06411
15618.87793 0.07587
15621.55371 0.10625
15624.25488 0.06572
15626.95703 0.08450
15629.64258 0.07446
15632.33789 0.08652
15635.02246 0.09530
15637.71875 0.10730
15640.40527 0.10238
15643.10254 0.07053
15645.79102 0.07897
15648.48828 0.05493
15651.17773 0.08143
15653.85742 0.07526
15656.56543 0.06304
15659.24707 0.09133
15661.93848 0.06615
15664.62891 0.09727
15667.33008 0.09748
15670.02246 0.08215
15672.71582 0.07555
15675.40918 0.09093
15678.10254 0.07713
15680.78809 0.07439
15683.48242 0.06142
15686.16895 0.07485
15688.86523 0.06246
15691.56055 0.08729
15694.24902 0.07580
15696.94531 0.10113
15699.62500 0.10785
15702.31445 0.09643
15705.02246 0.09002
15707.72070 0.06084
15710.39453 0.04869
15713.09375 0.07193
15715.79395 0.07660
15718.46875 0.08077
15721.16992 0.10650
15723.85449 0.10972
15726.55664 0.08677
15729.23242 0.07816
15731.93652 0.08385
15734.63086 0.07805
15737.32617 0.07848
15740.01367 0.08585
15742.70020 0.09098
15745.38867 0.08584
15748.09473 0.06974
15750.77539 0.09333
15753.46484 0.09544
15756.15430 0.05136
15758.84473 0.06832
15761.56152 0.07577
15764.24414 0.08194
15766.93555 0.09047
15769.62793 0.09726
15772.32031 0.10136
15775.01367 0.10609
15777.70703 0.07949
15780.38281 0.07065
15783.07812 0.06782
15785.77344 0.04791
15788.46875 0.08182
15791.16406 0.08143
15793.84277 0.06498
15796.54004 0.10025
15799.23730 0.08905
15801.93457 0.08613
15804.61621 0.07615
15807.32227 0.09208
15810.00391 0.09713
15812.69629 0.06552
15815.38672 0.06683
15818.07910 0.08893
15820.76172 0.07764
15823.46387 0.07910
15826.15625 0.08422
15828.84180 0.10857
15831.54395 0.09613
15834.22949 0.08681
15836.91602 0.08862
15839.60254 0.07350
15842.30762 0.09230
15845.00391 0.07628
15847.69141 0.07212
15850.37988 0.08669
15853.07812 0.09225
15855.76758 0.06942
15858.45703 0.09894
15861.14746 0.07581
15863.84766 0.07763
15866.53809 0.05942
15869.23047 0.08836
15871.92188 0.08740
15874.61523 0.08934
15877.29004 0.09337
15879.99316 0.07793
15882.69531 0.09053
15885.38965 0.07593
15888.06738 0.08522
15890.76367 0.07338
15893.45898 0.07553
15896.14746 0.07693
15898.84375 0.07293
15901.53125 0.09919
15904.22949 0.09282
15906.91016 0.12141
15909.60840 0.10397
15912.29883 0.08547
15914.99023 0.07899
15917.68945 0.10113
15920.37305 0.07876
15923.05664 0.05848
15925.75781 0.06676
15928.45898 0.08101
15931.14453 0.09996
15933.83008 0.07298
15936.52344 0.09212
15939.22656 0.07790
15941.92285 0.08593
15944.60938 0.08395
15947.29785 0.08665
15949.99316 0.09262
15952.68262 0.07377
15955.37109 0.06744
15958.06055 0.07310
15960.75000 0.09559
15963.44043 0.08861
15966.14062 0.07264
15968.83984 0.08135
15971.51367 0.09199
15974.21484 0.06347
15976.90723 0.07091
15979.59082 0.09507
15982.29297 0.07549
15984.98633 0.08052
15987.67188 0.09997
15990.36621 0.07848
15993.04590 0.06363
15995.75879 0.06334
15998.43652 0.07964
16001.14258 0.07308
16003.82129 0.07997
16006.51074 0.09174
16009.21680 0.07147
16011.89746 0.08657
16014.58789 0.07735
16017.28613 0.09320
16019.98633 0.08079
16022.66895 0.07985
16025.36133 0.07017
16028.04395 0.06909
16030.75391 0.09634
16033.43066 0.08658
16036.14258 0.08314
16038.82715 0.07612
16041.52246 0.08444
16044.21680 0.09480
16046.89453 0.09434
16049.58105 0.08079
16052.27832 0.07123
16054.96582 0.08774
16057.67188 0.05183
16060.36035 0.05952
16063.04102 0.07987
16065.73926 0.06749
16068.43945 0.09367
16071.12109 0.08801
16073.81152 0.08575
16076.51270 0.08244
16079.20508 0.10505
16081.89648 0.08721
16084.58105 0.10035
16087.27441 0.05793
16089.96875 0.07735
16092.67090 0.07814
16095.34863 0.06649
16098.03516 0.08415
16100.74805 0.06287
16103.42676 0.06626
16106.11426 0.05409
16108.82031 0.08630
16111.50879 0.09130
16114.19727 0.10248
16116.88672 0.10632
16119.57812 0.09511
16122.26855 0.10933
16124.95898 0.08266
16127.64941 0.07339
16130.35059 0.05707
16133.03320 0.06160
16135.72656 0.07015
16138.41992 0.08088
16141.12305 0.08241
16143.80664 0.07454
16146.50098 0.09220
16149.19727 0.08514
16151.88281 0.09957
16154.57910 0.08500
16157.26660 0.06813
16159.97168 0.07438
16162.65234 0.06215
16165.34961 0.06336
16168.03906 0.09113
16170.72754 0.09274
16173.42676 0.08129
16176.10840 0.07003
16178.81738 0.07075
16181.50000 0.08842
16184.18262 0.07185
16186.87500 0.09041
16189.56738 0.07910
16192.27051 0.07826
16194.95410 0.08384
16197.64941 0.06491
16200.33398 0.08035
16203.03809 0.08320
16205.72461 0.09073
16208.42090 0.07434
16211.10742 0.05356
16213.79590 0.08050
16216.49316 0.07699
16219.18262 0.08544
16221.87207 0.09784
16224.57031 0.07339
16227.25195 0.08776
16229.94238 0.10379
16232.64258 0.07394
16235.33301 0.06192
16238.02441 0.07791
16240.71680 0.06701
16243.41895 0.07618
16246.09375 0.07150
16248.78906 0.11067
16251.49121 0.08246
16254.17676 0.10339
16256.87305 0.10583
16259.56738 0.08425
16262.25391 0.09598
16264.95117 0.07527
16267.63965 0.08348
16270.33691 0.08516
16273.01562 0.06795
16275.72266 0.08937
16278.40332 0.09169
16281.10352 0.08442
16283.79395 0.08779
16286.47559 0.09368
16289.17480 0.07882
16291.87598 0.09390
16294.56055 0.08622
16297.24316 0.08551
16299.95508 0.08492
16302.64062 0.06598
16305.32422 0.09355
16308.02832 0.09145
16310.71484 0.08434
16313.40039 0.09324
16316.09570 0.10629
16318.78418 0.07173
16321.47266 0.09732
16324.17871 0.08865
16326.86621 0.07128
16329.55566 0.09145
16332.25488 0.07980
16334.93652 0.09704
16337.62500 0.08128
16340.32617 0.08093
16343.01758 0.05745
16345.70898 0.07678
16348.40137 0.08404
16351.09473 0.08457
16353.77832 0.08355
16356.48145 0.08940
16359.15723 0.11037
16361.85938 0.10775
16364.55566 0.11381
16367.24121 0.08587
16369.92773 0.07041
16372.62500 0.08094
16375.32129 0.05395
16378.01855 0.08059
16380.69824 0.08871
16383.39551 0.08879
16386.09375 0.10855
16388.77539 0.09001
16391.47461 0.07871
16394.15625 0.09208
16396.85742 0.09016
16399.55859 0.09344
16402.24023 0.04697
16404.94141 0.06987
16407.62695 0.07646
16410.31055 0.07709
16413.01367 0.08345
16415.69922 0.07927
16418.40234 0.09555
16421.08789 0.08059
16423.76562 0.08615
16426.46289 0.08071
16429.16016 0.07740
16431.84766 0.07060
16434.54492 0.08027
16437.24219 0.07469
16439.92383 0.07182
16442.62109 0.09555
16445.31055 0.09466
16448.00195 0.07259
16450.69336 0.07623
16453.38477 0.08447
16456.07617 0.07381
16458.75977 0.09484
16461.46094 0.10585
16464.14648 0.11997
16466.84766 0.11300
16469.53320 0.08791
16472.22852 0.09172
16474.92383 0.07632
16477.60938 0.08003
16480.31445 0.06466
16483.00195 0.07906
16485.68945 0.04655
16488.37695 0.09660
16491.06641 0.09783
16493.77344 0.07827
16496.46289 0.10223
16499.15430 0.11485
16501.84375 0.09019
16504.53516 0.09947
16507.22461 0.09278
16509.91797 0.07584
16512.61914 0.05120
16515.30078 0.09213
16518.00391 0.08641
16520.68750 0.07082
16523.36328 0.07552
16526.06836 0.10688
16528.76172 0.07196
16531.45703 0.08904
16534.15234 0.08213
16536.83984 0.08674
16539.52734 0.05981
16542.22461 0.09992
16544.91211 0.07586
16547.60938 0.08087
16550.29102 0.09731
16552.98828 0.06742
16555.67969 0.07956
16558.37891 0.09156
16561.06055 0.08111
16563.76172 0.10317
16566.44336 0.08748
16569.14453 0.07345
16571.82812 0.12864
16574.52148 0.09057
16577.22461 0.09409
16579.91797 0.08941
16582.60352 0.07792
16585.28906 0.06880
16587.97461 0.05412
16590.67969 0.04967
16593.37695 0.07747
16596.06445 0.07829
16598.75977 0.09695
16601.44141 0.08923
16604.13867 0.09797
16606.82812 0.07849
16609.52539 0.06827
16612.21680 0.07575
16614.91602 0.06801
16617.60742 0.07490
16620.29883 0.09593
16622.97266 0.08213
16625.66406 0.05953
16628.36523 0.08426
16631.05859 0.10003
16633.74414 0.07838
16636.43750 0.06130
16639.14062 0.08376
16641.81836 0.08226
16644.52344 0.07022
16647.20117 0.08252
16649.90625 0.09272
16652.60156 0.07483
16655.28906 0.11074
16657.98828 0.10798
16660.67578 0.09929
16663.35547 0.09377
16666.06445 0.10618
16668.74609 0.08717
16671.43555 0.12751
16674.13672 0.11677
16676.82812 0.08870
16679.50977 0.09056
16682.20312 0.09978
16684.90430 0.10694
16687.58789 0.10558
16690.28320 0.09197
16692.96680 0.06632
16695.66211 0.07396
16698.34570 0.07316
16701.04297 0.07641
16703.72852 0.08281
16706.42578 0.09729
16709.11133 0.10736
16711.81836 0.07837
16714.50781 0.07356
16717.20508 0.07250
16719.89453 0.07178
16722.59375 0.08402
16725.27344 0.04723
16727.96484 0.08867
16730.66406 0.06412
16733.35547 0.07683
16736.04688 0.11741
16738.74023 0.08943
16741.44141 0.08512
16744.11719 0.08233
16746.81836 0.07639
16749.50391 0.08686
16752.20703 0.07911
16754.88281 0.07429
16757.58789 0.06983
16760.26562 0.10005
16762.96289 0.08473
16765.65820 0.08752
16768.34570 0.07857
16771.04297 0.09710
16773.74219 0.09162
16776.42188 0.07171
16779.11133 0.08395
16781.81055 0.10087
16784.50977 0.09251
16787.19141 0.07873
16789.88086 0.06588
16792.57422 0.06387
16795.26562 0.09507
16797.95898 0.09242
16800.64258 0.07122
16803.34570 0.10178
16806.02930 0.07599
16808.72461 0.07737
16811.41797 0.10822
16814.11328 0.10069
16816.80078 0.09820
16819.50586 0.08839
16822.19141 0.07777
16824.87109 0.07070
16827.57812 0.05011
16830.26562 0.07973
16832.96484 0.08692
16835.64453 0.08449
16838.34180 0.09313
16841.03320 0.07672
16843.72461 0.09801
16846.41406 0.09787
16849.10742 0.08941
16851.79883 0.08904
16854.49023 0.08167
16857.19336 0.06670
16859.87500 0.06430
16862.58008 0.08039
16865.25391 0.07056
16867.94922 0.08621
16870.64453 0.06366
16873.33984 0.06864
16876.02734 0.10087
16878.73242 0.09227
16881.41992 0.09050
16884.10547 0.06873
16886.79492 0.08928
16889.48438 0.06539
16892.17383 0.07691
16894.87109 0.10026
16897.57227 0.08965
16900.25195 0.10600
16902.93359 0.06131
16905.65234 0.05112
16908.31641 0.09827
16911.01758 0.08881
16913.71875 0.08640
16916.40430 0.11317
16919.10547 0.10281
16921.79102 0.09072
16924.49414 0.10358
16927.16016 0.07990
16929.86523 0.08375
16932.57031 0.07065
16935.25586 0.06046
16937.94336 0.07253
16940.63086 0.05731
16943.33789 0.09725
16946.02539 0.10980
16948.71484 0.09030
16951.40430 0.09813
16954.09375 0.09551
16956.78320 0.08721
16959.49219 0.08828
16962.16406 0.06767
16964.85742 0.07268
16967.55859 0.06211
16970.25000 0.06252
16972.93164 0.08101
16975.63477 0.07886
16978.32812 0.08519
16981.00391 0.10160
16983.69922 0.09884
16986.41211 0.08279
16989.08789 0.06321
16991.78320 0.06633
16994.47070 0.08203
16997.16602 0.07308
16999.85547 0.09211
17002.54297 0.09105
17005.24023 0.10069
17007.92969 0.07601
17010.61914 0.06602
17013.31641 0.05111
17016.00781 0.07665
17018.70703 0.08242
17021.39844 0.10963
17024.08984 0.09252
17026.77148 0.09170
17029.46484 0.09758
17032.16602 0.06513
17034.86914 0.07359
17037.53516 0.08839
17040.23828 0.06910
17042.94141 0.05586
17045.61719 0.06294
17048.32227 0.06139
17051.00000 0.08138
17053.69531 0.09217
17056.38281 0.08849
17059.08008 0.08199
17061.76758 0.10177
17064.47461 0.09447
17067.15430 0.06658
17069.86133 0.06926
17072.55078 0.07905
17075.23242 0.09336
17077.93359 0.09026
17080.61328 0.09238
17083.30469 0.10855
17085.99609 0.10151
17088.69922 0.10537
17091.39062 0.09477
17094.08398 0.09848
17096.76953 0.06635
17099.46289 0.07256
17102.15625 0.07963
17104.84180 0.06645
17107.53711 0.08298
17110.23242 0.07684
17112.91992 0.07167
17115.61719 0.07972
17118.31445 0.06390
17121.00000 0.08701
17123.69922 0.07148
17126.38672 0.07081
17129.06641 0.08293
17131.76758 0.09201
17134.45703 0.07419
17137.15625 0.08646
17139.83789 0.07680
17142.52930 0.09007
17145.23047 0.04754
17147.91211 0.06602
17150.60547 0.07655
17153.29883 0.05908
17156.00195 0.08412
17158.67578 0.08645
17161.38086 0.10498
17164.06641 0.09034
17166.75977 0.11589
17169.44727 0.07176
17172.15234 0.06856
17174.83789 0.09342
17177.52734 0.04357
17180.23242 0.05341
17182.92188 0.09214
17185.59961 0.09255
17188.28906 0.08706
17190.99805 0.09635
17193.67773 0.07275
17196.37891 0.09606
17199.06836 0.09040
17201.75000 0.08218
17204.44141 0.06106
17207.13477 0.06151
17209.82617 0.09553
17212.51953 0.07083
17215.21094 0.09516
17217.90625 0.07491
17220.58984 0.09103
17223.29492 0.10026
17225.99023 0.07183
17228.67578 0.09104
17231.37109 0.09694
17234.06836 0.09247
17236.74414 0.08471
17239.44141 0.07208
17242.13867 0.08847
17244.82812 0.09805
17247.51758 0.06320
17250.21484 0.07120
17252.90625 0.07173
17255.59570 0.05943
17258.29492 0.08775
17260.97656 0.06943
17263.67773 0.10437
17266.36133 0.09474
17269.06250 0.09714
17271.75586 0.11206
17274.44727 0.07818
17277.13086 0.07779
17279.82617 0.07696
17282.52148 0.05828
17285.20508 0.06139
17287.90039 0.05470
17290.60547 0.06774
17293.28125 0.07647
17295.97852 0.08202
17298.66602 0.08044
17301.35352 0.09971
17304.04102 0.08488
17306.75000 0.09063
17309.44727 0.08540
17312.12891 0.07137
17314.82617 0.05002
17317.51758 0.08268
17320.21680 0.06962
17322.89844 0.08888
17325.59180 0.05739
17328.29297 0.09125
17330.95703 0.09973
17333.65820 0.10523
17336.35156 0.06941
17339.05469 0.08673
17341.73828 0.08070
17344.42383 0.07822
17347.11914 0.05978
17349.82422 0.10781
17352.50977 0.08347
17355.19531 0.08734
17357.89258 0.06334
17360.59961 0.07893
17363.26758 0.06530
17365.97656 0.07103
17368.65430 0.07175
17371.36328 0.05738
17374.03320 0.11139
17376.74219 0.07739
17379.43359 0.07362
17382.13281 0.09254
17384.81445 0.08121
17387.49805 0.07426
17390.20703 0.06399
17392.89062 0.06626
17395.57422 0.07064
17398.26758 0.08959
17400.97070 0.09422
17403.66406 0.11334
17406.33984 0.08310
17409.03516 0.08304
17411.73047 0.08172
17414.41602 0.07088
17417.10352 0.07451
17419.81836 0.07990
17422.50586 0.05454
17425.20312 0.06976
17427.89062 0.08156
17430.58008 0.08720
17433.25977 0.08275
17435.95898 0.08765
17438.64844 0.09209
17441.33984 0.08484
17444.03906 0.07097
17446.73047 0.07249
17449.43164 0.06398
17452.10547 0.09736
17454.79883 0.07400
17457.50000 0.06805
17460.18359 0.07990
17462.88672 0.08947
17465.57031 0.06775
17468.25586 0.04510
17470.96094 0.06013
17473.64648 0.05890
17476.34180 0.10180
17479.01953 0.06774
17481.72656 0.09193
17484.41211 0.07242
17487.10938 0.07898
17489.78906 0.07871
17492.49609 0.04642
17495.18555 0.05673
17497.87500 0.07660
17500.57422 0.07497
17503.25586 0.08312
17505.94531 0.08268
17508.63672 0.11893
17511.34766 0.10430
17514.03906 0.08938
17516.71289 0.09817
17519.40625 0.08659
17522.09961 0.06543
17524.79297 0.07360
17527.48633 0.06545
17530.16992 0.09721
17532.86719 0.07410
17535.56055 0.08873
17538.24805 0.09437
17540.94336 0.08150
17543.63086 0.09727
17546.32812 0.08211
17549.02539 0.10810
17551.72266 0.07712
17554.40039 0.08948
17557.09961 0.07063
17559.78906 0.08738
17562.48828 0.08182
17565.16992 0.06726
17567.86914 0.10611
17570.56055 0.08534
17573.24219 0.07830
17575.93359 0.08425
17578.63477 0.09246
17581.31836 0.07349
17584.02148 0.06529
17586.70508 0.09012
17589.40039 0.06591
17592.08398 0.08853
17594.78906 0.07475
17597.47461 0.07614
17600.17969 0.07433
17602.86523 0.05406
17605.54297 0.08645
17608.24805 0.09926
17610.93750 0.10710
17613.63477 0.09185
17616.32227 0.09445
17619.02930 0.12051
17621.70898 0.07994
17624.39844 0.08279
17627.08789 0.07346
17629.77930 0.07572
17632.47070 0.07770
17635.16211 0.07087
17637.84375 0.08385
17640.55469 0.07519
17643.23828 0.08761
17645.92969 0.10430
17648.63281 0.08413
17651.31836 0.09195
17654.00195 0.10574
17656.69727 0.06451
17659.39062 0.09496
17662.08594 0.05051
17664.78125 0.09594
17667.47852 0.04980
17670.16602 0.06223
17672.85156 0.09847
17675.54883 0.08161
17678.22852 0.06842
17680.92773 0.08343
17683.63477 0.06661
17686.31445 0.06519
17689.01367 0.08486
17691.68359 0.09187
17694.38477 0.07128
17697.08594 0.08003
17699.77539 0.07407
17702.45898 0.08640
17705.16016 0.06263
17707.85352 0.07745
17710.54688 0.08192
17713.22852 0.08150
17715.91406 0.08105
17718.61719 0.08598
17721.31250 0.08584
17723.99805 0.09400
17726.70312 0.09945
17729.39844 0.08895
17732.07617 0.08864
17734.76172 0.05573
17737.44922 0.07784
17740.14844 0.05402
17742.85547 0.06933
17745.54297 0.09096
17748.24219 0.06601
17750.93164 0.10159
17753.62109 0.10491
17756.31055 0.09614
17759.00195 0.07301
17761.69336 0.07787
17764.37500 0.07366
17767.06641 0.05756
17769.75977 0.06921
17772.46289 0.06038
17775.15430 0.09790
17777.84766 0.10426
17780.52148 0.08272
17783.21680 0.06888
17785.91992 0.09460
17788.61719 0.06179
17791.30273 0.09256
17793.99805 0.07529
17796.69336 0.08148
17799.38086 0.08414
17802.07812 0.06750
17804.75586 0.08219
17807.45312 0.06665
17810.13281 0.07969
17812.84180 0.05770
17815.52148 0.08481
17818.23047 0.05912
17820.91016 0.08843
17823.62109 0.08007
17826.30273 0.10079
17828.99414 0.08192
17831.67578 0.07818
17834.37695 0.06543
17837.06055 0.06967
17839.75391 0.04907
17842.45703 0.08476
17845.15039 0.05536
17847.83398 0.06501
17850.52930 0.05288
17853.21484 0.08676
17855.91016 0.09371
17858.59570 0.07807
17861.29297 0.07115
17863.98047 0.08515
17866.66602 0.07242
17869.36523 0.07503
17872.05273 0.04913
17874.75000 0.07553
17877.43945 0.06858
17880.14062 0.06308
17882.83008 0.05285
17885.52930 0.06438
17888.21875 0.07576
17890.90039 0.08833
17893.60156 0.07144
17896.29297 0.08014
17898.99609 0.06381
17901.67773 0.05754
17904.36133 0.04727
17907.06445 0.06750
17909.73828 0.07053
17912.44141 0.06518
17915.12695 0.07111
17917.82227 0.09473
17920.50781 0.06941
17923.21484 0.07152
17925.89062 0.07261
17928.59766 0.07735
17931.28320 0.08061
17933.98242 0.09373
17936.66992 0.06846
17939.35742 0.09320
17942.05664 0.07884
17944.74609 0.06113
17947.43555 0.08427
17950.13477 0.06108
17952.81445 0.06761
17955.50586 0.07614
17958.19727 0.10137
17960.89062 0.09108
17963.59180 0.07892
17966.28320 0.08327
17968.97656 0.08000
17971.66992 0.09289
17974.35352 0.06353
17977.04688 0.06226
17979.74219 0.06874
17982.43555 0.06423
17985.12109 0.07634
17987.81836 0.09535
17990.51367 0.06463
17993.21094 0.08286
17995.90625 0.10397
17998.58398 0.08364
18001.27148 0.07964
18003.97070 0.07378
18006.66992 0.07768
18009.36719 0.05154
18012.04883 0.06612
18014.73828 0.06937
18017.42773 0.06556
18020.10742 0.07685
18022.80859 0.07010
18025.50977 0.06559
18028.19141 0.07555
18030.89453 0.07789
18033.57812 0.07263
18036.27148 0.07833
18038.95312 0.07450
18041.65820 0.06959
18044.34180 0.08217
18047.04688 0.07665
18049.73242 0.07512
18052.41797 0.06333
18055.12305 0.06549
18057.80859 0.09589
18060.49609 0.06961
18063.19336 0.04517
18065.87891 0.06854
18068.56836 0.08869
18071.25781 0.07756
18073.96484 0.08065
18076.65430 0.09696
18079.34375 0.08128
18082.03516 0.04534
18084.72461 0.05327
18087.41406 0.07786
18090.10547 0.07093
18092.79688 0.07813
18095.48828 0.06950
18098.18164 0.10053
18100.87500 0.09109
18103.56836 0.07115
18106.26172 0.06976
18108.95508 0.07530
18111.64844 0.08388
18114.34375 0.06558
18117.01953 0.06758
18119.71484 0.06448
18122.41016 0.04450
18125.10742 0.07408
18127.79492 0.08228
18130.49219 0.07344
18133.18945 0.08850
18135.86523 0.06986
18138.56445 0.06677
18141.26367 0.06924
18143.94336 0.08447
18146.64258 0.06202
18149.32227 0.07474
18152.02344 0.06292
18154.71289 0.05847
18157.41406 0.08852
18160.09570 0.08601
18162.79688 0.06145
18165.48047 0.05999
18168.16406 0.06912
18170.86719 0.07673
18173.54883 0.06219
18176.24414 0.06185
18178.94727 0.09282
18181.64258 0.06336
18184.32812 0.05316
18187.01367 0.05979
18189.72070 0.05014
18192.41602 0.04934
18195.10352 0.04485
18197.79102 0.04531
18200.47656 0.05131
18203.17578 0.08994
18205.86328 0.10165
18208.55273 0.08327
18211.26172 0.07229
18213.93164 0.05116
18216.63281 0.06190
18219.32227 0.05221
18222.01172 0.06708
18224.70312 0.08163
18227.40430 0.05181
18230.09766 0.06780
18232.78906 0.08300
18235.46289 0.09681
18238.16602 0.06309
18240.85938 0.09305
18243.55273 0.06118
18246.24805 0.07308
18248.93164 0.06898
18251.63672 0.06356
18254.33203 0.07370
18257.01758 0.07132
18259.71484 0.07690
18262.39258 0.05840
18265.09766 0.06970
18267.77539 0.06002
18270.47461 0.07409
18273.16211 0.06325
18275.86133 0.07584
18278.53906 0.06719
18281.24805 0.08088
18283.92969 0.10007
18286.61914 0.07600
18289.32031 0.04495
18292.00000 0.05226
18294.69336 0.05610
18297.39453 0.04383
18300.08594 0.06795
18302.77930 0.05631
18305.46289 0.05627
18308.16602 0.07158
18310.85938 0.06956
18313.54297 0.07162
18316.23828 0.09722
18318.92383 0.08366
18321.61914 0.04669
18324.30469 0.05864
18327.00000 0.07407
18329.68750 0.05793
18332.38477 0.03307
18335.08203 0.03757
18337.76758 0.06264
18340.46680 0.06019
18343.15625 0.07465
18345.85547 0.07719
18348.54492 0.07284
18351.24414 0.05865
18353.91406 0.06973
18356.61328 0.06209
18359.30469 0.05676
18362.00586 0.07438
18364.67773 0.06311
18367.38086 0.06660
18370.08203 0.06567
18372.76562 0.06658
18375.45898 0.09832
18378.16211 0.04328
18380.84570 0.05839
18383.53906 0.06217
18386.22461 0.05031
18388.91992 0.06125
18391.60547 0.05693
18394.30273 0.07874
18396.99805 0.03687
18399.69531 0.03686
18402.38281 0.04756
18405.06836 0.05911
18407.76758 0.05385
18410.45508 0.07012
18413.15430 0.06321
18415.84375 0.05351
18418.53320 0.03866
18421.21289 0.06941
18423.91211 0.05481
18426.61328 0.05781
18429.30469 0.06235
18431.99609 0.03608
18434.67773 0.05286
18437.37109 0.05248
18440.06250 0.04151
18442.74414 0.07322
18445.43750 0.09310
18448.15234 0.06627
18450.82617 0.07052
18453.52148 0.08609
18456.21680 0.07218
18458.90039 0.05068
18461.59766 0.05801
18464.29297 0.03928
18466.99023 0.06968
18469.67578 0.06525
18472.38477 0.06494
18475.08203 0.04752
18477.75000 0.06445
18480.44727 0.08164
18483.14648 0.06390
18485.83594 0.07459
18488.51562 0.06912
18491.21484 0.04292
18493.92578 0.05229
18496.60742 0.06137
18499.29688 0.06793
18501.97852 0.05437
18504.67969 0.07511
18507.36328 0.04858
18510.05469 0.05221
18512.74805 0.05387
18515.45117 0.04452
18518.13672 0.05338
18520.83984 0.06687
18523.51562 0.07472
18526.19922 0.05280
18528.90430 0.07591
18531.59180 0.06550
18534.28711 0.05456
18536.99414 0.04178
18539.66992 0.04890
18542.35742 0.01933
18545.04492 0.03416
18547.75391 0.03669
18550.44141 0.06473
18553.14062 0.10141
18555.83008 0.07671
18558.50781 0.08125
18561.19922 0.07220
18563.88867 0.06538
18566.57812 0.03818
18569.28125 0.03322
18571.97266 0.04883
18574.66406 0.03647
18577.35547 0.06064
18580.04883 0.04185
18582.74023 0.07146
18585.42578 0.06597
18588.12891 0.09169
18590.82422 0.05759
18593.51758 0.07873
18596.21289 0.06021
18598.88672 0.03913
18601.58398 0.04437
18604.29102 0.04382
18606.96680 0.06503
18609.66211 0.06656
18612.35938 0.04748
18615.05859 0.02665
18617.73633 0.05030
18620.44531 0.05199
18623.12305 0.04405
18625.82227 0.07153
18628.50000 0.05684
18631.20117 0.08528
18633.88086 0.06399
18636.59180 0.08834
18639.27344 0.05326
18641.97461 0.02369
18644.65625 0.03892
18647.35742 0.03226
18650.04102 0.03388
18652.73438 0.06783
18655.43555 0.04527
18658.12109 0.05479
18660.80469 0.08450
18663.48828 0.06325
18666.19336 0.06708
18668.88867 0.04709
18671.58398 0.04447
18674.26953 0.05094
18676.95703 0.01656
18679.66211 0.07057
18682.35938 0.04105
18685.04883 0.04366
18687.73633 0.04435
18690.42383 0.08023
18693.11133 0.05721
18695.81055 0.07930
18698.50977 0.07279
18701.19922 0.05470
18703.89062 0.06049
18706.58203 0.05502
18709.26172 0.07712
18711.95117 0.03756
18714.65430 0.05092
18717.34570 0.04158
18720.03906 0.06794
18722.73242 0.06992
18725.41406 0.04822
18728.10742 0.04572
18730.81250 0.05451
18733.48438 0.02241
18736.19141 0.05250
18738.88672 0.07819
18741.56055 0.04717
18744.26562 0.05148
18746.94336 0.05604
18749.64844 0.02929
18752.34570 0.03628
18755.03320 0.04566
18757.73242 0.06879
18760.40820 0.05625
18763.11719 0.04945
18765.79492 0.07102
18768.48438 0.07598
18771.18555 0.05732
18773.86328 0.06935
18776.56445 0.05388
18779.26562 0.05651
18781.94531 0.02920
18784.62695 0.04689
18787.34961 0.05358
18790.03125 0.04266
18792.71484 0.05935
18795.40820 0.05142
18798.10938 0.07098
18800.80469 0.06271
18803.48633 0.05535
18806.18164 0.03150
18808.86719 0.03201
18811.56250 0.05975
18814.25781 0.04582
18816.94336 0.04799
18819.63867 0.03660
18822.32617 0.03530
18825.02344 0.05050
18827.72070 0.04829
18830.40820 0.04084
18833.09570 0.04286
18835.80469 0.04833
18838.47266 0.05867
18841.17188 0.05488
18843.86133 0.04217
18846.56250 0.06415
18849.26367 0.05711
18851.93164 0.05625
18854.62305 0.06304
18857.33594 0.05455
18860.02734 0.02910
18862.70898 0.02521
18865.40234 0.04758
18868.09570 0.05465
18870.78711 0.06463
18873.48047 0.05283
18876.16602 0.05179
18878.87109 0.07058
18881.55469 0.05369
18884.25000 0.05497
18886.93555 0.03089
18889.63281 0.01562
18892.32812 0.04665
18895.00391 0.02689
18897.71094 0.04033
18900.39844 0.05157
18903.08594 0.08029
18905.78516 0.08155
18908.47266 0.07393
18911.16211 0.04157
18913.87109 0.02564
18916.55078 0.04035
18919.24023 0.02781
18921.92969 0.03066
18924.62109 0.03463
18927.32227 0.01988
18930.01367 0.02184
18932.70703 0.02817
18935.39844 0.04492
18938.08984 0.03856
18940.77344 0.05839
18943.47656 0.06213
18946.16016 0.04769
18948.85352 0.05735
18951.54883 0.05542
18954.24414 0.03562
18956.93750 0.04170
18959.62305 0.05844
18962.33008 0.02057
18964.99609 0.02493
18967.69141 0.06191
18970.38867 0.03694
18973.08594 0.02945
18975.78516 0.02662
18978.46289 0.06264
18981.16016 0.08075
18983.85938 0.01621
18986.52734 0.04314
18989.22656 0.03619
18991.93750 0.03418
18994.60742 0.02890
18997.30859 0.02672
19000.00977 0.03207
19002.69141 0.03384
19005.39258 0.03263
19008.07422 0.03558
19010.77734 0.05530
19013.45898 0.03140
19016.16211 0.04915
19018.84570 0.04652
19021.52930 0.04170
19024.23438 0.03554
19026.91797 0.01819
19029.60352 0.03328
19032.30859 0.01704
19034.99414 0.05509
19037.69141 0.02540
19040.38867 0.04334
19043.07422 0.07067
19045.76172 0.04009
19048.45898 0.03586
19051.13672 0.03917
19053.84570 0.04186
19056.54297 0.03099
19059.22266 0.01585
19061.91211 0.02291
19064.61133 0.04529
19067.30078 0.03448
19069.99219 0.02011
19072.67188 0.03635
19075.37305 0.02635
19078.06445 0.03620
19080.75781 0.05468
19083.45898 0.03513
19086.14258 0.05288
19088.83398 0.07215
19091.53906 0.05482
19094.21094 0.04160
19096.90625 0.03227
19099.61133 0.03237
19102.29492 0.03891
19104.99023 0.04327
19107.67578 0.01100
19110.37109 0.02532
19113.06836 0.03037
19115.74414 0.03769
19118.45117 0.05380
19121.13867 0.04478
19123.81641 0.04398
19126.52539 0.03318
19129.22266 0.01909
19131.90039 0.01077
19134.61133 0.03138
19137.29102 0.02112
19139.99023 0.02842
19142.67969 0.06590
19145.38086 0.03205
19148.06250 0.02861
19150.75195 0.04016
19153.44531 0.04629
19156.12695 0.02573
19158.81836 0.04761
19161.52148 0.05472
19164.20508 0.01048
19166.89844 0.01662
19169.60156 0.03235
19172.28516 0.05689
19174.98047 0.04831
19177.66602 0.04277
19180.34961 0.05487
19183.06641 0.05284
19185.75195 0.03657
19188.43945 0.02392
19191.13477 0.03828
19193.82227 0.05069
19196.50977 0.03214
19199.20703 0.06483
19201.89453 0.03686
19204.58203 0.04291
19207.28320 -0.00345
19209.97266 0.03720
19212.66211 0.03294
19215.36133 0.00229
19218.05273 0.02953
19220.75195 0.03703
19223.42383 0.03856
19226.11328 0.04640
19228.81641 0.05231
19231.51758 0.02582
19234.21094 0.04546
19236.89258 0.01854
19239.58594 0.01704
19242.27930 0.01301
19244.98438 0.03669
19247.65820 0.02819
19250.35156 -0.00047
19253.03516 0.05059
19255.73242 0.01796
19258.43750 0.04767
19261.12305 0.00736
19263.82031 -0.00611
19266.50586 0.01389
19269.20312 0.01068
19271.88086 0.01654
19274.58789 0.04553
19277.26562 0.02027
19279.96484 0.03156
19282.66406 0.03661
19285.34180 0.04146
19288.05273 0.04601
19290.73242 0.02244
19293.41211 0.03775
19296.12305 0.03324
19298.81445 0.01733
19301.49609 0.02390
19304.18555 0.02227
19306.88867 0.03129
19309.58203 0.04207
19312.27344 0.01778
19314.95703 0.03374
19317.65039 0.01360
19320.33398 0.03096
19323.02734 0.04117
19325.74219 0.04681
19328.42773 0.03997
19331.12305 0.05613
19333.80859 0.04819
19336.50391 0.04460
19339.20117 0.03342
19341.88672 0.02733
19344.57422 -0.00255
19347.25977 0.01890
19349.94922 0.00368
19352.64648 0.02859
19355.34570 0.04163
19358.03320 0.03447
19360.73438 0.06559
19363.41211 0.04560
19366.11133 0.01636
19368.80078 0.02667
19371.49219 0.03514
19374.18359 0.01388
19376.87500 0.01956
19379.57617 0.01342
19382.25781 0.03245
19384.94922 0.02170
19387.65234 0.01025
19390.33594 0.04162
19393.03906 0.02832
19395.71289 0.03193
19398.41797 0.03458
19401.09961 0.02242
19403.79492 0.02294
19406.49023 0.02400
19409.18555 0.02561
19411.87109 0.00597
19414.57812 0.03447
19417.25391 0.02918
19419.95117 0.02191
19422.64844 0.01778
19425.32617 0.01539
19428.02344 0.01576
19430.72070 0.03385
19433.41992 0.01782
19436.09766 0.03753
19438.78711 0.03087
19441.49805 0.00212
19444.17773 0.02000
19446.87891 0.02757
19449.55859 -0.00110
19452.25977 -0.01043
19454.93945 0.00385
19457.63086 0.01395
19460.32422 0.00745
19463.01758 0.02196
19465.70898 0.02338
19468.40234 0.03308
19471.09570 0.05445
19473.77734 0.04067
19476.47266 0.03209
19479.16797 0.00647
19481.86133 0.01177
19484.55859 -0.00057
19487.25391 0.03029
19489.93945 0.01691
19492.64648 0.01120
19495.31055 0.03572
19498.01953 0.02919
19500.70508 0.03963
19503.41406 0.04769
19506.09180 0.02584
19508.77930 0.04525
19511.47852 0.03585
19514.15625 0.03362
19516.86719 0.02520
19519.55664 0.02642
19522.24609 0.01529
19524.93555 0.02240
19527.62695 0.01615
19530.31836 0.01862
19533.00000 0.01030
19535.71289 0.01950
19538.38281 0.01428
19541.09570 0.02671
19543.76758 0.00692
19546.48242 0.01884
19549.16602 0.00939
19551.87109 0.02940
19554.55273 0.02555
19557.22656 0.01040
19559.94336 0.02886
19562.62891 -0.01368
19565.31250 0.00505
19567.99805 0.00899
19570.70703 0.01624
19573.39258 0.00149
19576.08984 0.02245
19578.77539 0.02403
19581.45117 0.02208
19584.17383 0.00878
19586.84961 0.00215
19589.54883 -0.00577
19592.23633 -0.01671
19594.93750 0.01135
19597.61523 0.01302
19600.31641 0.02354
19603.00781 0.04626
19605.69922 0.03360
19608.38867 0.02523
19611.09180 0.02867
19613.77148 0.01816
19616.46289 0.00885
19619.16797 0.00665
19621.83789 0.00484
19624.53125 0.04190
19627.22461 0.00376
19629.92969 0.01912
19632.61328 0.02196
19635.31836 0.01234
19637.99219 0.00336
19640.69727 -0.00097
19643.38281 0.01828
19646.06836 -0.01060
19648.76562 0.00941
19651.47266 0.01870
19654.14844 0.02469
19656.83594 0.02805
19659.54492 0.00737
19662.22070 -0.00316
19664.93164 -0.00003
19667.60938 -0.00322
19670.30664 -0.00614
19672.98633 0.00513
19675.69727 0.01081
19678.37500 0.02627
19681.07617 0.00670
19683.75586 0.02237
19686.44727 0.02194
19689.15039 0.01492
19691.83984 -0.02128
19694.52148 -0.03520
19697.23633 0.00448
19699.90625 0.00518
19702.59961 0.01143
19705.30469 0.01018
19707.99805 0.02327
19710.68164 0.02419
19713.37695 0.01699
19716.08203 -0.00906
19718.76758 0.01377
19721.45117 0.02664
19724.14648 0.00354
19726.83203 -0.01546
19729.52930 0.01958
19732.21680 -0.01188
19734.91406 -0.00975
19737.59961 0.01007
19740.29883 0.00996
19742.98633 0.00415
19745.68555 0.00045
19748.37305 0.01416
19751.06250 0.01060
19753.75195 -0.00467
19756.45117 -0.00584
19759.14258 -0.00364
19761.84375 0.00928
19764.51172 0.01961
19767.21484 -0.01289
19769.90430 -0.01785
19772.60938 -0.02342
19775.27930 -0.01387
19777.98242 0.00093
19780.67578 -0.01300
19783.37891 -0.01402
19786.05078 -0.01992
19788.75586 0.01391
19791.44922 0.03402
19794.13477 -0.02396
19796.82812 -0.00446
19799.51367 -0.01051
19802.21094 0.00820
19804.89648 -0.01794
19807.59180 -0.01947
19810.27734 0.00284
19812.97461 0.00405
19815.66211 -0.00166
19818.35938 0.00835
19821.04688 0.01626
19823.74609 0.00967
19826.43359 0.01572
19829.12305 -0.00598
19831.82422 -0.00860
19834.52344 0.01489
19837.20117 -0.01507
19839.91406 -0.01303
19842.59180 -0.02540
19845.28516 0.00273
19847.96484 0.02346
19850.67773 -0.00291
19853.35938 -0.01033
19856.05078 -0.00046
19858.73242 -0.00909
19861.43555 -0.01565
19864.11914 -0.02982
19866.81250 0.00298
19869.51758 -0.02889
19872.21289 -0.04669
19874.89648 0.00218
19877.59180 -0.00768
19880.28711 -0.04195
19882.97266 -0.00527
19885.67773 -0.01135
19888.36328 -0.01332
19891.06055 -0.00552
19893.72656 -0.00433
19896.42383 0.01120
19899.12109 0.00179
19901.82031 0.00769
19904.50781 0.00582
19907.20703 -0.00390
19909.88477 -0.03741
19912.57422 -0.02751
19915.28516 -0.00706
19917.97461 -0.02944
19920.65430 0.01250
19923.34375 0.01142
19926.04688 0.01154
19928.72656 0.02027
19931.42969 0.00938
19934.12109 -0.00411
19936.80273 -0.03955
19939.51758 -0.00338
19942.18750 -0.03055
19944.89258 -0.02762
19947.56445 -0.01795
19950.27930 -0.00778
19952.95312 0.01847
19955.65820 -0.01303
19958.33203 -0.01350
19961.04883 -0.03709
19963.73438 -0.01536
19966.40820 -0.02288
19969.12695 0.00132
19971.80273 -0.03074
19974.50977 0.00045
19977.18555 -0.03924
19979.88281 -0.01692
19982.57227 -0.01288
19985.26953 -0.02181
19987.97070 -0.00720
19990.64648 -0.04727
19993.33594 -0.00371
19996.02539 -0.01246
19998.73633 -0.00318
20001.41602 -0.00361
20004.11719 -0.00963
20006.80859 -0.00119
20009.48828 -0.00010
20012.19141 -0.01154
20014.87109 -0.00188
20017.56250 -0.03708
20020.26758 -0.02778
20022.94922 -0.01440
20025.65430 -0.01493
20028.33594 0.00476
20031.02930 -0.01386
20033.72461 0.01911
20036.41797 0.01549
20039.11328 -0.02442
20041.78711 0.00497
20044.48242 -0.02092
20047.17969 -0.01112
20049.87695 -0.02733
20052.56250 -0.04005
20055.27148 -0.01108
20057.94531 -0.00569
20060.64453 -0.01244
20063.34180 0.00225
20066.01953 -0.00593
20068.71680 0.00217
20071.41797 -0.01701
20074.09570 -0.02570
20076.79492 -0.02491
20079.47266 -0.03744
20082.17383 -0.01874
20084.88672 -0.02378
20087.55469 -0.02921
20090.26758 -0.00496
20092.93750 -0.01956
20095.65234 -0.02306
20098.33203 -0.02898
20101.03516 -0.02234
20103.71680 -0.00444
20106.39844 -0.02040
20109.10352 -0.02130
20111.78711 0.00477
20114.46875 -0.01705
20117.18555 -0.00957
20119.85938 -0.03845
20122.55469 -0.01332
20125.25000 -0.03481
20127.94531 -0.03211
20130.63086 -0.03880
20133.31641 -0.01440
20136.01367 0.00031
20138.72266 0.00075
20141.40820 -0.02516
20144.09766 -0.01227
20146.78320 -0.03185
20149.47070 -0.03287
20152.16992 -0.04180
20154.85938 -0.02474
20157.54688 -0.03294
20160.23633 -0.02393
20162.92578 -0.00444
20165.62695 -0.01358
20168.30664 -0.02933
20171.00781 -0.03468
20173.71094 0.00408
20176.39062 -0.02916
20179.09375 -0.05643
20181.77539 -0.01851
20184.47852 -0.04413
20187.18359 -0.04368
20189.84180 -0.03960
20192.54688 -0.05437
20195.24023 -0.02847
20197.93555 -0.04491
20200.64062 -0.01692
20203.31445 -0.05846
20206.00977 -0.02370
20208.71680 -0.03397
20211.38867 -0.01531
20214.08594 -0.01586
20216.78320 -0.05625
20219.46875 -0.03897
20222.16602 -0.02198
20224.84180 -0.04548
20227.55273 -0.02858
20230.22852 -0.03937
20232.92773 -0.04166
20235.61523 -0.04138
20238.31445 -0.03721
20240.99219 -0.03682
20243.70312 -0.03617
20246.38281 -0.01055
20249.08398 -0.03039
20251.77344 -0.02291
20254.45312 -0.02820
20257.15625 -0.04040
20259.84570 -0.04972
20262.52734 -0.03375
20265.24219 -0.03946
20267.92383 -0.05854
20270.60547 -0.05017
20273.32031 -0.03830
20276.00195 -0.04569
20278.68555 -0.05117
20281.37891 -0.02769
20284.06445 -0.03016
20286.78125 -0.05754
20289.47461 -0.07510
20292.14844 -0.05379
20294.84570 -0.08404
20297.54297 -0.06838
20300.22852 -0.04980
20302.92578 -0.05467
20305.61133 -0.04802
20308.29688 -0.04755
20310.99609 -0.02871
20313.69336 -0.03276
20316.38281 -0.04841
20319.07031 -0.03333
20321.76953 -0.04884
20324.45898 -0.05142
20327.16016 -0.06399
20329.83789 -0.03747
20332.52734 -0.04974
20335.22852 -0.04878
20337.90820 -0.05740
20340.60938 -0.06756
20343.29102 -0.06439
20345.98242 -0.04777
20348.68555 -0.03523
20351.38867 -0.04021
20354.05859 -0.03245
20356.76367 -0.00386
20359.45703 -0.02915
20362.12891 -0.04499
20364.83398 -0.05552
20367.53906 -0.04811
20370.21289 -0.05402
20372.91797 -0.09047
20375.60352 -0.05056
20378.29883 -0.06270
20380.98438 -0.04802
20383.69141 -0.06354
20386.36719 -0.03093
20389.06445 -0.05312
20391.76172 -0.04414
20394.44727 -0.04172
20397.13672 -0.05442
20399.82227 -0.08175
20402.53320 -0.06686
20405.21094 -0.07011
20407.89844 -0.06429
20410.61133 -0.05549
20413.28906 -0.04881
20415.97852 -0.05751
20418.66992 -0.05118
20421.37109 -0.05464
20424.06055 -0.04718
20426.75195 -0.07154
20429.43164 -0.04201
20432.12500 -0.06759
20434.83984 -0.06006
20437.52148 -0.07817
20440.21289 -0.04248
20442.90625 -0.04257
20445.58984 -0.05316
20448.28320 -0.06370
20450.97656 -0.05981
20453.67188 -0.06256
20456.35547 -0.08216
20459.05078 -0.06086
20461.74805 -0.06428
20464.43164 -0.07202
20467.13867 -0.05577
20469.83594 -0.05582
20472.52148 -0.07806
20475.19727 -0.06124
20477.89648 -0.06808
20480.58203 -0.10337
20483.28125 -0.10499
20485.97852 -0.07367
20488.67969 -0.08473
20491.34570 -0.06513
20494.04492 -0.05144
20496.74609 -0.08958
20499.42383 -0.06933
20502.12500 -0.09007
20504.82617 -0.07181
20507.51562 -0.09087
20510.19727 -0.07900
20512.89844 -0.07776
20515.58008 -0.07825
20518.27148 -0.06386
20520.97461 -0.08975
20523.66797 -0.07839
20526.36133 -0.07452
20529.04297 -0.05996
20531.74609 -0.08310
20534.42969 -0.10936
20537.12500 -0.08930
20539.81836 -0.09998
20542.50391 -0.08850
20545.19922 -0.06917
20547.88281 -0.07257
20550.59180 -0.07723
20553.27539 -0.08521
20555.96094 -0.05671
20558.66992 -0.07913
20561.35547 -0.06116
20564.03320 -0.08361
20566.73047 -0.07764
20569.43945 -0.07065
20572.12891 -0.07943
20574.80469 -0.10549
20577.49414 -0.09724
20580.19336 -0.10227
20582.88281 -0.09702
20585.58203 -0.08239
20588.27344 -0.09859
20590.96289 -0.11503
20593.65234 -0.12243
20596.34375 -0.09748
20599.03516 -0.10819
20601.73828 -0.07219
20604.41992 -0.08636
20607.11133 -0.08743
20609.80469 -0.10890
20612.49805 -0.10542
20615.19141 -0.09338
20617.88281 -0.08822
20620.57812 -0.11917
20623.27344 -0.11362
20625.96680 -0.09488
20628.64062 -0.10400
20631.34570 -0.08130
20634.03125 -0.07809
20636.72852 -0.10291
20639.41211 -0.08878
20642.10938 -0.10920
20644.79492 -0.11437
20647.49219 -0.11697
20650.17969 -0.12011
20652.87891 -0.11669
20655.56445 -0.10628
20658.25195 -0.09772
20660.95117 -0.09948
20663.65039 -0.10772
20666.32812 -0.08763
20669.02930 -0.10038
20671.71875 -0.10857
20674.41992 -0.11629
20677.09766 -0.13611
20679.80078 -0.11921
20682.47852 -0.10085
20685.18164 -0.11305
20687.86133 -0.11278
20690.56641 -0.14354
20693.25781 -0.11627
20695.94922 -0.12831
20698.64258 -0.11724
20701.32422 -0.12839
20704.02930 -0.10745
20706.72461 -0.09079
20709.39453 -0.13196
20712.11133 -0.11091
20714.79688 -0.11525
20717.48047 -0.11007
20720.16406 -0.14776
20722.87305 -0.12211
20725.56836 -0.14087
20728.25391 -0.14376
20730.93945 -0.14309
20733.62500 -0.11533
20736.33398 -0.09586
20739.03320 -0.11243
20741.70898 -0.11757
20744.40820 -0.13020
20747.09570 -0.11214
20749.79492 -0.13891
20752.47266 -0.15060
20755.17188 -0.15721
20757.86133 -0.13380
20760.56250 -0.14453
20763.25195 -0.12878
20765.94336 -0.12244
20768.63281 -0.13552
20771.33594 -0.12829
20774.02734 -0.12701
20776.69531 -0.14534
20779.38867 -0.15663
20782.08984 -0.15257
20784.78320 -0.14323
20787.47656 -0.13788
20790.16992 -0.15843
20792.85352 -0.12228
20795.55859 -0.16700
20798.25195 -0.15888
20800.94727 -0.14306
20803.61914 -0.14721
20806.32617 -0.16483
20809.02148 -0.14965
20811.70703 -0.16129
20814.40430 -0.15013
20817.07617 -0.14576
20819.78516 -0.16956
20822.48242 -0.14473
20825.15820 -0.17279
20827.85742 -0.15150
20830.54492 -0.18993
20833.25586 -0.18632
20835.93164 -0.17576
20838.63086 -0.16361
20841.31836 -0.15168
20844.01953 -0.17749
20846.70898 -0.16210
20849.38672 -0.15437
20852.08789 -0.17288
20854.77930 -0.16553
20857.45898 -0.19304
20860.17188 -0.17586
20862.85156 -0.19841
20865.53125 -0.21509
20868.24609 -0.20144
20870.92773 -0.18915
20873.62109 -0.19098
20876.30273 -0.18965
20878.99609 -0.18626
20881.70117 -0.17999
20884.39453 -0.20967
20887.08984 -0.20054
20889.76172 -0.20838
20892.45703 -0.23460
20895.15234 -0.20073
20897.83594 -0.21522
20900.55664 -0.18510
20903.24023 -0.18909
20905.92578 -0.20876
20908.62305 -0.22283
20911.32031 -0.21540
20914.00781 -0.21311
20916.70508 -0.23044
20919.36914 -0.21433
20922.07031 -0.20314
20924.75586 -0.24070
20927.45508 -0.20775
20930.15625 -0.21380
20932.84570 -0.22619
20935.53516 -0.23097
20938.23633 -0.22453
20940.91406 -0.25229
20943.61523 -0.23355
20946.29492 -0.23365
20948.99805 -0.22848
20951.67773 -0.26550
20954.37891 -0.21633
20957.07227 -0.22766
20959.75391 -0.22962
20962.44531 -0.21521
20965.15039 -0.26314
20967.83203 -0.24594
20970.52734 -0.28737
20973.23242 -0.26129
20975.90234 -0.28283
20978.60938 -0.28859
20981.29297 -0.28461
20984.00000 -0.24702
20986.67383 -0.25570
20989.38086 -0.27890
20992.05273 -0.25625
20994.76172 -0.25615
20997.44727 -0.29217
21000.14453 -0.30780
21002.83203 -0.26101
21005.51758 -0.30168
21008.21680 -0.28654
21010.90430 -0.28130
21013.61523 -0.29269
21016.30273 -0.28648
21018.99219 -0.29395
21021.66797 -0.29154
21024.36914 -0.28946
21027.05859 -0.31325
21029.74805 -0.31963
21032.43945 -0.33152
21035.15234 -0.32480
21037.84375 -0.29919
21040.52344 -0.33704
21043.21289 -0.32060
21045.89453 -0.33043
21048.58789 -0.34658
21051.27930 -0.35100
21053.99414 -0.34412
21056.67578 -0.32725
21059.37109 -0.35571
21062.06445 -0.32106
21064.75977 -0.33670
21067.45312 -0.33862
21070.14844 -0.33825
21072.84375 -0.35843
21075.52734 -0.38548
21078.20117 -0.37639
21080.89648 -0.39183
21083.59375 -0.39397
21086.29102 -0.38775
21088.97656 -0.39171
21091.66211 -0.39479
21094.35938 -0.38063
21097.05859 -0.39913
21099.73438 -0.36032
21102.43359 -0.40635
21105.13281 -0.38395
21107.83398 -0.41940
21110.49805 -0.43258
21113.19922 -0.43019
21115.90039 -0.41940
21118.57812 -0.41988
21121.27930 -0.44545
21123.98047 -0.42620
21126.66016 -0.44080
21129.34961 -0.44095
21132.04102 -0.44563
21134.74414 -0.42740
21137.43750 -0.44542
21140.12891 -0.45892
21142.83398 -0.44106
21145.51562 -0.45097
21148.20898 -0.47470
21150.89062 -0.46132
21153.59570 -0.47711
21156.27734 -0.46418
21158.96289 -0.50095
21161.66797 -0.50681
21164.35352 -0.49995
21167.05859 -0.51321
21169.73242 -0.49909
21172.41602 -0.50526
21175.12695 -0.49170
21177.82227 -0.48936
21180.50781 -0.51604
21183.19336 -0.52034
21185.90430 -0.53862
21188.59180 -0.56575
21191.26758 -0.56143
21193.95312 -0.57886
21196.64258 -0.58164
21199.35352 -0.56317
21202.05273 -0.56665
21204.74219 -0.57119
21207.43164 -0.58069
21210.12109 -0.56373
21212.79883 -0.58849
21215.49023 -0.60295
21218.19336 -0.59806
21220.88281 -0.60990
21223.57422 -0.62912
21226.26562 -0.63477
21228.95703 -0.62109
21231.65039 -0.62895
21234.34375 -0.65463
21237.03711 -0.64081
21239.73047 -0.62004
21242.42188 -0.67162
21245.11719 -0.66911
21247.81055 -0.66138
21250.49414 -0.66681
21253.18945 -0.69332
21255.88477 -0.71969
21258.58008 -0.68716
21261.26562 -0.71355
21263.94922 -0.72449
21266.64648 -0.74432
21269.34375 -0.74080
21272.04102 -0.74956
21274.72656 -0.76613
21277.42578 -0.76258
21280.12305 -0.76324
21282.79883 -0.79147
21285.48633 -0.78699
21288.17383 -0.77095
21290.87500 -0.78126
21293.57422 -0.79845
21296.26172 -0.83400
21298.96289 -0.85888
21301.64062 -0.84097
21304.34375 -0.89581
21307.03320 -0.85154
21309.73633 -0.86657
21312.40234 -0.85106
21315.10547 -0.87008
21317.79688 -0.88209
21320.47656 -0.87195
21323.18164 -0.92925
21325.87500 -0.93139
21328.55469 -0.94174
21331.25977 -0.94128
21333.95312 -0.95560
21336.63477 -0.96442
21339.34180 -0.96448
21342.02539 -0.98260
21344.70703 -0.97074
21347.39258 -0.99326
21350.09961 -1.00075
21352.79492 -0.99388
21355.47852 -1.03255
21358.17578 -1.06647
21360.86133 -1.05714
21363.57031 -1.08263
21366.26758 -1.05234
21368.95312 -1.10362
21371.64062 -1.08954
21374.32812 -1.11001
21377.01562 -1.14588
21379.70117 -1.16136
21382.40234 -1.15238
21385.08984 -1.16461
21387.79102 -1.19955
21390.48047 -1.18199
21393.16797 -1.21002
21395.87109 -1.19051
21398.56055 -1.20868
21401.26367 -1.22122
21403.95312 -1.28409
21406.64453 -1.27965
21409.31250 -1.32523
21412.00391 -1.33615
21414.70703 -1.32390
21417.40039 -1.33056
21420.09180 -1.32294
21422.77344 -1.33971
21425.46680 -1.36503
21428.17188 -1.39158
21430.86719 -1.38790
21433.54883 -1.43179
21436.24414 -1.42282
21438.95117 -1.46727
21441.62305 -1.47385
21444.33008 -1.49819
21447.01367 -1.52747
21449.69922 -1.51966
21452.39648 -1.55534
21455.08203 -1.57819
21457.77930 -1.57785
21460.47656 -1.61489
21463.16211 -1.61100
21465.84961 -1.63885
21468.54688 -1.65440
21471.23633 -1.69487
21473.93359 -1.68841
21476.62305 -1.70231
21479.32227 -1.73921
21482.01172 -1.76448
21484.71289 -1.77273
21487.40234 -1.80867
21490.08008 -1.81689
21492.79297 -1.85080
21495.45898 -1.87115
21498.15039 -1.87885
21500.85352 -1.90401
21503.54492 -1.89089
21506.22461 -1.93506
21508.91602 -1.96732
21511.62109 -1.97845
21514.31445 -1.99275
21517.00781 -2.04592
21519.68945 -2.05396
21522.38281 -2.08933
21525.08789 -2.12052
21527.78125 -2.14501
21530.46680 -2.15648
21533.16016 -2.16260
21535.85547 -2.19316
21538.53906 -2.20056
21541.23438 -2.24938
21543.91992 -2.31134
21546.61719 -2.29655
21549.31445 -2.35865
21552.00000 -2.39251
21554.68555 -2.37684
21557.38477 -2.48480
21560.07031 -2.47975
21562.76953 -2.50312
21565.45703 -2.52310
21568.15625 -2.56332
21570.85547 -2.55240
21573.51953 -2.63906
21576.22070 -2.66038
21578.92188 -2.69664
21581.61133 -2.72032
21584.31250 -2.75237
21586.99023 -2.78840
21589.67969 -2.84213
21592.38281 -2.83746
21595.08594 -2.91089
21597.75391 -2.92826
21600.45703 -2.96234
21603.16211 -2.98928
21605.83008 -3.04156
21608.53516 -3.05703
21611.24023 -3.13861
21613.90820 -3.14141
21616.61523 -3.19975
21619.29688 -3.22693
21622.00195 -3.23910
21624.67383 -3.31948
21627.37891 -3.35791
21630.06445 -3.39164
21632.75977 -3.45755
21635.44336 -3.52301
21638.15234 -3.56015
21640.83789 -3.57408
21643.53320 -3.63220
21646.21875 -3.64439
21648.92969 -3.71699
21651.61328 -3.75481
21654.28906 -3.79755
21656.98828 -3.86797
21659.67578 -3.93149
21662.36328 -3.97080
21665.06250 -4.04102
21667.75000 -4.08651
21670.43750 -4.16615
21673.12695 -4.18672
21675.82812 -4.22728
21678.51758 -4.28314
21681.20703 -4.35002
21683.89844 -4.39884
21686.58789 -4.44987
21689.29102 -4.50826
21691.98242 -4.58782
21694.67383 -4.64026
21697.36523 -4.73483
21700.05859 -4.74961
21702.75000 -4.82375
21705.43164 -4.90993
21708.12500 -5.00441
21710.81836 -5.04718
21713.51172 -5.10022
21716.20508 -5.18372
21718.90039 -5.27050
21721.58398 -5.28810
21724.27734 -5.35216
21726.97461 -5.44181
21729.66992 -5.51889
21732.36523 -5.57712
21735.06250 -5.65689
21737.73438 -5.70742
21740.41992 -5.83956
21743.11719 -5.91714
21745.81641 -6.05542
21748.51367 -6.09794
21751.21289 -6.19993
21753.88672 -6.28741
21756.58594 -6.33306
21759.28516 -6.43562
21761.97266 -6.49579
21764.65039 -6.59370
21767.35156 -6.69928
21770.05273 -6.79764
21772.72852 -6.89206
21775.43164 -7.02334
21778.13281 -7.11455
21780.81055 -7.24482
21783.51367 -7.30679
21786.20312 -7.39830
21788.90625 -7.53270
21791.58594 -7.57792
21794.27930 -7.68943
21796.97070 -7.80449
21799.66211 -7.91922
21802.34375 -8.03592
21805.04883 -8.14277
21807.73047 -8.31083
21810.43750 -8.36626
21813.11914 -8.52576
21815.82422 -8.60044
21818.50781 -8.82495
21821.19141 -8.84784
21823.90039 -9.04743
21826.58203 -9.18064
21829.26562 -9.27662
21831.97461 -9.42475
21834.66016 -9.56033
21837.34570 -9.72318
21840.03125 -9.85849
21842.74023 -9.94832
21845.42773 -10.12695
21848.11328 -10.24916
21850.80078 -10.43353
21853.48828 -10.58410
21856.19922 -10.74129
21858.88672 -10.91396
21861.57617 -11.11862
21864.26367 -11.30307
21866.95312 -11.38631
21869.64258 -11.53922
21872.33203 -11.70116
21875.02148 -11.85712
21877.72266 -11.93902
21880.41406 -12.18952
21883.10547 -12.39141
21885.80664 -12.63916
21888.50000 -12.81434
21891.19141 -12.99007
21893.88281 -13.16703
21896.57617 -13.34570
21899.26758 -13.44337
21901.96094 -13.66932
21904.65430 -13.86317
21907.34961 -14.07738
21910.01953 -14.32850
21912.71289 -14.51584
21915.41992 -14.80728
21918.11523 -14.97481
21920.81055 -15.23812
21923.48242 -15.42913
21926.17969 -15.71438
21928.87500 -15.86246
21931.57227 -16.26142
21934.24609 -16.36207
21936.94336 -16.60344
21939.65234 -16.89619
21942.32617 -17.21021
21945.03711 -17.29443
21947.73633 -17.54336
21950.41016 -17.72035
21953.11133 -18.04041
21955.79688 -18.20184
21958.49805 -18.42449
21961.17383 -18.70083
21963.87500 -19.03895
21966.57617 -19.31884
21969.25391 -19.73452
21971.94336 -19.79467
21974.64453 -20.15730
21977.32422 -20.38950
21980.02734 -20.53622
21982.70508 -20.81762
21985.40820 -21.09731
21988.09961 -21.20453
21990.77930 -21.40705
21993.49609 -21.96189
21996.17773 -22.35661
21998.87109 -22.70007
22001.57617 -22.76141
22004.25586 -23.20250
22006.93945 -23.06928
22009.64648 -23.34876
22012.32812 -23.66302
22015.02344 -23.82779
22017.70703 -23.89043
22020.39062 -24.19139
22023.09766 -24.49874
22025.79492 -24.97282
22028.47852 -25.10853
22031.16406 -25.05137
22033.87305 -25.48945
22036.55859 -25.96509
22039.24414 -25.46822
22041.92969 -25.23712
22044.62891 -25.74803
22047.33984 -25.96374
22050.00391 -25.34515
