2.69198 3.23473
5.38396 7.14014
8.07594 5.78794
10.76791 2.14676
13.45990 -2.05633
16.15188 -0.54415
18.84385 2.82530
21.53583 5.10724
24.22782 5.99577
26.91980 5.92131
29.61178 5.01526
32.30375 3.31424
34.99574 0.69390
37.68771 -1.68913
40.37969 -1.76905
43.07167 -0.55295
45.76365 0.17284
48.45564 0.08965
51.14761 -1.30829
53.83958 -3.32922
56.53158 -4.01643
59.22356 -1.89010
61.91553 0.56427
64.60751 2.19180
67.29950 2.93748
69.99148 2.85774
72.68346 2.04075
75.37544 0.71375
78.06740 -0.84711
80.75941 -1.45337
83.45135 -1.01723
86.14335 -0.26757
88.83533 0.03194
91.52733 -0.20690
94.21931 -0.96931
96.91129 -1.72338
99.60326 -1.42763
102.29522 -0.39881
104.98720 0.82072
107.67921 1.79827
110.37118 2.05063
113.06315 1.87573
115.75513 1.02093
118.44709 -0.10413
121.13909 -0.87059
123.83107 -1.19356
126.52303 -0.63519
129.21504 -0.20660
131.90698 0.07212
134.59901 -0.10908
137.29097 -0.64477
139.98297 -0.87933
142.67494 -0.49778
145.36693 0.15138
148.05890 0.99467
150.75082 1.34543
153.44281 1.59857
156.13481 1.08229
158.82683 0.30239
161.51878 -0.62736
164.21075 -1.01446
166.90273 -0.85963
169.59470 -0.38268
172.28671 -0.01392
174.97871 0.09936
177.67072 -0.01305
180.36266 -0.32740
183.05463 -0.37644
185.74658 -0.05825
188.43863 0.46823
191.13058 0.97399
193.82259 1.11177
196.51457 0.98528
199.20654 0.50713
201.89848 -0.38486
204.59045 -0.80697
207.28242 -0.85510
209.97449 -0.70803
212.66635 -0.10098
215.35838 0.20173
218.05037 0.15960
220.74231 0.03443
223.43425 -0.12993
226.12625 -0.22213
228.81827 0.10263
231.51025 0.56486
234.20226 0.85782
236.89429 0.93205
239.58621 0.59586
242.27821 0.11809
244.97020 -0.54369
247.66219 -0.82809
250.35406 -0.82522
253.04608 -0.36961
255.73814 0.02327
258.43018 0.30752
261.12207 0.25579
263.81409 0.11503
266.50595 -0.08242
269.19803 -0.00598
271.88986 0.29612
274.58203 0.58257
277.27396 0.70518
279.96582 0.57075
282.65771 0.25866
285.34985 -0.26513
288.04184 -0.66911
290.73383 -0.75252
293.42584 -0.50904
296.11777 -0.09007
298.80994 0.18253
301.50174 0.40423
304.19376 0.18222
306.88571 0.08442
309.57773 0.01591
312.26950 0.06281
314.96167 0.37124
317.65369 0.53774
320.34552 0.56465
323.03763 0.30198
325.72964 -0.02500
328.42154 -0.46631
331.11353 -0.68552
333.80539 -0.59184
336.49753 -0.27985
339.18942 0.03012
341.88162 0.34721
344.57346 0.50514
347.26532 0.24491
349.95743 0.06679
352.64935 0.10000
355.34125 0.14421
358.03333 0.25371
360.72534 0.37547
363.41748 0.32143
366.10938 0.11180
368.80121 -0.25829
371.49323 -0.52737
374.18536 -0.61775
376.87717 -0.44102
379.56915 -0.05672
382.26108 0.34791
384.95306 0.41595
387.64508 0.42678
390.33707 0.23365
393.02917 0.11010
395.72095 -0.01550
398.41324 -0.00212
401.10489 0.28032
403.79700 0.33029
406.48886 0.10557
409.18097 -0.02062
411.87299 -0.32143
414.56500 -0.48457
417.25699 -0.46942
419.94888 -0.19296
422.64078 0.14893
425.33264 0.45641
428.02493 0.43423
430.71680 0.38106
433.40894 0.21374
436.10092 0.01016
438.79272 0.02041
441.48468 0.00658
444.17682 0.18371
446.86871 0.22064
449.56082 0.06372
452.25253 -0.01669
454.94440 -0.35986
457.63647 -0.46969
460.32877 -0.26966
463.02066 0.00644
465.71268 0.31771
468.40442 0.50983
471.09644 0.44920
473.78864 0.35001
476.48071 0.15795
479.17233 -0.02787
481.86435 -0.03007
484.55661 0.03799
487.24838 0.09853
489.94034 0.17739
492.63223 -0.03480
495.32428 -0.16760
498.01627 -0.27884
500.70828 -0.26917
503.40051 -0.04776
506.09219 0.19985
508.78406 0.41290
511.47644 0.53999
514.16846 0.35712
516.86011 0.18333
519.55219 -0.00074
522.24390 -0.15068
524.93640 -0.10004
527.62793 -0.01319
530.31989 0.06394
533.01215 0.01046
535.70422 -0.04101
538.39600 -0.22507
541.08795 -0.20811
543.77991 -0.18545
546.47205 0.05487
549.16400 0.30938
551.85583 0.44100
554.54779 0.46039
557.24005 0.24881
559.93182 0.03892
562.62396 -0.01917
565.31567 -0.12630
568.00781 -0.14605
570.69989 0.01775
573.39191 0.03103
576.08356 -0.03636
578.77545 -0.04464
581.46783 -0.20717
584.15961 -0.20101
586.85193 0.03484
589.54370 0.15279
592.23572 0.33459
594.92773 0.42678
597.61975 0.26320
600.31146 0.17681
603.00342 -0.09021
605.69543 -0.20538
608.38745 -0.16176
611.07965 -0.13554
613.77167 0.01435
616.46338 0.03608
619.15533 0.01956
621.84705 -0.01715
624.53918 -0.17463
627.23132 -0.06835
629.92358 0.12758
632.61560 0.30325
635.30762 0.33444
637.99915 0.26865
640.69092 0.18141
643.38336 0.07670
646.07550 -0.20276
648.76740 -0.22185
651.45917 -0.19717
654.15125 -0.02845
656.84296 0.02619
659.53528 0.09560
662.22729 0.01714
664.91901 -0.04522
667.61108 -0.03606
670.30328 0.02011
672.99500 0.17442
675.68701 0.26629
678.37872 0.33547
681.07104 0.26163
683.76312 0.06877
686.45496 -0.09094
689.14679 -0.24455
691.83893 -0.18701
694.53046 -0.06397
697.22260 -0.01643
699.91516 0.16569
702.60693 0.10126
705.29895 0.02474
707.99078 0.07159
710.68286 0.02451
713.37482 0.07077
716.06647 0.23788
718.75879 0.26010
721.45062 0.21764
724.14240 0.12648
726.83441 -0.04108
729.52679 -0.16236
732.21863 -0.17638
734.91077 -0.09079
737.60266 0.02481
740.29468 0.04342
742.98669 0.17772
745.67871 0.16384
748.37024 0.10466
751.06281 0.03353
753.75458 0.06999
756.44617 0.13727
759.13861 0.20359
761.83020 0.19569
764.52240 0.19342
767.21417 0.02261
769.90649 -0.12759
772.59802 -0.17327
775.29041 -0.15112
777.98206 -0.08413
780.67438 0.06434
783.36621 0.13456
786.05817 0.18301
788.75043 0.12748
791.44220 0.05267
794.13403 0.06099
796.82635 0.05652
799.51849 0.07371
802.21002 0.20174
804.90234 0.11598
807.59387 0.08088
810.28638 -0.01997
812.97766 -0.14788
815.67017 -0.12338
818.36224 0.00031
821.05365 -0.01684
823.74591 0.10026
826.43781 0.16106
829.12982 0.09599
831.82208 0.11130
834.51379 0.06797
837.20551 0.02508
839.89807 0.06851
842.59009 0.09887
845.28186 0.12291
847.97388 0.15365
850.66559 -0.04043
853.35779 -0.05503
856.05023 -0.07866
858.74164 -0.11046
861.43390 0.00841
864.12567 0.03050
866.81769 0.14363
869.50958 0.16778
872.20166 0.15326
874.89337 0.08426
877.58527 0.01129
880.27777 0.02840
882.96973 0.07822
885.66162 0.04130
888.35345 0.06443
891.04517 0.02391
893.73724 -0.02157
896.42950 -0.04055
899.12103 -0.08441
901.81366 -0.05181
904.50543 0.00325
907.19781 0.13007
909.88910 0.12897
912.58154 0.17579
915.27325 0.11738
917.96539 0.12505
920.65735 0.02676
923.34918 -0.00403
926.04065 0.04996
928.73340 0.04416
931.42523 0.07255
934.11719 0.07595
936.80914 -0.03224
939.50122 -0.05032
942.19330 0.00053
944.88519 -0.01981
947.57709 0.12404
950.26874 0.08795
952.96082 0.16531
955.65356 0.12171
958.34509 0.04196
961.03674 0.04986
963.72913 -0.01644
966.42102 0.00601
969.11249 0.05190
971.80457 -0.00425
974.49664 0.03003
977.18909 0.05045
979.88098 -0.00655
982.57330 -0.00954
985.26489 -0.01413
987.95679 0.04719
990.64893 0.12290
993.34082 0.12398
996.03284 0.14332
998.72461 0.13005
1001.41699 0.06136
1004.10828 0.03700
1006.80029 0.02810
1009.49286 0.02891
1012.18481 0.03117
1014.87671 0.03127
1017.56854 0.02222
1020.26074 0.03111
1022.95215 -0.02766
1025.64453 -0.00592
1028.33667 0.00846
1031.02795 0.05984
1033.72058 0.14549
1036.41235 0.13954
1039.10425 0.06007
1041.79614 0.08825
1044.48828 0.04263
1047.17981 0.00446
1049.87195 0.09434
1052.56421 0.01094
1055.25623 0.03040
1057.94824 0.01825
1060.64014 -0.00258
1063.33252 0.03244
1066.02466 0.05080
1068.71594 0.00330
1071.40820 0.03422
1074.09961 0.10010
1076.79187 0.08986
1079.48364 0.11477
1082.17566 0.11718
1084.86853 0.09487
1087.56018 0.02206
1090.25208 0.00670
1092.94446 -0.01774
1095.63586 0.03725
1098.32776 0.03757
1101.02026 0.03789
1103.71216 0.04748
1106.40381 0.02156
1109.09607 0.02071
1111.78748 0.04583
1114.47986 0.03617
1117.17151 0.09484
1119.86401 0.08870
1122.55566 0.07513
1125.24829 0.09416
1127.93933 0.06828
1130.63184 -0.03430
1133.32373 -0.02303
1136.01538 -0.00633
1138.70776 0.05102
1141.40027 0.05442
1144.09216 0.00546
1146.78418 0.05875
1149.47546 0.03751
1152.16760 0.08581
1154.86011 0.08422
1157.55139 0.06678
1160.24377 0.10515
1162.93555 0.08809
1165.62708 0.05399
1168.31897 0.06135
1171.01086 0.04999
1173.70361 0.00295
1176.39490 0.05096
1179.08777 0.05729
1181.77905 0.06573
1184.47131 0.02121
1187.16382 0.08633
1189.85522 0.06776
1192.54688 0.06740
1195.23926 0.07344
1197.93188 0.06369
1200.62341 0.09253
1203.31555 0.10078
1206.00720 0.04980
1208.69897 0.09405
1211.39124 0.06142
1214.08301 0.03846
1216.77527 0.04053
1219.46692 0.00066
1222.15906 -0.00551
1224.85120 0.01139
1227.54309 0.08346
1230.23499 0.08442
1232.92725 0.06185
1235.61926 0.05015
1238.31116 0.10447
1241.00330 0.01742
1243.69458 0.06829
1246.38696 0.08153
1249.07886 0.06094
1251.77051 0.05441
1254.46240 0.04020
1257.15527 -0.01262
1259.84692 0.05150
1262.53882 0.01703
1265.23096 0.02332
1267.92261 0.03758
1270.61426 0.05644
1273.30615 0.08024
1275.99878 0.06824
1278.69092 0.04413
1281.38232 0.04864
1284.07446 0.09765
1286.76721 0.02005
1289.45862 0.04106
1292.15002 0.04846
1294.84265 0.04535
1297.53455 0.04536
1300.22644 -0.03629
1302.91882 0.00956
1305.61023 0.02761
1308.30237 0.06514
1310.99414 0.06470
1313.68640 0.07397
1316.37781 0.06632
1319.07104 0.08949
1321.76172 0.04090
1324.45435 0.08314
1327.14600 0.06034
1329.83850 0.04676
1332.53003 0.07650
1335.22266 0.06555
1337.91394 0.04915
1340.60645 0.02932
1343.29761 0.00167
1345.99048 0.03732
1348.68201 0.08528
1351.37463 0.05445
1354.06580 0.07769
1356.75793 0.07554
1359.44946 0.08215
1362.14185 0.08228
1364.83362 0.06572
1367.52600 0.06179
1370.21790 0.08992
1372.91040 0.04636
1375.60229 0.07760
1378.29407 0.01201
1380.98584 0.06079
1383.67834 0.00524
1386.36914 0.07186
1389.06140 -0.00341
1391.75439 0.03919
1394.44580 0.08313
1397.13757 0.05186
1399.83008 0.07398
1402.52148 0.08120
1405.21350 0.05949
1407.90527 0.07582
1410.59766 0.01351
1413.28979 0.06063
1415.98218 0.06450
1418.67358 0.06422
1421.36621 0.01322
1424.05762 0.02777
1426.74951 -0.00112
1429.44165 -0.00102
1432.13281 0.08671
1434.82581 0.06835
1437.51819 0.06116
1440.20862 0.06493
1442.90173 0.05839
1445.59412 0.04762
1448.28552 0.01280
1450.97766 0.05632
1453.66931 0.03776
1456.36121 0.04546
1459.05322 0.05491
1461.74561 0.02939
1464.43701 0.04647
1467.12952 0.04532
1469.82129 0.02382
1472.51392 0.03577
1475.20508 0.04731
1477.89709 0.09721
1480.58911 0.08301
1483.28101 0.06721
1485.97314 0.06377
1488.66516 -0.00500
1491.35791 0.05947
1494.04907 0.03165
1496.74097 0.04562
1499.43274 0.03105
1502.12439 0.06413
1504.81677 0.06584
1507.50989 0.01900
1510.20105 0.08040
1512.89294 0.03515
1515.58545 0.02165
1518.27698 0.02637
1520.96826 0.04429
1523.66089 0.08827
1526.35254 0.03410
1529.04553 0.07807
1531.73730 0.03682
1534.42883 0.07933
1537.12012 0.03989
1539.81348 0.04894
1542.50476 0.03791
1545.19653 0.04505
1547.88892 0.00941
1550.58069 0.03903
1553.27283 0.03085
1555.96460 0.05883
1558.65601 0.01784
1561.34778 0.04822
1564.04053 0.08639
1566.73303 0.07351
1569.42407 0.04927
1572.11707 0.05795
1574.80872 0.01319
1577.49963 0.03259
1580.19263 0.04926
1582.88489 0.03387
1585.57593 0.08818
1588.26868 0.06465
1590.96082 0.02890
1593.65234 0.03549
1596.34399 0.02202
1599.03577 0.04603
1601.72778 0.07834
1604.42078 0.07257
1607.11206 0.06624
1609.80518 0.08278
1612.49585 0.05297
1615.18835 0.07211
1617.88000 0.01315
1620.57251 0.03453
1623.26416 0.03729
1625.95581 0.01286
1628.64844 0.03706
1631.34009 0.03089
1634.03174 0.03783
1636.72412 0.02190
1639.41650 0.06469
1642.10791 0.05419
1644.79932 0.02956
1647.49243 0.07476
1650.18347 0.08422
1652.87524 0.09039
1655.56787 0.05822
1658.25952 0.05685
1660.95166 0.03104
1663.64380 0.04440
1666.33557 0.05955
1669.02722 0.03641
1671.71960 0.08015
1674.41174 0.06509
1677.10339 0.03086
1679.79590 0.09086
1682.48804 0.05582
1685.18079 0.01165
1687.87134 0.05865
1690.56348 0.04851
1693.25610 0.07950
1695.94739 0.09606
1698.64014 0.03958
1701.33179 0.03734
1704.02380 0.02996
1706.71448 0.03253
1709.40845 0.04304
1712.09912 0.05685
1714.79126 0.04114
1717.48389 0.05600
1720.17603 0.03629
1722.86670 0.08034
1725.55872 0.01600
1728.25098 0.06335
1730.94299 0.03484
1733.63611 0.01941
1736.32776 0.05569
1739.01892 0.07958
1741.71118 0.05273
1744.40295 0.03255
1747.09509 0.06199
1749.78748 0.07000
1752.47925 0.06623
1755.17029 0.06125
1757.86255 0.08529
1760.55615 0.07591
1763.24707 0.06109
1765.93921 0.04162
1768.63147 0.06666
1771.32300 0.05633
1774.01477 0.07153
1776.70679 0.06185
1779.39868 0.03111
1782.09106 0.02284
1784.78357 0.04609
1787.47412 0.02381
1790.16687 0.03908
1792.85864 0.06035
1795.55164 0.04202
1798.24280 0.05555
1800.93494 0.07569
1803.62805 0.05674
1806.31836 0.05972
1809.01062 0.09165
1811.70300 0.06674
1814.39429 0.01464
1817.08765 0.09228
1819.77905 0.05793
1822.47034 0.02793
1825.16272 0.10363
1827.85498 0.04535
1830.54712 0.03376
1833.23950 0.05602
1835.93042 0.06407
1838.62256 0.04317
1841.31445 0.02927
1844.00623 0.06244
1846.69897 0.06990
1849.39050 0.02240
1852.08203 0.06196
1854.77332 0.06942
1857.46643 0.03572
1860.15942 0.07613
1862.85010 0.01758
1865.54272 0.04942
1868.23401 0.08155
1870.92712 0.04440
1873.61804 0.02504
1876.31079 0.03381
1879.00208 0.02167
1881.69421 0.07419
1884.38623 0.08108
1887.07776 0.02697
1889.77002 -0.00572
1892.46216 0.02296
1895.15479 0.07169
1897.84619 0.07180
1900.53711 0.05733
1903.22998 0.03609
1905.92224 0.05553
1908.61426 0.02296
1911.30566 0.05149
1913.99805 0.01578
1916.69080 0.01022
1919.38110 0.01115
1922.07422 0.01329
1924.76575 0.03917
1927.45886 0.03755
1930.14954 0.03972
1932.84167 0.08311
1935.53357 0.05459
1938.22583 0.04625
1940.91858 0.07675
1943.60974 0.02900
1946.30164 0.05807
1948.99390 0.06397
1951.68567 0.03877
1954.37781 0.08345
1957.06946 0.03275
1959.76160 0.04758
1962.45422 0.07689
1965.14624 0.03574
1967.83752 0.04973
1970.52942 0.07287
1973.22058 0.04937
1975.91321 0.05395
1978.60522 0.04727
1981.29858 0.02072
1983.98914 0.07771
1986.68127 0.04645
1989.37378 0.07976
1992.06543 0.03647
1994.75757 0.00596
1997.44983 0.07258
2000.14160 0.07081
2002.83252 0.02064
2005.52478 0.05055
2008.21741 0.05000
2010.90930 0.05558
2013.60144 0.03768
2016.29382 0.01704
2018.98535 0.04499
2021.67712 0.07156
2024.36926 0.04000
2027.06165 0.02742
2029.75305 0.01217
2032.44470 0.04384
2035.13672 0.05408
2037.82874 0.04393
2040.52100 0.04812
2043.21362 0.03130
2045.90515 0.06363
2048.59692 0.05626
2051.29004 0.02701
2053.98071 0.11028
2056.67310 0.07156
2059.36548 0.01673
2062.05664 0.05800
2064.74829 0.05416
2067.44092 0.07795
2070.13257 0.07463
2072.82544 0.03586
2075.51611 0.05286
2078.20801 0.00827
2080.90112 0.05812
2083.59326 0.05734
2086.28516 -0.00200
2088.97729 0.06028
2091.66943 0.05148
2094.36035 0.07196
2097.05249 0.05198
2099.74463 0.06285
2102.43677 0.04900
2105.12891 0.06823
2107.82007 0.04977
2110.51318 0.02297
2113.20410 0.02692
2115.89600 0.03356
2118.58813 0.01727
2121.28125 0.06102
2123.97168 0.06206
2126.66357 0.07208
2129.35620 0.05642
2132.04785 0.02497
2134.74023 0.06583
2137.43286 0.02775
2140.12500 0.06811
2142.81616 0.07292
2145.50928 0.03350
2148.19995 0.02697
2150.89160 0.01870
2153.58447 0.06439
2156.27686 0.03004
2158.96802 0.02204
2161.66138 0.04911
2164.35229 0.02928
2167.04395 0.04701
2169.73657 0.05329
2172.42896 0.04729
2175.12012 0.06077
2177.81201 0.03484
2180.50488 0.05421
2183.19507 0.05732
2185.88867 0.05537
2188.58081 0.04929
2191.27246 0.06312
2193.96387 0.05863
2196.65649 0.02511
2199.34839 0.06197
2202.04028 0.08202
2204.73145 0.04186
2207.42383 0.05861
2210.11572 0.06071
2212.80859 0.04904
2215.50073 0.06190
2218.19165 0.05818
2220.88452 0.05858
2223.57568 0.08143
2226.26782 0.03760
2228.95947 0.05152
2231.65186 0.07725
2234.34375 0.01629
2237.03540 0.06330
2239.72778 0.04264
2242.41968 0.05691
2245.11230 0.06549
2247.80444 0.04182
2250.49512 0.05536
2253.18750 0.05008
2255.87939 0.04303
2258.57104 0.02257
2261.26318 0.08272
2263.95483 0.06335
2266.64868 0.04173
2269.34033 0.06162
2272.03174 0.07578
2274.72241 0.05902
2277.41650 0.02752
2280.10742 0.04966
2282.79883 0.06625
2285.49121 0.05170
2288.18286 0.06206
2290.87622 0.05378
2293.56787 0.06289
2296.25903 0.06800
2298.95190 0.04855
2301.64307 0.07114
2304.33472 0.04799
2307.02832 0.01373
2309.71851 0.04303
2312.41089 0.03805
2315.10376 0.05760
2317.79590 0.03807
2320.48730 0.05802
2323.17920 0.03045
2325.87061 0.04853
2328.56372 0.05570
2331.25488 0.07612
2333.94800 0.05120
2336.63892 0.06612
2339.33154 0.04813
2342.02246 0.04144
2344.71509 0.06080
2347.40820 0.07513
2350.09790 0.05949
2352.79077 0.05868
2355.48267 0.06047
2358.17529 0.06857
2360.86694 0.07008
2363.55908 0.02251
2366.25024 0.02104
2368.94214 0.05702
2371.63452 0.06290
2374.32715 0.07205
2377.01904 0.10483
2379.71143 0.06295
2382.40405 0.03421
2385.09473 0.02612
2387.78809 0.05445
2390.47827 0.04533
2393.17114 0.01881
2395.86230 0.10360
2398.55469 0.04955
2401.24634 0.05371
2403.93970 0.05200
2406.62939 0.04935
2409.32227 0.05978
2412.01416 0.08331
2414.70630 0.05268
2417.39746 0.06332
2420.08887 0.04157
2422.78345 0.03902
2425.47437 0.04799
2428.16675 0.06394
2430.85840 0.03202
2433.55029 0.07308
2436.24097 0.03258
2438.93481 0.04433
2441.62622 0.05049
2444.31909 0.05810
2447.00977 0.04417
2449.70190 0.02480
2452.39453 0.03684
2455.08594 0.06768
2457.77759 0.06088
2460.46948 0.07190
2463.16162 0.08686
2465.85400 0.04166
2468.54663 0.04652
2471.23804 0.06516
2473.92969 0.07555
2476.62183 0.03804
2479.31396 0.06621
2482.00488 0.04814
2484.69727 0.03209
2487.39014 0.02660
2490.08154 0.04007
2492.77490 0.06743
2495.46533 0.05056
2498.15723 0.06130
2500.84961 0.05302
2503.54199 0.03144
2506.23438 0.06554
2508.92578 0.01691
2511.61719 0.08955
2514.31006 0.06190
2517.00317 0.04926
2519.69336 0.08257
2522.38525 0.01809
2525.07715 0.05570
2527.76929 0.08088
2530.46143 0.05546
2533.15503 0.04518
2535.84619 0.06183
2538.53711 0.05219
2541.22949 0.07095
2543.92065 0.07135
2546.61328 0.03403
2549.30591 0.06552
2551.99731 0.06597
2554.68872 0.03193
2557.38135 0.04974
2560.07275 0.05728
2562.76562 0.04978
2565.45679 0.04337
2568.14966 0.03891
2570.84277 0.05500
2573.53394 0.07620
2576.22412 0.07378
2578.91675 0.08367
2581.60815 0.03857
2584.30103 0.04721
2586.99219 0.05549
2589.68481 0.05408
2592.37622 0.02679
2595.06885 0.04353
2597.76123 0.01986
2600.45239 0.06723
2603.14478 0.04741
2605.83716 0.05205
2608.52930 0.05858
2611.21997 0.04575
2613.91357 0.06190
2616.60571 0.03422
2619.29736 0.07253
2621.98779 0.07201
2624.68237 0.05373
2627.37231 0.03775
2630.06519 0.03974
2632.75659 0.06558
2635.45044 0.05145
2638.13989 0.04867
2640.83228 0.02355
2643.52441 0.05416
2646.21655 0.02620
2648.90820 0.05102
2651.59985 0.05820
2654.29297 0.04937
2656.98413 0.00726
2659.67676 0.06248
2662.36890 0.03482
2665.06104 0.05603
2667.75293 0.05822
2670.44336 0.08017
2673.13623 0.02973
2675.82764 0.05051
2678.52148 0.04319
2681.21240 0.04785
2683.90576 0.05958
2686.59619 0.06434
2689.28906 0.00769
2691.98047 0.04662
2694.67285 0.07379
2697.36523 0.05742
2700.05688 0.04135
2702.74878 0.05181
2705.44019 0.03731
2708.13135 0.06241
2710.82495 0.06069
2713.51538 0.05131
2716.20850 0.03577
2718.90015 0.04355
2721.59253 0.05293
2724.28467 0.01817
2726.97510 0.06494
2729.66821 0.04063
2732.35938 0.06143
2735.05298 0.03616
2737.74365 0.04994
2740.43677 0.03478
2743.12793 0.03551
2745.82056 0.03037
2748.51245 0.06226
2751.20410 0.04065
2753.89526 0.05175
2756.58765 0.06308
2759.27979 0.03864
2761.97144 0.04626
2764.66406 0.04124
2767.35474 0.06431
2770.04785 0.06078
2772.73950 0.06783
2775.43188 0.05751
2778.12427 0.06035
2780.81543 0.06142
2783.50854 0.04501
2786.20093 0.07074
2788.89258 0.06005
2791.58374 0.06573
2794.27612 0.05735
2796.96680 0.06001
2799.65967 0.04949
2802.35205 0.07061
2805.04395 0.04547
2807.73560 0.04524
2810.42676 0.05462
2813.12036 0.03943
2815.81201 0.06605
2818.50415 0.05935
2821.19482 0.03151
2823.88794 0.04411
2826.57886 0.05562
2829.27246 0.07258
2831.96387 0.06207
2834.65649 0.04272
2837.34668 0.07250
2840.03931 0.04866
2842.73047 0.06414
2845.42358 0.02344
2848.11475 0.06118
2850.80688 0.05541
2853.50000 0.05377
2856.19092 0.06067
2858.88452 0.04056
2861.57593 0.06685
2864.26660 0.03127
2866.95996 0.05842
2869.65088 0.05663
2872.34277 0.03614
2875.03589 0.03803
2877.72656 0.05010
2880.41821 0.01907
2883.11084 0.06047
2885.80444 0.04112
2888.49414 0.03354
2891.18799 0.05032
2893.87793 0.07099
2896.57202 0.05329
2899.26367 0.04896
2901.95654 0.06916
2904.64697 0.07104
2907.33984 0.05204
2910.03223 0.02692
2912.72192 0.03604
2915.41455 0.05693
2918.10791 0.03285
2920.79834 0.05587
2923.48877 0.03706
2926.18311 0.05488
2928.87500 0.02082
2931.56641 0.06807
2934.25830 0.06388
2936.95142 0.07289
2939.64209 0.03910
2942.33496 0.03830
2945.02734 0.04945
2947.71729 0.05114
2950.41113 0.04985
2953.10449 0.05783
2955.79346 0.05095
2958.48511 0.05966
2961.17920 0.06496
2963.86914 0.05471
2966.56177 0.08129
2969.25513 0.05699
2971.94580 0.04745
2974.63892 0.06801
2977.32959 0.02921
2980.02295 0.04497
2982.71387 0.05395
2985.40527 0.04369
2988.09912 0.02963
2990.78931 0.07134
2993.48315 0.02770
2996.17456 0.05600
2998.86646 0.06601
3001.55786 0.03568
3004.24976 0.04634
3006.94116 0.05045
3009.63477 0.03596
3012.32568 0.05277
3015.01904 0.06157
3017.70996 0.04320
3020.40332 0.06038
3023.09399 0.04786
3025.78687 0.07141
3028.47754 0.02310
3031.16895 0.02840
3033.86084 0.03763
3036.55518 0.08110
3039.24512 0.05924
3041.93750 0.03833
3044.63086 0.04594
3047.32153 0.05561
3050.01245 0.04803
3052.70605 0.06217
3055.39697 0.05749
3058.09033 0.04444
3060.78101 0.05537
3063.47437 0.05593
3066.16626 0.05554
3068.85718 0.06883
3071.54883 0.05235
3074.24121 0.06221
3076.93457 0.06865
3079.62646 0.06715
3082.31763 0.02334
3085.01074 0.04655
3087.70142 0.05184
3090.39282 0.05059
3093.08643 0.03639
3095.77881 0.05769
3098.46875 0.02124
3101.16064 0.04506
3103.85376 0.03545
3106.54541 0.05517
3109.23755 0.07267
3111.93066 0.07165
3114.62061 0.07358
3117.31323 0.01885
3120.00464 0.04894
3122.69653 0.05641
3125.38916 0.04904
3128.08252 0.01436
3130.77271 0.06352
3133.46387 0.07491
3136.15698 0.08517
3138.84741 0.02382
3141.54199 0.04119
3144.23340 0.03863
3146.92407 0.05793
3149.61841 0.03326
3152.31006 0.06860
3155.00024 0.06915
3157.69336 0.07811
3160.38452 0.03945
3163.07690 0.04984
3165.76953 0.04654
3168.45923 0.07115
3171.15283 0.04047
3173.84546 0.08878
3176.53882 0.05071
3179.22876 0.06625
3181.91943 0.04763
3184.61230 0.05273
3187.30444 0.05161
3189.99634 0.04546
3192.68774 0.05684
3195.38086 0.07379
3198.07300 0.03495
3200.76367 0.06713
3203.45483 0.04701
3206.14844 0.07398
3208.84082 0.04307
3211.53394 0.07566
3214.22559 0.04757
3216.91577 0.05775
3219.60815 0.02658
3222.30103 0.04494
3224.99316 0.01374
3227.68335 0.06499
3230.37793 0.07741
3233.06934 0.07469
3235.76099 0.05648
3238.45166 0.06675
3241.14429 0.04806
3243.83765 0.05801
3246.52783 0.07014
3249.22021 0.04818
3251.91284 0.06222
3254.60449 0.06209
3257.29614 0.05454
3259.98853 0.04209
3262.67944 0.08774
3265.37280 0.04130
3268.06470 0.06630
3270.75708 0.07004
3273.44775 0.06317
3276.13892 0.05611
3278.83057 0.05000
3281.52466 0.06355
3284.21533 0.09457
3286.90820 0.05856
3289.59985 0.01918
3292.29199 0.03500
3294.98413 0.05906
3297.67676 0.05160
3300.36816 0.05647
3303.05981 0.03373
3305.75171 0.04413
3308.44238 0.04684
3311.13696 0.04872
3313.82837 0.03772
3316.52002 0.03727
3319.21240 0.04963
3321.90454 0.03291
3324.59570 0.05303
3327.28687 0.04978
3329.98047 0.07874
3332.67261 0.05731
3335.36328 0.02077
3338.05591 0.03492
3340.74707 0.03527
3343.44043 0.05111
3346.13037 0.06106
3348.82275 0.05569
3351.51538 0.03838
3354.20630 0.07463
3356.90137 0.08415
3359.59302 0.04090
3362.28296 0.04152
3364.97534 0.04581
3367.66797 0.06325
3370.35889 0.07131
3373.05029 0.05006
3375.74390 0.03564
3378.43579 0.03917
3381.12817 0.05483
3383.82056 0.06392
3386.51343 0.06741
3389.20483 0.05496
3391.89600 0.03862
3394.58765 0.05237
3397.28174 0.06247
3399.97046 0.06142
3402.66309 0.05381
3405.35571 0.05632
3408.04688 0.07229
3410.74023 0.03840
3413.43018 0.05387
3416.12231 0.05890
3418.81616 0.02778
3421.50684 0.07307
3424.19946 0.05599
3426.89087 0.03194
3429.58203 0.04954
3432.27539 0.06845
3434.96533 0.05298
3437.65918 0.06033
3440.35132 0.05062
3443.04370 0.03957
3445.73462 0.04085
3448.42725 0.04580
3451.11865 0.08553
3453.81006 0.06848
3456.50171 0.03114
3459.19531 0.06678
3461.88721 0.05046
3464.57764 0.06564
3467.27148 0.07003
3469.96411 0.05607
3472.65308 0.06158
3475.34766 0.06968
3478.03906 0.04361
3480.73242 0.08361
3483.42212 0.05099
3486.11377 0.04431
3488.80737 0.05498
3491.49731 0.03545
3494.19165 0.06103
3496.88403 0.02608
3499.57617 0.05049
3502.26685 0.01459
3504.95776 0.06330
3507.65088 0.03313
3510.34180 0.04380
3513.03516 0.04654
3515.72656 0.04840
3518.41821 0.04098
3521.10986 0.08666
3523.80151 0.03714
3526.49536 0.06144
3529.18726 0.03902
3531.87769 0.08143
3534.57007 0.06329
3537.26416 0.03139
3539.95459 0.07088
3542.64526 0.06376
3545.33789 0.02918
3548.03076 0.06817
3550.72192 0.03670
3553.41479 0.05528
3556.10571 0.04407
3558.79883 0.07060
3561.48999 0.05476
3564.18140 0.04858
3566.87500 0.03520
3569.56641 0.04845
3572.26001 0.03469
3574.94971 0.08358
3577.64331 0.04041
3580.33301 0.04872
3583.02686 0.03641
3585.71899 0.04125
3588.41064 0.06647
3591.10059 0.06200
3593.79492 0.05760
3596.48682 0.05770
3599.17871 0.04246
3601.87109 0.05190
3604.56104 0.04203
3607.25342 0.04955
3609.94580 0.02650
3612.63794 0.05243
3615.33032 0.04462
3618.02075 0.05797
3620.71289 0.05561
3623.40527 0.08774
3626.09766 0.04902
3628.78979 0.06450
3631.48218 0.05605
3634.17261 0.05285
3636.86523 0.04689
3639.55737 0.05333
3642.24976 0.03723
3644.94019 0.06186
3647.63452 0.03776
3650.32471 0.04043
3653.01904 0.05620
3655.70947 0.03999
3658.39966 0.05535
3661.09375 0.05528
3663.78394 0.06863
3666.47632 0.05108
3669.17017 0.03710
3671.86035 0.06894
3674.55444 0.07288
3677.24658 0.05046
3679.93848 0.05751
3682.62817 0.06839
3685.32202 0.04087
3688.01367 0.06402
3690.70581 0.05214
3693.39746 0.06310
3696.08911 0.03976
3698.78223 0.01151
3701.47388 0.03570
3704.16528 0.06611
3706.85864 0.07824
3709.54785 0.06095
3712.24097 0.05365
3714.93433 0.04823
3717.62524 0.05542
3720.31592 0.06518
3723.00879 0.03961
3725.70142 0.05881
3728.39209 0.07568
3731.08472 0.06849
3733.77905 0.06435
3736.46948 0.00165
3739.16357 0.06346
3741.85181 0.05920
3744.54370 0.01720
3747.23535 0.04459
3749.92920 0.03420
3752.62085 0.05003
3755.31421 0.05598
3758.00562 0.06438
3760.69873 0.04299
3763.38794 0.04916
3766.08081 0.05750
3768.77173 0.06288
3771.46631 0.06513
3774.15698 0.06978
3776.84741 0.03183
3779.54175 0.04235
3782.23364 0.07363
3784.92578 0.04218
3787.61743 0.06758
3790.30688 0.05770
3793.00073 0.03666
3795.69165 0.05694
3798.38501 0.04597
3801.07593 0.05953
3803.76855 0.05092
3806.46118 0.03570
3809.15161 0.03841
3811.84570 0.06233
3814.53589 0.04391
3817.22974 0.03988
3819.92139 0.06374
3822.61304 0.04642
3825.30444 0.02581
3827.99536 0.04404
3830.68823 0.04102
3833.38086 0.06237
3836.07129 0.04658
3838.76367 0.05077
3841.45581 0.04820
3844.14795 0.01281
3846.83960 0.06440
3849.53076 0.03963
3852.22607 0.05309
3854.91724 0.05131
3857.60767 0.01404
3860.29834 0.04180
3862.99072 0.07861
3865.68262 0.02435
3868.37476 0.03183
3871.06836 0.01733
3873.75977 0.03745
3876.45288 0.07914
3879.14404 0.07662
3881.83667 0.03616
3884.52686 0.06352
3887.21899 0.04082
3889.91089 0.03981
3892.60474 0.09650
3895.29614 0.04006
3897.98511 0.02707
3900.68018 0.05000
3903.37280 0.05126
3906.06494 0.04431
3908.75513 0.05552
3911.44678 0.04622
3914.14062 0.02053
3916.83154 0.07838
3919.52271 0.04443
3922.21533 0.05566
3924.90796 0.05731
3927.59985 0.04364
3930.29175 0.03490
3932.98315 0.04081
3935.67456 0.07147
3938.36743 0.05583
3941.05811 0.04930
3943.75244 0.04554
3946.44238 0.00963
3949.13867 0.06403
3951.82568 0.04447
3954.51880 0.04607
3957.21167 0.06982
3959.90430 0.03829
3962.59424 0.04797
3965.28638 0.04543
3967.97998 0.07436
3970.67090 0.04899
3973.36377 0.07379
3976.05640 0.05366
3978.74683 0.03519
3981.43848 0.04366
3984.13232 0.04369
3986.82153 0.06254
3989.51440 0.04442
3992.20703 0.05567
3994.89893 0.04616
3997.59326 0.07021
4000.28027 0.04868
4002.97363 0.03383
4005.66650 0.03954
4008.35889 0.06390
4011.05127 0.02686
4013.74292 0.06860
4016.43433 0.05742
4019.12720 0.07820
4021.81787 0.08292
4024.51245 0.06578
4027.20435 0.06977
4029.89355 0.03180
4032.58667 0.05008
4035.27734 0.05328
4037.96997 0.02429
4040.66211 0.06702
4043.35376 0.04066
4046.04688 0.06246
4048.73999 0.04814
4051.43018 0.04524
4054.12256 0.03182
4056.81421 0.06001
4059.50757 0.04009
4062.19849 0.03173
4064.88892 0.05735
4067.58081 0.04080
4070.27466 0.04104
4072.96606 0.04702
4075.65674 0.03843
4078.35181 0.02205
4081.04126 0.04555
4083.73535 0.03974
4086.42627 0.03203
4089.11694 0.06761
4091.80957 0.05457
4094.50171 0.04189
4097.19531 0.06764
4099.88623 0.04828
4102.57910 0.04988
4105.26904 0.06622
4107.96338 0.03391
4110.65674 0.07943
4113.34766 0.03258
4116.04004 0.04071
4118.72998 0.06040
4121.42188 0.05485
4124.11523 0.04686
4126.80518 0.01407
4129.49805 0.07883
4132.18945 0.09706
4134.88086 0.08866
4137.57373 0.00993
4140.26660 -0.15500
4142.95850 -0.24355
4145.65039 0.00336
4148.34082 0.06923
4151.03369 0.04764
4153.72559 0.01860
4156.41748 0.02459
4159.11084 0.08144
4161.80127 0.11261
4164.49365 0.04495
4167.18555 0.06693
4169.87646 0.04569
4172.56982 0.06907
4175.26172 0.04701
4177.95166 -0.00471
4180.64502 0.04579
4183.33594 0.05644
4186.03076 0.05530
4188.72266 0.05044
4191.41602 0.06000
4194.10693 0.06759
4196.79932 0.06282
4199.49121 0.05813
4202.18018 0.05031
4204.87061 0.05395
4207.56787 0.06000
4210.25732 0.02849
4212.95117 0.05938
4215.64160 0.06339
4218.33154 0.05317
4221.02588 0.06154
4223.71680 0.05150
4226.40967 0.05032
4229.10205 0.07037
4231.79395 0.04215
4234.48535 0.01970
4237.17773 0.04087
4239.87012 0.03986
4242.55908 0.04827
4245.25488 0.04256
4247.94482 0.06691
4250.63721 0.05526
4253.32861 0.04883
4256.02148 0.05422
4258.71143 0.02890
4261.40820 0.06313
4264.09717 0.05515
4266.79004 0.05006
4269.47998 0.06629
4272.17383 0.05528
4274.86475 0.06025
4277.55762 0.04360
4280.25195 0.04974
4282.94092 0.07707
4285.63379 0.02840
4288.32617 0.05869
4291.01758 0.03836
4293.70850 0.06996
4296.40186 0.04846
4299.09131 0.02538
4301.78516 0.03190
4304.47803 0.06601
4307.17041 0.05961
4309.86230 0.03783
4312.55322 0.06935
4315.24365 0.04450
4317.93555 0.06114
4320.62891 0.05487
4323.32227 0.04733
4326.01465 0.06877
4328.70361 0.06500
4331.39453 0.06417
4334.08691 0.05028
4336.78125 0.01608
4339.47217 0.05896
4342.16260 0.06467
4344.85498 0.02130
4347.54883 0.05364
4350.23926 0.04549
4352.93164 0.05429
4355.62305 0.05187
4358.31885 0.04933
4361.00928 0.04973
4363.70068 0.05504
4366.39160 0.06368
4369.08496 0.07340
4371.77686 0.04437
4374.46533 0.06148
4377.16064 0.06224
4379.85303 0.07043
4382.54443 0.04996
4385.23730 0.05833
4387.92725 0.05048
4390.62109 0.04888
4393.31201 0.03544
4396.00439 0.03711
4398.69629 0.06506
4401.38965 0.05587
4404.07959 0.06058
4406.77148 0.07325
4409.46484 0.01553
4412.15527 0.04479
4414.84961 0.06613
4417.54053 0.05631
4420.23096 0.06006
4422.92480 0.07490
4425.61621 0.04216
4428.30908 0.03006
4431.00098 0.05678
4433.69238 0.04072
4436.38281 0.03894
4439.07471 0.04675
4441.76807 0.02321
4444.45850 0.00698
4447.15332 0.05162
4449.84180 0.04807
4452.53711 0.06341
4455.22656 0.04338
4457.92041 0.04386
4460.61328 0.06701
4463.30322 0.05880
4465.99658 0.03950
4468.68701 0.05350
4471.37891 0.06609
4474.07275 0.04539
4476.76514 0.03620
4479.45703 0.03552
4482.14844 0.06681
4484.83838 0.04861
4487.53076 0.04094
4490.22363 0.04497
4492.91650 0.05008
4495.60596 0.07794
4498.29932 0.04681
4500.99170 0.03736
4503.68359 0.08411
4506.37646 0.03527
4509.06885 0.06017
4511.76074 0.05817
4514.45117 0.05209
4517.14355 0.05864
4519.83740 0.05776
4522.52783 0.07364
4525.22021 0.04598
4527.91162 0.03776
4530.60400 0.09779
4533.29590 0.04977
4535.98730 0.05616
4538.68018 0.04340
4541.37158 0.05483
4544.06250 0.06701
4546.75488 0.05957
4549.44678 0.05369
4552.13965 0.05228
4554.82959 0.02386
4557.52344 0.05725
4560.21631 0.07603
4562.90820 0.05503
4565.59961 0.07742
4568.28955 0.06505
4570.98389 0.05134
4573.67480 0.04142
4576.36719 0.06018
4579.05859 0.04691
4581.75195 0.07552
4584.44385 0.05625
4587.13525 0.03974
4589.82764 0.05453
4592.51953 0.03818
4595.20801 0.05215
4597.90283 0.04188
4600.59473 0.06227
4603.28760 0.04609
4605.97998 0.06728
4608.66846 0.02439
4611.36377 0.04111
4614.05322 0.05974
4616.74658 0.05269
4619.43896 0.05714
4622.13037 0.03269
4624.82080 0.02974
4627.51562 0.04472
4630.20410 0.05759
4632.89893 0.05161
4635.59082 0.04924
4638.28174 0.02805
4640.97607 0.05850
4643.66504 0.05582
4646.35791 0.04497
4649.04980 0.04438
4651.74268 0.04715
4654.43555 0.03815
4657.12695 0.05327
4659.81982 0.04286
4662.51172 0.03626
4665.20264 0.03970
4667.89258 0.06899
4670.58691 0.05893
4673.27686 0.05356
4675.97168 0.07082
4678.66016 0.03244
4681.35547 0.06194
4684.04639 0.04052
4686.73975 0.07857
4689.42920 0.06007
4692.12012 0.07775
4694.81299 0.04243
4697.50684 0.06411
4700.19775 0.05835
4702.88965 0.04207
4705.58301 0.06811
4708.27588 0.09301
4710.96729 0.07834
4713.65723 0.05914
4716.35205 0.03292
4719.04297 0.04721
4721.73291 0.05325
4724.42676 0.09190
4727.11719 0.05398
4729.80908 0.05592
4732.50244 0.06280
4735.19482 0.05143
4737.88623 0.06478
4740.57617 0.03177
4743.27100 0.05660
4745.95898 0.05001
4748.65332 0.07212
4751.34717 0.04859
4754.03711 0.03631
4756.72852 0.03992
4759.42188 0.06905
4762.11377 0.06858
4764.80469 0.05863
4767.49707 0.05359
4770.19092 0.05716
4772.88135 0.03395
4775.57275 0.07499
4778.26904 0.04350
4780.95801 0.03793
4783.64941 0.04645
4786.33936 0.03537
4789.03320 0.05931
4791.72607 0.04102
4794.41797 0.01462
4797.11133 0.03630
4799.80078 0.06209
4802.49463 0.02978
4805.18457 0.04692
4807.87598 0.04201
4810.57178 0.06509
4813.26074 0.04173
4815.95410 0.04916
4818.64600 0.04021
4821.33984 0.05433
4824.02734 0.04229
4826.72119 0.06406
4829.41406 0.05160
4832.10596 0.03600
4834.79688 0.08416
4837.49121 0.06552
4840.17969 0.01962
4842.87207 0.05363
4845.56348 0.06047
4848.25879 0.06537
4850.95068 0.06209
4853.64111 0.03123
4856.33301 0.03121
4859.02637 0.06755
4861.71582 0.04485
4864.40967 0.07406
4867.10205 0.08684
4869.79102 0.03472
4872.48389 0.05384
4875.17822 0.03653
4877.86572 0.06346
4880.56055 0.05072
4883.25391 0.07062
4885.94629 0.05016
4888.63477 0.04221
4891.32715 0.03440
4894.02148 0.07278
4896.71436 0.06801
4899.40576 0.05204
4902.09912 0.06180
4904.78809 0.05806
4907.47900 0.03905
4910.17090 0.05328
4912.86475 0.03137
4915.55664 0.05338
4918.24805 0.03172
4920.94092 0.04659
4923.63232 0.06401
4926.32520 0.04614
4929.01660 0.04841
4931.70996 0.04581
4934.40186 0.06273
4937.09229 0.06927
4939.78467 0.05369
4942.47803 0.05078
4945.17041 0.04446
4947.86133 0.04165
4950.55420 0.06250
4953.24561 0.05117
4955.93555 0.04538
4958.62695 0.05272
4961.32275 0.07546
4964.01172 0.04417
4966.70215 0.04441
4969.39404 0.05107
4972.08984 0.03567
4974.77930 0.03292
4977.47314 0.05443
4980.16553 0.06824
4982.85645 0.06066
4985.55176 0.04904
4988.24268 0.04124
4990.93262 0.05813
4993.62402 0.03868
4996.31641 0.04398
4999.00830 0.04606
5001.70117 0.06994
5004.38965 0.05121
5007.08594 0.05320
5009.77490 0.03096
5012.46826 0.04297
5015.16016 0.05202
5017.85059 0.06712
5020.54248 0.03834
5023.23584 0.03551
5025.92822 0.04310
5028.62207 0.06770
5031.31152 0.07143
5034.00244 0.03392
5036.69482 0.02752
5039.38867 0.06244
5042.08105 0.07178
5044.77246 0.07357
5047.46533 0.06252
5050.15625 0.07377
5052.84912 0.02061
5055.54053 0.06719
5058.23340 0.04961
5060.92480 0.04066
5063.61523 0.05234
5066.30664 0.06113
5068.99951 0.02388
5071.69141 0.02660
5074.38477 0.05224
5077.07617 0.05704
5079.76660 0.05098
5082.46094 0.06122
5085.15137 0.04821
5087.84326 0.03605
5090.53369 0.06645
5093.22852 0.02747
5095.91650 0.05437
5098.61084 0.04297
5101.30420 0.04785
5103.99365 0.04923
5106.68701 0.05448
5109.37891 0.03043
5112.07275 0.05507
5114.76172 0.06488
5117.45508 0.04220
5120.14746 0.03686
5122.84082 0.03546
5125.53027 0.04705
5128.22363 0.06654
5130.91309 0.03329
5133.60645 0.04841
5136.30127 0.03519
5138.98926 0.04112
5141.68457 0.03989
5144.37500 0.04270
5147.06738 0.04763
5149.75781 0.02941
5152.45020 0.04423
5155.14062 0.06797
5157.83252 0.05552
5160.52930 0.05358
5163.21826 0.04670
5165.90869 0.02622
5168.60400 0.03396
5171.29443 0.03295
5173.98633 0.07190
5176.67725 0.02733
5179.37158 0.03283
5182.06250 0.04608
5184.75439 0.07057
5187.44775 0.04771
5190.13965 0.06002
5192.83008 0.05075
5195.52148 0.03359
5198.21484 0.04702
5200.90674 0.06078
5203.59668 0.05564
5206.29150 0.02780
5208.98193 0.03544
5211.67334 0.04978
5214.36621 0.07332
5217.06055 0.05809
5219.75098 0.03596
5222.44189 0.02264
5225.13525 0.06486
5227.82617 0.05617
5230.51904 0.01956
5233.21045 0.05727
5235.89990 0.07897
5238.59082 0.06207
5241.28955 0.04731
5243.97754 0.04816
5246.66992 0.05013
5249.36377 0.07627
5252.05615 0.04134
5254.74365 0.04012
5257.43896 0.06110
5260.12939 0.04156
5262.82178 0.03551
5265.51514 0.07424
5268.20410 0.05496
5270.89746 0.06742
5273.59180 0.04027
5276.28223 0.04592
5278.97363 0.04811
5281.66650 0.04762
5284.35547 0.02443
5287.04785 0.05164
5289.74219 0.05816
5292.43506 0.08602
5295.12305 0.06249
5297.81836 0.03386
5300.50928 0.06216
5303.20166 0.05754
5305.89258 0.04065
5308.58496 0.03744
5311.27783 0.03860
5313.97021 0.04067
5316.66309 0.05289
5319.35254 0.07894
5322.04541 0.05369
5324.73682 0.05056
5327.42969 0.06013
5330.12402 0.08799
5332.81396 0.04082
5335.50537 0.05709
5338.20068 0.05792
5340.88867 0.06422
5343.58057 0.03995
5346.27441 0.06325
5348.96338 0.03708
5351.65723 0.04545
5354.35156 0.03669
5357.04199 0.05272
5359.73047 0.02275
5362.42383 0.06281
5365.11816 0.05626
5367.80762 0.02336
5370.49902 0.04791
5373.19141 0.04824
5375.88818 0.05003
5378.58008 0.06262
5381.26807 0.02434
5383.95996 0.05693
5386.65332 0.04606
5389.34473 0.05303
5392.03760 0.06686
5394.72949 0.04848
5397.41895 0.04585
5400.11328 0.04255
5402.80273 0.07018
5405.49658 0.06578
5408.18848 0.04333
5410.88232 0.05331
5413.57422 0.06723
5416.26465 0.07735
5418.95605 0.04780
5421.64941 0.03231
5424.34326 0.03838
5427.03320 0.06051
5429.72412 0.02762
5432.41943 0.05260
5435.10986 0.03273
5437.80225 0.06854
5440.49219 0.05708
5443.18701 0.02192
5445.87695 0.07420
5448.56836 0.03762
5451.26123 0.06428
5453.95215 0.01754
5456.64453 0.06168
5459.33545 0.04362
5462.02734 0.02928
5464.72070 0.03974
5467.41211 0.05596
5470.10547 0.05604
5472.79688 0.04461
5475.48926 0.02371
5478.18018 0.06158
5480.87549 0.06278
5483.56592 0.04699
5486.25781 0.03477
5488.94824 0.03184
5491.64014 0.05812
5494.33594 0.03527
5497.02393 0.05335
5499.71680 0.07682
5502.40723 0.03696
5505.10254 0.04695
5507.79297 0.04499
5510.48438 0.03076
5513.17725 0.06320
5515.86865 0.05564
5518.55811 0.05766
5521.25195 0.04866
5523.94482 0.01047
5526.63525 0.05737
5529.32666 0.07140
5532.02002 0.04843
5534.71143 0.04827
5537.40723 0.05359
5540.09521 0.03853
5542.78711 0.04621
5545.48096 0.05839
5548.17334 0.07389
5550.86328 0.05541
5553.55469 0.04847
5556.24707 0.06154
5558.93848 0.04303
5561.63379 0.05886
5564.32715 0.01972
5567.01562 0.04895
5569.70557 0.04261
5572.39697 0.03271
5575.09277 0.03905
5577.78418 0.02450
5580.47607 0.07397
5583.16699 0.04424
5585.85840 0.04312
5588.55469 0.05639
5591.24268 0.06535
5593.93555 0.04733
5596.62598 0.03861
5599.32129 0.03812
5602.01465 0.06771
5604.70361 0.06029
5607.39600 0.02267
5610.09082 0.04676
5612.77979 0.06883
5615.47021 0.05970
5618.16211 0.03704
5620.85547 0.04487
5623.54639 0.04807
5626.23926 0.03690
5628.93066 0.04505
5631.62256 0.04134
5634.31592 0.05436
5637.00781 0.03177
5639.69775 0.06258
5642.39160 0.04162
5645.08447 0.04624
5647.77490 0.05183
5650.46631 0.03936
5653.15967 0.04880
5655.85449 0.06082
5658.54688 0.05706
5661.23438 0.05769
5663.92676 0.04404
5666.61719 0.05509
5669.31152 0.04066
5672.00439 0.04854
5674.69531 0.02047
5677.38770 0.02645
5680.07812 0.06012
5682.76953 0.03604
5685.46289 0.06401
5688.15674 0.04887
5690.84619 0.05563
5693.54004 0.05582
5696.23145 0.02551
5698.92480 0.03135
5701.61621 0.04086
5704.30859 0.05285
5707.00195 0.03097
5709.69385 0.03434
5712.38379 0.04256
5715.07520 0.06457
5717.76807 0.04787
5720.45850 0.05780
5723.15381 0.05102
5725.84375 0.05535
5728.53516 0.06124
5731.22754 0.01976
5733.92188 0.06991
5736.61035 0.05279
5739.30371 0.05754
5741.99512 0.04940
5744.68506 0.04127
5747.37891 0.07969
5750.07080 0.04817
5752.76074 0.01084
5755.45557 0.05423
5758.14795 0.02910
5760.83887 0.05374
5763.53076 0.05310
5766.22412 0.03812
5768.91211 0.04542
5771.60791 0.04776
5774.29883 0.06181
5776.99072 0.05324
5779.68066 0.02056
5782.37451 0.05256
5785.06738 0.06403
5787.75781 0.02973
5790.45020 0.05742
5793.14014 0.02544
5795.83398 0.03365
5798.52979 0.05964
5801.22070 0.05650
5803.90869 0.05142
5806.60205 0.06787
5809.29248 0.01908
5811.98535 0.04099
5814.67822 0.02829
5817.37061 0.03196
5820.06299 0.06904
5822.75391 0.06787
5825.44629 0.04125
5828.13623 0.06652
5830.83105 0.05885
5833.52051 0.04435
5836.21777 0.04228
5838.90625 0.02955
5841.59619 0.04159
5844.29102 0.05328
5846.97949 0.05427
5849.67676 0.05669
5852.36572 0.07473
5855.05469 0.05671
5857.74951 0.05195
5860.44141 0.04504
5863.13477 0.05575
5865.82324 0.03793
5868.51953 0.03818
5871.20654 0.04421
5873.90186 0.01390
5876.59521 0.04452
5879.28613 0.03968
5881.97510 0.05050
5884.67236 0.04073
5887.36377 0.05814
5890.05371 0.05582
5892.74756 0.04524
5895.43652 0.04206
5898.12988 0.04018
5900.82178 0.02940
5903.51025 0.02508
5906.20752 0.04125
5908.89648 0.04219
5911.58984 0.04720
5914.28027 0.05401
5916.97217 0.04980
5919.66650 0.03941
5922.35742 0.05520
5925.05029 0.04128
5927.74072 0.05751
5930.43311 0.07163
5933.12207 0.03966
5935.82031 0.04080
5938.51221 0.04635
5941.19873 0.04207
5943.89404 0.04801
5946.58350 0.02805
5949.27734 0.06005
5951.96533 0.05559
5954.66211 0.06025
5957.35596 0.05195
5960.04541 0.05071
5962.73535 0.05106
5965.42969 0.04621
5968.12256 0.04719
5970.81299 0.04481
5973.50781 0.03889
5976.19775 0.03178
5978.88867 0.04651
5981.58057 0.05131
5984.27393 0.05277
5986.96484 0.06133
5989.65771 0.05349
5992.35107 0.05669
5995.03955 0.03983
5997.73242 0.03719
6000.42627 0.07195
6003.11475 0.04624
6005.80762 0.04435
6008.50244 0.01991
6011.19092 0.05658
6013.88428 0.04339
6016.57861 0.04830
6019.26807 0.04941
6021.96191 0.05525
6024.65332 0.03089
6027.34668 0.05020
6030.04053 0.04957
6032.72949 0.04672
6035.42188 0.04746
6038.11328 0.05706
6040.80518 0.04461
6043.49512 0.03671
6046.18994 0.04299
6048.88281 0.05353
6051.57324 0.03212
6054.26465 0.04485
6056.95703 0.06770
6059.64795 0.04851
6062.33984 0.03176
6065.03320 0.07371
6067.72363 0.03869
6070.41602 0.03198
6073.10596 0.04930
6075.80029 0.06480
6078.49219 0.02397
6081.18652 -0.00513
6083.87744 0.03065
6086.56689 0.05578
6089.26025 0.02249
6091.95215 0.04996
6094.64502 0.04359
6097.33545 0.05307
6100.02734 0.06132
6102.71680 0.03000
6105.41162 0.04427
6108.10693 0.04743
6110.79688 0.06859
6113.48730 0.04853
6116.18018 0.03679
6118.87354 0.03768
6121.56445 0.02770
6124.25732 0.01762
6126.94727 0.04461
6129.64209 0.04669
6132.33105 0.05176
6135.02197 0.01931
6137.71680 0.03402
6140.40967 0.03238
6143.10059 0.02901
6145.79492 0.03029
6148.48535 0.04661
6151.17578 0.04971
6153.87109 0.05388
6156.56104 0.05143
6159.25195 0.07318
6161.94385 0.03092
6164.63721 0.03919
6167.32520 0.04199
6170.02051 0.03108
6172.71045 0.03633
6175.40479 0.05735
6178.09424 0.06502
6180.78760 0.06431
6183.48193 0.03562
6186.17139 0.05154
6188.86523 0.06788
6191.55371 0.04583
6194.24609 0.03952
6196.93945 0.05404
6199.63135 0.03696
6202.32422 0.03582
6205.01807 0.07416
6207.70947 0.04050
6210.40186 0.05157
6213.09277 0.03836
6215.78467 0.04411
6218.47412 0.04012
6221.16797 0.04119
6223.85645 0.03962
6226.55322 0.06387
6229.24072 0.05854
6231.93604 0.07182
6234.62842 0.05189
6237.31982 0.06610
6240.01172 0.01173
6242.70117 0.05127
6245.39551 0.06634
6248.08789 0.07131
6250.77686 0.03295
6253.47168 0.06322
6256.16357 0.03430
6258.85352 0.04926
6261.54736 0.04179
6264.24023 0.03407
6266.92969 0.05667
6269.62402 0.05765
6272.31641 0.04164
6275.00635 0.05274
6277.69727 0.03517
6280.39258 0.06846
6283.07959 0.03817
6285.77734 0.05961
6288.46924 0.05137
6291.15918 0.03730
6293.85010 0.07066
6296.54248 0.03024
6299.23584 0.03740
6301.92969 0.02973
6304.61523 0.05046
6307.30859 0.04215
6310.00342 0.05163
6312.69531 0.05624
6315.38525 0.06316
6318.07959 0.04682
6320.76855 0.05400
6323.46191 0.04707
6326.15576 0.08537
6328.84814 0.05847
6331.53760 0.04141
6334.22900 0.04273
6336.92090 0.07034
6339.61377 0.05186
6342.30518 0.04748
6345.00049 0.05004
6347.69336 0.03885
6350.38428 0.01812
6353.07275 0.03420
6355.76562 0.05468
6358.45605 0.01132
6361.14795 0.05186
6363.84131 0.06621
6366.53223 0.01560
6369.22754 0.03853
6371.91699 0.04004
6374.61084 0.05274
6377.30273 0.06879
6379.99512 0.06013
6382.68604 0.06604
6385.37744 0.05214
6388.06982 0.03965
6390.76367 0.04284
6393.45605 0.04655
6396.14844 0.03347
6398.83838 0.04524
6401.52979 0.03770
6404.22266 0.06238
6406.91260 0.05828
6409.60400 0.03420
6412.29639 0.03827
6414.98975 0.03972
6417.68115 0.02670
6420.37305 0.03279
6423.06641 0.04524
6425.75781 0.04506
6428.45312 0.04590
6431.14307 0.04042
6433.83350 0.05268
6436.52539 0.06466
6439.21875 0.04851
6441.90967 0.04027
6444.59766 0.04223
6447.29395 0.04329
6449.98828 0.05186
6452.68018 0.04606
6455.36963 0.04037
6458.05957 0.04436
6460.75146 0.03721
6463.44336 0.03971
6466.13721 0.05163
6468.82861 0.06252
6471.52148 0.02924
6474.21436 0.04082
6476.90576 0.01844
6479.59766 0.03082
6482.28809 0.03762
6484.97852 0.03921
6487.67432 0.03279
6490.36719 0.06082
6493.05469 0.03030
6495.75293 0.05614
6498.44238 0.02596
6501.13330 0.03479
6503.82129 0.06009
6506.51758 0.04580
6509.21094 0.05586
6511.89893 0.03698
6514.59473 0.04681
6517.28516 0.05332
6519.97607 0.05643
6522.67236 0.05402
6525.36133 0.05685
6528.05225 0.05596
6530.74805 0.02895
6533.43750 0.04843
6536.13135 0.02416
6538.82324 0.03197
6541.51270 0.03353
6544.20654 0.05289
6546.89404 0.04947
6549.59082 0.05070
6552.28076 0.03786
6554.96826 0.05218
6557.66406 0.03605
6560.35400 0.02950
6563.05176 0.05436
6565.73975 0.07938
6568.43311 0.05739
6571.12402 0.04149
6573.81934 0.03381
6576.50830 0.04667
6579.20264 0.05415
6581.88965 0.04322
6584.58643 0.02783
6587.27588 0.05554
6589.97119 0.04610
6592.66309 0.03245
6595.35645 0.05297
6598.04297 0.06224
6600.73877 0.03051
6603.42822 0.03979
6606.12207 0.05090
6608.80957 0.04267
6611.50244 0.05713
6614.20020 0.04863
6616.88770 0.05050
6619.57959 0.04822
6622.26953 0.03525
6624.96387 0.05926
6627.65527 0.04646
6630.34863 0.03247
6633.03955 0.03971
6635.73047 0.06709
6638.42334 0.04808
6641.11719 0.05308
6643.80811 0.04849
6646.49658 0.04317
6649.19385 0.05576
6651.88477 0.02905
6654.57666 0.04384
6657.26904 0.04521
6659.95605 0.04765
6662.65137 0.04098
6665.34375 0.05887
6668.03760 0.06338
6670.72510 0.03241
6673.42090 0.03975
6676.11426 0.01827
6678.80518 0.06571
6681.49609 0.03572
6684.18945 0.03494
6686.87939 0.04005
6689.57080 0.05395
6692.26367 0.02891
6694.95703 0.02831
6697.64795 0.03551
6700.34033 0.04855
6703.02930 0.05194
6705.72363 0.04988
6708.41455 0.04643
6711.10791 0.03640
6713.80127 0.02484
6716.48877 0.06892
6719.18457 0.02606
6721.87451 0.05481
6724.56543 0.05122
6727.26074 0.05777
6729.95312 0.07059
6732.64697 0.04807
6735.33447 0.03946
6738.02734 0.05355
6740.72070 0.02374
6743.41113 0.05338
6746.10303 0.05171
6748.79639 0.03451
6751.48633 0.04142
6754.18164 0.05412
6756.87451 0.04452
6759.56445 0.04271
6762.25879 0.04698
6764.94678 0.06078
6767.63623 0.03693
6770.33008 0.05100
6773.02148 0.03089
6775.71436 0.05290
6778.40430 0.03648
6781.09863 0.06299
6783.79102 0.04429
6786.47998 0.04630
6789.17480 0.04592
6791.86621 0.03993
6794.55859 0.05390
6797.24854 0.03430
6799.93945 0.05243
6802.63525 0.05046
6805.32471 0.04459
6808.01855 0.05219
6810.71387 0.05988
6813.40674 0.03039
6816.09668 0.05809
6818.78711 0.08119
6821.47998 0.04413
6824.16846 0.04528
6826.86328 0.02906
6829.55469 0.04254
6832.24707 0.06146
6834.93701 0.04219
6837.63184 0.06536
6840.32373 0.06558
6843.01660 0.04202
6845.70703 0.06022
6848.40186 0.04225
6851.09033 0.03186
6853.78418 0.05260
6856.47119 0.06328
6859.16650 0.04706
6861.85938 0.03159
6864.54980 0.03810
6867.24072 0.04302
6869.93311 0.06660
6872.62695 0.03704
6875.32080 0.04445
6878.01270 0.05792
6880.70557 0.04794
6883.39551 0.03283
6886.08984 0.01968
6888.78174 0.03840
6891.47217 0.04762
6894.16211 0.01578
6896.85352 0.04225
6899.54590 0.02915
6902.23584 0.03366
6904.93066 0.03567
6907.62256 0.04305
6910.31201 0.01204
6913.00586 0.04956
6915.69629 0.05243
6918.39307 0.05057
6921.08252 0.05447
6923.77295 0.03651
6926.46826 0.03581
6929.15723 0.01673
6931.84717 0.05004
6934.54541 0.05804
6937.23438 0.02269
6939.92383 0.03945
6942.61768 0.06976
6945.30908 0.06213
6948.00098 0.03445
6950.69824 0.04131
6953.38574 0.04148
6956.08057 0.05243
6958.76953 0.05719
6961.46338 0.03503
6964.15820 0.04916
6966.84668 0.03420
6969.53955 0.01749
6972.22998 0.05487
6974.92139 0.01638
6977.61328 0.05026
6980.30664 0.03860
6982.99707 0.03803
6985.68945 0.05581
6988.38574 0.02858
6991.07178 0.05676
6993.76660 0.02384
6996.45850 0.03723
6999.15186 0.05395
7001.84180 0.05763
7004.53662 0.02601
7007.22510 0.04192
7009.91846 0.03026
7012.60889 0.03412
7015.30420 0.02047
7017.99316 0.05155
7020.68652 0.05173
7023.37695 0.04716
7026.06885 0.05165
7028.76172 0.05002
7031.45166 0.04111
7034.14307 0.04319
7036.83887 0.06381
7039.53223 0.06405
7042.22217 0.04126
7044.91357 0.02678
7047.60205 0.05955
7050.29883 0.04162
7052.98926 0.03934
7055.68066 0.03675
7058.37354 0.04415
7061.06348 0.03511
7063.75781 0.01243
7066.44922 0.02993
7069.14258 0.04048
7071.83252 0.04982
7074.52344 0.05293
7077.21533 0.04118
7079.91162 0.06202
7082.59863 0.04350
7085.29297 0.04607
7087.98584 0.02076
7090.67432 0.03578
7093.36914 0.04131
7096.06055 0.05247
7098.75293 0.05051
7101.44238 0.01762
7104.13623 0.04531
7106.83203 0.05021
7109.52100 0.05351
7112.21436 0.04449
7114.90869 0.04226
7117.60107 0.03862
7120.28955 0.03397
7122.98291 0.03309
7125.67432 0.05670
7128.36523 0.04508
7131.05469 0.02500
7133.74463 0.01862
7136.44336 0.04425
7139.13525 0.05156
7141.82471 0.02415
7144.51465 0.03352
7147.20996 0.05279
7149.89795 0.05298
7152.59521 0.03193
7155.28516 0.04194
7157.97656 0.03806
7160.66504 0.06076
7163.36182 0.04030
7166.05273 0.05142
7168.74365 0.06167
7171.44043 0.01864
7174.12598 0.04090
7176.81641 0.04987
7179.51172 0.05230
7182.20459 0.01382
7184.89746 0.05046
7187.58838 0.02891
7190.27979 0.03375
7192.97217 0.05716
7195.66553 0.05615
7198.35254 0.03834
7201.04443 0.02750
7203.73682 0.03299
7206.43408 0.02956
7209.12500 0.05302
7211.81689 0.04213
7214.50928 0.06114
7217.19922 0.03899
7219.89404 0.01996
7222.58594 0.05546
7225.27490 0.04251
7227.96875 0.03833
7230.66309 0.05360
7233.35059 0.04495
7236.04395 0.05472
7238.73389 0.05257
7241.42871 0.03745
7244.12061 0.03540
7246.81299 0.04505
7249.50732 0.05742
7252.19385 0.05481
7254.88965 0.00875
7257.58252 0.02758
7260.27246 0.03325
7262.96289 0.01562
7265.65527 0.04566
7268.34814 0.05976
7271.03760 0.03005
7273.73291 0.02681
7276.42480 0.04934
7279.11377 0.03361
7281.80762 0.03713
7284.50244 0.03458
7287.19434 0.04396
7289.88281 0.07849
7292.57666 0.05890
7295.26758 0.05212
7297.95947 0.05171
7300.65234 0.02968
7303.34229 0.03717
7306.03662 0.02027
7308.73242 0.03785
7311.42139 0.03249
7314.11133 0.04211
7316.80225 0.05643
7319.49316 0.00182
7322.18652 0.04894
7324.87988 0.02627
7327.57080 0.04008
7330.26270 0.04380
7332.95508 0.03727
7335.64453 0.06381
7338.33936 0.02398
7341.03125 0.02681
7343.72363 0.07274
7346.41699 0.03925
7349.10791 0.07459
7351.79883 0.31473
7354.49170 0.06143
7357.18115 0.01720
7359.87158 0.06083
7362.56689 0.06562
7365.25977 0.05899
7367.94824 0.04400
7370.64307 0.04631
7373.33447 0.04865
7376.02686 0.04344
7378.72021 0.05872
7381.41016 0.04243
7384.10547 0.04526
7386.79346 0.03374
7389.48682 0.03112
7392.18066 0.04009
7394.87158 0.03605
7397.56396 0.02552
7400.25684 0.07607
7402.94678 0.03205
7405.63721 0.05169
7408.32910 0.05393
7411.02197 0.03206
7413.71191 0.04787
7416.40674 0.02754
7419.09863 0.05779
7421.78711 0.06273
7424.48535 0.05089
7427.17578 0.06204
7429.86719 0.04832
7432.55957 0.02122
7435.24902 0.06620
7437.94385 0.03020
7440.63525 0.04750
7443.32715 0.05535
7446.02051 0.05234
7448.71094 0.01242
7451.40625 0.04239
7454.09424 0.04563
7456.78711 0.03866
7459.47705 0.01915
7462.17236 0.04071
7464.86426 0.05458
7467.55273 0.03231
7470.24658 0.02720
7472.93750 0.02999
7475.62939 0.04729
7478.32227 0.03523
7481.01514 0.04511
7483.70605 0.05111
7486.39746 0.04811
7489.08984 0.05301
7491.78320 0.05441
7494.47412 0.05201
7497.16504 0.04119
7499.85742 0.03560
7502.55078 0.04405
7505.24072 0.04144
7507.93506 0.05479
7510.62305 0.02242
7513.32031 0.04357
7516.01025 0.03498
7518.70117 0.05048
7521.39258 0.02597
7524.08496 0.04764
7526.77881 0.03569
7529.46924 0.03200
7532.16504 0.03567
7534.85303 0.05417
7537.54639 0.03586
7540.24072 0.03052
7542.93164 0.05707
7545.62354 0.03593
7548.31299 0.05533
7551.00684 0.06410
7553.69727 0.04824
7556.38965 0.02048
7559.08203 0.06974
7561.77539 0.03806
7564.46582 0.02488
7567.15723 0.05088
7569.85010 0.05201
7572.54346 0.04616
7575.23340 0.03919
7577.92871 0.04544
7580.61670 0.07410
7583.31006 0.04692
7586.00391 0.04404
7588.69434 0.07351
7591.38672 0.03499
7594.07910 0.03091
7596.76465 0.01550
7599.45898 0.03968
7602.15430 0.05505
7604.84717 0.02707
7607.53564 0.04763
7610.23047 0.05784
7612.92578 0.03855
7615.61279 0.04750
7618.30176 0.03758
7620.99561 0.02707
7623.69043 0.04626
7626.37744 0.02747
7629.07031 0.06500
7631.76416 0.03434
7634.45801 0.00814
7637.14941 0.03942
7639.83740 0.03435
7642.53076 0.04070
7645.22852 0.03843
7647.91943 0.05772
7650.60742 0.05288
7653.29980 0.05074
7655.99316 0.04400
7658.68408 0.04558
7661.37549 0.03782
7664.07178 0.07217
7666.76074 0.04417
7669.45068 0.05731
7672.14600 0.05461
7674.83789 0.05093
7677.53027 0.02235
7680.21973 0.05544
7682.91455 0.03893
7685.60205 0.01729
7688.29443 0.02950
7690.99170 0.05133
7693.67725 0.04389
7696.37256 0.04143
7699.06445 0.03712
7701.75781 0.04555
7704.44678 0.03534
7707.14160 0.03116
7709.83301 0.04853
7712.52539 0.06337
7715.21436 0.06512
7717.90869 0.06868
7720.59961 0.02882
7723.29541 0.06338
7725.98438 0.05038
7728.67822 0.04140
7731.36865 0.05155
7734.06006 0.03949
7736.75195 0.03246
7739.44531 0.05016
7742.13525 0.05491
7744.83057 0.05772
7747.52246 0.03320
7750.21533 0.05776
7752.90479 0.04467
7755.59912 0.04330
7758.29053 0.04702
7760.97852 0.04892
7763.67578 0.04327
7766.36572 0.03145
7769.05664 0.02418
7771.74854 0.05459
7774.44092 0.03354
7777.13037 0.04254
7779.82520 0.03939
7782.52051 0.01492
7785.20850 0.05524
7787.90088 0.03769
7790.59473 0.02341
7793.28174 0.03709
7795.97314 0.05121
7798.66553 0.04235
7801.35889 0.03065
7804.04883 0.04674
7806.74414 0.02441
7809.43604 0.06269
7812.12891 0.03556
7814.81836 0.03003
7817.51318 0.06023
7820.20459 0.05536
7822.89648 0.04731
7825.58545 0.02450
7828.27539 0.02226
7830.97070 0.03405
7833.66650 0.04192
7836.35938 0.06498
7839.04785 0.02903
7841.73877 0.03833
7844.42920 0.05152
7847.12109 0.05533
7849.81836 0.05676
7852.50781 0.04672
7855.20312 0.03376
7857.88965 0.06371
7860.58252 0.03547
7863.27490 0.05937
7865.96484 0.04113
7868.66016 0.02885
7871.35156 0.04643
7874.04053 0.03921
7876.73340 0.01722
7879.42822 0.03718
7882.11914 0.04922
7884.81104 0.04923
7887.49951 0.04063
7890.19727 0.02057
7892.88818 0.07745
7895.57959 0.04734
7898.27148 0.01619
7900.96484 0.04347
7903.65430 0.03322
7906.34912 0.06709
7909.03613 0.04547
7911.73340 0.02225
7914.42676 0.03144
7917.11670 0.05177
7919.80713 0.04928
7922.49854 0.02155
7925.19189 0.02959
7927.88037 0.05671
7930.57520 0.02760
7933.26660 0.02991
7935.95410 0.05946
7938.65576 0.07072
7941.34521 0.04277
7944.03516 0.02143
7946.72656 0.00504
7949.41895 0.02389
7952.10791 0.07286
7954.80566 0.04151
7957.49609 0.05496
7960.18359 0.01493
7962.88037 0.03588
7965.56885 0.03350
7968.26367 0.03517
7970.95410 0.03254
7973.64551 0.03045
7976.33838 0.02487
7979.03125 0.05012
7981.72168 0.02996
7984.41211 0.05255
7987.10400 0.04585
7989.80127 0.02088
7992.49463 0.04704
7995.18066 0.03052
7997.87598 0.04829
8000.56348 0.04770
8003.26074 0.03116
8005.94971 0.06278
8008.64453 0.03969
8011.33594 0.03537
8014.02783 0.04101
8016.72119 0.04577
8019.41064 0.04124
8022.10498 0.03720
8024.79639 0.03638
8027.48438 0.03093
8030.17725 0.02309
8032.87549 0.02047
8035.56152 0.03499
8038.25293 0.02990
8040.94580 0.06381
8043.63916 0.03184
8046.32812 0.02233
8049.02344 0.05859
8051.71045 0.04347
8054.40674 0.02748
8057.09619 0.03511
8059.79492 0.02417
8062.48096 0.05411
8065.17676 0.04103
8067.86475 0.03727
8070.56250 0.06582
8073.24805 0.04790
8075.94336 0.04665
8078.63477 0.05484
8081.32715 0.02588
8084.02051 0.03222
8086.71045 0.02040
8089.40137 0.00812
8092.09277 0.04099
8094.79004 0.05842
8097.47852 0.05154
8100.16846 0.04458
8102.85938 0.05924
8105.55566 0.03878
8108.24756 0.05649
8110.94189 0.01894
8113.63184 0.03439
8116.32715 0.04772
8119.01855 0.03313
8121.70654 0.06238
8124.40430 0.06455
8127.08984 0.05456
8129.78076 0.05052
8132.47217 0.01623
8135.16016 0.02004
8137.85352 0.03787
8140.55273 0.03207
8143.24365 0.05106
8145.93066 0.05375
8148.62744 0.03211
8151.31689 0.03864
8154.00684 0.03509
8156.70605 0.03275
8159.39795 0.03060
8162.09082 0.04674
8164.77490 0.05162
8167.46924 0.02223
8170.15527 0.02497
8172.85596 0.05028
8175.53955 0.03654
8178.24170 0.04140
8180.93164 0.05944
8183.62646 0.04316
8186.30908 0.04056
8189.00195 0.04729
8191.69971 0.04424
8194.38867 0.02180
8197.08008 0.03924
8199.77148 0.04422
8202.46387 0.04775
8205.15723 0.04066
8207.84668 0.03825
8210.54199 0.04520
8213.23340 0.02563
8215.91992 0.06936
8218.61816 0.05219
8221.30273 0.04421
8224.00195 0.03388
8226.69336 0.06225
8229.38574 0.02865
8232.07422 0.04914
8234.76855 0.03440
8237.46387 0.05906
8240.15430 0.05616
8242.85059 0.02833
8245.53906 0.03666
8248.22363 0.04962
8250.91406 0.03016
8253.60938 0.05233
8256.30176 0.02702
8258.99414 0.03570
8261.69238 0.03491
8264.38281 0.04580
8267.06836 0.03028
8269.76953 0.06463
8272.45801 0.04325
8275.15137 0.02231
8277.84082 0.03343
8280.53613 0.04421
8283.22754 0.25090
8285.91602 -0.00274
8288.60449 0.04245
8291.30273 0.04203
8293.99414 0.01944
8296.68066 0.02945
8299.37305 0.06382
8302.07031 0.01535
8304.75586 0.03502
8307.45020 0.04341
8310.14648 0.03159
8312.84277 0.02599
8315.53125 0.04260
8318.22461 0.06074
8320.91504 0.03318
8323.60156 0.04031
8326.29395 0.03946
8328.98633 0.04965
8331.67969 0.02303
8334.37402 0.05568
8337.06055 0.02753
8339.75684 0.05648
8342.44434 0.04341
8345.13379 0.01560
8347.83203 0.05360
8350.52246 0.04468
8353.21875 0.03776
8355.91113 0.04778
8358.59473 0.05273
8361.28809 0.03267
8363.98828 0.05603
8366.67480 0.04621
8369.36230 0.04928
8372.06445 0.03517
8374.75391 0.02966
8377.44336 0.04268
8380.13867 0.01800
8382.82129 0.03055
8385.51855 0.04317
8388.21680 0.06742
8390.90625 0.04839
8393.59180 0.04978
8396.29297 0.04531
8398.98047 0.06923
8401.67383 0.04513
8404.36816 0.05055
8407.05762 0.04171
8409.74512 0.02942
8412.44141 0.01796
8415.12500 0.05712
8417.82324 0.04889
8420.51758 0.02508
8423.20898 0.01784
8425.90039 0.03702
8428.58887 0.03427
8431.28223 0.01057
8433.97559 0.03810
8436.66211 0.04116
8439.35742 0.03512
8442.04590 0.03389
8444.74805 0.04518
8447.43750 0.05762
8450.12695 0.04498
8452.81836 0.02625
8455.51074 0.01688
8458.20312 0.04813
8460.89648 0.03300
8463.59082 0.04820
8466.27734 0.02983
8468.97266 0.02669
8471.66113 0.02386
8474.35449 0.04131
8477.04785 0.00206
8479.73828 0.03329
8482.42969 0.03497
8485.12598 0.00953
8487.80957 0.02769
8490.51270 0.03977
8493.19824 0.04305
8495.88867 0.03510
8498.58496 0.05069
8501.27246 0.05299
8503.97070 0.03532
8506.66016 0.06087
8509.34570 0.04768
8512.04199 0.04919
8514.73828 0.05621
8517.42676 0.04147
8520.11621 0.02707
8522.81055 0.05330
8525.50586 0.05327
8528.19727 0.04948
8530.88477 0.02366
8533.57812 0.00939
8536.26758 0.03590
8538.96289 0.05283
8541.65918 0.02568
8544.35059 0.05603
8547.03906 0.05213
8549.73340 0.04028
8552.42188 0.03996
8555.11816 0.03841
8557.80078 0.04393
8560.49219 0.03302
8563.19043 0.03583
8565.88477 0.06217
8568.57031 0.03103
8571.26660 0.02613
8573.96289 0.02518
8576.65039 0.03245
8579.34375 0.04119
8582.03418 0.04788
8584.72461 0.03659
8587.41602 0.02970
8590.10840 0.05350
8592.80176 0.00732
8595.49512 0.03942
8598.18066 0.03136
8600.88086 0.06075
8603.57324 0.02234
8606.26172 0.03316
8608.95410 0.04104
8611.64941 0.06432
8614.33887 0.06306
8617.03027 0.04765
8619.72266 0.03200
8622.41602 0.03282
8625.10449 0.05508
8627.79883 0.01809
8630.49512 0.04273
8633.18164 0.02612
8635.87891 0.05385
8638.56250 0.04736
8641.25684 0.03624
8643.95117 0.03674
8646.64258 0.03495
8649.33984 0.02804
8652.02246 0.03827
8654.71582 0.04593
8657.40527 0.03438
8660.10059 0.03782
8662.79199 0.06481
8665.48926 0.04131
8668.18164 0.04800
8670.87109 0.03225
8673.56641 0.03470
8676.25684 0.05586
8678.94336 0.03076
8681.64551 0.03797
8684.33398 0.03520
8687.02832 0.05030
8689.71777 0.03822
8692.40430 0.02765
8695.09570 0.05320
8697.79297 0.04246
8700.48145 0.02382
8703.17090 0.03643
8705.86621 0.02967
8708.55762 0.02786
8711.25000 0.03336
8713.94238 0.03508
8716.63184 0.02979
8719.33105 0.03744
8722.01172 0.04785
8724.70801 0.01086
8727.40039 0.07119
8730.09375 0.02833
8732.78711 0.05807
8735.47266 0.02805
8738.16797 0.04113
8740.85449 0.04861
8743.55176 0.03425
8746.24023 0.05428
8748.93848 0.04246
8751.62988 0.03653
8754.32031 0.03620
8757.01172 0.05491
8759.70898 0.04416
8762.39844 0.03870
8765.09180 0.02207
8767.78223 0.04600
8770.47754 0.02855
8773.16504 0.03343
8775.85352 0.05217
8778.55078 0.03649
8781.23633 0.03435
8783.93652 0.04615
8786.62695 0.02607
8789.31445 0.04251
8792.00684 0.02476
8794.70117 0.03984
8797.39062 0.04993
8800.08594 0.02695
8802.78223 0.02754
8805.46484 0.03873
8808.16211 0.05373
8810.85156 0.04654
8813.54590 0.03400
8816.23730 0.02508
8818.93262 0.04748
8821.62012 0.03063
8824.31348 0.03666
8827.00781 0.02712
8829.69727 0.04743
8832.38770 0.04851
8835.08398 0.04295
8837.77148 0.04482
8840.45996 0.04279
8843.15820 0.04907
8845.85352 0.02189
8848.53906 0.04907
8851.23047 0.02423
8853.92773 0.03865
8856.62109 0.03747
8859.30566 0.03189
8862.00098 0.04220
8864.69141 0.04843
8867.38770 0.02483
8870.07520 0.01264
8872.76855 0.03666
8875.45801 0.05948
8878.15234 0.06490
8880.84277 0.03719
8883.53516 0.04299
8886.23242 0.04265
8888.91992 0.03968
8891.61914 0.03900
8894.29980 0.01868
8896.99023 0.02892
8899.69238 0.04947
8902.38379 0.03292
8905.07324 0.03242
8907.76660 0.02146
8910.45703 0.02381
8913.14746 0.02137
8915.83984 0.03068
8918.53223 0.01831
8921.21973 0.03460
8923.91406 0.03628
8926.60938 0.03528
8929.30469 0.02713
8931.99707 0.02766
8934.68848 0.04907
8937.37695 0.04449
8940.07129 0.03749
8942.75586 0.03148
8945.45215 0.04612
8948.14355 0.02330
8950.84082 0.02151
8953.52930 0.04862
8956.21289 0.02370
8958.90820 0.02006
8961.59863 0.02093
8964.29004 0.04406
8966.98730 0.05210
8969.68066 0.03256
8972.37402 0.04066
8975.06445 0.04963
8977.75977 0.04122
8980.44629 0.04699
8983.13379 0.05028
8985.82617 0.04094
8988.52051 0.03252
8991.21973 0.04525
8993.90527 0.03841
8996.59668 0.04039
8999.29395 0.05093
9001.98242 0.05964
9004.67578 0.02730
9007.36523 0.01086
9010.06055 0.02034
9012.75195 0.04163
9015.44434 0.03323
9018.13672 0.02802
9020.83105 0.03276
9023.51465 0.03665
9026.20996 0.03953
9028.89648 0.02883
9031.59277 0.03107
9034.29004 0.04779
9036.97949 0.01621
9039.66895 0.05988
9042.35840 0.07632
9045.05469 0.03812
9047.74609 0.06400
9050.43848 0.03384
9053.12695 0.05447
9055.82129 0.01605
9058.51660 0.03995
9061.20215 0.04864
9063.89844 0.02950
9066.58594 0.02015
9069.28418 0.05947
9071.97266 0.03352
9074.66797 0.03749
9077.36328 0.03981
9080.05469 0.03452
9082.74707 0.03966
9085.43457 0.04033
9088.12891 0.01681
9090.82324 0.04750
9093.51367 0.00735
9096.19922 0.04302
9098.89648 0.04697
9101.58887 0.01624
9104.27832 0.04244
9106.97266 0.03340
9109.66309 0.04936
9112.35840 0.04796
9115.04004 0.03646
9117.73828 0.02904
9120.43555 0.02192
9123.12500 0.03528
9125.81543 0.02103
9128.51074 0.03447
9131.20215 0.03581
9133.88965 0.02769
9136.58203 0.02999
9139.27637 0.03774
9141.96680 0.02381
9144.65625 0.03887
9147.35254 0.03039
9150.04980 0.02414
9152.73340 0.04334
9155.42090 0.03177
9158.12109 0.03752
9160.81055 0.06357
9163.50195 0.03298
9166.19922 0.04506
9168.89160 0.05602
9171.58496 0.03727
9174.26855 0.02890
9176.96387 0.04437
9179.64844 0.03596
9182.35059 0.00975
9185.03809 0.04562
9187.73633 0.04546
9190.42480 0.03456
9193.11426 0.02858
9195.80957 0.00168
9198.50098 0.04538
9201.19238 0.03861
9203.88086 0.02353
9206.57422 0.05290
9209.27344 0.00799
9211.95801 0.02134
9214.64941 0.00669
9217.34570 0.05270
9220.03320 0.04083
9222.72656 0.04301
9225.41992 0.02744
9228.10938 0.02043
9230.80078 0.04036
9233.50195 0.05203
9236.18359 0.05961
9238.88184 0.05224
9241.56543 0.03079
9244.26953 0.05765
9246.95410 0.05551
9249.64551 0.01192
9252.33203 0.04573
9255.02930 0.04259
9257.71777 0.06097
9260.41113 0.05005
9263.10645 0.01393
9265.80176 0.03090
9268.48828 0.04732
9271.18555 0.02099
9273.87305 0.03177
9276.56152 0.06013
9279.26172 0.02988
9281.95117 0.06065
9284.64160 0.03137
9287.33301 0.03490
9290.02539 0.04839
9292.72461 0.02866
9295.40820 0.03488
9298.10352 0.03372
9300.79297 0.04707
9303.48438 0.02905
9306.17090 0.02414
9308.87402 0.03962
9311.56348 0.02832
9314.25195 0.03465
9316.94727 0.04259
9319.63770 0.05997
9322.33008 0.04012
9325.02148 0.04594
9327.71484 0.02715
9330.40918 0.01707
9333.09863 0.02784
9335.79395 0.04079
9338.47949 0.02561
9341.17188 0.02964
9343.86426 0.02798
9346.55762 0.04282
9349.24707 0.04172
9351.93652 0.03379
9354.63770 0.03466
9357.32910 0.03373
9360.01562 0.02994
9362.71387 0.03905
9365.39746 0.04984
9368.09766 0.06095
9370.78711 0.01405
9373.47754 0.03265
9376.16992 0.04651
9378.85742 0.02343
9381.55469 0.04594
9384.24414 0.03288
9386.94434 0.05821
9389.62402 0.03221
9392.32520 0.03100
9395.00684 0.04990
9397.70508 0.03644
9400.39844 0.02867
9403.08203 0.05060
9405.77734 0.02649
9408.47266 0.03319
9411.16992 0.01640
9413.85156 0.03381
9416.54980 0.02134
9419.23828 0.03284
9421.93848 0.03639
9424.62305 0.03500
9427.32422 0.02660
9430.00977 0.03888
9432.70312 0.05781
9435.39648 0.03989
9438.08496 0.04006
9440.77930 0.04444
9443.46973 0.03546
9446.15527 0.02123
9448.85156 0.02862
9451.54492 0.00584
9454.23828 0.04408
9456.92676 0.04373
9459.62695 0.06321
9462.31250 0.04276
9465.00293 0.02958
9467.68945 0.03353
9470.38770 0.04396
9473.08203 0.02618
9475.77051 0.04628
9478.45996 0.04516
9481.15625 0.02596
9483.84766 0.05621
9486.54004 0.05270
9489.23242 0.04084
9491.92090 0.01075
9494.62109 0.05395
9497.31055 0.04887
9500.00195 0.02743
9502.68750 0.01075
9505.38477 0.03495
9508.07324 0.02772
9510.76660 0.03138
9513.46582 0.03438
9516.14648 0.02590
9518.84766 0.04287
9521.52832 0.01347
9524.23145 0.06631
9526.91895 0.03426
9529.60742 0.03301
9532.30762 0.02755
9534.99805 0.03556
9537.69336 0.04148
9540.38477 -0.00498
9543.06738 0.04282
9545.76562 0.03184
9548.45410 0.00694
9551.14355 0.03135
9553.84473 0.02879
9556.52539 0.02423
9559.22754 0.04261
9561.91992 0.01621
9564.60840 0.05739
9567.29688 0.01825
9569.99121 0.01672
9572.68164 0.04166
9575.37793 0.04366
9578.07520 0.03335
9580.75781 0.03367
9583.45117 0.03148
9586.14453 0.02041
9588.83398 0.03927
9591.52441 0.05028
9594.21582 0.00217
9596.91309 0.04236
9599.60547 0.02901
9602.29883 0.05581
9604.98730 0.03093
9607.67676 0.01939
9610.37305 0.00562
9613.06445 0.05163
9615.75000 0.03740
9618.44824 0.04320
9621.13574 0.03122
9623.83105 0.02765
9626.52539 0.04657
9629.21484 0.04820
9631.90137 0.02498
9634.59277 0.02521
9637.29102 0.05247
9639.98438 0.03586
9642.67285 0.02737
9645.36816 0.02215
9648.05859 0.02020
9650.75391 0.05323
9653.44141 0.03961
9656.13867 0.04472
9658.82715 0.06088
9661.52051 0.02514
9664.20508 0.04430
9666.90137 0.04222
9669.59180 0.02012
9672.28906 0.03252
9674.97559 0.02162
9677.67383 0.02061
9680.36328 0.02756
9683.05762 0.03750
9685.74805 0.04372
9688.43848 0.04969
9691.13086 0.03429
9693.82227 0.02655
9696.51074 0.04432
9699.20508 0.02214
9701.89355 0.01420
9704.58887 0.04645
9707.28027 0.06354
9709.97754 0.02400
9712.66406 0.02567
9715.35742 0.03364
9718.05078 0.02656
9720.74023 0.05037
9723.42969 0.04034
9726.13184 0.02449
9728.82324 0.02335
9731.50977 0.01918
9734.20312 0.04444
9736.89648 0.04999
9739.59082 0.02799
9742.28613 0.02868
9744.97070 0.02558
9747.66797 0.02989
9750.34863 0.04703
9753.04785 0.02626
9755.73535 0.02918
9758.42383 0.02713
9761.12500 0.03288
9763.81543 0.02940
9766.50684 0.04393
9769.20410 0.03522
9771.89062 0.03658
9774.58496 0.01942
9777.26855 0.03121
9779.96289 0.03523
9782.66406 0.01963
9785.34961 0.03988
9788.04688 0.03775
9790.73828 0.04913
9793.42676 0.03307
9796.11523 0.04718
9798.80957 0.02340
9801.50488 0.04137
9804.18555 0.02492
9806.88281 0.02278
9809.57422 0.00053
9812.27344 0.05004
9814.95605 0.03235
9817.65527 0.02499
9820.35059 0.05405
9823.04199 0.04139
9825.72656 0.02391
9828.41992 0.04261
9831.11719 0.02065
9833.81055 0.04909
9836.50000 0.01568
9839.19531 0.05650
9841.88574 0.00382
9844.57129 0.01053
9847.26270 0.04002
9849.96094 0.05105
9852.64844 0.04621
9855.34277 0.03803
9858.03223 0.02959
9860.72168 0.03841
9863.41309 0.04529
9866.10938 0.01053
9868.80176 0.04077
9871.49414 0.03268
9874.18848 0.02746
9876.87207 0.02808
9879.56738 0.03204
9882.26367 0.01657
9884.95410 0.04719
9887.64160 0.03311
9890.32910 0.03536
9893.02734 0.02666
9895.71582 0.00266
9898.40527 0.03762
9901.10156 0.04645
9903.80273 0.01366
9906.48926 0.03256
9909.18164 0.02876
9911.87500 0.03614
9914.56836 0.01078
9917.26270 0.02310
9919.94727 0.05292
9922.64355 0.04006
9925.33008 0.05264
9928.02148 0.02939
9930.71973 0.04195
9933.40820 0.03388
9936.09668 0.03820
9938.79102 0.03580
9941.48242 0.02588
9944.17285 0.03099
9946.87012 0.01384
9949.56836 0.04881
9952.25000 0.04137
9954.95020 0.02384
9957.63379 0.05388
9960.32910 0.04138
9963.01953 0.03507
9965.70508 0.05186
9968.40820 0.02128
9971.09570 0.05311
9973.78906 0.02972
9976.48340 0.01252
9979.17871 0.02175
9981.86816 0.02896
9984.55469 0.03649
9987.24609 0.03391
9989.94336 0.03804
9992.63184 0.02726
9995.32520 0.04286
9998.01953 0.04571
10000.70996 0.04029
10003.39551 0.03468
10006.09668 0.05283
10008.78906 0.03503
10011.47656 0.02203
10014.16992 0.03047
10016.85840 0.03844
10019.55371 0.03402
10022.24902 0.03277
10024.93457 0.02747
10027.62500 0.03111
10030.31250 0.04429
10033.01660 0.02848
10035.70508 0.03502
10038.39355 0.03544
10041.09473 0.03117
10043.78418 0.02428
10046.47559 0.02221
10049.16211 0.05119
10051.85449 0.04199
10054.54785 -0.00453
10057.24219 0.03394
10059.94238 0.04123
10062.62598 0.02924
10065.32324 0.06068
10068.00879 0.03977
10070.69531 0.03968
10073.39941 0.04449
10076.08691 0.01480
10078.77539 0.04449
10081.47070 0.03926
10084.16113 0.01926
10086.85645 0.02518
10089.53809 0.04344
10092.22949 0.04748
10094.92773 0.01267
10097.61719 0.03365
10100.31055 0.02282
10103.00098 0.04784
10105.69727 0.04855
10108.38770 0.07024
10111.07910 0.02629
10113.76660 0.03570
10116.45898 0.02299
10119.15332 0.03574
10121.84277 0.04283
10124.53809 0.05379
10127.23438 0.04392
10129.92480 0.02221
10132.61133 0.04276
10135.30957 0.03131
10137.99805 0.03936
10140.69727 0.03923
10143.38086 0.05244
10146.07617 0.02822
10148.76074 0.05303
10151.46387 0.02605
10154.15039 0.02926
10156.84863 0.02300
10159.53125 0.02145
10162.22559 0.03447
10164.91992 0.02400
10167.61621 0.03457
10170.30078 0.02092
10172.99805 0.03475
10175.68457 0.03204
10178.38379 0.01803
10181.07715 0.03391
10183.76660 0.03157
10186.44922 0.02629
10189.14551 0.03661
10191.83594 0.03610
10194.52832 0.00449
10197.22559 0.03183
10199.91895 0.01768
10202.60156 0.03998
10205.30176 0.01942
10207.99121 0.02425
10210.68750 0.03963
10213.37793 0.03522
10216.06445 0.03888
10218.76172 0.03981
10221.44922 0.04745
10224.14355 0.02963
10226.84375 0.02823
10229.53320 0.03755
10232.21777 0.03444
10234.90820 0.01343
10237.60059 0.01227
10240.29883 0.02107
10242.98047 0.02764
10245.67969 0.02788
10248.36914 0.01906
10251.06445 0.05505
10253.75391 0.05105
10256.44531 0.02466
10259.13770 0.03127
10261.83594 0.04733
10264.52246 0.00111
10267.22266 0.03122
10269.90039 0.02584
10272.59570 0.02306
10275.29102 0.02715
10277.98242 0.04968
10280.67383 0.01776
10283.36719 0.03135
10286.05371 0.04491
10288.75391 0.02965
10291.44238 0.01614
10294.13281 0.01985
10296.82227 0.04429
10299.52539 0.02098
10302.21680 0.02395
10304.91016 0.04294
10307.58594 0.02989
10310.28516 0.04774
10312.97363 0.03481
10315.67480 0.01377
10318.35938 0.04564
10321.05664 0.03220
10323.74219 0.01767
10326.44043 0.03222
10329.12793 0.04270
10331.82129 0.05295
10334.51074 0.02882
10337.20020 0.03383
10339.90137 0.01495
10342.58691 0.05807
10345.27930 0.03373
10347.97070 0.04930
10350.66406 0.01542
10353.36328 0.02136
10356.04688 0.03555
10358.74707 0.01977
10361.43262 0.00975
10364.12891 0.03730
10366.81445 0.05865
10369.50684 0.04169
10372.19434 0.01124
10374.88770 0.02976
10377.57617 0.04834
10380.27148 0.04972
10382.96777 0.02720
10385.65820 0.04186
10388.35547 0.02975
10391.04688 0.05539
10393.73438 0.03959
10396.42773 0.01029
10399.12207 0.00783
10401.81738 0.01967
10404.50684 0.02958
10407.19824 0.04185
10409.88281 0.03112
10412.58691 0.03299
10415.27344 0.03396
10417.97266 0.01591
10420.66113 0.01372
10423.34473 0.05734
10426.04004 0.03463
10428.73633 0.02262
10431.43359 0.04621
10434.11328 -0.00315
10436.81250 0.03075
10439.50000 0.04074
10442.18750 0.01096
10444.88770 0.05679
10447.57812 0.01145
10450.26855 0.02769
10452.96484 0.01649
10455.65039 0.01145
10458.34863 0.02933
10461.03613 0.01861
10463.73047 0.02217
10466.41895 0.03471
10469.11426 0.03566
10471.80957 0.01917
10474.49414 0.04095
10477.19141 0.05286
10479.88379 0.04730
10482.56543 0.03578
10485.27051 0.02820
10487.95898 0.01120
10490.64844 0.02680
10493.34375 0.03680
10496.03418 0.02632
10498.72559 0.05627
10501.42383 0.04061
10504.11035 0.02854
10506.79785 0.02372
10509.49805 0.03659
10512.18652 0.04351
10514.87598 0.04366
10517.56641 0.03995
10520.25781 0.02455
10522.95508 0.03139
10525.64746 0.02623
10528.33398 0.01287
10531.02246 0.03006
10533.71680 0.04242
10536.41211 0.04314
10539.10254 0.06282
10541.79883 0.01174
10544.49609 0.04737
10547.18164 0.02414
10549.87500 0.03191
10552.56250 0.04228
10555.26270 0.05431
10557.94629 0.05331
10560.64746 0.04937
10563.33691 0.02530
10566.02832 0.00536
10568.71484 0.04479
10571.40723 0.03914
10574.09961 0.04885
10576.78809 0.03188
10579.48242 0.01856
10582.17773 0.02308
10584.86816 0.02950
10587.55859 0.02968
10590.25586 0.05020
10592.94238 0.03479
10595.64062 0.02293
10598.32910 0.01401
10601.01660 0.03878
10603.70605 0.04276
10606.40723 0.03058
10609.09863 0.02481
10611.78906 0.02844
10614.48047 0.04975
10617.17969 0.02003
10619.86035 0.04807
10622.55469 0.02153
10625.24902 0.02414
10627.94434 0.03854
10630.63379 0.03500
10633.32520 0.03308
10636.01660 0.04892
10638.70312 0.03813
10641.40723 0.03014
10644.09473 0.04352
10646.78320 0.05023
10649.47168 0.03199
10652.16797 0.03174
10654.85742 0.03402
10657.55469 0.03863
10660.24023 0.04806
10662.93945 0.02098
10665.62598 0.04712
10668.31934 0.05189
10671.02051 0.04100
10673.70996 0.03389
10676.38770 0.03633
10679.08984 0.03868
10681.78125 0.04135
10684.46680 0.03449
10687.15918 0.02804
10689.85840 0.01221
10692.54688 0.02620
10695.24121 0.02645
10697.92578 0.02733
10700.62109 0.01280
10703.31836 0.04299
10706.01562 0.02658
10708.69629 0.03332
10711.38867 0.03886
10714.07617 0.02263
10716.77637 0.04164
10719.46582 0.04442
10722.15527 0.03061
10724.85742 0.03093
10727.54883 0.03443
10730.23438 0.04336
10732.92676 0.01814
10735.61914 0.00683
10738.31348 0.03494
10741.00781 0.04887
10743.70215 0.04343
10746.38672 0.03178
10749.08301 0.04002
10751.76855 0.02934
10754.45996 0.01878
10757.14746 0.04967
10759.84570 0.03505
10762.54004 0.03311
10765.22852 0.02706
10767.91797 0.04905
10770.61914 0.04384
10773.31055 0.03353
10776.00781 0.04037
10778.68750 0.04908
10781.38086 0.01669
10784.07422 0.04934
10786.76855 0.03021
10789.46289 0.01816
10792.14648 0.05218
10794.84766 0.03828
10797.53320 0.03213
10800.21875 0.03891
10802.92285 0.02490
10805.60938 0.03397
10808.30371 0.05798
10810.99121 0.01819
10813.67969 0.05128
10816.37598 0.01519
10819.06641 0.03451
10821.76270 0.03440
10824.45410 0.06387
10827.15234 0.03114
10829.83301 0.05275
10832.53320 0.03654
10835.22656 0.03685
10837.91602 0.03268
10840.61133 0.02713
10843.30273 0.03754
10845.99316 0.03315
10848.67871 0.01640
10851.38281 0.03945
10854.07031 0.04799
10856.76367 0.00970
10859.45801 0.02266
10862.14648 0.03944
10864.83105 0.04860
10867.52637 0.04450
10870.22363 0.03182
10872.91602 0.03352
10875.60254 0.01671
10878.30176 0.02271
10880.98828 0.05613
10883.67773 0.02528
10886.37207 0.02284
10889.06152 0.03397
10891.75195 0.05134
10894.44336 0.02913
10897.13574 0.02401
10899.82715 0.04474
10902.52051 0.04343
10905.21387 0.00179
10907.90820 0.05367
10910.59766 0.05104
10913.29297 0.00604
10915.97754 0.02532
10918.67480 0.01512
10921.36035 0.03865
10924.05859 0.03909
10926.74609 0.04530
10929.43945 0.03381
10932.13379 0.02898
10934.83496 0.01838
10937.52441 0.02159
10940.21484 0.02877
10942.90527 0.03810
10945.59766 0.03788
10948.28906 0.02332
10950.97656 0.02559
10953.66992 0.05987
10956.36523 0.02843
10959.04785 0.04155
10961.74316 0.03113
10964.43359 0.03363
10967.13672 0.02209
10969.82227 0.02236
10972.50781 0.03936
10975.20703 0.03009
10977.90039 0.03616
10980.58887 0.01944
10983.27832 0.01677
10985.97363 0.03312
10988.66406 0.04640
10991.36035 0.03590
10994.04590 0.01476
10996.73828 0.02762
10999.43750 0.06220
11002.11816 0.03250
11004.81836 0.03034
11007.50098 0.04221
11010.20312 0.04400
11012.89258 0.03766
11015.58984 0.03738
11018.28125 0.02523
11020.97266 0.02709
11023.65918 0.01420
11026.35352 0.02611
11029.04199 0.04309
11031.74121 0.02327
11034.43066 0.01596
11037.11523 0.02747
11039.81250 0.02331
11042.50293 0.03843
11045.18848 0.02042
11047.89355 0.03856
11050.58691 0.04658
11053.27441 -0.00735
11055.96289 0.01796
11058.65234 0.02913
11061.34766 0.04026
11064.04395 0.02867
11066.73633 0.03163
11069.42676 0.02136
11072.11328 0.02871
11074.80664 0.00778
11077.50684 0.01849
11080.20117 -0.00067
11082.88379 0.01629
11085.57812 0.04317
11088.26953 0.02929
11090.95996 0.01441
11093.65820 0.01848
11096.34375 0.05423
11099.03027 0.04341
11101.73047 0.04743
11104.42480 0.03691
11107.11328 0.03880
11109.80273 0.05564
11112.49316 0.00963
11115.18848 0.05144
11117.88086 0.00911
11120.57324 0.03778
11123.26465 0.03485
11125.95312 0.03370
11128.64648 0.04798
11131.34082 0.04293
11134.03027 0.01055
11136.72559 0.04280
11139.41699 0.02815
11142.11426 0.02302
11144.79980 0.02283
11147.49121 0.04597
11150.18457 0.03728
11152.87109 0.03471
11155.57227 0.01329
11158.26758 0.03754
11160.95605 0.05051
11163.64062 0.02434
11166.33105 0.03552
11169.02832 0.04637
11171.72656 0.03674
11174.40723 0.03869
11177.10059 -0.00119
11179.79492 0.02957
11182.48926 0.06010
11185.17285 0.03440
11187.88184 0.03371
11190.56543 0.03109
11193.25586 0.03183
11195.94824 0.04509
11198.63477 0.04825
11201.32812 0.01905
11204.01465 0.04787
11206.71582 0.04586
11209.40430 0.02587
11212.10059 0.03366
11214.79590 0.01109
11217.48145 0.03607
11220.17188 0.06555
11222.86426 0.03525
11225.56445 0.04871
11228.24414 0.05690
11230.95020 0.03098
11233.63379 0.04995
11236.32227 0.04950
11239.01855 0.03946
11241.71484 0.03369
11244.40625 0.03157
11247.10352 0.03280
11249.79004 0.02711
11252.48340 0.01075
11255.17090 0.05838
11257.86523 0.01258
11260.55469 0.04104
11263.24414 0.01020
11265.93945 0.04027
11268.63086 0.05857
11271.32129 0.03554
11274.00781 0.04180
11276.71289 0.07621
11279.39941 0.02453
11282.08789 0.02963
11284.79395 0.03399
11287.47656 0.04655
11290.16602 0.01029
11292.86328 0.00834
11295.54102 0.04246
11298.23926 0.02950
11300.93164 0.02997
11303.62500 0.04669
11306.32324 0.04458
11309.00586 0.02157
11311.70703 0.03446
11314.38965 0.00650
11317.08594 0.04779
11319.77637 0.04443
11322.46094 0.02580
11325.16602 0.02918
11327.85742 0.04006
11330.54492 0.05175
11333.23828 0.04959
11335.92578 0.04644
11338.62207 0.03776
11341.31152 0.04043
11344.00684 0.05443
11346.69824 0.04805
11349.39453 0.05392
11352.08008 0.03512
11354.77344 0.03587
11357.45996 0.02964
11360.16016 0.04410
11362.86133 0.03847
11365.54395 0.05567
11368.23340 0.04661
11370.92285 0.03108
11373.62012 0.03314
11376.31250 0.04971
11379.00391 0.03616
11381.69629 0.01369
11384.38379 0.03619
11387.08398 -0.01308
11389.77246 0.03003
11392.46094 0.05409
11395.15039 0.04285
11397.84766 0.03774
11400.54492 0.03601
11403.22949 0.04531
11405.92773 0.03357
11408.60840 0.04191
11411.30273 0.04326
11413.99609 0.04024
11416.69043 0.03648
11419.37305 0.01596
11422.08203 0.04410
11424.76660 0.03725
11427.46387 0.04303
11430.15527 0.05049
11432.83496 0.02979
11435.52734 0.04048
11438.22754 0.02345
11440.91602 0.00973
11443.61719 0.04509
11446.29980 0.03213
11448.99512 0.00033
11451.67969 0.02371
11454.38379 0.03054
11457.06934 0.03003
11459.76758 0.04535
11462.46094 0.03395
11465.14746 0.03243
11467.83594 0.03818
11470.52344 0.03009
11473.21973 0.05315
11475.90918 0.02934
11478.60645 0.01072
11481.29004 0.02430
11483.98828 0.02405
11486.68066 0.09795
11489.38086 0.03721
11492.06055 0.02484
11494.76172 0.03060
11497.45020 0.03842
11500.13965 0.01650
11502.83496 0.03513
11505.52539 0.03171
11508.21680 0.04946
11510.90234 0.05098
11513.59473 -0.00527
11516.30078 0.03507
11518.98730 0.04141
11521.68164 0.02486
11524.37012 0.04754
11527.06543 0.02749
11529.75000 0.04175
11532.44531 0.02516
11535.14258 0.04129
11537.83496 0.04429
11540.52051 0.04737
11543.21387 0.01270
11545.90039 0.03660
11548.60156 0.02543
11551.28906 0.05036
11553.97852 0.04369
11556.67480 0.03782
11559.36523 0.03320
11562.05566 0.02495
11564.74805 0.03167
11567.44043 0.03480
11570.12695 0.03905
11572.82031 0.04359
11575.51953 0.02185
11578.20898 0.02271
11580.90430 0.03661
11583.58691 0.00849
11586.28418 0.00595
11588.98145 0.04813
11591.66699 0.04282
11594.36523 0.04991
11597.05078 0.01974
11599.75000 0.05193
11602.43848 0.03204
11605.13281 0.01584
11607.81543 0.03539
11610.51855 0.03016
11613.20801 0.00366
11615.89844 0.00819
11618.59668 0.04258
11621.27539 0.04794
11623.96777 0.01907
11626.66797 0.04921
11629.35547 0.04103
11632.04980 0.03544
11634.73828 0.04041
11637.43457 0.03391
11640.11816 0.02674
11642.82031 -0.00234
11645.50586 0.04990
11648.20508 0.02805
11650.89648 0.04053
11653.57715 0.03159
11656.27051 0.03969
11658.96484 0.03233
11661.66602 0.04228
11664.35547 0.05593
11667.05078 0.00639
11669.73535 0.03316
11672.42090 0.03854
11675.11816 0.03470
11677.81641 0.03670
11680.50977 0.04053
11683.18945 0.04746
11685.89062 0.03834
11688.57910 0.02069
11691.27539 0.05553
11693.96484 0.04582
11696.66016 0.04134
11699.34570 0.01749
11702.03613 0.04467
11704.72852 0.01269
11707.42188 0.02745
11710.12109 0.03095
11712.81445 0.04030
11715.49609 0.05419
11718.18555 0.05202
11720.88184 0.04127
11723.57715 0.03143
11726.27441 0.04574
11728.96582 0.03788
11731.65039 0.02479
11734.34961 0.02399
11737.03613 0.01726
11739.72949 0.03923
11742.41699 0.00844
11745.11816 0.01643
11747.80762 0.03194
11750.49023 0.04611
11753.18164 0.03875
11755.87891 0.00531
11758.57031 0.04099
11761.26953 0.06195
11763.94922 0.06083
11766.65527 0.02372
11769.33594 0.02485
11772.03027 0.01144
11774.72656 0.02873
11777.42188 0.03482
11780.10547 0.03986
11782.80273 0.03162
11785.48730 0.03578
11788.18457 0.03374
11790.87207 0.06257
11793.57129 0.05405
11796.26465 0.03571
11798.94629 0.01615
11801.63477 0.01087
11804.34375 0.02447
11807.03320 0.01835
11809.72168 0.03118
11812.41406 0.03569
11815.10449 0.02717
11817.80371 0.04654
11820.48340 0.03940
11823.18359 0.04613
11825.87109 0.04908
11828.56445 0.03786
11831.25391 0.03826
11833.95020 0.04508
11836.63965 0.02357
11839.33691 0.02439
11842.02051 0.04065
11844.70605 -0.00041
11847.41211 0.02705
11850.09766 0.02629
11852.79199 0.02726
11855.48535 0.03747
11858.16699 0.04879
11860.86328 0.02731
11863.55273 0.05989
11866.25000 0.03196
11868.94727 0.04253
11871.63770 0.03197
11874.32910 0.02540
11877.01660 0.04297
11879.70996 0.02296
11882.39648 0.01692
11885.09766 0.03005
11887.78516 0.02244
11890.48145 0.04677
11893.17090 0.02503
11895.86816 0.01449
11898.55176 0.02872
11901.24414 0.05343
11903.93652 0.04291
11906.62793 0.03700
11909.32129 0.06168
11912.01562 0.03242
11914.70410 0.02759
11917.39160 0.03747
11920.08789 0.05212
11922.78418 0.03559
11925.46777 0.04116
11928.16699 0.05184
11930.86328 0.04048
11933.55078 0.03626
11936.24902 0.02345
11938.93555 0.01346
11941.62988 0.04260
11944.31152 0.05194
11947.00781 0.03877
11949.70410 0.03521
11952.39258 0.03386
11955.08398 0.01503
11957.77441 0.04948
11960.47266 0.04851
11963.16602 0.03427
11965.85840 0.06600
11968.55273 0.02420
11971.24609 0.04961
11973.92773 0.04729
11976.61719 0.03506
11979.31250 0.03829
11981.99707 0.04583
11984.69434 0.03325
11987.38477 0.03781
11990.08301 0.03927
11992.76855 0.01305
11995.46875 0.04152
11998.15527 0.05218
12000.84961 0.05862
12003.53809 0.03753
12006.24023 0.02132
12008.92969 0.02614
12011.62695 0.02336
12014.31738 0.02916
12017.00879 0.04546
12019.69336 0.05040
12022.38672 0.03309
12025.07910 0.03360
12027.77344 0.03757
12030.46191 0.03959
12033.15625 0.06523
12035.85254 0.04780
12038.53516 0.05785
12041.22461 0.02020
12043.92188 0.02339
12046.60742 0.03548
12049.29883 0.02947
12051.99805 0.04088
12054.69043 0.04067
12057.37793 0.04252
12060.07227 0.04659
12062.75977 0.03315
12065.45605 0.04297
12068.14551 0.03221
12070.84277 0.06041
12073.53320 0.02755
12076.23047 0.02579
12078.90918 0.03609
12081.60938 0.02969
12084.30273 0.02758
12086.98926 0.02791
12089.69043 0.03151
12092.37207 0.02526
12095.05957 0.03181
12097.76367 0.05382
12100.45312 0.02489
12103.14355 0.04280
12105.84277 0.02304
12108.53418 0.04366
12111.22656 0.03852
12113.91992 0.02244
12116.60645 0.03666
12119.30078 0.02131
12121.99512 0.04722
12124.69141 0.04408
12127.36816 0.04401
12130.06348 0.01976
12132.76074 0.03581
12135.44531 0.04269
12138.14355 0.03642
12140.83008 0.03000
12143.52246 0.04072
12146.20996 0.04961
12148.91016 0.03931
12151.59863 0.03742
12154.28711 0.02111
12156.99023 0.02702
12159.68555 0.04912
12162.37695 0.03097
12165.06152 0.03000
12167.75293 0.04221
12170.44629 0.00918
12173.13770 0.03994
12175.83105 0.04043
12178.51270 0.03710
12181.20703 0.03343
12183.90234 0.05364
12186.59766 0.06600
12189.28027 0.04871
12191.98438 0.06273
12194.67676 0.02319
12197.37402 0.05770
12200.05859 0.02374
12202.74609 0.03242
12205.44531 0.03792
12208.13281 0.03262
12210.82031 0.05709
12213.50879 0.04426
12216.20410 0.04114
12218.90137 0.04753
12221.59082 0.03262
12224.28125 0.05518
12226.97363 0.03073
12229.66602 0.02755
12232.36426 0.03291
12235.05762 0.04138
12237.73730 0.03810
12240.43848 0.02153
12243.12695 0.03530
12245.82227 0.04098
12248.51855 0.02379
12251.20117 0.04699
12253.89160 0.04589
12256.59082 0.04980
12259.27637 0.05339
12261.97461 0.06886
12264.66113 0.03472
12267.35449 0.05305
12270.04102 0.03153
12272.74219 0.04200
12275.42480 0.01959
12278.12109 0.03843
12280.81738 0.03806
12283.50781 0.02908
12286.19824 0.03731
12288.89648 0.04975
12291.57617 0.04606
12294.27441 0.04870
12296.96094 0.03404
12299.66211 0.02928
12302.34863 0.06496
12305.04492 0.04371
12307.73340 0.03459
12310.43652 0.02545
12313.12598 0.04067
12315.81055 0.04502
12318.50098 0.02783
12321.18652 0.02702
12323.87793 0.04964
12326.58594 0.04825
12329.26465 0.02757
12331.95898 0.02730
12334.65430 0.04779
12337.34375 0.00986
12340.04590 0.03457
12342.73535 0.03374
12345.41895 0.03845
12348.11621 0.02255
12350.80078 0.03402
12353.50098 0.05483
12356.18555 0.05684
12358.88574 0.04452
12361.57227 0.01110
12364.26758 0.05140
12366.96289 0.04782
12369.65137 0.04641
12372.34082 0.02864
12375.03125 0.02645
12377.72852 0.03650
12380.41211 0.04594
12383.10449 0.02779
12385.79590 0.02529
12388.49609 0.04633
12391.18945 0.02189
12393.88379 0.05847
12396.57227 0.04514
12399.25977 0.02635
12401.95605 0.03906
12404.65234 0.00843
12407.33594 0.03555
12410.02051 0.02552
12412.72559 0.04757
12415.40918 0.04967
12418.10938 0.03406
12420.79590 0.03573
12423.48926 0.01085
12426.17773 0.10835
12428.86523 0.04581
12431.57422 0.02490
12434.26270 0.06434
12436.95312 0.03137
12439.63574 0.03950
12442.33496 0.05936
12445.02539 0.02420
12447.71875 0.05312
12450.41016 0.04174
12453.09668 0.03126
12455.79004 0.03876
12458.48535 0.03614
12461.18066 0.05436
12463.87598 0.03688
12466.55859 0.03844
12469.25586 0.03411
12471.95312 0.06023
12474.63672 0.01310
12477.33594 0.03553
12480.02734 0.04316
12482.71387 0.03351
12485.40723 0.03737
12488.09375 0.02204
12490.78906 0.02935
12493.48340 0.04389
12496.17285 0.03124
12498.86914 0.01988
12501.56641 0.02636
12504.24316 0.04514
12506.94043 0.04596
12509.63965 0.05203
12512.31836 0.03459
12515.01758 0.01805
12517.70508 0.02036
12520.39941 0.03806
12523.09375 0.04322
12525.78809 0.03111
12528.47754 0.02485
12531.16699 0.04302
12533.86426 0.04150
12536.55469 0.02902
12539.24609 0.05803
12541.93750 0.04449
12544.63086 0.01847
12547.32324 0.03775
12550.01758 0.04540
12552.70410 0.04826
12555.40527 0.02249
12558.09473 0.02466
12560.77637 0.05576
12563.47363 0.03282
12566.17090 0.01827
12568.85352 0.05394
12571.55176 0.03248
12574.23730 0.04347
12576.93652 0.02534
12579.62305 0.03169
12582.32227 0.02895
12585.01074 0.06564
12587.69922 0.03561
12590.38672 0.03526
12593.08887 0.03170
12595.77832 0.02774
12598.47559 0.02229
12601.16699 0.02830
12603.85156 0.03884
12606.55078 0.03155
12609.24219 0.04658
12611.92090 0.04863
12614.62207 0.02272
12617.30957 0.03666
12620.01172 0.04493
12622.69336 0.02090
12625.38867 0.05343
12628.07812 0.04412
12630.77539 0.02032
12633.46680 0.03559
12636.15723 0.03597
12638.84277 0.03648
12641.54883 0.04410
12644.23438 0.04163
12646.92773 0.02634
12649.61523 0.05280
12652.31055 0.06437
12654.99805 0.02973
12657.68750 0.04310
12660.38379 0.05827
12663.07324 0.03920
12665.77148 0.05441
12668.46191 0.03485
12671.15430 0.07193
12673.85352 0.04020
12676.53320 0.02723
12679.23242 0.05084
12681.92676 0.04287
12684.61426 0.02352
12687.30957 0.02791
12689.99805 0.03344
12692.68066 0.02866
12695.37793 0.03732
12698.07520 0.03105
12700.75879 0.04780
12703.46387 0.02998
12706.14941 0.02663
12708.84277 0.03910
12711.52930 0.04195
12714.22266 0.05474
12716.91797 0.00941
12719.61230 0.05836
12722.30176 0.02294
12724.99121 0.03231
12727.68652 0.02237
12730.37109 0.04805
12733.06836 0.06181
12735.75977 0.04143
12738.45215 0.01069
12741.14551 0.03643
12743.83105 0.04531
12746.52539 0.05281
12749.21875 0.02611
12751.91504 0.05108
12754.60254 0.02774
12757.29199 0.04484
12759.99609 0.04845
12762.68555 0.03702
12765.37598 0.04329
12768.06152 0.02251
12770.75977 0.04707
12773.44531 0.04636
12776.14551 0.03060
12778.83203 0.03663
12781.52637 0.04280
12784.22070 0.04491
12786.90234 0.03033
12789.59668 0.01548
12792.29395 0.03471
12794.99121 0.04104
12797.67480 0.02846
12800.37305 0.04550
12803.05664 0.05753
12805.75684 0.03268
12808.45020 0.06148
12811.12891 0.03434
12813.83691 0.03673
12816.51660 0.06169
12819.21289 0.03191
12821.90137 0.00227
12824.58984 0.05971
12827.29395 0.04179
12829.98438 0.04896
12832.67578 0.04361
12835.35938 0.04856
12838.05176 0.04929
12840.74316 0.03419
12843.44434 0.05385
12846.13086 0.03091
12848.83301 0.03026
12851.51270 0.04586
12854.20898 0.04644
12856.88965 0.04650
12859.59375 0.05464
12862.28320 0.05866
12864.97363 0.02769
12867.66602 0.01858
12870.36426 0.05718
12873.05664 0.04365
12875.74219 0.01988
12878.43555 0.03286
12881.12207 0.06073
12883.82422 0.04548
12886.51855 0.03649
12889.20703 0.03304
12891.90430 0.02229
12894.59375 0.05647
12897.27637 0.01386
12899.97461 0.03252
12902.65918 0.02221
12905.35742 0.02841
12908.05078 0.04083
12910.73633 0.02757
12913.42969 0.02975
12916.11719 0.03615
12918.81836 0.03570
12921.50000 0.03829
12924.20312 0.04985
12926.88574 0.02225
12929.58887 0.05019
12932.28027 0.05728
12934.96387 0.05556
12937.65430 0.03330
12940.33984 0.03120
12943.04688 0.02805
12945.74023 0.04407
12948.42676 0.02345
12951.12109 0.04526
12953.81543 0.05218
12956.49707 0.05642
12959.19336 0.05060
12961.88281 0.04102
12964.58008 0.03118
12967.27832 0.03464
12969.96191 0.03814
12972.66113 0.04041
12975.34668 0.04486
12978.03809 0.05456
12980.72461 0.04293
12983.41992 0.03397
12986.11426 0.01647
12988.81543 0.05484
12991.49707 0.06945
12994.18652 0.04465
12996.88379 0.04097
12999.56641 0.04669
13002.27148 0.02559
13004.96973 0.03980
13007.65430 0.05919
13010.34766 0.04482
13013.03320 0.02721
13015.73242 0.04297
13018.41309 0.03216
13021.10742 0.03809
13023.80371 0.03612
13026.49902 0.04677
13029.18066 0.02661
13031.87793 0.02436
13034.57520 0.01897
13037.25781 0.05904
13039.95605 0.05886
13042.64844 0.03062
13045.33398 0.02914
13048.03516 0.03224
13050.72070 0.04219
13053.41504 0.04867
13056.10938 0.03892
13058.80566 0.06091
13061.49316 0.04150
13064.18262 0.03837
13066.87207 0.05776
13069.57129 0.03048
13072.25391 0.06585
13074.95215 0.02505
13077.64453 0.03756
13080.33789 0.02681
13083.02246 0.02707
13085.71582 0.03960
13088.41113 0.04663
13091.09863 0.05555
13093.79297 0.04672
13096.49707 0.04558
13099.17188 0.04194
13101.87598 0.00328
13104.56641 0.04945
13107.24902 0.04634
13109.94824 0.04356
13112.63965 0.03032
13115.33301 0.02578
13118.01172 0.02771
13120.71973 0.05595
13123.41406 0.05330
13126.10156 0.03870
13128.78906 0.05071
13131.48535 0.03701
13134.18262 0.04797
13136.86328 0.01816
13139.54785 0.03178
13142.24512 0.06720
13144.94336 0.03969
13147.63574 0.03871
13150.32129 0.03655
13153.01465 0.03310
13155.71582 0.06211
13158.39453 0.03558
13161.09668 0.03775
13163.78516 0.05708
13166.48730 0.04537
13169.16992 0.03475
13171.85938 0.05067
13174.55664 0.06528
13177.24707 0.05177
13179.93164 0.05881
13182.62305 0.05021
13185.31641 0.03698
13188.00879 0.02517
13190.69531 0.03117
13193.38965 0.06805
13196.08496 0.02972
13198.77930 0.02188
13201.47559 0.04092
13204.16406 0.06211
13206.85352 0.02300
13209.55078 0.05046
13212.25000 0.03394
13214.92578 0.02537
13217.62402 0.03765
13220.32422 0.06239
13223.00977 0.03813
13225.71094 0.05400
13228.38965 0.04662
13231.07812 0.03445
13233.78027 0.04941
13236.47461 0.04365
13239.16406 0.05139
13241.84668 0.03569
13244.55078 0.02782
13247.24121 0.03670
13249.93262 0.04847
13252.63184 0.03932
13255.31641 0.01667
13258.00977 0.04558
13260.69434 0.04571
13263.38965 0.04238
13266.08301 0.04012
13268.77051 0.04059
13271.46680 0.04637
13274.15430 0.05598
13276.85156 0.05343
13279.53516 0.02145
13282.23828 0.02416
13284.91504 0.05461
13287.61426 0.03536
13290.30664 0.05623
13293.00684 0.04724
13295.69141 0.03581
13298.38477 0.03625
13301.08008 0.04984
13303.76660 0.02572
13306.46191 0.03041
13309.15039 0.06263
13311.84668 0.04345
13314.53711 0.06934
13317.22656 0.05046
13319.91699 0.02809
13322.61523 0.05148
13325.30762 0.04917
13328.00000 0.02501
13330.68457 0.04041
13333.37988 0.04321
13336.07324 0.03222
13338.75977 0.04466
13341.45508 0.03168
13344.15039 0.06649
13346.83984 0.05152
13349.54297 0.04714
13352.22559 0.05795
13354.92285 0.02803
13357.60742 0.04710
13360.29980 0.05399
13362.99121 0.04285
13365.69141 0.04644
13368.38477 0.04011
13371.07031 0.02991
13373.75684 0.03878
13376.45117 0.02405
13379.13965 0.01124
13381.83496 0.04512
13384.53223 0.04621
13387.22168 0.04437
13389.91895 0.02636
13392.60156 0.02871
13395.30078 0.04432
13397.98535 0.04931
13400.68555 0.04712
13403.37109 0.05334
13406.06445 0.03818
13408.75000 0.05039
13411.45215 0.04101
13414.14062 0.04052
13416.84277 0.04687
13419.52441 0.03914
13422.21387 0.02755
13424.91113 0.03907
13427.60059 0.05768
13430.29199 0.04592
13432.98242 0.03380
13435.67480 0.04248
13438.36035 0.04133
13441.05371 0.03009
13443.74707 0.05385
13446.44043 0.05060
13449.13477 0.05554
13451.83008 0.02918
13454.52637 0.04180
13457.22266 0.02306
13459.89746 0.03433
13462.59473 0.07071
13465.29199 0.03570
13467.97559 0.03446
13470.67480 0.05639
13473.35938 0.04372
13476.05957 0.03566
13478.74512 0.05101
13481.44629 0.04558
13484.13281 0.06127
13486.82129 0.05053
13489.52344 0.05104
13492.21191 0.05665
13494.90137 0.01970
13497.58984 0.03885
13500.28125 0.04439
13502.97070 0.01687
13505.66211 0.05296
13508.35449 0.04806
13511.05273 0.04045
13513.73828 0.03263
13516.43164 0.02854
13519.12598 0.07050
13521.82031 0.05439
13524.51562 0.05407
13527.19531 0.03749
13529.89941 0.02992
13532.58105 0.03820
13535.27832 0.03441
13537.97559 0.03865
13540.65820 0.04293
13543.36426 0.04131
13546.04883 0.04475
13548.73438 0.05006
13551.43359 0.04450
13554.12695 0.04266
13556.81348 0.03229
13559.50098 0.03081
13562.19531 0.02773
13564.89844 0.05176
13567.58691 0.05142
13570.27637 0.04490
13572.97363 0.02531
13575.66309 0.04500
13578.34668 0.03699
13581.03809 0.03895
13583.72949 0.04283
13586.42969 0.05186
13589.12305 0.04499
13591.80859 0.04216
13594.50293 0.04661
13597.19629 0.03517
13599.88379 0.05419
13602.58008 0.04426
13605.26855 0.02610
13607.96484 0.05015
13610.65430 0.04028
13613.35156 0.05322
13616.03613 0.04095
13618.72656 0.07801
13621.41895 0.06466
13624.11816 0.03773
13626.80371 0.02436
13629.49707 0.03911
13632.19043 0.01952
13634.87695 0.07150
13637.57324 0.03502
13640.26758 0.05913
13642.96387 0.05611
13645.65332 0.05092
13648.35059 0.03238
13651.03320 0.04447
13653.72363 0.03338
13656.42188 0.03062
13659.11426 0.04236
13661.79785 0.05525
13664.50000 0.05909
13667.18457 0.04735
13669.87793 0.02589
13672.56641 0.05775
13675.26074 0.04958
13677.94922 0.05862
13680.65137 0.05815
13683.34082 0.04444
13686.02344 0.05664
13688.71289 0.04297
13691.42578 0.03689
13694.11035 0.06966
13696.80176 0.02576
13699.49414 0.04373
13702.18555 0.02366
13704.87891 0.05255
13707.56641 0.04764
13710.25879 0.02425
13712.95508 0.03705
13715.63574 0.05802
13718.33105 0.05761
13721.02734 0.05585
13723.71680 0.03686
13726.40625 0.05542
13729.10449 0.05738
13731.80273 0.02985
13734.48730 0.02869
13737.18652 0.07274
13739.87109 0.05092
13742.55664 0.06760
13745.25098 0.04963
13747.94434 0.06628
13750.63281 0.04409
13753.33496 0.05490
13756.02246 0.03604
13758.71094 0.06148
13761.40039 0.06418
13764.09082 0.04215
13766.78027 0.06482
13769.47070 0.04437
13772.17773 0.03323
13774.85449 0.04669
13777.55469 0.02841
13780.24805 0.05902
13782.94141 0.02022
13785.63477 0.05705
13788.32129 0.04731
13791.01758 0.03711
13793.71191 0.05822
13796.39355 0.05512
13799.09668 0.02925
13801.79395 0.03854
13804.47754 0.03073
13807.17578 0.04055
13809.85840 0.04339
13812.55078 0.05719
13815.25000 0.02593
13817.93555 0.04675
13820.62891 0.02567
13823.33008 0.04802
13826.01660 0.01776
13828.71191 0.04351
13831.39844 0.03857
13834.08789 0.04688
13836.78320 0.05030
13839.47266 0.03863
13842.16992 0.04421
13844.86035 0.06300
13847.55176 0.05399
13850.24219 0.06992
13852.92773 0.04201
13855.62695 0.03427
13858.31934 0.03781
13861.00586 0.03178
13863.69922 0.03889
13866.39355 0.05146
13869.08203 0.05013
13871.78418 0.04615
13874.46582 0.04929
13877.16992 0.03888
13879.85156 0.04098
13882.54199 0.07598
13885.24023 0.03280
13887.93066 0.02859
13890.62305 0.06083
13893.30762 0.04167
13896.00098 0.05699
13898.70020 0.05965
13901.39453 0.01846
13904.08789 0.05398
13906.77637 0.04312
13909.47070 0.06506
13912.15918 0.04846
13914.86230 0.05169
13917.53613 0.07148
13920.23340 0.05574
13922.92383 0.04081
13925.62305 0.04035
13928.30664 0.04203
13931.00586 0.06229
13933.68262 0.04719
13936.38281 0.05835
13939.07617 0.03707
13941.77051 0.06033
13944.46484 0.06439
13947.15234 0.07264
13949.83984 0.03403
13952.53613 0.02541
13955.23145 0.05843
13957.92090 0.05637
13960.60449 0.04303
13963.30957 0.02163
13966.00000 0.04821
13968.69141 0.04417
13971.38379 0.04735
13974.07617 0.04999
13976.76074 0.04968
13979.46191 0.04766
13982.15723 0.04412
13984.84375 0.02902
13987.52246 0.04009
13990.22656 0.05206
13992.92188 0.04730
13995.61133 0.05932
13998.29297 0.04210
14000.99805 0.04203
14003.68066 0.04767
14006.37207 0.05212
14009.07129 0.01544
14011.76367 0.04696
14014.44727 0.05531
14017.14844 0.05433
14019.82617 0.05120
14022.53711 0.06978
14025.22363 0.05739
14027.91016 0.03110
14030.59766 0.05843
14033.29395 0.05195
14035.99121 0.06344
14038.68066 0.03727
14041.37012 0.04691
14044.06836 0.04511
14046.75879 0.03076
14049.45117 0.04462
14052.14355 0.04260
14054.82812 0.03792
14057.52148 0.02534
14060.21484 0.05480
14062.91602 0.02918
14065.59668 0.04328
14068.29102 0.06773
14070.98730 0.05745
14073.67480 0.04521
14076.37207 0.03632
14079.05371 0.03053
14081.75879 0.03921
14084.44141 0.04577
14087.14062 0.05036
14089.82422 0.04750
14092.51660 0.03690
14095.21582 0.05418
14097.90137 0.06098
14100.59570 0.03446
14103.28125 0.07648
14105.96875 0.03711
14108.67188 0.03144
14111.36816 0.05108
14114.06348 0.02194
14116.75195 0.04573
14119.43457 0.05235
14122.12402 0.05258
14124.81445 0.04010
14127.51367 0.06791
14130.21289 0.03562
14132.90527 0.04987
14135.58887 0.05376
14138.28223 0.07274
14140.97559 0.02511
14143.67090 0.07427
14146.36523 0.06157
14149.04395 0.04477
14151.74805 0.03442
14154.43555 0.04495
14157.13281 0.06058
14159.82227 0.06704
14162.51172 0.02830
14165.20996 0.06118
14167.90137 0.04063
14170.58398 0.04582
14173.27539 0.05082
14175.96875 0.04202
14178.65430 0.07332
14181.36230 0.06835
14184.05664 0.04878
14186.74316 0.04839
14189.43848 0.03897
14192.11816 0.06220
14194.81445 0.04891
14197.50391 0.02624
14200.19922 0.04604
14202.89746 0.05293
14205.57324 0.05789
14208.27832 0.07912
14210.96973 0.06556
14213.64648 0.04910
14216.35352 0.05103
14219.03125 0.06845
14221.74023 0.05652
14224.41797 0.06140
14227.12012 0.03681
14229.80762 0.02293
14232.51074 0.04616
14235.19141 0.04182
14237.88672 0.04408
14240.58398 0.02850
14243.27344 0.06581
14245.96387 0.07285
14248.65332 0.05179
14251.34570 0.04177
14254.03613 0.03707
14256.72949 0.03322
14259.42188 0.05952
14262.11523 0.03551
14264.80859 0.02898
14267.50293 0.05094
14270.18945 0.05986
14272.87598 0.06073
14275.57227 0.04729
14278.26855 0.05578
14280.96484 0.03719
14283.64648 0.05409
14286.34375 0.04492
14289.02637 0.05731
14291.72559 0.02397
14294.41699 0.06157
14297.10938 0.04469
14299.80176 0.03620
14302.50293 0.03980
14305.18750 0.03787
14307.87305 0.04794
14310.55957 0.03459
14313.27051 0.04420
14315.95020 0.07698
14318.64648 0.05911
14321.33594 0.04020
14324.02344 0.03747
14326.72266 0.04882
14329.40430 0.03552
14332.10254 0.05295
14334.79297 0.04565
14337.49316 0.05747
14340.18457 0.03458
14342.87012 0.05791
14345.57129 0.05692
14348.24902 0.04808
14350.95117 0.03927
14353.64648 0.06923
14356.33301 0.05794
14359.02832 0.05649
14361.71680 0.04224
14364.40625 0.04034
14367.10352 0.03650
14369.79297 0.03753
14372.47559 0.05981
14375.18164 0.06982
14377.86426 0.06452
14380.55664 0.04230
14383.25684 0.06139
14385.94238 0.05441
14388.63574 0.05631
14391.32031 0.07219
14394.01562 0.06026
14396.71777 0.05422
14399.41406 0.05750
14402.10156 0.01866
14404.79785 0.04449
14407.48730 0.05744
14410.18457 0.04687
14412.85742 0.06660
14415.54883 0.05293
14418.24805 0.07909
14420.93945 0.03826
14423.63086 0.06716
14426.32422 0.05790
14429.02441 0.04394
14431.70215 0.05547
14434.40430 0.05380
14437.08301 0.03794
14439.78516 0.03298
14442.48145 0.04873
14445.17773 0.05582
14447.85742 0.04663
14450.56250 0.03544
14453.24414 0.05881
14455.93457 0.05419
14458.62500 0.03714
14461.33203 0.04913
14464.01562 0.06281
14466.70801 0.04525
14469.39160 0.04922
14472.09277 0.04656
14474.77832 0.05099
14477.47363 0.03222
14480.16016 0.04210
14482.86230 0.06678
14485.55078 0.05114
14488.24609 0.05877
14490.93457 0.07890
14493.62402 0.05526
14496.31348 0.02644
14499.01172 0.05602
14501.69434 0.07453
14504.39258 0.04530
14507.08496 0.05828
14509.77734 0.02513
14512.46875 0.03062
14515.15430 0.04711
14517.85645 0.05713
14520.54199 0.02533
14523.23730 0.05606
14525.93164 0.06660
14528.61133 0.07527
14531.30762 0.05797
14534.00488 0.04187
14536.70215 0.04085
14539.38379 0.04979
14542.08105 0.06331
14544.77148 0.05612
14547.46289 0.06063
14550.15527 0.05953
14552.83984 0.03366
14555.53906 0.06170
14558.22461 0.07609
14560.92578 0.04275
14563.61230 0.05628
14566.31543 0.03339
14568.99414 0.04185
14571.68945 0.05410
14574.38574 0.05357
14577.08203 0.04420
14579.77148 0.06867
14582.45996 0.05545
14585.15137 0.06006
14587.84180 0.05637
14590.53223 0.05281
14593.23242 0.04428
14595.91602 0.05692
14598.61719 0.03483
14601.30176 0.04507
14603.99512 0.04478
14606.68164 0.02369
14609.38379 0.04680
14612.07129 0.04667
14614.76660 0.06047
14617.44727 0.04462
14620.14258 0.05241
14622.83984 0.06631
14625.52148 0.05069
14628.21973 0.04379
14630.91113 0.04528
14633.60938 0.06158
14636.29199 0.04490
14638.99316 0.05524
14641.69336 0.03736
14644.37891 0.05598
14647.06348 0.05710
14649.75684 0.04038
14652.45996 0.05949
14655.14648 0.05311
14657.83496 0.07338
14660.52246 0.04206
14663.21875 0.03211
14665.90820 0.04844
14668.61328 0.06127
14671.29395 0.05970
14673.99316 0.06223
14676.67578 0.05878
14679.36816 0.05924
14682.07520 0.07860
14684.75977 0.07764
14687.45312 0.05437
14690.13867 0.03163
14692.82324 0.07717
14695.51855 0.04853
14698.20508 0.05031
14700.89941 0.06799
14703.58789 -0.05017
14706.28320 0.05499
14708.98047 0.05637
14711.66992 0.04061
14714.36719 0.07219
14717.05762 0.03900
14719.75684 0.08173
14722.45508 0.07157
14725.13086 0.03425
14727.83105 0.05560
14730.51660 0.04659
14733.20898 0.04249
14735.91113 0.04789
14738.59668 0.04662
14741.29102 0.07435
14743.97949 0.05037
14746.67383 0.06595
14749.36133 0.05021
14752.05078 0.05521
14754.74707 0.05910
14757.43750 0.06803
14760.12695 0.04004
14762.81738 0.08524
14765.51660 0.03979
14768.21582 0.05726
14770.90039 0.08829
14773.59180 0.05612
14776.27734 0.03073
14778.97070 0.05463
14781.66406 0.04163
14784.35059 0.03125
14787.05371 0.04454
14789.74902 0.06197
14792.43652 0.04521
14795.11621 0.03245
14797.81348 0.03339
14800.51074 0.07100
14803.20898 0.06916
14805.89062 0.05943
14808.58105 0.05844
14811.28125 0.06287
14813.97168 0.06979
14816.66406 0.05465
14819.34961 0.06196
14822.05078 0.05938
14824.73633 0.05649
14827.42090 0.05836
14830.12402 0.04843
14832.81055 0.03579
14835.49805 0.04370
14838.20215 0.07126
14840.89160 0.04118
14843.58008 0.06801
14846.26953 0.03551
14848.96777 0.06717
14851.64941 0.04451
14854.33984 0.06615
14857.04004 0.04990
14859.72363 0.04671
14862.42383 0.05605
14865.11719 0.04588
14867.80273 0.03757
14870.50391 0.04589
14873.19824 0.04176
14875.88477 0.05433
14878.57129 0.03672
14881.26758 0.06192
14883.97168 0.04759
14886.64355 0.03612
14889.34863 0.04064
14892.04688 0.05635
14894.72852 0.05650
14897.42676 0.04269
14900.11816 0.05532
14902.80078 0.03227
14905.50195 0.03576
14908.18555 0.05667
14910.89453 0.04289
14913.57129 0.08623
14916.26562 0.07818
14918.95117 0.06377
14921.64551 0.06006
14924.34180 0.05489
14927.03809 0.04318
14929.73340 0.06353
14932.41406 0.05491
14935.11133 0.04485
14937.80176 0.05204
14940.49902 0.05841
14943.18945 0.04774
14945.87988 0.07565
14948.56445 0.05950
14951.26367 0.04923
14953.94824 0.05794
14956.64941 0.05700
14959.33496 0.05860
14962.02832 0.06694
14964.72266 0.06576
14967.40918 0.05108
14970.10547 0.05022
14972.80957 0.03309
14975.48926 0.06663
14978.18555 0.06437
14980.87500 0.05540
14983.56348 0.04355
14986.26270 0.03179
14988.94531 0.05034
14991.63574 0.07423
14994.34375 0.05246
14997.02734 0.04294
14999.71191 0.06394
15002.40527 0.06075
15005.09863 0.05765
15007.79980 0.05786
15010.48633 0.08071
15013.18066 0.04931
15015.87695 0.04642
15018.56348 0.05872
15021.26074 0.03355
15023.94141 0.04837
15026.63867 0.05836
15029.32715 0.05888
15032.01855 0.05000
15034.71680 0.05622
15037.39941 0.05436
15040.09766 0.06057
15042.79004 0.05721
15045.47461 0.05332
15048.17578 0.07305
15050.87012 0.04180
15053.56348 0.06902
15056.24902 0.05943
15058.93555 0.05399
15061.62305 0.07114
15064.32715 0.04851
15067.00586 0.05389
15069.71094 0.04932
15072.40039 0.05679
15075.08984 0.03235
15077.78027 0.06643
15080.47949 0.05953
15083.16992 0.04298
15085.86035 0.05845
15088.55273 0.05893
15091.24414 0.06061
15093.92969 0.07605
15096.62305 0.04793
15099.31641 0.04923
15102.01074 0.07014
15104.71387 0.06679
15107.40039 0.05004
15110.07910 0.06071
15112.77637 0.07027
15115.47266 0.04455
15118.16992 0.08603
15120.85059 0.08299
15123.54004 0.06127
15126.23926 0.07221
15128.92969 0.06467
15131.62891 0.07001
15134.31250 0.03389
15137.01367 0.05801
15139.68945 0.04549
15142.39062 0.08342
15145.08398 0.05550
15147.78613 0.06428
15150.47363 0.05661
15153.16016 0.06344
15155.83887 0.07323
15158.54297 0.07005
15161.24023 0.04699
15163.92773 0.05510
15166.61719 0.06083
15169.31445 0.04150
15171.99707 0.06252
15174.68652 0.06369
15177.39453 0.07775
15180.07812 0.05368
15182.77051 0.05973
15185.46191 0.07517
15188.14648 0.06189
15190.84863 0.06061
15193.54199 0.06020
15196.21973 0.03416
15198.92383 0.06294
15201.61816 0.05980
15204.31445 0.04968
15206.99414 0.04915
15209.69141 0.06355
15212.37988 0.04962
15215.07812 0.07665
15217.75977 0.04852
15220.46582 0.06799
15223.14844 0.04747
15225.83984 0.06653
15228.53125 0.06791
15231.23145 0.07423
15233.92480 0.07391
15236.61035 0.07620
15239.30371 0.06020
15242.00586 0.06695
15244.69141 0.04483
15247.37793 0.04511
15250.06543 0.05899
15252.76172 0.04548
15255.45020 0.06839
15258.14746 0.05492
15260.83496 0.05758
15263.53320 0.06439
15266.22266 0.05377
15268.92285 0.04096
15271.60547 0.05674
15274.30566 0.07715
15276.98828 0.05543
15279.68066 0.03806
15282.38184 0.05088
15285.05859 0.07055
15287.75977 0.06176
15290.45508 0.05830
15293.14160 0.05815
15295.82812 0.05620
15298.51465 0.05412
15301.21973 0.04501
15303.90039 0.06059
15306.60547 0.04112
15309.29492 0.07043
15311.99316 0.04920
15314.68262 0.06400
15317.37305 0.05210
15320.07324 0.07806
15322.76465 0.07037
15325.44043 0.05894
15328.13184 0.06585
15330.82520 0.06734
15333.51855 0.06838
15336.20410 0.04803
15338.89844 0.06430
15341.59277 0.04577
15344.28027 0.05617
15346.97559 0.04677
15349.67285 0.07948
15352.36914 0.06230
15355.05859 0.06396
15357.74805 0.06156
15360.44629 0.06436
15363.12793 0.07690
15365.81836 0.05653
15368.51855 0.07101
15371.20117 0.04110
15373.90039 0.08031
15376.60254 0.05857
15379.28711 0.06116
15381.98047 0.05793
15384.66602 0.06542
15387.36914 0.06073
15390.05566 0.04331
15392.75879 0.06248
15395.44727 0.06865
15398.12598 0.05346
15400.83105 0.05171
15403.51172 0.06769
15406.20020 0.06775
15408.89160 0.04730
15411.59766 0.04894
15414.28809 0.05372
15416.98047 0.05606
15419.67285 0.06899
15422.35547 0.06805
15425.04883 0.06106
15427.74219 0.05927
15430.43555 0.06540
15433.12793 0.06284
15435.82324 0.07954
15438.50195 0.05235
15441.19629 0.07113
15443.89258 0.05618
15446.58789 0.04223
15449.26855 0.04551
15451.96582 0.06537
15454.66406 0.06119
15457.36133 0.07489
15460.04395 0.07148
15462.74316 0.07121
15465.42578 0.06842
15468.12500 0.06821
15470.81738 0.05475
15473.51855 0.09306
15476.20410 0.07480
15478.88770 0.07194
15481.59082 0.08693
15484.27734 0.07211
15486.96289 0.07193
15489.65820 0.08157
15492.34570 0.08725
15495.03320 0.06846
15497.73047 0.06275
15500.41895 0.06680
15503.10840 0.04494
15505.79883 0.06366
15508.48828 0.06848
15511.17871 0.04598
15513.87891 0.07875
15516.57031 0.06339
15519.26270 0.06384
15521.95410 0.06151
15524.64746 0.04845
15527.34082 0.06486
15530.04395 0.06580
15532.72852 0.04999
15535.42383 0.05594
15538.11914 0.04590
15540.80664 0.07514
15543.50195 0.06871
15546.19922 0.06553
15548.87988 0.06170
15551.58594 0.05465
15554.26562 0.06354
15556.96484 0.06991
15559.65527 0.06029
15562.33789 0.06108
15565.03809 0.07794
15567.72949 0.05624
15570.41406 0.07231
15573.11523 0.06127
15575.80859 0.06913
15578.49414 0.07138
15581.17969 0.05804
15583.87402 0.04588
15586.57812 0.07897
15589.26465 0.04688
15591.95996 0.08537
15594.64844 0.05894
15597.33691 0.05643
15600.03320 0.06674
15602.72266 0.06667
15605.42188 0.05250
15608.09473 0.08114
15610.79492 0.04383
15613.48535 0.05437
15616.17773 0.05508
15618.87793 0.04409
15621.55371 0.03722
15624.25488 0.04845
15626.95703 0.06328
15629.64258 0.07060
15632.33789 0.06843
15635.02246 0.04818
15637.71875 0.06801
15640.40527 0.06026
15643.10254 0.07882
15645.79102 0.06961
15648.48828 0.05502
15651.17773 0.07861
15653.85742 0.08214
15656.56543 0.06099
15659.24707 0.07469
15661.93848 0.08088
15664.62891 0.05526
15667.33008 0.06749
15670.02246 0.04715
15672.71582 0.05170
15675.40918 0.08440
15678.10254 0.07205
15680.78809 0.05132
15683.48242 0.07906
15686.16895 0.06230
15688.86523 0.07568
15691.56055 0.05192
15694.24902 0.07301
15696.94531 0.06575
15699.62500 0.04116
15702.31445 0.05522
15705.02246 0.07422
15707.72070 0.07024
15710.39453 0.06392
15713.09375 0.06298
15715.79395 0.06672
15718.46875 0.06107
15721.16992 0.05988
15723.85449 0.05553
15726.55664 0.05389
15729.23242 0.06207
15731.93652 0.06857
15734.63086 0.07254
15737.32617 0.07636
15740.01367 0.05278
15742.70020 0.07531
15745.38867 0.05658
15748.09473 0.07357
15750.77539 0.05778
15753.46484 0.06531
15756.15430 0.07620
15758.84473 0.07005
15761.56152 0.06798
15764.24414 0.06461
15766.93555 0.09118
15769.62793 0.05888
15772.32031 0.06568
15775.01367 0.05356
15777.70703 0.06035
15780.38281 0.08472
15783.07812 0.07685
15785.77344 0.06633
15788.46875 0.05503
15791.16406 0.06826
15793.84277 0.05767
15796.54004 0.04765
15799.23730 0.05602
15801.93457 0.05556
15804.61621 0.06466
15807.32227 0.05905
15810.00391 0.06564
15812.69629 0.06687
15815.38672 0.07033
15818.07910 0.05516
15820.76172 0.04880
15823.46387 0.07593
15826.15625 0.08504
15828.84180 0.08315
15831.54395 0.05171
15834.22949 0.07126
15836.91602 0.06146
15839.60254 0.05837
15842.30762 0.07313
15845.00391 0.07522
15847.69141 0.04444
15850.37988 0.06952
15853.07812 0.07942
15855.76758 0.04527
15858.45703 0.08418
15861.14746 0.06796
15863.84766 0.06882
15866.53809 0.07068
15869.23047 0.08009
15871.92188 0.06763
15874.61523 0.05600
15877.29004 0.05138
15879.99316 0.09740
15882.69531 0.08191
15885.38965 0.05058
15888.06738 0.06761
15890.76367 0.08475
15893.45898 0.06265
15896.14746 0.06194
15898.84375 0.07158
15901.53125 0.04760
15904.22949 0.05309
15906.91016 0.06656
15909.60840 0.05089
15912.29883 0.08047
15914.99023 0.06145
15917.68945 0.06074
15920.37305 0.06239
15923.05664 0.06929
15925.75781 0.06176
15928.45898 0.06056
15931.14453 0.08404
15933.83008 0.08188
15936.52344 0.07333
15939.22656 0.05529
15941.92285 0.04575
15944.60938 0.07537
15947.29785 0.05992
15949.99316 0.05800
15952.68262 0.07566
15955.37109 0.06626
15958.06055 0.06219
15960.75000 0.05756
15963.44043 0.07928
15966.14062 0.08063
15968.83984 0.08178
15971.51367 0.05234
15974.21484 0.05388
15976.90723 0.05925
15979.59082 0.06633
15982.29297 0.08108
15984.98633 0.05434
15987.67188 0.04394
15990.36621 0.08323
15993.04590 0.06780
15995.75879 0.05368
15998.43652 0.06560
16001.14258 0.07355
16003.82129 0.06364
16006.51074 0.07094
16009.21680 0.06722
16011.89746 0.08335
16014.58789 0.06038
16017.28613 0.04478
16019.98633 0.08578
16022.66895 0.08807
16025.36133 0.07143
16028.04395 0.07408
16030.75391 0.08110
16033.43066 0.06019
16036.14258 0.06969
16038.82715 0.06248
16041.52246 0.07660
16044.21680 0.07563
16046.89453 0.06251
16049.58105 0.04218
16052.27832 0.06538
16054.96582 0.07944
16057.67188 0.05858
16060.36035 0.08835
16063.04102 0.08384
16065.73926 0.08322
16068.43945 0.08302
16071.12109 0.04562
16073.81152 0.06110
16076.51270 0.06645
16079.20508 0.07075
16081.89648 0.08599
16084.58105 0.05450
16087.27441 0.07936
16089.96875 0.05533
16092.67090 0.07020
16095.34863 0.07309
16098.03516 0.06901
16100.74805 0.05658
16103.42676 0.06203
16106.11426 0.06327
16108.82031 0.07741
16111.50879 0.05406
16114.19727 0.06237
16116.88672 0.07973
16119.57812 0.05243
16122.26855 0.06644
16124.95898 0.07304
16127.64941 0.06220
16130.35059 0.07168
16133.03320 0.06231
16135.72656 0.05843
16138.41992 0.06144
16141.12305 0.08166
16143.80664 0.05452
16146.50098 0.06487
16149.19727 0.08164
16151.88281 0.07363
16154.57910 0.07369
16157.26660 0.07790
16159.97168 0.08596
16162.65234 0.05893
16165.34961 0.05761
16168.03906 0.06089
16170.72754 0.05650
16173.42676 0.06434
16176.10840 0.07526
16178.81738 0.08291
16181.50000 0.06576
16184.18262 0.06898
16186.87500 0.04798
16189.56738 0.05183
16192.27051 0.07033
16194.95410 0.05092
16197.64941 0.10949
16200.33398 0.05345
16203.03809 0.07648
16205.72461 0.03936
16208.42090 0.06920
16211.10742 0.05951
16213.79590 0.07870
16216.49316 0.06819
16219.18262 0.07472
16221.87207 0.06573
16224.57031 0.05902
16227.25195 0.03904
16229.94238 0.08438
16232.64258 0.08469
16235.33301 0.06767
16238.02441 0.07727
16240.71680 0.07803
16243.41895 0.05460
16246.09375 0.07353
16248.78906 0.07025
16251.49121 0.06875
16254.17676 0.06192
16256.87305 0.05737
16259.56738 0.05897
16262.25391 0.08712
16264.95117 0.05404
16267.63965 0.04078
16270.33691 0.07269
16273.01562 0.06103
16275.72266 0.06381
16278.40332 0.06926
16281.10352 0.06506
16283.79395 0.06563
16286.47559 0.08454
16289.17480 0.06264
16291.87598 0.07697
16294.56055 0.08584
16297.24316 0.07428
16299.95508 0.06556
16302.64062 0.07145
16305.32422 0.04699
16308.02832 0.07069
16310.71484 0.05804
16313.40039 0.07144
16316.09570 0.06717
16318.78418 0.06031
16321.47266 0.05120
16324.17871 0.06207
16326.86621 0.05907
16329.55566 0.07622
16332.25488 0.07654
16334.93652 0.06431
16337.62500 0.05172
16340.32617 0.08151
16343.01758 0.06349
16345.70898 0.07344
16348.40137 0.06312
16351.09473 0.07188
16353.77832 0.07283
16356.48145 0.06118
16359.15723 0.07273
16361.85938 0.06163
16364.55566 0.08271
16367.24121 0.04507
16369.92773 0.06330
16372.62500 0.06236
16375.32129 0.04691
16378.01855 0.04825
16380.69824 0.08467
16383.39551 0.07898
16386.09375 0.05266
16388.77539 0.07748
16391.47461 0.06675
16394.15625 0.05226
16396.85742 0.07781
16399.55859 0.06332
16402.24023 0.06414
16404.94141 0.05312
16407.62695 0.08302
16410.31055 0.06760
16413.01367 0.10388
16415.69922 0.04462
16418.40234 0.06308
16421.08789 0.03996
16423.76562 0.07787
16426.46289 0.02544
16429.16016 0.08654
16431.84766 0.07615
16434.54492 0.07288
16437.24219 0.06221
16439.92383 0.05645
16442.62109 0.02729
16445.31055 0.06896
16448.00195 0.06190
16450.69336 0.07170
16453.38477 0.06025
16456.07617 0.05264
16458.75977 0.07873
16461.46094 0.07653
16464.14648 0.05246
16466.84766 0.05527
16469.53320 0.05744
16472.22852 0.08938
16474.92383 0.06364
16477.60938 0.04170
16480.31445 0.06511
16483.00195 0.06188
16485.68945 0.06345
16488.37695 0.06979
16491.06641 0.03921
16493.77344 0.07581
16496.46289 0.04191
16499.15430 0.06372
16501.84375 0.05339
16504.53516 0.06028
16507.22461 0.05231
16509.91797 0.05632
16512.61914 0.05669
16515.30078 0.05707
16518.00391 0.06062
16520.68750 0.07267
16523.36328 0.10802
16526.06836 0.07640
16528.76172 0.08015
16531.45703 0.06272
16534.15234 0.05558
16536.83984 0.08506
16539.52734 0.08086
16542.22461 0.06143
16544.91211 0.07869
16547.60938 0.01826
16550.29102 0.06377
16552.98828 0.08435
16555.67969 0.07585
16558.37891 0.07596
16561.06055 0.07307
16563.76172 0.09016
16566.44336 0.08509
16569.14453 0.03561
16571.82812 0.05832
16574.52148 0.07876
16577.22461 0.07271
16579.91797 0.05282
16582.60352 0.07036
16585.28906 0.06497
16587.97461 0.08421
16590.67969 0.07298
16593.37695 0.05198
16596.06445 0.05888
16598.75977 0.06800
16601.44141 0.07649
16604.13867 0.06314
16606.82812 0.06759
16609.52539 0.08520
16612.21680 0.07482
16614.91602 0.05570
16617.60742 0.07122
16620.29883 0.06587
16622.97266 0.08435
16625.66406 0.06003
16628.36523 0.06849
16631.05859 0.06396
16633.74414 0.06019
16636.43750 0.08705
16639.14062 0.05476
16641.81836 0.04185
16644.52344 0.08179
16647.20117 0.06539
16649.90625 0.06988
16652.60156 0.04253
16655.28906 0.07347
16657.98828 0.07303
16660.67578 0.06447
16663.35547 0.07125
16666.06445 0.08312
16668.74609 0.04993
16671.43555 0.05684
16674.13672 0.05910
16676.82812 0.07561
16679.50977 0.06880
16682.20312 0.06515
16684.90430 0.06434
16687.58789 0.07568
16690.28320 0.08751
16692.96680 0.07425
16695.66211 0.07988
16698.34570 0.06974
16701.04297 0.08497
16703.72852 0.05291
16706.42578 0.06953
16709.11133 0.05956
16711.81836 0.08031
16714.50781 0.04977
16717.20508 0.07411
16719.89453 0.06563
16722.59375 0.05839
16725.27344 0.08209
16727.96484 0.04805
16730.66406 0.09357
16733.35547 0.07505
16736.04688 0.05426
16738.74023 0.06830
16741.44141 0.04703
16744.11719 0.05802
16746.81836 0.07714
16749.50391 0.06896
16752.20703 0.07982
16754.88281 0.06203
16757.58789 0.05985
16760.26562 0.06446
16762.96289 0.06263
16765.65820 0.08345
16768.34570 0.06580
16771.04297 0.06467
16773.74219 0.05727
16776.42188 0.07317
16779.11133 0.07415
16781.81055 0.05891
16784.50977 0.07475
16787.19141 0.07604
16789.88086 0.06624
16792.57422 0.06362
16795.26562 0.07840
16797.95898 0.04878
16800.64258 0.08306
16803.34570 0.06721
16806.02930 0.06755
16808.72461 0.09025
16811.41797 0.05778
16814.11328 0.03869
16816.80078 0.05578
16819.50586 0.08157
16822.19141 0.07193
16824.87109 0.06535
16827.57812 0.08792
16830.26562 0.06982
16832.96484 0.08648
16835.64453 0.06486
16838.34180 0.08115
16841.03320 0.05197
16843.72461 0.06698
16846.41406 0.06373
16849.10742 0.07391
16851.79883 0.07485
16854.49023 0.08693
16857.19336 0.06030
16859.87500 0.05605
16862.58008 0.05769
16865.25391 0.07846
16867.94922 0.06889
16870.64453 0.05498
16873.33984 0.08463
16876.02734 0.05083
16878.73242 0.04636
16881.41992 0.07639
16884.10547 0.05586
16886.79492 0.07030
16889.48438 0.07324
16892.17383 0.06428
16894.87109 0.07815
16897.57227 0.06490
16900.25195 0.07581
16902.93359 0.04695
16905.65234 0.06757
16908.31641 0.08014
16911.01758 0.08055
16913.71875 0.06581
16916.40430 0.05312
16919.10547 0.05285
16921.79102 0.09856
16924.49414 0.07399
16927.16016 0.05774
16929.86523 0.05397
16932.57031 0.06202
16935.25586 0.09166
16937.94336 0.06339
16940.63086 0.08343
16943.33789 0.07245
16946.02539 0.06419
16948.71484 0.06651
16951.40430 0.06906
16954.09375 0.04798
16956.78320 0.07190
16959.49219 0.04325
16962.16406 0.07117
16964.85742 0.06895
16967.55859 0.07822
16970.25000 0.05130
16972.93164 0.06866
16975.63477 0.05355
16978.32812 0.06982
16981.00391 0.05728
16983.69922 0.06924
16986.41211 0.04750
16989.08789 0.06845
16991.78320 0.04523
16994.47070 0.05383
16997.16602 0.05063
16999.85547 0.07347
17002.54297 0.04528
17005.24023 0.06014
17007.92969 0.07623
17010.61914 0.05611
17013.31641 0.05706
17016.00781 0.07744
17018.70703 0.04189
17021.39844 0.07057
17024.08984 0.07093
17026.77148 0.04522
17029.46484 0.07329
17032.16602 0.06906
17034.86914 0.05814
17037.53516 0.04471
17040.23828 0.03819
17042.94141 0.05111
17045.61719 0.05979
17048.32227 0.05197
17051.00000 0.08726
17053.69531 0.05570
17056.38281 0.07532
17059.08008 0.06440
17061.76758 0.03774
17064.47461 0.07557
17067.15430 0.04799
17069.86133 0.08168
17072.55078 0.05716
17075.23242 0.04438
17077.93359 0.06816
17080.61328 0.07089
17083.30469 0.06390
17085.99609 0.05926
17088.69922 0.06297
17091.39062 0.07305
17094.08398 0.07988
17096.76953 0.06796
17099.46289 0.07869
17102.15625 0.06116
17104.84180 0.05537
17107.53711 0.07363
17110.23242 0.06318
17112.91992 0.07721
17115.61719 0.07793
17118.31445 0.07116
17121.00000 0.08927
17123.69922 0.06487
17126.38672 0.04953
17129.06641 0.07634
17131.76758 0.07076
17134.45703 0.05288
17137.15625 0.07907
17139.83789 0.05050
17142.52930 0.05737
17145.23047 0.07718
17147.91211 0.07726
17150.60547 0.07294
17153.29883 0.07318
17156.00195 0.06279
17158.67578 0.05235
17161.38086 0.07658
17164.06641 0.06985
17166.75977 0.08007
17169.44727 0.05785
17172.15234 0.06182
17174.83789 0.06746
17177.52734 0.05533
17180.23242 0.07683
17182.92188 0.09077
17185.59961 0.05635
17188.28906 0.05936
17190.99805 0.05856
17193.67773 0.06321
17196.37891 0.08131
17199.06836 0.06131
17201.75000 0.06961
17204.44141 0.08003
17207.13477 0.07164
17209.82617 0.05546
17212.51953 0.07014
17215.21094 0.05954
17217.90625 0.05160
17220.58984 0.08146
17223.29492 0.07736
17225.99023 0.05749
17228.67578 0.08553
17231.37109 0.03649
17234.06836 0.08774
17236.74414 0.07403
17239.44141 0.07686
17242.13867 0.06722
17244.82812 0.04347
17247.51758 0.05477
17250.21484 0.08130
17252.90625 0.03466
17255.59570 0.06516
17258.29492 0.04868
17260.97656 0.06817
17263.67773 0.06721
17266.36133 0.07442
17269.06250 0.06736
17271.75586 0.06144
17274.44727 0.06356
17277.13086 0.04774
17279.82617 0.05420
17282.52148 0.04784
17285.20508 0.07038
17287.90039 0.04968
17290.60547 0.06469
17293.28125 0.05366
17295.97852 0.05687
17298.66602 0.06391
17301.35352 0.07157
17304.04102 0.06766
17306.75000 0.05382
17309.44727 0.05097
17312.12891 0.08350
17314.82617 0.03757
17317.51758 0.06647
17320.21680 0.08236
17322.89844 0.05540
17325.59180 0.05266
17328.29297 0.07838
17330.95703 0.06781
17333.65820 0.05194
17336.35156 0.07194
17339.05469 0.05156
17341.73828 0.07657
17344.42383 0.05491
17347.11914 0.06164
17349.82422 0.05738
17352.50977 0.07599
17355.19531 0.06768
17357.89258 0.06791
17360.59961 0.07692
17363.26758 0.07607
17365.97656 0.06222
17368.65430 0.05591
17371.36328 0.09120
17374.03320 0.07040
17376.74219 0.06891
17379.43359 0.06547
17382.13281 0.07074
17384.81445 0.06205
17387.49805 0.04630
17390.20703 0.07485
17392.89062 0.06155
17395.57422 0.05522
17398.26758 0.07347
17400.97070 0.04805
17403.66406 0.05525
17406.33984 0.05885
17409.03516 0.07582
17411.73047 0.04897
17414.41602 0.07714
17417.10352 0.07196
17419.81836 0.08809
17422.50586 0.04442
17425.20312 0.05392
17427.89062 0.06253
17430.58008 0.08792
17433.25977 0.06797
17435.95898 0.05391
17438.64844 0.09668
17441.33984 0.04440
17444.03906 0.06593
17446.73047 0.06659
17449.43164 0.04246
17452.10547 0.07399
17454.79883 0.07192
17457.50000 0.04945
17460.18359 0.02740
17462.88672 0.06318
17465.57031 0.05934
17468.25586 0.05154
17470.96094 0.06714
17473.64648 0.06551
17476.34180 0.07046
17479.01953 0.05697
17481.72656 0.05056
17484.41211 0.07296
17487.10938 0.05964
17489.78906 0.04041
17492.49609 0.06472
17495.18555 0.05870
17497.87500 0.07287
17500.57422 0.06160
17503.25586 0.06863
17505.94531 0.06859
17508.63672 0.05038
17511.34766 0.06952
17514.03906 0.04519
17516.71289 0.07735
17519.40625 0.05160
17522.09961 0.05246
17524.79297 0.06654
17527.48633 0.06790
17530.16992 0.06088
17532.86719 0.07761
17535.56055 0.05775
17538.24805 0.06948
17540.94336 0.04902
17543.63086 0.05538
17546.32812 0.05506
17549.02539 0.05828
17551.72266 0.05785
17554.40039 0.06438
17557.09961 0.04305
17559.78906 0.07866
17562.48828 0.05102
17565.16992 0.04122
17567.86914 0.06504
17570.56055 0.05179
17573.24219 0.07665
17575.93359 0.06702
17578.63477 0.04861
17581.31836 0.08019
17584.02148 0.06246
17586.70508 0.04310
17589.40039 0.04536
17592.08398 0.07797
17594.78906 0.07809
17597.47461 0.04858
17600.17969 0.06485
17602.86523 0.05337
17605.54297 0.08305
17608.24805 0.05492
17610.93750 0.06484
17613.63477 0.05213
17616.32227 0.04924
17619.02930 0.06371
17621.70898 0.05908
17624.39844 0.07250
17627.08789 0.06497
17629.77930 0.05253
17632.47070 0.06576
17635.16211 0.08606
17637.84375 0.05584
17640.55469 0.07957
17643.23828 0.08088
17645.92969 0.06145
17648.63281 0.06616
17651.31836 0.06179
17654.00195 0.04528
17656.69727 0.07530
17659.39062 0.07639
17662.08594 0.06620
17664.78125 0.08696
17667.47852 0.05217
17670.16602 0.04989
17672.85156 0.06496
17675.54883 0.04108
17678.22852 0.05614
17680.92773 0.06454
17683.63477 0.05468
17686.31445 0.05606
17689.01367 0.05456
17691.68359 0.05653
17694.38477 0.04863
17697.08594 0.03171
17699.77539 0.06764
17702.45898 0.05025
17705.16016 0.05607
17707.85352 0.06045
17710.54688 0.04599
17713.22852 0.05455
17715.91406 0.06366
17718.61719 0.07108
17721.31250 0.07147
17723.99805 0.06064
17726.70312 0.05347
17729.39844 0.05541
17732.07617 0.05958
17734.76172 0.06745
17737.44922 0.07925
17740.14844 0.07895
17742.85547 0.05286
17745.54297 0.06433
17748.24219 0.07703
17750.93164 0.06135
17753.62109 0.08974
17756.31055 0.05368
17759.00195 0.05570
17761.69336 0.04388
17764.37500 0.06121
17767.06641 0.06323
17769.75977 0.05302
17772.46289 0.08037
17775.15430 0.06304
17777.84766 0.05413
17780.52148 0.05314
17783.21680 0.06198
17785.91992 0.05425
17788.61719 0.04782
17791.30273 0.05199
17793.99805 0.09595
17796.69336 0.05956
17799.38086 0.07020
17802.07812 0.04569
17804.75586 0.05669
17807.45312 0.06836
17810.13281 0.05332
17812.84180 0.06310
17815.52148 0.05217
17818.23047 0.04129
17820.91016 0.04921
17823.62109 0.07699
17826.30273 0.05324
17828.99414 0.06838
17831.67578 0.05893
17834.37695 0.03668
17837.06055 0.05782
17839.75391 0.07494
17842.45703 0.07895
17845.15039 0.04781
17847.83398 0.07020
17850.52930 0.05682
17853.21484 0.05511
17855.91016 0.06538
17858.59570 0.05391
17861.29297 0.04426
17863.98047 0.04618
17866.66602 0.07128
17869.36523 0.03696
17872.05273 0.07728
17874.75000 0.04900
17877.43945 0.05895
17880.14062 0.05919
17882.83008 0.06854
17885.52930 0.05612
17888.21875 0.04097
17890.90039 0.04570
17893.60156 0.04691
17896.29297 0.05828
17898.99609 0.07432
17901.67773 0.05694
17904.36133 0.05786
17907.06445 0.05902
17909.73828 0.05835
17912.44141 0.05227
17915.12695 0.06844
17917.82227 0.07745
17920.50781 0.06898
17923.21484 0.04655
17925.89062 0.06510
17928.59766 0.07064
17931.28320 0.05909
17933.98242 0.05882
17936.66992 0.06629
17939.35742 0.07325
17942.05664 0.06874
17944.74609 0.06438
17947.43555 0.05131
17950.13477 0.06503
17952.81445 0.06670
17955.50586 0.07476
17958.19727 0.04026
17960.89062 0.06822
17963.59180 0.06395
17966.28320 0.06499
17968.97656 0.08059
17971.66992 0.05250
17974.35352 0.04469
17977.04688 0.05476
17979.74219 0.03629
17982.43555 0.03774
17985.12109 0.05244
17987.81836 0.04483
17990.51367 0.02619
17993.21094 0.08473
17995.90625 0.04624
17998.58398 0.04652
18001.27148 0.05423
18003.97070 0.06698
18006.66992 0.05094
18009.36719 0.07327
18012.04883 0.06146
18014.73828 0.07733
18017.42773 0.05164
18020.10742 0.05720
18022.80859 0.05398
18025.50977 0.02936
18028.19141 0.07210
18030.89453 0.05542
18033.57812 0.05736
18036.27148 0.06231
18038.95312 0.01485
18041.65820 0.06520
18044.34180 0.03852
18047.04688 0.04855
18049.73242 0.07800
18052.41797 0.04852
18055.12305 0.04776
18057.80859 0.05218
18060.49609 0.03414
18063.19336 0.07324
18065.87891 0.06391
18068.56836 0.05256
18071.25781 0.05163
18073.96484 0.08153
18076.65430 0.06571
18079.34375 0.05454
18082.03516 0.04265
18084.72461 0.08052
18087.41406 0.05611
18090.10547 0.06956
18092.79688 0.04351
18095.48828 0.05479
18098.18164 0.06704
18100.87500 0.05783
18103.56836 0.06112
18106.26172 0.05064
18108.95508 0.05248
18111.64844 0.03362
18114.34375 0.07366
18117.01953 0.05769
18119.71484 0.02964
18122.41016 0.05079
18125.10742 0.06201
18127.79492 0.05625
18130.49219 0.06857
18133.18945 0.03910
18135.86523 0.08219
18138.56445 0.06495
18141.26367 0.06363
18143.94336 0.03087
18146.64258 0.06613
18149.32227 0.05551
18152.02344 0.04873
18154.71289 0.04572
18157.41406 0.03855
18160.09570 0.06479
18162.79688 0.08229
18165.48047 0.06768
18168.16406 0.04378
18170.86719 0.04130
18173.54883 0.06525
18176.24414 0.04379
18178.94727 0.05015
18181.64258 0.03768
18184.32812 0.05108
18187.01367 0.05277
18189.72070 0.06199
18192.41602 0.03721
18195.10352 0.04930
18197.79102 0.04320
18200.47656 0.05825
18203.17578 0.05346
18205.86328 0.04284
18208.55273 0.03981
18211.26172 0.04922
18213.93164 0.05977
18216.63281 0.05489
18219.32227 0.04769
18222.01172 0.04038
18224.70312 0.05993
18227.40430 0.05148
18230.09766 0.06560
18232.78906 0.06296
18235.46289 0.05863
18238.16602 0.06430
18240.85938 0.04876
18243.55273 0.02993
18246.24805 0.02480
18248.93164 0.05858
18251.63672 0.04102
18254.33203 0.05231
18257.01758 0.05642
18259.71484 0.03983
18262.39258 0.04713
18265.09766 0.06937
18267.77539 0.05273
18270.47461 0.05663
18273.16211 0.04703
18275.86133 0.05690
18278.53906 0.06182
18281.24805 0.05624
18283.92969 0.06492
18286.61914 0.04740
18289.32031 0.02528
18292.00000 0.04955
18294.69336 0.05868
18297.39453 0.05144
18300.08594 0.05378
18302.77930 0.05666
18305.46289 0.02489
18308.16602 0.06232
18310.85938 0.04305
18313.54297 0.06226
18316.23828 0.05644
18318.92383 0.07292
18321.61914 0.03429
18324.30469 0.06359
18327.00000 0.02864
18329.68750 0.05481
18332.38477 0.06192
18335.08203 0.04224
18337.76758 0.03847
18340.46680 0.05060
18343.15625 0.03396
18345.85547 0.05374
18348.54492 0.01667
18351.24414 0.05337
18353.91406 0.04797
18356.61328 0.05987
18359.30469 0.04707
18362.00586 0.04007
18364.67773 0.04047
18367.38086 0.06428
18370.08203 0.03861
18372.76562 0.04727
18375.45898 0.05664
18378.16211 0.04334
18380.84570 0.05175
18383.53906 0.04468
18386.22461 0.04116
18388.91992 0.05571
18391.60547 0.08237
18394.30273 0.04149
18396.99805 0.06467
18399.69531 0.04959
18402.38281 0.04497
18405.06836 0.05479
18407.76758 0.04948
18410.45508 0.04796
18413.15430 0.05408
18415.84375 0.00538
18418.53320 0.04127
18421.21289 0.04647
18423.91211 0.03355
18426.61328 0.03004
18429.30469 0.03282
18431.99609 0.05329
18434.67773 0.04629
18437.37109 0.06267
18440.06250 0.05211
18442.74414 0.06455
18445.43750 0.04020
18448.15234 0.07540
18450.82617 0.02890
18453.52148 0.04066
18456.21680 0.05800
18458.90039 0.03249
18461.59766 0.03880
18464.29297 0.02970
18466.99023 0.02873
18469.67578 0.04267
18472.38477 0.02441
18475.08203 0.05905
18477.75000 0.04706
18480.44727 0.06671
18483.14648 0.05536
18485.83594 0.03550
18488.51562 0.02751
18491.21484 0.05103
18493.92578 0.04589
18496.60742 0.04480
18499.29688 0.03816
18501.97852 0.02454
18504.67969 0.03047
18507.36328 0.02516
18510.05469 0.04212
18512.74805 0.01868
18515.45117 0.05650
18518.13672 0.03054
18520.83984 0.03360
18523.51562 0.05661
18526.19922 0.05876
18528.90430 0.03778
18531.59180 0.04270
18534.28711 0.01908
18536.99414 0.03682
18539.66992 0.03888
18542.35742 0.02744
18545.04492 0.04024
18547.75391 0.03396
18550.44141 0.04107
18553.14062 0.04187
18555.83008 0.02378
18558.50781 0.05902
18561.19922 0.05403
18563.88867 0.03876
18566.57812 0.04452
18569.28125 0.05307
18571.97266 0.04318
18574.66406 0.04812
18577.35547 0.04474
18580.04883 0.05815
18582.74023 0.03162
18585.42578 0.04579
18588.12891 0.03074
18590.82422 0.04973
18593.51758 0.05010
18596.21289 0.05671
18598.88672 0.05528
18601.58398 0.06416
18604.29102 0.04471
18606.96680 0.04521
18609.66211 0.03549
18612.35938 0.02424
18615.05859 0.01951
18617.73633 0.07218
18620.44531 0.03706
18623.12305 0.04808
18625.82227 0.02495
18628.50000 0.02841
18631.20117 0.04908
18633.88086 0.04529
18636.59180 0.03715
18639.27344 0.04055
18641.97461 0.04701
18644.65625 0.04918
18647.35742 0.06279
18650.04102 0.04080
18652.73438 0.04916
18655.43555 0.01024
18658.12109 0.05818
18660.80469 0.04525
18663.48828 0.04114
18666.19336 0.03940
18668.88867 0.05682
18671.58398 0.03650
18674.26953 0.05848
18676.95703 0.03019
18679.66211 0.02914
18682.35938 0.04699
18685.04883 0.03406
18687.73633 0.03506
18690.42383 0.02972
18693.11133 0.03596
18695.81055 0.04783
18698.50977 0.01292
18701.19922 0.07623
18703.89062 0.00440
18706.58203 0.01643
18709.26172 0.04682
18711.95117 0.02213
18714.65430 0.04033
18717.34570 0.02236
18720.03906 0.03961
18722.73242 0.03370
18725.41406 0.04215
18728.10742 0.02974
18730.81250 0.03116
18733.48438 0.02816
18736.19141 0.04119
18738.88672 0.01495
18741.56055 0.03114
18744.26562 0.02186
18746.94336 0.04002
18749.64844 0.01529
18752.34570 0.03245
18755.03320 0.04650
18757.73242 0.01844
18760.40820 0.02272
18763.11719 0.04686
18765.79492 0.00233
18768.48438 0.03011
18771.18555 0.00687
18773.86328 0.05773
18776.56445 0.04724
18779.26562 0.03809
18781.94531 0.02984
18784.62695 0.03835
18787.34961 0.02953
18790.03125 0.04623
18792.71484 0.02267
18795.40820 0.04978
18798.10938 0.03892
18800.80469 0.03558
18803.48633 0.03515
18806.18164 0.03258
18808.86719 0.03148
18811.56250 0.05705
18814.25781 0.05896
18816.94336 0.04778
18819.63867 0.02363
18822.32617 0.04340
18825.02344 0.03311
18827.72070 0.03824
18830.40820 0.04397
18833.09570 0.03617
18835.80469 0.02936
18838.47266 0.02310
18841.17188 0.03473
18843.86133 0.02274
18846.56250 0.04511
18849.26367 0.03128
18851.93164 0.02535
18854.62305 0.01259
18857.33594 0.01152
18860.02734 0.04948
18862.70898 0.03849
18865.40234 0.01212
18868.09570 0.04125
18870.78711 0.02525
18873.48047 0.02168
18876.16602 0.01841
18878.87109 0.03576
18881.55469 0.01328
18884.25000 0.03485
18886.93555 0.03790
18889.63281 0.01782
18892.32812 0.03036
18895.00391 0.04080
18897.71094 0.03067
18900.39844 0.03715
18903.08594 0.01875
18905.78516 0.03532
18908.47266 0.03734
18911.16211 0.03126
18913.87109 0.04259
18916.55078 0.03717
18919.24023 0.01317
18921.92969 0.03873
18924.62109 0.01541
18927.32227 0.03039
18930.01367 0.03344
18932.70703 0.02169
18935.39844 0.04061
18938.08984 0.01265
18940.77344 0.03553
18943.47656 0.03806
18946.16016 0.01919
18948.85352 0.03077
18951.54883 0.02978
18954.24414 0.01151
18956.93750 0.00505
18959.62305 0.03389
18962.33008 0.03677
18964.99609 0.02427
18967.69141 0.05958
18970.38867 0.02079
18973.08594 0.02306
18975.78516 0.03061
18978.46289 -0.00109
18981.16016 0.02263
18983.85938 0.02727
18986.52734 0.02894
18989.22656 0.05298
18991.93750 0.01489
18994.60742 0.02317
18997.30859 0.02825
19000.00977 0.01411
19002.69141 0.01401
19005.39258 0.03024
19008.07422 0.01380
19010.77734 0.01702
19013.45898 0.00657
19016.16211 0.01829
19018.84570 0.00948
19021.52930 0.03769
19024.23438 0.01845
19026.91797 0.03019
19029.60352 0.04063
19032.30859 0.01479
19034.99414 0.01540
19037.69141 0.02376
19040.38867 0.02536
19043.07422 0.03247
19045.76172 0.00629
19048.45898 0.04967
19051.13672 0.02921
19053.84570 0.02368
19056.54297 0.01733
19059.22266 0.02088
19061.91211 0.02309
19064.61133 0.01673
19067.30078 0.00742
19069.99219 0.02637
19072.67188 0.03725
19075.37305 0.00808
19078.06445 0.00719
19080.75781 0.02067
19083.45898 0.02663
19086.14258 0.01610
19088.83398 0.02511
19091.53906 0.00825
19094.21094 0.02815
19096.90625 0.01345
19099.61133 0.00889
19102.29492 0.02192
19104.99023 0.01315
19107.67578 0.00749
19110.37109 0.02704
19113.06836 0.04285
19115.74414 -0.00209
19118.45117 0.00286
19121.13867 0.00724
19123.81641 0.01375
19126.52539 0.03054
19129.22266 0.01073
19131.90039 0.01502
19134.61133 0.01564
19137.29102 0.01673
19139.99023 -0.00238
19142.67969 0.02415
19145.38086 0.02795
19148.06250 -0.00471
19150.75195 0.02266
19153.44531 0.00244
19156.12695 0.00931
19158.81836 0.02794
19161.52148 0.01790
19164.20508 0.01506
19166.89844 0.01462
19169.60156 0.01822
19172.28516 0.00418
19174.98047 -0.01089
19177.66602 0.00874
19180.34961 0.02073
19183.06641 -0.00212
19185.75195 0.01833
19188.43945 0.01180
19191.13477 0.01775
19193.82227 0.01376
19196.50977 0.01882
19199.20703 0.01874
19201.89453 0.02779
19204.58203 0.01936
19207.28320 0.02928
19209.97266 0.03393
19212.66211 0.00369
19215.36133 0.02052
19218.05273 0.03797
19220.75195 0.02348
19223.42383 0.01699
19226.11328 0.01217
19228.81641 0.02445
19231.51758 0.02899
19234.21094 0.04107
19236.89258 0.02707
19239.58594 0.02078
19242.27930 0.01059
19244.98438 -0.00142
19247.65820 -0.00379
19250.35156 0.02505
19253.03516 0.00747
19255.73242 0.00464
19258.43750 0.02069
19261.12305 0.00753
19263.82031 0.01235
19266.50586 0.00582
19269.20312 0.03667
19271.88086 0.02276
19274.58789 -0.00250
19277.26562 0.01590
19279.96484 0.00477
19282.66406 0.01884
19285.34180 0.02953
19288.05273 -0.00941
19290.73242 0.01968
19293.41211 0.02031
19296.12305 0.03489
19298.81445 0.02287
19301.49609 0.01584
19304.18555 0.01118
19306.88867 0.01343
19309.58203 -0.00007
19312.27344 0.04534
19314.95703 -0.00338
19317.65039 0.03546
19320.33398 0.00203
19323.02734 0.01066
19325.74219 -0.00078
19328.42773 0.00270
19331.12305 0.02313
19333.80859 -0.00911
19336.50391 -0.01805
19339.20117 0.00326
19341.88672 -0.00364
19344.57422 0.00111
19347.25977 0.01318
19349.94922 -0.00413
19352.64648 0.00818
19355.34570 0.00127
19358.03320 0.00361
19360.73438 0.01211
19363.41211 -0.00125
19366.11133 0.01023
19368.80078 0.01101
19371.49219 -0.00448
19374.18359 0.00595
19376.87500 0.02329
19379.57617 0.00728
19382.25781 0.01243
19384.94922 0.01511
19387.65234 0.01106
19390.33594 -0.00496
19393.03906 0.00307
19395.71289 0.00605
19398.41797 -0.00230
19401.09961 -0.01293
19403.79492 0.01194
19406.49023 0.00247
19409.18555 0.01492
19411.87109 -0.00209
19414.57812 0.01486
19417.25391 -0.00166
19419.95117 0.01090
19422.64844 -0.01249
19425.32617 0.03574
19428.02344 0.02854
19430.72070 0.00948
19433.41992 0.01846
19436.09766 -0.00504
19438.78711 0.02221
19441.49805 -0.01929
19444.17773 -0.00459
19446.87891 0.01654
19449.55859 -0.00017
19452.25977 0.00932
19454.93945 -0.01875
19457.63086 -0.01953
19460.32422 -0.00494
19463.01758 -0.00539
19465.70898 0.01524
19468.40234 0.02049
19471.09570 -0.01988
19473.77734 -0.00548
19476.47266 -0.00021
19479.16797 0.00719
19481.86133 0.00225
19484.55859 0.00204
19487.25391 0.00262
19489.93945 -0.01270
19492.64648 -0.02398
19495.31055 -0.00116
19498.01953 0.01305
19500.70508 0.00899
19503.41406 -0.01683
19506.09180 -0.02367
19508.77930 0.01950
19511.47852 0.01735
19514.15625 0.00365
19516.86719 -0.00779
19519.55664 -0.01251
19522.24609 0.01807
19524.93555 -0.00775
19527.62695 -0.03731
19530.31836 -0.00037
19533.00000 -0.00711
19535.71289 -0.00809
19538.38281 0.00625
19541.09570 -0.00917
19543.76758 0.01239
19546.48242 -0.00519
19549.16602 0.00592
19551.87109 -0.00491
19554.55273 0.02193
19557.22656 -0.01266
19559.94336 -0.00319
19562.62891 -0.00264
19565.31250 -0.01373
19567.99805 -0.01658
19570.70703 -0.00692
19573.39258 0.00686
19576.08984 -0.00754
19578.77539 -0.00549
19581.45117 -0.01145
19584.17383 -0.01631
19586.84961 -0.02044
19589.54883 -0.01872
19592.23633 0.02931
19594.93750 -0.02193
19597.61523 -0.01243
19600.31641 -0.01482
19603.00781 0.01013
19605.69922 -0.01303
19608.38867 -0.02332
19611.09180 -0.01825
19613.77148 -0.00321
19616.46289 -0.00990
19619.16797 0.02639
19621.83789 -0.00666
19624.53125 -0.02433
19627.22461 -0.00637
19629.92969 -0.01618
19632.61328 -0.01374
19635.31836 0.00723
19637.99219 -0.01932
19640.69727 -0.00847
19643.38281 -0.02477
19646.06836 -0.03126
19648.76562 -0.01845
19651.47266 -0.01371
19654.14844 -0.01118
19656.83594 0.00713
19659.54492 -0.00511
19662.22070 -0.00978
19664.93164 -0.02112
19667.60938 -0.00562
19670.30664 -0.01366
19672.98633 -0.00233
19675.69727 -0.00697
19678.37500 -0.03267
19681.07617 0.00990
19683.75586 -0.01244
19686.44727 -0.02645
19689.15039 -0.02800
19691.83984 0.00003
19694.52148 -0.01466
19697.23633 -0.01332
19699.90625 -0.00125
19702.59961 -0.00716
19705.30469 -0.00331
19707.99805 -0.03901
19710.68164 -0.03485
19713.37695 -0.03432
19716.08203 -0.01967
19718.76758 -0.00492
19721.45117 -0.01280
19724.14648 -0.01737
19726.83203 0.00055
19729.52930 -0.02462
19732.21680 -0.01985
19734.91406 -0.02206
19737.59961 0.00091
19740.29883 0.00653
19742.98633 -0.01263
19745.68555 -0.03679
19748.37305 -0.01598
19751.06250 -0.01339
19753.75195 -0.02993
19756.45117 -0.01283
19759.14258 0.00087
19761.84375 -0.05376
19764.51172 -0.01765
19767.21484 -0.00971
19769.90430 -0.03290
19772.60938 -0.02546
19775.27930 -0.01379
19777.98242 -0.01171
19780.67578 -0.01756
19783.37891 -0.01807
19786.05078 -0.01974
19788.75586 -0.02858
19791.44922 -0.01937
19794.13477 -0.02489
19796.82812 -0.02121
19799.51367 -0.04277
19802.21094 -0.02923
19804.89648 -0.01241
19807.59180 -0.02074
19810.27734 -0.03125
19812.97461 -0.04194
19815.66211 -0.00706
19818.35938 -0.01052
19821.04688 -0.03600
19823.74609 -0.04483
19826.43359 -0.00650
19829.12305 -0.00586
19831.82422 -0.03024
19834.52344 -0.02035
19837.20117 -0.01222
19839.91406 -0.03147
19842.59180 -0.01003
19845.28516 -0.02315
19847.96484 -0.02589
19850.67773 0.00570
19853.35938 -0.01564
19856.05078 -0.02649
19858.73242 -0.01902
19861.43555 -0.01501
19864.11914 -0.02487
19866.81250 -0.01574
19869.51758 -0.02209
19872.21289 -0.06207
19874.89648 -0.03802
19877.59180 -0.03821
19880.28711 -0.02156
19882.97266 -0.02948
19885.67773 -0.02937
19888.36328 -0.01459
19891.06055 -0.01404
19893.72656 0.00068
19896.42383 -0.02303
19899.12109 -0.01930
19901.82031 -0.02392
19904.50781 -0.00630
19907.20703 -0.00714
19909.88477 -0.00997
19912.57422 -0.02775
19915.28516 -0.02992
19917.97461 -0.04210
19920.65430 -0.01955
19923.34375 -0.03060
19926.04688 -0.04016
19928.72656 -0.03120
19931.42969 -0.02924
19934.12109 -0.02721
19936.80273 -0.02544
19939.51758 -0.02635
19942.18750 -0.00678
19944.89258 -0.02827
19947.56445 -0.04013
19950.27930 -0.02245
19952.95312 -0.04793
19955.65820 -0.03695
19958.33203 -0.02479
19961.04883 -0.03742
19963.73438 -0.04438
19966.40820 -0.04147
19969.12695 -0.05712
19971.80273 -0.02193
19974.50977 -0.02212
19977.18555 -0.03736
19979.88281 -0.03018
19982.57227 -0.03771
19985.26953 -0.03497
19987.97070 -0.03719
19990.64648 -0.03617
19993.33594 -0.01746
19996.02539 -0.03292
19998.73633 -0.02226
20001.41602 -0.03573
20004.11719 -0.04157
20006.80859 -0.01822
20009.48828 -0.04213
20012.19141 -0.02449
20014.87109 -0.01737
20017.56250 -0.04337
20020.26758 -0.02814
20022.94922 -0.02124
20025.65430 -0.03244
20028.33594 -0.06528
20031.02930 -0.02388
20033.72461 -0.03778
20036.41797 -0.03184
20039.11328 -0.03543
20041.78711 -0.04477
20044.48242 -0.03872
20047.17969 -0.02518
20049.87695 -0.02909
20052.56250 -0.04118
20055.27148 -0.04338
20057.94531 -0.01390
20060.64453 -0.03855
20063.34180 -0.03735
20066.01953 -0.04460
20068.71680 -0.03903
20071.41797 -0.03744
20074.09570 -0.03723
20076.79492 -0.04412
20079.47266 -0.03226
20082.17383 -0.04711
20084.88672 -0.01455
20087.55469 -0.04672
20090.26758 -0.05734
20092.93750 -0.04962
20095.65234 -0.04920
20098.33203 -0.03570
20101.03516 -0.05104
20103.71680 -0.03342
20106.39844 -0.04448
20109.10352 -0.05447
20111.78711 -0.04062
20114.46875 -0.01837
20117.18555 -0.03874
20119.85938 -0.04645
20122.55469 -0.04166
20125.25000 -0.04717
20127.94531 -0.03140
20130.63086 -0.03937
20133.31641 -0.05616
20136.01367 -0.01563
20138.72266 -0.04804
20141.40820 -0.05357
20144.09766 -0.03693
20146.78320 -0.03815
20149.47070 -0.02795
20152.16992 -0.03339
20154.85938 -0.06175
20157.54688 -0.05184
20160.23633 -0.05403
20162.92578 -0.05023
20165.62695 -0.02032
20168.30664 -0.04427
20171.00781 -0.02886
20173.71094 -0.04804
20176.39062 -0.04116
20179.09375 -0.05990
20181.77539 -0.03402
20184.47852 -0.04971
20187.18359 -0.06395
20189.84180 -0.04932
20192.54688 -0.05300
20195.24023 -0.06462
20197.93555 -0.06132
20200.64062 -0.05503
20203.31445 -0.05494
20206.00977 -0.05361
20208.71680 -0.02617
20211.38867 -0.05242
20214.08594 -0.07284
20216.78320 -0.07922
20219.46875 -0.03650
20222.16602 -0.05834
20224.84180 -0.03989
20227.55273 -0.06210
20230.22852 -0.06402
20232.92773 -0.06700
20235.61523 -0.07047
20238.31445 -0.05210
20240.99219 -0.04554
20243.70312 -0.06002
20246.38281 -0.06357
20249.08398 -0.05135
20251.77344 -0.05720
20254.45312 -0.07513
20257.15625 -0.07261
20259.84570 -0.05344
20262.52734 -0.07137
20265.24219 -0.07885
20267.92383 -0.06549
20270.60547 -0.06418
20273.32031 -0.05670
20276.00195 -0.06285
20278.68555 -0.07558
20281.37891 -0.06038
20284.06445 -0.06827
20286.78125 -0.04607
20289.47461 -0.04722
20292.14844 -0.06883
20294.84570 -0.06133
20297.54297 -0.07191
20300.22852 -0.06826
20302.92578 -0.08042
20305.61133 -0.06839
20308.29688 -0.05656
20310.99609 -0.07754
20313.69336 -0.05430
20316.38281 -0.07285
20319.07031 -0.07012
20321.76953 -0.05459
20324.45898 -0.04727
20327.16016 -0.06809
20329.83789 -0.04406
20332.52734 -0.06435
20335.22852 -0.05514
20337.90820 -0.05102
20340.60938 -0.03272
20343.29102 -0.06776
20345.98242 -0.07528
20348.68555 -0.06664
20351.38867 -0.05571
20354.05859 -0.07300
20356.76367 -0.08323
20359.45703 -0.05407
20362.12891 -0.05985
20364.83398 -0.08382
20367.53906 -0.08311
20370.21289 -0.04567
20372.91797 -0.06552
20375.60352 -0.07866
20378.29883 -0.05094
20380.98438 -0.06297
20383.69141 -0.10377
20386.36719 -0.07279
20389.06445 -0.08203
20391.76172 -0.08059
20394.44727 -0.07058
20397.13672 -0.05842
20399.82227 -0.08744
20402.53320 -0.07868
20405.21094 -0.06765
20407.89844 -0.05300
20410.61133 -0.04484
20413.28906 -0.08266
20415.97852 -0.10163
20418.66992 -0.07839
20421.37109 -0.06961
20424.06055 -0.07336
20426.75195 -0.08677
20429.43164 -0.10402
20432.12500 -0.08753
20434.83984 -0.06910
20437.52148 -0.06978
20440.21289 -0.08716
20442.90625 -0.07043
20445.58984 -0.07642
20448.28320 -0.07097
20450.97656 -0.08504
20453.67188 -0.08014
20456.35547 -0.06639
20459.05078 -0.08282
20461.74805 -0.05933
20464.43164 -0.08560
20467.13867 -0.08209
20469.83594 -0.08516
20472.52148 -0.09823
20475.19727 -0.08176
20477.89648 -0.10534
20480.58203 -0.08477
20483.28125 -0.09727
20485.97852 -0.07801
20488.67969 -0.09394
20491.34570 -0.08817
20494.04492 -0.10377
20496.74609 -0.09892
20499.42383 -0.09502
20502.12500 -0.09349
20504.82617 -0.08786
20507.51562 -0.09808
20510.19727 -0.08825
20512.89844 -0.09666
20515.58008 -0.09602
20518.27148 -0.08510
20520.97461 -0.07725
20523.66797 -0.09423
20526.36133 -0.09840
20529.04297 -0.10862
20531.74609 -0.11614
20534.42969 -0.10309
20537.12500 -0.06740
20539.81836 -0.09985
20542.50391 -0.09851
20545.19922 -0.10062
20547.88281 -0.09443
20550.59180 -0.13832
20553.27539 -0.11947
20555.96094 -0.10830
20558.66992 -0.08514
20561.35547 -0.09556
20564.03320 -0.09802
20566.73047 -0.10184
20569.43945 -0.07629
20572.12891 -0.09077
20574.80469 -0.12180
20577.49414 -0.09768
20580.19336 -0.12012
20582.88281 -0.12160
20585.58203 -0.09432
20588.27344 -0.12687
20590.96289 -0.13515
20593.65234 -0.10977
20596.34375 -0.09378
20599.03516 -0.13267
20601.73828 -0.11911
20604.41992 -0.11052
20607.11133 -0.12745
20609.80469 -0.12276
20612.49805 -0.12305
20615.19141 -0.11235
20617.88281 -0.11174
20620.57812 -0.11860
20623.27344 -0.11233
20625.96680 -0.13873
20628.64062 -0.11530
20631.34570 -0.11022
20634.03125 -0.12123
20636.72852 -0.13109
20639.41211 -0.11779
20642.10938 -0.09884
20644.79492 -0.12640
20647.49219 -0.10985
20650.17969 -0.10765
20652.87891 -0.11448
20655.56445 -0.11822
20658.25195 -0.12334
20660.95117 -0.11907
20663.65039 -0.13106
20666.32812 -0.13205
20669.02930 -0.13743
20671.71875 -0.12002
20674.41992 -0.12159
20677.09766 -0.12575
20679.80078 -0.13818
20682.47852 -0.13760
20685.18164 -0.12716
20687.86133 -0.12576
20690.56641 -0.11430
20693.25781 -0.14375
20695.94922 -0.11547
20698.64258 -0.14921
20701.32422 -0.14145
20704.02930 -0.14011
20706.72461 -0.13873
20709.39453 -0.15577
20712.11133 -0.16334
20714.79688 -0.17546
20717.48047 -0.14285
20720.16406 -0.12550
20722.87305 -0.15047
20725.56836 -0.15628
20728.25391 -0.13761
20730.93945 -0.18014
20733.62500 -0.14215
20736.33398 -0.12760
20739.03320 -0.15473
20741.70898 -0.15562
20744.40820 -0.16181
20747.09570 -0.13082
20749.79492 -0.16281
20752.47266 -0.15592
20755.17188 -0.17101
20757.86133 -0.17388
20760.56250 -0.16987
20763.25195 -0.16681
20765.94336 -0.16189
20768.63281 -0.16881
20771.33594 -0.16743
20774.02734 -0.16389
20776.69531 -0.15691
20779.38867 -0.17481
20782.08984 -0.15792
20784.78320 -0.19028
20787.47656 -0.19236
20790.16992 -0.18671
20792.85352 -0.17623
20795.55859 -0.19336
20798.25195 -0.18260
20800.94727 -0.19340
20803.61914 -0.17743
20806.32617 -0.19847
20809.02148 -0.19003
20811.70703 -0.15931
20814.40430 -0.20489
20817.07617 -0.20140
20819.78516 -0.19314
20822.48242 -0.18040
20825.15820 -0.20029
20827.85742 -0.19097
20830.54492 -0.20853
20833.25586 -0.19539
20835.93164 -0.19478
20838.63086 -0.18591
20841.31836 -0.19728
20844.01953 -0.20391
20846.70898 -0.22059
20849.38672 -0.20987
20852.08789 -0.21619
20854.77930 -0.21339
20857.45898 -0.21928
20860.17188 -0.22614
20862.85156 -0.21703
20865.53125 -0.20549
20868.24609 -0.21117
20870.92773 -0.20824
20873.62109 -0.20444
20876.30273 -0.21191
20878.99609 -0.21715
20881.70117 -0.23971
20884.39453 -0.24241
20887.08984 -0.21783
20889.76172 -0.22560
20892.45703 -0.22766
20895.15234 -0.23057
20897.83594 -0.22853
20900.55664 -0.24756
20903.24023 -0.24165
20905.92578 -0.27421
20908.62305 -0.20745
20911.32031 -0.24634
20914.00781 -0.22650
20916.70508 -0.23159
20919.36914 -0.24331
20922.07031 -0.25784
20924.75586 -0.25781
20927.45508 -0.22801
20930.15625 -0.24882
20932.84570 -0.26046
20935.53516 -0.26748
20938.23633 -0.26058
20940.91406 -0.27254
20943.61523 -0.24752
20946.29492 -0.27159
20948.99805 -0.27460
20951.67773 -0.26486
20954.37891 -0.27873
20957.07227 -0.27678
20959.75391 -0.25719
20962.44531 -0.26123
20965.15039 -0.28523
20967.83203 -0.28061
20970.52734 -0.29161
20973.23242 -0.28965
20975.90234 -0.28171
20978.60938 -0.28184
20981.29297 -0.29878
20984.00000 -0.30325
20986.67383 -0.30525
20989.38086 -0.30222
20992.05273 -0.31091
20994.76172 -0.29561
20997.44727 -0.30503
21000.14453 -0.32885
21002.83203 -0.31169
21005.51758 -0.30809
21008.21680 -0.32159
21010.90430 -0.35559
21013.61523 -0.31936
21016.30273 -0.31880
21018.99219 -0.32273
21021.66797 -0.34563
21024.36914 -0.30165
21027.05859 -0.32777
21029.74805 -0.37496
21032.43945 -0.32944
21035.15234 -0.32819
21037.84375 -0.36671
21040.52344 -0.33524
21043.21289 -0.35044
21045.89453 -0.38062
21048.58789 -0.39303
21051.27930 -0.36456
21053.99414 -0.39219
21056.67578 -0.38533
21059.37109 -0.37532
21062.06445 -0.37287
21064.75977 -0.37686
21067.45312 -0.38872
21070.14844 -0.38845
21072.84375 -0.37633
21075.52734 -0.41079
21078.20117 -0.40443
21080.89648 -0.39107
21083.59375 -0.40559
21086.29102 -0.44069
21088.97656 -0.42287
21091.66211 -0.42447
21094.35938 -0.43592
21097.05859 -0.44303
21099.73438 -0.41186
21102.43359 -0.43650
21105.13281 -0.42945
21107.83398 -0.45805
21110.49805 -0.43912
21113.19922 -0.45108
21115.90039 -0.45634
21118.57812 -0.45995
21121.27930 -0.43967
21123.98047 -0.45979
21126.66016 -0.45611
21129.34961 -0.48361
21132.04102 -0.46969
21134.74414 -0.47497
21137.43750 -0.48328
21140.12891 -0.50448
21142.83398 -0.49903
21145.51562 -0.50390
21148.20898 -0.50546
21150.89062 -0.50889
21153.59570 -0.51421
21156.27734 -0.52742
21158.96289 -0.53920
21161.66797 -0.51962
21164.35352 -0.51425
21167.05859 -0.56512
21169.73242 -0.54865
21172.41602 -0.56782
21175.12695 -0.57230
21177.82227 -0.57778
21180.50781 -0.56303
21183.19336 -0.58550
21185.90430 -0.59450
21188.59180 -0.57143
21191.26758 -0.60640
21193.95312 -0.62156
21196.64258 -0.60999
21199.35352 -0.60258
21202.05273 -0.61267
21204.74219 -0.64497
21207.43164 -0.63132
21210.12109 -0.62928
21212.79883 -0.62086
21215.49023 -0.65023
21218.19336 -0.65708
21220.88281 -0.67464
21223.57422 -0.66896
21226.26562 -0.68722
21228.95703 -0.69049
21231.65039 -0.69675
21234.34375 -0.68077
21237.03711 -0.68870
21239.73047 -0.68001
21242.42188 -0.71581
21245.11719 -0.72568
21247.81055 -0.72859
21250.49414 -0.73925
21253.18945 -0.74623
21255.88477 -0.74855
21258.58008 -0.73758
21261.26562 -0.75385
21263.94922 -0.78665
21266.64648 -0.79744
21269.34375 -0.78758
21272.04102 -0.81325
21274.72656 -0.81753
21277.42578 -0.79528
21280.12305 -0.80169
21282.79883 -0.84095
21285.48633 -0.84337
21288.17383 -0.86458
21290.87500 -0.86871
21293.57422 -0.84272
21296.26172 -0.88749
21298.96289 -0.88197
21301.64062 -0.91561
21304.34375 -0.91194
21307.03320 -0.92012
21309.73633 -0.91500
21312.40234 -0.92851
21315.10547 -0.94082
21317.79688 -0.94262
21320.47656 -0.96754
21323.18164 -0.96348
21325.87500 -0.95882
21328.55469 -1.00330
21331.25977 -1.01677
21333.95312 -1.00579
21336.63477 -1.02770
21339.34180 -1.04217
21342.02539 -1.04966
21344.70703 -1.03303
21347.39258 -1.07984
21350.09961 -1.08139
21352.79492 -1.08070
21355.47852 -1.12199
21358.17578 -1.13149
21360.86133 -1.13358
21363.57031 -1.14835
21366.26758 -1.15847
21368.95312 -1.14436
21371.64062 -1.19528
21374.32812 -1.18348
21377.01562 -1.19632
21379.70117 -1.24205
21382.40234 -1.22953
21385.08984 -1.24736
21387.79102 -1.26956
21390.48047 -1.26788
21393.16797 -1.26356
21395.87109 -1.30381
21398.56055 -1.30947
21401.26367 -1.32710
21403.95312 -1.33091
21406.64453 -1.34668
21409.31250 -1.36402
21412.00391 -1.39733
21414.70703 -1.40891
21417.40039 -1.42118
21420.09180 -1.42042
21422.77344 -1.44403
21425.46680 -1.44879
21428.17188 -1.49173
21430.86719 -1.48197
21433.54883 -1.51201
21436.24414 -1.51228
21438.95117 -1.54205
21441.62305 -1.56182
21444.33008 -1.59249
21447.01367 -1.58129
21449.69922 -1.60985
21452.39648 -1.62081
21455.08203 -1.65259
21457.77930 -1.68199
21460.47656 -1.70664
21463.16211 -1.71066
21465.84961 -1.73096
21468.54688 -1.74776
21471.23633 -1.77008
21473.93359 -1.79983
21476.62305 -1.80065
21479.32227 -1.80992
21482.01172 -1.84411
21484.71289 -1.88168
21487.40234 -1.90404
21490.08008 -1.92135
21492.79297 -1.90544
21495.45898 -1.93787
21498.15039 -1.97242
21500.85352 -1.98689
21503.54492 -2.00027
21506.22461 -2.04085
21508.91602 -2.03909
21511.62109 -2.05651
21514.31445 -2.08755
21517.00781 -2.13616
21519.68945 -2.17962
21522.38281 -2.17972
21525.08789 -2.23277
21527.78125 -2.21289
21530.46680 -2.25887
21533.16016 -2.27932
21535.85547 -2.31582
21538.53906 -2.31898
21541.23438 -2.37752
21543.91992 -2.37944
21546.61719 -2.45090
21549.31445 -2.42274
21552.00000 -2.49553
21554.68555 -2.49957
21557.38477 -2.54683
21560.07031 -2.58857
21562.76953 -2.60177
21565.45703 -2.64076
21568.15625 -2.68064
21570.85547 -2.70328
21573.51953 -2.72969
21576.22070 -2.77185
21578.92188 -2.77513
21581.61133 -2.83817
21584.31250 -2.85455
21586.99023 -2.88067
21589.67969 -2.94979
21592.38281 -2.97407
21595.08594 -3.02295
21597.75391 -3.03309
21600.45703 -3.05649
21603.16211 -3.10085
21605.83008 -3.14393
21608.53516 -3.19825
21611.24023 -3.20424
21613.90820 -3.27313
21616.61523 -3.28321
21619.29688 -3.34917
21622.00195 -3.40824
21624.67383 -3.42407
21627.37891 -3.46447
21630.06445 -3.52352
21632.75977 -3.56702
21635.44336 -3.63107
21638.15234 -3.65721
21640.83789 -3.66939
21643.53320 -3.72267
21646.21875 -3.81107
21648.92969 -3.80150
21651.61328 -3.86508
21654.28906 -3.93394
21656.98828 -3.96928
21659.67578 -4.05819
21662.36328 -4.09729
21665.06250 -4.09230
21667.75000 -4.20592
21670.43750 -4.21709
21673.12695 -4.26761
21675.82812 -4.32710
21678.51758 -4.36084
21681.20703 -4.44066
21683.89844 -4.51637
21686.58789 -4.55348
21689.29102 -4.64157
21691.98242 -4.68529
21694.67383 -4.73149
21697.36523 -4.80089
21700.05859 -4.85939
21702.75000 -4.91503
21705.43164 -5.00270
21708.12500 -5.03522
21710.81836 -5.08659
21713.51172 -5.19843
21716.20508 -5.24391
21718.90039 -5.34209
21721.58398 -5.40162
21724.27734 -5.43076
21726.97461 -5.54152
21729.66992 -5.57153
21732.36523 -5.69581
21735.06250 -5.74893
21737.73438 -5.81324
21740.41992 -5.90051
21743.11719 -5.98084
21745.81641 -6.06589
21748.51367 -6.13357
21751.21289 -6.19117
21753.88672 -6.30132
21756.58594 -6.37815
21759.28516 -6.46165
21761.97266 -6.56294
21764.65039 -6.63770
21767.35156 -6.74088
21770.05273 -6.80021
21772.72852 -6.88432
21775.43164 -6.99293
21778.13281 -7.08198
21780.81055 -7.15619
21783.51367 -7.28132
21786.20312 -7.38348
21788.90625 -7.50273
21791.58594 -7.61701
21794.27930 -7.68947
21796.97070 -7.78197
21799.66211 -7.88681
21802.34375 -7.99789
21805.04883 -8.13200
21807.73047 -8.18012
21810.43750 -8.30750
21813.11914 -8.42309
21815.82422 -8.58435
21818.50781 -8.65780
21821.19141 -8.80806
21823.90039 -8.91210
21826.58203 -8.98979
21829.26562 -9.13268
21831.97461 -9.29818
21834.66016 -9.37014
21837.34570 -9.52198
21840.03125 -9.69879
21842.74023 -9.79800
21845.42773 -9.95706
21848.11328 -10.10260
21850.80078 -10.21764
21853.48828 -10.35765
21856.19922 -10.47172
21858.88672 -10.62350
21861.57617 -10.77601
21864.26367 -10.94002
21866.95312 -11.08701
21869.64258 -11.22738
21872.33203 -11.39726
21875.02148 -11.54782
21877.72266 -11.66622
21880.41406 -11.84260
21883.10547 -11.98341
21885.80664 -12.10069
21888.50000 -12.31768
21891.19141 -12.48079
21893.88281 -12.64012
21896.57617 -12.76786
21899.26758 -13.02730
21901.96094 -13.19977
21904.65430 -13.35621
21907.34961 -13.50379
21910.01953 -13.78168
21912.71289 -13.84852
21915.41992 -14.06277
21918.11523 -14.23349
21920.81055 -14.38965
21923.48242 -14.59795
21926.17969 -14.73209
21928.87500 -15.07996
21931.57227 -15.23749
21934.24609 -15.37759
21936.94336 -15.55555
21939.65234 -15.78481
21942.32617 -16.02490
21945.03711 -16.18098
21947.73633 -16.44492
21950.41016 -16.51087
21953.11133 -16.91258
21955.79688 -16.91113
21958.49805 -17.23664
21961.17383 -17.42987
21963.87500 -17.69188
21966.57617 -17.82868
21969.25391 -18.10186
21971.94336 -18.37587
21974.64453 -18.33094
21977.32422 -18.71015
21980.02734 -18.89062
21982.70508 -19.09994
21985.40820 -19.31138
21988.09961 -19.49734
21990.77930 -19.72892
21993.49609 -19.89457
21996.17773 -20.05578
21998.87109 -20.14789
22001.57617 -20.52265
22004.25586 -20.72539
22006.93945 -20.76247
22009.64648 -20.90873
22012.32812 -21.13137
22015.02344 -21.27450
22017.70703 -21.48985
22020.39062 -21.51682
22023.09766 -21.57612
22025.79492 -21.94616
22028.47852 -22.11701
22031.16406 -22.06718
22033.87305 -21.99460
22036.55859 -22.15165
22039.24414 -22.51074
22041.92969 -22.36452
22044.62891 -22.23779
22047.33984 -22.32792
22050.00391 -22.32233
2.69198 3.23480
5.38396 7.12564
8.07594 5.73219
10.76791 2.12693
13.45990 -2.21011
16.15188 -0.47886
18.84385 2.84388
21.53583 5.09059
24.22782 5.95983
26.91980 5.96017
29.61178 5.06798
32.30375 3.34432
34.99574 0.59967
37.68771 -1.59008
40.37969 -1.76719
43.07167 -0.55958
45.76365 0.17415
48.45564 -0.00434
51.14761 -1.30197
53.83958 -3.31917
56.53158 -3.97234
59.22356 -1.86682
61.91553 0.58092
64.60751 2.20303
67.29950 2.93916
69.99148 2.89059
72.68346 2.08815
75.37544 0.73240
78.06740 -0.75726
80.75941 -1.44807
83.45135 -1.06289
86.14335 -0.25584
88.83533 0.07726
91.52733 -0.28630
94.21931 -0.95717
96.91129 -1.72883
99.60326 -1.42059
102.29522 -0.38552
104.98720 0.84252
107.67921 1.80076
110.37118 2.05433
113.06315 1.87301
115.75513 1.09948
118.44709 -0.12571
121.13909 -0.88627
123.83107 -1.13609
126.52303 -0.66215
129.21504 -0.16338
131.90698 0.09753
134.59901 -0.12633
137.29097 -0.58697
139.98297 -0.87844
142.67494 -0.48761
145.36693 0.15672
148.05890 0.99134
150.75082 1.34926
153.44281 1.61389
156.13481 1.06653
158.82683 0.28042
161.51878 -0.60657
164.21075 -1.01101
166.90273 -0.86808
169.59470 -0.38344
172.28671 0.00597
174.97871 0.12836
177.67072 -0.04241
180.36266 -0.29466
183.05463 -0.38244
185.74658 -0.06118
188.43863 0.52069
191.13058 0.95531
193.82259 1.11639
196.51457 0.99671
199.20654 0.48836
201.89848 -0.32808
204.59045 -0.77578
207.28242 -0.88537
209.97449 -0.59930
212.66635 -0.10166
215.35838 0.18039
218.05037 0.17173
220.74231 0.02767
223.43425 -0.18041
226.12625 -0.17990
228.81827 0.09450
231.51025 0.55759
234.20226 0.85761
236.89429 0.92176
239.58621 0.64138
242.27821 0.09198
244.97020 -0.51968
247.66219 -0.80403
250.35406 -0.85833
253.04608 -0.33172
255.73814 0.00626
258.43018 0.31047
261.12207 0.28377
263.81409 0.10333
266.50595 -0.09145
269.19803 0.03186
271.88986 0.29201
274.58203 0.58248
277.27396 0.74368
279.96582 0.59063
282.65771 0.26029
285.34985 -0.23518
288.04184 -0.69175
290.73383 -0.72211
293.42584 -0.50123
296.11777 -0.12386
298.80994 0.22601
301.50174 0.37558
304.19376 0.21806
306.88571 0.12238
309.57773 0.00759
312.26950 0.12270
314.96167 0.34306
317.65369 0.53266
320.34552 0.59200
323.03763 0.32503
325.72964 -0.02856
328.42154 -0.45735
331.11353 -0.71418
333.80539 -0.58377
336.49753 -0.33690
339.18942 0.02423
341.88162 0.38593
344.57346 0.47216
347.26532 0.27715
349.95743 0.11885
352.64935 0.09561
355.34125 0.15222
358.03333 0.26281
360.72534 0.37142
363.41748 0.38749
366.10938 0.10092
368.80121 -0.24619
371.49323 -0.52299
374.18536 -0.61954
376.87717 -0.40293
379.56915 -0.04026
382.26108 0.30625
384.95306 0.41672
387.64508 0.42415
390.33707 0.28186
393.02917 0.09183
395.72095 -0.02900
398.41324 0.03828
401.10489 0.26199
403.79700 0.33868
406.48886 0.15104
409.18097 -0.02758
411.87299 -0.29777
414.56500 -0.46095
417.25699 -0.44675
419.94888 -0.18046
422.64078 0.20993
425.33264 0.47431
428.02493 0.48506
430.71680 0.39586
433.40894 0.18122
436.10092 0.05200
438.79272 -0.01524
441.48468 0.03693
444.17682 0.21217
446.86871 0.21834
449.56082 0.08861
452.25253 -0.06419
454.94440 -0.34051
457.63647 -0.42221
460.32877 -0.24086
463.02066 0.02468
465.71268 0.31370
468.40442 0.54059
471.09644 0.46941
473.78864 0.36765
476.48071 0.17041
479.17233 0.01284
481.86435 -0.02606
484.55661 0.03871
487.24838 0.13447
489.94034 0.15578
492.63223 -0.02054
495.32428 -0.15971
498.01627 -0.31513
500.70828 -0.22824
503.40051 -0.07676
506.09219 0.21461
508.78406 0.45698
511.47644 0.52547
514.16846 0.36166
516.86011 0.19171
519.55219 0.01042
522.24390 -0.16846
524.93640 -0.10379
527.62793 -0.03007
530.31989 0.08381
533.01215 0.01138
535.70422 -0.05443
538.39600 -0.17885
541.08795 -0.22905
543.77991 -0.13780
546.47205 0.04364
549.16400 0.28970
551.85583 0.45490
554.54779 0.45443
557.24005 0.27101
559.93182 0.06500
562.62396 -0.05892
565.31567 -0.09000
568.00781 -0.16680
570.69989 0.01876
573.39191 0.07329
576.08356 -0.00396
578.77545 -0.03980
581.46783 -0.17353
584.15961 -0.18458
586.85193 0.05008
589.54370 0.18732
592.23572 0.32315
594.92773 0.43699
597.61975 0.29207
600.31146 0.16790
603.00342 -0.05581
605.69543 -0.20570
608.38745 -0.12401
611.07965 -0.09516
613.77167 0.01204
616.46338 0.07490
619.15533 0.08159
621.84705 -0.00529
624.53918 -0.13685
627.23132 -0.04527
629.92358 0.15225
632.61560 0.32570
635.30762 0.32016
637.99915 0.31302
640.69092 0.21506
643.38336 0.07235
646.07550 -0.16867
648.76740 -0.21020
651.45917 -0.19024
654.15125 -0.01971
656.84296 0.02892
659.53528 0.11615
662.22729 0.05390
664.91901 -0.02931
667.61108 -0.02139
670.30328 0.01698
672.99500 0.16957
675.68701 0.29816
678.37872 0.29907
681.07104 0.24981
683.76312 0.11770
686.45496 -0.09573
689.14679 -0.20111
691.83893 -0.18227
694.53046 -0.04573
697.22260 0.02287
699.91516 0.16820
702.60693 0.13061
705.29895 0.06437
707.99078 0.05855
710.68286 0.04184
713.37482 0.10538
716.06647 0.23314
718.75879 0.26648
721.45062 0.22343
724.14240 0.12375
726.83441 -0.02570
729.52679 -0.16277
732.21863 -0.15087
734.91077 -0.05992
737.60266 0.01446
740.29468 0.08303
742.98669 0.17056
745.67871 0.16741
748.37024 0.10146
751.06281 0.02849
753.75458 0.08948
756.44617 0.11944
759.13861 0.20182
761.83020 0.22464
764.52240 0.18419
767.21417 0.03705
769.90649 -0.11674
772.59802 -0.18084
775.29041 -0.13430
777.98206 -0.04335
780.67438 0.04400
783.36621 0.17423
786.05817 0.18191
788.75043 0.10463
791.44220 0.06662
794.13403 0.04901
796.82635 0.03770
799.51849 0.11322
802.21002 0.18469
804.90234 0.13450
807.59387 0.08445
810.28638 -0.02804
812.97766 -0.10054
815.67017 -0.11968
818.36224 -0.01608
821.05365 -0.00695
823.74591 0.08243
826.43781 0.17122
829.12982 0.12052
831.82208 0.12569
834.51379 0.06588
837.20551 0.04228
839.89807 0.05709
842.59009 0.13449
845.28186 0.14808
847.97388 0.16479
850.66559 0.00525
853.35779 -0.04552
856.05023 -0.06713
858.74164 -0.08010
861.43390 -0.01537
864.12567 0.05924
866.81769 0.16794
869.50958 0.17759
872.20166 0.16865
874.89337 0.09876
877.58527 0.02502
880.27777 0.05013
882.96973 0.10580
885.66162 0.08399
888.35345 0.05142
891.04517 0.05401
893.73724 -0.01467
896.42950 -0.02633
899.12103 -0.09145
901.81366 -0.01216
904.50543 0.01430
907.19781 0.15095
909.88910 0.12877
912.58154 0.15929
915.27325 0.16795
917.96539 0.12874
920.65735 0.02395
923.34918 0.02576
926.04065 0.04936
928.73340 0.07457
931.42523 0.04103
934.11719 0.07969
936.80914 0.04281
939.50122 -0.04606
942.19330 0.01970
944.88519 0.00470
947.57709 0.10536
950.26874 0.12228
952.96082 0.16358
955.65356 0.14301
958.34509 0.06349
961.03674 0.08345
963.72913 0.00210
966.42102 0.03676
969.11249 0.04460
971.80457 0.01672
974.49664 0.06149
977.18909 0.02424
979.88098 0.02598
982.57330 0.00999
985.26489 -0.01336
987.95679 0.04523
990.64893 0.12290
993.34082 0.13363
996.03284 0.16376
998.72461 0.13146
1001.41699 0.08331
1004.10828 0.02846
1006.80029 0.03467
1009.49286 0.03821
1012.18481 0.02642
1014.87671 0.05253
1017.56854 0.04887
1020.26074 0.05705
1022.95215 -0.00591
1025.64453 0.01611
1028.33667 0.02441
1031.02795 0.06677
1033.72058 0.16942
1036.41235 0.13092
1039.10425 0.09403
1041.79614 0.10662
1044.48828 0.05213
1047.17981 0.02381
1049.87195 0.03655
1052.56421 0.03629
1055.25623 0.07072
1057.94824 0.01336
1060.64014 0.05807
1063.33252 0.04394
1066.02466 0.04803
1068.71594 0.01924
1071.40820 0.04015
1074.09961 0.11192
1076.79187 0.11967
1079.48364 0.14387
1082.17566 0.11658
1084.86853 0.07745
1087.56018 0.01806
1090.25208 0.02042
1092.94446 0.00180
1095.63586 0.05941
1098.32776 0.02631
1101.02026 0.06314
1103.71216 0.03643
1106.40381 0.04543
1109.09607 0.00799
1111.78748 0.03569
1114.47986 0.06545
1117.17151 0.10190
1119.86401 0.11348
1122.55566 0.09528
1125.24829 0.10682
1127.93933 0.06680
1130.63184 0.00666
1133.32373 0.03280
1136.01538 0.00806
1138.70776 0.06932
1141.40027 0.05825
1144.09216 0.03754
1146.78418 0.07971
1149.47546 0.06128
1152.16760 0.03562
1154.86011 0.06671
1157.55139 0.09333
1160.24377 0.10835
1162.93555 0.10378
1165.62708 0.07887
1168.31897 0.06921
1171.01086 0.06556
1173.70361 -0.00385
1176.39490 0.05928
1179.08777 0.08058
1181.77905 0.07668
1184.47131 0.04469
1187.16382 0.06048
1189.85522 0.11050
1192.54688 0.09066
1195.23926 0.11388
1197.93188 0.06768
1200.62341 0.09722
1203.31555 0.10315
1206.00720 0.07496
1208.69897 0.11178
1211.39124 0.08277
1214.08301 0.04753
1216.77527 0.03250
1219.46692 0.02272
1222.15906 0.02135
1224.85120 0.01999
1227.54309 0.08467
1230.23499 0.08302
1232.92725 0.07584
1235.61926 0.06840
1238.31116 0.10681
1241.00330 0.03811
1243.69458 0.07016
1246.38696 0.11179
1249.07886 0.07470
1251.77051 0.07281
1254.46240 0.05255
1257.15527 0.01167
1259.84692 0.05033
1262.53882 0.02652
1265.23096 0.06026
1267.92261 0.04704
1270.61426 0.06574
1273.30615 0.09819
1275.99878 0.08077
1278.69092 0.07676
1281.38232 0.08086
1284.07446 0.06559
1286.76721 0.04968
1289.45862 0.03665
1292.15002 0.08088
1294.84265 0.06052
1297.53455 0.05774
1300.22644 0.00893
1302.91882 0.01991
1305.61023 0.02745
1308.30237 0.05241
1310.99414 0.07061
1313.68640 0.08982
1316.37781 0.07534
1319.07104 0.09120
1321.76172 0.03375
1324.45435 0.10184
1327.14600 0.06402
1329.83850 0.04974
1332.53003 0.10264
1335.22266 0.06569
1337.91394 0.06761
1340.60645 0.05685
1343.29761 0.03323
1345.99048 0.05380
1348.68201 0.07392
1351.37463 0.07546
1354.06580 0.11260
1356.75793 0.08800
1359.44946 0.09452
1362.14185 0.08948
1364.83362 0.07324
1367.52600 0.08453
1370.21790 0.09341
1372.91040 0.06156
1375.60229 0.07027
1378.29407 0.03928
1380.98584 0.06847
1383.67834 -0.00058
1386.36914 0.06184
1389.06140 0.02681
1391.75439 0.04898
1394.44580 0.10673
1397.13757 0.08772
1399.83008 0.09969
1402.52148 0.10407
1405.21350 0.07193
1407.90527 0.09326
1410.59766 0.04123
1413.28979 0.04509
1415.98218 0.09595
1418.67358 0.10309
1421.36621 0.03400
1424.05762 0.05127
1426.74951 0.02110
1429.44165 0.01034
1432.13281 0.08756
1434.82581 0.08444
1437.51819 0.08472
1440.20862 0.09524
1442.90173 0.04708
1445.59412 0.07159
1448.28552 0.03424
1450.97766 0.10115
1453.66931 0.04519
1456.36121 0.06724
1459.05322 0.05905
1461.74561 0.03755
1464.43701 0.03405
1467.12952 0.03695
1469.82129 0.05869
1472.51392 0.03014
1475.20508 0.08954
1477.89709 0.10820
1480.58911 0.11602
1483.28101 0.09953
1485.97314 0.07469
1488.66516 0.02548
1491.35791 0.05980
1494.04907 0.03671
1496.74097 0.04699
1499.43274 0.05131
1502.12439 0.05654
1504.81677 0.05998
1507.50989 0.03761
1510.20105 0.05877
1512.89294 0.04129
1515.58545 0.04400
1518.27698 0.07670
1520.96826 0.07906
1523.66089 0.10184
1526.35254 0.04761
1529.04553 0.07136
1531.73730 0.04130
1534.42883 0.09725
1537.12012 0.07277
1539.81348 0.06536
1542.50476 0.02676
1545.19653 0.04622
1547.88892 -0.00454
1550.58069 0.03804
1553.27283 0.06359
1555.96460 0.04975
1558.65601 0.04990
1561.34778 0.06958
1564.04053 0.06739
1566.73303 0.08813
1569.42407 0.04808
1572.11707 0.05271
1574.80872 0.03287
1577.49963 0.03487
1580.19263 0.06887
1582.88489 0.05105
1585.57593 0.07414
1588.26868 0.05337
1590.96082 0.04881
1593.65234 0.06583
1596.34399 0.03964
1599.03577 0.07709
1601.72778 0.06011
1604.42078 0.09335
1607.11206 0.06607
1609.80518 0.10065
1612.49585 0.07839
1615.18835 0.08531
1617.88000 0.03001
1620.57251 0.06396
1623.26416 0.06546
1625.95581 0.03419
1628.64844 0.05852
1631.34009 0.07771
1634.03174 0.06515
1636.72412 0.06528
1639.41650 0.07317
1642.10791 0.05592
1644.79932 0.05052
1647.49243 0.06785
1650.18347 0.09419
1652.87524 0.10198
1655.56787 0.08120
1658.25952 0.05285
1660.95166 0.02418
1663.64380 0.07052
1666.33557 0.07237
1669.02722 0.05861
1671.71960 0.07539
1674.41174 0.07157
1677.10339 0.02285
1679.79590 0.08725
1682.48804 0.06776
1685.18079 0.04763
1687.87134 0.08727
1690.56348 0.05751
1693.25610 0.09198
1695.94739 0.10000
1698.64014 0.06899
1701.33179 0.04875
1704.02380 0.05756
1706.71448 0.06231
1709.40845 0.05214
1712.09912 0.05765
1714.79126 0.05718
1717.48389 0.07305
1720.17603 0.07678
1722.86670 0.10573
1725.55872 0.02365
1728.25098 0.06330
1730.94299 0.05047
1733.63611 0.05808
1736.32776 0.06199
1739.01892 0.08731
1741.71118 0.07687
1744.40295 0.02321
1747.09509 0.07337
1749.78748 0.07081
1752.47925 0.08308
1755.17029 0.07579
1757.86255 0.07615
1760.55615 0.08263
1763.24707 0.06734
1765.93921 0.03201
1768.63147 0.08537
1771.32300 0.05586
1774.01477 0.07141
1776.70679 0.05649
1779.39868 0.06239
1782.09106 0.05579
1784.78357 0.04247
1787.47412 0.02976
1790.16687 0.01803
1792.85864 0.07495
1795.55164 0.06314
1798.24280 0.05651
1800.93494 0.09939
1803.62805 0.06018
1806.31836 0.07702
1809.01062 0.10351
1811.70300 0.07871
1814.39429 0.05718
1817.08765 0.09788
1819.77905 0.07249
1822.47034 0.03634
1825.16272 0.11379
1827.85498 0.08070
1830.54712 0.03426
1833.23950 0.04507
1835.93042 0.04169
1838.62256 0.06064
1841.31445 0.06405
1844.00623 0.08855
1846.69897 0.08834
1849.39050 0.05263
1852.08203 0.07762
1854.77332 0.08786
1857.46643 0.03552
1860.15942 0.07192
1862.85010 0.04150
1865.54272 0.04169
1868.23401 0.07682
1870.92712 0.06036
1873.61804 0.03811
1876.31079 0.03015
1879.00208 0.03145
1881.69421 0.06679
1884.38623 0.07358
1887.07776 0.03234
1889.77002 0.03678
1892.46216 0.06721
1895.15479 0.08539
1897.84619 0.10324
1900.53711 0.08497
1903.22998 0.06401
1905.92224 0.10183
1908.61426 0.05213
1911.30566 0.05955
1913.99805 0.03906
1916.69080 0.02263
1919.38110 0.02002
1922.07422 0.03784
1924.76575 0.06985
1927.45886 0.03729
1930.14954 0.07539
1932.84167 0.07677
1935.53357 0.07744
1938.22583 0.06074
1940.91858 0.08628
1943.60974 0.07053
1946.30164 0.05687
1948.99390 0.07794
1951.68567 0.06357
1954.37781 0.05303
1957.06946 0.06518
1959.76160 0.05025
1962.45422 0.07240
1965.14624 0.04537
1967.83752 0.07509
1970.52942 0.06370
1973.22058 0.06668
1975.91321 0.06653
1978.60522 0.03212
1981.29858 0.01597
1983.98914 0.09294
1986.68127 0.07104
1989.37378 0.08017
1992.06543 0.02389
1994.75757 0.05264
1997.44983 0.05678
2000.14160 0.06857
2002.83252 0.05000
2005.52478 0.04242
2008.21741 0.05777
2010.90930 0.08237
2013.60144 0.07258
2016.29382 0.06383
2018.98535 0.05680
2021.67712 0.05163
2024.36926 0.04383
2027.06165 0.06475
2029.75305 0.04274
2032.44470 0.04077
2035.13672 0.04419
2037.82874 0.06665
2040.52100 0.04598
2043.21362 0.03965
2045.90515 0.05042
2048.59692 0.06681
2051.29004 0.03022
2053.98071 0.11521
2056.67310 0.08183
2059.36548 0.03715
2062.05664 0.04543
2064.74829 0.03277
2067.44092 0.09982
2070.13257 0.09688
2072.82544 0.05670
2075.51611 0.09750
2078.20801 0.04092
2080.90112 0.07373
2083.59326 0.05100
2086.28516 0.02513
2088.97729 0.07375
2091.66943 0.05587
2094.36035 0.05627
2097.05249 0.06511
2099.74463 0.07540
2102.43677 0.05370
2105.12891 0.08824
2107.82007 0.07019
2110.51318 0.03690
2113.20410 0.03875
2115.89600 0.01890
2118.58813 0.00819
2121.28125 0.06871
2123.97168 0.05342
2126.66357 0.05593
2129.35620 0.07193
2132.04785 0.05305
2134.74023 0.11497
2137.43286 0.05616
2140.12500 0.08049
2142.81616 0.05998
2145.50928 0.05778
2148.19995 0.04859
2150.89160 0.02719
2153.58447 0.07223
2156.27686 0.05674
2158.96802 0.05522
2161.66138 0.07722
2164.35229 0.04423
2167.04395 0.05056
2169.73657 0.07330
2172.42896 0.06603
2175.12012 0.06093
2177.81201 0.06150
2180.50488 0.06575
2183.19507 0.07374
2185.88867 0.06187
2188.58081 0.06337
2191.27246 0.08633
2193.96387 0.03627
2196.65649 0.05214
2199.34839 0.05634
2202.04028 0.09214
2204.73145 0.04644
2207.42383 0.08633
2210.11572 0.09372
2212.80859 0.06497
2215.50073 0.07635
2218.19165 0.06753
2220.88452 0.06335
2223.57568 0.09033
2226.26782 0.06982
2228.95947 0.02840
2231.65186 0.05190
2234.34375 0.04467
2237.03540 0.06230
2239.72778 0.03885
2242.41968 0.07739
2245.11230 0.04389
2247.80444 0.05765
2250.49512 0.06470
2253.18750 0.06549
2255.87939 0.07051
2258.57104 0.04868
2261.26318 0.07269
2263.95483 0.10125
2266.64868 0.04096
2269.34033 0.08990
2272.03174 0.07846
2274.72241 0.06884
2277.41650 0.06075
2280.10742 0.07131
2282.79883 0.06439
2285.49121 0.07955
2288.18286 0.07649
2290.87622 0.08203
2293.56787 0.07075
2296.25903 0.06695
2298.95190 0.07803
2301.64307 0.05150
2304.33472 0.06224
2307.02832 0.01651
2309.71851 0.05039
2312.41089 0.04019
2315.10376 0.05215
2317.79590 0.04825
2320.48730 0.06322
2323.17920 0.07429
2325.87061 0.07484
2328.56372 0.04716
2331.25488 0.05309
2333.94800 0.07983
2336.63892 0.10703
2339.33154 0.04953
2342.02246 0.04516
2344.71509 0.05189
2347.40820 0.09744
2350.09790 0.04939
2352.79077 0.07483
2355.48267 0.05671
2358.17529 0.06986
2360.86694 0.04742
2363.55908 0.02623
2366.25024 0.05158
2368.94214 0.09656
2371.63452 0.05573
2374.32715 0.06735
2377.01904 0.08980
2379.71143 0.08868
2382.40405 0.06813
2385.09473 0.03539
2387.78809 0.07446
2390.47827 0.07113
2393.17114 0.04084
2395.86230 0.12966
2398.55469 0.08370
2401.24634 0.07324
2403.93970 0.06591
2406.62939 0.06699
2409.32227 0.09357
2412.01416 0.09300
2414.70630 0.07266
2417.39746 0.08312
2420.08887 0.06363
2422.78345 0.06648
2425.47437 0.05623
2428.16675 0.04732
2430.85840 0.08787
2433.55029 0.06261
2436.24097 0.04827
2438.93481 0.04839
2441.62622 0.06287
2444.31909 0.04689
2447.00977 0.05777
2449.70190 0.05557
2452.39453 0.06269
2455.08594 0.07052
2457.77759 0.05900
2460.46948 0.06371
2463.16162 0.10109
2465.85400 0.05202
2468.54663 0.06183
2471.23804 0.06240
2473.92969 0.08199
2476.62183 0.06897
2479.31396 0.06211
2482.00488 0.06198
2484.69727 0.02455
2487.39014 0.04874
2490.08154 0.07408
2492.77490 0.07845
2495.46533 0.08165
2498.15723 0.05290
2500.84961 0.06915
2503.54199 0.07499
2506.23438 0.07137
2508.92578 0.08638
2511.61719 0.07387
2514.31006 0.05037
2517.00317 0.04898
2519.69336 0.05953
2522.38525 0.03891
2525.07715 0.05726
2527.76929 0.07214
2530.46143 0.05610
2533.15503 0.05170
2535.84619 0.08059
2538.53711 0.06246
2541.22949 0.10540
2543.92065 0.06344
2546.61328 0.05955
2549.30591 0.06597
2551.99731 0.06484
2554.68872 0.05009
2557.38135 0.06535
2560.07275 0.08657
2562.76562 0.03276
2565.45679 0.05516
2568.14966 0.06507
2570.84277 0.04452
2573.53394 0.06847
2576.22412 0.05781
2578.91675 0.07463
2581.60815 0.07181
2584.30103 0.06218
2586.99219 0.08197
2589.68481 0.06372
2592.37622 0.03559
2595.06885 0.05771
2597.76123 0.01472
2600.45239 0.07905
2603.14478 0.07359
2605.83716 0.08896
2608.52930 0.05450
2611.21997 0.05268
2613.91357 0.05689
2616.60571 0.06823
2619.29736 0.09061
2621.98779 0.10209
2624.68237 0.07658
2627.37231 0.05297
2630.06519 0.05707
2632.75659 0.08168
2635.45044 0.06412
2638.13989 0.06255
2640.83228 0.03751
2643.52441 0.07035
2646.21655 0.09100
2648.90820 0.06963
2651.59985 0.05726
2654.29297 0.06984
2656.98413 0.04326
2659.67676 0.05496
2662.36890 0.06705
2665.06104 0.05995
2667.75293 0.07478
2670.44336 0.06141
2673.13623 0.06179
2675.82764 0.07318
2678.52148 0.02980
2681.21240 0.04232
2683.90576 0.10048
2686.59619 0.06877
2689.28906 0.05305
2691.98047 0.04283
2694.67285 0.07957
2697.36523 0.06601
2700.05688 0.05402
2702.74878 0.07146
2705.44019 0.04482
2708.13135 0.04892
2710.82495 0.04958
2713.51538 0.04014
2716.20850 0.05632
2718.90015 0.07768
2721.59253 0.08003
2724.28467 0.02711
2726.97510 0.05079
2729.66821 0.06769
2732.35938 0.06396
2735.05298 0.07103
2737.74365 0.03951
2740.43677 0.06561
2743.12793 0.04793
2745.82056 0.03121
2748.51245 0.06937
2751.20410 0.06482
2753.89526 0.05529
2756.58765 0.07858
2759.27979 0.07574
2761.97144 0.05590
2764.66406 0.06994
2767.35474 0.05779
2770.04785 0.05339
2772.73950 0.09169
2775.43188 0.03920
2778.12427 0.08377
2780.81543 0.07078
2783.50854 0.05707
2786.20093 0.07479
2788.89258 0.05295
2791.58374 0.04065
2794.27612 0.07091
2796.96680 0.08484
2799.65967 0.06277
2802.35205 0.05067
2805.04395 0.07174
2807.73560 0.04877
2810.42676 0.03751
2813.12036 0.04670
2815.81201 0.07194
2818.50415 0.04817
2821.19482 0.08998
2823.88794 0.07112
2826.57886 0.05168
2829.27246 0.07254
2831.96387 0.06282
2834.65649 0.03034
2837.34668 0.09262
2840.03931 0.07899
2842.73047 0.07275
2845.42358 0.03233
2848.11475 0.05374
2850.80688 0.04414
2853.50000 0.08554
2856.19092 0.05931
2858.88452 0.06178
2861.57593 0.06332
2864.26660 0.04051
2866.95996 0.09284
2869.65088 0.07851
2872.34277 0.08279
2875.03589 0.04912
2877.72656 0.06276
2880.41821 0.06655
2883.11084 0.06253
2885.80444 0.04802
2888.49414 0.05178
2891.18799 0.03850
2893.87793 0.07307
2896.57202 0.06226
2899.26367 0.07046
2901.95654 0.06275
2904.64697 0.03846
2907.33984 0.05486
2910.03223 0.06127
2912.72192 0.05109
2915.41455 0.05036
2918.10791 0.03493
2920.79834 0.07208
2923.48877 0.06738
2926.18311 0.07922
2928.87500 0.03278
2931.56641 0.10201
2934.25830 0.06093
2936.95142 0.08809
2939.64209 0.05304
2942.33496 0.01537
2945.02734 0.07932
2947.71729 0.05989
2950.41113 0.06010
2953.10449 0.06695
2955.79346 0.05479
2958.48511 0.06240
2961.17920 0.05847
2963.86914 0.06506
2966.56177 0.08730
2969.25513 0.08195
2971.94580 0.05871
2974.63892 0.07965
2977.32959 0.05804
2980.02295 0.05595
2982.71387 0.06600
2985.40527 0.05806
2988.09912 0.05548
2990.78931 0.06843
2993.48315 0.04360
2996.17456 0.04334
2998.86646 0.07172
3001.55786 0.06453
3004.24976 0.03600
3006.94116 0.07895
3009.63477 0.05842
3012.32568 0.08913
3015.01904 0.06951
3017.70996 0.07901
3020.40332 0.06609
3023.09399 0.04808
3025.78687 0.07989
3028.47754 0.05337
3031.16895 0.06510
3033.86084 0.05064
3036.55518 0.08641
3039.24512 0.07722
3041.93750 0.05885
3044.63086 0.06624
3047.32153 0.05744
3050.01245 0.06957
3052.70605 0.07143
3055.39697 0.05678
3058.09033 0.05357
3060.78101 0.03721
3063.47437 0.07433
3066.16626 0.04555
3068.85718 0.04426
3071.54883 0.07147
3074.24121 0.06674
3076.93457 0.05849
3079.62646 0.09223
3082.31763 0.02231
3085.01074 0.05897
3087.70142 0.06363
3090.39282 0.06467
3093.08643 0.05380
3095.77881 0.04765
3098.46875 0.03958
3101.16064 0.05107
3103.85376 0.02979
3106.54541 0.09032
3109.23755 0.06625
3111.93066 0.07868
3114.62061 0.04945
3117.31323 0.07118
3120.00464 0.06652
3122.69653 0.06482
3125.38916 0.06329
3128.08252 0.03330
3130.77271 0.08952
3133.46387 0.09425
3136.15698 0.08140
3138.84741 0.04225
3141.54199 0.05211
3144.23340 0.05627
3146.92407 0.04582
3149.61841 0.06841
3152.31006 0.05574
3155.00024 0.06941
3157.69336 0.07642
3160.38452 0.07428
3163.07690 0.07026
3165.76953 0.10216
3168.45923 0.07303
3171.15283 0.06670
3173.84546 0.07406
3176.53882 0.06200
3179.22876 0.06900
3181.91943 0.07830
3184.61230 0.05370
3187.30444 0.04928
3189.99634 0.06467
3192.68774 0.06845
3195.38086 0.09143
3198.07300 0.05360
3200.76367 0.06296
3203.45483 0.05905
3206.14844 0.09356
3208.84082 0.04343
3211.53394 0.05189
3214.22559 0.04942
3216.91577 0.05775
3219.60815 0.04338
3222.30103 0.05869
3224.99316 0.06650
3227.68335 0.06330
3230.37793 0.06592
3233.06934 0.10108
3235.76099 0.06218
3238.45166 0.06354
3241.14429 0.05270
3243.83765 0.06255
3246.52783 0.08557
3249.22021 0.05396
3251.91284 0.05744
3254.60449 0.06662
3257.29614 0.06358
3259.98853 0.06046
3262.67944 0.07027
3265.37280 0.05158
3268.06470 0.07514
3270.75708 0.07361
3273.44775 0.06263
3276.13892 0.07678
3278.83057 0.04772
3281.52466 0.07162
3284.21533 0.08458
3286.90820 0.04998
3289.59985 0.05363
3292.29199 0.04596
3294.98413 0.08856
3297.67676 0.05159
3300.36816 0.06661
3303.05981 0.07273
3305.75171 0.05377
3308.44238 0.03243
3311.13696 0.06862
3313.82837 0.05737
3316.52002 0.04702
3319.21240 0.05727
3321.90454 0.07119
3324.59570 0.05733
3327.28687 0.05416
3329.98047 0.05633
3332.67261 0.08347
3335.36328 0.04060
3338.05591 0.05852
3340.74707 0.04619
3343.44043 0.08111
3346.13037 0.06058
3348.82275 0.09206
3351.51538 0.04020
3354.20630 0.07785
3356.90137 0.09425
3359.59302 0.05001
3362.28296 0.04776
3364.97534 0.08691
3367.66797 0.05906
3370.35889 0.07664
3373.05029 0.05926
3375.74390 0.03918
3378.43579 0.06764
3381.12817 0.05086
3383.82056 0.04318
3386.51343 0.06568
3389.20483 0.02880
3391.89600 0.06329
3394.58765 0.06191
3397.28174 0.06862
3399.97046 0.07257
3402.66309 0.06529
3405.35571 0.05575
3408.04688 0.07247
3410.74023 0.05664
3413.43018 0.06244
3416.12231 0.07570
3418.81616 0.05303
3421.50684 0.07105
3424.19946 0.07439
3426.89087 0.05286
3429.58203 0.08311
3432.27539 0.07854
3434.96533 0.06714
3437.65918 0.06993
3440.35132 0.04562
3443.04370 0.06843
3445.73462 0.04649
3448.42725 0.06041
3451.11865 0.06596
3453.81006 0.10797
3456.50171 0.07057
3459.19531 0.06068
3461.88721 0.06680
3464.57764 0.05621
3467.27148 0.05798
3469.96411 0.07216
3472.65308 0.07152
3475.34766 0.05373
3478.03906 0.04674
3480.73242 0.06849
3483.42212 0.04066
3486.11377 0.08380
3488.80737 0.07457
3491.49731 0.04857
3494.19165 0.06904
3496.88403 0.05338
3499.57617 0.04796
3502.26685 0.06982
3504.95776 0.06850
3507.65088 0.02515
3510.34180 0.06723
3513.03516 0.05976
3515.72656 0.07112
3518.41821 0.04423
3521.10986 0.07684
3523.80151 0.04992
3526.49536 0.05724
3529.18726 0.03237
3531.87769 0.08138
3534.57007 0.06414
3537.26416 0.04807
3539.95459 0.06793
3542.64526 0.06045
3545.33789 0.05790
3548.03076 0.06291
3550.72192 0.06526
3553.41479 0.05786
3556.10571 0.05505
3558.79883 0.07235
3561.48999 0.06304
3564.18140 0.07269
3566.87500 0.02753
3569.56641 0.05028
3572.26001 0.03481
3574.94971 0.08035
3577.64331 0.04269
3580.33301 0.08042
3583.02686 0.05729
3585.71899 0.04133
3588.41064 0.07834
3591.10059 0.08307
3593.79492 0.05378
3596.48682 0.07927
3599.17871 0.04961
3601.87109 0.04955
3604.56104 0.03894
3607.25342 0.04910
3609.94580 0.05932
3612.63794 0.04443
3615.33032 0.05471
3618.02075 0.06876
3620.71289 0.03856
3623.40527 0.08977
3626.09766 0.05871
3628.78979 0.05891
3631.48218 0.08074
3634.17261 0.07539
3636.86523 0.05215
3639.55737 0.09223
3642.24976 0.05767
3644.94019 0.05856
3647.63452 0.03983
3650.32471 0.05466
3653.01904 0.06254
3655.70947 0.07776
3658.39966 0.05271
3661.09375 0.06843
3663.78394 0.08393
3666.47632 0.05159
3669.17017 0.06868
3671.86035 0.06521
3674.55444 0.09157
3677.24658 0.03102
3679.93848 0.06470
3682.62817 0.08423
3685.32202 0.04943
3688.01367 0.06657
3690.70581 0.06106
3693.39746 0.08054
3696.08911 0.06451
3698.78223 0.02412
3701.47388 0.03936
3704.16528 0.06187
3706.85864 0.08418
3709.54785 0.09205
3712.24097 0.05582
3714.93433 0.04916
3717.62524 0.05998
3720.31592 0.06875
3723.00879 0.05015
3725.70142 0.05203
3728.39209 0.07607
3731.08472 0.06663
3733.77905 0.06974
3736.46948 0.05160
3739.16357 0.06084
3741.85181 0.03030
3744.54370 0.06077
3747.23535 0.04516
3749.92920 0.05564
3752.62085 0.06436
3755.31421 0.06249
3758.00562 0.06800
3760.69873 0.05751
3763.38794 0.03424
3766.08081 0.05911
3768.77173 0.04639
3771.46631 0.07303
3774.15698 0.06660
3776.84741 0.05780
3779.54175 0.06361
3782.23364 0.07522
3784.92578 0.07069
3787.61743 0.08112
3790.30688 0.03935
3793.00073 0.03577
3795.69165 0.08422
3798.38501 0.05664
3801.07593 0.07230
3803.76855 0.03787
3806.46118 0.06068
3809.15161 0.08714
3811.84570 0.06565
3814.53589 0.04452
3817.22974 0.04988
3819.92139 0.06743
3822.61304 0.07604
3825.30444 0.06779
3827.99536 0.04960
3830.68823 0.05954
3833.38086 0.05810
3836.07129 0.06363
3838.76367 0.04314
3841.45581 0.07471
3844.14795 0.05274
3846.83960 0.08582
3849.53076 0.05038
3852.22607 0.06880
3854.91724 0.06849
3857.60767 0.04431
3860.29834 0.04002
3862.99072 0.05497
3865.68262 0.06010
3868.37476 0.04334
3871.06836 0.05566
3873.75977 0.05227
3876.45288 0.06993
3879.14404 0.06497
3881.83667 0.06685
3884.52686 0.05168
3887.21899 0.07207
3889.91089 0.07616
3892.60474 0.07387
3895.29614 0.07417
3897.98511 0.03593
3900.68018 0.05566
3903.37280 0.06718
3906.06494 0.06943
3908.75513 0.06816
3911.44678 0.07438
3914.14062 0.04340
3916.83154 0.03531
3919.52271 0.05593
3922.21533 0.07701
3924.90796 0.06296
3927.59985 0.04467
3930.29175 0.06400
3932.98315 0.04642
3935.67456 0.06783
3938.36743 0.05845
3941.05811 0.08143
3943.75244 0.07070
3946.44238 0.05183
3949.13867 0.06737
3951.82568 0.06475
3954.51880 0.07253
3957.21167 0.08296
3959.90430 0.06137
3962.59424 0.07471
3965.28638 0.06142
3967.97998 0.06298
3970.67090 0.05650
3973.36377 0.06006
3976.05640 0.06046
3978.74683 0.03183
3981.43848 0.06214
3984.13232 0.06051
3986.82153 0.07749
3989.51440 0.05395
3992.20703 0.07743
3994.89893 0.04561
3997.59326 0.07663
4000.28027 0.04665
4002.97363 0.04815
4005.66650 0.07150
4008.35889 0.04827
4011.05127 0.04941
4013.74292 0.06760
4016.43433 0.07272
4019.12720 0.07584
4021.81787 0.08504
4024.51245 0.10403
4027.20435 0.07692
4029.89355 0.08152
4032.58667 0.05141
4035.27734 0.07883
4037.96997 0.04943
4040.66211 0.05867
4043.35376 0.05166
4046.04688 0.06932
4048.73999 0.07091
4051.43018 0.07684
4054.12256 0.05215
4056.81421 0.04475
4059.50757 0.06348
4062.19849 0.06897
4064.88892 0.09727
4067.58081 0.06263
4070.27466 0.06690
4072.96606 0.05095
4075.65674 0.06977
4078.35181 0.04068
4081.04126 0.05538
4083.73535 0.05038
4086.42627 0.05250
4089.11694 0.09614
4091.80957 0.05817
4094.50171 0.05944
4097.19531 0.09535
4099.88623 0.08184
4102.57910 0.04698
4105.26904 0.07428
4107.96338 0.03353
4110.65674 0.08414
4113.34766 0.04737
4116.04004 0.04529
4118.72998 0.04120
4121.42188 0.06420
4124.11523 0.04783
4126.80518 0.05751
4129.49805 0.06619
4132.18945 0.11572
4134.88086 0.09841
4137.57373 0.01709
4140.26660 -0.14310
4142.95850 -0.24137
4145.65039 0.02566
4148.34082 0.08161
4151.03369 0.04815
4153.72559 0.02564
4156.41748 0.01988
4159.11084 0.07029
4161.80127 0.11326
4164.49365 0.08661
4167.18555 0.05971
4169.87646 0.06175
4172.56982 0.08193
4175.26172 0.05864
4177.95166 0.02642
4180.64502 0.07662
4183.33594 0.06834
4186.03076 0.07431
4188.72266 0.05866
4191.41602 0.06780
4194.10693 0.10544
4196.79932 0.08459
4199.49121 0.02832
4202.18018 0.05341
4204.87061 0.06244
4207.56787 0.09050
4210.25732 0.04291
4212.95117 0.04353
4215.64160 0.05787
4218.33154 0.06260
4221.02588 0.08599
4223.71680 0.05621
4226.40967 0.08219
4229.10205 0.07036
4231.79395 0.03956
4234.48535 0.03922
4237.17773 0.06998
4239.87012 0.07081
4242.55908 0.07819
4245.25488 0.06249
4247.94482 0.07747
4250.63721 0.06980
4253.32861 0.05638
4256.02148 0.03909
4258.71143 0.06359
4261.40820 0.06180
4264.09717 0.05661
4266.79004 0.05354
4269.47998 0.05941
4272.17383 0.07903
4274.86475 0.04383
4277.55762 0.05563
4280.25195 0.05380
4282.94092 0.06528
4285.63379 0.02471
4288.32617 0.05737
4291.01758 0.05559
4293.70850 0.05886
4296.40186 0.07593
4299.09131 0.05909
4301.78516 0.04976
4304.47803 0.04361
4307.17041 0.07282
4309.86230 0.05730
4312.55322 0.08146
4315.24365 0.05911
4317.93555 0.05465
4320.62891 0.07369
4323.32227 0.05517
4326.01465 0.08217
4328.70361 0.05005
4331.39453 0.06524
4334.08691 0.05328
4336.78125 0.05109
4339.47217 0.06591
4342.16260 0.06680
4344.85498 0.03920
4347.54883 0.04001
4350.23926 0.04431
4352.93164 0.07636
4355.62305 0.06451
4358.31885 0.07698
4361.00928 0.04014
4363.70068 0.06449
4366.39160 0.08264
4369.08496 0.10044
4371.77686 0.05939
4374.46533 0.06709
4377.16064 0.06150
4379.85303 0.05229
4382.54443 0.06467
4385.23730 0.06070
4387.92725 0.06393
4390.62109 0.06205
4393.31201 0.04652
4396.00439 0.03471
4398.69629 0.07064
4401.38965 0.04170
4404.07959 0.08623
4406.77148 0.06488
4409.46484 0.04575
4412.15527 0.04606
4414.84961 0.08280
4417.54053 0.05792
4420.23096 0.06903
4422.92480 0.09385
4425.61621 0.05446
4428.30908 0.04620
4431.00098 0.08495
4433.69238 0.04680
4436.38281 0.08531
4439.07471 0.03667
4441.76807 0.04786
4444.45850 0.06071
4447.15332 0.05344
4449.84180 0.06252
4452.53711 0.07904
4455.22656 0.06395
4457.92041 0.05141
4460.61328 0.04352
4463.30322 0.07898
4465.99658 0.06081
4468.68701 0.06693
4471.37891 0.07952
4474.07275 0.08136
4476.76514 0.07781
4479.45703 0.04244
4482.14844 0.07776
4484.83838 0.05965
4487.53076 0.07497
4490.22363 0.04669
4492.91650 0.05473
4495.60596 0.07326
4498.29932 0.08140
4500.99170 0.07584
4503.68359 0.06631
4506.37646 0.06862
4509.06885 0.07199
4511.76074 0.07368
4514.45117 0.08456
4517.14355 0.03787
4519.83740 0.07048
4522.52783 0.05949
4525.22021 0.06083
4527.91162 0.04402
4530.60400 0.08462
4533.29590 0.06765
4535.98730 0.06148
4538.68018 0.06880
4541.37158 0.05008
4544.06250 0.06061
4546.75488 0.05016
4549.44678 0.07411
4552.13965 0.06827
4554.82959 0.04007
4557.52344 0.06380
4560.21631 0.05552
4562.90820 0.05807
4565.59961 0.06838
4568.28955 0.06138
4570.98389 0.08161
4573.67480 0.05518
4576.36719 0.06403
4579.05859 0.05737
4581.75195 0.06639
4584.44385 0.06701
4587.13525 0.05437
4589.82764 0.07819
4592.51953 0.03937
4595.20801 0.07839
4597.90283 0.07068
4600.59473 0.08062
4603.28760 0.06407
4605.97998 0.09732
4608.66846 0.03393
4611.36377 0.04580
4614.05322 0.06328
4616.74658 0.08108
4619.43896 0.07149
4622.13037 0.07464
4624.82080 0.06161
4627.51562 0.03332
4630.20410 0.03723
4632.89893 0.05762
4635.59082 0.07885
4638.28174 0.06453
4640.97607 0.06434
4643.66504 0.08399
4646.35791 0.07231
4649.04980 0.08047
4651.74268 0.07672
4654.43555 0.05885
4657.12695 0.08536
4659.81982 0.06221
4662.51172 0.06785
4665.20264 0.05921
4667.89258 0.07334
4670.58691 0.06266
4673.27686 0.05119
4675.97168 0.07066
4678.66016 0.04014
4681.35547 0.06739
4684.04639 0.05635
4686.73975 0.04778
4689.42920 0.07098
4692.12012 0.06454
4694.81299 0.07760
4697.50684 0.07498
4700.19775 0.06424
4702.88965 0.06159
4705.58301 0.08872
4708.27588 0.07080
4710.96729 0.08928
4713.65723 0.06613
4716.35205 0.05588
4719.04297 0.08245
4721.73291 0.07039
4724.42676 0.08527
4727.11719 0.06777
4729.80908 0.06741
4732.50244 0.06984
4735.19482 0.05544
4737.88623 0.06757
4740.57617 0.05543
4743.27100 0.06433
4745.95898 0.07997
4748.65332 0.06319
4751.34717 0.05530
4754.03711 0.08649
4756.72852 0.04828
4759.42188 0.07053
4762.11377 0.05609
4764.80469 0.08082
4767.49707 0.06137
4770.19092 0.05705
4772.88135 0.06882
4775.57275 0.05906
4778.26904 0.04200
4780.95801 0.03888
4783.64941 0.05550
4786.33936 0.04683
4789.03320 0.07733
4791.72607 0.06191
4794.41797 0.02571
4797.11133 0.06295
4799.80078 0.07427
4802.49463 0.07229
4805.18457 0.05419
4807.87598 0.07112
4810.57178 0.05849
4813.26074 0.06456
4815.95410 0.05323
4818.64600 0.05207
4821.33984 0.06264
4824.02734 0.07015
4826.72119 0.07914
4829.41406 0.07241
4832.10596 0.06077
4834.79688 0.08407
4837.49121 0.07081
4840.17969 0.04268
4842.87207 0.05793
4845.56348 0.06272
4848.25879 0.05322
4850.95068 0.06933
4853.64111 0.05845
4856.33301 0.03186
4859.02637 0.06610
4861.71582 0.07709
4864.40967 0.06925
4867.10205 0.08817
4869.79102 0.05745
4872.48389 0.07952
4875.17822 0.06614
4877.86572 0.06368
4880.56055 0.06484
4883.25391 0.07700
4885.94629 0.06353
4888.63477 0.06638
4891.32715 0.05263
4894.02148 0.08291
4896.71436 0.07411
4899.40576 0.07616
4902.09912 0.03869
4904.78809 0.06308
4907.47900 0.05854
4910.17090 0.05741
4912.86475 0.07489
4915.55664 0.03098
4918.24805 0.05492
4920.94092 0.06473
4923.63232 0.04847
4926.32520 0.03257
4929.01660 0.07113
4931.70996 0.07242
4934.40186 0.06610
4937.09229 0.08349
4939.78467 0.05711
4942.47803 0.06370
4945.17041 0.08893
4947.86133 0.04942
4950.55420 0.05179
4953.24561 0.05335
4955.93555 0.05986
4958.62695 0.06040
4961.32275 0.07483
4964.01172 0.06244
4966.70215 0.06195
4969.39404 0.03911
4972.08984 0.03964
4974.77930 0.06305
4977.47314 0.04713
4980.16553 0.06610
4982.85645 0.05340
4985.55176 0.04950
4988.24268 0.05809
4990.93262 0.07113
4993.62402 0.05072
4996.31641 0.05761
4999.00830 0.04572
5001.70117 0.07071
5004.38965 0.07919
5007.08594 0.07976
5009.77490 0.07619
5012.46826 0.06408
5015.16016 0.05694
5017.85059 0.06847
5020.54248 0.07580
5023.23584 0.05376
5025.92822 0.06656
5028.62207 0.05708
5031.31152 0.07248
5034.00244 0.05719
5036.69482 0.07540
5039.38867 0.06997
5042.08105 0.07565
5044.77246 0.07806
5047.46533 0.06195
5050.15625 0.07377
5052.84912 0.04956
5055.54053 0.05370
5058.23340 0.06423
5060.92480 0.06341
5063.61523 0.05410
5066.30664 0.06137
5068.99951 0.08314
5071.69141 0.06001
5074.38477 0.05985
5077.07617 0.07287
5079.76660 0.06942
5082.46094 0.04280
5085.15137 0.05648
5087.84326 0.07540
5090.53369 0.04515
5093.22852 0.05691
5095.91650 0.06125
5098.61084 0.04752
5101.30420 0.05893
5103.99365 0.05699
5106.68701 0.06966
5109.37891 0.05826
5112.07275 0.07720
5114.76172 0.05652
5117.45508 0.06828
5120.14746 0.05144
5122.84082 0.07660
5125.53027 0.03949
5128.22363 0.08066
5130.91309 0.06951
5133.60645 0.05659
5136.30127 0.04189
5138.98926 0.08264
5141.68457 0.06020
5144.37500 0.06142
5147.06738 0.07275
5149.75781 0.05958
5152.45020 0.03803
5155.14062 0.05025
5157.83252 0.08685
5160.52930 0.09342
5163.21826 0.05230
5165.90869 0.04657
5168.60400 0.06455
5171.29443 0.04193
5173.98633 0.04965
5176.67725 0.05749
5179.37158 0.05389
5182.06250 0.07069
5184.75439 0.05842
5187.44775 0.05545
5190.13965 0.06600
5192.83008 0.07175
5195.52148 0.04053
5198.21484 0.06735
5200.90674 0.07208
5203.59668 0.06945
5206.29150 0.05595
5208.98193 0.05914
5211.67334 0.05598
5214.36621 0.09696
5217.06055 0.05976
5219.75098 0.05937
5222.44189 0.04773
5225.13525 0.08165
5227.82617 0.06999
5230.51904 0.06305
5233.21045 0.04769
5235.89990 0.08828
5238.59082 0.06074
5241.28955 0.05655
5243.97754 0.07097
5246.66992 0.06264
5249.36377 0.08299
5252.05615 0.06717
5254.74365 0.04488
5257.43896 0.08358
5260.12939 0.08081
5262.82178 0.06661
5265.51514 0.05063
5268.20410 0.03190
5270.89746 0.07154
5273.59180 0.07203
5276.28223 0.05557
5278.97363 0.06418
5281.66650 0.01621
5284.35547 0.03567
5287.04785 0.06367
5289.74219 0.03911
5292.43506 0.07506
5295.12305 0.07399
5297.81836 0.07294
5300.50928 0.05793
5303.20166 0.06870
5305.89258 0.06040
5308.58496 0.06165
5311.27783 0.06712
5313.97021 0.04925
5316.66309 0.06615
5319.35254 0.12860
5322.04541 0.07400
5324.73682 0.06811
5327.42969 0.06927
5330.12402 0.08562
5332.81396 0.06442
5335.50537 0.03937
5338.20068 0.05998
5340.88867 0.05820
5343.58057 0.05922
5346.27441 0.04777
5348.96338 0.08425
5351.65723 0.09413
5354.35156 0.06533
5357.04199 0.06120
5359.73047 0.05848
5362.42383 0.06893
5365.11816 0.06772
5367.80762 0.06233
5370.49902 0.08651
5373.19141 0.03998
5375.88818 0.06441
5378.58008 0.07857
5381.26807 0.05030
5383.95996 0.07879
5386.65332 0.06519
5389.34473 0.06337
5392.03760 0.04254
5394.72949 0.05243
5397.41895 0.05542
5400.11328 0.07244
5402.80273 0.06323
5405.49658 0.07043
5408.18848 0.07712
5410.88232 0.06819
5413.57422 0.05496
5416.26465 0.06383
5418.95605 0.03692
5421.64941 0.04473
5424.34326 0.05042
5427.03320 0.05152
5429.72412 0.04497
5432.41943 0.04531
5435.10986 0.03864
5437.80225 0.05879
5440.49219 0.06121
5443.18701 0.05684
5445.87695 0.05977
5448.56836 0.06228
5451.26123 0.06331
5453.95215 0.04045
5456.64453 0.06374
5459.33545 0.05642
5462.02734 0.05381
5464.72070 0.04414
5467.41211 0.07354
5470.10547 0.04352
5472.79688 0.06224
5475.48926 0.06237
5478.18018 0.06992
5480.87549 0.05286
5483.56592 0.08078
5486.25781 0.05736
5488.94824 0.08196
5491.64014 0.06362
5494.33594 0.06537
5497.02393 0.05713
5499.71680 0.06250
5502.40723 0.06520
5505.10254 0.05599
5507.79297 0.03060
5510.48438 0.05331
5513.17725 0.08136
5515.86865 0.08151
5518.55811 0.05998
5521.25195 0.05942
5523.94482 0.04776
5526.63525 0.05421
5529.32666 0.05985
5532.02002 0.05320
5534.71143 0.06141
5537.40723 0.06151
5540.09521 0.06247
5542.78711 0.06205
5545.48096 0.06530
5548.17334 0.07290
5550.86328 0.07255
5553.55469 0.05225
5556.24707 0.07598
5558.93848 0.08517
5561.63379 0.03712
5564.32715 0.06234
5567.01562 0.06390
5569.70557 0.05301
5572.39697 0.07609
5575.09277 0.05639
5577.78418 0.05959
5580.47607 0.05825
5583.16699 0.06409
5585.85840 0.07701
5588.55469 0.06403
5591.24268 0.06165
5593.93555 0.04367
5596.62598 0.06339
5599.32129 0.06463
5602.01465 0.07415
5604.70361 0.04931
5607.39600 0.03888
5610.09082 0.06874
5612.77979 0.07413
5615.47021 0.06222
5618.16211 0.04368
5620.85547 0.06724
5623.54639 0.05559
5626.23926 0.06683
5628.93066 0.05495
5631.62256 0.04318
5634.31592 0.05027
5637.00781 0.03959
5639.69775 0.07243
5642.39160 0.04790
5645.08447 0.05631
5647.77490 0.06151
5650.46631 0.05824
5653.15967 0.05020
5655.85449 0.05977
5658.54688 0.07817
5661.23438 0.07396
5663.92676 0.05951
5666.61719 0.05182
5669.31152 0.03040
5672.00439 0.04625
5674.69531 0.05631
5677.38770 0.05051
5680.07812 0.06494
5682.76953 0.03534
5685.46289 0.07550
5688.15674 0.03715
5690.84619 0.06086
5693.54004 0.06982
5696.23145 0.05870
5698.92480 0.05923
5701.61621 0.04100
5704.30859 0.05874
5707.00195 0.06988
5709.69385 0.05358
5712.38379 0.05847
5715.07520 0.06823
5717.76807 0.06389
5720.45850 0.07257
5723.15381 0.05751
5725.84375 0.04600
5728.53516 0.07921
5731.22754 0.06240
5733.92188 0.05017
5736.61035 0.10392
5739.30371 0.05559
5741.99512 0.03869
5744.68506 0.08144
5747.37891 0.06983
5750.07080 0.05049
5752.76074 0.05253
5755.45557 0.05170
5758.14795 0.06594
5760.83887 0.07244
5763.53076 0.03577
5766.22412 0.04519
5768.91211 0.08334
5771.60791 0.05751
5774.29883 0.07406
5776.99072 0.04459
5779.68066 0.05932
5782.37451 0.07360
5785.06738 0.05168
5787.75781 0.04514
5790.45020 0.04787
5793.14014 0.04540
5795.83398 0.04811
5798.52979 0.06559
5801.22070 0.05996
5803.90869 0.07107
5806.60205 0.06882
5809.29248 0.07486
5811.98535 0.05934
5814.67822 0.04713
5817.37061 0.06294
5820.06299 0.05669
5822.75391 0.07043
5825.44629 0.05851
5828.13623 0.06434
5830.83105 0.06917
5833.52051 0.06227
5836.21777 0.06108
5838.90625 0.07733
5841.59619 0.05064
5844.29102 0.03822
5846.97949 0.04147
5849.67676 0.06629
5852.36572 0.08175
5855.05469 0.08729
5857.74951 0.05489
5860.44141 0.05234
5863.13477 0.06728
5865.82324 0.05992
5868.51953 0.04883
5871.20654 0.05773
5873.90186 0.07654
5876.59521 0.06414
5879.28613 0.07299
5881.97510 0.06116
5884.67236 0.07449
5887.36377 0.05407
5890.05371 0.04688
5892.74756 0.07888
5895.43652 0.04218
5898.12988 0.06617
5900.82178 0.05778
5903.51025 0.06138
5906.20752 0.07403
5908.89648 0.04045
5911.58984 0.04343
5914.28027 0.07440
5916.97217 0.07826
5919.66650 0.06172
5922.35742 0.07193
5925.05029 0.02000
5927.74072 0.04686
5930.43311 0.08812
5933.12207 0.04385
5935.82031 0.07086
5938.51221 0.06561
5941.19873 0.06367
5943.89404 0.06599
5946.58350 0.05673
5949.27734 0.05024
5951.96533 0.04956
5954.66211 0.06857
5957.35596 0.08219
5960.04541 0.07184
5962.73535 0.06291
5965.42969 0.05028
5968.12256 0.06590
5970.81299 0.05865
5973.50781 0.06217
5976.19775 0.05406
5978.88867 0.08280
5981.58057 0.05140
5984.27393 0.04689
5986.96484 0.05336
5989.65771 0.07410
5992.35107 0.06546
5995.03955 0.05817
5997.73242 0.04759
6000.42627 0.07199
6003.11475 0.05908
6005.80762 0.05460
6008.50244 0.06407
6011.19092 0.06592
6013.88428 0.06094
6016.57861 0.05667
6019.26807 0.08867
6021.96191 0.07451
6024.65332 0.03766
6027.34668 0.07681
6030.04053 0.04527
6032.72949 0.05697
6035.42188 0.06204
6038.11328 0.07069
6040.80518 0.06400
6043.49512 0.03768
6046.18994 0.06339
6048.88281 0.06242
6051.57324 0.04472
6054.26465 0.04811
6056.95703 0.07015
6059.64795 0.06639
6062.33984 0.03944
6065.03320 0.07541
6067.72363 0.06172
6070.41602 0.04353
6073.10596 0.04704
6075.80029 0.05271
6078.49219 0.05438
6081.18652 0.01540
6083.87744 0.05481
6086.56689 0.07595
6089.26025 0.03466
6091.95215 0.06410
6094.64502 0.06492
6097.33545 0.05532
6100.02734 0.06160
6102.71680 0.06581
6105.41162 0.07249
6108.10693 0.05801
6110.79688 0.07251
6113.48730 0.02532
6116.18018 0.05025
6118.87354 0.06700
6121.56445 0.06835
6124.25732 0.02596
6126.94727 0.05750
6129.64209 0.04315
6132.33105 0.07760
6135.02197 0.04644
6137.71680 0.04759
6140.40967 0.06739
6143.10059 0.08321
6145.79492 0.06391
6148.48535 0.07112
6151.17578 0.07699
6153.87109 0.07161
6156.56104 0.06241
6159.25195 0.07913
6161.94385 0.05854
6164.63721 0.05709
6167.32520 0.06349
6170.02051 0.04896
6172.71045 0.05720
6175.40479 0.06936
6178.09424 0.07621
6180.78760 0.07140
6183.48193 0.05911
6186.17139 0.04746
6188.86523 0.06910
6191.55371 0.04719
6194.24609 0.05156
6196.93945 0.08088
6199.63135 0.04662
6202.32422 0.05984
6205.01807 0.07048
6207.70947 0.06315
6210.40186 0.05477
6213.09277 0.05552
6215.78467 0.04134
6218.47412 0.05033
6221.16797 0.06518
6223.85645 0.04872
6226.55322 0.07129
6229.24072 0.06443
6231.93604 0.07579
6234.62842 0.04839
6237.31982 0.05938
6240.01172 0.05518
6242.70117 0.06222
6245.39551 0.07874
6248.08789 0.07531
6250.77686 0.06662
6253.47168 0.06627
6256.16357 0.05937
6258.85352 0.05575
6261.54736 0.05912
6264.24023 0.05590
6266.92969 0.05927
6269.62402 0.06974
6272.31641 0.05748
6275.00635 0.05018
6277.69727 0.05096
6280.39258 0.08255
6283.07959 0.06651
6285.77734 0.07790
6288.46924 0.04910
6291.15918 0.05661
6293.85010 0.06890
6296.54248 0.06339
6299.23584 0.06010
6301.92969 0.04145
6304.61523 0.05926
6307.30859 0.06786
6310.00342 0.05428
6312.69531 0.07742
6315.38525 0.06486
6318.07959 0.06133
6320.76855 0.07177
6323.46191 0.05582
6326.15576 0.06135
6328.84814 0.05569
6331.53760 0.02881
6334.22900 0.04505
6336.92090 0.08139
6339.61377 0.08095
6342.30518 0.05598
6345.00049 0.08904
6347.69336 0.06162
6350.38428 0.04909
6353.07275 0.05432
6355.76562 0.05204
6358.45605 0.06083
6361.14795 0.07199
6363.84131 0.06788
6366.53223 0.04032
6369.22754 0.06561
6371.91699 0.04491
6374.61084 0.05606
6377.30273 0.04194
6379.99512 0.05331
6382.68604 0.06416
6385.37744 0.06758
6388.06982 0.05994
6390.76367 0.06149
6393.45605 0.06378
6396.14844 0.04624
6398.83838 0.06740
6401.52979 0.05094
6404.22266 0.04950
6406.91260 0.04686
6409.60400 0.06477
6412.29639 0.07376
6414.98975 0.05207
6417.68115 0.06931
6420.37305 0.04940
6423.06641 0.04127
6425.75781 0.05448
6428.45312 0.06827
6431.14307 0.04327
6433.83350 0.06428
6436.52539 0.06949
6439.21875 0.06998
6441.90967 0.06252
6444.59766 0.05558
6447.29395 0.07482
6449.98828 0.05598
6452.68018 0.06744
6455.36963 0.10198
6458.05957 0.05456
6460.75146 0.05742
6463.44336 0.06289
6466.13721 0.04725
6468.82861 0.07719
6471.52148 0.04347
6474.21436 0.04184
6476.90576 0.06736
6479.59766 0.04880
6482.28809 0.05120
6484.97852 0.05539
6487.67432 0.03395
6490.36719 0.07712
6493.05469 0.03516
6495.75293 0.05673
6498.44238 0.03280
6501.13330 0.06244
6503.82129 0.05170
6506.51758 0.05299
6509.21094 0.06386
6511.89893 0.04647
6514.59473 0.04974
6517.28516 0.05769
6519.97607 0.06968
6522.67236 0.05725
6525.36133 0.05349
6528.05225 0.07384
6530.74805 0.04870
6533.43750 0.04755
6536.13135 0.02977
6538.82324 0.06265
6541.51270 0.06820
6544.20654 0.05427
6546.89404 0.06479
6549.59082 0.06288
6552.28076 0.07305
6554.96826 0.05559
6557.66406 0.04138
6560.35400 0.05308
6563.05176 0.05409
6565.73975 0.06891
6568.43311 0.06524
6571.12402 0.06276
6573.81934 0.06296
6576.50830 0.06039
6579.20264 0.04949
6581.88965 0.05444
6584.58643 0.04882
6587.27588 0.05880
6589.97119 0.06069
6592.66309 0.04005
6595.35645 0.04452
6598.04297 0.05936
6600.73877 0.03685
6603.42822 0.04276
6606.12207 0.06126
6608.80957 0.06781
6611.50244 0.07352
6614.20020 0.06572
6616.88770 0.04103
6619.57959 0.05782
6622.26953 0.06979
6624.96387 0.07446
6627.65527 0.05829
6630.34863 0.06159
6633.03955 0.04882
6635.73047 0.05065
6638.42334 0.04586
6641.11719 0.05472
6643.80811 0.05338
6646.49658 0.06570
6649.19385 0.05104
6651.88477 0.06259
6654.57666 0.05447
6657.26904 0.05457
6659.95605 0.03287
6662.65137 0.05128
6665.34375 0.08544
6668.03760 0.07862
6670.72510 0.05492
6673.42090 0.06176
6676.11426 0.04859
6678.80518 0.07898
6681.49609 0.05945
6684.18945 0.05143
6686.87939 0.05120
6689.57080 0.06516
6692.26367 0.07025
6694.95703 0.06748
6697.64795 0.04565
6700.34033 0.03914
6703.02930 0.03607
6705.72363 0.06923
6708.41455 0.05913
6711.10791 0.06138
6713.80127 0.03001
6716.48877 0.05170
6719.18457 0.03523
6721.87451 0.05493
6724.56543 0.06909
6727.26074 0.08331
6729.95312 0.07256
6732.64697 0.06325
6735.33447 0.05448
6738.02734 0.05234
6740.72070 0.06561
6743.41113 0.05744
6746.10303 0.03584
6748.79639 0.03798
6751.48633 0.05235
6754.18164 0.06662
6756.87451 0.04927
6759.56445 0.09018
6762.25879 0.06383
6764.94678 0.06303
6767.63623 0.06223
6770.33008 0.05212
6773.02148 0.05742
6775.71436 0.05545
6778.40430 0.05464
6781.09863 0.05816
6783.79102 0.06873
6786.47998 0.07016
6789.17480 0.07572
6791.86621 0.05677
6794.55859 0.05705
6797.24854 0.04413
6799.93945 0.07973
6802.63525 0.07378
6805.32471 0.05793
6808.01855 0.04047
6810.71387 0.07513
6813.40674 0.07091
6816.09668 0.07645
6818.78711 0.06366
6821.47998 0.07028
6824.16846 0.04326
6826.86328 0.06472
6829.55469 0.03207
6832.24707 0.06232
6834.93701 0.06729
6837.63184 0.06589
6840.32373 0.06027
6843.01660 0.05741
6845.70703 0.05908
6848.40186 0.05826
6851.09033 0.04006
6853.78418 0.06094
6856.47119 0.06966
6859.16650 0.06012
6861.85938 0.03972
6864.54980 0.06271
6867.24072 0.06722
6869.93311 0.07869
6872.62695 0.06117
6875.32080 0.05820
6878.01270 0.05624
6880.70557 0.05816
6883.39551 0.05853
6886.08984 0.04956
6888.78174 0.03914
6891.47217 0.06384
6894.16211 0.05314
6896.85352 0.06768
6899.54590 0.04536
6902.23584 0.03244
6904.93066 0.05748
6907.62256 0.06519
6910.31201 0.05169
6913.00586 0.02614
6915.69629 0.06248
6918.39307 0.07586
6921.08252 0.05693
6923.77295 0.04083
6926.46826 0.05727
6929.15723 0.05671
6931.84717 0.02895
6934.54541 0.07000
6937.23438 0.05552
6939.92383 0.07621
6942.61768 0.05047
6945.30908 0.07180
6948.00098 0.04729
6950.69824 0.03915
6953.38574 0.07041
6956.08057 0.05713
6958.76953 0.05286
6961.46338 0.05123
6964.15820 0.06250
6966.84668 0.04261
6969.53955 0.05387
6972.22998 0.04905
6974.92139 0.06965
6977.61328 0.04946
6980.30664 0.04636
6982.99707 0.06196
6985.68945 0.07003
6988.38574 0.07311
6991.07178 0.07555
6993.76660 0.05396
6996.45850 0.04339
6999.15186 0.07812
7001.84180 0.06456
7004.53662 0.04529
7007.22510 0.06320
7009.91846 0.04341
7012.60889 0.07753
7015.30420 0.04656
7017.99316 0.05668
7020.68652 0.08561
7023.37695 0.07246
7026.06885 0.07166
7028.76172 0.08312
7031.45166 0.05399
7034.14307 0.06864
7036.83887 0.07969
7039.53223 0.07182
7042.22217 0.05825
7044.91357 0.05017
7047.60205 0.05733
7050.29883 0.05226
7052.98926 0.06359
7055.68066 0.05297
7058.37354 0.05901
7061.06348 0.05742
7063.75781 0.06361
7066.44922 0.05164
7069.14258 0.06747
7071.83252 0.05023
7074.52344 0.07200
7077.21533 0.03681
7079.91162 0.06911
7082.59863 0.06093
7085.29297 0.05113
7087.98584 0.05916
7090.67432 0.06068
7093.36914 0.04537
7096.06055 0.06963
7098.75293 0.07537
7101.44238 0.05798
7104.13623 0.08420
7106.83203 0.03998
7109.52100 0.06092
7112.21436 0.04845
7114.90869 0.06890
7117.60107 0.07063
7120.28955 0.05780
7122.98291 0.04674
7125.67432 0.03884
7128.36523 0.06018
7131.05469 0.03342
7133.74463 0.03517
7136.44336 0.05518
7139.13525 0.06437
7141.82471 0.04989
7144.51465 0.03217
7147.20996 0.05943
7149.89795 0.04253
7152.59521 0.06929
7155.28516 0.05143
7157.97656 0.02810
7160.66504 0.04057
7163.36182 0.06747
7166.05273 0.03923
7168.74365 0.08515
7171.44043 0.04811
7174.12598 0.02904
7176.81641 0.06382
7179.51172 0.05275
7182.20459 0.03292
7184.89746 0.05032
7187.58838 0.06938
7190.27979 0.04233
7192.97217 0.07184
7195.66553 0.06750
7198.35254 0.05808
7201.04443 0.04439
7203.73682 0.07362
7206.43408 0.07062
7209.12500 0.06937
7211.81689 0.05281
7214.50928 0.06550
7217.19922 0.05630
7219.89404 0.04180
7222.58594 0.05167
7225.27490 0.04763
7227.96875 0.05545
7230.66309 0.06218
7233.35059 0.05617
7236.04395 0.07366
7238.73389 0.04674
7241.42871 0.06090
7244.12061 0.04230
7246.81299 0.03743
7249.50732 0.06410
7252.19385 0.03923
7254.88965 0.02387
7257.58252 0.03080
7260.27246 0.03434
7262.96289 0.02034
7265.65527 0.03806
7268.34814 0.06223
7271.03760 0.04986
7273.73291 0.04137
7276.42480 0.07075
7279.11377 0.02652
7281.80762 0.04982
7284.50244 0.03301
7287.19434 0.06387
7289.88281 0.06938
7292.57666 0.05526
7295.26758 0.04538
7297.95947 0.05419
7300.65234 0.05316
7303.34229 0.06636
7306.03662 0.01941
7308.73242 0.06797
7311.42139 0.04449
7314.11133 0.04099
7316.80225 0.05929
7319.49316 0.04065
7322.18652 0.04767
7324.87988 0.04826
7327.57080 0.03946
7330.26270 0.05927
7332.95508 0.04740
7335.64453 0.08070
7338.33936 0.03919
7341.03125 0.02422
7343.72363 0.08519
7346.41699 0.05537
7349.10791 0.05799
7351.79883 0.34307
7354.49170 0.07607
7357.18115 0.03052
7359.87158 0.08692
7362.56689 0.07003
7365.25977 0.06484
7367.94824 0.03610
7370.64307 0.03927
7373.33447 0.04480
7376.02686 0.06714
7378.72021 0.03688
7381.41016 0.07858
7384.10547 0.06597
7386.79346 0.06157
7389.48682 0.05484
7392.18066 0.05267
7394.87158 0.05505
7397.56396 0.05810
7400.25684 0.06836
7402.94678 0.04144
7405.63721 0.06538
7408.32910 0.06700
7411.02197 0.05507
7413.71191 0.07326
7416.40674 0.05515
7419.09863 0.07342
7421.78711 0.06049
7424.48535 0.04284
7427.17578 0.06793
7429.86719 0.07138
7432.55957 0.02654
7435.24902 0.08175
7437.94385 0.06141
7440.63525 0.06123
7443.32715 0.05888
7446.02051 0.05659
7448.71094 0.05127
7451.40625 0.03546
7454.09424 0.06481
7456.78711 0.05495
7459.47705 0.06636
7462.17236 0.03753
7464.86426 0.06316
7467.55273 0.04148
7470.24658 0.02871
7472.93750 0.03639
7475.62939 0.06279
7478.32227 0.04800
7481.01514 0.05399
7483.70605 0.04576
7486.39746 0.05448
7489.08984 0.04877
7491.78320 0.05475
7494.47412 0.07606
7497.16504 0.03483
7499.85742 0.07073
7502.55078 0.04177
7505.24072 0.03334
7507.93506 0.06594
7510.62305 0.03632
7513.32031 0.03680
7516.01025 0.07548
7518.70117 0.06162
7521.39258 0.06337
7524.08496 0.06040
7526.77881 0.03974
7529.46924 0.06847
7532.16504 0.04981
7534.85303 0.08354
7537.54639 0.07529
7540.24072 0.06536
7542.93164 0.07917
7545.62354 0.04472
7548.31299 0.06897
7551.00684 0.07547
7553.69727 0.05155
7556.38965 0.06120
7559.08203 0.06809
7561.77539 0.05589
7564.46582 0.03798
7567.15723 0.07628
7569.85010 0.03720
7572.54346 0.05131
7575.23340 0.03074
7577.92871 0.05648
7580.61670 0.06363
7583.31006 0.07466
7586.00391 0.04734
7588.69434 0.07077
7591.38672 0.04792
7594.07910 0.02967
7596.76465 0.03631
7599.45898 0.05140
7602.15430 0.05040
7604.84717 0.04448
7607.53564 0.04524
7610.23047 0.03741
7612.92578 0.02957
7615.61279 0.03167
7618.30176 0.05415
7620.99561 0.04920
7623.69043 0.06557
7626.37744 0.05156
7629.07031 0.03822
7631.76416 0.04111
7634.45801 0.03862
7637.14941 0.04801
7639.83740 0.05025
7642.53076 0.03502
7645.22852 0.04018
7647.91943 0.04522
7650.60742 0.05694
7653.29980 0.09070
7655.99316 0.05258
7658.68408 0.08597
7661.37549 0.05928
7664.07178 0.05791
7666.76074 0.05340
7669.45068 0.04807
7672.14600 0.07369
7674.83789 0.05761
7677.53027 0.02986
7680.21973 0.08038
7682.91455 0.04305
7685.60205 0.04882
7688.29443 0.03103
7690.99170 0.05039
7693.67725 0.05615
7696.37256 0.05330
7699.06445 0.04304
7701.75781 0.06140
7704.44678 0.03838
7707.14160 0.04929
7709.83301 0.04402
7712.52539 0.04647
7715.21436 0.06664
7717.90869 0.07295
7720.59961 0.03240
7723.29541 0.06034
7725.98438 0.06925
7728.67822 0.07631
7731.36865 0.06927
7734.06006 0.03968
7736.75195 0.05827
7739.44531 0.07915
7742.13525 0.07546
7744.83057 0.03645
7747.52246 0.07315
7750.21533 0.06961
7752.90479 0.05340
7755.59912 0.04289
7758.29053 0.05087
7760.97852 0.04642
7763.67578 0.07370
7766.36572 0.06931
7769.05664 0.01087
7771.74854 0.05603
7774.44092 0.03981
7777.13037 0.05993
7779.82520 0.06903
7782.52051 0.06235
7785.20850 0.05934
7787.90088 0.05178
7790.59473 0.06644
7793.28174 0.03530
7795.97314 0.03678
7798.66553 0.08086
7801.35889 0.03331
7804.04883 0.04786
7806.74414 0.06726
7809.43604 0.04748
7812.12891 0.04554
7814.81836 0.06584
7817.51318 0.05618
7820.20459 0.07484
7822.89648 0.05868
7825.58545 0.01635
7828.27539 0.04322
7830.97070 0.05918
7833.66650 0.03291
7836.35938 0.06472
7839.04785 0.05893
7841.73877 0.05925
7844.42920 0.03044
7847.12109 0.03644
7849.81836 0.03261
7852.50781 0.05112
7855.20312 0.06001
7857.88965 0.06379
7860.58252 0.05228
7863.27490 0.06742
7865.96484 0.06285
7868.66016 0.05916
7871.35156 0.05649
7874.04053 0.04045
7876.73340 0.04491
7879.42822 0.06471
7882.11914 0.05491
7884.81104 0.06338
7887.49951 0.06471
7890.19727 0.05316
7892.88818 0.04805
7895.57959 0.05711
7898.27148 0.03932
7900.96484 0.07198
7903.65430 0.05795
7906.34912 0.06048
7909.03613 0.05830
7911.73340 0.04442
7914.42676 0.04404
7917.11670 0.05850
7919.80713 0.06908
7922.49854 0.04421
7925.19189 0.04486
7927.88037 0.05354
7930.57520 0.06349
7933.26660 0.04172
7935.95410 0.05582
7938.65576 0.05983
7941.34521 0.05798
7944.03516 0.04947
7946.72656 0.02423
7949.41895 0.02703
7952.10791 0.06109
7954.80566 0.05873
7957.49609 0.05206
7960.18359 0.03105
7962.88037 0.05570
7965.56885 0.04361
7968.26367 0.06779
7970.95410 0.05260
7973.64551 0.06591
7976.33838 0.04143
7979.03125 0.05828
7981.72168 0.04118
7984.41211 0.05473
7987.10400 0.05750
7989.80127 0.06494
7992.49463 0.03131
7995.18066 0.06029
7997.87598 0.05195
8000.56348 0.05788
8003.26074 0.05625
8005.94971 0.08333
8008.64453 0.04248
8011.33594 0.07717
8014.02783 0.05281
8016.72119 0.05764
8019.41064 0.05426
8022.10498 0.03700
8024.79639 0.06646
8027.48438 0.04458
8030.17725 0.03954
8032.87549 0.06463
8035.56152 0.06195
8038.25293 0.05830
8040.94580 0.05850
8043.63916 0.05782
8046.32812 0.04828
8049.02344 0.07320
8051.71045 0.06516
8054.40674 0.07272
8057.09619 0.05212
8059.79492 0.04226
8062.48096 0.05033
8065.17676 0.04835
8067.86475 0.04777
8070.56250 0.05289
8073.24805 0.03992
8075.94336 0.06275
8078.63477 0.06793
8081.32715 0.02908
8084.02051 0.05314
8086.71045 0.05981
8089.40137 0.03136
8092.09277 0.06584
8094.79004 0.03279
8097.47852 0.05181
8100.16846 0.03912
8102.85938 0.08734
8105.55566 0.04205
8108.24756 0.07252
8110.94189 0.05023
8113.63184 0.07429
8116.32715 0.07691
8119.01855 0.06500
8121.70654 0.07215
8124.40430 0.06536
8127.08984 0.05586
8129.78076 0.03661
8132.47217 0.04387
8135.16016 0.02168
8137.85352 0.05976
8140.55273 0.06073
8143.24365 0.05237
8145.93066 0.06163
8148.62744 0.06245
8151.31689 0.06173
8154.00684 0.03363
8156.70605 0.05757
8159.39795 0.05482
8162.09082 0.05798
8164.77490 0.05427
8167.46924 0.03800
8170.15527 0.05753
8172.85596 0.06104
8175.53955 0.07547
8178.24170 0.04903
8180.93164 0.06887
8183.62646 0.07988
8186.30908 0.04940
8189.00195 0.03745
8191.69971 0.04855
8194.38867 0.03785
8197.08008 0.04690
8199.77148 0.06685
8202.46387 0.05313
8205.15723 0.06353
8207.84668 0.05120
8210.54199 0.02315
8213.23340 0.05308
8215.91992 0.04766
8218.61816 0.05819
8221.30273 0.04028
8224.00195 0.05394
8226.69336 0.06000
8229.38574 0.04749
8232.07422 0.03551
8234.76855 0.04021
8237.46387 0.04224
8240.15430 0.05315
8242.85059 0.04216
8245.53906 0.06245
8248.22363 0.06069
8250.91406 0.05085
8253.60938 0.05839
8256.30176 0.05216
8258.99414 0.06480
8261.69238 0.05802
8264.38281 0.07257
8267.06836 0.05789
8269.76953 0.09027
8272.45801 0.05077
8275.15137 0.04180
8277.84082 0.03728
8280.53613 0.05292
8283.22754 0.27230
8285.91602 0.02673
8288.60449 0.06790
8291.30273 0.04414
8293.99414 0.05455
8296.68066 0.05054
8299.37305 0.06232
8302.07031 0.05607
8304.75586 0.03545
8307.45020 0.04193
8310.14648 0.05242
8312.84277 0.06440
8315.53125 0.06121
8318.22461 0.06152
8320.91504 0.05680
8323.60156 0.04456
8326.29395 0.07122
8328.98633 0.02936
8331.67969 0.04687
8334.37402 0.05938
8337.06055 0.05986
8339.75684 0.05279
8342.44434 0.05965
8345.13379 0.05079
8347.83203 0.04716
8350.52246 0.05906
8353.21875 0.04822
8355.91113 0.06500
8358.59473 0.04660
8361.28809 0.04300
8363.98828 0.06069
8366.67480 0.05009
8369.36230 0.05131
8372.06445 0.07084
8374.75391 0.05572
8377.44336 0.05747
8380.13867 0.03906
8382.82129 0.05474
8385.51855 0.06035
8388.21680 0.06538
8390.90625 0.04938
8393.59180 0.05984
8396.29297 0.06826
8398.98047 0.06871
8401.67383 0.05127
8404.36816 0.06166
8407.05762 0.03424
8409.74512 0.04514
8412.44141 0.06000
8415.12500 0.05442
8417.82324 0.06387
8420.51758 0.06549
8423.20898 0.05348
8425.90039 0.04770
8428.58887 0.06064
8431.28223 0.06026
8433.97559 0.04755
8436.66211 0.04270
8439.35742 0.05118
8442.04590 0.05472
8444.74805 0.04350
8447.43750 0.05643
8450.12695 0.04719
8452.81836 0.05358
8455.51074 0.03786
8458.20312 0.05218
8460.89648 0.06028
8463.59082 0.06048
8466.27734 0.05374
8468.97266 0.05436
8471.66113 0.05068
8474.35449 0.07201
8477.04785 0.03418
8479.73828 0.05937
8482.42969 0.06202
8485.12598 0.03853
8487.80957 0.04866
8490.51270 0.05379
8493.19824 0.05433
8495.88867 0.05349
8498.58496 0.04149
8501.27246 0.06119
8503.97070 0.04865
8506.66016 0.06387
8509.34570 0.05193
8512.04199 0.05744
8514.73828 0.08427
8517.42676 0.07691
8520.11621 0.07519
8522.81055 0.05193
8525.50586 0.06432
8528.19727 0.04462
8530.88477 0.03862
8533.57812 0.04539
8536.26758 0.03179
8538.96289 0.04612
8541.65918 0.07335
8544.35059 0.06040
8547.03906 0.05738
8549.73340 0.06391
8552.42188 0.05552
8555.11816 0.05848
8557.80078 0.02694
8560.49219 0.04337
8563.19043 0.04506
8565.88477 0.06180
8568.57031 0.03278
8571.26660 0.05800
8573.96289 0.03855
8576.65039 0.04752
8579.34375 0.05932
8582.03418 0.06692
8584.72461 0.04892
8587.41602 0.03055
8590.10840 0.05005
8592.80176 0.03258
8595.49512 0.05570
8598.18066 0.03716
8600.88086 0.05033
8603.57324 0.06204
8606.26172 0.03523
8608.95410 0.05183
8611.64941 0.05009
8614.33887 0.05279
8617.03027 0.05451
8619.72266 0.05350
8622.41602 0.02938
8625.10449 0.04915
8627.79883 0.04838
8630.49512 0.05479
8633.18164 0.07455
8635.87891 0.04812
8638.56250 0.07053
8641.25684 0.04884
8643.95117 0.05391
8646.64258 0.04647
8649.33984 0.05483
8652.02246 0.05232
8654.71582 0.05833
8657.40527 0.06808
8660.10059 0.05241
8662.79199 0.05233
8665.48926 0.04147
8668.18164 0.06099
8670.87109 0.05704
8673.56641 0.04136
8676.25684 0.04999
8678.94336 0.05604
8681.64551 0.03115
8684.33398 0.03843
8687.02832 0.05833
8689.71777 0.04172
8692.40430 0.05361
8695.09570 0.04802
8697.79297 0.04187
8700.48145 0.02603
8703.17090 0.05531
8705.86621 0.04383
8708.55762 0.04222
8711.25000 0.04376
8713.94238 0.06024
8716.63184 0.02629
8719.33105 0.06585
8722.01172 0.07297
8724.70801 0.02896
8727.40039 0.05001
8730.09375 0.06062
8732.78711 0.05267
8735.47266 0.05886
8738.16797 0.06355
8740.85449 0.05826
8743.55176 0.04374
8746.24023 0.05115
8748.93848 0.07061
8751.62988 0.08180
8754.32031 0.04144
8757.01172 0.05010
8759.70898 0.05812
8762.39844 0.05318
8765.09180 0.03922
8767.78223 0.04391
8770.47754 0.04386
8773.16504 0.04671
8775.85352 0.05458
8778.55078 0.05279
8781.23633 0.03625
8783.93652 0.03031
8786.62695 0.06688
8789.31445 0.05905
8792.00684 0.02223
8794.70117 0.06378
8797.39062 0.03901
8800.08594 0.05971
8802.78223 0.05269
8805.46484 0.03942
8808.16211 0.05067
8810.85156 0.07360
8813.54590 0.04358
8816.23730 0.04890
8818.93262 0.06584
8821.62012 0.07730
8824.31348 0.05103
8827.00781 0.04959
8829.69727 0.05262
8832.38770 0.05697
8835.08398 0.04909
8837.77148 0.07761
8840.45996 0.06025
8843.15820 0.06943
8845.85352 0.05994
8848.53906 0.05280
8851.23047 0.06245
8853.92773 0.05786
8856.62109 0.05585
8859.30566 0.04199
8862.00098 0.05464
8864.69141 0.04947
8867.38770 0.04707
8870.07520 0.02298
8872.76855 0.04753
8875.45801 0.05605
8878.15234 0.04458
8880.84277 0.05090
8883.53516 0.05131
8886.23242 0.05860
8888.91992 0.04252
8891.61914 0.04399
8894.29980 0.05869
8896.99023 0.05849
8899.69238 0.03716
8902.38379 0.02852
8905.07324 0.07361
8907.76660 0.03892
8910.45703 0.04370
8913.14746 0.04575
8915.83984 0.05842
8918.53223 0.02764
8921.21973 0.05342
8923.91406 0.06047
8926.60938 0.06187
8929.30469 0.05301
8931.99707 0.06580
8934.68848 0.02888
8937.37695 0.05697
8940.07129 0.05731
8942.75586 0.03617
8945.45215 0.05177
8948.14355 0.05338
8950.84082 0.04988
8953.52930 0.06533
8956.21289 0.05580
8958.90820 0.03809
8961.59863 0.04209
8964.29004 0.04810
8966.98730 0.07553
8969.68066 0.05545
8972.37402 0.03882
8975.06445 0.07946
8977.75977 0.06831
8980.44629 0.05320
8983.13379 0.05762
8985.82617 0.06017
8988.52051 0.07444
8991.21973 0.03590
8993.90527 0.04433
8996.59668 0.06194
8999.29395 0.08360
9001.98242 0.04124
9004.67578 0.04938
9007.36523 0.04236
9010.06055 0.05426
9012.75195 0.03143
9015.44434 0.05752
9018.13672 0.04317
9020.83105 0.05840
9023.51465 0.05916
9026.20996 0.04044
9028.89648 0.02779
9031.59277 0.04309
9034.29004 0.03968
9036.97949 0.05107
9039.66895 0.06624
9042.35840 0.04563
9045.05469 0.06298
9047.74609 0.05141
9050.43848 0.04361
9053.12695 0.03851
9055.82129 0.05463
9058.51660 0.05630
9061.20215 0.04196
9063.89844 0.05826
9066.58594 0.04307
9069.28418 0.02563
9071.97266 0.05821
9074.66797 0.03595
9077.36328 0.05741
9080.05469 0.06068
9082.74707 0.03772
9085.43457 0.03092
9088.12891 0.06367
9090.82324 0.04559
9093.51367 0.03511
9096.19922 0.06566
9098.89648 0.03981
9101.58887 0.04189
9104.27832 0.03117
9106.97266 0.03154
9109.66309 0.05837
9112.35840 0.03349
9115.04004 0.06106
9117.73828 0.04058
9120.43555 0.05387
9123.12500 0.06293
9125.81543 0.05231
9128.51074 0.03013
9131.20215 0.06396
9133.88965 0.06394
9136.58203 0.06691
9139.27637 0.04532
9141.96680 0.03766
9144.65625 0.05437
9147.35254 0.06645
9150.04980 0.05654
9152.73340 0.07161
9155.42090 0.04893
9158.12109 0.04658
9160.81055 0.04506
9163.50195 0.02774
9166.19922 0.03596
9168.89160 0.05968
9171.58496 0.03636
9174.26855 0.06299
9176.96387 0.03189
9179.64844 0.04845
9182.35059 0.03914
9185.03809 0.05048
9187.73633 0.06585
9190.42480 0.06946
9193.11426 0.03967
9195.80957 0.04446
9198.50098 0.04353
9201.19238 0.04788
9203.88086 0.01626
9206.57422 0.01689
9209.27344 0.04400
9211.95801 0.04502
9214.64941 0.03449
9217.34570 0.04906
9220.03320 0.05169
9222.72656 0.06256
9225.41992 0.02396
9228.10938 0.05156
9230.80078 0.05102
9233.50195 0.04038
9236.18359 0.04061
9238.88184 0.06183
9241.56543 0.03702
9244.26953 0.06632
9246.95410 0.07003
9249.64551 0.02520
9252.33203 0.04993
9255.02930 0.04158
9257.71777 0.07002
9260.41113 0.06069
9263.10645 0.04861
9265.80176 0.04130
9268.48828 0.04898
9271.18555 0.03443
9273.87305 0.03830
9276.56152 0.04244
9279.26172 0.05838
9281.95117 0.06171
9284.64160 0.04912
9287.33301 0.05665
9290.02539 0.03465
9292.72461 0.04371
9295.40820 0.03775
9298.10352 0.04433
9300.79297 0.05940
9303.48438 0.06339
9306.17090 0.07045
9308.87402 0.05006
9311.56348 0.01339
9314.25195 0.05853
9316.94727 0.02913
9319.63770 0.06441
9322.33008 0.04367
9325.02148 0.04054
9327.71484 0.03179
9330.40918 0.04391
9333.09863 0.04428
9335.79395 0.04122
9338.47949 0.03479
9341.17188 0.05900
9343.86426 0.03064
9346.55762 0.06354
9349.24707 0.06918
9351.93652 0.03996
9354.63770 0.03178
9357.32910 0.04365
9360.01562 0.06295
9362.71387 0.04428
9365.39746 0.05789
9368.09766 0.04580
9370.78711 0.05161
9373.47754 0.05622
9376.16992 0.06759
9378.85742 0.04204
9381.55469 0.04253
9384.24414 0.05858
9386.94434 0.03793
9389.62402 0.08319
9392.32520 0.05772
9395.00684 0.06131
9397.70508 0.04061
9400.39844 0.07536
9403.08203 0.06701
9405.77734 0.04295
9408.47266 0.03344
9411.16992 0.04534
9413.85156 0.05006
9416.54980 0.03526
9419.23828 0.04405
9421.93848 0.03753
9424.62305 0.04454
9427.32422 0.05839
9430.00977 0.06454
9432.70312 0.04681
9435.39648 0.06068
9438.08496 0.04051
9440.77930 0.06589
9443.46973 0.05378
9446.15527 0.03094
9448.85156 0.05673
9451.54492 0.03235
9454.23828 0.04465
9456.92676 0.05168
9459.62695 0.06212
9462.31250 0.06588
9465.00293 0.06122
9467.68945 0.04668
9470.38770 0.03689
9473.08203 0.05742
9475.77051 0.04340
9478.45996 0.04843
9481.15625 0.04661
9483.84766 0.06305
9486.54004 0.04941
9489.23242 0.04407
9491.92090 0.02952
9494.62109 0.04572
9497.31055 0.05376
9500.00195 0.04746
9502.68750 0.05020
9505.38477 0.04857
9508.07324 0.03590
9510.76660 0.04425
9513.46582 0.04538
9516.14648 0.03021
9518.84766 0.04102
9521.52832 0.04164
9524.23145 0.05658
9526.91895 0.06443
9529.60742 0.04966
9532.30762 0.02704
9534.99805 0.04796
9537.69336 0.04439
9540.38477 0.03583
9543.06738 0.03714
9545.76562 0.05181
9548.45410 0.02713
9551.14355 0.05594
9553.84473 0.05824
9556.52539 0.03153
9559.22754 0.04686
9561.91992 0.04855
9564.60840 0.03768
9567.29688 0.05178
9569.99121 0.04846
9572.68164 0.04948
9575.37793 0.05596
9578.07520 0.05911
9580.75781 0.03113
9583.45117 0.05813
9586.14453 0.03217
9588.83398 0.03671
9591.52441 0.05574
9594.21582 0.05028
9596.91309 0.02633
9599.60547 0.04665
9602.29883 0.05186
9604.98730 0.04871
9607.67676 0.02115
9610.37305 0.04997
9613.06445 0.04858
9615.75000 0.05029
9618.44824 0.04568
9621.13574 0.05093
9623.83105 0.03722
9626.52539 0.06107
9629.21484 0.06852
9631.90137 0.04507
9634.59277 0.05860
9637.29102 0.05600
9639.98438 0.05164
9642.67285 0.03702
9645.36816 0.01764
9648.05859 0.03025
9650.75391 0.04727
9653.44141 0.04164
9656.13867 0.06152
9658.82715 0.06527
9661.52051 0.05534
9664.20508 0.06627
9666.90137 0.02918
9669.59180 0.04002
9672.28906 0.04149
9674.97559 0.05667
9677.67383 0.03942
9680.36328 0.04663
9683.05762 0.03776
9685.74805 0.04811
9688.43848 0.04742
9691.13086 0.08574
9693.82227 0.05207
9696.51074 0.03520
9699.20508 0.04444
9701.89355 0.04262
9704.58887 0.07536
9707.28027 0.03476
9709.97754 0.03327
9712.66406 0.05630
9715.35742 0.05820
9718.05078 0.05676
9720.74023 0.05587
9723.42969 0.03181
9726.13184 0.03959
9728.82324 0.05038
9731.50977 0.06178
9734.20312 0.03613
9736.89648 0.03755
9739.59082 0.05510
9742.28613 0.04308
9744.97070 0.03012
9747.66797 0.03485
9750.34863 0.05475
9753.04785 0.04668
9755.73535 0.02929
9758.42383 0.05928
9761.12500 0.06108
9763.81543 0.04313
9766.50684 0.04655
9769.20410 0.06071
9771.89062 0.06295
9774.58496 0.04677
9777.26855 0.04328
9779.96289 0.06125
9782.66406 0.05970
9785.34961 0.04191
9788.04688 0.04562
9790.73828 0.06923
9793.42676 0.02880
9796.11523 0.05806
9798.80957 0.03304
9801.50488 0.06421
9804.18555 0.05719
9806.88281 0.04467
9809.57422 0.00997
9812.27344 0.06769
9814.95605 0.04405
9817.65527 0.04142
9820.35059 0.05102
9823.04199 0.04449
9825.72656 0.01894
9828.41992 0.05357
9831.11719 0.02488
9833.81055 0.03971
9836.50000 0.03343
9839.19531 0.05610
9841.88574 0.01863
9844.57129 0.04491
9847.26270 0.03737
9849.96094 0.02444
9852.64844 0.06691
9855.34277 0.06789
9858.03223 0.05994
9860.72168 0.03963
9863.41309 0.05832
9866.10938 0.05061
9868.80176 0.06930
9871.49414 0.03213
9874.18848 0.04723
9876.87207 0.07267
9879.56738 0.04132
9882.26367 0.04125
9884.95410 0.05262
9887.64160 0.02731
9890.32910 0.04328
9893.02734 0.07231
9895.71582 0.03747
9898.40527 0.05020
9901.10156 0.05076
9903.80273 0.03969
9906.48926 0.06309
9909.18164 0.05989
9911.87500 0.03485
9914.56836 0.04647
9917.26270 0.04204
9919.94727 0.06352
9922.64355 0.04888
9925.33008 0.06594
9928.02148 0.06827
9930.71973 0.03316
9933.40820 0.05385
9936.09668 0.04489
9938.79102 0.05946
9941.48242 0.05159
9944.17285 0.04466
9946.87012 0.03816
9949.56836 0.06302
9952.25000 0.04059
9954.95020 0.03172
9957.63379 0.06439
9960.32910 0.03045
9963.01953 0.05032
9965.70508 0.04818
9968.40820 0.01988
9971.09570 0.06916
9973.78906 0.03212
9976.48340 0.06213
9979.17871 0.04311
9981.86816 0.04210
9984.55469 0.03330
9987.24609 0.04669
9989.94336 0.03026
9992.63184 0.03849
9995.32520 0.06399
9998.01953 0.04748
10000.70996 0.05243
10003.39551 0.05633
10006.09668 0.06961
10008.78906 0.04295
10011.47656 0.04865
10014.16992 0.04901
10016.85840 0.03036
10019.55371 0.06162
10022.24902 0.04047
10024.93457 0.06877
10027.62500 0.04199
10030.31250 0.06424
10033.01660 0.06558
10035.70508 0.04011
10038.39355 0.05250
10041.09473 0.04747
10043.78418 0.03279
10046.47559 0.05230
10049.16211 0.05361
10051.85449 0.06578
10054.54785 0.02872
10057.24219 0.02687
10059.94238 0.03047
10062.62598 0.04306
10065.32324 0.04220
10068.00879 0.05206
10070.69531 0.05192
10073.39941 0.04239
10076.08691 0.02199
10078.77539 0.03273
10081.47070 0.05648
10084.16113 0.06449
10086.85645 0.05349
10089.53809 0.05307
10092.22949 0.04717
10094.92773 0.04139
10097.61719 0.05502
10100.31055 0.05915
10103.00098 0.05264
10105.69727 0.05832
10108.38770 0.08405
10111.07910 0.05078
10113.76660 0.06307
10116.45898 0.04235
10119.15332 0.03813
10121.84277 0.05780
10124.53809 0.03919
10127.23438 0.05611
10129.92480 0.04779
10132.61133 0.04647
10135.30957 0.02233
10137.99805 0.04823
10140.69727 0.05509
10143.38086 0.06592
10146.07617 0.05255
10148.76074 0.04868
10151.46387 0.05211
10154.15039 0.05078
10156.84863 0.04534
10159.53125 0.04172
10162.22559 0.05917
10164.91992 0.03290
10167.61621 0.07251
10170.30078 0.04277
10172.99805 0.04764
10175.68457 0.06058
10178.38379 0.04269
10181.07715 0.05542
10183.76660 0.03936
10186.44922 0.06478
10189.14551 0.02525
10191.83594 0.03697
10194.52832 0.03262
10197.22559 0.03943
10199.91895 0.05058
10202.60156 0.04993
10205.30176 0.03798
10207.99121 0.04359
10210.68750 0.04981
10213.37793 0.03750
10216.06445 0.05918
10218.76172 0.04495
10221.44922 0.03771
10224.14355 0.06409
10226.84375 0.05142
10229.53320 0.04041
10232.21777 0.04722
10234.90820 0.07876
10237.60059 0.03813
10240.29883 0.06453
10242.98047 0.04316
10245.67969 0.03705
10248.36914 0.06184
10251.06445 0.06389
10253.75391 0.04903
10256.44531 0.05192
10259.13770 0.05007
10261.83594 0.05397
10264.52246 0.04429
10267.22266 0.07866
10269.90039 0.02660
10272.59570 0.02562
10275.29102 0.05597
10277.98242 0.07012
10280.67383 0.02931
10283.36719 0.01151
10286.05371 0.05736
10288.75391 0.05473
10291.44238 0.03606
10294.13281 0.03462
10296.82227 0.05383
10299.52539 0.04610
10302.21680 0.03660
10304.91016 0.05178
10307.58594 0.06104
10310.28516 0.05221
10312.97363 0.04724
10315.67480 0.03374
10318.35938 0.04956
10321.05664 0.07032
10323.74219 0.04480
10326.44043 0.02994
10329.12793 0.06492
10331.82129 0.05265
10334.51074 0.04578
10337.20020 0.05749
10339.90137 0.03405
10342.58691 0.06338
10345.27930 0.04873
10347.97070 0.05921
10350.66406 0.05225
10353.36328 0.05402
10356.04688 0.04073
10358.74707 0.04133
10361.43262 0.03663
10364.12891 0.04853
10366.81445 0.03944
10369.50684 0.05608
10372.19434 0.03655
10374.88770 0.03773
10377.57617 0.05859
10380.27148 0.06544
10382.96777 0.05288
10385.65820 0.03485
10388.35547 0.04089
10391.04688 0.05291
10393.73438 0.02444
10396.42773 0.05311
10399.12207 0.03155
10401.81738 0.02921
10404.50684 0.05090
10407.19824 0.04584
10409.88281 0.03579
10412.58691 0.05448
10415.27344 0.04552
10417.97266 0.04861
10420.66113 0.03060
10423.34473 0.06032
10426.04004 0.05517
10428.73633 0.05396
10431.43359 0.04322
10434.11328 0.05222
10436.81250 0.04549
10439.50000 0.04990
10442.18750 0.01570
10444.88770 0.04554
10447.57812 0.03985
10450.26855 0.06886
10452.96484 0.02011
10455.65039 0.04072
10458.34863 0.06616
10461.03613 0.04466
10463.73047 0.04467
10466.41895 0.04552
10469.11426 0.04771
10471.80957 0.02877
10474.49414 0.05310
10477.19141 0.04917
10479.88379 0.02825
10482.56543 0.04066
10485.27051 0.04763
10487.95898 0.04990
10490.64844 0.04630
10493.34375 0.04723
10496.03418 0.04796
10498.72559 0.04371
10501.42383 0.04778
10504.11035 0.02976
10506.79785 0.03469
10509.49805 0.07070
10512.18652 0.04840
10514.87598 0.04074
10517.56641 0.02745
10520.25781 0.03756
10522.95508 0.02964
10525.64746 0.02711
10528.33398 0.02341
10531.02246 0.05094
10533.71680 0.03792
10536.41211 0.04924
10539.10254 0.03158
10541.79883 0.03178
10544.49609 0.03876
10547.18164 0.06333
10549.87500 0.03620
10552.56250 0.04622
10555.26270 0.04304
10557.94629 0.05318
10560.64746 0.05660
10563.33691 0.04824
10566.02832 0.03364
10568.71484 0.03530
10571.40723 0.05663
10574.09961 0.05708
10576.78809 0.05248
10579.48242 0.04104
10582.17773 0.05812
10584.86816 0.04373
10587.55859 0.02486
10590.25586 0.05494
10592.94238 0.04815
10595.64062 0.04051
10598.32910 0.03234
10601.01660 0.04896
10603.70605 0.04331
10606.40723 0.05350
10609.09863 0.05390
10611.78906 0.04397
10614.48047 0.05229
10617.17969 0.00086
10619.86035 0.04298
10622.55469 0.04130
10625.24902 0.04090
10627.94434 0.04642
10630.63379 0.05074
10633.32520 0.02677
10636.01660 0.04810
10638.70312 0.05616
10641.40723 0.03466
10644.09473 0.07566
10646.78320 0.05732
10649.47168 0.04742
10652.16797 0.03720
10654.85742 0.02546
10657.55469 0.06264
10660.24023 0.06673
10662.93945 0.06405
10665.62598 0.04985
10668.31934 0.04838
10671.02051 0.04488
10673.70996 0.04374
10676.38770 0.05479
10679.08984 0.04078
10681.78125 0.05764
10684.46680 0.02295
10687.15918 0.05104
10689.85840 0.03195
10692.54688 0.03763
10695.24121 0.04032
10697.92578 0.06988
10700.62109 0.06828
10703.31836 0.04461
10706.01562 0.05958
10708.69629 0.04613
10711.38867 0.06029
10714.07617 0.02751
10716.77637 0.05254
10719.46582 0.06757
10722.15527 0.04344
10724.85742 0.05697
10727.54883 0.03892
10730.23438 0.06035
10732.92676 0.04940
10735.61914 0.04206
10738.31348 0.03000
10741.00781 0.05875
10743.70215 0.05083
10746.38672 0.05329
10749.08301 0.03903
10751.76855 0.03679
10754.45996 0.03408
10757.14746 0.05164
10759.84570 0.05624
10762.54004 0.04345
10765.22852 0.05057
10767.91797 0.05689
10770.61914 0.05250
10773.31055 0.04744
10776.00781 0.06835
10778.68750 0.06591
10781.38086 0.02945
10784.07422 0.04465
10786.76855 0.04712
10789.46289 0.04850
10792.14648 0.04900
10794.84766 0.05423
10797.53320 0.04898
10800.21875 0.04088
10802.92285 0.04082
10805.60938 0.06299
10808.30371 0.04723
10810.99121 0.03893
10813.67969 0.03857
10816.37598 0.04978
10819.06641 0.03999
10821.76270 0.05504
10824.45410 0.05466
10827.15234 0.03154
10829.83301 0.04762
10832.53320 0.04336
10835.22656 0.02674
10837.91602 0.07847
10840.61133 0.03328
10843.30273 0.05461
10845.99316 0.04572
10848.67871 0.04260
10851.38281 0.04009
10854.07031 0.07736
10856.76367 0.04918
10859.45801 0.04600
10862.14648 0.03427
10864.83105 0.04986
10867.52637 0.03588
10870.22363 0.05577
10872.91602 0.04694
10875.60254 0.02586
10878.30176 0.04948
10880.98828 0.03315
10883.67773 0.04968
10886.37207 0.04621
10889.06152 0.02990
10891.75195 0.03775
10894.44336 0.04287
10897.13574 0.04548
10899.82715 0.04920
10902.52051 0.05763
10905.21387 0.03459
10907.90820 0.04627
10910.59766 0.04335
10913.29297 0.05161
10915.97754 0.03614
10918.67480 0.06025
10921.36035 0.03821
10924.05859 0.03172
10926.74609 0.05829
10929.43945 0.03329
10932.13379 0.03066
10934.83496 0.04749
10937.52441 0.05558
10940.21484 0.04618
10942.90527 0.05753
10945.59766 0.06130
10948.28906 0.03874
10950.97656 0.04364
10953.66992 0.05317
10956.36523 0.06607
10959.04785 0.03814
10961.74316 0.05007
10964.43359 0.02676
10967.13672 0.05237
10969.82227 0.04084
10972.50781 0.04129
10975.20703 0.05679
10977.90039 0.05589
10980.58887 0.05134
10983.27832 0.03616
10985.97363 0.03838
10988.66406 0.04825
10991.36035 0.03417
10994.04590 0.06358
10996.73828 0.02787
10999.43750 0.05427
11002.11816 0.04320
11004.81836 0.04785
11007.50098 0.03800
11010.20312 0.04021
11012.89258 0.05357
11015.58984 0.03687
11018.28125 0.04860
11020.97266 0.03944
11023.65918 0.03206
11026.35352 0.02559
11029.04199 0.04280
11031.74121 0.02712
11034.43066 0.05259
11037.11523 0.05846
11039.81250 0.03827
11042.50293 0.05917
11045.18848 0.02277
11047.89355 0.04441
11050.58691 0.05952
11053.27441 0.02892
11055.96289 0.03816
11058.65234 0.04486
11061.34766 0.07282
11064.04395 0.03294
11066.73633 0.05168
11069.42676 0.04555
11072.11328 0.03954
11074.80664 0.03519
11077.50684 0.04606
11080.20117 0.03937
11082.88379 0.05122
11085.57812 0.05832
11088.26953 0.05079
11090.95996 0.03410
11093.65820 0.04533
11096.34375 0.03317
11099.03027 0.07492
11101.73047 0.07450
11104.42480 0.05106
11107.11328 0.04243
11109.80273 0.05692
11112.49316 0.03721
11115.18848 0.03536
11117.88086 0.03002
11120.57324 0.04601
11123.26465 0.05045
11125.95312 0.03472
11128.64648 0.04789
11131.34082 0.04494
11134.03027 0.03151
11136.72559 0.03551
11139.41699 0.06640
11142.11426 0.03123
11144.79980 0.02632
11147.49121 0.04375
11150.18457 0.04367
11152.87109 0.05408
11155.57227 0.03596
11158.26758 0.04610
11160.95605 0.03232
11163.64062 0.06635
11166.33105 0.05021
11169.02832 0.06050
11171.72656 0.04584
11174.40723 0.04206
11177.10059 0.04831
11179.79492 0.04381
11182.48926 0.05299
11185.17285 0.05747
11187.88184 0.05173
11190.56543 0.05582
11193.25586 0.03143
11195.94824 0.06684
11198.63477 0.06253
11201.32812 0.04978
11204.01465 0.07195
11206.71582 0.05515
11209.40430 0.03206
11212.10059 0.05671
11214.79590 0.04191
11217.48145 0.04720
11220.17188 0.06986
11222.86426 0.05218
11225.56445 0.05487
11228.24414 0.05663
11230.95020 0.05616
11233.63379 0.04598
11236.32227 0.04348
11239.01855 0.06090
11241.71484 0.03255
11244.40625 0.03161
11247.10352 0.04139
11249.79004 0.05716
11252.48340 0.04871
11255.17090 0.05972
11257.86523 0.05474
11260.55469 0.03174
11263.24414 0.04293
11265.93945 0.06997
11268.63086 0.04264
11271.32129 0.05838
11274.00781 0.05348
11276.71289 0.05049
11279.39941 0.05482
11282.08789 0.05204
11284.79395 0.02111
11287.47656 0.06739
11290.16602 0.03608
11292.86328 0.02974
11295.54102 0.03628
11298.23926 0.04720
11300.93164 0.04654
11303.62500 0.06444
11306.32324 0.03245
11309.00586 0.02860
11311.70703 0.03838
11314.38965 0.04851
11317.08594 0.06112
11319.77637 0.07090
11322.46094 0.04620
11325.16602 0.02415
11327.85742 0.03052
11330.54492 0.06162
11333.23828 0.03840
11335.92578 0.05600
11338.62207 0.03566
11341.31152 0.06325
11344.00684 0.05082
11346.69824 0.07201
11349.39453 0.02797
11352.08008 0.05040
11354.77344 0.06326
11357.45996 0.03076
11360.16016 0.04096
11362.86133 0.06314
11365.54395 0.04407
11368.23340 0.05148
11370.92285 0.03440
11373.62012 0.04431
11376.31250 0.03145
11379.00391 0.05678
11381.69629 0.02648
11384.38379 0.04573
11387.08398 0.05480
11389.77246 0.04778
11392.46094 0.04618
11395.15039 0.06245
11397.84766 0.05743
11400.54492 0.06410
11403.22949 0.05658
11405.92773 0.01669
11408.60840 0.03885
11411.30273 0.04686
11413.99609 0.04954
11416.69043 0.05389
11419.37305 0.02836
11422.08203 0.06309
11424.76660 0.04339
11427.46387 0.04703
11430.15527 0.05457
11432.83496 0.05221
11435.52734 0.06003
11438.22754 0.02638
11440.91602 0.04379
11443.61719 0.03381
11446.29980 0.06544
11448.99512 0.05480
11451.67969 0.03277
11454.38379 0.05814
11457.06934 0.04439
11459.76758 0.05082
11462.46094 0.02579
11465.14746 0.02901
11467.83594 0.04323
11470.52344 0.05585
11473.21973 0.06019
11475.90918 0.01930
11478.60645 0.04404
11481.29004 0.05105
11483.98828 0.03385
11486.68066 0.10879
11489.38086 0.06534
11492.06055 0.02872
11494.76172 0.06629
11497.45020 0.04852
11500.13965 0.04898
11502.83496 0.04306
11505.52539 0.03860
11508.21680 0.04899
11510.90234 0.04922
11513.59473 0.02995
11516.30078 0.05640
11518.98730 0.05757
11521.68164 0.04449
11524.37012 0.04570
11527.06543 0.04127
11529.75000 0.03582
11532.44531 0.04975
11535.14258 0.07036
11537.83496 0.01951
11540.52051 0.05219
11543.21387 0.04774
11545.90039 0.05176
11548.60156 0.06952
11551.28906 0.04928
11553.97852 0.03901
11556.67480 0.06040
11559.36523 0.04314
11562.05566 0.03888
11564.74805 0.06935
11567.44043 0.03057
11570.12695 0.05993
11572.82031 0.06832
11575.51953 0.01664
11578.20898 0.03782
11580.90430 0.04467
11583.58691 0.03747
11586.28418 0.03440
11588.98145 0.05631
11591.66699 0.04229
11594.36523 0.05879
11597.05078 0.04299
11599.75000 0.04934
11602.43848 0.04565
11605.13281 0.04151
11607.81543 0.04745
11610.51855 0.04799
11613.20801 0.02782
11615.89844 0.05909
11618.59668 0.05610
11621.27539 0.05553
11623.96777 0.04050
11626.66797 0.04505
11629.35547 0.04085
11632.04980 0.04603
11634.73828 0.06092
11637.43457 0.06368
11640.11816 0.04228
11642.82031 0.03957
11645.50586 0.05695
11648.20508 0.05697
11650.89648 0.04366
11653.57715 0.06125
11656.27051 0.05182
11658.96484 0.04266
11661.66602 0.03936
11664.35547 0.07926
11667.05078 0.04341
11669.73535 0.03487
11672.42090 0.06574
11675.11816 0.05681
11677.81641 0.03980
11680.50977 0.06911
11683.18945 0.04801
11685.89062 0.03960
11688.57910 0.04958
11691.27539 0.08278
11693.96484 0.03996
11696.66016 0.04377
11699.34570 0.04702
11702.03613 0.05121
11704.72852 0.02004
11707.42188 0.06717
11710.12109 0.03864
11712.81445 0.04179
11715.49609 0.06198
11718.18555 0.05935
11720.88184 0.05563
11723.57715 0.03888
11726.27441 0.03470
11728.96582 0.05416
11731.65039 0.02260
11734.34961 0.04942
11737.03613 0.04818
11739.72949 0.05983
11742.41699 0.02559
11745.11816 0.01885
11747.80762 0.05616
11750.49023 0.04591
11753.18164 0.03062
11755.87891 0.03918
11758.57031 0.05944
11761.26953 0.05759
11763.94922 0.06555
11766.65527 0.04096
11769.33594 0.06250
11772.03027 0.03921
11774.72656 0.03821
11777.42188 0.05103
11780.10547 0.06638
11782.80273 0.02455
11785.48730 0.03137
11788.18457 0.04645
11790.87207 0.04707
11793.57129 0.04521
11796.26465 0.04811
11798.94629 0.03269
11801.63477 0.02692
11804.34375 0.05317
11807.03320 0.03392
11809.72168 0.05644
11812.41406 0.04486
11815.10449 0.04617
11817.80371 0.05120
11820.48340 0.03836
11823.18359 0.06990
11825.87109 0.05778
11828.56445 0.05325
11831.25391 0.02249
11833.95020 0.03594
11836.63965 0.05381
11839.33691 0.03107
11842.02051 0.04911
11844.70605 0.05442
11847.41211 0.04067
11850.09766 0.05322
11852.79199 0.05597
11855.48535 0.05505
11858.16699 0.05519
11860.86328 0.02428
11863.55273 0.04546
11866.25000 0.04364
11868.94727 0.05748
11871.63770 0.03578
11874.32910 0.00393
11877.01660 0.04055
11879.70996 0.03741
11882.39648 0.03590
11885.09766 0.03613
11887.78516 0.05426
11890.48145 0.05621
11893.17090 0.04330
11895.86816 0.04852
11898.55176 0.04498
11901.24414 0.06790
11903.93652 0.04995
11906.62793 0.05332
11909.32129 0.05066
11912.01562 0.03631
11914.70410 0.06655
11917.39160 0.05386
11920.08789 0.04848
11922.78418 0.04452
11925.46777 0.07705
11928.16699 0.06917
11930.86328 0.07211
11933.55078 0.03663
11936.24902 0.02633
11938.93555 0.04139
11941.62988 0.05037
11944.31152 0.05833
11947.00781 0.06478
11949.70410 0.04120
11952.39258 0.04957
11955.08398 0.05856
11957.77441 0.07065
11960.47266 0.05452
11963.16602 0.05863
11965.85840 0.07371
11968.55273 0.04986
11971.24609 0.05760
11973.92773 0.06127
11976.61719 0.05264
11979.31250 0.03930
11981.99707 0.05694
11984.69434 0.06273
11987.38477 0.05901
11990.08301 0.05032
11992.76855 0.03372
11995.46875 0.05445
11998.15527 0.05462
12000.84961 0.06009
12003.53809 0.03681
12006.24023 0.05276
12008.92969 0.03879
12011.62695 0.06542
12014.31738 0.05316
12017.00879 0.06656
12019.69336 0.05541
12022.38672 0.07170
12025.07910 0.04547
12027.77344 0.04889
12030.46191 0.03480
12033.15625 0.07459
12035.85254 0.06252
12038.53516 0.04429
12041.22461 0.05298
12043.92188 0.04865
12046.60742 0.04951
12049.29883 0.05554
12051.99805 0.06375
12054.69043 0.05599
12057.37793 0.05043
12060.07227 0.03979
12062.75977 0.05516
12065.45605 0.04936
12068.14551 0.04285
12070.84277 0.04744
12073.53320 0.06796
12076.23047 0.03438
12078.90918 0.05698
12081.60938 0.04214
12084.30273 0.05676
12086.98926 0.02265
12089.69043 0.04309
12092.37207 0.04286
12095.05957 0.04349
12097.76367 0.04802
12100.45312 0.05113
12103.14355 0.04154
12105.84277 0.04061
12108.53418 0.03589
12111.22656 0.06848
12113.91992 0.05166
12116.60645 0.04818
12119.30078 0.06101
12121.99512 0.05993
12124.69141 0.05630
12127.36816 0.04470
12130.06348 0.04801
12132.76074 0.05831
12135.44531 0.05681
12138.14355 0.05040
12140.83008 0.04175
12143.52246 0.05667
12146.20996 0.04653
12148.91016 0.03669
12151.59863 0.05349
12154.28711 0.04523
12156.99023 0.06555
12159.68555 0.06439
12162.37695 0.03336
12165.06152 0.05670
12167.75293 0.05079
12170.44629 0.05213
12173.13770 0.04963
12175.83105 0.05620
12178.51270 0.05845
12181.20703 0.05012
12183.90234 0.06038
12186.59766 0.06579
12189.28027 0.05320
12191.98438 0.05735
12194.67676 0.04457
12197.37402 0.07139
12200.05859 0.03355
12202.74609 0.04305
12205.44531 0.05313
12208.13281 0.03485
12210.82031 0.04525
12213.50879 0.06053
12216.20410 0.04545
12218.90137 0.04702
12221.59082 0.06614
12224.28125 0.04723
12226.97363 0.04794
12229.66602 0.03237
12232.36426 0.06427
12235.05762 0.04740
12237.73730 0.04607
12240.43848 0.05310
12243.12695 0.04320
12245.82227 0.04040
12248.51855 0.04939
12251.20117 0.05275
12253.89160 0.03946
12256.59082 0.05578
12259.27637 0.06062
12261.97461 0.05256
12264.66113 0.06132
12267.35449 0.07820
12270.04102 0.05937
12272.74219 0.07274
12275.42480 0.03953
12278.12109 0.04561
12280.81738 0.04734
12283.50781 0.06088
12286.19824 0.05285
12288.89648 0.06813
12291.57617 0.03963
12294.27441 0.04580
12296.96094 0.05037
12299.66211 0.06481
12302.34863 0.05893
12305.04492 0.04993
12307.73340 0.04670
12310.43652 0.06635
12313.12598 0.06556
12315.81055 0.06862
12318.50098 0.05761
12321.18652 0.04835
12323.87793 0.06660
12326.58594 0.06241
12329.26465 0.03519
12331.95898 0.03596
12334.65430 0.05517
12337.34375 0.02186
12340.04590 0.05138
12342.73535 0.05760
12345.41895 0.06217
12348.11621 0.02591
12350.80078 0.04396
12353.50098 0.07931
12356.18555 0.06761
12358.88574 0.07572
12361.57227 0.04691
12364.26758 0.06086
12366.96289 0.07366
12369.65137 0.05044
12372.34082 0.03682
12375.03125 0.05294
12377.72852 0.05596
12380.41211 0.04815
12383.10449 0.03040
12385.79590 0.04682
12388.49609 0.05764
12391.18945 0.03894
12393.88379 0.06090
12396.57227 0.05698
12399.25977 0.04543
12401.95605 0.02393
12404.65234 0.02093
12407.33594 0.06435
12410.02051 0.06296
12412.72559 0.04889
12415.40918 0.06416
12418.10938 0.07603
12420.79590 0.05506
12423.48926 0.03159
12426.17773 0.10136
12428.86523 0.03917
12431.57422 0.04691
12434.26270 0.05580
12436.95312 0.06559
12439.63574 0.04126
12442.33496 0.03572
12445.02539 0.02437
12447.71875 0.05500
12450.41016 0.06439
12453.09668 0.04562
12455.79004 0.05386
12458.48535 0.05073
12461.18066 0.04629
12463.87598 0.05808
12466.55859 0.05573
12469.25586 0.02894
12471.95312 0.06972
12474.63672 0.04598
12477.33594 0.05252
12480.02734 0.04352
12482.71387 0.05175
12485.40723 0.06272
12488.09375 0.05277
12490.78906 0.06176
12493.48340 0.05054
12496.17285 0.05333
12498.86914 0.05284
12501.56641 0.06000
12504.24316 0.05927
12506.94043 0.05713
12509.63965 0.05892
12512.31836 0.05708
12515.01758 0.07291
12517.70508 0.05756
12520.39941 0.07492
12523.09375 0.05327
12525.78809 0.05772
12528.47754 0.04945
12531.16699 0.04152
12533.86426 0.04902
12536.55469 0.04861
12539.24609 0.05844
12541.93750 0.06115
12544.63086 0.04225
12547.32324 0.04598
12550.01758 0.05409
12552.70410 0.06014
12555.40527 0.07206
12558.09473 0.05143
12560.77637 0.06727
12563.47363 0.04480
12566.17090 0.04623
12568.85352 0.03892
12571.55176 0.04304
12574.23730 0.04793
12576.93652 0.05031
12579.62305 0.05611
12582.32227 0.06028
12585.01074 0.04820
12587.69922 0.05989
12590.38672 0.05826
12593.08887 0.04550
12595.77832 0.06730
12598.47559 0.03912
12601.16699 0.04362
12603.85156 0.04811
12606.55078 0.06052
12609.24219 0.06950
12611.92090 0.06068
12614.62207 0.05141
12617.30957 0.02496
12620.01172 0.04617
12622.69336 0.06937
12625.38867 0.05334
12628.07812 0.05536
12630.77539 0.04037
12633.46680 0.06043
12636.15723 0.07064
12638.84277 0.05268
12641.54883 0.05259
12644.23438 0.08192
12646.92773 0.05844
12649.61523 0.04408
12652.31055 0.06565
12654.99805 0.07203
12657.68750 0.06013
12660.38379 0.07055
12663.07324 0.08426
12665.77148 0.06147
12668.46191 0.04528
12671.15430 0.04189
12673.85352 0.07464
12676.53320 0.06352
12679.23242 0.05034
12681.92676 0.05794
12684.61426 0.03681
12687.30957 0.07491
12689.99805 0.05786
12692.68066 0.04772
12695.37793 0.05894
12698.07520 0.04385
12700.75879 0.05054
12703.46387 0.04339
12706.14941 0.06578
12708.84277 0.04107
12711.52930 0.04335
12714.22266 0.05891
12716.91797 0.03717
12719.61230 0.05071
12722.30176 0.05740
12724.99121 0.04836
12727.68652 0.04650
12730.37109 0.03525
12733.06836 0.06114
12735.75977 0.04703
12738.45215 0.06212
12741.14551 0.04903
12743.83105 0.05588
12746.52539 0.05262
12749.21875 0.05620
12751.91504 0.06210
12754.60254 0.03622
12757.29199 0.06279
12759.99609 0.06609
12762.68555 0.04588
12765.37598 0.04088
12768.06152 0.04771
12770.75977 0.03093
12773.44531 0.05137
12776.14551 0.04664
12778.83203 0.04957
12781.52637 0.05100
12784.22070 0.05184
12786.90234 0.04847
12789.59668 0.05997
12792.29395 0.06078
12794.99121 0.05253
12797.67480 0.03095
12800.37305 0.05028
12803.05664 0.06291
12805.75684 0.05377
12808.45020 0.05561
12811.12891 0.04778
12813.83691 0.06884
12816.51660 0.06410
12819.21289 0.05903
12821.90137 0.03556
12824.58984 0.05319
12827.29395 0.05484
12829.98438 0.05853
12832.67578 0.06096
12835.35938 0.04019
12838.05176 0.03257
12840.74316 0.03738
12843.44434 0.05986
12846.13086 0.05715
12848.83301 0.02447
12851.51270 0.06580
12854.20898 0.05056
12856.88965 0.02555
12859.59375 0.04308
12862.28320 0.06007
12864.97363 0.03621
12867.66602 0.04783
12870.36426 0.07181
12873.05664 0.05585
12875.74219 0.04251
12878.43555 0.03987
12881.12207 0.07149
12883.82422 0.06844
12886.51855 0.04899
12889.20703 0.04669
12891.90430 0.05021
12894.59375 0.04122
12897.27637 0.06287
12899.97461 0.03520
12902.65918 0.05260
12905.35742 0.04780
12908.05078 0.06572
12910.73633 0.05072
12913.42969 0.05596
12916.11719 0.05868
12918.81836 0.04813
12921.50000 0.04226
12924.20312 0.05963
12926.88574 0.06458
12929.58887 0.06306
12932.28027 0.06341
12934.96387 0.05555
12937.65430 0.05513
12940.33984 0.04354
12943.04688 0.06118
12945.74023 0.03702
12948.42676 0.04500
12951.12109 0.06630
12953.81543 0.06217
12956.49707 0.05853
12959.19336 0.07955
12961.88281 0.06109
12964.58008 0.03688
12967.27832 0.05011
12969.96191 0.06253
12972.66113 0.06973
12975.34668 0.05478
12978.03809 0.06004
12980.72461 0.05396
12983.41992 0.06282
12986.11426 0.02348
12988.81543 0.04328
12991.49707 0.03433
12994.18652 0.07621
12996.88379 0.06137
12999.56641 0.05284
13002.27148 0.04952
13004.96973 0.06694
13007.65430 0.06388
13010.34766 0.04014
13013.03320 0.05096
13015.73242 0.07022
13018.41309 0.05522
13021.10742 0.05551
13023.80371 0.06653
13026.49902 0.05710
13029.18066 0.03353
13031.87793 0.04593
13034.57520 0.06631
13037.25781 0.06994
13039.95605 0.05202
13042.64844 0.04795
13045.33398 0.06340
13048.03516 0.05091
13050.72070 0.03754
13053.41504 0.04956
13056.10938 0.05495
13058.80566 0.05443
13061.49316 0.05412
13064.18262 0.06047
13066.87207 0.06250
13069.57129 0.06523
13072.25391 0.06933
13074.95215 0.06308
13077.64453 0.07420
13080.33789 0.05828
13083.02246 0.04862
13085.71582 0.05622
13088.41113 0.06279
13091.09863 0.04442
13093.79297 0.04170
13096.49707 0.06793
13099.17188 0.06841
13101.87598 0.05873
13104.56641 0.05321
13107.24902 0.05632
13109.94824 0.03170
13112.63965 0.04125
13115.33301 0.04617
13118.01172 0.04715
13120.71973 0.05478
13123.41406 0.04333
13126.10156 0.06514
13128.78906 0.04314
13131.48535 0.07876
13134.18262 0.05530
13136.86328 0.03500
13139.54785 0.04924
13142.24512 0.07567
13144.94336 0.04290
13147.63574 0.05557
13150.32129 0.04782
13153.01465 0.05985
13155.71582 0.05780
13158.39453 0.05185
13161.09668 0.06637
13163.78516 0.05461
13166.48730 0.04931
13169.16992 0.05469
13171.85938 0.06629
13174.55664 0.05659
13177.24707 0.06385
13179.93164 0.06331
13182.62305 0.05929
13185.31641 0.05702
13188.00879 0.04375
13190.69531 0.05076
13193.38965 0.07554
13196.08496 0.04263
13198.77930 0.05876
13201.47559 0.03519
13204.16406 0.06739
13206.85352 0.05690
13209.55078 0.06805
13212.25000 0.06811
13214.92578 0.04438
13217.62402 0.05618
13220.32422 0.08420
13223.00977 0.05424
13225.71094 0.05640
13228.38965 0.02931
13231.07812 0.05228
13233.78027 0.04405
13236.47461 0.08091
13239.16406 0.07315
13241.84668 0.05428
13244.55078 0.04967
13247.24121 0.05320
13249.93262 0.06436
13252.63184 0.07222
13255.31641 0.06594
13258.00977 0.05803
13260.69434 0.05608
13263.38965 0.08782
13266.08301 0.04531
13268.77051 0.05737
13271.46680 0.06109
13274.15430 0.06220
13276.85156 0.06501
13279.53516 0.04792
13282.23828 0.02630
13284.91504 0.06855
13287.61426 0.04359
13290.30664 0.07305
13293.00684 0.07181
13295.69141 0.05503
13298.38477 0.05773
13301.08008 0.05843
13303.76660 0.05279
13306.46191 0.06205
13309.15039 0.07634
13311.84668 0.05343
13314.53711 0.07127
13317.22656 0.05437
13319.91699 0.04397
13322.61523 0.03417
13325.30762 0.05830
13328.00000 0.07061
13330.68457 0.05664
13333.37988 0.05424
13336.07324 0.05072
13338.75977 0.04234
13341.45508 0.05309
13344.15039 0.06775
13346.83984 0.06098
13349.54297 0.06078
13352.22559 0.07210
13354.92285 0.06574
13357.60742 0.07118
13360.29980 0.04511
13362.99121 0.05145
13365.69141 0.05861
13368.38477 0.06960
13371.07031 0.05023
13373.75684 0.03214
13376.45117 0.04529
13379.13965 0.03825
13381.83496 0.06875
13384.53223 0.03992
13387.22168 0.03183
13389.91895 0.04147
13392.60156 0.05199
13395.30078 0.05622
13397.98535 0.08311
13400.68555 0.03855
13403.37109 0.04514
13406.06445 0.05396
13408.75000 0.06634
13411.45215 0.05229
13414.14062 0.03121
13416.84277 0.04737
13419.52441 0.05142
13422.21387 0.06197
13424.91113 0.04850
13427.60059 0.05641
13430.29199 0.04815
13432.98242 0.07028
13435.67480 0.05682
13438.36035 0.07131
13441.05371 0.04063
13443.74707 0.04858
13446.44043 0.04867
13449.13477 0.06395
13451.83008 0.05777
13454.52637 0.05591
13457.22266 0.04233
13459.89746 0.05229
13462.59473 0.06148
13465.29199 0.06781
13467.97559 0.06380
13470.67480 0.06707
13473.35938 0.06797
13476.05957 0.04431
13478.74512 0.05268
13481.44629 0.06036
13484.13281 0.06173
13486.82129 0.06554
13489.52344 0.04576
13492.21191 0.07218
13494.90137 0.06649
13497.58984 0.05512
13500.28125 0.06013
13502.97070 0.05615
13505.66211 0.06094
13508.35449 0.08106
13511.05273 0.05790
13513.73828 0.04496
13516.43164 0.05075
13519.12598 0.05829
13521.82031 0.06501
13524.51562 0.05435
13527.19531 0.06365
13529.89941 0.03854
13532.58105 0.05464
13535.27832 0.06727
13537.97559 0.03195
13540.65820 0.06158
13543.36426 0.05094
13546.04883 0.04271
13548.73438 0.06148
13551.43359 0.06136
13554.12695 0.05256
13556.81348 0.05658
13559.50098 0.07402
13562.19531 0.05561
13564.89844 0.08251
13567.58691 0.05758
13570.27637 0.05855
13572.97363 0.02232
13575.66309 0.07021
13578.34668 0.06520
13581.03809 0.07875
13583.72949 0.06598
13586.42969 0.05346
13589.12305 0.07331
13591.80859 0.07251
13594.50293 0.05613
13597.19629 0.06196
13599.88379 0.05493
13602.58008 0.05221
13605.26855 0.05606
13607.96484 0.04066
13610.65430 0.06423
13613.35156 0.07232
13616.03613 0.06076
13618.72656 0.06994
13621.41895 0.07710
13624.11816 0.04844
13626.80371 0.04154
13629.49707 0.05088
13632.19043 0.05340
13634.87695 0.06788
13637.57324 0.04601
13640.26758 0.05576
13642.96387 0.03906
13645.65332 0.06567
13648.35059 0.04068
13651.03320 0.07101
13653.72363 0.05797
13656.42188 0.06465
13659.11426 0.07055
13661.79785 0.04564
13664.50000 0.05685
13667.18457 0.06947
13669.87793 0.05649
13672.56641 0.06954
13675.26074 0.06752
13677.94922 0.05214
13680.65137 0.06848
13683.34082 0.04545
13686.02344 0.06392
13688.71289 0.06724
13691.42578 0.05828
13694.11035 0.06341
13696.80176 0.07912
13699.49414 0.06465
13702.18555 0.06945
13704.87891 0.06921
13707.56641 0.04815
13710.25879 0.04665
13712.95508 0.07900
13715.63574 0.05471
13718.33105 0.05967
13721.02734 0.07003
13723.71680 0.05073
13726.40625 0.05867
13729.10449 0.08272
13731.80273 0.06258
13734.48730 0.07231
13737.18652 0.04731
13739.87109 0.06832
13742.55664 0.07860
13745.25098 0.07475
13747.94434 0.06520
13750.63281 0.05987
13753.33496 0.08045
13756.02246 0.07157
13758.71094 0.03091
13761.40039 0.06112
13764.09082 0.07539
13766.78027 0.05852
13769.47070 0.05521
13772.17773 0.06407
13774.85449 0.06664
13777.55469 0.04705
13780.24805 0.06556
13782.94141 0.05193
13785.63477 0.06494
13788.32129 0.05993
13791.01758 0.06381
13793.71191 0.06340
13796.39355 0.07763
13799.09668 0.06123
13801.79395 0.04299
13804.47754 0.05858
13807.17578 0.05653
13809.85840 0.05345
13812.55078 0.07608
13815.25000 0.06128
13817.93555 0.05623
13820.62891 0.06004
13823.33008 0.05381
13826.01660 0.04061
13828.71191 0.05594
13831.39844 0.06010
13834.08789 0.06709
13836.78320 0.05370
13839.47266 0.04575
13842.16992 0.07161
13844.86035 0.04056
13847.55176 0.04460
13850.24219 0.06990
13852.92773 0.06632
13855.62695 0.05750
13858.31934 0.05732
13861.00586 0.06358
13863.69922 0.04940
13866.39355 0.07199
13869.08203 0.07165
13871.78418 0.07940
13874.46582 0.06381
13877.16992 0.04438
13879.85156 0.05596
13882.54199 0.08108
13885.24023 0.06628
13887.93066 0.04991
13890.62305 0.07697
13893.30762 0.07382
13896.00098 0.06563
13898.70020 0.06879
13901.39453 0.05814
13904.08789 0.07367
13906.77637 0.08218
13909.47070 0.06278
13912.15918 0.06072
13914.86230 0.08639
13917.53613 0.06901
13920.23340 0.07789
13922.92383 0.07872
13925.62305 0.02767
13928.30664 0.06625
13931.00586 0.05307
13933.68262 0.05827
13936.38281 0.06755
13939.07617 0.04523
13941.77051 0.05858
13944.46484 0.06963
13947.15234 0.06629
13949.83984 0.06392
13952.53613 0.03585
13955.23145 0.04809
13957.92090 0.06471
13960.60449 0.05868
13963.30957 0.06416
13966.00000 0.06389
13968.69141 0.06928
13971.38379 0.05276
13974.07617 0.05944
13976.76074 0.06500
13979.46191 0.07428
13982.15723 0.06936
13984.84375 0.08387
13987.52246 0.04382
13990.22656 0.04830
13992.92188 0.06486
13995.61133 0.04602
13998.29297 0.05745
14000.99805 0.07565
14003.68066 0.07965
14006.37207 0.08334
14009.07129 0.07251
14011.76367 0.04914
14014.44727 0.03996
14017.14844 0.07501
14019.82617 0.06723
14022.53711 0.06841
14025.22363 0.07805
14027.91016 0.05250
14030.59766 0.06403
14033.29395 0.06162
14035.99121 0.06268
14038.68066 0.05970
14041.37012 0.07894
14044.06836 0.06536
14046.75879 0.02851
14049.45117 0.06283
14052.14355 0.04886
14054.82812 0.05200
14057.52148 0.06776
14060.21484 0.03998
14062.91602 0.06606
14065.59668 0.05615
14068.29102 0.07190
14070.98730 0.07656
14073.67480 0.06800
14076.37207 0.05848
14079.05371 0.05168
14081.75879 0.07153
14084.44141 0.07434
14087.14062 0.06297
14089.82422 0.03547
14092.51660 0.06592
14095.21582 0.05860
14097.90137 0.06236
14100.59570 0.05311
14103.28125 0.08203
14105.96875 0.04690
14108.67188 0.05668
14111.36816 0.06085
14114.06348 0.03437
14116.75195 0.05299
14119.43457 0.05723
14122.12402 0.06710
14124.81445 0.08490
14127.51367 0.07021
14130.21289 0.05041
14132.90527 0.06126
14135.58887 0.05751
14138.28223 0.05820
14140.97559 0.02733
14143.67090 0.05872
14146.36523 0.05890
14149.04395 0.05363
14151.74805 0.05960
14154.43555 0.05285
14157.13281 0.06269
14159.82227 0.07888
14162.51172 0.05755
14165.20996 0.08000
14167.90137 0.05450
14170.58398 0.06657
14173.27539 0.05821
14175.96875 0.05157
14178.65430 0.07082
14181.36230 0.07466
14184.05664 0.05946
14186.74316 0.07847
14189.43848 0.06862
14192.11816 0.06498
14194.81445 0.02942
14197.50391 0.08000
14200.19922 0.04506
14202.89746 0.06731
14205.57324 0.08581
14208.27832 0.06232
14210.96973 0.08793
14213.64648 0.07812
14216.35352 0.07389
14219.03125 0.05327
14221.74023 0.08660
14224.41797 0.07020
14227.12012 0.06803
14229.80762 0.05827
14232.51074 0.04957
14235.19141 0.06731
14237.88672 0.05819
14240.58398 0.06628
14243.27344 0.08295
14245.96387 0.07674
14248.65332 0.06320
14251.34570 0.07579
14254.03613 0.05026
14256.72949 0.06490
14259.42188 0.06938
14262.11523 0.05751
14264.80859 0.06670
14267.50293 0.07439
14270.18945 0.06426
14272.87598 0.06322
14275.57227 0.04475
14278.26855 0.05256
14280.96484 0.05755
14283.64648 0.07190
14286.34375 0.07801
14289.02637 0.06562
14291.72559 0.07279
14294.41699 0.08116
14297.10938 0.05146
14299.80176 0.07752
14302.50293 0.04424
14305.18750 0.06510
14307.87305 0.08771
14310.55957 0.06393
14313.27051 0.04509
14315.95020 0.07781
14318.64648 0.07741
14321.33594 0.05883
14324.02344 0.04847
14326.72266 0.06539
14329.40430 0.07712
14332.10254 0.06343
14334.79297 0.04141
14337.49316 0.07715
14340.18457 0.06860
14342.87012 0.06832
14345.57129 0.08775
14348.24902 0.06892
14350.95117 0.06089
14353.64648 0.06486
14356.33301 0.05438
14359.02832 0.07209
14361.71680 0.05193
14364.40625 0.07035
14367.10352 0.06612
14369.79297 0.06743
14372.47559 0.05488
14375.18164 0.06868
14377.86426 0.07013
14380.55664 0.05532
14383.25684 0.07288
14385.94238 0.06061
14388.63574 0.08828
14391.32031 0.08465
14394.01562 0.06595
14396.71777 0.09438
14399.41406 0.06653
14402.10156 0.08027
14404.79785 0.05626
14407.48730 0.07352
14410.18457 0.07807
14412.85742 0.05543
14415.54883 0.05932
14418.24805 0.07922
14420.93945 0.09180
14423.63086 0.06142
14426.32422 0.05154
14429.02441 0.07716
14431.70215 0.08349
14434.40430 0.05904
14437.08301 0.07093
14439.78516 0.05219
14442.48145 0.06607
14445.17773 0.06169
14447.85742 0.07319
14450.56250 0.05992
14453.24414 0.07681
14455.93457 0.06816
14458.62500 0.05419
14461.33203 0.05162
14464.01562 0.05427
14466.70801 0.06982
14469.39160 0.02807
14472.09277 0.07173
14474.77832 0.07026
14477.47363 0.05256
14480.16016 0.04210
14482.86230 0.08639
14485.55078 0.06064
14488.24609 0.06827
14490.93457 0.05795
14493.62402 0.07148
14496.31348 0.05732
14499.01172 0.08906
14501.69434 0.06604
14504.39258 0.05287
14507.08496 0.04900
14509.77734 0.06868
14512.46875 0.07395
14515.15430 0.05384
14517.85645 0.08043
14520.54199 0.04554
14523.23730 0.08188
14525.93164 0.06684
14528.61133 0.07114
14531.30762 0.07596
14534.00488 0.07315
14536.70215 0.05294
14539.38379 0.06175
14542.08105 0.06632
14544.77148 0.05121
14547.46289 0.08956
14550.15527 0.06691
14552.83984 0.05492
14555.53906 0.05910
14558.22461 0.06095
14560.92578 0.05831
14563.61230 0.06331
14566.31543 0.06596
14568.99414 0.07847
14571.68945 0.04877
14574.38574 0.06014
14577.08203 0.04904
14579.77148 0.07246
14582.45996 0.06227
14585.15137 0.06657
14587.84180 0.06990
14590.53223 0.08133
14593.23242 0.07445
14595.91602 0.07048
14598.61719 0.05097
14601.30176 0.08550
14603.99512 0.05274
14606.68164 0.07135
14609.38379 0.06933
14612.07129 0.05638
14614.76660 0.07085
14617.44727 0.08237
14620.14258 0.05860
14622.83984 0.06897
14625.52148 0.08296
14628.21973 0.06365
14630.91113 0.07389
14633.60938 0.07339
14636.29199 0.06287
14638.99316 0.06631
14641.69336 0.08917
14644.37891 0.10204
14647.06348 0.07141
14649.75684 0.05756
14652.45996 0.06792
14655.14648 0.07329
14657.83496 0.09229
14660.52246 0.06609
14663.21875 0.07690
14665.90820 0.06585
14668.61328 0.08085
14671.29395 0.05787
14673.99316 0.06601
14676.67578 0.08039
14679.36816 0.07682
14682.07520 0.06753
14684.75977 0.08653
14687.45312 0.07454
14690.13867 0.07451
14692.82324 0.08270
14695.51855 0.06673
14698.20508 0.05419
14700.89941 0.12867
14703.58789 -0.03317
14706.28320 0.06785
14708.98047 0.09409
14711.66992 0.02563
14714.36719 0.09057
14717.05762 0.07945
14719.75684 0.07512
14722.45508 0.08576
14725.13086 0.04637
14727.83105 0.07189
14730.51660 0.07987
14733.20898 0.08413
14735.91113 0.07322
14738.59668 0.05149
14741.29102 0.10003
14743.97949 0.08243
14746.67383 0.07287
14749.36133 0.07011
14752.05078 0.06330
14754.74707 0.04685
14757.43750 0.07435
14760.12695 0.07140
14762.81738 0.06606
14765.51660 0.08131
14768.21582 0.05206
14770.90039 0.08264
14773.59180 0.06597
14776.27734 0.05981
14778.97070 0.06019
14781.66406 0.05480
14784.35059 0.05732
14787.05371 0.07384
14789.74902 0.08409
14792.43652 0.05113
14795.11621 0.08421
14797.81348 0.06385
14800.51074 0.08200
14803.20898 0.05075
14805.89062 0.06399
14808.58105 0.07227
14811.28125 0.06476
14813.97168 0.06505
14816.66406 0.05194
14819.34961 0.06628
14822.05078 0.06585
14824.73633 0.07539
14827.42090 0.07307
14830.12402 0.07856
14832.81055 0.04725
14835.49805 0.05019
14838.20215 0.07984
14840.89160 0.05332
14843.58008 0.07025
14846.26953 0.06266
14848.96777 0.09171
14851.64941 0.08094
14854.33984 0.07382
14857.04004 0.06696
14859.72363 0.06055
14862.42383 0.08564
14865.11719 0.06212
14867.80273 0.04875
14870.50391 0.07994
14873.19824 0.08329
14875.88477 0.09389
14878.57129 0.05600
14881.26758 0.08047
14883.97168 0.06777
14886.64355 0.07057
14889.34863 0.05816
14892.04688 0.09084
14894.72852 0.08040
14897.42676 0.05741
14900.11816 0.08650
14902.80078 0.06375
14905.50195 0.05666
14908.18555 0.04558
14910.89453 0.07287
14913.57129 0.09423
14916.26562 0.08581
14918.95117 0.08471
14921.64551 0.07525
14924.34180 0.07456
14927.03809 0.07797
14929.73340 0.08785
14932.41406 0.08232
14935.11133 0.06070
14937.80176 0.06249
14940.49902 0.05250
14943.18945 0.09768
14945.87988 0.08091
14948.56445 0.08038
14951.26367 0.09182
14953.94824 0.05430
14956.64941 0.07126
14959.33496 0.08460
14962.02832 0.04181
14964.72266 0.05389
14967.40918 0.07930
14970.10547 0.07632
14972.80957 0.09252
14975.48926 0.06737
14978.18555 0.06611
14980.87500 0.06124
14983.56348 0.05413
14986.26270 0.07604
14988.94531 0.07675
14991.63574 0.08840
14994.34375 0.04744
14997.02734 0.06752
14999.71191 0.08330
15002.40527 0.07744
15005.09863 0.06891
15007.79980 0.09030
15010.48633 0.06498
15013.18066 0.06840
15015.87695 0.05542
15018.56348 0.08392
15021.26074 0.04468
15023.94141 0.06116
15026.63867 0.07181
15029.32715 0.07999
15032.01855 0.05706
15034.71680 0.06388
15037.39941 0.07135
15040.09766 0.05934
15042.79004 0.05605
15045.47461 0.04585
15048.17578 0.07822
15050.87012 0.07480
15053.56348 0.08094
15056.24902 0.06912
15058.93555 0.07825
15061.62305 0.07681
15064.32715 0.06881
15067.00586 0.04839
15069.71094 0.08173
15072.40039 0.06713
15075.08984 0.07376
15077.78027 0.05583
15080.47949 0.08011
15083.16992 0.07837
15085.86035 0.08282
15088.55273 0.07130
15091.24414 0.08100
15093.92969 0.05597
15096.62305 0.06869
15099.31641 0.05509
15102.01074 0.07850
15104.71387 0.07440
15107.40039 0.08262
15110.07910 0.08594
15112.77637 0.05374
15115.47266 0.05817
15118.16992 0.09308
15120.85059 0.09607
15123.54004 0.05613
15126.23926 0.06325
15128.92969 0.08663
15131.62891 0.06368
15134.31250 0.08321
15137.01367 0.05119
15139.68945 0.07042
15142.39062 0.08086
15145.08398 0.07118
15147.78613 0.08704
15150.47363 0.06519
15153.16016 0.07324
15155.83887 0.07251
15158.54297 0.06903
15161.24023 0.08047
15163.92773 0.06989
15166.61719 0.06542
15169.31445 0.06950
15171.99707 0.07453
15174.68652 0.06251
15177.39453 0.09093
15180.07812 0.06185
15182.77051 0.07419
15185.46191 0.09211
15188.14648 0.05812
15190.84863 0.07343
15193.54199 0.07845
15196.21973 0.04777
15198.92383 0.08069
15201.61816 0.07668
15204.31445 0.06559
15206.99414 0.08600
15209.69141 0.07630
15212.37988 0.05740
15215.07812 0.08328
15217.75977 0.05354
15220.46582 0.08008
15223.14844 0.04607
15225.83984 0.07871
15228.53125 0.10124
15231.23145 0.07127
15233.92480 0.07329
15236.61035 0.07948
15239.30371 0.06994
15242.00586 0.05342
15244.69141 0.06607
15247.37793 0.08343
15250.06543 0.07060
15252.76172 0.07190
15255.45020 0.07331
15258.14746 0.07874
15260.83496 0.07094
15263.53320 0.06028
15266.22266 0.07506
15268.92285 0.06483
15271.60547 0.07135
15274.30566 0.07910
15276.98828 0.08779
15279.68066 0.06787
15282.38184 0.08332
15285.05859 0.09089
15287.75977 0.07996
15290.45508 0.08704
15293.14160 0.08391
15295.82812 0.05726
15298.51465 0.08344
15301.21973 0.08345
15303.90039 0.07173
15306.60547 0.07506
15309.29492 0.08431
15311.99316 0.06613
15314.68262 0.08950
15317.37305 0.07783
15320.07324 0.09462
15322.76465 0.08374
15325.44043 0.10228
15328.13184 0.07006
15330.82520 0.07736
15333.51855 0.11001
15336.20410 0.09742
15338.89844 0.06153
15341.59277 0.06349
15344.28027 0.05583
15346.97559 0.07551
15349.67285 0.08645
15352.36914 0.05680
15355.05859 0.08258
15357.74805 0.09035
15360.44629 0.07739
15363.12793 0.06761
15365.81836 0.07161
15368.51855 0.05836
15371.20117 0.07038
15373.90039 0.08459
15376.60254 0.08204
15379.28711 0.08680
15381.98047 0.09380
15384.66602 0.07039
15387.36914 0.07651
15390.05566 0.05672
15392.75879 0.08265
15395.44727 0.08994
15398.12598 0.08247
15400.83105 0.09192
15403.51172 0.07988
15406.20020 0.07399
15408.89160 0.07063
15411.59766 0.07693
15414.28809 0.06629
15416.98047 0.08537
15419.67285 0.06598
15422.35547 0.06130
15425.04883 0.08017
15427.74219 0.08913
15430.43555 0.08873
15433.12793 0.07087
15435.82324 0.08218
15438.50195 0.09298
15441.19629 0.10310
15443.89258 0.07694
15446.58789 0.07635
15449.26855 0.08639
15451.96582 0.08852
15454.66406 0.07689
15457.36133 0.08182
15460.04395 0.05941
15462.74316 0.07922
15465.42578 0.05429
15468.12500 0.06169
15470.81738 0.08971
15473.51855 0.06817
15476.20410 0.07923
15478.88770 0.07799
15481.59082 0.07503
15484.27734 0.07675
15486.96289 0.07979
15489.65820 0.06580
15492.34570 0.07391
15495.03320 0.08609
15497.73047 0.06759
15500.41895 0.06763
15503.10840 0.08198
15505.79883 0.06600
15508.48828 0.09136
15511.17871 0.08057
15513.87891 0.09386
15516.57031 0.10674
15519.26270 0.07915
15521.95410 0.08011
15524.64746 0.09267
15527.34082 0.07847
15530.04395 0.10164
15532.72852 0.07772
15535.42383 0.06695
15538.11914 0.06927
15540.80664 0.09976
15543.50195 0.08676
15546.19922 0.07003
15548.87988 0.08097
15551.58594 0.08263
15554.26562 0.08511
15556.96484 0.09214
15559.65527 0.07602
15562.33789 0.08428
15565.03809 0.08752
15567.72949 0.09061
15570.41406 0.07173
15573.11523 0.07493
15575.80859 0.06651
15578.49414 0.08938
15581.17969 0.07474
15583.87402 0.08953
15586.57812 0.09689
15589.26465 0.11616
15591.95996 0.08378
15594.64844 0.07200
15597.33691 0.07357
15600.03320 0.07727
15602.72266 0.08150
15605.42188 0.07832
15608.09473 0.08460
15610.79492 0.08219
15613.48535 0.08739
15616.17773 0.05539
15618.87793 0.07271
15621.55371 0.03480
15624.25488 0.06322
15626.95703 0.08109
15629.64258 0.08489
15632.33789 0.07283
15635.02246 0.06120
15637.71875 0.08493
15640.40527 0.08924
15643.10254 0.09162
15645.79102 0.06678
15648.48828 0.06766
15651.17773 0.06523
15653.85742 0.09189
15656.56543 0.08913
15659.24707 0.08959
15661.93848 0.11381
15664.62891 0.06838
15667.33008 0.07620
15670.02246 0.08338
15672.71582 0.07273
15675.40918 0.09309
15678.10254 0.07275
15680.78809 0.06707
15683.48242 0.07168
15686.16895 0.07711
15688.86523 0.08810
15691.56055 0.07184
15694.24902 0.06069
15696.94531 0.07821
15699.62500 0.09380
15702.31445 0.07228
15705.02246 0.07780
15707.72070 0.06439
15710.39453 0.08260
15713.09375 0.08814
15715.79395 0.08426
15718.46875 0.07219
15721.16992 0.06241
15723.85449 0.07291
15726.55664 0.09426
15729.23242 0.08192
15731.93652 0.05724
15734.63086 0.07749
15737.32617 0.10120
15740.01367 0.06321
15742.70020 0.09072
15745.38867 0.08458
15748.09473 0.09440
15750.77539 0.07471
15753.46484 0.05977
15756.15430 0.07686
15758.84473 0.08438
15761.56152 0.08239
15764.24414 0.07323
15766.93555 0.07495
15769.62793 0.08732
15772.32031 0.08833
15775.01367 0.07444
15777.70703 0.08077
15780.38281 0.07341
15783.07812 0.09129
15785.77344 0.09609
15788.46875 0.07166
15791.16406 0.08166
15793.84277 0.07457
15796.54004 0.07163
15799.23730 0.07570
15801.93457 0.09221
15804.61621 0.09638
15807.32227 0.07161
15810.00391 0.08089
15812.69629 0.09839
15815.38672 0.08395
15818.07910 0.06909
15820.76172 0.05474
15823.46387 0.11385
15826.15625 0.11356
15828.84180 0.07910
15831.54395 0.07465
15834.22949 0.10801
15836.91602 0.09587
15839.60254 0.10304
15842.30762 0.08772
15845.00391 0.07647
15847.69141 0.08468
15850.37988 0.08846
15853.07812 0.08405
15855.76758 0.07595
15858.45703 0.08410
15861.14746 0.07719
15863.84766 0.09123
15866.53809 0.07582
15869.23047 0.06895
15871.92188 0.08305
15874.61523 0.06933
15877.29004 0.06515
15879.99316 0.08817
15882.69531 0.07828
15885.38965 0.05795
15888.06738 0.08702
15890.76367 0.08312
15893.45898 0.07247
15896.14746 0.08785
15898.84375 0.08200
15901.53125 0.07505
15904.22949 0.08021
15906.91016 0.10447
15909.60840 0.07340
15912.29883 0.07534
15914.99023 0.09259
15917.68945 0.08127
15920.37305 0.08407
15923.05664 0.08821
15925.75781 0.07421
15928.45898 0.08897
15931.14453 0.08673
15933.83008 0.08716
15936.52344 0.08526
15939.22656 0.08514
15941.92285 0.05995
15944.60938 0.08697
15947.29785 0.07044
15949.99316 0.07258
15952.68262 0.08236
15955.37109 0.08271
15958.06055 0.07323
15960.75000 0.05377
15963.44043 0.08561
15966.14062 0.08499
15968.83984 0.09839
15971.51367 0.06623
15974.21484 0.09833
15976.90723 0.07202
15979.59082 0.08287
15982.29297 0.08426
15984.98633 0.07743
15987.67188 0.07928
15990.36621 0.09755
15993.04590 0.08719
15995.75879 0.09249
15998.43652 0.08565
16001.14258 0.08690
16003.82129 0.08738
16006.51074 0.07018
16009.21680 0.10398
16011.89746 0.10445
16014.58789 0.07554
16017.28613 0.07056
16019.98633 0.08954
16022.66895 0.07819
16025.36133 0.07466
16028.04395 0.08265
16030.75391 0.08865
16033.43066 0.08809
16036.14258 0.07185
16038.82715 0.07810
16041.52246 0.06138
16044.21680 0.08063
16046.89453 0.08438
16049.58105 0.06658
16052.27832 0.06978
16054.96582 0.08812
16057.67188 0.07715
16060.36035 0.08003
16063.04102 0.11351
16065.73926 0.09957
16068.43945 0.09609
16071.12109 0.06786
16073.81152 0.08070
16076.51270 0.05360
16079.20508 0.06528
16081.89648 0.09913
16084.58105 0.07827
16087.27441 0.06392
16089.96875 0.06735
16092.67090 0.06876
16095.34863 0.10026
16098.03516 0.08632
16100.74805 0.07366
16103.42676 0.07861
16106.11426 0.07668
16108.82031 0.05475
16111.50879 0.07801
16114.19727 0.08621
16116.88672 0.08171
16119.57812 0.06364
16122.26855 0.08945
16124.95898 0.08696
16127.64941 0.08470
16130.35059 0.08394
16133.03320 0.06824
16135.72656 0.08169
16138.41992 0.09120
16141.12305 0.09713
16143.80664 0.08586
16146.50098 0.08538
16149.19727 0.08334
16151.88281 0.06727
16154.57910 0.09552
16157.26660 0.08779
16159.97168 0.08739
16162.65234 0.09468
16165.34961 0.07330
16168.03906 0.07340
16170.72754 0.05581
16173.42676 0.08541
16176.10840 0.09311
16178.81738 0.09217
16181.50000 0.05962
16184.18262 0.08180
16186.87500 0.09736
16189.56738 0.08483
16192.27051 0.06416
16194.95410 0.05837
16197.64941 0.09367
16200.33398 0.08366
16203.03809 0.07580
16205.72461 0.07232
16208.42090 0.08626
16211.10742 0.07767
16213.79590 0.09088
16216.49316 0.09953
16219.18262 0.09005
16221.87207 0.09468
16224.57031 0.07965
16227.25195 0.06641
16229.94238 0.07653
16232.64258 0.08388
16235.33301 0.06986
16238.02441 0.09671
16240.71680 0.08677
16243.41895 0.06722
16246.09375 0.08828
16248.78906 0.06432
16251.49121 0.06033
16254.17676 0.09669
16256.87305 0.09085
16259.56738 0.09277
16262.25391 0.07856
16264.95117 0.09907
16267.63965 0.07925
16270.33691 0.07810
16273.01562 0.10222
16275.72266 0.09311
16278.40332 0.07564
16281.10352 0.08291
16283.79395 0.08351
16286.47559 0.10101
16289.17480 0.07780
16291.87598 0.07991
16294.56055 0.09374
16297.24316 0.10183
16299.95508 0.05588
16302.64062 0.08001
16305.32422 0.08574
16308.02832 0.08223
16310.71484 0.07990
16313.40039 0.08218
16316.09570 0.08278
16318.78418 0.08133
16321.47266 0.08379
16324.17871 0.07772
16326.86621 0.07260
16329.55566 0.06742
16332.25488 0.07585
16334.93652 0.07333
16337.62500 0.06775
16340.32617 0.09997
16343.01758 0.06370
16345.70898 0.07436
16348.40137 0.06472
16351.09473 0.08686
16353.77832 0.08531
16356.48145 0.09669
16359.15723 0.06562
16361.85938 0.08181
16364.55566 0.08139
16367.24121 0.09633
16369.92773 0.06076
16372.62500 0.07152
16375.32129 0.08982
16378.01855 0.08083
16380.69824 0.08193
16383.39551 0.09210
16386.09375 0.07898
16388.77539 0.10161
16391.47461 0.09972
16394.15625 0.09832
16396.85742 0.08012
16399.55859 0.09582
16402.24023 0.10330
16404.94141 0.07498
16407.62695 0.08370
16410.31055 0.07800
16413.01367 0.09633
16415.69922 0.05270
16418.40234 0.08039
16421.08789 0.08300
16423.76562 0.09491
16426.46289 0.07486
16429.16016 0.09629
16431.84766 0.07627
16434.54492 0.08710
16437.24219 0.08409
16439.92383 0.08340
16442.62109 0.08681
16445.31055 0.08436
16448.00195 0.06657
16450.69336 0.09423
16453.38477 0.08402
16456.07617 0.08960
16458.75977 0.08202
16461.46094 0.09716
16464.14648 0.08590
16466.84766 0.07530
16469.53320 0.05941
16472.22852 0.07820
16474.92383 0.09134
16477.60938 0.07420
16480.31445 0.09264
16483.00195 0.06131
16485.68945 0.07750
16488.37695 0.08438
16491.06641 0.07014
16493.77344 0.08753
16496.46289 0.05009
16499.15430 0.08616
16501.84375 0.06714
16504.53516 0.07770
16507.22461 0.07953
16509.91797 0.06723
16512.61914 0.05991
16515.30078 0.06369
16518.00391 0.10678
16520.68750 0.07932
16523.36328 0.09103
16526.06836 0.12118
16528.76172 0.09359
16531.45703 0.08883
16534.15234 0.09433
16536.83984 0.12235
16539.52734 0.10773
16542.22461 0.08403
16544.91211 0.08583
16547.60938 0.06148
16550.29102 0.08484
16552.98828 0.08192
16555.67969 0.08290
16558.37891 0.10193
16561.06055 0.07776
16563.76172 0.10240
16566.44336 0.10075
16569.14453 0.05550
16571.82812 0.07665
16574.52148 0.08520
16577.22461 0.07298
16579.91797 0.10319
16582.60352 0.11066
16585.28906 0.06857
16587.97461 0.09355
16590.67969 0.07869
16593.37695 0.08168
16596.06445 0.08461
16598.75977 0.09106
16601.44141 0.07121
16604.13867 0.06881
16606.82812 0.06363
16609.52539 0.11015
16612.21680 0.09031
16614.91602 0.06056
16617.60742 0.08759
16620.29883 0.08281
16622.97266 0.07306
16625.66406 0.09081
16628.36523 0.08192
16631.05859 0.07277
16633.74414 0.06760
16636.43750 0.11293
16639.14062 0.06414
16641.81836 0.07140
16644.52344 0.10198
16647.20117 0.08847
16649.90625 0.08750
16652.60156 0.09534
16655.28906 0.07822
16657.98828 0.08573
16660.67578 0.07614
16663.35547 0.09282
16666.06445 0.08008
16668.74609 0.08299
16671.43555 0.07100
16674.13672 0.09422
16676.82812 0.07419
16679.50977 0.09344
16682.20312 0.07267
16684.90430 0.11335
16687.58789 0.08097
16690.28320 0.09413
16692.96680 0.08316
16695.66211 0.09968
16698.34570 0.08445
16701.04297 0.09879
16703.72852 0.09599
16706.42578 0.07859
16709.11133 0.07965
16711.81836 0.07148
16714.50781 0.07759
16717.20508 0.07144
16719.89453 0.08489
16722.59375 0.08350
16725.27344 0.08813
16727.96484 0.06687
16730.66406 0.07926
16733.35547 0.07362
16736.04688 0.06256
16738.74023 0.08050
16741.44141 0.09857
16744.11719 0.06839
16746.81836 0.09264
16749.50391 0.07517
16752.20703 0.07174
16754.88281 0.06250
16757.58789 0.06734
16760.26562 0.07146
16762.96289 0.09009
16765.65820 0.09338
16768.34570 0.08814
16771.04297 0.08904
16773.74219 0.09319
16776.42188 0.07607
16779.11133 0.08189
16781.81055 0.09345
16784.50977 0.09462
16787.19141 0.10438
16789.88086 0.06923
16792.57422 0.09465
16795.26562 0.07216
16797.95898 0.08785
16800.64258 0.06715
16803.34570 0.08950
16806.02930 0.10218
16808.72461 0.05969
16811.41797 0.07333
16814.11328 0.07671
16816.80078 0.08223
16819.50586 0.10286
16822.19141 0.09902
16824.87109 0.07975
16827.57812 0.08964
16830.26562 0.07879
16832.96484 0.10652
16835.64453 0.05356
16838.34180 0.10487
16841.03320 0.10151
16843.72461 0.07467
16846.41406 0.09415
16849.10742 0.05922
16851.79883 0.08707
16854.49023 0.09784
16857.19336 0.07543
16859.87500 0.08539
16862.58008 0.06874
16865.25391 0.08499
16867.94922 0.09961
16870.64453 0.08514
16873.33984 0.08520
16876.02734 0.08497
16878.73242 0.08372
16881.41992 0.08210
16884.10547 0.05954
16886.79492 0.07994
16889.48438 0.07696
16892.17383 0.08326
16894.87109 0.10947
16897.57227 0.08348
16900.25195 0.10638
16902.93359 0.08645
16905.65234 0.08648
16908.31641 0.09543
16911.01758 0.09497
16913.71875 0.07421
16916.40430 0.06842
16919.10547 0.07058
16921.79102 0.08291
16924.49414 0.04611
16927.16016 0.07703
16929.86523 0.07867
16932.57031 0.09748
16935.25586 0.11257
16937.94336 0.09649
16940.63086 0.07846
16943.33789 0.07859
16946.02539 0.08903
16948.71484 0.06886
16951.40430 0.07272
16954.09375 0.09985
16956.78320 0.08833
16959.49219 0.09270
16962.16406 0.05746
16964.85742 0.08528
16967.55859 0.07946
16970.25000 0.08334
16972.93164 0.06925
16975.63477 0.08076
16978.32812 0.07234
16981.00391 0.09094
16983.69922 0.07481
16986.41211 0.08222
16989.08789 0.10180
16991.78320 0.08453
16994.47070 0.10508
16997.16602 0.08253
16999.85547 0.07020
17002.54297 0.07103
17005.24023 0.10010
17007.92969 0.10493
17010.61914 0.07992
17013.31641 0.07190
17016.00781 0.09265
17018.70703 0.07427
17021.39844 0.10129
17024.08984 0.07407
17026.77148 0.06997
17029.46484 0.10881
17032.16602 0.07207
17034.86914 0.11020
17037.53516 0.08060
17040.23828 0.07346
17042.94141 0.05946
17045.61719 0.07979
17048.32227 0.09095
17051.00000 0.09459
17053.69531 0.06574
17056.38281 0.08320
17059.08008 0.08816
17061.76758 0.06504
17064.47461 0.07226
17067.15430 0.07144
17069.86133 0.07174
17072.55078 0.06416
17075.23242 0.07906
17077.93359 0.07221
17080.61328 0.10059
17083.30469 0.11002
17085.99609 0.09858
17088.69922 0.07597
17091.39062 0.07162
17094.08398 0.10162
17096.76953 0.06832
17099.46289 0.08390
17102.15625 0.07717
17104.84180 0.08073
17107.53711 0.08503
17110.23242 0.07589
17112.91992 0.07720
17115.61719 0.09687
17118.31445 0.08441
17121.00000 0.10065
17123.69922 0.09622
17126.38672 0.06716
17129.06641 0.07382
17131.76758 0.09515
17134.45703 0.08730
17137.15625 0.07877
17139.83789 0.09486
17142.52930 0.08095
17145.23047 0.08267
17147.91211 0.10199
17150.60547 0.07000
17153.29883 0.08360
17156.00195 0.08103
17158.67578 0.06614
17161.38086 0.09345
17164.06641 0.08940
17166.75977 0.09140
17169.44727 0.08385
17172.15234 0.08191
17174.83789 0.06660
17177.52734 0.08129
17180.23242 0.08473
17182.92188 0.07509
17185.59961 0.09024
17188.28906 0.08107
17190.99805 0.06579
17193.67773 0.08484
17196.37891 0.08141
17199.06836 0.09419
17201.75000 0.08063
17204.44141 0.08339
17207.13477 0.08420
17209.82617 0.07552
17212.51953 0.08896
17215.21094 0.08717
17217.90625 0.07299
17220.58984 0.09895
17223.29492 0.07574
17225.99023 0.07016
17228.67578 0.11184
17231.37109 0.07607
17234.06836 0.08868
17236.74414 0.09426
17239.44141 0.09173
17242.13867 0.06719
17244.82812 0.06881
17247.51758 0.06899
17250.21484 0.10370
17252.90625 0.07970
17255.59570 0.07352
17258.29492 0.07369
17260.97656 0.07703
17263.67773 0.09221
17266.36133 0.06255
17269.06250 0.08177
17271.75586 0.08955
17274.44727 0.08354
17277.13086 0.04917
17279.82617 0.08261
17282.52148 0.07088
17285.20508 0.07942
17287.90039 0.08788
17290.60547 0.08648
17293.28125 0.09264
17295.97852 0.09221
17298.66602 0.06686
17301.35352 0.08501
17304.04102 0.08092
17306.75000 0.08349
17309.44727 0.09555
17312.12891 0.08367
17314.82617 0.06433
17317.51758 0.07552
17320.21680 0.08229
17322.89844 0.10159
17325.59180 0.09653
17328.29297 0.09940
17330.95703 0.08788
17333.65820 0.07070
17336.35156 0.09392
17339.05469 0.07906
17341.73828 0.10644
17344.42383 0.08278
17347.11914 0.08750
17349.82422 0.10876
17352.50977 0.07461
17355.19531 0.09445
17357.89258 0.08279
17360.59961 0.08433
17363.26758 0.09042
17365.97656 0.07741
17368.65430 0.09569
17371.36328 0.06620
17374.03320 0.06913
17376.74219 0.07600
17379.43359 0.07995
17382.13281 0.10968
17384.81445 0.06899
17387.49805 0.06590
17390.20703 0.08662
17392.89062 0.06116
17395.57422 0.08103
17398.26758 0.08553
17400.97070 0.06284
17403.66406 0.10259
17406.33984 0.05202
17409.03516 0.08340
17411.73047 0.07260
17414.41602 0.09228
17417.10352 0.09836
17419.81836 0.07798
17422.50586 0.07674
17425.20312 0.09493
17427.89062 0.08523
17430.58008 0.08827
17433.25977 0.10135
17435.95898 0.05639
17438.64844 0.10972
17441.33984 0.07558
17444.03906 0.07527
17446.73047 0.07631
17449.43164 0.06935
17452.10547 0.07941
17454.79883 0.08498
17457.50000 0.07205
17460.18359 0.04715
17462.88672 0.09538
17465.57031 0.08199
17468.25586 0.06590
17470.96094 0.07484
17473.64648 0.07052
17476.34180 0.07346
17479.01953 0.07024
17481.72656 0.06178
17484.41211 0.08033
17487.10938 0.07400
17489.78906 0.07122
17492.49609 0.08523
17495.18555 0.08533
17497.87500 0.08510
17500.57422 0.07823
17503.25586 0.07177
17505.94531 0.09641
17508.63672 0.07808
17511.34766 0.06363
17514.03906 0.06102
17516.71289 0.07815
17519.40625 0.09097
17522.09961 0.09183
17524.79297 0.07617
17527.48633 0.09996
17530.16992 0.08084
17532.86719 0.08440
17535.56055 0.07398
17538.24805 0.08459
17540.94336 0.07364
17543.63086 0.05596
17546.32812 0.07539
17549.02539 0.09593
17551.72266 0.09774
17554.40039 0.06341
17557.09961 0.09926
17559.78906 0.08802
17562.48828 0.07327
17565.16992 0.07657
17567.86914 0.06553
17570.56055 0.05798
17573.24219 0.08050
17575.93359 0.09017
17578.63477 0.07540
17581.31836 0.08907
17584.02148 0.07475
17586.70508 0.08497
17589.40039 0.05099
17592.08398 0.09639
17594.78906 0.07416
17597.47461 0.05955
17600.17969 0.06861
17602.86523 0.08110
17605.54297 0.07869
17608.24805 0.06548
17610.93750 0.09106
17613.63477 0.06834
17616.32227 0.07533
17619.02930 0.07136
17621.70898 0.09168
17624.39844 0.06528
17627.08789 0.06896
17629.77930 0.08728
17632.47070 0.07420
17635.16211 0.07925
17637.84375 0.07809
17640.55469 0.08935
17643.23828 0.07909
17645.92969 0.09119
17648.63281 0.07800
17651.31836 0.08725
17654.00195 0.07923
17656.69727 0.09275
17659.39062 0.07353
17662.08594 0.07828
17664.78125 0.08250
17667.47852 0.09706
17670.16602 0.09474
17672.85156 0.05893
17675.54883 0.08003
17678.22852 0.07308
17680.92773 0.06474
17683.63477 0.08191
17686.31445 0.08361
17689.01367 0.06379
17691.68359 0.08948
17694.38477 0.07740
17697.08594 0.05479
17699.77539 0.08436
17702.45898 0.05887
17705.16016 0.08327
17707.85352 0.08418
17710.54688 0.09434
17713.22852 0.06642
17715.91406 0.08500
17718.61719 0.08822
17721.31250 0.09366
17723.99805 0.08162
17726.70312 0.06218
17729.39844 0.08293
17732.07617 0.08703
17734.76172 0.10216
17737.44922 0.07740
17740.14844 0.08511
17742.85547 0.07585
17745.54297 0.09073
17748.24219 0.08350
17750.93164 0.09093
17753.62109 0.07099
17756.31055 0.07218
17759.00195 0.07768
17761.69336 0.06551
17764.37500 0.06842
17767.06641 0.08283
17769.75977 0.08560
17772.46289 0.08540
17775.15430 0.08411
17777.84766 0.09814
17780.52148 0.08478
17783.21680 0.06286
17785.91992 0.08263
17788.61719 0.06484
17791.30273 0.06536
17793.99805 0.06809
17796.69336 0.07031
17799.38086 0.08786
17802.07812 0.06165
17804.75586 0.06403
17807.45312 0.08672
17810.13281 0.07999
17812.84180 0.07405
17815.52148 0.06316
17818.23047 0.06326
17820.91016 0.07951
17823.62109 0.08501
17826.30273 0.06909
17828.99414 0.08792
17831.67578 0.06840
17834.37695 0.04798
17837.06055 0.09180
17839.75391 0.07270
17842.45703 0.07886
17845.15039 0.08410
17847.83398 0.07279
17850.52930 0.08102
17853.21484 0.08090
17855.91016 0.06520
17858.59570 0.06871
17861.29297 0.07530
17863.98047 0.05912
17866.66602 0.09643
17869.36523 0.08249
17872.05273 0.08748
17874.75000 0.05821
17877.43945 0.07264
17880.14062 0.08241
17882.83008 0.07356
17885.52930 0.04419
17888.21875 0.08723
17890.90039 0.06498
17893.60156 0.06388
17896.29297 0.06418
17898.99609 0.08085
17901.67773 0.07860
17904.36133 0.07930
17907.06445 0.09480
17909.73828 0.08439
17912.44141 0.06516
17915.12695 0.06880
17917.82227 0.09845
17920.50781 0.05592
17923.21484 0.08100
17925.89062 0.07150
17928.59766 0.05424
17931.28320 0.05721
17933.98242 0.06846
17936.66992 0.07876
17939.35742 0.09970
17942.05664 0.09030
17944.74609 0.06822
17947.43555 0.06446
17950.13477 0.08966
17952.81445 0.07462
17955.50586 0.09177
17958.19727 0.04690
17960.89062 0.09680
17963.59180 0.05915
17966.28320 0.06990
17968.97656 0.08280
17971.66992 0.09579
17974.35352 0.08900
17977.04688 0.08365
17979.74219 0.06277
17982.43555 0.06484
17985.12109 0.07166
17987.81836 0.04820
17990.51367 0.05932
17993.21094 0.09221
17995.90625 0.06712
17998.58398 0.08140
18001.27148 0.08277
18003.97070 0.08112
18006.66992 0.07401
18009.36719 0.07756
18012.04883 0.07805
18014.73828 0.08379
18017.42773 0.07079
18020.10742 0.06527
18022.80859 0.06316
18025.50977 0.06521
18028.19141 0.10430
18030.89453 0.07877
18033.57812 0.08455
18036.27148 0.09139
18038.95312 0.04368
18041.65820 0.09956
18044.34180 0.06908
18047.04688 0.09633
18049.73242 0.08491
18052.41797 0.07867
18055.12305 0.07696
18057.80859 0.07516
18060.49609 0.04316
18063.19336 0.08080
18065.87891 0.06932
18068.56836 0.05071
18071.25781 0.07301
18073.96484 0.05497
18076.65430 0.06350
18079.34375 0.09230
18082.03516 0.06021
18084.72461 0.06347
18087.41406 0.06293
18090.10547 0.08101
18092.79688 0.04992
18095.48828 0.06236
18098.18164 0.07754
18100.87500 0.07751
18103.56836 0.07798
18106.26172 0.06216
18108.95508 0.06337
18111.64844 0.07959
18114.34375 0.06737
18117.01953 0.08973
18119.71484 0.05547
18122.41016 0.05557
18125.10742 0.06657
18127.79492 0.07142
18130.49219 0.07662
18133.18945 0.06462
18135.86523 0.06472
18138.56445 0.06432
18141.26367 0.08112
18143.94336 0.06862
18146.64258 0.04099
18149.32227 0.06885
18152.02344 0.06579
18154.71289 0.06175
18157.41406 0.07613
18160.09570 0.04889
18162.79688 0.07621
18165.48047 0.07710
18168.16406 0.05993
18170.86719 0.06279
18173.54883 0.07469
18176.24414 0.03295
18178.94727 0.07171
18181.64258 0.05222
18184.32812 0.06240
18187.01367 0.06994
18189.72070 0.08095
18192.41602 0.06885
18195.10352 0.07360
18197.79102 0.06416
18200.47656 0.05766
18203.17578 0.06264
18205.86328 0.06460
18208.55273 0.06608
18211.26172 0.07138
18213.93164 0.06444
18216.63281 0.06402
18219.32227 0.05275
18222.01172 0.07988
18224.70312 0.06918
18227.40430 0.05948
18230.09766 0.06325
18232.78906 0.05275
18235.46289 0.05421
18238.16602 0.07892
18240.85938 0.03889
18243.55273 0.06901
18246.24805 0.05570
18248.93164 0.08235
18251.63672 0.06554
18254.33203 0.07845
18257.01758 0.07679
18259.71484 0.08000
18262.39258 0.07257
18265.09766 0.09660
18267.77539 0.07411
18270.47461 0.05832
18273.16211 0.05562
18275.86133 0.06539
18278.53906 0.06457
18281.24805 0.07339
18283.92969 0.06127
18286.61914 0.07311
18289.32031 0.06151
18292.00000 0.08890
18294.69336 0.08161
18297.39453 0.08348
18300.08594 0.05928
18302.77930 0.07563
18305.46289 0.06392
18308.16602 0.07723
18310.85938 0.04186
18313.54297 0.06167
18316.23828 0.05185
18318.92383 0.06765
18321.61914 0.06352
18324.30469 0.05525
18327.00000 0.06051
18329.68750 0.04892
18332.38477 0.05488
18335.08203 0.07524
18337.76758 0.05127
18340.46680 0.07389
18343.15625 0.07976
18345.85547 0.07721
18348.54492 0.04879
18351.24414 0.07536
18353.91406 0.05943
18356.61328 0.06042
18359.30469 0.05637
18362.00586 0.06552
18364.67773 0.07891
18367.38086 0.06635
18370.08203 0.06630
18372.76562 0.04779
18375.45898 0.08970
18378.16211 0.08005
18380.84570 0.06186
18383.53906 0.07541
18386.22461 0.05936
18388.91992 0.07457
18391.60547 0.06853
18394.30273 0.06810
18396.99805 0.08357
18399.69531 0.07453
18402.38281 0.07150
18405.06836 0.06853
18407.76758 0.05871
18410.45508 0.04918
18413.15430 0.06828
18415.84375 0.06623
18418.53320 0.06539
18421.21289 0.05334
18423.91211 0.06643
18426.61328 0.04717
18429.30469 0.06038
18431.99609 0.07292
18434.67773 0.04805
18437.37109 0.08680
18440.06250 0.09005
18442.74414 0.07473
18445.43750 0.04759
18448.15234 0.07717
18450.82617 0.06456
18453.52148 0.06991
18456.21680 0.06974
18458.90039 0.05097
18461.59766 0.06717
18464.29297 0.05009
18466.99023 0.04332
18469.67578 0.06530
18472.38477 0.07823
18475.08203 0.05508
18477.75000 0.05811
18480.44727 0.08594
18483.14648 0.04511
18485.83594 0.04469
18488.51562 0.06105
18491.21484 0.06366
18493.92578 0.06956
18496.60742 0.06697
18499.29688 0.08821
18501.97852 0.06488
18504.67969 0.07560
18507.36328 0.04445
18510.05469 0.08481
18512.74805 0.05591
18515.45117 0.03801
18518.13672 0.06867
18520.83984 0.05855
18523.51562 0.05992
18526.19922 0.08284
18528.90430 0.06233
18531.59180 0.07346
18534.28711 0.05590
18536.99414 0.04472
18539.66992 0.06000
18542.35742 0.06830
18545.04492 0.02874
18547.75391 0.07929
18550.44141 0.06421
18553.14062 0.06846
18555.83008 0.06932
18558.50781 0.06577
18561.19922 0.08051
18563.88867 0.07613
18566.57812 0.05198
18569.28125 0.07274
18571.97266 0.05991
18574.66406 0.06188
18577.35547 0.05790
18580.04883 0.06437
18582.74023 0.03904
18585.42578 0.04908
18588.12891 0.07612
18590.82422 0.06021
18593.51758 0.06530
18596.21289 0.05444
18598.88672 0.08212
18601.58398 0.04404
18604.29102 0.05463
18606.96680 0.07104
18609.66211 0.05450
18612.35938 0.04831
18615.05859 0.04187
18617.73633 0.09080
18620.44531 0.05062
18623.12305 0.05253
18625.82227 0.05991
18628.50000 0.05853
18631.20117 0.05019
18633.88086 0.05696
18636.59180 0.05616
18639.27344 0.06600
18641.97461 0.06331
18644.65625 0.06156
18647.35742 0.06421
18650.04102 0.04169
18652.73438 0.06726
18655.43555 0.04220
18658.12109 0.05460
18660.80469 0.02872
18663.48828 0.06494
18666.19336 0.06782
18668.88867 0.05629
18671.58398 0.04319
18674.26953 0.06796
18676.95703 0.05777
18679.66211 0.06854
18682.35938 0.03176
18685.04883 0.04355
18687.73633 0.05067
18690.42383 0.04077
18693.11133 0.05756
18695.81055 0.06472
18698.50977 0.05191
18701.19922 0.05708
18703.89062 0.02629
18706.58203 0.04628
18709.26172 0.05057
18711.95117 0.03215
18714.65430 0.04370
18717.34570 0.04852
18720.03906 0.07578
18722.73242 0.06049
18725.41406 0.04936
18728.10742 0.05583
18730.81250 0.03125
18733.48438 0.04919
18736.19141 0.07318
18738.88672 0.06351
18741.56055 0.04521
18744.26562 0.02268
18746.94336 0.04521
18749.64844 0.03883
18752.34570 0.05858
18755.03320 0.03605
18757.73242 0.05539
18760.40820 0.04186
18763.11719 0.06302
18765.79492 0.05678
18768.48438 0.05678
18771.18555 0.04229
18773.86328 0.06283
18776.56445 0.05884
18779.26562 0.05087
18781.94531 0.04898
18784.62695 0.04006
18787.34961 0.06316
18790.03125 0.04440
18792.71484 0.04749
18795.40820 0.07622
18798.10938 0.03830
18800.80469 0.04525
18803.48633 0.05572
18806.18164 0.02674
18808.86719 0.05652
18811.56250 0.05741
18814.25781 0.05683
18816.94336 0.04609
18819.63867 0.06274
18822.32617 0.05063
18825.02344 0.05658
18827.72070 0.04237
18830.40820 0.04975
18833.09570 0.03136
18835.80469 0.04917
18838.47266 0.03400
18841.17188 0.03099
18843.86133 0.04801
18846.56250 0.04187
18849.26367 0.05292
18851.93164 0.05906
18854.62305 0.04673
18857.33594 0.05240
18860.02734 0.06018
18862.70898 0.04892
18865.40234 0.03525
18868.09570 0.05130
18870.78711 0.04491
18873.48047 0.05865
18876.16602 0.07086
18878.87109 0.04133
18881.55469 0.03805
18884.25000 0.02871
18886.93555 0.03558
18889.63281 0.04241
18892.32812 0.04801
18895.00391 0.06603
18897.71094 0.05429
18900.39844 0.04818
18903.08594 0.04289
18905.78516 0.05111
18908.47266 0.04683
18911.16211 0.06010
18913.87109 0.07782
18916.55078 0.04711
18919.24023 0.04184
18921.92969 0.05649
18924.62109 0.05032
18927.32227 0.04051
18930.01367 0.04348
18932.70703 0.03770
18935.39844 0.04200
18938.08984 0.05552
18940.77344 0.03697
18943.47656 0.04816
18946.16016 0.04401
18948.85352 0.05026
18951.54883 0.05127
18954.24414 0.03650
18956.93750 0.04269
18959.62305 0.03156
18962.33008 0.05251
18964.99609 0.03837
18967.69141 0.05473
18970.38867 0.03354
18973.08594 0.04727
18975.78516 0.08396
18978.46289 0.05349
18981.16016 0.03421
18983.85938 0.03769
18986.52734 0.04860
18989.22656 0.04528
18991.93750 0.02129
18994.60742 0.05062
18997.30859 0.05319
19000.00977 0.04472
19002.69141 0.04143
19005.39258 0.04988
19008.07422 0.04729
19010.77734 0.05397
19013.45898 0.05119
19016.16211 0.03631
19018.84570 0.02571
19021.52930 0.02211
19024.23438 0.05735
19026.91797 0.04686
19029.60352 0.03063
19032.30859 0.02780
19034.99414 0.03933
19037.69141 0.04050
19040.38867 0.03263
19043.07422 0.02438
19045.76172 0.04902
19048.45898 0.05603
19051.13672 0.05334
19053.84570 0.04668
19056.54297 0.02873
19059.22266 0.03259
19061.91211 0.02492
19064.61133 0.03919
19067.30078 0.03944
19069.99219 0.03966
19072.67188 0.06231
19075.37305 0.03310
19078.06445 0.02541
19080.75781 0.03879
19083.45898 0.04390
19086.14258 0.03653
19088.83398 0.04053
19091.53906 0.02602
19094.21094 0.05218
19096.90625 0.07274
19099.61133 0.02916
19102.29492 0.04675
19104.99023 0.02588
19107.67578 0.03407
19110.37109 0.03634
19113.06836 0.03992
19115.74414 0.02941
19118.45117 0.03037
19121.13867 0.01877
19123.81641 0.01651
19126.52539 0.04515
19129.22266 0.00882
19131.90039 0.03469
19134.61133 0.03202
19137.29102 0.04565
19139.99023 0.02518
19142.67969 0.01827
19145.38086 0.03659
19148.06250 0.04312
19150.75195 0.06859
19153.44531 0.02158
19156.12695 0.02553
19158.81836 0.04541
19161.52148 0.03193
19164.20508 0.01394
19166.89844 0.03276
19169.60156 0.02623
19172.28516 0.02677
19174.98047 0.00489
19177.66602 0.02648
19180.34961 0.05259
19183.06641 0.04746
19185.75195 0.03209
19188.43945 0.04266
19191.13477 0.02877
19193.82227 0.03603
19196.50977 0.06636
19199.20703 0.03154
19201.89453 0.05003
19204.58203 0.03001
19207.28320 0.04300
19209.97266 0.07194
19212.66211 0.02611
19215.36133 0.03715
19218.05273 0.03120
19220.75195 0.02433
19223.42383 0.03972
19226.11328 0.02997
19228.81641 0.04526
19231.51758 0.03509
19234.21094 0.01974
19236.89258 0.02037
19239.58594 0.05062
19242.27930 0.01871
19244.98438 0.02608
19247.65820 0.03327
19250.35156 0.04502
19253.03516 0.04477
19255.73242 0.02301
19258.43750 0.02995
19261.12305 0.02636
19263.82031 0.02793
19266.50586 0.03063
19269.20312 0.02894
19271.88086 0.03001
19274.58789 0.02465
19277.26562 0.04544
19279.96484 0.01748
19282.66406 0.01587
19285.34180 0.02212
19288.05273 0.01976
19290.73242 0.02899
19293.41211 0.02617
19296.12305 0.06478
19298.81445 0.02943
19301.49609 0.04136
19304.18555 0.01452
19306.88867 0.03558
19309.58203 0.04480
19312.27344 0.04416
19314.95703 0.03658
19317.65039 0.02940
19320.33398 0.04403
19323.02734 0.05448
19325.74219 0.03010
19328.42773 0.04627
19331.12305 0.05397
19333.80859 0.01184
19336.50391 0.00575
19339.20117 0.01406
19341.88672 0.01723
19344.57422 0.01363
19347.25977 0.01235
19349.94922 0.04784
19352.64648 0.02538
19355.34570 0.03430
19358.03320 0.02284
19360.73438 0.05361
19363.41211 0.01378
19366.11133 0.01113
19368.80078 0.00770
19371.49219 0.01324
19374.18359 0.02748
19376.87500 0.02175
19379.57617 0.02537
19382.25781 0.02367
19384.94922 0.00198
19387.65234 0.03375
19390.33594 0.03165
19393.03906 0.00936
19395.71289 0.02029
19398.41797 0.02576
19401.09961 0.02913
19403.79492 0.01717
19406.49023 0.02596
19409.18555 0.04269
19411.87109 0.03523
19414.57812 0.03173
19417.25391 0.00215
19419.95117 0.04477
19422.64844 0.03026
19425.32617 0.02852
19428.02344 0.03177
19430.72070 0.04479
19433.41992 0.05470
19436.09766 0.00823
19438.78711 0.03100
19441.49805 0.01620
19444.17773 0.02488
19446.87891 0.03177
19449.55859 0.03256
19452.25977 0.01201
19454.93945 0.00437
19457.63086 0.03260
19460.32422 0.00934
19463.01758 0.01136
19465.70898 0.02561
19468.40234 0.01869
19471.09570 0.01541
19473.77734 0.02083
19476.47266 0.02075
19479.16797 0.02289
19481.86133 0.01948
19484.55859 0.02213
19487.25391 0.02998
19489.93945 0.02264
19492.64648 0.00501
19495.31055 0.03081
19498.01953 0.02038
19500.70508 0.02244
19503.41406 0.01017
19506.09180 0.00964
19508.77930 0.02730
19511.47852 0.01972
19514.15625 0.03461
19516.86719 0.01386
19519.55664 0.02302
19522.24609 0.01967
19524.93555 0.02277
19527.62695 -0.00661
19530.31836 0.02560
19533.00000 0.01804
19535.71289 0.03215
19538.38281 0.02862
19541.09570 0.02471
19543.76758 0.01831
19546.48242 0.01589
19549.16602 0.01005
19551.87109 0.01466
19554.55273 0.01501
19557.22656 0.01350
19559.94336 0.00535
19562.62891 0.00300
19565.31250 0.00692
19567.99805 0.01264
19570.70703 0.03342
19573.39258 0.01573
19576.08984 0.01002
19578.77539 0.02136
19581.45117 0.01948
19584.17383 0.00750
19586.84961 0.02859
19589.54883 0.01047
19592.23633 0.01921
19594.93750 0.02872
19597.61523 0.03157
19600.31641 0.01240
19603.00781 0.01574
19605.69922 0.01457
19608.38867 0.00847
19611.09180 0.01212
19613.77148 0.03199
19616.46289 0.00672
19619.16797 0.02332
19621.83789 0.02395
19624.53125 -0.01397
19627.22461 0.01535
19629.92969 -0.00812
19632.61328 0.00325
19635.31836 0.04215
19637.99219 0.01416
19640.69727 0.03031
19643.38281 -0.00458
19646.06836 0.00866
19648.76562 0.02657
19651.47266 0.02522
19654.14844 0.00226
19656.83594 0.01421
19659.54492 0.01265
19662.22070 -0.01858
19664.93164 -0.00016
19667.60938 0.00772
19670.30664 0.00645
19672.98633 0.02878
19675.69727 0.00400
19678.37500 0.00065
19681.07617 -0.00394
19683.75586 0.01061
19686.44727 -0.00840
19689.15039 0.00535
19691.83984 -0.00477
19694.52148 0.00908
19697.23633 0.01292
19699.90625 0.00400
19702.59961 -0.00119
19705.30469 0.02415
19707.99805 -0.01102
19710.68164 0.00306
19713.37695 -0.00482
19716.08203 -0.00473
19718.76758 0.02180
19721.45117 0.01568
19724.14648 0.02970
19726.83203 0.01953
19729.52930 0.00725
19732.21680 0.00329
19734.91406 0.02371
19737.59961 -0.00537
19740.29883 0.00319
19742.98633 0.01711
19745.68555 -0.01994
19748.37305 0.01552
19751.06250 0.00735
19753.75195 -0.00384
19756.45117 0.00847
19759.14258 0.02291
19761.84375 -0.00837
19764.51172 -0.01023
19767.21484 0.01930
19769.90430 0.01525
19772.60938 0.01899
19775.27930 0.02827
19777.98242 -0.00008
19780.67578 0.00008
19783.37891 0.01728
19786.05078 0.00605
19788.75586 0.00969
19791.44922 -0.01369
19794.13477 -0.01401
19796.82812 -0.01149
19799.51367 -0.00007
19802.21094 0.01029
19804.89648 -0.00512
19807.59180 -0.00091
19810.27734 -0.00216
19812.97461 -0.00816
19815.66211 0.00096
19818.35938 -0.00485
19821.04688 -0.00934
19823.74609 -0.01777
19826.43359 -0.00317
19829.12305 0.01898
19831.82422 0.01231
19834.52344 -0.00950
19837.20117 -0.00954
19839.91406 -0.00367
19842.59180 0.01368
19845.28516 -0.00583
19847.96484 -0.01055
19850.67773 0.01412
19853.35938 -0.00741
19856.05078 0.01283
19858.73242 0.00005
19861.43555 -0.01297
19864.11914 -0.00927
19866.81250 0.00771
19869.51758 -0.03989
19872.21289 -0.00740
19874.89648 -0.01536
19877.59180 0.00276
19880.28711 -0.00101
19882.97266 -0.01866
19885.67773 -0.02440
19888.36328 -0.00132
19891.06055 0.01175
19893.72656 -0.01064
19896.42383 -0.00541
19899.12109 0.00861
19901.82031 -0.01579
19904.50781 -0.01933
19907.20703 0.03206
19909.88477 0.01262
19912.57422 -0.00836
19915.28516 -0.03319
19917.97461 -0.01761
19920.65430 -0.01223
19923.34375 -0.00929
19926.04688 -0.01752
19928.72656 0.01460
19931.42969 0.01040
19934.12109 -0.00254
19936.80273 -0.00436
19939.51758 0.01003
19942.18750 0.00577
19944.89258 0.00350
19947.56445 -0.00973
19950.27930 -0.00527
19952.95312 -0.02017
19955.65820 -0.02606
19958.33203 -0.01499
19961.04883 -0.03753
19963.73438 -0.01501
19966.40820 0.02179
19969.12695 0.00376
19971.80273 -0.01679
19974.50977 -0.03152
19977.18555 -0.01932
19979.88281 0.00825
19982.57227 -0.02684
19985.26953 -0.00528
19987.97070 -0.01754
19990.64648 -0.03863
19993.33594 -0.00771
19996.02539 -0.00408
19998.73633 -0.01930
20001.41602 -0.00212
20004.11719 -0.01809
20006.80859 -0.00394
20009.48828 -0.00213
20012.19141 -0.03564
20014.87109 0.01367
20017.56250 -0.01622
20020.26758 -0.01475
20022.94922 -0.02820
20025.65430 -0.01599
20028.33594 -0.02263
20031.02930 -0.00440
20033.72461 -0.02370
20036.41797 -0.00679
20039.11328 0.00979
20041.78711 -0.01868
20044.48242 -0.03450
20047.17969 -0.01101
20049.87695 -0.00392
20052.56250 -0.03454
20055.27148 -0.01834
20057.94531 -0.01217
20060.64453 -0.00654
20063.34180 -0.00668
20066.01953 -0.00372
20068.71680 -0.02017
20071.41797 -0.03749
20074.09570 -0.03376
20076.79492 -0.02431
20079.47266 -0.02590
20082.17383 -0.04599
20084.88672 -0.00935
20087.55469 -0.03898
20090.26758 -0.04417
20092.93750 -0.01870
20095.65234 -0.00378
20098.33203 -0.02942
20101.03516 -0.02322
20103.71680 -0.01109
20106.39844 -0.02366
20109.10352 -0.01779
20111.78711 -0.02082
20114.46875 -0.00951
20117.18555 -0.01466
20119.85938 -0.04340
20122.55469 -0.01942
20125.25000 -0.01115
20127.94531 -0.01917
20130.63086 -0.01929
20133.31641 -0.04649
20136.01367 -0.02201
20138.72266 -0.02852
20141.40820 -0.01950
20144.09766 0.00411
20146.78320 -0.03131
20149.47070 -0.04935
20152.16992 -0.01644
20154.85938 0.00184
20157.54688 -0.03587
20160.23633 -0.03205
20162.92578 -0.03039
20165.62695 -0.02770
20168.30664 -0.04844
20171.00781 -0.03397
20173.71094 -0.01905
20176.39062 -0.03159
20179.09375 -0.04630
20181.77539 -0.02959
20184.47852 -0.03583
20187.18359 -0.03250
20189.84180 -0.02302
20192.54688 -0.03993
20195.24023 -0.04629
20197.93555 -0.03356
20200.64062 -0.06374
20203.31445 -0.05408
20206.00977 -0.03723
20208.71680 -0.03038
20211.38867 -0.04743
20214.08594 -0.04631
20216.78320 -0.05617
20219.46875 -0.03256
20222.16602 -0.02279
20224.84180 -0.03058
20227.55273 -0.02081
20230.22852 -0.03043
20232.92773 -0.04327
20235.61523 -0.06260
20238.31445 -0.01751
20240.99219 -0.03553
20243.70312 -0.05589
20246.38281 -0.01504
20249.08398 -0.04217
20251.77344 -0.04907
20254.45312 -0.03547
20257.15625 -0.02709
20259.84570 -0.05478
20262.52734 -0.06995
20265.24219 -0.03455
20267.92383 -0.04364
20270.60547 -0.05233
20273.32031 -0.03973
20276.00195 -0.03270
20278.68555 -0.06859
20281.37891 -0.03572
20284.06445 -0.03599
20286.78125 -0.03553
20289.47461 -0.04712
20292.14844 -0.06739
20294.84570 -0.02769
20297.54297 -0.05965
20300.22852 -0.03559
20302.92578 -0.05318
20305.61133 -0.04346
20308.29688 -0.05150
20310.99609 -0.06511
20313.69336 -0.02958
20316.38281 -0.04137
20319.07031 -0.04864
20321.76953 -0.03491
20324.45898 -0.04207
20327.16016 -0.04436
20329.83789 -0.02244
20332.52734 -0.04513
20335.22852 -0.02980
20337.90820 -0.05596
20340.60938 -0.02673
20343.29102 -0.03217
20345.98242 -0.04504
20348.68555 -0.02314
20351.38867 -0.02577
20354.05859 -0.06473
20356.76367 -0.08123
20359.45703 -0.03078
20362.12891 -0.05359
20364.83398 -0.04950
20367.53906 -0.06384
20370.21289 -0.04325
20372.91797 -0.03687
20375.60352 -0.04373
20378.29883 -0.04128
20380.98438 -0.05102
20383.69141 -0.07903
20386.36719 -0.03962
20389.06445 -0.07165
20391.76172 -0.06678
20394.44727 -0.05997
20397.13672 -0.06231
20399.82227 -0.08333
20402.53320 -0.05778
20405.21094 -0.05581
20407.89844 -0.03451
20410.61133 -0.04859
20413.28906 -0.07728
20415.97852 -0.05221
20418.66992 -0.07691
20421.37109 -0.04042
20424.06055 -0.03398
20426.75195 -0.05037
20429.43164 -0.04592
20432.12500 -0.07312
20434.83984 -0.03925
20437.52148 -0.06018
20440.21289 -0.06135
20442.90625 -0.04951
20445.58984 -0.06347
20448.28320 -0.07240
20450.97656 -0.05933
20453.67188 -0.06118
20456.35547 -0.06333
20459.05078 -0.05775
20461.74805 -0.05327
20464.43164 -0.08092
20467.13867 -0.05968
20469.83594 -0.08077
20472.52148 -0.06887
20475.19727 -0.08735
20477.89648 -0.07367
20480.58203 -0.06621
20483.28125 -0.07454
20485.97852 -0.06131
20488.67969 -0.05965
20491.34570 -0.08149
20494.04492 -0.04744
20496.74609 -0.07270
20499.42383 -0.08689
20502.12500 -0.08652
20504.82617 -0.07910
20507.51562 -0.07100
20510.19727 -0.05912
20512.89844 -0.09325
20515.58008 -0.07630
20518.27148 -0.08292
20520.97461 -0.06439
20523.66797 -0.08882
20526.36133 -0.09762
20529.04297 -0.08959
20531.74609 -0.08005
20534.42969 -0.06600
20537.12500 -0.05641
20539.81836 -0.07508
20542.50391 -0.08745
20545.19922 -0.07678
20547.88281 -0.09000
20550.59180 -0.08075
20553.27539 -0.05676
20555.96094 -0.06532
20558.66992 -0.09282
20561.35547 -0.07820
20564.03320 -0.06254
20566.73047 -0.06442
20569.43945 -0.07067
20572.12891 -0.08763
20574.80469 -0.07100
20577.49414 -0.07590
20580.19336 -0.11058
20582.88281 -0.09581
20585.58203 -0.08007
20588.27344 -0.09500
20590.96289 -0.10653
20593.65234 -0.09715
20596.34375 -0.10205
20599.03516 -0.11624
20601.73828 -0.11963
20604.41992 -0.10543
20607.11133 -0.08420
20609.80469 -0.10008
20612.49805 -0.10861
20615.19141 -0.09920
20617.88281 -0.08083
20620.57812 -0.10802
20623.27344 -0.10581
20625.96680 -0.10506
20628.64062 -0.09875
20631.34570 -0.08771
20634.03125 -0.11052
20636.72852 -0.07864
20639.41211 -0.10086
20642.10938 -0.11001
20644.79492 -0.10604
20647.49219 -0.09928
20650.17969 -0.09688
20652.87891 -0.09692
20655.56445 -0.10475
20658.25195 -0.10716
20660.95117 -0.09791
20663.65039 -0.09123
20666.32812 -0.10624
20669.02930 -0.12302
20671.71875 -0.09965
20674.41992 -0.10817
20677.09766 -0.10246
20679.80078 -0.14338
20682.47852 -0.12874
20685.18164 -0.11532
20687.86133 -0.11170
20690.56641 -0.09875
20693.25781 -0.09404
20695.94922 -0.11330
20698.64258 -0.12413
20701.32422 -0.13739
20704.02930 -0.11632
20706.72461 -0.12161
20709.39453 -0.12834
20712.11133 -0.14927
20714.79688 -0.13934
20717.48047 -0.11604
20720.16406 -0.10719
20722.87305 -0.12709
20725.56836 -0.12847
20728.25391 -0.13515
20730.93945 -0.13262
20733.62500 -0.14888
20736.33398 -0.13533
20739.03320 -0.14697
20741.70898 -0.12612
20744.40820 -0.13079
20747.09570 -0.12919
20749.79492 -0.15244
20752.47266 -0.12852
20755.17188 -0.14284
20757.86133 -0.16009
20760.56250 -0.12301
20763.25195 -0.14604
20765.94336 -0.15322
20768.63281 -0.15738
20771.33594 -0.15851
20774.02734 -0.12194
20776.69531 -0.14543
20779.38867 -0.16819
20782.08984 -0.13821
20784.78320 -0.15367
20787.47656 -0.16148
20790.16992 -0.15605
20792.85352 -0.16849
20795.55859 -0.14882
20798.25195 -0.16678
20800.94727 -0.20055
20803.61914 -0.15679
20806.32617 -0.16822
20809.02148 -0.18387
20811.70703 -0.14538
20814.40430 -0.17514
20817.07617 -0.18204
20819.78516 -0.17510
20822.48242 -0.17573
20825.15820 -0.17381
20827.85742 -0.14679
20830.54492 -0.15817
20833.25586 -0.17970
20835.93164 -0.16411
20838.63086 -0.18479
20841.31836 -0.17796
20844.01953 -0.17947
20846.70898 -0.16132
20849.38672 -0.16249
20852.08789 -0.18388
20854.77930 -0.19123
20857.45898 -0.19930
20860.17188 -0.18961
20862.85156 -0.18234
20865.53125 -0.17432
20868.24609 -0.21373
20870.92773 -0.19187
20873.62109 -0.17425
20876.30273 -0.18122
20878.99609 -0.20887
20881.70117 -0.21009
20884.39453 -0.22218
20887.08984 -0.19381
20889.76172 -0.19965
20892.45703 -0.22364
20895.15234 -0.22179
20897.83594 -0.21322
20900.55664 -0.23530
20903.24023 -0.22484
20905.92578 -0.22991
20908.62305 -0.19745
20911.32031 -0.22117
20914.00781 -0.23295
20916.70508 -0.23573
20919.36914 -0.22968
20922.07031 -0.23028
20924.75586 -0.23658
20927.45508 -0.24177
20930.15625 -0.23574
20932.84570 -0.23218
20935.53516 -0.22380
20938.23633 -0.23737
20940.91406 -0.23058
20943.61523 -0.21680
20946.29492 -0.24359
20948.99805 -0.26516
20951.67773 -0.24376
20954.37891 -0.26168
20957.07227 -0.25188
20959.75391 -0.24278
20962.44531 -0.24653
20965.15039 -0.28614
20967.83203 -0.24658
20970.52734 -0.26778
20973.23242 -0.27587
20975.90234 -0.28488
20978.60938 -0.26288
20981.29297 -0.27052
20984.00000 -0.28795
20986.67383 -0.28028
20989.38086 -0.28393
20992.05273 -0.28653
20994.76172 -0.28314
20997.44727 -0.27646
21000.14453 -0.30812
21002.83203 -0.28703
21005.51758 -0.31277
21008.21680 -0.29571
21010.90430 -0.31291
21013.61523 -0.29143
21016.30273 -0.32676
21018.99219 -0.30121
21021.66797 -0.30468
21024.36914 -0.29294
21027.05859 -0.33111
21029.74805 -0.31986
21032.43945 -0.31009
21035.15234 -0.32202
21037.84375 -0.33409
21040.52344 -0.32591
21043.21289 -0.34846
21045.89453 -0.35028
21048.58789 -0.34698
21051.27930 -0.32974
21053.99414 -0.35624
21056.67578 -0.35632
21059.37109 -0.37061
21062.06445 -0.36727
21064.75977 -0.35775
21067.45312 -0.39591
21070.14844 -0.36299
21072.84375 -0.36784
21075.52734 -0.37201
21078.20117 -0.38072
21080.89648 -0.36592
21083.59375 -0.39906
21086.29102 -0.41759
21088.97656 -0.38484
21091.66211 -0.41095
21094.35938 -0.40399
21097.05859 -0.42430
21099.73438 -0.41101
21102.43359 -0.40242
21105.13281 -0.40557
21107.83398 -0.44188
21110.49805 -0.43880
21113.19922 -0.41311
21115.90039 -0.43683
21118.57812 -0.44914
21121.27930 -0.44642
21123.98047 -0.44817
21126.66016 -0.47181
21129.34961 -0.43668
21132.04102 -0.46491
21134.74414 -0.46721
21137.43750 -0.44754
21140.12891 -0.46336
21142.83398 -0.48655
21145.51562 -0.48618
21148.20898 -0.48236
21150.89062 -0.48340
21153.59570 -0.48157
21156.27734 -0.48592
21158.96289 -0.51197
21161.66797 -0.49447
21164.35352 -0.52065
21167.05859 -0.52979
21169.73242 -0.54216
21172.41602 -0.53514
21175.12695 -0.54295
21177.82227 -0.55085
21180.50781 -0.53660
21183.19336 -0.55373
21185.90430 -0.56560
21188.59180 -0.59588
21191.26758 -0.56906
21193.95312 -0.58163
21196.64258 -0.58041
21199.35352 -0.59212
21202.05273 -0.59444
21204.74219 -0.60177
21207.43164 -0.59112
21210.12109 -0.61385
21212.79883 -0.62543
21215.49023 -0.62942
21218.19336 -0.65043
21220.88281 -0.62392
21223.57422 -0.61608
21226.26562 -0.64589
21228.95703 -0.64252
21231.65039 -0.64276
21234.34375 -0.65777
21237.03711 -0.66516
21239.73047 -0.65808
21242.42188 -0.66733
21245.11719 -0.69948
21247.81055 -0.71883
21250.49414 -0.71599
21253.18945 -0.74181
21255.88477 -0.74643
21258.58008 -0.71436
21261.26562 -0.75084
21263.94922 -0.75842
21266.64648 -0.75349
21269.34375 -0.77096
21272.04102 -0.79266
21274.72656 -0.80476
21277.42578 -0.76429
21280.12305 -0.79822
21282.79883 -0.82513
21285.48633 -0.83033
21288.17383 -0.84447
21290.87500 -0.86041
21293.57422 -0.82530
21296.26172 -0.86954
21298.96289 -0.86658
21301.64062 -0.87716
21304.34375 -0.88168
21307.03320 -0.87732
21309.73633 -0.88089
21312.40234 -0.90114
21315.10547 -0.94363
21317.79688 -0.92821
21320.47656 -0.94747
21323.18164 -0.96153
21325.87500 -0.96784
21328.55469 -0.94437
21331.25977 -0.98206
21333.95312 -0.98732
21336.63477 -1.01362
21339.34180 -1.00591
21342.02539 -0.99685
21344.70703 -1.01776
21347.39258 -1.04419
21350.09961 -1.05499
21352.79492 -1.05562
21355.47852 -1.08222
21358.17578 -1.09946
21360.86133 -1.11487
21363.57031 -1.14239
21366.26758 -1.12779
21368.95312 -1.16385
21371.64062 -1.16713
21374.32812 -1.16883
21377.01562 -1.17101
21379.70117 -1.21257
21382.40234 -1.20960
21385.08984 -1.21755
21387.79102 -1.22826
21390.48047 -1.20892
21393.16797 -1.25745
21395.87109 -1.30260
21398.56055 -1.28948
21401.26367 -1.27310
21403.95312 -1.32195
21406.64453 -1.33637
21409.31250 -1.34551
21412.00391 -1.39364
21414.70703 -1.37873
21417.40039 -1.39769
21420.09180 -1.40562
21422.77344 -1.42673
21425.46680 -1.42947
21428.17188 -1.45061
21430.86719 -1.45885
21433.54883 -1.50678
21436.24414 -1.48388
21438.95117 -1.52519
21441.62305 -1.56121
21444.33008 -1.54024
21447.01367 -1.56126
21449.69922 -1.59257
21452.39648 -1.60657
21455.08203 -1.62075
21457.77930 -1.66041
21460.47656 -1.67353
21463.16211 -1.67689
21465.84961 -1.74277
21468.54688 -1.73485
21471.23633 -1.75596
21473.93359 -1.77953
21476.62305 -1.78671
21479.32227 -1.78678
21482.01172 -1.84694
21484.71289 -1.84930
21487.40234 -1.88640
21490.08008 -1.90963
21492.79297 -1.91627
21495.45898 -1.95528
21498.15039 -1.96776
21500.85352 -1.97587
21503.54492 -1.99020
21506.22461 -2.01416
21508.91602 -2.04807
21511.62109 -2.03233
21514.31445 -2.07331
21517.00781 -2.11530
21519.68945 -2.14792
21522.38281 -2.16362
21525.08789 -2.19108
21527.78125 -2.20945
21530.46680 -2.25400
21533.16016 -2.27327
21535.85547 -2.26464
21538.53906 -2.30317
21541.23438 -2.34373
21543.91992 -2.37205
21546.61719 -2.41810
21549.31445 -2.41587
21552.00000 -2.49138
21554.68555 -2.49277
21557.38477 -2.53199
21560.07031 -2.54829
21562.76953 -2.60874
21565.45703 -2.62367
21568.15625 -2.65491
21570.85547 -2.67724
21573.51953 -2.74170
21576.22070 -2.74368
21578.92188 -2.78966
21581.61133 -2.80748
21584.31250 -2.85566
21586.99023 -2.87068
21589.67969 -2.90592
21592.38281 -2.93214
21595.08594 -2.98323
21597.75391 -3.03191
21600.45703 -3.03863
21603.16211 -3.08230
21605.83008 -3.13856
21608.53516 -3.16577
21611.24023 -3.17736
21613.90820 -3.26323
21616.61523 -3.29440
21619.29688 -3.31293
21622.00195 -3.36254
21624.67383 -3.41890
21627.37891 -3.44634
21630.06445 -3.49067
21632.75977 -3.55128
21635.44336 -3.59987
21638.15234 -3.64183
21640.83789 -3.63800
21643.53320 -3.73978
21646.21875 -3.75631
21648.92969 -3.82160
21651.61328 -3.86152
21654.28906 -3.90440
21656.98828 -3.98974
21659.67578 -4.01756
21662.36328 -4.05976
21665.06250 -4.10267
21667.75000 -4.17011
21670.43750 -4.21797
21673.12695 -4.27057
21675.82812 -4.32481
21678.51758 -4.35939
21681.20703 -4.41449
21683.89844 -4.48064
21686.58789 -4.56442
21689.29102 -4.62266
21691.98242 -4.65655
21694.67383 -4.73254
21697.36523 -4.76496
21700.05859 -4.84106
21702.75000 -4.93288
21705.43164 -4.96858
21708.12500 -5.05083
21710.81836 -5.05229
21713.51172 -5.19055
21716.20508 -5.22512
21718.90039 -5.28346
21721.58398 -5.37504
21724.27734 -5.42417
21726.97461 -5.52635
21729.66992 -5.59761
21732.36523 -5.67028
21735.06250 -5.74692
21737.73438 -5.79508
21740.41992 -5.91647
21743.11719 -5.95197
21745.81641 -6.02828
21748.51367 -6.13680
21751.21289 -6.20618
21753.88672 -6.28559
21756.58594 -6.35524
21759.28516 -6.45026
21761.97266 -6.51845
21764.65039 -6.58524
21767.35156 -6.71290
21770.05273 -6.78729
21772.72852 -6.84892
21775.43164 -7.00570
21778.13281 -7.03746
21780.81055 -7.17875
21783.51367 -7.27528
21786.20312 -7.36280
21788.90625 -7.41818
21791.58594 -7.59249
21794.27930 -7.73162
21796.97070 -7.76237
21799.66211 -7.83947
21802.34375 -7.99840
21805.04883 -8.10222
21807.73047 -8.17960
21810.43750 -8.30866
21813.11914 -8.40127
21815.82422 -8.53489
21818.50781 -8.65515
21821.19141 -8.75819
21823.90039 -8.85965
21826.58203 -9.06006
21829.26562 -9.11983
21831.97461 -9.26558
21834.66016 -9.40220
21837.34570 -9.51633
21840.03125 -9.65094
21842.74023 -9.75867
21845.42773 -9.97297
21848.11328 -10.06942
21850.80078 -10.18161
21853.48828 -10.37553
21856.19922 -10.46158
21858.88672 -10.62324
21861.57617 -10.73465
21864.26367 -10.95383
21866.95312 -11.01909
21869.64258 -11.26443
21872.33203 -11.33028
21875.02148 -11.48578
21877.72266 -11.65179
21880.41406 -11.88705
21883.10547 -11.94331
21885.80664 -12.14017
21888.50000 -12.38085
21891.19141 -12.43519
21893.88281 -12.61287
21896.57617 -12.78751
21899.26758 -13.00919
21901.96094 -13.11669
21904.65430 -13.31984
21907.34961 -13.46580
21910.01953 -13.68368
21912.71289 -13.97695
21915.41992 -14.08944
21918.11523 -14.25753
21920.81055 -14.41950
21923.48242 -14.66918
21926.17969 -14.88064
21928.87500 -15.02907
21931.57227 -15.24685
21934.24609 -15.46052
21936.94336 -15.66508
21939.65234 -15.79922
21942.32617 -16.01366
21945.03711 -16.27299
21947.73633 -16.49384
21950.41016 -16.64266
21953.11133 -16.90344
21955.79688 -17.08346
21958.49805 -17.20200
21961.17383 -17.41463
21963.87500 -17.56922
21966.57617 -17.96164
21969.25391 -18.05887
21971.94336 -18.18078
21974.64453 -18.33689
21977.32422 -18.61525
21980.02734 -18.93598
21982.70508 -19.01927
21985.40820 -19.25943
21988.09961 -19.44246
21990.77930 -19.71737
21993.49609 -19.99824
21996.17773 -20.11302
21998.87109 -20.29917
22001.57617 -20.54615
22004.25586 -20.73074
22006.93945 -21.09059
22009.64648 -20.94212
22012.32812 -21.23526
22015.02344 -21.37424
22017.70703 -21.66730
22020.39062 -21.66380
22023.09766 -21.94095
22025.79492 -22.08471
22028.47852 -22.10207
22031.16406 -22.28052
22033.87305 -22.39272
22036.55859 -22.18120
22039.24414 -22.39647
22041.92969 -22.54342
22044.62891 -22.34558
22047.33984 -22.67436
22050.00391 -22.37487
