2.69198 2.29352
5.38396 6.40572
8.07594 4.44736
10.76791 -0.37602
13.45990 -4.23653
16.15188 1.88158
18.84385 5.29073
21.53583 6.94869
24.22782 7.32217
26.91980 6.15381
29.61178 3.67000
32.30375 -0.27155
34.99574 -5.01517
37.68771 -4.23002
40.37969 -1.74317
43.07167 -1.53625
45.76365 -2.48330
48.45564 -3.62446
51.14761 -3.51080
53.83958 -1.22262
56.53158 0.67019
59.22356 1.73502
61.91553 1.86361
64.60751 0.77000
67.29950 -1.69308
69.99148 -4.80185
72.68346 -5.26444
75.37544 -1.96239
78.06740 0.20717
80.75941 0.98189
83.45135 0.83255
86.14335 0.23595
88.83533 -0.12868
91.52733 0.41630
94.21931 1.32254
96.91129 1.62165
99.60326 1.15698
102.29522 0.27756
104.98720 -1.31974
107.67921 -2.24922
110.37118 -1.76151
113.06315 -0.33686
115.75513 0.86943
118.44709 1.43044
121.13909 1.41044
123.83107 0.73316
126.52303 -0.23076
129.21504 -0.59278
131.90698 -0.27943
134.59901 0.15585
137.29097 0.21000
139.98297 -0.55699
142.67494 -1.41557
145.36693 -1.50595
148.05890 -0.59582
150.75082 0.62249
153.44281 1.38024
156.13481 1.65896
158.82683 1.34966
161.51878 0.69528
164.21075 0.05202
166.90273 -0.24418
169.59470 -0.08844
172.28671 0.28579
174.97871 0.60552
177.67072 0.54874
180.36266 0.15850
183.05463 -0.02586
185.74658 0.27836
188.43863 0.89188
191.13058 1.37467
193.82259 1.33400
196.51457 0.71409
199.20654 0.01696
201.89848 -0.77344
204.59045 -1.06533
207.28242 -0.65047
209.97449 -0.09749
212.66635 0.28281
215.35838 0.32741
218.05037 0.15194
220.74231 0.01066
223.43425 0.03783
226.12625 0.35252
228.81827 0.57160
231.51025 0.64762
234.20226 0.26887
236.89429 -0.39219
239.58621 -0.92017
242.27821 -0.79621
244.97020 -0.17389
247.66219 0.51098
250.35406 0.84288
253.04608 0.83081
255.73814 0.50768
258.43018 0.21744
261.12207 -0.03319
263.81409 -0.02296
266.50595 0.15880
269.19803 0.07467
271.88986 -0.16577
274.58203 -0.55082
277.27396 -0.80997
279.96582 -0.64421
282.65771 -0.25426
285.34985 0.32161
288.04184 0.59663
290.73383 0.52936
293.42584 0.04372
296.11777 -0.52410
298.80994 -0.81402
301.50174 -0.65366
304.19376 -0.23344
306.88571 -0.17546
309.57773 -0.12839
312.26950 -0.32137
314.96167 -0.36912
317.65369 0.04119
320.34552 0.23171
323.03763 0.69358
325.72964 0.67651
328.42154 0.40247
331.11353 0.11807
333.80539 -0.45320
336.49753 -0.64315
339.18942 -0.40859
341.88162 0.04731
344.57346 0.39922
347.26532 0.24941
349.95743 0.11513
352.64935 -0.09233
355.34125 -0.04131
358.03333 0.21810
360.72534 0.30352
363.41748 0.30143
366.10938 -0.02705
368.80121 -0.37859
371.49323 -0.64013
374.18536 -0.68219
376.87717 -0.26273
379.56915 0.17477
382.26108 0.49428
384.95306 0.56011
387.64508 0.40454
390.33707 0.23525
393.02917 0.09259
395.72095 0.13692
398.41324 0.25962
401.10489 0.31494
403.79700 0.21757
406.48886 0.00542
409.18097 -0.19780
411.87299 -0.12230
414.56500 0.24218
417.25699 0.55920
419.94888 0.67040
422.64078 0.67234
425.33264 0.40993
428.02493 0.09099
430.71680 -0.17368
433.40894 -0.16622
436.10092 -0.01661
438.79272 0.05857
441.48468 0.11729
444.17682 -0.06122
446.86871 -0.16726
449.56082 -0.11417
452.25253 0.19413
454.94440 0.41663
457.63647 0.57692
460.32877 0.34577
463.02066 0.01748
465.71268 -0.33176
468.40442 -0.31713
471.09644 -0.19062
473.78864 0.03152
476.48071 0.19132
479.17233 0.26965
481.86435 0.26926
484.55661 0.20345
487.24838 0.14926
489.94034 0.19683
492.63223 0.40517
495.32428 0.34089
498.01627 0.17040
500.70828 -0.12865
503.40051 -0.38782
506.09219 -0.47391
508.78406 -0.25258
511.47644 0.05921
514.16846 0.18880
516.86011 0.24789
519.55219 0.10118
522.24390 -0.05560
524.93640 -0.16976
527.62793 -0.12941
530.31989 -0.03175
533.01215 -0.02325
535.70422 -0.12840
538.39600 -0.25807
541.08795 -0.34190
543.77991 -0.27726
546.47205 -0.08058
549.16400 0.21794
551.85583 0.46510
554.54779 0.39634
557.24005 0.23738
559.93182 -0.08531
562.62396 -0.21331
565.31567 -0.17999
568.00781 0.01570
570.69989 0.06241
573.39191 0.04193
576.08356 -0.06870
578.77545 -0.13824
581.46783 -0.03473
584.15961 0.14401
586.85193 0.26739
589.54370 0.30848
592.23572 0.23278
594.92773 -0.03376
597.61975 -0.25073
600.31146 -0.35932
603.00342 -0.29481
605.69543 -0.00905
608.38745 0.10827
611.07965 0.19763
613.77167 0.09369
616.46338 -0.00685
619.15533 0.03839
621.84705 0.11877
624.53918 0.27044
627.23132 0.30407
629.92358 0.15012
632.61560 -0.00609
635.30762 -0.13302
637.99915 -0.17671
640.69092 0.02162
643.38336 0.24670
646.07550 0.39183
648.76740 0.43538
651.45917 0.34999
654.15125 0.15993
656.84296 0.04612
659.53528 0.04901
662.22729 0.08200
664.91901 0.18460
667.61108 0.06878
670.30328 -0.07923
672.99500 -0.18073
675.68701 -0.12360
678.37872 0.01099
681.07104 0.20784
683.76312 0.33197
686.45496 0.27340
689.14679 0.06966
691.83893 -0.01458
694.53046 -0.09114
697.22260 -0.06775
699.91516 -0.02463
702.60693 0.12605
705.29895 0.10953
707.99078 0.12344
710.68286 0.08552
713.37482 0.09742
716.06647 0.17426
718.75879 0.30529
721.45062 0.37587
724.14240 0.26333
726.83441 0.03113
729.52679 -0.12281
732.21863 -0.19715
734.91077 -0.10016
737.60266 0.03727
740.29468 0.03533
742.98669 0.05234
745.67871 0.07090
748.37024 0.02574
751.06281 -0.01654
753.75458 0.00646
756.44617 0.06686
759.13861 -0.01088
761.83020 0.01395
764.52240 -0.10592
767.21417 -0.21692
769.90649 -0.26211
772.59802 -0.15360
775.29041 -0.04261
777.98206 0.18882
780.67438 0.20504
783.36621 0.13420
786.05817 0.02521
788.75043 -0.01817
791.44220 0.02261
794.13403 0.03394
796.82635 0.10235
799.51849 0.01111
802.21002 -0.09020
804.90234 -0.07994
807.59387 -0.02410
810.28638 -0.01300
812.97766 0.16662
815.67017 0.21991
818.36224 0.18748
821.05365 0.07841
823.74591 -0.08719
826.43781 -0.13380
829.12982 -0.10217
831.82208 -0.01911
834.51379 0.03103
837.20551 -0.00962
839.89807 -0.08268
842.59009 -0.07975
845.28186 -0.00983
847.97388 0.07365
850.66559 0.17795
853.35779 0.19054
856.05023 0.16060
858.74164 0.05868
861.43390 -0.00207
864.12567 -0.00862
866.81769 -0.01972
869.50958 0.08684
872.20166 0.16951
874.89337 0.19267
877.58527 0.22040
880.27777 0.12079
882.96973 0.12926
885.66162 0.11465
888.35345 0.17039
891.04517 0.20079
893.73724 0.16496
896.42950 0.04893
899.12103 -0.07442
901.81366 -0.06508
904.50543 -0.03748
907.19781 0.10775
909.88910 0.14185
912.58154 0.12865
915.27325 0.13612
917.96539 0.13290
920.65735 0.05084
923.34918 0.01201
926.04065 0.06865
928.73340 0.11963
931.42523 0.08014
934.11719 0.06437
936.80914 0.03777
939.50122 -0.01843
942.19330 0.11338
944.88519 0.19846
947.57709 0.17636
950.26874 0.18706
952.96082 0.15787
955.65356 0.08932
958.34509 0.03611
961.03674 0.03774
963.72913 0.05960
966.42102 0.03105
969.11249 0.06562
971.80457 0.07658
974.49664 0.05925
977.18909 -0.01097
979.88098 0.03902
982.57330 0.06629
985.26489 0.07967
987.95679 0.01710
990.64893 -0.00428
993.34082 -0.07023
996.03284 -0.06095
998.72461 -0.08346
1001.41699 -0.01749
1004.10828 -0.00897
1006.80029 0.03672
1009.49286 -0.00889
1012.18481 -0.01657
1014.87671 0.05580
1017.56854 0.00976
1020.26074 0.07337
1022.95215 0.07436
1025.64453 0.06886
1028.33667 0.03004
1031.02795 0.01912
1033.72058 0.07888
1036.41235 -0.02590
1039.10425 0.02941
1041.79614 0.09951
1044.48828 0.11386
1047.17981 0.06413
1049.87195 -0.02404
1052.56421 0.01419
1055.25623 0.01665
1057.94824 -0.01770
1060.64014 -0.00371
1063.33252 -0.04239
1066.02466 -0.04584
1068.71594 -0.07333
1071.40820 -0.07696
1074.09961 0.00831
1076.79187 0.01850
1079.48364 0.07522
1082.17566 0.09073
1084.86853 0.06663
1087.56018 0.07859
1090.25208 0.00915
1092.94446 0.00153
1095.63586 0.01529
1098.32776 0.11240
1101.02026 0.07607
1103.71216 0.06038
1106.40381 0.05542
1109.09607 0.10191
1111.78748 0.14753
1114.47986 0.15707
1117.17151 0.18743
1119.86401 0.18022
1122.55566 0.12812
1125.24829 0.09279
1127.93933 0.05814
1130.63184 0.02823
1133.32373 0.02243
1136.01538 0.01152
1138.70776 0.07155
1141.40027 0.09019
1144.09216 0.08509
1146.78418 0.06150
1149.47546 0.06515
1152.16760 0.08144
1154.86011 0.14030
1157.55139 0.04076
1160.24377 0.08162
1162.93555 0.02244
1165.62708 0.04211
1168.31897 0.03883
1171.01086 0.09529
1173.70361 0.13671
1176.39490 0.09805
1179.08777 0.14003
1181.77905 0.12647
1184.47131 0.10482
1187.16382 0.10688
1189.85522 0.06798
1192.54688 0.09372
1195.23926 0.13098
1197.93188 0.07479
1200.62341 0.03881
1203.31555 0.00498
1206.00720 0.03543
1208.69897 0.04506
1211.39124 0.07185
1214.08301 0.07142
1216.77527 0.03851
1219.46692 0.04716
1222.15906 0.00273
1224.85120 -0.00871
1227.54309 -0.04622
1230.23499 -0.00907
1232.92725 0.01653
1235.61926 0.01874
1238.31116 0.04187
1241.00330 -0.00918
1243.69458 -0.02074
1246.38696 0.03348
1249.07886 0.07412
1251.77051 0.11719
1254.46240 0.08511
1257.15527 0.05751
1259.84692 0.03286
1262.53882 0.01232
1265.23096 0.01933
1267.92261 0.00025
1270.61426 0.08138
1273.30615 0.06201
1275.99878 0.04904
1278.69092 0.05617
1281.38232 0.05333
1284.07446 0.00699
1286.76721 -0.00821
1289.45862 0.02890
1292.15002 0.05704
1294.84265 -0.03868
1297.53455 -0.03619
1300.22644 -0.06716
1302.91882 -0.00737
1305.61023 -0.00993
1308.30237 0.04675
1310.99414 0.05968
1313.68640 0.07286
1316.37781 0.04442
1319.07104 0.04508
1321.76172 0.04905
1324.45435 0.05280
1327.14600 0.03106
1329.83850 0.05463
1332.53003 0.10113
1335.22266 0.04404
1337.91394 0.07318
1340.60645 0.06934
1343.29761 0.08705
1345.99048 0.12191
1348.68201 0.15278
1351.37463 0.17906
1354.06580 0.09955
1356.75793 0.05171
1359.44946 0.06048
1362.14185 0.10116
1364.83362 0.08707
1367.52600 0.06487
1370.21790 0.04958
1372.91040 0.03605
1375.60229 0.03813
1378.29407 0.04934
1380.98584 0.05794
1383.67834 0.07938
1386.36914 0.09485
1389.06140 0.06084
1391.75439 0.07529
1394.44580 0.03709
1397.13757 0.05971
1399.83008 0.04673
1402.52148 0.07456
1405.21350 0.10846
1407.90527 0.09383
1410.59766 0.10160
1413.28979 0.08126
1415.98218 0.13810
1418.67358 0.11164
1421.36621 0.13260
1424.05762 0.10867
1426.74951 0.12825
1429.44165 0.08350
1432.13281 0.05687
1434.82581 0.07861
1437.51819 0.05369
1440.20862 0.04804
1442.90173 0.03239
1445.59412 0.04220
1448.28552 0.08358
1450.97766 0.05846
1453.66931 0.01065
1456.36121 0.04092
1459.05322 0.03477
1461.74561 0.00240
1464.43701 0.01755
1467.12952 -0.03454
1469.82129 -0.00009
1472.51392 0.00168
1475.20508 0.04168
1477.89709 0.07137
1480.58911 0.03187
1483.28101 0.04319
1485.97314 0.07684
1488.66516 0.05171
1491.35791 0.05150
1494.04907 0.07573
1496.74097 0.05231
1499.43274 0.07416
1502.12439 0.04263
1504.81677 0.04794
1507.50989 0.04214
1510.20105 -0.01159
1512.89294 0.03781
1515.58545 0.05719
1518.27698 0.03813
1520.96826 0.02406
1523.66089 0.00620
1526.35254 0.03986
1529.04553 0.00769
1531.73730 -0.01534
1534.42883 0.03036
1537.12012 -0.02522
1539.81348 -0.01927
1542.50476 -0.01979
1545.19653 -0.00932
1547.88892 0.00045
1550.58069 0.00894
1553.27283 0.02444
1555.96460 0.06032
1558.65601 0.05745
1561.34778 0.10221
1564.04053 0.05650
1566.73303 0.04096
1569.42407 0.04554
1572.11707 0.07833
1574.80872 0.10898
1577.49963 0.09902
1580.19263 0.10563
1582.88489 0.08650
1585.57593 0.05517
1588.26868 0.07361
1590.96082 0.09444
1593.65234 0.06559
1596.34399 0.06157
1599.03577 0.05604
1601.72778 0.03772
1604.42078 0.00849
1607.11206 -0.00025
1609.80518 0.03931
1612.49585 0.03604
1615.18835 0.08578
1617.88000 0.06086
1620.57251 0.08561
1623.26416 0.03056
1625.95581 0.04262
1628.64844 0.08458
1631.34009 0.07440
1634.03174 0.07097
1636.72412 0.06079
1639.41650 0.04737
1642.10791 0.08471
1644.79932 0.10745
1647.49243 0.13700
1650.18347 0.12190
1652.87524 0.14112
1655.56787 0.09404
1658.25952 0.05958
1660.95166 0.02028
1663.64380 0.08771
1666.33557 0.09843
1669.02722 0.10131
1671.71960 0.06664
1674.41174 0.04298
1677.10339 0.03468
1679.79590 0.02406
1682.48804 0.03167
1685.18079 0.08207
1687.87134 0.05116
1690.56348 0.00571
1693.25610 0.01101
1695.94739 0.01849
1698.64014 0.01000
1701.33179 -0.02113
1704.02380 -0.01017
1706.71448 0.03195
1709.40845 0.08552
1712.09912 0.04453
1714.79126 0.04764
1717.48389 0.05231
1720.17603 0.04883
1722.86670 0.08172
1725.55872 0.02670
1728.25098 0.05106
1730.94299 0.04896
1733.63611 0.04229
1736.32776 0.03225
1739.01892 -0.00520
1741.71118 0.05371
1744.40295 0.08904
1747.09509 0.01045
1749.78748 0.04713
1752.47925 0.03258
1755.17029 0.01631
1757.86255 0.00849
1760.55615 -0.01465
1763.24707 0.02877
1765.93921 0.00211
1768.63147 0.03685
1771.32300 0.02784
1774.01477 -0.01470
1776.70679 0.02214
1779.39868 0.00443
1782.09106 0.07533
1784.78357 0.03299
1787.47412 0.06075
1790.16687 0.04381
1792.85864 0.02750
1795.55164 0.04078
1798.24280 0.05491
1800.93494 0.08853
1803.62805 0.06415
1806.31836 0.04535
1809.01062 0.12665
1811.70300 0.09895
1814.39429 0.07129
1817.08765 0.10571
1819.77905 0.08509
1822.47034 0.08312
1825.16272 0.06238
1827.85498 0.05265
1830.54712 0.02924
1833.23950 0.05597
1835.93042 0.06531
1838.62256 0.06887
1841.31445 0.08330
1844.00623 0.04285
1846.69897 0.03851
1849.39050 0.06838
1852.08203 0.04002
1854.77332 0.06448
1857.46643 0.03593
1860.15942 0.02474
1862.85010 0.04637
1865.54272 0.09076
1868.23401 0.12352
1870.92712 0.08204
1873.61804 0.08933
1876.31079 0.14185
1879.00208 0.16566
1881.69421 0.13367
1884.38623 0.08752
1887.07776 0.14170
1889.77002 0.07551
1892.46216 0.03770
1895.15479 0.03100
1897.84619 0.04651
1900.53711 0.08532
1903.22998 0.05847
1905.92224 0.07460
1908.61426 0.03529
1911.30566 0.02893
1913.99805 0.04622
1916.69080 0.07781
1919.38110 0.03933
1922.07422 0.07367
1924.76575 0.02015
1927.45886 0.01246
1930.14954 0.03072
1932.84167 0.02572
1935.53357 0.05201
1938.22583 0.01798
1940.91858 0.01474
1943.60974 0.05017
1946.30164 -0.01480
1948.99390 0.08613
1951.68567 0.06454
1954.37781 0.04116
1957.06946 0.02806
1959.76160 0.05910
1962.45422 0.08289
1965.14624 0.02790
1967.83752 0.04136
1970.52942 0.02917
1973.22058 0.02583
1975.91321 0.04556
1978.60522 0.05577
1981.29858 0.04752
1983.98914 0.06006
1986.68127 0.00132
1989.37378 0.04282
1992.06543 -0.02304
1994.75757 0.02959
1997.44983 0.00933
2000.14160 -0.01631
2002.83252 0.01280
2005.52478 0.01336
2008.21741 0.00721
2010.90930 0.03611
2013.60144 0.02126
2016.29382 0.03946
2018.98535 0.00760
2021.67712 0.04001
2024.36926 0.03278
2027.06165 0.00965
2029.75305 0.08465
2032.44470 0.04800
2035.13672 0.07740
2037.82874 0.06786
2040.52100 0.06830
2043.21362 0.06177
2045.90515 0.05573
2048.59692 0.06960
2051.29004 0.07177
2053.98071 0.06208
2056.67310 0.06774
2059.36548 0.08002
2062.05664 0.07229
2064.74829 0.05962
2067.44092 0.00670
2070.13257 0.05473
2072.82544 0.00672
2075.51611 0.05939
2078.20801 0.06906
2080.90112 0.04947
2083.59326 0.03940
2086.28516 0.06898
2088.97729 0.08265
2091.66943 0.06868
2094.36035 0.03728
2097.05249 0.06209
2099.74463 0.07227
2102.43677 0.07677
2105.12891 0.07586
2107.82007 0.06869
2110.51318 0.11973
2113.20410 0.07385
2115.89600 0.11035
2118.58813 0.11863
2121.28125 0.11137
2123.97168 0.10842
2126.66357 0.08407
2129.35620 0.08266
2132.04785 0.10760
2134.74023 0.04973
2137.43286 0.03779
2140.12500 0.05769
2142.81616 0.07086
2145.50928 0.09526
2148.19995 0.05799
2150.89160 0.03247
2153.58447 0.07216
2156.27686 0.02946
2158.96802 0.03473
2161.66138 0.03217
2164.35229 0.02769
2167.04395 0.04542
2169.73657 0.03644
2172.42896 0.02783
2175.12012 0.03368
2177.81201 0.03688
2180.50488 0.06180
2183.19507 0.03266
2185.88867 0.05238
2188.58081 0.07000
2191.27246 0.07148
2193.96387 0.08507
2196.65649 0.05441
2199.34839 0.06100
2202.04028 0.08574
2204.73145 0.07837
2207.42383 0.04915
2210.11572 0.02020
2212.80859 0.04260
2215.50073 0.02416
2218.19165 0.04159
2220.88452 0.06798
2223.57568 0.00041
2226.26782 0.03251
2228.95947 0.03349
2231.65186 0.02541
2234.34375 -0.00529
2237.03540 -0.01507
2239.72778 0.04859
2242.41968 0.00690
2245.11230 0.03961
2247.80444 0.03364
2250.49512 0.04811
2253.18750 0.03568
2255.87939 0.03535
2258.57104 0.06284
2261.26318 0.06792
2263.95483 0.06359
2266.64868 0.05905
2269.34033 0.08287
2272.03174 0.08698
2274.72241 0.04814
2277.41650 0.05225
2280.10742 0.06113
2282.79883 0.08560
2285.49121 0.07532
2288.18286 0.07038
2290.87622 0.06326
2293.56787 0.03692
2296.25903 0.06890
2298.95190 0.06194
2301.64307 0.07986
2304.33472 0.02912
2307.02832 0.03170
2309.71851 0.03166
2312.41089 0.05228
2315.10376 0.04053
2317.79590 0.00957
2320.48730 0.05666
2323.17920 0.04881
2325.87061 0.06213
2328.56372 0.06461
2331.25488 0.06002
2333.94800 0.07878
2336.63892 0.07685
2339.33154 0.10512
2342.02246 0.11244
2344.71509 0.10805
2347.40820 0.07303
2350.09790 0.08991
2352.79077 0.06829
2355.48267 0.10584
2358.17529 0.07359
2360.86694 0.09057
2363.55908 0.06058
2366.25024 0.10087
2368.94214 0.06402
2371.63452 0.08389
2374.32715 0.05145
2377.01904 0.06358
2379.71143 0.04501
2382.40405 0.08987
2385.09473 0.04216
2387.78809 0.06378
2390.47827 0.05134
2393.17114 0.00057
2395.86230 0.03805
2398.55469 0.03795
2401.24634 0.01788
2403.93970 0.05023
2406.62939 0.01916
2409.32227 0.06155
2412.01416 0.05613
2414.70630 0.07493
2417.39746 0.07993
2420.08887 0.07901
2422.78345 0.04949
2425.47437 0.07591
2428.16675 0.06299
2430.85840 0.03578
2433.55029 0.04589
2436.24097 0.07606
2438.93481 0.03118
2441.62622 0.05656
2444.31909 0.02995
2447.00977 0.06458
2449.70190 0.03720
2452.39453 0.01097
2455.08594 0.01171
2457.77759 0.00972
2460.46948 0.03013
2463.16162 0.01805
2465.85400 -0.00944
2468.54663 0.03074
2471.23804 0.03409
2473.92969 0.03093
2476.62183 0.02160
2479.31396 0.01783
2482.00488 0.03461
2484.69727 0.05499
2487.39014 0.03927
2490.08154 0.03332
2492.77490 0.02833
2495.46533 0.07692
2498.15723 0.03298
2500.84961 0.06410
2503.54199 0.04966
2506.23438 0.04843
2508.92578 0.06558
2511.61719 0.05346
2514.31006 0.07108
2517.00317 0.07372
2519.69336 0.03905
2522.38525 0.05563
2525.07715 0.02968
2527.76929 0.06990
2530.46143 0.04035
2533.15503 0.03372
2535.84619 0.05427
2538.53711 0.06343
2541.22949 0.04781
2543.92065 0.09485
2546.61328 0.05596
2549.30591 0.04911
2551.99731 0.03570
2554.68872 0.04990
2557.38135 0.04283
2560.07275 0.05982
2562.76562 0.06762
2565.45679 0.06237
2568.14966 0.08118
2570.84277 0.05846
2573.53394 0.10172
2576.22412 0.08719
2578.91675 0.09618
2581.60815 0.11222
2584.30103 0.04959
2586.99219 0.07882
2589.68481 0.10093
2592.37622 0.08249
2595.06885 0.06982
2597.76123 0.06485
2600.45239 0.05831
2603.14478 0.07043
2605.83716 0.05954
2608.52930 0.05318
2611.21997 0.05649
2613.91357 0.05568
2616.60571 0.07287
2619.29736 0.05499
2621.98779 0.03492
2624.68237 0.04051
2627.37231 -0.00238
2630.06519 0.01431
2632.75659 0.05183
2635.45044 0.07528
2638.13989 0.06626
2640.83228 0.05688
2643.52441 0.04032
2646.21655 0.06431
2648.90820 0.08328
2651.59985 0.10333
2654.29297 0.06433
2656.98413 0.05709
2659.67676 0.04793
2662.36890 0.07401
2665.06104 0.04429
2667.75293 0.04281
2670.44336 0.02774
2673.13623 0.03843
2675.82764 0.07102
2678.52148 0.05106
2681.21240 0.05118
2683.90576 0.03441
2686.59619 0.04042
2689.28906 0.01468
2691.98047 0.04648
2694.67285 0.01964
2697.36523 0.03811
2700.05688 -0.00941
2702.74878 0.01906
2705.44019 0.02294
2708.13135 0.01716
2710.82495 0.01903
2713.51538 0.05345
2716.20850 0.05830
2718.90015 0.03762
2721.59253 0.03490
2724.28467 0.04625
2726.97510 0.02845
2729.66821 0.06531
2732.35938 0.04878
2735.05298 0.06959
2737.74365 0.05803
2740.43677 0.06255
2743.12793 0.05872
2745.82056 0.03976
2748.51245 0.05398
2751.20410 0.08758
2753.89526 0.07257
2756.58765 0.07254
2759.27979 0.04535
2761.97144 0.03301
2764.66406 0.02820
2767.35474 -0.00481
2770.04785 0.05581
2772.73950 0.02805
2775.43188 0.07823
2778.12427 0.04408
2780.81543 0.03758
2783.50854 0.04641
2786.20093 0.08190
2788.89258 0.06796
2791.58374 0.06462
2794.27612 0.04613
2796.96680 0.05677
2799.65967 0.06843
2802.35205 0.09968
2805.04395 0.07157
2807.73560 0.06696
2810.42676 0.05328
2813.12036 0.08750
2815.81201 0.12783
2818.50415 0.09953
2821.19482 0.05169
2823.88794 0.06679
2826.57886 0.07457
2829.27246 0.08770
2831.96387 0.05636
2834.65649 0.07963
2837.34668 0.05717
2840.03931 0.05154
2842.73047 0.07099
2845.42358 0.05878
2848.11475 0.04648
2850.80688 0.05219
2853.50000 0.03459
2856.19092 0.08215
2858.88452 0.06208
2861.57593 0.02868
2864.26660 0.01234
2866.95996 0.05851
2869.65088 0.04795
2872.34277 0.04610
2875.03589 0.04310
2877.72656 0.04319
2880.41821 0.01672
2883.11084 0.06962
2885.80444 0.05978
2888.49414 0.06772
2891.18799 0.06168
2893.87793 0.07179
2896.57202 0.06756
2899.26367 0.05889
2901.95654 0.06681
2904.64697 0.05929
2907.33984 0.04982
2910.03223 0.07307
2912.72192 0.05161
2915.41455 0.02194
2918.10791 0.01053
2920.79834 0.01698
2923.48877 0.04425
2926.18311 0.03095
2928.87500 0.04044
2931.56641 0.01542
2934.25830 0.01279
2936.95142 -0.00407
2939.64209 0.04313
2942.33496 0.03196
2945.02734 0.02670
2947.71729 0.01566
2950.41113 0.03887
2953.10449 0.06374
2955.79346 0.05662
2958.48511 0.04803
2961.17920 0.04709
2963.86914 0.04342
2966.56177 0.04177
2969.25513 0.02021
2971.94580 0.05353
2974.63892 0.04944
2977.32959 0.03981
2980.02295 0.08540
2982.71387 0.06590
2985.40527 0.07244
2988.09912 0.05752
2990.78931 0.03603
2993.48315 0.01985
2996.17456 0.04095
2998.86646 0.05817
3001.55786 0.06476
3004.24976 0.05295
3006.94116 0.04049
3009.63477 0.03416
3012.32568 0.05153
3015.01904 0.08312
3017.70996 0.02497
3020.40332 0.04174
3023.09399 0.03880
3025.78687 0.04157
3028.47754 0.04378
3031.16895 0.06420
3033.86084 0.08462
3036.55518 0.07974
3039.24512 0.09985
3041.93750 0.08544
3044.63086 0.07886
3047.32153 0.10161
3050.01245 0.07126
3052.70605 0.10000
3055.39697 0.10285
3058.09033 0.06685
3060.78101 0.05680
3063.47437 0.07570
3066.16626 0.06794
3068.85718 0.08514
3071.54883 0.09340
3074.24121 0.06458
3076.93457 0.04863
3079.62646 0.06087
3082.31763 0.06748
3085.01074 0.05384
3087.70142 0.06016
3090.39282 0.06011
3093.08643 0.08042
3095.77881 0.03373
3098.46875 0.03462
3101.16064 0.02282
3103.85376 0.04597
3106.54541 0.06236
3109.23755 0.08497
3111.93066 0.09731
3114.62061 0.08241
3117.31323 0.06634
3120.00464 0.05911
3122.69653 0.03757
3125.38916 0.04654
3128.08252 0.08267
3130.77271 0.07125
3133.46387 0.07520
3136.15698 0.08770
3138.84741 0.08490
3141.54199 0.03319
3144.23340 0.05449
3146.92407 0.04616
3149.61841 0.06484
3152.31006 0.02756
3155.00024 0.02531
3157.69336 -0.00546
3160.38452 0.01372
3163.07690 0.04650
3165.76953 0.02071
3168.45923 0.03999
3171.15283 0.02332
3173.84546 0.06117
3176.53882 0.03448
3179.22876 0.02019
3181.91943 0.03234
3184.61230 0.04339
3187.30444 0.07031
3189.99634 0.04309
3192.68774 0.03568
3195.38086 0.02492
3198.07300 0.04593
3200.76367 0.02909
3203.45483 0.08769
3206.14844 0.06773
3208.84082 0.07772
3211.53394 0.05846
3214.22559 0.05850
3216.91577 0.06565
3219.60815 0.09920
3222.30103 0.05540
3224.99316 0.05447
3227.68335 0.05393
3230.37793 0.04323
3233.06934 0.04068
3235.76099 0.04074
3238.45166 0.03722
3241.14429 0.07017
3243.83765 0.04858
3246.52783 0.03977
3249.22021 0.06063
3251.91284 0.04760
3254.60449 0.02921
3257.29614 0.03227
3259.98853 0.05000
3262.67944 0.07805
3265.37280 0.03732
3268.06470 0.07981
3270.75708 0.05912
3273.44775 0.04471
3276.13892 0.11112
3278.83057 0.08369
3281.52466 0.07285
3284.21533 0.08842
3286.90820 0.09395
3289.59985 0.09169
3292.29199 0.06941
3294.98413 0.06490
3297.67676 0.07765
3300.36816 0.06438
3303.05981 0.05820
3305.75171 0.06083
3308.44238 0.07738
3311.13696 0.06907
3313.82837 0.02772
3316.52002 0.06722
3319.21240 0.05879
3321.90454 0.03646
3324.59570 0.07042
3327.28687 0.04940
3329.98047 0.06199
3332.67261 0.02140
3335.36328 0.05982
3338.05591 0.09734
3340.74707 0.08409
3343.44043 0.07898
3346.13037 0.07816
3348.82275 0.05131
3351.51538 0.04745
3354.20630 0.05291
3356.90137 0.07350
3359.59302 0.06658
3362.28296 0.07685
3364.97534 0.04753
3367.66797 0.04412
3370.35889 0.07958
3373.05029 0.08118
3375.74390 0.09983
3378.43579 0.03535
3381.12817 0.05445
3383.82056 0.04601
3386.51343 0.03673
3389.20483 0.03719
3391.89600 0.03078
3394.58765 0.03234
3397.28174 -0.00695
3399.97046 0.03766
3402.66309 0.03797
3405.35571 0.04384
3408.04688 0.03987
3410.74023 0.00383
3413.43018 0.03085
3416.12231 0.03800
3418.81616 0.03731
3421.50684 0.05226
3424.19946 0.06836
3426.89087 0.04416
3429.58203 0.06224
3432.27539 0.05696
3434.96533 0.06196
3437.65918 0.05123
3440.35132 0.04466
3443.04370 0.05798
3445.73462 0.10436
3448.42725 0.01467
3451.11865 0.04066
3453.81006 0.03890
3456.50171 0.05392
3459.19531 0.02827
3461.88721 0.05253
3464.57764 0.00339
3467.27148 0.03731
3469.96411 0.03558
3472.65308 0.03348
3475.34766 0.02888
3478.03906 0.04987
3480.73242 0.07248
3483.42212 0.04212
3486.11377 0.04819
3488.80737 0.06973
3491.49731 0.02704
3494.19165 0.03412
3496.88403 0.06258
3499.57617 0.05913
3502.26685 0.05868
3504.95776 0.07122
3507.65088 0.06303
3510.34180 0.08184
3513.03516 0.06885
3515.72656 0.08342
3518.41821 0.06367
3521.10986 0.07481
3523.80151 0.08525
3526.49536 0.08194
3529.18726 0.04681
3531.87769 0.09208
3534.57007 0.06508
3537.26416 0.04765
3539.95459 0.05626
3542.64526 0.06771
3545.33789 0.04430
3548.03076 0.06005
3550.72192 0.06915
3553.41479 0.03757
3556.10571 0.08337
3558.79883 0.04485
3561.48999 0.03878
3564.18140 0.05248
3566.87500 0.04354
3569.56641 0.04909
3572.26001 0.08649
3574.94971 0.04685
3577.64331 0.08528
3580.33301 0.08617
3583.02686 0.05972
3585.71899 0.08179
3588.41064 0.06535
3591.10059 0.07109
3593.79492 0.06349
3596.48682 0.03072
3599.17871 0.07934
3601.87109 0.08017
3604.56104 0.06027
3607.25342 0.06603
3609.94580 0.06522
3612.63794 0.05549
3615.33032 0.06213
3618.02075 0.06337
3620.71289 0.04119
3623.40527 0.04237
3626.09766 0.03756
3628.78979 0.02378
3631.48218 0.05705
3634.17261 0.00526
3636.86523 0.04904
3639.55737 0.03171
3642.24976 0.02796
3644.94019 0.02230
3647.63452 0.03475
3650.32471 0.05246
3653.01904 0.05480
3655.70947 0.04271
3658.39966 0.05088
3661.09375 0.05550
3663.78394 0.04123
3666.47632 0.04901
3669.17017 0.04612
3671.86035 0.08036
3674.55444 0.07139
3677.24658 0.07075
3679.93848 0.01733
3682.62817 0.06836
3685.32202 0.05210
3688.01367 0.05296
3690.70581 0.02779
3693.39746 0.04844
3696.08911 0.04256
3698.78223 0.04989
3701.47388 0.05014
3704.16528 0.04618
3706.85864 0.03650
3709.54785 0.05446
3712.24097 0.03221
3714.93433 0.03342
3717.62524 0.06039
3720.31592 0.06309
3723.00879 0.04424
3725.70142 0.05796
3728.39209 0.04637
3731.08472 0.03979
3733.77905 0.05386
3736.46948 0.09037
3739.16357 0.11468
3741.85181 0.04223
3744.54370 0.05975
3747.23535 0.07051
3749.92920 0.06838
3752.62085 0.08547
3755.31421 0.07807
3758.00562 0.07794
3760.69873 0.06878
3763.38794 0.09270
3766.08081 0.06541
3768.77173 0.03793
3771.46631 0.04174
3774.15698 0.08946
3776.84741 0.05209
3779.54175 0.06038
3782.23364 0.05690
3784.92578 0.02718
3787.61743 0.06483
3790.30688 0.06638
3793.00073 0.03957
3795.69165 0.08705
3798.38501 0.05726
3801.07593 0.07723
3803.76855 0.06048
3806.46118 0.06627
3809.15161 0.03056
3811.84570 0.05760
3814.53589 0.06044
3817.22974 0.06143
3819.92139 0.06835
3822.61304 0.06538
3825.30444 0.07407
3827.99536 0.05355
3830.68823 0.05605
3833.38086 0.07257
3836.07129 0.05737
3838.76367 0.06260
3841.45581 0.05336
3844.14795 0.04584
3846.83960 0.05254
3849.53076 0.03598
3852.22607 0.01816
3854.91724 0.04490
3857.60767 0.02894
3860.29834 0.03111
3862.99072 0.06037
3865.68262 0.05280
3868.37476 0.02406
3871.06836 0.01682
3873.75977 0.03012
3876.45288 0.03252
3879.14404 0.02910
3881.83667 0.02908
3884.52686 0.02007
3887.21899 0.00866
3889.91089 0.05701
3892.60474 0.06785
3895.29614 0.05682
3897.98511 0.05674
3900.68018 0.03726
3903.37280 0.07310
3906.06494 0.09804
3908.75513 0.06445
3911.44678 0.04567
3914.14062 0.01398
3916.83154 0.03721
3919.52271 0.05194
3922.21533 0.05685
3924.90796 0.06139
3927.59985 0.00533
3930.29175 0.02518
3932.98315 0.02770
3935.67456 0.05959
3938.36743 0.02800
3941.05811 0.03226
3943.75244 0.06337
3946.44238 0.06272
3949.13867 0.05639
3951.82568 0.04372
3954.51880 0.03732
3957.21167 0.04732
3959.90430 0.05851
3962.59424 0.03260
3965.28638 0.05943
3967.97998 0.06695
3970.67090 0.03935
3973.36377 0.07085
3976.05640 0.07013
3978.74683 0.06065
3981.43848 0.05528
3984.13232 0.05910
3986.82153 0.12338
3989.51440 0.09183
3992.20703 0.05911
3994.89893 0.08371
3997.59326 0.02743
4000.28027 0.05269
4002.97363 0.05173
4005.66650 0.07089
4008.35889 0.03602
4011.05127 0.08132
4013.74292 0.06889
4016.43433 0.06340
4019.12720 0.04271
4021.81787 0.06182
4024.51245 0.03826
4027.20435 0.04932
4029.89355 0.06327
4032.58667 0.05950
4035.27734 0.05015
4037.96997 0.06449
4040.66211 0.06719
4043.35376 0.05292
4046.04688 0.05192
4048.73999 0.06545
4051.43018 0.08161
4054.12256 0.06982
4056.81421 0.07590
4059.50757 0.07883
4062.19849 0.07911
4064.88892 0.08369
4067.58081 0.07816
4070.27466 0.06209
4072.96606 0.05836
4075.65674 0.10155
4078.35181 0.04470
4081.04126 0.05454
4083.73535 0.07302
4086.42627 0.07126
4089.11694 0.07260
4091.80957 0.06045
4094.50171 0.04920
4097.19531 0.04745
4099.88623 0.03425
4102.57910 0.02045
4105.26904 0.04521
4107.96338 0.04532
4110.65674 0.02604
4113.34766 0.05905
4116.04004 0.04428
4118.72998 0.01110
4121.42188 0.03887
4124.11523 0.06389
4126.80518 0.08073
4129.49805 0.02529
4132.18945 0.01218
4134.88086 0.03694
4137.57373 0.08444
4140.26660 0.01513
4142.95850 0.42918
4145.65039 0.11675
4148.34082 -0.00120
4151.03369 -0.02264
4153.72559 0.05189
4156.41748 0.07328
4159.11084 0.00668
4161.80127 0.01760
4164.49365 0.00504
4167.18555 0.00697
4169.87646 0.08028
4172.56982 0.02542
4175.26172 0.00860
4177.95166 0.04877
4180.64502 0.03740
4183.33594 0.05122
4186.03076 0.03989
4188.72266 0.03431
4191.41602 0.05189
4194.10693 0.08363
4196.79932 0.05996
4199.49121 0.06620
4202.18018 0.09254
4204.87061 0.06827
4207.56787 0.08511
4210.25732 0.09542
4212.95117 0.06072
4215.64160 0.06099
4218.33154 0.06010
4221.02588 0.06717
4223.71680 0.07249
4226.40967 0.08274
4229.10205 0.07096
4231.79395 0.07043
4234.48535 0.02627
4237.17773 0.03742
4239.87012 0.04982
4242.55908 0.03883
4245.25488 0.05059
4247.94482 0.05317
4250.63721 0.07886
4253.32861 0.07900
4256.02148 0.04827
4258.71143 0.05779
4261.40820 0.04526
4264.09717 0.05098
4266.79004 0.05017
4269.47998 0.07467
4272.17383 0.05181
4274.86475 0.05475
4277.55762 0.05001
4280.25195 0.07112
4282.94092 0.07221
4285.63379 0.04802
4288.32617 0.06206
4291.01758 0.06872
4293.70850 0.08106
4296.40186 0.07380
4299.09131 0.06416
4301.78516 0.03444
4304.47803 0.06079
4307.17041 0.07120
4309.86230 0.04877
4312.55322 0.04132
4315.24365 0.05394
4317.93555 0.04346
4320.62891 0.03505
4323.32227 0.03132
4326.01465 0.04371
4328.70361 0.03987
4331.39453 0.05226
4334.08691 0.02865
4336.78125 0.06237
4339.47217 0.03754
4342.16260 0.03658
4344.85498 0.04089
4347.54883 0.02688
4350.23926 0.06446
4352.93164 0.08000
4355.62305 0.04214
4358.31885 0.04493
4361.00928 0.04979
4363.70068 0.08431
4366.39160 0.07725
4369.08496 0.04482
4371.77686 0.04220
4374.46533 0.04906
4377.16064 0.06890
4379.85303 0.06199
4382.54443 0.02061
4385.23730 0.03324
4387.92725 0.02300
4390.62109 0.05027
4393.31201 0.04452
4396.00439 0.01867
4398.69629 0.04775
4401.38965 0.03440
4404.07959 0.03329
4406.77148 0.04063
4409.46484 0.02215
4412.15527 0.03963
4414.84961 0.04714
4417.54053 0.06722
4420.23096 0.03078
4422.92480 0.07367
4425.61621 0.04964
4428.30908 0.06824
4431.00098 0.04116
4433.69238 0.07626
4436.38281 0.05189
4439.07471 0.06738
4441.76807 0.06696
4444.45850 0.06548
4447.15332 0.06046
4449.84180 0.07421
4452.53711 0.05975
4455.22656 0.06897
4457.92041 0.07169
4460.61328 0.09200
4463.30322 0.08738
4465.99658 0.04157
4468.68701 0.06102
4471.37891 0.06738
4474.07275 0.04744
4476.76514 0.05480
4479.45703 0.05385
4482.14844 0.06263
4484.83838 0.04941
4487.53076 0.05892
4490.22363 0.07493
4492.91650 0.06467
4495.60596 0.04637
4498.29932 0.04508
4500.99170 0.08545
4503.68359 0.07568
4506.37646 0.07124
4509.06885 0.07519
4511.76074 0.06397
4514.45117 0.05968
4517.14355 0.07829
4519.83740 0.07983
4522.52783 0.07981
4525.22021 0.09206
4527.91162 0.07332
4530.60400 0.08080
4533.29590 0.06154
4535.98730 0.07802
4538.68018 0.07671
4541.37158 0.04772
4544.06250 0.05116
4546.75488 0.03703
4549.44678 0.04376
4552.13965 0.06363
4554.82959 0.04348
4557.52344 0.05346
4560.21631 0.03265
4562.90820 0.05572
4565.59961 0.05952
4568.28955 0.04273
4570.98389 0.05332
4573.67480 0.04559
4576.36719 0.04608
4579.05859 0.05440
4581.75195 0.03633
4584.44385 0.04544
4587.13525 0.03062
4589.82764 0.05412
4592.51953 0.09085
4595.20801 0.04031
4597.90283 0.03427
4600.59473 0.05699
4603.28760 0.05796
4605.97998 0.06901
4608.66846 0.03610
4611.36377 0.06735
4614.05322 0.07081
4616.74658 0.07056
4619.43896 0.05169
4622.13037 0.03424
4624.82080 0.02896
4627.51562 0.04992
4630.20410 0.03558
4632.89893 0.04269
4635.59082 0.03283
4638.28174 0.03601
4640.97607 0.05817
4643.66504 0.03307
4646.35791 0.06167
4649.04980 0.04880
4651.74268 0.04824
4654.43555 0.03466
4657.12695 0.04604
4659.81982 0.05775
4662.51172 0.02385
4665.20264 0.02597
4667.89258 0.06659
4670.58691 0.05826
4673.27686 0.06657
4675.97168 0.07770
4678.66016 0.05016
4681.35547 0.04056
4684.04639 0.08613
4686.73975 0.09077
4689.42920 0.05229
4692.12012 0.05786
4694.81299 0.07626
4697.50684 0.05672
4700.19775 0.06479
4702.88965 0.05062
4705.58301 0.04246
4708.27588 0.04722
4710.96729 0.02583
4713.65723 0.04294
4716.35205 0.04743
4719.04297 0.03659
4721.73291 0.03807
4724.42676 0.04562
4727.11719 0.07752
4729.80908 0.03279
4732.50244 0.03105
4735.19482 0.05959
4737.88623 0.05396
4740.57617 0.06959
4743.27100 0.06060
4745.95898 0.07721
4748.65332 0.06593
4751.34717 0.07298
4754.03711 0.05330
4756.72852 0.07460
4759.42188 0.06279
4762.11377 0.05467
4764.80469 0.07093
4767.49707 0.05429
4770.19092 0.07599
4772.88135 0.06333
4775.57275 0.04683
4778.26904 0.04777
4780.95801 0.04733
4783.64941 0.05030
4786.33936 0.02802
4789.03320 0.03627
4791.72607 0.02952
4794.41797 0.03002
4797.11133 0.04801
4799.80078 0.03181
4802.49463 0.02326
4805.18457 0.04503
4807.87598 0.07231
4810.57178 0.05729
4813.26074 0.03091
4815.95410 0.04432
4818.64600 0.04921
4821.33984 0.03114
4824.02734 0.07377
4826.72119 0.04845
4829.41406 0.04825
4832.10596 0.05551
4834.79688 0.02346
4837.49121 0.05686
4840.17969 0.05840
4842.87207 0.05763
4845.56348 0.05496
4848.25879 0.02174
4850.95068 0.04786
4853.64111 0.04510
4856.33301 0.02228
4859.02637 0.03508
4861.71582 0.04537
4864.40967 0.05416
4867.10205 0.03209
4869.79102 0.02806
4872.48389 0.04799
4875.17822 0.04335
4877.86572 0.02186
4880.56055 0.06234
4883.25391 0.02809
4885.94629 0.04049
4888.63477 0.03622
4891.32715 0.05165
4894.02148 0.04483
4896.71436 0.04803
4899.40576 0.04847
4902.09912 0.03643
4904.78809 0.03633
4907.47900 0.05972
4910.17090 0.07197
4912.86475 0.05633
4915.55664 0.03886
4918.24805 0.04863
4920.94092 0.07186
4923.63232 0.06868
4926.32520 0.06358
4929.01660 0.06762
4931.70996 0.05687
4934.40186 0.05560
4937.09229 0.01279
4939.78467 0.06689
4942.47803 0.04205
4945.17041 0.05582
4947.86133 0.04876
4950.55420 0.06692
4953.24561 0.06013
4955.93555 0.04793
4958.62695 0.06874
4961.32275 0.05957
4964.01172 0.06508
4966.70215 0.05204
4969.39404 0.06336
4972.08984 0.04607
4974.77930 0.05331
4977.47314 0.07163
4980.16553 0.04325
4982.85645 0.07682
4985.55176 0.05068
4988.24268 0.08543
4990.93262 0.06732
4993.62402 0.05514
4996.31641 0.06500
4999.00830 0.07103
5001.70117 0.07337
5004.38965 0.07604
5007.08594 0.07176
5009.77490 0.08031
5012.46826 0.05360
5015.16016 0.06737
5017.85059 0.05991
5020.54248 0.03657
5023.23584 0.07874
5025.92822 0.03069
5028.62207 0.02325
5031.31152 0.05120
5034.00244 0.05278
5036.69482 0.05642
5039.38867 0.04435
5042.08105 0.04730
5044.77246 0.02526
5047.46533 0.04112
5050.15625 0.05145
5052.84912 0.05461
5055.54053 0.04697
5058.23340 0.07082
5060.92480 0.08015
5063.61523 0.09385
5066.30664 0.07101
5068.99951 0.04851
5071.69141 0.05603
5074.38477 0.04005
5077.07617 0.05743
5079.76660 0.06752
5082.46094 0.04950
5085.15137 0.05001
5087.84326 0.06377
5090.53369 0.03213
5093.22852 0.03135
5095.91650 0.03416
5098.61084 0.03839
5101.30420 0.02232
5103.99365 0.03661
5106.68701 0.03417
5109.37891 0.03378
5112.07275 0.02768
5114.76172 0.05461
5117.45508 0.04379
5120.14746 0.02246
5122.84082 0.03805
5125.53027 0.05333
5128.22363 0.03327
5130.91309 0.03414
5133.60645 0.06902
5136.30127 0.03692
5138.98926 0.05666
5141.68457 0.05149
5144.37500 0.07011
5147.06738 0.03564
5149.75781 0.05650
5152.45020 0.05093
5155.14062 0.04637
5157.83252 0.04035
5160.52930 0.06512
5163.21826 0.05658
5165.90869 0.04930
5168.60400 0.05593
5171.29443 0.06803
5173.98633 0.03922
5176.67725 0.04994
5179.37158 0.06068
5182.06250 0.05175
5184.75439 0.06304
5187.44775 0.05924
5190.13965 0.07286
5192.83008 0.04472
5195.52148 0.03899
5198.21484 -0.00254
5200.90674 0.05359
5203.59668 0.06022
5206.29150 0.07064
5208.98193 0.04156
5211.67334 0.08628
5214.36621 0.06159
5217.06055 0.07552
5219.75098 0.06027
5222.44189 0.06262
5225.13525 0.05006
5227.82617 0.06120
5230.51904 0.06174
5233.21045 0.09201
5235.89990 0.06135
5238.59082 0.06593
5241.28955 0.07007
5243.97754 0.04698
5246.66992 0.03196
5249.36377 0.04753
5252.05615 0.04627
5254.74365 0.04566
5257.43896 0.03339
5260.12939 0.03369
5262.82178 0.01455
5265.51514 0.07400
5268.20410 0.02173
5270.89746 0.05724
5273.59180 0.02063
5276.28223 0.05305
5278.97363 0.05618
5281.66650 0.04573
5284.35547 0.05088
5287.04785 0.05256
5289.74219 0.05528
5292.43506 0.04973
5295.12305 0.04504
5297.81836 0.07188
5300.50928 0.06615
5303.20166 0.07118
5305.89258 0.03546
5308.58496 0.03145
5311.27783 0.03295
5313.97021 0.05700
5316.66309 0.04564
5319.35254 0.02037
5322.04541 0.03183
5324.73682 0.04852
5327.42969 0.03815
5330.12402 0.02091
5332.81396 0.05945
5335.50537 0.03317
5338.20068 0.04287
5340.88867 0.02735
5343.58057 0.04723
5346.27441 0.04344
5348.96338 0.03732
5351.65723 0.02690
5354.35156 0.01630
5357.04199 0.02682
5359.73047 0.06942
5362.42383 0.03787
5365.11816 0.06458
5367.80762 0.06608
5370.49902 0.03891
5373.19141 0.04481
5375.88818 0.05908
5378.58008 0.07545
5381.26807 0.06447
5383.95996 0.02366
5386.65332 0.05164
5389.34473 0.04985
5392.03760 0.03256
5394.72949 0.06995
5397.41895 0.06360
5400.11328 0.04250
5402.80273 0.06274
5405.49658 0.05178
5408.18848 0.06491
5410.88232 0.03754
5413.57422 0.05583
5416.26465 0.06074
5418.95605 0.02849
5421.64941 0.05178
5424.34326 0.04674
5427.03320 0.04666
5429.72412 0.04251
5432.41943 0.03509
5435.10986 0.05199
5437.80225 0.07824
5440.49219 0.05214
5443.18701 0.04778
5445.87695 0.06308
5448.56836 0.06125
5451.26123 0.05231
5453.95215 0.09177
5456.64453 0.07981
5459.33545 0.05024
5462.02734 0.04073
5464.72070 0.05782
5467.41211 0.08209
5470.10547 0.05740
5472.79688 0.05637
5475.48926 0.05164
5478.18018 0.05919
5480.87549 0.06981
5483.56592 0.06353
5486.25781 0.04785
5488.94824 0.03431
5491.64014 0.05668
5494.33594 0.06014
5497.02393 0.04672
5499.71680 0.04323
5502.40723 0.06011
5505.10254 0.04992
5507.79297 0.03843
5510.48438 0.04025
5513.17725 0.03353
5515.86865 0.03534
5518.55811 0.04492
5521.25195 0.04325
5523.94482 0.05622
5526.63525 0.04783
5529.32666 0.06313
5532.02002 0.08093
5534.71143 0.05930
5537.40723 0.07705
5540.09521 0.03983
5542.78711 0.04861
5545.48096 0.05284
5548.17334 0.05452
5550.86328 0.05804
5553.55469 0.04656
5556.24707 0.04837
5558.93848 0.06321
5561.63379 0.02163
5564.32715 0.04042
5567.01562 0.03918
5569.70557 0.03529
5572.39697 0.03278
5575.09277 0.02970
5577.78418 0.04052
5580.47607 0.02276
5583.16699 0.03192
5585.85840 0.02979
5588.55469 0.04017
5591.24268 0.03405
5593.93555 0.03525
5596.62598 0.04719
5599.32129 0.04844
5602.01465 0.03584
5604.70361 0.04194
5607.39600 0.05480
5610.09082 0.08434
5612.77979 0.03938
5615.47021 0.04309
5618.16211 0.08403
5620.85547 0.05549
5623.54639 0.05425
5626.23926 0.06047
5628.93066 0.04504
5631.62256 0.06400
5634.31592 0.06161
5637.00781 0.03923
5639.69775 0.03924
5642.39160 0.06151
5645.08447 0.04821
5647.77490 0.03088
5650.46631 0.03185
5653.15967 0.04090
5655.85449 0.05515
5658.54688 0.04037
5661.23438 0.04066
5663.92676 0.04692
5666.61719 0.04569
5669.31152 0.04616
5672.00439 0.05538
5674.69531 0.05261
5677.38770 0.04522
5680.07812 0.07981
5682.76953 0.06784
5685.46289 0.06380
5688.15674 0.05588
5690.84619 0.06840
5693.54004 0.08731
5696.23145 0.06196
5698.92480 0.07602
5701.61621 0.06156
5704.30859 0.06527
5707.00195 0.05720
5709.69385 0.05532
5712.38379 0.04365
5715.07520 0.06631
5717.76807 0.05921
5720.45850 0.05461
5723.15381 0.05022
5725.84375 0.02296
5728.53516 0.03815
5731.22754 0.03020
5733.92188 0.05248
5736.61035 0.05892
5739.30371 0.02011
5741.99512 0.05222
5744.68506 0.05267
5747.37891 0.04193
5750.07080 0.06067
5752.76074 0.05293
5755.45557 0.02939
5758.14795 0.06767
5760.83887 0.04518
5763.53076 0.05997
5766.22412 0.05084
5768.91211 0.05081
5771.60791 0.04056
5774.29883 0.06732
5776.99072 0.04291
5779.68066 0.05222
5782.37451 0.06264
5785.06738 0.03545
5787.75781 0.04326
5790.45020 0.04313
5793.14014 0.04668
5795.83398 0.01179
5798.52979 0.03008
5801.22070 0.04185
5803.90869 0.02276
5806.60205 0.03558
5809.29248 0.03841
5811.98535 0.03180
5814.67822 0.01603
5817.37061 0.04485
5820.06299 0.02964
5822.75391 0.06019
5825.44629 0.02358
5828.13623 0.04149
5830.83105 0.03599
5833.52051 0.04465
5836.21777 0.05779
5838.90625 0.02234
5841.59619 0.06276
5844.29102 0.06863
5846.97949 0.04455
5849.67676 0.02277
5852.36572 0.04412
5855.05469 0.05959
5857.74951 0.02252
5860.44141 0.04048
5863.13477 0.05109
5865.82324 0.05132
5868.51953 0.02918
5871.20654 0.06312
5873.90186 0.04375
5876.59521 0.03442
5879.28613 0.04990
5881.97510 0.02744
5884.67236 0.04891
5887.36377 0.02911
5890.05371 0.04920
5892.74756 0.04160
5895.43652 0.04044
5898.12988 0.03581
5900.82178 0.04031
5903.51025 0.05431
5906.20752 0.05083
5908.89648 0.05635
5911.58984 0.07974
5914.28027 0.07342
5916.97217 0.05450
5919.66650 0.06769
5922.35742 0.08224
5925.05029 0.06832
5927.74072 0.06367
5930.43311 0.07876
5933.12207 0.05825
5935.82031 0.05835
5938.51221 0.04285
5941.19873 0.06098
5943.89404 0.08388
5946.58350 0.04443
5949.27734 0.05634
5951.96533 0.02990
5954.66211 0.05848
5957.35596 0.04931
5960.04541 0.03719
5962.73535 0.04212
5965.42969 0.05280
5968.12256 0.02654
5970.81299 0.07021
5973.50781 0.04149
5976.19775 0.05518
5978.88867 0.05096
5981.58057 0.05404
5984.27393 0.05759
5986.96484 0.06384
5989.65771 0.05745
5992.35107 0.04791
5995.03955 0.06274
5997.73242 0.05256
6000.42627 0.06698
6003.11475 0.03797
6005.80762 0.06402
6008.50244 0.05845
6011.19092 0.06315
6013.88428 0.03307
6016.57861 0.06352
6019.26807 0.04007
6021.96191 0.03536
6024.65332 0.05576
6027.34668 0.04169
6030.04053 0.01895
6032.72949 0.02331
6035.42188 0.01858
6038.11328 0.04147
6040.80518 0.04695
6043.49512 0.02865
6046.18994 0.04411
6048.88281 0.01614
6051.57324 0.04632
6054.26465 0.03546
6056.95703 0.02387
6059.64795 0.05845
6062.33984 0.03686
6065.03320 0.03779
6067.72363 0.03920
6070.41602 0.04638
6073.10596 0.05595
6075.80029 0.05823
6078.49219 0.04065
6081.18652 0.06251
6083.87744 0.04942
6086.56689 0.06119
6089.26025 0.02998
6091.95215 0.05403
6094.64502 0.02977
6097.33545 0.04008
6100.02734 0.05710
6102.71680 0.01926
6105.41162 0.02264
6108.10693 0.04603
6110.79688 0.04465
6113.48730 0.01170
6116.18018 0.02865
6118.87354 0.04282
6121.56445 0.04673
6124.25732 0.03308
6126.94727 0.06236
6129.64209 0.04066
6132.33105 0.04228
6135.02197 0.06576
6137.71680 0.05533
6140.40967 0.02594
6143.10059 0.05026
6145.79492 0.04792
6148.48535 0.05321
6151.17578 0.03516
6153.87109 0.07591
6156.56104 0.09172
6159.25195 0.06049
6161.94385 0.06254
6164.63721 0.08180
6167.32520 0.07599
6170.02051 0.06136
6172.71045 0.07460
6175.40479 0.06462
6178.09424 0.05175
6180.78760 0.07158
6183.48193 0.03140
6186.17139 0.05251
6188.86523 0.05784
6191.55371 0.04394
6194.24609 0.04137
6196.93945 0.02651
6199.63135 0.04566
6202.32422 0.07448
6205.01807 0.04228
6207.70947 0.06812
6210.40186 0.04654
6213.09277 0.05507
6215.78467 0.06355
6218.47412 0.05912
6221.16797 0.06102
6223.85645 0.07706
6226.55322 0.05074
6229.24072 0.06956
6231.93604 0.06249
6234.62842 0.08999
6237.31982 0.05693
6240.01172 0.05608
6242.70117 0.04893
6245.39551 0.08120
6248.08789 0.03842
6250.77686 0.06096
6253.47168 0.05764
6256.16357 0.03913
6258.85352 0.02590
6261.54736 0.05159
6264.24023 0.03896
6266.92969 0.01732
6269.62402 0.03380
6272.31641 0.02985
6275.00635 0.02931
6277.69727 0.05612
6280.39258 0.02938
6283.07959 0.02530
6285.77734 0.04392
6288.46924 0.04367
6291.15918 0.04000
6293.85010 0.06764
6296.54248 0.03021
6299.23584 0.01441
6301.92969 0.04520
6304.61523 0.06016
6307.30859 0.05027
6310.00342 0.04915
6312.69531 0.04855
6315.38525 0.05508
6318.07959 0.05370
6320.76855 0.07159
6323.46191 0.04435
6326.15576 0.04276
6328.84814 0.03549
6331.53760 0.04173
6334.22900 0.06349
6336.92090 0.03429
6339.61377 0.02710
6342.30518 0.03307
6345.00049 0.05071
6347.69336 0.00457
6350.38428 0.02264
6353.07275 0.02838
6355.76562 0.04288
6358.45605 0.05104
6361.14795 0.04227
6363.84131 0.05021
6366.53223 0.05206
6369.22754 0.06375
6371.91699 0.06014
6374.61084 0.02735
6377.30273 0.06218
6379.99512 0.06832
6382.68604 0.03353
6385.37744 0.06250
6388.06982 0.06062
6390.76367 0.06093
6393.45605 0.06332
6396.14844 0.03915
6398.83838 0.04432
6401.52979 0.04939
6404.22266 0.03929
6406.91260 0.06310
6409.60400 0.04917
6412.29639 0.07504
6414.98975 0.05881
6417.68115 0.05997
6420.37305 0.04435
6423.06641 0.03890
6425.75781 0.04497
6428.45312 0.05738
6431.14307 0.07133
6433.83350 0.03932
6436.52539 0.04071
6439.21875 0.03963
6441.90967 0.04552
6444.59766 0.06638
6447.29395 0.04529
6449.98828 0.06051
6452.68018 0.04384
6455.36963 0.04593
6458.05957 0.07090
6460.75146 0.04966
6463.44336 0.05620
6466.13721 0.06063
6468.82861 0.07374
6471.52148 0.06327
6474.21436 0.06685
6476.90576 0.05873
6479.59766 0.05508
6482.28809 0.03327
6484.97852 0.03735
6487.67432 0.06767
6490.36719 0.05405
6493.05469 0.04710
6495.75293 0.03805
6498.44238 0.03437
6501.13330 0.02069
6503.82129 0.04139
6506.51758 0.02755
6509.21094 0.04131
6511.89893 0.01562
6514.59473 0.02095
6517.28516 0.05071
6519.97607 0.01206
6522.67236 0.01368
6525.36133 0.03076
6528.05225 0.03865
6530.74805 0.04924
6533.43750 0.03960
6536.13135 0.02322
6538.82324 0.05921
6541.51270 0.06138
6544.20654 0.05376
6546.89404 0.01823
6549.59082 0.03900
6552.28076 0.04095
6554.96826 0.03482
6557.66406 0.04579
6560.35400 0.05390
6563.05176 0.02591
6565.73975 0.04658
6568.43311 0.01165
6571.12402 0.04973
6573.81934 0.01944
6576.50830 0.03173
6579.20264 0.03074
6581.88965 0.01667
6584.58643 0.04441
6587.27588 0.05326
6589.97119 0.04807
6592.66309 0.04920
6595.35645 0.03230
6598.04297 0.05803
6600.73877 0.02425
6603.42822 0.03538
6606.12207 0.03301
6608.80957 0.04517
6611.50244 0.05246
6614.20020 0.05455
6616.88770 0.05669
6619.57959 0.08281
6622.26953 0.07073
6624.96387 0.06166
6627.65527 0.06879
6630.34863 0.05477
6633.03955 0.05916
6635.73047 0.04327
6638.42334 0.02731
6641.11719 0.06985
6643.80811 0.06278
6646.49658 0.04401
6649.19385 0.05163
6651.88477 0.04663
6654.57666 0.06142
6657.26904 0.06187
6659.95605 0.00767
6662.65137 0.05136
6665.34375 0.04894
6668.03760 0.05605
6670.72510 0.02660
6673.42090 0.05941
6676.11426 0.04135
6678.80518 0.05487
6681.49609 0.06978
6684.18945 0.03990
6686.87939 0.05360
6689.57080 0.05405
6692.26367 0.06323
6694.95703 0.07351
6697.64795 0.05893
6700.34033 0.07762
6703.02930 0.05628
6705.72363 0.04240
6708.41455 0.06210
6711.10791 0.06676
6713.80127 0.03393
6716.48877 0.04828
6719.18457 0.02237
6721.87451 0.08584
6724.56543 0.03889
6727.26074 0.06925
6729.95312 0.04172
6732.64697 0.03538
6735.33447 0.01327
6738.02734 0.02868
6740.72070 0.04110
6743.41113 0.03258
6746.10303 0.04326
6748.79639 0.02744
6751.48633 0.04774
6754.18164 0.04017
6756.87451 0.03699
6759.56445 0.02473
6762.25879 0.01993
6764.94678 0.04872
6767.63623 0.03811
6770.33008 0.05941
6773.02148 0.05780
6775.71436 0.06683
6778.40430 0.02428
6781.09863 0.05055
6783.79102 0.03650
6786.47998 0.02860
6789.17480 0.04616
6791.86621 0.05909
6794.55859 0.03331
6797.24854 0.03785
6799.93945 0.01487
6802.63525 0.05552
6805.32471 0.00070
6808.01855 0.04745
6810.71387 0.05198
6813.40674 0.03051
6816.09668 -0.00625
6818.78711 0.02320
6821.47998 0.03809
6824.16846 0.04145
6826.86328 0.02910
6829.55469 0.02706
6832.24707 0.05234
6834.93701 0.05127
6837.63184 0.03667
6840.32373 0.04476
6843.01660 0.03638
6845.70703 0.03237
6848.40186 0.02974
6851.09033 0.06107
6853.78418 0.04250
6856.47119 0.04891
6859.16650 0.06973
6861.85938 0.02953
6864.54980 0.06857
6867.24072 0.06881
6869.93311 0.04364
6872.62695 0.06042
6875.32080 0.07534
6878.01270 0.02298
6880.70557 0.02908
6883.39551 0.02209
6886.08984 0.05258
6888.78174 0.04484
6891.47217 0.07655
6894.16211 0.06543
6896.85352 0.05448
6899.54590 0.03668
6902.23584 0.03539
6904.93066 0.02632
6907.62256 0.05858
6910.31201 0.04092
6913.00586 0.04170
6915.69629 0.07551
6918.39307 0.04851
6921.08252 0.05944
6923.77295 0.06715
6926.46826 0.07050
6929.15723 0.06369
6931.84717 0.04737
6934.54541 0.08070
6937.23438 0.05674
6939.92383 0.05122
6942.61768 0.04466
6945.30908 0.05555
6948.00098 0.05646
6950.69824 0.04362
6953.38574 0.03633
6956.08057 0.04589
6958.76953 0.05293
6961.46338 0.04131
6964.15820 0.04619
6966.84668 0.03127
6969.53955 0.03504
6972.22998 0.04993
6974.92139 0.06033
6977.61328 0.04643
6980.30664 0.02526
6982.99707 0.02136
6985.68945 0.03551
6988.38574 0.00943
6991.07178 0.02774
6993.76660 0.05266
6996.45850 0.02633
6999.15186 0.01852
7001.84180 0.05147
7004.53662 0.06793
7007.22510 0.05052
7009.91846 0.02878
7012.60889 0.03119
7015.30420 0.04311
7017.99316 0.04557
7020.68652 0.04958
7023.37695 0.03763
7026.06885 0.04656
7028.76172 0.05311
7031.45166 0.03032
7034.14307 0.01594
7036.83887 0.05606
7039.53223 0.05710
7042.22217 0.02400
7044.91357 0.05161
7047.60205 0.02309
7050.29883 0.02358
7052.98926 0.02616
7055.68066 0.03339
7058.37354 0.03533
7061.06348 0.01670
7063.75781 0.02509
7066.44922 0.03090
7069.14258 0.02262
7071.83252 0.03329
7074.52344 0.03810
7077.21533 0.05638
7079.91162 0.03004
7082.59863 0.04228
7085.29297 0.04810
7087.98584 0.05500
7090.67432 0.06065
7093.36914 0.06841
7096.06055 0.06223
7098.75293 0.04455
7101.44238 0.04514
7104.13623 0.04787
7106.83203 0.04083
7109.52100 0.04089
7112.21436 0.04900
7114.90869 0.05892
7117.60107 0.03370
7120.28955 0.03761
7122.98291 0.05552
7125.67432 0.04786
7128.36523 0.04023
7131.05469 0.05219
7133.74463 0.03922
7136.44336 0.03104
7139.13525 0.03108
7141.82471 0.02068
7144.51465 0.07173
7147.20996 0.05092
7149.89795 0.04952
7152.59521 0.06004
7155.28516 0.08271
7157.97656 0.06286
7160.66504 0.03468
7163.36182 0.06435
7166.05273 0.06347
7168.74365 0.06030
7171.44043 0.08230
7174.12598 0.04053
7176.81641 0.03676
7179.51172 0.06068
7182.20459 0.05317
7184.89746 0.07055
7187.58838 0.06324
7190.27979 0.04049
7192.97217 0.03302
7195.66553 0.04894
7198.35254 0.06433
7201.04443 0.05164
7203.73682 0.01601
7206.43408 0.01445
7209.12500 0.00993
7211.81689 0.02773
7214.50928 0.05723
7217.19922 0.03627
7219.89404 0.04878
7222.58594 0.05548
7225.27490 0.04401
7227.96875 0.03359
7230.66309 0.06045
7233.35059 0.03572
7236.04395 0.04184
7238.73389 0.02953
7241.42871 0.04416
7244.12061 0.06010
7246.81299 0.02980
7249.50732 0.05835
7252.19385 0.05436
7254.88965 0.04185
7257.58252 0.04083
7260.27246 0.01977
7262.96289 0.04638
7265.65527 0.01861
7268.34814 0.02097
7271.03760 0.04155
7273.73291 0.02256
7276.42480 0.04425
7279.11377 0.01426
7281.80762 0.02517
7284.50244 -0.00577
7287.19434 0.05172
7289.88281 0.01981
7292.57666 0.01571
7295.26758 0.03301
7297.95947 0.03695
7300.65234 0.01561
7303.34229 0.04720
7306.03662 0.04905
7308.73242 0.04445
7311.42139 0.03958
7314.11133 0.05448
7316.80225 0.04804
7319.49316 0.05224
7322.18652 0.03707
7324.87988 0.04052
7327.57080 0.06687
7330.26270 0.03964
7332.95508 0.03138
7335.64453 0.04654
7338.33936 0.04566
7341.03125 0.06983
7343.72363 0.05111
7346.41699 0.00470
7349.10791 -0.04523
7351.79883 -0.11826
7354.49170 0.04745
7357.18115 0.06528
7359.87158 0.06196
7362.56689 0.04152
7365.25977 0.05410
7367.94824 0.04449
7370.64307 0.02610
7373.33447 0.05179
7376.02686 0.02957
7378.72021 0.02588
7381.41016 0.05458
7384.10547 0.03914
7386.79346 0.04441
7389.48682 0.03843
7392.18066 0.04290
7394.87158 0.06913
7397.56396 0.06913
7400.25684 0.05134
7402.94678 0.05227
7405.63721 0.04485
7408.32910 0.06982
7411.02197 0.05110
7413.71191 0.05032
7416.40674 0.03558
7419.09863 0.03780
7421.78711 0.05317
7424.48535 0.02795
7427.17578 0.05434
7429.86719 0.04493
7432.55957 0.06302
7435.24902 0.05755
7437.94385 0.04944
7440.63525 0.04072
7443.32715 0.03592
7446.02051 0.04108
7448.71094 0.04828
7451.40625 0.03084
7454.09424 0.03223
7456.78711 0.05817
7459.47705 0.03207
7462.17236 0.04838
7464.86426 0.04058
7467.55273 0.03379
7470.24658 0.04522
7472.93750 0.02356
7475.62939 0.04354
7478.32227 0.07132
7481.01514 0.04418
7483.70605 0.04190
7486.39746 0.04141
7489.08984 0.02125
7491.78320 0.04677
7494.47412 0.02821
7497.16504 0.04845
7499.85742 0.04709
7502.55078 0.02723
7505.24072 0.05191
7507.93506 0.03644
7510.62305 0.03375
7513.32031 0.03965
7516.01025 0.02555
7518.70117 0.03183
7521.39258 0.03447
7524.08496 0.02719
7526.77881 0.03574
7529.46924 0.04664
7532.16504 0.03857
7534.85303 0.03392
7537.54639 0.05448
7540.24072 0.02888
7542.93164 0.03933
7545.62354 0.03665
7548.31299 0.05496
7551.00684 0.04434
7553.69727 0.00042
7556.38965 0.05984
7559.08203 0.04610
7561.77539 0.05595
7564.46582 0.04836
7567.15723 0.06180
7569.85010 0.04711
7572.54346 0.04826
7575.23340 0.02841
7577.92871 0.01566
7580.61670 0.05456
7583.31006 0.04333
7586.00391 0.05295
7588.69434 0.03989
7591.38672 0.03651
7594.07910 0.03209
7596.76465 0.03205
7599.45898 0.03467
7602.15430 0.03845
7604.84717 0.03758
7607.53564 0.05390
7610.23047 0.03135
7612.92578 0.02997
7615.61279 0.05539
7618.30176 0.06309
7620.99561 0.05955
7623.69043 0.05865
7626.37744 0.06025
7629.07031 0.06061
7631.76416 0.03921
7634.45801 0.05032
7637.14941 0.04132
7639.83740 0.06706
7642.53076 0.05188
7645.22852 0.04946
7647.91943 0.06678
7650.60742 0.04979
7653.29980 0.05950
7655.99316 0.01429
7658.68408 0.04907
7661.37549 0.02777
7664.07178 0.05986
7666.76074 0.04577
7669.45068 0.04271
7672.14600 0.06709
7674.83789 0.05828
7677.53027 0.02671
7680.21973 0.02651
7682.91455 0.03360
7685.60205 0.06868
7688.29443 0.06505
7690.99170 0.04129
7693.67725 0.04915
7696.37256 0.04869
7699.06445 0.05357
7701.75781 0.05366
7704.44678 0.03983
7707.14160 0.04434
7709.83301 0.01303
7712.52539 0.06063
7715.21436 0.06026
7717.90869 0.05251
7720.59961 0.03318
7723.29541 0.05941
7725.98438 0.02780
7728.67822 0.04587
7731.36865 0.06081
7734.06006 0.04899
7736.75195 0.01971
7739.44531 0.03678
7742.13525 0.03231
7744.83057 0.05830
7747.52246 0.04380
7750.21533 0.04535
7752.90479 0.02901
7755.59912 0.03825
7758.29053 0.02104
7760.97852 0.04444
7763.67578 0.04125
7766.36572 0.05247
7769.05664 0.03048
7771.74854 0.03046
7774.44092 0.03293
7777.13037 0.02542
7779.82520 0.01871
7782.52051 0.05998
7785.20850 0.03613
7787.90088 0.03571
7790.59473 0.05553
7793.28174 0.03874
7795.97314 0.05898
7798.66553 0.03788
7801.35889 0.04357
7804.04883 0.05174
7806.74414 0.04150
7809.43604 0.03835
7812.12891 0.05271
7814.81836 0.04243
7817.51318 0.02572
7820.20459 0.04472
7822.89648 0.06558
7825.58545 0.03727
7828.27539 0.03024
7830.97070 0.02787
7833.66650 0.07191
7836.35938 0.03362
7839.04785 0.02896
7841.73877 0.03228
7844.42920 0.05036
7847.12109 0.06070
7849.81836 0.06599
7852.50781 0.06012
7855.20312 0.05513
7857.88965 0.05374
7860.58252 0.06287
7863.27490 0.05615
7865.96484 0.02668
7868.66016 0.05337
7871.35156 0.01773
7874.04053 0.04016
7876.73340 0.04738
7879.42822 0.05717
7882.11914 0.07012
7884.81104 0.05689
7887.49951 0.03878
7890.19727 0.04138
7892.88818 0.05092
7895.57959 0.04125
7898.27148 0.04612
7900.96484 0.06582
7903.65430 0.02741
7906.34912 0.01983
7909.03613 0.03866
7911.73340 0.06180
7914.42676 0.04249
7917.11670 0.06171
7919.80713 0.05069
7922.49854 0.02935
7925.19189 0.05182
7927.88037 0.01937
7930.57520 0.00934
7933.26660 0.03027
7935.95410 0.04323
7938.65576 0.06267
7941.34521 0.05100
7944.03516 0.05024
7946.72656 0.06135
7949.41895 0.05052
7952.10791 0.05383
7954.80566 0.03723
7957.49609 0.03671
7960.18359 0.03419
7962.88037 0.03451
7965.56885 0.04222
7968.26367 0.05670
7970.95410 0.02845
7973.64551 0.02951
7976.33838 0.03981
7979.03125 0.03610
7981.72168 0.03611
7984.41211 0.03418
7987.10400 0.01953
7989.80127 0.01834
7992.49463 0.02414
7995.18066 0.02220
7997.87598 0.02772
8000.56348 0.02801
8003.26074 0.01312
8005.94971 0.02069
8008.64453 0.04639
8011.33594 0.03638
8014.02783 0.08132
8016.72119 0.04310
8019.41064 0.06448
8022.10498 0.04609
8024.79639 0.04699
8027.48438 0.04398
8030.17725 0.04753
8032.87549 0.02874
8035.56152 0.03730
8038.25293 0.03094
8040.94580 0.03903
8043.63916 0.05458
8046.32812 0.03302
8049.02344 0.03991
8051.71045 0.03398
8054.40674 0.04516
8057.09619 0.03074
8059.79492 0.02981
8062.48096 0.01789
8065.17676 0.04000
8067.86475 0.04730
8070.56250 0.03819
8073.24805 0.04253
8075.94336 0.05098
8078.63477 0.05049
8081.32715 0.04174
8084.02051 0.05358
8086.71045 0.02145
8089.40137 0.04177
8092.09277 0.06393
8094.79004 0.04856
8097.47852 0.03765
8100.16846 0.05440
8102.85938 0.02734
8105.55566 0.05227
8108.24756 0.05595
8110.94189 0.06608
8113.63184 0.01808
8116.32715 0.02854
8119.01855 0.04387
8121.70654 0.04359
8124.40430 0.03685
8127.08984 0.04908
8129.78076 0.04414
8132.47217 0.03693
8135.16016 0.04970
8137.85352 0.03026
8140.55273 0.02959
8143.24365 0.05233
8145.93066 0.04798
8148.62744 0.05142
8151.31689 0.06091
8154.00684 0.03673
8156.70605 0.02920
8159.39795 0.03508
8162.09082 0.05896
8164.77490 0.05243
8167.46924 0.03989
8170.15527 0.05358
8172.85596 0.05436
8175.53955 0.03937
8178.24170 0.02659
8180.93164 0.04770
8183.62646 0.04856
8186.30908 0.05952
8189.00195 0.03240
8191.69971 0.04997
8194.38867 0.02718
8197.08008 0.04189
8199.77148 0.01878
8202.46387 0.04862
8205.15723 0.02440
8207.84668 0.03340
8210.54199 0.03273
8213.23340 0.02573
8215.91992 0.02621
8218.61816 0.05592
8221.30273 0.02185
8224.00195 0.02246
8226.69336 0.03448
8229.38574 0.01501
8232.07422 0.03799
8234.76855 0.04460
8237.46387 0.04045
8240.15430 0.02593
8242.85059 0.05271
8245.53906 0.02782
8248.22363 0.04965
8250.91406 0.03671
8253.60938 0.03400
8256.30176 0.02039
8258.99414 0.04528
8261.69238 0.02500
8264.38281 0.03062
8267.06836 0.06191
8269.76953 0.03898
8272.45801 0.00083
8275.15137 0.02389
8277.84082 0.04050
8280.53613 0.00531
8283.22754 0.07554
8285.91602 0.08304
8288.60449 0.08446
8291.30273 0.00499
8293.99414 0.00232
8296.68066 0.03447
8299.37305 0.04245
8302.07031 0.01705
8304.75586 0.04887
8307.45020 -0.00399
8310.14648 0.02434
8312.84277 0.03135
8315.53125 0.01933
8318.22461 0.04824
8320.91504 0.03440
8323.60156 0.03307
8326.29395 0.06189
8328.98633 0.04080
8331.67969 0.04395
8334.37402 0.03894
8337.06055 0.04292
8339.75684 0.05303
8342.44434 0.04990
8345.13379 0.06188
8347.83203 0.03189
8350.52246 0.05811
8353.21875 0.04103
8355.91113 0.03584
8358.59473 0.05662
8361.28809 0.05687
8363.98828 0.04704
8366.67480 0.04596
8369.36230 0.03873
8372.06445 0.06569
8374.75391 0.03504
8377.44336 0.05138
8380.13867 0.04181
8382.82129 0.04454
8385.51855 0.03636
8388.21680 0.02723
8390.90625 0.03553
8393.59180 0.03834
8396.29297 0.04734
8398.98047 0.05203
8401.67383 0.04851
8404.36816 0.02797
8407.05762 0.03741
8409.74512 0.03533
8412.44141 0.09839
8415.12500 0.06175
8417.82324 0.03873
8420.51758 0.02826
8423.20898 0.03708
8425.90039 0.05425
8428.58887 0.06015
8431.28223 0.03710
8433.97559 0.04720
8436.66211 0.03931
8439.35742 0.03224
8442.04590 0.04733
8444.74805 0.00693
8447.43750 0.06444
8450.12695 0.03620
8452.81836 0.03291
8455.51074 0.04446
8458.20312 0.03690
8460.89648 0.04083
8463.59082 0.03240
8466.27734 0.03286
8468.97266 0.01740
8471.66113 0.01308
8474.35449 0.03175
8477.04785 0.01789
8479.73828 0.04342
8482.42969 0.04018
8485.12598 0.05691
8487.80957 0.03139
8490.51270 0.03278
8493.19824 0.04044
8495.88867 0.04737
8498.58496 0.05787
8501.27246 0.04546
8503.97070 0.03964
8506.66016 0.04360
8509.34570 0.02737
8512.04199 0.03628
8514.73828 0.04799
8517.42676 0.01127
8520.11621 0.01716
8522.81055 0.02311
8525.50586 0.04006
8528.19727 0.02681
8530.88477 0.03967
8533.57812 0.02189
8536.26758 0.02329
8538.96289 0.04877
8541.65918 0.04699
8544.35059 0.02319
8547.03906 0.03356
8549.73340 0.04694
8552.42188 0.04531
8555.11816 0.02447
8557.80078 0.03505
8560.49219 0.05591
8563.19043 0.04498
8565.88477 0.07427
8568.57031 0.04227
8571.26660 0.04454
8573.96289 0.07104
8576.65039 0.04541
8579.34375 0.04038
8582.03418 0.04907
8584.72461 0.06485
8587.41602 0.04014
8590.10840 0.06662
8592.80176 0.06211
8595.49512 0.03625
8598.18066 0.02607
8600.88086 0.02203
8603.57324 0.04232
8606.26172 0.04161
8608.95410 0.05366
8611.64941 0.04238
8614.33887 0.04281
8617.03027 0.03964
8619.72266 0.05172
8622.41602 0.01910
8625.10449 0.04983
8627.79883 0.04440
8630.49512 0.05434
8633.18164 0.04115
8635.87891 0.04694
8638.56250 0.04663
8641.25684 0.03604
8643.95117 0.04230
8646.64258 0.06970
8649.33984 0.03386
8652.02246 0.04114
8654.71582 0.03617
8657.40527 0.01914
8660.10059 0.07220
8662.79199 0.04960
8665.48926 0.02323
8668.18164 0.06099
8670.87109 0.05548
8673.56641 0.04514
8676.25684 0.03036
8678.94336 0.04719
8681.64551 0.03544
8684.33398 0.02167
8687.02832 0.04742
8689.71777 0.04118
8692.40430 0.03166
8695.09570 0.04400
8697.79297 0.01593
8700.48145 0.02534
8703.17090 0.05369
8705.86621 0.04192
8708.55762 0.04546
8711.25000 0.03523
8713.94238 0.03857
8716.63184 0.01910
8719.33105 0.02879
8722.01172 0.04918
8724.70801 0.02811
8727.40039 0.04239
8730.09375 0.06288
8732.78711 0.03007
8735.47266 0.05341
8738.16797 0.05848
8740.85449 0.01899
8743.55176 0.03210
8746.24023 0.06681
8748.93848 0.04703
8751.62988 0.03793
8754.32031 0.00875
8757.01172 0.04712
8759.70898 0.02471
8762.39844 0.02969
8765.09180 0.04475
8767.78223 0.01380
8770.47754 0.02477
8773.16504 0.03698
8775.85352 0.03352
8778.55078 0.05913
8781.23633 0.02744
8783.93652 0.02411
8786.62695 0.04061
8789.31445 0.02888
8792.00684 0.03027
8794.70117 0.04976
8797.39062 0.05146
8800.08594 0.05504
8802.78223 0.05348
8805.46484 0.03825
8808.16211 0.05996
8810.85156 0.01993
8813.54590 0.03798
8816.23730 0.04398
8818.93262 0.05699
8821.62012 0.06922
8824.31348 0.03048
8827.00781 0.03418
8829.69727 0.06225
8832.38770 0.06274
8835.08398 0.03732
8837.77148 0.03335
8840.45996 0.03790
8843.15820 0.00979
8845.85352 0.04602
8848.53906 0.03881
8851.23047 0.02479
8853.92773 0.02658
8856.62109 0.04619
8859.30566 0.04328
8862.00098 0.04793
8864.69141 0.07397
8867.38770 0.04962
8870.07520 0.04696
8872.76855 0.06133
8875.45801 0.04720
8878.15234 0.03889
8880.84277 0.04780
8883.53516 0.04216
8886.23242 0.03918
8888.91992 0.05046
8891.61914 0.04404
8894.29980 0.03681
8896.99023 0.03955
8899.69238 0.02911
8902.38379 0.01624
8905.07324 0.03977
8907.76660 0.01948
8910.45703 0.02938
8913.14746 0.01822
8915.83984 0.05569
8918.53223 0.04404
8921.21973 0.02747
8923.91406 0.02839
8926.60938 0.02585
8929.30469 0.02119
8931.99707 0.02428
8934.68848 0.02426
8937.37695 0.02189
8940.07129 0.03752
8942.75586 0.01896
8945.45215 0.04032
8948.14355 0.02476
8950.84082 0.05003
8953.52930 0.03760
8956.21289 0.01970
8958.90820 0.04253
8961.59863 0.03877
8964.29004 0.03815
8966.98730 0.03638
8969.68066 0.03324
8972.37402 0.05343
8975.06445 0.04009
8977.75977 0.02824
8980.44629 0.02194
8983.13379 0.05996
8985.82617 0.02102
8988.52051 0.03021
8991.21973 0.02442
8993.90527 0.00742
8996.59668 0.00366
8999.29395 0.03598
9001.98242 0.00791
9004.67578 0.04047
9007.36523 0.01751
9010.06055 0.05431
9012.75195 0.03787
9015.44434 0.01834
9018.13672 0.06745
9020.83105 0.03231
9023.51465 0.03482
9026.20996 0.04204
9028.89648 0.04141
9031.59277 0.06286
9034.29004 0.04938
9036.97949 0.03253
9039.66895 0.03056
9042.35840 0.03672
9045.05469 0.05779
9047.74609 0.04848
9050.43848 0.04748
9053.12695 0.04209
9055.82129 0.03377
9058.51660 0.04532
9061.20215 0.04799
9063.89844 0.04112
9066.58594 0.06174
9069.28418 0.06096
9071.97266 0.08315
9074.66797 0.02795
9077.36328 0.02179
9080.05469 0.02851
9082.74707 0.02762
9085.43457 0.04179
9088.12891 0.03735
9090.82324 0.03963
9093.51367 0.05885
9096.19922 0.02969
9098.89648 0.04619
9101.58887 0.05970
9104.27832 0.05931
9106.97266 0.02942
9109.66309 0.05806
9112.35840 0.05204
9115.04004 0.05024
9117.73828 0.04984
9120.43555 0.05272
9123.12500 0.04977
9125.81543 0.06763
9128.51074 0.05584
9131.20215 0.02535
9133.88965 0.04235
9136.58203 0.06219
9139.27637 0.03114
9141.96680 0.05622
9144.65625 0.03888
9147.35254 0.02160
9150.04980 0.02194
9152.73340 0.04089
9155.42090 0.03681
9158.12109 0.03475
9160.81055 0.02829
9163.50195 0.02875
9166.19922 0.02975
9168.89160 0.02735
9171.58496 0.02446
9174.26855 0.03273
9176.96387 0.03228
9179.64844 0.02343
9182.35059 0.04625
9185.03809 0.03845
9187.73633 0.05461
9190.42480 0.02810
9193.11426 0.01196
9195.80957 0.00873
9198.50098 0.04192
9201.19238 0.02442
9203.88086 0.03736
9206.57422 0.04137
9209.27344 0.03868
9211.95801 0.04871
9214.64941 0.02055
9217.34570 0.04257
9220.03320 0.02170
9222.72656 0.00385
9225.41992 0.03405
9228.10938 -0.00241
9230.80078 0.05079
9233.50195 0.01351
9236.18359 0.03135
9238.88184 0.02181
9241.56543 0.01915
9244.26953 0.02554
9246.95410 0.03145
9249.64551 0.03131
9252.33203 0.03458
9255.02930 0.03285
9257.71777 0.02423
9260.41113 0.05065
9263.10645 0.05301
9265.80176 0.04588
9268.48828 0.06018
9271.18555 0.03169
9273.87305 0.03284
9276.56152 0.03517
9279.26172 0.05845
9281.95117 0.05822
9284.64160 0.04275
9287.33301 0.05471
9290.02539 0.05270
9292.72461 0.01662
9295.40820 0.04058
9298.10352 0.04267
9300.79297 0.04556
9303.48438 0.04630
9306.17090 0.04946
9308.87402 0.03977
9311.56348 0.03095
9314.25195 0.02996
9316.94727 0.03695
9319.63770 0.03098
9322.33008 0.05349
9325.02148 0.05538
9327.71484 0.03071
9330.40918 0.04148
9333.09863 0.05140
9335.79395 0.04377
9338.47949 0.06080
9341.17188 0.03474
9343.86426 0.03083
9346.55762 0.04943
9349.24707 0.05792
9351.93652 0.05086
9354.63770 0.03505
9357.32910 0.02342
9360.01562 0.05589
9362.71387 0.04518
9365.39746 0.04904
9368.09766 0.02973
9370.78711 0.02011
9373.47754 0.03872
9376.16992 0.02946
9378.85742 0.03338
9381.55469 0.04154
9384.24414 0.02238
9386.94434 0.03177
9389.62402 0.02442
9392.32520 0.06357
9395.00684 0.03053
9397.70508 0.02485
9400.39844 0.04291
9403.08203 0.02429
9405.77734 0.02740
9408.47266 0.02864
9411.16992 0.01028
9413.85156 0.01845
9416.54980 0.01922
9419.23828 0.02751
9421.93848 0.03114
9424.62305 0.02402
9427.32422 0.06030
9430.00977 0.04250
9432.70312 0.03492
9435.39648 0.04062
9438.08496 0.03705
9440.77930 0.05547
9443.46973 0.03286
9446.15527 0.02434
9448.85156 0.03291
9451.54492 0.02669
9454.23828 0.02746
9456.92676 0.01575
9459.62695 0.02671
9462.31250 0.02485
9465.00293 0.02381
9467.68945 0.02086
9470.38770 0.03389
9473.08203 0.00030
9475.77051 0.01275
9478.45996 0.01298
9481.15625 0.03421
9483.84766 0.01169
9486.54004 0.03985
9489.23242 0.02536
9491.92090 0.05050
9494.62109 0.01917
9497.31055 0.05004
9500.00195 0.03172
9502.68750 0.04696
9505.38477 0.03079
9508.07324 0.05304
9510.76660 0.02506
9513.46582 0.06375
9516.14648 0.04734
9518.84766 0.03071
9521.52832 0.04761
9524.23145 0.03729
9526.91895 0.03873
9529.60742 0.02659
9532.30762 0.03588
9534.99805 0.02918
9537.69336 0.02424
9540.38477 0.02993
9543.06738 0.05207
9545.76562 0.03324
9548.45410 0.02495
9551.14355 0.03564
9553.84473 0.03510
9556.52539 0.03947
9559.22754 0.05799
9561.91992 0.03731
9564.60840 0.03422
9567.29688 0.05043
9569.99121 0.05568
9572.68164 0.06151
9575.37793 0.05633
9578.07520 0.04441
9580.75781 0.06401
9583.45117 0.05639
9586.14453 0.05243
9588.83398 0.06286
9591.52441 0.03480
9594.21582 0.05033
9596.91309 0.03559
9599.60547 0.04761
9602.29883 0.02184
9604.98730 0.04990
9607.67676 0.03667
9610.37305 0.02321
9613.06445 0.01131
9615.75000 0.02581
9618.44824 0.02509
9621.13574 0.02377
9623.83105 0.03422
9626.52539 0.04248
9629.21484 0.02425
9631.90137 0.03128
9634.59277 0.04151
9637.29102 0.01184
9639.98438 0.04052
9642.67285 0.02085
9645.36816 0.04569
9648.05859 0.02748
9650.75391 0.03203
9653.44141 0.04553
9656.13867 0.05026
9658.82715 0.04319
9661.52051 0.04366
9664.20508 0.03537
9666.90137 0.02952
9669.59180 0.04498
9672.28906 0.02485
9674.97559 0.04436
9677.67383 0.02728
9680.36328 0.04995
9683.05762 0.02998
9685.74805 0.02600
9688.43848 0.01334
9691.13086 0.03783
9693.82227 0.02002
9696.51074 0.00617
9699.20508 0.03222
9701.89355 0.02233
9704.58887 0.01295
9707.28027 0.02734
9709.97754 0.02332
9712.66406 0.03676
9715.35742 0.05091
9718.05078 0.03379
9720.74023 0.04689
9723.42969 0.03556
9726.13184 0.02411
9728.82324 0.03838
9731.50977 0.03978
9734.20312 0.03559
9736.89648 0.02542
9739.59082 0.05374
9742.28613 0.04466
9744.97070 0.04236
9747.66797 0.04562
9750.34863 0.02622
9753.04785 0.02566
9755.73535 0.02651
9758.42383 0.02932
9761.12500 0.04305
9763.81543 0.03376
9766.50684 0.02494
9769.20410 0.04362
9771.89062 0.03714
9774.58496 0.04299
9777.26855 0.03279
9779.96289 0.03419
9782.66406 0.02821
9785.34961 0.03588
9788.04688 0.02143
9790.73828 0.03512
9793.42676 0.03513
9796.11523 0.04699
9798.80957 0.04554
9801.50488 0.02846
9804.18555 0.05234
9806.88281 0.05548
9809.57422 0.02929
9812.27344 0.04361
9814.95605 0.05129
9817.65527 0.04437
9820.35059 0.06487
9823.04199 0.02930
9825.72656 0.05296
9828.41992 0.05581
9831.11719 0.02518
9833.81055 0.02039
9836.50000 0.05352
9839.19531 0.02389
9841.88574 0.03575
9844.57129 0.03783
9847.26270 0.01787
9849.96094 0.01856
9852.64844 0.03513
9855.34277 0.01064
9858.03223 0.02835
9860.72168 0.02761
9863.41309 0.01288
9866.10938 0.03634
9868.80176 0.04252
9871.49414 0.06000
9874.18848 0.02568
9876.87207 0.05714
9879.56738 0.04612
9882.26367 0.00467
9884.95410 0.00748
9887.64160 0.04650
9890.32910 0.02209
9893.02734 0.02654
9895.71582 0.03537
9898.40527 0.03222
9901.10156 0.03445
9903.80273 0.04389
9906.48926 0.05231
9909.18164 0.03598
9911.87500 0.04043
9914.56836 0.00512
9917.26270 0.01755
9919.94727 0.03403
9922.64355 0.02345
9925.33008 0.02201
9928.02148 0.00159
9930.71973 0.02647
9933.40820 0.01417
9936.09668 0.05855
9938.79102 0.01018
9941.48242 0.01642
9944.17285 0.03351
9946.87012 0.04135
9949.56836 0.02191
9952.25000 0.03362
9954.95020 0.03863
9957.63379 0.01612
9960.32910 0.03353
9963.01953 0.02372
9965.70508 0.04915
9968.40820 0.00982
9971.09570 0.02537
9973.78906 0.05672
9976.48340 0.03995
9979.17871 0.04005
9981.86816 0.02943
9984.55469 0.04972
9987.24609 0.06357
9989.94336 0.01054
9992.63184 0.03890
9995.32520 0.06127
9998.01953 0.02256
10000.70996 0.04439
10003.39551 0.02017
10006.09668 0.04641
10008.78906 0.03203
10011.47656 0.03652
10014.16992 0.03684
10016.85840 0.03531
10019.55371 0.03141
10022.24902 0.03338
10024.93457 0.03995
10027.62500 0.04563
10030.31250 0.07195
10033.01660 0.04027
10035.70508 0.03340
10038.39355 0.02862
10041.09473 0.05837
10043.78418 0.03712
10046.47559 0.05294
10049.16211 0.05704
10051.85449 0.06157
10054.54785 0.04895
10057.24219 0.04180
10059.94238 0.04728
10062.62598 0.04089
10065.32324 0.03261
10068.00879 0.02714
10070.69531 0.04815
10073.39941 0.03644
10076.08691 0.04148
10078.77539 0.03284
10081.47070 0.02383
10084.16113 0.01956
10086.85645 0.05307
10089.53809 0.01509
10092.22949 0.05169
10094.92773 0.02359
10097.61719 0.03121
10100.31055 0.02962
10103.00098 0.03787
10105.69727 0.04170
10108.38770 0.02630
10111.07910 0.04442
10113.76660 0.04309
10116.45898 0.04482
10119.15332 0.03835
10121.84277 0.04541
10124.53809 0.04379
10127.23438 0.04066
10129.92480 0.04633
10132.61133 0.01963
10135.30957 0.03643
10137.99805 0.04011
10140.69727 0.04392
10143.38086 0.03071
10146.07617 0.03501
10148.76074 0.03821
10151.46387 0.03031
10154.15039 0.02718
10156.84863 0.02443
10159.53125 0.05278
10162.22559 0.01805
10164.91992 0.04169
10167.61621 0.00881
10170.30078 0.01438
10172.99805 0.03423
10175.68457 0.02280
10178.38379 0.02825
10181.07715 0.02368
10183.76660 0.02255
10186.44922 0.00724
10189.14551 0.05407
10191.83594 0.01972
10194.52832 0.02544
10197.22559 0.02490
10199.91895 0.04699
10202.60156 0.01247
10205.30176 0.04332
10207.99121 0.04687
10210.68750 0.06589
10213.37793 0.04633
10216.06445 0.04664
10218.76172 0.05614
10221.44922 0.04238
10224.14355 0.02975
10226.84375 0.03840
10229.53320 0.03016
10232.21777 0.03773
10234.90820 0.02629
10237.60059 0.05066
10240.29883 0.03094
10242.98047 0.01248
10245.67969 0.02455
10248.36914 0.01871
10251.06445 0.02841
10253.75391 0.02745
10256.44531 0.04980
10259.13770 0.05224
10261.83594 0.02768
10264.52246 0.04614
10267.22266 0.02050
10269.90039 0.04118
10272.59570 0.04507
10275.29102 0.04634
10277.98242 0.04281
10280.67383 0.06332
10283.36719 0.01804
10286.05371 0.03496
10288.75391 0.05766
10291.44238 0.03940
10294.13281 0.02812
10296.82227 0.05051
10299.52539 0.06323
10302.21680 0.04751
10304.91016 0.03201
10307.58594 0.03945
10310.28516 0.03600
10312.97363 0.03975
10315.67480 0.04620
10318.35938 0.03617
10321.05664 0.00903
10323.74219 0.03807
10326.44043 0.04461
10329.12793 0.02405
10331.82129 0.01009
10334.51074 0.01292
10337.20020 0.01685
10339.90137 0.04602
10342.58691 0.02914
10345.27930 0.02985
10347.97070 0.04132
10350.66406 0.02747
10353.36328 0.04721
10356.04688 0.06597
10358.74707 0.05811
10361.43262 0.06078
10364.12891 0.04668
10366.81445 0.03131
10369.50684 0.03247
10372.19434 0.03552
10374.88770 0.01620
10377.57617 0.03288
10380.27148 0.02065
10382.96777 0.05140
10385.65820 0.03645
10388.35547 0.01830
10391.04688 0.01667
10393.73438 0.03849
10396.42773 0.03073
10399.12207 0.03324
10401.81738 0.03635
10404.50684 -0.00889
10407.19824 0.04050
10409.88281 0.02397
10412.58691 0.01922
10415.27344 0.02091
10417.97266 0.03450
10420.66113 0.02804
10423.34473 0.02085
10426.04004 0.03286
10428.73633 0.05111
10431.43359 0.02220
10434.11328 0.03443
10436.81250 0.06470
10439.50000 0.05314
10442.18750 0.04939
10444.88770 0.02333
10447.57812 0.03684
10450.26855 0.05015
10452.96484 0.04492
10455.65039 0.03266
10458.34863 0.02957
10461.03613 0.02292
10463.73047 0.04055
10466.41895 0.06153
10469.11426 0.03066
10471.80957 0.03426
10474.49414 0.02854
10477.19141 0.00881
10479.88379 0.02736
10482.56543 0.01555
10485.27051 0.02690
10487.95898 0.03322
10490.64844 0.03439
10493.34375 0.05444
10496.03418 0.03666
10498.72559 0.04296
10501.42383 0.05140
10504.11035 0.06192
10506.79785 0.05864
10509.49805 0.04950
10512.18652 0.03492
10514.87598 0.03601
10517.56641 0.06671
10520.25781 0.03484
10522.95508 0.04972
10525.64746 0.03053
10528.33398 0.05751
10531.02246 0.06704
10533.71680 0.05966
10536.41211 0.04276
10539.10254 0.04209
10541.79883 0.03492
10544.49609 0.04289
10547.18164 0.01536
10549.87500 0.03106
10552.56250 0.04347
10555.26270 0.04797
10557.94629 0.04017
10560.64746 0.04012
10563.33691 0.03060
10566.02832 0.04622
10568.71484 0.04108
10571.40723 0.04551
10574.09961 0.03262
10576.78809 0.04432
10579.48242 0.03917
10582.17773 0.03185
10584.86816 0.03422
10587.55859 0.03783
10590.25586 0.05168
10592.94238 0.03774
10595.64062 0.03824
10598.32910 0.01924
10601.01660 0.06514
10603.70605 0.05393
10606.40723 0.02379
10609.09863 0.03141
10611.78906 0.05010
10614.48047 0.01200
10617.17969 0.03999
10619.86035 0.04859
10622.55469 0.04460
10625.24902 0.02214
10627.94434 0.02697
10630.63379 0.02196
10633.32520 0.01868
10636.01660 0.02706
10638.70312 0.01535
10641.40723 0.03299
10644.09473 0.01413
10646.78320 0.04243
10649.47168 0.05772
10652.16797 0.01967
10654.85742 0.00862
10657.55469 0.02196
10660.24023 0.03207
10662.93945 0.05856
10665.62598 0.06170
10668.31934 0.04220
10671.02051 0.03959
10673.70996 0.04283
10676.38770 0.04991
10679.08984 0.02722
10681.78125 0.04081
10684.46680 0.04062
10687.15918 0.03998
10689.85840 0.02956
10692.54688 0.02467
10695.24121 0.02408
10697.92578 0.01753
10700.62109 0.05308
10703.31836 0.04529
10706.01562 0.02102
10708.69629 0.03430
10711.38867 0.03388
10714.07617 0.03300
10716.77637 0.04207
10719.46582 0.03612
10722.15527 0.01010
10724.85742 0.02266
10727.54883 0.03693
10730.23438 0.05522
10732.92676 0.03949
10735.61914 0.03793
10738.31348 0.01811
10741.00781 0.04849
10743.70215 0.04201
10746.38672 0.04825
10749.08301 0.06460
10751.76855 0.04493
10754.45996 0.05916
10757.14746 0.04528
10759.84570 0.01396
10762.54004 0.04112
10765.22852 0.07300
10767.91797 0.06337
10770.61914 0.03739
10773.31055 0.05165
10776.00781 0.01993
10778.68750 0.03545
10781.38086 0.01599
10784.07422 0.02177
10786.76855 0.03453
10789.46289 0.03706
10792.14648 0.04006
10794.84766 0.04894
10797.53320 0.06351
10800.21875 0.04956
10802.92285 0.02683
10805.60938 0.02141
10808.30371 0.05200
10810.99121 0.02405
10813.67969 0.04853
10816.37598 0.03442
10819.06641 0.01549
10821.76270 0.05131
10824.45410 0.04442
10827.15234 0.03713
10829.83301 0.04220
10832.53320 0.06262
10835.22656 0.06033
10837.91602 0.01717
10840.61133 0.03121
10843.30273 0.05154
10845.99316 0.04549
10848.67871 0.04289
10851.38281 0.03892
10854.07031 0.03177
10856.76367 0.04848
10859.45801 0.03234
10862.14648 0.02916
10864.83105 0.03597
10867.52637 0.02174
10870.22363 0.02777
10872.91602 0.03095
10875.60254 0.01164
10878.30176 0.02392
10880.98828 0.02545
10883.67773 0.02246
10886.37207 0.02853
10889.06152 0.02803
10891.75195 0.01792
10894.44336 0.06682
10897.13574 0.02921
10899.82715 0.04979
10902.52051 0.03544
10905.21387 0.03262
10907.90820 0.05606
10910.59766 0.02065
10913.29297 0.03231
10915.97754 0.03729
10918.67480 0.03186
10921.36035 0.00287
10924.05859 0.05877
10926.74609 0.02548
10929.43945 0.04552
10932.13379 0.01740
10934.83496 0.02095
10937.52441 0.02664
10940.21484 0.01784
10942.90527 0.01542
10945.59766 0.04041
10948.28906 0.02170
10950.97656 0.03661
10953.66992 0.04007
10956.36523 0.02073
10959.04785 0.02431
10961.74316 0.02825
10964.43359 0.02450
10967.13672 0.03971
10969.82227 0.04537
10972.50781 0.04894
10975.20703 0.03089
10977.90039 0.02420
10980.58887 0.04289
10983.27832 0.04481
10985.97363 0.03196
10988.66406 0.06034
10991.36035 0.04837
10994.04590 0.06475
10996.73828 0.04055
10999.43750 0.05020
11002.11816 0.05295
11004.81836 0.02501
11007.50098 0.05044
11010.20312 0.05677
11012.89258 0.04523
11015.58984 0.02548
11018.28125 0.01952
11020.97266 0.02408
11023.65918 0.04213
11026.35352 0.05846
11029.04199 0.01730
11031.74121 0.03371
11034.43066 0.04956
11037.11523 0.03042
11039.81250 0.04190
11042.50293 0.02597
11045.18848 0.03277
11047.89355 0.03709
11050.58691 0.05328
11053.27441 0.03758
11055.96289 0.04928
11058.65234 0.06578
11061.34766 0.05677
11064.04395 0.05313
11066.73633 0.04141
11069.42676 0.04941
11072.11328 0.05338
11074.80664 0.02447
11077.50684 0.02023
11080.20117 0.03721
11082.88379 0.03881
11085.57812 0.01487
11088.26953 0.02918
11090.95996 0.02975
11093.65820 0.04173
11096.34375 0.00889
11099.03027 0.04204
11101.73047 0.03614
11104.42480 0.02379
11107.11328 0.02730
11109.80273 0.02523
11112.49316 0.03712
11115.18848 0.03353
11117.88086 0.01093
11120.57324 0.04529
11123.26465 0.04864
11125.95312 0.02245
11128.64648 0.02210
11131.34082 0.05679
11134.03027 0.04602
11136.72559 0.02335
11139.41699 0.04600
11142.11426 0.02308
11144.79980 0.02339
11147.49121 0.03733
11150.18457 0.04901
11152.87109 0.02801
11155.57227 0.03779
11158.26758 0.03017
11160.95605 0.01964
11163.64062 0.03114
11166.33105 0.03692
11169.02832 0.02989
11171.72656 -0.00290
11174.40723 0.03435
11177.10059 0.04157
11179.79492 0.03158
11182.48926 0.02002
11185.17285 0.02185
11187.88184 0.01703
11190.56543 0.02016
11193.25586 0.01477
11195.94824 0.04616
11198.63477 0.03877
11201.32812 0.04232
11204.01465 0.06389
11206.71582 0.02891
11209.40430 0.04283
11212.10059 0.05204
11214.79590 0.03961
11217.48145 0.06277
11220.17188 0.08784
11222.86426 0.04241
11225.56445 0.05258
11228.24414 0.03855
11230.95020 0.07111
11233.63379 0.05839
11236.32227 0.04490
11239.01855 0.04277
11241.71484 0.05545
11244.40625 0.03062
11247.10352 0.06049
11249.79004 0.03172
11252.48340 0.03608
11255.17090 0.03715
11257.86523 0.05363
11260.55469 0.04114
11263.24414 0.04028
11265.93945 0.04656
11268.63086 0.05654
11271.32129 0.05353
11274.00781 0.03846
11276.71289 0.05134
11279.39941 0.04771
11282.08789 0.03952
11284.79395 0.04805
11287.47656 0.03254
11290.16602 0.03872
11292.86328 0.05689
11295.54102 0.03643
11298.23926 0.04275
11300.93164 0.04310
11303.62500 0.03980
11306.32324 0.06986
11309.00586 0.04328
11311.70703 0.04882
11314.38965 0.04920
11317.08594 0.04837
11319.77637 0.03847
11322.46094 0.04467
11325.16602 0.01789
11327.85742 0.03045
11330.54492 0.02053
11333.23828 0.05338
11335.92578 0.02686
11338.62207 -0.01472
11341.31152 0.03030
11344.00684 0.03080
11346.69824 0.03962
11349.39453 0.04279
11352.08008 0.01994
11354.77344 0.01470
11357.45996 0.05933
11360.16016 0.04066
11362.86133 0.01986
11365.54395 0.01929
11368.23340 0.02137
11370.92285 0.03155
11373.62012 0.03005
11376.31250 0.03474
11379.00391 0.01768
11381.69629 0.01694
11384.38379 0.02509
11387.08398 0.04285
11389.77246 0.03271
11392.46094 0.02457
11395.15039 0.02415
11397.84766 0.02160
11400.54492 0.02391
11403.22949 -0.00015
11405.92773 0.02290
11408.60840 0.02271
11411.30273 0.02572
11413.99609 0.04126
11416.69043 0.04915
11419.37305 0.03898
11422.08203 0.03065
11424.76660 0.02008
11427.46387 0.01999
11430.15527 0.05133
11432.83496 0.03471
11435.52734 0.04464
11438.22754 0.03351
11440.91602 0.03968
11443.61719 0.03251
11446.29980 0.03798
11448.99512 0.05006
11451.67969 0.05368
11454.38379 0.02093
11457.06934 0.05209
11459.76758 0.06300
11462.46094 0.03928
11465.14746 0.05759
11467.83594 0.07236
11470.52344 0.04724
11473.21973 0.03299
11475.90918 0.03929
11478.60645 0.03162
11481.29004 0.01895
11483.98828 0.02425
11486.68066 0.08136
11489.38086 0.04869
11492.06055 0.03997
11494.76172 0.02183
11497.45020 0.03549
11500.13965 0.06098
11502.83496 0.01734
11505.52539 0.01199
11508.21680 0.04798
11510.90234 0.04550
11513.59473 0.03253
11516.30078 0.03995
11518.98730 0.04913
11521.68164 0.04847
11524.37012 0.02720
11527.06543 0.05599
11529.75000 0.06298
11532.44531 0.04082
11535.14258 0.05654
11537.83496 0.04316
11540.52051 0.05832
11543.21387 0.04867
11545.90039 0.05626
11548.60156 0.03666
11551.28906 0.03494
11553.97852 0.04403
11556.67480 0.03782
11559.36523 0.02504
11562.05566 0.02802
11564.74805 0.03532
11567.44043 0.02949
11570.12695 0.01859
11572.82031 0.02879
11575.51953 0.03338
11578.20898 0.01086
11580.90430 0.03780
11583.58691 0.02401
11586.28418 0.04400
11588.98145 0.02759
11591.66699 0.01120
11594.36523 0.04988
11597.05078 0.02713
11599.75000 0.04108
11602.43848 0.03391
11605.13281 0.01187
11607.81543 0.04295
11610.51855 0.02247
11613.20801 0.02349
11615.89844 0.04933
11618.59668 0.03437
11621.27539 0.04055
11623.96777 0.01670
11626.66797 0.03215
11629.35547 0.01889
11632.04980 0.02792
11634.73828 0.02508
11637.43457 0.02096
11640.11816 0.00360
11642.82031 0.04221
11645.50586 0.02232
11648.20508 0.02206
11650.89648 0.01203
11653.57715 0.00592
11656.27051 0.02386
11658.96484 0.04782
11661.66602 0.04347
11664.35547 0.02509
11667.05078 0.03720
11669.73535 0.04898
11672.42090 0.04535
11675.11816 0.03780
11677.81641 0.05146
11680.50977 0.04086
11683.18945 0.00320
11685.89062 0.03155
11688.57910 0.05601
11691.27539 0.03983
11693.96484 0.05020
11696.66016 0.04191
11699.34570 0.04769
11702.03613 0.02295
11704.72852 0.03965
11707.42188 0.03929
11710.12109 0.03526
11712.81445 0.03538
11715.49609 -0.00636
11718.18555 0.01588
11720.88184 0.03114
11723.57715 0.04397
11726.27441 0.04669
11728.96582 0.04758
11731.65039 0.05097
11734.34961 0.04915
11737.03613 0.04386
11739.72949 0.06261
11742.41699 0.03286
11745.11816 0.04790
11747.80762 0.06044
11750.49023 0.06209
11753.18164 0.05257
11755.87891 0.03816
11758.57031 0.04943
11761.26953 0.04527
11763.94922 0.05301
11766.65527 0.04341
11769.33594 0.04671
11772.03027 0.05192
11774.72656 0.06413
11777.42188 0.04099
11780.10547 0.03163
11782.80273 0.04027
11785.48730 0.02347
11788.18457 0.03267
11790.87207 0.03840
11793.57129 0.03500
11796.26465 0.03529
11798.94629 0.00951
11801.63477 0.02964
11804.34375 0.03961
11807.03320 0.06207
11809.72168 0.03518
11812.41406 0.00752
11815.10449 0.01449
11817.80371 0.03330
11820.48340 0.03390
11823.18359 0.04913
11825.87109 0.03366
11828.56445 0.01264
11831.25391 0.00619
11833.95020 0.04398
11836.63965 0.03537
11839.33691 0.05237
11842.02051 0.02749
11844.70605 0.04698
11847.41211 0.04631
11850.09766 0.04216
11852.79199 0.02953
11855.48535 0.04295
11858.16699 0.02669
11860.86328 0.02992
11863.55273 0.04701
11866.25000 0.04032
11868.94727 0.01244
11871.63770 0.01194
11874.32910 0.02694
11877.01660 0.02161
11879.70996 0.02216
11882.39648 0.02830
11885.09766 0.02182
11887.78516 -0.00106
11890.48145 0.05960
11893.17090 0.03572
11895.86816 0.02541
11898.55176 0.02803
11901.24414 0.02526
11903.93652 0.03962
11906.62793 0.03607
11909.32129 0.04157
11912.01562 0.00867
11914.70410 0.02167
11917.39160 0.04740
11920.08789 0.04323
11922.78418 0.04614
11925.46777 0.03643
11928.16699 0.04373
11930.86328 0.03570
11933.55078 0.04983
11936.24902 0.04047
11938.93555 0.00969
11941.62988 0.03786
11944.31152 0.08793
11947.00781 0.03358
11949.70410 0.03458
11952.39258 0.02296
11955.08398 0.02864
11957.77441 0.01764
11960.47266 0.03709
11963.16602 0.04150
11965.85840 0.02004
11968.55273 0.04314
11971.24609 0.04890
11973.92773 0.04573
11976.61719 0.04755
11979.31250 0.04191
11981.99707 0.03021
11984.69434 0.04788
11987.38477 0.06411
11990.08301 0.03984
11992.76855 0.06182
11995.46875 0.02988
11998.15527 0.03510
12000.84961 0.04359
12003.53809 0.05775
12006.24023 0.05042
12008.92969 0.03844
12011.62695 0.06833
12014.31738 0.03752
12017.00879 0.04769
12019.69336 0.03300
12022.38672 0.04047
12025.07910 0.03662
12027.77344 0.03868
12030.46191 0.03826
12033.15625 0.03678
12035.85254 0.02289
12038.53516 0.03802
12041.22461 0.04581
12043.92188 0.03316
12046.60742 0.02913
12049.29883 0.03193
12051.99805 0.03013
12054.69043 0.05077
12057.37793 0.04064
12060.07227 0.04739
12062.75977 0.03203
12065.45605 0.02992
12068.14551 0.04697
12070.84277 0.03493
12073.53320 0.03556
12076.23047 0.03868
12078.90918 0.05626
12081.60938 0.03474
12084.30273 0.05301
12086.98926 0.04495
12089.69043 0.01800
12092.37207 0.03889
12095.05957 0.04592
12097.76367 0.03237
12100.45312 0.06773
12103.14355 -0.00159
12105.84277 0.02634
12108.53418 0.02628
12111.22656 0.03205
12113.91992 0.02279
12116.60645 0.01880
12119.30078 0.00547
12121.99512 0.01566
12124.69141 0.01280
12127.36816 0.04935
12130.06348 0.05152
12132.76074 0.02465
12135.44531 0.04105
12138.14355 0.03974
12140.83008 0.04347
12143.52246 0.04155
12146.20996 0.04727
12148.91016 0.06422
12151.59863 0.04909
12154.28711 0.03657
12156.99023 0.06371
12159.68555 0.03283
12162.37695 0.04588
12165.06152 0.04373
12167.75293 0.05185
12170.44629 0.04717
12173.13770 0.03096
12175.83105 0.03880
12178.51270 0.03434
12181.20703 0.04393
12183.90234 0.03571
12186.59766 0.03233
12189.28027 0.03653
12191.98438 0.03567
12194.67676 0.03026
12197.37402 0.04104
12200.05859 0.05292
12202.74609 0.04228
12205.44531 0.03669
12208.13281 0.05028
12210.82031 0.04978
12213.50879 0.04205
12216.20410 0.02550
12218.90137 0.03771
12221.59082 0.05823
12224.28125 0.05099
12226.97363 0.02522
12229.66602 0.04019
12232.36426 0.03409
12235.05762 0.05655
12237.73730 0.03631
12240.43848 0.05759
12243.12695 0.03602
12245.82227 0.05365
12248.51855 0.02816
12251.20117 0.03323
12253.89160 0.02458
12256.59082 0.04764
12259.27637 0.04553
12261.97461 0.02104
12264.66113 0.04425
12267.35449 0.02766
12270.04102 0.02190
12272.74219 0.05088
12275.42480 0.05283
12278.12109 0.04465
12280.81738 0.02547
12283.50781 0.03642
12286.19824 0.03725
12288.89648 0.03859
12291.57617 0.04436
12294.27441 0.04482
12296.96094 0.03975
12299.66211 0.03504
12302.34863 0.02776
12305.04492 0.04631
12307.73340 0.03078
12310.43652 0.05127
12313.12598 0.02140
12315.81055 0.05067
12318.50098 0.04278
12321.18652 0.03328
12323.87793 0.03546
12326.58594 0.02424
12329.26465 0.01793
12331.95898 0.03625
12334.65430 0.03380
12337.34375 0.03130
12340.04590 0.03039
12342.73535 0.03374
12345.41895 0.02294
12348.11621 0.03437
12350.80078 0.02421
12353.50098 0.02419
12356.18555 0.01971
12358.88574 0.03904
12361.57227 0.04499
12364.26758 0.02300
12366.96289 0.04470
12369.65137 0.03115
12372.34082 0.03228
12375.03125 0.04966
12377.72852 0.02422
12380.41211 0.02703
12383.10449 0.05562
12385.79590 0.03776
12388.49609 0.03973
12391.18945 0.05920
12393.88379 0.01144
12396.57227 0.02712
12399.25977 0.05008
12401.95605 0.03061
12404.65234 0.03453
12407.33594 0.03658
12410.02051 0.03461
12412.72559 0.06639
12415.40918 0.04454
12418.10938 0.05015
12420.79590 -0.00445
12423.48926 0.02981
12426.17773 0.08359
12428.86523 0.04237
12431.57422 0.02977
12434.26270 0.04358
12436.95312 0.03185
12439.63574 0.03199
12442.33496 0.02403
12445.02539 0.04111
12447.71875 0.05906
12450.41016 0.04499
12453.09668 0.04822
12455.79004 0.04295
12458.48535 0.05636
12461.18066 0.04116
12463.87598 0.03747
12466.55859 0.04639
12469.25586 0.05816
12471.95312 0.02458
12474.63672 0.04794
12477.33594 0.03773
12480.02734 0.04828
12482.71387 0.05265
12485.40723 0.02908
12488.09375 0.04106
12490.78906 0.04132
12493.48340 0.02656
12496.17285 0.03150
12498.86914 0.03426
12501.56641 0.05254
12504.24316 0.06691
12506.94043 0.01658
12509.63965 0.05710
12512.31836 0.03322
12515.01758 0.03996
12517.70508 0.02778
12520.39941 0.04298
12523.09375 0.05089
12525.78809 0.04642
12528.47754 0.02027
12531.16699 0.04523
12533.86426 0.03795
12536.55469 0.02686
12539.24609 0.05013
12541.93750 0.04463
12544.63086 0.03978
12547.32324 0.04430
12550.01758 0.06501
12552.70410 0.04357
12555.40527 0.06258
12558.09473 0.02919
12560.77637 0.04177
12563.47363 0.01825
12566.17090 0.04350
12568.85352 0.02767
12571.55176 0.03849
12574.23730 0.03131
12576.93652 0.03934
12579.62305 0.01505
12582.32227 0.01690
12585.01074 0.01301
12587.69922 0.05353
12590.38672 0.02347
12593.08887 0.02040
12595.77832 0.03044
12598.47559 0.03894
12601.16699 0.05533
12603.85156 0.05102
12606.55078 0.05616
12609.24219 0.03514
12611.92090 0.04055
12614.62207 0.06675
12617.30957 0.04188
12620.01172 0.01867
12622.69336 0.03423
12625.38867 0.05006
12628.07812 0.03312
12630.77539 0.03311
12633.46680 0.03932
12636.15723 0.04600
12638.84277 0.05187
12641.54883 0.04135
12644.23438 0.01033
12646.92773 0.04592
12649.61523 0.04906
12652.31055 0.03619
12654.99805 0.01808
12657.68750 0.03479
12660.38379 0.04206
12663.07324 0.02000
12665.77148 0.03715
12668.46191 0.02945
12671.15430 0.04277
12673.85352 0.05856
12676.53320 0.05155
12679.23242 0.02802
12681.92676 0.02284
12684.61426 0.02108
12687.30957 0.05249
12689.99805 0.04641
12692.68066 0.03422
12695.37793 0.05824
12698.07520 0.03991
12700.75879 0.07045
12703.46387 0.04802
12706.14941 0.04510
12708.84277 0.04010
12711.52930 0.03417
12714.22266 0.02551
12716.91797 0.06360
12719.61230 0.05125
12722.30176 0.04234
12724.99121 0.02782
12727.68652 0.04931
12730.37109 0.03362
12733.06836 0.02959
12735.75977 0.04357
12738.45215 0.04884
12741.14551 0.01696
12743.83105 0.03073
12746.52539 0.04437
12749.21875 0.03736
12751.91504 0.03825
12754.60254 0.04430
12757.29199 0.03486
12759.99609 0.04672
12762.68555 0.01156
12765.37598 0.06995
12768.06152 0.03526
12770.75977 0.04059
12773.44531 0.03011
12776.14551 0.05405
12778.83203 0.03847
12781.52637 0.05680
12784.22070 0.03545
12786.90234 0.03234
12789.59668 0.05464
12792.29395 0.02443
12794.99121 0.04292
12797.67480 0.02408
12800.37305 0.04675
12803.05664 0.03254
12805.75684 0.03694
12808.45020 0.03902
12811.12891 0.04746
12813.83691 0.00874
12816.51660 0.03506
12819.21289 0.01264
12821.90137 0.01908
12824.58984 0.04159
12827.29395 0.03530
12829.98438 0.02853
12832.67578 0.03234
12835.35938 0.01701
12838.05176 0.01997
12840.74316 0.01229
12843.44434 0.03089
12846.13086 0.05805
12848.83301 0.03560
12851.51270 0.03568
12854.20898 0.04068
12856.88965 0.04960
12859.59375 0.03723
12862.28320 0.04306
12864.97363 0.00895
12867.66602 0.05002
12870.36426 0.03933
12873.05664 0.05006
12875.74219 0.02939
12878.43555 0.04426
12881.12207 0.05612
12883.82422 0.02674
12886.51855 0.01308
12889.20703 0.04445
12891.90430 0.04225
12894.59375 0.04659
12897.27637 0.02681
12899.97461 0.03967
12902.65918 0.02079
12905.35742 0.02300
12908.05078 0.05374
12910.73633 0.03771
12913.42969 0.05581
12916.11719 0.04770
12918.81836 0.04795
12921.50000 0.05890
12924.20312 0.02331
12926.88574 0.08498
12929.58887 0.04097
12932.28027 0.03835
12934.96387 0.05995
12937.65430 0.04514
12940.33984 0.05671
12943.04688 0.05040
12945.74023 0.08120
12948.42676 0.04695
12951.12109 0.02718
12953.81543 0.02621
12956.49707 0.04171
12959.19336 0.04124
12961.88281 0.03324
12964.58008 0.05262
12967.27832 0.06257
12969.96191 0.06964
12972.66113 0.04850
12975.34668 0.02299
12978.03809 0.04435
12980.72461 0.06280
12983.41992 0.06191
12986.11426 0.03563
12988.81543 0.05148
12991.49707 0.04476
12994.18652 0.04423
12996.88379 0.07061
12999.56641 0.04032
13002.27148 0.03968
13004.96973 0.05147
13007.65430 0.04093
13010.34766 0.05803
13013.03320 0.03951
13015.73242 0.03537
13018.41309 0.04434
13021.10742 0.04664
13023.80371 0.05564
13026.49902 0.04435
13029.18066 0.03203
13031.87793 0.03488
13034.57520 0.04774
13037.25781 0.05017
13039.95605 0.02745
13042.64844 0.03833
13045.33398 0.05282
13048.03516 0.04335
13050.72070 0.03058
13053.41504 0.02506
13056.10938 0.03200
13058.80566 0.02615
13061.49316 0.02599
13064.18262 0.02251
13066.87207 0.01975
13069.57129 0.00376
13072.25391 0.02557
13074.95215 0.04357
13077.64453 0.05815
13080.33789 0.01764
13083.02246 0.04722
13085.71582 0.03504
13088.41113 0.03506
13091.09863 0.04503
13093.79297 0.00790
13096.49707 0.05438
13099.17188 0.03431
13101.87598 0.05336
13104.56641 0.04072
13107.24902 0.02990
13109.94824 0.04017
13112.63965 0.02157
13115.33301 0.03782
13118.01172 0.03139
13120.71973 0.02221
13123.41406 0.03466
13126.10156 0.03071
13128.78906 0.04435
13131.48535 0.03708
13134.18262 0.03435
13136.86328 0.03316
13139.54785 0.02968
13142.24512 0.04213
13144.94336 0.01893
13147.63574 0.04083
13150.32129 0.04127
13153.01465 0.07232
13155.71582 0.03065
13158.39453 0.05315
13161.09668 0.04829
13163.78516 0.04713
13166.48730 0.05702
13169.16992 0.06465
13171.85938 0.05372
13174.55664 0.04496
13177.24707 0.06815
13179.93164 0.05135
13182.62305 0.05782
13185.31641 0.05708
13188.00879 0.03301
13190.69531 0.04248
13193.38965 0.02469
13196.08496 0.04552
13198.77930 0.03792
13201.47559 0.02419
13204.16406 0.05608
13206.85352 0.05088
13209.55078 0.04870
13212.25000 0.03944
13214.92578 0.03439
13217.62402 0.05008
13220.32422 0.07808
13223.00977 0.05145
13225.71094 0.05148
13228.38965 0.04903
13231.07812 0.04860
13233.78027 0.02096
13236.47461 0.06396
13239.16406 0.02524
13241.84668 0.05514
13244.55078 0.06437
13247.24121 0.05214
13249.93262 0.05062
13252.63184 0.03380
13255.31641 0.04550
13258.00977 0.06829
13260.69434 0.04774
13263.38965 0.04878
13266.08301 0.05891
13268.77051 0.04362
13271.46680 0.04575
13274.15430 0.04187
13276.85156 0.04067
13279.53516 0.03322
13282.23828 0.03572
13284.91504 0.02362
13287.61426 0.04124
13290.30664 0.01456
13293.00684 0.02289
13295.69141 -0.00236
13298.38477 0.02389
13301.08008 0.02864
13303.76660 0.01664
13306.46191 0.05290
13309.15039 0.04147
13311.84668 0.04649
13314.53711 0.02674
13317.22656 0.05366
13319.91699 0.03334
13322.61523 0.05390
13325.30762 0.03895
13328.00000 0.04459
13330.68457 0.06198
13333.37988 0.03095
13336.07324 0.03365
13338.75977 0.00888
13341.45508 0.03424
13344.15039 0.05737
13346.83984 0.03726
13349.54297 0.02506
13352.22559 0.03517
13354.92285 0.02068
13357.60742 0.03610
13360.29980 0.04866
13362.99121 0.04208
13365.69141 0.03846
13368.38477 0.01035
13371.07031 0.02003
13373.75684 0.03464
13376.45117 0.03285
13379.13965 0.01565
13381.83496 0.04952
13384.53223 0.03500
13387.22168 0.05282
13389.91895 0.05324
13392.60156 0.05314
13395.30078 0.05199
13397.98535 0.05828
13400.68555 0.02535
13403.37109 0.05212
13406.06445 0.02993
13408.75000 0.04630
13411.45215 0.05805
13414.14062 0.06148
13416.84277 0.05495
13419.52441 0.04475
13422.21387 0.03981
13424.91113 0.04989
13427.60059 0.05243
13430.29199 0.04737
13432.98242 0.04128
13435.67480 0.03650
13438.36035 0.05652
13441.05371 0.05478
13443.74707 0.05883
13446.44043 0.03240
13449.13477 0.05605
13451.83008 0.02863
13454.52637 0.06063
13457.22266 0.03667
13459.89746 0.04088
13462.59473 0.05838
13465.29199 0.05432
13467.97559 0.03823
13470.67480 0.04412
13473.35938 0.06078
13476.05957 0.07559
13478.74512 0.06307
13481.44629 0.06874
13484.13281 0.07916
13486.82129 0.06771
13489.52344 0.04500
13492.21191 0.04696
13494.90137 0.03666
13497.58984 0.06071
13500.28125 0.04912
13502.97070 0.02274
13505.66211 0.04457
13508.35449 0.04098
13511.05273 0.02288
13513.73828 0.02440
13516.43164 0.02064
13519.12598 0.03960
13521.82031 0.04412
13524.51562 0.03763
13527.19531 0.02946
13529.89941 0.05146
13532.58105 0.02335
13535.27832 0.04137
13537.97559 0.03236
13540.65820 0.05072
13543.36426 0.03776
13546.04883 0.03555
13548.73438 0.04993
13551.43359 0.03393
13554.12695 0.03615
13556.81348 0.03732
13559.50098 0.02773
13562.19531 0.04835
13564.89844 0.04579
13567.58691 0.02613
13570.27637 0.05661
13572.97363 0.06234
13575.66309 0.05254
13578.34668 0.02608
13581.03809 0.06654
13583.72949 0.03190
13586.42969 0.05248
13589.12305 0.01651
13591.80859 0.03544
13594.50293 0.05713
13597.19629 0.03887
13599.88379 0.03165
13602.58008 -0.00234
13605.26855 0.01157
13607.96484 0.03808
13610.65430 0.04150
13613.35156 0.03983
13616.03613 0.03860
13618.72656 0.03829
13621.41895 0.02326
13624.11816 0.04962
13626.80371 0.01953
13629.49707 0.05435
13632.19043 0.06060
13634.87695 0.05655
13637.57324 0.05769
13640.26758 0.05072
13642.96387 0.05711
13645.65332 0.05322
13648.35059 0.04064
13651.03320 0.05442
13653.72363 0.05326
13656.42188 0.03628
13659.11426 0.06160
13661.79785 0.05327
13664.50000 0.05484
13667.18457 0.06495
13669.87793 0.04094
13672.56641 0.04120
13675.26074 0.04346
13677.94922 0.04751
13680.65137 0.05288
13683.34082 0.04251
13686.02344 0.05020
13688.71289 0.05185
13691.42578 0.05836
13694.11035 0.05946
13696.80176 0.03821
13699.49414 0.06829
13702.18555 0.03379
13704.87891 0.05945
13707.56641 0.08206
13710.25879 0.04141
13712.95508 0.06558
13715.63574 0.06482
13718.33105 0.07743
13721.02734 0.04618
13723.71680 0.06489
13726.40625 0.04146
13729.10449 0.03370
13731.80273 0.04667
13734.48730 0.07394
13737.18652 0.04155
13739.87109 0.05660
13742.55664 0.05693
13745.25098 0.05130
13747.94434 0.02727
13750.63281 0.04449
13753.33496 0.03131
13756.02246 0.05230
13758.71094 0.05883
13761.40039 0.03033
13764.09082 0.04945
13766.78027 0.04802
13769.47070 0.03550
13772.17773 0.03838
13774.85449 0.03535
13777.55469 0.06870
13780.24805 0.05607
13782.94141 0.07003
13785.63477 0.04953
13788.32129 0.04856
13791.01758 0.04634
13793.71191 0.06336
13796.39355 0.04227
13799.09668 0.04800
13801.79395 0.04633
13804.47754 0.04137
13807.17578 0.06668
13809.85840 0.04611
13812.55078 0.03570
13815.25000 0.04211
13817.93555 0.05484
13820.62891 0.03572
13823.33008 0.02024
13826.01660 0.03306
13828.71191 0.02617
13831.39844 0.02356
13834.08789 0.01764
13836.78320 0.02913
13839.47266 0.04180
13842.16992 0.04408
13844.86035 0.05962
13847.55176 0.02818
13850.24219 0.02755
13852.92773 0.04712
13855.62695 0.06852
13858.31934 0.03901
13861.00586 0.04970
13863.69922 0.06693
13866.39355 0.07878
13869.08203 0.04946
13871.78418 0.04801
13874.46582 0.04638
13877.16992 0.05624
13879.85156 0.04960
13882.54199 0.04864
13885.24023 0.05516
13887.93066 0.04712
13890.62305 0.05695
13893.30762 0.05067
13896.00098 0.01922
13898.70020 0.03522
13901.39453 0.05152
13904.08789 0.05292
13906.77637 0.05261
13909.47070 0.04536
13912.15918 0.04901
13914.86230 0.06312
13917.53613 0.03203
13920.23340 0.04279
13922.92383 0.03403
13925.62305 0.05849
13928.30664 0.04864
13931.00586 0.04292
13933.68262 0.05742
13936.38281 0.05397
13939.07617 0.05911
13941.77051 0.04180
13944.46484 0.04645
13947.15234 0.05508
13949.83984 0.05358
13952.53613 0.05224
13955.23145 0.05522
13957.92090 0.07434
13960.60449 0.06683
13963.30957 0.02840
13966.00000 0.05447
13968.69141 0.05022
13971.38379 0.05762
13974.07617 0.03677
13976.76074 0.04615
13979.46191 0.05459
13982.15723 0.04307
13984.84375 0.06218
13987.52246 0.04330
13990.22656 0.04767
13992.92188 0.03557
13995.61133 0.04912
13998.29297 0.04053
14000.99805 0.02670
14003.68066 0.04890
14006.37207 0.05241
14009.07129 0.06105
14011.76367 0.06675
14014.44727 0.04977
14017.14844 0.04678
14019.82617 0.04044
14022.53711 0.05238
14025.22363 0.04645
14027.91016 0.04896
14030.59766 0.05021
14033.29395 0.06520
14035.99121 0.05499
14038.68066 0.03643
14041.37012 0.01092
14044.06836 0.06147
14046.75879 0.05836
14049.45117 0.06269
14052.14355 0.05511
14054.82812 0.05207
14057.52148 0.02573
14060.21484 0.04861
14062.91602 0.04596
14065.59668 0.04809
14068.29102 0.02702
14070.98730 0.05585
14073.67480 0.03837
14076.37207 0.01943
14079.05371 0.03612
14081.75879 0.05788
14084.44141 0.04839
14087.14062 0.04954
14089.82422 0.03605
14092.51660 0.05215
14095.21582 0.05355
14097.90137 0.03185
14100.59570 0.06157
14103.28125 0.04963
14105.96875 0.05179
14108.67188 0.04927
14111.36816 0.06762
14114.06348 0.06792
14116.75195 0.04736
14119.43457 0.07596
14122.12402 0.06672
14124.81445 0.08397
14127.51367 0.05996
14130.21289 0.04692
14132.90527 0.05342
14135.58887 0.06578
14138.28223 0.04966
14140.97559 0.06293
14143.67090 0.02499
14146.36523 0.04482
14149.04395 0.03846
14151.74805 0.03740
14154.43555 0.05800
14157.13281 0.05893
14159.82227 0.05155
14162.51172 0.05676
14165.20996 0.05169
14167.90137 0.04939
14170.58398 0.04027
14173.27539 0.06345
14175.96875 0.04675
14178.65430 0.06550
14181.36230 0.07402
14184.05664 0.05934
14186.74316 0.07323
14189.43848 0.07951
14192.11816 0.05742
14194.81445 0.05399
14197.50391 0.04827
14200.19922 0.06797
14202.89746 0.05448
14205.57324 0.05176
14208.27832 0.05286
14210.96973 0.05302
14213.64648 0.08434
14216.35352 0.05315
14219.03125 0.02626
14221.74023 0.03965
14224.41797 0.04392
14227.12012 0.06331
14229.80762 0.04580
14232.51074 0.05381
14235.19141 0.05880
14237.88672 0.05180
14240.58398 0.07225
14243.27344 0.06151
14245.96387 0.04630
14248.65332 0.05601
14251.34570 0.06882
14254.03613 0.06165
14256.72949 0.06205
14259.42188 0.06397
14262.11523 0.05713
14264.80859 0.04102
14267.50293 0.07854
14270.18945 0.06497
14272.87598 0.03699
14275.57227 0.05152
14278.26855 0.06448
14280.96484 0.04199
14283.64648 0.04610
14286.34375 0.02401
14289.02637 0.04851
14291.72559 0.03295
14294.41699 0.03820
14297.10938 0.05391
14299.80176 0.03878
14302.50293 0.06358
14305.18750 0.02878
14307.87305 0.05772
14310.55957 0.03795
14313.27051 0.05376
14315.95020 0.03782
14318.64648 0.05944
14321.33594 0.04084
14324.02344 0.04093
14326.72266 0.04099
14329.40430 0.05927
14332.10254 0.04496
14334.79297 0.04797
14337.49316 0.05060
14340.18457 0.05587
14342.87012 0.05056
14345.57129 0.05608
14348.24902 0.05071
14350.95117 0.05262
14353.64648 0.05112
14356.33301 0.04524
14359.02832 0.05187
14361.71680 0.08069
14364.40625 0.04515
14367.10352 0.05280
14369.79297 0.06250
14372.47559 0.05030
14375.18164 0.03550
14377.86426 0.05036
14380.55664 0.06321
14383.25684 0.04714
14385.94238 0.03755
14388.63574 0.03300
14391.32031 0.04680
14394.01562 0.06737
14396.71777 0.04823
14399.41406 0.05128
14402.10156 0.04200
14404.79785 0.06370
14407.48730 0.05162
14410.18457 0.06441
14412.85742 0.04899
14415.54883 0.09301
14418.24805 0.05260
14420.93945 0.08480
14423.63086 0.05029
14426.32422 0.08107
14429.02441 0.05702
14431.70215 0.08173
14434.40430 0.06977
14437.08301 0.05727
14439.78516 0.05435
14442.48145 0.06628
14445.17773 0.05203
14447.85742 0.05583
14450.56250 0.05546
14453.24414 0.06079
14455.93457 0.04163
14458.62500 0.03278
14461.33203 0.04452
14464.01562 0.05120
14466.70801 0.05790
14469.39160 0.05375
14472.09277 0.06485
14474.77832 0.03939
14477.47363 0.07051
14480.16016 0.06870
14482.86230 0.05357
14485.55078 0.03555
14488.24609 0.06070
14490.93457 0.06413
14493.62402 0.04085
14496.31348 0.04907
14499.01172 0.03577
14501.69434 0.05582
14504.39258 0.08134
14507.08496 0.07075
14509.77734 0.05584
14512.46875 0.04677
14515.15430 0.06875
14517.85645 0.06695
14520.54199 0.06734
14523.23730 0.04048
14525.93164 0.05786
14528.61133 0.05944
14531.30762 0.05206
14534.00488 0.03534
14536.70215 0.04087
14539.38379 0.03203
14542.08105 0.03073
14544.77148 0.04197
14547.46289 0.03919
14550.15527 0.03095
14552.83984 0.05311
14555.53906 0.06986
14558.22461 0.04354
14560.92578 0.06065
14563.61230 0.05090
14566.31543 0.02820
14568.99414 0.08303
14571.68945 0.05766
14574.38574 0.04836
14577.08203 0.06177
14579.77148 0.03419
14582.45996 0.05349
14585.15137 0.06911
14587.84180 0.07653
14590.53223 0.02979
14593.23242 0.04622
14595.91602 0.05101
14598.61719 0.04930
14601.30176 0.04627
14603.99512 0.05878
14606.68164 0.04209
14609.38379 0.04229
14612.07129 0.04230
14614.76660 0.04696
14617.44727 0.06128
14620.14258 0.05417
14622.83984 0.03661
14625.52148 0.03100
14628.21973 0.05991
14630.91113 0.03432
14633.60938 0.04743
14636.29199 0.06438
14638.99316 0.06136
14641.69336 0.05473
14644.37891 0.07090
14647.06348 0.06099
14649.75684 0.06515
14652.45996 0.07597
14655.14648 0.06515
14657.83496 0.07385
14660.52246 0.07157
14663.21875 0.06504
14665.90820 0.05954
14668.61328 0.05649
14671.29395 0.05508
14673.99316 0.07826
14676.67578 0.05108
14679.36816 0.05145
14682.07520 0.07225
14684.75977 0.05911
14687.45312 0.07088
14690.13867 0.04711
14692.82324 0.05297
14695.51855 0.05950
14698.20508 0.02380
14700.89941 -0.01409
14703.58789 0.04094
14706.28320 0.01509
14708.98047 0.04993
14711.66992 0.05925
14714.36719 0.07091
14717.05762 0.05076
14719.75684 0.08095
14722.45508 0.06374
14725.13086 0.08230
14727.83105 0.07242
14730.51660 0.05540
14733.20898 0.06303
14735.91113 0.05315
14738.59668 0.06293
14741.29102 0.05554
14743.97949 0.05099
14746.67383 0.05672
14749.36133 0.04318
14752.05078 0.06599
14754.74707 0.07148
14757.43750 0.05150
14760.12695 0.03033
14762.81738 0.04738
14765.51660 0.03215
14768.21582 0.06286
14770.90039 0.03071
14773.59180 0.04460
14776.27734 0.04455
14778.97070 0.04165
14781.66406 0.03692
14784.35059 0.05816
14787.05371 0.04896
14789.74902 0.05750
14792.43652 0.06116
14795.11621 0.04720
14797.81348 0.04428
14800.51074 0.06507
14803.20898 0.03737
14805.89062 0.05798
14808.58105 0.04959
14811.28125 0.04831
14813.97168 0.07529
14816.66406 0.05347
14819.34961 0.04401
14822.05078 0.06348
14824.73633 0.04066
14827.42090 0.06217
14830.12402 0.04678
14832.81055 0.04137
14835.49805 0.05988
14838.20215 0.05568
14840.89160 0.06323
14843.58008 0.02889
14846.26953 0.04171
14848.96777 0.03988
14851.64941 0.07090
14854.33984 0.05155
14857.04004 0.05586
14859.72363 0.02725
14862.42383 0.07337
14865.11719 0.03989
14867.80273 0.07297
14870.50391 0.04910
14873.19824 0.04818
14875.88477 0.07635
14878.57129 0.07150
14881.26758 0.06033
14883.97168 0.07297
14886.64355 0.05178
14889.34863 0.04284
14892.04688 0.05841
14894.72852 0.08762
14897.42676 0.07201
14900.11816 0.06529
14902.80078 0.03615
14905.50195 0.08525
14908.18555 0.04785
14910.89453 0.06606
14913.57129 0.04864
14916.26562 0.04719
14918.95117 0.04338
14921.64551 0.06436
14924.34180 0.04808
14927.03809 0.06986
14929.73340 0.04999
14932.41406 0.06637
14935.11133 0.05679
14937.80176 0.04219
14940.49902 0.05521
14943.18945 0.07207
14945.87988 0.05333
14948.56445 0.07089
14951.26367 0.07497
14953.94824 0.05813
14956.64941 0.08234
14959.33496 0.07328
14962.02832 0.05619
14964.72266 0.07456
14967.40918 0.05488
14970.10547 0.07079
14972.80957 0.03311
14975.48926 0.08365
14978.18555 0.07213
14980.87500 0.06648
14983.56348 0.07564
14986.26270 0.05602
14988.94531 0.08368
14991.63574 0.05931
14994.34375 0.07502
14997.02734 0.04976
14999.71191 0.04410
15002.40527 0.02677
15005.09863 0.05351
15007.79980 0.02607
15010.48633 0.04244
15013.18066 0.05762
15015.87695 0.05659
15018.56348 0.05242
15021.26074 0.04790
15023.94141 0.05168
15026.63867 0.07506
15029.32715 0.04675
15032.01855 0.02958
15034.71680 0.05645
15037.39941 0.03904
15040.09766 0.04903
15042.79004 0.07422
15045.47461 0.04962
15048.17578 0.07475
15050.87012 0.06595
15053.56348 0.05137
15056.24902 0.04925
15058.93555 0.06887
15061.62305 0.06480
15064.32715 0.04382
15067.00586 0.06207
15069.71094 0.05810
15072.40039 0.05543
15075.08984 0.04925
15077.78027 0.05548
15080.47949 0.06406
15083.16992 0.07497
15085.86035 0.04719
15088.55273 0.05380
15091.24414 0.05027
15093.92969 0.05132
15096.62305 0.04656
15099.31641 0.07201
15102.01074 0.04302
15104.71387 0.04727
15107.40039 0.07736
15110.07910 0.04625
15112.77637 0.06576
15115.47266 0.05904
15118.16992 0.07243
15120.85059 0.06869
15123.54004 0.07552
15126.23926 0.09479
15128.92969 0.03872
15131.62891 0.07250
15134.31250 0.06985
15137.01367 0.04848
15139.68945 0.03712
15142.39062 0.07285
15145.08398 0.06491
15147.78613 0.06085
15150.47363 0.07468
15153.16016 0.08842
15155.83887 0.07519
15158.54297 0.05617
15161.24023 0.06028
15163.92773 0.07283
15166.61719 0.05785
15169.31445 0.05469
15171.99707 0.04740
15174.68652 0.05820
15177.39453 0.07397
15180.07812 0.06071
15182.77051 0.06181
15185.46191 0.06955
15188.14648 0.05799
15190.84863 0.08459
15193.54199 0.06487
15196.21973 0.08974
15198.92383 0.08252
15201.61816 0.06405
15204.31445 0.06253
15206.99414 0.08749
15209.69141 0.08625
15212.37988 0.08229
15215.07812 0.06197
15217.75977 0.07327
15220.46582 0.06410
15223.14844 0.05716
15225.83984 0.05080
15228.53125 0.06069
15231.23145 0.05620
15233.92480 0.04450
15236.61035 0.06206
15239.30371 0.04318
15242.00586 0.03281
15244.69141 0.06457
15247.37793 0.05571
15250.06543 0.05073
15252.76172 0.02400
15255.45020 0.04876
15258.14746 0.06067
15260.83496 0.04803
15263.53320 0.06268
15266.22266 0.05940
15268.92285 0.05893
15271.60547 0.06797
15274.30566 0.06924
15276.98828 0.05125
15279.68066 0.05949
15282.38184 0.05154
15285.05859 0.06131
15287.75977 0.06466
15290.45508 0.05125
15293.14160 0.07414
15295.82812 0.05422
15298.51465 0.06068
15301.21973 0.02531
15303.90039 0.04207
15306.60547 0.06497
15309.29492 0.05326
15311.99316 0.05746
15314.68262 0.05556
15317.37305 0.01928
15320.07324 0.04129
15322.76465 0.06999
15325.44043 0.04824
15328.13184 0.04335
15330.82520 0.03927
15333.51855 0.05704
15336.20410 0.04147
15338.89844 0.05183
15341.59277 0.05526
15344.28027 0.06205
15346.97559 0.06090
15349.67285 0.06516
15352.36914 0.05560
15355.05859 0.08432
15357.74805 0.07019
15360.44629 0.08878
15363.12793 0.06764
15365.81836 0.08984
15368.51855 0.07243
15371.20117 0.06684
15373.90039 0.05707
15376.60254 0.07955
15379.28711 0.07138
15381.98047 0.06119
15384.66602 0.07594
15387.36914 0.05567
15390.05566 0.07880
15392.75879 0.07411
15395.44727 0.06083
15398.12598 0.05756
15400.83105 0.08075
15403.51172 0.06697
15406.20020 0.07079
15408.89160 0.05044
15411.59766 0.08217
15414.28809 0.06641
15416.98047 0.06863
15419.67285 0.07696
15422.35547 0.08294
15425.04883 0.05898
15427.74219 0.06157
15430.43555 0.06310
15433.12793 0.06593
15435.82324 0.09352
15438.50195 0.08273
15441.19629 0.09452
15443.89258 0.06161
15446.58789 0.08418
15449.26855 0.06292
15451.96582 0.06806
15454.66406 0.07740
15457.36133 0.09813
15460.04395 0.06315
15462.74316 0.05044
15465.42578 0.07727
15468.12500 0.06131
15470.81738 0.03381
15473.51855 0.06515
15476.20410 0.06314
15478.88770 0.05141
15481.59082 0.07893
15484.27734 0.05122
15486.96289 0.06387
15489.65820 0.05401
15492.34570 0.04069
15495.03320 0.05059
15497.73047 0.05251
15500.41895 0.06018
15503.10840 0.06063
15505.79883 0.04671
15508.48828 0.06144
15511.17871 0.02921
15513.87891 0.07104
15516.57031 0.07748
15519.26270 0.05346
15521.95410 0.05680
15524.64746 0.08082
15527.34082 0.05454
15530.04395 0.04917
15532.72852 0.04222
15535.42383 0.05726
15538.11914 0.03948
15540.80664 0.03954
15543.50195 0.04540
15546.19922 0.05547
15548.87988 0.05207
15551.58594 0.04791
15554.26562 0.04740
15556.96484 0.05796
15559.65527 0.02420
15562.33789 0.03618
15565.03809 0.05294
15567.72949 0.06433
15570.41406 0.04794
15573.11523 0.06061
15575.80859 0.04779
15578.49414 0.05745
15581.17969 0.03827
15583.87402 0.06856
15586.57812 0.07168
15589.26465 0.05976
15591.95996 0.05297
15594.64844 0.05821
15597.33691 0.07226
15600.03320 0.04501
15602.72266 0.06979
15605.42188 0.05759
15608.09473 0.08494
15610.79492 0.05132
15613.48535 0.06178
15616.17773 0.06649
15618.87793 0.07068
15621.55371 0.08152
15624.25488 0.07869
15626.95703 0.04897
15629.64258 0.07225
15632.33789 0.05022
15635.02246 0.05266
15637.71875 0.04457
15640.40527 0.07390
15643.10254 0.07138
15645.79102 0.06021
15648.48828 0.05039
15651.17773 0.06257
15653.85742 0.07513
15656.56543 0.06347
15659.24707 0.09224
15661.93848 0.08210
15664.62891 0.06526
15667.33008 0.07481
15670.02246 0.07625
15672.71582 0.06040
15675.40918 0.08863
15678.10254 0.09210
15680.78809 0.06766
15683.48242 0.07811
15686.16895 0.09269
15688.86523 0.06951
15691.56055 0.06764
15694.24902 0.09000
15696.94531 0.10554
15699.62500 0.06745
15702.31445 0.06225
15705.02246 0.06171
15707.72070 0.03522
15710.39453 0.06162
15713.09375 0.06779
15715.79395 0.05118
15718.46875 0.05387
15721.16992 0.07855
15723.85449 0.06253
15726.55664 0.05679
15729.23242 0.08656
15731.93652 0.05964
15734.63086 0.07670
15737.32617 0.09271
15740.01367 0.04817
15742.70020 0.08736
15745.38867 0.07138
15748.09473 0.07098
15750.77539 0.08787
15753.46484 0.05931
15756.15430 0.06682
15758.84473 0.06304
15761.56152 0.06659
15764.24414 0.06097
15766.93555 0.05234
15769.62793 0.07199
15772.32031 0.04604
15775.01367 0.04821
15777.70703 0.07510
15780.38281 0.04665
15783.07812 0.05286
15785.77344 0.05395
15788.46875 0.05542
15791.16406 0.06605
15793.84277 0.08217
15796.54004 0.07411
15799.23730 0.05743
15801.93457 0.05210
15804.61621 0.05505
15807.32227 0.04016
15810.00391 0.04187
15812.69629 0.04194
15815.38672 0.04741
15818.07910 0.07027
15820.76172 0.06570
15823.46387 0.05499
15826.15625 0.07538
15828.84180 0.05522
15831.54395 0.06390
15834.22949 0.07384
15836.91602 0.06875
15839.60254 0.05234
15842.30762 0.05816
15845.00391 0.06719
15847.69141 0.04958
15850.37988 0.07321
15853.07812 0.06212
15855.76758 0.07331
15858.45703 0.06267
15861.14746 0.04666
15863.84766 0.05747
15866.53809 0.05871
15869.23047 0.06224
15871.92188 0.05997
15874.61523 0.03887
15877.29004 0.09640
15879.99316 0.04198
15882.69531 0.07347
15885.38965 0.04906
15888.06738 0.06250
15890.76367 0.05479
15893.45898 0.06292
15896.14746 0.07444
15898.84375 0.05978
15901.53125 0.08236
15904.22949 0.07034
15906.91016 0.08390
15909.60840 0.10242
15912.29883 0.10350
15914.99023 0.10494
15917.68945 0.08540
15920.37305 0.07591
15923.05664 0.06244
15925.75781 0.06249
15928.45898 0.08079
15931.14453 0.08975
15933.83008 0.05424
15936.52344 0.08527
15939.22656 0.08131
15941.92285 0.06749
15944.60938 0.05517
15947.29785 0.06217
15949.99316 0.08432
15952.68262 0.01895
15955.37109 0.05913
15958.06055 0.06513
15960.75000 0.08549
15963.44043 0.05420
15966.14062 0.04457
15968.83984 0.06469
15971.51367 0.05641
15974.21484 0.07162
15976.90723 0.05731
15979.59082 0.06698
15982.29297 0.08281
15984.98633 0.08039
15987.67188 0.08316
15990.36621 0.04307
15993.04590 0.07206
15995.75879 0.05290
15998.43652 0.08224
16001.14258 0.07815
16003.82129 0.05564
16006.51074 0.08987
16009.21680 0.06886
16011.89746 0.04228
16014.58789 0.05478
16017.28613 0.05422
16019.98633 0.05882
16022.66895 0.05045
16025.36133 0.06961
16028.04395 0.05171
16030.75391 0.03837
16033.43066 0.04683
16036.14258 0.05541
16038.82715 0.02904
16041.52246 0.04522
16044.21680 0.07320
16046.89453 0.06505
16049.58105 0.07481
16052.27832 0.05148
16054.96582 0.06812
16057.67188 0.06109
16060.36035 0.07832
16063.04102 0.07273
16065.73926 0.06033
16068.43945 0.10172
16071.12109 0.06123
16073.81152 0.07233
16076.51270 0.07041
16079.20508 0.07214
16081.89648 0.06165
16084.58105 0.08177
16087.27441 0.05522
16089.96875 0.06642
16092.67090 0.05889
16095.34863 0.03998
16098.03516 0.06411
16100.74805 0.05865
16103.42676 0.04860
16106.11426 0.06561
16108.82031 0.04619
16111.50879 0.06131
16114.19727 0.06419
16116.88672 0.04364
16119.57812 0.07997
16122.26855 0.07010
16124.95898 0.08429
16127.64941 0.06918
16130.35059 0.07317
16133.03320 0.07240
16135.72656 0.07894
16138.41992 0.06897
16141.12305 0.09532
16143.80664 0.09295
16146.50098 0.08577
16149.19727 0.07600
16151.88281 0.06866
16154.57910 0.07637
16157.26660 0.08287
16159.97168 0.06646
16162.65234 0.07652
16165.34961 0.07143
16168.03906 0.05296
16170.72754 0.09164
16173.42676 0.08784
16176.10840 0.08240
16178.81738 0.06132
16181.50000 0.03836
16184.18262 0.06392
16186.87500 0.07397
16189.56738 0.06603
16192.27051 0.06457
16194.95410 0.10538
16197.64941 0.07759
16200.33398 0.06279
16203.03809 0.08914
16205.72461 0.07060
16208.42090 0.07844
16211.10742 0.06545
16213.79590 0.05362
16216.49316 0.08369
16219.18262 0.08524
16221.87207 0.08475
16224.57031 0.07019
16227.25195 0.07029
16229.94238 0.08543
16232.64258 0.06759
16235.33301 0.05631
16238.02441 0.08471
16240.71680 0.05794
16243.41895 0.06465
16246.09375 0.07697
16248.78906 0.07293
16251.49121 0.07237
16254.17676 0.06560
16256.87305 0.06794
16259.56738 0.05677
16262.25391 0.05043
16264.95117 0.05456
16267.63965 0.03532
16270.33691 0.04076
16273.01562 0.03671
16275.72266 0.06054
16278.40332 0.06283
16281.10352 0.04590
16283.79395 0.04702
16286.47559 0.05321
16289.17480 0.06220
16291.87598 0.07205
16294.56055 0.07844
16297.24316 0.08139
16299.95508 0.06716
16302.64062 0.09826
16305.32422 0.08176
16308.02832 0.07595
16310.71484 0.07968
16313.40039 0.06551
16316.09570 0.05752
16318.78418 0.05812
16321.47266 0.07116
16324.17871 0.06004
16326.86621 0.03531
16329.55566 0.06771
16332.25488 0.04046
16334.93652 0.06598
16337.62500 0.07105
16340.32617 0.05792
16343.01758 0.05105
16345.70898 0.07918
16348.40137 0.10150
16351.09473 0.07032
16353.77832 0.06933
16356.48145 0.07882
16359.15723 0.05450
16361.85938 0.07687
16364.55566 0.05770
16367.24121 0.07973
16369.92773 0.07425
16372.62500 0.09312
16375.32129 0.08109
16378.01855 0.06963
16380.69824 0.07092
16383.39551 0.06992
16386.09375 0.09377
16388.77539 0.09535
16391.47461 0.08230
16394.15625 0.06119
16396.85742 0.09646
16399.55859 0.04439
16402.24023 0.06717
16404.94141 0.08747
16407.62695 0.08209
16410.31055 0.06776
16413.01367 0.06956
16415.69922 0.07429
16418.40234 0.05242
16421.08789 0.07880
16423.76562 0.07577
16426.46289 0.05782
16429.16016 0.06921
16431.84766 0.08983
16434.54492 0.05900
16437.24219 0.07388
16439.92383 0.06836
16442.62109 0.06839
16445.31055 0.08379
16448.00195 0.08638
16450.69336 0.10649
16453.38477 0.07647
16456.07617 0.08244
16458.75977 0.09811
16461.46094 0.08389
16464.14648 0.07786
16466.84766 0.07419
16469.53320 0.06202
16472.22852 0.09017
16474.92383 0.07204
16477.60938 0.07292
16480.31445 0.07279
16483.00195 0.05831
16485.68945 0.05900
16488.37695 0.07784
16491.06641 0.03596
16493.77344 0.06315
16496.46289 0.05291
16499.15430 0.05709
16501.84375 0.06001
16504.53516 0.06093
16507.22461 0.05240
16509.91797 0.06685
16512.61914 0.04192
16515.30078 0.06863
16518.00391 0.03965
16520.68750 0.06481
16523.36328 0.07057
16526.06836 0.05845
16528.76172 0.06550
16531.45703 0.07746
16534.15234 0.05910
16536.83984 0.06404
16539.52734 0.08332
16542.22461 0.06066
16544.91211 0.07036
16547.60938 0.09034
16550.29102 0.07005
16552.98828 0.06789
16555.67969 0.06842
16558.37891 0.06870
16561.06055 0.06665
16563.76172 0.07481
16566.44336 0.04091
16569.14453 0.07178
16571.82812 0.05858
16574.52148 0.07197
16577.22461 0.03905
16579.91797 0.05030
16582.60352 0.05295
16585.28906 0.05965
16587.97461 0.05780
16590.67969 0.08038
16593.37695 0.03764
16596.06445 0.06432
16598.75977 0.05729
16601.44141 0.08230
16604.13867 0.07913
16606.82812 0.08127
16609.52539 0.06528
16612.21680 0.07975
16614.91602 0.07753
16617.60742 0.07054
16620.29883 0.07294
16622.97266 0.10155
16625.66406 0.08114
16628.36523 0.08682
16631.05859 0.08212
16633.74414 0.06374
16636.43750 0.07674
16639.14062 0.07423
16641.81836 0.08240
16644.52344 0.08406
16647.20117 0.07362
16649.90625 0.06756
16652.60156 0.08403
16655.28906 0.07233
16657.98828 0.05643
16660.67578 0.07599
16663.35547 0.06546
16666.06445 0.05680
16668.74609 0.05051
16671.43555 0.08296
16674.13672 0.08501
16676.82812 0.07972
16679.50977 0.07255
16682.20312 0.08522
16684.90430 0.07492
16687.58789 0.09514
16690.28320 0.08615
16692.96680 0.07327
16695.66211 0.05974
16698.34570 0.09608
16701.04297 0.08460
16703.72852 0.08390
16706.42578 0.07081
16709.11133 0.05241
16711.81836 0.06089
16714.50781 0.06621
16717.20508 0.07554
16719.89453 0.05829
16722.59375 0.07128
16725.27344 0.08088
16727.96484 0.07519
16730.66406 0.04904
16733.35547 0.06602
16736.04688 0.06172
16738.74023 0.05737
16741.44141 0.05396
16744.11719 0.05664
16746.81836 0.04459
16749.50391 0.06147
16752.20703 0.05974
16754.88281 0.07831
16757.58789 0.05413
16760.26562 0.06355
16762.96289 0.07448
16765.65820 0.05830
16768.34570 0.04687
16771.04297 0.06245
16773.74219 0.05391
16776.42188 0.07413
16779.11133 0.07263
16781.81055 0.07833
16784.50977 0.08353
16787.19141 0.08518
16789.88086 0.07408
16792.57422 0.05344
16795.26562 0.05974
16797.95898 0.05191
16800.64258 0.04848
16803.34570 0.04825
16806.02930 0.05469
16808.72461 0.03671
16811.41797 0.03864
16814.11328 0.04256
16816.80078 0.04647
16819.50586 0.05871
16822.19141 0.05657
16824.87109 0.06950
16827.57812 0.07184
16830.26562 0.04816
16832.96484 0.05944
16835.64453 0.06119
16838.34180 0.09593
16841.03320 0.08405
16843.72461 0.06055
16846.41406 0.05750
16849.10742 0.07990
16851.79883 0.06712
16854.49023 0.06360
16857.19336 0.09254
16859.87500 0.07757
16862.58008 0.08496
16865.25391 0.08057
16867.94922 0.05647
16870.64453 0.05280
16873.33984 0.07340
16876.02734 0.05863
16878.73242 0.09311
16881.41992 0.07056
16884.10547 0.07039
16886.79492 0.07265
16889.48438 0.06908
16892.17383 0.08815
16894.87109 0.07982
16897.57227 0.08962
16900.25195 0.06781
16902.93359 0.05533
16905.65234 0.08334
16908.31641 0.06929
16911.01758 0.08394
16913.71875 0.07236
16916.40430 0.07887
16919.10547 0.09029
16921.79102 0.11046
16924.49414 0.07437
16927.16016 0.07541
16929.86523 0.06710
16932.57031 0.10131
16935.25586 0.07049
16937.94336 0.07756
16940.63086 0.06382
16943.33789 0.07962
16946.02539 0.07783
16948.71484 0.10306
16951.40430 0.06833
16954.09375 0.07390
16956.78320 0.06734
16959.49219 0.06596
16962.16406 0.06531
16964.85742 0.05255
16967.55859 0.03894
16970.25000 0.03665
16972.93164 0.06730
16975.63477 0.06066
16978.32812 0.05728
16981.00391 0.06189
16983.69922 0.09079
16986.41211 0.05110
16989.08789 0.07353
16991.78320 0.06029
16994.47070 0.07182
16997.16602 0.08148
16999.85547 0.07765
17002.54297 0.08501
17005.24023 0.05487
17007.92969 0.07110
17010.61914 0.06538
17013.31641 0.07195
17016.00781 0.08017
17018.70703 0.08451
17021.39844 0.08057
17024.08984 0.03419
17026.77148 0.05200
17029.46484 0.06910
17032.16602 0.06311
17034.86914 0.04087
17037.53516 0.05861
17040.23828 0.04064
17042.94141 0.02802
17045.61719 0.04274
17048.32227 0.04765
17051.00000 0.04007
17053.69531 0.05484
17056.38281 0.05261
17059.08008 0.05500
17061.76758 0.06300
17064.47461 0.05529
17067.15430 0.04263
17069.86133 0.03631
17072.55078 0.07770
17075.23242 0.05773
17077.93359 0.05604
17080.61328 0.05265
17083.30469 0.07261
17085.99609 0.06958
17088.69922 0.08363
17091.39062 0.07171
17094.08398 0.08124
17096.76953 0.09197
17099.46289 0.06577
17102.15625 0.08508
17104.84180 0.06241
17107.53711 0.04833
17110.23242 0.08106
17112.91992 0.04941
17115.61719 0.06459
17118.31445 0.07481
17121.00000 0.04988
17123.69922 0.06559
17126.38672 0.06287
17129.06641 0.06917
17131.76758 0.05155
17134.45703 0.05110
17137.15625 0.07250
17139.83789 0.05950
17142.52930 0.06412
17145.23047 0.06046
17147.91211 0.05432
17150.60547 0.06435
17153.29883 0.08105
17156.00195 0.08080
17158.67578 0.07803
17161.38086 0.08181
17164.06641 0.07220
17166.75977 0.08543
17169.44727 0.07846
17172.15234 0.09282
17174.83789 0.06910
17177.52734 0.08029
17180.23242 0.05296
17182.92188 0.08042
17185.59961 0.07468
17188.28906 0.08269
17190.99805 0.06134
17193.67773 0.05719
17196.37891 0.06033
17199.06836 0.07422
17201.75000 0.05822
17204.44141 0.05975
17207.13477 0.05633
17209.82617 0.06545
17212.51953 0.06163
17215.21094 0.07798
17217.90625 0.06334
17220.58984 0.06141
17223.29492 0.06142
17225.99023 0.06452
17228.67578 0.06870
17231.37109 0.04146
17234.06836 0.05697
17236.74414 0.06518
17239.44141 0.08344
17242.13867 0.06851
17244.82812 0.07654
17247.51758 0.05221
17250.21484 0.06206
17252.90625 0.06370
17255.59570 0.08498
17258.29492 0.06908
17260.97656 0.05197
17263.67773 0.07634
17266.36133 0.04504
17269.06250 0.05071
17271.75586 0.05348
17274.44727 0.03670
17277.13086 0.03870
17279.82617 0.05442
17282.52148 0.04559
17285.20508 0.07217
17287.90039 0.05426
17290.60547 0.05652
17293.28125 0.05126
17295.97852 0.05177
17298.66602 0.05471
17301.35352 0.08652
17304.04102 0.05558
17306.75000 0.05710
17309.44727 0.04871
17312.12891 0.05449
17314.82617 0.08552
17317.51758 0.08423
17320.21680 0.06005
17322.89844 0.07556
17325.59180 0.06595
17328.29297 0.08638
17330.95703 0.04611
17333.65820 0.06241
17336.35156 0.07227
17339.05469 0.07354
17341.73828 0.07941
17344.42383 0.06995
17347.11914 0.06641
17349.82422 0.02609
17352.50977 0.04998
17355.19531 0.06679
17357.89258 0.07604
17360.59961 0.05443
17363.26758 0.04401
17365.97656 0.05273
17368.65430 0.05052
17371.36328 0.05519
17374.03320 0.06417
17376.74219 0.06399
17379.43359 0.08290
17382.13281 0.06429
17384.81445 0.06989
17387.49805 0.07379
17390.20703 0.06823
17392.89062 0.08519
17395.57422 0.08322
17398.26758 0.08892
17400.97070 0.08415
17403.66406 0.06921
17406.33984 0.07665
17409.03516 0.08219
17411.73047 0.06432
17414.41602 0.07035
17417.10352 0.08427
17419.81836 0.09383
17422.50586 0.08592
17425.20312 0.06310
17427.89062 0.07989
17430.58008 0.07617
17433.25977 0.07393
17435.95898 0.06918
17438.64844 0.09063
17441.33984 0.05711
17444.03906 0.08899
17446.73047 0.03419
17449.43164 0.07168
17452.10547 0.05315
17454.79883 0.04838
17457.50000 0.07881
17460.18359 0.08059
17462.88672 0.06648
17465.57031 0.07177
17468.25586 0.06721
17470.96094 0.06557
17473.64648 0.04789
17476.34180 0.07404
17479.01953 0.08130
17481.72656 0.06781
17484.41211 0.07148
17487.10938 0.07874
17489.78906 0.06488
17492.49609 0.06993
17495.18555 0.06608
17497.87500 0.05630
17500.57422 0.04982
17503.25586 0.07241
17505.94531 0.03257
17508.63672 0.05410
17511.34766 0.06546
17514.03906 0.04586
17516.71289 0.04920
17519.40625 0.05278
17522.09961 0.06876
17524.79297 0.04901
17527.48633 0.03857
17530.16992 0.07303
17532.86719 0.03803
17535.56055 0.06121
17538.24805 0.04449
17540.94336 0.04714
17543.63086 0.04050
17546.32812 0.05743
17549.02539 0.06437
17551.72266 0.05848
17554.40039 0.04774
17557.09961 0.05379
17559.78906 0.07997
17562.48828 0.03903
17565.16992 0.05890
17567.86914 0.05367
17570.56055 0.06986
17573.24219 0.07342
17575.93359 0.07183
17578.63477 0.07347
17581.31836 0.06713
17584.02148 0.04779
17586.70508 0.06069
17589.40039 0.03651
17592.08398 0.05883
17594.78906 0.05981
17597.47461 0.04474
17600.17969 0.04945
17602.86523 0.06110
17605.54297 0.05509
17608.24805 0.06025
17610.93750 0.06913
17613.63477 0.04267
17616.32227 0.05863
17619.02930 0.08185
17621.70898 0.08233
17624.39844 0.06956
17627.08789 0.07809
17629.77930 0.04270
17632.47070 0.07997
17635.16211 0.06463
17637.84375 0.08793
17640.55469 0.06656
17643.23828 0.07536
17645.92969 0.07380
17648.63281 0.05102
17651.31836 0.07403
17654.00195 0.08413
17656.69727 0.06354
17659.39062 0.07542
17662.08594 0.08146
17664.78125 0.08305
17667.47852 0.08717
17670.16602 0.06105
17672.85156 0.07220
17675.54883 0.05186
17678.22852 0.06550
17680.92773 0.04889
17683.63477 0.04292
17686.31445 0.04247
17689.01367 0.06772
17691.68359 0.05907
17694.38477 0.06466
17697.08594 0.06478
17699.77539 0.06301
17702.45898 0.07048
17705.16016 0.07522
17707.85352 0.08499
17710.54688 0.08289
17713.22852 0.06803
17715.91406 0.09304
17718.61719 0.07275
17721.31250 0.06023
17723.99805 0.05615
17726.70312 0.07185
17729.39844 0.08069
17732.07617 0.07285
17734.76172 0.05949
17737.44922 0.06208
17740.14844 0.05446
17742.85547 0.04672
17745.54297 0.04336
17748.24219 0.05079
17750.93164 0.03337
17753.62109 0.06570
17756.31055 0.02314
17759.00195 0.06704
17761.69336 0.04188
17764.37500 0.05098
17767.06641 0.04922
17769.75977 0.03434
17772.46289 0.04159
17775.15430 0.04952
17777.84766 0.02718
17780.52148 0.06393
17783.21680 0.03232
17785.91992 0.06036
17788.61719 0.05200
17791.30273 0.05749
17793.99805 0.06632
17796.69336 0.04666
17799.38086 0.05751
17802.07812 0.04767
17804.75586 0.06180
17807.45312 0.05661
17810.13281 0.06500
17812.84180 0.06041
17815.52148 0.04510
17818.23047 0.06886
17820.91016 0.05168
17823.62109 0.06225
17826.30273 0.03644
17828.99414 0.05756
17831.67578 0.05513
17834.37695 0.04484
17837.06055 0.03933
17839.75391 0.06098
17842.45703 0.04448
17845.15039 0.05940
17847.83398 0.04026
17850.52930 0.04805
17853.21484 0.06570
17855.91016 0.08283
17858.59570 0.06161
17861.29297 0.05521
17863.98047 0.08085
17866.66602 0.06776
17869.36523 0.07240
17872.05273 0.07045
17874.75000 0.07770
17877.43945 0.05631
17880.14062 0.08484
17882.83008 0.07197
17885.52930 0.05884
17888.21875 0.05756
17890.90039 0.06162
17893.60156 0.08695
17896.29297 0.06034
17898.99609 0.06851
17901.67773 0.07468
17904.36133 0.06461
17907.06445 0.05384
17909.73828 0.07109
17912.44141 0.06258
17915.12695 0.04865
17917.82227 0.06831
17920.50781 0.07682
17923.21484 0.06906
17925.89062 0.05560
17928.59766 0.04600
17931.28320 0.05400
17933.98242 0.07235
17936.66992 0.08511
17939.35742 0.05622
17942.05664 0.07139
17944.74609 0.07824
17947.43555 0.07615
17950.13477 0.08102
17952.81445 0.05638
17955.50586 0.06773
17958.19727 0.08828
17960.89062 0.06471
17963.59180 0.08613
17966.28320 0.06112
17968.97656 0.06629
17971.66992 0.06933
17974.35352 0.04906
17977.04688 0.05004
17979.74219 0.04789
17982.43555 0.06127
17985.12109 0.05675
17987.81836 0.04310
17990.51367 0.02830
17993.21094 0.02615
17995.90625 0.03464
17998.58398 0.05335
18001.27148 0.06655
18003.97070 0.03558
18006.66992 0.04161
18009.36719 0.03238
18012.04883 0.03204
18014.73828 0.04271
18017.42773 0.07977
18020.10742 0.03369
18022.80859 0.03344
18025.50977 0.04228
18028.19141 0.04137
18030.89453 0.05951
18033.57812 0.04136
18036.27148 0.05792
18038.95312 0.08197
18041.65820 0.03840
18044.34180 0.03476
18047.04688 0.05132
18049.73242 0.05656
18052.41797 0.07043
18055.12305 0.04329
18057.80859 0.04649
18060.49609 0.07044
18063.19336 0.04320
18065.87891 0.03401
18068.56836 0.03692
18071.25781 0.04907
18073.96484 0.02933
18076.65430 0.02240
18079.34375 0.01255
18082.03516 0.03725
18084.72461 0.04114
18087.41406 0.05578
18090.10547 0.05844
18092.79688 0.05153
18095.48828 0.05151
18098.18164 0.06643
18100.87500 0.04611
18103.56836 0.07042
18106.26172 0.06767
18108.95508 0.06351
18111.64844 0.06327
18114.34375 0.06481
18117.01953 0.05371
18119.71484 0.07127
18122.41016 0.07071
18125.10742 0.09056
18127.79492 0.05058
18130.49219 0.04991
18133.18945 0.04452
18135.86523 0.06164
18138.56445 0.04446
18141.26367 0.06168
18143.94336 0.04366
18146.64258 0.03791
18149.32227 0.04456
18152.02344 0.07919
18154.71289 0.06760
18157.41406 0.03779
18160.09570 0.03008
18162.79688 0.05912
18165.48047 0.07074
18168.16406 0.05824
18170.86719 0.06184
18173.54883 0.04346
18176.24414 0.06317
18178.94727 0.07221
18181.64258 0.07384
18184.32812 0.04136
18187.01367 0.04807
18189.72070 0.06012
18192.41602 0.04859
18195.10352 0.08098
18197.79102 0.09324
18200.47656 0.06422
18203.17578 0.05706
18205.86328 0.07453
18208.55273 0.06838
18211.26172 0.06401
18213.93164 0.05278
18216.63281 0.05034
18219.32227 0.04094
18222.01172 0.06175
18224.70312 0.04355
18227.40430 0.03878
18230.09766 0.01558
18232.78906 0.06724
18235.46289 0.02669
18238.16602 0.02029
18240.85938 0.04974
18243.55273 0.03341
18246.24805 0.03969
18248.93164 0.04201
18251.63672 0.03199
18254.33203 0.05075
18257.01758 0.04055
18259.71484 0.02756
18262.39258 0.06459
18265.09766 0.05043
18267.77539 0.06724
18270.47461 0.03245
18273.16211 0.04349
18275.86133 0.06625
18278.53906 0.05524
18281.24805 0.05610
18283.92969 0.03797
18286.61914 0.03878
18289.32031 0.04667
18292.00000 0.04008
18294.69336 0.03629
18297.39453 0.03924
18300.08594 0.02681
18302.77930 0.00793
18305.46289 0.04712
18308.16602 0.03296
18310.85938 0.04403
18313.54297 0.03984
18316.23828 0.00978
18318.92383 0.04629
18321.61914 0.01391
18324.30469 0.02923
18327.00000 0.04923
18329.68750 0.04767
18332.38477 0.04074
18335.08203 0.03723
18337.76758 0.05175
18340.46680 0.05868
18343.15625 0.04609
18345.85547 0.06623
18348.54492 0.06058
18351.24414 0.05841
18353.91406 0.08102
18356.61328 0.07160
18359.30469 0.05173
18362.00586 0.07314
18364.67773 0.05055
18367.38086 0.02182
18370.08203 0.02832
18372.76562 0.03566
18375.45898 0.05926
18378.16211 0.10650
18380.84570 0.06366
18383.53906 0.04726
18386.22461 0.04093
18388.91992 0.04672
18391.60547 0.04535
18394.30273 0.04636
18396.99805 0.04924
18399.69531 0.05013
18402.38281 0.03011
18405.06836 0.05088
18407.76758 0.03847
18410.45508 0.06085
18413.15430 0.07173
18415.84375 0.05095
18418.53320 0.06166
18421.21289 0.06853
18423.91211 0.07065
18426.61328 0.05727
18429.30469 0.05710
18431.99609 0.09151
18434.67773 0.07179
18437.37109 0.07758
18440.06250 0.04884
18442.74414 0.07033
18445.43750 0.07607
18448.15234 0.04750
18450.82617 0.07430
18453.52148 0.05301
18456.21680 0.06266
18458.90039 0.05232
18461.59766 0.06090
18464.29297 0.05430
18466.99023 0.04857
18469.67578 0.02900
18472.38477 0.02407
18475.08203 0.04098
18477.75000 0.04649
18480.44727 0.04569
18483.14648 0.04637
18485.83594 0.04865
18488.51562 0.04167
18491.21484 0.04139
18493.92578 0.04180
18496.60742 0.05251
18499.29688 0.03717
18501.97852 0.06512
18504.67969 0.06718
18507.36328 0.04768
18510.05469 0.05375
18512.74805 0.05353
18515.45117 0.05447
18518.13672 0.05113
18520.83984 0.04378
18523.51562 0.03056
18526.19922 0.04755
18528.90430 0.02446
18531.59180 0.01176
18534.28711 0.01843
18536.99414 0.01588
18539.66992 0.01528
18542.35742 0.02283
18545.04492 0.01258
18547.75391 0.00948
18550.44141 0.01166
18553.14062 0.01615
18555.83008 0.03330
18558.50781 0.01897
18561.19922 0.01073
18563.88867 0.00936
18566.57812 0.03409
18569.28125 0.04250
18571.97266 0.02343
18574.66406 0.03120
18577.35547 0.07758
18580.04883 0.05343
18582.74023 0.00574
18585.42578 0.03794
18588.12891 0.03644
18590.82422 0.04129
18593.51758 0.04397
18596.21289 0.04949
18598.88672 0.04368
18601.58398 0.06393
18604.29102 0.04094
18606.96680 0.02417
18609.66211 0.05266
18612.35938 0.03003
18615.05859 0.03998
18617.73633 0.04019
18620.44531 0.04199
18623.12305 0.04166
18625.82227 0.01415
18628.50000 0.04730
18631.20117 0.02314
18633.88086 0.03590
18636.59180 0.02501
18639.27344 0.02123
18641.97461 0.05498
18644.65625 0.05538
18647.35742 0.04723
18650.04102 0.03994
18652.73438 0.04561
18655.43555 0.04268
18658.12109 0.04828
18660.80469 0.04779
18663.48828 0.07840
18666.19336 0.10115
18668.88867 0.07536
18671.58398 0.07616
18674.26953 0.06674
18676.95703 0.06140
18679.66211 0.05713
18682.35938 0.05581
18685.04883 0.03996
18687.73633 0.04696
18690.42383 0.04871
18693.11133 0.05943
18695.81055 0.04078
18698.50977 0.04410
18701.19922 0.04126
18703.89062 0.02721
18706.58203 0.01746
18709.26172 0.03908
18711.95117 0.02855
18714.65430 0.05544
18717.34570 0.04676
18720.03906 0.03962
18722.73242 0.03567
18725.41406 0.03623
18728.10742 0.04101
18730.81250 0.04799
18733.48438 0.05740
18736.19141 0.04767
18738.88672 0.05967
18741.56055 0.04447
18744.26562 0.03711
18746.94336 0.04598
18749.64844 0.05502
18752.34570 0.04887
18755.03320 0.04006
18757.73242 0.01033
18760.40820 0.04600
18763.11719 0.02698
18765.79492 0.04701
18768.48438 0.00656
18771.18555 0.01785
18773.86328 0.02041
18776.56445 0.02376
18779.26562 0.00673
18781.94531 0.02375
18784.62695 0.02534
18787.34961 0.01015
18790.03125 0.02219
18792.71484 0.01934
18795.40820 0.00870
18798.10938 0.00266
18800.80469 0.00849
18803.48633 0.02862
18806.18164 0.04034
18808.86719 0.01186
18811.56250 0.02157
18814.25781 0.01243
18816.94336 0.03808
18819.63867 0.01611
18822.32617 0.03161
18825.02344 0.02150
18827.72070 0.01251
18830.40820 0.02328
18833.09570 0.06344
18835.80469 0.05146
18838.47266 0.00933
18841.17188 0.03562
18843.86133 0.03799
18846.56250 0.02344
18849.26367 -0.00057
18851.93164 0.02506
18854.62305 0.01161
18857.33594 0.02063
18860.02734 0.01664
18862.70898 0.02581
18865.40234 0.02017
18868.09570 0.00193
18870.78711 0.02346
18873.48047 0.02610
18876.16602 0.02874
18878.87109 0.02075
18881.55469 0.03508
18884.25000 0.01146
18886.93555 0.03529
18889.63281 0.04670
18892.32812 0.03724
18895.00391 0.04077
18897.71094 0.03853
18900.39844 0.06416
18903.08594 0.05249
18905.78516 0.04749
18908.47266 0.05585
18911.16211 0.03303
18913.87109 0.05398
18916.55078 0.04918
18919.24023 0.03583
18921.92969 0.04019
18924.62109 0.05240
18927.32227 0.02268
18930.01367 0.04046
18932.70703 0.02564
18935.39844 0.03156
18938.08984 0.03607
18940.77344 0.04395
18943.47656 0.04464
18946.16016 0.01824
18948.85352 0.02997
18951.54883 0.01202
18954.24414 0.01098
18956.93750 0.00966
18959.62305 0.04628
18962.33008 0.02287
18964.99609 0.04044
18967.69141 0.03227
18970.38867 0.04190
18973.08594 0.02865
18975.78516 0.04255
18978.46289 0.04799
18981.16016 0.04452
18983.85938 0.05658
18986.52734 0.06053
18989.22656 0.01701
18991.93750 0.04731
18994.60742 0.03603
18997.30859 0.04046
19000.00977 0.03754
19002.69141 0.01714
19005.39258 0.03593
19008.07422 0.01913
19010.77734 0.02716
19013.45898 0.00420
19016.16211 -0.00283
19018.84570 0.01126
19021.52930 0.01688
19024.23438 0.00572
19026.91797 -0.01472
19029.60352 -0.01545
19032.30859 0.01454
19034.99414 -0.00251
19037.69141 -0.01228
19040.38867 0.01410
19043.07422 0.02241
19045.76172 0.00144
19048.45898 -0.02346
19051.13672 0.01236
19053.84570 0.02243
19056.54297 0.01967
19059.22266 -0.00110
19061.91211 0.01966
19064.61133 0.02388
19067.30078 0.04840
19069.99219 0.00294
19072.67188 0.02172
19075.37305 0.02154
19078.06445 0.02333
19080.75781 0.02251
19083.45898 0.01445
19086.14258 0.02124
19088.83398 -0.00091
19091.53906 -0.00292
19094.21094 -0.00351
19096.90625 -0.01153
19099.61133 -0.00082
19102.29492 -0.01886
19104.99023 0.02357
19107.67578 0.02524
19110.37109 0.02107
19113.06836 -0.00234
19115.74414 0.00282
19118.45117 0.02160
19121.13867 0.01225
19123.81641 0.02071
19126.52539 -0.00780
19129.22266 -0.00056
19131.90039 0.03055
19134.61133 0.01968
19137.29102 0.03647
19139.99023 0.02792
19142.67969 0.03731
19145.38086 0.04340
19148.06250 0.04793
19150.75195 0.02971
19153.44531 0.05064
19156.12695 0.02871
19158.81836 0.04107
19161.52148 0.04251
19164.20508 0.04291
19166.89844 0.02819
19169.60156 0.02826
19172.28516 0.02753
19174.98047 0.05066
19177.66602 0.01303
19180.34961 0.02296
19183.06641 0.01135
19185.75195 0.02379
19188.43945 0.04271
19191.13477 0.02165
19193.82227 0.00657
19196.50977 0.00274
19199.20703 0.02474
19201.89453 0.02445
19204.58203 0.01952
19207.28320 0.05713
19209.97266 0.03744
19212.66211 0.04538
19215.36133 0.04299
19218.05273 0.06523
19220.75195 0.04970
19223.42383 0.06022
19226.11328 0.04557
19228.81641 0.02472
19231.51758 0.05114
19234.21094 0.03056
19236.89258 0.04211
19239.58594 0.02383
19242.27930 0.04601
19244.98438 0.04930
19247.65820 0.01307
19250.35156 0.01594
19253.03516 -0.00380
19255.73242 0.03153
19258.43750 -0.00236
19261.12305 0.00921
19263.82031 -0.01173
19266.50586 0.02220
19269.20312 -0.01422
19271.88086 0.00959
19274.58789 -0.00258
19277.26562 -0.01555
19279.96484 -0.01241
19282.66406 -0.01606
19285.34180 -0.00433
19288.05273 0.00270
19290.73242 0.02554
19293.41211 0.00273
19296.12305 0.03580
19298.81445 -0.00433
19301.49609 0.00753
19304.18555 0.02192
19306.88867 0.02148
19309.58203 0.01388
19312.27344 0.02803
19314.95703 0.00645
19317.65039 0.00527
19320.33398 0.00527
19323.02734 -0.01659
19325.74219 0.01005
19328.42773 -0.02347
19331.12305 -0.02376
19333.80859 -0.00688
19336.50391 -0.00869
19339.20117 -0.03101
19341.88672 -0.03161
19344.57422 -0.04203
19347.25977 -0.00514
19349.94922 -0.02307
19352.64648 -0.03908
19355.34570 -0.02999
19358.03320 -0.03456
19360.73438 0.01464
19363.41211 -0.01028
19366.11133 -0.01368
19368.80078 0.00076
19371.49219 0.00697
19374.18359 -0.00902
19376.87500 0.01612
19379.57617 0.00591
19382.25781 0.00549
19384.94922 0.02052
19387.65234 0.02184
19390.33594 0.02555
19393.03906 0.01146
19395.71289 0.03217
19398.41797 0.02085
19401.09961 0.02908
19403.79492 0.01372
19406.49023 0.00541
19409.18555 -0.01275
19411.87109 0.01050
19414.57812 0.03792
19417.25391 0.00150
19419.95117 0.00587
19422.64844 -0.01191
19425.32617 -0.01971
19428.02344 -0.00013
19430.72070 0.01282
19433.41992 -0.01376
19436.09766 0.00081
19438.78711 0.00646
19441.49805 0.00748
19444.17773 0.01809
19446.87891 0.00071
19449.55859 0.01115
19452.25977 0.02077
19454.93945 0.04743
19457.63086 0.03973
19460.32422 0.03704
19463.01758 0.01651
19465.70898 0.02487
19468.40234 0.03937
19471.09570 0.03053
19473.77734 0.03581
19476.47266 0.02109
19479.16797 0.01229
19481.86133 0.01565
19484.55859 0.02927
19487.25391 0.03198
19489.93945 -0.00309
19492.64648 0.00663
19495.31055 -0.00776
19498.01953 -0.00493
19500.70508 -0.01712
19503.41406 -0.00295
19506.09180 0.00215
19508.77930 -0.02122
19511.47852 -0.00139
19514.15625 -0.00920
19516.86719 -0.01436
19519.55664 0.00517
19522.24609 0.00489
19524.93555 0.00631
19527.62695 -0.00137
19530.31836 0.01067
19533.00000 0.00328
19535.71289 0.01447
19538.38281 0.00744
19541.09570 0.00450
19543.76758 0.00071
19546.48242 0.00873
19549.16602 0.00542
19551.87109 0.01582
19554.55273 -0.01342
19557.22656 0.00586
19559.94336 -0.01664
19562.62891 -0.00433
19565.31250 -0.01204
19567.99805 -0.01970
19570.70703 -0.02800
19573.39258 -0.00871
19576.08984 -0.01813
19578.77539 -0.02702
19581.45117 -0.03394
19584.17383 -0.04559
19586.84961 -0.02696
19589.54883 -0.03117
19592.23633 -0.05696
19594.93750 -0.03355
19597.61523 -0.04204
19600.31641 -0.02066
19603.00781 -0.02853
19605.69922 -0.02456
19608.38867 -0.00470
19611.09180 -0.00551
19613.77148 -0.02393
19616.46289 -0.01775
19619.16797 0.00167
19621.83789 -0.00101
19624.53125 0.00909
19627.22461 0.01929
19629.92969 0.00175
19632.61328 -0.00794
19635.31836 0.00035
19637.99219 -0.01444
19640.69727 -0.00558
19643.38281 -0.00340
19646.06836 0.00379
19648.76562 -0.01551
19651.47266 -0.02236
19654.14844 -0.02252
19656.83594 -0.03680
19659.54492 -0.01773
19662.22070 -0.01875
19664.93164 -0.00866
19667.60938 -0.03296
19670.30664 -0.00703
19672.98633 -0.03505
19675.69727 -0.02981
19678.37500 -0.00832
19681.07617 -0.00875
19683.75586 -0.01538
19686.44727 -0.00619
19689.15039 0.00738
19691.83984 0.01117
19694.52148 0.01040
19697.23633 -0.00103
19699.90625 0.00652
19702.59961 0.01641
19705.30469 0.05989
19707.99805 0.03526
19710.68164 0.04087
19713.37695 0.02033
19716.08203 0.01684
19718.76758 0.00607
19721.45117 0.01039
19724.14648 0.01540
19726.83203 0.01175
19729.52930 -0.00147
19732.21680 -0.01356
19734.91406 -0.02939
19737.59961 -0.00933
19740.29883 -0.02084
19742.98633 -0.01639
19745.68555 -0.02108
19748.37305 -0.01623
19751.06250 0.00949
19753.75195 -0.00732
19756.45117 -0.02008
19759.14258 -0.01152
19761.84375 -0.00866
19764.51172 -0.02387
19767.21484 -0.00021
19769.90430 0.01933
19772.60938 -0.00119
19775.27930 0.00728
19777.98242 0.01323
19780.67578 -0.00474
19783.37891 0.00444
19786.05078 0.02126
19788.75586 0.01519
19791.44922 0.02081
19794.13477 0.00500
19796.82812 0.01255
19799.51367 -0.00952
19802.21094 -0.00349
19804.89648 -0.00856
19807.59180 -0.00903
19810.27734 -0.02059
19812.97461 -0.02972
19815.66211 -0.04303
19818.35938 -0.05593
19821.04688 -0.03126
19823.74609 -0.04441
19826.43359 -0.01414
19829.12305 -0.05221
19831.82422 -0.06952
19834.52344 -0.07326
19837.20117 -0.04127
19839.91406 -0.02159
19842.59180 -0.02020
19845.28516 -0.03223
19847.96484 -0.03393
19850.67773 -0.00232
19853.35938 -0.04578
19856.05078 -0.02015
19858.73242 -0.03286
19861.43555 -0.03640
19864.11914 -0.06156
19866.81250 0.00365
19869.51758 -0.04673
19872.21289 -0.01994
19874.89648 -0.02648
19877.59180 -0.01479
19880.28711 -0.02734
19882.97266 -0.03322
19885.67773 -0.04350
19888.36328 -0.03887
19891.06055 -0.04171
19893.72656 -0.04124
19896.42383 -0.02899
19899.12109 -0.06693
19901.82031 -0.05647
19904.50781 -0.06877
19907.20703 -0.04393
19909.88477 -0.06147
19912.57422 -0.06709
19915.28516 -0.05816
19917.97461 -0.04960
19920.65430 -0.05547
19923.34375 -0.05300
19926.04688 -0.01796
19928.72656 -0.01583
19931.42969 -0.03335
19934.12109 -0.01722
19936.80273 -0.01860
19939.51758 -0.01357
19942.18750 -0.00968
19944.89258 -0.01672
19947.56445 0.00341
19950.27930 0.00117
19952.95312 -0.00116
19955.65820 -0.00311
19958.33203 -0.00628
19961.04883 -0.01252
19963.73438 -0.01105
19966.40820 -0.02186
19969.12695 -0.00987
19971.80273 -0.01099
19974.50977 -0.02500
19977.18555 -0.02193
19979.88281 -0.01759
19982.57227 -0.03336
19985.26953 -0.01708
19987.97070 -0.02487
19990.64648 -0.04587
19993.33594 -0.05344
19996.02539 -0.03961
19998.73633 -0.02985
20001.41602 -0.02364
20004.11719 -0.02518
20006.80859 -0.02242
20009.48828 -0.03038
20012.19141 -0.01043
20014.87109 -0.01797
20017.56250 0.00632
20020.26758 0.02120
20022.94922 0.01977
20025.65430 0.00231
20028.33594 0.01130
20031.02930 -0.00814
20033.72461 -0.00187
20036.41797 -0.00340
20039.11328 -0.00182
20041.78711 -0.02744
20044.48242 -0.02300
20047.17969 -0.00628
20049.87695 -0.01437
20052.56250 -0.05510
20055.27148 -0.03763
20057.94531 -0.03662
20060.64453 -0.05071
20063.34180 -0.03355
20066.01953 -0.04709
20068.71680 -0.08349
20071.41797 -0.05825
20074.09570 -0.04515
20076.79492 -0.06181
20079.47266 -0.06721
20082.17383 -0.06140
20084.88672 -0.05901
20087.55469 -0.04862
20090.26758 -0.06400
20092.93750 -0.03857
20095.65234 -0.03643
20098.33203 -0.04779
20101.03516 -0.03118
20103.71680 -0.05031
20106.39844 -0.02331
20109.10352 -0.02530
20111.78711 -0.01829
20114.46875 -0.03485
20117.18555 -0.04886
20119.85938 -0.07063
20122.55469 -0.03936
20125.25000 -0.03179
20127.94531 -0.06657
20130.63086 -0.05857
20133.31641 -0.05884
20136.01367 -0.04535
20138.72266 -0.07019
20141.40820 -0.07551
20144.09766 -0.05498
20146.78320 -0.08615
20149.47070 -0.10191
20152.16992 -0.07981
20154.85938 -0.05759
20157.54688 -0.07217
20160.23633 -0.08219
20162.92578 -0.09436
20165.62695 -0.07271
20168.30664 -0.08044
20171.00781 -0.06589
20173.71094 -0.06213
20176.39062 -0.06928
20179.09375 -0.06177
20181.77539 -0.03304
20184.47852 -0.04230
20187.18359 -0.03516
20189.84180 -0.03102
20192.54688 -0.02927
20195.24023 -0.03636
20197.93555 -0.02696
20200.64062 -0.03107
20203.31445 -0.06422
20206.00977 -0.04408
20208.71680 -0.06096
20211.38867 -0.04696
20214.08594 -0.03147
20216.78320 -0.04365
20219.46875 -0.06691
20222.16602 -0.06954
20224.84180 -0.04179
20227.55273 -0.05534
20230.22852 -0.04839
20232.92773 -0.08527
20235.61523 -0.04718
20238.31445 -0.08294
20240.99219 -0.04342
20243.70312 -0.05454
20246.38281 -0.05253
20249.08398 -0.05151
20251.77344 -0.04431
20254.45312 -0.05148
20257.15625 -0.02834
20259.84570 -0.06014
20262.52734 -0.01464
20265.24219 -0.00123
20267.92383 0.00354
20270.60547 -0.00689
20273.32031 -0.00933
20276.00195 -0.00511
20278.68555 -0.00993
20281.37891 -0.02005
20284.06445 -0.00770
20286.78125 -0.03987
20289.47461 -0.01991
20292.14844 -0.02765
20294.84570 -0.05595
20297.54297 -0.05028
20300.22852 -0.03811
20302.92578 -0.03877
20305.61133 -0.04506
20308.29688 -0.06791
20310.99609 -0.06417
20313.69336 -0.05901
20316.38281 -0.07221
20319.07031 -0.06846
20321.76953 -0.07405
20324.45898 -0.07943
20327.16016 -0.05681
20329.83789 -0.07674
20332.52734 -0.04454
20335.22852 -0.08072
20337.90820 -0.03761
20340.60938 -0.04267
20343.29102 -0.04257
20345.98242 -0.03006
20348.68555 -0.03783
20351.38867 -0.02036
20354.05859 -0.04520
20356.76367 -0.05738
20359.45703 -0.05008
20362.12891 -0.05486
20364.83398 -0.04732
20367.53906 -0.06447
20370.21289 -0.06815
20372.91797 -0.07394
20375.60352 -0.06754
20378.29883 -0.10027
20380.98438 -0.08630
20383.69141 -0.10274
20386.36719 -0.07239
20389.06445 -0.11173
20391.76172 -0.09446
20394.44727 -0.10225
20397.13672 -0.07826
20399.82227 -0.11642
20402.53320 -0.11675
20405.21094 -0.12862
20407.89844 -0.12608
20410.61133 -0.12261
20413.28906 -0.09252
20415.97852 -0.08725
20418.66992 -0.09678
20421.37109 -0.12014
20424.06055 -0.09510
20426.75195 -0.09424
20429.43164 -0.07765
20432.12500 -0.07067
20434.83984 -0.09312
20437.52148 -0.07446
20440.21289 -0.08187
20442.90625 -0.04876
20445.58984 -0.07011
20448.28320 -0.07811
20450.97656 -0.06290
20453.67188 -0.08796
20456.35547 -0.06936
20459.05078 -0.08497
20461.74805 -0.10386
20464.43164 -0.11034
20467.13867 -0.09261
20469.83594 -0.08805
20472.52148 -0.12600
20475.19727 -0.12841
20477.89648 -0.12563
20480.58203 -0.14881
20483.28125 -0.11304
20485.97852 -0.12088
20488.67969 -0.08731
20491.34570 -0.09517
20494.04492 -0.11238
20496.74609 -0.11243
20499.42383 -0.08518
20502.12500 -0.07706
20504.82617 -0.09564
20507.51562 -0.10113
20510.19727 -0.05707
20512.89844 -0.07124
20515.58008 -0.05603
20518.27148 -0.04480
20520.97461 -0.04949
20523.66797 -0.06114
20526.36133 -0.05330
20529.04297 -0.05970
20531.74609 -0.05467
20534.42969 -0.05512
20537.12500 -0.02103
20539.81836 -0.06372
20542.50391 -0.07114
20545.19922 -0.08377
20547.88281 -0.06207
20550.59180 -0.10584
20553.27539 -0.05628
20555.96094 -0.08124
20558.66992 -0.07770
20561.35547 -0.11455
20564.03320 -0.10342
20566.73047 -0.09809
20569.43945 -0.08939
20572.12891 -0.07567
20574.80469 -0.10079
20577.49414 -0.09675
20580.19336 -0.09481
20582.88281 -0.08730
20585.58203 -0.07364
20588.27344 -0.04591
20590.96289 -0.04144
20593.65234 -0.06056
20596.34375 -0.05485
20599.03516 -0.06618
20601.73828 -0.07764
20604.41992 -0.06658
20607.11133 -0.07399
20609.80469 -0.05025
20612.49805 -0.06181
20615.19141 -0.05375
20617.88281 -0.08660
20620.57812 -0.08147
20623.27344 -0.09718
20625.96680 -0.11453
20628.64062 -0.10391
20631.34570 -0.11179
20634.03125 -0.12221
20636.72852 -0.12589
20639.41211 -0.15785
20642.10938 -0.14279
20644.79492 -0.15259
20647.49219 -0.13081
20650.17969 -0.12661
20652.87891 -0.16757
20655.56445 -0.14973
20658.25195 -0.12463
20660.95117 -0.16015
20663.65039 -0.13638
20666.32812 -0.14442
20669.02930 -0.14421
20671.71875 -0.11509
20674.41992 -0.13641
20677.09766 -0.13911
20679.80078 -0.12101
20682.47852 -0.11578
20685.18164 -0.11515
20687.86133 -0.12111
20690.56641 -0.09397
20693.25781 -0.12693
20695.94922 -0.13166
20698.64258 -0.14067
20701.32422 -0.14012
20704.02930 -0.15740
20706.72461 -0.16040
20709.39453 -0.14081
20712.11133 -0.15991
20714.79688 -0.20139
20717.48047 -0.19997
20720.16406 -0.19825
20722.87305 -0.19117
20725.56836 -0.21939
20728.25391 -0.19152
20730.93945 -0.17945
20733.62500 -0.16974
20736.33398 -0.17724
20739.03320 -0.18305
20741.70898 -0.15086
20744.40820 -0.16050
20747.09570 -0.18245
20749.79492 -0.17517
20752.47266 -0.16453
20755.17188 -0.14281
20757.86133 -0.12845
20760.56250 -0.14489
20763.25195 -0.14773
20765.94336 -0.14723
20768.63281 -0.13091
20771.33594 -0.13917
20774.02734 -0.11659
20776.69531 -0.12223
20779.38867 -0.12731
20782.08984 -0.14021
20784.78320 -0.16414
20787.47656 -0.16885
20790.16992 -0.16251
20792.85352 -0.16228
20795.55859 -0.16020
20798.25195 -0.16090
20800.94727 -0.17432
20803.61914 -0.16712
20806.32617 -0.16656
20809.02148 -0.17215
20811.70703 -0.18767
20814.40430 -0.19725
20817.07617 -0.18347
20819.78516 -0.18594
20822.48242 -0.17113
20825.15820 -0.18450
20827.85742 -0.15109
20830.54492 -0.15675
20833.25586 -0.13730
20835.93164 -0.14365
20838.63086 -0.12998
20841.31836 -0.15358
20844.01953 -0.09135
20846.70898 -0.13237
20849.38672 -0.13451
20852.08789 -0.13148
20854.77930 -0.12390
20857.45898 -0.12305
20860.17188 -0.12539
20862.85156 -0.11958
20865.53125 -0.11691
20868.24609 -0.15969
20870.92773 -0.15065
20873.62109 -0.15296
20876.30273 -0.13623
20878.99609 -0.16450
20881.70117 -0.16265
20884.39453 -0.18544
20887.08984 -0.19397
20889.76172 -0.19936
20892.45703 -0.19506
20895.15234 -0.19546
20897.83594 -0.20219
20900.55664 -0.21776
20903.24023 -0.20892
20905.92578 -0.20362
20908.62305 -0.21309
20911.32031 -0.20420
20914.00781 -0.18867
20916.70508 -0.18068
20919.36914 -0.19346
20922.07031 -0.18680
20924.75586 -0.18120
20927.45508 -0.15868
20930.15625 -0.16783
20932.84570 -0.17650
20935.53516 -0.16239
20938.23633 -0.18551
20940.91406 -0.14728
20943.61523 -0.16615
20946.29492 -0.20254
20948.99805 -0.19083
20951.67773 -0.20717
20954.37891 -0.25031
20957.07227 -0.23234
20959.75391 -0.24605
20962.44531 -0.23488
20965.15039 -0.25630
20967.83203 -0.29896
20970.52734 -0.28689
20973.23242 -0.30643
20975.90234 -0.29781
20978.60938 -0.30910
20981.29297 -0.31354
20984.00000 -0.30610
20986.67383 -0.32939
20989.38086 -0.30880
20992.05273 -0.30057
20994.76172 -0.32859
20997.44727 -0.33251
21000.14453 -0.29658
21002.83203 -0.29572
21005.51758 -0.29230
21008.21680 -0.27819
21010.90430 -0.28059
21013.61523 -0.28608
21016.30273 -0.26091
21018.99219 -0.27008
21021.66797 -0.29332
21024.36914 -0.29070
21027.05859 -0.32537
21029.74805 -0.28277
21032.43945 -0.30609
21035.15234 -0.30035
21037.84375 -0.31009
21040.52344 -0.33689
21043.21289 -0.36130
21045.89453 -0.33539
21048.58789 -0.32537
21051.27930 -0.36628
21053.99414 -0.38175
21056.67578 -0.37393
21059.37109 -0.39268
21062.06445 -0.39715
21064.75977 -0.41366
21067.45312 -0.38120
21070.14844 -0.39623
21072.84375 -0.41420
21075.52734 -0.37678
21078.20117 -0.39195
21080.89648 -0.38442
21083.59375 -0.39886
21086.29102 -0.38255
21088.97656 -0.35068
21091.66211 -0.36202
21094.35938 -0.32223
21097.05859 -0.31740
21099.73438 -0.30968
21102.43359 -0.31026
21105.13281 -0.31722
21107.83398 -0.31677
21110.49805 -0.33325
21113.19922 -0.30440
21115.90039 -0.32181
21118.57812 -0.34540
21121.27930 -0.34487
21123.98047 -0.36507
21126.66016 -0.38997
21129.34961 -0.38875
21132.04102 -0.39620
21134.74414 -0.37256
21137.43750 -0.40100
21140.12891 -0.41331
21142.83398 -0.41920
21145.51562 -0.44458
21148.20898 -0.40970
21150.89062 -0.44127
21153.59570 -0.45989
21156.27734 -0.43193
21158.96289 -0.41812
21161.66797 -0.40643
21164.35352 -0.41663
21167.05859 -0.40855
21169.73242 -0.40866
21172.41602 -0.40493
21175.12695 -0.38621
21177.82227 -0.38370
21180.50781 -0.37666
21183.19336 -0.38210
21185.90430 -0.38004
21188.59180 -0.38166
21191.26758 -0.35457
21193.95312 -0.38473
21196.64258 -0.39073
21199.35352 -0.40319
21202.05273 -0.40974
21204.74219 -0.41723
21207.43164 -0.42158
21210.12109 -0.43703
21212.79883 -0.45654
21215.49023 -0.46786
21218.19336 -0.49140
21220.88281 -0.50016
21223.57422 -0.54059
21226.26562 -0.51132
21228.95703 -0.56168
21231.65039 -0.53396
21234.34375 -0.54360
21237.03711 -0.59217
21239.73047 -0.54220
21242.42188 -0.56556
21245.11719 -0.57990
21247.81055 -0.56340
21250.49414 -0.59815
21253.18945 -0.61170
21255.88477 -0.57949
21258.58008 -0.54898
21261.26562 -0.55507
21263.94922 -0.58327
21266.64648 -0.57222
21269.34375 -0.56680
21272.04102 -0.56204
21274.72656 -0.60124
21277.42578 -0.57568
21280.12305 -0.61103
21282.79883 -0.58575
21285.48633 -0.61219
21288.17383 -0.62099
21290.87500 -0.64379
21293.57422 -0.65116
21296.26172 -0.65479
21298.96289 -0.68951
21301.64062 -0.72930
21304.34375 -0.74710
21307.03320 -0.74728
21309.73633 -0.77282
21312.40234 -0.80121
21315.10547 -0.81691
21317.79688 -0.82095
21320.47656 -0.84985
21323.18164 -0.83604
21325.87500 -0.86198
21328.55469 -0.87817
21331.25977 -0.87234
21333.95312 -0.88363
21336.63477 -0.85130
21339.34180 -0.87587
21342.02539 -0.85280
21344.70703 -0.88664
21347.39258 -0.86683
21350.09961 -0.87589
21352.79492 -0.86782
21355.47852 -0.87283
21358.17578 -0.85415
21360.86133 -0.87280
21363.57031 -0.86710
21366.26758 -0.90042
21368.95312 -0.88043
21371.64062 -0.91015
21374.32812 -0.90349
21377.01562 -0.91921
21379.70117 -0.96830
21382.40234 -1.00606
21385.08984 -0.98869
21387.79102 -1.02715
21390.48047 -1.01725
21393.16797 -1.06468
21395.87109 -1.09841
21398.56055 -1.11930
21401.26367 -1.13521
21403.95312 -1.13440
21406.64453 -1.17801
21409.31250 -1.15999
21412.00391 -1.18055
21414.70703 -1.18329
21417.40039 -1.18280
21420.09180 -1.18333
21422.77344 -1.17713
21425.46680 -1.20071
21428.17188 -1.17180
21430.86719 -1.15991
21433.54883 -1.16264
21436.24414 -1.14006
21438.95117 -1.17229
21441.62305 -1.15520
21444.33008 -1.14074
21447.01367 -1.15084
21449.69922 -1.15325
21452.39648 -1.13679
21455.08203 -1.18900
21457.77930 -1.17984
21460.47656 -1.18892
21463.16211 -1.21548
21465.84961 -1.24973
21468.54688 -1.25992
21471.23633 -1.27920
21473.93359 -1.30899
21476.62305 -1.32029
21479.32227 -1.36015
21482.01172 -1.37972
21484.71289 -1.40300
21487.40234 -1.43375
21490.08008 -1.44212
21492.79297 -1.44552
21495.45898 -1.47537
21498.15039 -1.50406
21500.85352 -1.50915
21503.54492 -1.53246
21506.22461 -1.51408
21508.91602 -1.50730
21511.62109 -1.53680
21514.31445 -1.52309
21517.00781 -1.50283
21519.68945 -1.52388
21522.38281 -1.50024
21525.08789 -1.49297
21527.78125 -1.49441
21530.46680 -1.51390
21533.16016 -1.51074
21535.85547 -1.48605
21538.53906 -1.50226
21541.23438 -1.53569
21543.91992 -1.52195
21546.61719 -1.57517
21549.31445 -1.55973
21552.00000 -1.59723
21554.68555 -1.64530
21557.38477 -1.68160
21560.07031 -1.68026
21562.76953 -1.73249
21565.45703 -1.76969
21568.15625 -1.79813
21570.85547 -1.89173
21573.51953 -1.88124
21576.22070 -1.93983
21578.92188 -1.98163
21581.61133 -2.01707
21584.31250 -2.01155
21586.99023 -2.04755
21589.67969 -2.09153
21592.38281 -2.09854
21595.08594 -2.10964
21597.75391 -2.13582
21600.45703 -2.12647
21603.16211 -2.12473
21605.83008 -2.12266
21608.53516 -2.15058
21611.24023 -2.12107
21613.90820 -2.18054
21616.61523 -2.16499
21619.29688 -2.16306
21622.00195 -2.15706
21624.67383 -2.19361
21627.37891 -2.15337
21630.06445 -2.21956
21632.75977 -2.24221
21635.44336 -2.29546
21638.15234 -2.30221
21640.83789 -2.35974
21643.53320 -2.37539
21646.21875 -2.41937
21648.92969 -2.49809
21651.61328 -2.56598
21654.28906 -2.60878
21656.98828 -2.66044
21659.67578 -2.70957
21662.36328 -2.78660
21665.06250 -2.83686
21667.75000 -2.87731
21670.43750 -2.97034
21673.12695 -3.02136
21675.82812 -3.06126
21678.51758 -3.09608
21681.20703 -3.10839
21683.89844 -3.19150
21686.58789 -3.20007
21689.29102 -3.24697
21691.98242 -3.26808
21694.67383 -3.27460
21697.36523 -3.27943
21700.05859 -3.26793
21702.75000 -3.30024
21705.43164 -3.29045
21708.12500 -3.30868
21710.81836 -3.34478
21713.51172 -3.34471
21716.20508 -3.36635
21718.90039 -3.40194
21721.58398 -3.41767
21724.27734 -3.45776
21726.97461 -3.51089
21729.66992 -3.56446
21732.36523 -3.58479
21735.06250 -3.63211
21737.73438 -3.74434
21740.41992 -3.79472
21743.11719 -3.87853
21745.81641 -3.98841
21748.51367 -4.06247
21751.21289 -4.13921
21753.88672 -4.19607
21756.58594 -4.31018
21759.28516 -4.38617
21761.97266 -4.48868
21764.65039 -4.54434
21767.35156 -4.62470
21770.05273 -4.66345
21772.72852 -4.73100
21775.43164 -4.77671
21778.13281 -4.78315
21780.81055 -4.85146
21783.51367 -4.85829
21786.20312 -4.88250
21788.90625 -4.88030
21791.58594 -4.93108
21794.27930 -4.89879
21796.97070 -4.94384
21799.66211 -4.95021
21802.34375 -4.94196
21805.04883 -4.93936
21807.73047 -4.97099
21810.43750 -4.99413
21813.11914 -5.02918
21815.82422 -5.05509
21818.50781 -5.12565
21821.19141 -5.14706
21823.90039 -5.23837
21826.58203 -5.28644
21829.26562 -5.37952
21831.97461 -5.45527
21834.66016 -5.56857
21837.34570 -5.65919
21840.03125 -5.78636
21842.74023 -5.88202
21845.42773 -6.00850
21848.11328 -6.08863
21850.80078 -6.17876
21853.48828 -6.30572
21856.19922 -6.41916
21858.88672 -6.47643
21861.57617 -6.56005
21864.26367 -6.62254
21866.95312 -6.64021
21869.64258 -6.72406
21872.33203 -6.73975
21875.02148 -6.71568
21877.72266 -6.77604
21880.41406 -6.73077
21883.10547 -6.75884
21885.80664 -6.77566
21888.50000 -6.76571
21891.19141 -6.73889
21893.88281 -6.68135
21896.57617 -6.66954
21899.26758 -6.66994
21901.96094 -6.66220
21904.65430 -6.65981
21907.34961 -6.69681
21910.01953 -6.72256
21912.71289 -6.78628
21915.41992 -6.82626
21918.11523 -6.88907
21920.81055 -6.99356
21923.48242 -7.04738
21926.17969 -7.15037
21928.87500 -7.23577
21931.57227 -7.36733
21934.24609 -7.45933
21936.94336 -7.57230
21939.65234 -7.73291
21942.32617 -7.83908
21945.03711 -7.96498
21947.73633 -8.03291
21950.41016 -8.12876
21953.11133 -8.23052
21955.79688 -8.29804
21958.49805 -8.32026
21961.17383 -8.37698
21963.87500 -8.37978
21966.57617 -8.36968
21969.25391 -8.35989
21971.94336 -8.30308
21974.64453 -8.30878
21977.32422 -8.21752
21980.02734 -8.17589
21982.70508 -8.08632
21985.40820 -8.01705
21988.09961 -7.98881
21990.77930 -7.92813
21993.49609 -7.87849
21996.17773 -7.93557
21998.87109 -7.86869
22001.57617 -7.87260
22004.25586 -7.78365
22006.93945 -7.86448
22009.64648 -7.91059
22012.32812 -7.94972
22015.02344 -7.98532
22017.70703 -8.06101
22020.39062 -8.08223
22023.09766 -8.24175
22025.79492 -8.31126
22028.47852 -8.41803
22031.16406 -8.51987
22033.87305 -8.61655
22036.55859 -8.73273
22039.24414 -8.83115
22041.92969 -8.92364
22044.62891 -8.94384
22047.33984 -9.00845
22050.00391 -9.03805
2.69198 2.27545
5.38396 6.40394
8.07594 4.47081
10.76791 -0.44943
13.45990 -4.07260
16.15188 1.84504
18.84385 5.28631
21.53583 6.94936
24.22782 7.30472
26.91980 6.17454
29.61178 3.61912
32.30375 -0.29654
34.99574 -5.11601
37.68771 -4.11844
40.37969 -1.69181
43.07167 -1.46206
45.76365 -2.49020
48.45564 -3.60819
51.14761 -3.51958
53.83958 -1.14595
56.53158 0.69916
59.22356 1.69413
61.91553 1.87769
64.60751 0.78749
67.29950 -1.65769
69.99148 -4.80762
72.68346 -5.33794
75.37544 -2.04568
78.06740 0.26669
80.75941 0.99410
83.45135 0.83630
86.14335 0.21585
88.83533 -0.11546
91.52733 0.43938
94.21931 1.28066
96.91129 1.63869
99.60326 1.20044
102.29522 0.23515
104.98720 -1.30030
107.67921 -2.18240
110.37118 -1.81140
113.06315 -0.34640
115.75513 0.90842
118.44709 1.41671
121.13909 1.36774
123.83107 0.74224
126.52303 -0.22133
129.21504 -0.59520
131.90698 -0.28868
134.59901 0.18333
137.29097 0.15517
139.98297 -0.57508
142.67494 -1.40440
145.36693 -1.50428
148.05890 -0.56870
150.75082 0.59992
153.44281 1.39665
156.13481 1.64390
158.82683 1.38759
161.51878 0.72601
164.21075 0.07221
166.90273 -0.22561
169.59470 -0.09523
172.28671 0.30584
174.97871 0.58007
177.67072 0.57184
180.36266 0.11456
183.05463 -0.01605
185.74658 0.31637
188.43863 0.89085
191.13058 1.38663
193.82259 1.33556
196.51457 0.74706
199.20654 0.03759
201.89848 -0.78293
204.59045 -1.01396
207.28242 -0.64523
209.97449 -0.08269
212.66635 0.30141
215.35838 0.32803
218.05037 0.16153
220.74231 0.03643
223.43425 0.00821
226.12625 0.37651
228.81827 0.53991
231.51025 0.65530
234.20226 0.27618
236.89429 -0.35931
239.58621 -0.87009
242.27821 -0.78301
244.97020 -0.20417
247.66219 0.49423
250.35406 0.89156
253.04608 0.83346
255.73814 0.51345
258.43018 0.22063
261.12207 -0.00254
263.81409 -0.01675
266.50595 0.15098
269.19803 0.05558
271.88986 -0.17082
274.58203 -0.55225
277.27396 -0.81131
279.96582 -0.61667
282.65771 -0.22585
285.34985 0.34096
288.04184 0.57277
290.73383 0.52859
293.42584 0.06467
296.11777 -0.49123
298.80994 -0.79433
301.50174 -0.62387
304.19376 -0.22099
306.88571 -0.13898
309.57773 -0.11740
312.26950 -0.30288
314.96167 -0.36835
317.65369 0.03449
320.34552 0.26713
323.03763 0.68418
325.72964 0.69683
328.42154 0.40302
331.11353 0.14185
333.80539 -0.41951
336.49753 -0.69213
339.18942 -0.41959
341.88162 0.05301
344.57346 0.39784
347.26532 0.28054
349.95743 0.14714
352.64935 -0.02646
355.34125 -0.05310
358.03333 0.23157
360.72534 0.36687
363.41748 0.32267
366.10938 0.00866
368.80121 -0.35893
371.49323 -0.64397
374.18536 -0.67623
376.87717 -0.26299
379.56915 0.16192
382.26108 0.49293
384.95306 0.57414
387.64508 0.45401
390.33707 0.23974
393.02917 0.11279
395.72095 0.15375
398.41324 0.30510
401.10489 0.33206
403.79700 0.22536
406.48886 0.01578
409.18097 -0.17613
411.87299 -0.10324
414.56500 0.25038
417.25699 0.56966
419.94888 0.69559
422.64078 0.67095
425.33264 0.41928
428.02493 0.08655
430.71680 -0.14383
433.40894 -0.13724
436.10092 0.00176
438.79272 0.03900
441.48468 0.13090
444.17682 -0.02256
446.86871 -0.15981
449.56082 -0.09441
452.25253 0.22349
454.94440 0.43694
457.63647 0.58158
460.32877 0.35479
463.02066 0.01979
465.71268 -0.30714
468.40442 -0.33920
471.09644 -0.16565
473.78864 0.04399
476.48071 0.21740
479.17233 0.32223
481.86435 0.24830
484.55661 0.21216
487.24838 0.15907
489.94034 0.16655
492.63223 0.42306
495.32428 0.35777
498.01627 0.18959
500.70828 -0.10104
503.40051 -0.35979
506.09219 -0.47551
508.78406 -0.26110
511.47644 0.05359
514.16846 0.23083
516.86011 0.27317
519.55219 0.14388
522.24390 -0.05800
524.93640 -0.17002
527.62793 -0.13202
530.31989 -0.02728
533.01215 -0.04029
535.70422 -0.11751
538.39600 -0.26563
541.08795 -0.35211
543.77991 -0.26004
546.47205 -0.06069
549.16400 0.20759
551.85583 0.49312
554.54779 0.39174
557.24005 0.25408
559.93182 -0.06788
562.62396 -0.20686
565.31567 -0.17849
568.00781 -0.00025
570.69989 0.08696
573.39191 0.05804
576.08356 -0.06061
578.77545 -0.10495
581.46783 -0.01844
584.15961 0.12964
586.85193 0.25672
589.54370 0.32867
592.23572 0.24956
594.92773 -0.00708
597.61975 -0.26305
600.31146 -0.36506
603.00342 -0.26796
605.69543 -0.01982
608.38745 0.11905
611.07965 0.21003
613.77167 0.11041
616.46338 0.01859
619.15533 0.04266
621.84705 0.12024
624.53918 0.28651
627.23132 0.30686
629.92358 0.18576
632.61560 -0.00852
635.30762 -0.12646
637.99915 -0.15875
640.69092 0.01432
643.38336 0.24175
646.07550 0.40395
648.76740 0.44748
651.45917 0.36655
654.15125 0.18416
656.84296 0.06059
659.53528 0.07080
662.22729 0.09597
664.91901 0.18861
667.61108 0.08144
670.30328 -0.04017
672.99500 -0.13191
675.68701 -0.12009
678.37872 0.03491
681.07104 0.22120
683.76312 0.32574
686.45496 0.25481
689.14679 0.09423
691.83893 0.02505
694.53046 -0.04313
697.22260 -0.06260
699.91516 -0.00022
702.60693 0.13481
705.29895 0.14676
707.99078 0.12284
710.68286 0.07865
713.37482 0.10534
716.06647 0.17732
718.75879 0.30712
721.45062 0.36121
724.14240 0.27384
726.83441 0.05246
729.52679 -0.11110
732.21863 -0.16085
734.91077 -0.09167
737.60266 0.04266
740.29468 0.02921
742.98669 0.05718
745.67871 0.08568
748.37024 0.04073
751.06281 -0.00932
753.75458 -0.01016
756.44617 0.10665
759.13861 0.00826
761.83020 0.01235
764.52240 -0.05158
767.21417 -0.23228
769.90649 -0.23124
772.59802 -0.12395
775.29041 -0.01146
777.98206 0.20742
780.67438 0.19608
783.36621 0.16065
786.05817 0.00689
788.75043 -0.02117
791.44220 0.04078
794.13403 0.05789
796.82635 0.11482
799.51849 0.01331
802.21002 -0.07267
804.90234 -0.05209
807.59387 0.00227
810.28638 0.00082
812.97766 0.17815
815.67017 0.19918
818.36224 0.18553
821.05365 0.08585
823.74591 -0.10288
826.43781 -0.11711
829.12982 -0.07636
831.82208 0.00155
834.51379 0.03845
837.20551 -0.01704
839.89807 -0.06240
842.59009 -0.08059
845.28186 0.01932
847.97388 0.10569
850.66559 0.18563
853.35779 0.20142
856.05023 0.19887
858.74164 0.08629
861.43390 0.01368
864.12567 0.01376
866.81769 -0.00143
869.50958 0.08494
872.20166 0.15886
874.89337 0.22542
877.58527 0.23041
880.27777 0.09908
882.96973 0.12754
885.66162 0.13929
888.35345 0.18999
891.04517 0.19781
893.73724 0.17707
896.42950 0.05110
899.12103 -0.03671
901.81366 -0.03562
904.50543 0.01404
907.19781 0.08494
909.88910 0.18027
912.58154 0.14728
915.27325 0.13743
917.96539 0.14418
920.65735 0.06623
923.34918 0.04606
926.04065 0.06724
928.73340 0.08634
931.42523 0.10361
934.11719 0.03915
936.80914 0.03625
939.50122 -0.02588
942.19330 0.11413
944.88519 0.23176
947.57709 0.19558
950.26874 0.19008
952.96082 0.15991
955.65356 0.09323
958.34509 0.05062
961.03674 0.05653
963.72913 0.07689
966.42102 0.05214
969.11249 0.09755
971.80457 0.11895
974.49664 0.06183
977.18909 0.00301
979.88098 -0.00006
982.57330 0.07022
985.26489 0.09252
987.95679 0.07185
990.64893 0.01453
993.34082 -0.06473
996.03284 -0.03550
998.72461 -0.06458
1001.41699 -0.00610
1004.10828 0.02743
1006.80029 0.04212
1009.49286 0.01552
1012.18481 0.01571
1014.87671 0.05410
1017.56854 0.03787
1020.26074 0.06331
1022.95215 0.09574
1025.64453 0.08325
1028.33667 0.04212
1031.02795 0.04778
1033.72058 0.10716
1036.41235 0.01505
1039.10425 0.05701
1041.79614 0.09563
1044.48828 0.09185
1047.17981 0.06274
1049.87195 0.03222
1052.56421 0.01717
1055.25623 0.04140
1057.94824 0.00574
1060.64014 0.01744
1063.33252 -0.00871
1066.02466 -0.03001
1068.71594 -0.07221
1071.40820 -0.09430
1074.09961 0.00218
1076.79187 0.04980
1079.48364 0.04403
1082.17566 0.09445
1084.86853 0.09896
1087.56018 0.10045
1090.25208 0.01092
1092.94446 0.02112
1095.63586 0.05004
1098.32776 0.07425
1101.02026 0.09728
1103.71216 0.10319
1106.40381 0.07347
1109.09607 0.11592
1111.78748 0.14903
1114.47986 0.15480
1117.17151 0.18222
1119.86401 0.14621
1122.55566 0.11567
1125.24829 0.10259
1127.93933 0.06495
1130.63184 0.04036
1133.32373 0.04632
1136.01538 0.05100
1138.70776 0.06654
1141.40027 0.07170
1144.09216 0.07493
1146.78418 0.06383
1149.47546 0.03866
1152.16760 0.09859
1154.86011 0.12718
1157.55139 0.05436
1160.24377 0.09819
1162.93555 0.04147
1165.62708 0.06518
1168.31897 0.04425
1171.01086 0.09843
1173.70361 0.13371
1176.39490 0.11776
1179.08777 0.13405
1181.77905 0.12562
1184.47131 0.09642
1187.16382 0.12042
1189.85522 0.08641
1192.54688 0.10322
1195.23926 0.14247
1197.93188 0.08816
1200.62341 0.04392
1203.31555 -0.00638
1206.00720 0.04319
1208.69897 0.04316
1211.39124 0.06345
1214.08301 0.08459
1216.77527 0.05635
1219.46692 0.06708
1222.15906 0.03018
1224.85120 0.00206
1227.54309 -0.03070
1230.23499 -0.00824
1232.92725 0.00387
1235.61926 0.03865
1238.31116 0.02488
1241.00330 0.01782
1243.69458 -0.01569
1246.38696 0.02313
1249.07886 0.07869
1251.77051 0.07314
1254.46240 0.09707
1257.15527 0.04796
1259.84692 0.04785
1262.53882 0.02460
1265.23096 0.04380
1267.92261 0.04767
1270.61426 0.06298
1273.30615 0.06315
1275.99878 0.04543
1278.69092 0.06404
1281.38232 0.04665
1284.07446 0.02319
1286.76721 0.02657
1289.45862 0.04999
1292.15002 0.03010
1294.84265 -0.02454
1297.53455 -0.01546
1300.22644 -0.03937
1302.91882 -0.00484
1305.61023 0.01584
1308.30237 0.03621
1310.99414 0.05494
1313.68640 0.07271
1316.37781 0.05991
1319.07104 0.04709
1321.76172 0.03032
1324.45435 0.09773
1327.14600 0.04306
1329.83850 0.07948
1332.53003 0.10676
1335.22266 0.06398
1337.91394 0.08197
1340.60645 0.07138
1343.29761 0.08096
1345.99048 0.12310
1348.68201 0.15179
1351.37463 0.17904
1354.06580 0.09210
1356.75793 0.06004
1359.44946 0.04923
1362.14185 0.11439
1364.83362 0.10383
1367.52600 0.08582
1370.21790 0.05109
1372.91040 0.04289
1375.60229 0.04529
1378.29407 0.04369
1380.98584 0.08857
1383.67834 0.08333
1386.36914 0.11719
1389.06140 0.08029
1391.75439 0.10640
1394.44580 0.06585
1397.13757 0.08764
1399.83008 0.03709
1402.52148 0.07677
1405.21350 0.11877
1407.90527 0.12587
1410.59766 0.09160
1413.28979 0.05634
1415.98218 0.13383
1418.67358 0.14224
1421.36621 0.16654
1424.05762 0.11272
1426.74951 0.12592
1429.44165 0.09921
1432.13281 0.08380
1434.82581 0.08566
1437.51819 0.04386
1440.20862 0.04866
1442.90173 0.04083
1445.59412 0.06893
1448.28552 0.07998
1450.97766 0.06755
1453.66931 0.01088
1456.36121 0.05795
1459.05322 0.06571
1461.74561 0.03373
1464.43701 0.02587
1467.12952 -0.04670
1469.82129 -0.00243
1472.51392 -0.01408
1475.20508 0.03836
1477.89709 0.05871
1480.58911 0.03822
1483.28101 0.06154
1485.97314 0.10816
1488.66516 0.06916
1491.35791 0.05548
1494.04907 0.07312
1496.74097 0.05657
1499.43274 0.05448
1502.12439 0.02718
1504.81677 0.05288
1507.50989 0.03524
1510.20105 0.02199
1512.89294 0.03214
1515.58545 0.06628
1518.27698 0.06110
1520.96826 0.05998
1523.66089 0.02191
1526.35254 0.04768
1529.04553 0.01051
1531.73730 -0.00288
1534.42883 0.01449
1537.12012 -0.00168
1539.81348 -0.00251
1542.50476 -0.01050
1545.19653 -0.00238
1547.88892 0.03253
1550.58069 0.01548
1553.27283 0.02684
1555.96460 0.04599
1558.65601 0.10326
1561.34778 0.09081
1564.04053 0.04555
1566.73303 0.05474
1569.42407 0.09279
1572.11707 0.08247
1574.80872 0.11422
1577.49963 0.09418
1580.19263 0.07251
1582.88489 0.12214
1585.57593 0.08960
1588.26868 0.10521
1590.96082 0.14436
1593.65234 0.09979
1596.34399 0.07727
1599.03577 0.04503
1601.72778 0.05876
1604.42078 0.01756
1607.11206 0.03548
1609.80518 0.06629
1612.49585 0.05036
1615.18835 0.11133
1617.88000 0.08001
1620.57251 0.07340
1623.26416 0.00590
1625.95581 0.06342
1628.64844 0.10626
1631.34009 0.07488
1634.03174 0.07448
1636.72412 0.08272
1639.41650 0.05723
1642.10791 0.11742
1644.79932 0.08803
1647.49243 0.11694
1650.18347 0.10504
1652.87524 0.12435
1655.56787 0.11480
1658.25952 0.07549
1660.95166 0.06372
1663.64380 0.11440
1666.33557 0.09205
1669.02722 0.09172
1671.71960 0.05339
1674.41174 0.05752
1677.10339 0.04227
1679.79590 0.05159
1682.48804 0.04408
1685.18079 0.09367
1687.87134 0.05840
1690.56348 0.01416
1693.25610 0.02976
1695.94739 0.03039
1698.64014 0.01555
1701.33179 0.01428
1704.02380 -0.00203
1706.71448 0.04255
1709.40845 0.06621
1712.09912 0.05038
1714.79126 0.05993
1717.48389 0.08769
1720.17603 0.03991
1722.86670 0.06982
1725.55872 0.03817
1728.25098 0.07313
1730.94299 0.08012
1733.63611 0.04932
1736.32776 0.03421
1739.01892 0.03812
1741.71118 0.06999
1744.40295 0.05630
1747.09509 0.03809
1749.78748 0.05943
1752.47925 0.03852
1755.17029 0.01448
1757.86255 0.01568
1760.55615 0.00756
1763.24707 0.00811
1765.93921 0.01142
1768.63147 0.03725
1771.32300 0.02033
1774.01477 -0.00529
1776.70679 0.03369
1779.39868 0.01351
1782.09106 0.07382
1784.78357 0.02340
1787.47412 0.07102
1790.16687 0.06982
1792.85864 0.05003
1795.55164 0.06407
1798.24280 0.05628
1800.93494 0.10960
1803.62805 0.08127
1806.31836 0.08901
1809.01062 0.10491
1811.70300 0.12665
1814.39429 0.06549
1817.08765 0.14199
1819.77905 0.07769
1822.47034 0.11762
1825.16272 0.07570
1827.85498 0.08933
1830.54712 0.03890
1833.23950 0.03717
1835.93042 0.06894
1838.62256 0.07522
1841.31445 0.06944
1844.00623 0.06006
1846.69897 0.08165
1849.39050 0.05555
1852.08203 0.07008
1854.77332 0.08442
1857.46643 0.04629
1860.15942 0.03863
1862.85010 0.07082
1865.54272 0.10273
1868.23401 0.12319
1870.92712 0.09199
1873.61804 0.09353
1876.31079 0.13026
1879.00208 0.16929
1881.69421 0.17836
1884.38623 0.07535
1887.07776 0.12168
1889.77002 0.08807
1892.46216 0.08609
1895.15479 0.07058
1897.84619 0.06461
1900.53711 0.11040
1903.22998 0.07575
1905.92224 0.11037
1908.61426 0.03255
1911.30566 0.04932
1913.99805 0.05372
1916.69080 0.07154
1919.38110 0.06509
1922.07422 0.07535
1924.76575 0.01309
1927.45886 0.03148
1930.14954 0.02238
1932.84167 0.05866
1935.53357 0.05180
1938.22583 0.03165
1940.91858 0.04329
1943.60974 0.05712
1946.30164 0.01939
1948.99390 0.09033
1951.68567 0.11334
1954.37781 0.07021
1957.06946 0.05334
1959.76160 0.05489
1962.45422 0.07140
1965.14624 0.03837
1967.83752 0.03273
1970.52942 0.06166
1973.22058 0.04886
1975.91321 0.07074
1978.60522 0.05830
1981.29858 0.06075
1983.98914 0.04684
1986.68127 0.01192
1989.37378 0.03686
1992.06543 0.00230
1994.75757 0.05724
1997.44983 0.01830
2000.14160 0.01440
2002.83252 0.00815
2005.52478 0.02878
2008.21741 0.01356
2010.90930 0.03300
2013.60144 0.01711
2016.29382 0.03738
2018.98535 0.03873
2021.67712 0.06357
2024.36926 0.06363
2027.06165 0.01277
2029.75305 0.07335
2032.44470 0.05974
2035.13672 0.06160
2037.82874 0.08925
2040.52100 0.09201
2043.21362 0.05802
2045.90515 0.06807
2048.59692 0.07808
2051.29004 0.08026
2053.98071 0.08497
2056.67310 0.06957
2059.36548 0.10793
2062.05664 0.06927
2064.74829 0.07892
2067.44092 0.02819
2070.13257 0.05921
2072.82544 0.04909
2075.51611 0.06519
2078.20801 0.07670
2080.90112 0.03740
2083.59326 0.06452
2086.28516 0.02460
2088.97729 0.09163
2091.66943 0.09066
2094.36035 0.05374
2097.05249 0.07113
2099.74463 0.10187
2102.43677 0.09065
2105.12891 0.07817
2107.82007 0.10894
2110.51318 0.11928
2113.20410 0.08807
2115.89600 0.09810
2118.58813 0.12781
2121.28125 0.12189
2123.97168 0.09788
2126.66357 0.10494
2129.35620 0.09463
2132.04785 0.10139
2134.74023 0.07831
2137.43286 0.06026
2140.12500 0.06704
2142.81616 0.06433
2145.50928 0.09512
2148.19995 0.06023
2150.89160 0.04862
2153.58447 0.07541
2156.27686 0.05765
2158.96802 0.02795
2161.66138 0.06290
2164.35229 0.06500
2167.04395 0.03496
2169.73657 0.05090
2172.42896 0.06346
2175.12012 0.06358
2177.81201 0.06562
2180.50488 0.06528
2183.19507 0.05787
2185.88867 0.05604
2188.58081 0.09448
2191.27246 0.07230
2193.96387 0.09391
2196.65649 0.06821
2199.34839 0.06345
2202.04028 0.06613
2204.73145 0.07965
2207.42383 0.06338
2210.11572 0.03839
2212.80859 0.03230
2215.50073 0.05670
2218.19165 0.03103
2220.88452 0.08600
2223.57568 0.02905
2226.26782 0.02226
2228.95947 0.04849
2231.65186 0.02927
2234.34375 0.02642
2237.03540 -0.01239
2239.72778 0.05218
2242.41968 0.00246
2245.11230 0.04381
2247.80444 0.03000
2250.49512 0.05585
2253.18750 0.04781
2255.87939 0.06022
2258.57104 0.05999
2261.26318 0.05403
2263.95483 0.09856
2266.64868 0.06417
2269.34033 0.10062
2272.03174 0.07893
2274.72241 0.09568
2277.41650 0.07046
2280.10742 0.08083
2282.79883 0.07793
2285.49121 0.09630
2288.18286 0.08977
2290.87622 0.08238
2293.56787 0.07213
2296.25903 0.07986
2298.95190 0.08722
2301.64307 0.06552
2304.33472 0.05242
2307.02832 0.02335
2309.71851 0.03398
2312.41089 0.05518
2315.10376 0.04497
2317.79590 0.06121
2320.48730 0.09166
2323.17920 0.06009
2325.87061 0.08559
2328.56372 0.06286
2331.25488 0.07211
2333.94800 0.09582
2336.63892 0.07803
2339.33154 0.11220
2342.02246 0.09658
2344.71509 0.10133
2347.40820 0.08605
2350.09790 0.09773
2352.79077 0.09537
2355.48267 0.11409
2358.17529 0.08591
2360.86694 0.12926
2363.55908 0.08257
2366.25024 0.10015
2368.94214 0.07291
2371.63452 0.07724
2374.32715 0.04468
2377.01904 0.08537
2379.71143 0.06523
2382.40405 0.08885
2385.09473 0.03793
2387.78809 0.06131
2390.47827 0.04116
2393.17114 0.00619
2395.86230 0.07344
2398.55469 0.05350
2401.24634 0.03977
2403.93970 0.05199
2406.62939 0.04228
2409.32227 0.06126
2412.01416 0.08625
2414.70630 0.06376
2417.39746 0.07380
2420.08887 0.09597
2422.78345 0.07085
2425.47437 0.08516
2428.16675 0.07046
2430.85840 0.06253
2433.55029 0.06326
2436.24097 0.07505
2438.93481 0.05866
2441.62622 0.08829
2444.31909 0.02897
2447.00977 0.06719
2449.70190 0.03989
2452.39453 0.02740
2455.08594 0.03492
2457.77759 0.05182
2460.46948 0.04264
2463.16162 0.03880
2465.85400 0.03059
2468.54663 0.02101
2471.23804 0.04000
2473.92969 0.03052
2476.62183 0.04464
2479.31396 0.01950
2482.00488 0.04517
2484.69727 0.05487
2487.39014 0.03251
2490.08154 0.06256
2492.77490 0.07617
2495.46533 0.07657
2498.15723 0.06445
2500.84961 0.07628
2503.54199 0.06804
2506.23438 0.04858
2508.92578 0.09010
2511.61719 0.08301
2514.31006 0.08366
2517.00317 0.05438
2519.69336 0.06039
2522.38525 0.06482
2525.07715 0.06388
2527.76929 0.05745
2530.46143 0.04419
2533.15503 0.05908
2535.84619 0.06723
2538.53711 0.09816
2541.22949 0.06042
2543.92065 0.07164
2546.61328 0.07062
2549.30591 0.05950
2551.99731 0.05437
2554.68872 0.07088
2557.38135 0.07049
2560.07275 0.07345
2562.76562 0.06484
2565.45679 0.08312
2568.14966 0.07393
2570.84277 0.06583
2573.53394 0.10961
2576.22412 0.13183
2578.91675 0.10429
2581.60815 0.11312
2584.30103 0.08713
2586.99219 0.09867
2589.68481 0.07457
2592.37622 0.12518
2595.06885 0.10588
2597.76123 0.06935
2600.45239 0.07189
2603.14478 0.07964
2605.83716 0.08535
2608.52930 0.07695
2611.21997 0.05985
2613.91357 0.04775
2616.60571 0.05968
2619.29736 0.05219
2621.98779 0.05264
2624.68237 0.03684
2627.37231 0.02969
2630.06519 0.03834
2632.75659 0.05960
2635.45044 0.07600
2638.13989 0.06305
2640.83228 0.09290
2643.52441 0.06134
2646.21655 0.08074
2648.90820 0.08289
2651.59985 0.09079
2654.29297 0.05950
2656.98413 0.07025
2659.67676 0.05368
2662.36890 0.09501
2665.06104 0.06167
2667.75293 0.03086
2670.44336 0.04649
2673.13623 0.08421
2675.82764 0.05466
2678.52148 0.05468
2681.21240 0.07689
2683.90576 0.05061
2686.59619 0.06171
2689.28906 0.03768
2691.98047 0.06207
2694.67285 0.01007
2697.36523 0.03757
2700.05688 0.01582
2702.74878 0.05399
2705.44019 0.02306
2708.13135 0.02491
2710.82495 0.03517
2713.51538 0.09344
2716.20850 0.06958
2718.90015 0.06300
2721.59253 0.06745
2724.28467 0.03614
2726.97510 0.02138
2729.66821 0.06322
2732.35938 0.06268
2735.05298 0.06929
2737.74365 0.09601
2740.43677 0.08945
2743.12793 0.06972
2745.82056 0.03973
2748.51245 0.07190
2751.20410 0.07241
2753.89526 0.08943
2756.58765 0.09857
2759.27979 0.06426
2761.97144 0.06233
2764.66406 0.05180
2767.35474 0.03266
2770.04785 0.06791
2772.73950 0.03509
2775.43188 0.06953
2778.12427 0.05712
2780.81543 0.03687
2783.50854 0.06300
2786.20093 0.06664
2788.89258 0.09857
2791.58374 0.06603
2794.27612 0.06016
2796.96680 0.09362
2799.65967 0.07574
2802.35205 0.11865
2805.04395 0.06771
2807.73560 0.06067
2810.42676 0.08563
2813.12036 0.09219
2815.81201 0.12548
2818.50415 0.11176
2821.19482 0.05614
2823.88794 0.09523
2826.57886 0.10380
2829.27246 0.08540
2831.96387 0.06300
2834.65649 0.08049
2837.34668 0.07330
2840.03931 0.05358
2842.73047 0.06937
2845.42358 0.06434
2848.11475 0.04346
2850.80688 0.06268
2853.50000 0.06355
2856.19092 0.05297
2858.88452 0.05006
2861.57593 0.05861
2864.26660 0.02625
2866.95996 0.05377
2869.65088 0.05011
2872.34277 0.06758
2875.03589 0.05387
2877.72656 0.05353
2880.41821 0.05418
2883.11084 0.07434
2885.80444 0.06197
2888.49414 0.09966
2891.18799 0.09194
2893.87793 0.09111
2896.57202 0.06541
2899.26367 0.06642
2901.95654 0.08126
2904.64697 0.07369
2907.33984 0.05618
2910.03223 0.06256
2912.72192 0.03241
2915.41455 0.03302
2918.10791 0.03558
2920.79834 0.06326
2923.48877 0.04481
2926.18311 0.04703
2928.87500 0.06144
2931.56641 0.04480
2934.25830 0.03456
2936.95142 0.01515
2939.64209 0.04566
2942.33496 0.03832
2945.02734 0.03893
2947.71729 0.03956
2950.41113 0.04948
2953.10449 0.06186
2955.79346 0.04308
2958.48511 0.05568
2961.17920 0.05507
2963.86914 0.06202
2966.56177 0.06093
2969.25513 0.06532
2971.94580 0.06703
2974.63892 0.06127
2977.32959 0.04353
2980.02295 0.07610
2982.71387 0.08691
2985.40527 0.05532
2988.09912 0.09155
2990.78931 0.04862
2993.48315 0.05614
2996.17456 0.03285
2998.86646 0.05902
3001.55786 0.06892
3004.24976 0.08220
3006.94116 0.06859
3009.63477 0.05697
3012.32568 0.07689
3015.01904 0.09191
3017.70996 0.06129
3020.40332 0.02981
3023.09399 0.06623
3025.78687 0.06330
3028.47754 0.04444
3031.16895 0.02483
3033.86084 0.09884
3036.55518 0.09425
3039.24512 0.05960
3041.93750 0.09910
3044.63086 0.09775
3047.32153 0.10330
3050.01245 0.08041
3052.70605 0.12233
3055.39697 0.09568
3058.09033 0.06969
3060.78101 0.07302
3063.47437 0.07411
3066.16626 0.07323
3068.85718 0.09778
3071.54883 0.08721
3074.24121 0.06152
3076.93457 0.04032
3079.62646 0.08321
3082.31763 0.08411
3085.01074 0.04324
3087.70142 0.03437
3090.39282 0.07995
3093.08643 0.07456
3095.77881 0.06516
3098.46875 0.03752
3101.16064 0.02926
3103.85376 0.05227
3106.54541 0.09827
3109.23755 0.07467
3111.93066 0.07709
3114.62061 0.08446
3117.31323 0.06547
3120.00464 0.06336
3122.69653 0.06996
3125.38916 0.07862
3128.08252 0.06130
3130.77271 0.08267
3133.46387 0.07844
3136.15698 0.07679
3138.84741 0.07636
3141.54199 0.07379
3144.23340 0.06717
3146.92407 0.06761
3149.61841 0.04992
3152.31006 0.02342
3155.00024 -0.00093
3157.69336 0.04587
3160.38452 0.03356
3163.07690 0.05571
3165.76953 0.03167
3168.45923 0.04235
3171.15283 0.02823
3173.84546 0.03817
3176.53882 0.05026
3179.22876 0.02555
3181.91943 0.04503
3184.61230 0.06628
3187.30444 0.04891
3189.99634 0.06604
3192.68774 0.07030
3195.38086 0.05036
3198.07300 0.05176
3200.76367 0.05077
3203.45483 0.09089
3206.14844 0.04621
3208.84082 0.08240
3211.53394 0.07888
3214.22559 0.08906
3216.91577 0.06101
3219.60815 0.09837
3222.30103 0.06920
3224.99316 0.06283
3227.68335 0.04377
3230.37793 0.04864
3233.06934 0.07722
3235.76099 0.06097
3238.45166 0.05051
3241.14429 0.07256
3243.83765 0.05159
3246.52783 0.04897
3249.22021 0.04999
3251.91284 0.05830
3254.60449 0.07166
3257.29614 0.02018
3259.98853 0.08338
3262.67944 0.11738
3265.37280 0.05223
3268.06470 0.10617
3270.75708 0.06863
3273.44775 0.08361
3276.13892 0.10327
3278.83057 0.06880
3281.52466 0.07673
3284.21533 0.09940
3286.90820 0.09163
3289.59985 0.08532
3292.29199 0.10146
3294.98413 0.07285
3297.67676 0.07456
3300.36816 0.08892
3303.05981 0.07019
3305.75171 0.09260
3308.44238 0.07374
3311.13696 0.05629
3313.82837 0.06552
3316.52002 0.08869
3319.21240 0.07221
3321.90454 0.03702
3324.59570 0.07334
3327.28687 0.05177
3329.98047 0.05751
3332.67261 0.05573
3335.36328 0.06657
3338.05591 0.07504
3340.74707 0.08815
3343.44043 0.08113
3346.13037 0.07301
3348.82275 0.06820
3351.51538 0.07432
3354.20630 0.07654
3356.90137 0.10064
3359.59302 0.08046
3362.28296 0.07865
3364.97534 0.05351
3367.66797 0.07236
3370.35889 0.07431
3373.05029 0.10224
3375.74390 0.11908
3378.43579 0.03434
3381.12817 0.04958
3383.82056 0.05855
3386.51343 0.04726
3389.20483 0.04160
3391.89600 0.03879
3394.58765 0.06627
3397.28174 0.03597
3399.97046 0.04235
3402.66309 0.04025
3405.35571 0.05087
3408.04688 0.05748
3410.74023 0.02607
3413.43018 0.02109
3416.12231 0.06736
3418.81616 0.04862
3421.50684 0.03469
3424.19946 0.08941
3426.89087 0.06996
3429.58203 0.05230
3432.27539 0.07972
3434.96533 0.07959
3437.65918 0.06232
3440.35132 0.07395
3443.04370 0.08681
3445.73462 0.10491
3448.42725 0.06057
3451.11865 0.04741
3453.81006 0.07258
3456.50171 0.06142
3459.19531 0.05079
3461.88721 0.04015
3464.57764 0.06100
3467.27148 0.04629
3469.96411 0.05292
3472.65308 0.04534
3475.34766 0.04839
3478.03906 0.08407
3480.73242 0.07711
3483.42212 0.04715
3486.11377 0.06853
3488.80737 0.06675
3491.49731 0.05424
3494.19165 0.06694
3496.88403 0.06164
3499.57617 0.10060
3502.26685 0.09760
3504.95776 0.08519
3507.65088 0.07562
3510.34180 0.09012
3513.03516 0.05931
3515.72656 0.11198
3518.41821 0.07591
3521.10986 0.09044
3523.80151 0.09044
3526.49536 0.11182
3529.18726 0.09748
3531.87769 0.10598
3534.57007 0.09265
3537.26416 0.06261
3539.95459 0.05690
3542.64526 0.06937
3545.33789 0.05420
3548.03076 0.07796
3550.72192 0.07850
3553.41479 0.04933
3556.10571 0.07955
3558.79883 0.06430
3561.48999 0.07044
3564.18140 0.06050
3566.87500 0.06256
3569.56641 0.07806
3572.26001 0.07781
3574.94971 0.08538
3577.64331 0.07198
3580.33301 0.08521
3583.02686 0.07322
3585.71899 0.07886
3588.41064 0.08386
3591.10059 0.08756
3593.79492 0.09442
3596.48682 0.06352
3599.17871 0.07278
3601.87109 0.07540
3604.56104 0.05197
3607.25342 0.06345
3609.94580 0.07483
3612.63794 0.08806
3615.33032 0.06727
3618.02075 0.05486
3620.71289 0.02153
3623.40527 0.05864
3626.09766 0.04409
3628.78979 0.03081
3631.48218 0.07095
3634.17261 0.03699
3636.86523 0.05214
3639.55737 0.04289
3642.24976 0.04355
3644.94019 0.02687
3647.63452 0.03882
3650.32471 0.04746
3653.01904 0.05998
3655.70947 0.05386
3658.39966 0.04079
3661.09375 0.05614
3663.78394 0.05444
3666.47632 0.07986
3669.17017 0.05644
3671.86035 0.08258
3674.55444 0.08405
3677.24658 0.04563
3679.93848 0.03910
3682.62817 0.09500
3685.32202 0.06803
3688.01367 0.05055
3690.70581 0.07054
3693.39746 0.04017
3696.08911 0.04324
3698.78223 0.04907
3701.47388 0.05797
3704.16528 0.06109
3706.85864 0.05749
3709.54785 0.04171
3712.24097 0.04885
3714.93433 0.05748
3717.62524 0.06514
3720.31592 0.05989
3723.00879 0.04670
3725.70142 0.05847
3728.39209 0.06556
3731.08472 0.05020
3733.77905 0.07100
3736.46948 0.10927
3739.16357 0.11385
3741.85181 0.05279
3744.54370 0.07122
3747.23535 0.06165
3749.92920 0.09747
3752.62085 0.09447
3755.31421 0.08893
3758.00562 0.08098
3760.69873 0.08137
3763.38794 0.07673
3766.08081 0.08122
3768.77173 0.04393
3771.46631 0.08116
3774.15698 0.07739
3776.84741 0.06698
3779.54175 0.09330
3782.23364 0.07057
3784.92578 0.05494
3787.61743 0.05499
3790.30688 0.03355
3793.00073 0.04570
3795.69165 0.10717
3798.38501 0.08055
3801.07593 0.06672
3803.76855 0.05672
3806.46118 0.08029
3809.15161 0.03824
3811.84570 0.06401
3814.53589 0.06997
3817.22974 0.08245
3819.92139 0.07035
3822.61304 0.08623
3825.30444 0.10869
3827.99536 0.06885
3830.68823 0.04765
3833.38086 0.07897
3836.07129 0.06551
3838.76367 0.07922
3841.45581 0.05603
3844.14795 0.04435
3846.83960 0.07343
3849.53076 0.06130
3852.22607 0.06947
3854.91724 0.05131
3857.60767 0.04187
3860.29834 0.06787
3862.99072 0.04396
3865.68262 0.04476
3868.37476 0.03818
3871.06836 0.05835
3873.75977 0.02478
3876.45288 0.06441
3879.14404 0.03076
3881.83667 0.02231
3884.52686 0.03054
3887.21899 0.05803
3889.91089 0.08510
3892.60474 0.07121
3895.29614 0.04459
3897.98511 0.05068
3900.68018 0.05096
3903.37280 0.09753
3906.06494 0.10538
3908.75513 0.07429
3911.44678 0.04521
3914.14062 0.03170
3916.83154 0.05243
3919.52271 0.06204
3922.21533 0.06344
3924.90796 0.05681
3927.59985 0.03761
3930.29175 0.05094
3932.98315 0.04818
3935.67456 0.06755
3938.36743 0.02135
3941.05811 0.04171
3943.75244 0.04688
3946.44238 0.04473
3949.13867 0.05793
3951.82568 0.07897
3954.51880 0.04591
3957.21167 0.03533
3959.90430 0.08790
3962.59424 0.06025
3965.28638 0.07633
3967.97998 0.06492
3970.67090 0.08248
3973.36377 0.09266
3976.05640 0.09412
3978.74683 0.09676
3981.43848 0.07574
3984.13232 0.06315
3986.82153 0.11212
3989.51440 0.08409
3992.20703 0.05398
3994.89893 0.10790
3997.59326 0.06047
4000.28027 0.07280
4002.97363 0.07421
4005.66650 0.09212
4008.35889 0.08489
4011.05127 0.08480
4013.74292 0.08997
4016.43433 0.06948
4019.12720 0.06721
4021.81787 0.04709
4024.51245 0.05888
4027.20435 0.04946
4029.89355 0.08204
4032.58667 0.05638
4035.27734 0.07346
4037.96997 0.07959
4040.66211 0.08358
4043.35376 0.06786
4046.04688 0.08033
4048.73999 0.04228
4051.43018 0.09942
4054.12256 0.08055
4056.81421 0.06782
4059.50757 0.07995
4062.19849 0.07549
4064.88892 0.06195
4067.58081 0.07408
4070.27466 0.06330
4072.96606 0.06587
4075.65674 0.09812
4078.35181 0.05523
4081.04126 0.07259
4083.73535 0.07917
4086.42627 0.08945
4089.11694 0.08466
4091.80957 0.06636
4094.50171 0.06266
4097.19531 0.05971
4099.88623 0.05197
4102.57910 0.05248
4105.26904 0.03153
4107.96338 0.07303
4110.65674 0.04081
4113.34766 0.07872
4116.04004 0.04258
4118.72998 0.02941
4121.42188 0.06250
4124.11523 0.07959
4126.80518 0.08895
4129.49805 0.03557
4132.18945 0.03767
4134.88086 0.06130
4137.57373 0.08562
4140.26660 0.02541
4142.95850 0.44664
4145.65039 0.13453
4148.34082 -0.00437
4151.03369 -0.01500
4153.72559 0.06110
4156.41748 0.08892
4159.11084 0.00942
4161.80127 0.03746
4164.49365 -0.00405
4167.18555 0.00737
4169.87646 0.06034
4172.56982 0.01562
4175.26172 0.02115
4177.95166 0.06952
4180.64502 0.04349
4183.33594 0.08205
4186.03076 0.08761
4188.72266 0.04463
4191.41602 0.04187
4194.10693 0.08377
4196.79932 0.09666
4199.49121 0.09949
4202.18018 0.07208
4204.87061 0.06371
4207.56787 0.07494
4210.25732 0.09005
4212.95117 0.07627
4215.64160 0.10294
4218.33154 0.07015
4221.02588 0.08756
4223.71680 0.08608
4226.40967 0.07771
4229.10205 0.09032
4231.79395 0.08511
4234.48535 0.05975
4237.17773 0.07163
4239.87012 0.06934
4242.55908 0.05836
4245.25488 0.06245
4247.94482 0.06521
4250.63721 0.08190
4253.32861 0.06905
4256.02148 0.05167
4258.71143 0.05138
4261.40820 0.03810
4264.09717 0.05834
4266.79004 0.08759
4269.47998 0.06356
4272.17383 0.06440
4274.86475 0.07412
4277.55762 0.06567
4280.25195 0.07244
4282.94092 0.10722
4285.63379 0.09369
4288.32617 0.08994
4291.01758 0.08233
4293.70850 0.09212
4296.40186 0.06675
4299.09131 0.08280
4301.78516 0.05717
4304.47803 0.09207
4307.17041 0.07665
4309.86230 0.06956
4312.55322 0.07006
4315.24365 0.05715
4317.93555 0.05438
4320.62891 0.03304
4323.32227 0.03958
4326.01465 0.04503
4328.70361 0.04634
4331.39453 0.04434
4334.08691 0.03913
4336.78125 0.06071
4339.47217 0.06882
4342.16260 0.03667
4344.85498 0.05772
4347.54883 0.07289
4350.23926 0.06153
4352.93164 0.08570
4355.62305 0.05546
4358.31885 0.05569
4361.00928 0.04626
4363.70068 0.09036
4366.39160 0.07173
4369.08496 0.07694
4371.77686 0.03151
4374.46533 0.06238
4377.16064 0.06881
4379.85303 0.06780
4382.54443 0.05628
4385.23730 0.05284
4387.92725 0.02945
4390.62109 0.07711
4393.31201 0.04118
4396.00439 0.05063
4398.69629 0.06084
4401.38965 0.06466
4404.07959 0.04537
4406.77148 0.04020
4409.46484 0.02537
4412.15527 0.06094
4414.84961 0.04548
4417.54053 0.06464
4420.23096 0.07359
4422.92480 0.07045
4425.61621 0.08178
4428.30908 0.06562
4431.00098 0.08471
4433.69238 0.09604
4436.38281 0.06034
4439.07471 0.08453
4441.76807 0.09089
4444.45850 0.09940
4447.15332 0.08009
4449.84180 0.08813
4452.53711 0.07704
4455.22656 0.09349
4457.92041 0.06466
4460.61328 0.08318
4463.30322 0.07277
4465.99658 0.08535
4468.68701 0.06207
4471.37891 0.04675
4474.07275 0.06026
4476.76514 0.07609
4479.45703 0.05792
4482.14844 0.07604
4484.83838 0.02927
4487.53076 0.09024
4490.22363 0.08337
4492.91650 0.05885
4495.60596 0.06979
4498.29932 0.07778
4500.99170 0.07674
4503.68359 0.05224
4506.37646 0.09589
4509.06885 0.08932
4511.76074 0.04824
4514.45117 0.08617
4517.14355 0.08763
4519.83740 0.10223
4522.52783 0.09746
4525.22021 0.09238
4527.91162 0.06874
4530.60400 0.08184
4533.29590 0.09541
4535.98730 0.06097
4538.68018 0.06445
4541.37158 0.07949
4544.06250 0.06226
4546.75488 0.05597
4549.44678 0.06640
4552.13965 0.06132
4554.82959 0.05935
4557.52344 0.06991
4560.21631 0.04405
4562.90820 0.04591
4565.59961 0.06072
4568.28955 0.06496
4570.98389 0.05739
4573.67480 0.08186
4576.36719 0.04849
4579.05859 0.04932
4581.75195 0.05465
4584.44385 0.07523
4587.13525 0.05661
4589.82764 0.06224
4592.51953 0.07079
4595.20801 0.05786
4597.90283 0.08215
4600.59473 0.06578
4603.28760 0.04378
4605.97998 0.06987
4608.66846 0.05584
4611.36377 0.06364
4614.05322 0.05102
4616.74658 0.06530
4619.43896 0.05314
4622.13037 0.04500
4624.82080 0.03617
4627.51562 0.04277
4630.20410 0.04063
4632.89893 0.07695
4635.59082 0.05657
4638.28174 0.04763
4640.97607 0.06152
4643.66504 0.02359
4646.35791 0.04236
4649.04980 0.05179
4651.74268 0.04958
4654.43555 0.02924
4657.12695 0.05719
4659.81982 0.08166
4662.51172 0.03980
4665.20264 0.03791
4667.89258 0.07691
4670.58691 0.08080
4673.27686 0.06368
4675.97168 0.09625
4678.66016 0.06643
4681.35547 0.07483
4684.04639 0.07755
4686.73975 0.07809
4689.42920 0.06912
4692.12012 0.06967
4694.81299 0.07499
4697.50684 0.06207
4700.19775 0.09235
4702.88965 0.07927
4705.58301 0.07550
4708.27588 0.05214
4710.96729 0.03836
4713.65723 0.06325
4716.35205 0.05933
4719.04297 0.06969
4721.73291 0.05684
4724.42676 0.05790
4727.11719 0.08656
4729.80908 0.06395
4732.50244 0.06377
4735.19482 0.06069
4737.88623 0.08190
4740.57617 0.09322
4743.27100 0.10098
4745.95898 0.08859
4748.65332 0.09830
4751.34717 0.08721
4754.03711 0.07163
4756.72852 0.08253
4759.42188 0.05510
4762.11377 0.05134
4764.80469 0.06763
4767.49707 0.07047
4770.19092 0.07657
4772.88135 0.08190
4775.57275 0.05550
4778.26904 0.08262
4780.95801 0.06643
4783.64941 0.07480
4786.33936 0.06299
4789.03320 0.08039
4791.72607 0.05927
4794.41797 0.04262
4797.11133 0.06550
4799.80078 0.04054
4802.49463 0.05370
4805.18457 0.04839
4807.87598 0.04047
4810.57178 0.04849
4813.26074 0.06029
4815.95410 0.05405
4818.64600 0.05840
4821.33984 0.06899
4824.02734 0.07980
4826.72119 0.06330
4829.41406 0.05888
4832.10596 0.06875
4834.79688 0.05213
4837.49121 0.07805
4840.17969 0.08268
4842.87207 0.05935
4845.56348 0.07409
4848.25879 0.04470
4850.95068 0.05277
4853.64111 0.07036
4856.33301 0.06335
4859.02637 0.04494
4861.71582 0.04424
4864.40967 0.06822
4867.10205 0.05264
4869.79102 0.02523
4872.48389 0.04950
4875.17822 0.03656
4877.86572 0.04914
4880.56055 0.07596
4883.25391 0.04521
4885.94629 0.02748
4888.63477 0.05652
4891.32715 0.05258
4894.02148 0.05962
4896.71436 0.06132
4899.40576 0.05194
4902.09912 0.06374
4904.78809 0.07663
4907.47900 0.06205
4910.17090 0.06527
4912.86475 0.06024
4915.55664 0.06054
4918.24805 0.06041
4920.94092 0.10027
4923.63232 0.09406
4926.32520 0.05973
4929.01660 0.06919
4931.70996 0.05806
4934.40186 0.06102
4937.09229 0.06365
4939.78467 0.06407
4942.47803 0.06403
4945.17041 0.05538
4947.86133 0.06263
4950.55420 0.06935
4953.24561 0.07306
4955.93555 0.07299
4958.62695 0.06140
4961.32275 0.07261
4964.01172 0.08218
4966.70215 0.07263
4969.39404 0.07638
4972.08984 0.07164
4974.77930 0.07446
4977.47314 0.09932
4980.16553 0.06050
4982.85645 0.06560
4985.55176 0.07080
4988.24268 0.09218
4990.93262 0.06902
4993.62402 0.08880
4996.31641 0.07297
4999.00830 0.09325
5001.70117 0.07625
5004.38965 0.07166
5007.08594 0.09134
5009.77490 0.07553
5012.46826 0.05433
5015.16016 0.06787
5017.85059 0.07324
5020.54248 0.06189
5023.23584 0.08278
5025.92822 0.04839
5028.62207 0.05301
5031.31152 0.05202
5034.00244 0.04218
5036.69482 0.05125
5039.38867 0.04918
5042.08105 0.03512
5044.77246 0.02729
5047.46533 0.05939
5050.15625 0.07872
5052.84912 0.07105
5055.54053 0.07226
5058.23340 0.06776
5060.92480 0.08826
5063.61523 0.09510
5066.30664 0.06882
5068.99951 0.05569
5071.69141 0.07175
5074.38477 0.06788
5077.07617 0.07274
5079.76660 0.04740
5082.46094 0.05947
5085.15137 0.05286
5087.84326 0.06831
5090.53369 0.08678
5093.22852 0.03940
5095.91650 0.04417
5098.61084 0.04944
5101.30420 0.03364
5103.99365 0.06022
5106.68701 0.03127
5109.37891 0.04734
5112.07275 0.02390
5114.76172 0.07147
5117.45508 0.05664
5120.14746 0.04767
5122.84082 0.07596
5125.53027 0.07326
5128.22363 0.04081
5130.91309 0.02707
5133.60645 0.08770
5136.30127 0.05647
5138.98926 0.05894
5141.68457 0.05664
5144.37500 0.07551
5147.06738 0.07330
5149.75781 0.07000
5152.45020 0.05217
5155.14062 0.08687
5157.83252 0.07804
5160.52930 0.05424
5163.21826 0.03871
5165.90869 0.06977
5168.60400 0.07955
5171.29443 0.08671
5173.98633 0.05699
5176.67725 0.06780
5179.37158 0.06703
5182.06250 0.04735
5184.75439 0.07809
5187.44775 0.06839
5190.13965 0.05391
5192.83008 0.05783
5195.52148 0.06075
5198.21484 0.04287
5200.90674 0.06341
5203.59668 0.07086
5206.29150 0.10021
5208.98193 0.05168
5211.67334 0.07864
5214.36621 0.07115
5217.06055 0.08618
5219.75098 0.07908
5222.44189 0.08921
5225.13525 0.05507
5227.82617 0.08630
5230.51904 0.08226
5233.21045 0.09313
5235.89990 0.05115
5238.59082 0.08567
5241.28955 0.08870
5243.97754 0.06851
5246.66992 0.06155
5249.36377 0.06781
5252.05615 0.06469
5254.74365 0.05991
5257.43896 0.04716
5260.12939 0.06274
5262.82178 0.07653
5265.51514 0.05222
5268.20410 0.02669
5270.89746 0.07186
5273.59180 0.06414
5276.28223 0.05652
5278.97363 0.05103
5281.66650 0.05695
5284.35547 0.07890
5287.04785 0.06420
5289.74219 0.05672
5292.43506 0.05675
5295.12305 0.06159
5297.81836 0.07157
5300.50928 0.07169
5303.20166 0.08864
5305.89258 0.06723
5308.58496 0.08242
5311.27783 0.02702
5313.97021 0.06658
5316.66309 0.03538
5319.35254 0.05073
5322.04541 0.04079
5324.73682 0.04482
5327.42969 0.04669
5330.12402 0.03045
5332.81396 0.05100
5335.50537 0.05157
5338.20068 0.03242
5340.88867 0.05532
5343.58057 0.05288
5346.27441 0.04684
5348.96338 0.03664
5351.65723 0.06708
5354.35156 0.04450
5357.04199 0.03907
5359.73047 0.06802
5362.42383 0.06587
5365.11816 0.05055
5367.80762 0.05435
5370.49902 0.03418
5373.19141 0.07099
5375.88818 0.07143
5378.58008 0.07526
5381.26807 0.08356
5383.95996 0.04037
5386.65332 0.07977
5389.34473 0.06629
5392.03760 0.06091
5394.72949 0.08517
5397.41895 0.03325
5400.11328 0.05115
5402.80273 0.06176
5405.49658 0.06733
5408.18848 0.03815
5410.88232 0.05354
5413.57422 0.07010
5416.26465 0.06817
5418.95605 0.04378
5421.64941 0.06635
5424.34326 0.05689
5427.03320 0.06722
5429.72412 0.05733
5432.41943 0.04505
5435.10986 0.07025
5437.80225 0.07386
5440.49219 0.06132
5443.18701 0.05472
5445.87695 0.06539
5448.56836 0.04216
5451.26123 0.05849
5453.95215 0.10951
5456.64453 0.08473
5459.33545 0.06622
5462.02734 0.05367
5464.72070 0.09560
5467.41211 0.08829
5470.10547 0.08129
5472.79688 0.09276
5475.48926 0.06030
5478.18018 0.06279
5480.87549 0.07269
5483.56592 0.08811
5486.25781 0.04123
5488.94824 0.03608
5491.64014 0.05263
5494.33594 0.05691
5497.02393 0.04951
5499.71680 0.05164
5502.40723 0.04911
5505.10254 0.04981
5507.79297 0.05890
5510.48438 0.05817
5513.17725 0.04293
5515.86865 0.03873
5518.55811 0.07209
5521.25195 0.05244
5523.94482 0.07492
5526.63525 0.06055
5529.32666 0.08449
5532.02002 0.06131
5534.71143 0.06087
5537.40723 0.07272
5540.09521 0.07324
5542.78711 0.04974
5545.48096 0.06654
5548.17334 0.03084
5550.86328 0.07582
5553.55469 0.05123
5556.24707 0.05439
5558.93848 0.06819
5561.63379 0.06451
5564.32715 0.05631
5567.01562 0.03709
5569.70557 0.05296
5572.39697 0.01773
5575.09277 0.02702
5577.78418 0.04199
5580.47607 0.04955
5583.16699 0.04148
5585.85840 0.02708
5588.55469 0.05500
5591.24268 0.06022
5593.93555 0.06779
5596.62598 0.06026
5599.32129 0.05378
5602.01465 0.03756
5604.70361 0.07229
5607.39600 0.07138
5610.09082 0.07612
5612.77979 0.04789
5615.47021 0.05332
5618.16211 0.09598
5620.85547 0.06288
5623.54639 0.06948
5626.23926 0.05713
5628.93066 0.06577
5631.62256 0.05559
5634.31592 0.05849
5637.00781 0.04089
5639.69775 0.05843
5642.39160 0.03900
5645.08447 0.03548
5647.77490 0.04871
5650.46631 0.02377
5653.15967 0.03388
5655.85449 0.06605
5658.54688 0.05197
5661.23438 0.08322
5663.92676 0.07163
5666.61719 0.05916
5669.31152 0.05191
5672.00439 0.06758
5674.69531 0.07854
5677.38770 0.07728
5680.07812 0.07056
5682.76953 0.06572
5685.46289 0.08073
5688.15674 0.07101
5690.84619 0.08337
5693.54004 0.08975
5696.23145 0.07737
5698.92480 0.04783
5701.61621 0.09767
5704.30859 0.07391
5707.00195 0.06214
5709.69385 0.07311
5712.38379 0.07377
5715.07520 0.07042
5717.76807 0.07138
5720.45850 0.04999
5723.15381 0.06434
5725.84375 0.02857
5728.53516 0.06209
5731.22754 0.05215
5733.92188 0.06294
5736.61035 0.07874
5739.30371 0.06240
5741.99512 0.04309
5744.68506 0.07408
5747.37891 0.09170
5750.07080 0.05164
5752.76074 0.09138
5755.45557 0.04502
5758.14795 0.08061
5760.83887 0.07454
5763.53076 0.07860
5766.22412 0.07850
5768.91211 0.06059
5771.60791 0.05814
5774.29883 0.08782
5776.99072 0.05885
5779.68066 0.07107
5782.37451 0.04454
5785.06738 0.01713
5787.75781 0.05966
5790.45020 0.07507
5793.14014 0.05327
5795.83398 0.04450
5798.52979 0.04429
5801.22070 0.03303
5803.90869 0.05097
5806.60205 0.04042
5809.29248 0.06133
5811.98535 0.04653
5814.67822 0.03961
5817.37061 0.04699
5820.06299 0.05495
5822.75391 0.06623
5825.44629 0.04022
5828.13623 0.05149
5830.83105 0.05499
5833.52051 0.05093
5836.21777 0.06167
5838.90625 0.06205
5841.59619 0.06000
5844.29102 0.07673
5846.97949 0.02898
5849.67676 0.04250
5852.36572 0.03696
5855.05469 0.07372
5857.74951 0.04297
5860.44141 0.05150
5863.13477 0.03255
5865.82324 0.02637
5868.51953 0.03060
5871.20654 0.08635
5873.90186 0.02936
5876.59521 0.05179
5879.28613 0.05075
5881.97510 0.03487
5884.67236 0.06283
5887.36377 0.05458
5890.05371 0.05619
5892.74756 0.04859
5895.43652 0.06494
5898.12988 0.03554
5900.82178 0.05967
5903.51025 0.04985
5906.20752 0.07662
5908.89648 0.05500
5911.58984 0.07718
5914.28027 0.08032
5916.97217 0.04957
5919.66650 0.04660
5922.35742 0.08400
5925.05029 0.08036
5927.74072 0.06194
5930.43311 0.08234
5933.12207 0.08227
5935.82031 0.06270
5938.51221 0.06140
5941.19873 0.06810
5943.89404 0.07934
5946.58350 0.04770
5949.27734 0.07522
5951.96533 0.06004
5954.66211 0.07103
5957.35596 0.04838
5960.04541 0.04052
5962.73535 0.06946
5965.42969 0.03720
5968.12256 0.06499
5970.81299 0.08072
5973.50781 0.04570
5976.19775 0.06149
5978.88867 0.05912
5981.58057 0.04911
5984.27393 0.07530
5986.96484 0.07245
5989.65771 0.08029
5992.35107 0.06723
5995.03955 0.04428
5997.73242 0.07236
6000.42627 0.06432
6003.11475 0.06066
6005.80762 0.05602
6008.50244 0.07735
6011.19092 0.06299
6013.88428 0.05765
6016.57861 0.06228
6019.26807 0.05968
6021.96191 0.05870
6024.65332 0.06951
6027.34668 0.04673
6030.04053 0.03059
6032.72949 0.03790
6035.42188 0.05297
6038.11328 0.04548
6040.80518 0.05182
6043.49512 0.04694
6046.18994 0.05236
6048.88281 0.03462
6051.57324 0.07347
6054.26465 0.05858
6056.95703 0.05020
6059.64795 0.06525
6062.33984 0.05758
6065.03320 0.04388
6067.72363 0.04724
6070.41602 0.05235
6073.10596 0.05631
6075.80029 0.05821
6078.49219 0.06158
6081.18652 0.07639
6083.87744 0.04380
6086.56689 0.05608
6089.26025 0.05313
6091.95215 0.08165
6094.64502 0.04700
6097.33545 0.07086
6100.02734 0.06090
6102.71680 0.05206
6105.41162 0.04483
6108.10693 0.05755
6110.79688 0.04807
6113.48730 0.04716
6116.18018 0.05269
6118.87354 0.06479
6121.56445 0.05935
6124.25732 0.04687
6126.94727 0.07981
6129.64209 0.03720
6132.33105 0.05758
6135.02197 0.06240
6137.71680 0.06433
6140.40967 0.04569
6143.10059 0.03987
6145.79492 0.05138
6148.48535 0.08280
6151.17578 0.07137
6153.87109 0.08131
6156.56104 0.07960
6159.25195 0.07145
6161.94385 0.07480
6164.63721 0.08152
6167.32520 0.06760
6170.02051 0.06762
6172.71045 0.07752
6175.40479 0.07328
6178.09424 0.08062
6180.78760 0.07233
6183.48193 0.06970
6186.17139 0.05461
6188.86523 0.05093
6191.55371 0.06454
6194.24609 0.06895
6196.93945 0.03902
6199.63135 0.05663
6202.32422 0.06386
6205.01807 0.06151
6207.70947 0.06542
6210.40186 0.05491
6213.09277 0.05639
6215.78467 0.05524
6218.47412 0.05022
6221.16797 0.06365
6223.85645 0.05296
6226.55322 0.05252
6229.24072 0.06436
6231.93604 0.04918
6234.62842 0.08603
6237.31982 0.07244
6240.01172 0.07494
6242.70117 0.05923
6245.39551 0.07534
6248.08789 0.06571
6250.77686 0.07217
6253.47168 0.05515
6256.16357 0.02810
6258.85352 0.05620
6261.54736 0.05927
6264.24023 0.06043
6266.92969 0.04497
6269.62402 0.03776
6272.31641 0.02775
6275.00635 0.04247
6277.69727 0.04605
6280.39258 0.04784
6283.07959 0.04540
6285.77734 0.06034
6288.46924 0.06348
6291.15918 0.04011
6293.85010 0.06560
6296.54248 0.03305
6299.23584 0.05455
6301.92969 0.04123
6304.61523 0.05300
6307.30859 0.06548
6310.00342 0.06176
6312.69531 0.02707
6315.38525 0.07696
6318.07959 0.04670
6320.76855 0.07222
6323.46191 0.08323
6326.15576 0.05899
6328.84814 0.03790
6331.53760 0.04292
6334.22900 0.06884
6336.92090 0.04483
6339.61377 0.03529
6342.30518 0.04341
6345.00049 0.05524
6347.69336 0.03382
6350.38428 0.06202
6353.07275 0.04476
6355.76562 0.04745
6358.45605 0.04838
6361.14795 0.07266
6363.84131 0.07809
6366.53223 0.06901
6369.22754 0.06044
6371.91699 0.05884
6374.61084 0.06721
6377.30273 0.06534
6379.99512 0.08073
6382.68604 0.05206
6385.37744 0.06973
6388.06982 0.08368
6390.76367 0.06154
6393.45605 0.04338
6396.14844 0.04741
6398.83838 0.05253
6401.52979 0.06730
6404.22266 0.06223
6406.91260 0.08944
6409.60400 0.06398
6412.29639 0.07245
6414.98975 0.07923
6417.68115 0.07640
6420.37305 0.05235
6423.06641 0.04321
6425.75781 0.05510
6428.45312 0.06825
6431.14307 0.09016
6433.83350 0.04380
6436.52539 0.06796
6439.21875 0.03895
6441.90967 0.06160
6444.59766 0.06847
6447.29395 0.07480
6449.98828 0.06734
6452.68018 0.03742
6455.36963 0.07283
6458.05957 0.07305
6460.75146 0.07621
6463.44336 0.06142
6466.13721 0.06819
6468.82861 0.07868
6471.52148 0.08834
6474.21436 0.07534
6476.90576 0.05170
6479.59766 0.06688
6482.28809 0.05358
6484.97852 0.05025
6487.67432 0.07027
6490.36719 0.05237
6493.05469 0.05469
6495.75293 0.06515
6498.44238 0.07571
6501.13330 0.03768
6503.82129 0.06197
6506.51758 0.03765
6509.21094 0.05597
6511.89893 0.03417
6514.59473 0.02490
6517.28516 0.06259
6519.97607 0.03081
6522.67236 0.03980
6525.36133 0.05095
6528.05225 0.03851
6530.74805 0.06534
6533.43750 0.08503
6536.13135 0.04626
6538.82324 0.06720
6541.51270 0.07969
6544.20654 0.06078
6546.89404 0.04766
6549.59082 0.05384
6552.28076 0.05656
6554.96826 0.03629
6557.66406 0.05635
6560.35400 0.06879
6563.05176 0.02399
6565.73975 0.07249
6568.43311 0.04646
6571.12402 0.06124
6573.81934 0.05248
6576.50830 0.05304
6579.20264 0.04318
6581.88965 0.04108
6584.58643 0.06097
6587.27588 0.05367
6589.97119 0.04551
6592.66309 0.07398
6595.35645 0.06999
6598.04297 0.07981
6600.73877 0.07415
6603.42822 0.03689
6606.12207 0.04481
6608.80957 0.06350
6611.50244 0.06480
6614.20020 0.07676
6616.88770 0.07740
6619.57959 0.04695
6622.26953 0.04700
6624.96387 0.06384
6627.65527 0.07174
6630.34863 0.07320
6633.03955 0.06390
6635.73047 0.06478
6638.42334 0.07482
6641.11719 0.10732
6643.80811 0.08124
6646.49658 0.05277
6649.19385 0.06673
6651.88477 0.06531
6654.57666 0.07503
6657.26904 0.07763
6659.95605 0.03999
6662.65137 0.05453
6665.34375 0.05419
6668.03760 0.04981
6670.72510 0.03885
6673.42090 0.05082
6676.11426 0.05738
6678.80518 0.08155
6681.49609 0.08264
6684.18945 0.05882
6686.87939 0.07418
6689.57080 0.06574
6692.26367 0.08149
6694.95703 0.07982
6697.64795 0.08371
6700.34033 0.09161
6703.02930 0.06938
6705.72363 0.07237
6708.41455 0.07967
6711.10791 0.07214
6713.80127 0.06441
6716.48877 0.07835
6719.18457 0.05135
6721.87451 0.07832
6724.56543 0.04900
6727.26074 0.05446
6729.95312 0.05748
6732.64697 0.06199
6735.33447 0.03521
6738.02734 0.04584
6740.72070 0.06550
6743.41113 0.04498
6746.10303 0.02633
6748.79639 0.02919
6751.48633 0.06015
6754.18164 0.07151
6756.87451 0.03776
6759.56445 0.05389
6762.25879 0.03060
6764.94678 0.05955
6767.63623 0.06384
6770.33008 0.06588
6773.02148 0.05924
6775.71436 0.07413
6778.40430 0.07704
6781.09863 0.04513
6783.79102 0.04677
6786.47998 0.04934
6789.17480 0.04682
6791.86621 0.04365
6794.55859 0.03288
6797.24854 0.05591
6799.93945 0.04972
6802.63525 0.05354
6805.32471 0.02449
6808.01855 0.04282
6810.71387 0.05361
6813.40674 0.02807
6816.09668 0.03163
6818.78711 0.04363
6821.47998 0.05157
6824.16846 0.04498
6826.86328 0.02707
6829.55469 0.04691
6832.24707 0.06754
6834.93701 0.05497
6837.63184 0.03420
6840.32373 0.06943
6843.01660 0.06344
6845.70703 0.05173
6848.40186 0.06636
6851.09033 0.07600
6853.78418 0.05242
6856.47119 0.07201
6859.16650 0.06278
6861.85938 0.04256
6864.54980 0.07680
6867.24072 0.06283
6869.93311 0.06762
6872.62695 0.05504
6875.32080 0.07231
6878.01270 0.06233
6880.70557 0.06974
6883.39551 0.05851
6886.08984 0.03714
6888.78174 0.06657
6891.47217 0.08107
6894.16211 0.05009
6896.85352 0.07079
6899.54590 0.05052
6902.23584 0.06774
6904.93066 0.04609
6907.62256 0.03292
6910.31201 0.06362
6913.00586 0.05442
6915.69629 0.07196
6918.39307 0.06559
6921.08252 0.06375
6923.77295 0.07457
6926.46826 0.04625
6929.15723 0.07021
6931.84717 0.07196
6934.54541 0.07193
6937.23438 0.04238
6939.92383 0.05710
6942.61768 0.05687
6945.30908 0.07253
6948.00098 0.06522
6950.69824 0.05706
6953.38574 0.05815
6956.08057 0.07771
6958.76953 0.05908
6961.46338 0.04482
6964.15820 0.06083
6966.84668 0.06151
6969.53955 0.06901
6972.22998 0.03415
6974.92139 0.04218
6977.61328 0.03788
6980.30664 0.04305
6982.99707 0.03410
6985.68945 0.01146
6988.38574 0.05458
6991.07178 0.02808
6993.76660 0.05014
6996.45850 0.05005
6999.15186 0.04053
7001.84180 0.05163
7004.53662 0.06871
7007.22510 0.05917
7009.91846 0.03655
7012.60889 0.05404
7015.30420 0.04964
7017.99316 0.04855
7020.68652 0.04357
7023.37695 0.04072
7026.06885 0.06835
7028.76172 0.05835
7031.45166 0.07515
7034.14307 0.02914
7036.83887 0.05283
7039.53223 0.05103
7042.22217 0.02596
7044.91357 0.04818
7047.60205 0.04393
7050.29883 0.04690
7052.98926 0.03394
7055.68066 0.03910
7058.37354 0.03358
7061.06348 0.03263
7063.75781 0.04752
7066.44922 0.03506
7069.14258 0.03546
7071.83252 0.05936
7074.52344 0.06637
7077.21533 0.07708
7079.91162 0.05343
7082.59863 0.08576
7085.29297 0.05115
7087.98584 0.05761
7090.67432 0.07429
7093.36914 0.08817
7096.06055 0.06609
7098.75293 0.03394
7101.44238 0.07800
7104.13623 0.07289
7106.83203 0.06770
7109.52100 0.04796
7112.21436 0.05260
7114.90869 0.07414
7117.60107 0.06458
7120.28955 0.05950
7122.98291 0.06025
7125.67432 0.05372
7128.36523 0.03837
7131.05469 0.04783
7133.74463 0.04581
7136.44336 0.05188
7139.13525 0.05581
7141.82471 0.06020
7144.51465 0.07681
7147.20996 0.04686
7149.89795 0.05770
7152.59521 0.08419
7155.28516 0.07917
7157.97656 0.07289
7160.66504 0.08150
7163.36182 0.08096
7166.05273 0.06625
7168.74365 0.06967
7171.44043 0.06106
7174.12598 0.09263
7176.81641 0.04197
7179.51172 0.06442
7182.20459 0.05763
7184.89746 0.05110
7187.58838 0.06911
7190.27979 0.06511
7192.97217 0.05358
7195.66553 0.04659
7198.35254 0.08503
7201.04443 0.05276
7203.73682 0.04315
7206.43408 0.04599
7209.12500 0.05121
7211.81689 0.04672
7214.50928 0.06497
7217.19922 0.05264
7219.89404 0.05944
7222.58594 0.06320
7225.27490 0.07484
7227.96875 0.03652
7230.66309 0.06387
7233.35059 0.03672
7236.04395 0.05155
7238.73389 0.05009
7241.42871 0.06179
7244.12061 0.07164
7246.81299 0.03408
7249.50732 0.04885
7252.19385 0.06427
7254.88965 0.07060
7257.58252 0.04947
7260.27246 0.04594
7262.96289 0.05730
7265.65527 0.05441
7268.34814 0.02937
7271.03760 0.03153
7273.73291 0.05341
7276.42480 0.03466
7279.11377 0.04841
7281.80762 0.04800
7284.50244 0.00695
7287.19434 0.04719
7289.88281 0.02616
7292.57666 0.03930
7295.26758 0.04197
7297.95947 0.02100
7300.65234 0.04700
7303.34229 0.03576
7306.03662 0.04263
7308.73242 0.06105
7311.42139 0.06706
7314.11133 0.04048
7316.80225 0.06617
7319.49316 0.05841
7322.18652 0.06472
7324.87988 0.08726
7327.57080 0.06680
7330.26270 0.04724
7332.95508 0.04840
7335.64453 0.07204
7338.33936 0.09451
7341.03125 0.08272
7343.72363 0.06194
7346.41699 0.03473
7349.10791 -0.02307
7351.79883 -0.13081
7354.49170 0.04106
7357.18115 0.07005
7359.87158 0.07993
7362.56689 0.05164
7365.25977 0.06737
7367.94824 0.07451
7370.64307 0.03168
7373.33447 0.04700
7376.02686 0.03774
7378.72021 0.03196
7381.41016 0.08433
7384.10547 0.06498
7386.79346 0.05458
7389.48682 0.07067
7392.18066 0.05980
7394.87158 0.04737
7397.56396 0.05072
7400.25684 0.07097
7402.94678 0.03640
7405.63721 0.07566
7408.32910 0.05175
7411.02197 0.08550
7413.71191 0.06673
7416.40674 0.05744
7419.09863 0.06741
7421.78711 0.07415
7424.48535 0.04175
7427.17578 0.03698
7429.86719 0.07050
7432.55957 0.06021
7435.24902 0.07672
7437.94385 0.04946
7440.63525 0.04808
7443.32715 0.04870
7446.02051 0.05655
7448.71094 0.03907
7451.40625 0.06410
7454.09424 0.04511
7456.78711 0.05129
7459.47705 0.06926
7462.17236 0.04813
7464.86426 0.04133
7467.55273 0.06989
7470.24658 0.05027
7472.93750 0.03624
7475.62939 0.05317
7478.32227 0.06710
7481.01514 0.06062
7483.70605 0.05090
7486.39746 0.06058
7489.08984 0.05624
7491.78320 0.04126
7494.47412 0.05560
7497.16504 0.04249
7499.85742 0.04996
7502.55078 0.03073
7505.24072 0.05836
7507.93506 0.04635
7510.62305 0.03918
7513.32031 0.04324
7516.01025 0.02825
7518.70117 0.05144
7521.39258 0.05462
7524.08496 0.05115
7526.77881 0.04037
7529.46924 0.04784
7532.16504 0.05191
7534.85303 0.07073
7537.54639 0.06073
7540.24072 0.04190
7542.93164 0.07738
7545.62354 0.05195
7548.31299 0.06635
7551.00684 0.05866
7553.69727 0.04029
7556.38965 0.06009
7559.08203 0.05147
7561.77539 0.07733
7564.46582 0.03835
7567.15723 0.05306
7569.85010 0.07609
7572.54346 0.05375
7575.23340 0.03290
7577.92871 0.02156
7580.61670 0.08705
7583.31006 0.04700
7586.00391 0.03993
7588.69434 0.03468
7591.38672 0.05324
7594.07910 0.06089
7596.76465 0.04621
7599.45898 0.07089
7602.15430 0.05563
7604.84717 0.05828
7607.53564 0.06668
7610.23047 0.05494
7612.92578 0.05889
7615.61279 0.06919
7618.30176 0.05415
7620.99561 0.05984
7623.69043 0.07582
7626.37744 0.07617
7629.07031 0.07042
7631.76416 0.06564
7634.45801 0.07570
7637.14941 0.05749
7639.83740 0.06301
7642.53076 0.04896
7645.22852 0.06536
7647.91943 0.05147
7650.60742 0.08406
7653.29980 0.07867
7655.99316 0.03837
7658.68408 0.06422
7661.37549 0.06009
7664.07178 0.06910
7666.76074 0.04523
7669.45068 0.05654
7672.14600 0.05883
7674.83789 0.06576
7677.53027 0.01771
7680.21973 0.04708
7682.91455 0.07555
7685.60205 0.05782
7688.29443 0.03943
7690.99170 0.04956
7693.67725 0.08357
7696.37256 0.02560
7699.06445 0.06682
7701.75781 0.05574
7704.44678 0.05784
7707.14160 0.04325
7709.83301 0.05653
7712.52539 0.04304
7715.21436 0.06312
7717.90869 0.06915
7720.59961 0.05123
7723.29541 0.05524
7725.98438 0.05414
7728.67822 0.06650
7731.36865 0.05461
7734.06006 0.04174
7736.75195 0.03895
7739.44531 0.06386
7742.13525 0.04856
7744.83057 0.05659
7747.52246 0.06679
7750.21533 0.04682
7752.90479 0.05141
7755.59912 0.06199
7758.29053 0.02495
7760.97852 0.05950
7763.67578 0.04973
7766.36572 0.04077
7769.05664 0.02088
7771.74854 0.04500
7774.44092 0.06069
7777.13037 0.03370
7779.82520 0.03010
7782.52051 0.08110
7785.20850 0.05405
7787.90088 0.06020
7790.59473 0.06094
7793.28174 0.03947
7795.97314 0.06036
7798.66553 0.06129
7801.35889 0.08590
7804.04883 0.04560
7806.74414 0.05790
7809.43604 0.06639
7812.12891 0.06527
7814.81836 0.02866
7817.51318 0.03739
7820.20459 0.07359
7822.89648 0.03616
7825.58545 0.06049
7828.27539 0.06553
7830.97070 0.04220
7833.66650 0.05297
7836.35938 0.04895
7839.04785 0.04686
7841.73877 0.02836
7844.42920 0.09296
7847.12109 0.04999
7849.81836 0.06719
7852.50781 0.07529
7855.20312 0.05668
7857.88965 0.06222
7860.58252 0.07096
7863.27490 0.06331
7865.96484 0.06371
7868.66016 0.04737
7871.35156 0.07564
7874.04053 0.05250
7876.73340 0.04644
7879.42822 0.07111
7882.11914 0.07791
7884.81104 0.06355
7887.49951 0.03690
7890.19727 0.05798
7892.88818 0.05586
7895.57959 0.05905
7898.27148 0.05569
7900.96484 0.06070
7903.65430 0.04137
7906.34912 0.02590
7909.03613 0.06676
7911.73340 0.06096
7914.42676 0.03622
7917.11670 0.05667
7919.80713 0.05084
7922.49854 0.04116
7925.19189 0.05895
7927.88037 0.03999
7930.57520 0.04210
7933.26660 0.04461
7935.95410 0.07911
7938.65576 0.06974
7941.34521 0.04989
7944.03516 0.04770
7946.72656 0.04867
7949.41895 0.03346
7952.10791 0.04641
7954.80566 0.06177
7957.49609 0.04702
7960.18359 0.04503
7962.88037 0.04816
7965.56885 0.05437
7968.26367 0.05259
7970.95410 0.06345
7973.64551 0.03592
7976.33838 0.04034
7979.03125 0.04899
7981.72168 0.03955
7984.41211 0.04302
7987.10400 0.03432
7989.80127 0.04942
7992.49463 0.04696
7995.18066 0.04637
7997.87598 0.04311
8000.56348 0.03304
8003.26074 0.03251
8005.94971 0.03251
8008.64453 0.04943
8011.33594 0.05190
8014.02783 0.07707
8016.72119 0.04157
8019.41064 0.05238
8022.10498 0.06143
8024.79639 0.05288
8027.48438 0.05667
8030.17725 0.04583
8032.87549 0.04558
8035.56152 0.05833
8038.25293 0.05122
8040.94580 0.05994
8043.63916 0.04798
8046.32812 0.05192
8049.02344 0.04644
8051.71045 0.05499
8054.40674 0.05099
8057.09619 0.03992
8059.79492 0.01819
8062.48096 0.05325
8065.17676 0.05592
8067.86475 0.06045
8070.56250 0.05783
8073.24805 0.03397
8075.94336 0.03777
8078.63477 0.05446
8081.32715 0.06900
8084.02051 0.04254
8086.71045 0.03281
8089.40137 0.04084
8092.09277 0.07044
8094.79004 0.06260
8097.47852 0.06294
8100.16846 0.04223
8102.85938 0.05896
8105.55566 0.06138
8108.24756 0.06920
8110.94189 0.08042
8113.63184 0.04447
8116.32715 0.05445
8119.01855 0.04279
8121.70654 0.06013
8124.40430 0.05805
8127.08984 0.05724
8129.78076 0.04766
8132.47217 0.04490
8135.16016 0.04010
8137.85352 0.05635
8140.55273 0.04498
8143.24365 0.06859
8145.93066 0.07761
8148.62744 0.02195
8151.31689 0.05358
8154.00684 0.04777
8156.70605 0.04795
8159.39795 0.04878
8162.09082 0.05570
8164.77490 0.05589
8167.46924 0.05131
8170.15527 0.05694
8172.85596 0.04901
8175.53955 0.04683
8178.24170 0.03827
8180.93164 0.06352
8183.62646 0.06825
8186.30908 0.06440
8189.00195 0.04654
8191.69971 0.03027
8194.38867 0.03352
8197.08008 0.06316
8199.77148 0.04455
8202.46387 0.07493
8205.15723 0.03802
8207.84668 0.03912
8210.54199 0.03349
8213.23340 0.04643
8215.91992 0.02808
8218.61816 0.04882
8221.30273 0.05078
8224.00195 0.02739
8226.69336 0.04605
8229.38574 0.04252
8232.07422 0.04137
8234.76855 0.04034
8237.46387 0.02564
8240.15430 0.01774
8242.85059 0.06437
8245.53906 0.04608
8248.22363 0.06565
8250.91406 0.06782
8253.60938 0.05457
8256.30176 0.06981
8258.99414 0.02988
8261.69238 0.02008
8264.38281 0.05700
8267.06836 0.05418
8269.76953 0.07445
8272.45801 0.03620
8275.15137 0.01279
8277.84082 0.07077
8280.53613 0.04216
8283.22754 0.08840
8285.91602 0.11058
8288.60449 0.08742
8291.30273 0.02310
8293.99414 0.00561
8296.68066 0.05379
8299.37305 0.07478
8302.07031 0.03298
8304.75586 0.06564
8307.45020 0.00490
8310.14648 0.04614
8312.84277 0.06056
8315.53125 0.04050
8318.22461 0.04884
8320.91504 0.04351
8323.60156 0.05239
8326.29395 0.06171
8328.98633 0.06671
8331.67969 0.06040
8334.37402 0.05388
8337.06055 0.06722
8339.75684 0.05664
8342.44434 0.04704
8345.13379 0.08194
8347.83203 0.04549
8350.52246 0.04989
8353.21875 0.06646
8355.91113 0.06940
8358.59473 0.06277
8361.28809 0.06769
8363.98828 0.04890
8366.67480 0.05466
8369.36230 0.04508
8372.06445 0.06255
8374.75391 0.04744
8377.44336 0.05447
8380.13867 0.04301
8382.82129 0.05714
8385.51855 0.05761
8388.21680 0.04171
8390.90625 0.03698
8393.59180 0.04579
8396.29297 0.05546
8398.98047 0.05761
8401.67383 0.05188
8404.36816 0.03412
8407.05762 0.04264
8409.74512 0.06783
8412.44141 0.09225
8415.12500 0.06076
8417.82324 0.06194
8420.51758 0.05539
8423.20898 0.06444
8425.90039 0.06496
8428.58887 0.04369
8431.28223 0.05465
8433.97559 0.04655
8436.66211 0.01989
8439.35742 0.03877
8442.04590 0.07356
8444.74805 0.03220
8447.43750 0.05312
8450.12695 0.03282
8452.81836 0.04163
8455.51074 0.04189
8458.20312 0.01802
8460.89648 0.05733
8463.59082 0.04352
8466.27734 0.04423
8468.97266 0.02664
8471.66113 0.03611
8474.35449 0.04635
8477.04785 0.04921
8479.73828 0.04778
8482.42969 0.05713
8485.12598 0.07793
8487.80957 0.03695
8490.51270 0.05719
8493.19824 0.03767
8495.88867 0.05783
8498.58496 0.05934
8501.27246 0.06117
8503.97070 0.05432
8506.66016 0.04977
8509.34570 0.05393
8512.04199 0.04146
8514.73828 0.05766
8517.42676 0.04298
8520.11621 0.03163
8522.81055 0.03798
8525.50586 0.05249
8528.19727 0.03067
8530.88477 0.04307
8533.57812 0.05773
8536.26758 0.02630
8538.96289 0.05130
8541.65918 0.05360
8544.35059 0.05394
8547.03906 0.02950
8549.73340 0.05758
8552.42188 0.05364
8555.11816 0.04633
8557.80078 0.07039
8560.49219 0.07051
8563.19043 0.05440
8565.88477 0.04446
8568.57031 0.06047
8571.26660 0.07393
8573.96289 0.06695
8576.65039 0.07105
8579.34375 0.05915
8582.03418 0.05829
8584.72461 0.07455
8587.41602 0.04433
8590.10840 0.05967
8592.80176 0.05204
8595.49512 0.08497
8598.18066 0.05565
8600.88086 0.05338
8603.57324 0.06486
8606.26172 0.05030
8608.95410 0.05033
8611.64941 0.05828
8614.33887 0.07169
8617.03027 0.08475
8619.72266 0.05163
8622.41602 0.04484
8625.10449 0.05607
8627.79883 0.06958
8630.49512 0.06439
8633.18164 0.06340
8635.87891 0.06618
8638.56250 0.06062
8641.25684 0.06399
8643.95117 0.04104
8646.64258 0.05899
8649.33984 0.04837
8652.02246 0.06167
8654.71582 0.06171
8657.40527 0.05490
8660.10059 0.06400
8662.79199 0.07493
8665.48926 0.07666
8668.18164 0.06242
8670.87109 0.05353
8673.56641 0.05073
8676.25684 0.05900
8678.94336 0.03854
8681.64551 0.05096
8684.33398 0.03106
8687.02832 0.03247
8689.71777 0.04859
8692.40430 0.04218
8695.09570 0.04426
8697.79297 0.03942
8700.48145 0.04505
8703.17090 0.04613
8705.86621 0.03472
8708.55762 0.05913
8711.25000 0.05669
8713.94238 0.02526
8716.63184 0.04714
8719.33105 0.05820
8722.01172 0.06346
8724.70801 0.04514
8727.40039 0.06632
8730.09375 0.05216
8732.78711 0.05600
8735.47266 0.05231
8738.16797 0.05268
8740.85449 0.04581
8743.55176 0.05553
8746.24023 0.04142
8748.93848 0.05958
8751.62988 0.03955
8754.32031 0.02670
8757.01172 0.05380
8759.70898 0.03444
8762.39844 0.01919
8765.09180 0.03595
8767.78223 0.02153
8770.47754 0.03714
8773.16504 0.06292
8775.85352 0.04590
8778.55078 0.06441
8781.23633 0.04372
8783.93652 0.04834
8786.62695 0.05591
8789.31445 0.03474
8792.00684 0.05248
8794.70117 0.05188
8797.39062 0.06861
8800.08594 0.07297
8802.78223 0.06160
8805.46484 0.03882
8808.16211 0.04808
8810.85156 0.05926
8813.54590 0.04927
8816.23730 0.06078
8818.93262 0.03253
8821.62012 0.06480
8824.31348 0.05169
8827.00781 0.06198
8829.69727 0.05726
8832.38770 0.05328
8835.08398 0.06907
8837.77148 0.04633
8840.45996 0.06109
8843.15820 0.05473
8845.85352 0.04816
8848.53906 0.07026
8851.23047 0.03807
8853.92773 0.05172
8856.62109 0.06988
8859.30566 0.07878
8862.00098 0.07734
8864.69141 0.04970
8867.38770 0.06111
8870.07520 0.09050
8872.76855 0.05715
8875.45801 0.06096
8878.15234 0.03945
8880.84277 0.04727
8883.53516 0.04890
8886.23242 0.08569
8888.91992 0.05819
8891.61914 0.05791
8894.29980 0.05830
8896.99023 0.04914
8899.69238 0.03817
8902.38379 0.02412
8905.07324 0.04428
8907.76660 0.05124
8910.45703 0.05562
8913.14746 0.04681
8915.83984 0.06845
8918.53223 0.04564
8921.21973 0.03950
8923.91406 0.04668
8926.60938 0.06514
8929.30469 0.03713
8931.99707 0.03946
8934.68848 0.04078
8937.37695 0.04805
8940.07129 0.04617
8942.75586 0.05389
8945.45215 0.03433
8948.14355 0.03357
8950.84082 0.05888
8953.52930 0.05404
8956.21289 0.06656
8958.90820 0.04793
8961.59863 0.03326
8964.29004 0.04088
8966.98730 0.02975
8969.68066 0.04088
8972.37402 0.05013
8975.06445 0.03439
8977.75977 0.03961
8980.44629 0.02243
8983.13379 0.06747
8985.82617 0.06142
8988.52051 0.03894
8991.21973 0.01689
8993.90527 0.02923
8996.59668 0.02231
8999.29395 0.05554
9001.98242 0.03749
9004.67578 0.04920
9007.36523 -0.00288
9010.06055 0.03467
9012.75195 0.04162
9015.44434 0.03317
9018.13672 0.07186
9020.83105 0.04638
9023.51465 0.04733
9026.20996 0.04021
9028.89648 0.06302
9031.59277 0.06992
9034.29004 0.02908
9036.97949 0.05234
9039.66895 0.05317
9042.35840 0.05164
9045.05469 0.06222
9047.74609 0.05440
9050.43848 0.05842
9053.12695 0.07292
9055.82129 0.05391
9058.51660 0.04121
9061.20215 0.04401
9063.89844 0.05014
9066.58594 0.06172
9069.28418 0.04281
9071.97266 0.05570
9074.66797 0.05115
9077.36328 0.04417
9080.05469 0.03473
9082.74707 0.05674
9085.43457 0.05669
9088.12891 0.04109
9090.82324 0.04789
9093.51367 0.05883
9096.19922 0.06558
9098.89648 0.03423
9101.58887 0.04883
9104.27832 0.05077
9106.97266 0.07256
9109.66309 0.06435
9112.35840 0.05110
9115.04004 0.03296
9117.73828 0.05841
9120.43555 0.05530
9123.12500 0.06698
9125.81543 0.08167
9128.51074 0.07534
9131.20215 0.05132
9133.88965 0.03251
9136.58203 0.05424
9139.27637 0.04491
9141.96680 0.05602
9144.65625 0.05267
9147.35254 0.02572
9150.04980 0.07428
9152.73340 0.03973
9155.42090 0.04365
9158.12109 0.05414
9160.81055 0.07693
9163.50195 0.06134
9166.19922 0.03906
9168.89160 0.02601
9171.58496 0.03144
9174.26855 0.03052
9176.96387 0.02228
9179.64844 0.03778
9182.35059 0.06496
9185.03809 0.04869
9187.73633 0.07161
9190.42480 0.03910
9193.11426 0.04840
9195.80957 0.03543
9198.50098 0.06014
9201.19238 0.06009
9203.88086 0.03083
9206.57422 0.05452
9209.27344 0.03832
9211.95801 0.03572
9214.64941 0.03283
9217.34570 0.02913
9220.03320 0.07095
9222.72656 0.02151
9225.41992 0.03887
9228.10938 0.01394
9230.80078 0.05223
9233.50195 0.03529
9236.18359 0.04262
9238.88184 0.05115
9241.56543 0.01632
9244.26953 0.04839
9246.95410 0.03463
9249.64551 0.04669
9252.33203 0.05334
9255.02930 0.04463
9257.71777 0.05339
9260.41113 0.05865
9263.10645 0.06385
9265.80176 0.05863
9268.48828 0.06541
9271.18555 0.06759
9273.87305 0.03724
9276.56152 0.06027
9279.26172 0.07470
9281.95117 0.03805
9284.64160 0.04689
9287.33301 0.05642
9290.02539 0.05836
9292.72461 0.04495
9295.40820 0.05559
9298.10352 0.04396
9300.79297 0.03794
9303.48438 0.05707
9306.17090 0.04663
9308.87402 0.04230
9311.56348 0.03310
9314.25195 0.03945
9316.94727 0.04387
9319.63770 0.07159
9322.33008 0.02955
9325.02148 0.03982
9327.71484 0.05142
9330.40918 0.06278
9333.09863 0.04852
9335.79395 0.06841
9338.47949 0.07171
9341.17188 0.05842
9343.86426 0.03538
9346.55762 0.05762
9349.24707 0.06735
9351.93652 0.04837
9354.63770 0.03362
9357.32910 0.04531
9360.01562 0.05058
9362.71387 0.06607
9365.39746 0.04975
9368.09766 0.04247
9370.78711 0.05464
9373.47754 0.04062
9376.16992 0.05087
9378.85742 0.06659
9381.55469 0.04139
9384.24414 0.03815
9386.94434 0.04398
9389.62402 0.05028
9392.32520 0.02058
9395.00684 0.05348
9397.70508 0.01861
9400.39844 0.05383
9403.08203 0.03627
9405.77734 0.06066
9408.47266 0.04739
9411.16992 0.05281
9413.85156 0.05307
9416.54980 0.03871
9419.23828 0.05539
9421.93848 0.05017
9424.62305 0.04827
9427.32422 0.04729
9430.00977 0.03194
9432.70312 0.05012
9435.39648 0.06336
9438.08496 0.03794
9440.77930 0.04622
9443.46973 0.05277
9446.15527 0.02777
9448.85156 0.03325
9451.54492 0.05059
9454.23828 0.05392
9456.92676 0.03412
9459.62695 0.05123
9462.31250 0.04083
9465.00293 0.02408
9467.68945 0.06154
9470.38770 0.05375
9473.08203 0.02167
9475.77051 0.04176
9478.45996 0.04630
9481.15625 0.03414
9483.84766 0.02769
9486.54004 0.05392
9489.23242 0.06012
9491.92090 0.04510
9494.62109 0.05059
9497.31055 0.06558
9500.00195 0.04532
9502.68750 0.06402
9505.38477 0.04551
9508.07324 0.06834
9510.76660 0.03175
9513.46582 0.05959
9516.14648 0.05462
9518.84766 0.04607
9521.52832 0.07651
9524.23145 0.04006
9526.91895 0.03865
9529.60742 0.06000
9532.30762 0.06353
9534.99805 0.05726
9537.69336 0.04686
9540.38477 0.04265
9543.06738 0.06159
9545.76562 0.04877
9548.45410 0.04594
9551.14355 0.05137
9553.84473 0.05058
9556.52539 0.04334
9559.22754 0.03688
9561.91992 0.05505
9564.60840 0.04284
9567.29688 0.06639
9569.99121 0.05727
9572.68164 0.06624
9575.37793 0.06314
9578.07520 0.06255
9580.75781 0.08211
9583.45117 0.06322
9586.14453 0.06615
9588.83398 0.08900
9591.52441 0.03326
9594.21582 0.05156
9596.91309 0.05352
9599.60547 0.05156
9602.29883 0.04886
9604.98730 0.08743
9607.67676 0.05174
9610.37305 0.04523
9613.06445 0.04693
9615.75000 0.03385
9618.44824 0.04613
9621.13574 0.01603
9623.83105 0.04843
9626.52539 0.05436
9629.21484 0.05102
9631.90137 0.06179
9634.59277 0.05828
9637.29102 0.02133
9639.98438 0.04738
9642.67285 0.03508
9645.36816 0.05070
9648.05859 0.04341
9650.75391 0.03495
9653.44141 0.01529
9656.13867 0.03597
9658.82715 0.02980
9661.52051 0.06343
9664.20508 0.05944
9666.90137 0.05118
9669.59180 0.06951
9672.28906 0.03498
9674.97559 0.05982
9677.67383 0.03075
9680.36328 0.07205
9683.05762 0.02582
9685.74805 0.04291
9688.43848 0.04696
9691.13086 0.03360
9693.82227 0.03860
9696.51074 0.02860
9699.20508 0.03201
9701.89355 0.03423
9704.58887 0.00578
9707.28027 0.04005
9709.97754 0.03289
9712.66406 0.04591
9715.35742 0.04710
9718.05078 0.05527
9720.74023 0.05680
9723.42969 0.03802
9726.13184 0.04467
9728.82324 0.07124
9731.50977 0.03268
9734.20312 0.03949
9736.89648 0.03569
9739.59082 0.06007
9742.28613 0.03922
9744.97070 0.06058
9747.66797 0.07066
9750.34863 0.04377
9753.04785 0.06379
9755.73535 0.04705
9758.42383 0.04039
9761.12500 0.06274
9763.81543 0.03174
9766.50684 0.04088
9769.20410 0.07453
9771.89062 0.04855
9774.58496 0.06024
9777.26855 0.05023
9779.96289 0.05957
9782.66406 0.04158
9785.34961 0.06042
9788.04688 0.04932
9790.73828 0.05625
9793.42676 0.03742
9796.11523 0.06120
9798.80957 0.08089
9801.50488 0.06327
9804.18555 0.05194
9806.88281 0.06144
9809.57422 0.05726
9812.27344 0.06249
9814.95605 0.06494
9817.65527 0.06201
9820.35059 0.06277
9823.04199 0.06003
9825.72656 0.06546
9828.41992 0.06035
9831.11719 0.07988
9833.81055 0.02009
9836.50000 0.06163
9839.19531 0.05202
9841.88574 0.04952
9844.57129 0.04860
9847.26270 0.05645
9849.96094 0.03578
9852.64844 0.00685
9855.34277 0.05740
9858.03223 0.03960
9860.72168 0.04231
9863.41309 0.04784
9866.10938 0.07334
9868.80176 0.04756
9871.49414 0.05164
9874.18848 0.04033
9876.87207 0.05504
9879.56738 0.04704
9882.26367 0.05032
9884.95410 0.01870
9887.64160 0.02727
9890.32910 0.05857
9893.02734 0.04140
9895.71582 0.03103
9898.40527 0.06067
9901.10156 0.05127
9903.80273 0.05610
9906.48926 0.04686
9909.18164 0.07985
9911.87500 0.04034
9914.56836 0.02865
9917.26270 0.03776
9919.94727 0.04791
9922.64355 0.05064
9925.33008 0.03236
9928.02148 0.02814
9930.71973 0.03884
9933.40820 0.02808
9936.09668 0.04195
9938.79102 0.02970
9941.48242 0.03101
9944.17285 0.03536
9946.87012 0.05561
9949.56836 0.03559
9952.25000 0.04857
9954.95020 0.01863
9957.63379 0.04606
9960.32910 0.05759
9963.01953 0.05412
9965.70508 0.05801
9968.40820 0.03917
9971.09570 0.03410
9973.78906 0.07264
9976.48340 0.03913
9979.17871 0.06642
9981.86816 0.05160
9984.55469 0.04536
9987.24609 0.04864
9989.94336 0.01624
9992.63184 0.04295
9995.32520 0.06734
9998.01953 0.02920
10000.70996 0.06388
10003.39551 0.02904
10006.09668 0.04583
10008.78906 0.02795
10011.47656 0.04281
10014.16992 0.05951
10016.85840 0.06943
10019.55371 0.05372
10022.24902 0.06763
10024.93457 0.05938
10027.62500 0.06655
10030.31250 0.07678
10033.01660 0.03612
10035.70508 0.04183
10038.39355 0.05764
10041.09473 0.08053
10043.78418 0.04492
10046.47559 0.09120
10049.16211 0.06341
10051.85449 0.04850
10054.54785 0.06572
10057.24219 0.05440
10059.94238 0.05574
10062.62598 0.05945
10065.32324 0.06989
10068.00879 0.03325
10070.69531 0.05484
10073.39941 0.06255
10076.08691 0.05427
10078.77539 0.04460
10081.47070 0.04332
10084.16113 0.05200
10086.85645 0.05224
10089.53809 0.02814
10092.22949 0.06605
10094.92773 0.01208
10097.61719 0.05362
10100.31055 0.04364
10103.00098 0.05813
10105.69727 0.04424
10108.38770 0.04208
10111.07910 0.05285
10113.76660 0.04607
10116.45898 0.05974
10119.15332 0.04419
10121.84277 0.05890
10124.53809 0.06010
10127.23438 0.05277
10129.92480 0.04064
10132.61133 0.05521
10135.30957 0.05588
10137.99805 0.05196
10140.69727 0.05260
10143.38086 0.02822
10146.07617 0.02053
10148.76074 0.05289
10151.46387 0.05565
10154.15039 0.03056
10156.84863 0.04967
10159.53125 0.05752
10162.22559 0.01988
10164.91992 0.05060
10167.61621 0.04430
10170.30078 0.02595
10172.99805 0.02283
10175.68457 0.01797
10178.38379 0.03866
10181.07715 0.03455
10183.76660 0.03731
10186.44922 0.02533
10189.14551 0.05375
10191.83594 0.04068
10194.52832 0.04894
10197.22559 0.04478
10199.91895 0.07068
10202.60156 0.04501
10205.30176 0.06557
10207.99121 0.05032
10210.68750 0.05375
10213.37793 0.05006
10216.06445 0.08407
10218.76172 0.05915
10221.44922 0.03210
10224.14355 0.04763
10226.84375 0.03950
10229.53320 0.04989
10232.21777 0.04226
10234.90820 0.05351
10237.60059 0.04055
10240.29883 0.05625
10242.98047 0.05938
10245.67969 0.03014
10248.36914 0.03007
10251.06445 0.04550
10253.75391 0.06698
10256.44531 0.07108
10259.13770 0.05584
10261.83594 0.03606
10264.52246 0.05794
10267.22266 0.03296
10269.90039 0.06475
10272.59570 0.05170
10275.29102 0.06326
10277.98242 0.04846
10280.67383 0.06615
10283.36719 0.06435
10286.05371 0.06167
10288.75391 0.05498
10291.44238 0.04769
10294.13281 0.05126
10296.82227 0.04865
10299.52539 0.07369
10302.21680 0.06127
10304.91016 0.06733
10307.58594 0.05268
10310.28516 0.04689
10312.97363 0.04183
10315.67480 0.05001
10318.35938 0.03084
10321.05664 0.03166
10323.74219 0.04808
10326.44043 0.04381
10329.12793 0.03244
10331.82129 0.04924
10334.51074 0.03342
10337.20020 0.04282
10339.90137 0.03977
10342.58691 0.05543
10345.27930 0.04337
10347.97070 0.03915
10350.66406 0.08136
10353.36328 0.04920
10356.04688 0.06232
10358.74707 0.07217
10361.43262 0.04417
10364.12891 0.06621
10366.81445 0.04938
10369.50684 0.02277
10372.19434 0.04977
10374.88770 0.01540
10377.57617 0.05001
10380.27148 0.04952
10382.96777 0.04631
10385.65820 0.03682
10388.35547 0.05783
10391.04688 0.01863
10393.73438 0.03309
10396.42773 0.04321
10399.12207 0.01753
10401.81738 0.03185
10404.50684 0.00662
10407.19824 0.05660
10409.88281 0.03237
10412.58691 0.00617
10415.27344 0.03846
10417.97266 0.03182
10420.66113 0.06119
10423.34473 0.04807
10426.04004 0.05668
10428.73633 0.03696
10431.43359 0.05941
10434.11328 0.04118
10436.81250 0.05296
10439.50000 0.05000
10442.18750 0.03383
10444.88770 0.02495
10447.57812 0.06508
10450.26855 0.05471
10452.96484 0.05005
10455.65039 0.05421
10458.34863 0.03864
10461.03613 0.04691
10463.73047 0.05275
10466.41895 0.06609
10469.11426 0.03977
10471.80957 0.03908
10474.49414 0.06570
10477.19141 0.02996
10479.88379 0.02337
10482.56543 0.03960
10485.27051 0.05215
10487.95898 0.00537
10490.64844 0.06425
10493.34375 0.04062
10496.03418 0.05433
10498.72559 0.07859
10501.42383 0.06816
10504.11035 0.07080
10506.79785 0.05235
10509.49805 0.05386
10512.18652 0.05906
10514.87598 0.03974
10517.56641 0.05704
10520.25781 0.04759
10522.95508 0.06719
10525.64746 0.06017
10528.33398 0.03259
10531.02246 0.06685
10533.71680 0.05839
10536.41211 0.04287
10539.10254 0.06017
10541.79883 0.03083
10544.49609 0.05530
10547.18164 0.03549
10549.87500 0.06593
10552.56250 0.05126
10555.26270 0.05134
10557.94629 0.05255
10560.64746 0.05961
10563.33691 0.04845
10566.02832 0.05228
10568.71484 0.06087
10571.40723 0.07073
10574.09961 0.04063
10576.78809 0.05699
10579.48242 0.05678
10582.17773 0.05112
10584.86816 0.06528
10587.55859 0.05008
10590.25586 0.03991
10592.94238 0.03559
10595.64062 0.03915
10598.32910 0.06914
10601.01660 0.03913
10603.70605 0.06144
10606.40723 0.06678
10609.09863 0.05961
10611.78906 0.03258
10614.48047 0.04014
10617.17969 0.06058
10619.86035 0.05681
10622.55469 0.04926
10625.24902 0.03303
10627.94434 0.04428
10630.63379 0.03382
10633.32520 0.06325
10636.01660 0.03882
10638.70312 0.03931
10641.40723 0.04146
10644.09473 0.02260
10646.78320 0.04649
10649.47168 0.01489
10652.16797 0.02129
10654.85742 0.06192
10657.55469 0.04591
10660.24023 0.06546
10662.93945 0.02508
10665.62598 0.05752
10668.31934 0.04675
10671.02051 0.03829
10673.70996 0.05322
10676.38770 0.04390
10679.08984 0.05356
10681.78125 0.03922
10684.46680 0.06194
10687.15918 0.05430
10689.85840 0.03485
10692.54688 0.06414
10695.24121 0.05586
10697.92578 0.02132
10700.62109 0.01975
10703.31836 0.05480
10706.01562 0.03230
10708.69629 0.05492
10711.38867 0.02010
10714.07617 0.07931
10716.77637 0.07445
10719.46582 0.02520
10722.15527 0.03009
10724.85742 0.04418
10727.54883 0.05461
10730.23438 0.04226
10732.92676 0.06686
10735.61914 0.04819
10738.31348 0.06080
10741.00781 0.05104
10743.70215 0.06440
10746.38672 0.05085
10749.08301 0.05669
10751.76855 0.05010
10754.45996 0.06545
10757.14746 0.07791
10759.84570 0.05761
10762.54004 0.05075
10765.22852 0.04340
10767.91797 0.05953
10770.61914 0.07639
10773.31055 0.06751
10776.00781 0.03694
10778.68750 0.05078
10781.38086 0.02937
10784.07422 0.05075
10786.76855 0.06174
10789.46289 0.04737
10792.14648 0.04900
10794.84766 0.04609
10797.53320 0.05590
10800.21875 0.05576
10802.92285 0.05433
10805.60938 0.04934
10808.30371 0.06855
10810.99121 0.07190
10813.67969 0.06750
10816.37598 0.05067
10819.06641 0.04595
10821.76270 0.06366
10824.45410 0.04720
10827.15234 0.04431
10829.83301 0.05228
10832.53320 0.07983
10835.22656 0.06037
10837.91602 0.05552
10840.61133 0.05567
10843.30273 0.04402
10845.99316 0.03214
10848.67871 0.05324
10851.38281 0.03381
10854.07031 0.03632
10856.76367 0.06516
10859.45801 0.05279
10862.14648 0.05436
10864.83105 0.04817
10867.52637 0.06376
10870.22363 0.03927
10872.91602 0.01605
10875.60254 0.03016
10878.30176 0.04611
10880.98828 0.03286
10883.67773 0.05394
10886.37207 0.04215
10889.06152 0.04383
10891.75195 0.03298
10894.44336 0.05673
10897.13574 0.07094
10899.82715 0.06653
10902.52051 0.02782
10905.21387 0.06223
10907.90820 0.05640
10910.59766 0.04042
10913.29297 0.06141
10915.97754 0.04985
10918.67480 0.02840
10921.36035 0.04268
10924.05859 0.04436
10926.74609 0.03797
10929.43945 0.05504
10932.13379 0.03663
10934.83496 0.06843
10937.52441 0.01791
10940.21484 0.03695
10942.90527 0.04475
10945.59766 0.02766
10948.28906 0.04980
10950.97656 0.03746
10953.66992 0.03669
10956.36523 0.03130
10959.04785 0.05883
10961.74316 0.06156
10964.43359 0.07589
10967.13672 0.05178
10969.82227 0.09136
10972.50781 0.05310
10975.20703 0.03795
10977.90039 0.05391
10980.58887 0.05842
10983.27832 0.06813
10985.97363 0.05443
10988.66406 0.06434
10991.36035 0.06075
10994.04590 0.06383
10996.73828 0.09477
10999.43750 0.07379
11002.11816 0.05736
11004.81836 0.04722
11007.50098 0.05647
11010.20312 0.04020
11012.89258 0.05240
11015.58984 0.03613
11018.28125 0.04317
11020.97266 0.02754
11023.65918 0.08305
11026.35352 0.08425
11029.04199 0.04366
11031.74121 0.03691
11034.43066 0.05151
11037.11523 0.05211
11039.81250 0.05225
11042.50293 0.04119
11045.18848 0.06452
11047.89355 0.02749
11050.58691 0.05120
11053.27441 0.05661
11055.96289 0.05260
11058.65234 0.09195
11061.34766 0.05934
11064.04395 0.06348
11066.73633 0.03310
11069.42676 0.04989
11072.11328 0.06090
11074.80664 0.04893
11077.50684 0.04840
11080.20117 0.04104
11082.88379 0.03445
11085.57812 0.05618
11088.26953 0.05496
11090.95996 0.04639
11093.65820 0.05330
11096.34375 0.06070
11099.03027 0.03863
11101.73047 0.04187
11104.42480 0.04770
11107.11328 0.02033
11109.80273 0.03735
11112.49316 0.06203
11115.18848 0.05401
11117.88086 0.02267
11120.57324 0.05912
11123.26465 0.03663
11125.95312 0.04961
11128.64648 0.04348
11131.34082 0.05395
11134.03027 0.01901
11136.72559 0.03994
11139.41699 0.05526
11142.11426 0.05302
11144.79980 0.04776
11147.49121 0.04106
11150.18457 0.05394
11152.87109 0.03330
11155.57227 0.04853
11158.26758 0.02409
11160.95605 0.03312
11163.64062 0.06167
11166.33105 0.03602
11169.02832 0.04190
11171.72656 0.03029
11174.40723 0.05250
11177.10059 0.06047
11179.79492 0.03018
11182.48926 0.03816
11185.17285 0.03953
11187.88184 0.04896
11190.56543 0.01920
11193.25586 0.03564
11195.94824 0.05737
11198.63477 0.03917
11201.32812 0.02553
11204.01465 0.05145
11206.71582 0.04524
11209.40430 0.06901
11212.10059 0.06297
11214.79590 0.06123
11217.48145 0.07882
11220.17188 0.07190
11222.86426 0.05508
11225.56445 0.06286
11228.24414 0.04586
11230.95020 0.07626
11233.63379 0.05383
11236.32227 0.05478
11239.01855 0.05168
11241.71484 0.08394
11244.40625 0.06104
11247.10352 0.05416
11249.79004 0.06140
11252.48340 0.04808
11255.17090 0.03404
11257.86523 0.04083
11260.55469 0.06095
11263.24414 0.05749
11265.93945 0.07307
11268.63086 0.05900
11271.32129 0.05877
11274.00781 0.04124
11276.71289 0.06194
11279.39941 0.04556
11282.08789 0.03824
11284.79395 0.03987
11287.47656 0.03934
11290.16602 0.07099
11292.86328 0.04300
11295.54102 0.04796
11298.23926 0.05637
11300.93164 0.07077
11303.62500 0.06230
11306.32324 0.07773
11309.00586 0.05848
11311.70703 0.07396
11314.38965 0.07679
11317.08594 0.06390
11319.77637 0.06389
11322.46094 0.03590
11325.16602 0.03106
11327.85742 0.05535
11330.54492 0.05210
11333.23828 0.04136
11335.92578 0.02675
11338.62207 0.00898
11341.31152 0.02371
11344.00684 0.03082
11346.69824 0.04154
11349.39453 0.05314
11352.08008 0.02601
11354.77344 0.02956
11357.45996 0.05276
11360.16016 0.06335
11362.86133 0.05171
11365.54395 0.04497
11368.23340 0.03400
11370.92285 0.04952
11373.62012 0.04257
11376.31250 0.05204
11379.00391 0.03989
11381.69629 0.03201
11384.38379 0.03980
11387.08398 0.05441
11389.77246 0.05078
11392.46094 0.03752
11395.15039 0.04132
11397.84766 0.02946
11400.54492 0.04126
11403.22949 0.02558
11405.92773 0.02972
11408.60840 0.03026
11411.30273 0.03700
11413.99609 0.04218
11416.69043 0.05644
11419.37305 0.03822
11422.08203 0.03923
11424.76660 0.05547
11427.46387 0.04733
11430.15527 0.06153
11432.83496 0.05808
11435.52734 0.05335
11438.22754 0.04656
11440.91602 0.05989
11443.61719 0.03694
11446.29980 0.04230
11448.99512 0.05357
11451.67969 0.06542
11454.38379 0.04139
11457.06934 0.06229
11459.76758 0.07080
11462.46094 0.04181
11465.14746 0.05723
11467.83594 0.06238
11470.52344 0.05023
11473.21973 0.03754
11475.90918 0.03927
11478.60645 0.03225
11481.29004 0.04265
11483.98828 0.02054
11486.68066 0.10989
11489.38086 0.02627
11492.06055 0.04794
11494.76172 0.02243
11497.45020 0.06444
11500.13965 0.05874
11502.83496 0.03908
11505.52539 0.04364
11508.21680 0.06474
11510.90234 0.05574
11513.59473 0.04752
11516.30078 0.03941
11518.98730 0.05023
11521.68164 0.05865
11524.37012 0.07486
11527.06543 0.07536
11529.75000 0.08207
11532.44531 0.04580
11535.14258 0.03557
11537.83496 0.03620
11540.52051 0.06631
11543.21387 0.05430
11545.90039 0.05988
11548.60156 0.07050
11551.28906 0.06977
11553.97852 0.04898
11556.67480 0.06880
11559.36523 0.04936
11562.05566 0.02898
11564.74805 0.04385
11567.44043 0.02849
11570.12695 0.03238
11572.82031 0.03856
11575.51953 0.06094
11578.20898 0.04197
11580.90430 0.03983
11583.58691 0.05856
11586.28418 0.04919
11588.98145 0.03009
11591.66699 0.03185
11594.36523 0.04782
11597.05078 0.04078
11599.75000 0.04652
11602.43848 0.06026
11605.13281 0.05829
11607.81543 0.02847
11610.51855 0.03417
11613.20801 0.03988
11615.89844 0.04042
11618.59668 0.03504
11621.27539 0.05362
11623.96777 0.02177
11626.66797 0.03678
11629.35547 0.06025
11632.04980 0.04879
11634.73828 0.02650
11637.43457 0.03940
11640.11816 0.04350
11642.82031 0.06930
11645.50586 0.03073
11648.20508 0.05178
11650.89648 0.03784
11653.57715 0.03595
11656.27051 0.03502
11658.96484 0.05630
11661.66602 0.03362
11664.35547 0.02801
11667.05078 0.03290
11669.73535 0.04005
11672.42090 0.04510
11675.11816 0.03073
11677.81641 0.06412
11680.50977 0.02720
11683.18945 0.03621
11685.89062 0.04676
11688.57910 0.04687
11691.27539 0.06041
11693.96484 0.05261
11696.66016 0.04704
11699.34570 0.05428
11702.03613 0.05893
11704.72852 0.04957
11707.42188 0.03833
11710.12109 0.05571
11712.81445 0.04335
11715.49609 0.01964
11718.18555 0.05521
11720.88184 0.03735
11723.57715 0.02116
11726.27441 0.05283
11728.96582 0.06000
11731.65039 0.02606
11734.34961 0.05249
11737.03613 0.06342
11739.72949 0.06455
11742.41699 0.04170
11745.11816 0.04464
11747.80762 0.05681
11750.49023 0.08275
11753.18164 0.04798
11755.87891 0.05928
11758.57031 0.04550
11761.26953 0.07000
11763.94922 0.04942
11766.65527 0.04430
11769.33594 0.05098
11772.03027 0.06246
11774.72656 0.06546
11777.42188 0.04169
11780.10547 0.05221
11782.80273 0.04371
11785.48730 0.03952
11788.18457 0.03015
11790.87207 0.03974
11793.57129 0.07256
11796.26465 0.04238
11798.94629 0.03320
11801.63477 0.03676
11804.34375 0.04315
11807.03320 0.04402
11809.72168 0.02853
11812.41406 0.02033
11815.10449 0.02466
11817.80371 0.04694
11820.48340 0.03223
11823.18359 0.05219
11825.87109 0.06406
11828.56445 0.02325
11831.25391 0.02615
11833.95020 0.03749
11836.63965 0.07515
11839.33691 0.05352
11842.02051 0.04748
11844.70605 0.06468
11847.41211 0.05036
11850.09766 0.04016
11852.79199 0.03530
11855.48535 0.04311
11858.16699 0.02902
11860.86328 0.03350
11863.55273 0.04930
11866.25000 0.07020
11868.94727 0.03171
11871.63770 0.05022
11874.32910 0.02690
11877.01660 0.01011
11879.70996 0.03404
11882.39648 0.02526
11885.09766 0.04990
11887.78516 0.01404
11890.48145 0.06844
11893.17090 0.05589
11895.86816 0.03618
11898.55176 0.04199
11901.24414 0.02770
11903.93652 0.03512
11906.62793 0.03948
11909.32129 0.05349
11912.01562 0.04372
11914.70410 0.04978
11917.39160 0.06992
11920.08789 0.06203
11922.78418 0.06834
11925.46777 0.04661
11928.16699 0.03950
11930.86328 0.03013
11933.55078 0.03958
11936.24902 0.04514
11938.93555 0.04401
11941.62988 0.05373
11944.31152 0.09083
11947.00781 0.03008
11949.70410 0.06347
11952.39258 0.04938
11955.08398 0.03818
11957.77441 0.05893
11960.47266 0.07511
11963.16602 0.06853
11965.85840 0.04580
11968.55273 0.06609
11971.24609 0.06400
11973.92773 0.04389
11976.61719 0.06213
11979.31250 0.05239
11981.99707 0.04109
11984.69434 0.04398
11987.38477 0.07831
11990.08301 0.08211
11992.76855 0.04764
11995.46875 0.04365
11998.15527 0.05525
12000.84961 0.04557
12003.53809 0.05757
12006.24023 0.07310
12008.92969 0.05688
12011.62695 0.07798
12014.31738 0.06079
12017.00879 0.05597
12019.69336 0.05130
12022.38672 0.04879
12025.07910 0.05729
12027.77344 0.04760
12030.46191 0.05579
12033.15625 0.04058
12035.85254 0.02363
12038.53516 0.06251
12041.22461 0.06119
12043.92188 0.06779
12046.60742 0.04707
12049.29883 0.04445
12051.99805 0.03827
12054.69043 0.06225
12057.37793 0.06105
12060.07227 0.06383
12062.75977 0.03591
12065.45605 0.05243
12068.14551 0.06601
12070.84277 0.02856
12073.53320 0.06990
12076.23047 0.07103
12078.90918 0.04987
12081.60938 0.05547
12084.30273 0.05496
12086.98926 0.05472
12089.69043 0.04450
12092.37207 0.03273
12095.05957 0.05972
12097.76367 0.02920
12100.45312 0.06544
12103.14355 0.06092
12105.84277 0.03908
12108.53418 0.01490
12111.22656 0.03569
12113.91992 0.04923
12116.60645 0.05738
12119.30078 0.01426
12121.99512 0.04357
12124.69141 0.03533
12127.36816 0.04845
12130.06348 0.04051
12132.76074 0.05539
12135.44531 0.04218
12138.14355 0.06751
12140.83008 0.03854
12143.52246 0.06052
12146.20996 0.07228
12148.91016 0.06575
12151.59863 0.04504
12154.28711 0.05440
12156.99023 0.04357
12159.68555 0.05989
12162.37695 0.04932
12165.06152 0.06468
12167.75293 0.04321
12170.44629 0.07797
12173.13770 0.04406
12175.83105 0.06922
12178.51270 0.05432
12181.20703 0.05984
12183.90234 0.04565
12186.59766 0.05541
12189.28027 0.03987
12191.98438 0.06505
12194.67676 0.05357
12197.37402 0.04815
12200.05859 0.03229
12202.74609 0.05493
12205.44531 0.06308
12208.13281 0.04554
12210.82031 0.04767
12213.50879 0.05996
12216.20410 0.04113
12218.90137 0.06442
12221.59082 0.05265
12224.28125 0.05856
12226.97363 0.06646
12229.66602 0.05704
12232.36426 0.07217
12235.05762 0.06599
12237.73730 0.06462
12240.43848 0.06945
12243.12695 0.05160
12245.82227 0.07732
12248.51855 0.03801
12251.20117 0.02446
12253.89160 0.06221
12256.59082 0.06451
12259.27637 0.05457
12261.97461 0.05295
12264.66113 0.06720
12267.35449 0.05084
12270.04102 0.06500
12272.74219 0.04859
12275.42480 0.04395
12278.12109 0.07552
12280.81738 0.07268
12283.50781 0.03400
12286.19824 0.06590
12288.89648 0.05686
12291.57617 0.05207
12294.27441 0.04518
12296.96094 0.05802
12299.66211 0.06348
12302.34863 0.04818
12305.04492 0.03667
12307.73340 0.08191
12310.43652 0.05685
12313.12598 0.04535
12315.81055 0.04950
12318.50098 0.04605
12321.18652 0.05422
12323.87793 0.04997
12326.58594 0.05621
12329.26465 0.06147
12331.95898 0.06071
12334.65430 0.04976
12337.34375 0.03262
12340.04590 0.04190
12342.73535 0.04897
12345.41895 0.04352
12348.11621 0.03803
12350.80078 0.05848
12353.50098 0.03680
12356.18555 0.03691
12358.88574 0.03911
12361.57227 0.05842
12364.26758 0.04756
12366.96289 0.04630
12369.65137 0.04536
12372.34082 0.03511
12375.03125 0.03928
12377.72852 0.06822
12380.41211 0.05299
12383.10449 0.06056
12385.79590 0.05962
12388.49609 0.06323
12391.18945 0.04992
12393.88379 0.04800
12396.57227 0.04007
12399.25977 0.07449
12401.95605 0.02825
12404.65234 0.07694
12407.33594 0.05876
12410.02051 0.05471
12412.72559 0.05069
12415.40918 0.05201
12418.10938 0.06661
12420.79590 0.02842
12423.48926 0.06844
12426.17773 0.10164
12428.86523 0.05637
12431.57422 0.02331
12434.26270 0.04430
12436.95312 0.06365
12439.63574 0.06755
12442.33496 0.04688
12445.02539 0.04512
12447.71875 0.05034
12450.41016 0.04664
12453.09668 0.08930
12455.79004 0.04445
12458.48535 0.06675
12461.18066 0.04097
12463.87598 0.05682
12466.55859 0.07826
12469.25586 0.08123
12471.95312 0.06739
12474.63672 0.06420
12477.33594 0.06356
12480.02734 0.06569
12482.71387 0.07001
12485.40723 0.05367
12488.09375 0.05755
12490.78906 0.06829
12493.48340 0.04950
12496.17285 0.03379
12498.86914 0.05629
12501.56641 0.07039
12504.24316 0.06788
12506.94043 0.03999
12509.63965 0.05021
12512.31836 0.04037
12515.01758 0.06806
12517.70508 0.03871
12520.39941 0.05643
12523.09375 0.04301
12525.78809 0.05564
12528.47754 0.05748
12531.16699 0.06412
12533.86426 0.05111
12536.55469 0.06845
12539.24609 0.05964
12541.93750 0.05316
12544.63086 0.04590
12547.32324 0.06746
12550.01758 0.09152
12552.70410 0.05796
12555.40527 0.05984
12558.09473 0.04699
12560.77637 0.03050
12563.47363 0.04539
12566.17090 0.06372
12568.85352 0.05856
12571.55176 0.06335
12574.23730 0.06064
12576.93652 0.06547
12579.62305 0.03220
12582.32227 0.04804
12585.01074 0.03672
12587.69922 0.03883
12590.38672 0.02158
12593.08887 0.04216
12595.77832 0.05013
12598.47559 0.02558
12601.16699 0.04678
12603.85156 0.07418
12606.55078 0.07736
12609.24219 0.04458
12611.92090 0.04671
12614.62207 0.07414
12617.30957 0.06435
12620.01172 0.05952
12622.69336 0.05084
12625.38867 0.05239
12628.07812 0.03452
12630.77539 0.05539
12633.46680 0.05940
12636.15723 0.05919
12638.84277 0.06976
12641.54883 0.06470
12644.23438 0.05533
12646.92773 0.04326
12649.61523 0.04773
12652.31055 0.05677
12654.99805 0.04387
12657.68750 0.04575
12660.38379 0.04329
12663.07324 0.04706
12665.77148 0.03003
12668.46191 0.03401
12671.15430 0.04952
12673.85352 0.06164
12676.53320 0.05808
12679.23242 0.05097
12681.92676 0.04122
12684.61426 0.04632
12687.30957 0.06323
12689.99805 0.06640
12692.68066 0.04695
12695.37793 0.05728
12698.07520 0.08327
12700.75879 0.07321
12703.46387 0.06310
12706.14941 0.05483
12708.84277 0.07547
12711.52930 0.04820
12714.22266 0.07597
12716.91797 0.06569
12719.61230 0.04392
12722.30176 0.05447
12724.99121 0.04794
12727.68652 0.06844
12730.37109 0.05423
12733.06836 0.06582
12735.75977 0.07240
12738.45215 0.06088
12741.14551 0.05803
12743.83105 0.04004
12746.52539 0.04707
12749.21875 0.05335
12751.91504 0.04107
12754.60254 0.05043
12757.29199 0.05596
12759.99609 0.04968
12762.68555 0.04049
12765.37598 0.06490
12768.06152 0.05436
12770.75977 0.07425
12773.44531 0.05042
12776.14551 0.03904
12778.83203 0.03679
12781.52637 0.04069
12784.22070 0.06750
12786.90234 0.05574
12789.59668 0.06322
12792.29395 0.05741
12794.99121 0.06120
12797.67480 0.05114
12800.37305 0.04732
12803.05664 0.03641
12805.75684 0.03611
12808.45020 0.03981
12811.12891 0.03601
12813.83691 0.04840
12816.51660 0.04868
12819.21289 0.05210
12821.90137 0.03912
12824.58984 0.05088
12827.29395 0.03649
12829.98438 0.04553
12832.67578 0.04549
12835.35938 0.04864
12838.05176 0.03488
12840.74316 0.04155
12843.44434 0.05699
12846.13086 0.05701
12848.83301 0.05631
12851.51270 0.05707
12854.20898 0.04320
12856.88965 0.05042
12859.59375 0.04310
12862.28320 0.05952
12864.97363 0.04859
12867.66602 0.05762
12870.36426 0.04808
12873.05664 0.01625
12875.74219 0.06061
12878.43555 0.04865
12881.12207 0.05213
12883.82422 0.04198
12886.51855 0.02992
12889.20703 0.04836
12891.90430 0.06104
12894.59375 0.04087
12897.27637 0.04620
12899.97461 0.05479
12902.65918 0.03552
12905.35742 0.06267
12908.05078 0.07783
12910.73633 0.05418
12913.42969 0.06957
12916.11719 0.03745
12918.81836 0.04895
12921.50000 0.06725
12924.20312 0.05423
12926.88574 0.08024
12929.58887 0.05347
12932.28027 0.04472
12934.96387 0.06561
12937.65430 0.08625
12940.33984 0.07768
12943.04688 0.07606
12945.74023 0.05740
12948.42676 0.05546
12951.12109 0.05626
12953.81543 0.06734
12956.49707 0.06903
12959.19336 0.05893
12961.88281 0.06397
12964.58008 0.08265
12967.27832 0.05046
12969.96191 0.05078
12972.66113 0.05340
12975.34668 0.04971
12978.03809 0.06675
12980.72461 0.05588
12983.41992 0.04649
12986.11426 0.05473
12988.81543 0.04441
12991.49707 0.04648
12994.18652 0.05017
12996.88379 0.07093
12999.56641 0.05221
13002.27148 0.06542
13004.96973 0.09446
13007.65430 0.05209
13010.34766 0.04945
13013.03320 0.06706
13015.73242 0.04997
13018.41309 0.06201
13021.10742 0.06052
13023.80371 0.08970
13026.49902 0.06493
13029.18066 0.07189
13031.87793 0.05533
13034.57520 0.04998
13037.25781 0.04703
13039.95605 0.05849
13042.64844 0.05252
13045.33398 0.05750
13048.03516 0.05697
13050.72070 0.04362
13053.41504 0.03472
13056.10938 0.04558
13058.80566 0.02822
13061.49316 0.05630
13064.18262 0.03896
13066.87207 0.05100
13069.57129 0.02074
13072.25391 0.04275
13074.95215 0.04993
13077.64453 0.06354
13080.33789 0.03928
13083.02246 0.06780
13085.71582 0.06372
13088.41113 0.06425
13091.09863 0.06444
13093.79297 0.04928
13096.49707 0.05614
13099.17188 0.05684
13101.87598 0.05647
13104.56641 0.05426
13107.24902 0.03018
13109.94824 0.04844
13112.63965 0.05102
13115.33301 0.04080
13118.01172 0.05999
13120.71973 0.05473
13123.41406 0.05559
13126.10156 0.06433
13128.78906 0.02759
13131.48535 0.05817
13134.18262 0.05563
13136.86328 0.04318
13139.54785 0.05952
13142.24512 0.05863
13144.94336 0.04539
13147.63574 0.04974
13150.32129 0.06092
13153.01465 0.06331
13155.71582 0.03282
13158.39453 0.06475
13161.09668 0.05556
13163.78516 0.05607
13166.48730 0.06108
13169.16992 0.07145
13171.85938 0.06951
13174.55664 0.06914
13177.24707 0.08651
13179.93164 0.05035
13182.62305 0.07293
13185.31641 0.05464
13188.00879 0.04317
13190.69531 0.06670
13193.38965 0.05165
13196.08496 0.06470
13198.77930 0.06187
13201.47559 0.03998
13204.16406 0.05956
13206.85352 0.04763
13209.55078 0.08548
13212.25000 0.05179
13214.92578 0.07007
13217.62402 0.04878
13220.32422 0.05355
13223.00977 0.07594
13225.71094 0.05885
13228.38965 0.06323
13231.07812 0.06494
13233.78027 0.07592
13236.47461 0.06033
13239.16406 0.03538
13241.84668 0.08559
13244.55078 0.07183
13247.24121 0.06289
13249.93262 0.07465
13252.63184 0.06315
13255.31641 0.08728
13258.00977 0.06696
13260.69434 0.07474
13263.38965 0.08334
13266.08301 0.05930
13268.77051 0.06058
13271.46680 0.05568
13274.15430 0.03854
13276.85156 0.06640
13279.53516 0.04729
13282.23828 0.05149
13284.91504 0.05423
13287.61426 0.03637
13290.30664 0.03707
13293.00684 0.03966
13295.69141 0.04326
13298.38477 0.04765
13301.08008 0.05396
13303.76660 0.03729
13306.46191 0.05431
13309.15039 0.03691
13311.84668 0.06068
13314.53711 0.05832
13317.22656 0.05158
13319.91699 0.04195
13322.61523 0.07618
13325.30762 0.04898
13328.00000 0.03761
13330.68457 0.06838
13333.37988 0.05870
13336.07324 0.08215
13338.75977 0.06241
13341.45508 0.06055
13344.15039 0.06324
13346.83984 0.04719
13349.54297 0.03173
13352.22559 0.03040
13354.92285 0.05309
13357.60742 0.07202
13360.29980 0.06350
13362.99121 0.05852
13365.69141 0.04913
13368.38477 0.03591
13371.07031 0.04339
13373.75684 0.06369
13376.45117 0.01857
13379.13965 0.04972
13381.83496 0.06942
13384.53223 0.04076
13387.22168 0.06192
13389.91895 0.08081
13392.60156 0.05335
13395.30078 0.06075
13397.98535 0.05347
13400.68555 0.06839
13403.37109 0.06308
13406.06445 0.03985
13408.75000 0.07033
13411.45215 0.05470
13414.14062 0.06525
13416.84277 0.07225
13419.52441 0.03774
13422.21387 0.05777
13424.91113 0.07698
13427.60059 0.05317
13430.29199 0.05910
13432.98242 0.04600
13435.67480 0.06293
13438.36035 0.06767
13441.05371 0.05644
13443.74707 0.07257
13446.44043 0.07440
13449.13477 0.05733
13451.83008 0.06267
13454.52637 0.07897
13457.22266 0.06747
13459.89746 0.05640
13462.59473 0.06968
13465.29199 0.04201
13467.97559 0.06116
13470.67480 0.07065
13473.35938 0.07061
13476.05957 0.08819
13478.74512 0.05203
13481.44629 0.06869
13484.13281 0.06808
13486.82129 0.06528
13489.52344 0.07318
13492.21191 0.06113
13494.90137 0.07002
13497.58984 0.07314
13500.28125 0.05677
13502.97070 0.04496
13505.66211 0.06477
13508.35449 0.07567
13511.05273 0.06056
13513.73828 0.03537
13516.43164 0.02201
13519.12598 0.03282
13521.82031 0.06080
13524.51562 0.04652
13527.19531 0.05705
13529.89941 0.04869
13532.58105 0.05246
13535.27832 0.05629
13537.97559 0.05613
13540.65820 0.04879
13543.36426 0.05131
13546.04883 0.05219
13548.73438 0.05934
13551.43359 0.07573
13554.12695 0.06643
13556.81348 0.08778
13559.50098 0.03596
13562.19531 0.05213
13564.89844 0.04894
13567.58691 0.03541
13570.27637 0.07616
13572.97363 0.08430
13575.66309 0.05284
13578.34668 0.06030
13581.03809 0.07853
13583.72949 0.04312
13586.42969 0.05566
13589.12305 0.02626
13591.80859 0.05037
13594.50293 0.06975
13597.19629 0.05128
13599.88379 0.07562
13602.58008 0.03235
13605.26855 0.06193
13607.96484 0.05124
13610.65430 0.04678
13613.35156 0.04845
13616.03613 0.04700
13618.72656 0.04342
13621.41895 0.06604
13624.11816 0.05406
13626.80371 0.04597
13629.49707 0.08215
13632.19043 0.06976
13634.87695 0.07563
13637.57324 0.06766
13640.26758 0.06581
13642.96387 0.05563
13645.65332 0.06690
13648.35059 0.07924
13651.03320 0.07754
13653.72363 0.05467
13656.42188 0.05688
13659.11426 0.06963
13661.79785 0.05152
13664.50000 0.06574
13667.18457 0.06153
13669.87793 0.05118
13672.56641 0.06391
13675.26074 0.05022
13677.94922 0.06770
13680.65137 0.05548
13683.34082 0.05774
13686.02344 0.04918
13688.71289 0.07255
13691.42578 0.06422
13694.11035 0.08015
13696.80176 0.04591
13699.49414 0.08925
13702.18555 0.05013
13704.87891 0.07006
13707.56641 0.07699
13710.25879 0.06909
13712.95508 0.08679
13715.63574 0.05941
13718.33105 0.09604
13721.02734 0.07284
13723.71680 0.05940
13726.40625 0.03788
13729.10449 0.05234
13731.80273 0.06458
13734.48730 0.08078
13737.18652 0.06169
13739.87109 0.05136
13742.55664 0.04538
13745.25098 0.05709
13747.94434 0.03498
13750.63281 0.04587
13753.33496 0.03916
13756.02246 0.05880
13758.71094 0.05115
13761.40039 0.06413
13764.09082 0.05275
13766.78027 0.06874
13769.47070 0.06315
13772.17773 0.05083
13774.85449 0.03900
13777.55469 0.08407
13780.24805 0.06094
13782.94141 0.09071
13785.63477 0.07454
13788.32129 0.06999
13791.01758 0.05524
13793.71191 0.05507
13796.39355 0.05278
13799.09668 0.05342
13801.79395 0.07079
13804.47754 0.06220
13807.17578 0.04842
13809.85840 0.05527
13812.55078 0.05713
13815.25000 0.05370
13817.93555 0.05574
13820.62891 0.03417
13823.33008 0.03020
13826.01660 0.05710
13828.71191 0.04913
13831.39844 0.04425
13834.08789 0.05946
13836.78320 0.05149
13839.47266 0.06654
13842.16992 0.06625
13844.86035 0.07689
13847.55176 0.05346
13850.24219 0.05099
13852.92773 0.05916
13855.62695 0.05718
13858.31934 0.04563
13861.00586 0.05218
13863.69922 0.05893
13866.39355 0.08337
13869.08203 0.03606
13871.78418 0.07381
13874.46582 0.06182
13877.16992 0.08345
13879.85156 0.06234
13882.54199 0.08888
13885.24023 0.06384
13887.93066 0.07405
13890.62305 0.06582
13893.30762 0.07280
13896.00098 0.05926
13898.70020 0.06901
13901.39453 0.05779
13904.08789 0.08170
13906.77637 0.04877
13909.47070 0.05198
13912.15918 0.07191
13914.86230 0.07447
13917.53613 0.06331
13920.23340 0.05844
13922.92383 0.05839
13925.62305 0.07872
13928.30664 0.06886
13931.00586 0.05671
13933.68262 0.08189
13936.38281 0.05796
13939.07617 0.08132
13941.77051 0.07482
13944.46484 0.06589
13947.15234 0.06500
13949.83984 0.08408
13952.53613 0.04450
13955.23145 0.08543
13957.92090 0.04694
13960.60449 0.06135
13963.30957 0.05994
13966.00000 0.06428
13968.69141 0.06275
13971.38379 0.06147
13974.07617 0.06806
13976.76074 0.06362
13979.46191 0.06233
13982.15723 0.04481
13984.84375 0.06540
13987.52246 0.05891
13990.22656 0.08210
13992.92188 0.06280
13995.61133 0.05260
13998.29297 0.06521
14000.99805 0.05443
14003.68066 0.05400
14006.37207 0.07416
14009.07129 0.06573
14011.76367 0.05522
14014.44727 0.07382
14017.14844 0.05958
14019.82617 0.04253
14022.53711 0.04913
14025.22363 0.06996
14027.91016 0.05353
14030.59766 0.05293
14033.29395 0.07349
14035.99121 0.05473
14038.68066 0.05069
14041.37012 0.05343
14044.06836 0.04509
14046.75879 0.06157
14049.45117 0.06260
14052.14355 0.07416
14054.82812 0.05762
14057.52148 0.06928
14060.21484 0.07110
14062.91602 0.05003
14065.59668 0.04937
14068.29102 0.06590
14070.98730 0.03334
14073.67480 0.05443
14076.37207 0.04212
14079.05371 0.04555
14081.75879 0.06204
14084.44141 0.06953
14087.14062 0.06733
14089.82422 0.07343
14092.51660 0.06160
14095.21582 0.05213
14097.90137 0.06127
14100.59570 0.07004
14103.28125 0.06360
14105.96875 0.05150
14108.67188 0.06409
14111.36816 0.06545
14114.06348 0.06601
14116.75195 0.06257
14119.43457 0.07176
14122.12402 0.06159
14124.81445 0.07565
14127.51367 0.07082
14130.21289 0.06729
14132.90527 0.06822
14135.58887 0.08189
14138.28223 0.06746
14140.97559 0.07428
14143.67090 0.05770
14146.36523 0.05357
14149.04395 0.05372
14151.74805 0.05496
14154.43555 0.06311
14157.13281 0.08226
14159.82227 0.06177
14162.51172 0.06094
14165.20996 0.05749
14167.90137 0.05401
14170.58398 0.04866
14173.27539 0.07988
14175.96875 0.07547
14178.65430 0.04486
14181.36230 0.09781
14184.05664 0.08040
14186.74316 0.07380
14189.43848 0.08048
14192.11816 0.08272
14194.81445 0.06976
14197.50391 0.07289
14200.19922 0.09236
14202.89746 0.08191
14205.57324 0.06747
14208.27832 0.08978
14210.96973 0.07778
14213.64648 0.05444
14216.35352 0.06771
14219.03125 0.05015
14221.74023 0.05292
14224.41797 0.07059
14227.12012 0.07346
14229.80762 0.04305
14232.51074 0.07469
14235.19141 0.06559
14237.88672 0.07298
14240.58398 0.07943
14243.27344 0.05659
14245.96387 0.05662
14248.65332 0.07138
14251.34570 0.07319
14254.03613 0.07255
14256.72949 0.07902
14259.42188 0.06523
14262.11523 0.06736
14264.80859 0.05516
14267.50293 0.08397
14270.18945 0.07464
14272.87598 0.06046
14275.57227 0.08339
14278.26855 0.08611
14280.96484 0.03264
14283.64648 0.04842
14286.34375 0.04571
14289.02637 0.05829
14291.72559 0.07033
14294.41699 0.05442
14297.10938 0.07235
14299.80176 0.03227
14302.50293 0.05285
14305.18750 0.04192
14307.87305 0.06768
14310.55957 0.04876
14313.27051 0.04818
14315.95020 0.08277
14318.64648 0.06430
14321.33594 0.06143
14324.02344 0.05954
14326.72266 0.08186
14329.40430 0.06078
14332.10254 0.06245
14334.79297 0.05192
14337.49316 0.06838
14340.18457 0.05584
14342.87012 0.05662
14345.57129 0.05797
14348.24902 0.04659
14350.95117 0.09380
14353.64648 0.06540
14356.33301 0.03910
14359.02832 0.06498
14361.71680 0.05625
14364.40625 0.06069
14367.10352 0.03765
14369.79297 0.07889
14372.47559 0.05503
14375.18164 0.05948
14377.86426 0.03799
14380.55664 0.07041
14383.25684 0.04851
14385.94238 0.04246
14388.63574 0.06799
14391.32031 0.06718
14394.01562 0.08828
14396.71777 0.07148
14399.41406 0.07969
14402.10156 0.06715
14404.79785 0.06065
14407.48730 0.06992
14410.18457 0.07140
14412.85742 0.05222
14415.54883 0.08327
14418.24805 0.09637
14420.93945 0.09901
14423.63086 0.05943
14426.32422 0.07402
14429.02441 0.07384
14431.70215 0.06916
14434.40430 0.08107
14437.08301 0.08312
14439.78516 0.07744
14442.48145 0.07055
14445.17773 0.08219
14447.85742 0.07174
14450.56250 0.06752
14453.24414 0.09198
14455.93457 0.07614
14458.62500 0.05564
14461.33203 0.06228
14464.01562 0.05106
14466.70801 0.06454
14469.39160 0.04517
14472.09277 0.06805
14474.77832 0.05837
14477.47363 0.06673
14480.16016 0.07859
14482.86230 0.05526
14485.55078 0.04725
14488.24609 0.07328
14490.93457 0.06084
14493.62402 0.08342
14496.31348 0.09284
14499.01172 0.06268
14501.69434 0.06981
14504.39258 0.06039
14507.08496 0.08517
14509.77734 0.07173
14512.46875 0.06182
14515.15430 0.07901
14517.85645 0.05756
14520.54199 0.07272
14523.23730 0.08271
14525.93164 0.05310
14528.61133 0.06751
14531.30762 0.07016
14534.00488 0.07972
14536.70215 0.06007
14539.38379 0.06109
14542.08105 0.04935
14544.77148 0.04472
14547.46289 0.07026
14550.15527 0.05517
14552.83984 0.07908
14555.53906 0.05918
14558.22461 0.07222
14560.92578 0.03952
14563.61230 0.04576
14566.31543 0.06239
14568.99414 0.06214
14571.68945 0.04843
14574.38574 0.08555
14577.08203 0.05991
14579.77148 0.04767
14582.45996 0.07261
14585.15137 0.07727
14587.84180 0.07485
14590.53223 0.06647
14593.23242 0.08259
14595.91602 0.07201
14598.61719 0.05566
14601.30176 0.05602
14603.99512 0.06445
14606.68164 0.04495
14609.38379 0.08473
14612.07129 0.03912
14614.76660 0.06971
14617.44727 0.06705
14620.14258 0.05456
14622.83984 0.04381
14625.52148 0.05951
14628.21973 0.07657
14630.91113 0.08741
14633.60938 0.08552
14636.29199 0.05866
14638.99316 0.07937
14641.69336 0.06936
14644.37891 0.06500
14647.06348 0.07255
14649.75684 0.07261
14652.45996 0.07217
14655.14648 0.09785
14657.83496 0.10131
14660.52246 0.09014
14663.21875 0.07746
14665.90820 0.08029
14668.61328 0.06968
14671.29395 0.07125
14673.99316 0.06434
14676.67578 0.05978
14679.36816 0.05265
14682.07520 0.06728
14684.75977 0.10654
14687.45312 0.07558
14690.13867 0.07413
14692.82324 0.08494
14695.51855 0.06637
14698.20508 0.05062
14700.89941 -0.01607
14703.58789 0.01890
14706.28320 0.04525
14708.98047 0.08942
14711.66992 0.09461
14714.36719 0.07907
14717.05762 0.06638
14719.75684 0.08756
14722.45508 0.06641
14725.13086 0.08228
14727.83105 0.07380
14730.51660 0.06625
14733.20898 0.07536
14735.91113 0.08832
14738.59668 0.07016
14741.29102 0.07445
14743.97949 0.07595
14746.67383 0.07876
14749.36133 0.09019
14752.05078 0.07802
14754.74707 0.05832
14757.43750 0.07921
14760.12695 0.05221
14762.81738 0.07602
14765.51660 0.04641
14768.21582 0.05754
14770.90039 0.05151
14773.59180 0.04137
14776.27734 0.07782
14778.97070 0.05796
14781.66406 0.03931
14784.35059 0.05275
14787.05371 0.05219
14789.74902 0.06308
14792.43652 0.05733
14795.11621 0.07520
14797.81348 0.05796
14800.51074 0.06331
14803.20898 0.07228
14805.89062 0.05865
14808.58105 0.06534
14811.28125 0.03841
14813.97168 0.07890
14816.66406 0.06020
14819.34961 0.04724
14822.05078 0.06368
14824.73633 0.07350
14827.42090 0.08589
14830.12402 0.06451
14832.81055 0.05464
14835.49805 0.05850
14838.20215 0.06617
14840.89160 0.04533
14843.58008 0.06123
14846.26953 0.07092
14848.96777 0.06251
14851.64941 0.06283
14854.33984 0.05677
14857.04004 0.08778
14859.72363 0.06404
14862.42383 0.06915
14865.11719 0.07101
14867.80273 0.08589
14870.50391 0.06194
14873.19824 0.05962
14875.88477 0.07871
14878.57129 0.06176
14881.26758 0.07535
14883.97168 0.08590
14886.64355 0.07605
14889.34863 0.06370
14892.04688 0.07453
14894.72852 0.09888
14897.42676 0.07599
14900.11816 0.06972
14902.80078 0.09192
14905.50195 0.06898
14908.18555 0.06056
14910.89453 0.08547
14913.57129 0.07621
14916.26562 0.07511
14918.95117 0.07084
14921.64551 0.07986
14924.34180 0.06456
14927.03809 0.10095
14929.73340 0.05913
14932.41406 0.06435
14935.11133 0.07732
14937.80176 0.08398
14940.49902 0.06896
14943.18945 0.05760
14945.87988 0.07157
14948.56445 0.08706
14951.26367 0.06726
14953.94824 0.07496
14956.64941 0.06919
14959.33496 0.09429
14962.02832 0.07080
14964.72266 0.07665
14967.40918 0.07855
14970.10547 0.08889
14972.80957 0.05306
14975.48926 0.08625
14978.18555 0.09925
14980.87500 0.07856
14983.56348 0.08796
14986.26270 0.06097
14988.94531 0.08758
14991.63574 0.10828
14994.34375 0.06877
14997.02734 0.04904
14999.71191 0.06055
15002.40527 0.03899
15005.09863 0.05426
15007.79980 0.04415
15010.48633 0.04805
15013.18066 0.08321
15015.87695 0.06400
15018.56348 0.05429
15021.26074 0.06528
15023.94141 0.07794
15026.63867 0.07752
15029.32715 0.07092
15032.01855 0.04058
15034.71680 0.07444
15037.39941 0.07771
15040.09766 0.07268
15042.79004 0.08434
15045.47461 0.04961
15048.17578 0.05853
15050.87012 0.06995
15053.56348 0.08680
15056.24902 0.07690
15058.93555 0.08826
15061.62305 0.05754
15064.32715 0.05589
15067.00586 0.06648
15069.71094 0.07023
15072.40039 0.06837
15075.08984 0.08571
15077.78027 0.06054
15080.47949 0.08155
15083.16992 0.05663
15085.86035 0.07376
15088.55273 0.07442
15091.24414 0.06980
15093.92969 0.05916
15096.62305 0.06860
15099.31641 0.07736
15102.01074 0.05399
15104.71387 0.04717
15107.40039 0.07389
15110.07910 0.07640
15112.77637 0.07532
15115.47266 0.03162
15118.16992 0.09957
15120.85059 0.08827
15123.54004 0.08978
15126.23926 0.09035
15128.92969 0.06970
15131.62891 0.09450
15134.31250 0.09496
15137.01367 0.09357
15139.68945 0.08342
15142.39062 0.08567
15145.08398 0.08586
15147.78613 0.07821
15150.47363 0.05511
15153.16016 0.10148
15155.83887 0.07349
15158.54297 0.07502
15161.24023 0.07708
15163.92773 0.06446
15166.61719 0.07790
15169.31445 0.08172
15171.99707 0.06849
15174.68652 0.06553
15177.39453 0.09426
15180.07812 0.07226
15182.77051 0.08422
15185.46191 0.07181
15188.14648 0.07991
15190.84863 0.09838
15193.54199 0.07997
15196.21973 0.10530
15198.92383 0.08614
15201.61816 0.08711
15204.31445 0.07772
15206.99414 0.09050
15209.69141 0.08826
15212.37988 0.09041
15215.07812 0.09123
15217.75977 0.09119
15220.46582 0.08349
15223.14844 0.09186
15225.83984 0.06858
15228.53125 0.06344
15231.23145 0.07243
15233.92480 0.08155
15236.61035 0.08392
15239.30371 0.06389
15242.00586 0.06129
15244.69141 0.08205
15247.37793 0.08684
15250.06543 0.04829
15252.76172 0.05782
15255.45020 0.06423
15258.14746 0.07737
15260.83496 0.07147
15263.53320 0.08821
15266.22266 0.09887
15268.92285 0.07890
15271.60547 0.06648
15274.30566 0.08996
15276.98828 0.07714
15279.68066 0.09465
15282.38184 0.07808
15285.05859 0.10292
15287.75977 0.07157
15290.45508 0.07999
15293.14160 0.06542
15295.82812 0.05874
15298.51465 0.07772
15301.21973 0.07061
15303.90039 0.06793
15306.60547 0.07711
15309.29492 0.07099
15311.99316 0.06332
15314.68262 0.08073
15317.37305 0.05796
15320.07324 0.06193
15322.76465 0.04814
15325.44043 0.07190
15328.13184 0.04745
15330.82520 0.06300
15333.51855 0.06417
15336.20410 0.07266
15338.89844 0.06479
15341.59277 0.05892
15344.28027 0.06588
15346.97559 0.09181
15349.67285 0.08389
15352.36914 0.07487
15355.05859 0.09808
15357.74805 0.08673
15360.44629 0.07570
15363.12793 0.09862
15365.81836 0.09966
15368.51855 0.08494
15371.20117 0.10635
15373.90039 0.08987
15376.60254 0.08537
15379.28711 0.05343
15381.98047 0.07565
15384.66602 0.08703
15387.36914 0.07108
15390.05566 0.09194
15392.75879 0.07968
15395.44727 0.08494
15398.12598 0.07660
15400.83105 0.09336
15403.51172 0.04577
15406.20020 0.08148
15408.89160 0.08259
15411.59766 0.09137
15414.28809 0.07082
15416.98047 0.06612
15419.67285 0.09068
15422.35547 0.09167
15425.04883 0.08937
15427.74219 0.09001
15430.43555 0.08612
15433.12793 0.08432
15435.82324 0.10057
15438.50195 0.07991
15441.19629 0.10314
15443.89258 0.07893
15446.58789 0.08833
15449.26855 0.07426
15451.96582 0.07774
15454.66406 0.09291
15457.36133 0.10177
15460.04395 0.09015
15462.74316 0.05731
15465.42578 0.07763
15468.12500 0.07192
15470.81738 0.05927
15473.51855 0.08283
15476.20410 0.05822
15478.88770 0.07913
15481.59082 0.08175
15484.27734 0.07846
15486.96289 0.08448
15489.65820 0.07191
15492.34570 0.06501
15495.03320 0.08283
15497.73047 0.06058
15500.41895 0.08290
15503.10840 0.08198
15505.79883 0.06890
15508.48828 0.05687
15511.17871 0.07089
15513.87891 0.05997
15516.57031 0.08010
15519.26270 0.05832
15521.95410 0.09611
15524.64746 0.08972
15527.34082 0.07089
15530.04395 0.08899
15532.72852 0.04833
15535.42383 0.06914
15538.11914 0.07834
15540.80664 0.07119
15543.50195 0.05027
15546.19922 0.07540
15548.87988 0.06085
15551.58594 0.06506
15554.26562 0.04094
15556.96484 0.06201
15559.65527 0.03413
15562.33789 0.06397
15565.03809 0.06134
15567.72949 0.07159
15570.41406 0.06445
15573.11523 0.06373
15575.80859 0.07654
15578.49414 0.06845
15581.17969 0.07251
15583.87402 0.06495
15586.57812 0.07307
15589.26465 0.08092
15591.95996 0.07513
15594.64844 0.08913
15597.33691 0.09358
15600.03320 0.09075
15602.72266 0.09704
15605.42188 0.09912
15608.09473 0.07514
15610.79492 0.07584
15613.48535 0.07235
15616.17773 0.08435
15618.87793 0.08240
15621.55371 0.07942
15624.25488 0.08804
15626.95703 0.08625
15629.64258 0.07992
15632.33789 0.05306
15635.02246 0.08203
15637.71875 0.06309
15640.40527 0.08058
15643.10254 0.07106
15645.79102 0.08338
15648.48828 0.06810
15651.17773 0.06026
15653.85742 0.08995
15656.56543 0.07624
15659.24707 0.05666
15661.93848 0.08388
15664.62891 0.09523
15667.33008 0.11584
15670.02246 0.09732
15672.71582 0.08973
15675.40918 0.10007
15678.10254 0.09567
15680.78809 0.09534
15683.48242 0.08826
15686.16895 0.10396
15688.86523 0.10662
15691.56055 0.09938
15694.24902 0.09106
15696.94531 0.09470
15699.62500 0.08610
15702.31445 0.08566
15705.02246 0.08018
15707.72070 0.08482
15710.39453 0.06932
15713.09375 0.06932
15715.79395 0.08663
15718.46875 0.08050
15721.16992 0.07427
15723.85449 0.03952
15726.55664 0.07495
15729.23242 0.08128
15731.93652 0.06936
15734.63086 0.08885
15737.32617 0.08431
15740.01367 0.06551
15742.70020 0.08092
15745.38867 0.10545
15748.09473 0.07382
15750.77539 0.07513
15753.46484 0.07968
15756.15430 0.07038
15758.84473 0.09588
15761.56152 0.07220
15764.24414 0.07420
15766.93555 0.06700
15769.62793 0.07219
15772.32031 0.05710
15775.01367 0.07739
15777.70703 0.08266
15780.38281 0.06910
15783.07812 0.06675
15785.77344 0.06508
15788.46875 0.05708
15791.16406 0.05769
15793.84277 0.05797
15796.54004 0.05704
15799.23730 0.05668
15801.93457 0.05674
15804.61621 0.05835
15807.32227 0.06476
15810.00391 0.08335
15812.69629 0.06224
15815.38672 0.07129
15818.07910 0.07788
15820.76172 0.07082
15823.46387 0.06485
15826.15625 0.08403
15828.84180 0.07826
15831.54395 0.09489
15834.22949 0.09995
15836.91602 0.09729
15839.60254 0.07064
15842.30762 0.09552
15845.00391 0.06312
15847.69141 0.08091
15850.37988 0.06780
15853.07812 0.06658
15855.76758 0.07147
15858.45703 0.05591
15861.14746 0.08445
15863.84766 0.05635
15866.53809 0.05485
15869.23047 0.09330
15871.92188 0.06508
15874.61523 0.07523
15877.29004 0.08626
15879.99316 0.06958
15882.69531 0.10895
15885.38965 0.08454
15888.06738 0.07573
15890.76367 0.06706
15893.45898 0.07305
15896.14746 0.09407
15898.84375 0.09829
15901.53125 0.08202
15904.22949 0.11125
15906.91016 0.09817
15909.60840 0.09543
15912.29883 0.08880
15914.99023 0.11912
15917.68945 0.11278
15920.37305 0.09003
15923.05664 0.11183
15925.75781 0.09483
15928.45898 0.08544
15931.14453 0.09172
15933.83008 0.08464
15936.52344 0.11333
15939.22656 0.08379
15941.92285 0.12138
15944.60938 0.07864
15947.29785 0.08713
15949.99316 0.07320
15952.68262 0.06249
15955.37109 0.08472
15958.06055 0.08158
15960.75000 0.07620
15963.44043 0.08559
15966.14062 0.08377
15968.83984 0.07763
15971.51367 0.06908
15974.21484 0.07361
15976.90723 0.09044
15979.59082 0.08847
15982.29297 0.05517
15984.98633 0.09453
15987.67188 0.08184
15990.36621 0.07656
15993.04590 0.08270
15995.75879 0.07497
15998.43652 0.09842
16001.14258 0.09352
16003.82129 0.07665
16006.51074 0.07333
16009.21680 0.09064
16011.89746 0.04674
16014.58789 0.08825
16017.28613 0.09242
16019.98633 0.05391
16022.66895 0.04274
16025.36133 0.07242
16028.04395 0.08249
16030.75391 0.06169
16033.43066 0.05450
16036.14258 0.07879
16038.82715 0.05829
16041.52246 0.08323
16044.21680 0.09244
16046.89453 0.07187
16049.58105 0.06995
16052.27832 0.06841
16054.96582 0.08278
16057.67188 0.09088
16060.36035 0.08099
16063.04102 0.07476
16065.73926 0.07760
16068.43945 0.08772
16071.12109 0.07703
16073.81152 0.09593
16076.51270 0.10456
16079.20508 0.09980
16081.89648 0.09735
16084.58105 0.09103
16087.27441 0.07684
16089.96875 0.06681
16092.67090 0.05202
16095.34863 0.06534
16098.03516 0.05614
16100.74805 0.07502
16103.42676 0.06566
16106.11426 0.07544
16108.82031 0.06256
16111.50879 0.09810
16114.19727 0.06658
16116.88672 0.08140
16119.57812 0.09012
16122.26855 0.09278
16124.95898 0.09642
16127.64941 0.08749
16130.35059 0.08521
16133.03320 0.08478
16135.72656 0.10172
16138.41992 0.08777
16141.12305 0.11119
16143.80664 0.10568
16146.50098 0.10209
16149.19727 0.10873
16151.88281 0.09676
16154.57910 0.08511
16157.26660 0.10601
16159.97168 0.08081
16162.65234 0.10298
16165.34961 0.05157
16168.03906 0.09004
16170.72754 0.11073
16173.42676 0.09137
16176.10840 0.10172
16178.81738 0.08803
16181.50000 0.08146
16184.18262 0.08586
16186.87500 0.08851
16189.56738 0.07948
16192.27051 0.10393
16194.95410 0.09778
16197.64941 0.10319
16200.33398 0.05937
16203.03809 0.09994
16205.72461 0.07473
16208.42090 0.09799
16211.10742 0.08153
16213.79590 0.08431
16216.49316 0.08196
16219.18262 0.09040
16221.87207 0.08267
16224.57031 0.09316
16227.25195 0.10113
16229.94238 0.09838
16232.64258 0.09929
16235.33301 0.09014
16238.02441 0.10749
16240.71680 0.08811
16243.41895 0.07411
16246.09375 0.07381
16248.78906 0.09635
16251.49121 0.07682
16254.17676 0.07275
16256.87305 0.08307
16259.56738 0.05886
16262.25391 0.06511
16264.95117 0.07564
16267.63965 0.06946
16270.33691 0.06320
16273.01562 0.07970
16275.72266 0.06863
16278.40332 0.07469
16281.10352 0.06994
16283.79395 0.05696
16286.47559 0.08107
16289.17480 0.09161
16291.87598 0.08958
16294.56055 0.10837
16297.24316 0.07467
16299.95508 0.09836
16302.64062 0.07727
16305.32422 0.08620
16308.02832 0.08679
16310.71484 0.06998
16313.40039 0.09806
16316.09570 0.08681
16318.78418 0.08906
16321.47266 0.10278
16324.17871 0.06903
16326.86621 0.07661
16329.55566 0.09260
16332.25488 0.06926
16334.93652 0.09212
16337.62500 0.08943
16340.32617 0.07492
16343.01758 0.07085
16345.70898 0.07451
16348.40137 0.07359
16351.09473 0.08576
16353.77832 0.09640
16356.48145 0.07465
16359.15723 0.07370
16361.85938 0.09894
16364.55566 0.09093
16367.24121 0.08158
16369.92773 0.08206
16372.62500 0.09894
16375.32129 0.12208
16378.01855 0.11147
16380.69824 0.10326
16383.39551 0.08416
16386.09375 0.10159
16388.77539 0.10352
16391.47461 0.08173
16394.15625 0.10314
16396.85742 0.09602
16399.55859 0.09209
16402.24023 0.08982
16404.94141 0.10238
16407.62695 0.09696
16410.31055 0.07652
16413.01367 0.09141
16415.69922 0.09286
16418.40234 0.07025
16421.08789 0.08860
16423.76562 0.07722
16426.46289 0.08940
16429.16016 0.08211
16431.84766 0.07723
16434.54492 0.08115
16437.24219 0.08005
16439.92383 0.08999
16442.62109 0.08867
16445.31055 0.09564
16448.00195 0.10798
16450.69336 0.09698
16453.38477 0.12935
16456.07617 0.11367
16458.75977 0.09625
16461.46094 0.08773
16464.14648 0.09663
16466.84766 0.08805
16469.53320 0.08010
16472.22852 0.08727
16474.92383 0.10862
16477.60938 0.08886
16480.31445 0.08713
16483.00195 0.07833
16485.68945 0.06765
16488.37695 0.10128
16491.06641 0.06535
16493.77344 0.07553
16496.46289 0.06676
16499.15430 0.06475
16501.84375 0.07905
16504.53516 0.08335
16507.22461 0.07691
16509.91797 0.07954
16512.61914 0.07903
16515.30078 0.06951
16518.00391 0.07547
16520.68750 0.08820
16523.36328 0.05148
16526.06836 0.07111
16528.76172 0.05890
16531.45703 0.09300
16534.15234 0.10321
16536.83984 0.08369
16539.52734 0.09179
16542.22461 0.05854
16544.91211 0.06981
16547.60938 0.10680
16550.29102 0.07697
16552.98828 0.08704
16555.67969 0.07546
16558.37891 0.07384
16561.06055 0.07414
16563.76172 0.09155
16566.44336 0.06529
16569.14453 0.08765
16571.82812 0.07552
16574.52148 0.08519
16577.22461 0.05166
16579.91797 0.09192
16582.60352 0.08706
16585.28906 0.06590
16587.97461 0.08187
16590.67969 0.07621
16593.37695 0.08083
16596.06445 0.08008
16598.75977 0.08079
16601.44141 0.07356
16604.13867 0.06686
16606.82812 0.08021
16609.52539 0.08984
16612.21680 0.08808
16614.91602 0.09282
16617.60742 0.09092
16620.29883 0.06107
16622.97266 0.08588
16625.66406 0.08102
16628.36523 0.10266
16631.05859 0.11594
16633.74414 0.07854
16636.43750 0.09032
16639.14062 0.10308
16641.81836 0.10269
16644.52344 0.09542
16647.20117 0.08328
16649.90625 0.10639
16652.60156 0.08721
16655.28906 0.08838
16657.98828 0.06952
16660.67578 0.07896
16663.35547 0.08118
16666.06445 0.10258
16668.74609 0.08304
16671.43555 0.09726
16674.13672 0.11544
16676.82812 0.10490
16679.50977 0.07502
16682.20312 0.08442
16684.90430 0.10524
16687.58789 0.10412
16690.28320 0.11182
16692.96680 0.08400
16695.66211 0.08505
16698.34570 0.11062
16701.04297 0.08624
16703.72852 0.11087
16706.42578 0.06967
16709.11133 0.07314
16711.81836 0.07824
16714.50781 0.06385
16717.20508 0.08457
16719.89453 0.08112
16722.59375 0.10126
16725.27344 0.08408
16727.96484 0.07965
16730.66406 0.07985
16733.35547 0.06151
16736.04688 0.08589
16738.74023 0.07595
16741.44141 0.08686
16744.11719 0.06666
16746.81836 0.05719
16749.50391 0.09177
16752.20703 0.08710
16754.88281 0.08566
16757.58789 0.07245
16760.26562 0.07246
16762.96289 0.09903
16765.65820 0.09298
16768.34570 0.06883
16771.04297 0.07758
16773.74219 0.08824
16776.42188 0.09054
16779.11133 0.07425
16781.81055 0.08228
16784.50977 0.09059
16787.19141 0.08677
16789.88086 0.07410
16792.57422 0.07164
16795.26562 0.09733
16797.95898 0.07274
16800.64258 0.05769
16803.34570 0.04869
16806.02930 0.06222
16808.72461 0.06545
16811.41797 0.06626
16814.11328 0.06190
16816.80078 0.07355
16819.50586 0.05657
16822.19141 0.07061
16824.87109 0.03988
16827.57812 0.07450
16830.26562 0.07081
16832.96484 0.06835
16835.64453 0.08341
16838.34180 0.08892
16841.03320 0.09063
16843.72461 0.07234
16846.41406 0.10082
16849.10742 0.09274
16851.79883 0.09798
16854.49023 0.09583
16857.19336 0.08439
16859.87500 0.10521
16862.58008 0.09632
16865.25391 0.09023
16867.94922 0.08006
16870.64453 0.06778
16873.33984 0.06664
16876.02734 0.09075
16878.73242 0.09809
16881.41992 0.08205
16884.10547 0.08004
16886.79492 0.11554
16889.48438 0.08772
16892.17383 0.07661
16894.87109 0.09346
16897.57227 0.08244
16900.25195 0.08571
16902.93359 0.07948
16905.65234 0.09509
16908.31641 0.07213
16911.01758 0.09222
16913.71875 0.08907
16916.40430 0.08521
16919.10547 0.08137
16921.79102 0.08927
16924.49414 0.09750
16927.16016 0.08355
16929.86523 0.08017
16932.57031 0.09458
16935.25586 0.09621
16937.94336 0.08961
16940.63086 0.08580
16943.33789 0.10431
16946.02539 0.10507
16948.71484 0.10473
16951.40430 0.07778
16954.09375 0.06050
16956.78320 0.08042
16959.49219 0.08593
16962.16406 0.08768
16964.85742 0.08229
16967.55859 0.07053
16970.25000 0.05501
16972.93164 0.08166
16975.63477 0.07585
16978.32812 0.08191
16981.00391 0.08789
16983.69922 0.08337
16986.41211 0.06356
16989.08789 0.08398
16991.78320 0.07939
16994.47070 0.06454
16997.16602 0.10380
16999.85547 0.05902
17002.54297 0.10200
17005.24023 0.06008
17007.92969 0.07387
17010.61914 0.06946
17013.31641 0.09425
17016.00781 0.11656
17018.70703 0.09026
17021.39844 0.07086
17024.08984 0.06137
17026.77148 0.08182
17029.46484 0.08912
17032.16602 0.09565
17034.86914 0.08228
17037.53516 0.07082
17040.23828 0.05773
17042.94141 0.05033
17045.61719 0.05230
17048.32227 0.07577
17051.00000 0.04998
17053.69531 0.06351
17056.38281 0.07266
17059.08008 0.06273
17061.76758 0.07035
17064.47461 0.06889
17067.15430 0.07738
17069.86133 0.06818
17072.55078 0.09161
17075.23242 0.05132
17077.93359 0.07750
17080.61328 0.07271
17083.30469 0.09548
17085.99609 0.09689
17088.69922 0.12112
17091.39062 0.08146
17094.08398 0.06889
17096.76953 0.10508
17099.46289 0.11096
17102.15625 0.10041
17104.84180 0.09024
17107.53711 0.11286
17110.23242 0.09128
17112.91992 0.05703
17115.61719 0.06242
17118.31445 0.08386
17121.00000 0.07215
17123.69922 0.08910
17126.38672 0.08307
17129.06641 0.07571
17131.76758 0.06851
17134.45703 0.04264
17137.15625 0.07092
17139.83789 0.08385
17142.52930 0.07828
17145.23047 0.08507
17147.91211 0.07588
17150.60547 0.08526
17153.29883 0.09549
17156.00195 0.08837
17158.67578 0.08748
17161.38086 0.10302
17164.06641 0.09848
17166.75977 0.09018
17169.44727 0.10413
17172.15234 0.10338
17174.83789 0.10314
17177.52734 0.10516
17180.23242 0.08842
17182.92188 0.10059
17185.59961 0.10188
17188.28906 0.09506
17190.99805 0.08905
17193.67773 0.06511
17196.37891 0.08761
17199.06836 0.07744
17201.75000 0.07121
17204.44141 0.06633
17207.13477 0.08154
17209.82617 0.05644
17212.51953 0.08444
17215.21094 0.07643
17217.90625 0.06349
17220.58984 0.06580
17223.29492 0.09084
17225.99023 0.09103
17228.67578 0.10859
17231.37109 0.08179
17234.06836 0.08627
17236.74414 0.08699
17239.44141 0.08560
17242.13867 0.07650
17244.82812 0.07168
17247.51758 0.06314
17250.21484 0.09814
17252.90625 0.07120
17255.59570 0.08709
17258.29492 0.07690
17260.97656 0.08791
17263.67773 0.08147
17266.36133 0.07139
17269.06250 0.08483
17271.75586 0.08517
17274.44727 0.05973
17277.13086 0.05225
17279.82617 0.06912
17282.52148 0.08679
17285.20508 0.07738
17287.90039 0.06795
17290.60547 0.05602
17293.28125 0.09463
17295.97852 0.05921
17298.66602 0.07122
17301.35352 0.04750
17304.04102 0.05946
17306.75000 0.07846
17309.44727 0.06589
17312.12891 0.08330
17314.82617 0.10172
17317.51758 0.10089
17320.21680 0.09176
17322.89844 0.08982
17325.59180 0.07799
17328.29297 0.11092
17330.95703 0.08491
17333.65820 0.09220
17336.35156 0.06814
17339.05469 0.08824
17341.73828 0.07792
17344.42383 0.04701
17347.11914 0.09295
17349.82422 0.08356
17352.50977 0.10834
17355.19531 0.08033
17357.89258 0.06757
17360.59961 0.05921
17363.26758 0.07519
17365.97656 0.07996
17368.65430 0.08131
17371.36328 0.07028
17374.03320 0.05804
17376.74219 0.07390
17379.43359 0.06847
17382.13281 0.09395
17384.81445 0.07915
17387.49805 0.11109
17390.20703 0.08599
17392.89062 0.09991
17395.57422 0.09979
17398.26758 0.10445
17400.97070 0.12969
17403.66406 0.09036
17406.33984 0.11442
17409.03516 0.11211
17411.73047 0.10112
17414.41602 0.08136
17417.10352 0.12262
17419.81836 0.10171
17422.50586 0.07251
17425.20312 0.08838
17427.89062 0.08906
17430.58008 0.07889
17433.25977 0.06488
17435.95898 0.09843
17438.64844 0.07214
17441.33984 0.07610
17444.03906 0.10769
17446.73047 0.07032
17449.43164 0.07587
17452.10547 0.09942
17454.79883 0.08336
17457.50000 0.08984
17460.18359 0.07970
17462.88672 0.08633
17465.57031 0.08867
17468.25586 0.08771
17470.96094 0.09315
17473.64648 0.07836
17476.34180 0.06369
17479.01953 0.07151
17481.72656 0.08053
17484.41211 0.10141
17487.10938 0.09542
17489.78906 0.08426
17492.49609 0.09064
17495.18555 0.09471
17497.87500 0.06753
17500.57422 0.08550
17503.25586 0.07431
17505.94531 0.04432
17508.63672 0.06844
17511.34766 0.07164
17514.03906 0.07538
17516.71289 0.07258
17519.40625 0.07486
17522.09961 0.06619
17524.79297 0.06152
17527.48633 0.05616
17530.16992 0.06193
17532.86719 0.08564
17535.56055 0.06954
17538.24805 0.05908
17540.94336 0.05054
17543.63086 0.07207
17546.32812 0.07286
17549.02539 0.07269
17551.72266 0.06428
17554.40039 0.07342
17557.09961 0.06289
17559.78906 0.08104
17562.48828 0.06067
17565.16992 0.08794
17567.86914 0.08655
17570.56055 0.08728
17573.24219 0.10240
17575.93359 0.09501
17578.63477 0.08384
17581.31836 0.06512
17584.02148 0.07298
17586.70508 0.04554
17589.40039 0.05304
17592.08398 0.06644
17594.78906 0.06563
17597.47461 0.06034
17600.17969 0.06619
17602.86523 0.06599
17605.54297 0.06870
17608.24805 0.08453
17610.93750 0.09007
17613.63477 0.08084
17616.32227 0.07150
17619.02930 0.09595
17621.70898 0.08947
17624.39844 0.09866
17627.08789 0.08064
17629.77930 0.08875
17632.47070 0.09434
17635.16211 0.08741
17637.84375 0.11086
17640.55469 0.09434
17643.23828 0.08203
17645.92969 0.10210
17648.63281 0.08562
17651.31836 0.07397
17654.00195 0.10061
17656.69727 0.09672
17659.39062 0.08385
17662.08594 0.09396
17664.78125 0.11307
17667.47852 0.09872
17670.16602 0.06985
17672.85156 0.07614
17675.54883 0.08051
17678.22852 0.09739
17680.92773 0.07978
17683.63477 0.08696
17686.31445 0.05420
17689.01367 0.07859
17691.68359 0.06669
17694.38477 0.07355
17697.08594 0.08488
17699.77539 0.08631
17702.45898 0.09047
17705.16016 0.08160
17707.85352 0.07112
17710.54688 0.08352
17713.22852 0.10441
17715.91406 0.09691
17718.61719 0.10620
17721.31250 0.09100
17723.99805 0.08482
17726.70312 0.09577
17729.39844 0.09517
17732.07617 0.09305
17734.76172 0.08319
17737.44922 0.07999
17740.14844 0.07672
17742.85547 0.07102
17745.54297 0.06890
17748.24219 0.08466
17750.93164 0.06138
17753.62109 0.06263
17756.31055 0.04782
17759.00195 0.07028
17761.69336 0.07227
17764.37500 0.05056
17767.06641 0.05473
17769.75977 0.05313
17772.46289 0.04524
17775.15430 0.05500
17777.84766 0.06227
17780.52148 0.07697
17783.21680 0.06000
17785.91992 0.08416
17788.61719 0.05470
17791.30273 0.07751
17793.99805 0.07331
17796.69336 0.07522
17799.38086 0.06824
17802.07812 0.06513
17804.75586 0.07672
17807.45312 0.07335
17810.13281 0.06147
17812.84180 0.07547
17815.52148 0.05461
17818.23047 0.07711
17820.91016 0.07483
17823.62109 0.06574
17826.30273 0.05870
17828.99414 0.04954
17831.67578 0.07073
17834.37695 0.05198
17837.06055 0.04716
17839.75391 0.06223
17842.45703 0.05992
17845.15039 0.05805
17847.83398 0.04449
17850.52930 0.07936
17853.21484 0.10422
17855.91016 0.05535
17858.59570 0.08210
17861.29297 0.05601
17863.98047 0.09217
17866.66602 0.07088
17869.36523 0.06959
17872.05273 0.08645
17874.75000 0.08477
17877.43945 0.08635
17880.14062 0.10116
17882.83008 0.07805
17885.52930 0.08200
17888.21875 0.06364
17890.90039 0.09662
17893.60156 0.07473
17896.29297 0.08090
17898.99609 0.08497
17901.67773 0.08912
17904.36133 0.05698
17907.06445 0.05822
17909.73828 0.09347
17912.44141 0.07334
17915.12695 0.07515
17917.82227 0.07151
17920.50781 0.06345
17923.21484 0.07668
17925.89062 0.06750
17928.59766 0.07906
17931.28320 0.08860
17933.98242 0.08407
17936.66992 0.09717
17939.35742 0.08238
17942.05664 0.08598
17944.74609 0.08572
17947.43555 0.07980
17950.13477 0.11137
17952.81445 0.09251
17955.50586 0.08419
17958.19727 0.10931
17960.89062 0.09005
17963.59180 0.11307
17966.28320 0.08278
17968.97656 0.08137
17971.66992 0.06166
17974.35352 0.09526
17977.04688 0.04855
17979.74219 0.07525
17982.43555 0.05466
17985.12109 0.07675
17987.81836 0.05850
17990.51367 0.05240
17993.21094 0.04623
17995.90625 0.05900
17998.58398 0.07712
18001.27148 0.06542
18003.97070 0.04463
18006.66992 0.06126
18009.36719 0.06542
18012.04883 0.05644
18014.73828 0.05009
18017.42773 0.06565
18020.10742 0.05151
18022.80859 0.07684
18025.50977 0.05859
18028.19141 0.06340
18030.89453 0.06477
18033.57812 0.05989
18036.27148 0.06520
18038.95312 0.08606
18041.65820 0.06754
18044.34180 0.08219
18047.04688 0.06538
18049.73242 0.08154
18052.41797 0.07455
18055.12305 0.07528
18057.80859 0.07530
18060.49609 0.06528
18063.19336 0.05034
18065.87891 0.07672
18068.56836 0.06616
18071.25781 0.06875
18073.96484 0.04314
18076.65430 0.06359
18079.34375 0.04838
18082.03516 0.06293
18084.72461 0.06705
18087.41406 0.06498
18090.10547 0.05762
18092.79688 0.07264
18095.48828 0.07210
18098.18164 0.07834
18100.87500 0.07342
18103.56836 0.06934
18106.26172 0.07649
18108.95508 0.09231
18111.64844 0.10023
18114.34375 0.07692
18117.01953 0.06975
18119.71484 0.09816
18122.41016 0.08904
18125.10742 0.09804
18127.79492 0.08742
18130.49219 0.09211
18133.18945 0.05728
18135.86523 0.09238
18138.56445 0.07328
18141.26367 0.08826
18143.94336 0.04688
18146.64258 0.05754
18149.32227 0.06399
18152.02344 0.07744
18154.71289 0.07944
18157.41406 0.06216
18160.09570 0.06090
18162.79688 0.11262
18165.48047 0.07770
18168.16406 0.08188
18170.86719 0.06104
18173.54883 0.09963
18176.24414 0.07047
18178.94727 0.07312
18181.64258 0.09477
18184.32812 0.07965
18187.01367 0.08269
18189.72070 0.06428
18192.41602 0.05911
18195.10352 0.10362
18197.79102 0.07743
18200.47656 0.08192
18203.17578 0.08092
18205.86328 0.08979
18208.55273 0.09354
18211.26172 0.05222
18213.93164 0.07029
18216.63281 0.06534
18219.32227 0.09337
18222.01172 0.06123
18224.70312 0.08034
18227.40430 0.05069
18230.09766 0.05313
18232.78906 0.06145
18235.46289 0.06639
18238.16602 0.05024
18240.85938 0.05018
18243.55273 0.05453
18246.24805 0.06022
18248.93164 0.03564
18251.63672 0.05304
18254.33203 0.07466
18257.01758 0.04929
18259.71484 0.06147
18262.39258 0.06716
18265.09766 0.06200
18267.77539 0.08327
18270.47461 0.05493
18273.16211 0.07416
18275.86133 0.07317
18278.53906 0.07155
18281.24805 0.06966
18283.92969 0.05082
18286.61914 0.07841
18289.32031 0.06185
18292.00000 0.06461
18294.69336 0.04398
18297.39453 0.04488
18300.08594 0.03110
18302.77930 0.04002
18305.46289 0.06797
18308.16602 0.03749
18310.85938 0.03438
18313.54297 0.06595
18316.23828 0.02633
18318.92383 0.05146
18321.61914 0.05031
18324.30469 0.04929
18327.00000 0.05822
18329.68750 0.03604
18332.38477 0.07892
18335.08203 0.07169
18337.76758 0.07510
18340.46680 0.06112
18343.15625 0.06626
18345.85547 0.09160
18348.54492 0.09339
18351.24414 0.07148
18353.91406 0.07085
18356.61328 0.08995
18359.30469 0.08327
18362.00586 0.08369
18364.67773 0.07521
18367.38086 0.05000
18370.08203 0.06719
18372.76562 0.07745
18375.45898 0.07083
18378.16211 0.08403
18380.84570 0.08243
18383.53906 0.07670
18386.22461 0.04792
18388.91992 0.05326
18391.60547 0.06737
18394.30273 0.05348
18396.99805 0.07644
18399.69531 0.06768
18402.38281 0.07268
18405.06836 0.06693
18407.76758 0.06609
18410.45508 0.05464
18413.15430 0.07381
18415.84375 0.08407
18418.53320 0.08659
18421.21289 0.07692
18423.91211 0.09151
18426.61328 0.06154
18429.30469 0.06950
18431.99609 0.07442
18434.67773 0.09997
18437.37109 0.09099
18440.06250 0.07837
18442.74414 0.06803
18445.43750 0.06972
18448.15234 0.09017
18450.82617 0.06624
18453.52148 0.07103
18456.21680 0.07263
18458.90039 0.05168
18461.59766 0.05778
18464.29297 0.08498
18466.99023 0.05510
18469.67578 0.05764
18472.38477 0.07931
18475.08203 0.06946
18477.75000 0.05055
18480.44727 0.05894
18483.14648 0.06035
18485.83594 0.08571
18488.51562 0.04739
18491.21484 0.07282
18493.92578 0.07231
18496.60742 0.05244
18499.29688 0.07359
18501.97852 0.05887
18504.67969 0.05922
18507.36328 0.06467
18510.05469 0.07212
18512.74805 0.07553
18515.45117 0.06263
18518.13672 0.07206
18520.83984 0.05388
18523.51562 0.04352
18526.19922 0.06004
18528.90430 0.04061
18531.59180 0.03402
18534.28711 0.04156
18536.99414 0.02849
18539.66992 0.02780
18542.35742 0.02726
18545.04492 0.03361
18547.75391 0.03163
18550.44141 0.03563
18553.14062 0.03728
18555.83008 0.03504
18558.50781 0.03104
18561.19922 0.04669
18563.88867 0.03122
18566.57812 0.02066
18569.28125 0.05214
18571.97266 0.03014
18574.66406 0.07275
18577.35547 0.05134
18580.04883 0.04059
18582.74023 0.06004
18585.42578 0.06144
18588.12891 0.08356
18590.82422 0.05667
18593.51758 0.04890
18596.21289 0.06397
18598.88672 0.05528
18601.58398 0.07526
18604.29102 0.06629
18606.96680 0.04779
18609.66211 0.06579
18612.35938 0.06357
18615.05859 0.05541
18617.73633 0.03344
18620.44531 0.06157
18623.12305 0.04746
18625.82227 0.05239
18628.50000 0.03478
18631.20117 0.03000
18633.88086 0.04700
18636.59180 0.04618
18639.27344 0.03289
18641.97461 0.06062
18644.65625 0.05635
18647.35742 0.07767
18650.04102 0.06589
18652.73438 0.06705
18655.43555 0.06672
18658.12109 0.08065
18660.80469 0.09557
18663.48828 0.09454
18666.19336 0.09568
18668.88867 0.09901
18671.58398 0.07747
18674.26953 0.07090
18676.95703 0.06976
18679.66211 0.06830
18682.35938 0.08694
18685.04883 0.06810
18687.73633 0.07843
18690.42383 0.05049
18693.11133 0.06402
18695.81055 0.05502
18698.50977 0.05833
18701.19922 0.06159
18703.89062 0.04074
18706.58203 0.04743
18709.26172 0.07429
18711.95117 0.05768
18714.65430 0.04554
18717.34570 0.05497
18720.03906 0.03970
18722.73242 0.03644
18725.41406 0.06488
18728.10742 0.05019
18730.81250 0.07598
18733.48438 0.06817
18736.19141 0.03249
18738.88672 0.06631
18741.56055 0.06008
18744.26562 0.05830
18746.94336 0.06080
18749.64844 0.04502
18752.34570 0.06068
18755.03320 0.06124
18757.73242 0.04943
18760.40820 0.04750
18763.11719 0.05709
18765.79492 0.06203
18768.48438 0.04408
18771.18555 0.05408
18773.86328 0.05334
18776.56445 0.04263
18779.26562 0.03334
18781.94531 0.03259
18784.62695 0.04568
18787.34961 0.03745
18790.03125 0.04746
18792.71484 0.02351
18795.40820 0.00794
18798.10938 0.02160
18800.80469 0.01277
18803.48633 0.01250
18806.18164 0.02504
18808.86719 0.02427
18811.56250 0.03131
18814.25781 0.03984
18816.94336 0.06119
18819.63867 0.05167
18822.32617 0.06847
18825.02344 0.05011
18827.72070 0.05109
18830.40820 0.04646
18833.09570 0.05006
18835.80469 0.06691
18838.47266 0.01987
18841.17188 0.06795
18843.86133 0.06565
18846.56250 0.01801
18849.26367 0.03984
18851.93164 0.02828
18854.62305 0.04664
18857.33594 0.02061
18860.02734 0.01289
18862.70898 0.03596
18865.40234 0.02666
18868.09570 0.04911
18870.78711 0.03301
18873.48047 0.03179
18876.16602 0.05719
18878.87109 0.01915
18881.55469 0.05125
18884.25000 0.05103
18886.93555 0.05617
18889.63281 0.05917
18892.32812 0.06925
18895.00391 0.08170
18897.71094 0.05180
18900.39844 0.07882
18903.08594 0.09652
18905.78516 0.06516
18908.47266 0.07802
18911.16211 0.05649
18913.87109 0.07481
18916.55078 0.06492
18919.24023 0.05250
18921.92969 0.06147
18924.62109 0.04091
18927.32227 0.04370
18930.01367 0.06588
18932.70703 0.05535
18935.39844 0.05978
18938.08984 0.03485
18940.77344 0.05821
18943.47656 0.05978
18946.16016 0.05091
18948.85352 0.03676
18951.54883 0.03131
18954.24414 0.03845
18956.93750 0.04182
18959.62305 0.07633
18962.33008 0.04145
18964.99609 0.04210
18967.69141 0.06562
18970.38867 0.06969
18973.08594 0.05173
18975.78516 0.06443
18978.46289 0.05873
18981.16016 0.07324
18983.85938 0.05137
18986.52734 0.05206
18989.22656 0.05594
18991.93750 0.07507
18994.60742 0.05484
18997.30859 0.06533
19000.00977 0.07795
19002.69141 0.06187
19005.39258 0.03621
19008.07422 0.03710
19010.77734 0.04200
19013.45898 0.02361
19016.16211 0.03329
19018.84570 0.04000
19021.52930 0.02576
19024.23438 0.02112
19026.91797 0.01520
19029.60352 0.02862
19032.30859 0.01584
19034.99414 0.00657
19037.69141 0.00927
19040.38867 0.03165
19043.07422 0.03273
19045.76172 0.01625
19048.45898 0.02037
19051.13672 0.02207
19053.84570 0.04164
19056.54297 0.03307
19059.22266 0.03721
19061.91211 0.04606
19064.61133 0.04455
19067.30078 0.06723
19069.99219 0.02914
19072.67188 0.04012
19075.37305 0.03392
19078.06445 0.05039
19080.75781 0.02702
19083.45898 0.02427
19086.14258 0.01992
19088.83398 0.03823
19091.53906 0.01287
19094.21094 0.01131
19096.90625 -0.00368
19099.61133 0.01819
19102.29492 0.00757
19104.99023 0.01628
19107.67578 0.02108
19110.37109 0.03011
19113.06836 0.01518
19115.74414 0.02878
19118.45117 0.02608
19121.13867 0.03250
19123.81641 0.02967
19126.52539 0.00230
19129.22266 0.03893
19131.90039 0.04456
19134.61133 0.02592
19137.29102 0.06867
19139.99023 0.04574
19142.67969 0.06027
19145.38086 0.05967
19148.06250 0.04364
19150.75195 0.04782
19153.44531 0.03070
19156.12695 0.03737
19158.81836 0.05274
19161.52148 0.04325
19164.20508 0.05238
19166.89844 0.04074
19169.60156 0.02811
19172.28516 0.03719
19174.98047 0.03863
19177.66602 0.04784
19180.34961 0.04765
19183.06641 0.03427
19185.75195 0.04615
19188.43945 0.02444
19191.13477 0.03908
19193.82227 0.03444
19196.50977 0.02520
19199.20703 0.03798
19201.89453 0.02432
19204.58203 0.05036
19207.28320 0.05767
19209.97266 0.05894
19212.66211 0.06813
19215.36133 0.06686
19218.05273 0.08464
19220.75195 0.06553
19223.42383 0.03069
19226.11328 0.06719
19228.81641 0.04883
19231.51758 0.05983
19234.21094 0.06647
19236.89258 0.05425
19239.58594 0.01666
19242.27930 0.04215
19244.98438 0.05586
19247.65820 0.04169
19250.35156 0.02148
19253.03516 0.02508
19255.73242 0.04525
19258.43750 0.02368
19261.12305 0.02314
19263.82031 -0.00617
19266.50586 0.00570
19269.20312 0.00472
19271.88086 0.02039
19274.58789 0.01264
19277.26562 0.03188
19279.96484 0.01512
19282.66406 0.00306
19285.34180 0.02102
19288.05273 0.02174
19290.73242 0.04155
19293.41211 0.01350
19296.12305 0.05792
19298.81445 0.00661
19301.49609 0.01661
19304.18555 0.04923
19306.88867 0.04402
19309.58203 0.01684
19312.27344 0.03009
19314.95703 0.04738
19317.65039 0.02444
19320.33398 0.03288
19323.02734 0.00579
19325.74219 0.01591
19328.42773 0.01383
19331.12305 0.01254
19333.80859 0.01379
19336.50391 -0.00368
19339.20117 -0.01130
19341.88672 -0.00632
19344.57422 -0.01348
19347.25977 -0.00490
19349.94922 -0.02215
19352.64648 -0.00142
19355.34570 0.00378
19358.03320 0.00029
19360.73438 0.01261
19363.41211 0.00483
19366.11133 0.03587
19368.80078 0.01805
19371.49219 0.00283
19374.18359 0.01270
19376.87500 0.02511
19379.57617 0.03736
19382.25781 0.03138
19384.94922 0.03545
19387.65234 0.03108
19390.33594 0.03404
19393.03906 0.03731
19395.71289 0.03182
19398.41797 0.02498
19401.09961 0.04024
19403.79492 0.04398
19406.49023 0.05204
19409.18555 0.01555
19411.87109 0.03279
19414.57812 0.00233
19417.25391 0.00304
19419.95117 0.02384
19422.64844 0.01167
19425.32617 0.00366
19428.02344 0.02058
19430.72070 0.01624
19433.41992 0.02088
19436.09766 0.02274
19438.78711 0.01512
19441.49805 0.02470
19444.17773 0.02516
19446.87891 0.03892
19449.55859 0.02315
19452.25977 0.06041
19454.93945 0.03861
19457.63086 0.05441
19460.32422 0.05063
19463.01758 0.04316
19465.70898 0.04441
19468.40234 0.04068
19471.09570 0.05781
19473.77734 0.06089
19476.47266 0.04737
19479.16797 0.04074
19481.86133 0.02751
19484.55859 0.02890
19487.25391 0.03389
19489.93945 0.01612
19492.64648 0.02889
19495.31055 0.03994
19498.01953 0.00683
19500.70508 0.02311
19503.41406 -0.00218
19506.09180 0.02304
19508.77930 0.00158
19511.47852 0.02178
19514.15625 -0.00288
19516.86719 0.00453
19519.55664 0.02286
19522.24609 0.01926
19524.93555 0.01486
19527.62695 0.02102
19530.31836 0.04391
19533.00000 0.01203
19535.71289 0.03746
19538.38281 0.00888
19541.09570 0.01207
19543.76758 0.01897
19546.48242 0.02463
19549.16602 0.00384
19551.87109 0.01377
19554.55273 -0.01071
19557.22656 0.00965
19559.94336 -0.00393
19562.62891 0.00375
19565.31250 0.01940
19567.99805 0.00010
19570.70703 -0.00736
19573.39258 -0.00853
19576.08984 -0.00639
19578.77539 0.00632
19581.45117 -0.02379
19584.17383 -0.02267
19586.84961 -0.01103
19589.54883 -0.02300
19592.23633 -0.02048
19594.93750 -0.02356
19597.61523 -0.02151
19600.31641 0.00448
19603.00781 -0.00826
19605.69922 -0.01411
19608.38867 0.00130
19611.09180 0.00353
19613.77148 0.00660
19616.46289 -0.00668
19619.16797 0.02260
19621.83789 -0.01372
19624.53125 0.03571
19627.22461 0.02013
19629.92969 0.01411
19632.61328 0.02106
19635.31836 0.01434
19637.99219 0.02741
19640.69727 0.00121
19643.38281 0.00155
19646.06836 0.00062
19648.76562 -0.00295
19651.47266 -0.00523
19654.14844 -0.01658
19656.83594 -0.00424
19659.54492 -0.00761
19662.22070 -0.01042
19664.93164 -0.00217
19667.60938 0.00093
19670.30664 -0.00963
19672.98633 -0.02619
19675.69727 -0.01496
19678.37500 0.01590
19681.07617 -0.00339
19683.75586 -0.01640
19686.44727 0.00945
19689.15039 0.02412
19691.83984 0.03685
19694.52148 0.04668
19697.23633 0.03623
19699.90625 0.03601
19702.59961 0.01755
19705.30469 0.05920
19707.99805 0.03967
19710.68164 0.03546
19713.37695 0.03281
19716.08203 0.03557
19718.76758 0.02921
19721.45117 0.03418
19724.14648 0.05349
19726.83203 0.04367
19729.52930 0.02347
19732.21680 0.01698
19734.91406 0.02086
19737.59961 0.01151
19740.29883 0.00067
19742.98633 -0.00950
19745.68555 -0.02238
19748.37305 0.01277
19751.06250 0.01118
19753.75195 0.00418
19756.45117 0.00010
19759.14258 0.01053
19761.84375 0.01774
19764.51172 -0.00814
19767.21484 0.01683
19769.90430 0.02555
19772.60938 0.00544
19775.27930 0.02118
19777.98242 0.03547
19780.67578 0.00422
19783.37891 0.03468
19786.05078 0.00475
19788.75586 0.02663
19791.44922 0.03024
19794.13477 0.03301
19796.82812 0.01487
19799.51367 0.00093
19802.21094 0.02485
19804.89648 0.01077
19807.59180 0.00459
19810.27734 -0.01402
19812.97461 -0.01779
19815.66211 -0.00805
19818.35938 -0.00842
19821.04688 -0.02655
19823.74609 -0.04572
19826.43359 -0.01578
19829.12305 -0.03366
19831.82422 -0.05744
19834.52344 -0.02793
19837.20117 -0.04264
19839.91406 -0.04080
19842.59180 0.01196
19845.28516 -0.00483
19847.96484 -0.01119
19850.67773 -0.00724
19853.35938 -0.03273
19856.05078 -0.01862
19858.73242 0.00443
19861.43555 -0.01037
19864.11914 -0.02000
19866.81250 -0.00424
19869.51758 -0.02395
19872.21289 -0.02608
19874.89648 0.00279
19877.59180 -0.01041
19880.28711 -0.01467
19882.97266 -0.03501
19885.67773 -0.03826
19888.36328 -0.02453
19891.06055 -0.00651
19893.72656 -0.03446
19896.42383 -0.00942
19899.12109 -0.05356
19901.82031 -0.02936
19904.50781 -0.05213
19907.20703 -0.03244
19909.88477 -0.03936
19912.57422 -0.03581
19915.28516 -0.03776
19917.97461 -0.02314
19920.65430 -0.01932
19923.34375 -0.02375
19926.04688 -0.00747
19928.72656 -0.01400
19931.42969 -0.01660
19934.12109 0.00415
19936.80273 0.00163
19939.51758 0.02319
19942.18750 -0.01684
19944.89258 0.00586
19947.56445 0.01733
19950.27930 0.02265
19952.95312 0.02609
19955.65820 0.02550
19958.33203 0.01529
19961.04883 0.00706
19963.73438 0.00914
19966.40820 -0.00131
19969.12695 -0.00218
19971.80273 -0.00406
19974.50977 -0.00523
19977.18555 -0.00751
19979.88281 -0.00875
19982.57227 -0.01520
19985.26953 -0.00468
19987.97070 -0.02988
19990.64648 -0.01206
19993.33594 -0.00144
19996.02539 -0.00693
19998.73633 0.01124
20001.41602 -0.01423
20004.11719 -0.00642
20006.80859 0.00304
20009.48828 -0.00988
20012.19141 0.00163
20014.87109 0.00596
20017.56250 0.03476
20020.26758 0.03799
20022.94922 0.02156
20025.65430 -0.00778
20028.33594 0.00911
20031.02930 0.02409
20033.72461 0.01582
20036.41797 0.02444
20039.11328 0.01729
20041.78711 0.00113
20044.48242 -0.00941
20047.17969 0.00350
20049.87695 -0.01182
20052.56250 -0.03850
20055.27148 -0.01058
20057.94531 -0.04083
20060.64453 -0.01152
20063.34180 -0.01362
20066.01953 -0.02820
20068.71680 -0.01535
20071.41797 -0.03977
20074.09570 -0.03789
20076.79492 -0.02700
20079.47266 -0.07241
20082.17383 -0.05697
20084.88672 -0.02999
20087.55469 -0.05211
20090.26758 -0.05153
20092.93750 -0.05987
20095.65234 -0.01682
20098.33203 -0.03253
20101.03516 -0.02229
20103.71680 -0.00076
20106.39844 -0.00094
20109.10352 -0.03472
20111.78711 -0.02105
20114.46875 -0.02692
20117.18555 -0.02748
20119.85938 -0.03017
20122.55469 -0.01454
20125.25000 -0.03126
20127.94531 -0.02705
20130.63086 -0.04816
20133.31641 -0.05242
20136.01367 -0.03999
20138.72266 -0.05301
20141.40820 -0.05720
20144.09766 -0.04317
20146.78320 -0.04367
20149.47070 -0.07023
20152.16992 -0.08600
20154.85938 -0.07090
20157.54688 -0.06114
20160.23633 -0.05171
20162.92578 -0.06030
20165.62695 -0.06963
20168.30664 -0.05626
20171.00781 -0.04644
20173.71094 -0.04767
20176.39062 -0.04766
20179.09375 -0.04293
20181.77539 -0.03570
20184.47852 -0.02042
20187.18359 -0.01473
20189.84180 -0.03108
20192.54688 -0.00911
20195.24023 -0.02026
20197.93555 0.00108
20200.64062 -0.02622
20203.31445 -0.01428
20206.00977 -0.01255
20208.71680 -0.03596
20211.38867 -0.02416
20214.08594 -0.02668
20216.78320 -0.01644
20219.46875 -0.03245
20222.16602 -0.06482
20224.84180 -0.00923
20227.55273 -0.04835
20230.22852 -0.03032
20232.92773 -0.04105
20235.61523 -0.03195
20238.31445 -0.05492
20240.99219 -0.03836
20243.70312 -0.02732
20246.38281 -0.02353
20249.08398 -0.02687
20251.77344 -0.03851
20254.45312 -0.01843
20257.15625 -0.00356
20259.84570 -0.00711
20262.52734 0.01691
20265.24219 0.01464
20267.92383 0.00361
20270.60547 -0.00094
20273.32031 -0.00289
20276.00195 0.00206
20278.68555 -0.01990
20281.37891 0.02605
20284.06445 0.01299
20286.78125 -0.00732
20289.47461 -0.01054
20292.14844 -0.01304
20294.84570 -0.01301
20297.54297 -0.02902
20300.22852 -0.02591
20302.92578 -0.02492
20305.61133 -0.04119
20308.29688 -0.02408
20310.99609 -0.02255
20313.69336 -0.02738
20316.38281 -0.04794
20319.07031 -0.03784
20321.76953 -0.04150
20324.45898 -0.03791
20327.16016 -0.04672
20329.83789 -0.03047
20332.52734 -0.05859
20335.22852 -0.02696
20337.90820 -0.02053
20340.60938 -0.02057
20343.29102 -0.03940
20345.98242 -0.02956
20348.68555 -0.02772
20351.38867 -0.02312
20354.05859 -0.00119
20356.76367 -0.01716
20359.45703 -0.01386
20362.12891 -0.00068
20364.83398 -0.03412
20367.53906 -0.05621
20370.21289 -0.04472
20372.91797 -0.06655
20375.60352 -0.02360
20378.29883 -0.06316
20380.98438 -0.07099
20383.69141 -0.07029
20386.36719 -0.07025
20389.06445 -0.08320
20391.76172 -0.06910
20394.44727 -0.08907
20397.13672 -0.10531
20399.82227 -0.11810
20402.53320 -0.09753
20405.21094 -0.10479
20407.89844 -0.09128
20410.61133 -0.09703
20413.28906 -0.06375
20415.97852 -0.08516
20418.66992 -0.07129
20421.37109 -0.07196
20424.06055 -0.09461
20426.75195 -0.05680
20429.43164 -0.06453
20432.12500 -0.06910
20434.83984 -0.06835
20437.52148 -0.04675
20440.21289 -0.06276
20442.90625 -0.07424
20445.58984 -0.06258
20448.28320 -0.05699
20450.97656 -0.03777
20453.67188 -0.06307
20456.35547 -0.05048
20459.05078 -0.07062
20461.74805 -0.08332
20464.43164 -0.09269
20467.13867 -0.08189
20469.83594 -0.10389
20472.52148 -0.08188
20475.19727 -0.12663
20477.89648 -0.11331
20480.58203 -0.11382
20483.28125 -0.11158
20485.97852 -0.11822
20488.67969 -0.07803
20491.34570 -0.09582
20494.04492 -0.08740
20496.74609 -0.09582
20499.42383 -0.07667
20502.12500 -0.05452
20504.82617 -0.05603
20507.51562 -0.06211
20510.19727 -0.04109
20512.89844 -0.04100
20515.58008 -0.05780
20518.27148 -0.03043
20520.97461 -0.03475
20523.66797 -0.02775
20526.36133 -0.03423
20529.04297 -0.04250
20531.74609 -0.03555
20534.42969 -0.04725
20537.12500 -0.03256
20539.81836 -0.04762
20542.50391 -0.04763
20545.19922 -0.06106
20547.88281 -0.03109
20550.59180 -0.07098
20553.27539 -0.04980
20555.96094 -0.07569
20558.66992 -0.05736
20561.35547 -0.08453
20564.03320 -0.07632
20566.73047 -0.07441
20569.43945 -0.08046
20572.12891 -0.07031
20574.80469 -0.05822
20577.49414 -0.07658
20580.19336 -0.07946
20582.88281 -0.05534
20585.58203 -0.05898
20588.27344 -0.05770
20590.96289 -0.03493
20593.65234 -0.03335
20596.34375 -0.07008
20599.03516 -0.02053
20601.73828 -0.02460
20604.41992 -0.02787
20607.11133 -0.03972
20609.80469 -0.01242
20612.49805 -0.07060
20615.19141 -0.05817
20617.88281 -0.07225
20620.57812 -0.03675
20623.27344 -0.06663
20625.96680 -0.07028
20628.64062 -0.08406
20631.34570 -0.09844
20634.03125 -0.09591
20636.72852 -0.12714
20639.41211 -0.12763
20642.10938 -0.10162
20644.79492 -0.12460
20647.49219 -0.11257
20650.17969 -0.12459
20652.87891 -0.12929
20655.56445 -0.12289
20658.25195 -0.12025
20660.95117 -0.12110
20663.65039 -0.11881
20666.32812 -0.11240
20669.02930 -0.11053
20671.71875 -0.09454
20674.41992 -0.11395
20677.09766 -0.12537
20679.80078 -0.09071
20682.47852 -0.09541
20685.18164 -0.10087
20687.86133 -0.11597
20690.56641 -0.08082
20693.25781 -0.08393
20695.94922 -0.12123
20698.64258 -0.12560
20701.32422 -0.13679
20704.02930 -0.15113
20706.72461 -0.14557
20709.39453 -0.12125
20712.11133 -0.14769
20714.79688 -0.16254
20717.48047 -0.17860
20720.16406 -0.17471
20722.87305 -0.16361
20725.56836 -0.18608
20728.25391 -0.16675
20730.93945 -0.16446
20733.62500 -0.16265
20736.33398 -0.16800
20739.03320 -0.18142
20741.70898 -0.17756
20744.40820 -0.14503
20747.09570 -0.14646
20749.79492 -0.14577
20752.47266 -0.13682
20755.17188 -0.13945
20757.86133 -0.12113
20760.56250 -0.11991
20763.25195 -0.12127
20765.94336 -0.11176
20768.63281 -0.12749
20771.33594 -0.12927
20774.02734 -0.09843
20776.69531 -0.12047
20779.38867 -0.12878
20782.08984 -0.12188
20784.78320 -0.15701
20787.47656 -0.15128
20790.16992 -0.14973
20792.85352 -0.15838
20795.55859 -0.14669
20798.25195 -0.11767
20800.94727 -0.15196
20803.61914 -0.15318
20806.32617 -0.14929
20809.02148 -0.15982
20811.70703 -0.16441
20814.40430 -0.19812
20817.07617 -0.15131
20819.78516 -0.17673
20822.48242 -0.15287
20825.15820 -0.14861
20827.85742 -0.12424
20830.54492 -0.14085
20833.25586 -0.12109
20835.93164 -0.11119
20838.63086 -0.11708
20841.31836 -0.10407
20844.01953 -0.09355
20846.70898 -0.09187
20849.38672 -0.10651
20852.08789 -0.10708
20854.77930 -0.10961
20857.45898 -0.08908
20860.17188 -0.11436
20862.85156 -0.10548
20865.53125 -0.10109
20868.24609 -0.13609
20870.92773 -0.12746
20873.62109 -0.13097
20876.30273 -0.13813
20878.99609 -0.13949
20881.70117 -0.14497
20884.39453 -0.18022
20887.08984 -0.17834
20889.76172 -0.18546
20892.45703 -0.20463
20895.15234 -0.17370
20897.83594 -0.20036
20900.55664 -0.18190
20903.24023 -0.17712
20905.92578 -0.19527
20908.62305 -0.18556
20911.32031 -0.17341
20914.00781 -0.16749
20916.70508 -0.15556
20919.36914 -0.18209
20922.07031 -0.16237
20924.75586 -0.17902
20927.45508 -0.15579
20930.15625 -0.15015
20932.84570 -0.15714
20935.53516 -0.15840
20938.23633 -0.14032
20940.91406 -0.16480
20943.61523 -0.16744
20946.29492 -0.17313
20948.99805 -0.18082
20951.67773 -0.19330
20954.37891 -0.20163
20957.07227 -0.20777
20959.75391 -0.23506
20962.44531 -0.20994
20965.15039 -0.23034
20967.83203 -0.27407
20970.52734 -0.28184
20973.23242 -0.28924
20975.90234 -0.28921
20978.60938 -0.29215
20981.29297 -0.30859
20984.00000 -0.29155
20986.67383 -0.31366
20989.38086 -0.26699
20992.05273 -0.27464
20994.76172 -0.29366
20997.44727 -0.28865
21000.14453 -0.28623
21002.83203 -0.27267
21005.51758 -0.28615
21008.21680 -0.27178
21010.90430 -0.27035
21013.61523 -0.25783
21016.30273 -0.27218
21018.99219 -0.24641
21021.66797 -0.27229
21024.36914 -0.26147
21027.05859 -0.29820
21029.74805 -0.28330
21032.43945 -0.29105
21035.15234 -0.26780
21037.84375 -0.29351
21040.52344 -0.32804
21043.21289 -0.33640
21045.89453 -0.33621
21048.58789 -0.32918
21051.27930 -0.36218
21053.99414 -0.33706
21056.67578 -0.34658
21059.37109 -0.34941
21062.06445 -0.37276
21064.75977 -0.35671
21067.45312 -0.38847
21070.14844 -0.38294
21072.84375 -0.39676
21075.52734 -0.35414
21078.20117 -0.39131
21080.89648 -0.37393
21083.59375 -0.36709
21086.29102 -0.35687
21088.97656 -0.33870
21091.66211 -0.33353
21094.35938 -0.31898
21097.05859 -0.34571
21099.73438 -0.30117
21102.43359 -0.28751
21105.13281 -0.29411
21107.83398 -0.31202
21110.49805 -0.32308
21113.19922 -0.30003
21115.90039 -0.32891
21118.57812 -0.29123
21121.27930 -0.32436
21123.98047 -0.33721
21126.66016 -0.37251
21129.34961 -0.36610
21132.04102 -0.37511
21134.74414 -0.35521
21137.43750 -0.40510
21140.12891 -0.40906
21142.83398 -0.40242
21145.51562 -0.41031
21148.20898 -0.41784
21150.89062 -0.41377
21153.59570 -0.39478
21156.27734 -0.41797
21158.96289 -0.40273
21161.66797 -0.39855
21164.35352 -0.38558
21167.05859 -0.42385
21169.73242 -0.40178
21172.41602 -0.37649
21175.12695 -0.39254
21177.82227 -0.37305
21180.50781 -0.35508
21183.19336 -0.35578
21185.90430 -0.37110
21188.59180 -0.35464
21191.26758 -0.35037
21193.95312 -0.38826
21196.64258 -0.38979
21199.35352 -0.36925
21202.05273 -0.39003
21204.74219 -0.40601
21207.43164 -0.40669
21210.12109 -0.41818
21212.79883 -0.42773
21215.49023 -0.45149
21218.19336 -0.47912
21220.88281 -0.49512
21223.57422 -0.50382
21226.26562 -0.50779
21228.95703 -0.52498
21231.65039 -0.52344
21234.34375 -0.53760
21237.03711 -0.53850
21239.73047 -0.53174
21242.42188 -0.56342
21245.11719 -0.55309
21247.81055 -0.56667
21250.49414 -0.58212
21253.18945 -0.56569
21255.88477 -0.55430
21258.58008 -0.52361
21261.26562 -0.55586
21263.94922 -0.54463
21266.64648 -0.56663
21269.34375 -0.53432
21272.04102 -0.55172
21274.72656 -0.57947
21277.42578 -0.59260
21280.12305 -0.58068
21282.79883 -0.55085
21285.48633 -0.58076
21288.17383 -0.59131
21290.87500 -0.63463
21293.57422 -0.63127
21296.26172 -0.67015
21298.96289 -0.70339
21301.64062 -0.71634
21304.34375 -0.71573
21307.03320 -0.73750
21309.73633 -0.75792
21312.40234 -0.77329
21315.10547 -0.77002
21317.79688 -0.82718
21320.47656 -0.84054
21323.18164 -0.83086
21325.87500 -0.84728
21328.55469 -0.87203
21331.25977 -0.84032
21333.95312 -0.84877
21336.63477 -0.86975
21339.34180 -0.85349
21342.02539 -0.84308
21344.70703 -0.87015
21347.39258 -0.85296
21350.09961 -0.84081
21352.79492 -0.85338
21355.47852 -0.85089
21358.17578 -0.82651
21360.86133 -0.85533
21363.57031 -0.86073
21366.26758 -0.88458
21368.95312 -0.87162
21371.64062 -0.89154
21374.32812 -0.89879
21377.01562 -0.92554
21379.70117 -0.93329
21382.40234 -0.97530
21385.08984 -0.97768
21387.79102 -1.00912
21390.48047 -1.02860
21393.16797 -1.05047
21395.87109 -1.07365
21398.56055 -1.08942
21401.26367 -1.12766
21403.95312 -1.13650
21406.64453 -1.13838
21409.31250 -1.14596
21412.00391 -1.15861
21414.70703 -1.17116
21417.40039 -1.17253
21420.09180 -1.17128
21422.77344 -1.18563
21425.46680 -1.16811
21428.17188 -1.17207
21430.86719 -1.14543
21433.54883 -1.13976
21436.24414 -1.10812
21438.95117 -1.16401
21441.62305 -1.12552
21444.33008 -1.13517
21447.01367 -1.15138
21449.69922 -1.13389
21452.39648 -1.12669
21455.08203 -1.15126
21457.77930 -1.17260
21460.47656 -1.19383
21463.16211 -1.21807
21465.84961 -1.24631
21468.54688 -1.24422
21471.23633 -1.27540
21473.93359 -1.29884
21476.62305 -1.31829
21479.32227 -1.36138
21482.01172 -1.35049
21484.71289 -1.36848
21487.40234 -1.41937
21490.08008 -1.43375
21492.79297 -1.45104
21495.45898 -1.47392
21498.15039 -1.51089
21500.85352 -1.48286
21503.54492 -1.49823
21506.22461 -1.52667
21508.91602 -1.51018
21511.62109 -1.53289
21514.31445 -1.50821
21517.00781 -1.50400
21519.68945 -1.48847
21522.38281 -1.51035
21525.08789 -1.49725
21527.78125 -1.47863
21530.46680 -1.48323
21533.16016 -1.49207
21535.85547 -1.48400
21538.53906 -1.50778
21541.23438 -1.52216
21543.91992 -1.51146
21546.61719 -1.54889
21549.31445 -1.53864
21552.00000 -1.59445
21554.68555 -1.61183
21557.38477 -1.65178
21560.07031 -1.71012
21562.76953 -1.73143
21565.45703 -1.76164
21568.15625 -1.80659
21570.85547 -1.84122
21573.51953 -1.87049
21576.22070 -1.91717
21578.92188 -1.96558
21581.61133 -2.02402
21584.31250 -2.03603
21586.99023 -2.03828
21589.67969 -2.08365
21592.38281 -2.07103
21595.08594 -2.09182
21597.75391 -2.09589
21600.45703 -2.09846
21603.16211 -2.12894
21605.83008 -2.15338
21608.53516 -2.13083
21611.24023 -2.12526
21613.90820 -2.14554
21616.61523 -2.15335
21619.29688 -2.14537
21622.00195 -2.15468
21624.67383 -2.18858
21627.37891 -2.18485
21630.06445 -2.20978
21632.75977 -2.25443
21635.44336 -2.28841
21638.15234 -2.29868
21640.83789 -2.33294
21643.53320 -2.37297
21646.21875 -2.44555
21648.92969 -2.50788
21651.61328 -2.53703
21654.28906 -2.60665
21656.98828 -2.65334
21659.67578 -2.70565
21662.36328 -2.77070
21665.06250 -2.83953
21667.75000 -2.90649
21670.43750 -2.96978
21673.12695 -3.03136
21675.82812 -3.04170
21678.51758 -3.08793
21681.20703 -3.11650
21683.89844 -3.18232
21686.58789 -3.16396
21689.29102 -3.23294
21691.98242 -3.23576
21694.67383 -3.27582
21697.36523 -3.27744
21700.05859 -3.27934
21702.75000 -3.28205
21705.43164 -3.27929
21708.12500 -3.29468
21710.81836 -3.35207
21713.51172 -3.34688
21716.20508 -3.36628
21718.90039 -3.36925
21721.58398 -3.43333
21724.27734 -3.47692
21726.97461 -3.51055
21729.66992 -3.57024
21732.36523 -3.58914
21735.06250 -3.66543
21737.73438 -3.73516
21740.41992 -3.81183
21743.11719 -3.90768
21745.81641 -3.92886
21748.51367 -4.04989
21751.21289 -4.15275
21753.88672 -4.19790
21756.58594 -4.30799
21759.28516 -4.36870
21761.97266 -4.45052
21764.65039 -4.54227
21767.35156 -4.61351
21770.05273 -4.67489
21772.72852 -4.72683
21775.43164 -4.78105
21778.13281 -4.81427
21780.81055 -4.82489
21783.51367 -4.87833
21786.20312 -4.86044
21788.90625 -4.88021
21791.58594 -4.89042
21794.27930 -4.90861
21796.97070 -4.94947
21799.66211 -4.94752
21802.34375 -4.93996
21805.04883 -4.93191
21807.73047 -4.95586
21810.43750 -5.00288
21813.11914 -5.03269
21815.82422 -5.05293
21818.50781 -5.10636
21821.19141 -5.14629
21823.90039 -5.22226
21826.58203 -5.30239
21829.26562 -5.40909
21831.97461 -5.45827
21834.66016 -5.56471
21837.34570 -5.66499
21840.03125 -5.72923
21842.74023 -5.84568
21845.42773 -5.98609
21848.11328 -6.10787
21850.80078 -6.23258
21853.48828 -6.30966
21856.19922 -6.41164
21858.88672 -6.47900
21861.57617 -6.54158
21864.26367 -6.61531
21866.95312 -6.68550
21869.64258 -6.72763
21872.33203 -6.73626
21875.02148 -6.74410
21877.72266 -6.76221
21880.41406 -6.78543
21883.10547 -6.73975
21885.80664 -6.72160
21888.50000 -6.69873
21891.19141 -6.71661
21893.88281 -6.72228
21896.57617 -6.68148
21899.26758 -6.65765
21901.96094 -6.67116
21904.65430 -6.66879
21907.34961 -6.67657
21910.01953 -6.74177
21912.71289 -6.76298
21915.41992 -6.83018
21918.11523 -6.89215
21920.81055 -6.95402
21923.48242 -7.08273
21926.17969 -7.14413
21928.87500 -7.29237
21931.57227 -7.37630
21934.24609 -7.49974
21936.94336 -7.61165
21939.65234 -7.70060
21942.32617 -7.87980
21945.03711 -7.97876
21947.73633 -8.07137
21950.41016 -8.17019
21953.11133 -8.25845
21955.79688 -8.31326
21958.49805 -8.34846
21961.17383 -8.37570
21963.87500 -8.39517
21966.57617 -8.36122
21969.25391 -8.37307
21971.94336 -8.32450
21974.64453 -8.30919
21977.32422 -8.24323
21980.02734 -8.17369
21982.70508 -8.11686
21985.40820 -8.05861
21988.09961 -8.01736
21990.77930 -7.93821
21993.49609 -7.88907
21996.17773 -7.88374
21998.87109 -7.84593
22001.57617 -7.85513
22004.25586 -7.86792
22006.93945 -7.90971
22009.64648 -7.87283
22012.32812 -7.94961
22015.02344 -7.98504
22017.70703 -8.05291
22020.39062 -8.16313
22023.09766 -8.25616
22025.79492 -8.32755
22028.47852 -8.40872
22031.16406 -8.56045
22033.87305 -8.66151
22036.55859 -8.74742
22039.24414 -8.83202
22041.92969 -8.91998
22044.62891 -8.97782
22047.33984 -8.98281
22050.00391 -9.01310
