2.69198 2.66439
5.38396 7.31487
8.07594 7.03815
10.76791 5.13333
13.45990 1.12034
16.15188 -3.59359
18.84385 -3.09571
21.53583 -0.46548
24.22782 2.36694
26.91980 4.53831
29.61178 4.52080
32.30375 4.29295
34.99574 3.52079
37.68771 1.78847
40.37969 0.89874
43.07167 -0.36580
45.76365 0.59021
48.45564 1.20179
51.14761 2.17379
53.83958 2.32932
56.53158 1.60483
59.22356 0.80777
61.91553 -1.29442
64.60751 -3.45369
67.29950 -5.25860
69.99148 -3.41552
72.68346 -1.39746
75.37544 0.11375
78.06740 0.96609
80.75941 1.16310
83.45135 1.17717
86.14335 0.19316
88.83533 -0.14816
91.52733 -0.14943
94.21931 0.46175
96.91129 1.06156
99.60326 1.48514
102.29522 1.96363
104.98720 1.75108
107.67921 0.94825
110.37118 -0.02008
113.06315 -1.07739
115.75513 -1.94359
118.44709 -2.13511
121.13909 -1.23800
123.83107 -0.48554
126.52303 0.12315
129.21504 0.30415
131.90698 0.02589
134.59901 -0.19430
137.29097 -0.45917
139.98297 -0.59086
142.67494 -0.00700
145.36693 0.53371
148.05890 1.17437
150.75082 1.46148
153.44281 1.48281
156.13481 1.17103
158.82683 0.45527
161.51878 -0.06614
164.21075 -0.86294
166.90273 -0.72366
169.59470 -0.71486
172.28671 -0.27194
174.97871 0.00005
177.67072 0.13236
180.36266 -0.13463
183.05463 -0.59081
185.74658 -0.74062
188.43863 -0.81751
191.13058 -0.40259
193.82259 0.05709
196.51457 0.66659
199.20654 1.10312
201.89848 1.12706
204.59045 0.99645
207.28242 0.63443
209.97449 0.38307
212.66635 -0.04898
215.35838 -0.32776
218.05037 -0.17897
220.74231 0.15455
223.43425 0.25682
226.12625 0.16833
228.81827 0.02969
231.51025 -0.30621
234.20226 -0.87604
236.89429 -1.00291
239.58621 -0.78785
242.27821 -0.32593
244.97020 0.11517
247.66219 0.53715
250.35406 0.73902
253.04608 0.72806
255.73814 0.55327
258.43018 0.33631
261.12207 0.04461
263.81409 0.16089
266.50595 0.08438
269.19803 0.37732
271.88986 0.42679
274.58203 0.47541
277.27396 0.24162
279.96582 -0.16556
282.65771 -0.42251
285.34985 -0.81771
288.04184 -0.76552
290.73383 -0.55790
293.42584 -0.13198
296.11777 0.16593
298.80994 0.34001
301.50174 0.37029
304.19376 0.30253
306.88571 0.08601
309.57773 -0.01809
312.26950 0.08859
314.96167 0.21699
317.65369 0.43886
320.34552 0.48303
323.03763 0.60527
325.72964 0.46698
328.42154 0.14159
331.11353 -0.19415
333.80539 -0.49503
336.49753 -0.59155
339.18942 -0.55918
341.88162 -0.31860
344.57346 -0.06263
347.26532 0.08765
349.95743 0.17778
352.64935 0.04859
355.34125 -0.08039
358.03333 -0.15262
360.72534 -0.03647
363.41748 0.06963
366.10938 0.40530
368.80121 0.54275
371.49323 0.67932
374.18536 0.52854
376.87717 0.48504
379.56915 0.00665
382.26108 -0.11943
384.95306 -0.34649
387.64508 -0.33792
390.33707 -0.20225
393.02917 -0.07333
395.72095 0.04251
398.41324 0.00537
401.10489 -0.06869
403.79700 -0.28121
406.48886 -0.38419
409.18097 -0.15810
411.87299 -0.11967
414.56500 0.18170
417.25699 0.39953
419.94888 0.56160
422.64078 0.54128
425.33264 0.47223
428.02493 0.27538
430.71680 0.02509
433.40894 -0.05508
436.10092 -0.11732
438.79272 -0.07671
441.48468 0.08978
444.17682 0.13612
446.86871 0.03946
449.56082 -0.06501
452.25253 -0.27122
454.94440 -0.39630
457.63647 -0.36962
460.32877 -0.30391
463.02066 -0.04032
465.71268 0.18906
468.40442 0.39306
471.09644 0.41343
473.78864 0.42435
476.48071 0.26704
479.17233 0.12437
481.86435 0.06919
484.55661 0.10471
487.24838 0.11347
489.94034 0.25062
492.63223 0.26684
495.32428 0.13383
498.01627 0.03251
500.70828 -0.19754
503.40051 -0.31384
506.09219 -0.45066
508.78406 -0.39796
511.47644 -0.20830
514.16846 -0.02572
516.86011 0.30668
519.55219 0.24914
522.24390 0.29737
524.93640 0.15782
527.62793 0.11283
530.31989 0.05099
533.01215 0.09087
535.70422 0.15110
538.39600 0.24201
541.08795 0.36368
543.77991 0.30463
546.47205 0.24502
549.16400 0.05116
551.85583 -0.16998
554.54779 -0.35143
557.24005 -0.36164
559.93182 -0.28333
562.62396 -0.12043
565.31567 0.03393
568.00781 0.10217
570.69989 0.14370
573.39191 0.10616
576.08356 0.00407
578.77545 -0.05851
581.46783 0.00504
584.15961 0.17712
586.85193 0.35774
589.54370 0.38293
592.23572 0.38135
594.92773 0.31692
597.61975 0.08827
600.31146 -0.05614
603.00342 -0.16286
605.69543 -0.20955
608.38745 -0.18830
611.07965 -0.03778
613.77167 0.05292
616.46338 0.02653
619.15533 0.05126
621.84705 -0.08619
624.53918 -0.13166
627.23132 -0.13935
629.92358 -0.07303
632.61560 0.10652
635.30762 0.20727
637.99915 0.34815
640.69092 0.34728
643.38336 0.43137
646.07550 0.23246
648.76740 0.07585
651.45917 -0.04599
654.15125 -0.05272
656.84296 -0.06027
659.53528 -0.04454
662.22729 0.04557
664.91901 0.06063
667.61108 0.04091
670.30328 -0.10185
672.99500 -0.13502
675.68701 -0.19666
678.37872 -0.14827
681.07104 -0.06210
683.76312 0.11606
686.45496 0.25353
689.14679 0.21548
691.83893 0.26327
694.53046 0.22968
697.22260 0.08734
699.91516 0.03362
702.60693 0.05519
705.29895 0.07803
707.99078 0.07850
710.68286 0.14242
713.37482 0.12598
716.06647 0.02432
718.75879 -0.05991
721.45062 -0.20083
724.14240 -0.23481
726.83441 -0.21839
729.52679 -0.11317
732.21863 0.02546
734.91077 0.11512
737.60266 0.25037
740.29468 0.22852
742.98669 0.11009
745.67871 0.11669
748.37024 0.03429
751.06281 0.05201
753.75458 0.04374
756.44617 0.15503
759.13861 0.17749
761.83020 0.16774
764.52240 0.14538
767.21417 -0.01594
769.90649 -0.11292
772.59802 -0.14202
775.29041 -0.14454
777.98206 -0.10781
780.67438 -0.07924
783.36621 0.06709
786.05817 0.08637
788.75043 0.10137
791.44220 0.08979
794.13403 0.02733
796.82635 0.03369
799.51849 0.03415
802.21002 0.09884
804.90234 0.13532
807.59387 0.21927
810.28638 0.20285
812.97766 0.21810
815.67017 0.10844
818.36224 -0.04411
821.05365 -0.07565
823.74591 -0.08060
826.43781 -0.06784
829.12982 -0.02982
831.82208 -0.01994
834.51379 0.06464
837.20551 0.07032
839.89807 0.02142
842.59009 -0.05256
845.28186 -0.06006
847.97388 0.00371
850.66559 -0.00418
853.35779 0.15453
856.05023 0.13352
858.74164 0.21455
861.43390 0.18934
864.12567 0.13504
866.81769 0.08215
869.50958 0.00225
872.20166 -0.01599
874.89337 -0.05492
877.58527 0.02154
880.27777 0.09472
882.96973 0.03688
885.66162 0.01332
888.35345 -0.01078
891.04517 -0.01949
893.73724 -0.05426
896.42950 -0.01912
899.12103 0.02415
901.81366 0.04147
904.50543 0.09039
907.19781 0.12831
909.88910 0.19270
912.58154 0.11597
915.27325 0.01429
917.96539 0.08711
920.65735 0.02771
923.34918 -0.01221
926.04065 0.05432
928.73340 0.01535
931.42523 0.05574
934.11719 0.08030
936.80914 0.03941
939.50122 -0.02311
942.19330 -0.00072
944.88519 -0.08503
947.57709 -0.09818
950.26874 0.04106
952.96082 0.03741
955.65356 0.16016
958.34509 0.05807
961.03674 0.15648
963.72913 0.09639
966.42102 0.05467
969.11249 0.06005
971.80457 0.01429
974.49664 0.09264
977.18909 0.08984
979.88098 0.11765
982.57330 0.08012
985.26489 0.07700
987.95679 0.08073
990.64893 -0.04196
993.34082 0.00046
996.03284 -0.03752
998.72461 -0.00395
1001.41699 0.02684
1004.10828 0.05879
1006.80029 0.12357
1009.49286 0.06329
1012.18481 0.07656
1014.87671 0.04458
1017.56854 0.04672
1020.26074 0.03595
1022.95215 0.05477
1025.64453 0.05301
1028.33667 0.12161
1031.02795 0.11711
1033.72058 0.15762
1036.41235 0.08203
1039.10425 0.02534
1041.79614 -0.04009
1044.48828 -0.02935
1047.17981 -0.05113
1049.87195 0.02298
1052.56421 0.06927
1055.25623 0.01943
1057.94824 0.07519
1060.64014 0.01005
1063.33252 0.03216
1066.02466 0.02445
1068.71594 0.02208
1071.40820 0.06505
1074.09961 0.05535
1076.79187 0.12120
1079.48364 0.10858
1082.17566 0.12493
1084.86853 0.09945
1087.56018 0.03356
1090.25208 0.07096
1092.94446 0.00466
1095.63586 0.05505
1098.32776 -0.01524
1101.02026 0.04203
1103.71216 0.02950
1106.40381 0.08166
1109.09607 0.08242
1111.78748 0.01473
1114.47986 0.04166
1117.17151 0.02879
1119.86401 -0.00330
1122.55566 0.04856
1125.24829 0.07172
1127.93933 0.09479
1130.63184 0.09562
1133.32373 0.05573
1136.01538 0.12275
1138.70776 0.04577
1141.40027 0.05806
1144.09216 0.03730
1146.78418 0.06494
1149.47546 0.00383
1152.16760 0.07975
1154.86011 0.08590
1157.55139 0.04433
1160.24377 0.07537
1162.93555 0.07298
1165.62708 0.01895
1168.31897 -0.00138
1171.01086 0.04293
1173.70361 0.00564
1176.39490 0.06702
1179.08777 0.11636
1181.77905 0.08246
1184.47131 0.06621
1187.16382 0.02829
1189.85522 0.06041
1192.54688 0.02412
1195.23926 0.03745
1197.93188 0.05753
1200.62341 0.11545
1203.31555 0.08504
1206.00720 0.07398
1208.69897 0.08533
1211.39124 0.06212
1214.08301 0.00817
1216.77527 0.01047
1219.46692 -0.00339
1222.15906 0.04043
1224.85120 0.02753
1227.54309 0.08196
1230.23499 0.09485
1232.92725 0.04727
1235.61926 0.01251
1238.31116 0.04124
1241.00330 0.07717
1243.69458 0.06490
1246.38696 0.07251
1249.07886 0.10389
1251.77051 0.03192
1254.46240 0.05201
1257.15527 0.06697
1259.84692 0.08031
1262.53882 0.07460
1265.23096 0.00769
1267.92261 -0.01163
1270.61426 0.02055
1273.30615 0.03161
1275.99878 0.01554
1278.69092 0.02360
1281.38232 0.05352
1284.07446 0.03796
1286.76721 0.04578
1289.45862 0.00202
1292.15002 0.05807
1294.84265 0.08492
1297.53455 0.03968
1300.22644 0.06978
1302.91882 0.05699
1305.61023 0.11412
1308.30237 0.06435
1310.99414 0.03035
1313.68640 0.05077
1316.37781 0.07642
1319.07104 0.05807
1321.76172 0.05303
1324.45435 0.06312
1327.14600 0.02362
1329.83850 0.02679
1332.53003 0.01500
1335.22266 -0.00796
1337.91394 0.00427
1340.60645 0.03879
1343.29761 0.03877
1345.99048 0.08870
1348.68201 0.12061
1351.37463 0.11158
1354.06580 0.04812
1356.75793 0.09251
1359.44946 0.07386
1362.14185 0.05540
1364.83362 0.01522
1367.52600 0.02461
1370.21790 0.07626
1372.91040 0.05181
1375.60229 0.07366
1378.29407 0.04643
1380.98584 0.03505
1383.67834 0.01083
1386.36914 -0.00463
1389.06140 -0.02207
1391.75439 0.02698
1394.44580 0.02997
1397.13757 0.07418
1399.83008 0.08281
1402.52148 0.07480
1405.21350 0.07460
1407.90527 0.08361
1410.59766 0.06457
1413.28979 0.06828
1415.98218 0.06028
1418.67358 0.03367
1421.36621 0.09781
1424.05762 0.02828
1426.74951 0.09309
1429.44165 0.02367
1432.13281 0.05046
1434.82581 0.05725
1437.51819 0.02256
1440.20862 0.00633
1442.90173 0.02610
1445.59412 0.05885
1448.28552 0.05826
1450.97766 0.07845
1453.66931 0.03000
1456.36121 0.06189
1459.05322 -0.00094
1461.74561 0.10171
1464.43701 0.08487
1467.12952 0.04782
1469.82129 0.06342
1472.51392 0.07550
1475.20508 0.06832
1477.89709 0.08329
1480.58911 0.05296
1483.28101 0.01425
1485.97314 0.01667
1488.66516 0.02371
1491.35791 0.07003
1494.04907 0.05582
1496.74097 0.06426
1499.43274 0.03850
1502.12439 0.05440
1504.81677 0.06511
1507.50989 0.03861
1510.20105 0.05198
1512.89294 0.03906
1515.58545 0.10298
1518.27698 0.07954
1520.96826 0.09287
1523.66089 0.10258
1526.35254 0.05487
1529.04553 0.10432
1531.73730 0.02796
1534.42883 0.04780
1537.12012 0.04741
1539.81348 0.04989
1542.50476 0.05894
1545.19653 0.08394
1547.88892 0.07413
1550.58069 0.07406
1553.27283 0.07578
1555.96460 0.05545
1558.65601 0.01586
1561.34778 0.00850
1564.04053 0.09618
1566.73303 0.06599
1569.42407 0.05221
1572.11707 0.11224
1574.80872 0.05736
1577.49963 0.04398
1580.19263 0.06847
1582.88489 0.04609
1585.57593 0.04033
1588.26868 0.04708
1590.96082 0.06401
1593.65234 0.08718
1596.34399 0.05950
1599.03577 0.10171
1601.72778 0.06953
1604.42078 0.03950
1607.11206 0.03605
1609.80518 0.04120
1612.49585 0.04826
1615.18835 0.02555
1617.88000 0.09207
1620.57251 0.06748
1623.26416 0.04302
1625.95581 0.09094
1628.64844 0.05834
1631.34009 0.07334
1634.03174 0.04630
1636.72412 0.04919
1639.41650 0.06752
1642.10791 0.08047
1644.79932 0.09482
1647.49243 0.06913
1650.18347 0.03568
1652.87524 0.05268
1655.56787 0.06488
1658.25952 0.00172
1660.95166 0.04113
1663.64380 0.00970
1666.33557 0.02906
1669.02722 0.03138
1671.71960 0.03502
1674.41174 0.06693
1677.10339 0.07159
1679.79590 0.05677
1682.48804 0.01818
1685.18079 0.06681
1687.87134 0.06451
1690.56348 0.05714
1693.25610 0.07788
1695.94739 0.07306
1698.64014 0.07420
1701.33179 0.06214
1704.02380 0.01906
1706.71448 0.07688
1709.40845 0.05479
1712.09912 0.05281
1714.79126 0.01760
1717.48389 0.02665
1720.17603 0.03637
1722.86670 0.08663
1725.55872 0.06556
1728.25098 0.03167
1730.94299 0.04299
1733.63611 0.03671
1736.32776 0.02924
1739.01892 0.09156
1741.71118 0.07692
1744.40295 0.03486
1747.09509 0.09261
1749.78748 0.06163
1752.47925 0.03882
1755.17029 0.03551
1757.86255 0.03634
1760.55615 0.05844
1763.24707 0.02683
1765.93921 0.02102
1768.63147 0.04135
1771.32300 0.04347
1774.01477 0.00259
1776.70679 0.06446
1779.39868 0.04324
1782.09106 0.06980
1784.78357 0.02541
1787.47412 0.06173
1790.16687 0.03664
1792.85864 0.05872
1795.55164 0.07443
1798.24280 0.06618
1800.93494 0.03206
1803.62805 0.03712
1806.31836 0.06548
1809.01062 0.05849
1811.70300 0.08069
1814.39429 0.07543
1817.08765 0.07092
1819.77905 0.05023
1822.47034 0.06563
1825.16272 0.04125
1827.85498 0.03206
1830.54712 0.04456
1833.23950 0.03369
1835.93042 0.03971
1838.62256 0.05612
1841.31445 0.07584
1844.00623 0.03944
1846.69897 0.05005
1849.39050 0.07144
1852.08203 0.07263
1854.77332 0.03066
1857.46643 0.10258
1860.15942 0.04925
1862.85010 0.06705
1865.54272 0.08345
1868.23401 0.05875
1870.92712 0.05189
1873.61804 0.05701
1876.31079 0.06638
1879.00208 -0.03482
1881.69421 0.07255
1884.38623 0.08126
1887.07776 0.05780
1889.77002 0.07700
1892.46216 0.12095
1895.15479 0.01134
1897.84619 0.12609
1900.53711 0.05616
1903.22998 0.08458
1905.92224 0.04527
1908.61426 0.06830
1911.30566 0.03227
1913.99805 0.05351
1916.69080 0.05038
1919.38110 0.05790
1922.07422 0.07869
1924.76575 0.03125
1927.45886 0.04063
1930.14954 0.05882
1932.84167 0.07076
1935.53357 0.01968
1938.22583 0.05874
1940.91858 0.03162
1943.60974 0.08880
1946.30164 0.03861
1948.99390 0.03609
1951.68567 0.02591
1954.37781 0.02919
1957.06946 0.06321
1959.76160 0.07666
1962.45422 0.03682
1965.14624 0.06684
1967.83752 0.07531
1970.52942 0.02175
1973.22058 0.09352
1975.91321 0.05527
1978.60522 0.06214
1981.29858 0.04643
1983.98914 0.03748
1986.68127 0.06075
1989.37378 0.04488
1992.06543 0.05671
1994.75757 0.06633
1997.44983 0.02765
2000.14160 0.04355
2002.83252 0.03825
2005.52478 0.04209
2008.21741 0.07134
2010.90930 0.03408
2013.60144 0.07227
2016.29382 0.08412
2018.98535 0.05843
2021.67712 0.08878
2024.36926 0.03929
2027.06165 0.04982
2029.75305 0.08300
2032.44470 0.04336
2035.13672 0.05776
2037.82874 0.08320
2040.52100 0.06729
2043.21362 0.02885
2045.90515 0.05639
2048.59692 0.00664
2051.29004 0.05116
2053.98071 0.03573
2056.67310 0.01305
2059.36548 0.05325
2062.05664 0.03849
2064.74829 0.06301
2067.44092 0.03721
2070.13257 0.05849
2072.82544 0.03165
2075.51611 0.04807
2078.20801 0.05626
2080.90112 0.08358
2083.59326 0.05146
2086.28516 0.08880
2088.97729 0.06572
2091.66943 0.06280
2094.36035 0.09504
2097.05249 0.07870
2099.74463 0.07309
2102.43677 0.05933
2105.12891 0.06232
2107.82007 0.04978
2110.51318 0.06863
2113.20410 0.05582
2115.89600 0.05676
2118.58813 0.06446
2121.28125 0.05266
2123.97168 0.06381
2126.66357 0.03786
2129.35620 0.03561
2132.04785 0.06536
2134.74023 0.03505
2137.43286 0.04315
2140.12500 0.06739
2142.81616 0.08805
2145.50928 0.05004
2148.19995 0.02630
2150.89160 0.05428
2153.58447 0.05206
2156.27686 0.04307
2158.96802 0.05450
2161.66138 0.05648
2164.35229 0.06236
2167.04395 0.05997
2169.73657 0.02372
2172.42896 0.03848
2175.12012 0.05122
2177.81201 0.08935
2180.50488 0.05950
2183.19507 0.06206
2185.88867 0.05547
2188.58081 0.05052
2191.27246 0.04321
2193.96387 0.07317
2196.65649 0.04202
2199.34839 0.01749
2202.04028 0.02769
2204.73145 0.07535
2207.42383 0.08985
2210.11572 0.07347
2212.80859 0.03144
2215.50073 0.05141
2218.19165 0.07840
2220.88452 0.06269
2223.57568 0.01480
2226.26782 0.07299
2228.95947 0.07290
2231.65186 0.06806
2234.34375 0.06241
2237.03540 0.07008
2239.72778 0.04124
2242.41968 0.07252
2245.11230 0.07853
2247.80444 0.04620
2250.49512 0.04084
2253.18750 0.09490
2255.87939 0.02788
2258.57104 0.07782
2261.26318 0.03617
2263.95483 0.04867
2266.64868 0.06186
2269.34033 0.07041
2272.03174 0.04811
2274.72241 0.04353
2277.41650 0.06104
2280.10742 0.04076
2282.79883 0.05191
2285.49121 0.04366
2288.18286 0.06501
2290.87622 0.07061
2293.56787 0.07376
2296.25903 0.07174
2298.95190 0.04746
2301.64307 0.04936
2304.33472 0.05367
2307.02832 0.07992
2309.71851 0.06769
2312.41089 0.05241
2315.10376 0.04086
2317.79590 0.03226
2320.48730 0.05450
2323.17920 0.03150
2325.87061 0.03712
2328.56372 0.07339
2331.25488 0.07261
2333.94800 0.06860
2336.63892 0.07018
2339.33154 0.07145
2342.02246 0.06286
2344.71509 0.02385
2347.40820 0.06613
2350.09790 0.03368
2352.79077 0.06467
2355.48267 0.06386
2358.17529 0.05735
2360.86694 0.07291
2363.55908 0.05029
2366.25024 0.04756
2368.94214 0.04362
2371.63452 0.04298
2374.32715 0.04264
2377.01904 0.04984
2379.71143 0.04805
2382.40405 0.01165
2385.09473 0.09938
2387.78809 0.04336
2390.47827 0.08350
2393.17114 0.03464
2395.86230 0.02043
2398.55469 0.02339
2401.24634 0.04720
2403.93970 0.02656
2406.62939 0.04649
2409.32227 0.04885
2412.01416 0.05731
2414.70630 0.09060
2417.39746 0.03752
2420.08887 0.05831
2422.78345 0.05837
2425.47437 0.06798
2428.16675 0.06070
2430.85840 0.05500
2433.55029 0.05916
2436.24097 0.06977
2438.93481 0.08952
2441.62622 0.05723
2444.31909 0.03335
2447.00977 0.05407
2449.70190 0.07596
2452.39453 0.08342
2455.08594 0.05306
2457.77759 0.05647
2460.46948 0.05419
2463.16162 0.07674
2465.85400 0.02755
2468.54663 0.06876
2471.23804 0.04772
2473.92969 0.10154
2476.62183 0.03402
2479.31396 0.04916
2482.00488 0.06524
2484.69727 0.10059
2487.39014 0.06441
2490.08154 0.03145
2492.77490 0.03398
2495.46533 0.06401
2498.15723 0.05882
2500.84961 0.03920
2503.54199 0.06278
2506.23438 0.05651
2508.92578 0.05282
2511.61719 0.05237
2514.31006 0.03687
2517.00317 0.07163
2519.69336 0.05422
2522.38525 0.07357
2525.07715 0.06505
2527.76929 0.07728
2530.46143 0.06644
2533.15503 0.04663
2535.84619 0.07981
2538.53711 0.03580
2541.22949 0.05252
2543.92065 0.04651
2546.61328 0.08146
2549.30591 0.06740
2551.99731 0.06024
2554.68872 0.02701
2557.38135 0.06908
2560.07275 0.03196
2562.76562 0.04886
2565.45679 0.07297
2568.14966 0.05899
2570.84277 0.03340
2573.53394 0.03521
2576.22412 0.04280
2578.91675 0.04094
2581.60815 0.05556
2584.30103 0.04846
2586.99219 0.02910
2589.68481 0.09373
2592.37622 0.05565
2595.06885 0.04002
2597.76123 0.04623
2600.45239 0.04025
2603.14478 0.06822
2605.83716 0.07512
2608.52930 0.06727
2611.21997 0.04073
2613.91357 0.02932
2616.60571 0.03997
2619.29736 0.06008
2621.98779 0.03915
2624.68237 0.06382
2627.37231 0.04536
2630.06519 0.07556
2632.75659 0.06986
2635.45044 0.04332
2638.13989 0.08180
2640.83228 0.03790
2643.52441 0.03356
2646.21655 0.05677
2648.90820 0.04179
2651.59985 0.05999
2654.29297 0.05745
2656.98413 0.05394
2659.67676 0.06320
2662.36890 0.03554
2665.06104 0.03625
2667.75293 0.04557
2670.44336 0.02334
2673.13623 0.02877
2675.82764 0.05587
2678.52148 0.07279
2681.21240 0.04123
2683.90576 0.05674
2686.59619 0.04702
2689.28906 0.07289
2691.98047 0.04672
2694.67285 0.03572
2697.36523 0.04801
2700.05688 0.06078
2702.74878 0.07598
2705.44019 0.05874
2708.13135 0.06157
2710.82495 0.09540
2713.51538 0.04303
2716.20850 0.04984
2718.90015 0.05057
2721.59253 0.04196
2724.28467 0.05359
2726.97510 0.04292
2729.66821 0.03310
2732.35938 0.05241
2735.05298 0.06987
2737.74365 0.06370
2740.43677 0.05549
2743.12793 0.05273
2745.82056 0.04432
2748.51245 0.07425
2751.20410 0.07646
2753.89526 0.04571
2756.58765 0.03437
2759.27979 0.04762
2761.97144 0.04255
2764.66406 0.03406
2767.35474 0.04132
2770.04785 0.04899
2772.73950 0.07276
2775.43188 0.06804
2778.12427 0.06461
2780.81543 0.04601
2783.50854 0.04515
2786.20093 0.05752
2788.89258 0.06680
2791.58374 0.07464
2794.27612 0.05874
2796.96680 0.05744
2799.65967 0.07201
2802.35205 0.04427
2805.04395 0.07590
2807.73560 0.06862
2810.42676 0.06665
2813.12036 0.04713
2815.81201 0.03529
2818.50415 0.08558
2821.19482 0.05087
2823.88794 0.04394
2826.57886 0.05942
2829.27246 0.03928
2831.96387 0.03802
2834.65649 0.06049
2837.34668 0.04893
2840.03931 0.01610
2842.73047 0.04548
2845.42358 0.04438
2848.11475 0.06645
2850.80688 0.05033
2853.50000 0.06768
2856.19092 0.05101
2858.88452 0.06148
2861.57593 0.05219
2864.26660 0.06415
2866.95996 0.05042
2869.65088 0.05089
2872.34277 0.04872
2875.03589 0.06378
2877.72656 0.07635
2880.41821 0.08341
2883.11084 0.07128
2885.80444 0.04229
2888.49414 0.09488
2891.18799 0.04878
2893.87793 0.02760
2896.57202 0.06934
2899.26367 0.07137
2901.95654 0.06380
2904.64697 0.08009
2907.33984 0.09031
2910.03223 0.06588
2912.72192 0.09057
2915.41455 0.02482
2918.10791 0.06821
2920.79834 0.05096
2923.48877 0.04329
2926.18311 0.04427
2928.87500 0.06550
2931.56641 0.05481
2934.25830 0.06682
2936.95142 0.03243
2939.64209 0.06160
2942.33496 0.06254
2945.02734 0.05893
2947.71729 0.02657
2950.41113 0.03861
2953.10449 0.07967
2955.79346 0.04807
2958.48511 0.02131
2961.17920 0.05457
2963.86914 0.05488
2966.56177 0.03917
2969.25513 0.07831
2971.94580 0.03944
2974.63892 0.03672
2977.32959 0.05485
2980.02295 0.04594
2982.71387 0.03315
2985.40527 0.06225
2988.09912 0.06624
2990.78931 0.03904
2993.48315 0.03684
2996.17456 0.07708
2998.86646 0.05646
3001.55786 0.06593
3004.24976 0.07058
3006.94116 0.06286
3009.63477 0.02674
3012.32568 0.03860
3015.01904 0.08325
3017.70996 0.06011
3020.40332 0.05651
3023.09399 0.05959
3025.78687 0.02831
3028.47754 0.02376
3031.16895 0.03927
3033.86084 0.05953
3036.55518 0.07159
3039.24512 0.03860
3041.93750 0.04377
3044.63086 0.04463
3047.32153 0.05706
3050.01245 0.03403
3052.70605 0.04165
3055.39697 0.05119
3058.09033 0.03829
3060.78101 0.03990
3063.47437 0.04733
3066.16626 0.07668
3068.85718 0.04717
3071.54883 0.06977
3074.24121 0.05608
3076.93457 0.03271
3079.62646 0.06686
3082.31763 0.05012
3085.01074 0.02956
3087.70142 0.05755
3090.39282 0.06169
3093.08643 0.06468
3095.77881 0.08357
3098.46875 0.06590
3101.16064 0.05681
3103.85376 0.06512
3106.54541 0.05597
3109.23755 0.05011
3111.93066 0.05071
3114.62061 0.03953
3117.31323 0.07846
3120.00464 0.07842
3122.69653 0.06101
3125.38916 0.02764
3128.08252 0.05366
3130.77271 0.07515
3133.46387 0.04583
3136.15698 0.05293
3138.84741 0.07430
3141.54199 0.03649
3144.23340 0.06626
3146.92407 0.05690
3149.61841 0.05991
3152.31006 0.08301
3155.00024 0.06418
3157.69336 0.04297
3160.38452 0.05150
3163.07690 0.04539
3165.76953 0.05904
3168.45923 0.05399
3171.15283 0.04650
3173.84546 0.05446
3176.53882 0.03330
3179.22876 0.07687
3181.91943 0.06663
3184.61230 0.03864
3187.30444 0.04038
3189.99634 0.05625
3192.68774 0.07675
3195.38086 0.07089
3198.07300 0.07350
3200.76367 0.04296
3203.45483 0.06947
3206.14844 0.04969
3208.84082 0.05562
3211.53394 0.06174
3214.22559 0.06745
3216.91577 0.06368
3219.60815 0.08253
3222.30103 0.07217
3224.99316 0.06014
3227.68335 0.05641
3230.37793 0.03181
3233.06934 0.06421
3235.76099 0.04661
3238.45166 0.05158
3241.14429 0.06652
3243.83765 0.05788
3246.52783 0.05213
3249.22021 0.03116
3251.91284 0.05374
3254.60449 0.03515
3257.29614 0.08090
3259.98853 0.03822
3262.67944 0.06785
3265.37280 0.05491
3268.06470 0.06280
3270.75708 0.07003
3273.44775 0.03201
3276.13892 0.06131
3278.83057 0.05081
3281.52466 0.06097
3284.21533 0.04651
3286.90820 0.06236
3289.59985 0.06910
3292.29199 0.07034
3294.98413 0.06886
3297.67676 0.07228
3300.36816 0.06824
3303.05981 0.02112
3305.75171 0.06699
3308.44238 0.07071
3311.13696 0.06594
3313.82837 0.05824
3316.52002 0.05557
3319.21240 0.05643
3321.90454 0.05414
3324.59570 0.04722
3327.28687 0.02389
3329.98047 0.04866
3332.67261 0.03358
3335.36328 0.05289
3338.05591 0.04331
3340.74707 0.07264
3343.44043 0.06291
3346.13037 0.06452
3348.82275 0.06390
3351.51538 0.02772
3354.20630 0.04308
3356.90137 0.07979
3359.59302 0.05373
3362.28296 0.06464
3364.97534 0.05596
3367.66797 0.03101
3370.35889 0.03608
3373.05029 0.05255
3375.74390 0.05447
3378.43579 0.07257
3381.12817 0.03209
3383.82056 0.06471
3386.51343 0.03572
3389.20483 0.03531
3391.89600 0.03383
3394.58765 0.04876
3397.28174 0.05899
3399.97046 0.08591
3402.66309 0.06923
3405.35571 0.07455
3408.04688 0.04742
3410.74023 0.04809
3413.43018 0.03233
3416.12231 0.03972
3418.81616 0.07417
3421.50684 0.05124
3424.19946 0.04229
3426.89087 0.07392
3429.58203 0.03045
3432.27539 0.05615
3434.96533 0.06000
3437.65918 0.07952
3440.35132 0.06177
3443.04370 0.01522
3445.73462 0.02852
3448.42725 0.07340
3451.11865 0.06292
3453.81006 0.03966
3456.50171 0.05006
3459.19531 0.04505
3461.88721 0.07969
3464.57764 0.04878
3467.27148 0.07224
3469.96411 0.04775
3472.65308 0.08130
3475.34766 0.05452
3478.03906 0.05935
3480.73242 0.04349
3483.42212 0.05290
3486.11377 0.06411
3488.80737 0.05370
3491.49731 0.05273
3494.19165 0.06196
3496.88403 0.07403
3499.57617 0.08049
3502.26685 0.08642
3504.95776 0.04767
3507.65088 0.08363
3510.34180 0.07359
3513.03516 0.07412
3515.72656 0.06843
3518.41821 0.05392
3521.10986 0.03988
3523.80151 0.05443
3526.49536 0.03162
3529.18726 0.04718
3531.87769 0.06263
3534.57007 0.07522
3537.26416 0.07020
3539.95459 0.05295
3542.64526 0.06390
3545.33789 0.04782
3548.03076 0.02428
3550.72192 0.08234
3553.41479 0.03874
3556.10571 0.05561
3558.79883 0.04623
3561.48999 0.05597
3564.18140 0.05099
3566.87500 0.08901
3569.56641 0.05344
3572.26001 0.02820
3574.94971 0.06952
3577.64331 0.09496
3580.33301 0.04970
3583.02686 0.05086
3585.71899 0.08934
3588.41064 0.05065
3591.10059 0.05778
3593.79492 0.05915
3596.48682 0.04524
3599.17871 0.04285
3601.87109 0.08921
3604.56104 0.02408
3607.25342 0.05242
3609.94580 0.05624
3612.63794 0.07577
3615.33032 0.06014
3618.02075 0.06756
3620.71289 0.06502
3623.40527 0.03675
3626.09766 0.02873
3628.78979 0.06183
3631.48218 0.07031
3634.17261 0.06305
3636.86523 0.05439
3639.55737 0.05890
3642.24976 0.05427
3644.94019 0.04164
3647.63452 0.04340
3650.32471 0.06950
3653.01904 0.05441
3655.70947 0.06894
3658.39966 0.03410
3661.09375 0.07650
3663.78394 0.04599
3666.47632 0.03139
3669.17017 0.05655
3671.86035 0.06739
3674.55444 0.02280
3677.24658 0.04871
3679.93848 0.06466
3682.62817 0.04496
3685.32202 0.05540
3688.01367 0.05243
3690.70581 0.04540
3693.39746 0.05575
3696.08911 0.06047
3698.78223 0.08014
3701.47388 0.07558
3704.16528 0.05830
3706.85864 0.04474
3709.54785 0.05512
3712.24097 0.05010
3714.93433 0.05745
3717.62524 0.06442
3720.31592 0.06542
3723.00879 0.05801
3725.70142 0.03745
3728.39209 0.05744
3731.08472 0.04317
3733.77905 0.06556
3736.46948 0.04404
3739.16357 0.05077
3741.85181 0.05181
3744.54370 0.06423
3747.23535 0.04460
3749.92920 0.05401
3752.62085 0.05476
3755.31421 0.05548
3758.00562 0.06355
3760.69873 0.06823
3763.38794 0.05390
3766.08081 0.08211
3768.77173 0.05249
3771.46631 0.06438
3774.15698 0.07053
3776.84741 0.05449
3779.54175 0.06473
3782.23364 0.05641
3784.92578 0.02858
3787.61743 0.03787
3790.30688 0.05973
3793.00073 0.02800
3795.69165 0.04854
3798.38501 0.07275
3801.07593 0.06704
3803.76855 0.06087
3806.46118 0.06468
3809.15161 0.04811
3811.84570 0.05221
3814.53589 0.04011
3817.22974 0.06050
3819.92139 0.03630
3822.61304 0.06290
3825.30444 0.05647
3827.99536 0.06358
3830.68823 0.06408
3833.38086 0.04176
3836.07129 0.06273
3838.76367 0.04576
3841.45581 0.06587
3844.14795 0.03620
3846.83960 0.07974
3849.53076 0.07519
3852.22607 0.05887
3854.91724 0.03759
3857.60767 0.05205
3860.29834 0.05002
3862.99072 0.02501
3865.68262 0.06211
3868.37476 0.05734
3871.06836 0.06594
3873.75977 0.06584
3876.45288 0.02138
3879.14404 0.04415
3881.83667 0.05291
3884.52686 0.06746
3887.21899 0.03929
3889.91089 0.04225
3892.60474 0.06253
3895.29614 0.05393
3897.98511 0.03705
3900.68018 0.05486
3903.37280 0.06778
3906.06494 0.03242
3908.75513 0.08368
3911.44678 0.07488
3914.14062 0.04431
3916.83154 0.05100
3919.52271 0.05265
3922.21533 0.02668
3924.90796 0.07252
3927.59985 0.05028
3930.29175 0.06551
3932.98315 0.07209
3935.67456 0.09564
3938.36743 0.05964
3941.05811 0.05269
3943.75244 0.06636
3946.44238 0.05895
3949.13867 0.06058
3951.82568 0.04113
3954.51880 0.04645
3957.21167 0.07284
3959.90430 0.05496
3962.59424 0.03958
3965.28638 0.06028
3967.97998 0.05609
3970.67090 0.07398
3973.36377 0.02886
3976.05640 0.08055
3978.74683 0.03975
3981.43848 0.05992
3984.13232 0.06032
3986.82153 0.05788
3989.51440 0.05015
3992.20703 0.05704
3994.89893 0.04517
3997.59326 0.04259
4000.28027 0.06202
4002.97363 0.03522
4005.66650 0.04590
4008.35889 0.03934
4011.05127 0.02736
4013.74292 0.03719
4016.43433 0.07341
4019.12720 0.05070
4021.81787 0.05706
4024.51245 0.04911
4027.20435 0.06757
4029.89355 0.05944
4032.58667 0.04376
4035.27734 0.07352
4037.96997 0.07775
4040.66211 0.06863
4043.35376 0.04303
4046.04688 0.04056
4048.73999 0.06464
4051.43018 0.06960
4054.12256 0.07254
4056.81421 0.06993
4059.50757 0.08574
4062.19849 0.07074
4064.88892 0.05740
4067.58081 0.04664
4070.27466 0.04901
4072.96606 0.06213
4075.65674 0.03430
4078.35181 0.05661
4081.04126 0.03410
4083.73535 0.07144
4086.42627 0.06060
4089.11694 0.07338
4091.80957 0.05361
4094.50171 0.09727
4097.19531 0.05995
4099.88623 0.04784
4102.57910 0.06532
4105.26904 0.04688
4107.96338 0.07989
4110.65674 0.05439
4113.34766 0.07825
4116.04004 0.03596
4118.72998 0.05506
4121.42188 0.03088
4124.11523 0.05274
4126.80518 0.04882
4129.49805 0.06808
4132.18945 0.03678
4134.88086 0.04037
4137.57373 0.09420
4140.26660 0.34904
4142.95850 0.18112
4145.65039 0.07300
4148.34082 0.00241
4151.03369 0.09458
4153.72559 0.02905
4156.41748 0.03927
4159.11084 0.01600
4161.80127 0.03995
4164.49365 0.02729
4167.18555 0.03306
4169.87646 0.04779
4172.56982 0.03818
4175.26172 0.07546
4177.95166 0.04064
4180.64502 0.07291
4183.33594 0.05867
4186.03076 0.04515
4188.72266 0.07055
4191.41602 0.06309
4194.10693 0.07800
4196.79932 0.05028
4199.49121 0.06153
4202.18018 0.08287
4204.87061 0.05621
4207.56787 0.01946
4210.25732 0.04284
4212.95117 0.04561
4215.64160 0.06069
4218.33154 0.04367
4221.02588 0.02895
4223.71680 0.07555
4226.40967 0.02661
4229.10205 0.04640
4231.79395 0.05236
4234.48535 0.04655
4237.17773 0.06800
4239.87012 0.05394
4242.55908 0.05157
4245.25488 0.07191
4247.94482 0.05667
4250.63721 0.02556
4253.32861 0.05641
4256.02148 0.09302
4258.71143 0.04075
4261.40820 0.04446
4264.09717 0.05551
4266.79004 0.08364
4269.47998 0.04602
4272.17383 0.07125
4274.86475 0.05204
4277.55762 0.02527
4280.25195 0.02823
4282.94092 0.07453
4285.63379 0.03228
4288.32617 0.03639
4291.01758 0.04837
4293.70850 0.06900
4296.40186 0.07025
4299.09131 0.03025
4301.78516 0.05224
4304.47803 0.04624
4307.17041 0.07239
4309.86230 0.03690
4312.55322 0.03884
4315.24365 0.03810
4317.93555 0.05940
4320.62891 0.04514
4323.32227 0.05558
4326.01465 0.05713
4328.70361 0.02763
4331.39453 0.04343
4334.08691 0.03685
4336.78125 0.05476
4339.47217 0.04807
4342.16260 0.05992
4344.85498 0.02398
4347.54883 0.06457
4350.23926 0.05104
4352.93164 0.08547
4355.62305 0.06392
4358.31885 0.05981
4361.00928 0.04872
4363.70068 0.06869
4366.39160 0.06877
4369.08496 0.06264
4371.77686 0.03088
4374.46533 0.04510
4377.16064 0.05286
4379.85303 0.04199
4382.54443 0.05243
4385.23730 0.05420
4387.92725 0.03829
4390.62109 0.04529
4393.31201 0.05425
4396.00439 0.05255
4398.69629 0.05909
4401.38965 0.05751
4404.07959 0.06147
4406.77148 0.06655
4409.46484 0.05456
4412.15527 0.06170
4414.84961 0.06025
4417.54053 0.05805
4420.23096 0.04568
4422.92480 0.05062
4425.61621 0.06276
4428.30908 0.05141
4431.00098 0.03660
4433.69238 0.02911
4436.38281 0.05946
4439.07471 0.07069
4441.76807 0.04993
4444.45850 0.04352
4447.15332 0.03750
4449.84180 0.05231
4452.53711 0.07281
4455.22656 0.05767
4457.92041 0.07614
4460.61328 0.05124
4463.30322 0.04139
4465.99658 0.04841
4468.68701 0.05913
4471.37891 0.05383
4474.07275 0.03839
4476.76514 0.06930
4479.45703 0.04721
4482.14844 0.05867
4484.83838 0.05268
4487.53076 0.03571
4490.22363 0.05705
4492.91650 0.05328
4495.60596 0.05202
4498.29932 0.06218
4500.99170 0.05514
4503.68359 0.06218
4506.37646 0.05595
4509.06885 0.02652
4511.76074 0.06677
4514.45117 0.04470
4517.14355 0.04163
4519.83740 0.05088
4522.52783 0.07488
4525.22021 0.07818
4527.91162 0.08337
4530.60400 0.06811
4533.29590 0.04015
4535.98730 0.07813
4538.68018 0.06899
4541.37158 0.04896
4544.06250 0.04008
4546.75488 0.05299
4549.44678 0.02066
4552.13965 0.04930
4554.82959 0.06781
4557.52344 0.06497
4560.21631 0.06383
4562.90820 0.04469
4565.59961 0.06017
4568.28955 0.05033
4570.98389 0.05147
4573.67480 0.05300
4576.36719 0.04682
4579.05859 0.05818
4581.75195 0.06629
4584.44385 0.04022
4587.13525 0.05301
4589.82764 0.04229
4592.51953 0.06779
4595.20801 0.02184
4597.90283 0.05278
4600.59473 0.07026
4603.28760 0.02898
4605.97998 0.05265
4608.66846 0.06880
4611.36377 0.05210
4614.05322 0.06483
4616.74658 0.05504
4619.43896 0.03207
4622.13037 0.04545
4624.82080 0.05371
4627.51562 0.06314
4630.20410 0.05476
4632.89893 0.06040
4635.59082 0.05054
4638.28174 0.06354
4640.97607 0.04642
4643.66504 0.05005
4646.35791 0.02944
4649.04980 0.06250
4651.74268 0.06544
4654.43555 0.06298
4657.12695 0.05088
4659.81982 0.03900
4662.51172 0.04801
4665.20264 0.04544
4667.89258 0.06370
4670.58691 0.04483
4673.27686 0.04514
4675.97168 0.06047
4678.66016 0.05615
4681.35547 0.06433
4684.04639 0.04789
4686.73975 0.06744
4689.42920 0.07194
4692.12012 0.06366
4694.81299 0.05884
4697.50684 0.04115
4700.19775 0.05850
4702.88965 0.06383
4705.58301 0.04962
4708.27588 0.05838
4710.96729 0.04290
4713.65723 0.06271
4716.35205 0.06169
4719.04297 0.07656
4721.73291 0.07208
4724.42676 0.05404
4727.11719 0.03310
4729.80908 0.05498
4732.50244 0.06278
4735.19482 0.06779
4737.88623 0.05100
4740.57617 0.04935
4743.27100 0.04529
4745.95898 0.04918
4748.65332 0.07124
4751.34717 0.06324
4754.03711 0.03121
4756.72852 0.03350
4759.42188 0.06020
4762.11377 0.03557
4764.80469 0.06957
4767.49707 0.05056
4770.19092 0.06892
4772.88135 0.07855
4775.57275 0.05327
4778.26904 0.06093
4780.95801 0.06753
4783.64941 0.07207
4786.33936 0.04896
4789.03320 0.02724
4791.72607 0.03439
4794.41797 0.02259
4797.11133 0.04190
4799.80078 0.05250
4802.49463 0.03240
4805.18457 0.04555
4807.87598 0.05418
4810.57178 0.04447
4813.26074 0.04790
4815.95410 0.05080
4818.64600 0.05687
4821.33984 0.05372
4824.02734 0.04596
4826.72119 0.06719
4829.41406 0.05890
4832.10596 0.03868
4834.79688 0.03675
4837.49121 0.06409
4840.17969 0.07090
4842.87207 0.06046
4845.56348 0.05110
4848.25879 0.05670
4850.95068 0.03912
4853.64111 0.06814
4856.33301 0.05207
4859.02637 0.06431
4861.71582 0.05736
4864.40967 0.05616
4867.10205 0.03901
4869.79102 0.05969
4872.48389 0.04605
4875.17822 0.06151
4877.86572 0.05919
4880.56055 0.04852
4883.25391 0.04913
4885.94629 0.06078
4888.63477 0.04601
4891.32715 0.05092
4894.02148 0.04741
4896.71436 0.05459
4899.40576 0.04623
4902.09912 0.04731
4904.78809 0.02151
4907.47900 0.05873
4910.17090 0.04867
4912.86475 0.04447
4915.55664 0.05232
4918.24805 0.06993
4920.94092 0.07531
4923.63232 0.06622
4926.32520 0.02661
4929.01660 0.05486
4931.70996 0.04901
4934.40186 0.04915
4937.09229 0.04237
4939.78467 0.08867
4942.47803 0.07865
4945.17041 0.03988
4947.86133 0.07946
4950.55420 0.05911
4953.24561 0.05682
4955.93555 0.04346
4958.62695 0.05381
4961.32275 0.06283
4964.01172 0.07063
4966.70215 0.04413
4969.39404 0.04655
4972.08984 0.02308
4974.77930 0.04062
4977.47314 0.04360
4980.16553 0.03792
4982.85645 0.06810
4985.55176 0.06787
4988.24268 0.06560
4990.93262 0.02377
4993.62402 0.06743
4996.31641 0.05177
4999.00830 0.05820
5001.70117 0.03704
5004.38965 0.06434
5007.08594 0.03818
5009.77490 0.03302
5012.46826 0.03599
5015.16016 0.03417
5017.85059 0.06866
5020.54248 0.08638
5023.23584 0.06368
5025.92822 0.07053
5028.62207 0.04928
5031.31152 0.03023
5034.00244 0.04814
5036.69482 0.04508
5039.38867 0.07413
5042.08105 0.03294
5044.77246 0.05934
5047.46533 0.04061
5050.15625 0.02991
5052.84912 0.06520
5055.54053 0.04770
5058.23340 0.04229
5060.92480 0.03962
5063.61523 0.05269
5066.30664 0.05583
5068.99951 0.05043
5071.69141 0.06006
5074.38477 0.05518
5077.07617 0.06733
5079.76660 0.06377
5082.46094 0.04763
5085.15137 0.07315
5087.84326 0.05789
5090.53369 0.06576
5093.22852 0.06235
5095.91650 0.04273
5098.61084 0.03144
5101.30420 0.06598
5103.99365 0.05439
5106.68701 0.04323
5109.37891 0.05134
5112.07275 0.04063
5114.76172 0.05164
5117.45508 0.06107
5120.14746 0.07388
5122.84082 0.02793
5125.53027 0.05461
5128.22363 0.05128
5130.91309 0.05977
5133.60645 0.04543
5136.30127 0.07122
5138.98926 0.04530
5141.68457 0.05597
5144.37500 0.08956
5147.06738 0.06603
5149.75781 0.05885
5152.45020 0.06126
5155.14062 0.02159
5157.83252 0.06435
5160.52930 0.04963
5163.21826 0.04525
5165.90869 0.04499
5168.60400 0.06923
5171.29443 0.05103
5173.98633 0.04408
5176.67725 0.05538
5179.37158 0.05226
5182.06250 0.06122
5184.75439 0.04849
5187.44775 0.05628
5190.13965 0.03501
5192.83008 0.05569
5195.52148 0.07829
5198.21484 0.03436
5200.90674 0.05697
5203.59668 0.04955
5206.29150 0.04824
5208.98193 0.07281
5211.67334 0.05174
5214.36621 0.05352
5217.06055 0.05664
5219.75098 0.05833
5222.44189 0.05909
5225.13525 0.05600
5227.82617 0.06040
5230.51904 0.04477
5233.21045 0.06953
5235.89990 0.04504
5238.59082 0.04603
5241.28955 0.05883
5243.97754 0.05985
5246.66992 0.04613
5249.36377 0.05606
5252.05615 0.04631
5254.74365 0.07061
5257.43896 0.04407
5260.12939 0.03997
5262.82178 0.04153
5265.51514 0.05706
5268.20410 0.03752
5270.89746 0.03269
5273.59180 0.05768
5276.28223 0.07506
5278.97363 0.05775
5281.66650 0.06368
5284.35547 0.06178
5287.04785 0.04538
5289.74219 0.04596
5292.43506 0.03580
5295.12305 0.05789
5297.81836 0.05474
5300.50928 0.05834
5303.20166 0.04238
5305.89258 0.05139
5308.58496 0.07756
5311.27783 0.04572
5313.97021 0.05486
5316.66309 0.06395
5319.35254 0.04629
5322.04541 0.06731
5324.73682 0.05306
5327.42969 0.03574
5330.12402 0.08922
5332.81396 0.06790
5335.50537 0.04837
5338.20068 0.02710
5340.88867 0.06488
5343.58057 0.06088
5346.27441 0.05335
5348.96338 0.04898
5351.65723 0.05535
5354.35156 0.05221
5357.04199 0.06570
5359.73047 0.05238
5362.42383 0.05386
5365.11816 0.05614
5367.80762 0.05452
5370.49902 0.06161
5373.19141 0.02231
5375.88818 0.04767
5378.58008 0.04201
5381.26807 0.06267
5383.95996 0.05034
5386.65332 0.05715
5389.34473 0.05386
5392.03760 0.05844
5394.72949 0.06685
5397.41895 0.04771
5400.11328 0.04503
5402.80273 0.04927
5405.49658 0.07136
5408.18848 0.05299
5410.88232 0.07698
5413.57422 0.07141
5416.26465 0.06075
5418.95605 0.05826
5421.64941 0.06213
5424.34326 0.06058
5427.03320 0.05397
5429.72412 0.03201
5432.41943 0.06320
5435.10986 0.05686
5437.80225 0.06283
5440.49219 0.03238
5443.18701 0.05204
5445.87695 0.07797
5448.56836 0.05359
5451.26123 0.05178
5453.95215 0.04080
5456.64453 0.02701
5459.33545 0.05092
5462.02734 0.07511
5464.72070 0.07961
5467.41211 0.03220
5470.10547 0.04811
5472.79688 0.05422
5475.48926 0.04895
5478.18018 0.04890
5480.87549 0.04901
5483.56592 0.03064
5486.25781 0.05420
5488.94824 0.04843
5491.64014 0.06350
5494.33594 0.02168
5497.02393 0.02506
5499.71680 0.07872
5502.40723 0.06266
5505.10254 0.06593
5507.79297 0.04604
5510.48438 0.05980
5513.17725 0.03303
5515.86865 0.06545
5518.55811 0.06445
5521.25195 0.04991
5523.94482 0.04398
5526.63525 0.06897
5529.32666 0.03472
5532.02002 0.04410
5534.71143 0.05654
5537.40723 0.05056
5540.09521 0.07254
5542.78711 0.03930
5545.48096 0.05115
5548.17334 0.04047
5550.86328 0.03923
5553.55469 0.06032
5556.24707 0.08122
5558.93848 0.03688
5561.63379 0.05318
5564.32715 0.04947
5567.01562 0.04156
5569.70557 0.03809
5572.39697 0.06764
5575.09277 0.05140
5577.78418 0.04218
5580.47607 0.06738
5583.16699 0.02642
5585.85840 0.04350
5588.55469 0.03405
5591.24268 0.05807
5593.93555 0.02746
5596.62598 0.06146
5599.32129 0.05151
5602.01465 0.06896
5604.70361 0.05108
5607.39600 0.04259
5610.09082 0.04250
5612.77979 0.05897
5615.47021 0.06950
5618.16211 0.06418
5620.85547 0.04104
5623.54639 0.05200
5626.23926 0.04708
5628.93066 0.05649
5631.62256 0.03554
5634.31592 0.02987
5637.00781 0.04855
5639.69775 0.04585
5642.39160 0.03816
5645.08447 0.04466
5647.77490 0.05519
5650.46631 0.07627
5653.15967 0.04849
5655.85449 0.06126
5658.54688 0.04078
5661.23438 0.05532
5663.92676 0.03504
5666.61719 0.05446
5669.31152 0.04333
5672.00439 0.05790
5674.69531 0.04649
5677.38770 0.04861
5680.07812 0.05722
5682.76953 0.05433
5685.46289 0.05715
5688.15674 0.04832
5690.84619 0.03259
5693.54004 0.05072
5696.23145 0.03904
5698.92480 0.05733
5701.61621 0.04495
5704.30859 0.05509
5707.00195 0.03857
5709.69385 0.05267
5712.38379 0.04514
5715.07520 0.04368
5717.76807 0.04492
5720.45850 0.04130
5723.15381 0.06397
5725.84375 0.06208
5728.53516 0.04307
5731.22754 0.02739
5733.92188 0.06177
5736.61035 0.03869
5739.30371 0.01982
5741.99512 0.04658
5744.68506 0.04974
5747.37891 0.07616
5750.07080 0.05854
5752.76074 0.06585
5755.45557 0.05498
5758.14795 0.04880
5760.83887 0.02231
5763.53076 0.04170
5766.22412 0.06701
5768.91211 0.07010
5771.60791 0.01991
5774.29883 0.04444
5776.99072 0.06175
5779.68066 0.03999
5782.37451 0.04274
5785.06738 0.04275
5787.75781 0.04756
5790.45020 0.05499
5793.14014 0.06095
5795.83398 0.05890
5798.52979 0.06750
5801.22070 0.05923
5803.90869 0.07184
5806.60205 0.06529
5809.29248 0.04875
5811.98535 0.05771
5814.67822 0.05970
5817.37061 0.05674
5820.06299 0.05339
5822.75391 0.05223
5825.44629 0.04663
5828.13623 0.04447
5830.83105 0.05817
5833.52051 0.04502
5836.21777 0.05293
5838.90625 0.02653
5841.59619 0.05077
5844.29102 0.03972
5846.97949 0.03625
5849.67676 0.06644
5852.36572 0.06625
5855.05469 0.04206
5857.74951 0.06567
5860.44141 0.05575
5863.13477 0.05623
5865.82324 0.06296
5868.51953 0.05288
5871.20654 0.07005
5873.90186 0.05198
5876.59521 0.05847
5879.28613 0.04398
5881.97510 0.06341
5884.67236 0.01466
5887.36377 0.03315
5890.05371 0.02992
5892.74756 0.05751
5895.43652 0.04876
5898.12988 0.05508
5900.82178 0.04390
5903.51025 0.05749
5906.20752 0.05923
5908.89648 0.04462
5911.58984 0.04595
5914.28027 0.04753
5916.97217 0.04636
5919.66650 0.02658
5922.35742 0.03859
5925.05029 0.06771
5927.74072 0.04379
5930.43311 0.04560
5933.12207 0.07107
5935.82031 0.02322
5938.51221 0.03877
5941.19873 0.06401
5943.89404 0.02881
5946.58350 0.05523
5949.27734 0.04099
5951.96533 0.02532
5954.66211 0.05455
5957.35596 0.03630
5960.04541 0.04195
5962.73535 0.02750
5965.42969 0.06859
5968.12256 0.03913
5970.81299 0.07149
5973.50781 0.03656
5976.19775 0.04374
5978.88867 0.02074
5981.58057 0.06071
5984.27393 0.03862
5986.96484 0.04950
5989.65771 0.04144
5992.35107 0.05346
5995.03955 0.03746
5997.73242 0.06650
6000.42627 0.03724
6003.11475 0.03895
6005.80762 0.06014
6008.50244 0.03685
6011.19092 0.05452
6013.88428 0.02964
6016.57861 0.05201
6019.26807 0.04616
6021.96191 0.05808
6024.65332 0.06555
6027.34668 0.05742
6030.04053 0.05582
6032.72949 0.05574
6035.42188 0.02705
6038.11328 0.05814
6040.80518 0.05157
6043.49512 0.04434
6046.18994 0.05265
6048.88281 0.04613
6051.57324 0.05642
6054.26465 0.06049
6056.95703 0.02164
6059.64795 0.06227
6062.33984 0.04338
6065.03320 0.06140
6067.72363 0.06680
6070.41602 0.01402
6073.10596 0.05271
6075.80029 0.03699
6078.49219 0.07193
6081.18652 0.03971
6083.87744 0.04583
6086.56689 0.04244
6089.26025 0.04676
6091.95215 0.05341
6094.64502 0.04685
6097.33545 0.05642
6100.02734 0.05533
6102.71680 0.05709
6105.41162 0.05046
6108.10693 0.02317
6110.79688 0.03163
6113.48730 0.04166
6116.18018 0.01693
6118.87354 0.09664
6121.56445 0.05836
6124.25732 0.04860
6126.94727 0.05759
6129.64209 0.05816
6132.33105 0.04637
6135.02197 0.04245
6137.71680 0.05764
6140.40967 0.05932
6143.10059 0.04349
6145.79492 0.06225
6148.48535 0.04112
6151.17578 0.04536
6153.87109 0.05640
6156.56104 0.04214
6159.25195 0.05802
6161.94385 0.06721
6164.63721 0.04616
6167.32520 0.03888
6170.02051 0.06240
6172.71045 0.04401
6175.40479 0.05070
6178.09424 0.04128
6180.78760 0.01137
6183.48193 0.05581
6186.17139 0.04002
6188.86523 0.05805
6191.55371 0.07670
6194.24609 0.06639
6196.93945 0.03877
6199.63135 0.06410
6202.32422 0.05562
6205.01807 0.03560
6207.70947 0.02286
6210.40186 0.03342
6213.09277 0.04849
6215.78467 0.03229
6218.47412 0.07368
6221.16797 0.04608
6223.85645 0.03821
6226.55322 0.06403
6229.24072 0.02977
6231.93604 0.04609
6234.62842 0.04693
6237.31982 0.03634
6240.01172 0.04592
6242.70117 0.05551
6245.39551 0.06967
6248.08789 0.03311
6250.77686 0.03947
6253.47168 0.04584
6256.16357 0.05366
6258.85352 0.06740
6261.54736 0.05154
6264.24023 0.05523
6266.92969 0.03707
6269.62402 0.01567
6272.31641 0.04631
6275.00635 0.03363
6277.69727 0.05980
6280.39258 0.06030
6283.07959 0.04712
6285.77734 0.03423
6288.46924 0.03259
6291.15918 0.04506
6293.85010 0.05154
6296.54248 0.04680
6299.23584 0.06477
6301.92969 0.04911
6304.61523 0.02711
6307.30859 0.03696
6310.00342 0.05715
6312.69531 0.04718
6315.38525 0.05880
6318.07959 0.05640
6320.76855 0.06066
6323.46191 0.03364
6326.15576 0.04755
6328.84814 0.04111
6331.53760 0.06543
6334.22900 0.05190
6336.92090 0.03058
6339.61377 0.04309
6342.30518 0.02770
6345.00049 0.05688
6347.69336 0.05425
6350.38428 0.04764
6353.07275 0.04674
6355.76562 0.04894
6358.45605 0.02768
6361.14795 0.05301
6363.84131 0.05782
6366.53223 0.05076
6369.22754 0.02334
6371.91699 0.03650
6374.61084 0.05072
6377.30273 0.04804
6379.99512 0.07489
6382.68604 0.04962
6385.37744 0.04267
6388.06982 0.05784
6390.76367 0.08591
6393.45605 0.05890
6396.14844 0.06157
6398.83838 0.04910
6401.52979 0.05265
6404.22266 0.04501
6406.91260 0.06782
6409.60400 0.06799
6412.29639 0.04569
6414.98975 0.04145
6417.68115 0.06012
6420.37305 0.05396
6423.06641 0.06147
6425.75781 0.04674
6428.45312 0.04781
6431.14307 0.04337
6433.83350 0.03265
6436.52539 0.07024
6439.21875 0.04927
6441.90967 0.02808
6444.59766 0.06223
6447.29395 0.04962
6449.98828 0.04523
6452.68018 0.02575
6455.36963 0.03985
6458.05957 0.05257
6460.75146 0.02594
6463.44336 0.02187
6466.13721 0.05775
6468.82861 0.05967
6471.52148 0.04237
6474.21436 0.02193
6476.90576 0.06798
6479.59766 0.04521
6482.28809 0.07158
6484.97852 0.04213
6487.67432 0.04762
6490.36719 0.06041
6493.05469 0.07102
6495.75293 0.02583
6498.44238 0.03592
6501.13330 0.04145
6503.82129 0.04642
6506.51758 0.03537
6509.21094 0.03273
6511.89893 0.05591
6514.59473 0.05223
6517.28516 0.06259
6519.97607 0.04358
6522.67236 0.04242
6525.36133 0.04544
6528.05225 0.02852
6530.74805 0.04336
6533.43750 0.03791
6536.13135 0.03198
6538.82324 0.05730
6541.51270 0.05686
6544.20654 0.05373
6546.89404 0.03541
6549.59082 0.04247
6552.28076 0.06275
6554.96826 0.05065
6557.66406 0.06153
6560.35400 0.05624
6563.05176 0.02683
6565.73975 0.02991
6568.43311 0.03252
6571.12402 0.06590
6573.81934 0.06415
6576.50830 0.04264
6579.20264 0.05591
6581.88965 0.06359
6584.58643 0.04249
6587.27588 0.03846
6589.97119 0.05613
6592.66309 0.05211
6595.35645 0.05937
6598.04297 0.05736
6600.73877 0.04793
6603.42822 0.06065
6606.12207 0.04580
6608.80957 0.05279
6611.50244 0.02032
6614.20020 0.03327
6616.88770 0.03168
6619.57959 0.03748
6622.26953 0.02379
6624.96387 0.04932
6627.65527 0.08166
6630.34863 0.02406
6633.03955 0.03943
6635.73047 0.04410
6638.42334 0.04312
6641.11719 0.05721
6643.80811 0.04111
6646.49658 0.05180
6649.19385 0.05798
6651.88477 0.02972
6654.57666 0.03733
6657.26904 0.07013
6659.95605 0.04188
6662.65137 0.04512
6665.34375 0.04350
6668.03760 0.04062
6670.72510 0.04981
6673.42090 0.04692
6676.11426 0.06321
6678.80518 0.04488
6681.49609 0.03938
6684.18945 0.05745
6686.87939 0.05495
6689.57080 0.05720
6692.26367 0.06689
6694.95703 0.02558
6697.64795 0.06996
6700.34033 0.03738
6703.02930 0.04299
6705.72363 0.04828
6708.41455 0.03313
6711.10791 0.04459
6713.80127 0.02098
6716.48877 0.02395
6719.18457 0.01809
6721.87451 0.04405
6724.56543 0.03852
6727.26074 0.02807
6729.95312 0.04576
6732.64697 0.06754
6735.33447 0.05748
6738.02734 0.02363
6740.72070 0.04671
6743.41113 0.04768
6746.10303 0.03796
6748.79639 0.07843
6751.48633 0.05854
6754.18164 0.08769
6756.87451 0.04693
6759.56445 0.05960
6762.25879 0.04597
6764.94678 0.06260
6767.63623 0.04055
6770.33008 0.06195
6773.02148 0.03715
6775.71436 0.03407
6778.40430 0.03358
6781.09863 0.03833
6783.79102 0.04513
6786.47998 0.07211
6789.17480 0.04322
6791.86621 0.02487
6794.55859 0.04735
6797.24854 0.03793
6799.93945 0.04800
6802.63525 0.03124
6805.32471 0.05448
6808.01855 0.04097
6810.71387 0.04501
6813.40674 0.06223
6816.09668 0.04772
6818.78711 0.02138
6821.47998 0.04637
6824.16846 0.04409
6826.86328 0.06182
6829.55469 0.04315
6832.24707 0.05152
6834.93701 0.04083
6837.63184 0.04123
6840.32373 0.05482
6843.01660 0.04930
6845.70703 0.03350
6848.40186 0.04532
6851.09033 0.05356
6853.78418 0.04030
6856.47119 0.05829
6859.16650 0.03536
6861.85938 0.01966
6864.54980 0.06631
6867.24072 0.04094
6869.93311 0.03385
6872.62695 0.04655
6875.32080 0.06844
6878.01270 0.04500
6880.70557 0.05011
6883.39551 0.04117
6886.08984 0.03894
6888.78174 0.05983
6891.47217 0.05408
6894.16211 0.03602
6896.85352 0.04172
6899.54590 0.04792
6902.23584 0.04520
6904.93066 0.04088
6907.62256 0.05266
6910.31201 0.07369
6913.00586 0.05802
6915.69629 0.04324
6918.39307 0.03201
6921.08252 0.02060
6923.77295 0.03413
6926.46826 0.04204
6929.15723 0.03320
6931.84717 0.06443
6934.54541 0.05810
6937.23438 0.04359
6939.92383 0.04895
6942.61768 0.02449
6945.30908 0.04505
6948.00098 0.04785
6950.69824 0.04511
6953.38574 0.00626
6956.08057 0.06499
6958.76953 0.03994
6961.46338 0.03698
6964.15820 0.03538
6966.84668 0.05978
6969.53955 0.05428
6972.22998 0.04478
6974.92139 0.03884
6977.61328 0.05780
6980.30664 0.04660
6982.99707 0.04458
6985.68945 0.05575
6988.38574 0.03192
6991.07178 0.06548
6993.76660 0.02203
6996.45850 0.05234
6999.15186 0.05968
7001.84180 0.05041
7004.53662 0.04200
7007.22510 0.04955
7009.91846 0.05977
7012.60889 0.05939
7015.30420 0.03430
7017.99316 0.05329
7020.68652 0.06205
7023.37695 0.05710
7026.06885 0.04932
7028.76172 0.02808
7031.45166 0.03286
7034.14307 0.06142
7036.83887 0.04609
7039.53223 0.04028
7042.22217 0.05765
7044.91357 0.04928
7047.60205 0.01772
7050.29883 0.04959
7052.98926 0.02641
7055.68066 0.02583
7058.37354 0.03035
7061.06348 0.04946
7063.75781 0.02377
7066.44922 0.06000
7069.14258 0.06479
7071.83252 0.05432
7074.52344 0.02331
7077.21533 0.04390
7079.91162 0.05158
7082.59863 0.05273
7085.29297 0.04333
7087.98584 0.03497
7090.67432 0.03809
7093.36914 0.03293
7096.06055 0.04825
7098.75293 0.05157
7101.44238 0.02261
7104.13623 0.03327
7106.83203 0.05212
7109.52100 0.04359
7112.21436 0.04510
7114.90869 0.04035
7117.60107 0.05533
7120.28955 0.05770
7122.98291 0.03749
7125.67432 0.06123
7128.36523 0.03820
7131.05469 0.04755
7133.74463 0.03825
7136.44336 0.05772
7139.13525 0.03682
7141.82471 0.04641
7144.51465 0.04613
7147.20996 0.03633
7149.89795 0.05137
7152.59521 0.05862
7155.28516 0.04193
7157.97656 0.05631
7160.66504 0.06216
7163.36182 0.05343
7166.05273 0.03538
7168.74365 0.03546
7171.44043 0.04278
7174.12598 0.02455
7176.81641 0.03467
7179.51172 0.02893
7182.20459 0.03804
7184.89746 0.04304
7187.58838 0.04081
7190.27979 0.03853
7192.97217 0.05421
7195.66553 0.03955
7198.35254 0.04649
7201.04443 0.04687
7203.73682 0.03253
7206.43408 0.05354
7209.12500 0.04477
7211.81689 0.07436
7214.50928 0.04449
7217.19922 0.04311
7219.89404 0.04614
7222.58594 0.05106
7225.27490 0.05415
7227.96875 0.06428
7230.66309 0.04070
7233.35059 0.05118
7236.04395 0.02361
7238.73389 0.05899
7241.42871 0.02922
7244.12061 0.03785
7246.81299 0.05021
7249.50732 0.03800
7252.19385 0.03703
7254.88965 0.04954
7257.58252 0.04544
7260.27246 0.03140
7262.96289 0.04722
7265.65527 0.05470
7268.34814 0.02662
7271.03760 0.04780
7273.73291 0.06877
7276.42480 0.05486
7279.11377 0.07119
7281.80762 0.06953
7284.50244 0.04228
7287.19434 0.03874
7289.88281 0.04645
7292.57666 0.05774
7295.26758 0.05415
7297.95947 0.03554
7300.65234 0.05611
7303.34229 0.05332
7306.03662 0.02556
7308.73242 0.07427
7311.42139 0.06782
7314.11133 0.03390
7316.80225 0.05007
7319.49316 0.03179
7322.18652 0.06373
7324.87988 0.05210
7327.57080 0.06589
7330.26270 0.04040
7332.95508 0.02470
7335.64453 0.02949
7338.33936 0.09084
7341.03125 0.06158
7343.72363 0.00119
7346.41699 0.05676
7349.10791 0.15024
7351.79883 0.09773
7354.49170 0.03928
7357.18115 0.04448
7359.87158 0.06413
7362.56689 0.01583
7365.25977 0.05912
7367.94824 0.04535
7370.64307 0.02399
7373.33447 0.04594
7376.02686 0.04806
7378.72021 0.04356
7381.41016 0.05440
7384.10547 0.05865
7386.79346 0.03358
7389.48682 0.05329
7392.18066 0.04022
7394.87158 0.02112
7397.56396 0.04948
7400.25684 0.03793
7402.94678 0.01331
7405.63721 0.01913
7408.32910 0.06090
7411.02197 0.03661
7413.71191 0.03722
7416.40674 0.05823
7419.09863 0.01871
7421.78711 0.04194
7424.48535 0.03284
7427.17578 0.04469
7429.86719 0.01727
7432.55957 0.02097
7435.24902 0.04347
7437.94385 0.04438
7440.63525 0.06390
7443.32715 0.05850
7446.02051 0.02731
7448.71094 0.03851
7451.40625 0.03202
7454.09424 0.05101
7456.78711 0.05317
7459.47705 0.05164
7462.17236 0.04394
7464.86426 0.04380
7467.55273 0.04454
7470.24658 0.04494
7472.93750 0.05100
7475.62939 0.04204
7478.32227 0.03819
7481.01514 0.07839
7483.70605 0.04390
7486.39746 0.05806
7489.08984 0.06628
7491.78320 0.04603
7494.47412 0.05219
7497.16504 0.03343
7499.85742 0.05954
7502.55078 0.03214
7505.24072 0.03155
7507.93506 0.04362
7510.62305 0.04718
7513.32031 0.03344
7516.01025 0.04226
7518.70117 0.05127
7521.39258 0.04409
7524.08496 0.03385
7526.77881 0.03001
7529.46924 0.06365
7532.16504 0.05363
7534.85303 0.04210
7537.54639 0.03468
7540.24072 0.05251
7542.93164 0.05616
7545.62354 0.04520
7548.31299 0.02165
7551.00684 0.06552
7553.69727 0.05195
7556.38965 0.01614
7559.08203 0.04313
7561.77539 0.05683
7564.46582 0.03967
7567.15723 0.03492
7569.85010 0.03097
7572.54346 0.05515
7575.23340 0.06000
7577.92871 0.05200
7580.61670 0.03612
7583.31006 0.06460
7586.00391 0.04902
7588.69434 0.06133
7591.38672 0.05536
7594.07910 0.02743
7596.76465 0.02298
7599.45898 0.06302
7602.15430 0.05405
7604.84717 0.04462
7607.53564 0.04510
7610.23047 0.04418
7612.92578 0.04538
7615.61279 0.05238
7618.30176 0.03470
7620.99561 0.03596
7623.69043 0.01550
7626.37744 0.05185
7629.07031 0.06422
7631.76416 0.06862
7634.45801 0.03872
7637.14941 0.05885
7639.83740 0.02423
7642.53076 0.04134
7645.22852 0.03774
7647.91943 0.04981
7650.60742 0.05302
7653.29980 0.05300
7655.99316 0.04382
7658.68408 0.03550
7661.37549 0.05616
7664.07178 0.03917
7666.76074 0.03586
7669.45068 0.06602
7672.14600 0.03990
7674.83789 0.04737
7677.53027 0.05302
7680.21973 0.02914
7682.91455 0.03912
7685.60205 0.03051
7688.29443 0.04709
7690.99170 0.05238
7693.67725 0.05833
7696.37256 0.05024
7699.06445 0.04112
7701.75781 0.03591
7704.44678 0.05169
7707.14160 0.02011
7709.83301 0.04022
7712.52539 0.03832
7715.21436 0.09817
7717.90869 0.02625
7720.59961 0.02762
7723.29541 0.03869
7725.98438 0.03965
7728.67822 0.06021
7731.36865 0.05391
7734.06006 0.05261
7736.75195 0.00733
7739.44531 0.05087
7742.13525 0.05197
7744.83057 0.05348
7747.52246 0.03720
7750.21533 0.05588
7752.90479 0.03170
7755.59912 0.03786
7758.29053 0.05908
7760.97852 0.06517
7763.67578 0.04857
7766.36572 0.06548
7769.05664 0.03809
7771.74854 0.03486
7774.44092 0.03843
7777.13037 0.04684
7779.82520 0.07216
7782.52051 0.04897
7785.20850 0.03069
7787.90088 0.04232
7790.59473 0.03099
7793.28174 0.05174
7795.97314 0.02800
7798.66553 0.04948
7801.35889 0.03088
7804.04883 0.06947
7806.74414 0.05646
7809.43604 0.04267
7812.12891 0.06305
7814.81836 0.01886
7817.51318 0.07151
7820.20459 0.02222
7822.89648 0.07633
7825.58545 0.05524
7828.27539 0.04922
7830.97070 0.05120
7833.66650 0.05157
7836.35938 0.03582
7839.04785 0.05889
7841.73877 0.04993
7844.42920 0.03300
7847.12109 0.03888
7849.81836 0.01992
7852.50781 0.05906
7855.20312 0.05280
7857.88965 0.05256
7860.58252 0.04785
7863.27490 0.05136
7865.96484 0.02497
7868.66016 0.07010
7871.35156 0.04979
7874.04053 0.04514
7876.73340 0.03864
7879.42822 0.02234
7882.11914 0.04379
7884.81104 0.01790
7887.49951 0.06331
7890.19727 0.03311
7892.88818 0.05377
7895.57959 0.03613
7898.27148 0.03340
7900.96484 0.03320
7903.65430 0.03945
7906.34912 0.04007
7909.03613 0.05025
7911.73340 0.04023
7914.42676 0.04228
7917.11670 0.03636
7919.80713 0.05036
7922.49854 0.07363
7925.19189 0.04609
7927.88037 0.05868
7930.57520 0.04941
7933.26660 0.04198
7935.95410 0.03991
7938.65576 0.04519
7941.34521 0.04737
7944.03516 0.04984
7946.72656 0.04485
7949.41895 0.05920
7952.10791 0.05328
7954.80566 0.03239
7957.49609 0.04024
7960.18359 0.03896
7962.88037 0.03476
7965.56885 0.06945
7968.26367 0.04307
7970.95410 0.05149
7973.64551 0.04114
7976.33838 0.06134
7979.03125 0.03011
7981.72168 0.04290
7984.41211 0.05987
7987.10400 0.05376
7989.80127 0.02379
7992.49463 0.03123
7995.18066 0.03574
7997.87598 0.07108
8000.56348 0.04828
8003.26074 0.01392
8005.94971 0.05004
8008.64453 0.06597
8011.33594 0.05655
8014.02783 0.05036
8016.72119 0.03143
8019.41064 0.04936
8022.10498 0.07277
8024.79639 0.03530
8027.48438 0.05356
8030.17725 0.02295
8032.87549 0.04213
8035.56152 0.04958
8038.25293 0.05769
8040.94580 0.03591
8043.63916 0.04944
8046.32812 0.05225
8049.02344 0.05477
8051.71045 0.05512
8054.40674 0.05309
8057.09619 0.04056
8059.79492 0.04787
8062.48096 0.04458
8065.17676 0.02992
8067.86475 0.05387
8070.56250 0.04079
8073.24805 0.03703
8075.94336 0.02963
8078.63477 0.03802
8081.32715 0.03324
8084.02051 0.06164
8086.71045 0.04441
8089.40137 0.05051
8092.09277 0.04624
8094.79004 0.05707
8097.47852 0.05268
8100.16846 0.05866
8102.85938 0.05091
8105.55566 0.04689
8108.24756 0.04731
8110.94189 0.02714
8113.63184 0.03930
8116.32715 0.05274
8119.01855 0.03744
8121.70654 0.06015
8124.40430 0.03930
8127.08984 0.03143
8129.78076 0.02320
8132.47217 0.02651
8135.16016 0.04982
8137.85352 0.06666
8140.55273 0.07173
8143.24365 0.05618
8145.93066 0.05220
8148.62744 0.02269
8151.31689 0.06664
8154.00684 0.03262
8156.70605 0.05022
8159.39795 0.04858
8162.09082 0.05018
8164.77490 0.04234
8167.46924 0.05429
8170.15527 0.03631
8172.85596 0.07834
8175.53955 0.05292
8178.24170 0.04447
8180.93164 0.02676
8183.62646 0.02690
8186.30908 0.07221
8189.00195 0.04586
8191.69971 0.05866
8194.38867 0.03689
8197.08008 0.04033
8199.77148 0.05561
8202.46387 0.02289
8205.15723 0.04437
8207.84668 0.04588
8210.54199 0.03276
8213.23340 0.04153
8215.91992 0.03003
8218.61816 0.03795
8221.30273 0.06507
8224.00195 0.06975
8226.69336 0.02921
8229.38574 0.05256
8232.07422 0.05657
8234.76855 0.04981
8237.46387 0.04324
8240.15430 0.03129
8242.85059 0.05516
8245.53906 0.03806
8248.22363 0.04924
8250.91406 0.03577
8253.60938 0.04794
8256.30176 0.06136
8258.99414 0.03964
8261.69238 0.05196
8264.38281 0.03797
8267.06836 0.04680
8269.76953 0.01055
8272.45801 0.03225
8275.15137 0.06109
8277.84082 0.06118
8280.53613 0.01798
8283.22754 0.11135
8285.91602 -0.07215
8288.60449 0.02672
8291.30273 0.09267
8293.99414 0.00509
8296.68066 0.03227
8299.37305 0.02813
8302.07031 0.04479
8304.75586 0.02691
8307.45020 0.03382
8310.14648 0.05790
8312.84277 0.06969
8315.53125 0.04330
8318.22461 0.02965
8320.91504 0.03813
8323.60156 0.03425
8326.29395 0.03872
8328.98633 0.05514
8331.67969 0.04754
8334.37402 0.04228
8337.06055 0.02487
8339.75684 0.04322
8342.44434 0.02710
8345.13379 0.03622
8347.83203 0.05089
8350.52246 0.02172
8353.21875 0.04605
8355.91113 0.04586
8358.59473 0.03123
8361.28809 0.02066
8363.98828 0.02033
8366.67480 0.08268
8369.36230 0.03330
8372.06445 0.01964
8374.75391 0.03664
8377.44336 0.04741
8380.13867 0.02934
8382.82129 0.06579
8385.51855 0.02101
8388.21680 0.05259
8390.90625 0.02836
8393.59180 0.05054
8396.29297 0.03618
8398.98047 0.03882
8401.67383 0.04724
8404.36816 0.07588
8407.05762 0.04012
8409.74512 0.07030
8412.44141 0.05330
8415.12500 0.04483
8417.82324 0.03122
8420.51758 0.02546
8423.20898 0.02925
8425.90039 0.04621
8428.58887 0.03836
8431.28223 0.04261
8433.97559 0.02413
8436.66211 0.02017
8439.35742 0.02182
8442.04590 0.04009
8444.74805 0.03909
8447.43750 0.04340
8450.12695 0.03493
8452.81836 0.06582
8455.51074 0.03123
8458.20312 0.04727
8460.89648 0.03959
8463.59082 0.03725
8466.27734 0.03353
8468.97266 0.05130
8471.66113 0.02690
8474.35449 0.05080
8477.04785 0.03816
8479.73828 0.07412
8482.42969 0.05526
8485.12598 0.03021
8487.80957 0.04242
8490.51270 0.03664
8493.19824 0.04730
8495.88867 0.02663
8498.58496 0.04886
8501.27246 0.04270
8503.97070 0.05442
8506.66016 0.02598
8509.34570 0.03924
8512.04199 0.03063
8514.73828 0.03710
8517.42676 0.04178
8520.11621 0.06461
8522.81055 0.03842
8525.50586 0.05553
8528.19727 0.05995
8530.88477 0.05544
8533.57812 0.04503
8536.26758 0.03364
8538.96289 0.02523
8541.65918 0.01619
8544.35059 0.05334
8547.03906 0.05860
8549.73340 0.05526
8552.42188 0.02843
8555.11816 0.04993
8557.80078 0.03471
8560.49219 0.02573
8563.19043 0.03724
8565.88477 0.02707
8568.57031 0.03963
8571.26660 0.05500
8573.96289 0.04556
8576.65039 0.02014
8579.34375 0.07289
8582.03418 0.04881
8584.72461 0.05664
8587.41602 0.03335
8590.10840 0.03339
8592.80176 0.02442
8595.49512 0.04362
8598.18066 0.02808
8600.88086 0.03981
8603.57324 0.05080
8606.26172 0.05114
8608.95410 0.04409
8611.64941 0.03287
8614.33887 0.08266
8617.03027 0.02284
8619.72266 0.03894
8622.41602 0.04449
8625.10449 0.03238
8627.79883 0.04733
8630.49512 0.04855
8633.18164 0.03882
8635.87891 0.06200
8638.56250 0.04411
8641.25684 0.03896
8643.95117 0.04846
8646.64258 0.02214
8649.33984 0.02547
8652.02246 0.03252
8654.71582 0.03546
8657.40527 0.04297
8660.10059 0.05378
8662.79199 0.02942
8665.48926 0.03016
8668.18164 0.03636
8670.87109 0.05302
8673.56641 0.05415
8676.25684 0.04677
8678.94336 0.05156
8681.64551 0.05405
8684.33398 0.02621
8687.02832 0.06436
8689.71777 0.04647
8692.40430 0.03048
8695.09570 0.03953
8697.79297 0.03365
8700.48145 0.03704
8703.17090 0.05169
8705.86621 0.05110
8708.55762 0.04843
8711.25000 0.02431
8713.94238 0.05274
8716.63184 0.04140
8719.33105 0.03193
8722.01172 0.03328
8724.70801 0.04518
8727.40039 0.05790
8730.09375 0.00868
8732.78711 0.05749
8735.47266 0.03076
8738.16797 0.03331
8740.85449 0.03182
8743.55176 0.02769
8746.24023 0.02945
8748.93848 0.03946
8751.62988 0.02857
8754.32031 0.04657
8757.01172 0.04695
8759.70898 0.04645
8762.39844 0.05909
8765.09180 0.03478
8767.78223 0.04165
8770.47754 0.03988
8773.16504 0.04325
8775.85352 0.04429
8778.55078 0.04054
8781.23633 0.04354
8783.93652 0.05854
8786.62695 0.04510
8789.31445 0.02417
8792.00684 0.05298
8794.70117 0.02062
8797.39062 0.02898
8800.08594 0.03858
8802.78223 0.04934
8805.46484 0.02593
8808.16211 0.03555
8810.85156 0.04213
8813.54590 0.03803
8816.23730 0.04009
8818.93262 0.04921
8821.62012 0.04125
8824.31348 0.02259
8827.00781 0.04673
8829.69727 0.03668
8832.38770 0.02277
8835.08398 0.05677
8837.77148 0.04063
8840.45996 0.02655
8843.15820 0.04677
8845.85352 0.03372
8848.53906 0.04414
8851.23047 0.02157
8853.92773 0.06156
8856.62109 0.05245
8859.30566 0.03600
8862.00098 0.06296
8864.69141 0.06223
8867.38770 0.04310
8870.07520 0.05488
8872.76855 0.07183
8875.45801 0.07008
8878.15234 0.02695
8880.84277 0.04248
8883.53516 0.03087
8886.23242 0.02692
8888.91992 0.02489
8891.61914 0.06172
8894.29980 0.03134
8896.99023 0.04151
8899.69238 0.04039
8902.38379 0.02547
8905.07324 0.03669
8907.76660 0.05519
8910.45703 0.03657
8913.14746 0.03883
8915.83984 0.05602
8918.53223 0.03507
8921.21973 0.04352
8923.91406 0.05721
8926.60938 0.02993
8929.30469 0.07832
8931.99707 0.04065
8934.68848 0.04405
8937.37695 0.04737
8940.07129 0.02884
8942.75586 0.04883
8945.45215 0.04096
8948.14355 0.02976
8950.84082 0.03320
8953.52930 0.03484
8956.21289 0.05014
8958.90820 0.01622
8961.59863 0.05315
8964.29004 0.05714
8966.98730 0.03152
8969.68066 0.02982
8972.37402 0.03311
8975.06445 0.04774
8977.75977 0.03612
8980.44629 0.04233
8983.13379 0.05157
8985.82617 0.04585
8988.52051 0.05278
8991.21973 0.03202
8993.90527 0.04101
8996.59668 0.06044
8999.29395 0.01460
9001.98242 0.03429
9004.67578 0.04700
9007.36523 0.04078
9010.06055 0.03528
9012.75195 0.03324
9015.44434 0.03707
9018.13672 0.07349
9020.83105 0.05057
9023.51465 0.05116
9026.20996 0.03487
9028.89648 0.03140
9031.59277 0.03314
9034.29004 0.04948
9036.97949 0.03531
9039.66895 0.04617
9042.35840 0.02547
9045.05469 0.03352
9047.74609 0.03435
9050.43848 0.03928
9053.12695 0.01289
9055.82129 0.03784
9058.51660 0.01356
9061.20215 0.05807
9063.89844 0.02710
9066.58594 0.03748
9069.28418 0.03289
9071.97266 0.02668
9074.66797 0.03438
9077.36328 0.02492
9080.05469 0.02512
9082.74707 0.05600
9085.43457 0.03643
9088.12891 0.02756
9090.82324 0.05142
9093.51367 0.03504
9096.19922 0.03651
9098.89648 0.03081
9101.58887 0.05382
9104.27832 0.04611
9106.97266 0.02450
9109.66309 0.03477
9112.35840 0.04259
9115.04004 0.03514
9117.73828 0.04362
9120.43555 0.06109
9123.12500 0.04214
9125.81543 0.04606
9128.51074 0.03526
9131.20215 0.01436
9133.88965 0.04340
9136.58203 0.03496
9139.27637 0.04867
9141.96680 0.03105
9144.65625 0.03384
9147.35254 0.03095
9150.04980 0.02671
9152.73340 0.05669
9155.42090 0.04457
9158.12109 0.04782
9160.81055 0.05852
9163.50195 0.03415
9166.19922 0.02124
9168.89160 0.03317
9171.58496 0.02142
9174.26855 0.05448
9176.96387 0.04421
9179.64844 0.03110
9182.35059 0.02341
9185.03809 0.03083
9187.73633 0.06246
9190.42480 0.04096
9193.11426 0.02793
9195.80957 0.04492
9198.50098 0.04521
9201.19238 0.04522
9203.88086 0.05444
9206.57422 0.03321
9209.27344 0.03134
9211.95801 0.04487
9214.64941 0.03638
9217.34570 0.04175
9220.03320 0.03754
9222.72656 0.02960
9225.41992 0.03719
9228.10938 0.06405
9230.80078 0.03278
9233.50195 0.02321
9236.18359 0.04118
9238.88184 0.05123
9241.56543 0.02123
9244.26953 0.04070
9246.95410 0.02194
9249.64551 0.04444
9252.33203 0.04446
9255.02930 0.04110
9257.71777 0.04826
9260.41113 0.05120
9263.10645 0.02758
9265.80176 0.04838
9268.48828 0.03745
9271.18555 0.05795
9273.87305 0.04581
9276.56152 0.06256
9279.26172 0.05661
9281.95117 0.03154
9284.64160 0.01589
9287.33301 0.02916
9290.02539 0.06526
9292.72461 0.05572
9295.40820 0.03485
9298.10352 0.05882
9300.79297 0.03669
9303.48438 0.04223
9306.17090 0.04471
9308.87402 0.04023
9311.56348 0.02915
9314.25195 0.06001
9316.94727 0.03852
9319.63770 0.02890
9322.33008 0.04387
9325.02148 0.05444
9327.71484 0.04012
9330.40918 0.04540
9333.09863 0.03195
9335.79395 0.04571
9338.47949 0.02701
9341.17188 0.04477
9343.86426 0.05508
9346.55762 0.05421
9349.24707 0.04550
9351.93652 0.03173
9354.63770 0.04079
9357.32910 0.05063
9360.01562 0.05709
9362.71387 0.04472
9365.39746 0.04805
9368.09766 0.04208
9370.78711 0.01872
9373.47754 0.04042
9376.16992 0.04784
9378.85742 0.04292
9381.55469 0.03068
9384.24414 0.04205
9386.94434 0.05612
9389.62402 0.02253
9392.32520 0.04906
9395.00684 0.04189
9397.70508 0.04977
9400.39844 0.04257
9403.08203 0.05375
9405.77734 0.00370
9408.47266 0.04974
9411.16992 0.01675
9413.85156 0.02728
9416.54980 0.00602
9419.23828 0.02919
9421.93848 0.06876
9424.62305 0.04147
9427.32422 0.03769
9430.00977 0.01554
9432.70312 0.04561
9435.39648 0.04861
9438.08496 0.03778
9440.77930 0.03530
9443.46973 0.03101
9446.15527 0.01646
9448.85156 0.03468
9451.54492 0.03524
9454.23828 0.02617
9456.92676 0.04164
9459.62695 0.00801
9462.31250 0.04038
9465.00293 0.06101
9467.68945 0.03276
9470.38770 0.01533
9473.08203 0.04553
9475.77051 0.04568
9478.45996 0.05399
9481.15625 0.04285
9483.84766 0.05514
9486.54004 0.01502
9489.23242 0.04910
9491.92090 0.05457
9494.62109 0.03398
9497.31055 0.05631
9500.00195 0.04520
9502.68750 0.04071
9505.38477 0.03012
9508.07324 0.06284
9510.76660 0.05377
9513.46582 0.04419
9516.14648 0.04097
9518.84766 0.05026
9521.52832 0.05039
9524.23145 0.01812
9526.91895 0.03399
9529.60742 0.04525
9532.30762 0.01692
9534.99805 0.03267
9537.69336 0.04089
9540.38477 0.04012
9543.06738 0.05366
9545.76562 0.06746
9548.45410 0.03306
9551.14355 0.02065
9553.84473 0.03246
9556.52539 0.04680
9559.22754 0.02612
9561.91992 0.06818
9564.60840 0.04738
9567.29688 0.04875
9569.99121 0.01659
9572.68164 0.02611
9575.37793 0.02455
9578.07520 0.05502
9580.75781 0.05116
9583.45117 0.03084
9586.14453 0.01418
9588.83398 0.06722
9591.52441 0.03471
9594.21582 0.04892
9596.91309 0.05906
9599.60547 0.04450
9602.29883 0.04514
9604.98730 0.04086
9607.67676 0.02811
9610.37305 0.01982
9613.06445 0.05149
9615.75000 0.04782
9618.44824 0.02041
9621.13574 0.04611
9623.83105 0.05367
9626.52539 0.01641
9629.21484 0.03041
9631.90137 0.03264
9634.59277 0.03248
9637.29102 0.04871
9639.98438 0.04633
9642.67285 0.03035
9645.36816 0.04336
9648.05859 0.05474
9650.75391 0.04890
9653.44141 0.05056
9656.13867 0.04204
9658.82715 0.02640
9661.52051 0.05760
9664.20508 0.02058
9666.90137 0.03291
9669.59180 0.04067
9672.28906 0.04984
9674.97559 0.00160
9677.67383 0.02364
9680.36328 0.00839
9683.05762 0.04193
9685.74805 0.04757
9688.43848 0.03773
9691.13086 0.03107
9693.82227 0.02141
9696.51074 0.03119
9699.20508 0.04357
9701.89355 0.04102
9704.58887 0.03360
9707.28027 0.01712
9709.97754 0.03234
9712.66406 0.02808
9715.35742 0.04852
9718.05078 0.04850
9720.74023 0.03410
9723.42969 0.05721
9726.13184 0.05895
9728.82324 0.05114
9731.50977 0.02783
9734.20312 0.04810
9736.89648 0.04162
9739.59082 0.02879
9742.28613 0.01728
9744.97070 0.04473
9747.66797 0.02836
9750.34863 0.02958
9753.04785 0.02151
9755.73535 0.05611
9758.42383 0.02353
9761.12500 0.03574
9763.81543 0.03789
9766.50684 0.03792
9769.20410 0.04999
9771.89062 0.05306
9774.58496 0.04962
9777.26855 0.03649
9779.96289 0.04683
9782.66406 0.03178
9785.34961 0.04961
9788.04688 0.04244
9790.73828 0.03247
9793.42676 0.01121
9796.11523 0.03861
9798.80957 0.02245
9801.50488 0.04456
9804.18555 0.01028
9806.88281 0.02143
9809.57422 0.03707
9812.27344 0.01769
9814.95605 0.03747
9817.65527 0.01975
9820.35059 0.01607
9823.04199 0.03310
9825.72656 0.05832
9828.41992 0.04614
9831.11719 0.03866
9833.81055 0.03128
9836.50000 0.04967
9839.19531 0.04843
9841.88574 0.03720
9844.57129 0.02980
9847.26270 0.05433
9849.96094 0.04007
9852.64844 0.04516
9855.34277 0.05393
9858.03223 0.03754
9860.72168 0.03169
9863.41309 0.06048
9866.10938 0.02136
9868.80176 0.05385
9871.49414 0.05278
9874.18848 0.05572
9876.87207 0.04627
9879.56738 0.05496
9882.26367 0.02142
9884.95410 0.05624
9887.64160 0.05428
9890.32910 0.03676
9893.02734 0.04055
9895.71582 0.04204
9898.40527 0.04780
9901.10156 0.05350
9903.80273 0.03627
9906.48926 0.01985
9909.18164 0.01826
9911.87500 0.03534
9914.56836 0.02505
9917.26270 0.03360
9919.94727 0.05316
9922.64355 0.03230
9925.33008 0.03290
9928.02148 0.03882
9930.71973 0.05122
9933.40820 0.07138
9936.09668 0.03176
9938.79102 0.05252
9941.48242 0.03905
9944.17285 0.04612
9946.87012 0.04472
9949.56836 0.03771
9952.25000 0.03544
9954.95020 0.03578
9957.63379 0.04443
9960.32910 0.03270
9963.01953 0.03142
9965.70508 0.02282
9968.40820 0.04274
9971.09570 0.02682
9973.78906 0.03496
9976.48340 0.02769
9979.17871 0.01756
9981.86816 0.03722
9984.55469 0.04750
9987.24609 0.02556
9989.94336 0.02075
9992.63184 0.05080
9995.32520 0.04044
9998.01953 0.02733
10000.70996 0.02470
10003.39551 0.04242
10006.09668 0.01759
10008.78906 0.05172
10011.47656 0.04249
10014.16992 0.05314
10016.85840 0.01737
10019.55371 0.02588
10022.24902 0.03082
10024.93457 0.03019
10027.62500 0.02268
10030.31250 0.01909
10033.01660 0.01256
10035.70508 0.04740
10038.39355 0.06830
10041.09473 0.06011
10043.78418 0.03927
10046.47559 0.00851
10049.16211 0.03263
10051.85449 0.04683
10054.54785 0.03864
10057.24219 0.04290
10059.94238 0.05273
10062.62598 0.02832
10065.32324 0.05208
10068.00879 0.06192
10070.69531 0.03566
10073.39941 0.04759
10076.08691 0.00941
10078.77539 0.03780
10081.47070 0.02679
10084.16113 0.04748
10086.85645 0.03950
10089.53809 0.05074
10092.22949 0.03140
10094.92773 0.02372
10097.61719 0.03058
10100.31055 0.06332
10103.00098 0.02953
10105.69727 0.03979
10108.38770 0.02607
10111.07910 0.03900
10113.76660 0.03142
10116.45898 0.02997
10119.15332 0.03321
10121.84277 0.03221
10124.53809 0.04496
10127.23438 0.02093
10129.92480 0.03671
10132.61133 0.05053
10135.30957 0.02988
10137.99805 0.02949
10140.69727 0.01484
10143.38086 0.02810
10146.07617 0.03578
10148.76074 0.00692
10151.46387 0.02272
10154.15039 0.06424
10156.84863 0.03537
10159.53125 0.02226
10162.22559 0.02962
10164.91992 0.02607
10167.61621 0.04803
10170.30078 0.03528
10172.99805 0.03183
10175.68457 0.04317
10178.38379 0.02786
10181.07715 0.03084
10183.76660 0.03742
10186.44922 0.02352
10189.14551 0.03141
10191.83594 0.04256
10194.52832 0.05202
10197.22559 0.05574
10199.91895 0.04447
10202.60156 0.02674
10205.30176 0.03641
10207.99121 0.02485
10210.68750 0.03416
10213.37793 0.03535
10216.06445 0.02876
10218.76172 0.02393
10221.44922 0.03464
10224.14355 0.04656
10226.84375 0.01645
10229.53320 0.06212
10232.21777 0.02663
10234.90820 0.01700
10237.60059 0.04544
10240.29883 0.03927
10242.98047 0.04170
10245.67969 0.03588
10248.36914 0.04104
10251.06445 0.04408
10253.75391 0.05607
10256.44531 0.04489
10259.13770 0.03318
10261.83594 0.02567
10264.52246 0.02667
10267.22266 0.03346
10269.90039 0.03465
10272.59570 0.03420
10275.29102 0.02676
10277.98242 0.04269
10280.67383 0.03917
10283.36719 0.03267
10286.05371 0.04926
10288.75391 0.03392
10291.44238 0.02195
10294.13281 0.04535
10296.82227 0.03382
10299.52539 0.02917
10302.21680 0.05186
10304.91016 0.01713
10307.58594 0.03888
10310.28516 0.03213
10312.97363 0.03542
10315.67480 0.04057
10318.35938 0.02367
10321.05664 0.05436
10323.74219 0.02360
10326.44043 0.01857
10329.12793 0.00724
10331.82129 0.04397
10334.51074 0.05028
10337.20020 0.02842
10339.90137 0.03270
10342.58691 0.04018
10345.27930 0.04762
10347.97070 0.04096
10350.66406 0.05074
10353.36328 0.04428
10356.04688 0.04720
10358.74707 0.03962
10361.43262 0.05283
10364.12891 0.03793
10366.81445 0.04961
10369.50684 0.04016
10372.19434 0.03823
10374.88770 0.01331
10377.57617 0.06357
10380.27148 0.06466
10382.96777 0.06071
10385.65820 0.04724
10388.35547 0.02395
10391.04688 0.02972
10393.73438 0.04869
10396.42773 0.03501
10399.12207 0.01582
10401.81738 0.04571
10404.50684 0.05621
10407.19824 0.04794
10409.88281 0.04444
10412.58691 0.05615
10415.27344 0.04812
10417.97266 0.03901
10420.66113 0.02753
10423.34473 0.03261
10426.04004 0.02587
10428.73633 0.05027
10431.43359 -0.00052
10434.11328 0.01947
10436.81250 0.03859
10439.50000 0.04577
10442.18750 0.03369
10444.88770 0.00966
10447.57812 0.03385
10450.26855 0.04055
10452.96484 0.04925
10455.65039 0.03158
10458.34863 0.03053
10461.03613 0.05469
10463.73047 0.06522
10466.41895 0.02924
10469.11426 0.04903
10471.80957 0.05365
10474.49414 0.04696
10477.19141 0.03836
10479.88379 0.02585
10482.56543 0.04380
10485.27051 0.04029
10487.95898 0.07274
10490.64844 0.03885
10493.34375 0.02403
10496.03418 0.04347
10498.72559 0.03518
10501.42383 0.05158
10504.11035 0.03630
10506.79785 0.02740
10509.49805 0.03266
10512.18652 0.03900
10514.87598 0.02456
10517.56641 0.04302
10520.25781 0.05599
10522.95508 0.03417
10525.64746 0.02459
10528.33398 0.04336
10531.02246 0.04933
10533.71680 0.04887
10536.41211 0.02038
10539.10254 0.03945
10541.79883 0.06072
10544.49609 0.04921
10547.18164 0.03627
10549.87500 0.04086
10552.56250 0.00209
10555.26270 0.03097
10557.94629 0.04477
10560.64746 0.05291
10563.33691 0.04410
10566.02832 0.01845
10568.71484 0.03363
10571.40723 0.02596
10574.09961 0.04206
10576.78809 0.06329
10579.48242 0.03818
10582.17773 0.03223
10584.86816 0.02611
10587.55859 0.02064
10590.25586 0.04352
10592.94238 0.02084
10595.64062 0.03501
10598.32910 0.04132
10601.01660 0.05197
10603.70605 0.03531
10606.40723 0.03320
10609.09863 0.02295
10611.78906 0.03825
10614.48047 0.03425
10617.17969 0.04355
10619.86035 0.03630
10622.55469 0.03271
10625.24902 0.03901
10627.94434 0.04091
10630.63379 0.03393
10633.32520 0.03687
10636.01660 0.04988
10638.70312 0.05401
10641.40723 0.02395
10644.09473 0.01686
10646.78320 0.05644
10649.47168 0.02858
10652.16797 0.02844
10654.85742 0.02403
10657.55469 0.03372
10660.24023 0.04193
10662.93945 0.04194
10665.62598 0.03934
10668.31934 0.03994
10671.02051 0.04017
10673.70996 0.04593
10676.38770 0.05040
10679.08984 0.02515
10681.78125 0.02526
10684.46680 0.03666
10687.15918 0.04404
10689.85840 0.02283
10692.54688 0.03727
10695.24121 0.01904
10697.92578 0.04086
10700.62109 0.03786
10703.31836 0.03918
10706.01562 0.05811
10708.69629 0.03019
10711.38867 0.03836
10714.07617 0.03593
10716.77637 0.05090
10719.46582 0.01039
10722.15527 0.04871
10724.85742 0.04006
10727.54883 0.03310
10730.23438 0.05954
10732.92676 0.04978
10735.61914 0.02725
10738.31348 0.04357
10741.00781 0.03380
10743.70215 0.03043
10746.38672 0.05263
10749.08301 0.02615
10751.76855 0.05092
10754.45996 0.03129
10757.14746 0.04865
10759.84570 0.01373
10762.54004 0.04370
10765.22852 0.03325
10767.91797 0.04515
10770.61914 0.03326
10773.31055 0.02581
10776.00781 0.04328
10778.68750 0.04468
10781.38086 0.01182
10784.07422 0.04154
10786.76855 0.02301
10789.46289 0.03117
10792.14648 0.04514
10794.84766 0.03239
10797.53320 0.05330
10800.21875 0.03606
10802.92285 0.04851
10805.60938 0.04304
10808.30371 0.04017
10810.99121 0.01911
10813.67969 0.05191
10816.37598 0.02681
10819.06641 0.02948
10821.76270 0.03944
10824.45410 0.04833
10827.15234 0.03945
10829.83301 0.02853
10832.53320 0.04504
10835.22656 0.02810
10837.91602 0.02238
10840.61133 0.04167
10843.30273 0.05455
10845.99316 0.03462
10848.67871 0.03114
10851.38281 0.04389
10854.07031 0.04933
10856.76367 0.03264
10859.45801 0.04947
10862.14648 0.04733
10864.83105 0.03223
10867.52637 0.02509
10870.22363 0.04371
10872.91602 0.06710
10875.60254 0.03596
10878.30176 0.05166
10880.98828 0.03667
10883.67773 0.05261
10886.37207 0.05032
10889.06152 0.01880
10891.75195 0.04165
10894.44336 0.01361
10897.13574 0.02450
10899.82715 0.00004
10902.52051 0.03102
10905.21387 0.02790
10907.90820 0.04785
10910.59766 0.02943
10913.29297 0.03189
10915.97754 0.01606
10918.67480 0.05319
10921.36035 0.02703
10924.05859 0.02827
10926.74609 0.04020
10929.43945 0.02555
10932.13379 0.02641
10934.83496 0.03978
10937.52441 0.05170
10940.21484 0.00796
10942.90527 0.04313
10945.59766 0.01747
10948.28906 0.01824
10950.97656 0.02205
10953.66992 0.06051
10956.36523 0.02775
10959.04785 0.03981
10961.74316 0.03402
10964.43359 0.04791
10967.13672 0.02609
10969.82227 0.04853
10972.50781 0.05167
10975.20703 0.07141
10977.90039 0.05123
10980.58887 0.04675
10983.27832 0.05327
10985.97363 0.02431
10988.66406 0.04898
10991.36035 0.02036
10994.04590 0.05034
10996.73828 0.02701
10999.43750 0.05203
11002.11816 0.02821
11004.81836 0.03461
11007.50098 0.03505
11010.20312 0.05486
11012.89258 0.02862
11015.58984 0.04422
11018.28125 0.05602
11020.97266 0.04505
11023.65918 0.04929
11026.35352 0.03881
11029.04199 0.05372
11031.74121 0.02452
11034.43066 0.04030
11037.11523 0.02952
11039.81250 0.03833
11042.50293 0.06616
11045.18848 0.05288
11047.89355 0.04855
11050.58691 0.04707
11053.27441 0.02532
11055.96289 0.02322
11058.65234 0.05435
11061.34766 0.03078
11064.04395 0.03402
11066.73633 0.03609
11069.42676 0.03869
11072.11328 0.03812
11074.80664 0.03987
11077.50684 0.02438
11080.20117 0.02958
11082.88379 0.03325
11085.57812 0.04570
11088.26953 0.03731
11090.95996 0.05308
11093.65820 0.03168
11096.34375 0.03210
11099.03027 0.04312
11101.73047 0.05568
11104.42480 0.02542
11107.11328 0.02833
11109.80273 0.04544
11112.49316 0.02530
11115.18848 0.06716
11117.88086 0.04454
11120.57324 0.04178
11123.26465 0.03683
11125.95312 0.04348
11128.64648 0.04070
11131.34082 0.03700
11134.03027 0.04336
11136.72559 0.01980
11139.41699 0.05463
11142.11426 0.04147
11144.79980 0.04178
11147.49121 0.03705
11150.18457 0.04527
11152.87109 0.04829
11155.57227 0.03139
11158.26758 0.02755
11160.95605 0.03995
11163.64062 0.02019
11166.33105 0.04348
11169.02832 0.04480
11171.72656 0.04597
11174.40723 0.03855
11177.10059 0.01885
11179.79492 0.03636
11182.48926 0.02444
11185.17285 0.01674
11187.88184 0.04021
11190.56543 0.04309
11193.25586 0.05486
11195.94824 0.02913
11198.63477 0.05629
11201.32812 0.04198
11204.01465 0.01830
11206.71582 0.02355
11209.40430 0.04985
11212.10059 0.05781
11214.79590 0.05318
11217.48145 0.04673
11220.17188 0.03016
11222.86426 0.02931
11225.56445 0.04500
11228.24414 0.05232
11230.95020 0.06033
11233.63379 0.03743
11236.32227 0.04264
11239.01855 0.03389
11241.71484 0.02790
11244.40625 0.03165
11247.10352 0.02216
11249.79004 0.02769
11252.48340 0.02990
11255.17090 0.01128
11257.86523 0.03025
11260.55469 0.04622
11263.24414 0.01757
11265.93945 0.02270
11268.63086 0.05562
11271.32129 0.05486
11274.00781 0.04540
11276.71289 0.03142
11279.39941 0.04914
11282.08789 0.05853
11284.79395 0.01450
11287.47656 0.05512
11290.16602 0.04355
11292.86328 0.03209
11295.54102 0.02640
11298.23926 0.02621
11300.93164 0.04595
11303.62500 0.04630
11306.32324 0.06568
11309.00586 0.04153
11311.70703 0.01366
11314.38965 0.03422
11317.08594 0.04055
11319.77637 0.04135
11322.46094 0.03767
11325.16602 0.05038
11327.85742 0.04639
11330.54492 0.05299
11333.23828 0.04970
11335.92578 0.02451
11338.62207 0.03109
11341.31152 0.04230
11344.00684 0.04408
11346.69824 0.03784
11349.39453 0.04025
11352.08008 0.03713
11354.77344 0.03883
11357.45996 0.04429
11360.16016 0.02285
11362.86133 0.03275
11365.54395 0.05061
11368.23340 0.01925
11370.92285 0.04043
11373.62012 0.02407
11376.31250 0.02773
11379.00391 0.05159
11381.69629 0.02935
11384.38379 0.04724
11387.08398 0.03335
11389.77246 0.02466
11392.46094 0.01301
11395.15039 0.03895
11397.84766 0.03293
11400.54492 0.03595
11403.22949 0.04869
11405.92773 0.03287
11408.60840 0.02059
11411.30273 0.04589
11413.99609 0.04124
11416.69043 0.04843
11419.37305 0.03016
11422.08203 0.03945
11424.76660 0.03623
11427.46387 0.02699
11430.15527 0.03202
11432.83496 0.03787
11435.52734 0.04401
11438.22754 0.00697
11440.91602 0.02421
11443.61719 0.01739
11446.29980 0.04833
11448.99512 0.01871
11451.67969 0.03899
11454.38379 0.04047
11457.06934 0.02940
11459.76758 0.03894
11462.46094 0.02499
11465.14746 0.03175
11467.83594 0.06042
11470.52344 0.04589
11473.21973 0.02452
11475.90918 0.03097
11478.60645 0.01593
11481.29004 0.06255
11483.98828 0.04731
11486.68066 0.09410
11489.38086 0.05016
11492.06055 0.04150
11494.76172 0.02330
11497.45020 0.01633
11500.13965 0.04261
11502.83496 0.04576
11505.52539 0.05762
11508.21680 0.03167
11510.90234 0.04617
11513.59473 0.03287
11516.30078 0.03412
11518.98730 0.04842
11521.68164 0.02029
11524.37012 0.03406
11527.06543 0.03381
11529.75000 0.03805
11532.44531 0.03687
11535.14258 0.02195
11537.83496 0.04198
11540.52051 0.01373
11543.21387 0.03883
11545.90039 0.02845
11548.60156 0.03087
11551.28906 0.03560
11553.97852 0.01808
11556.67480 0.02477
11559.36523 0.02630
11562.05566 0.02875
11564.74805 0.04554
11567.44043 0.03261
11570.12695 0.07642
11572.82031 0.03138
11575.51953 0.03587
11578.20898 0.03202
11580.90430 0.03386
11583.58691 0.04180
11586.28418 0.02002
11588.98145 0.02263
11591.66699 0.04538
11594.36523 0.03720
11597.05078 0.03578
11599.75000 0.06149
11602.43848 0.04296
11605.13281 0.05686
11607.81543 0.04309
11610.51855 0.02859
11613.20801 0.02139
11615.89844 0.04742
11618.59668 0.04026
11621.27539 0.04027
11623.96777 0.02612
11626.66797 0.03065
11629.35547 0.03689
11632.04980 0.01825
11634.73828 0.03311
11637.43457 0.04157
11640.11816 0.03939
11642.82031 0.03898
11645.50586 0.05753
11648.20508 0.04948
11650.89648 0.04039
11653.57715 0.04316
11656.27051 0.04335
11658.96484 0.03750
11661.66602 0.03936
11664.35547 0.02865
11667.05078 0.03492
11669.73535 0.04681
11672.42090 0.04912
11675.11816 0.04373
11677.81641 0.04696
11680.50977 0.03135
11683.18945 0.03827
11685.89062 0.05712
11688.57910 0.03263
11691.27539 0.03270
11693.96484 0.05799
11696.66016 0.03785
11699.34570 0.02035
11702.03613 0.04090
11704.72852 0.03949
11707.42188 0.04813
11710.12109 0.04737
11712.81445 0.03937
11715.49609 0.02903
11718.18555 0.01877
11720.88184 0.03667
11723.57715 0.03659
11726.27441 0.04017
11728.96582 0.04395
11731.65039 0.04105
11734.34961 0.04686
11737.03613 0.05356
11739.72949 0.04387
11742.41699 0.04288
11745.11816 0.03173
11747.80762 0.04122
11750.49023 0.03402
11753.18164 0.02759
11755.87891 0.03185
11758.57031 0.04328
11761.26953 0.04063
11763.94922 0.06252
11766.65527 0.05702
11769.33594 0.04077
11772.03027 0.03645
11774.72656 0.01877
11777.42188 0.04092
11780.10547 0.03830
11782.80273 0.02684
11785.48730 0.04591
11788.18457 0.03211
11790.87207 0.04835
11793.57129 0.02837
11796.26465 0.03721
11798.94629 0.03205
11801.63477 0.03592
11804.34375 0.03864
11807.03320 0.03079
11809.72168 0.03607
11812.41406 0.04668
11815.10449 0.03565
11817.80371 0.04876
11820.48340 0.01498
11823.18359 0.04480
11825.87109 0.04035
11828.56445 0.03999
11831.25391 0.02061
11833.95020 0.04586
11836.63965 0.03277
11839.33691 0.04096
11842.02051 0.04750
11844.70605 0.03721
11847.41211 0.04672
11850.09766 0.04646
11852.79199 -0.00713
11855.48535 0.01810
11858.16699 0.03577
11860.86328 0.02924
11863.55273 0.04321
11866.25000 0.03131
11868.94727 0.01562
11871.63770 0.03170
11874.32910 0.05499
11877.01660 0.01292
11879.70996 0.03525
11882.39648 0.04724
11885.09766 0.02567
11887.78516 0.04283
11890.48145 0.03048
11893.17090 0.03384
11895.86816 0.02181
11898.55176 0.02748
11901.24414 0.03674
11903.93652 0.02583
11906.62793 0.03747
11909.32129 0.03816
11912.01562 0.03478
11914.70410 0.02569
11917.39160 0.02875
11920.08789 0.06047
11922.78418 0.03342
11925.46777 0.05286
11928.16699 0.02107
11930.86328 0.03836
11933.55078 0.02693
11936.24902 0.04247
11938.93555 0.03958
11941.62988 0.04096
11944.31152 0.03608
11947.00781 0.02138
11949.70410 0.04896
11952.39258 0.03313
11955.08398 0.02890
11957.77441 0.03419
11960.47266 0.02730
11963.16602 0.03888
11965.85840 0.04291
11968.55273 0.04281
11971.24609 0.02886
11973.92773 0.03642
11976.61719 0.02012
11979.31250 0.03907
11981.99707 0.02169
11984.69434 0.05221
11987.38477 0.06214
11990.08301 0.05074
11992.76855 0.02953
11995.46875 0.04231
11998.15527 0.04805
12000.84961 0.04067
12003.53809 0.02911
12006.24023 0.03117
12008.92969 0.04911
12011.62695 0.03131
12014.31738 0.04307
12017.00879 0.03308
12019.69336 0.03739
12022.38672 0.05472
12025.07910 0.03196
12027.77344 0.03741
12030.46191 0.03384
12033.15625 0.04745
12035.85254 0.03399
12038.53516 0.03229
12041.22461 0.04402
12043.92188 0.04399
12046.60742 0.02772
12049.29883 0.05761
12051.99805 0.01888
12054.69043 0.03958
12057.37793 0.02813
12060.07227 0.02887
12062.75977 0.07247
12065.45605 0.03216
12068.14551 0.05402
12070.84277 0.05700
12073.53320 0.05136
12076.23047 0.01539
12078.90918 0.03462
12081.60938 0.03205
12084.30273 0.03299
12086.98926 0.01984
12089.69043 0.03332
12092.37207 0.02360
12095.05957 0.03078
12097.76367 0.03842
12100.45312 0.02340
12103.14355 0.02460
12105.84277 0.04092
12108.53418 0.01320
12111.22656 0.04388
12113.91992 0.03101
12116.60645 0.02507
12119.30078 0.04265
12121.99512 0.03059
12124.69141 0.04580
12127.36816 0.04823
12130.06348 0.04714
12132.76074 0.03256
12135.44531 0.05591
12138.14355 0.03797
12140.83008 0.04514
12143.52246 0.03954
12146.20996 0.03947
12148.91016 0.03803
12151.59863 0.02277
12154.28711 0.02038
12156.99023 0.03481
12159.68555 0.03203
12162.37695 0.04062
12165.06152 0.03892
12167.75293 0.04446
12170.44629 0.04801
12173.13770 0.03254
12175.83105 0.02006
12178.51270 0.03714
12181.20703 0.05197
12183.90234 0.04517
12186.59766 0.04390
12189.28027 0.04462
12191.98438 0.00371
12194.67676 0.03749
12197.37402 0.01538
12200.05859 0.05052
12202.74609 0.02095
12205.44531 0.05774
12208.13281 0.04553
12210.82031 0.05771
12213.50879 0.04530
12216.20410 0.02421
12218.90137 0.05329
12221.59082 0.02915
12224.28125 0.03546
12226.97363 0.04269
12229.66602 0.05450
12232.36426 0.03951
12235.05762 0.04471
12237.73730 0.00908
12240.43848 0.03677
12243.12695 0.03804
12245.82227 0.03118
12248.51855 0.04230
12251.20117 0.03154
12253.89160 0.02650
12256.59082 0.04457
12259.27637 0.04225
12261.97461 0.04128
12264.66113 0.02251
12267.35449 0.05102
12270.04102 0.03676
12272.74219 0.04429
12275.42480 0.03798
12278.12109 0.03584
12280.81738 0.05593
12283.50781 0.05078
12286.19824 0.03166
12288.89648 0.01630
12291.57617 0.03188
12294.27441 0.03566
12296.96094 0.03319
12299.66211 0.03127
12302.34863 0.03805
12305.04492 0.03372
12307.73340 0.04908
12310.43652 0.04550
12313.12598 0.04342
12315.81055 0.02510
12318.50098 0.02208
12321.18652 0.05978
12323.87793 0.02638
12326.58594 0.04140
12329.26465 0.04871
12331.95898 0.01148
12334.65430 0.05618
12337.34375 0.05381
12340.04590 0.05491
12342.73535 0.04061
12345.41895 0.03049
12348.11621 0.05177
12350.80078 0.03074
12353.50098 0.03743
12356.18555 0.03528
12358.88574 0.02685
12361.57227 0.04091
12364.26758 0.03996
12366.96289 0.03410
12369.65137 0.05670
12372.34082 0.04146
12375.03125 0.06555
12377.72852 0.04324
12380.41211 0.06750
12383.10449 0.04481
12385.79590 0.03872
12388.49609 0.04018
12391.18945 0.04629
12393.88379 0.02419
12396.57227 0.04488
12399.25977 0.03749
12401.95605 0.03743
12404.65234 0.04202
12407.33594 0.03662
12410.02051 0.02526
12412.72559 0.04892
12415.40918 0.03464
12418.10938 0.03896
12420.79590 0.05238
12423.48926 0.01883
12426.17773 0.02660
12428.86523 0.05268
12431.57422 0.07057
12434.26270 0.03236
12436.95312 0.05647
12439.63574 0.03828
12442.33496 0.04693
12445.02539 0.03798
12447.71875 0.03806
12450.41016 0.04189
12453.09668 0.06476
12455.79004 0.04836
12458.48535 0.03286
12461.18066 0.05085
12463.87598 0.02161
12466.55859 0.03831
12469.25586 0.03593
12471.95312 0.04491
12474.63672 0.05028
12477.33594 0.04128
12480.02734 0.03869
12482.71387 0.04446
12485.40723 0.05562
12488.09375 0.03762
12490.78906 0.02575
12493.48340 0.01860
12496.17285 0.04121
12498.86914 0.03587
12501.56641 0.04134
12504.24316 0.05236
12506.94043 0.05822
12509.63965 0.03079
12512.31836 0.02992
12515.01758 0.02575
12517.70508 0.03526
12520.39941 0.05212
12523.09375 0.04206
12525.78809 0.04396
12528.47754 0.02977
12531.16699 0.05599
12533.86426 0.02191
12536.55469 0.03493
12539.24609 0.02485
12541.93750 0.02854
12544.63086 0.04598
12547.32324 0.04355
12550.01758 0.03385
12552.70410 0.02357
12555.40527 0.04378
12558.09473 0.05878
12560.77637 0.04352
12563.47363 0.04406
12566.17090 0.02925
12568.85352 0.01831
12571.55176 0.04562
12574.23730 0.05600
12576.93652 0.04124
12579.62305 0.04253
12582.32227 0.03343
12585.01074 0.04575
12587.69922 0.02867
12590.38672 0.03547
12593.08887 0.04272
12595.77832 0.03054
12598.47559 0.04923
12601.16699 0.04864
12603.85156 0.04838
12606.55078 0.03536
12609.24219 0.03889
12611.92090 0.03900
12614.62207 0.03430
12617.30957 0.05014
12620.01172 0.06065
12622.69336 0.02984
12625.38867 0.04976
12628.07812 0.04787
12630.77539 0.04341
12633.46680 0.04133
12636.15723 0.03814
12638.84277 0.03124
12641.54883 0.03564
12644.23438 0.05229
12646.92773 0.04900
12649.61523 0.04796
12652.31055 0.06548
12654.99805 0.03847
12657.68750 0.05598
12660.38379 0.03690
12663.07324 0.03513
12665.77148 0.05118
12668.46191 0.02431
12671.15430 0.05970
12673.85352 0.04472
12676.53320 0.03328
12679.23242 0.02798
12681.92676 0.05679
12684.61426 0.05320
12687.30957 0.02898
12689.99805 0.02182
12692.68066 0.05532
12695.37793 0.04894
12698.07520 0.05315
12700.75879 0.04932
12703.46387 0.04628
12706.14941 0.05356
12708.84277 0.07363
12711.52930 0.04754
12714.22266 0.01039
12716.91797 0.04559
12719.61230 0.04232
12722.30176 0.03166
12724.99121 0.04840
12727.68652 0.03870
12730.37109 0.04259
12733.06836 0.03044
12735.75977 0.04641
12738.45215 0.03404
12741.14551 0.03770
12743.83105 0.01897
12746.52539 0.02762
12749.21875 0.04322
12751.91504 0.04884
12754.60254 0.03736
12757.29199 0.03752
12759.99609 0.03762
12762.68555 0.03727
12765.37598 0.05984
12768.06152 0.04162
12770.75977 0.05565
12773.44531 0.01713
12776.14551 0.03952
12778.83203 0.03545
12781.52637 0.04042
12784.22070 0.06288
12786.90234 0.04026
12789.59668 0.03886
12792.29395 0.06080
12794.99121 0.04626
12797.67480 0.04135
12800.37305 0.04616
12803.05664 0.03207
12805.75684 0.05434
12808.45020 0.03084
12811.12891 0.03689
12813.83691 0.04924
12816.51660 0.07372
12819.21289 0.05285
12821.90137 0.04113
12824.58984 0.04145
12827.29395 0.02400
12829.98438 0.03208
12832.67578 0.04876
12835.35938 0.02937
12838.05176 0.02868
12840.74316 0.05161
12843.44434 0.03026
12846.13086 0.03038
12848.83301 0.04419
12851.51270 0.03551
12854.20898 0.04168
12856.88965 0.06098
12859.59375 0.04073
12862.28320 0.02493
12864.97363 0.04596
12867.66602 0.05768
12870.36426 0.05081
12873.05664 0.04361
12875.74219 0.04555
12878.43555 0.03281
12881.12207 0.06433
12883.82422 0.04361
12886.51855 0.04172
12889.20703 0.03709
12891.90430 0.03775
12894.59375 0.03271
12897.27637 0.04602
12899.97461 0.05064
12902.65918 0.03118
12905.35742 0.05115
12908.05078 0.02776
12910.73633 0.03366
12913.42969 0.06441
12916.11719 0.05427
12918.81836 0.05221
12921.50000 0.04390
12924.20312 0.04380
12926.88574 0.03225
12929.58887 0.05920
12932.28027 0.04532
12934.96387 0.05873
12937.65430 0.05836
12940.33984 0.05498
12943.04688 0.05435
12945.74023 0.03566
12948.42676 0.03753
12951.12109 0.02323
12953.81543 0.05358
12956.49707 0.04683
12959.19336 0.07368
12961.88281 0.04011
12964.58008 0.05340
12967.27832 0.04522
12969.96191 0.04380
12972.66113 0.05961
12975.34668 0.03012
12978.03809 0.03551
12980.72461 0.04806
12983.41992 0.05121
12986.11426 0.04998
12988.81543 0.03687
12991.49707 0.04848
12994.18652 0.04218
12996.88379 0.04479
12999.56641 0.05045
13002.27148 0.04755
13004.96973 0.03933
13007.65430 0.05871
13010.34766 0.03921
13013.03320 0.03954
13015.73242 0.02677
13018.41309 0.04088
13021.10742 0.03664
13023.80371 0.03085
13026.49902 0.04243
13029.18066 0.05156
13031.87793 0.03116
13034.57520 0.03889
13037.25781 0.04013
13039.95605 0.05330
13042.64844 0.06144
13045.33398 0.03549
13048.03516 0.04538
13050.72070 0.03640
13053.41504 0.05288
13056.10938 0.04147
13058.80566 0.03397
13061.49316 0.02495
13064.18262 0.04170
13066.87207 0.04702
13069.57129 0.06346
13072.25391 0.02353
13074.95215 0.05591
13077.64453 0.02621
13080.33789 0.04579
13083.02246 0.04420
13085.71582 0.05975
13088.41113 0.05668
13091.09863 0.02992
13093.79297 0.03779
13096.49707 0.03507
13099.17188 0.06884
13101.87598 0.05062
13104.56641 0.03080
13107.24902 0.04889
13109.94824 0.04058
13112.63965 0.04543
13115.33301 0.04982
13118.01172 0.03770
13120.71973 0.07616
13123.41406 0.01682
13126.10156 0.05055
13128.78906 0.05518
13131.48535 0.05615
13134.18262 0.02748
13136.86328 0.03741
13139.54785 0.05623
13142.24512 0.06788
13144.94336 0.04791
13147.63574 0.04578
13150.32129 0.03757
13153.01465 0.05451
13155.71582 0.03183
13158.39453 0.05390
13161.09668 0.03662
13163.78516 0.03506
13166.48730 0.04221
13169.16992 0.03662
13171.85938 0.04263
13174.55664 0.04945
13177.24707 0.05297
13179.93164 0.05253
13182.62305 0.06402
13185.31641 0.05766
13188.00879 0.04289
13190.69531 0.03484
13193.38965 0.04989
13196.08496 0.03621
13198.77930 0.06109
13201.47559 0.04627
13204.16406 0.03789
13206.85352 0.04100
13209.55078 0.03183
13212.25000 0.04458
13214.92578 0.06827
13217.62402 0.05536
13220.32422 0.03990
13223.00977 0.04808
13225.71094 0.03666
13228.38965 0.05268
13231.07812 0.04067
13233.78027 0.04692
13236.47461 0.04680
13239.16406 0.05255
13241.84668 0.02974
13244.55078 0.04582
13247.24121 0.02805
13249.93262 0.04143
13252.63184 0.04367
13255.31641 0.03090
13258.00977 0.02646
13260.69434 0.04718
13263.38965 0.03046
13266.08301 0.04342
13268.77051 0.03549
13271.46680 0.01517
13274.15430 0.07082
13276.85156 0.05611
13279.53516 0.03029
13282.23828 0.06290
13284.91504 0.01833
13287.61426 0.05500
13290.30664 0.07839
13293.00684 0.04145
13295.69141 0.03591
13298.38477 0.06627
13301.08008 0.05491
13303.76660 0.04817
13306.46191 0.04506
13309.15039 0.04807
13311.84668 0.04695
13314.53711 0.07105
13317.22656 0.01932
13319.91699 0.05324
13322.61523 0.04633
13325.30762 0.04513
13328.00000 0.05600
13330.68457 0.03745
13333.37988 0.04543
13336.07324 0.06414
13338.75977 0.02563
13341.45508 0.05529
13344.15039 0.06672
13346.83984 0.03583
13349.54297 0.05748
13352.22559 0.02420
13354.92285 0.04185
13357.60742 0.05276
13360.29980 0.07301
13362.99121 0.04503
13365.69141 0.06146
13368.38477 0.04113
13371.07031 0.03210
13373.75684 0.04085
13376.45117 0.02940
13379.13965 0.03674
13381.83496 0.04873
13384.53223 0.04663
13387.22168 0.02118
13389.91895 0.05711
13392.60156 0.04453
13395.30078 0.05255
13397.98535 0.03668
13400.68555 0.05460
13403.37109 0.05319
13406.06445 0.05687
13408.75000 0.02266
13411.45215 0.02137
13414.14062 0.03354
13416.84277 0.04467
13419.52441 0.02660
13422.21387 0.03892
13424.91113 0.03758
13427.60059 0.04138
13430.29199 0.02209
13432.98242 0.03354
13435.67480 0.05069
13438.36035 0.05344
13441.05371 0.03604
13443.74707 0.04966
13446.44043 0.04437
13449.13477 0.03947
13451.83008 0.06066
13454.52637 0.04350
13457.22266 0.03393
13459.89746 0.04331
13462.59473 0.05213
13465.29199 0.04009
13467.97559 0.05431
13470.67480 0.05736
13473.35938 0.03910
13476.05957 0.04746
13478.74512 0.04663
13481.44629 0.03195
13484.13281 0.04317
13486.82129 0.03561
13489.52344 0.04460
13492.21191 0.04677
13494.90137 0.04326
13497.58984 0.04346
13500.28125 0.03876
13502.97070 0.06332
13505.66211 0.04177
13508.35449 0.05854
13511.05273 0.03232
13513.73828 0.03282
13516.43164 0.06051
13519.12598 0.04689
13521.82031 0.04642
13524.51562 0.04311
13527.19531 0.05869
13529.89941 0.05098
13532.58105 0.03649
13535.27832 0.06714
13537.97559 0.02884
13540.65820 0.04047
13543.36426 0.03972
13546.04883 0.05479
13548.73438 0.04145
13551.43359 0.03002
13554.12695 0.06716
13556.81348 0.04201
13559.50098 0.04750
13562.19531 0.05518
13564.89844 0.03726
13567.58691 0.08808
13570.27637 0.05220
13572.97363 0.05573
13575.66309 0.04916
13578.34668 0.03342
13581.03809 0.06399
13583.72949 0.06976
13586.42969 0.04489
13589.12305 0.05989
13591.80859 0.05899
13594.50293 0.03681
13597.19629 0.06107
13599.88379 0.04085
13602.58008 0.06885
13605.26855 0.04285
13607.96484 0.05748
13610.65430 0.06771
13613.35156 0.04076
13616.03613 0.04598
13618.72656 0.04483
13621.41895 0.05485
13624.11816 0.03366
13626.80371 0.05916
13629.49707 0.06510
13632.19043 0.03912
13634.87695 0.03607
13637.57324 0.05678
13640.26758 0.03618
13642.96387 0.05290
13645.65332 0.02420
13648.35059 0.05657
13651.03320 0.06800
13653.72363 0.02962
13656.42188 0.02894
13659.11426 0.02689
13661.79785 0.05217
13664.50000 0.06847
13667.18457 0.01156
13669.87793 0.00644
13672.56641 0.04945
13675.26074 0.05686
13677.94922 0.04670
13680.65137 0.06773
13683.34082 0.04363
13686.02344 0.05300
13688.71289 0.03558
13691.42578 0.05180
13694.11035 0.06304
13696.80176 0.05306
13699.49414 0.04804
13702.18555 0.07452
13704.87891 0.06171
13707.56641 0.04282
13710.25879 0.04237
13712.95508 0.04961
13715.63574 0.04247
13718.33105 0.03629
13721.02734 0.05261
13723.71680 0.02514
13726.40625 0.06467
13729.10449 0.05669
13731.80273 0.04757
13734.48730 0.04362
13737.18652 0.05749
13739.87109 0.03652
13742.55664 0.03402
13745.25098 0.02793
13747.94434 0.05080
13750.63281 0.03384
13753.33496 0.02818
13756.02246 0.05746
13758.71094 0.03824
13761.40039 0.05332
13764.09082 0.05963
13766.78027 0.04388
13769.47070 0.04677
13772.17773 0.02416
13774.85449 0.04065
13777.55469 0.05165
13780.24805 0.02071
13782.94141 0.01151
13785.63477 0.04972
13788.32129 0.03803
13791.01758 0.04856
13793.71191 0.04388
13796.39355 0.05824
13799.09668 0.03966
13801.79395 0.05362
13804.47754 0.05440
13807.17578 0.05595
13809.85840 0.06050
13812.55078 0.02851
13815.25000 0.04425
13817.93555 0.04613
13820.62891 0.03806
13823.33008 0.04271
13826.01660 0.03679
13828.71191 0.04849
13831.39844 0.03304
13834.08789 0.04335
13836.78320 0.04967
13839.47266 0.04373
13842.16992 0.04881
13844.86035 0.05556
13847.55176 0.03314
13850.24219 0.03939
13852.92773 0.07363
13855.62695 0.05454
13858.31934 0.05208
13861.00586 0.06174
13863.69922 0.03725
13866.39355 0.03898
13869.08203 0.06104
13871.78418 0.05018
13874.46582 0.04570
13877.16992 0.05058
13879.85156 0.02473
13882.54199 0.03527
13885.24023 0.05172
13887.93066 0.05611
13890.62305 0.06516
13893.30762 0.04823
13896.00098 0.05500
13898.70020 0.07050
13901.39453 0.05426
13904.08789 0.05968
13906.77637 0.05422
13909.47070 0.04418
13912.15918 0.07773
13914.86230 0.06815
13917.53613 0.04866
13920.23340 0.03409
13922.92383 0.04598
13925.62305 0.06255
13928.30664 0.04839
13931.00586 0.06610
13933.68262 0.03492
13936.38281 0.04445
13939.07617 0.05760
13941.77051 0.03566
13944.46484 0.06038
13947.15234 0.05297
13949.83984 0.04433
13952.53613 0.07685
13955.23145 0.03652
13957.92090 0.05218
13960.60449 0.03695
13963.30957 0.03702
13966.00000 0.05144
13968.69141 0.07730
13971.38379 0.03223
13974.07617 0.03180
13976.76074 0.04203
13979.46191 0.04644
13982.15723 0.05025
13984.84375 0.05670
13987.52246 0.04687
13990.22656 0.04540
13992.92188 0.06199
13995.61133 0.02437
13998.29297 0.04503
14000.99805 0.04784
14003.68066 0.05891
14006.37207 0.04963
14009.07129 0.04101
14011.76367 0.05759
14014.44727 0.03633
14017.14844 0.04597
14019.82617 0.03858
14022.53711 0.06554
14025.22363 0.07094
14027.91016 0.04526
14030.59766 0.05054
14033.29395 0.06000
14035.99121 0.04700
14038.68066 0.06294
14041.37012 0.04167
14044.06836 0.05455
14046.75879 0.06940
14049.45117 0.07090
14052.14355 0.02968
14054.82812 0.04737
14057.52148 0.05037
14060.21484 0.04956
14062.91602 0.06247
14065.59668 0.06218
14068.29102 0.06506
14070.98730 0.05483
14073.67480 0.04374
14076.37207 0.04118
14079.05371 0.06401
14081.75879 0.06232
14084.44141 0.07234
14087.14062 0.05318
14089.82422 0.03258
14092.51660 0.04944
14095.21582 0.04028
14097.90137 0.03931
14100.59570 0.04605
14103.28125 0.03329
14105.96875 0.05048
14108.67188 0.06238
14111.36816 0.04929
14114.06348 0.07354
14116.75195 0.04215
14119.43457 0.06040
14122.12402 0.05487
14124.81445 0.05957
14127.51367 0.05738
14130.21289 0.05966
14132.90527 0.05077
14135.58887 0.04478
14138.28223 0.07243
14140.97559 0.08237
14143.67090 0.03857
14146.36523 0.04853
14149.04395 0.05837
14151.74805 0.08755
14154.43555 0.04286
14157.13281 0.06627
14159.82227 0.04488
14162.51172 0.04792
14165.20996 0.08277
14167.90137 0.04207
14170.58398 0.04388
14173.27539 0.08031
14175.96875 0.05791
14178.65430 0.04476
14181.36230 0.03540
14184.05664 0.05969
14186.74316 0.06099
14189.43848 0.06148
14192.11816 0.04406
14194.81445 0.05293
14197.50391 0.04674
14200.19922 0.05915
14202.89746 0.06336
14205.57324 0.06130
14208.27832 0.07759
14210.96973 0.05616
14213.64648 0.04999
14216.35352 0.04214
14219.03125 0.04439
14221.74023 0.04146
14224.41797 0.03882
14227.12012 0.04906
14229.80762 0.05508
14232.51074 0.05547
14235.19141 0.05072
14237.88672 0.04059
14240.58398 0.05135
14243.27344 0.05579
14245.96387 0.05183
14248.65332 0.06640
14251.34570 0.05078
14254.03613 0.03763
14256.72949 0.06044
14259.42188 0.06224
14262.11523 0.03637
14264.80859 0.05676
14267.50293 0.07386
14270.18945 0.05015
14272.87598 0.06504
14275.57227 0.04757
14278.26855 0.04142
14280.96484 0.07497
14283.64648 0.05997
14286.34375 0.05956
14289.02637 0.05552
14291.72559 0.05176
14294.41699 0.05228
14297.10938 0.06014
14299.80176 0.05715
14302.50293 0.02489
14305.18750 0.05466
14307.87305 0.06214
14310.55957 0.08301
14313.27051 0.04525
14315.95020 0.04510
14318.64648 0.04525
14321.33594 0.05588
14324.02344 0.05070
14326.72266 0.04015
14329.40430 0.05155
14332.10254 0.04255
14334.79297 0.04217
14337.49316 0.04923
14340.18457 0.05990
14342.87012 0.06423
14345.57129 0.03077
14348.24902 0.05079
14350.95117 0.04115
14353.64648 0.05197
14356.33301 0.05594
14359.02832 0.05143
14361.71680 0.05453
14364.40625 0.04769
14367.10352 0.03035
14369.79297 0.04622
14372.47559 0.06507
14375.18164 0.04432
14377.86426 0.03740
14380.55664 0.06378
14383.25684 0.05703
14385.94238 0.08941
14388.63574 0.06983
14391.32031 0.04396
14394.01562 0.06365
14396.71777 0.04969
14399.41406 0.05243
14402.10156 0.05912
14404.79785 0.05538
14407.48730 0.05862
14410.18457 0.05227
14412.85742 0.06305
14415.54883 0.04133
14418.24805 0.05464
14420.93945 0.03987
14423.63086 0.03495
14426.32422 0.06097
14429.02441 0.04188
14431.70215 0.05773
14434.40430 0.06007
14437.08301 0.04112
14439.78516 0.06083
14442.48145 0.04854
14445.17773 0.06492
14447.85742 0.05444
14450.56250 0.04472
14453.24414 0.04658
14455.93457 0.04972
14458.62500 0.05658
14461.33203 0.05308
14464.01562 0.05020
14466.70801 0.05747
14469.39160 0.04097
14472.09277 0.03238
14474.77832 0.05651
14477.47363 0.06535
14480.16016 0.05117
14482.86230 0.06924
14485.55078 0.05244
14488.24609 0.06437
14490.93457 0.05789
14493.62402 0.07389
14496.31348 0.06574
14499.01172 0.06182
14501.69434 0.07284
14504.39258 0.06305
14507.08496 0.04751
14509.77734 0.05060
14512.46875 0.06441
14515.15430 0.05528
14517.85645 0.06020
14520.54199 0.06067
14523.23730 0.05288
14525.93164 0.06045
14528.61133 0.06229
14531.30762 0.05121
14534.00488 0.03428
14536.70215 0.04453
14539.38379 0.04314
14542.08105 0.06810
14544.77148 0.03897
14547.46289 0.07472
14550.15527 0.05309
14552.83984 0.07259
14555.53906 0.04472
14558.22461 0.03570
14560.92578 0.04861
14563.61230 0.04140
14566.31543 0.03622
14568.99414 0.08326
14571.68945 0.06288
14574.38574 0.05778
14577.08203 0.05987
14579.77148 0.05159
14582.45996 0.04408
14585.15137 0.06354
14587.84180 0.04451
14590.53223 0.03736
14593.23242 0.02837
14595.91602 0.04927
14598.61719 0.06728
14601.30176 0.07352
14603.99512 0.06111
14606.68164 0.05951
14609.38379 0.05751
14612.07129 0.05493
14614.76660 0.05219
14617.44727 0.04909
14620.14258 0.06724
14622.83984 0.06819
14625.52148 0.06157
14628.21973 0.05860
14630.91113 0.06367
14633.60938 0.03704
14636.29199 0.06716
14638.99316 0.04689
14641.69336 0.07107
14644.37891 0.04764
14647.06348 0.05257
14649.75684 0.06047
14652.45996 0.06348
14655.14648 0.03165
14657.83496 0.05882
14660.52246 0.05589
14663.21875 0.04999
14665.90820 0.04956
14668.61328 0.05312
14671.29395 0.05062
14673.99316 0.07358
14676.67578 0.06090
14679.36816 0.05596
14682.07520 0.05379
14684.75977 0.06833
14687.45312 0.05712
14690.13867 0.05957
14692.82324 0.05167
14695.51855 0.04194
14698.20508 0.08459
14700.89941 0.02982
14703.58789 0.11436
14706.28320 0.08027
14708.98047 0.04264
14711.66992 0.04918
14714.36719 0.05694
14717.05762 0.05303
14719.75684 0.05493
14722.45508 0.03664
14725.13086 0.06270
14727.83105 0.04508
14730.51660 0.05418
14733.20898 0.07352
14735.91113 0.05541
14738.59668 0.04315
14741.29102 0.05408
14743.97949 0.05406
14746.67383 0.06699
14749.36133 0.04227
14752.05078 0.07511
14754.74707 0.05084
14757.43750 0.06459
14760.12695 0.07166
14762.81738 0.05461
14765.51660 0.06378
14768.21582 0.07687
14770.90039 0.05466
14773.59180 0.04339
14776.27734 0.06507
14778.97070 0.07393
14781.66406 0.06791
14784.35059 0.03332
14787.05371 0.05728
14789.74902 0.06271
14792.43652 0.06657
14795.11621 0.07233
14797.81348 0.06293
14800.51074 0.06351
14803.20898 0.05660
14805.89062 0.05280
14808.58105 0.03828
14811.28125 0.05767
14813.97168 0.04466
14816.66406 0.07827
14819.34961 0.05952
14822.05078 0.04243
14824.73633 0.07696
14827.42090 0.05270
14830.12402 0.06967
14832.81055 0.07050
14835.49805 0.05353
14838.20215 0.06168
14840.89160 0.06588
14843.58008 0.05289
14846.26953 0.06755
14848.96777 0.04918
14851.64941 0.07277
14854.33984 0.05275
14857.04004 0.03734
14859.72363 0.06788
14862.42383 0.05754
14865.11719 0.06547
14867.80273 0.06852
14870.50391 0.05574
14873.19824 0.03742
14875.88477 0.07611
14878.57129 0.08888
14881.26758 0.04797
14883.97168 0.06941
14886.64355 0.07235
14889.34863 0.03626
14892.04688 0.04588
14894.72852 0.06215
14897.42676 0.07332
14900.11816 0.06257
14902.80078 0.05913
14905.50195 0.05151
14908.18555 0.06198
14910.89453 0.03603
14913.57129 0.08260
14916.26562 0.06595
14918.95117 0.05614
14921.64551 0.03940
14924.34180 0.06505
14927.03809 0.05924
14929.73340 0.04029
14932.41406 0.05818
14935.11133 0.06023
14937.80176 0.07048
14940.49902 0.06170
14943.18945 0.07070
14945.87988 0.07507
14948.56445 0.06177
14951.26367 0.08502
14953.94824 0.05730
14956.64941 0.04718
14959.33496 0.07029
14962.02832 0.07767
14964.72266 0.05411
14967.40918 0.04418
14970.10547 0.06192
14972.80957 0.08307
14975.48926 0.06521
14978.18555 0.07301
14980.87500 0.05251
14983.56348 0.05757
14986.26270 0.07693
14988.94531 0.05929
14991.63574 0.07565
14994.34375 0.05190
14997.02734 0.08478
14999.71191 0.06043
15002.40527 0.06069
15005.09863 0.06296
15007.79980 0.04303
15010.48633 0.06159
15013.18066 0.09471
15015.87695 0.05810
15018.56348 0.06472
15021.26074 0.06731
15023.94141 0.04976
15026.63867 0.05648
15029.32715 0.06223
15032.01855 0.06239
15034.71680 0.06452
15037.39941 0.04445
15040.09766 0.08498
15042.79004 0.01373
15045.47461 0.06922
15048.17578 0.07461
15050.87012 0.04909
15053.56348 0.07064
15056.24902 0.05525
15058.93555 0.06382
15061.62305 0.06080
15064.32715 0.04860
15067.00586 0.05404
15069.71094 0.07050
15072.40039 0.06050
15075.08984 0.06682
15077.78027 0.05672
15080.47949 0.07298
15083.16992 0.05325
15085.86035 0.06999
15088.55273 0.06487
15091.24414 0.06757
15093.92969 0.07609
15096.62305 0.05513
15099.31641 0.03634
15102.01074 0.06984
15104.71387 0.05911
15107.40039 0.07617
15110.07910 0.05372
15112.77637 0.06932
15115.47266 0.07733
15118.16992 0.06451
15120.85059 0.05843
15123.54004 0.06157
15126.23926 0.05648
15128.92969 0.07487
15131.62891 0.07519
15134.31250 0.07177
15137.01367 0.04519
15139.68945 0.03607
15142.39062 0.05219
15145.08398 0.04967
15147.78613 0.05799
15150.47363 0.05253
15153.16016 0.05605
15155.83887 0.05686
15158.54297 0.06864
15161.24023 0.05903
15163.92773 0.08090
15166.61719 0.05918
15169.31445 0.06239
15171.99707 0.03837
15174.68652 0.04503
15177.39453 0.05633
15180.07812 0.05231
15182.77051 0.06351
15185.46191 0.07099
15188.14648 0.06945
15190.84863 0.04284
15193.54199 0.06398
15196.21973 0.05498
15198.92383 0.06265
15201.61816 0.05433
15204.31445 0.08048
15206.99414 0.06015
15209.69141 0.06329
15212.37988 0.06573
15215.07812 0.07323
15217.75977 0.05588
15220.46582 0.03724
15223.14844 0.06828
15225.83984 0.07192
15228.53125 0.08297
15231.23145 0.04165
15233.92480 0.05963
15236.61035 0.05806
15239.30371 0.07208
15242.00586 0.05669
15244.69141 0.07854
15247.37793 0.05643
15250.06543 0.05693
15252.76172 0.05239
15255.45020 0.04966
15258.14746 0.06769
15260.83496 0.05044
15263.53320 0.06484
15266.22266 0.06782
15268.92285 0.07809
15271.60547 0.04644
15274.30566 0.06662
15276.98828 0.05818
15279.68066 0.06719
15282.38184 0.07763
15285.05859 0.06008
15287.75977 0.07139
15290.45508 0.06080
15293.14160 0.05603
15295.82812 0.05407
15298.51465 0.07366
15301.21973 0.07765
15303.90039 0.08289
15306.60547 0.04405
15309.29492 0.06926
15311.99316 0.07101
15314.68262 0.04825
15317.37305 0.07075
15320.07324 0.09396
15322.76465 0.06822
15325.44043 0.04668
15328.13184 0.06841
15330.82520 0.06038
15333.51855 0.05598
15336.20410 0.07357
15338.89844 0.06261
15341.59277 0.06541
15344.28027 0.06096
15346.97559 0.05940
15349.67285 0.06500
15352.36914 0.06508
15355.05859 0.07522
15357.74805 0.06148
15360.44629 0.06142
15363.12793 0.05661
15365.81836 0.08571
15368.51855 0.05778
15371.20117 0.06965
15373.90039 0.06453
15376.60254 0.05928
15379.28711 0.06876
15381.98047 0.07016
15384.66602 0.07561
15387.36914 0.03981
15390.05566 0.05387
15392.75879 0.06452
15395.44727 0.05558
15398.12598 0.06134
15400.83105 0.06527
15403.51172 0.06793
15406.20020 0.09661
15408.89160 0.05547
15411.59766 0.03377
15414.28809 0.06563
15416.98047 0.06203
15419.67285 0.04471
15422.35547 0.05595
15425.04883 0.04778
15427.74219 0.04613
15430.43555 0.06662
15433.12793 0.06458
15435.82324 0.07191
15438.50195 0.06431
15441.19629 0.06298
15443.89258 0.08307
15446.58789 0.06282
15449.26855 0.08327
15451.96582 0.08230
15454.66406 0.06044
15457.36133 0.05339
15460.04395 0.05656
15462.74316 0.07906
15465.42578 0.06139
15468.12500 0.07708
15470.81738 0.08961
15473.51855 0.07469
15476.20410 0.07109
15478.88770 0.05158
15481.59082 0.06010
15484.27734 0.05720
15486.96289 0.05916
15489.65820 0.06907
15492.34570 0.06808
15495.03320 0.07382
15497.73047 0.07133
15500.41895 0.05776
15503.10840 0.06039
15505.79883 0.04679
15508.48828 0.07348
15511.17871 0.07684
15513.87891 0.05640
15516.57031 0.07277
15519.26270 0.05977
15521.95410 0.07073
15524.64746 0.07007
15527.34082 0.07294
15530.04395 0.05641
15532.72852 0.09637
15535.42383 0.05992
15538.11914 0.07326
15540.80664 0.06952
15543.50195 0.05030
15546.19922 0.07650
15548.87988 0.05098
15551.58594 0.07398
15554.26562 0.06351
15556.96484 0.09081
15559.65527 0.05088
15562.33789 0.05287
15565.03809 0.06527
15567.72949 0.08352
15570.41406 0.08853
15573.11523 0.06329
15575.80859 0.05765
15578.49414 0.06793
15581.17969 0.06564
15583.87402 0.06122
15586.57812 0.06721
15589.26465 0.06836
15591.95996 0.07212
15594.64844 0.06263
15597.33691 0.06416
15600.03320 0.05755
15602.72266 0.05463
15605.42188 0.05725
15608.09473 0.05836
15610.79492 0.05411
15613.48535 0.09334
15616.17773 0.07112
15618.87793 0.04455
15621.55371 0.08610
15624.25488 0.08300
15626.95703 0.03218
15629.64258 0.07869
15632.33789 0.07057
15635.02246 0.08586
15637.71875 0.05950
15640.40527 0.05928
15643.10254 0.04242
15645.79102 0.07759
15648.48828 0.05851
15651.17773 0.08097
15653.85742 0.07395
15656.56543 0.04722
15659.24707 0.06520
15661.93848 0.05817
15664.62891 0.04814
15667.33008 0.08690
15670.02246 0.07737
15672.71582 0.04013
15675.40918 0.07680
15678.10254 0.07491
15680.78809 0.08036
15683.48242 0.06367
15686.16895 0.07970
15688.86523 0.06593
15691.56055 0.04884
15694.24902 0.05914
15696.94531 0.06716
15699.62500 0.06786
15702.31445 0.04725
15705.02246 0.07096
15707.72070 0.04599
15710.39453 0.07216
15713.09375 0.06011
15715.79395 0.05586
15718.46875 0.06339
15721.16992 0.08203
15723.85449 0.07015
15726.55664 0.05766
15729.23242 0.06667
15731.93652 0.06441
15734.63086 0.07661
15737.32617 0.06229
15740.01367 0.05434
15742.70020 0.08545
15745.38867 0.06661
15748.09473 0.07293
15750.77539 0.05880
15753.46484 0.05584
15756.15430 0.06529
15758.84473 0.07043
15761.56152 0.04544
15764.24414 0.05730
15766.93555 0.08324
15769.62793 0.06936
15772.32031 0.05585
15775.01367 0.07217
15777.70703 0.04073
15780.38281 0.08270
15783.07812 0.07612
15785.77344 0.07143
15788.46875 0.06279
15791.16406 0.05082
15793.84277 0.04397
15796.54004 0.06325
15799.23730 0.06920
15801.93457 0.06147
15804.61621 0.08579
15807.32227 0.07684
15810.00391 0.05903
15812.69629 0.08071
15815.38672 0.05668
15818.07910 0.06880
15820.76172 0.06910
15823.46387 0.07128
15826.15625 0.07176
15828.84180 0.06229
15831.54395 0.07398
15834.22949 0.06114
15836.91602 0.05486
15839.60254 0.06794
15842.30762 0.08104
15845.00391 0.07126
15847.69141 0.07888
15850.37988 0.06265
15853.07812 0.05227
15855.76758 0.05963
15858.45703 0.07864
15861.14746 0.06648
15863.84766 0.05370
15866.53809 0.06320
15869.23047 0.04315
15871.92188 0.06786
15874.61523 0.07629
15877.29004 0.08978
15879.99316 0.06920
15882.69531 0.08959
15885.38965 0.05497
15888.06738 0.08168
15890.76367 0.08480
15893.45898 0.07494
15896.14746 0.07508
15898.84375 0.06464
15901.53125 0.06258
15904.22949 0.08055
15906.91016 0.07802
15909.60840 0.08088
15912.29883 0.07306
15914.99023 0.08544
15917.68945 0.06185
15920.37305 0.05011
15923.05664 0.06243
15925.75781 0.06686
15928.45898 0.08197
15931.14453 0.06680
15933.83008 0.07809
15936.52344 0.05145
15939.22656 0.04519
15941.92285 0.04295
15944.60938 0.06232
15947.29785 0.09859
15949.99316 0.07121
15952.68262 0.05949
15955.37109 0.05520
15958.06055 0.07033
15960.75000 0.06628
15963.44043 0.06614
15966.14062 0.06762
15968.83984 0.08062
15971.51367 0.06604
15974.21484 0.05230
15976.90723 0.05719
15979.59082 0.04716
15982.29297 0.06722
15984.98633 0.06287
15987.67188 0.05799
15990.36621 0.05030
15993.04590 0.07425
15995.75879 0.06818
15998.43652 0.07253
16001.14258 0.06968
16003.82129 0.07114
16006.51074 0.05145
16009.21680 0.06081
16011.89746 0.07169
16014.58789 0.07628
16017.28613 0.06381
16019.98633 0.07807
16022.66895 0.06406
16025.36133 0.04921
16028.04395 0.07150
16030.75391 0.07965
16033.43066 0.05796
16036.14258 0.07725
16038.82715 0.06636
16041.52246 0.07610
16044.21680 0.07534
16046.89453 0.08179
16049.58105 0.05015
16052.27832 0.08373
16054.96582 0.06504
16057.67188 0.08454
16060.36035 0.07350
16063.04102 0.06712
16065.73926 0.05991
16068.43945 0.06678
16071.12109 0.07767
16073.81152 0.06868
16076.51270 0.07217
16079.20508 0.05540
16081.89648 0.06547
16084.58105 0.06503
16087.27441 0.05540
16089.96875 0.06837
16092.67090 0.07419
16095.34863 0.08086
16098.03516 0.05903
16100.74805 0.05285
16103.42676 0.05455
16106.11426 0.08119
16108.82031 0.06122
16111.50879 0.06138
16114.19727 0.05410
16116.88672 0.05181
16119.57812 0.06446
16122.26855 0.06338
16124.95898 0.07177
16127.64941 0.05323
16130.35059 0.05451
16133.03320 0.05857
16135.72656 0.07852
16138.41992 0.05734
16141.12305 0.08392
16143.80664 0.06586
16146.50098 0.06560
16149.19727 0.07238
16151.88281 0.09141
16154.57910 0.08897
16157.26660 0.07651
16159.97168 0.06693
16162.65234 0.06475
16165.34961 0.06906
16168.03906 0.07795
16170.72754 0.07275
16173.42676 0.06474
16176.10840 0.06176
16178.81738 0.06747
16181.50000 0.05463
16184.18262 0.07727
16186.87500 0.07461
16189.56738 0.05493
16192.27051 0.06624
16194.95410 0.10722
16197.64941 0.07046
16200.33398 0.07122
16203.03809 0.06958
16205.72461 0.07339
16208.42090 0.03505
16211.10742 0.05300
16213.79590 0.04981
16216.49316 0.06210
16219.18262 0.05138
16221.87207 0.06979
16224.57031 0.03548
16227.25195 0.08261
16229.94238 0.05748
16232.64258 0.06261
16235.33301 0.05460
16238.02441 0.07429
16240.71680 0.07082
16243.41895 0.07997
16246.09375 0.04737
16248.78906 0.08034
16251.49121 0.06770
16254.17676 0.05895
16256.87305 0.06886
16259.56738 0.05188
16262.25391 0.07183
16264.95117 0.06658
16267.63965 0.06745
16270.33691 0.07817
16273.01562 0.06967
16275.72266 0.08603
16278.40332 0.08273
16281.10352 0.05914
16283.79395 0.07614
16286.47559 0.07716
16289.17480 0.08040
16291.87598 0.05810
16294.56055 0.08042
16297.24316 0.05653
16299.95508 0.06403
16302.64062 0.05640
16305.32422 0.07554
16308.02832 0.07963
16310.71484 0.07964
16313.40039 0.06678
16316.09570 0.07015
16318.78418 0.06946
16321.47266 0.06508
16324.17871 0.06780
16326.86621 0.03874
16329.55566 0.06494
16332.25488 0.06200
16334.93652 0.05913
16337.62500 0.05945
16340.32617 0.07256
16343.01758 0.06569
16345.70898 0.05713
16348.40137 0.08437
16351.09473 0.08260
16353.77832 0.06521
16356.48145 0.07054
16359.15723 0.08940
16361.85938 0.08722
16364.55566 0.05495
16367.24121 0.06754
16369.92773 0.06665
16372.62500 0.06365
16375.32129 0.08732
16378.01855 0.05301
16380.69824 0.06474
16383.39551 0.05623
16386.09375 0.05189
16388.77539 0.05812
16391.47461 0.09748
16394.15625 0.04134
16396.85742 0.06284
16399.55859 0.06012
16402.24023 0.07697
16404.94141 0.07110
16407.62695 0.08693
16410.31055 0.06032
16413.01367 0.06967
16415.69922 0.05696
16418.40234 0.05044
16421.08789 0.06920
16423.76562 0.06574
16426.46289 0.05502
16429.16016 0.07714
16431.84766 0.07222
16434.54492 0.08237
16437.24219 0.06052
16439.92383 0.07183
16442.62109 0.07452
16445.31055 0.06270
16448.00195 0.04672
16450.69336 0.07493
16453.38477 0.05387
16456.07617 0.08067
16458.75977 0.07193
16461.46094 0.06419
16464.14648 0.06361
16466.84766 0.06575
16469.53320 0.06759
16472.22852 0.06971
16474.92383 0.07304
16477.60938 0.07573
16480.31445 0.06455
16483.00195 0.07297
16485.68945 0.06900
16488.37695 0.05682
16491.06641 0.04534
16493.77344 0.06645
16496.46289 0.07776
16499.15430 0.05042
16501.84375 0.06268
16504.53516 0.04674
16507.22461 0.05386
16509.91797 0.05958
16512.61914 0.05943
16515.30078 0.06940
16518.00391 0.07548
16520.68750 0.05792
16523.36328 0.08083
16526.06836 0.07382
16528.76172 0.07308
16531.45703 0.04311
16534.15234 0.08818
16536.83984 0.05346
16539.52734 0.06856
16542.22461 0.06489
16544.91211 0.07118
16547.60938 0.06193
16550.29102 0.08179
16552.98828 0.08473
16555.67969 0.07547
16558.37891 0.08884
16561.06055 0.06390
16563.76172 0.05256
16566.44336 0.05529
16569.14453 0.07394
16571.82812 0.08823
16574.52148 0.06528
16577.22461 0.07131
16579.91797 0.08045
16582.60352 0.06252
16585.28906 0.07423
16587.97461 0.05723
16590.67969 0.09230
16593.37695 0.05517
16596.06445 0.07014
16598.75977 0.05080
16601.44141 0.08487
16604.13867 0.07110
16606.82812 0.07118
16609.52539 0.06109
16612.21680 0.06769
16614.91602 0.07360
16617.60742 0.08725
16620.29883 0.06796
16622.97266 0.06381
16625.66406 0.07059
16628.36523 0.05939
16631.05859 0.07302
16633.74414 0.06222
16636.43750 0.06525
16639.14062 0.06572
16641.81836 0.07560
16644.52344 0.07462
16647.20117 0.07035
16649.90625 0.06307
16652.60156 0.05028
16655.28906 0.07550
16657.98828 0.06714
16660.67578 0.09550
16663.35547 0.06912
16666.06445 0.06074
16668.74609 0.08733
16671.43555 0.05848
16674.13672 0.08053
16676.82812 0.08505
16679.50977 0.07204
16682.20312 0.06881
16684.90430 0.07649
16687.58789 0.07670
16690.28320 0.07423
16692.96680 0.07647
16695.66211 0.06343
16698.34570 0.08987
16701.04297 0.08449
16703.72852 0.08191
16706.42578 0.08651
16709.11133 0.07865
16711.81836 0.06541
16714.50781 0.08038
16717.20508 0.04422
16719.89453 0.06696
16722.59375 0.08356
16725.27344 0.06620
16727.96484 0.05032
16730.66406 0.06559
16733.35547 0.05017
16736.04688 0.06146
16738.74023 0.08927
16741.44141 0.07225
16744.11719 0.05493
16746.81836 0.06151
16749.50391 0.07753
16752.20703 0.05737
16754.88281 0.06771
16757.58789 0.06061
16760.26562 0.07492
16762.96289 0.08700
16765.65820 0.07374
16768.34570 0.06976
16771.04297 0.07311
16773.74219 0.08759
16776.42188 0.06646
16779.11133 0.04791
16781.81055 0.06877
16784.50977 0.07437
16787.19141 0.06602
16789.88086 0.07748
16792.57422 0.07284
16795.26562 0.05495
16797.95898 0.04982
16800.64258 0.06160
16803.34570 0.05854
16806.02930 0.07063
16808.72461 0.09031
16811.41797 0.08004
16814.11328 0.06999
16816.80078 0.08175
16819.50586 0.06102
16822.19141 0.06916
16824.87109 0.05554
16827.57812 0.03993
16830.26562 0.07441
16832.96484 0.04759
16835.64453 0.04086
16838.34180 0.05976
16841.03320 0.06859
16843.72461 0.06865
16846.41406 0.07675
16849.10742 0.06915
16851.79883 0.06690
16854.49023 0.06990
16857.19336 0.08426
16859.87500 0.09050
16862.58008 0.05952
16865.25391 0.06808
16867.94922 0.04640
16870.64453 0.07440
16873.33984 0.05362
16876.02734 0.07496
16878.73242 0.05587
16881.41992 0.07857
16884.10547 0.08206
16886.79492 0.08230
16889.48438 0.06979
16892.17383 0.05524
16894.87109 0.06547
16897.57227 0.07806
16900.25195 0.06411
16902.93359 0.05453
16905.65234 0.07704
16908.31641 0.07218
16911.01758 0.06597
16913.71875 0.05566
16916.40430 0.06377
16919.10547 0.06757
16921.79102 0.06863
16924.49414 0.07788
16927.16016 0.07696
16929.86523 0.06244
16932.57031 0.08891
16935.25586 0.05713
16937.94336 0.08239
16940.63086 0.05721
16943.33789 0.07165
16946.02539 0.06887
16948.71484 0.07768
16951.40430 0.07071
16954.09375 0.06562
16956.78320 0.05827
16959.49219 0.08819
16962.16406 0.05547
16964.85742 0.09916
16967.55859 0.05635
16970.25000 0.04126
16972.93164 0.07530
16975.63477 0.07135
16978.32812 0.06019
16981.00391 0.09734
16983.69922 0.06526
16986.41211 0.06401
16989.08789 0.06853
16991.78320 0.07616
16994.47070 0.06784
16997.16602 0.05980
16999.85547 0.08760
17002.54297 0.06346
17005.24023 0.07047
17007.92969 0.08556
17010.61914 0.06160
17013.31641 0.08143
17016.00781 0.09270
17018.70703 0.07414
17021.39844 0.07182
17024.08984 0.06897
17026.77148 0.06579
17029.46484 0.09130
17032.16602 0.06309
17034.86914 0.05900
17037.53516 0.04787
17040.23828 0.08467
17042.94141 0.07717
17045.61719 0.07077
17048.32227 0.05368
17051.00000 0.07137
17053.69531 0.05682
17056.38281 0.05817
17059.08008 0.07406
17061.76758 0.06350
17064.47461 0.08935
17067.15430 0.07679
17069.86133 0.04583
17072.55078 0.05960
17075.23242 0.07852
17077.93359 0.07607
17080.61328 0.06711
17083.30469 0.06248
17085.99609 0.06837
17088.69922 0.07640
17091.39062 0.07811
17094.08398 0.06763
17096.76953 0.08026
17099.46289 0.07231
17102.15625 0.09794
17104.84180 0.06057
17107.53711 0.07464
17110.23242 0.06252
17112.91992 0.05970
17115.61719 0.06915
17118.31445 0.07656
17121.00000 0.06446
17123.69922 0.05509
17126.38672 0.06616
17129.06641 0.08561
17131.76758 0.07018
17134.45703 0.06767
17137.15625 0.04965
17139.83789 0.08427
17142.52930 0.04996
17145.23047 0.08478
17147.91211 0.07182
17150.60547 0.08305
17153.29883 0.06364
17156.00195 0.07102
17158.67578 0.06871
17161.38086 0.06475
17164.06641 0.06066
17166.75977 0.06674
17169.44727 0.04147
17172.15234 0.06914
17174.83789 0.07246
17177.52734 0.06932
17180.23242 0.06058
17182.92188 0.05747
17185.59961 0.06338
17188.28906 0.05325
17190.99805 0.05976
17193.67773 0.07063
17196.37891 0.06934
17199.06836 0.07459
17201.75000 0.06751
17204.44141 0.05902
17207.13477 0.06969
17209.82617 0.05589
17212.51953 0.06358
17215.21094 0.05939
17217.90625 0.08874
17220.58984 0.08344
17223.29492 0.06892
17225.99023 0.09554
17228.67578 0.09984
17231.37109 0.05754
17234.06836 0.08320
17236.74414 0.07504
17239.44141 0.05635
17242.13867 0.06080
17244.82812 0.09107
17247.51758 0.07267
17250.21484 0.05385
17252.90625 0.06759
17255.59570 0.06147
17258.29492 0.06895
17260.97656 0.07236
17263.67773 0.06897
17266.36133 0.05619
17269.06250 0.05235
17271.75586 0.08845
17274.44727 0.06492
17277.13086 0.06331
17279.82617 0.07227
17282.52148 0.06943
17285.20508 0.08681
17287.90039 0.07927
17290.60547 0.05154
17293.28125 0.04856
17295.97852 0.03915
17298.66602 0.06976
17301.35352 0.10071
17304.04102 0.06791
17306.75000 0.05411
17309.44727 0.05465
17312.12891 0.05939
17314.82617 0.04283
17317.51758 0.06872
17320.21680 0.07900
17322.89844 0.05833
17325.59180 0.06129
17328.29297 0.05028
17330.95703 0.05098
17333.65820 0.07836
17336.35156 0.07061
17339.05469 0.06091
17341.73828 0.06725
17344.42383 0.05911
17347.11914 0.08193
17349.82422 0.05859
17352.50977 0.06744
17355.19531 0.08482
17357.89258 0.07049
17360.59961 0.03906
17363.26758 0.03401
17365.97656 0.07646
17368.65430 0.05800
17371.36328 0.07417
17374.03320 0.08119
17376.74219 0.07307
17379.43359 0.07915
17382.13281 0.05402
17384.81445 0.05418
17387.49805 0.06956
17390.20703 0.08021
17392.89062 0.06426
17395.57422 0.09143
17398.26758 0.05473
17400.97070 0.06052
17403.66406 0.09090
17406.33984 0.06520
17409.03516 0.05854
17411.73047 0.05056
17414.41602 0.06278
17417.10352 0.06499
17419.81836 0.07971
17422.50586 0.06189
17425.20312 0.07103
17427.89062 0.07702
17430.58008 0.08327
17433.25977 0.06152
17435.95898 0.07844
17438.64844 0.06102
17441.33984 0.06195
17444.03906 0.07965
17446.73047 0.06657
17449.43164 0.07537
17452.10547 0.06470
17454.79883 0.07483
17457.50000 0.07151
17460.18359 0.07496
17462.88672 0.06204
17465.57031 0.06044
17468.25586 0.08054
17470.96094 0.05793
17473.64648 0.05140
17476.34180 0.06884
17479.01953 0.06628
17481.72656 0.07170
17484.41211 0.07125
17487.10938 0.04579
17489.78906 0.06581
17492.49609 0.06288
17495.18555 0.07465
17497.87500 0.06297
17500.57422 0.06863
17503.25586 0.04697
17505.94531 0.06246
17508.63672 0.07224
17511.34766 0.06419
17514.03906 0.05896
17516.71289 0.06776
17519.40625 0.02978
17522.09961 0.04496
17524.79297 0.07720
17527.48633 0.07551
17530.16992 0.07575
17532.86719 0.08266
17535.56055 0.07336
17538.24805 0.06551
17540.94336 0.08301
17543.63086 0.07819
17546.32812 0.09056
17549.02539 0.07383
17551.72266 0.07168
17554.40039 0.04700
17557.09961 0.05710
17559.78906 0.05256
17562.48828 0.05708
17565.16992 0.06381
17567.86914 0.06737
17570.56055 0.06453
17573.24219 0.09652
17575.93359 0.04771
17578.63477 0.06210
17581.31836 0.06719
17584.02148 0.08627
17586.70508 0.06683
17589.40039 0.07112
17592.08398 0.07847
17594.78906 0.08534
17597.47461 0.06801
17600.17969 0.07661
17602.86523 0.04194
17605.54297 0.06912
17608.24805 0.06080
17610.93750 0.07133
17613.63477 0.05795
17616.32227 0.06303
17619.02930 0.05473
17621.70898 0.08939
17624.39844 0.05369
17627.08789 0.06039
17629.77930 0.05402
17632.47070 0.06712
17635.16211 0.05969
17637.84375 0.07832
17640.55469 0.05935
17643.23828 0.05384
17645.92969 0.08395
17648.63281 0.07396
17651.31836 0.05696
17654.00195 0.05749
17656.69727 0.06139
17659.39062 0.07199
17662.08594 0.06505
17664.78125 0.06838
17667.47852 0.05712
17670.16602 0.04981
17672.85156 0.07362
17675.54883 0.06787
17678.22852 0.06007
17680.92773 0.08320
17683.63477 0.05087
17686.31445 0.05737
17689.01367 0.06303
17691.68359 0.06791
17694.38477 0.06985
17697.08594 0.07605
17699.77539 0.06482
17702.45898 0.05638
17705.16016 0.04164
17707.85352 0.05833
17710.54688 0.04843
17713.22852 0.08077
17715.91406 0.06590
17718.61719 0.03898
17721.31250 0.07821
17723.99805 0.05832
17726.70312 0.05598
17729.39844 0.04805
17732.07617 0.07369
17734.76172 0.06464
17737.44922 0.07177
17740.14844 0.08856
17742.85547 0.07880
17745.54297 0.08914
17748.24219 0.07904
17750.93164 0.06191
17753.62109 0.07669
17756.31055 0.09186
17759.00195 0.09347
17761.69336 0.07535
17764.37500 0.06365
17767.06641 0.02301
17769.75977 0.05231
17772.46289 0.07137
17775.15430 0.06827
17777.84766 0.07163
17780.52148 0.06986
17783.21680 0.06188
17785.91992 0.06336
17788.61719 0.04469
17791.30273 0.05401
17793.99805 0.04805
17796.69336 0.06565
17799.38086 0.07604
17802.07812 0.05818
17804.75586 0.07681
17807.45312 0.06796
17810.13281 0.05786
17812.84180 0.06595
17815.52148 0.06816
17818.23047 0.05079
17820.91016 0.05353
17823.62109 0.06439
17826.30273 0.06399
17828.99414 0.04963
17831.67578 0.05593
17834.37695 0.04904
17837.06055 0.03548
17839.75391 0.09363
17842.45703 0.05562
17845.15039 0.05500
17847.83398 0.04069
17850.52930 0.05013
17853.21484 0.06951
17855.91016 0.06653
17858.59570 0.07118
17861.29297 0.06630
17863.98047 0.07878
17866.66602 0.05871
17869.36523 0.06027
17872.05273 0.04773
17874.75000 0.06848
17877.43945 0.04448
17880.14062 0.06704
17882.83008 0.03157
17885.52930 0.05689
17888.21875 0.06110
17890.90039 0.04604
17893.60156 0.06121
17896.29297 0.07190
17898.99609 0.06470
17901.67773 0.06052
17904.36133 0.05960
17907.06445 0.04460
17909.73828 0.06965
17912.44141 0.04734
17915.12695 0.06232
17917.82227 0.07138
17920.50781 0.05535
17923.21484 0.05462
17925.89062 0.06212
17928.59766 0.05879
17931.28320 0.06121
17933.98242 0.06639
17936.66992 0.06299
17939.35742 0.06563
17942.05664 0.06847
17944.74609 0.05696
17947.43555 0.06631
17950.13477 0.07336
17952.81445 0.07065
17955.50586 0.06043
17958.19727 0.06509
17960.89062 0.05410
17963.59180 0.05937
17966.28320 0.08296
17968.97656 0.07438
17971.66992 0.06658
17974.35352 0.04727
17977.04688 0.05642
17979.74219 0.06845
17982.43555 0.06209
17985.12109 0.05031
17987.81836 0.05670
17990.51367 0.06354
17993.21094 0.07035
17995.90625 0.05611
17998.58398 0.04057
18001.27148 0.05294
18003.97070 0.05002
18006.66992 0.06552
18009.36719 0.04694
18012.04883 0.05662
18014.73828 0.06491
18017.42773 0.04589
18020.10742 0.06507
18022.80859 0.06849
18025.50977 0.07366
18028.19141 0.07404
18030.89453 0.06962
18033.57812 0.04762
18036.27148 0.04295
18038.95312 0.07709
18041.65820 0.05936
18044.34180 0.06720
18047.04688 0.06786
18049.73242 0.04961
18052.41797 0.06707
18055.12305 0.05816
18057.80859 0.06072
18060.49609 0.05635
18063.19336 0.06013
18065.87891 0.05100
18068.56836 0.05154
18071.25781 0.04655
18073.96484 0.05513
18076.65430 0.08255
18079.34375 0.07289
18082.03516 0.04131
18084.72461 0.05308
18087.41406 0.03972
18090.10547 0.04374
18092.79688 0.07437
18095.48828 0.04441
18098.18164 0.05084
18100.87500 0.05128
18103.56836 0.05084
18106.26172 0.06937
18108.95508 0.07263
18111.64844 0.04992
18114.34375 0.03582
18117.01953 0.06077
18119.71484 0.05669
18122.41016 0.04696
18125.10742 0.06778
18127.79492 0.06570
18130.49219 0.04577
18133.18945 0.04340
18135.86523 0.05413
18138.56445 0.05239
18141.26367 0.05880
18143.94336 0.08271
18146.64258 0.06594
18149.32227 0.06999
18152.02344 0.06417
18154.71289 0.06721
18157.41406 0.03405
18160.09570 0.05619
18162.79688 0.05689
18165.48047 0.06963
18168.16406 0.05568
18170.86719 0.07304
18173.54883 0.04174
18176.24414 0.06460
18178.94727 0.04552
18181.64258 0.06507
18184.32812 0.05471
18187.01367 0.04350
18189.72070 0.07943
18192.41602 0.05738
18195.10352 0.05976
18197.79102 0.04321
18200.47656 0.07248
18203.17578 0.05256
18205.86328 0.06503
18208.55273 0.06794
18211.26172 0.05631
18213.93164 0.05391
18216.63281 0.04530
18219.32227 0.04911
18222.01172 0.05085
18224.70312 0.04585
18227.40430 0.05130
18230.09766 0.05712
18232.78906 0.03919
18235.46289 0.06879
18238.16602 0.03934
18240.85938 0.06675
18243.55273 0.05134
18246.24805 0.03435
18248.93164 0.03749
18251.63672 0.05523
18254.33203 0.06125
18257.01758 0.05574
18259.71484 0.04953
18262.39258 0.04582
18265.09766 0.03166
18267.77539 0.04879
18270.47461 0.04644
18273.16211 0.05765
18275.86133 0.07548
18278.53906 0.07263
18281.24805 0.03426
18283.92969 0.06077
18286.61914 0.04307
18289.32031 0.03805
18292.00000 0.07053
18294.69336 0.05261
18297.39453 0.03605
18300.08594 0.02637
18302.77930 0.05246
18305.46289 0.02798
18308.16602 0.03703
18310.85938 0.05430
18313.54297 0.06608
18316.23828 0.03996
18318.92383 0.04711
18321.61914 0.04321
18324.30469 0.06697
18327.00000 0.05651
18329.68750 0.04649
18332.38477 0.06509
18335.08203 0.04313
18337.76758 0.03620
18340.46680 0.03266
18343.15625 0.03665
18345.85547 0.05450
18348.54492 0.03349
18351.24414 0.05108
18353.91406 0.05349
18356.61328 0.04875
18359.30469 0.05976
18362.00586 0.05575
18364.67773 0.06410
18367.38086 0.07357
18370.08203 0.04542
18372.76562 0.04410
18375.45898 0.06064
18378.16211 0.05270
18380.84570 0.04482
18383.53906 0.05516
18386.22461 0.05890
18388.91992 0.06705
18391.60547 0.04073
18394.30273 0.04382
18396.99805 0.05543
18399.69531 0.05255
18402.38281 0.05010
18405.06836 0.04272
18407.76758 0.02946
18410.45508 0.04942
18413.15430 0.03987
18415.84375 0.06590
18418.53320 0.04763
18421.21289 0.05802
18423.91211 0.02731
18426.61328 0.05635
18429.30469 0.02743
18431.99609 0.03722
18434.67773 0.03673
18437.37109 0.05038
18440.06250 0.04840
18442.74414 0.03811
18445.43750 0.02841
18448.15234 0.02975
18450.82617 0.03082
18453.52148 0.01884
18456.21680 0.06307
18458.90039 0.04840
18461.59766 0.03411
18464.29297 0.03796
18466.99023 0.03434
18469.67578 0.06421
18472.38477 0.04580
18475.08203 0.01636
18477.75000 0.03104
18480.44727 0.03309
18483.14648 0.05804
18485.83594 0.06066
18488.51562 0.02903
18491.21484 0.04915
18493.92578 0.03635
18496.60742 0.03346
18499.29688 0.02919
18501.97852 0.03708
18504.67969 0.02400
18507.36328 0.04279
18510.05469 0.04645
18512.74805 0.04122
18515.45117 0.02433
18518.13672 0.03845
18520.83984 0.05473
18523.51562 0.03303
18526.19922 0.04128
18528.90430 0.05090
18531.59180 0.06622
18534.28711 0.03677
18536.99414 0.03692
18539.66992 0.03640
18542.35742 0.07386
18545.04492 0.04570
18547.75391 0.05855
18550.44141 0.06442
18553.14062 0.04902
18555.83008 0.04490
18558.50781 0.05459
18561.19922 0.03926
18563.88867 0.04283
18566.57812 0.04771
18569.28125 0.02350
18571.97266 0.03297
18574.66406 0.06552
18577.35547 0.07252
18580.04883 0.02856
18582.74023 0.05109
18585.42578 0.04308
18588.12891 0.07748
18590.82422 0.05493
18593.51758 0.06759
18596.21289 0.05321
18598.88672 0.03388
18601.58398 0.03313
18604.29102 0.04257
18606.96680 0.04845
18609.66211 0.04330
18612.35938 0.03061
18615.05859 0.04975
18617.73633 0.03339
18620.44531 0.02279
18623.12305 0.02296
18625.82227 0.03601
18628.50000 0.01332
18631.20117 0.04629
18633.88086 0.04148
18636.59180 0.03962
18639.27344 0.03776
18641.97461 0.04519
18644.65625 0.03311
18647.35742 0.03144
18650.04102 0.03530
18652.73438 0.05727
18655.43555 0.05232
18658.12109 0.03465
18660.80469 0.02591
18663.48828 0.06100
18666.19336 0.01940
18668.88867 0.04715
18671.58398 0.01750
18674.26953 0.02932
18676.95703 0.06425
18679.66211 0.03676
18682.35938 0.03983
18685.04883 0.02777
18687.73633 0.05734
18690.42383 0.05504
18693.11133 0.05712
18695.81055 0.05379
18698.50977 0.03307
18701.19922 0.04233
18703.89062 0.04703
18706.58203 0.03110
18709.26172 0.03771
18711.95117 0.03522
18714.65430 0.03331
18717.34570 0.03577
18720.03906 0.04656
18722.73242 0.04979
18725.41406 0.04177
18728.10742 0.05587
18730.81250 0.03118
18733.48438 0.05367
18736.19141 -0.00218
18738.88672 0.02331
18741.56055 0.04254
18744.26562 0.03283
18746.94336 0.04859
18749.64844 0.04577
18752.34570 0.02580
18755.03320 0.03807
18757.73242 0.04063
18760.40820 0.01491
18763.11719 0.01844
18765.79492 0.03790
18768.48438 0.03930
18771.18555 0.01763
18773.86328 0.04111
18776.56445 0.04082
18779.26562 0.04295
18781.94531 0.04124
18784.62695 0.03876
18787.34961 0.03504
18790.03125 0.04459
18792.71484 0.02929
18795.40820 0.01379
18798.10938 0.02897
18800.80469 0.04569
18803.48633 0.02851
18806.18164 0.04392
18808.86719 0.02201
18811.56250 0.00869
18814.25781 0.05125
18816.94336 0.03324
18819.63867 0.02787
18822.32617 0.02817
18825.02344 0.04642
18827.72070 0.04239
18830.40820 0.02629
18833.09570 0.03361
18835.80469 0.02504
18838.47266 0.02213
18841.17188 0.03866
18843.86133 0.03657
18846.56250 0.00802
18849.26367 0.04647
18851.93164 0.01556
18854.62305 0.03764
18857.33594 0.03043
18860.02734 0.03255
18862.70898 0.02705
18865.40234 0.02384
18868.09570 0.03881
18870.78711 0.05223
18873.48047 0.05196
18876.16602 0.02288
18878.87109 0.04167
18881.55469 0.04931
18884.25000 0.03507
18886.93555 0.02230
18889.63281 0.02801
18892.32812 0.03188
18895.00391 0.03740
18897.71094 0.02906
18900.39844 0.02823
18903.08594 0.03480
18905.78516 0.02219
18908.47266 0.03192
18911.16211 0.02335
18913.87109 0.01196
18916.55078 0.03831
18919.24023 0.02168
18921.92969 0.04432
18924.62109 0.01914
18927.32227 0.06189
18930.01367 0.02113
18932.70703 0.02079
18935.39844 0.06465
18938.08984 0.04639
18940.77344 0.03981
18943.47656 0.02639
18946.16016 0.02112
18948.85352 0.01643
18951.54883 0.01258
18954.24414 0.00018
18956.93750 0.01993
18959.62305 0.02955
18962.33008 0.04204
18964.99609 0.03685
18967.69141 0.03512
18970.38867 0.02354
18973.08594 0.03090
18975.78516 0.04242
18978.46289 0.03017
18981.16016 0.03677
18983.85938 0.01513
18986.52734 0.01868
18989.22656 0.01871
18991.93750 0.01523
18994.60742 0.01366
18997.30859 0.02371
19000.00977 0.03995
19002.69141 0.02953
19005.39258 -0.00412
19008.07422 0.03319
19010.77734 0.02501
19013.45898 0.04963
19016.16211 0.03028
19018.84570 0.01859
19021.52930 0.02279
19024.23438 0.02795
19026.91797 0.02828
19029.60352 0.04307
19032.30859 0.04584
19034.99414 0.03362
19037.69141 0.02547
19040.38867 0.03670
19043.07422 0.01869
19045.76172 0.03490
19048.45898 0.02162
19051.13672 0.03796
19053.84570 0.02579
19056.54297 0.03872
19059.22266 0.03286
19061.91211 0.01407
19064.61133 0.01503
19067.30078 0.01653
19069.99219 0.00837
19072.67188 0.01054
19075.37305 0.02253
19078.06445 0.04078
19080.75781 0.01565
19083.45898 0.03827
19086.14258 0.03826
19088.83398 0.00525
19091.53906 -0.00419
19094.21094 0.03077
19096.90625 0.01191
19099.61133 0.02744
19102.29492 0.01386
19104.99023 0.02152
19107.67578 0.02595
19110.37109 0.02717
19113.06836 0.03340
19115.74414 0.04922
19118.45117 0.00827
19121.13867 0.01770
19123.81641 0.05296
19126.52539 0.05297
19129.22266 0.02086
19131.90039 0.00983
19134.61133 0.02287
19137.29102 0.01951
19139.99023 0.01309
19142.67969 0.01810
19145.38086 0.02447
19148.06250 0.00818
19150.75195 0.02589
19153.44531 0.01192
19156.12695 0.01606
19158.81836 0.00796
19161.52148 0.02866
19164.20508 0.01815
19166.89844 0.02930
19169.60156 0.02137
19172.28516 -0.00584
19174.98047 0.03078
19177.66602 0.00339
19180.34961 0.03429
19183.06641 0.02972
19185.75195 0.01545
19188.43945 0.02233
19191.13477 0.00815
19193.82227 0.00409
19196.50977 0.01780
19199.20703 0.00491
19201.89453 0.02410
19204.58203 0.00371
19207.28320 -0.00594
19209.97266 0.00028
19212.66211 0.03951
19215.36133 0.01623
19218.05273 0.02098
19220.75195 0.01619
19223.42383 0.00705
19226.11328 0.02843
19228.81641 0.02798
19231.51758 0.00099
19234.21094 0.01841
19236.89258 0.00322
19239.58594 0.01408
19242.27930 0.01099
19244.98438 0.02696
19247.65820 -0.01019
19250.35156 0.01652
19253.03516 0.01830
19255.73242 -0.00745
19258.43750 0.02845
19261.12305 0.02383
19263.82031 -0.02922
19266.50586 -0.00566
19269.20312 0.02495
19271.88086 0.02804
19274.58789 0.00483
19277.26562 0.00829
19279.96484 0.00125
19282.66406 0.01410
19285.34180 0.00579
19288.05273 0.02105
19290.73242 -0.00629
19293.41211 0.00545
19296.12305 -0.00086
19298.81445 0.02992
19301.49609 0.02229
19304.18555 0.01667
19306.88867 0.03719
19309.58203 0.02134
19312.27344 0.03359
19314.95703 0.02120
19317.65039 0.01486
19320.33398 0.00561
19323.02734 0.00211
19325.74219 0.02383
19328.42773 0.01009
19331.12305 -0.01152
19333.80859 0.01029
19336.50391 0.01038
19339.20117 0.00046
19341.88672 0.01556
19344.57422 0.01207
19347.25977 0.02057
19349.94922 -0.00204
19352.64648 -0.02367
19355.34570 0.00598
19358.03320 0.00119
19360.73438 0.00435
19363.41211 0.01971
19366.11133 -0.00670
19368.80078 0.00806
19371.49219 0.01216
19374.18359 0.01317
19376.87500 0.01015
19379.57617 0.01233
19382.25781 -0.00308
19384.94922 0.01401
19387.65234 0.00356
19390.33594 -0.00993
19393.03906 -0.01120
19395.71289 0.01234
19398.41797 0.00821
19401.09961 0.00260
19403.79492 -0.00129
19406.49023 0.00879
19409.18555 0.02227
19411.87109 0.01349
19414.57812 -0.01317
19417.25391 0.00921
19419.95117 0.01424
19422.64844 -0.00875
19425.32617 0.00847
19428.02344 0.01131
19430.72070 0.00571
19433.41992 -0.01240
19436.09766 -0.01342
19438.78711 0.00787
19441.49805 -0.01771
19444.17773 0.00808
19446.87891 0.02589
19449.55859 -0.00330
19452.25977 -0.00872
19454.93945 0.00573
19457.63086 -0.00650
19460.32422 0.01404
19463.01758 0.00014
19465.70898 0.00001
19468.40234 0.02341
19471.09570 -0.00888
19473.77734 0.01057
19476.47266 -0.01109
19479.16797 -0.01004
19481.86133 -0.01751
19484.55859 -0.00045
19487.25391 -0.03692
19489.93945 0.01316
19492.64648 -0.00124
19495.31055 0.02240
19498.01953 -0.01312
19500.70508 -0.00009
19503.41406 0.00830
19506.09180 -0.00809
19508.77930 0.01015
19511.47852 -0.03623
19514.15625 0.00978
19516.86719 -0.00443
19519.55664 0.01327
19522.24609 0.00781
19524.93555 0.01634
19527.62695 0.00149
19530.31836 0.01019
19533.00000 -0.00030
19535.71289 0.00051
19538.38281 -0.01958
19541.09570 -0.01419
19543.76758 0.00816
19546.48242 0.00390
19549.16602 0.00066
19551.87109 0.00604
19554.55273 -0.00361
19557.22656 0.00336
19559.94336 -0.00887
19562.62891 -0.02086
19565.31250 -0.00904
19567.99805 0.00602
19570.70703 -0.00204
19573.39258 -0.01071
19576.08984 0.00350
19578.77539 0.00122
19581.45117 -0.01162
19584.17383 -0.00078
19586.84961 -0.02581
19589.54883 0.00680
19592.23633 -0.00825
19594.93750 0.00449
19597.61523 -0.02362
19600.31641 0.00888
19603.00781 -0.02636
19605.69922 -0.00784
19608.38867 -0.01843
19611.09180 0.00065
19613.77148 -0.01531
19616.46289 -0.00238
19619.16797 -0.00318
19621.83789 0.00270
19624.53125 0.00544
19627.22461 -0.00489
19629.92969 -0.00013
19632.61328 0.00693
19635.31836 0.00261
19637.99219 -0.01004
19640.69727 -0.01019
19643.38281 -0.01444
19646.06836 0.01351
19648.76562 -0.01330
19651.47266 -0.00657
19654.14844 -0.00194
19656.83594 0.00912
19659.54492 -0.01793
19662.22070 -0.02416
19664.93164 -0.00474
19667.60938 -0.02131
19670.30664 0.00330
19672.98633 -0.03948
19675.69727 0.01109
19678.37500 -0.00834
19681.07617 -0.01842
19683.75586 -0.02135
19686.44727 -0.01394
19689.15039 -0.01226
19691.83984 -0.01027
19694.52148 -0.00832
19697.23633 -0.00431
19699.90625 0.00277
19702.59961 -0.00716
19705.30469 -0.02236
19707.99805 -0.01157
19710.68164 -0.00645
19713.37695 -0.01687
19716.08203 -0.01244
19718.76758 0.00079
19721.45117 0.00221
19724.14648 -0.00379
19726.83203 -0.00166
19729.52930 -0.01299
19732.21680 -0.01473
19734.91406 -0.00480
19737.59961 0.00303
19740.29883 -0.00128
19742.98633 -0.00646
19745.68555 -0.01577
19748.37305 0.00243
19751.06250 0.00049
19753.75195 -0.01365
19756.45117 -0.02069
19759.14258 -0.02458
19761.84375 -0.02087
19764.51172 -0.02366
19767.21484 -0.01312
19769.90430 -0.02025
19772.60938 -0.03774
19775.27930 -0.01075
19777.98242 -0.01447
19780.67578 -0.01429
19783.37891 0.00125
19786.05078 -0.01511
19788.75586 -0.02662
19791.44922 -0.03525
19794.13477 -0.01959
19796.82812 -0.01255
19799.51367 -0.01300
19802.21094 -0.01733
19804.89648 -0.01893
19807.59180 -0.01047
19810.27734 -0.02569
19812.97461 -0.01960
19815.66211 -0.03571
19818.35938 -0.01004
19821.04688 -0.00397
19823.74609 0.00298
19826.43359 -0.01273
19829.12305 -0.00555
19831.82422 -0.02913
19834.52344 -0.01169
19837.20117 -0.02420
19839.91406 -0.03433
19842.59180 -0.03306
19845.28516 -0.01997
19847.96484 -0.03376
19850.67773 -0.02077
19853.35938 -0.03677
19856.05078 -0.01013
19858.73242 -0.02745
19861.43555 -0.03581
19864.11914 -0.02270
19866.81250 -0.01568
19869.51758 0.01142
19872.21289 -0.01960
19874.89648 -0.01785
19877.59180 -0.02215
19880.28711 -0.02942
19882.97266 -0.02596
19885.67773 -0.03422
19888.36328 -0.01573
19891.06055 -0.03001
19893.72656 -0.03924
19896.42383 -0.05371
19899.12109 -0.01435
19901.82031 -0.03222
19904.50781 -0.04108
19907.20703 -0.01602
19909.88477 0.00063
19912.57422 -0.01696
19915.28516 -0.05041
19917.97461 -0.03451
19920.65430 -0.01686
19923.34375 -0.04056
19926.04688 -0.01849
19928.72656 -0.02949
19931.42969 -0.03853
19934.12109 -0.00792
19936.80273 -0.04144
19939.51758 -0.01896
19942.18750 0.00042
19944.89258 -0.02758
19947.56445 -0.03084
19950.27930 -0.03228
19952.95312 -0.04526
19955.65820 -0.01503
19958.33203 -0.04859
19961.04883 -0.02993
19963.73438 -0.01932
19966.40820 -0.01669
19969.12695 -0.03385
19971.80273 -0.03220
19974.50977 -0.04025
19977.18555 -0.02562
19979.88281 -0.01425
19982.57227 -0.03801
19985.26953 -0.04700
19987.97070 -0.04128
19990.64648 -0.05113
19993.33594 -0.04367
19996.02539 -0.01539
19998.73633 -0.01426
20001.41602 -0.04144
20004.11719 -0.03304
20006.80859 -0.01043
20009.48828 -0.02999
20012.19141 -0.02682
20014.87109 -0.01914
20017.56250 -0.03476
20020.26758 -0.03455
20022.94922 -0.05278
20025.65430 -0.03992
20028.33594 -0.03220
20031.02930 -0.02294
20033.72461 -0.02224
20036.41797 -0.02265
20039.11328 -0.04244
20041.78711 -0.02355
20044.48242 -0.05936
20047.17969 -0.04154
20049.87695 -0.01179
20052.56250 -0.01860
20055.27148 -0.03179
20057.94531 -0.03649
20060.64453 -0.00518
20063.34180 -0.02597
20066.01953 -0.03067
20068.71680 -0.02942
20071.41797 -0.03703
20074.09570 -0.03085
20076.79492 -0.01756
20079.47266 -0.03973
20082.17383 -0.05409
20084.88672 -0.02965
20087.55469 -0.02118
20090.26758 -0.04470
20092.93750 -0.02646
20095.65234 -0.03562
20098.33203 -0.04193
20101.03516 -0.03192
20103.71680 -0.05218
20106.39844 -0.02419
20109.10352 -0.04159
20111.78711 -0.04879
20114.46875 -0.04705
20117.18555 -0.03889
20119.85938 -0.05224
20122.55469 -0.04781
20125.25000 -0.05827
20127.94531 -0.03267
20130.63086 -0.03838
20133.31641 -0.03355
20136.01367 -0.02668
20138.72266 -0.01758
20141.40820 -0.03381
20144.09766 -0.03865
20146.78320 -0.01846
20149.47070 -0.03834
20152.16992 -0.03824
20154.85938 -0.04505
20157.54688 -0.04843
20160.23633 -0.04572
20162.92578 -0.03546
20165.62695 -0.04079
20168.30664 -0.05568
20171.00781 -0.05888
20173.71094 -0.05189
20176.39062 -0.05151
20179.09375 -0.04881
20181.77539 -0.03375
20184.47852 -0.06027
20187.18359 -0.06512
20189.84180 -0.03937
20192.54688 -0.03711
20195.24023 -0.03829
20197.93555 -0.05199
20200.64062 -0.01275
20203.31445 -0.04234
20206.00977 -0.05391
20208.71680 -0.03891
20211.38867 -0.04846
20214.08594 -0.05630
20216.78320 -0.06403
20219.46875 -0.05693
20222.16602 -0.03320
20224.84180 -0.06022
20227.55273 -0.04979
20230.22852 -0.04083
20232.92773 -0.04311
20235.61523 -0.06018
20238.31445 -0.03068
20240.99219 -0.05835
20243.70312 -0.02719
20246.38281 -0.05821
20249.08398 -0.06984
20251.77344 -0.05664
20254.45312 -0.05909
20257.15625 -0.06861
20259.84570 -0.07708
20262.52734 -0.05225
20265.24219 -0.02981
20267.92383 -0.05891
20270.60547 -0.06672
20273.32031 -0.06426
20276.00195 -0.05608
20278.68555 -0.05227
20281.37891 -0.06051
20284.06445 -0.04278
20286.78125 -0.05635
20289.47461 -0.04839
20292.14844 -0.05002
20294.84570 -0.07280
20297.54297 -0.03736
20300.22852 -0.06948
20302.92578 -0.05887
20305.61133 -0.02990
20308.29688 -0.05657
20310.99609 -0.04776
20313.69336 -0.01748
20316.38281 -0.06508
20319.07031 -0.06213
20321.76953 -0.06790
20324.45898 -0.06601
20327.16016 -0.06215
20329.83789 -0.05122
20332.52734 -0.05606
20335.22852 -0.04815
20337.90820 -0.06050
20340.60938 -0.07288
20343.29102 -0.05008
20345.98242 -0.05973
20348.68555 -0.06934
20351.38867 -0.08256
20354.05859 -0.04349
20356.76367 -0.06234
20359.45703 -0.05038
20362.12891 -0.05914
20364.83398 -0.07580
20367.53906 -0.07044
20370.21289 -0.05190
20372.91797 -0.05731
20375.60352 -0.05257
20378.29883 -0.06024
20380.98438 -0.05305
20383.69141 -0.07595
20386.36719 -0.07872
20389.06445 -0.05816
20391.76172 -0.08201
20394.44727 -0.10033
20397.13672 -0.07055
20399.82227 -0.07578
20402.53320 -0.07812
20405.21094 -0.08950
20407.89844 -0.07995
20410.61133 -0.07360
20413.28906 -0.08677
20415.97852 -0.08386
20418.66992 -0.06468
20421.37109 -0.07106
20424.06055 -0.08850
20426.75195 -0.07822
20429.43164 -0.06282
20432.12500 -0.06262
20434.83984 -0.07563
20437.52148 -0.05377
20440.21289 -0.09378
20442.90625 -0.08392
20445.58984 -0.10301
20448.28320 -0.07375
20450.97656 -0.05965
20453.67188 -0.05811
20456.35547 -0.07425
20459.05078 -0.09541
20461.74805 -0.07985
20464.43164 -0.03167
20467.13867 -0.06990
20469.83594 -0.07299
20472.52148 -0.07834
20475.19727 -0.06707
20477.89648 -0.08947
20480.58203 -0.08059
20483.28125 -0.09706
20485.97852 -0.09217
20488.67969 -0.07247
20491.34570 -0.09222
20494.04492 -0.09001
20496.74609 -0.08333
20499.42383 -0.08969
20502.12500 -0.06989
20504.82617 -0.08381
20507.51562 -0.10509
20510.19727 -0.06125
20512.89844 -0.09931
20515.58008 -0.06562
20518.27148 -0.07223
20520.97461 -0.07685
20523.66797 -0.08135
20526.36133 -0.07789
20529.04297 -0.08033
20531.74609 -0.09210
20534.42969 -0.09667
20537.12500 -0.08515
20539.81836 -0.06682
20542.50391 -0.08700
20545.19922 -0.09175
20547.88281 -0.08957
20550.59180 -0.09075
20553.27539 -0.06263
20555.96094 -0.08248
20558.66992 -0.07954
20561.35547 -0.11017
20564.03320 -0.07272
20566.73047 -0.08615
20569.43945 -0.07153
20572.12891 -0.08854
20574.80469 -0.07403
20577.49414 -0.10624
20580.19336 -0.08400
20582.88281 -0.07877
20585.58203 -0.07530
20588.27344 -0.08496
20590.96289 -0.10379
20593.65234 -0.09673
20596.34375 -0.08167
20599.03516 -0.06564
20601.73828 -0.10186
20604.41992 -0.11116
20607.11133 -0.09012
20609.80469 -0.08207
20612.49805 -0.09511
20615.19141 -0.08482
20617.88281 -0.11341
20620.57812 -0.09828
20623.27344 -0.10804
20625.96680 -0.10095
20628.64062 -0.10112
20631.34570 -0.09455
20634.03125 -0.09908
20636.72852 -0.09308
20639.41211 -0.08403
20642.10938 -0.11369
20644.79492 -0.09559
20647.49219 -0.09053
20650.17969 -0.12335
20652.87891 -0.10536
20655.56445 -0.12905
20658.25195 -0.09621
20660.95117 -0.09885
20663.65039 -0.08871
20666.32812 -0.08637
20669.02930 -0.10897
20671.71875 -0.12231
20674.41992 -0.09760
20677.09766 -0.10276
20679.80078 -0.10689
20682.47852 -0.11538
20685.18164 -0.10489
20687.86133 -0.12661
20690.56641 -0.08294
20693.25781 -0.12384
20695.94922 -0.12491
20698.64258 -0.10049
20701.32422 -0.11822
20704.02930 -0.12131
20706.72461 -0.10112
20709.39453 -0.12496
20712.11133 -0.10235
20714.79688 -0.13304
20717.48047 -0.10869
20720.16406 -0.09337
20722.87305 -0.11234
20725.56836 -0.12144
20728.25391 -0.10459
20730.93945 -0.12040
20733.62500 -0.10904
20736.33398 -0.11813
20739.03320 -0.13272
20741.70898 -0.13651
20744.40820 -0.09675
20747.09570 -0.11232
20749.79492 -0.11279
20752.47266 -0.10606
20755.17188 -0.12811
20757.86133 -0.10713
20760.56250 -0.11086
20763.25195 -0.12669
20765.94336 -0.12150
20768.63281 -0.09934
20771.33594 -0.11086
20774.02734 -0.10666
20776.69531 -0.11322
20779.38867 -0.13274
20782.08984 -0.13338
20784.78320 -0.10932
20787.47656 -0.13394
20790.16992 -0.13285
20792.85352 -0.09916
20795.55859 -0.13241
20798.25195 -0.11866
20800.94727 -0.10784
20803.61914 -0.14025
20806.32617 -0.14391
20809.02148 -0.13398
20811.70703 -0.13383
20814.40430 -0.13882
20817.07617 -0.13902
20819.78516 -0.14731
20822.48242 -0.12651
20825.15820 -0.14357
20827.85742 -0.14390
20830.54492 -0.14378
20833.25586 -0.14302
20835.93164 -0.13194
20838.63086 -0.13270
20841.31836 -0.13642
20844.01953 -0.13835
20846.70898 -0.13632
20849.38672 -0.15769
20852.08789 -0.13830
20854.77930 -0.14522
20857.45898 -0.13991
20860.17188 -0.12323
20862.85156 -0.16218
20865.53125 -0.13798
20868.24609 -0.13742
20870.92773 -0.15552
20873.62109 -0.13084
20876.30273 -0.15764
20878.99609 -0.14908
20881.70117 -0.14410
20884.39453 -0.15830
20887.08984 -0.16670
20889.76172 -0.14623
20892.45703 -0.15153
20895.15234 -0.14895
20897.83594 -0.14944
20900.55664 -0.15421
20903.24023 -0.16025
20905.92578 -0.13811
20908.62305 -0.15897
20911.32031 -0.16091
20914.00781 -0.14868
20916.70508 -0.15623
20919.36914 -0.15405
20922.07031 -0.16714
20924.75586 -0.17673
20927.45508 -0.15962
20930.15625 -0.17390
20932.84570 -0.18130
20935.53516 -0.18463
20938.23633 -0.15775
20940.91406 -0.16160
20943.61523 -0.15800
20946.29492 -0.16261
20948.99805 -0.17588
20951.67773 -0.16495
20954.37891 -0.19434
20957.07227 -0.18533
20959.75391 -0.17596
20962.44531 -0.20015
20965.15039 -0.17680
20967.83203 -0.17071
20970.52734 -0.17703
20973.23242 -0.18428
20975.90234 -0.16848
20978.60938 -0.18744
20981.29297 -0.18964
20984.00000 -0.18766
20986.67383 -0.20690
20989.38086 -0.17716
20992.05273 -0.22373
20994.76172 -0.19998
20997.44727 -0.20171
21000.14453 -0.19568
21002.83203 -0.19394
21005.51758 -0.21084
21008.21680 -0.16251
21010.90430 -0.20286
21013.61523 -0.19206
21016.30273 -0.20904
21018.99219 -0.22095
21021.66797 -0.19736
21024.36914 -0.20295
21027.05859 -0.20902
21029.74805 -0.20916
21032.43945 -0.19564
21035.15234 -0.20145
21037.84375 -0.21513
21040.52344 -0.19706
21043.21289 -0.20363
21045.89453 -0.22942
21048.58789 -0.21614
21051.27930 -0.20838
21053.99414 -0.20801
21056.67578 -0.22747
21059.37109 -0.20628
21062.06445 -0.20679
21064.75977 -0.21688
21067.45312 -0.21667
21070.14844 -0.22974
21072.84375 -0.23704
21075.52734 -0.21111
21078.20117 -0.22167
21080.89648 -0.21869
21083.59375 -0.22488
21086.29102 -0.22818
21088.97656 -0.23340
21091.66211 -0.21961
21094.35938 -0.23207
21097.05859 -0.24774
21099.73438 -0.25430
21102.43359 -0.22538
21105.13281 -0.24323
21107.83398 -0.25660
21110.49805 -0.24610
21113.19922 -0.24455
21115.90039 -0.26116
21118.57812 -0.24156
21121.27930 -0.24708
21123.98047 -0.24238
21126.66016 -0.25727
21129.34961 -0.25548
21132.04102 -0.24721
21134.74414 -0.25909
21137.43750 -0.27410
21140.12891 -0.28430
21142.83398 -0.25935
21145.51562 -0.25488
21148.20898 -0.29259
21150.89062 -0.26414
21153.59570 -0.26601
21156.27734 -0.26899
21158.96289 -0.28104
21161.66797 -0.28037
21164.35352 -0.27573
21167.05859 -0.27906
21169.73242 -0.28950
21172.41602 -0.30999
21175.12695 -0.26901
21177.82227 -0.29994
21180.50781 -0.31512
21183.19336 -0.30565
21185.90430 -0.27036
21188.59180 -0.30454
21191.26758 -0.30912
21193.95312 -0.30444
21196.64258 -0.32070
21199.35352 -0.33900
21202.05273 -0.32482
21204.74219 -0.30441
21207.43164 -0.31846
21210.12109 -0.33490
21212.79883 -0.32171
21215.49023 -0.29425
21218.19336 -0.34514
21220.88281 -0.32488
21223.57422 -0.34132
21226.26562 -0.32385
21228.95703 -0.33895
21231.65039 -0.33106
21234.34375 -0.33285
21237.03711 -0.33598
21239.73047 -0.36786
21242.42188 -0.34476
21245.11719 -0.36661
21247.81055 -0.34816
21250.49414 -0.34869
21253.18945 -0.34852
21255.88477 -0.36027
21258.58008 -0.38132
21261.26562 -0.36295
21263.94922 -0.39284
21266.64648 -0.37763
21269.34375 -0.37178
21272.04102 -0.39661
21274.72656 -0.40094
21277.42578 -0.37851
21280.12305 -0.42090
21282.79883 -0.39894
21285.48633 -0.42729
21288.17383 -0.39932
21290.87500 -0.41511
21293.57422 -0.39339
21296.26172 -0.39604
21298.96289 -0.41687
21301.64062 -0.42250
21304.34375 -0.42528
21307.03320 -0.43413
21309.73633 -0.41939
21312.40234 -0.42077
21315.10547 -0.43277
21317.79688 -0.44397
21320.47656 -0.43346
21323.18164 -0.45497
21325.87500 -0.46587
21328.55469 -0.44682
21331.25977 -0.46926
21333.95312 -0.47185
21336.63477 -0.46383
21339.34180 -0.46609
21342.02539 -0.44957
21344.70703 -0.46157
21347.39258 -0.49163
21350.09961 -0.47167
21352.79492 -0.48581
21355.47852 -0.46274
21358.17578 -0.50432
21360.86133 -0.50878
21363.57031 -0.51459
21366.26758 -0.51698
21368.95312 -0.51366
21371.64062 -0.50138
21374.32812 -0.52858
21377.01562 -0.53971
21379.70117 -0.53421
21382.40234 -0.53613
21385.08984 -0.52168
21387.79102 -0.56026
21390.48047 -0.54055
21393.16797 -0.54387
21395.87109 -0.53635
21398.56055 -0.55482
21401.26367 -0.54160
21403.95312 -0.57809
21406.64453 -0.58345
21409.31250 -0.56172
21412.00391 -0.58438
21414.70703 -0.61141
21417.40039 -0.59957
21420.09180 -0.61295
21422.77344 -0.59068
21425.46680 -0.60193
21428.17188 -0.60171
21430.86719 -0.62843
21433.54883 -0.60093
21436.24414 -0.62048
21438.95117 -0.63310
21441.62305 -0.63182
21444.33008 -0.63744
21447.01367 -0.66529
21449.69922 -0.64750
21452.39648 -0.65190
21455.08203 -0.66936
21457.77930 -0.66849
21460.47656 -0.68177
21463.16211 -0.68793
21465.84961 -0.69724
21468.54688 -0.68891
21471.23633 -0.69446
21473.93359 -0.69459
21476.62305 -0.73136
21479.32227 -0.72090
21482.01172 -0.72725
21484.71289 -0.74060
21487.40234 -0.73181
21490.08008 -0.74146
21492.79297 -0.75169
21495.45898 -0.75187
21498.15039 -0.78771
21500.85352 -0.80724
21503.54492 -0.77416
21506.22461 -0.78890
21508.91602 -0.79686
21511.62109 -0.81229
21514.31445 -0.81679
21517.00781 -0.82469
21519.68945 -0.81918
21522.38281 -0.82692
21525.08789 -0.84228
21527.78125 -0.87714
21530.46680 -0.87298
21533.16016 -0.87502
21535.85547 -0.86508
21538.53906 -0.89145
21541.23438 -0.91032
21543.91992 -0.89172
21546.61719 -0.92108
21549.31445 -0.94705
21552.00000 -0.94315
21554.68555 -0.94526
21557.38477 -0.95551
21560.07031 -0.96434
21562.76953 -0.96980
21565.45703 -0.98355
21568.15625 -1.00127
21570.85547 -0.98761
21573.51953 -0.99445
21576.22070 -1.00783
21578.92188 -1.01579
21581.61133 -1.04721
21584.31250 -1.06195
21586.99023 -1.04832
21589.67969 -1.04945
21592.38281 -1.08386
21595.08594 -1.07399
21597.75391 -1.08963
21600.45703 -1.10455
21603.16211 -1.10873
21605.83008 -1.12447
21608.53516 -1.14629
21611.24023 -1.16834
21613.90820 -1.16515
21616.61523 -1.16841
21619.29688 -1.17619
21622.00195 -1.18856
21624.67383 -1.22193
21627.37891 -1.19406
21630.06445 -1.21871
21632.75977 -1.23742
21635.44336 -1.24506
21638.15234 -1.26213
21640.83789 -1.25904
21643.53320 -1.27383
21646.21875 -1.30012
21648.92969 -1.33127
21651.61328 -1.32471
21654.28906 -1.33297
21656.98828 -1.33381
21659.67578 -1.36069
21662.36328 -1.38119
21665.06250 -1.39399
21667.75000 -1.39275
21670.43750 -1.43556
21673.12695 -1.44497
21675.82812 -1.46381
21678.51758 -1.43818
21681.20703 -1.45841
21683.89844 -1.47472
21686.58789 -1.52079
21689.29102 -1.51885
21691.98242 -1.53242
21694.67383 -1.54714
21697.36523 -1.54820
21700.05859 -1.56560
21702.75000 -1.61061
21705.43164 -1.60939
21708.12500 -1.64502
21710.81836 -1.65181
21713.51172 -1.66040
21716.20508 -1.67175
21718.90039 -1.69200
21721.58398 -1.72936
21724.27734 -1.74994
21726.97461 -1.73530
21729.66992 -1.72973
21732.36523 -1.76386
21735.06250 -1.79748
21737.73438 -1.81120
21740.41992 -1.81958
21743.11719 -1.86249
21745.81641 -1.87281
21748.51367 -1.89927
21751.21289 -1.88199
21753.88672 -1.91725
21756.58594 -1.94739
21759.28516 -1.95665
21761.97266 -1.98632
21764.65039 -2.02212
21767.35156 -2.03375
21770.05273 -2.02698
21772.72852 -2.05157
21775.43164 -2.07897
21778.13281 -2.10365
21780.81055 -2.14841
21783.51367 -2.15673
21786.20312 -2.15720
21788.90625 -2.19928
21791.58594 -2.20493
21794.27930 -2.22167
21796.97070 -2.25378
21799.66211 -2.30153
21802.34375 -2.30935
21805.04883 -2.32464
21807.73047 -2.33723
21810.43750 -2.39625
21813.11914 -2.43046
21815.82422 -2.43530
21818.50781 -2.43198
21821.19141 -2.47425
21823.90039 -2.50542
21826.58203 -2.52473
21829.26562 -2.55476
21831.97461 -2.57655
21834.66016 -2.58717
21837.34570 -2.62934
21840.03125 -2.64680
21842.74023 -2.65551
21845.42773 -2.69425
21848.11328 -2.73180
21850.80078 -2.75411
21853.48828 -2.76685
21856.19922 -2.81230
21858.88672 -2.82196
21861.57617 -2.83112
21864.26367 -2.85920
21866.95312 -2.89617
21869.64258 -2.92936
21872.33203 -2.95581
21875.02148 -2.97397
21877.72266 -3.02730
21880.41406 -3.03760
21883.10547 -3.08469
21885.80664 -3.10334
21888.50000 -3.13981
21891.19141 -3.19277
21893.88281 -3.18412
21896.57617 -3.22744
21899.26758 -3.26231
21901.96094 -3.29168
21904.65430 -3.33386
21907.34961 -3.34421
21910.01953 -3.35632
21912.71289 -3.39750
21915.41992 -3.43135
21918.11523 -3.48924
21920.81055 -3.48474
21923.48242 -3.51385
21926.17969 -3.54824
21928.87500 -3.56715
21931.57227 -3.63489
21934.24609 -3.62763
21936.94336 -3.66133
21939.65234 -3.71554
21942.32617 -3.70992
21945.03711 -3.73737
21947.73633 -3.74385
21950.41016 -3.79675
21953.11133 -3.83344
21955.79688 -3.84539
21958.49805 -3.86821
21961.17383 -3.87875
21963.87500 -3.96037
21966.57617 -3.96530
21969.25391 -3.99877
21971.94336 -3.97841
21974.64453 -4.02977
21977.32422 -4.03906
21980.02734 -4.05452
21982.70508 -4.07979
21985.40820 -4.11019
21988.09961 -4.15453
21990.77930 -4.15976
21993.49609 -4.14904
21996.17773 -4.19169
21998.87109 -4.22336
22001.57617 -4.23166
22004.25586 -4.28007
22006.93945 -4.28316
22009.64648 -4.29233
22012.32812 -4.29427
22015.02344 -4.31661
22017.70703 -4.31943
22020.39062 -4.33863
22023.09766 -4.34935
22025.79492 -4.36396
22028.47852 -4.37260
22031.16406 -4.35443
22033.87305 -4.38621
22036.55859 -4.38255
22039.24414 -4.37207
22041.92969 -4.39349
22044.62891 -4.40078
22047.33984 -4.38358
22050.00391 -4.40221
2.69198 2.67427
5.38396 7.34626
8.07594 7.05271
10.76791 5.09806
13.45990 1.05571
16.15188 -3.49497
18.84385 -3.13242
21.53583 -0.46333
24.22782 2.35875
26.91980 4.46621
29.61178 4.48501
32.30375 4.32278
34.99574 3.51325
37.68771 1.83542
40.37969 0.92449
43.07167 -0.32868
45.76365 0.60254
48.45564 1.25063
51.14761 2.13909
53.83958 2.34957
56.53158 1.56952
59.22356 0.78840
61.91553 -1.39322
64.60751 -3.49455
67.29950 -5.24291
69.99148 -3.31432
72.68346 -1.39842
75.37544 0.11111
78.06740 0.94900
80.75941 1.20766
83.45135 1.17668
86.14335 0.18531
88.83533 -0.14244
91.52733 -0.13457
94.21931 0.43997
96.91129 1.04829
99.60326 1.49301
102.29522 1.96061
104.98720 1.73024
107.67921 1.01226
110.37118 0.00373
113.06315 -1.02246
115.75513 -1.84899
118.44709 -2.07590
121.13909 -1.23937
123.83107 -0.51548
126.52303 0.14932
129.21504 0.31661
131.90698 -0.00087
134.59901 -0.20762
137.29097 -0.46782
139.98297 -0.57354
142.67494 -0.01587
145.36693 0.55831
148.05890 1.19968
150.75082 1.47022
153.44281 1.51379
156.13481 1.15926
158.82683 0.49790
161.51878 -0.07257
164.21075 -0.81099
166.90273 -0.70782
169.59470 -0.71707
172.28671 -0.22928
174.97871 -0.01843
177.67072 0.11265
180.36266 -0.11086
183.05463 -0.55978
185.74658 -0.73368
188.43863 -0.85991
191.13058 -0.38299
193.82259 0.00640
196.51457 0.68132
199.20654 1.12923
201.89848 1.11767
204.59045 1.01903
207.28242 0.64650
209.97449 0.42045
212.66635 -0.04836
215.35838 -0.27940
218.05037 -0.09009
220.74231 0.13265
223.43425 0.21000
226.12625 0.15766
228.81827 0.03360
231.51025 -0.32972
234.20226 -0.84609
236.89429 -1.02972
239.58621 -0.83241
242.27821 -0.26751
244.97020 0.07743
247.66219 0.50784
250.35406 0.77987
253.04608 0.73503
255.73814 0.58140
258.43018 0.29720
261.12207 0.09622
263.81409 0.15840
266.50595 0.10167
269.19803 0.40223
271.88986 0.43650
274.58203 0.45417
277.27396 0.23445
279.96582 -0.12823
282.65771 -0.40042
285.34985 -0.79056
288.04184 -0.73978
290.73383 -0.56870
293.42584 -0.14342
296.11777 0.14692
298.80994 0.34029
301.50174 0.34748
304.19376 0.29097
306.88571 0.05920
309.57773 -0.03741
312.26950 0.08075
314.96167 0.21299
317.65369 0.43180
320.34552 0.50302
323.03763 0.58448
325.72964 0.52759
328.42154 0.13947
331.11353 -0.16414
333.80539 -0.48806
336.49753 -0.61461
339.18942 -0.52175
341.88162 -0.31858
344.57346 -0.02489
347.26532 0.08192
349.95743 0.18891
352.64935 0.05471
355.34125 -0.07584
358.03333 -0.10426
360.72534 -0.02168
363.41748 0.09539
366.10938 0.41520
368.80121 0.56082
371.49323 0.68075
374.18536 0.56162
376.87717 0.45952
379.56915 0.04029
382.26108 -0.12312
384.95306 -0.38514
387.64508 -0.32577
390.33707 -0.18668
393.02917 -0.09075
395.72095 0.05654
398.41324 0.00409
401.10489 -0.05324
403.79700 -0.24986
406.48886 -0.37337
409.18097 -0.15246
411.87299 -0.06767
414.56500 0.20688
417.25699 0.42074
419.94888 0.58261
422.64078 0.55594
425.33264 0.48030
428.02493 0.27823
430.71680 0.04041
433.40894 -0.02010
436.10092 -0.12473
438.79272 -0.06042
441.48468 0.12472
444.17682 0.12218
446.86871 0.09357
449.56082 -0.06317
452.25253 -0.24677
454.94440 -0.36555
457.63647 -0.35579
460.32877 -0.28140
463.02066 -0.02911
465.71268 0.20066
468.40442 0.37839
471.09644 0.41969
473.78864 0.40945
476.48071 0.30991
479.17233 0.16191
481.86435 0.09623
484.55661 0.07696
487.24838 0.11679
489.94034 0.23926
492.63223 0.26578
495.32428 0.11369
498.01627 0.06544
500.70828 -0.19715
503.40051 -0.27040
506.09219 -0.44051
508.78406 -0.38742
511.47644 -0.17951
514.16846 -0.02729
516.86011 0.30523
519.55219 0.27264
522.24390 0.30770
524.93640 0.13621
527.62793 0.12234
530.31989 0.06271
533.01215 0.07001
535.70422 0.18229
538.39600 0.23310
541.08795 0.37264
543.77991 0.32710
546.47205 0.24961
549.16400 0.07132
551.85583 -0.15125
554.54779 -0.31617
557.24005 -0.35371
559.93182 -0.29304
562.62396 -0.09389
565.31567 0.02076
568.00781 0.11266
570.69989 0.12904
573.39191 0.12464
576.08356 0.03664
578.77545 -0.04857
581.46783 0.00722
584.15961 0.18313
586.85193 0.33797
589.54370 0.39424
592.23572 0.40784
594.92773 0.32800
597.61975 0.09522
600.31146 -0.02983
603.00342 -0.14316
605.69543 -0.16940
608.38745 -0.17707
611.07965 -0.02769
613.77167 0.03623
616.46338 0.00388
619.15533 0.06165
621.84705 -0.06681
624.53918 -0.08447
627.23132 -0.12399
629.92358 -0.07796
632.61560 0.07774
635.30762 0.26212
637.99915 0.35176
640.69092 0.36429
643.38336 0.42813
646.07550 0.23489
648.76740 0.08315
651.45917 -0.04507
654.15125 -0.05469
656.84296 -0.02833
659.53528 -0.05833
662.22729 0.06243
664.91901 0.05589
667.61108 0.04883
670.30328 -0.06260
672.99500 -0.13390
675.68701 -0.17270
678.37872 -0.13696
681.07104 -0.03321
683.76312 0.11814
686.45496 0.23623
689.14679 0.21966
691.83893 0.24142
694.53046 0.22499
697.22260 0.08242
699.91516 0.08358
702.60693 0.08399
705.29895 0.09417
707.99078 0.10793
710.68286 0.13544
713.37482 0.16679
716.06647 0.03705
718.75879 -0.04979
721.45062 -0.16011
724.14240 -0.22974
726.83441 -0.20252
729.52679 -0.09675
732.21863 0.00823
734.91077 0.14481
737.60266 0.24189
740.29468 0.26241
742.98669 0.09408
745.67871 0.10478
748.37024 0.06343
751.06281 0.04131
753.75458 0.05824
756.44617 0.17509
759.13861 0.18617
761.83020 0.16886
764.52240 0.16756
767.21417 -0.03510
769.90649 -0.09675
772.59802 -0.12290
775.29041 -0.14042
777.98206 -0.12358
780.67438 -0.07306
783.36621 0.09752
786.05817 0.09747
788.75043 0.09701
791.44220 0.10894
794.13403 0.04187
796.82635 0.00571
799.51849 0.04857
802.21002 0.13194
804.90234 0.14187
807.59387 0.22037
810.28638 0.23710
812.97766 0.20058
815.67017 0.11873
818.36224 -0.04809
821.05365 -0.06554
823.74591 -0.06176
826.43781 -0.07944
829.12982 -0.00899
831.82208 0.00150
834.51379 0.08308
837.20551 0.09078
839.89807 0.04690
842.59009 -0.01128
845.28186 -0.03678
847.97388 0.02292
850.66559 -0.00314
853.35779 0.12215
856.05023 0.15793
858.74164 0.21375
861.43390 0.22536
864.12567 0.14018
866.81769 0.10205
869.50958 0.01840
872.20166 0.02797
874.89337 -0.01671
877.58527 0.02074
880.27777 0.07190
882.96973 0.04706
885.66162 0.06664
888.35345 -0.03306
891.04517 -0.03132
893.73724 -0.04499
896.42950 -0.03060
899.12103 0.04907
901.81366 0.04391
904.50543 0.10995
907.19781 0.12279
909.88910 0.17866
912.58154 0.12239
915.27325 0.03943
917.96539 0.12980
920.65735 0.05267
923.34918 -0.00706
926.04065 0.07854
928.73340 0.04633
931.42523 0.05592
934.11719 0.08556
936.80914 0.07186
939.50122 0.00837
942.19330 0.01355
944.88519 -0.06095
947.57709 -0.05943
950.26874 0.05359
952.96082 0.04380
955.65356 0.15275
958.34509 0.08410
961.03674 0.16482
963.72913 0.13333
966.42102 0.04319
969.11249 0.09292
971.80457 0.03809
974.49664 0.06326
977.18909 0.10083
979.88098 0.14177
982.57330 0.08337
985.26489 0.08260
987.95679 0.06653
990.64893 -0.02876
993.34082 0.00692
996.03284 -0.02306
998.72461 -0.02398
1001.41699 0.02334
1004.10828 0.06035
1006.80029 0.13251
1009.49286 0.07669
1012.18481 0.08618
1014.87671 0.04253
1017.56854 0.04540
1020.26074 0.03011
1022.95215 0.06108
1025.64453 0.06947
1028.33667 0.13571
1031.02795 0.13554
1033.72058 0.19755
1036.41235 0.08528
1039.10425 0.02546
1041.79614 -0.00353
1044.48828 -0.02160
1047.17981 -0.02374
1049.87195 0.02213
1052.56421 0.04330
1055.25623 0.04783
1057.94824 0.05524
1060.64014 0.03559
1063.33252 0.02352
1066.02466 0.03182
1068.71594 0.03672
1071.40820 0.08543
1074.09961 0.03742
1076.79187 0.13306
1079.48364 0.11856
1082.17566 0.12006
1084.86853 0.11493
1087.56018 0.03722
1090.25208 0.07091
1092.94446 0.03718
1095.63586 0.04061
1098.32776 0.00474
1101.02026 0.04404
1103.71216 0.01912
1106.40381 0.11941
1109.09607 0.09843
1111.78748 0.05673
1114.47986 0.06709
1117.17151 0.02554
1119.86401 0.00587
1122.55566 0.05195
1125.24829 0.08144
1127.93933 0.10956
1130.63184 0.10512
1133.32373 0.07290
1136.01538 0.12162
1138.70776 0.06958
1141.40027 0.07130
1144.09216 0.03035
1146.78418 0.06927
1149.47546 -0.00153
1152.16760 0.08029
1154.86011 0.09758
1157.55139 0.05858
1160.24377 0.04998
1162.93555 0.07701
1165.62708 0.03607
1168.31897 0.03696
1171.01086 0.04187
1173.70361 0.02894
1176.39490 0.07201
1179.08777 0.10731
1181.77905 0.10238
1184.47131 0.08795
1187.16382 0.07618
1189.85522 0.07158
1192.54688 0.05515
1195.23926 0.03981
1197.93188 0.08105
1200.62341 0.13623
1203.31555 0.10447
1206.00720 0.09754
1208.69897 0.10634
1211.39124 0.08600
1214.08301 0.02839
1216.77527 0.03697
1219.46692 -0.00666
1222.15906 0.02798
1224.85120 0.01780
1227.54309 0.06049
1230.23499 0.10027
1232.92725 0.07532
1235.61926 0.04388
1238.31116 0.06095
1241.00330 0.09726
1243.69458 0.07667
1246.38696 0.05169
1249.07886 0.08744
1251.77051 0.05054
1254.46240 0.07530
1257.15527 0.09531
1259.84692 0.07619
1262.53882 0.09488
1265.23096 0.00215
1267.92261 -0.02072
1270.61426 0.03598
1273.30615 0.02922
1275.99878 0.04193
1278.69092 0.02241
1281.38232 0.05941
1284.07446 0.04892
1286.76721 0.05915
1289.45862 0.01487
1292.15002 0.07847
1294.84265 0.08595
1297.53455 0.05923
1300.22644 0.06593
1302.91882 0.08706
1305.61023 0.11764
1308.30237 0.08206
1310.99414 0.08382
1313.68640 0.06678
1316.37781 0.08525
1319.07104 0.04804
1321.76172 0.03911
1324.45435 0.06054
1327.14600 0.05115
1329.83850 0.04730
1332.53003 0.04220
1335.22266 0.03535
1337.91394 0.00910
1340.60645 0.05678
1343.29761 0.06533
1345.99048 0.09362
1348.68201 0.13598
1351.37463 0.11134
1354.06580 0.09860
1356.75793 0.09088
1359.44946 0.07962
1362.14185 0.06533
1364.83362 0.02466
1367.52600 0.03081
1370.21790 0.08808
1372.91040 0.06173
1375.60229 0.07943
1378.29407 0.08156
1380.98584 0.05893
1383.67834 0.04795
1386.36914 0.00707
1389.06140 0.00351
1391.75439 0.01807
1394.44580 0.06639
1397.13757 0.08119
1399.83008 0.08872
1402.52148 0.08291
1405.21350 0.09081
1407.90527 0.08778
1410.59766 0.07951
1413.28979 0.07978
1415.98218 0.08585
1418.67358 0.05937
1421.36621 0.12076
1424.05762 0.05095
1426.74951 0.07469
1429.44165 0.03470
1432.13281 0.08502
1434.82581 0.04866
1437.51819 0.02084
1440.20862 0.00365
1442.90173 0.04308
1445.59412 0.06735
1448.28552 0.08237
1450.97766 0.09328
1453.66931 0.04833
1456.36121 0.05829
1459.05322 0.02679
1461.74561 0.09953
1464.43701 0.10765
1467.12952 0.05616
1469.82129 0.10182
1472.51392 0.11313
1475.20508 0.06366
1477.89709 0.06889
1480.58911 0.03507
1483.28101 0.03997
1485.97314 0.02383
1488.66516 0.02207
1491.35791 0.06016
1494.04907 0.05414
1496.74097 0.07407
1499.43274 0.07260
1502.12439 0.07310
1504.81677 0.08316
1507.50989 0.06927
1510.20105 0.03680
1512.89294 0.06782
1515.58545 0.07914
1518.27698 0.09022
1520.96826 0.09100
1523.66089 0.07785
1526.35254 0.05749
1529.04553 0.12749
1531.73730 0.05964
1534.42883 0.07113
1537.12012 0.03185
1539.81348 0.06304
1542.50476 0.05779
1545.19653 0.09039
1547.88892 0.08796
1550.58069 0.07571
1553.27283 0.05671
1555.96460 0.07164
1558.65601 0.03744
1561.34778 0.03512
1564.04053 0.09314
1566.73303 0.06401
1569.42407 0.06103
1572.11707 0.13031
1574.80872 0.09386
1577.49963 0.05244
1580.19263 0.09539
1582.88489 0.07846
1585.57593 0.04296
1588.26868 0.05661
1590.96082 0.06205
1593.65234 0.09666
1596.34399 0.07605
1599.03577 0.10046
1601.72778 0.06128
1604.42078 0.00427
1607.11206 0.05477
1609.80518 0.04721
1612.49585 0.03958
1615.18835 0.04346
1617.88000 0.07381
1620.57251 0.05709
1623.26416 0.07891
1625.95581 0.08945
1628.64844 0.06393
1631.34009 0.06510
1634.03174 0.06078
1636.72412 0.06336
1639.41650 0.06421
1642.10791 0.07232
1644.79932 0.10203
1647.49243 0.08236
1650.18347 0.03950
1652.87524 0.06176
1655.56787 0.08409
1658.25952 0.03479
1660.95166 0.05164
1663.64380 0.04226
1666.33557 0.05823
1669.02722 0.03213
1671.71960 0.05207
1674.41174 0.10669
1677.10339 0.09157
1679.79590 0.06518
1682.48804 0.03880
1685.18079 0.08378
1687.87134 0.05365
1690.56348 0.01568
1693.25610 0.06318
1695.94739 0.06577
1698.64014 0.07206
1701.33179 0.05386
1704.02380 0.02596
1706.71448 0.07529
1709.40845 0.09284
1712.09912 0.05414
1714.79126 0.02275
1717.48389 0.08269
1720.17603 0.07527
1722.86670 0.07800
1725.55872 0.07177
1728.25098 0.07215
1730.94299 0.05018
1733.63611 0.04444
1736.32776 0.06112
1739.01892 0.07973
1741.71118 0.06905
1744.40295 0.06693
1747.09509 0.11315
1749.78748 0.08317
1752.47925 0.07233
1755.17029 0.05353
1757.86255 0.05847
1760.55615 0.07932
1763.24707 0.03868
1765.93921 0.01436
1768.63147 0.05332
1771.32300 0.07588
1774.01477 0.04336
1776.70679 0.04685
1779.39868 0.05700
1782.09106 0.10112
1784.78357 0.06446
1787.47412 0.07222
1790.16687 0.04891
1792.85864 0.07580
1795.55164 0.09042
1798.24280 0.07093
1800.93494 0.05043
1803.62805 0.05344
1806.31836 0.04539
1809.01062 0.06852
1811.70300 0.08873
1814.39429 0.06933
1817.08765 0.06948
1819.77905 0.05524
1822.47034 0.07628
1825.16272 0.05135
1827.85498 0.04866
1830.54712 0.07989
1833.23950 0.05185
1835.93042 0.03174
1838.62256 0.06737
1841.31445 0.08374
1844.00623 0.07073
1846.69897 0.06121
1849.39050 0.06281
1852.08203 0.06114
1854.77332 0.05791
1857.46643 0.11677
1860.15942 0.07320
1862.85010 0.08273
1865.54272 0.10910
1868.23401 0.06280
1870.92712 0.04782
1873.61804 0.05413
1876.31079 0.07868
1879.00208 -0.03040
1881.69421 0.09046
1884.38623 0.07088
1887.07776 0.06002
1889.77002 0.09697
1892.46216 0.08291
1895.15479 0.00155
1897.84619 0.11872
1900.53711 0.08290
1903.22998 0.08131
1905.92224 0.03432
1908.61426 0.06461
1911.30566 0.04733
1913.99805 0.03739
1916.69080 0.07481
1919.38110 0.07363
1922.07422 0.09858
1924.76575 0.04451
1927.45886 0.05098
1930.14954 0.06169
1932.84167 0.05907
1935.53357 0.03303
1938.22583 0.07984
1940.91858 0.04812
1943.60974 0.09376
1946.30164 0.06863
1948.99390 0.05139
1951.68567 0.02803
1954.37781 0.06310
1957.06946 0.07601
1959.76160 0.07676
1962.45422 0.04671
1965.14624 0.07919
1967.83752 0.10032
1970.52942 0.04850
1973.22058 0.06956
1975.91321 0.05229
1978.60522 0.06724
1981.29858 0.04650
1983.98914 0.06588
1986.68127 0.05314
1989.37378 0.05381
1992.06543 0.05787
1994.75757 0.06428
1997.44983 0.04382
2000.14160 0.04723
2002.83252 0.05476
2005.52478 0.02731
2008.21741 0.04744
2010.90930 0.07349
2013.60144 0.07412
2016.29382 0.08754
2018.98535 0.08926
2021.67712 0.08070
2024.36926 0.05664
2027.06165 0.05484
2029.75305 0.07601
2032.44470 0.04398
2035.13672 0.07772
2037.82874 0.13311
2040.52100 0.06779
2043.21362 0.06029
2045.90515 0.05404
2048.59692 0.03175
2051.29004 0.06724
2053.98071 0.03623
2056.67310 0.02672
2059.36548 0.06479
2062.05664 0.06416
2064.74829 0.04237
2067.44092 0.05482
2070.13257 0.03814
2072.82544 0.05664
2075.51611 0.07814
2078.20801 0.07238
2080.90112 0.08516
2083.59326 0.07690
2086.28516 0.08045
2088.97729 0.08501
2091.66943 0.06754
2094.36035 0.10240
2097.05249 0.08087
2099.74463 0.06541
2102.43677 0.05152
2105.12891 0.03533
2107.82007 0.07265
2110.51318 0.06807
2113.20410 0.06551
2115.89600 0.06827
2118.58813 0.06651
2121.28125 0.05402
2123.97168 0.05448
2126.66357 0.06214
2129.35620 0.06540
2132.04785 0.07563
2134.74023 0.04653
2137.43286 0.05351
2140.12500 0.09665
2142.81616 0.08247
2145.50928 0.07353
2148.19995 0.06750
2150.89160 0.06096
2153.58447 0.03816
2156.27686 0.05816
2158.96802 0.06860
2161.66138 0.05614
2164.35229 0.07118
2167.04395 0.08206
2169.73657 0.05594
2172.42896 0.05258
2175.12012 0.02886
2177.81201 0.07041
2180.50488 0.05105
2183.19507 0.05490
2185.88867 0.06139
2188.58081 0.05523
2191.27246 0.07429
2193.96387 0.08362
2196.65649 0.06109
2199.34839 0.03746
2202.04028 0.03573
2204.73145 0.05064
2207.42383 0.08210
2210.11572 0.07830
2212.80859 0.04068
2215.50073 0.05051
2218.19165 0.06526
2220.88452 0.04232
2223.57568 0.03327
2226.26782 0.07671
2228.95947 0.07370
2231.65186 0.07857
2234.34375 0.08131
2237.03540 0.05947
2239.72778 0.05930
2242.41968 0.05912
2245.11230 0.09205
2247.80444 0.05260
2250.49512 0.05325
2253.18750 0.10773
2255.87939 0.03718
2258.57104 0.10020
2261.26318 0.06207
2263.95483 0.09245
2266.64868 0.08772
2269.34033 0.07829
2272.03174 0.06639
2274.72241 0.03721
2277.41650 0.07231
2280.10742 0.06782
2282.79883 0.04994
2285.49121 0.04408
2288.18286 0.06530
2290.87622 0.08036
2293.56787 0.07733
2296.25903 0.05723
2298.95190 0.05715
2301.64307 0.08737
2304.33472 0.06616
2307.02832 0.10056
2309.71851 0.07186
2312.41089 0.08481
2315.10376 0.06195
2317.79590 0.03743
2320.48730 0.09110
2323.17920 0.05628
2325.87061 0.03454
2328.56372 0.07300
2331.25488 0.06193
2333.94800 0.08453
2336.63892 0.07828
2339.33154 0.07942
2342.02246 0.07124
2344.71509 0.05483
2347.40820 0.07133
2350.09790 0.01887
2352.79077 0.06286
2355.48267 0.06429
2358.17529 0.06501
2360.86694 0.05924
2363.55908 0.05471
2366.25024 0.07361
2368.94214 0.05899
2371.63452 0.05525
2374.32715 0.05609
2377.01904 0.05510
2379.71143 0.06539
2382.40405 0.02324
2385.09473 0.08318
2387.78809 0.06443
2390.47827 0.08638
2393.17114 0.06017
2395.86230 0.03565
2398.55469 0.03009
2401.24634 0.05965
2403.93970 0.05579
2406.62939 0.05595
2409.32227 0.08769
2412.01416 0.05911
2414.70630 0.07824
2417.39746 0.04224
2420.08887 0.05605
2422.78345 0.08473
2425.47437 0.05114
2428.16675 0.08060
2430.85840 0.07414
2433.55029 0.06320
2436.24097 0.08259
2438.93481 0.08304
2441.62622 0.05683
2444.31909 0.03902
2447.00977 0.06631
2449.70190 0.09240
2452.39453 0.08749
2455.08594 0.06884
2457.77759 0.06564
2460.46948 0.07585
2463.16162 0.08173
2465.85400 0.05349
2468.54663 0.05184
2471.23804 0.06849
2473.92969 0.09539
2476.62183 0.05243
2479.31396 0.06099
2482.00488 0.08102
2484.69727 0.10807
2487.39014 0.08562
2490.08154 0.03736
2492.77490 0.05407
2495.46533 0.05149
2498.15723 0.05715
2500.84961 0.04355
2503.54199 0.05721
2506.23438 0.09908
2508.92578 0.07655
2511.61719 0.08424
2514.31006 0.07325
2517.00317 0.05419
2519.69336 0.06124
2522.38525 0.08087
2525.07715 0.07278
2527.76929 0.08283
2530.46143 0.06255
2533.15503 0.06165
2535.84619 0.07631
2538.53711 0.07328
2541.22949 0.04706
2543.92065 0.05152
2546.61328 0.07674
2549.30591 0.06589
2551.99731 0.05638
2554.68872 0.04956
2557.38135 0.08267
2560.07275 0.03720
2562.76562 0.07416
2565.45679 0.08902
2568.14966 0.05614
2570.84277 0.05567
2573.53394 0.04836
2576.22412 0.08446
2578.91675 0.05739
2581.60815 0.07407
2584.30103 0.07318
2586.99219 0.03387
2589.68481 0.09203
2592.37622 0.07755
2595.06885 0.03921
2597.76123 0.05223
2600.45239 0.06590
2603.14478 0.05113
2605.83716 0.08298
2608.52930 0.10010
2611.21997 0.04915
2613.91357 0.07416
2616.60571 0.06224
2619.29736 0.04960
2621.98779 0.05695
2624.68237 0.07937
2627.37231 0.05788
2630.06519 0.03889
2632.75659 0.06418
2635.45044 0.06353
2638.13989 0.07698
2640.83228 0.06884
2643.52441 0.06796
2646.21655 0.06733
2648.90820 0.06627
2651.59985 0.08352
2654.29297 0.08529
2656.98413 0.06103
2659.67676 0.08283
2662.36890 0.04699
2665.06104 0.04299
2667.75293 0.04521
2670.44336 0.06322
2673.13623 0.06153
2675.82764 0.08031
2678.52148 0.07280
2681.21240 0.06491
2683.90576 0.04920
2686.59619 0.03804
2689.28906 0.04880
2691.98047 0.07488
2694.67285 0.05465
2697.36523 0.06960
2700.05688 0.03377
2702.74878 0.07643
2705.44019 0.08235
2708.13135 0.06472
2710.82495 0.10087
2713.51538 0.05963
2716.20850 0.03986
2718.90015 0.05557
2721.59253 0.04052
2724.28467 0.06475
2726.97510 0.06824
2729.66821 0.03522
2732.35938 0.04608
2735.05298 0.09382
2737.74365 0.06337
2740.43677 0.07593
2743.12793 0.08075
2745.82056 0.06741
2748.51245 0.09487
2751.20410 0.09225
2753.89526 0.05769
2756.58765 0.06816
2759.27979 0.07090
2761.97144 0.03388
2764.66406 0.05245
2767.35474 0.03783
2770.04785 0.05880
2772.73950 0.07484
2775.43188 0.08193
2778.12427 0.06625
2780.81543 0.07076
2783.50854 0.04212
2786.20093 0.06010
2788.89258 0.07221
2791.58374 0.08341
2794.27612 0.08651
2796.96680 0.05953
2799.65967 0.07755
2802.35205 0.08083
2805.04395 0.09064
2807.73560 0.07046
2810.42676 0.07374
2813.12036 0.06212
2815.81201 0.05688
2818.50415 0.09206
2821.19482 0.07152
2823.88794 0.05495
2826.57886 0.09210
2829.27246 0.07690
2831.96387 0.04297
2834.65649 0.05891
2837.34668 0.07506
2840.03931 0.04649
2842.73047 0.05854
2845.42358 0.04249
2848.11475 0.06710
2850.80688 0.05015
2853.50000 0.07973
2856.19092 0.07648
2858.88452 0.06289
2861.57593 0.07294
2864.26660 0.08155
2866.95996 0.05180
2869.65088 0.05525
2872.34277 0.08043
2875.03589 0.09287
2877.72656 0.08197
2880.41821 0.07281
2883.11084 0.08869
2885.80444 0.06861
2888.49414 0.07908
2891.18799 0.03974
2893.87793 0.03364
2896.57202 0.06650
2899.26367 0.06938
2901.95654 0.06801
2904.64697 0.08338
2907.33984 0.11475
2910.03223 0.06154
2912.72192 0.08116
2915.41455 0.03115
2918.10791 0.06582
2920.79834 0.07046
2923.48877 0.02832
2926.18311 0.04607
2928.87500 0.06603
2931.56641 0.06792
2934.25830 0.06273
2936.95142 0.04970
2939.64209 0.08146
2942.33496 0.06970
2945.02734 0.03518
2947.71729 0.03308
2950.41113 0.03260
2953.10449 0.08537
2955.79346 0.06888
2958.48511 0.03937
2961.17920 0.06600
2963.86914 0.04806
2966.56177 0.05593
2969.25513 0.11071
2971.94580 0.06381
2974.63892 0.03941
2977.32959 0.05657
2980.02295 0.04928
2982.71387 0.06134
2985.40527 0.06230
2988.09912 0.05729
2990.78931 0.05431
2993.48315 0.05231
2996.17456 0.06813
2998.86646 0.05956
3001.55786 0.05810
3004.24976 0.08340
3006.94116 0.08180
3009.63477 0.04619
3012.32568 0.05763
3015.01904 0.10202
3017.70996 0.05729
3020.40332 0.07920
3023.09399 0.06967
3025.78687 0.06352
3028.47754 0.07482
3031.16895 0.08134
3033.86084 0.06439
3036.55518 0.06442
3039.24512 0.03875
3041.93750 0.07549
3044.63086 0.07710
3047.32153 0.06017
3050.01245 0.06630
3052.70605 0.06708
3055.39697 0.06948
3058.09033 0.07634
3060.78101 0.04416
3063.47437 0.06224
3066.16626 0.08316
3068.85718 0.05331
3071.54883 0.09466
3074.24121 0.05664
3076.93457 0.02931
3079.62646 0.08602
3082.31763 0.06773
3085.01074 0.06122
3087.70142 0.07880
3090.39282 0.06207
3093.08643 0.07286
3095.77881 0.06141
3098.46875 0.07437
3101.16064 0.07304
3103.85376 0.06952
3106.54541 0.05743
3109.23755 0.04437
3111.93066 0.06747
3114.62061 0.06316
3117.31323 0.09450
3120.00464 0.07878
3122.69653 0.03527
3125.38916 0.05480
3128.08252 0.06712
3130.77271 0.06670
3133.46387 0.07989
3136.15698 0.06442
3138.84741 0.06346
3141.54199 0.03834
3144.23340 0.05690
3146.92407 0.05901
3149.61841 0.05470
3152.31006 0.07776
3155.00024 0.05734
3157.69336 0.05428
3160.38452 0.06165
3163.07690 0.05498
3165.76953 0.05560
3168.45923 0.05555
3171.15283 0.07529
3173.84546 0.03251
3176.53882 0.05277
3179.22876 0.09356
3181.91943 0.06827
3184.61230 0.03928
3187.30444 0.05831
3189.99634 0.06815
3192.68774 0.11614
3195.38086 0.07645
3198.07300 0.06351
3200.76367 0.04068
3203.45483 0.06148
3206.14844 0.05849
3208.84082 0.05753
3211.53394 0.06290
3214.22559 0.06708
3216.91577 0.06367
3219.60815 0.10303
3222.30103 0.07134
3224.99316 0.06406
3227.68335 0.07504
3230.37793 0.01916
3233.06934 0.06356
3235.76099 0.07795
3238.45166 0.05306
3241.14429 0.06927
3243.83765 0.06878
3246.52783 0.06610
3249.22021 0.07398
3251.91284 0.07844
3254.60449 0.06336
3257.29614 0.07487
3259.98853 0.05504
3262.67944 0.05846
3265.37280 0.04215
3268.06470 0.04953
3270.75708 0.06663
3273.44775 0.03618
3276.13892 0.05683
3278.83057 0.04187
3281.52466 0.05179
3284.21533 0.06113
3286.90820 0.06068
3289.59985 0.06032
3292.29199 0.06897
3294.98413 0.09902
3297.67676 0.05757
3300.36816 0.09170
3303.05981 0.06913
3305.75171 0.06310
3308.44238 0.06304
3311.13696 0.10116
3313.82837 0.06578
3316.52002 0.06765
3319.21240 0.05445
3321.90454 0.06906
3324.59570 0.07956
3327.28687 0.05459
3329.98047 0.03606
3332.67261 0.04878
3335.36328 0.05313
3338.05591 0.06232
3340.74707 0.07718
3343.44043 0.06600
3346.13037 0.08060
3348.82275 0.06270
3351.51538 0.03004
3354.20630 0.04713
3356.90137 0.05973
3359.59302 0.04140
3362.28296 0.07957
3364.97534 0.04121
3367.66797 0.05093
3370.35889 0.05231
3373.05029 0.06449
3375.74390 0.07461
3378.43579 0.06956
3381.12817 0.06395
3383.82056 0.08781
3386.51343 0.04652
3389.20483 0.05385
3391.89600 0.05437
3394.58765 0.05569
3397.28174 0.05854
3399.97046 0.06417
3402.66309 0.04787
3405.35571 0.06736
3408.04688 0.06785
3410.74023 0.06357
3413.43018 0.04000
3416.12231 0.06632
3418.81616 0.05695
3421.50684 0.07374
3424.19946 0.05101
3426.89087 0.08962
3429.58203 0.05204
3432.27539 0.06984
3434.96533 0.06943
3437.65918 0.08942
3440.35132 0.04097
3443.04370 0.05097
3445.73462 0.05399
3448.42725 0.06793
3451.11865 0.08107
3453.81006 0.04506
3456.50171 0.04652
3459.19531 0.04284
3461.88721 0.07491
3464.57764 0.07450
3467.27148 0.07118
3469.96411 0.05352
3472.65308 0.09420
3475.34766 0.04854
3478.03906 0.07708
3480.73242 0.06131
3483.42212 0.06347
3486.11377 0.05941
3488.80737 0.03968
3491.49731 0.05342
3494.19165 0.05442
3496.88403 0.05873
3499.57617 0.07065
3502.26685 0.08701
3504.95776 0.06735
3507.65088 0.09741
3510.34180 0.07899
3513.03516 0.05447
3515.72656 0.06515
3518.41821 0.04385
3521.10986 0.06577
3523.80151 0.06958
3526.49536 0.03884
3529.18726 0.06770
3531.87769 0.05637
3534.57007 0.08185
3537.26416 0.06920
3539.95459 0.07238
3542.64526 0.08259
3545.33789 0.06294
3548.03076 0.03889
3550.72192 0.07351
3553.41479 0.07080
3556.10571 0.06125
3558.79883 0.05493
3561.48999 0.06043
3564.18140 0.06834
3566.87500 0.08007
3569.56641 0.08086
3572.26001 0.04805
3574.94971 0.09307
3577.64331 0.08266
3580.33301 0.05588
3583.02686 0.06451
3585.71899 0.07840
3588.41064 0.04012
3591.10059 0.07576
3593.79492 0.08039
3596.48682 0.05248
3599.17871 0.04923
3601.87109 0.06357
3604.56104 0.05819
3607.25342 0.07865
3609.94580 0.05800
3612.63794 0.09498
3615.33032 0.06254
3618.02075 0.07445
3620.71289 0.05677
3623.40527 0.06205
3626.09766 0.05249
3628.78979 0.07465
3631.48218 0.08312
3634.17261 0.07771
3636.86523 0.04486
3639.55737 0.07039
3642.24976 0.06676
3644.94019 0.05424
3647.63452 0.05782
3650.32471 0.07278
3653.01904 0.06268
3655.70947 0.09466
3658.39966 0.03854
3661.09375 0.08562
3663.78394 0.04122
3666.47632 0.04462
3669.17017 0.06004
3671.86035 0.05014
3674.55444 0.02302
3677.24658 0.08940
3679.93848 0.08304
3682.62817 0.02087
3685.32202 0.06138
3688.01367 0.06140
3690.70581 0.06136
3693.39746 0.07684
3696.08911 0.06325
3698.78223 0.07663
3701.47388 0.09480
3704.16528 0.05191
3706.85864 0.05530
3709.54785 0.08600
3712.24097 0.04072
3714.93433 0.07533
3717.62524 0.05996
3720.31592 0.08301
3723.00879 0.05645
3725.70142 0.05825
3728.39209 0.05113
3731.08472 0.05230
3733.77905 0.07823
3736.46948 0.04776
3739.16357 0.06619
3741.85181 0.05946
3744.54370 0.05217
3747.23535 0.07000
3749.92920 0.06446
3752.62085 0.06344
3755.31421 0.07530
3758.00562 0.06300
3760.69873 0.05804
3763.38794 0.07061
3766.08081 0.06749
3768.77173 0.07445
3771.46631 0.07782
3774.15698 0.08508
3776.84741 0.05593
3779.54175 0.06984
3782.23364 0.07186
3784.92578 0.07439
3787.61743 0.03499
3790.30688 0.08592
3793.00073 0.05883
3795.69165 0.05549
3798.38501 0.08328
3801.07593 0.08767
3803.76855 0.04723
3806.46118 0.07889
3809.15161 0.06573
3811.84570 0.06796
3814.53589 0.05896
3817.22974 0.07186
3819.92139 0.07068
3822.61304 0.06075
3825.30444 0.05786
3827.99536 0.08651
3830.68823 0.07565
3833.38086 0.06657
3836.07129 0.08982
3838.76367 0.05459
3841.45581 0.07429
3844.14795 0.04323
3846.83960 0.09200
3849.53076 0.09497
3852.22607 0.04700
3854.91724 0.08063
3857.60767 0.06666
3860.29834 0.08307
3862.99072 0.05301
3865.68262 0.06320
3868.37476 0.05452
3871.06836 0.06218
3873.75977 0.07063
3876.45288 0.05214
3879.14404 0.05614
3881.83667 0.06551
3884.52686 0.09079
3887.21899 0.05597
3889.91089 0.03589
3892.60474 0.06476
3895.29614 0.08726
3897.98511 0.07631
3900.68018 0.06840
3903.37280 0.09064
3906.06494 0.03289
3908.75513 0.05925
3911.44678 0.07266
3914.14062 0.05434
3916.83154 0.03916
3919.52271 0.05781
3922.21533 0.04183
3924.90796 0.09182
3927.59985 0.06225
3930.29175 0.05654
3932.98315 0.08477
3935.67456 0.07312
3938.36743 0.08059
3941.05811 0.05414
3943.75244 0.08395
3946.44238 0.05397
3949.13867 0.06699
3951.82568 0.04152
3954.51880 0.07118
3957.21167 0.07092
3959.90430 0.07151
3962.59424 0.05841
3965.28638 0.07810
3967.97998 0.07252
3970.67090 0.09596
3973.36377 0.03201
3976.05640 0.06822
3978.74683 0.05924
3981.43848 0.09511
3984.13232 0.06779
3986.82153 0.05191
3989.51440 0.02972
3992.20703 0.05771
3994.89893 0.07159
3997.59326 0.04615
4000.28027 0.03365
4002.97363 0.05987
4005.66650 0.04915
4008.35889 0.07023
4011.05127 0.04529
4013.74292 0.06255
4016.43433 0.09229
4019.12720 0.07007
4021.81787 0.05937
4024.51245 0.07021
4027.20435 0.05717
4029.89355 0.07001
4032.58667 0.06202
4035.27734 0.06088
4037.96997 0.09156
4040.66211 0.07180
4043.35376 0.05647
4046.04688 0.07839
4048.73999 0.06662
4051.43018 0.08827
4054.12256 0.09099
4056.81421 0.06709
4059.50757 0.09379
4062.19849 0.06328
4064.88892 0.08501
4067.58081 0.03083
4070.27466 0.04187
4072.96606 0.04995
4075.65674 0.02680
4078.35181 0.04602
4081.04126 0.08424
4083.73535 0.09189
4086.42627 0.06317
4089.11694 0.07680
4091.80957 0.08665
4094.50171 0.08890
4097.19531 0.05531
4099.88623 0.04208
4102.57910 0.07246
4105.26904 0.07524
4107.96338 0.07809
4110.65674 0.06596
4113.34766 0.07087
4116.04004 0.05489
4118.72998 0.07454
4121.42188 0.05125
4124.11523 0.05723
4126.80518 0.05069
4129.49805 0.03608
4132.18945 0.04368
4134.88086 0.03634
4137.57373 0.10773
4140.26660 0.34020
4142.95850 0.21291
4145.65039 0.09542
4148.34082 -0.00385
4151.03369 0.10812
4153.72559 0.01798
4156.41748 0.06978
4159.11084 0.03190
4161.80127 0.04512
4164.49365 0.02653
4167.18555 0.05108
4169.87646 0.05720
4172.56982 0.04557
4175.26172 0.09099
4177.95166 0.07890
4180.64502 0.08722
4183.33594 0.06493
4186.03076 0.04240
4188.72266 0.05762
4191.41602 0.05960
4194.10693 0.06983
4196.79932 0.07729
4199.49121 0.07792
4202.18018 0.11373
4204.87061 0.06783
4207.56787 0.04408
4210.25732 0.05970
4212.95117 0.08007
4215.64160 0.05402
4218.33154 0.07437
4221.02588 0.07272
4223.71680 0.08799
4226.40967 0.02103
4229.10205 0.06465
4231.79395 0.06670
4234.48535 0.06320
4237.17773 0.07662
4239.87012 0.06305
4242.55908 0.08708
4245.25488 0.10300
4247.94482 0.08206
4250.63721 0.05568
4253.32861 0.05546
4256.02148 0.07608
4258.71143 0.07187
4261.40820 0.06211
4264.09717 0.05455
4266.79004 0.08296
4269.47998 0.07183
4272.17383 0.05062
4274.86475 0.08531
4277.55762 0.04298
4280.25195 0.05865
4282.94092 0.06413
4285.63379 0.03603
4288.32617 0.04097
4291.01758 0.06465
4293.70850 0.08459
4296.40186 0.09162
4299.09131 0.04297
4301.78516 0.06313
4304.47803 0.07105
4307.17041 0.09300
4309.86230 0.03912
4312.55322 0.04756
4315.24365 0.07102
4317.93555 0.05669
4320.62891 0.08772
4323.32227 0.06166
4326.01465 0.07439
4328.70361 0.05076
4331.39453 0.05306
4334.08691 0.05875
4336.78125 0.08855
4339.47217 0.03597
4342.16260 0.06815
4344.85498 0.05095
4347.54883 0.05365
4350.23926 0.06575
4352.93164 0.07847
4355.62305 0.08264
4358.31885 0.08211
4361.00928 0.08226
4363.70068 0.08527
4366.39160 0.06336
4369.08496 0.06776
4371.77686 0.06184
4374.46533 0.06966
4377.16064 0.06313
4379.85303 0.07183
4382.54443 0.05452
4385.23730 0.07230
4387.92725 0.06944
4390.62109 0.06546
4393.31201 0.06461
4396.00439 0.04618
4398.69629 0.05007
4401.38965 0.07237
4404.07959 0.07084
4406.77148 0.06417
4409.46484 0.04735
4412.15527 0.07577
4414.84961 0.08151
4417.54053 0.06217
4420.23096 0.07122
4422.92480 0.05733
4425.61621 0.08104
4428.30908 0.07565
4431.00098 0.07574
4433.69238 0.05744
4436.38281 0.09612
4439.07471 0.06148
4441.76807 0.04872
4444.45850 0.05004
4447.15332 0.06732
4449.84180 0.04774
4452.53711 0.08038
4455.22656 0.06488
4457.92041 0.06222
4460.61328 0.06537
4463.30322 0.06552
4465.99658 0.05217
4468.68701 0.03817
4471.37891 0.06544
4474.07275 0.05894
4476.76514 0.07675
4479.45703 0.04872
4482.14844 0.04884
4484.83838 0.07299
4487.53076 0.05353
4490.22363 0.05499
4492.91650 0.06700
4495.60596 0.05929
4498.29932 0.07422
4500.99170 0.04262
4503.68359 0.06543
4506.37646 0.04894
4509.06885 0.06943
4511.76074 0.05646
4514.45117 0.05434
4517.14355 0.05933
4519.83740 0.10083
4522.52783 0.08368
4525.22021 0.07653
4527.91162 0.07515
4530.60400 0.09116
4533.29590 0.06239
4535.98730 0.07381
4538.68018 0.07434
4541.37158 0.05368
4544.06250 0.05979
4546.75488 0.07408
4549.44678 0.06467
4552.13965 0.07040
4554.82959 0.08263
4557.52344 0.07845
4560.21631 0.05851
4562.90820 0.08151
4565.59961 0.05124
4568.28955 0.04580
4570.98389 0.06093
4573.67480 0.07526
4576.36719 0.07084
4579.05859 0.07929
4581.75195 0.07373
4584.44385 0.06929
4587.13525 0.06823
4589.82764 0.04330
4592.51953 0.09673
4595.20801 0.05502
4597.90283 0.07516
4600.59473 0.04652
4603.28760 0.04367
4605.97998 0.05466
4608.66846 0.07268
4611.36377 0.04980
4614.05322 0.05969
4616.74658 0.06782
4619.43896 0.08272
4622.13037 0.06260
4624.82080 0.07099
4627.51562 0.06296
4630.20410 0.06144
4632.89893 0.06525
4635.59082 0.05185
4638.28174 0.06210
4640.97607 0.04118
4643.66504 0.05633
4646.35791 0.06395
4649.04980 0.06474
4651.74268 0.05820
4654.43555 0.07972
4657.12695 0.06484
4659.81982 0.06388
4662.51172 0.05039
4665.20264 0.06283
4667.89258 0.07499
4670.58691 0.06568
4673.27686 0.05145
4675.97168 0.07925
4678.66016 0.06130
4681.35547 0.06813
4684.04639 0.06791
4686.73975 0.06191
4689.42920 0.06572
4692.12012 0.07025
4694.81299 0.05694
4697.50684 0.08913
4700.19775 0.06709
4702.88965 0.06995
4705.58301 0.09052
4708.27588 0.07333
4710.96729 0.06666
4713.65723 0.05897
4716.35205 0.08795
4719.04297 0.06406
4721.73291 0.05906
4724.42676 0.05213
4727.11719 0.06083
4729.80908 0.05405
4732.50244 0.09819
4735.19482 0.04628
4737.88623 0.05949
4740.57617 0.08566
4743.27100 0.05058
4745.95898 0.05985
4748.65332 0.06481
4751.34717 0.06588
4754.03711 0.05123
4756.72852 0.05101
4759.42188 0.05486
4762.11377 0.06686
4764.80469 0.05581
4767.49707 0.04984
4770.19092 0.05161
4772.88135 0.08168
4775.57275 0.05547
4778.26904 0.05877
4780.95801 0.05311
4783.64941 0.06594
4786.33936 0.04124
4789.03320 0.05666
4791.72607 0.06021
4794.41797 0.04407
4797.11133 0.07585
4799.80078 0.07089
4802.49463 0.08174
4805.18457 0.06697
4807.87598 0.05702
4810.57178 0.03231
4813.26074 0.05909
4815.95410 0.04054
4818.64600 0.07715
4821.33984 0.05312
4824.02734 0.07443
4826.72119 0.07278
4829.41406 0.07031
4832.10596 0.04276
4834.79688 0.06948
4837.49121 0.06194
4840.17969 0.08409
4842.87207 0.06932
4845.56348 0.05167
4848.25879 0.05788
4850.95068 0.05425
4853.64111 0.05082
4856.33301 0.09005
4859.02637 0.07018
4861.71582 0.06663
4864.40967 0.08243
4867.10205 0.07536
4869.79102 0.08309
4872.48389 0.08314
4875.17822 0.07402
4877.86572 0.05388
4880.56055 0.06643
4883.25391 0.07262
4885.94629 0.06565
4888.63477 0.05417
4891.32715 0.06727
4894.02148 0.07105
4896.71436 0.07383
4899.40576 0.06075
4902.09912 0.05070
4904.78809 0.08186
4907.47900 0.07105
4910.17090 0.10154
4912.86475 0.05558
4915.55664 0.06397
4918.24805 0.06446
4920.94092 0.08144
4923.63232 0.04992
4926.32520 0.05322
4929.01660 0.05807
4931.70996 0.06485
4934.40186 0.05552
4937.09229 0.06156
4939.78467 0.09691
4942.47803 0.08855
4945.17041 0.07244
4947.86133 0.06489
4950.55420 0.06891
4953.24561 0.06509
4955.93555 0.07139
4958.62695 0.05505
4961.32275 0.05970
4964.01172 0.06745
4966.70215 0.07841
4969.39404 0.05389
4972.08984 0.04825
4974.77930 0.06405
4977.47314 0.07613
4980.16553 0.04652
4982.85645 0.05969
4985.55176 0.04711
4988.24268 0.05748
4990.93262 0.07143
4993.62402 0.06063
4996.31641 0.06343
4999.00830 0.05970
5001.70117 0.03935
5004.38965 0.05558
5007.08594 0.06416
5009.77490 0.03883
5012.46826 0.07758
5015.16016 0.05271
5017.85059 0.07620
5020.54248 0.05625
5023.23584 0.08825
5025.92822 0.07792
5028.62207 0.07638
5031.31152 0.07082
5034.00244 0.07883
5036.69482 0.07791
5039.38867 0.09370
5042.08105 0.07662
5044.77246 0.08329
5047.46533 0.04239
5050.15625 0.07113
5052.84912 0.08011
5055.54053 0.06597
5058.23340 0.05616
5060.92480 0.08085
5063.61523 0.06394
5066.30664 0.06011
5068.99951 0.06262
5071.69141 0.06518
5074.38477 0.05843
5077.07617 0.05347
5079.76660 0.05302
5082.46094 0.05700
5085.15137 0.06667
5087.84326 0.06246
5090.53369 0.06429
5093.22852 0.05480
5095.91650 0.05823
5098.61084 0.05535
5101.30420 0.06841
5103.99365 0.06427
5106.68701 0.07546
5109.37891 0.05129
5112.07275 0.04947
5114.76172 0.05002
5117.45508 0.06610
5120.14746 0.08274
5122.84082 0.04675
5125.53027 0.05901
5128.22363 0.05646
5130.91309 0.07829
5133.60645 0.05518
5136.30127 0.07153
5138.98926 0.06274
5141.68457 0.05672
5144.37500 0.06787
5147.06738 0.07020
5149.75781 0.05788
5152.45020 0.06725
5155.14062 0.04866
5157.83252 0.09377
5160.52930 0.06755
5163.21826 0.07495
5165.90869 0.06169
5168.60400 0.08883
5171.29443 0.05471
5173.98633 0.07021
5176.67725 0.05380
5179.37158 0.05378
5182.06250 0.07703
5184.75439 0.06016
5187.44775 0.04740
5190.13965 0.04915
5192.83008 0.07867
5195.52148 0.08237
5198.21484 0.05684
5200.90674 0.07833
5203.59668 0.04667
5206.29150 0.06847
5208.98193 0.05995
5211.67334 0.05306
5214.36621 0.06351
5217.06055 0.09782
5219.75098 0.04992
5222.44189 0.05987
5225.13525 0.04983
5227.82617 0.06444
5230.51904 0.07452
5233.21045 0.04129
5235.89990 0.05810
5238.59082 0.04719
5241.28955 0.03037
5243.97754 0.06060
5246.66992 0.07406
5249.36377 0.04598
5252.05615 0.05403
5254.74365 0.09311
5257.43896 0.07245
5260.12939 0.05836
5262.82178 0.04937
5265.51514 0.07027
5268.20410 0.03107
5270.89746 0.06363
5273.59180 0.04811
5276.28223 0.07631
5278.97363 0.05128
5281.66650 0.06937
5284.35547 0.07089
5287.04785 0.06342
5289.74219 0.05618
5292.43506 0.07646
5295.12305 0.04814
5297.81836 0.06850
5300.50928 0.06255
5303.20166 0.03846
5305.89258 0.05420
5308.58496 0.08559
5311.27783 0.04995
5313.97021 0.05233
5316.66309 0.06217
5319.35254 0.03464
5322.04541 0.08816
5324.73682 0.04689
5327.42969 0.04300
5330.12402 0.08315
5332.81396 0.07632
5335.50537 0.04061
5338.20068 0.05355
5340.88867 0.06094
5343.58057 0.06742
5346.27441 0.04102
5348.96338 0.05862
5351.65723 0.02857
5354.35156 0.05132
5357.04199 0.05912
5359.73047 0.07023
5362.42383 0.07653
5365.11816 0.06781
5367.80762 0.07349
5370.49902 0.07983
5373.19141 0.07575
5375.88818 0.06416
5378.58008 0.05011
5381.26807 0.09099
5383.95996 0.04004
5386.65332 0.07467
5389.34473 0.05390
5392.03760 0.07116
5394.72949 0.06223
5397.41895 0.04212
5400.11328 0.03888
5402.80273 0.06071
5405.49658 0.05569
5408.18848 0.05679
5410.88232 0.05803
5413.57422 0.05148
5416.26465 0.05590
5418.95605 0.05592
5421.64941 0.07148
5424.34326 0.05351
5427.03320 0.09342
5429.72412 0.06174
5432.41943 0.07120
5435.10986 0.06303
5437.80225 0.05996
5440.49219 0.04841
5443.18701 0.06469
5445.87695 0.05589
5448.56836 0.06231
5451.26123 0.06021
5453.95215 0.03290
5456.64453 0.04908
5459.33545 0.06658
5462.02734 0.05044
5464.72070 0.05159
5467.41211 0.06542
5470.10547 0.05840
5472.79688 0.05927
5475.48926 0.06374
5478.18018 0.06119
5480.87549 0.06888
5483.56592 0.06320
5486.25781 0.07228
5488.94824 0.06440
5491.64014 0.09491
5494.33594 0.06213
5497.02393 0.05282
5499.71680 0.06690
5502.40723 0.09135
5505.10254 0.06561
5507.79297 0.06454
5510.48438 0.06518
5513.17725 0.05251
5515.86865 0.06100
5518.55811 0.08901
5521.25195 0.07945
5523.94482 0.06254
5526.63525 0.07647
5529.32666 0.06910
5532.02002 0.05202
5534.71143 0.03097
5537.40723 0.04314
5540.09521 0.06946
5542.78711 0.06800
5545.48096 0.04228
5548.17334 0.05001
5550.86328 0.03635
5553.55469 0.07869
5556.24707 0.07554
5558.93848 0.05375
5561.63379 0.04588
5564.32715 0.06446
5567.01562 0.05580
5569.70557 0.05406
5572.39697 0.06898
5575.09277 0.04894
5577.78418 0.06086
5580.47607 0.06229
5583.16699 0.06270
5585.85840 0.05530
5588.55469 0.04210
5591.24268 0.05591
5593.93555 0.05672
5596.62598 0.05813
5599.32129 0.03445
5602.01465 0.05406
5604.70361 0.05915
5607.39600 0.04723
5610.09082 0.07005
5612.77979 0.06077
5615.47021 0.07939
5618.16211 0.07917
5620.85547 0.05764
5623.54639 0.06128
5626.23926 0.07397
5628.93066 0.05623
5631.62256 0.08427
5634.31592 0.04421
5637.00781 0.06881
5639.69775 0.07241
5642.39160 0.07290
5645.08447 0.04977
5647.77490 0.04147
5650.46631 0.07668
5653.15967 0.07507
5655.85449 0.07130
5658.54688 0.07041
5661.23438 0.09169
5663.92676 0.04392
5666.61719 0.04065
5669.31152 0.05171
5672.00439 0.05924
5674.69531 0.05915
5677.38770 0.04390
5680.07812 0.06946
5682.76953 0.06756
5685.46289 0.07491
5688.15674 0.05538
5690.84619 0.06328
5693.54004 0.05370
5696.23145 0.07312
5698.92480 0.06662
5701.61621 0.06778
5704.30859 0.05762
5707.00195 0.06272
5709.69385 0.05458
5712.38379 0.06937
5715.07520 0.05965
5717.76807 0.04895
5720.45850 0.04492
5723.15381 0.05281
5725.84375 0.05400
5728.53516 0.03887
5731.22754 0.04269
5733.92188 0.03660
5736.61035 0.04676
5739.30371 0.02916
5741.99512 0.03522
5744.68506 0.06872
5747.37891 0.06741
5750.07080 0.06941
5752.76074 0.06935
5755.45557 0.06636
5758.14795 0.07395
5760.83887 0.06157
5763.53076 0.04375
5766.22412 0.06316
5768.91211 0.06979
5771.60791 0.05029
5774.29883 0.05270
5776.99072 0.05984
5779.68066 0.04810
5782.37451 0.06644
5785.06738 0.05441
5787.75781 0.05880
5790.45020 0.06207
5793.14014 0.05000
5795.83398 0.07096
5798.52979 0.07884
5801.22070 0.07889
5803.90869 0.06756
5806.60205 0.06884
5809.29248 0.05139
5811.98535 0.06745
5814.67822 0.05713
5817.37061 0.06206
5820.06299 0.07617
5822.75391 0.04477
5825.44629 0.06540
5828.13623 0.05476
5830.83105 0.06035
5833.52051 0.05983
5836.21777 0.06899
5838.90625 0.06355
5841.59619 0.07490
5844.29102 0.05161
5846.97949 0.04905
5849.67676 0.04874
5852.36572 0.06668
5855.05469 0.08949
5857.74951 0.09007
5860.44141 0.06387
5863.13477 0.06376
5865.82324 0.04978
5868.51953 0.02450
5871.20654 0.04680
5873.90186 0.05931
5876.59521 0.04923
5879.28613 0.05475
5881.97510 0.05657
5884.67236 0.04802
5887.36377 0.06642
5890.05371 0.07146
5892.74756 0.07589
5895.43652 0.07618
5898.12988 0.07823
5900.82178 0.04956
5903.51025 0.07429
5906.20752 0.05301
5908.89648 0.04360
5911.58984 0.04890
5914.28027 0.05761
5916.97217 0.06026
5919.66650 0.05827
5922.35742 0.04298
5925.05029 0.07646
5927.74072 0.06775
5930.43311 0.04819
5933.12207 0.07565
5935.82031 0.06059
5938.51221 0.04977
5941.19873 0.06684
5943.89404 0.06932
5946.58350 0.04960
5949.27734 0.07014
5951.96533 0.04695
5954.66211 0.05154
5957.35596 0.05986
5960.04541 0.06134
5962.73535 0.04502
5965.42969 0.06636
5968.12256 0.04467
5970.81299 0.05483
5973.50781 0.05720
5976.19775 0.05992
5978.88867 0.05656
5981.58057 0.08211
5984.27393 0.02750
5986.96484 0.04025
5989.65771 0.06224
5992.35107 0.06100
5995.03955 0.06605
5997.73242 0.05727
6000.42627 0.05875
6003.11475 0.05944
6005.80762 0.05399
6008.50244 0.06545
6011.19092 0.04629
6013.88428 0.04263
6016.57861 0.05380
6019.26807 0.06170
6021.96191 0.07301
6024.65332 0.05308
6027.34668 0.05341
6030.04053 0.03788
6032.72949 0.07436
6035.42188 0.05465
6038.11328 0.08680
6040.80518 0.06602
6043.49512 0.08242
6046.18994 0.05324
6048.88281 0.06963
6051.57324 0.05828
6054.26465 0.08759
6056.95703 0.03531
6059.64795 0.06903
6062.33984 0.06793
6065.03320 0.04770
6067.72363 0.05034
6070.41602 0.02971
6073.10596 0.05255
6075.80029 0.04556
6078.49219 0.08430
6081.18652 0.04872
6083.87744 0.08500
6086.56689 0.03879
6089.26025 0.06508
6091.95215 0.05869
6094.64502 0.08183
6097.33545 0.06747
6100.02734 0.07651
6102.71680 0.07772
6105.41162 0.06738
6108.10693 0.05593
6110.79688 0.05769
6113.48730 0.04999
6116.18018 0.06084
6118.87354 0.07454
6121.56445 0.05631
6124.25732 0.08818
6126.94727 0.05955
6129.64209 0.06313
6132.33105 0.07904
6135.02197 0.06662
6137.71680 0.06977
6140.40967 0.07363
6143.10059 0.06293
6145.79492 0.07556
6148.48535 0.07702
6151.17578 0.06257
6153.87109 0.05966
6156.56104 0.05100
6159.25195 0.04313
6161.94385 0.06233
6164.63721 0.04477
6167.32520 0.06737
6170.02051 0.06556
6172.71045 0.02942
6175.40479 0.04105
6178.09424 0.06874
6180.78760 0.02357
6183.48193 0.05058
6186.17139 0.07538
6188.86523 0.05860
6191.55371 0.05344
6194.24609 0.06952
6196.93945 0.05780
6199.63135 0.06868
6202.32422 0.07202
6205.01807 0.05698
6207.70947 0.03804
6210.40186 0.05482
6213.09277 0.05230
6215.78467 0.05346
6218.47412 0.07649
6221.16797 0.07131
6223.85645 0.07062
6226.55322 0.09405
6229.24072 0.04491
6231.93604 0.07767
6234.62842 0.06470
6237.31982 0.02912
6240.01172 0.06070
6242.70117 0.07458
6245.39551 0.08463
6248.08789 0.05602
6250.77686 0.04140
6253.47168 0.04344
6256.16357 0.04935
6258.85352 0.07900
6261.54736 0.05202
6264.24023 0.06800
6266.92969 0.06074
6269.62402 0.05399
6272.31641 0.05911
6275.00635 0.05893
6277.69727 0.06944
6280.39258 0.03908
6283.07959 0.05401
6285.77734 0.06052
6288.46924 0.05640
6291.15918 0.05730
6293.85010 0.04138
6296.54248 0.04265
6299.23584 0.06115
6301.92969 0.05592
6304.61523 0.06273
6307.30859 0.04776
6310.00342 0.06391
6312.69531 0.06433
6315.38525 0.05345
6318.07959 0.07676
6320.76855 0.06575
6323.46191 0.05699
6326.15576 0.04629
6328.84814 0.06104
6331.53760 0.05379
6334.22900 0.05841
6336.92090 0.07979
6339.61377 0.07213
6342.30518 0.05099
6345.00049 0.06731
6347.69336 0.06618
6350.38428 0.05639
6353.07275 0.06878
6355.76562 0.07446
6358.45605 0.04889
6361.14795 0.05907
6363.84131 0.05466
6366.53223 0.06759
6369.22754 0.04539
6371.91699 0.06511
6374.61084 0.06311
6377.30273 0.07053
6379.99512 0.05446
6382.68604 0.08556
6385.37744 0.06457
6388.06982 0.06300
6390.76367 0.08708
6393.45605 0.06855
6396.14844 0.05371
6398.83838 0.07680
6401.52979 0.05836
6404.22266 0.05421
6406.91260 0.07827
6409.60400 0.08938
6412.29639 0.06742
6414.98975 0.08703
6417.68115 0.07333
6420.37305 0.05452
6423.06641 0.06865
6425.75781 0.06106
6428.45312 0.04964
6431.14307 0.07993
6433.83350 0.04195
6436.52539 0.05572
6439.21875 0.06442
6441.90967 0.04815
6444.59766 0.06926
6447.29395 0.07418
6449.98828 0.06256
6452.68018 0.03471
6455.36963 0.07064
6458.05957 0.04566
6460.75146 0.05378
6463.44336 0.03345
6466.13721 0.05885
6468.82861 0.07552
6471.52148 0.03972
6474.21436 0.05672
6476.90576 0.08852
6479.59766 0.06486
6482.28809 0.07990
6484.97852 0.05696
6487.67432 0.04413
6490.36719 0.04318
6493.05469 0.07648
6495.75293 0.05244
6498.44238 0.05738
6501.13330 0.05448
6503.82129 0.05418
6506.51758 0.04523
6509.21094 0.06262
6511.89893 0.08602
6514.59473 0.06334
6517.28516 0.06657
6519.97607 0.05433
6522.67236 0.08512
6525.36133 0.06712
6528.05225 0.06139
6530.74805 0.06229
6533.43750 0.04746
6536.13135 0.03718
6538.82324 0.04578
6541.51270 0.06572
6544.20654 0.06811
6546.89404 0.06876
6549.59082 0.05787
6552.28076 0.05306
6554.96826 0.06611
6557.66406 0.05509
6560.35400 0.05798
6563.05176 0.04965
6565.73975 0.04526
6568.43311 0.05898
6571.12402 0.05777
6573.81934 0.07062
6576.50830 0.07288
6579.20264 0.05861
6581.88965 0.09070
6584.58643 0.05716
6587.27588 0.06749
6589.97119 0.06368
6592.66309 0.05772
6595.35645 0.05608
6598.04297 0.06791
6600.73877 0.06614
6603.42822 0.04981
6606.12207 0.06566
6608.80957 0.06020
6611.50244 0.06459
6614.20020 0.07048
6616.88770 0.04255
6619.57959 0.04796
6622.26953 0.06652
6624.96387 0.06799
6627.65527 0.06187
6630.34863 0.05040
6633.03955 0.05006
6635.73047 0.05890
6638.42334 0.02818
6641.11719 0.05908
6643.80811 0.04288
6646.49658 0.05349
6649.19385 0.07712
6651.88477 0.06119
6654.57666 0.05276
6657.26904 0.06809
6659.95605 0.08056
6662.65137 0.06178
6665.34375 0.04642
6668.03760 0.05949
6670.72510 0.07042
6673.42090 0.06015
6676.11426 0.05573
6678.80518 0.04922
6681.49609 0.03873
6684.18945 0.05526
6686.87939 0.06928
6689.57080 0.04796
6692.26367 0.06057
6694.95703 0.02416
6697.64795 0.07446
6700.34033 0.04255
6703.02930 0.05561
6705.72363 0.06266
6708.41455 0.06324
6711.10791 0.04763
6713.80127 0.06138
6716.48877 0.05737
6719.18457 0.02248
6721.87451 0.06426
6724.56543 0.07308
6727.26074 0.04516
6729.95312 0.05843
6732.64697 0.07541
6735.33447 0.05143
6738.02734 0.03444
6740.72070 0.05359
6743.41113 0.04740
6746.10303 0.05003
6748.79639 0.07776
6751.48633 0.06124
6754.18164 0.06159
6756.87451 0.07815
6759.56445 0.07565
6762.25879 0.06467
6764.94678 0.06968
6767.63623 0.03869
6770.33008 0.07430
6773.02148 0.03638
6775.71436 0.05962
6778.40430 0.04986
6781.09863 0.03818
6783.79102 0.06657
6786.47998 0.06924
6789.17480 0.06266
6791.86621 0.04890
6794.55859 0.04603
6797.24854 0.06307
6799.93945 0.07293
6802.63525 0.03893
6805.32471 0.05995
6808.01855 0.05770
6810.71387 0.04968
6813.40674 0.07024
6816.09668 0.04531
6818.78711 0.05702
6821.47998 0.07312
6824.16846 0.05881
6826.86328 0.06355
6829.55469 0.04763
6832.24707 0.07166
6834.93701 0.06529
6837.63184 0.05852
6840.32373 0.04913
6843.01660 0.06556
6845.70703 0.04200
6848.40186 0.04345
6851.09033 0.04994
6853.78418 0.05377
6856.47119 0.06612
6859.16650 0.06086
6861.85938 0.04354
6864.54980 0.06705
6867.24072 0.04013
6869.93311 0.04923
6872.62695 0.04449
6875.32080 0.04751
6878.01270 0.06926
6880.70557 0.07099
6883.39551 0.06603
6886.08984 0.06817
6888.78174 0.06218
6891.47217 0.04659
6894.16211 0.02768
6896.85352 0.05597
6899.54590 0.04100
6902.23584 0.03555
6904.93066 0.05232
6907.62256 0.04305
6910.31201 0.08052
6913.00586 0.07586
6915.69629 0.04115
6918.39307 0.05925
6921.08252 0.04518
6923.77295 0.04615
6926.46826 0.07969
6929.15723 0.04348
6931.84717 0.05663
6934.54541 0.04636
6937.23438 0.05795
6939.92383 0.07491
6942.61768 0.05149
6945.30908 0.05286
6948.00098 0.06740
6950.69824 0.03435
6953.38574 0.04194
6956.08057 0.03795
6958.76953 0.05440
6961.46338 0.05334
6964.15820 0.04051
6966.84668 0.06225
6969.53955 0.07180
6972.22998 0.05077
6974.92139 0.05540
6977.61328 0.07692
6980.30664 0.07141
6982.99707 0.05600
6985.68945 0.05260
6988.38574 0.03699
6991.07178 0.06280
6993.76660 0.06417
6996.45850 0.04664
6999.15186 0.05736
7001.84180 0.04742
7004.53662 0.05318
7007.22510 0.07333
7009.91846 0.07810
7012.60889 0.05843
7015.30420 0.06359
7017.99316 0.04673
7020.68652 0.06288
7023.37695 0.07283
7026.06885 0.03533
7028.76172 0.04809
7031.45166 0.06701
7034.14307 0.05338
7036.83887 0.06941
7039.53223 0.05256
7042.22217 0.06037
7044.91357 0.06980
7047.60205 0.06074
7050.29883 0.05654
7052.98926 0.06543
7055.68066 0.02470
7058.37354 0.05364
7061.06348 0.04850
7063.75781 0.04171
7066.44922 0.05849
7069.14258 0.06498
7071.83252 0.08196
7074.52344 0.05944
7077.21533 0.06975
7079.91162 0.04287
7082.59863 0.04172
7085.29297 0.07591
7087.98584 0.03750
7090.67432 0.06466
7093.36914 0.05808
7096.06055 0.04534
7098.75293 0.05539
7101.44238 0.04825
7104.13623 0.05072
7106.83203 0.07190
7109.52100 0.04101
7112.21436 0.02713
7114.90869 0.04090
7117.60107 0.05222
7120.28955 0.05021
7122.98291 0.06748
7125.67432 0.04794
7128.36523 0.04775
7131.05469 0.05212
7133.74463 0.05359
7136.44336 0.06114
7139.13525 0.06165
7141.82471 0.04454
7144.51465 0.05261
7147.20996 0.06514
7149.89795 0.08791
7152.59521 0.04532
7155.28516 0.07869
7157.97656 0.05753
7160.66504 0.06012
7163.36182 0.05783
7166.05273 0.02623
7168.74365 0.05555
7171.44043 0.07195
7174.12598 0.04496
7176.81641 0.05021
7179.51172 0.04088
7182.20459 0.06940
7184.89746 0.04863
7187.58838 0.05679
7190.27979 0.05183
7192.97217 0.05360
7195.66553 0.04380
7198.35254 0.06955
7201.04443 0.07602
7203.73682 0.05853
7206.43408 0.06071
7209.12500 0.07468
7211.81689 0.05745
7214.50928 0.05589
7217.19922 0.05969
7219.89404 0.05535
7222.58594 0.07218
7225.27490 0.05864
7227.96875 0.06091
7230.66309 0.06806
7233.35059 0.06599
7236.04395 0.05081
7238.73389 0.07731
7241.42871 0.06038
7244.12061 0.05666
7246.81299 0.05711
7249.50732 0.06574
7252.19385 0.04542
7254.88965 0.06312
7257.58252 0.06977
7260.27246 0.05317
7262.96289 0.07545
7265.65527 0.07532
7268.34814 0.06225
7271.03760 0.04211
7273.73291 0.06796
7276.42480 0.08001
7279.11377 0.05819
7281.80762 0.05113
7284.50244 0.03978
7287.19434 0.05578
7289.88281 0.07123
7292.57666 0.05341
7295.26758 0.04644
7297.95947 0.05740
7300.65234 0.06167
7303.34229 0.05898
7306.03662 0.04279
7308.73242 0.07291
7311.42139 0.05316
7314.11133 0.06000
7316.80225 0.04212
7319.49316 0.06126
7322.18652 0.07913
7324.87988 0.05930
7327.57080 0.05866
7330.26270 0.06833
7332.95508 0.04034
7335.64453 0.08111
7338.33936 0.07156
7341.03125 0.06928
7343.72363 0.02413
7346.41699 0.08158
7349.10791 0.17967
7351.79883 0.15410
7354.49170 0.03483
7357.18115 0.04059
7359.87158 0.05948
7362.56689 0.02054
7365.25977 0.05942
7367.94824 0.05412
7370.64307 0.03527
7373.33447 0.05708
7376.02686 0.05608
7378.72021 0.05278
7381.41016 0.06577
7384.10547 0.05257
7386.79346 0.05558
7389.48682 0.06889
7392.18066 0.03513
7394.87158 0.03634
7397.56396 0.06432
7400.25684 0.03803
7402.94678 0.04909
7405.63721 0.06982
7408.32910 0.05664
7411.02197 0.04393
7413.71191 0.06534
7416.40674 0.05675
7419.09863 0.04542
7421.78711 0.03997
7424.48535 0.04465
7427.17578 0.05442
7429.86719 0.04189
7432.55957 0.02400
7435.24902 0.05807
7437.94385 0.04335
7440.63525 0.06671
7443.32715 0.03893
7446.02051 0.07514
7448.71094 0.04714
7451.40625 0.05368
7454.09424 0.04465
7456.78711 0.05066
7459.47705 0.05563
7462.17236 0.05148
7464.86426 0.05563
7467.55273 0.04128
7470.24658 0.05339
7472.93750 0.06635
7475.62939 0.05500
7478.32227 0.04702
7481.01514 0.05031
7483.70605 0.04431
7486.39746 0.04220
7489.08984 0.05358
7491.78320 0.04293
7494.47412 0.05084
7497.16504 0.04558
7499.85742 0.08442
7502.55078 0.05109
7505.24072 0.05106
7507.93506 0.04266
7510.62305 0.07039
7513.32031 0.05876
7516.01025 0.05418
7518.70117 0.07327
7521.39258 0.04272
7524.08496 0.04288
7526.77881 0.05448
7529.46924 0.05238
7532.16504 0.06181
7534.85303 0.06270
7537.54639 0.04161
7540.24072 0.05791
7542.93164 0.06219
7545.62354 0.05501
7548.31299 0.04529
7551.00684 0.07477
7553.69727 0.06852
7556.38965 0.04095
7559.08203 0.07011
7561.77539 0.04062
7564.46582 0.04676
7567.15723 0.06926
7569.85010 0.05353
7572.54346 0.06319
7575.23340 0.06799
7577.92871 0.04769
7580.61670 0.06533
7583.31006 0.05574
7586.00391 0.05287
7588.69434 0.07126
7591.38672 0.06384
7594.07910 0.05827
7596.76465 0.03353
7599.45898 0.04117
7602.15430 0.07047
7604.84717 0.03466
7607.53564 0.04132
7610.23047 0.05261
7612.92578 0.06081
7615.61279 0.03714
7618.30176 0.04398
7620.99561 0.03792
7623.69043 0.04825
7626.37744 0.04755
7629.07031 0.05562
7631.76416 0.05802
7634.45801 0.06151
7637.14941 0.04720
7639.83740 0.05375
7642.53076 0.06532
7645.22852 0.06528
7647.91943 0.06334
7650.60742 0.05411
7653.29980 0.04921
7655.99316 0.06207
7658.68408 0.05376
7661.37549 0.06006
7664.07178 0.05589
7666.76074 0.05593
7669.45068 0.07286
7672.14600 0.03175
7674.83789 0.06238
7677.53027 0.05683
7680.21973 0.02557
7682.91455 0.04455
7685.60205 0.05585
7688.29443 0.04671
7690.99170 0.07000
7693.67725 0.05685
7696.37256 0.06756
7699.06445 0.05034
7701.75781 0.06258
7704.44678 0.04182
7707.14160 0.04882
7709.83301 0.07693
7712.52539 0.02343
7715.21436 0.05424
7717.90869 0.07021
7720.59961 0.05365
7723.29541 0.04872
7725.98438 0.05718
7728.67822 0.05526
7731.36865 0.05727
7734.06006 0.05745
7736.75195 0.05641
7739.44531 0.04244
7742.13525 0.05272
7744.83057 0.05252
7747.52246 0.07138
7750.21533 0.06913
7752.90479 0.07635
7755.59912 0.03864
7758.29053 0.05991
7760.97852 0.07349
7763.67578 0.06281
7766.36572 0.05368
7769.05664 0.02999
7771.74854 0.06372
7774.44092 0.04691
7777.13037 0.03381
7779.82520 0.07419
7782.52051 0.05558
7785.20850 0.05129
7787.90088 0.05162
7790.59473 0.05153
7793.28174 0.03727
7795.97314 0.05198
7798.66553 0.06645
7801.35889 0.05153
7804.04883 0.07450
7806.74414 0.05025
7809.43604 0.04038
7812.12891 0.04763
7814.81836 0.06212
7817.51318 0.06441
7820.20459 0.05293
7822.89648 0.08268
7825.58545 0.07334
7828.27539 0.07132
7830.97070 0.04876
7833.66650 0.05729
7836.35938 0.06080
7839.04785 0.04537
7841.73877 0.06371
7844.42920 0.04512
7847.12109 0.04423
7849.81836 0.05598
7852.50781 0.05352
7855.20312 0.06247
7857.88965 0.05102
7860.58252 0.05695
7863.27490 0.05603
7865.96484 0.03847
7868.66016 0.05813
7871.35156 0.07099
7874.04053 0.05661
7876.73340 0.04996
7879.42822 0.05383
7882.11914 0.07412
7884.81104 0.04109
7887.49951 0.06956
7890.19727 0.06569
7892.88818 0.05121
7895.57959 0.05464
7898.27148 0.06071
7900.96484 0.04782
7903.65430 0.03729
7906.34912 0.05795
7909.03613 0.06609
7911.73340 0.05147
7914.42676 0.02651
7917.11670 0.05188
7919.80713 0.07156
7922.49854 0.04139
7925.19189 0.05583
7927.88037 0.06190
7930.57520 0.05794
7933.26660 0.04627
7935.95410 0.04769
7938.65576 0.04983
7941.34521 0.04895
7944.03516 0.08279
7946.72656 0.08871
7949.41895 0.05631
7952.10791 0.05586
7954.80566 0.04264
7957.49609 0.06127
7960.18359 0.04790
7962.88037 0.04737
7965.56885 0.06500
7968.26367 0.04478
7970.95410 0.05396
7973.64551 0.07336
7976.33838 0.07080
7979.03125 0.04527
7981.72168 0.06096
7984.41211 0.05573
7987.10400 0.09631
7989.80127 0.05190
7992.49463 0.03069
7995.18066 0.06471
7997.87598 0.04187
8000.56348 0.06224
8003.26074 0.04182
8005.94971 0.05087
8008.64453 0.07458
8011.33594 0.06997
8014.02783 0.06777
8016.72119 0.05068
8019.41064 0.04869
8022.10498 0.05364
8024.79639 0.03931
8027.48438 0.03790
8030.17725 0.04325
8032.87549 0.06127
8035.56152 0.07566
8038.25293 0.07128
8040.94580 0.05209
8043.63916 0.03512
8046.32812 0.06561
8049.02344 0.04516
8051.71045 0.04247
8054.40674 0.06811
8057.09619 0.07674
8059.79492 0.05032
8062.48096 0.05594
8065.17676 0.05157
8067.86475 0.04089
8070.56250 0.04447
8073.24805 0.05644
8075.94336 0.04774
8078.63477 0.04416
8081.32715 0.02732
8084.02051 0.06833
8086.71045 0.06758
8089.40137 0.04894
8092.09277 0.06884
8094.79004 0.06319
8097.47852 0.07481
8100.16846 0.05284
8102.85938 0.08155
8105.55566 0.06655
8108.24756 0.06225
8110.94189 0.02490
8113.63184 0.04393
8116.32715 0.04724
8119.01855 0.04227
8121.70654 0.04103
8124.40430 0.04202
8127.08984 0.03884
8129.78076 0.05232
8132.47217 0.04214
8135.16016 0.04110
8137.85352 0.06709
8140.55273 0.05995
8143.24365 0.04256
8145.93066 0.04174
8148.62744 0.04623
8151.31689 0.04734
8154.00684 0.07682
8156.70605 0.05747
8159.39795 0.03909
8162.09082 0.06119
8164.77490 0.03722
8167.46924 0.04478
8170.15527 0.04817
8172.85596 0.05628
8175.53955 0.04931
8178.24170 0.06303
8180.93164 0.06854
8183.62646 0.04415
8186.30908 0.05617
8189.00195 0.05381
8191.69971 0.08592
8194.38867 0.05463
8197.08008 0.03995
8199.77148 0.06019
8202.46387 0.04902
8205.15723 0.04471
8207.84668 0.06418
8210.54199 0.05393
8213.23340 0.05072
8215.91992 0.05402
8218.61816 0.05657
8221.30273 0.05653
8224.00195 0.07630
8226.69336 0.04802
8229.38574 0.05186
8232.07422 0.05726
8234.76855 0.05545
8237.46387 0.07778
8240.15430 0.04894
8242.85059 0.03994
8245.53906 0.03122
8248.22363 0.05219
8250.91406 0.05290
8253.60938 0.05315
8256.30176 0.04866
8258.99414 0.05732
8261.69238 0.06291
8264.38281 0.07169
8267.06836 0.05531
8269.76953 0.03531
8272.45801 0.05986
8275.15137 0.07320
8277.84082 0.04930
8280.53613 0.03816
8283.22754 0.14593
8285.91602 -0.04228
8288.60449 0.02718
8291.30273 0.09921
8293.99414 0.01012
8296.68066 0.04498
8299.37305 0.04018
8302.07031 0.05146
8304.75586 0.03690
8307.45020 0.03710
8310.14648 0.04742
8312.84277 0.05427
8315.53125 0.06472
8318.22461 0.04630
8320.91504 0.04725
8323.60156 0.04817
8326.29395 0.04640
8328.98633 0.06139
8331.67969 0.03281
8334.37402 0.05330
8337.06055 0.05209
8339.75684 0.06300
8342.44434 0.04266
8345.13379 0.04277
8347.83203 0.05460
8350.52246 0.04164
8353.21875 0.03882
8355.91113 0.05543
8358.59473 0.05028
8361.28809 0.04267
8363.98828 0.05320
8366.67480 0.07037
8369.36230 0.05397
8372.06445 0.04524
8374.75391 0.03283
8377.44336 0.04119
8380.13867 0.04393
8382.82129 0.05337
8385.51855 0.04025
8388.21680 0.06488
8390.90625 0.06120
8393.59180 0.03988
8396.29297 0.03575
8398.98047 0.05964
8401.67383 0.05437
8404.36816 0.06587
8407.05762 0.01948
8409.74512 0.04595
8412.44141 0.05441
8415.12500 0.05825
8417.82324 0.03657
8420.51758 0.03668
8423.20898 0.04334
8425.90039 0.03546
8428.58887 0.03824
8431.28223 0.05201
8433.97559 0.04738
8436.66211 0.03341
8439.35742 0.05702
8442.04590 0.05084
8444.74805 0.04145
8447.43750 0.04177
8450.12695 0.02660
8452.81836 0.06473
8455.51074 0.06149
8458.20312 0.06352
8460.89648 0.05354
8463.59082 0.08181
8466.27734 0.04947
8468.97266 0.07037
8471.66113 0.02576
8474.35449 0.02561
8477.04785 0.03361
8479.73828 0.07813
8482.42969 0.05643
8485.12598 0.02781
8487.80957 0.04915
8490.51270 0.04778
8493.19824 0.06524
8495.88867 0.06429
8498.58496 0.06038
8501.27246 0.05071
8503.97070 0.06429
8506.66016 0.01495
8509.34570 0.04902
8512.04199 0.04825
8514.73828 0.04467
8517.42676 0.07344
8520.11621 0.04711
8522.81055 0.05264
8525.50586 0.05265
8528.19727 0.07128
8530.88477 0.07443
8533.57812 0.04333
8536.26758 0.05849
8538.96289 0.03778
8541.65918 0.05752
8544.35059 0.03394
8547.03906 0.06689
8549.73340 0.03609
8552.42188 0.03929
8555.11816 0.04769
8557.80078 0.03361
8560.49219 0.06097
8563.19043 0.04799
8565.88477 0.02763
8568.57031 0.03401
8571.26660 0.05288
8573.96289 0.05425
8576.65039 0.04680
8579.34375 0.07558
8582.03418 0.03574
8584.72461 0.03384
8587.41602 0.06637
8590.10840 0.06672
8592.80176 0.05574
8595.49512 0.05859
8598.18066 0.02831
8600.88086 0.05950
8603.57324 0.04439
8606.26172 0.07139
8608.95410 0.04328
8611.64941 0.04406
8614.33887 0.07457
8617.03027 0.03366
8619.72266 0.04513
8622.41602 0.04170
8625.10449 0.05235
8627.79883 0.06616
8630.49512 0.03478
8633.18164 0.04251
8635.87891 0.04826
8638.56250 0.05964
8641.25684 0.04784
8643.95117 0.03265
8646.64258 0.05784
8649.33984 0.01697
8652.02246 0.04266
8654.71582 0.03480
8657.40527 0.04097
8660.10059 0.04474
8662.79199 0.05390
8665.48926 0.03368
8668.18164 0.03927
8670.87109 0.04475
8673.56641 0.06435
8676.25684 0.05539
8678.94336 0.03924
8681.64551 0.06632
8684.33398 0.04816
8687.02832 0.05169
8689.71777 0.06114
8692.40430 0.05093
8695.09570 0.03308
8697.79297 0.04430
8700.48145 0.05258
8703.17090 0.05646
8705.86621 0.06811
8708.55762 0.05306
8711.25000 0.03536
8713.94238 0.04912
8716.63184 0.07279
8719.33105 0.03569
8722.01172 0.06295
8724.70801 0.04438
8727.40039 0.05183
8730.09375 0.03327
8732.78711 0.06326
8735.47266 0.03249
8738.16797 0.05017
8740.85449 0.04341
8743.55176 0.04183
8746.24023 0.04773
8748.93848 0.05984
8751.62988 0.02707
8754.32031 0.04891
8757.01172 0.05336
8759.70898 0.05592
8762.39844 0.05042
8765.09180 0.06394
8767.78223 0.05727
8770.47754 0.05703
8773.16504 0.05261
8775.85352 0.03710
8778.55078 0.06323
8781.23633 0.02998
8783.93652 0.06810
8786.62695 0.03901
8789.31445 0.03023
8792.00684 0.04998
8794.70117 0.05501
8797.39062 0.04331
8800.08594 0.06757
8802.78223 0.03313
8805.46484 0.05643
8808.16211 0.04470
8810.85156 0.04733
8813.54590 0.02786
8816.23730 0.05986
8818.93262 0.06036
8821.62012 0.03604
8824.31348 0.03137
8827.00781 0.06685
8829.69727 0.05224
8832.38770 0.06667
8835.08398 0.03219
8837.77148 0.04213
8840.45996 0.06245
8843.15820 0.05714
8845.85352 0.05846
8848.53906 0.03011
8851.23047 0.05286
8853.92773 0.07386
8856.62109 0.04179
8859.30566 0.06301
8862.00098 0.06615
8864.69141 0.05068
8867.38770 0.05154
8870.07520 0.05132
8872.76855 0.04105
8875.45801 0.06216
8878.15234 0.04360
8880.84277 0.03496
8883.53516 0.02470
8886.23242 0.06125
8888.91992 0.03950
8891.61914 0.06476
8894.29980 0.05700
8896.99023 0.04891
8899.69238 0.06263
8902.38379 0.03835
8905.07324 0.05516
8907.76660 0.05920
8910.45703 0.03875
8913.14746 0.05157
8915.83984 0.04336
8918.53223 0.05089
8921.21973 0.05185
8923.91406 0.04296
8926.60938 0.03590
8929.30469 0.05577
8931.99707 0.04466
8934.68848 0.05039
8937.37695 0.05819
8940.07129 0.06556
8942.75586 0.07442
8945.45215 0.04928
8948.14355 0.06181
8950.84082 0.05507
8953.52930 0.07732
8956.21289 0.06205
8958.90820 0.05199
8961.59863 0.05409
8964.29004 0.04717
8966.98730 0.04298
8969.68066 0.05287
8972.37402 0.04913
8975.06445 0.06338
8977.75977 0.04626
8980.44629 0.03977
8983.13379 0.07387
8985.82617 0.06648
8988.52051 0.04128
8991.21973 0.04285
8993.90527 0.05140
8996.59668 0.08331
8999.29395 0.05009
9001.98242 0.05084
9004.67578 0.03950
9007.36523 0.04940
9010.06055 0.02663
9012.75195 0.02746
9015.44434 0.04797
9018.13672 0.04497
9020.83105 0.05186
9023.51465 0.06302
9026.20996 0.03918
9028.89648 0.04804
9031.59277 0.04369
9034.29004 0.05872
9036.97949 0.07550
9039.66895 0.05298
9042.35840 0.05352
9045.05469 0.04096
9047.74609 0.04379
9050.43848 0.05200
9053.12695 0.04482
9055.82129 0.04845
9058.51660 0.06141
9061.20215 0.02493
9063.89844 0.04929
9066.58594 0.07393
9069.28418 0.05457
9071.97266 0.05290
9074.66797 0.06284
9077.36328 0.05014
9080.05469 0.03216
9082.74707 0.05021
9085.43457 0.03682
9088.12891 0.05274
9090.82324 0.06264
9093.51367 0.04078
9096.19922 0.03512
9098.89648 0.03878
9101.58887 0.06309
9104.27832 0.05807
9106.97266 0.04494
9109.66309 0.05786
9112.35840 0.06250
9115.04004 0.06325
9117.73828 0.04373
9120.43555 0.06917
9123.12500 0.04601
9125.81543 0.05439
9128.51074 0.04902
9131.20215 0.05834
9133.88965 0.05577
9136.58203 0.05572
9139.27637 0.04990
9141.96680 0.05776
9144.65625 0.05939
9147.35254 0.04531
9150.04980 0.04133
9152.73340 0.06281
9155.42090 0.04878
9158.12109 0.05300
9160.81055 0.03908
9163.50195 0.05354
9166.19922 0.03929
9168.89160 0.08216
9171.58496 0.02756
9174.26855 0.04244
9176.96387 0.05078
9179.64844 0.06114
9182.35059 0.04261
9185.03809 0.06623
9187.73633 0.06060
9190.42480 0.05434
9193.11426 0.06357
9195.80957 0.02868
9198.50098 0.06837
9201.19238 0.04375
9203.88086 0.04584
9206.57422 0.03576
9209.27344 0.04698
9211.95801 0.04661
9214.64941 0.05193
9217.34570 0.03494
9220.03320 0.06237
9222.72656 0.06090
9225.41992 0.02686
9228.10938 0.06876
9230.80078 0.04281
9233.50195 0.04546
9236.18359 0.01679
9238.88184 0.05581
9241.56543 0.03385
9244.26953 0.03073
9246.95410 0.05412
9249.64551 0.05329
9252.33203 0.05427
9255.02930 0.04241
9257.71777 0.03592
9260.41113 0.04038
9263.10645 0.06931
9265.80176 0.07197
9268.48828 0.05604
9271.18555 0.04741
9273.87305 0.03601
9276.56152 0.04845
9279.26172 0.04764
9281.95117 0.05371
9284.64160 0.04514
9287.33301 0.04535
9290.02539 0.06145
9292.72461 0.07000
9295.40820 0.05992
9298.10352 0.06138
9300.79297 0.04002
9303.48438 0.03593
9306.17090 0.05955
9308.87402 0.02762
9311.56348 0.03895
9314.25195 0.05146
9316.94727 0.05209
9319.63770 0.02250
9322.33008 0.05617
9325.02148 0.05611
9327.71484 0.04214
9330.40918 0.03633
9333.09863 0.03541
9335.79395 0.05075
9338.47949 0.04461
9341.17188 0.05469
9343.86426 0.03759
9346.55762 0.05058
9349.24707 0.05956
9351.93652 0.05208
9354.63770 0.05152
9357.32910 0.05428
9360.01562 0.03204
9362.71387 0.06078
9365.39746 0.05816
9368.09766 0.04931
9370.78711 0.03438
9373.47754 0.06480
9376.16992 0.05681
9378.85742 0.06052
9381.55469 0.05152
9384.24414 0.04963
9386.94434 0.05606
9389.62402 0.03937
9392.32520 0.04692
9395.00684 0.04655
9397.70508 0.06811
9400.39844 0.06744
9403.08203 0.04488
9405.77734 0.01112
9408.47266 0.02653
9411.16992 0.04953
9413.85156 0.05320
9416.54980 0.02019
9419.23828 0.06644
9421.93848 0.05012
9424.62305 0.04923
9427.32422 0.06425
9430.00977 0.03621
9432.70312 0.05677
9435.39648 0.05196
9438.08496 0.05008
9440.77930 0.05478
9443.46973 0.03531
9446.15527 0.02762
9448.85156 0.02768
9451.54492 0.05431
9454.23828 0.02878
9456.92676 0.02855
9459.62695 0.05130
9462.31250 0.04989
9465.00293 0.04714
9467.68945 0.05448
9470.38770 0.04555
9473.08203 0.05192
9475.77051 0.05018
9478.45996 0.07745
9481.15625 0.06209
9483.84766 0.05876
9486.54004 0.04357
9489.23242 0.04454
9491.92090 0.05664
9494.62109 0.06494
9497.31055 0.03737
9500.00195 0.03925
9502.68750 0.03785
9505.38477 0.04636
9508.07324 0.07782
9510.76660 0.04653
9513.46582 0.02882
9516.14648 0.04892
9518.84766 0.06327
9521.52832 0.05518
9524.23145 0.04337
9526.91895 0.03888
9529.60742 0.04979
9532.30762 0.05705
9534.99805 0.05893
9537.69336 0.04356
9540.38477 0.04441
9543.06738 0.04745
9545.76562 0.04825
9548.45410 0.04558
9551.14355 0.03945
9553.84473 0.05330
9556.52539 0.05369
9559.22754 0.05290
9561.91992 0.06304
9564.60840 0.04286
9567.29688 0.06493
9569.99121 0.04798
9572.68164 0.05068
9575.37793 0.04394
9578.07520 0.06120
9580.75781 0.04873
9583.45117 0.05996
9586.14453 0.04499
9588.83398 0.05398
9591.52441 0.04693
9594.21582 0.05081
9596.91309 0.04826
9599.60547 0.07937
9602.29883 0.04834
9604.98730 0.06698
9607.67676 0.02921
9610.37305 0.05532
9613.06445 0.04157
9615.75000 0.03266
9618.44824 0.03694
9621.13574 0.06713
9623.83105 0.05943
9626.52539 0.04445
9629.21484 0.05489
9631.90137 0.05203
9634.59277 0.05151
9637.29102 0.05370
9639.98438 0.04493
9642.67285 0.04595
9645.36816 0.04206
9648.05859 0.04467
9650.75391 0.04222
9653.44141 0.06321
9656.13867 0.05912
9658.82715 0.04844
9661.52051 0.05051
9664.20508 0.04866
9666.90137 0.03276
9669.59180 0.05823
9672.28906 0.04762
9674.97559 0.02153
9677.67383 0.05156
9680.36328 0.02466
9683.05762 0.04959
9685.74805 0.05173
9688.43848 0.03616
9691.13086 0.03862
9693.82227 0.04334
9696.51074 0.03456
9699.20508 0.05117
9701.89355 0.05463
9704.58887 0.03607
9707.28027 0.02575
9709.97754 0.04607
9712.66406 0.07316
9715.35742 0.04874
9718.05078 0.07111
9720.74023 0.03407
9723.42969 0.05597
9726.13184 0.05777
9728.82324 0.07276
9731.50977 0.04178
9734.20312 0.04001
9736.89648 0.05235
9739.59082 0.06989
9742.28613 0.04582
9744.97070 0.05385
9747.66797 0.03941
9750.34863 0.03416
9753.04785 0.07834
9755.73535 0.05601
9758.42383 0.03307
9761.12500 0.04873
9763.81543 0.07139
9766.50684 0.04803
9769.20410 0.04972
9771.89062 0.05906
9774.58496 0.05800
9777.26855 0.03879
9779.96289 0.03053
9782.66406 0.03097
9785.34961 0.04792
9788.04688 0.04925
9790.73828 0.04601
9793.42676 0.04103
9796.11523 0.03726
9798.80957 0.04160
9801.50488 0.05531
9804.18555 0.04505
9806.88281 0.02449
9809.57422 0.04892
9812.27344 0.03763
9814.95605 0.06282
9817.65527 0.04483
9820.35059 0.05642
9823.04199 0.03590
9825.72656 0.04351
9828.41992 0.04240
9831.11719 0.05229
9833.81055 0.02434
9836.50000 0.04731
9839.19531 0.04056
9841.88574 0.04146
9844.57129 0.03757
9847.26270 0.04408
9849.96094 0.03049
9852.64844 0.02159
9855.34277 0.04164
9858.03223 0.04415
9860.72168 0.04915
9863.41309 0.04797
9866.10938 0.03722
9868.80176 0.05211
9871.49414 0.06194
9874.18848 0.06157
9876.87207 0.06200
9879.56738 0.05325
9882.26367 0.04169
9884.95410 0.04614
9887.64160 0.04577
9890.32910 0.06338
9893.02734 0.04833
9895.71582 0.05778
9898.40527 0.05409
9901.10156 0.07707
9903.80273 0.03812
9906.48926 0.05890
9909.18164 0.03221
9911.87500 0.04809
9914.56836 0.02865
9917.26270 0.05245
9919.94727 0.03168
9922.64355 0.06735
9925.33008 0.03776
9928.02148 0.06738
9930.71973 0.05767
9933.40820 0.06817
9936.09668 0.05223
9938.79102 0.02551
9941.48242 0.04985
9944.17285 0.03499
9946.87012 0.04721
9949.56836 0.04633
9952.25000 0.04829
9954.95020 0.02828
9957.63379 0.04668
9960.32910 0.04745
9963.01953 0.04657
9965.70508 0.06319
9968.40820 0.06279
9971.09570 0.04915
9973.78906 0.04916
9976.48340 0.05228
9979.17871 0.03295
9981.86816 0.06209
9984.55469 0.06841
9987.24609 0.03890
9989.94336 0.03161
9992.63184 0.03216
9995.32520 0.06671
9998.01953 0.05304
10000.70996 0.04220
10003.39551 0.03031
10006.09668 0.04984
10008.78906 0.05659
10011.47656 0.07053
10014.16992 0.03667
10016.85840 0.04600
10019.55371 0.03824
10022.24902 0.05184
10024.93457 0.03105
10027.62500 0.03084
10030.31250 0.03255
10033.01660 0.06281
10035.70508 0.04751
10038.39355 0.04403
10041.09473 0.04287
10043.78418 0.04177
10046.47559 0.03440
10049.16211 0.01747
10051.85449 0.04270
10054.54785 0.05010
10057.24219 0.05071
10059.94238 0.07571
10062.62598 0.05149
10065.32324 0.02926
10068.00879 0.03658
10070.69531 0.04002
10073.39941 0.04461
10076.08691 0.02624
10078.77539 0.03767
10081.47070 0.02563
10084.16113 0.07893
10086.85645 0.04678
10089.53809 0.06769
10092.22949 0.03184
10094.92773 0.04260
10097.61719 0.03424
10100.31055 0.05650
10103.00098 0.04415
10105.69727 0.06062
10108.38770 0.03618
10111.07910 0.03091
10113.76660 0.04819
10116.45898 0.05153
10119.15332 0.03921
10121.84277 0.04985
10124.53809 0.04938
10127.23438 0.03725
10129.92480 0.04028
10132.61133 0.03639
10135.30957 0.04380
10137.99805 0.06344
10140.69727 0.05061
10143.38086 0.04531
10146.07617 0.03180
10148.76074 0.04195
10151.46387 0.05536
10154.15039 0.05970
10156.84863 0.05209
10159.53125 0.04075
10162.22559 0.05312
10164.91992 0.05322
10167.61621 0.04531
10170.30078 0.03872
10172.99805 0.02581
10175.68457 0.04157
10178.38379 0.04148
10181.07715 0.04907
10183.76660 0.03063
10186.44922 0.05299
10189.14551 0.06329
10191.83594 0.05259
10194.52832 0.02001
10197.22559 0.06207
10199.91895 0.04759
10202.60156 0.05304
10205.30176 0.06506
10207.99121 0.03307
10210.68750 0.05056
10213.37793 0.06772
10216.06445 0.03121
10218.76172 0.03975
10221.44922 0.04327
10224.14355 0.03972
10226.84375 0.03188
10229.53320 0.04712
10232.21777 0.05774
10234.90820 0.03883
10237.60059 0.04996
10240.29883 0.02358
10242.98047 0.02529
10245.67969 0.04004
10248.36914 0.05260
10251.06445 0.04170
10253.75391 0.05002
10256.44531 0.06009
10259.13770 0.04963
10261.83594 0.03411
10264.52246 0.06604
10267.22266 0.02516
10269.90039 0.03856
10272.59570 0.05415
10275.29102 0.03858
10277.98242 0.04323
10280.67383 0.06346
10283.36719 0.03826
10286.05371 0.05978
10288.75391 0.03910
10291.44238 0.06784
10294.13281 0.04560
10296.82227 0.05983
10299.52539 0.04841
10302.21680 0.05477
10304.91016 0.01473
10307.58594 0.06307
10310.28516 0.02958
10312.97363 0.05184
10315.67480 0.04455
10318.35938 0.04396
10321.05664 0.04754
10323.74219 0.03275
10326.44043 0.05807
10329.12793 0.05658
10331.82129 0.04360
10334.51074 0.04950
10337.20020 0.04545
10339.90137 0.03091
10342.58691 0.04470
10345.27930 0.04496
10347.97070 0.06087
10350.66406 0.06469
10353.36328 0.05584
10356.04688 0.06387
10358.74707 0.04850
10361.43262 0.03568
10364.12891 0.04345
10366.81445 0.05061
10369.50684 0.02925
10372.19434 0.03160
10374.88770 0.04908
10377.57617 0.04205
10380.27148 0.04795
10382.96777 0.06076
10385.65820 0.06433
10388.35547 0.06179
10391.04688 0.05159
10393.73438 0.06832
10396.42773 0.03898
10399.12207 0.03440
10401.81738 0.04385
10404.50684 0.06141
10407.19824 0.06246
10409.88281 0.04726
10412.58691 0.06503
10415.27344 0.05694
10417.97266 0.04737
10420.66113 0.03403
10423.34473 0.05824
10426.04004 0.03883
10428.73633 0.04539
10431.43359 0.02805
10434.11328 0.05136
10436.81250 0.03339
10439.50000 0.04668
10442.18750 0.06523
10444.88770 0.04260
10447.57812 0.05893
10450.26855 0.06429
10452.96484 0.05105
10455.65039 0.05540
10458.34863 0.05819
10461.03613 0.04133
10463.73047 0.06408
10466.41895 0.03715
10469.11426 0.04517
10471.80957 0.05845
10474.49414 0.06926
10477.19141 0.04943
10479.88379 0.03613
10482.56543 0.05471
10485.27051 0.04870
10487.95898 0.05651
10490.64844 0.07395
10493.34375 0.03276
10496.03418 0.04056
10498.72559 0.06616
10501.42383 0.05100
10504.11035 0.04339
10506.79785 0.04598
10509.49805 0.04332
10512.18652 0.04723
10514.87598 0.02009
10517.56641 0.03990
10520.25781 0.04394
10522.95508 0.04043
10525.64746 0.01659
10528.33398 0.04626
10531.02246 0.05412
10533.71680 0.03523
10536.41211 0.03209
10539.10254 0.04367
10541.79883 0.05873
10544.49609 0.07248
10547.18164 0.06070
10549.87500 0.04236
10552.56250 0.03777
10555.26270 0.05008
10557.94629 0.03178
10560.64746 0.06367
10563.33691 0.06980
10566.02832 0.04026
10568.71484 0.05792
10571.40723 0.06483
10574.09961 0.05129
10576.78809 0.04822
10579.48242 0.04323
10582.17773 0.03354
10584.86816 0.04688
10587.55859 0.04306
10590.25586 0.03779
10592.94238 0.04761
10595.64062 0.02966
10598.32910 0.04764
10601.01660 0.06277
10603.70605 0.06679
10606.40723 0.04933
10609.09863 0.03166
10611.78906 0.03410
10614.48047 0.04836
10617.17969 0.06195
10619.86035 0.06834
10622.55469 0.05394
10625.24902 0.05561
10627.94434 0.01718
10630.63379 0.02662
10633.32520 0.04272
10636.01660 0.05691
10638.70312 0.05590
10641.40723 0.05166
10644.09473 0.03367
10646.78320 0.04408
10649.47168 0.07087
10652.16797 0.06146
10654.85742 0.04419
10657.55469 0.05860
10660.24023 0.05841
10662.93945 0.05450
10665.62598 0.08689
10668.31934 0.06266
10671.02051 0.05215
10673.70996 0.03042
10676.38770 0.05193
10679.08984 0.04636
10681.78125 0.04312
10684.46680 0.05277
10687.15918 0.04262
10689.85840 0.04693
10692.54688 0.04814
10695.24121 0.02654
10697.92578 0.04745
10700.62109 0.03776
10703.31836 0.03689
10706.01562 0.06056
10708.69629 0.05160
10711.38867 0.03774
10714.07617 0.04812
10716.77637 0.05701
10719.46582 0.04629
10722.15527 0.03879
10724.85742 0.06186
10727.54883 0.02286
10730.23438 0.06438
10732.92676 0.06122
10735.61914 0.04979
10738.31348 0.06118
10741.00781 0.05203
10743.70215 0.06825
10746.38672 0.04766
10749.08301 0.05070
10751.76855 0.04196
10754.45996 0.04747
10757.14746 0.05635
10759.84570 0.04581
10762.54004 0.03878
10765.22852 0.05002
10767.91797 0.07935
10770.61914 0.05750
10773.31055 0.02822
10776.00781 0.04411
10778.68750 0.03238
10781.38086 0.01319
10784.07422 0.05041
10786.76855 0.05587
10789.46289 0.04405
10792.14648 0.07234
10794.84766 0.04719
10797.53320 0.06392
10800.21875 0.02867
10802.92285 0.04123
10805.60938 0.04993
10808.30371 0.03161
10810.99121 0.03586
10813.67969 0.05970
10816.37598 0.02226
10819.06641 0.05002
10821.76270 0.02127
10824.45410 0.03813
10827.15234 0.04206
10829.83301 0.03629
10832.53320 0.03348
10835.22656 0.02708
10837.91602 0.01515
10840.61133 0.04408
10843.30273 0.04147
10845.99316 0.03613
10848.67871 0.02999
10851.38281 0.03803
10854.07031 0.04513
10856.76367 0.01953
10859.45801 0.04521
10862.14648 0.05665
10864.83105 0.04667
10867.52637 0.03101
10870.22363 0.03460
10872.91602 0.04187
10875.60254 0.05264
10878.30176 0.06101
10880.98828 0.03305
10883.67773 0.06013
10886.37207 0.05889
10889.06152 0.03571
10891.75195 0.07524
10894.44336 0.02133
10897.13574 0.02373
10899.82715 0.03410
10902.52051 0.05271
10905.21387 0.04441
10907.90820 0.06421
10910.59766 0.06098
10913.29297 0.01406
10915.97754 0.04433
10918.67480 0.06461
10921.36035 0.04661
10924.05859 0.05090
10926.74609 0.03157
10929.43945 0.04304
10932.13379 0.02504
10934.83496 0.04423
10937.52441 0.05427
10940.21484 0.04024
10942.90527 0.05090
10945.59766 0.04825
10948.28906 0.05378
10950.97656 0.04804
10953.66992 0.05442
10956.36523 0.03139
10959.04785 0.02457
10961.74316 0.03592
10964.43359 0.06925
10967.13672 0.04651
10969.82227 0.05523
10972.50781 0.03917
10975.20703 0.06696
10977.90039 0.07727
10980.58887 0.04995
10983.27832 0.04704
10985.97363 0.03726
10988.66406 0.05041
10991.36035 0.05586
10994.04590 0.05831
10996.73828 0.04288
10999.43750 0.04243
11002.11816 0.05148
11004.81836 0.02670
11007.50098 0.03775
11010.20312 0.05031
11012.89258 0.04028
11015.58984 0.03257
11018.28125 0.04265
11020.97266 0.05152
11023.65918 0.04327
11026.35352 0.07151
11029.04199 0.06365
11031.74121 0.05291
11034.43066 0.05394
11037.11523 0.04127
11039.81250 0.05266
11042.50293 0.06352
11045.18848 0.06839
11047.89355 0.06275
11050.58691 0.04511
11053.27441 0.03389
11055.96289 0.06334
11058.65234 0.04781
11061.34766 0.03930
11064.04395 0.04748
11066.73633 0.02531
11069.42676 0.04573
11072.11328 0.04822
11074.80664 0.04623
11077.50684 0.05149
11080.20117 0.04413
11082.88379 0.02797
11085.57812 0.03529
11088.26953 0.04632
11090.95996 0.03704
11093.65820 0.03681
11096.34375 0.04089
11099.03027 0.03541
11101.73047 0.05756
11104.42480 0.02815
11107.11328 0.03973
11109.80273 0.05164
11112.49316 0.03127
11115.18848 0.05199
11117.88086 0.03490
11120.57324 0.04522
11123.26465 0.05383
11125.95312 0.05632
11128.64648 0.05114
11131.34082 0.03922
11134.03027 0.07101
11136.72559 0.02610
11139.41699 0.05330
11142.11426 0.03866
11144.79980 0.04011
11147.49121 0.04704
11150.18457 0.06210
11152.87109 0.03612
11155.57227 0.06596
11158.26758 0.04849
11160.95605 0.05400
11163.64062 0.04117
11166.33105 0.02958
11169.02832 0.05191
11171.72656 0.04448
11174.40723 0.05949
11177.10059 0.04853
11179.79492 0.05836
11182.48926 0.05739
11185.17285 0.04317
11187.88184 0.04686
11190.56543 0.04044
11193.25586 0.04527
11195.94824 0.03945
11198.63477 0.06487
11201.32812 0.05051
11204.01465 0.03207
11206.71582 0.05956
11209.40430 0.06199
11212.10059 0.04966
11214.79590 0.06516
11217.48145 0.04695
11220.17188 0.04688
11222.86426 0.04684
11225.56445 0.03417
11228.24414 0.05628
11230.95020 0.05939
11233.63379 0.04559
11236.32227 0.04567
11239.01855 0.04297
11241.71484 0.05263
11244.40625 0.05616
11247.10352 0.03846
11249.79004 0.03539
11252.48340 0.04874
11255.17090 0.06015
11257.86523 0.03253
11260.55469 0.04132
11263.24414 0.04701
11265.93945 0.04416
11268.63086 0.07758
11271.32129 0.08431
11274.00781 0.01902
11276.71289 0.03431
11279.39941 0.05779
11282.08789 0.06376
11284.79395 0.02982
11287.47656 0.05414
11290.16602 0.03179
11292.86328 0.04319
11295.54102 0.05408
11298.23926 0.05203
11300.93164 0.03294
11303.62500 0.07113
11306.32324 0.05975
11309.00586 0.05275
11311.70703 0.04542
11314.38965 0.05915
11317.08594 0.03477
11319.77637 0.07366
11322.46094 0.03242
11325.16602 0.05530
11327.85742 0.04231
11330.54492 0.06913
11333.23828 0.07853
11335.92578 0.06389
11338.62207 0.07608
11341.31152 0.04134
11344.00684 0.06859
11346.69824 0.04015
11349.39453 0.06112
11352.08008 0.03973
11354.77344 0.02903
11357.45996 0.04745
11360.16016 0.05452
11362.86133 0.05526
11365.54395 0.05313
11368.23340 0.04969
11370.92285 0.04184
11373.62012 0.04920
11376.31250 0.05458
11379.00391 0.04106
11381.69629 0.02850
11384.38379 0.03235
11387.08398 0.03581
11389.77246 0.05182
11392.46094 0.05890
11395.15039 0.05881
11397.84766 0.05819
11400.54492 0.05000
11403.22949 0.05796
11405.92773 0.03524
11408.60840 0.04557
11411.30273 0.06779
11413.99609 0.03137
11416.69043 0.05012
11419.37305 0.04677
11422.08203 0.07054
11424.76660 0.03936
11427.46387 0.06437
11430.15527 0.07425
11432.83496 0.04442
11435.52734 0.04371
11438.22754 0.04053
11440.91602 0.05677
11443.61719 0.02164
11446.29980 0.06857
11448.99512 0.02811
11451.67969 0.06880
11454.38379 0.04509
11457.06934 0.04687
11459.76758 0.06674
11462.46094 0.05270
11465.14746 0.04668
11467.83594 0.04693
11470.52344 0.07608
11473.21973 0.03326
11475.90918 0.01070
11478.60645 0.02204
11481.29004 0.06065
11483.98828 0.06396
11486.68066 0.11115
11489.38086 0.04715
11492.06055 0.06213
11494.76172 0.05376
11497.45020 0.06258
11500.13965 0.04308
11502.83496 0.04166
11505.52539 0.07726
11508.21680 0.04475
11510.90234 0.05865
11513.59473 0.02904
11516.30078 0.06344
11518.98730 0.07460
11521.68164 0.05609
11524.37012 0.04758
11527.06543 0.04749
11529.75000 0.03500
11532.44531 0.04026
11535.14258 0.02663
11537.83496 0.06232
11540.52051 0.06349
11543.21387 0.04291
11545.90039 0.05905
11548.60156 0.03070
11551.28906 0.04462
11553.97852 0.05384
11556.67480 0.05759
11559.36523 0.02999
11562.05566 0.04160
11564.74805 0.03639
11567.44043 0.04988
11570.12695 0.06029
11572.82031 0.03177
11575.51953 0.04618
11578.20898 0.04785
11580.90430 0.04436
11583.58691 0.07025
11586.28418 0.04784
11588.98145 0.04037
11591.66699 0.05501
11594.36523 0.02701
11597.05078 0.06063
11599.75000 0.05414
11602.43848 0.03037
11605.13281 0.03853
11607.81543 0.04116
11610.51855 0.05811
11613.20801 0.05557
11615.89844 0.04998
11618.59668 0.05257
11621.27539 0.06235
11623.96777 0.06326
11626.66797 0.05768
11629.35547 0.04896
11632.04980 0.04393
11634.73828 0.04888
11637.43457 0.03754
11640.11816 0.05201
11642.82031 0.05270
11645.50586 0.06811
11648.20508 0.06921
11650.89648 0.06583
11653.57715 0.04910
11656.27051 0.04703
11658.96484 0.04492
11661.66602 0.04863
11664.35547 0.02548
11667.05078 0.03932
11669.73535 0.05655
11672.42090 0.05837
11675.11816 0.05195
11677.81641 0.03300
11680.50977 0.03849
11683.18945 0.05585
11685.89062 0.06107
11688.57910 0.03528
11691.27539 0.04801
11693.96484 0.07509
11696.66016 0.03870
11699.34570 0.01464
11702.03613 0.06184
11704.72852 0.03847
11707.42188 0.04240
11710.12109 0.06435
11712.81445 0.05340
11715.49609 0.04418
11718.18555 0.03272
11720.88184 0.04259
11723.57715 0.05400
11726.27441 0.04859
11728.96582 0.05369
11731.65039 0.05340
11734.34961 0.07951
11737.03613 0.03873
11739.72949 0.05778
11742.41699 0.04312
11745.11816 0.04646
11747.80762 0.03447
11750.49023 0.05341
11753.18164 0.04422
11755.87891 0.03443
11758.57031 0.03345
11761.26953 0.07358
11763.94922 0.04656
11766.65527 0.08038
11769.33594 0.06083
11772.03027 0.03396
11774.72656 0.03974
11777.42188 0.04625
11780.10547 0.04174
11782.80273 0.05248
11785.48730 0.08390
11788.18457 0.05105
11790.87207 0.05350
11793.57129 0.04110
11796.26465 0.04236
11798.94629 0.04067
11801.63477 0.01390
11804.34375 0.05602
11807.03320 0.04552
11809.72168 0.04153
11812.41406 0.04771
11815.10449 0.05369
11817.80371 0.05456
11820.48340 0.04237
11823.18359 0.04756
11825.87109 0.03014
11828.56445 0.05584
11831.25391 0.05111
11833.95020 0.05131
11836.63965 0.05480
11839.33691 0.04555
11842.02051 0.05656
11844.70605 0.06832
11847.41211 0.04399
11850.09766 0.03904
11852.79199 0.02447
11855.48535 0.04979
11858.16699 0.05855
11860.86328 0.06652
11863.55273 0.05560
11866.25000 0.04589
11868.94727 0.04392
11871.63770 0.03895
11874.32910 0.05336
11877.01660 0.03711
11879.70996 0.04869
11882.39648 0.07352
11885.09766 0.05285
11887.78516 0.04107
11890.48145 0.03722
11893.17090 0.03969
11895.86816 0.04125
11898.55176 0.05832
11901.24414 0.04993
11903.93652 0.04655
11906.62793 0.04169
11909.32129 0.05322
11912.01562 0.03447
11914.70410 0.04125
11917.39160 0.04415
11920.08789 0.06094
11922.78418 0.04778
11925.46777 0.05404
11928.16699 0.03138
11930.86328 0.05010
11933.55078 0.05503
11936.24902 0.05708
11938.93555 0.04512
11941.62988 0.04900
11944.31152 0.03976
11947.00781 0.06175
11949.70410 0.05299
11952.39258 0.05896
11955.08398 0.05555
11957.77441 0.04559
11960.47266 0.04572
11963.16602 0.06236
11965.85840 0.02803
11968.55273 0.03571
11971.24609 0.06162
11973.92773 0.05930
11976.61719 0.04232
11979.31250 0.05785
11981.99707 0.03107
11984.69434 0.03943
11987.38477 0.07176
11990.08301 0.05060
11992.76855 0.01092
11995.46875 0.05411
11998.15527 0.04417
12000.84961 0.06943
12003.53809 0.05829
12006.24023 0.04373
12008.92969 0.02856
12011.62695 0.04142
12014.31738 0.06445
12017.00879 0.06325
12019.69336 0.07166
12022.38672 0.05187
12025.07910 0.05101
12027.77344 0.06070
12030.46191 0.06232
12033.15625 0.07110
12035.85254 0.04176
12038.53516 0.04501
12041.22461 0.07033
12043.92188 0.05297
12046.60742 0.04817
12049.29883 0.05898
12051.99805 0.02792
12054.69043 0.05823
12057.37793 0.04264
12060.07227 0.04712
12062.75977 0.06949
12065.45605 0.07629
12068.14551 0.06758
12070.84277 0.06259
12073.53320 0.05915
12076.23047 0.05066
12078.90918 0.05914
12081.60938 0.04910
12084.30273 0.04732
12086.98926 0.04193
12089.69043 0.03331
12092.37207 0.04487
12095.05957 0.05514
12097.76367 0.05468
12100.45312 0.03860
12103.14355 0.03299
12105.84277 0.03607
12108.53418 0.04737
12111.22656 0.05307
12113.91992 0.03563
12116.60645 0.02770
12119.30078 0.03771
12121.99512 0.02370
12124.69141 0.03905
12127.36816 0.06459
12130.06348 0.04960
12132.76074 0.02530
12135.44531 0.06128
12138.14355 0.06384
12140.83008 0.05850
12143.52246 0.04644
12146.20996 0.04706
12148.91016 0.04167
12151.59863 0.05892
12154.28711 0.04170
12156.99023 0.04637
12159.68555 0.08084
12162.37695 0.05998
12165.06152 0.04765
12167.75293 0.06365
12170.44629 0.06692
12173.13770 0.05251
12175.83105 0.04632
12178.51270 0.04611
12181.20703 0.06979
12183.90234 0.02656
12186.59766 0.08465
12189.28027 0.03449
12191.98438 0.04882
12194.67676 0.05987
12197.37402 0.06216
12200.05859 0.05707
12202.74609 0.04954
12205.44531 0.06195
12208.13281 0.04606
12210.82031 0.06866
12213.50879 0.04382
12216.20410 0.05404
12218.90137 0.07331
12221.59082 0.05128
12224.28125 0.05323
12226.97363 0.06000
12229.66602 0.04645
12232.36426 0.04786
12235.05762 0.05329
12237.73730 0.05000
12240.43848 0.04138
12243.12695 0.05062
12245.82227 0.04790
12248.51855 0.04343
12251.20117 0.02198
12253.89160 0.04883
12256.59082 0.06377
12259.27637 0.04664
12261.97461 0.05439
12264.66113 0.03713
12267.35449 0.06239
12270.04102 0.04084
12272.74219 0.06843
12275.42480 0.05549
12278.12109 0.07848
12280.81738 0.07565
12283.50781 0.03510
12286.19824 0.05408
12288.89648 0.04582
12291.57617 0.05724
12294.27441 0.04954
12296.96094 0.05351
12299.66211 0.05533
12302.34863 0.04925
12305.04492 0.03052
12307.73340 0.05157
12310.43652 0.04871
12313.12598 0.07226
12315.81055 0.05381
12318.50098 0.04459
12321.18652 0.06601
12323.87793 0.05435
12326.58594 0.06147
12329.26465 0.05021
12331.95898 0.03575
12334.65430 0.07171
12337.34375 0.05800
12340.04590 0.04699
12342.73535 0.03858
12345.41895 0.04981
12348.11621 0.05423
12350.80078 0.04993
12353.50098 0.05867
12356.18555 0.04785
12358.88574 0.05553
12361.57227 0.04125
12364.26758 0.04964
12366.96289 0.03780
12369.65137 0.07835
12372.34082 0.04930
12375.03125 0.06423
12377.72852 0.03176
12380.41211 0.07003
12383.10449 0.03378
12385.79590 0.03270
12388.49609 0.04859
12391.18945 0.03582
12393.88379 0.03089
12396.57227 0.04779
12399.25977 0.03097
12401.95605 0.05674
12404.65234 0.06871
12407.33594 0.04653
12410.02051 0.03391
12412.72559 0.06428
12415.40918 0.03275
12418.10938 0.02941
12420.79590 0.04593
12423.48926 0.02680
12426.17773 0.02172
12428.86523 0.06775
12431.57422 0.06800
12434.26270 0.04775
12436.95312 0.05411
12439.63574 0.03281
12442.33496 0.04603
12445.02539 0.04895
12447.71875 0.04913
12450.41016 0.05828
12453.09668 0.05526
12455.79004 0.04745
12458.48535 0.04391
12461.18066 0.04622
12463.87598 0.03552
12466.55859 0.04941
12469.25586 0.05704
12471.95312 0.04786
12474.63672 0.06054
12477.33594 0.05983
12480.02734 0.05972
12482.71387 0.05462
12485.40723 0.05083
12488.09375 0.04426
12490.78906 0.06071
12493.48340 0.03880
12496.17285 0.05404
12498.86914 0.05963
12501.56641 0.05293
12504.24316 0.07484
12506.94043 0.06658
12509.63965 0.04978
12512.31836 0.04678
12515.01758 0.05271
12517.70508 0.07041
12520.39941 0.05538
12523.09375 0.04289
12525.78809 0.05234
12528.47754 0.05347
12531.16699 0.05443
12533.86426 0.06396
12536.55469 0.06593
12539.24609 0.04799
12541.93750 0.04287
12544.63086 0.07958
12547.32324 0.06603
12550.01758 0.03036
12552.70410 0.05359
12555.40527 0.07611
12558.09473 0.04946
12560.77637 0.05529
12563.47363 0.03840
12566.17090 0.07025
12568.85352 0.04754
12571.55176 0.03019
12574.23730 0.06363
12576.93652 0.04211
12579.62305 0.06565
12582.32227 0.06976
12585.01074 0.05047
12587.69922 0.07524
12590.38672 0.07492
12593.08887 0.05895
12595.77832 0.04221
12598.47559 0.04387
12601.16699 0.04687
12603.85156 0.05684
12606.55078 0.03459
12609.24219 0.06142
12611.92090 0.04417
12614.62207 0.05883
12617.30957 0.05896
12620.01172 0.05418
12622.69336 0.05442
12625.38867 0.07302
12628.07812 0.03731
12630.77539 0.04739
12633.46680 0.04096
12636.15723 0.04644
12638.84277 0.04898
12641.54883 0.07116
12644.23438 0.06904
12646.92773 0.07450
12649.61523 0.04752
12652.31055 0.04579
12654.99805 0.03933
12657.68750 0.05458
12660.38379 0.03715
12663.07324 0.06630
12665.77148 0.05409
12668.46191 0.05120
12671.15430 0.04665
12673.85352 0.06358
12676.53320 0.06440
12679.23242 0.06021
12681.92676 0.04666
12684.61426 0.05797
12687.30957 0.03383
12689.99805 0.05058
12692.68066 0.06631
12695.37793 0.05461
12698.07520 0.05558
12700.75879 0.05531
12703.46387 0.06335
12706.14941 0.06199
12708.84277 0.05157
12711.52930 0.03190
12714.22266 0.05168
12716.91797 0.05240
12719.61230 0.04148
12722.30176 0.03035
12724.99121 0.07086
12727.68652 0.05173
12730.37109 0.05965
12733.06836 0.04890
12735.75977 0.05229
12738.45215 0.04491
12741.14551 0.04571
12743.83105 0.01698
12746.52539 0.06006
12749.21875 0.06079
12751.91504 0.05169
12754.60254 0.05264
12757.29199 0.06477
12759.99609 0.05361
12762.68555 0.06618
12765.37598 0.07045
12768.06152 0.07127
12770.75977 0.05206
12773.44531 0.04565
12776.14551 0.04984
12778.83203 0.03732
12781.52637 0.05980
12784.22070 0.04938
12786.90234 0.03423
12789.59668 0.04353
12792.29395 0.05542
12794.99121 0.07387
12797.67480 0.07295
12800.37305 0.06004
12803.05664 0.05594
12805.75684 0.05998
12808.45020 0.05667
12811.12891 0.03827
12813.83691 0.06002
12816.51660 0.06608
12819.21289 0.04516
12821.90137 0.06246
12824.58984 0.05435
12827.29395 0.04752
12829.98438 0.07869
12832.67578 0.07039
12835.35938 0.04375
12838.05176 0.05947
12840.74316 0.07617
12843.44434 0.05067
12846.13086 0.04594
12848.83301 0.07043
12851.51270 0.06173
12854.20898 0.05855
12856.88965 0.06094
12859.59375 0.04686
12862.28320 0.04534
12864.97363 0.06002
12867.66602 0.06012
12870.36426 0.03518
12873.05664 0.04516
12875.74219 0.06142
12878.43555 0.04408
12881.12207 0.05024
12883.82422 0.05741
12886.51855 0.05590
12889.20703 0.03537
12891.90430 0.04723
12894.59375 0.05264
12897.27637 0.05678
12899.97461 0.04218
12902.65918 0.05463
12905.35742 0.05414
12908.05078 0.04252
12910.73633 0.07708
12913.42969 0.08297
12916.11719 0.04970
12918.81836 0.05350
12921.50000 0.06069
12924.20312 0.06529
12926.88574 0.05966
12929.58887 0.04389
12932.28027 0.04581
12934.96387 0.06318
12937.65430 0.07417
12940.33984 0.05427
12943.04688 0.05021
12945.74023 0.04204
12948.42676 0.06384
12951.12109 0.03669
12953.81543 0.06443
12956.49707 0.04824
12959.19336 0.07886
12961.88281 0.05423
12964.58008 0.06179
12967.27832 0.05100
12969.96191 0.06182
12972.66113 0.05018
12975.34668 0.02852
12978.03809 0.03814
12980.72461 0.06252
12983.41992 0.06626
12986.11426 0.07108
12988.81543 0.04360
12991.49707 0.03664
12994.18652 0.06743
12996.88379 0.07677
12999.56641 0.03894
13002.27148 0.06989
13004.96973 0.06159
13007.65430 0.08381
13010.34766 0.04993
13013.03320 0.04698
13015.73242 0.02424
13018.41309 0.04546
13021.10742 0.04452
13023.80371 0.05306
13026.49902 0.05516
13029.18066 0.06478
13031.87793 0.05569
13034.57520 0.05667
13037.25781 0.05449
13039.95605 0.06692
13042.64844 0.06191
13045.33398 0.05307
13048.03516 0.04839
13050.72070 0.04948
13053.41504 0.04975
13056.10938 0.07212
13058.80566 0.08692
13061.49316 0.05699
13064.18262 0.04863
13066.87207 0.07335
13069.57129 0.05586
13072.25391 0.05111
13074.95215 0.06212
13077.64453 0.03910
13080.33789 0.06327
13083.02246 0.04234
13085.71582 0.05589
13088.41113 0.06241
13091.09863 0.05433
13093.79297 0.07438
13096.49707 0.06941
13099.17188 0.06193
13101.87598 0.03960
13104.56641 0.06251
13107.24902 0.05733
13109.94824 0.05867
13112.63965 0.05788
13115.33301 0.06087
13118.01172 0.04534
13120.71973 0.05019
13123.41406 0.05890
13126.10156 0.05728
13128.78906 0.05992
13131.48535 0.06496
13134.18262 0.03917
13136.86328 0.02595
13139.54785 0.07959
13142.24512 0.05924
13144.94336 0.06702
13147.63574 0.06357
13150.32129 0.05720
13153.01465 0.06263
13155.71582 0.04579
13158.39453 0.05268
13161.09668 0.05922
13163.78516 0.04982
13166.48730 0.05329
13169.16992 0.04224
13171.85938 0.04459
13174.55664 0.05377
13177.24707 0.09024
13179.93164 0.04913
13182.62305 0.07167
13185.31641 0.06114
13188.00879 0.04566
13190.69531 0.05830
13193.38965 0.05144
13196.08496 0.05811
13198.77930 0.04374
13201.47559 0.04972
13204.16406 0.07540
13206.85352 0.06443
13209.55078 0.05460
13212.25000 0.06061
13214.92578 0.06874
13217.62402 0.04061
13220.32422 0.06638
13223.00977 0.04759
13225.71094 0.04814
13228.38965 0.08034
13231.07812 0.05675
13233.78027 0.04818
13236.47461 0.05106
13239.16406 0.06659
13241.84668 0.06783
13244.55078 0.06841
13247.24121 0.05393
13249.93262 0.06521
13252.63184 0.07739
13255.31641 0.06181
13258.00977 0.04810
13260.69434 0.06592
13263.38965 0.05164
13266.08301 0.05965
13268.77051 0.04603
13271.46680 0.05404
13274.15430 0.06295
13276.85156 0.05096
13279.53516 0.05091
13282.23828 0.08905
13284.91504 0.04733
13287.61426 0.06929
13290.30664 0.05440
13293.00684 0.05584
13295.69141 0.05000
13298.38477 0.07565
13301.08008 0.06744
13303.76660 0.07174
13306.46191 0.07081
13309.15039 0.04974
13311.84668 0.05032
13314.53711 0.06556
13317.22656 0.05756
13319.91699 0.05475
13322.61523 0.05227
13325.30762 0.06193
13328.00000 0.07893
13330.68457 0.04640
13333.37988 0.06175
13336.07324 0.06002
13338.75977 0.06930
13341.45508 0.04854
13344.15039 0.08332
13346.83984 0.04964
13349.54297 0.05535
13352.22559 0.06484
13354.92285 0.05539
13357.60742 0.07314
13360.29980 0.06327
13362.99121 0.07257
13365.69141 0.04339
13368.38477 0.04365
13371.07031 0.06452
13373.75684 0.08630
13376.45117 0.06446
13379.13965 0.05049
13381.83496 0.08016
13384.53223 0.05401
13387.22168 0.06318
13389.91895 0.06505
13392.60156 0.04247
13395.30078 0.04751
13397.98535 0.06237
13400.68555 0.06057
13403.37109 0.06273
13406.06445 0.06187
13408.75000 0.04156
13411.45215 0.06093
13414.14062 0.05811
13416.84277 0.05766
13419.52441 0.04723
13422.21387 0.03534
13424.91113 0.02695
13427.60059 0.07247
13430.29199 0.04386
13432.98242 0.05775
13435.67480 0.05364
13438.36035 0.07151
13441.05371 0.05772
13443.74707 0.05937
13446.44043 0.06792
13449.13477 0.04152
13451.83008 0.07046
13454.52637 0.06438
13457.22266 0.03224
13459.89746 0.07190
13462.59473 0.05980
13465.29199 0.05542
13467.97559 0.06844
13470.67480 0.04972
13473.35938 0.07160
13476.05957 0.06378
13478.74512 0.04133
13481.44629 0.05118
13484.13281 0.05957
13486.82129 0.02894
13489.52344 0.07501
13492.21191 0.05184
13494.90137 0.05423
13497.58984 0.05981
13500.28125 0.07272
13502.97070 0.07705
13505.66211 0.06561
13508.35449 0.05719
13511.05273 0.05632
13513.73828 0.04028
13516.43164 0.06064
13519.12598 0.05271
13521.82031 0.06192
13524.51562 0.06068
13527.19531 0.06185
13529.89941 0.04422
13532.58105 0.04968
13535.27832 0.06999
13537.97559 0.06258
13540.65820 0.08917
13543.36426 0.03958
13546.04883 0.04843
13548.73438 0.06162
13551.43359 0.05003
13554.12695 0.06233
13556.81348 0.05881
13559.50098 0.05262
13562.19531 0.06073
13564.89844 0.07404
13567.58691 0.07386
13570.27637 0.05443
13572.97363 0.04868
13575.66309 0.04565
13578.34668 0.04103
13581.03809 0.05015
13583.72949 0.06443
13586.42969 0.06212
13589.12305 0.04472
13591.80859 0.06225
13594.50293 0.03102
13597.19629 0.05969
13599.88379 0.06518
13602.58008 0.06904
13605.26855 0.06169
13607.96484 0.05112
13610.65430 0.06751
13613.35156 0.06459
13616.03613 0.06779
13618.72656 0.05973
13621.41895 0.06176
13624.11816 0.04692
13626.80371 0.07378
13629.49707 0.05915
13632.19043 0.05575
13634.87695 0.06044
13637.57324 0.07544
13640.26758 0.06176
13642.96387 0.04930
13645.65332 0.02936
13648.35059 0.04070
13651.03320 0.04591
13653.72363 0.03777
13656.42188 0.05343
13659.11426 0.03898
13661.79785 0.06008
13664.50000 0.05881
13667.18457 0.03748
13669.87793 0.03907
13672.56641 0.06679
13675.26074 0.05619
13677.94922 0.07237
13680.65137 0.08250
13683.34082 0.06544
13686.02344 0.06697
13688.71289 0.04772
13691.42578 0.05483
13694.11035 0.08339
13696.80176 0.05781
13699.49414 0.06513
13702.18555 0.05898
13704.87891 0.06859
13707.56641 0.06831
13710.25879 0.06010
13712.95508 0.06650
13715.63574 0.04350
13718.33105 0.05347
13721.02734 0.06286
13723.71680 0.04733
13726.40625 0.04787
13729.10449 0.05327
13731.80273 0.06701
13734.48730 0.08115
13737.18652 0.05695
13739.87109 0.05528
13742.55664 0.05685
13745.25098 0.04458
13747.94434 0.06429
13750.63281 0.06235
13753.33496 0.03699
13756.02246 0.03718
13758.71094 0.07134
13761.40039 0.04386
13764.09082 0.06723
13766.78027 0.05457
13769.47070 0.06040
13772.17773 0.05915
13774.85449 0.06349
13777.55469 0.06670
13780.24805 0.04951
13782.94141 0.03584
13785.63477 0.07000
13788.32129 0.06859
13791.01758 0.05395
13793.71191 0.08115
13796.39355 0.06643
13799.09668 0.07157
13801.79395 0.03288
13804.47754 0.03904
13807.17578 0.07879
13809.85840 0.05330
13812.55078 0.04350
13815.25000 0.05968
13817.93555 0.06618
13820.62891 0.06005
13823.33008 0.05498
13826.01660 0.04497
13828.71191 0.07790
13831.39844 0.04981
13834.08789 0.07463
13836.78320 0.04172
13839.47266 0.07273
13842.16992 0.07459
13844.86035 0.08034
13847.55176 0.05389
13850.24219 0.05881
13852.92773 0.05942
13855.62695 0.05707
13858.31934 0.07522
13861.00586 0.06735
13863.69922 0.06533
13866.39355 0.06364
13869.08203 0.04345
13871.78418 0.05211
13874.46582 0.07177
13877.16992 0.04349
13879.85156 0.07779
13882.54199 0.07695
13885.24023 0.05794
13887.93066 0.04463
13890.62305 0.08536
13893.30762 0.05087
13896.00098 0.04929
13898.70020 0.07705
13901.39453 0.05614
13904.08789 0.06992
13906.77637 0.08493
13909.47070 0.05561
13912.15918 0.09340
13914.86230 0.08341
13917.53613 0.06816
13920.23340 0.07298
13922.92383 0.06238
13925.62305 0.07126
13928.30664 0.06145
13931.00586 0.05806
13933.68262 0.05473
13936.38281 0.07014
13939.07617 0.06632
13941.77051 0.06075
13944.46484 0.07017
13947.15234 0.06507
13949.83984 0.08055
13952.53613 0.07459
13955.23145 0.05496
13957.92090 0.06153
13960.60449 0.05599
13963.30957 0.05273
13966.00000 0.05977
13968.69141 0.08582
13971.38379 0.05369
13974.07617 0.06467
13976.76074 0.06296
13979.46191 0.07286
13982.15723 0.06468
13984.84375 0.07916
13987.52246 0.04159
13990.22656 0.03443
13992.92188 0.06622
13995.61133 0.05466
13998.29297 0.06853
14000.99805 0.05348
14003.68066 0.07673
14006.37207 0.07730
14009.07129 0.05135
14011.76367 0.06048
14014.44727 0.07100
14017.14844 0.06605
14019.82617 0.04588
14022.53711 0.04959
14025.22363 0.05108
14027.91016 0.07527
14030.59766 0.05636
14033.29395 0.07027
14035.99121 0.06089
14038.68066 0.06637
14041.37012 0.05777
14044.06836 0.09382
14046.75879 0.06115
14049.45117 0.07265
14052.14355 0.06869
14054.82812 0.07123
14057.52148 0.05578
14060.21484 0.04617
14062.91602 0.05586
14065.59668 0.04817
14068.29102 0.07425
14070.98730 0.07529
14073.67480 0.04171
14076.37207 0.08339
14079.05371 0.07266
14081.75879 0.06522
14084.44141 0.04762
14087.14062 0.07015
14089.82422 0.06455
14092.51660 0.07507
14095.21582 0.04294
14097.90137 0.07810
14100.59570 0.04697
14103.28125 0.04966
14105.96875 0.07447
14108.67188 0.06815
14111.36816 0.05678
14114.06348 0.06617
14116.75195 0.04820
14119.43457 0.05102
14122.12402 0.04858
14124.81445 0.06980
14127.51367 0.05475
14130.21289 0.06229
14132.90527 0.07395
14135.58887 0.05769
14138.28223 0.05978
14140.97559 0.07981
14143.67090 0.07171
14146.36523 0.07265
14149.04395 0.05842
14151.74805 0.06717
14154.43555 0.06233
14157.13281 0.06490
14159.82227 0.05903
14162.51172 0.05090
14165.20996 0.09150
14167.90137 0.07278
14170.58398 0.07140
14173.27539 0.07700
14175.96875 0.06974
14178.65430 0.06779
14181.36230 0.09887
14184.05664 0.05734
14186.74316 0.07496
14189.43848 0.07035
14192.11816 0.07097
14194.81445 0.05618
14197.50391 0.04915
14200.19922 0.06090
14202.89746 0.05777
14205.57324 0.05416
14208.27832 0.07816
14210.96973 0.05868
14213.64648 0.04974
14216.35352 0.06229
14219.03125 0.05354
14221.74023 0.07158
14224.41797 0.08369
14227.12012 0.06014
14229.80762 0.09348
14232.51074 0.07137
14235.19141 0.05893
14237.88672 0.07008
14240.58398 0.06616
14243.27344 0.05434
14245.96387 0.05429
14248.65332 0.07290
14251.34570 0.03788
14254.03613 0.06573
14256.72949 0.05244
14259.42188 0.08231
14262.11523 0.04606
14264.80859 0.07418
14267.50293 0.08113
14270.18945 0.07206
14272.87598 0.06462
14275.57227 0.07206
14278.26855 0.05233
14280.96484 0.08864
14283.64648 0.06994
14286.34375 0.06818
14289.02637 0.06993
14291.72559 0.06003
14294.41699 0.07239
14297.10938 0.08260
14299.80176 0.06891
14302.50293 0.05178
14305.18750 0.07827
14307.87305 0.07790
14310.55957 0.07637
14313.27051 0.06355
14315.95020 0.06043
14318.64648 0.05293
14321.33594 0.08681
14324.02344 0.07762
14326.72266 0.07478
14329.40430 0.07003
14332.10254 0.05832
14334.79297 0.07617
14337.49316 0.07683
14340.18457 0.06438
14342.87012 0.04762
14345.57129 0.05262
14348.24902 0.07812
14350.95117 0.05738
14353.64648 0.07621
14356.33301 0.06928
14359.02832 0.04399
14361.71680 0.06662
14364.40625 0.04867
14367.10352 0.05034
14369.79297 0.05670
14372.47559 0.06980
14375.18164 0.05084
14377.86426 0.04813
14380.55664 0.06649
14383.25684 0.06770
14385.94238 0.06873
14388.63574 0.05557
14391.32031 0.04895
14394.01562 0.07298
14396.71777 0.05841
14399.41406 0.05619
14402.10156 0.06659
14404.79785 0.05836
14407.48730 0.07022
14410.18457 0.05065
14412.85742 0.06973
14415.54883 0.07902
14418.24805 0.08407
14420.93945 0.06821
14423.63086 0.08512
14426.32422 0.06709
14429.02441 0.06330
14431.70215 0.07154
14434.40430 0.07692
14437.08301 0.07325
14439.78516 0.07646
14442.48145 0.05514
14445.17773 0.06871
14447.85742 0.07138
14450.56250 0.06544
14453.24414 0.04092
14455.93457 0.06610
14458.62500 0.06360
14461.33203 0.06298
14464.01562 0.07222
14466.70801 0.08244
14469.39160 0.06890
14472.09277 0.05352
14474.77832 0.06162
14477.47363 0.08029
14480.16016 0.06314
14482.86230 0.07125
14485.55078 0.08614
14488.24609 0.06600
14490.93457 0.04589
14493.62402 0.06787
14496.31348 0.07733
14499.01172 0.06547
14501.69434 0.06440
14504.39258 0.06583
14507.08496 0.06076
14509.77734 0.06839
14512.46875 0.06950
14515.15430 0.05548
14517.85645 0.08565
14520.54199 0.06195
14523.23730 0.09907
14525.93164 0.07001
14528.61133 0.06513
14531.30762 0.08002
14534.00488 0.07770
14536.70215 0.04776
14539.38379 0.06693
14542.08105 0.06500
14544.77148 0.07924
14547.46289 0.05646
14550.15527 0.06410
14552.83984 0.07195
14555.53906 0.05612
14558.22461 0.08258
14560.92578 0.07232
14563.61230 0.05841
14566.31543 0.03364
14568.99414 0.08493
14571.68945 0.06030
14574.38574 0.07087
14577.08203 0.06177
14579.77148 0.07310
14582.45996 0.06980
14585.15137 0.06262
14587.84180 0.05589
14590.53223 0.05130
14593.23242 0.05316
14595.91602 0.07094
14598.61719 0.07539
14601.30176 0.06854
14603.99512 0.03626
14606.68164 0.06076
14609.38379 0.07587
14612.07129 0.06701
14614.76660 0.06595
14617.44727 0.05895
14620.14258 0.05868
14622.83984 0.05907
14625.52148 0.05237
14628.21973 0.07392
14630.91113 0.08281
14633.60938 0.08663
14636.29199 0.06626
14638.99316 0.08247
14641.69336 0.08079
14644.37891 0.09954
14647.06348 0.06858
14649.75684 0.07860
14652.45996 0.07586
14655.14648 0.06880
14657.83496 0.05140
14660.52246 0.05811
14663.21875 0.08604
14665.90820 0.06729
14668.61328 0.06139
14671.29395 0.07436
14673.99316 0.06688
14676.67578 0.07432
14679.36816 0.06158
14682.07520 0.08283
14684.75977 0.06009
14687.45312 0.07562
14690.13867 0.06305
14692.82324 0.06228
14695.51855 0.06389
14698.20508 0.08290
14700.89941 0.00545
14703.58789 0.09552
14706.28320 0.07231
14708.98047 0.07202
14711.66992 0.07199
14714.36719 0.09715
14717.05762 0.05754
14719.75684 0.06772
14722.45508 0.06913
14725.13086 0.07770
14727.83105 0.07419
14730.51660 0.06973
14733.20898 0.06826
14735.91113 0.06376
14738.59668 0.05628
14741.29102 0.07057
14743.97949 0.07404
14746.67383 0.06816
14749.36133 0.06423
14752.05078 0.07267
14754.74707 0.05490
14757.43750 0.05851
14760.12695 0.07432
14762.81738 0.07459
14765.51660 0.06996
14768.21582 0.07856
14770.90039 0.07303
14773.59180 0.05762
14776.27734 0.07455
14778.97070 0.07284
14781.66406 0.05792
14784.35059 0.05103
14787.05371 0.05366
14789.74902 0.07346
14792.43652 0.06864
14795.11621 0.07966
14797.81348 0.06757
14800.51074 0.07562
14803.20898 0.08608
14805.89062 0.06090
14808.58105 0.06797
14811.28125 0.06452
14813.97168 0.06817
14816.66406 0.07800
14819.34961 0.04886
14822.05078 0.05357
14824.73633 0.07922
14827.42090 0.06709
14830.12402 0.09238
14832.81055 0.08029
14835.49805 0.05250
14838.20215 0.06546
14840.89160 0.07333
14843.58008 0.07056
14846.26953 0.09048
14848.96777 0.06036
14851.64941 0.07210
14854.33984 0.07346
14857.04004 0.07490
14859.72363 0.08268
14862.42383 0.05513
14865.11719 0.05723
14867.80273 0.07020
14870.50391 0.08132
14873.19824 0.04943
14875.88477 0.07793
14878.57129 0.06686
14881.26758 0.06234
14883.97168 0.08119
14886.64355 0.06989
14889.34863 0.06120
14892.04688 0.06645
14894.72852 0.07466
14897.42676 0.07307
14900.11816 0.07701
14902.80078 0.05366
14905.50195 0.09157
14908.18555 0.09716
14910.89453 0.07405
14913.57129 0.08037
14916.26562 0.07021
14918.95117 0.05112
14921.64551 0.06627
14924.34180 0.09055
14927.03809 0.05666
14929.73340 0.07643
14932.41406 0.07411
14935.11133 0.08405
14937.80176 0.07507
14940.49902 0.07120
14943.18945 0.06378
14945.87988 0.09692
14948.56445 0.08492
14951.26367 0.06721
14953.94824 0.07219
14956.64941 0.06491
14959.33496 0.07948
14962.02832 0.08927
14964.72266 0.06538
14967.40918 0.06305
14970.10547 0.07993
14972.80957 0.08926
14975.48926 0.08958
14978.18555 0.08478
14980.87500 0.08147
14983.56348 0.06233
14986.26270 0.05586
14988.94531 0.06866
14991.63574 0.09130
14994.34375 0.07950
14997.02734 0.07831
14999.71191 0.05951
15002.40527 0.10449
15005.09863 0.06757
15007.79980 0.06483
15010.48633 0.07488
15013.18066 0.07818
15015.87695 0.09504
15018.56348 0.07941
15021.26074 0.08164
15023.94141 0.07413
15026.63867 0.07146
15029.32715 0.06002
15032.01855 0.04230
15034.71680 0.08276
15037.39941 0.06264
15040.09766 0.08538
15042.79004 0.07398
15045.47461 0.05977
15048.17578 0.07040
15050.87012 0.07068
15053.56348 0.06620
15056.24902 0.08923
15058.93555 0.09103
15061.62305 0.10169
15064.32715 0.08939
15067.00586 0.08481
15069.71094 0.08687
15072.40039 0.08901
15075.08984 0.07296
15077.78027 0.06968
15080.47949 0.09089
15083.16992 0.08151
15085.86035 0.07243
15088.55273 0.05327
15091.24414 0.08509
15093.92969 0.06283
15096.62305 0.07582
15099.31641 0.07860
15102.01074 0.07643
15104.71387 0.07013
15107.40039 0.05518
15110.07910 0.07022
15112.77637 0.06614
15115.47266 0.08176
15118.16992 0.07475
15120.85059 0.08638
15123.54004 0.05727
15126.23926 0.06739
15128.92969 0.07188
15131.62891 0.10087
15134.31250 0.08253
15137.01367 0.07904
15139.68945 0.07165
15142.39062 0.09274
15145.08398 0.07340
15147.78613 0.09200
15150.47363 0.06907
15153.16016 0.07231
15155.83887 0.08767
15158.54297 0.07760
15161.24023 0.08884
15163.92773 0.09339
15166.61719 0.08764
15169.31445 0.07929
15171.99707 0.06306
15174.68652 0.08529
15177.39453 0.07387
15180.07812 0.06670
15182.77051 0.07346
15185.46191 0.07002
15188.14648 0.07766
15190.84863 0.05261
15193.54199 0.08273
15196.21973 0.06352
15198.92383 0.08347
15201.61816 0.09729
15204.31445 0.09847
15206.99414 0.07564
15209.69141 0.08938
15212.37988 0.06685
15215.07812 0.08279
15217.75977 0.06562
15220.46582 0.06720
15223.14844 0.07449
15225.83984 0.08616
15228.53125 0.07885
15231.23145 0.07011
15233.92480 0.07497
15236.61035 0.07947
15239.30371 0.07720
15242.00586 0.05560
15244.69141 0.07124
15247.37793 0.09032
15250.06543 0.09117
15252.76172 0.08973
15255.45020 0.06379
15258.14746 0.08749
15260.83496 0.06982
15263.53320 0.07086
15266.22266 0.09988
15268.92285 0.09157
15271.60547 0.08490
15274.30566 0.06323
15276.98828 0.07085
15279.68066 0.05716
15282.38184 0.07094
15285.05859 0.08052
15287.75977 0.07633
15290.45508 0.08082
15293.14160 0.06870
15295.82812 0.07163
15298.51465 0.07564
15301.21973 0.10145
15303.90039 0.09461
15306.60547 0.04645
15309.29492 0.07419
15311.99316 0.07829
15314.68262 0.06378
15317.37305 0.09475
15320.07324 0.07157
15322.76465 0.08811
15325.44043 0.06572
15328.13184 0.07284
15330.82520 0.09063
15333.51855 0.07665
15336.20410 0.06679
15338.89844 0.06629
15341.59277 0.06968
15344.28027 0.07886
15346.97559 0.07570
15349.67285 0.08727
15352.36914 0.06802
15355.05859 0.07629
15357.74805 0.06127
15360.44629 0.08282
15363.12793 0.06436
15365.81836 0.06970
15368.51855 0.06378
15371.20117 0.05950
15373.90039 0.08749
15376.60254 0.07547
15379.28711 0.07015
15381.98047 0.08420
15384.66602 0.07915
15387.36914 0.08359
15390.05566 0.08401
15392.75879 0.08754
15395.44727 0.08192
15398.12598 0.07492
15400.83105 0.07169
15403.51172 0.07027
15406.20020 0.08724
15408.89160 0.07636
15411.59766 0.07734
15414.28809 0.06388
15416.98047 0.08276
15419.67285 0.06852
15422.35547 0.05371
15425.04883 0.08618
15427.74219 0.06802
15430.43555 0.09277
15433.12793 0.07014
15435.82324 0.08614
15438.50195 0.08485
15441.19629 0.04710
15443.89258 0.06018
15446.58789 0.06547
15449.26855 0.07567
15451.96582 0.08608
15454.66406 0.07193
15457.36133 0.07586
15460.04395 0.07526
15462.74316 0.08013
15465.42578 0.07501
15468.12500 0.11660
15470.81738 0.09515
15473.51855 0.08186
15476.20410 0.07624
15478.88770 0.08550
15481.59082 0.07248
15484.27734 0.06803
15486.96289 0.08028
15489.65820 0.07931
15492.34570 0.08541
15495.03320 0.08420
15497.73047 0.07069
15500.41895 0.08495
15503.10840 0.05900
15505.79883 0.05847
15508.48828 0.07014
15511.17871 0.04842
15513.87891 0.08140
15516.57031 0.07621
15519.26270 0.05725
15521.95410 0.08234
15524.64746 0.07300
15527.34082 0.09385
15530.04395 0.06859
15532.72852 0.08586
15535.42383 0.07210
15538.11914 0.06568
15540.80664 0.08530
15543.50195 0.09929
15546.19922 0.08854
15548.87988 0.07241
15551.58594 0.07128
15554.26562 0.06163
15556.96484 0.08038
15559.65527 0.08253
15562.33789 0.06700
15565.03809 0.06482
15567.72949 0.07072
15570.41406 0.06793
15573.11523 0.07964
15575.80859 0.09110
15578.49414 0.09824
15581.17969 0.08459
15583.87402 0.06945
15586.57812 0.07447
15589.26465 0.07144
15591.95996 0.07408
15594.64844 0.07797
15597.33691 0.07957
15600.03320 0.09143
15602.72266 0.09032
15605.42188 0.07197
15608.09473 0.08261
15610.79492 0.06674
15613.48535 0.08909
15616.17773 0.08452
15618.87793 0.06954
15621.55371 0.10245
15624.25488 0.08710
15626.95703 0.06837
15629.64258 0.07538
15632.33789 0.10307
15635.02246 0.09679
15637.71875 0.07529
15640.40527 0.08817
15643.10254 0.07596
15645.79102 0.07115
15648.48828 0.09207
15651.17773 0.08795
15653.85742 0.06265
15656.56543 0.06842
15659.24707 0.06679
15661.93848 0.06518
15664.62891 0.07093
15667.33008 0.10091
15670.02246 0.09120
15672.71582 0.06457
15675.40918 0.08754
15678.10254 0.09340
15680.78809 0.07961
15683.48242 0.09279
15686.16895 0.08826
15688.86523 0.07236
15691.56055 0.06316
15694.24902 0.08184
15696.94531 0.08798
15699.62500 0.08132
15702.31445 0.06626
15705.02246 0.06593
15707.72070 0.05752
15710.39453 0.06649
15713.09375 0.06880
15715.79395 0.08211
15718.46875 0.07082
15721.16992 0.09355
15723.85449 0.08312
15726.55664 0.06410
15729.23242 0.07864
15731.93652 0.06732
15734.63086 0.09192
15737.32617 0.07403
15740.01367 0.08224
15742.70020 0.06671
15745.38867 0.07523
15748.09473 0.07024
15750.77539 0.08259
15753.46484 0.08513
15756.15430 0.07378
15758.84473 0.05729
15761.56152 0.05807
15764.24414 0.08751
15766.93555 0.07589
15769.62793 0.05792
15772.32031 0.07035
15775.01367 0.08425
15777.70703 0.05196
15780.38281 0.11091
15783.07812 0.09429
15785.77344 0.07822
15788.46875 0.06741
15791.16406 0.09254
15793.84277 0.07014
15796.54004 0.09063
15799.23730 0.07825
15801.93457 0.08696
15804.61621 0.08183
15807.32227 0.09141
15810.00391 0.09078
15812.69629 0.09394
15815.38672 0.08578
15818.07910 0.09469
15820.76172 0.07907
15823.46387 0.08719
15826.15625 0.07543
15828.84180 0.06806
15831.54395 0.07797
15834.22949 0.08286
15836.91602 0.08485
15839.60254 0.05466
15842.30762 0.09070
15845.00391 0.07470
15847.69141 0.09637
15850.37988 0.07075
15853.07812 0.09300
15855.76758 0.07464
15858.45703 0.08422
15861.14746 0.07349
15863.84766 0.06665
15866.53809 0.07001
15869.23047 0.09181
15871.92188 0.06506
15874.61523 0.06780
15877.29004 0.09384
15879.99316 0.06784
15882.69531 0.07500
15885.38965 0.08457
15888.06738 0.08184
15890.76367 0.08286
15893.45898 0.08488
15896.14746 0.07516
15898.84375 0.10693
15901.53125 0.07322
15904.22949 0.08181
15906.91016 0.08283
15909.60840 0.09564
15912.29883 0.08215
15914.99023 0.09390
15917.68945 0.09274
15920.37305 0.09716
15923.05664 0.06926
15925.75781 0.06944
15928.45898 0.11581
15931.14453 0.08606
15933.83008 0.10248
15936.52344 0.08419
15939.22656 0.06515
15941.92285 0.06833
15944.60938 0.07487
15947.29785 0.06972
15949.99316 0.07451
15952.68262 0.07834
15955.37109 0.08192
15958.06055 0.07509
15960.75000 0.05177
15963.44043 0.06317
15966.14062 0.07174
15968.83984 0.11462
15971.51367 0.08695
15974.21484 0.06669
15976.90723 0.06277
15979.59082 0.07138
15982.29297 0.07427
15984.98633 0.07308
15987.67188 0.07422
15990.36621 0.05845
15993.04590 0.05496
15995.75879 0.08131
15998.43652 0.12082
16001.14258 0.08807
16003.82129 0.08573
16006.51074 0.05844
16009.21680 0.10629
16011.89746 0.07509
16014.58789 0.06745
16017.28613 0.07969
16019.98633 0.08869
16022.66895 0.08314
16025.36133 0.06542
16028.04395 0.09211
16030.75391 0.09150
16033.43066 0.08537
16036.14258 0.10304
16038.82715 0.06480
16041.52246 0.08997
16044.21680 0.07040
16046.89453 0.08626
16049.58105 0.07699
16052.27832 0.06361
16054.96582 0.07194
16057.67188 0.07605
16060.36035 0.08741
16063.04102 0.08973
16065.73926 0.08978
16068.43945 0.05915
16071.12109 0.07397
16073.81152 0.09797
16076.51270 0.08286
16079.20508 0.08440
16081.89648 0.09073
16084.58105 0.07292
16087.27441 0.07497
16089.96875 0.08555
16092.67090 0.09269
16095.34863 0.06056
16098.03516 0.08688
16100.74805 0.08698
16103.42676 0.10075
16106.11426 0.08278
16108.82031 0.06973
16111.50879 0.05970
16114.19727 0.08143
16116.88672 0.06907
16119.57812 0.07305
16122.26855 0.05971
16124.95898 0.08087
16127.64941 0.07736
16130.35059 0.07940
16133.03320 0.06929
16135.72656 0.08293
16138.41992 0.08077
16141.12305 0.08108
16143.80664 0.09126
16146.50098 0.06376
16149.19727 0.06918
16151.88281 0.08502
16154.57910 0.10772
16157.26660 0.09543
16159.97168 0.07123
16162.65234 0.09623
16165.34961 0.08514
16168.03906 0.09577
16170.72754 0.08605
16173.42676 0.08251
16176.10840 0.07921
16178.81738 0.07899
16181.50000 0.09048
16184.18262 0.09212
16186.87500 0.08058
16189.56738 0.06112
16192.27051 0.08012
16194.95410 0.08903
16197.64941 0.05854
16200.33398 0.05821
16203.03809 0.08329
16205.72461 0.05924
16208.42090 0.07434
16211.10742 0.07890
16213.79590 0.07629
16216.49316 0.08373
16219.18262 0.09361
16221.87207 0.08055
16224.57031 0.07919
16227.25195 0.10243
16229.94238 0.06457
16232.64258 0.09142
16235.33301 0.07421
16238.02441 0.07472
16240.71680 0.06537
16243.41895 0.07738
16246.09375 0.06097
16248.78906 0.08749
16251.49121 0.06557
16254.17676 0.08990
16256.87305 0.07675
16259.56738 0.07754
16262.25391 0.09711
16264.95117 0.07957
16267.63965 0.08153
16270.33691 0.08183
16273.01562 0.07283
16275.72266 0.08977
16278.40332 0.08808
16281.10352 0.06412
16283.79395 0.08739
16286.47559 0.08220
16289.17480 0.10854
16291.87598 0.07601
16294.56055 0.07839
16297.24316 0.08905
16299.95508 0.05892
16302.64062 0.07362
16305.32422 0.07788
16308.02832 0.09624
16310.71484 0.07213
16313.40039 0.08342
16316.09570 0.09386
16318.78418 0.07148
16321.47266 0.08452
16324.17871 0.10392
16326.86621 0.05220
16329.55566 0.08280
16332.25488 0.07952
16334.93652 0.07498
16337.62500 0.06948
16340.32617 0.07972
16343.01758 0.09809
16345.70898 0.06093
16348.40137 0.07901
16351.09473 0.08803
16353.77832 0.06824
16356.48145 0.09509
16359.15723 0.06743
16361.85938 0.09108
16364.55566 0.08365
16367.24121 0.09199
16369.92773 0.08763
16372.62500 0.06778
16375.32129 0.08677
16378.01855 0.08360
16380.69824 0.10521
16383.39551 0.07531
16386.09375 0.07841
16388.77539 0.06169
16391.47461 0.07518
16394.15625 0.09033
16396.85742 0.08717
16399.55859 0.08473
16402.24023 0.09287
16404.94141 0.07404
16407.62695 0.08266
16410.31055 0.06796
16413.01367 0.08495
16415.69922 0.08401
16418.40234 0.07712
16421.08789 0.09415
16423.76562 0.07615
16426.46289 0.06305
16429.16016 0.08931
16431.84766 0.08563
16434.54492 0.10841
16437.24219 0.09844
16439.92383 0.09503
16442.62109 0.10828
16445.31055 0.08940
16448.00195 0.04963
16450.69336 0.08321
16453.38477 0.08563
16456.07617 0.10194
16458.75977 0.08380
16461.46094 0.10600
16464.14648 0.09432
16466.84766 0.06483
16469.53320 0.07547
16472.22852 0.09590
16474.92383 0.08319
16477.60938 0.08136
16480.31445 0.09212
16483.00195 0.10052
16485.68945 0.09491
16488.37695 0.07716
16491.06641 0.09018
16493.77344 0.08106
16496.46289 0.08998
16499.15430 0.08223
16501.84375 0.08023
16504.53516 0.06872
16507.22461 0.08548
16509.91797 0.08959
16512.61914 0.07472
16515.30078 0.07267
16518.00391 0.08507
16520.68750 0.07487
16523.36328 0.08494
16526.06836 0.07188
16528.76172 0.08971
16531.45703 0.06420
16534.15234 0.07934
16536.83984 0.08720
16539.52734 0.08182
16542.22461 0.07054
16544.91211 0.07905
16547.60938 0.08707
16550.29102 0.08563
16552.98828 0.09401
16555.67969 0.08842
16558.37891 0.08334
16561.06055 0.05962
16563.76172 0.05175
16566.44336 0.08378
16569.14453 0.08344
16571.82812 0.11042
16574.52148 0.08521
16577.22461 0.10213
16579.91797 0.10501
16582.60352 0.06930
16585.28906 0.09063
16587.97461 0.07821
16590.67969 0.07709
16593.37695 0.09691
16596.06445 0.08209
16598.75977 0.06044
16601.44141 0.09199
16604.13867 0.06834
16606.82812 0.06929
16609.52539 0.06628
16612.21680 0.07957
16614.91602 0.08343
16617.60742 0.08804
16620.29883 0.09341
16622.97266 0.07504
16625.66406 0.09887
16628.36523 0.08107
16631.05859 0.07525
16633.74414 0.07482
16636.43750 0.08875
16639.14062 0.10597
16641.81836 0.10862
16644.52344 0.06482
16647.20117 0.08454
16649.90625 0.08196
16652.60156 0.08414
16655.28906 0.07512
16657.98828 0.06346
16660.67578 0.08364
16663.35547 0.06866
16666.06445 0.08019
16668.74609 0.08676
16671.43555 0.06941
16674.13672 0.09189
16676.82812 0.08979
16679.50977 0.09866
16682.20312 0.08064
16684.90430 0.08848
16687.58789 0.09686
16690.28320 0.04720
16692.96680 0.07705
16695.66211 0.07960
16698.34570 0.09455
16701.04297 0.10348
16703.72852 0.10755
16706.42578 0.08145
16709.11133 0.07661
16711.81836 0.09507
16714.50781 0.09988
16717.20508 0.07950
16719.89453 0.08702
16722.59375 0.08623
16725.27344 0.08503
16727.96484 0.08947
16730.66406 0.05901
16733.35547 0.05654
16736.04688 0.06411
16738.74023 0.08576
16741.44141 0.09304
16744.11719 0.06287
16746.81836 0.09457
16749.50391 0.09602
16752.20703 0.08399
16754.88281 0.09003
16757.58789 0.06307
16760.26562 0.09928
16762.96289 0.09736
16765.65820 0.08314
16768.34570 0.09147
16771.04297 0.09536
16773.74219 0.09391
16776.42188 0.08461
16779.11133 0.05749
16781.81055 0.06175
16784.50977 0.09211
16787.19141 0.07677
16789.88086 0.08013
16792.57422 0.08312
16795.26562 0.08516
16797.95898 0.07140
16800.64258 0.08723
16803.34570 0.06613
16806.02930 0.08475
16808.72461 0.07649
16811.41797 0.10391
16814.11328 0.08379
16816.80078 0.08954
16819.50586 0.07578
16822.19141 0.07937
16824.87109 0.08053
16827.57812 0.08623
16830.26562 0.06719
16832.96484 0.06640
16835.64453 0.07333
16838.34180 0.07463
16841.03320 0.09137
16843.72461 0.09447
16846.41406 0.08523
16849.10742 0.07761
16851.79883 0.08650
16854.49023 0.08173
16857.19336 0.08774
16859.87500 0.10223
16862.58008 0.09539
16865.25391 0.09070
16867.94922 0.08143
16870.64453 0.08788
16873.33984 0.07876
16876.02734 0.06368
16878.73242 0.07938
16881.41992 0.06222
16884.10547 0.07889
16886.79492 0.09435
16889.48438 0.07350
16892.17383 0.08693
16894.87109 0.09485
16897.57227 0.09078
16900.25195 0.10302
16902.93359 0.06890
16905.65234 0.06869
16908.31641 0.08752
16911.01758 0.08757
16913.71875 0.08219
16916.40430 0.08968
16919.10547 0.07633
16921.79102 0.09579
16924.49414 0.07544
16927.16016 0.06169
16929.86523 0.05962
16932.57031 0.08712
16935.25586 0.07067
16937.94336 0.10945
16940.63086 0.06552
16943.33789 0.08725
16946.02539 0.09232
16948.71484 0.09238
16951.40430 0.08434
16954.09375 0.09449
16956.78320 0.09603
16959.49219 0.08935
16962.16406 0.09132
16964.85742 0.10662
16967.55859 0.08951
16970.25000 0.08984
16972.93164 0.07906
16975.63477 0.08941
16978.32812 0.09710
16981.00391 0.08006
16983.69922 0.08188
16986.41211 0.07321
16989.08789 0.06756
16991.78320 0.08434
16994.47070 0.07130
16997.16602 0.08277
16999.85547 0.08466
17002.54297 0.10734
17005.24023 0.10882
17007.92969 0.09574
17010.61914 0.07375
17013.31641 0.07048
17016.00781 0.09051
17018.70703 0.09391
17021.39844 0.09345
17024.08984 0.08068
17026.77148 0.07653
17029.46484 0.08550
17032.16602 0.06934
17034.86914 0.06473
17037.53516 0.08449
17040.23828 0.08730
17042.94141 0.07163
17045.61719 0.06374
17048.32227 0.10302
17051.00000 0.09563
17053.69531 0.07943
17056.38281 0.07612
17059.08008 0.08957
17061.76758 0.10615
17064.47461 0.09985
17067.15430 0.08733
17069.86133 0.05963
17072.55078 0.09259
17075.23242 0.07664
17077.93359 0.07676
17080.61328 0.07635
17083.30469 0.08087
17085.99609 0.08275
17088.69922 0.07694
17091.39062 0.08082
17094.08398 0.08193
17096.76953 0.07826
17099.46289 0.06980
17102.15625 0.08192
17104.84180 0.07305
17107.53711 0.07320
17110.23242 0.08159
17112.91992 0.09326
17115.61719 0.08627
17118.31445 0.09760
17121.00000 0.08721
17123.69922 0.08593
17126.38672 0.08557
17129.06641 0.08887
17131.76758 0.08173
17134.45703 0.08467
17137.15625 0.09800
17139.83789 0.08900
17142.52930 0.08926
17145.23047 0.08776
17147.91211 0.06499
17150.60547 0.07114
17153.29883 0.08646
17156.00195 0.10059
17158.67578 0.08322
17161.38086 0.11131
17164.06641 0.09289
17166.75977 0.07714
17169.44727 0.07969
17172.15234 0.06469
17174.83789 0.07778
17177.52734 0.09258
17180.23242 0.07183
17182.92188 0.08322
17185.59961 0.08227
17188.28906 0.07794
17190.99805 0.07609
17193.67773 0.08280
17196.37891 0.09772
17199.06836 0.09033
17201.75000 0.07918
17204.44141 0.07711
17207.13477 0.05934
17209.82617 0.08708
17212.51953 0.09987
17215.21094 0.08040
17217.90625 0.08648
17220.58984 0.08125
17223.29492 0.07321
17225.99023 0.10504
17228.67578 0.08988
17231.37109 0.07885
17234.06836 0.07607
17236.74414 0.07551
17239.44141 0.07748
17242.13867 0.07940
17244.82812 0.08247
17247.51758 0.07458
17250.21484 0.06882
17252.90625 0.09196
17255.59570 0.07289
17258.29492 0.08646
17260.97656 0.06951
17263.67773 0.08042
17266.36133 0.09589
17269.06250 0.05764
17271.75586 0.07685
17274.44727 0.07827
17277.13086 0.08812
17279.82617 0.07522
17282.52148 0.09327
17285.20508 0.08101
17287.90039 0.10285
17290.60547 0.10125
17293.28125 0.07530
17295.97852 0.07816
17298.66602 0.09692
17301.35352 0.09047
17304.04102 0.09859
17306.75000 0.07846
17309.44727 0.08549
17312.12891 0.08370
17314.82617 0.07596
17317.51758 0.07336
17320.21680 0.10292
17322.89844 0.08150
17325.59180 0.07222
17328.29297 0.05800
17330.95703 0.09090
17333.65820 0.10157
17336.35156 0.09690
17339.05469 0.06689
17341.73828 0.08025
17344.42383 0.08700
17347.11914 0.08813
17349.82422 0.07365
17352.50977 0.07718
17355.19531 0.07815
17357.89258 0.07612
17360.59961 0.07299
17363.26758 0.07739
17365.97656 0.08511
17368.65430 0.07716
17371.36328 0.09369
17374.03320 0.08668
17376.74219 0.08635
17379.43359 0.07550
17382.13281 0.08940
17384.81445 0.05462
17387.49805 0.07141
17390.20703 0.08134
17392.89062 0.08130
17395.57422 0.09845
17398.26758 0.08587
17400.97070 0.06628
17403.66406 0.09549
17406.33984 0.09665
17409.03516 0.06886
17411.73047 0.07090
17414.41602 0.07710
17417.10352 0.09249
17419.81836 0.07221
17422.50586 0.07727
17425.20312 0.07802
17427.89062 0.07548
17430.58008 0.09143
17433.25977 0.08065
17435.95898 0.07858
17438.64844 0.08838
17441.33984 0.07196
17444.03906 0.09755
17446.73047 0.09192
17449.43164 0.09228
17452.10547 0.08005
17454.79883 0.09475
17457.50000 0.07164
17460.18359 0.09405
17462.88672 0.07953
17465.57031 0.07659
17468.25586 0.09550
17470.96094 0.10872
17473.64648 0.06391
17476.34180 0.08479
17479.01953 0.06403
17481.72656 0.07456
17484.41211 0.08854
17487.10938 0.08103
17489.78906 0.07593
17492.49609 0.08516
17495.18555 0.08453
17497.87500 0.07427
17500.57422 0.08778
17503.25586 0.07367
17505.94531 0.07473
17508.63672 0.07978
17511.34766 0.09177
17514.03906 0.06915
17516.71289 0.07045
17519.40625 0.06492
17522.09961 0.06962
17524.79297 0.07747
17527.48633 0.07553
17530.16992 0.06069
17532.86719 0.08501
17535.56055 0.09634
17538.24805 0.09839
17540.94336 0.07264
17543.63086 0.06901
17546.32812 0.09548
17549.02539 0.08149
17551.72266 0.08946
17554.40039 0.07163
17557.09961 0.07411
17559.78906 0.09678
17562.48828 0.07092
17565.16992 0.07293
17567.86914 0.06297
17570.56055 0.09072
17573.24219 0.10064
17575.93359 0.06802
17578.63477 0.08402
17581.31836 0.06589
17584.02148 0.07526
17586.70508 0.10117
17589.40039 0.07410
17592.08398 0.08294
17594.78906 0.05833
17597.47461 0.07909
17600.17969 0.08441
17602.86523 0.06893
17605.54297 0.09197
17608.24805 0.07044
17610.93750 0.07007
17613.63477 0.07438
17616.32227 0.07792
17619.02930 0.07591
17621.70898 0.09542
17624.39844 0.08012
17627.08789 0.07961
17629.77930 0.08692
17632.47070 0.07675
17635.16211 0.08353
17637.84375 0.07631
17640.55469 0.07404
17643.23828 0.06076
17645.92969 0.08921
17648.63281 0.09208
17651.31836 0.07727
17654.00195 0.06072
17656.69727 0.08316
17659.39062 0.06858
17662.08594 0.08659
17664.78125 0.08165
17667.47852 0.08048
17670.16602 0.07610
17672.85156 0.08953
17675.54883 0.08376
17678.22852 0.07173
17680.92773 0.07610
17683.63477 0.06787
17686.31445 0.06827
17689.01367 0.07732
17691.68359 0.08613
17694.38477 0.07151
17697.08594 0.08797
17699.77539 0.09018
17702.45898 0.09207
17705.16016 0.03977
17707.85352 0.06208
17710.54688 0.05821
17713.22852 0.08522
17715.91406 0.07850
17718.61719 0.06974
17721.31250 0.08567
17723.99805 0.08204
17726.70312 0.07780
17729.39844 0.06807
17732.07617 0.09419
17734.76172 0.07523
17737.44922 0.11508
17740.14844 0.06576
17742.85547 0.08786
17745.54297 0.10463
17748.24219 0.07895
17750.93164 0.06351
17753.62109 0.07351
17756.31055 0.08820
17759.00195 0.11395
17761.69336 0.06968
17764.37500 0.07549
17767.06641 0.04630
17769.75977 0.07491
17772.46289 0.09145
17775.15430 0.05697
17777.84766 0.07201
17780.52148 0.07605
17783.21680 0.08072
17785.91992 0.07468
17788.61719 0.07828
17791.30273 0.06935
17793.99805 0.08880
17796.69336 0.08056
17799.38086 0.08554
17802.07812 0.05615
17804.75586 0.06443
17807.45312 0.07481
17810.13281 0.08236
17812.84180 0.06616
17815.52148 0.06912
17818.23047 0.06167
17820.91016 0.06757
17823.62109 0.07079
17826.30273 0.07878
17828.99414 0.09364
17831.67578 0.08781
17834.37695 0.07277
17837.06055 0.06170
17839.75391 0.08861
17842.45703 0.08194
17845.15039 0.07131
17847.83398 0.08369
17850.52930 0.06654
17853.21484 0.06386
17855.91016 0.08676
17858.59570 0.09809
17861.29297 0.07029
17863.98047 0.08327
17866.66602 0.07140
17869.36523 0.06037
17872.05273 0.06645
17874.75000 0.07793
17877.43945 0.04046
17880.14062 0.07367
17882.83008 0.06223
17885.52930 0.07712
17888.21875 0.08327
17890.90039 0.06143
17893.60156 0.06779
17896.29297 0.08326
17898.99609 0.06284
17901.67773 0.07159
17904.36133 0.07128
17907.06445 0.05011
17909.73828 0.08499
17912.44141 0.07229
17915.12695 0.06369
17917.82227 0.07038
17920.50781 0.08567
17923.21484 0.08873
17925.89062 0.09862
17928.59766 0.08505
17931.28320 0.08216
17933.98242 0.06706
17936.66992 0.07555
17939.35742 0.06965
17942.05664 0.07383
17944.74609 0.08438
17947.43555 0.06649
17950.13477 0.08406
17952.81445 0.08421
17955.50586 0.09052
17958.19727 0.06521
17960.89062 0.07320
17963.59180 0.06506
17966.28320 0.09463
17968.97656 0.07744
17971.66992 0.07660
17974.35352 0.08897
17977.04688 0.10191
17979.74219 0.09680
17982.43555 0.07483
17985.12109 0.08113
17987.81836 0.07837
17990.51367 0.08744
17993.21094 0.07771
17995.90625 0.05473
17998.58398 0.05262
18001.27148 0.07551
18003.97070 0.08037
18006.66992 0.08104
18009.36719 0.07803
18012.04883 0.06291
18014.73828 0.06466
18017.42773 0.05669
18020.10742 0.09041
18022.80859 0.07311
18025.50977 0.08577
18028.19141 0.09322
18030.89453 0.07850
18033.57812 0.07180
18036.27148 0.06678
18038.95312 0.09363
18041.65820 0.06430
18044.34180 0.09333
18047.04688 0.07397
18049.73242 0.07526
18052.41797 0.05975
18055.12305 0.05552
18057.80859 0.04138
18060.49609 0.04883
18063.19336 0.08709
18065.87891 0.02975
18068.56836 0.06559
18071.25781 0.07179
18073.96484 0.08677
18076.65430 0.07473
18079.34375 0.08048
18082.03516 0.06319
18084.72461 0.07215
18087.41406 0.06098
18090.10547 0.06701
18092.79688 0.08024
18095.48828 0.04778
18098.18164 0.07996
18100.87500 0.04763
18103.56836 0.06754
18106.26172 0.08813
18108.95508 0.07270
18111.64844 0.06441
18114.34375 0.05834
18117.01953 0.08062
18119.71484 0.07356
18122.41016 0.05987
18125.10742 0.08534
18127.79492 0.06771
18130.49219 0.05980
18133.18945 0.05712
18135.86523 0.06879
18138.56445 0.07175
18141.26367 0.08882
18143.94336 0.07490
18146.64258 0.07577
18149.32227 0.08473
18152.02344 0.08576
18154.71289 0.06539
18157.41406 0.03872
18160.09570 0.06055
18162.79688 0.07737
18165.48047 0.06221
18168.16406 0.07846
18170.86719 0.07357
18173.54883 0.06014
18176.24414 0.07807
18178.94727 0.07908
18181.64258 0.08324
18184.32812 0.06285
18187.01367 0.07248
18189.72070 0.07463
18192.41602 0.05969
18195.10352 0.07557
18197.79102 0.07311
18200.47656 0.06474
18203.17578 0.06688
18205.86328 0.07553
18208.55273 0.07369
18211.26172 0.05508
18213.93164 0.06412
18216.63281 0.04035
18219.32227 0.07229
18222.01172 0.05966
18224.70312 0.05754
18227.40430 0.06446
18230.09766 0.07528
18232.78906 0.06096
18235.46289 0.06860
18238.16602 0.08834
18240.85938 0.06179
18243.55273 0.05973
18246.24805 0.05045
18248.93164 0.05351
18251.63672 0.06697
18254.33203 0.06637
18257.01758 0.08415
18259.71484 0.07167
18262.39258 0.06780
18265.09766 0.06213
18267.77539 0.08600
18270.47461 0.06227
18273.16211 0.08675
18275.86133 0.07657
18278.53906 0.07814
18281.24805 0.07474
18283.92969 0.05101
18286.61914 0.04092
18289.32031 0.04230
18292.00000 0.04248
18294.69336 0.05190
18297.39453 0.05277
18300.08594 0.06598
18302.77930 0.08136
18305.46289 0.07037
18308.16602 0.08480
18310.85938 0.05045
18313.54297 0.08006
18316.23828 0.07617
18318.92383 0.07592
18321.61914 0.08063
18324.30469 0.07387
18327.00000 0.05304
18329.68750 0.07761
18332.38477 0.07842
18335.08203 0.05560
18337.76758 0.06755
18340.46680 0.05295
18343.15625 0.04811
18345.85547 0.06609
18348.54492 0.04686
18351.24414 0.07538
18353.91406 0.06593
18356.61328 0.05311
18359.30469 0.07800
18362.00586 0.05441
18364.67773 0.08280
18367.38086 0.08099
18370.08203 0.07550
18372.76562 0.06713
18375.45898 0.08479
18378.16211 0.04394
18380.84570 0.07808
18383.53906 0.08091
18386.22461 0.08755
18388.91992 0.09769
18391.60547 0.08078
18394.30273 0.05703
18396.99805 0.07273
18399.69531 0.07399
18402.38281 0.04779
18405.06836 0.07699
18407.76758 0.05123
18410.45508 0.07130
18413.15430 0.05940
18415.84375 0.06014
18418.53320 0.05408
18421.21289 0.07484
18423.91211 0.03988
18426.61328 0.05808
18429.30469 0.03579
18431.99609 0.04657
18434.67773 0.06304
18437.37109 0.07193
18440.06250 0.05958
18442.74414 0.05633
18445.43750 0.06838
18448.15234 0.04640
18450.82617 0.04403
18453.52148 0.05655
18456.21680 0.05830
18458.90039 0.07887
18461.59766 0.03708
18464.29297 0.05339
18466.99023 0.05007
18469.67578 0.04959
18472.38477 0.07275
18475.08203 0.04506
18477.75000 0.06450
18480.44727 0.04258
18483.14648 0.05810
18485.83594 0.06585
18488.51562 0.06247
18491.21484 0.04615
18493.92578 0.04212
18496.60742 0.05436
18499.29688 0.03931
18501.97852 0.03841
18504.67969 0.04856
18507.36328 0.05853
18510.05469 0.05832
18512.74805 0.05928
18515.45117 0.07492
18518.13672 0.03420
18520.83984 0.04046
18523.51562 0.07276
18526.19922 0.05179
18528.90430 0.07417
18531.59180 0.05698
18534.28711 0.03537
18536.99414 0.06274
18539.66992 0.07132
18542.35742 0.03283
18545.04492 0.05899
18547.75391 0.07214
18550.44141 0.07387
18553.14062 0.05312
18555.83008 0.06378
18558.50781 0.05266
18561.19922 0.04892
18563.88867 0.04917
18566.57812 0.05564
18569.28125 0.04417
18571.97266 0.04719
18574.66406 0.07978
18577.35547 0.07600
18580.04883 0.04828
18582.74023 0.05081
18585.42578 0.07071
18588.12891 0.03783
18590.82422 0.05627
18593.51758 0.06811
18596.21289 0.07243
18598.88672 0.06984
18601.58398 0.07083
18604.29102 0.06203
18606.96680 0.05167
18609.66211 0.04815
18612.35938 0.06907
18615.05859 0.06403
18617.73633 0.02521
18620.44531 0.04545
18623.12305 0.05138
18625.82227 0.04656
18628.50000 0.05074
18631.20117 0.06132
18633.88086 0.04994
18636.59180 0.05344
18639.27344 0.04799
18641.97461 0.03950
18644.65625 0.03717
18647.35742 0.04353
18650.04102 0.05487
18652.73438 0.07316
18655.43555 0.08296
18658.12109 0.07555
18660.80469 0.01930
18663.48828 0.06166
18666.19336 0.04198
18668.88867 0.06743
18671.58398 0.04611
18674.26953 0.05097
18676.95703 0.06326
18679.66211 0.03857
18682.35938 0.06285
18685.04883 0.05924
18687.73633 0.05426
18690.42383 0.07574
18693.11133 0.07170
18695.81055 0.06554
18698.50977 0.05639
18701.19922 0.05889
18703.89062 0.06616
18706.58203 0.05252
18709.26172 0.07286
18711.95117 0.06296
18714.65430 0.06102
18717.34570 0.07846
18720.03906 0.06999
18722.73242 0.04656
18725.41406 0.04748
18728.10742 0.03837
18730.81250 0.03836
18733.48438 0.05054
18736.19141 0.04843
18738.88672 0.06335
18741.56055 0.02844
18744.26562 0.04317
18746.94336 0.05032
18749.64844 0.05068
18752.34570 0.04104
18755.03320 0.05159
18757.73242 0.05272
18760.40820 0.03340
18763.11719 0.03372
18765.79492 0.06716
18768.48438 0.05083
18771.18555 0.05724
18773.86328 0.05778
18776.56445 0.06187
18779.26562 0.05546
18781.94531 0.05690
18784.62695 0.03974
18787.34961 0.03045
18790.03125 0.06652
18792.71484 0.05716
18795.40820 0.03327
18798.10938 0.06520
18800.80469 0.05933
18803.48633 0.03558
18806.18164 0.04057
18808.86719 0.04931
18811.56250 0.05668
18814.25781 0.07133
18816.94336 0.03991
18819.63867 0.04532
18822.32617 0.05471
18825.02344 0.04102
18827.72070 0.05178
18830.40820 0.04017
18833.09570 0.02879
18835.80469 0.05381
18838.47266 0.04906
18841.17188 0.05622
18843.86133 0.04093
18846.56250 0.03980
18849.26367 0.04814
18851.93164 0.05076
18854.62305 0.03699
18857.33594 0.05584
18860.02734 0.05723
18862.70898 0.03652
18865.40234 0.04393
18868.09570 0.04609
18870.78711 0.04279
18873.48047 0.06670
18876.16602 0.04849
18878.87109 0.04377
18881.55469 0.04795
18884.25000 0.06121
18886.93555 0.05349
18889.63281 0.06242
18892.32812 0.04740
18895.00391 0.05965
18897.71094 0.05136
18900.39844 0.04740
18903.08594 0.04828
18905.78516 0.06064
18908.47266 0.05839
18911.16211 0.05726
18913.87109 0.04165
18916.55078 0.06306
18919.24023 0.04556
18921.92969 0.04250
18924.62109 0.01444
18927.32227 0.05929
18930.01367 0.02624
18932.70703 0.03716
18935.39844 0.06865
18938.08984 0.07208
18940.77344 0.05292
18943.47656 0.05099
18946.16016 0.02269
18948.85352 0.04804
18951.54883 0.03644
18954.24414 0.02269
18956.93750 0.03243
18959.62305 0.05663
18962.33008 0.05479
18964.99609 0.05120
18967.69141 0.03986
18970.38867 0.04811
18973.08594 0.07011
18975.78516 0.04579
18978.46289 0.05075
18981.16016 0.05602
18983.85938 0.03392
18986.52734 0.05516
18989.22656 0.02049
18991.93750 0.03676
18994.60742 0.05090
18997.30859 0.04514
19000.00977 0.04494
19002.69141 0.05318
19005.39258 0.02334
19008.07422 0.05712
19010.77734 0.02813
19013.45898 0.03592
19016.16211 0.01782
19018.84570 0.02486
19021.52930 0.06008
19024.23438 0.03607
19026.91797 0.04740
19029.60352 0.05411
19032.30859 0.02363
19034.99414 0.06283
19037.69141 0.03140
19040.38867 0.02023
19043.07422 0.02763
19045.76172 0.03608
19048.45898 0.05851
19051.13672 0.03047
19053.84570 0.04489
19056.54297 0.03503
19059.22266 0.02528
19061.91211 0.03588
19064.61133 0.01538
19067.30078 0.01811
19069.99219 0.03271
19072.67188 0.04329
19075.37305 0.03647
19078.06445 0.05420
19080.75781 0.03771
19083.45898 0.03120
19086.14258 0.03929
19088.83398 0.03374
19091.53906 0.04825
19094.21094 0.05970
19096.90625 0.03159
19099.61133 0.02982
19102.29492 0.06470
19104.99023 0.03093
19107.67578 0.04618
19110.37109 0.03355
19113.06836 0.05624
19115.74414 0.03757
19118.45117 0.03086
19121.13867 0.01784
19123.81641 0.04421
19126.52539 0.06506
19129.22266 0.05577
19131.90039 0.02079
19134.61133 0.02856
19137.29102 0.03160
19139.99023 0.02667
19142.67969 0.02652
19145.38086 0.03358
19148.06250 0.03633
19150.75195 0.02571
19153.44531 0.04321
19156.12695 0.03716
19158.81836 0.02905
19161.52148 0.04132
19164.20508 0.02865
19166.89844 0.05339
19169.60156 0.05177
19172.28516 0.00502
19174.98047 0.04035
19177.66602 0.02552
19180.34961 0.03783
19183.06641 0.04596
19185.75195 0.03230
19188.43945 0.02856
19191.13477 0.03225
19193.82227 0.02923
19196.50977 0.05050
19199.20703 0.03822
19201.89453 0.03091
19204.58203 0.03665
19207.28320 0.03022
19209.97266 0.04285
19212.66211 0.04547
19215.36133 0.03720
19218.05273 0.03085
19220.75195 0.03150
19223.42383 0.04290
19226.11328 0.04223
19228.81641 0.04878
19231.51758 0.04834
19234.21094 0.03686
19236.89258 0.02298
19239.58594 0.01497
19242.27930 0.02094
19244.98438 0.04944
19247.65820 0.05555
19250.35156 0.02677
19253.03516 0.01801
19255.73242 0.01477
19258.43750 0.03332
19261.12305 0.01968
19263.82031 0.02341
19266.50586 0.02431
19269.20312 0.03449
19271.88086 0.03792
19274.58789 0.01536
19277.26562 0.02287
19279.96484 0.00472
19282.66406 0.03264
19285.34180 0.02619
19288.05273 0.04405
19290.73242 0.02114
19293.41211 0.02856
19296.12305 0.00449
19298.81445 0.04502
19301.49609 0.01691
19304.18555 0.01141
19306.88867 0.02428
19309.58203 0.04447
19312.27344 0.05192
19314.95703 0.02960
19317.65039 0.01939
19320.33398 0.01801
19323.02734 0.02473
19325.74219 0.02580
19328.42773 0.03322
19331.12305 0.02554
19333.80859 0.00921
19336.50391 0.01465
19339.20117 0.01897
19341.88672 0.02966
19344.57422 0.03250
19347.25977 0.03295
19349.94922 0.01097
19352.64648 0.01724
19355.34570 0.02036
19358.03320 0.02320
19360.73438 0.01442
19363.41211 0.04057
19366.11133 0.02585
19368.80078 0.00287
19371.49219 0.03323
19374.18359 0.02655
19376.87500 0.01701
19379.57617 0.00734
19382.25781 0.01041
19384.94922 0.00422
19387.65234 0.03613
19390.33594 0.02880
19393.03906 -0.00115
19395.71289 0.02250
19398.41797 0.03176
19401.09961 0.02228
19403.79492 0.03288
19406.49023 0.04636
19409.18555 0.02662
19411.87109 0.04121
19414.57812 0.03520
19417.25391 -0.00203
19419.95117 0.03827
19422.64844 0.02060
19425.32617 0.03603
19428.02344 0.01481
19430.72070 0.02115
19433.41992 0.03635
19436.09766 0.00495
19438.78711 0.01380
19441.49805 0.04179
19444.17773 0.01408
19446.87891 0.04233
19449.55859 0.01495
19452.25977 0.02929
19454.93945 0.02120
19457.63086 0.03980
19460.32422 0.03542
19463.01758 0.00659
19465.70898 0.01900
19468.40234 0.04108
19471.09570 0.02817
19473.77734 0.02520
19476.47266 0.02814
19479.16797 0.01314
19481.86133 0.01808
19484.55859 0.02938
19487.25391 0.00997
19489.93945 0.01092
19492.64648 0.01398
19495.31055 0.04445
19498.01953 0.03689
19500.70508 0.01224
19503.41406 0.01865
19506.09180 0.00565
19508.77930 0.03184
19511.47852 0.00325
19514.15625 0.02524
19516.86719 0.02836
19519.55664 0.04639
19522.24609 0.00336
19524.93555 0.02205
19527.62695 0.01463
19530.31836 0.04475
19533.00000 0.01426
19535.71289 0.01860
19538.38281 0.01982
19541.09570 0.03186
19543.76758 0.01778
19546.48242 0.01499
19549.16602 0.01747
19551.87109 0.00770
19554.55273 0.02746
19557.22656 0.01452
19559.94336 0.00512
19562.62891 0.00583
19565.31250 -0.00051
19567.99805 0.00848
19570.70703 0.03159
19573.39258 0.00407
19576.08984 0.02036
19578.77539 0.00890
19581.45117 0.00275
19584.17383 0.00395
19586.84961 0.01329
19589.54883 0.02590
19592.23633 0.00420
19594.93750 -0.00990
19597.61523 0.00630
19600.31641 0.00358
19603.00781 0.00777
19605.69922 0.02876
19608.38867 -0.00502
19611.09180 0.01674
19613.77148 0.00042
19616.46289 0.02537
19619.16797 0.04238
19621.83789 0.00518
19624.53125 0.02872
19627.22461 0.00369
19629.92969 -0.00083
19632.61328 0.02687
19635.31836 -0.01142
19637.99219 0.01114
19640.69727 0.01762
19643.38281 0.01922
19646.06836 -0.00488
19648.76562 0.03139
19651.47266 0.01197
19654.14844 -0.01451
19656.83594 0.02339
19659.54492 -0.01078
19662.22070 -0.00429
19664.93164 0.01504
19667.60938 0.00893
19670.30664 0.01228
19672.98633 -0.00078
19675.69727 -0.00154
19678.37500 0.00951
19681.07617 0.01980
19683.75586 -0.00320
19686.44727 -0.00117
19689.15039 0.02615
19691.83984 -0.00085
19694.52148 0.03533
19697.23633 0.01158
19699.90625 0.00308
19702.59961 0.00909
19705.30469 0.02260
19707.99805 -0.01136
19710.68164 -0.00499
19713.37695 -0.00180
19716.08203 -0.01839
19718.76758 0.00260
19721.45117 0.01257
19724.14648 0.00495
19726.83203 0.00575
19729.52930 0.02379
19732.21680 0.01663
19734.91406 0.00461
19737.59961 0.01182
19740.29883 0.00501
19742.98633 -0.00260
19745.68555 0.01369
19748.37305 0.00571
19751.06250 -0.01037
19753.75195 -0.01414
19756.45117 -0.01251
19759.14258 0.00656
19761.84375 0.00024
19764.51172 0.00639
19767.21484 0.01412
19769.90430 -0.00587
19772.60938 -0.00856
19775.27930 0.00361
19777.98242 -0.00650
19780.67578 -0.01732
19783.37891 -0.01137
19786.05078 -0.00808
19788.75586 -0.00403
19791.44922 0.02348
19794.13477 0.00151
19796.82812 -0.00931
19799.51367 0.00718
19802.21094 -0.00120
19804.89648 0.01742
19807.59180 -0.00308
19810.27734 -0.01960
19812.97461 0.02841
19815.66211 -0.00133
19818.35938 0.01583
19821.04688 0.00950
19823.74609 0.02299
19826.43359 0.00612
19829.12305 -0.00999
19831.82422 0.00380
19834.52344 -0.00094
19837.20117 0.01006
19839.91406 0.01379
19842.59180 -0.02455
19845.28516 0.00691
19847.96484 0.00484
19850.67773 -0.00752
19853.35938 -0.01364
19856.05078 -0.01459
19858.73242 -0.01316
19861.43555 0.00663
19864.11914 -0.01759
19866.81250 -0.01823
19869.51758 0.01054
19872.21289 -0.02443
19874.89648 -0.01336
19877.59180 0.00854
19880.28711 -0.00269
19882.97266 -0.02113
19885.67773 -0.01257
19888.36328 -0.00194
19891.06055 0.01034
19893.72656 -0.00233
19896.42383 -0.01616
19899.12109 -0.01452
19901.82031 -0.01754
19904.50781 -0.02233
19907.20703 -0.00011
19909.88477 -0.01534
19912.57422 0.00047
19915.28516 -0.02089
19917.97461 -0.01765
19920.65430 0.00566
19923.34375 -0.02291
19926.04688 -0.01642
19928.72656 -0.00344
19931.42969 0.01767
19934.12109 0.00270
19936.80273 -0.02463
19939.51758 0.00250
19942.18750 0.02687
19944.89258 -0.01764
19947.56445 0.00114
19950.27930 -0.01764
19952.95312 -0.01454
19955.65820 -0.01551
19958.33203 -0.04001
19961.04883 -0.00491
19963.73438 -0.01988
19966.40820 -0.01475
19969.12695 -0.02607
19971.80273 -0.02435
19974.50977 0.00085
19977.18555 -0.00559
19979.88281 -0.01933
19982.57227 -0.01218
19985.26953 -0.03394
19987.97070 -0.02244
19990.64648 -0.03140
19993.33594 -0.01346
19996.02539 -0.02182
19998.73633 -0.01197
20001.41602 -0.01975
20004.11719 -0.04016
20006.80859 -0.01759
20009.48828 -0.02014
20012.19141 -0.00411
20014.87109 -0.00120
20017.56250 -0.02866
20020.26758 -0.04059
20022.94922 -0.02535
20025.65430 -0.02135
20028.33594 -0.00758
20031.02930 -0.03780
20033.72461 0.01221
20036.41797 -0.00967
20039.11328 -0.03418
20041.78711 0.01885
20044.48242 -0.02224
20047.17969 -0.01679
20049.87695 -0.01505
20052.56250 -0.02607
20055.27148 -0.02720
20057.94531 0.01370
20060.64453 -0.01610
20063.34180 -0.03057
20066.01953 -0.01261
20068.71680 -0.01843
20071.41797 -0.03125
20074.09570 -0.02779
20076.79492 -0.00543
20079.47266 -0.03110
20082.17383 -0.01472
20084.88672 -0.03043
20087.55469 -0.02145
20090.26758 -0.01152
20092.93750 -0.01874
20095.65234 -0.05886
20098.33203 -0.03845
20101.03516 -0.01602
20103.71680 -0.00558
20106.39844 -0.01789
20109.10352 -0.01760
20111.78711 -0.01857
20114.46875 -0.01633
20117.18555 -0.03993
20119.85938 -0.03298
20122.55469 -0.02287
20125.25000 -0.05082
20127.94531 -0.03547
20130.63086 0.01201
20133.31641 -0.02062
20136.01367 -0.03178
20138.72266 -0.02877
20141.40820 -0.00128
20144.09766 -0.02429
20146.78320 -0.00823
20149.47070 0.00199
20152.16992 -0.05527
20154.85938 -0.03468
20157.54688 -0.01033
20160.23633 -0.04926
20162.92578 -0.02885
20165.62695 -0.02380
20168.30664 -0.04886
20171.00781 -0.03903
20173.71094 -0.02333
20176.39062 -0.04171
20179.09375 -0.03060
20181.77539 -0.02479
20184.47852 -0.02609
20187.18359 -0.04077
20189.84180 -0.02591
20192.54688 -0.02660
20195.24023 -0.04161
20197.93555 -0.04214
20200.64062 -0.04735
20203.31445 -0.03662
20206.00977 -0.03432
20208.71680 -0.01019
20211.38867 -0.01282
20214.08594 -0.05022
20216.78320 -0.06440
20219.46875 -0.03301
20222.16602 -0.02280
20224.84180 -0.04803
20227.55273 -0.04199
20230.22852 -0.02665
20232.92773 -0.03096
20235.61523 -0.04589
20238.31445 -0.02990
20240.99219 -0.01478
20243.70312 -0.03103
20246.38281 -0.04657
20249.08398 -0.03503
20251.77344 -0.03865
20254.45312 -0.03637
20257.15625 -0.05090
20259.84570 -0.02885
20262.52734 -0.02732
20265.24219 -0.00185
20267.92383 -0.02566
20270.60547 -0.02922
20273.32031 -0.06230
20276.00195 -0.03411
20278.68555 -0.04472
20281.37891 -0.02770
20284.06445 -0.03772
20286.78125 -0.04284
20289.47461 -0.05009
20292.14844 -0.03799
20294.84570 -0.05637
20297.54297 -0.03179
20300.22852 -0.05079
20302.92578 -0.03391
20305.61133 -0.02606
20308.29688 -0.05178
20310.99609 -0.03491
20313.69336 -0.04793
20316.38281 -0.05040
20319.07031 -0.03376
20321.76953 -0.04943
20324.45898 -0.03885
20327.16016 -0.03235
20329.83789 -0.05396
20332.52734 -0.04439
20335.22852 -0.04049
20337.90820 -0.04221
20340.60938 -0.03541
20343.29102 -0.03243
20345.98242 -0.04075
20348.68555 -0.06006
20351.38867 -0.04282
20354.05859 -0.04223
20356.76367 -0.05930
20359.45703 -0.03465
20362.12891 -0.03637
20364.83398 -0.04821
20367.53906 -0.03656
20370.21289 -0.05413
20372.91797 -0.03685
20375.60352 -0.06128
20378.29883 -0.04419
20380.98438 -0.03997
20383.69141 -0.06098
20386.36719 -0.05323
20389.06445 -0.04693
20391.76172 -0.05120
20394.44727 -0.06769
20397.13672 -0.05080
20399.82227 -0.05337
20402.53320 -0.07075
20405.21094 -0.04290
20407.89844 -0.04414
20410.61133 -0.05824
20413.28906 -0.05997
20415.97852 -0.05318
20418.66992 -0.06938
20421.37109 -0.03118
20424.06055 -0.05694
20426.75195 -0.03061
20429.43164 -0.02538
20432.12500 -0.04432
20434.83984 -0.05998
20437.52148 -0.05358
20440.21289 -0.05590
20442.90625 -0.05830
20445.58984 -0.06432
20448.28320 -0.04143
20450.97656 -0.04529
20453.67188 -0.03991
20456.35547 -0.06683
20459.05078 -0.06627
20461.74805 -0.05468
20464.43164 -0.05461
20467.13867 -0.06919
20469.83594 -0.07079
20472.52148 -0.06667
20475.19727 -0.07446
20477.89648 -0.07934
20480.58203 -0.05265
20483.28125 -0.06513
20485.97852 -0.06998
20488.67969 -0.07194
20491.34570 -0.06770
20494.04492 -0.05926
20496.74609 -0.10430
20499.42383 -0.06281
20502.12500 -0.05426
20504.82617 -0.06374
20507.51562 -0.07841
20510.19727 -0.06521
20512.89844 -0.05807
20515.58008 -0.06822
20518.27148 -0.03529
20520.97461 -0.06802
20523.66797 -0.04922
20526.36133 -0.05364
20529.04297 -0.06276
20531.74609 -0.07379
20534.42969 -0.07388
20537.12500 -0.05217
20539.81836 -0.04881
20542.50391 -0.05259
20545.19922 -0.06094
20547.88281 -0.09149
20550.59180 -0.07442
20553.27539 -0.06041
20555.96094 -0.06681
20558.66992 -0.03170
20561.35547 -0.08859
20564.03320 -0.04694
20566.73047 -0.05894
20569.43945 -0.05277
20572.12891 -0.06465
20574.80469 -0.06446
20577.49414 -0.06752
20580.19336 -0.06774
20582.88281 -0.08075
20585.58203 -0.05983
20588.27344 -0.07810
20590.96289 -0.08621
20593.65234 -0.07239
20596.34375 -0.06909
20599.03516 -0.07642
20601.73828 -0.08330
20604.41992 -0.09124
20607.11133 -0.07871
20609.80469 -0.05441
20612.49805 -0.07849
20615.19141 -0.06030
20617.88281 -0.08859
20620.57812 -0.06722
20623.27344 -0.08764
20625.96680 -0.06861
20628.64062 -0.05823
20631.34570 -0.08661
20634.03125 -0.08367
20636.72852 -0.06981
20639.41211 -0.08118
20642.10938 -0.09140
20644.79492 -0.09587
20647.49219 -0.08083
20650.17969 -0.10363
20652.87891 -0.07335
20655.56445 -0.09440
20658.25195 -0.08702
20660.95117 -0.07334
20663.65039 -0.07253
20666.32812 -0.05962
20669.02930 -0.08158
20671.71875 -0.10839
20674.41992 -0.09549
20677.09766 -0.11573
20679.80078 -0.09355
20682.47852 -0.08108
20685.18164 -0.10283
20687.86133 -0.10122
20690.56641 -0.09575
20693.25781 -0.06871
20695.94922 -0.11217
20698.64258 -0.08587
20701.32422 -0.11073
20704.02930 -0.10735
20706.72461 -0.09208
20709.39453 -0.08823
20712.11133 -0.09484
20714.79688 -0.09451
20717.48047 -0.07482
20720.16406 -0.08457
20722.87305 -0.08438
20725.56836 -0.09531
20728.25391 -0.09732
20730.93945 -0.09010
20733.62500 -0.12307
20736.33398 -0.10056
20739.03320 -0.10169
20741.70898 -0.10724
20744.40820 -0.07883
20747.09570 -0.09939
20749.79492 -0.09698
20752.47266 -0.08668
20755.17188 -0.08107
20757.86133 -0.10495
20760.56250 -0.09711
20763.25195 -0.10319
20765.94336 -0.11359
20768.63281 -0.09910
20771.33594 -0.09835
20774.02734 -0.11577
20776.69531 -0.11398
20779.38867 -0.12300
20782.08984 -0.12495
20784.78320 -0.11705
20787.47656 -0.12711
20790.16992 -0.12746
20792.85352 -0.12123
20795.55859 -0.11412
20798.25195 -0.08992
20800.94727 -0.10256
20803.61914 -0.14177
20806.32617 -0.14623
20809.02148 -0.10880
20811.70703 -0.11085
20814.40430 -0.10712
20817.07617 -0.13182
20819.78516 -0.13751
20822.48242 -0.12712
20825.15820 -0.11485
20827.85742 -0.12854
20830.54492 -0.12148
20833.25586 -0.12674
20835.93164 -0.12932
20838.63086 -0.13129
20841.31836 -0.12301
20844.01953 -0.12467
20846.70898 -0.12778
20849.38672 -0.10922
20852.08789 -0.13417
20854.77930 -0.12300
20857.45898 -0.10905
20860.17188 -0.13062
20862.85156 -0.11789
20865.53125 -0.09727
20868.24609 -0.12217
20870.92773 -0.10673
20873.62109 -0.13109
20876.30273 -0.12044
20878.99609 -0.12669
20881.70117 -0.12583
20884.39453 -0.13946
20887.08984 -0.12656
20889.76172 -0.12310
20892.45703 -0.14041
20895.15234 -0.14862
20897.83594 -0.14873
20900.55664 -0.13500
20903.24023 -0.14416
20905.92578 -0.13566
20908.62305 -0.12822
20911.32031 -0.14773
20914.00781 -0.13246
20916.70508 -0.12128
20919.36914 -0.14143
20922.07031 -0.14811
20924.75586 -0.15275
20927.45508 -0.16862
20930.15625 -0.14711
20932.84570 -0.16039
20935.53516 -0.16230
20938.23633 -0.14678
20940.91406 -0.13147
20943.61523 -0.14425
20946.29492 -0.11105
20948.99805 -0.14773
20951.67773 -0.13541
20954.37891 -0.16520
20957.07227 -0.15973
20959.75391 -0.15564
20962.44531 -0.17129
20965.15039 -0.15657
20967.83203 -0.14876
20970.52734 -0.16872
20973.23242 -0.15685
20975.90234 -0.16346
20978.60938 -0.18006
20981.29297 -0.18030
20984.00000 -0.17965
20986.67383 -0.15585
20989.38086 -0.17670
20992.05273 -0.20192
20994.76172 -0.16327
20997.44727 -0.19917
21000.14453 -0.18166
21002.83203 -0.18488
21005.51758 -0.17223
21008.21680 -0.16906
21010.90430 -0.17766
21013.61523 -0.19801
21016.30273 -0.17556
21018.99219 -0.17890
21021.66797 -0.20172
21024.36914 -0.20189
21027.05859 -0.19566
21029.74805 -0.18486
21032.43945 -0.18405
21035.15234 -0.18199
21037.84375 -0.19954
21040.52344 -0.19802
21043.21289 -0.16477
21045.89453 -0.16761
21048.58789 -0.19764
21051.27930 -0.15909
21053.99414 -0.20437
21056.67578 -0.19046
21059.37109 -0.17965
21062.06445 -0.20033
21064.75977 -0.17621
21067.45312 -0.19021
21070.14844 -0.20514
21072.84375 -0.21002
21075.52734 -0.20285
21078.20117 -0.22898
21080.89648 -0.21380
21083.59375 -0.20853
21086.29102 -0.19718
21088.97656 -0.21127
21091.66211 -0.20442
21094.35938 -0.20758
21097.05859 -0.22063
21099.73438 -0.24602
21102.43359 -0.22068
21105.13281 -0.24216
21107.83398 -0.23398
21110.49805 -0.23178
21113.19922 -0.22672
21115.90039 -0.24538
21118.57812 -0.24086
21121.27930 -0.23379
21123.98047 -0.23071
21126.66016 -0.23275
21129.34961 -0.22281
21132.04102 -0.23103
21134.74414 -0.20929
21137.43750 -0.24098
21140.12891 -0.25781
21142.83398 -0.24927
21145.51562 -0.23543
21148.20898 -0.25105
21150.89062 -0.26353
21153.59570 -0.26298
21156.27734 -0.24082
21158.96289 -0.24382
21161.66797 -0.25058
21164.35352 -0.25349
21167.05859 -0.28252
21169.73242 -0.26182
21172.41602 -0.28689
21175.12695 -0.27469
21177.82227 -0.28422
21180.50781 -0.27048
21183.19336 -0.28419
21185.90430 -0.27132
21188.59180 -0.30214
21191.26758 -0.28740
21193.95312 -0.30079
21196.64258 -0.28820
21199.35352 -0.31638
21202.05273 -0.31368
21204.74219 -0.31646
21207.43164 -0.28682
21210.12109 -0.31452
21212.79883 -0.30371
21215.49023 -0.32409
21218.19336 -0.31494
21220.88281 -0.28823
21223.57422 -0.30721
21226.26562 -0.31733
21228.95703 -0.29277
21231.65039 -0.32097
21234.34375 -0.32615
21237.03711 -0.29975
21239.73047 -0.35043
21242.42188 -0.32296
21245.11719 -0.32160
21247.81055 -0.32819
21250.49414 -0.34748
21253.18945 -0.35704
21255.88477 -0.34222
21258.58008 -0.34884
21261.26562 -0.38588
21263.94922 -0.36911
21266.64648 -0.34701
21269.34375 -0.35835
21272.04102 -0.38988
21274.72656 -0.34705
21277.42578 -0.35503
21280.12305 -0.37455
21282.79883 -0.37852
21285.48633 -0.39494
21288.17383 -0.40627
21290.87500 -0.39586
21293.57422 -0.39513
21296.26172 -0.38848
21298.96289 -0.39622
21301.64062 -0.38552
21304.34375 -0.41919
21307.03320 -0.39275
21309.73633 -0.43157
21312.40234 -0.42197
21315.10547 -0.42535
21317.79688 -0.41358
21320.47656 -0.42727
21323.18164 -0.43064
21325.87500 -0.44006
21328.55469 -0.45308
21331.25977 -0.43849
21333.95312 -0.44722
21336.63477 -0.45421
21339.34180 -0.45193
21342.02539 -0.43462
21344.70703 -0.45329
21347.39258 -0.45957
21350.09961 -0.47884
21352.79492 -0.44941
21355.47852 -0.45808
21358.17578 -0.46838
21360.86133 -0.49841
21363.57031 -0.48018
21366.26758 -0.50940
21368.95312 -0.49609
21371.64062 -0.48718
21374.32812 -0.52467
21377.01562 -0.52962
21379.70117 -0.51235
21382.40234 -0.51458
21385.08984 -0.50656
21387.79102 -0.52582
21390.48047 -0.52667
21393.16797 -0.53043
21395.87109 -0.53909
21398.56055 -0.55388
21401.26367 -0.53819
21403.95312 -0.54056
21406.64453 -0.55015
21409.31250 -0.56991
21412.00391 -0.56348
21414.70703 -0.56196
21417.40039 -0.56943
21420.09180 -0.58396
21422.77344 -0.58285
21425.46680 -0.61129
21428.17188 -0.57386
21430.86719 -0.60350
21433.54883 -0.64399
21436.24414 -0.62244
21438.95117 -0.62506
21441.62305 -0.61139
21444.33008 -0.61832
21447.01367 -0.63228
21449.69922 -0.63418
21452.39648 -0.64337
21455.08203 -0.66864
21457.77930 -0.63868
21460.47656 -0.67185
21463.16211 -0.65563
21465.84961 -0.69153
21468.54688 -0.67661
21471.23633 -0.67611
21473.93359 -0.69525
21476.62305 -0.70063
21479.32227 -0.71294
21482.01172 -0.73357
21484.71289 -0.72257
21487.40234 -0.72598
21490.08008 -0.75491
21492.79297 -0.73891
21495.45898 -0.75207
21498.15039 -0.73638
21500.85352 -0.76592
21503.54492 -0.78943
21506.22461 -0.79757
21508.91602 -0.80066
21511.62109 -0.79699
21514.31445 -0.79176
21517.00781 -0.80460
21519.68945 -0.80596
21522.38281 -0.81798
21525.08789 -0.84237
21527.78125 -0.85423
21530.46680 -0.84922
21533.16016 -0.84791
21535.85547 -0.87846
21538.53906 -0.87813
21541.23438 -0.89013
21543.91992 -0.91369
21546.61719 -0.90277
21549.31445 -0.94833
21552.00000 -0.92024
21554.68555 -0.92127
21557.38477 -0.93716
21560.07031 -0.93358
21562.76953 -0.96196
21565.45703 -0.95862
21568.15625 -0.95295
21570.85547 -0.96373
21573.51953 -0.98490
21576.22070 -1.00540
21578.92188 -1.00957
21581.61133 -1.01688
21584.31250 -1.03011
21586.99023 -1.03186
21589.67969 -1.05290
21592.38281 -1.06830
21595.08594 -1.06882
21597.75391 -1.09753
21600.45703 -1.12187
21603.16211 -1.10603
21605.83008 -1.11734
21608.53516 -1.13199
21611.24023 -1.13429
21613.90820 -1.12593
21616.61523 -1.14873
21619.29688 -1.15711
21622.00195 -1.16662
21624.67383 -1.19967
21627.37891 -1.21395
21630.06445 -1.20193
21632.75977 -1.23304
21635.44336 -1.25647
21638.15234 -1.23341
21640.83789 -1.26582
21643.53320 -1.27289
21646.21875 -1.28005
21648.92969 -1.29445
21651.61328 -1.29596
21654.28906 -1.33108
21656.98828 -1.33537
21659.67578 -1.33425
21662.36328 -1.37584
21665.06250 -1.37858
21667.75000 -1.38912
21670.43750 -1.42718
21673.12695 -1.41914
21675.82812 -1.44264
21678.51758 -1.43631
21681.20703 -1.47199
21683.89844 -1.46700
21686.58789 -1.49602
21689.29102 -1.51606
21691.98242 -1.52663
21694.67383 -1.53249
21697.36523 -1.55978
21700.05859 -1.54502
21702.75000 -1.57581
21705.43164 -1.60313
21708.12500 -1.61441
21710.81836 -1.62717
21713.51172 -1.63511
21716.20508 -1.66695
21718.90039 -1.69344
21721.58398 -1.70812
21724.27734 -1.73036
21726.97461 -1.73585
21729.66992 -1.73487
21732.36523 -1.74791
21735.06250 -1.79230
21737.73438 -1.82682
21740.41992 -1.83765
21743.11719 -1.83638
21745.81641 -1.88414
21748.51367 -1.89227
21751.21289 -1.88495
21753.88672 -1.91911
21756.58594 -1.95812
21759.28516 -1.97045
21761.97266 -1.98015
21764.65039 -1.98387
21767.35156 -2.00197
21770.05273 -2.03206
21772.72852 -2.08916
21775.43164 -2.07666
21778.13281 -2.06295
21780.81055 -2.11862
21783.51367 -2.14431
21786.20312 -2.17166
21788.90625 -2.20098
21791.58594 -2.19431
21794.27930 -2.21312
21796.97070 -2.22849
21799.66211 -2.26832
21802.34375 -2.31456
21805.04883 -2.31803
21807.73047 -2.34889
21810.43750 -2.38168
21813.11914 -2.36706
21815.82422 -2.41118
21818.50781 -2.43810
21821.19141 -2.47966
21823.90039 -2.47748
21826.58203 -2.51539
21829.26562 -2.55527
21831.97461 -2.57426
21834.66016 -2.57085
21837.34570 -2.60698
21840.03125 -2.65667
21842.74023 -2.66590
21845.42773 -2.72320
21848.11328 -2.73528
21850.80078 -2.74359
21853.48828 -2.78322
21856.19922 -2.81187
21858.88672 -2.81458
21861.57617 -2.83318
21864.26367 -2.88424
21866.95312 -2.90726
21869.64258 -2.93850
21872.33203 -2.94760
21875.02148 -2.97021
21877.72266 -3.01094
21880.41406 -3.01294
21883.10547 -3.05425
21885.80664 -3.09152
21888.50000 -3.11370
21891.19141 -3.16460
21893.88281 -3.18982
21896.57617 -3.22850
21899.26758 -3.28597
21901.96094 -3.29944
21904.65430 -3.29542
21907.34961 -3.33419
21910.01953 -3.38457
21912.71289 -3.40790
21915.41992 -3.42452
21918.11523 -3.47806
21920.81055 -3.50772
21923.48242 -3.53173
21926.17969 -3.53023
21928.87500 -3.53416
21931.57227 -3.59460
21934.24609 -3.64602
21936.94336 -3.66382
21939.65234 -3.68985
21942.32617 -3.72677
21945.03711 -3.76566
21947.73633 -3.77461
21950.41016 -3.80146
21953.11133 -3.80178
21955.79688 -3.84834
21958.49805 -3.85061
21961.17383 -3.87588
21963.87500 -3.91881
21966.57617 -3.92285
21969.25391 -3.98080
21971.94336 -3.99920
21974.64453 -4.04576
21977.32422 -4.05707
21980.02734 -4.05656
21982.70508 -4.08369
21985.40820 -4.13504
21988.09961 -4.14113
21990.77930 -4.15497
21993.49609 -4.17227
21996.17773 -4.21164
21998.87109 -4.22962
22001.57617 -4.24619
22004.25586 -4.29077
22006.93945 -4.27166
22009.64648 -4.27328
22012.32812 -4.27386
22015.02344 -4.33207
22017.70703 -4.34363
22020.39062 -4.36500
22023.09766 -4.34833
22025.79492 -4.35470
22028.47852 -4.39995
22031.16406 -4.39434
22033.87305 -4.39675
22036.55859 -4.38308
22039.24414 -4.38670
22041.92969 -4.38337
22044.62891 -4.41550
22047.33984 -4.41162
22050.00391 -4.38363
