# Measured ngspice AC at DC=0; adaptive DDT realization; original coefficients.
# 200 points/decade; Rs=200 ohm differential; RL=8 ohm.
model,netlist,frequency_hz,source_real_v,source_imag_v,primary_real_v,primary_imag_v,output_real_v,output_imag_v,gain_source_db,gain_primary_db,phase_source_deg,group_delay_s
GCOT-PP-04,netlists/GCOT-PP-04__main__f20__m30dBV.cir,20.0,1.0,-6.123233995736766e-17,0.08139561951670082,-4.984044245287178e-18,0.2939462563897536,-1.7999017100452944e-17,-10.634641329646001,11.153338010141331,6.006412671842443e-31,7.20434627985351e-33
GCOT-PP-04,netlists/GCOT-PP-04__main__f20__m30dBV.cir,20.23158908519797,1.0,-6.123233995736766e-17,0.08139561951670082,-4.984044245287178e-18,0.2939464190342524,-1.799902705955619e-17,-10.634636523625359,11.153342816161974,0.0,3.622908686326243e-33
GCOT-PP-04,netlists/GCOT-PP-04__main__f20__m30dBV.cir,20.465859845615086,1.0,-6.123233995736766e-17,0.08139561951670082,-4.984044245287178e-18,0.2939465779766843,-1.7999036791973213e-17,-10.634631827000533,11.1533475127868,0.0,-0.0
GCOT-PP-04,netlists/GCOT-PP-04__main__f20__m30dBV.cir,20.70284333358688,1.0,-6.123233995736766e-17,0.08139561951670082,-4.984044245287178e-18,0.2939467333013108,-1.799904630286355e-17,-10.634627237281487,11.153352102505847,0.0,-0.0
GCOT-PP-04,netlists/GCOT-PP-04__main__f20__m30dBV.cir,20.942570961017996,1.0,-6.123233995736766e-17,0.08139561951670082,-4.984044245287178e-18,0.2939468850904758,-1.79990555972693e-17,-10.634622752034858,11.153356587752477,0.0,-3.420237307859675e-33
GCOT-PP-04,netlists/GCOT-PP-04__main__f20__m30dBV.cir,21.185074503545785,1.0,-6.123233995736766e-17,0.08139561951670082,-4.984044245287178e-18,0.293947033424649,-1.799906468011782e-17,-10.634618368882666,11.153360970904666,6.006396794178402e-31,-3.459840121967072e-33
GCOT-PP-04,netlists/GCOT-PP-04__main__f20__m30dBV.cir,21.430386104752138,1.0,-6.123233995736766e-17,0.08139561951670082,-4.984044245287178e-18,0.2939471783824688,-1.799907355622432e-17,-10.634614085501067,11.153365254286268,6.006393832169414e-31,6.684763182855139e-33
GCOT-PP-04,netlists/GCOT-PP-04__main__f20__m30dBV.cir,21.678538280424082,1.0,-6.123233995736766e-17,0.08139561951670082,-4.984044245287178e-18,0.2939473200407839,-1.7999082230294433e-17,-10.634609899619093,11.15336944016824,-6.006390937583984e-31,3.4580473502799334e-33
GCOT-PP-04,netlists/GCOT-PP-04__main__f20__m30dBV.cir,21.929563922863714,1.0,-6.123233995736766e-17,0.08139561951670082,-4.984044245287178e-18,0.293947458474694,-1.7999090706926678e-17,-10.63460580901748,11.153373530769851,0.0,-3.3423799427195125e-33
GCOT-PP-04,netlists/GCOT-PP-04__main__f20__m30dBV.cir,22.18349630524804,1.0,-6.123233995736766e-17,0.08139561951670082,-4.984044245287178e-18,0.29394759375758955,-1.799909899061493e-17,-10.634601811527464,11.153377528259869,0.0,-3.22890462269384e-33
GCOT-PP-04,netlists/GCOT-PP-04__main__f20__m30dBV.cir,22.440369086039286,1.0,-6.123233995736766e-17,0.08139561951670082,-4.984044245287178e-18,0.2939477259611908,-1.799910708575078e-17,-10.634597905029652,11.15338143475768,6.006382643195431e-31,-7.43499189657619e-35
GCOT-PP-04,netlists/GCOT-PP-04__main__f20__m30dBV.cir,22.700216313446322,1.0,-6.123233995736766e-17,0.08139561951670082,-4.984044245287178e-18,0.2939478551555855,-1.799911499662588e-17,-10.63459408745289,11.153385252334441,0.0,3.2289046226938924e-33
GCOT-PP-04,netlists/GCOT-PP-04__main__f20__m30dBV.cir,22.96307242993768,1.0,-6.123233995736766e-17,0.08139561951670082,-4.984044245287178e-18,0.2939479814092665,-1.7999122727434196e-17,-10.634590356773163,11.153388983014167,0.0,-0.0
GCOT-PP-04,netlists/GCOT-PP-04__main__f20__m30dBV.cir,23.228972276806882,1.0,-6.123233995736766e-17,0.08139561951670082,-4.984044245287178e-18,0.2939481047891676,-1.7999130282274245e-17,-10.634586711012528,11.153392628774805,0.0,-0.0
GCOT-PP-04,netlists/GCOT-PP-04__main__f20__m30dBV.cir,23.49795109879062,1.0,-6.123233995736766e-17,0.08139561951670082,-4.984044245287178e-18,0.29394822536069937,-1.7999137665151267e-17,-10.634583148238054,11.153396191549279,0.0,-3.048276126823994e-33
GCOT-PP-04,netlists/GCOT-PP-04__main__f20__m30dBV.cir,23.770044548740398,1.0,-6.123233995736766e-17,0.08139561951670082,-4.984044245287178e-18,0.29394834318778357,-1.799914487997934e-17,-10.63457966656082,11.153399673226511,6.006370031118583e-31,-7.019070226533963e-35
GCOT-PP-04,netlists/GCOT-PP-04__main__f20__m30dBV.cir,24.04528869234829,1.0,-6.123233995736766e-17,0.08139561951670082,-4.984044245287178e-18,0.29394845833288713,-1.7999151930583467e-17,-10.634576264134887,11.153403075652445,0.0,3.0482761268240164e-33
GCOT-PP-04,netlists/GCOT-PP-04__main__f20__m30dBV.cir,24.323720012927392,1.0,-6.123233995736766e-17,0.08139561951670082,-4.984044245287178e-18,0.2939485708570553,-1.7999158820701585e-17,-10.634572939156337,11.153406400630995,0.0,-0.0
GCOT-PP-04,netlists/GCOT-PP-04__main__f20__m30dBV.cir,24.605375416247664,1.0,-6.123233995736766e-17,0.08139561951670082,-4.984044245287178e-18,0.2939486808199439,-1.7999165553986565e-17,-10.634569689862307,11.153409649925026,0.0,2.9110766933554894e-33
GCOT-PP-04,netlists/GCOT-PP-04__main__f20__m30dBV.cir,24.890292235427737,1.0,-6.123233995736766e-17,0.08139561951670082,-4.984044245287178e-18,0.29394878827985105,-1.7999172134008132e-17,-10.634566514530066,11.153412825257266,-6.006360936379085e-31,6.703149877308709e-35
GCOT-PP-04,netlists/GCOT-PP-04__main__f20__m30dBV.cir,25.17850823588338,1.0,-6.123233995736766e-17,0.08139561951670082,-4.984044245287178e-18,0.293948893293748,-1.7999178564254768e-17,-10.634563411476087,11.153415928311246,0.0,-2.9110766933554114e-33
GCOT-PP-04,netlists/GCOT-PP-04__main__f20__m30dBV.cir,25.470061620333272,1.0,-6.123233995736766e-17,0.08139561951670082,-4.984044245287178e-18,0.29394899591730933,-1.7999184848135563e-17,-10.634560379055172,11.15341896073216,0.0,-2.812245252464466e-33
GCOT-PP-04,netlists/GCOT-PP-04__main__f20__m30dBV.cir,25.76499103386272,1.0,-6.123233995736766e-17,0.08139561951670082,-4.984044245287178e-18,0.2939490962049424,-1.7999190988982003e-17,-10.634557415659561,11.153421924127771,6.0063546444419296e-31,-6.475577047494452e-35
GCOT-PP-04,netlists/GCOT-PP-04__main__f20__m30dBV.cir,26.063335569046032,1.0,-6.123233995736766e-17,0.08139561951670082,-4.984044245287178e-18,0.29394919420981636,-1.7999196990049763e-17,-10.634554519718094,11.15342482006924,0.0,6.401632900448493e-35
GCOT-PP-04,netlists/GCOT-PP-04__main__f20__m30dBV.cir,26.36513477112819,1.0,-6.123233995736766e-17,0.08139561951670082,-4.984044245287178e-18,0.2939492899838902,-1.799920285452041e-17,-10.634551689695366,11.153427650091965,6.006350684898149e-31,-6.328170746283059e-35
GCOT-PP-04,netlists/GCOT-PP-04__main__f20__m30dBV.cir,26.67042864326653,1.0,-6.123233995736766e-17,0.08139561951670082,-4.984044245287178e-18,0.2939493835779402,-1.79992085855031e-17,-10.634548924090934,11.153430415696398,0.0,6.255901852855574e-35
GCOT-PP-04,netlists/GCOT-PP-04__main__f20__m30dBV.cir,26.979257651833123,1.0,-6.123233995736766e-17,0.08139561951670082,-4.984044245287178e-18,0.29394947504158714,-1.799921418603622e-17,-10.634546221438491,11.153433118348843,6.006346903563195e-31,-2.716767689464617e-33
GCOT-PP-04,netlists/GCOT-PP-04__main__f20__m30dBV.cir,27.291662731778544,1.0,-6.123233995736766e-17,0.08139561951670082,-4.984044245287178e-18,0.29394956442332226,-1.7999219659089013e-17,-10.634543580305117,11.153435759482218,6.006345077203258e-31,2.6245366128887283e-33
GCOT-PP-04,netlists/GCOT-PP-04__main__f20__m30dBV.cir,27.607685292057752,1.0,-6.123233995736766e-17,0.08139561951670082,-4.984044245287178e-18,0.29394965177053317,-1.7999225007563128e-17,-10.634540999290502,11.15343834049683,0.0,2.6549264884587728e-33
GCOT-PP-04,netlists/GCOT-PP-04__main__f20__m30dBV.cir,27.92736722111881,1.0,-6.123233995736766e-17,0.08139561951670082,-4.984044245287178e-18,0.29394973712952904,-1.799923023429418e-17,-10.63453847702621,11.153440862761121,0.0,-2.5647918330910627e-33
GCOT-PP-04,netlists/GCOT-PP-04__main__f20__m30dBV.cir,28.250750892455148,1.0,-6.123233995736766e-17,0.08139561951670082,-4.984044245287178e-18,0.29394982054556484,-1.799923534205324e-17,-10.634536012174959,11.153443327612376,6.006339843797882e-31,-5.905781905551123e-35
GCOT-PP-04,netlists/GCOT-PP-04__main__f20__m30dBV.cir,28.577879170222122,1.0,-6.123233995736766e-17,0.08139561951670082,-4.984044245287178e-18,0.29394990206286553,-1.799924033354831e-17,-10.634533603429892,11.153445736357439,0.0,2.564791833091053e-33
GCOT-PP-04,netlists/GCOT-PP-04__main__f20__m30dBV.cir,28.908795414918618,1.0,-6.123233995736766e-17,0.08139561951670082,-4.984044245287178e-18,0.29394998172464964,-1.7999245211425758e-17,-10.634531249513914,11.153448090273418,0.0,-0.0
GCOT-PP-04,netlists/GCOT-PP-04__main__f20__m30dBV.cir,29.243543489134435,1.0,-6.123233995736766e-17,0.08139561951670082,-4.984044245287178e-18,0.29395005957315185,-1.799924997827171e-17,-10.63452894917899,11.153450390608342,0.0,-2.449354559666602e-33
GCOT-PP-04,netlists/GCOT-PP-04__main__f20__m30dBV.cir,29.58216776336422,1.0,-6.123233995736766e-17,0.08139561951670082,-4.984044245287178e-18,0.29395013564964567,-1.799925463661344e-17,-10.634526701205491,11.153452638581843,6.006333405215395e-31,-5.639971888607002e-35
GCOT-PP-04,netlists/GCOT-PP-04__main__f20__m30dBV.cir,29.924713121888743,1.0,-6.123233995736766e-17,0.08139561951670082,-4.984044245287178e-18,0.2939502099944651,-1.7999259188920698e-17,-10.634524504401554,11.153454835385777,0.0,2.4493545596665664e-33
GCOT-PP-04,netlists/GCOT-PP-04__main__f20__m30dBV.cir,30.27122496872424,1.0,-6.123233995736766e-17,0.08139561951670082,-4.984044245287178e-18,0.29395028264702616,-1.7999263637607018e-17,-10.634522357602446,11.153456982184888,0.0,-0.0
GCOT-PP-04,netlists/GCOT-PP-04__main__f20__m30dBV.cir,30.62174923364068,1.0,-6.123233995736766e-17,0.08139561951670082,-4.984044245287178e-18,0.2939503536458477,-1.7999267985030994e-17,-10.634520259669936,11.153459080117397,0.0,-0.0
GCOT-PP-04,netlists/GCOT-PP-04__main__f20__m30dBV.cir,30.976332378249708,1.0,-6.123233995736766e-17,0.08139561951670082,-4.984044245287178e-18,0.29395042302857194,-1.7999272233497553e-17,-10.63451820949171,11.153461130295623,0.0,-0.0
GCOT-PP-04,netlists/GCOT-PP-04__main__f20__m30dBV.cir,31.335021402163065,1.0,-6.123233995736766e-17,0.08139561951670082,-4.984044245287178e-18,0.29395049083198416,-1.799927638525914e-17,-10.634516205980773,11.15346313380656,0.0,-0.0
GCOT-PP-04,netlists/GCOT-PP-04__main__f20__m30dBV.cir,31.697863849222355,1.0,-6.123233995736766e-17,0.08139561951670082,-4.984044245287178e-18,0.29395055709203255,-1.7999280442516948e-17,-10.634514248074865,11.153465091712471,0.0,-2.2597007941693167e-33
GCOT-PP-04,netlists/GCOT-PP-04__main__f20__m30dBV.cir,32.064907813800914,1.0,-6.123233995736766e-17,0.08139561951670082,-4.984044245287178e-18,0.29395062184384696,-1.799928440742206e-17,-10.63451233473591,11.153467005051425,6.006323470742542e-31,-2.285866415285445e-33
GCOT-PP-04,netlists/GCOT-PP-04__main__f20__m30dBV.cir,32.43620194717869,1.0,-6.123233995736766e-17,0.08139561951670082,-4.984044245287178e-18,0.29395068512175765,-1.7999288282076598e-17,-10.634510464949457,11.153468874837875,6.006322177778724e-31,2.2082637353583334e-33
GCOT-PP-04,netlists/GCOT-PP-04__main__f20__m30dBV.cir,32.811795463990876,1.0,-6.123233995736766e-17,0.08139561951670082,-4.984044245287178e-18,0.29395074695931356,-1.7999292068534846e-17,-10.634508637724156,11.153470702063178,0.0,5.084917167076691e-35
GCOT-PP-04,netlists/GCOT-PP-04__main__f20__m30dBV.cir,33.191738148751305,1.0,-6.123233995736766e-17,0.08139561951670082,-4.984044245287178e-18,0.2939508073893,-1.7999295768804317e-17,-10.634506852091206,11.153472487696128,6.0063196794754945e-31,-5.026618749854428e-35
GCOT-PP-04,netlists/GCOT-PP-04__main__f20__m30dBV.cir,33.5760803624513,1.0,-6.123233995736766e-17,0.08139561951670082,-4.984044245287178e-18,0.293950866443756,-1.7999299384846845e-17,-10.634505107103873,11.153474232683461,0.0,2.182984560533001e-33
GCOT-PP-04,netlists/GCOT-PP-04__main__f20__m30dBV.cir,33.96487304923498,1.0,-6.123233995736766e-17,0.08139561951670082,-4.984044245287178e-18,0.2939509241539914,-1.7999302918579598e-17,-10.63450340183696,11.153475937950372,0.0,-0.0
GCOT-PP-04,netlists/GCOT-PP-04__main__f20__m30dBV.cir,34.35816774315186,1.0,-6.123233995736766e-17,0.08139561951670082,-4.984044245287178e-18,0.29395098055060337,-1.7999306371876115e-17,-10.634501735386337,11.153477604400997,0.0,-2.0847324517618344e-33
GCOT-PP-04,netlists/GCOT-PP-04__main__f20__m30dBV.cir,34.75601657498761,1.0,-6.123233995736766e-17,0.08139561951670082,-4.984044245287178e-18,0.2939510356634926,-1.7999309746567283e-17,-10.634500106868451,11.15347923291888,6.006315015134808e-31,-2.1088721382340823e-33
GCOT-PP-04,netlists/GCOT-PP-04__main__f20__m30dBV.cir,35.15847227917396,1.0,-6.123233995736766e-17,0.08139561951670082,-4.984044245287178e-18,0.2939510895218793,-1.7999313044442326e-17,-10.634498515419867,11.153480824367465,6.006313914644121e-31,2.0372781562907905e-33
GCOT-PP-04,netlists/GCOT-PP-04__main__f20__m30dBV.cir,35.56558820077856,1.0,-6.123233995736766e-17,0.08139561951670082,-4.984044245287178e-18,0.2939511421543185,-1.7999316267249738e-17,-10.634496960196794,11.15348237959054,0.0,4.691180363911542e-35
GCOT-PP-04,netlists/GCOT-PP-04__main__f20__m30dBV.cir,35.97741830257587,1.0,-6.123233995736766e-17,0.08139561951670082,-4.984044245287178e-18,0.29395119358871535,-1.799931941669821e-17,-10.634495440374646,11.153483899412686,6.006311788243211e-31,-4.637408741079132e-35
GCOT-PP-04,netlists/GCOT-PP-04__main__f20__m30dBV.cir,36.39401717219979,1.0,-6.123233995736766e-17,0.08139561951670082,-4.984044245287178e-18,0.2939512438523397,-1.7999322494457548e-17,-10.634493955147622,11.153485384639712,0.0,2.0139565354847323e-33
GCOT-PP-04,netlists/GCOT-PP-04__main__f20__m30dBV.cir,36.81544002937924,1.0,-6.123233995736766e-17,0.08139561951670082,-4.984044245287178e-18,0.29395129297184097,-1.7999325502159545e-17,-10.634492503728247,11.153486836059088,0.0,-0.0
GCOT-PP-04,netlists/GCOT-PP-04__main__f20__m30dBV.cir,37.241742733257475,1.0,-6.123233995736766e-17,0.08139561951670082,-4.984044245287178e-18,0.2939513409732617,-1.799932844139886e-17,-10.634491085346973,11.153488254440362,0.0,-0.0
GCOT-PP-04,netlists/GCOT-PP-04__main__f20__m30dBV.cir,37.67298178979614,1.0,-6.123233995736766e-17,0.08139561951670082,-4.984044245287178e-18,0.2939513878820519,-1.7999331313733844e-17,-10.634489699251775,11.153489640535557,0.0,-0.0
GCOT-PP-04,netlists/GCOT-PP-04__main__f20__m30dBV.cir,38.109214359265074,1.0,-6.123233995736766e-17,0.08139561951670082,-4.984044245287178e-18,0.2939514337230821,-1.799933412068739e-17,-10.634488344707744,11.15349099507959,0.0,-0.0
GCOT-PP-04,netlists/GCOT-PP-04__main__f20__m30dBV.cir,38.55049826381885,1.0,-6.123233995736766e-17,0.08139561951670082,-4.984044245287178e-18,0.29395147852065684,-1.7999336863747718e-17,-10.634487020996692,11.153492318790638,0.0,-1.8580166774496537e-33
GCOT-PP-04,netlists/GCOT-PP-04__main__f20__m30dBV.cir,38.99689199516104,1.0,-6.123233995736766e-17,0.08139561951670082,-4.984044245287178e-18,0.2939515222985275,-1.7999339544369174e-17,-10.634485727416791,11.153493612370543,6.006305071715248e-31,-1.8795312292620775e-33
GCOT-PP-04,netlists/GCOT-PP-04__main__f20__m30dBV.cir,39.448454722297214,1.0,-6.123233995736766e-17,0.08139561951670082,-4.984044245287178e-18,0.2939515650799048,-1.799934216397301e-17,-10.634484463282178,11.153494876505157,6.006304197564422e-31,5.286566602217675e-40
GCOT-PP-04,netlists/GCOT-PP-04__main__f20__m30dBV.cir,39.90524629937774,1.0,-6.123233995736766e-17,0.08139561951670082,-4.984044245287178e-18,0.293951606887471,-1.799934472394812e-17,-10.634483227922601,11.153496111864731,6.006303343311699e-31,1.7949383891410887e-33
GCOT-PP-04,netlists/GCOT-PP-04__main__f20__m30dBV.cir,40.36732727363137,1.0,-6.123233995736766e-17,0.08139561951670082,-4.984044245287178e-18,0.2939516477433924,-1.7999347225651788e-17,-10.634482020683071,11.15349731910426,0.0,1.8157225318592032e-33
GCOT-PP-04,netlists/GCOT-PP-04__main__f20__m30dBV.cir,40.83475889339074,1.0,-6.123233995736766e-17,0.08139561951670082,-4.984044245287178e-18,0.2939516876693304,-1.7999349670410397e-17,-10.634480840923509,11.153498498863822,0.0,-0.0
GCOT-PP-04,netlists/GCOT-PP-04__main__f20__m30dBV.cir,41.30760311621075,1.0,-6.123233995736766e-17,0.08139561951670082,-4.984044245287178e-18,0.2939517266864536,-1.799935205952015e-17,-10.634479688018397,11.153499651768936,0.0,-0.0
GCOT-PP-04,netlists/GCOT-PP-04__main__f20__m30dBV.cir,41.785922617080956,1.0,-6.123233995736766e-17,0.08139561951670082,-4.984044245287178e-18,0.2939517648154486,-1.7999354394247734e-17,-10.63447856135646,11.153500778430871,0.0,-1.714151466292214e-33
GCOT-PP-04,netlists/GCOT-PP-04__main__f20__m30dBV.cir,42.26978079673311,1.0,-6.123233995736766e-17,0.08139561951670082,-4.984044245287178e-18,0.2939518020765313,-1.7999356675831016e-17,-10.634477460340342,11.153501879446992,6.006299355022812e-31,-1.7340001948828804e-33
GCOT-PP-04,netlists/GCOT-PP-04__main__f20__m30dBV.cir,42.75924179004482,1.0,-6.123233995736766e-17,0.08139561951670082,-4.984044245287178e-18,0.2939518384894574,-1.7999358905479685e-17,-10.634476384386272,11.15350295540106,6.006298610999794e-31,4.151200474246445e-40
GCOT-PP-04,netlists/GCOT-PP-04__main__f20__m30dBV.cir,43.254370474540586,1.0,-6.123233995736766e-17,0.08139561951670082,-4.984044245287178e-18,0.29395187407353274,-1.7999361084375883e-17,-10.634475332923778,11.153504006863555,6.006297883912807e-31,1.655957330272853e-33
GCOT-PP-04,netlists/GCOT-PP-04__main__f20__m30dBV.cir,43.75523247899124,1.0,-6.123233995736766e-17,0.08139561951670082,-4.984044245287178e-18,0.29395190884762396,-1.799936321367486e-17,-10.634474305395374,11.153505034391959,0.0,1.6751322049300673e-33
GCOT-PP-04,netlists/GCOT-PP-04__main__f20__m30dBV.cir,44.26189419211295,1.0,-6.123233995736766e-17,0.08139561951670082,-4.984044245287178e-18,0.2939519428301682,-1.7999365294505562e-17,-10.63447330125625,11.153506038531082,0.0,-0.0
GCOT-PP-04,netlists/GCOT-PP-04__main__f20__m30dBV.cir,44.77442277136699,1.0,-6.123233995736766e-17,0.08139561951670082,-4.984044245287178e-18,0.2939519760391829,-1.7999367327971238e-17,-10.634472319974012,11.15350701981332,0.0,-1.599738104783423e-33
GCOT-PP-04,netlists/GCOT-PP-04__main__f20__m30dBV.cir,45.292886151861396,1.0,-6.123233995736766e-17,0.08139561951670082,-4.984044245287178e-18,0.2939520084922754,-1.7999369315150028e-17,-10.634471361028377,11.153507978758954,6.006295137345387e-31,-3.68361448713411e-35
GCOT-PP-04,netlists/GCOT-PP-04__main__f20__m30dBV.cir,45.81735305535567,1.0,-6.123233995736766e-17,0.08139561951670082,-4.984044245287178e-18,0.29395204020665217,-1.7999371257095532e-17,-10.634470423910908,11.153508915876422,0.0,3.6414818501201056e-35
GCOT-PP-04,netlists/GCOT-PP-04__main__f20__m30dBV.cir,46.34789299936978,1.0,-6.123233995736766e-17,0.08139561951670082,-4.984044245287178e-18,0.29395207119912825,-1.7999373154837362e-17,-10.63446950812474,11.153509831662591,6.006293856062135e-31,-1.5814255575377598e-33
GCOT-PP-04,netlists/GCOT-PP-04__main__f20__m30dBV.cir,46.88457630639866,1.0,-6.123233995736766e-17,0.08139561951670082,-4.984044245287178e-18,0.29395210148613576,-1.7999375009381702e-17,-10.634468613184316,11.153510726603015,6.006293237210744e-31,1.527737707408392e-33
GCOT-PP-04,netlists/GCOT-PP-04__main__f20__m30dBV.cir,47.42747411323332,1.0,-6.123233995736766e-17,0.08139561951670082,-4.984044245287178e-18,0.29395213108373286,-1.799937682171183e-17,-10.634467738615134,11.153511601172198,0.0,1.545427913372115e-33
GCOT-PP-04,netlists/GCOT-PP-04__main__f20__m30dBV.cir,47.976658380390035,1.0,-6.123233995736766e-17,0.08139561951670082,-4.984044245287178e-18,0.2939521600076121,-1.7999378592788638e-17,-10.634466883953495,11.153512455833837,0.0,-0.0
GCOT-PP-04,netlists/GCOT-PP-04__main__f20__m30dBV.cir,48.53220190164854,1.0,-6.123233995736766e-17,0.08139561951670082,-4.984044245287178e-18,0.293952188273109,-1.7999380323551153e-17,-10.634466048746244,11.153513291041088,0.0,1.475871625077068e-33
GCOT-PP-04,netlists/GCOT-PP-04__main__f20__m30dBV.cir,49.094178313700844,1.0,-6.123233995736766e-17,0.08139561951670082,-4.984044245287178e-18,0.29395221589520987,-1.7999382014917026e-17,-10.634465232550557,11.153514107236775,-6.006290899502739e-31,3.39839507668228e-35
GCOT-PP-04,netlists/GCOT-PP-04__main__f20__m30dBV.cir,49.66266210591165,1.0,-6.123233995736766e-17,0.08139561951670082,-4.984044245287178e-18,0.29395224288856003,-1.7999383667783018e-17,-10.634464434933676,11.153514904853656,0.0,-1.4758716250770681e-33
GCOT-PP-04,netlists/GCOT-PP-04__main__f20__m30dBV.cir,50.23772863019185,1.0,-6.123233995736766e-17,0.08139561951670082,-4.984044245287178e-18,0.29395226926747126,-1.7999385283025478e-17,-10.634463655472704,11.15351568431463,0.0,-1.4257666967743544e-33
GCOT-PP-04,netlists/GCOT-PP-04__main__f20__m30dBV.cir,50.81945411098636,1.0,-6.123233995736766e-17,0.08139561951670082,-4.984044245287178e-18,0.2939522950459298,-1.799938686150081e-17,-10.634462893754357,11.153516446032974,6.0062892822258656e-31,-3.28302166698722e-35
GCOT-PP-04,netlists/GCOT-PP-04__main__f20__m30dBV.cir,51.407915655377536,1.0,-6.123233995736766e-17,0.08139561951670082,-4.984044245287178e-18,0.29395232023760326,-1.7999388404045927e-17,-10.634462149374777,11.153517190412556,0.0,3.2454648382557995e-35
GCOT-PP-04,netlists/GCOT-PP-04__main__f20__m30dBV.cir,52.0031912633057,1.0,-6.123233995736766e-17,0.08139561951670082,-4.984044245287178e-18,0.2939523448558485,-1.7999389911478687e-17,-10.634461421939282,11.153517917848053,6.006288264466402e-31,-3.2082904265349513e-35
GCOT-PP-04,netlists/GCOT-PP-04__main__f20__m30dBV.cir,52.605359837907905,1.0,-6.123233995736766e-17,0.08139561951670082,-4.984044245287178e-18,0.29395236891371795,-1.799939138459833e-17,-10.634460711062179,11.153518628725152,0.0,1.3933120483918366e-33
GCOT-PP-04,netlists/GCOT-PP-04__main__f20__m30dBV.cir,53.21450119597647,1.0,-6.123233995736766e-17,0.08139561951670082,-4.984044245287178e-18,0.29395239242396726,-1.799939282418591e-17,-10.63446001636656,11.153519323420774,0.0,-1.346010006038099e-33
GCOT-PP-04,netlists/GCOT-PP-04__main__f20__m30dBV.cir,53.830696078538594,1.0,-6.123233995736766e-17,0.08139561951670082,-4.984044245287178e-18,0.29395241539906164,-1.7999394231004696e-17,-10.63445933748409,11.153520002303242,6.0062868230668726e-31,-3.099371042819671e-35
GCOT-PP-04,netlists/GCOT-PP-04__main__f20__m30dBV.cir,54.45402616155853,1.0,-6.123233995736766e-17,0.08139561951670082,-4.984044245287178e-18,0.29395243785118247,-1.7999395605800593e-17,-10.634458674054821,11.153520665732511,0.0,1.3460100060381066e-33
GCOT-PP-04,netlists/GCOT-PP-04__main__f20__m30dBV.cir,55.08457406676362,1.0,-6.123233995736766e-17,0.08139561951670082,-4.984044245287178e-18,0.29395245979223394,-1.7999396949302516e-17,-10.634458025726996,11.153521314060338,0.0,-0.0
GCOT-PP-04,netlists/GCOT-PP-04__main__f20__m30dBV.cir,55.722423372595706,1.0,-6.123233995736766e-17,0.08139561951670082,-4.984044245287178e-18,0.29395248123384926,-1.7999398262222795e-17,-10.634457392156868,11.153521947630463,0.0,-1.2854291969589344e-33
GCOT-PP-04,netlists/GCOT-PP-04__main__f20__m30dBV.cir,56.36765862528938,1.0,-6.123233995736766e-17,0.08139561951670082,-4.984044245287178e-18,0.2939525021873969,-1.7999399545257544e-17,-10.634456773008512,11.153522566778822,6.006285049734001e-31,-2.959875493330677e-35
GCOT-PP-04,netlists/GCOT-PP-04__main__f20__m30dBV.cir,57.0203653500785,1.0,-6.123233995736766e-17,0.08139561951670082,-4.984044245287178e-18,0.29395252266398636,-1.7999400799087035e-17,-10.634456167953651,11.153523171833681,0.0,1.2854291969589485e-33
GCOT-PP-04,netlists/GCOT-PP-04__main__f20__m30dBV.cir,57.68063006253244,1.0,-6.123233995736766e-17,0.08139561951670082,-4.984044245287178e-18,0.29395254267447457,-1.799940202437605e-17,-10.634455576671478,11.153523763115853,0.0,1.2417897519561852e-33
GCOT-PP-04,netlists/GCOT-PP-04__main__f20__m30dBV.cir,58.34854028002366,1.0,-6.123233995736766e-17,0.08139561951670082,-4.984044245287178e-18,0.293952562229471,-1.7999403221774244e-17,-10.634454998848495,11.153524340938837,-6.006283822904035e-31,2.8593897379816267e-35
GCOT-PP-04,netlists/GCOT-PP-04__main__f20__m30dBV.cir,59.02418453332805,1.0,-6.123233995736766e-17,0.08139561951670082,-4.984044245287178e-18,0.293952581339344,-1.799940439191648e-17,-10.634454434178329,11.153524905609004,0.0,-2.455312762182615e-33
GCOT-PP-04,netlists/GCOT-PP-04__main__f20__m30dBV.cir,59.70765237835953,1.0,-6.123233995736766e-17,0.08139561951670082,-4.984044245287178e-18,0.2939526000142255,-1.7999405535423173e-17,-10.63445388236159,11.153525457425744,6.006283050854528e-31,-2.7943017219932685e-35
GCOT-PP-04,netlists/GCOT-PP-04__main__f20__m30dBV.cir,60.39903440804067,1.0,-6.123233995736766e-17,0.08139561951670082,-4.984044245287178e-18,0.29395261826401714,-1.799940665290062e-17,-10.6344533431057,11.153525996681633,0.0,1.2135230102264392e-33
GCOT-PP-04,netlists/GCOT-PP-04__main__f20__m30dBV.cir,61.09842226431062,1.0,-6.123233995736766e-17,0.08139561951670082,-4.984044245287178e-18,0.293952636098395,-1.7999407744941307e-17,-10.634452816124739,11.153526523662594,0.0,-1.172324757287809e-33
GCOT-PP-04,netlists/GCOT-PP-04__main__f20__m30dBV.cir,61.80590865027217,1.0,-6.123233995736766e-17,0.08139561951670082,-4.984044245287178e-18,0.29395265352681493,-1.799940881212424e-17,-10.634452301139298,11.153527038648035,6.006281957441168e-31,-2.6994371432789415e-35
GCOT-PP-04,netlists/GCOT-PP-04__main__f20__m30dBV.cir,62.52158734247947,1.0,-6.123233995736766e-17,0.08139561951670082,-4.984044245287178e-18,0.29395267055851754,-1.7999409855015246e-17,-10.634451797876332,11.153527541911004,0.0,2.668550066456148e-35
GCOT-PP-04,netlists/GCOT-PP-04__main__f20__m30dBV.cir,63.24555320336797,1.0,-6.123233995736766e-17,0.08139561951670082,-4.984044245287178e-18,0.29395268720253326,-1.799941087416727e-17,-10.634451306068994,11.153528033718336,6.0062812693513215e-31,-2.6379901498252324e-35
GCOT-PP-04,netlists/GCOT-PP-04__main__f20__m30dBV.cir,63.97790219382835,1.0,-6.123233995736766e-17,0.08139561951670082,-4.984044245287178e-18,0.29395270346768665,-1.7999411870120677e-17,-10.634450825456538,11.153528514330793,0.0,1.1456392566232404e-33
GCOT-PP-04,netlists/GCOT-PP-04__main__f20__m30dBV.cir,64.71873138592605,1.0,-6.123233995736766e-17,0.08139561951670082,-4.984044245287178e-18,0.29395271936260176,-1.7999412843403522e-17,-10.634450355784129,11.153528984003206,0.0,-0.0
GCOT-PP-04,netlists/GCOT-PP-04__main__f20__m30dBV.cir,65.46813897576804,1.0,-6.123233995736766e-17,0.08139561951670082,-4.984044245287178e-18,0.29395273489570606,-1.7999413794531846e-17,-10.634449896802742,11.153529442984588,0.0,-1.094076762321324e-33
GCOT-PP-04,netlists/GCOT-PP-04__main__f20__m30dBV.cir,66.22622429651864,1.0,-6.123233995736766e-17,0.08139561951670082,-4.984044245287178e-18,0.29395275007523536,-1.799941472400994e-17,-10.634449448269025,11.153529891518307,6.006279984685221e-31,-1.106745519568065e-33
GCOT-PP-04,netlists/GCOT-PP-04__main__f20__m30dBV.cir,66.99308783156596,1.0,-6.123233995736766e-17,0.08139561951670082,-4.984044245287178e-18,0.2939527649092379,-1.7999415632330626e-17,-10.634449009945161,11.153530329842171,6.006279681584918e-31,1.069172535979991e-33
GCOT-PP-04,netlists/GCOT-PP-04__main__f20__m30dBV.cir,67.76883122784095,1.0,-6.123233995736766e-17,0.08139561951670082,-4.984044245287178e-18,0.2939527794055787,-1.7999416519975498e-17,-10.634448581598745,11.153530758188586,0.0,1.081552914605617e-33
GCOT-PP-04,netlists/GCOT-PP-04__main__f20__m30dBV.cir,68.55355730929053,1.0,-6.123233995736766e-17,0.08139561951670082,-4.984044245287178e-18,0.2939527935719439,-1.799941738741519e-17,-10.634448163002661,11.153531176784668,0.0,-1.0448349927419468e-33
GCOT-PP-04,netlists/GCOT-PP-04__main__f20__m30dBV.cir,69.34737009050679,1.0,-6.123233995736766e-17,0.08139561951670082,-4.984044245287178e-18,0.2939528074158446,-1.799941823510962e-17,-10.634447753934971,11.153531585852363,6.0062788130558136e-31,-2.4058746268656313e-35
GCOT-PP-04,netlists/GCOT-PP-04__main__f20__m30dBV.cir,70.15037479051406,1.0,-6.123233995736766e-17,0.08139561951670082,-4.984044245287178e-18,0.29395282094462094,-1.7999419063508253e-17,-10.634447354178779,11.153531985608556,0.0,1.044834992741925e-33
GCOT-PP-04,netlists/GCOT-PP-04__main__f20__m30dBV.cir,70.96267784671556,1.0,-6.123233995736766e-17,0.08139561951670082,-4.984044245287178e-18,0.2939528341654459,-1.79994198730503e-17,-10.634446963522128,11.153532376265204,0.0,-0.0
GCOT-PP-04,netlists/GCOT-PP-04__main__f20__m30dBV.cir,71.78438692900153,1.0,-6.123233995736766e-17,0.08139561951670082,-4.984044245287178e-18,0.29395284708532926,-1.7999420664164993e-17,-10.634446581757896,11.153532758029439,0.0,-0.0
GCOT-PP-04,netlists/GCOT-PP-04__main__f20__m30dBV.cir,72.61561095402077,1.0,-6.123233995736766e-17,0.08139561951670082,-4.984044245287178e-18,0.2939528597111213,-1.7999421437271782e-17,-10.63444620868366,11.153533131103671,0.0,-0.0
GCOT-PP-04,netlists/GCOT-PP-04__main__f20__m30dBV.cir,73.45646009961744,1.0,-6.123233995736766e-17,0.08139561951670082,-4.984044245287178e-18,0.29395287204951626,-1.7999422192780578e-17,-10.634445844101615,11.15353349568572,0.0,-9.750964962004835e-34
GCOT-PP-04,netlists/GCOT-PP-04__main__f20__m30dBV.cir,74.30704581943503,1.0,-6.123233995736766e-17,0.08139561951670082,-4.984044245287178e-18,0.2939528841070561,-1.7999422931091955e-17,-10.634445487818454,11.15353385196888,6.006277246040065e-31,-2.245292256909226e-35
GCOT-PP-04,netlists/GCOT-PP-04__main__f20__m30dBV.cir,75.16748085768937,1.0,-6.123233995736766e-17,0.08139561951670082,-4.984044245287178e-18,0.29395289589013374,-1.799942365259737e-17,-10.634445139645274,11.153534200142058,0.0,9.750964962004866e-34
GCOT-PP-04,netlists/GCOT-PP-04__main__f20__m30dBV.cir,76.03787926411279,1.0,-6.123233995736766e-17,0.08139561951670082,-4.984044245287178e-18,0.29395290740499674,-1.7999424357679377e-17,-10.634444799397471,11.153534540389863,0.0,-0.0
GCOT-PP-04,netlists/GCOT-PP-04__main__f20__m30dBV.cir,76.91835640907128,1.0,-6.123233995736766e-17,0.08139561951670082,-4.984044245287178e-18,0.2939529186577503,-1.7999425046711808e-17,-10.634444466894642,11.153534872892692,0.0,-0.0
GCOT-PP-04,netlists/GCOT-PP-04__main__f20__m30dBV.cir,77.8090289988567,1.0,-6.123233995736766e-17,0.08139561951670082,-4.984044245287178e-18,0.29395292965436076,-1.799942572006e-17,-10.634444141960486,11.153535197826848,0.0,-0.0
GCOT-PP-04,netlists/GCOT-PP-04__main__f20__m30dBV.cir,78.7100150911561,1.0,-6.123233995736766e-17,0.08139561951670082,-4.984044245287178e-18,0.29395294040065856,-1.799942637808096e-17,-10.634443824422725,11.153535515364608,0.0,-9.100127919878395e-34
GCOT-PP-04,netlists/GCOT-PP-04__main__f20__m30dBV.cir,79.62143411070006,1.0,-6.123233995736766e-17,0.08139561951670082,-4.984044245287178e-18,0.2939529509023416,-1.7999427021123582e-17,-10.634443514112995,11.15353582567434,6.006275881226403e-31,-9.205502120814297e-34
GCOT-PP-04,netlists/GCOT-PP-04__main__f20__m30dBV.cir,80.54340686509245,1.0,-6.123233995736766e-17,0.08139561951670082,-4.984044245287178e-18,0.2939529611649778,-1.7999427649528814e-17,-10.634443210866763,11.15353612892057,6.006275671532226e-31,8.89298372599622e-34
GCOT-PP-04,netlists/GCOT-PP-04__main__f20__m30dBV.cir,81.47605556082318,1.0,-6.123233995736766e-17,0.08139561951670082,-4.984044245287178e-18,0.2939529711940086,-1.7999428263629837e-17,-10.634442914523252,11.153536425264083,0.0,8.995959302898166e-34
GCOT-PP-04,netlists/GCOT-PP-04__main__f20__m30dBV.cir,82.4195038194667,1.0,-6.123233995736766e-17,0.08139561951670082,-4.984044245287178e-18,0.2939529809947514,-1.7999428863752255e-17,-10.634442624925331,11.153536714862003,0.0,-0.0
GCOT-PP-04,netlists/GCOT-PP-04__main__f20__m30dBV.cir,83.37387669406775,1.0,-6.123233995736766e-17,0.08139561951670082,-4.984044245287178e-18,0.29395299057240276,-1.7999429450214258e-17,-10.634442341919454,11.153536997867878,0.0,-8.591073305411292e-34
GCOT-PP-04,netlists/GCOT-PP-04__main__f20__m30dBV.cir,84.33930068571713,1.0,-6.123233995736766e-17,0.08139561951670082,-4.984044245287178e-18,0.29395299993204077,-1.799943002332679e-17,-10.634442065355568,11.153537274431766,6.00627487941353e-31,-1.9782114330518864e-35
GCOT-PP-04,netlists/GCOT-PP-04__main__f20__m30dBV.cir,85.31590376031923,1.0,-6.123233995736766e-17,0.08139561951670082,-4.984044245287178e-18,0.2939530090786279,-1.7999430583393726e-17,-10.634441795087037,11.153537544700294,0.0,8.59107330541182e-34
GCOT-PP-04,netlists/GCOT-PP-04__main__f20__m30dBV.cir,86.30381536555376,1.0,-6.123233995736766e-17,0.08139561951670082,-4.984044245287178e-18,0.2939530180170139,-1.7999431130712017e-17,-10.634441530970559,11.153537808816774,0.0,8.299413160930957e-34
GCOT-PP-04,netlists/GCOT-PP-04__main__f20__m30dBV.cir,87.30316644803392,1.0,-6.123233995736766e-17,0.08139561951670082,-4.984044245287178e-18,0.2939530267519379,-1.7999431665571854e-17,-10.634441272866102,11.153538066921232,-6.006274331408713e-31,-8.013305053890004e-34
GCOT-PP-04,netlists/GCOT-PP-04__main__f20__m30dBV.cir,88.31408947066325,1.0,-6.123233995736766e-17,0.08139561951670082,-4.984044245287178e-18,0.2939530352880313,-1.7999432188256823e-17,-10.634441020636809,11.153538319150522,6.006274156992693e-31,-8.488330863423675e-34
GCOT-PP-04,netlists/GCOT-PP-04__main__f20__m30dBV.cir,89.33671843019339,1.0,-6.123233995736766e-17,0.08139561951670082,-4.984044245287178e-18,0.29395304362981994,-1.7999432699044062e-17,-10.634440774148947,11.153538565638383,0.0,1.867556293050081e-35
GCOT-PP-04,netlists/GCOT-PP-04__main__f20__m30dBV.cir,90.37118887498525,1.0,-6.123233995736766e-17,0.08139561951670082,-4.984044245287178e-18,0.29395305178172676,-1.799943319820439e-17,-10.634440533271832,11.153538806515503,6.00627381998086e-31,-1.8461740021455187e-35
GCOT-PP-04,netlists/GCOT-PP-04__main__f20__m30dBV.cir,91.4176379229758,1.0,-6.123233995736766e-17,0.08139561951670082,-4.984044245287178e-18,0.2939530597480739,-1.799943368600247e-17,-10.634440297877742,11.153539041909593,0.0,8.017654696522037e-34
GCOT-PP-04,netlists/GCOT-PP-04__main__f20__m30dBV.cir,92.47620427985287,1.0,-6.123233995736766e-17,0.08139561951670082,-4.984044245287178e-18,0.2939530675330853,-1.7999434162696934e-17,-10.634440067841865,11.153539271945467,0.0,-0.0
GCOT-PP-04,netlists/GCOT-PP-04__main__f20__m30dBV.cir,93.54702825744046,1.0,-6.123233995736766e-17,0.08139561951670082,-4.984044245287178e-18,0.29395307514088864,-1.7999434628540533e-17,-10.634439843042243,11.15353949674509,0.0,-0.0
GCOT-PP-04,netlists/GCOT-PP-04__main__f20__m30dBV.cir,94.63025179229693,1.0,-6.123233995736766e-17,0.08139561951670082,-4.984044245287178e-18,0.29395308257551755,-1.799943508378026e-17,-10.634439623359677,11.153539716427655,0.0,-0.0
GCOT-PP-04,netlists/GCOT-PP-04__main__f20__m30dBV.cir,95.72601846452852,1.0,-6.123233995736766e-17,0.08139561951670082,-4.984044245287178e-18,0.29395308984091406,-1.7999435528657487e-17,-10.634439408677691,11.153539931109641,0.0,-7.482509578317059e-34
GCOT-PP-04,netlists/GCOT-PP-04__main__f20__m30dBV.cir,96.83447351682074,1.0,-6.123233995736766e-17,0.08139561951670082,-4.984044245287178e-18,0.2939530969409303,-1.7999435963408093e-17,-10.63443919888246,11.153540140904873,6.006272897253578e-31,-1.7229495628300988e-35
GCOT-PP-04,netlists/GCOT-PP-04__main__f20__m30dBV.cir,97.95576387369012,1.0,-6.123233995736766e-17,0.08139561951670082,-4.984044245287178e-18,0.2939531038793307,-1.7999436388262587e-17,-10.634438993862748,11.153540345924586,0.0,7.4825095783169995e-34
GCOT-PP-04,netlists/GCOT-PP-04__main__f20__m30dBV.cir,99.09003816095894,1.0,-6.123233995736766e-17,0.08139561951670082,-4.984044245287178e-18,0.29395311065979424,-1.7999436803446235e-17,-10.634438793509844,11.153540546277487,0.0,-7.228484454887398e-34
GCOT-PP-04,netlists/GCOT-PP-04__main__f20__m30dBV.cir,100.23744672545537,1.0,-6.123233995736766e-17,0.08139561951670082,-4.984044245287178e-18,0.29395311728591583,-1.7999437209179164e-17,-10.63443859771753,11.153540742069803,6.006272481549413e-31,-1.664456824428393e-35
GCOT-PP-04,netlists/GCOT-PP-04__main__f20__m30dBV.cir,101.39814165494181,1.0,-6.123233995736766e-17,0.08139561951670082,-4.984044245287178e-18,0.29395312376120875,-1.7999437605676503e-17,-10.634438406381987,11.153540933405344,0.0,1.6454070214261707e-35
GCOT-PP-04,netlists/GCOT-PP-04__main__f20__m30dBV.cir,102.57227679827393,1.0,-6.123233995736766e-17,0.08139561951670082,-4.984044245287178e-18,0.29395313008910634,-1.7999437993148478e-17,-10.634438219401767,11.153541120385563,6.00627221994495e-31,-1.6265690906545167e-35
GCOT-PP-04,netlists/GCOT-PP-04__main__f20__m30dBV.cir,103.7600077857932,1.0,-6.123233995736766e-17,0.08139561951670082,-4.984044245287178e-18,0.2939531362729636,-1.799943837180053e-17,-10.634438036677736,11.153541303109598,0.0,1.607952779604361e-35
GCOT-PP-04,netlists/GCOT-PP-04__main__f20__m30dBV.cir,104.96149204995552,1.0,-6.123233995736766e-17,0.08139561951670082,-4.984044245287178e-18,0.2939531423160594,-1.7999438741833424e-17,-10.634437858113007,11.153541481674328,6.006271970114627e-31,-1.5895437917282202e-35
GCOT-PP-04,netlists/GCOT-PP-04__main__f20__m30dBV.cir,106.1768888461987,1.0,-6.123233995736766e-17,0.08139561951670082,-4.984044245287178e-18,0.29395314822159774,-1.7999439103443356e-17,-10.634437683612903,11.153541656174431,0.0,6.903148474784623e-34
GCOT-PP-04,netlists/GCOT-PP-04__main__f20__m30dBV.cir,107.40635927405158,1.0,-6.123233995736766e-17,0.08139561951670082,-4.984044245287178e-18,0.2939531539927098,-1.7999439456822054e-17,-10.634437513084904,11.15354182670243,0.0,-6.6687922590129485e-34
GCOT-PP-04,netlists/GCOT-PP-04__main__f20__m30dBV.cir,108.6500662984877,1.0,-6.123233995736766e-17,0.08139561951670082,-4.984044245287178e-18,0.29395315963245566,-1.7999439802156886e-17,-10.63443734643859,11.153541993348743,6.0062716162929996e-31,-6.746013110342151e-34
GCOT-PP-04,netlists/GCOT-PP-04__main__f20__m30dBV.cir,109.90817477152599,1.0,-6.123233995736766e-17,0.08139561951670082,-4.984044245287178e-18,0.29395316514382536,-1.799944013963095e-17,-10.634437183585607,11.153542156201725,6.006271503680559e-31,2.4444080552139253e-41
GCOT-PP-04,netlists/GCOT-PP-04__main__f20__m30dBV.cir,111.18085145408182,1.0,-6.123233995736766e-17,0.08139561951670082,-4.984044245287178e-18,0.2939531705297412,-1.7999440469423178e-17,-10.63443702443961,11.153542315347721,6.00627139363149e-31,6.442392505580083e-34
GCOT-PP-04,netlists/GCOT-PP-04__main__f20__m30dBV.cir,112.46826503807094,1.0,-6.123233995736766e-17,0.08139561951670082,-4.984044245287178e-18,0.29395317579305874,-1.799944079170843e-17,-10.634436868916215,11.153542470871118,0.0,6.516991772734756e-34
GCOT-PP-04,netlists/GCOT-PP-04__main__f20__m30dBV.cir,113.77058616876943,1.0,-6.123233995736766e-17,0.08139561951670082,-4.984044245287178e-18,0.2939531809365688,-1.7999441106657587e-17,-10.63443671693296,11.153542622854374,0.0,-0.0
GCOT-PP-04,netlists/GCOT-PP-04__main__f20__m30dBV.cir,115.08798746743254,1.0,-6.123233995736766e-17,0.08139561951670082,-4.984044245287178e-18,0.2939531859629984,-1.7999441414437635e-17,-10.634436568409264,11.153542771378069,0.0,-0.0
GCOT-PP-04,netlists/GCOT-PP-04__main__f20__m30dBV.cir,116.42064355417546,1.0,-6.123233995736766e-17,0.08139561951670082,-4.984044245287178e-18,0.2939531908750127,-1.7999441715211763e-17,-10.63443642326638,11.153542916520953,0.0,-0.0
GCOT-PP-04,netlists/GCOT-PP-04__main__f20__m30dBV.cir,117.76873107111899,1.0,-6.123233995736766e-17,0.08139561951670082,-4.984044245287178e-18,0.29395319567521605,-1.7999442009139448e-17,-10.634436281427346,11.153543058359986,0.0,-0.0
GCOT-PP-04,netlists/GCOT-PP-04__main__f20__m30dBV.cir,119.1324287058033,1.0,-6.123233995736766e-17,0.08139561951670082,-4.984044245287178e-18,0.2939532003661536,-1.7999442296376528e-17,-10.634436142816963,11.15354319697037,0.0,-0.0
GCOT-PP-04,netlists/GCOT-PP-04__main__f20__m30dBV.cir,120.51191721487278,1.0,-6.123233995736766e-17,0.08139561951670082,-4.984044245287178e-18,0.2939532049503125,-1.7999442577075305e-17,-10.634436007361732,11.153543332425599,0.0,-0.0
GCOT-PP-04,netlists/GCOT-PP-04__main__f20__m30dBV.cir,121.90737944803509,1.0,-6.123233995736766e-17,0.08139561951670082,-4.984044245287178e-18,0.2939532094301234,-1.7999442851384607e-17,-10.63443587498984,11.153543464797494,0.0,-5.8755308212689585e-34
GCOT-PP-04,netlists/GCOT-PP-04__main__f20__m30dBV.cir,123.31900037229771,1.0,-6.123233995736766e-17,0.08139561951670082,-4.984044245287178e-18,0.2939532138079614,-1.7999443119449872e-17,-10.634435745631096,11.153543594156236,6.006270509338603e-31,-1.3529208554907663e-35
GCOT-PP-04,netlists/GCOT-PP-04__main__f20__m30dBV.cir,124.74696709648515,1.0,-6.123233995736766e-17,0.08139561951670082,-4.984044245287178e-18,0.29395321808614777,-1.7999443381413236e-17,-10.634435619216918,11.153543720570415,0.0,1.3374357508107865e-35
GCOT-PP-04,netlists/GCOT-PP-04__main__f20__m30dBV.cir,126.19146889603998,1.0,-6.123233995736766e-17,0.08139561951670082,-4.984044245287178e-18,0.2939532222669509,-1.7999443637413594e-17,-10.63443549568027,11.153543844107062,6.006270336498248e-31,-1.3221245789445245e-35
GCOT-PP-04,netlists/GCOT-PP-04__main__f20__m30dBV.cir,127.65269723811109,1.0,-6.123233995736766e-17,0.08139561951670082,-4.984044245287178e-18,0.2939532263525874,-1.799944388758668e-17,-10.634435374955665,11.15354396483167,0.0,5.741787246187626e-34
GCOT-PP-04,netlists/GCOT-PP-04__main__f20__m30dBV.cir,129.13084580693248,1.0,-6.123233995736766e-17,0.08139561951670082,-4.984044245287178e-18,0.29395323034522364,-1.7999444132065136e-17,-10.63443525697908,11.153544082808253,0.0,-0.0
GCOT-PP-04,netlists/GCOT-PP-04__main__f20__m30dBV.cir,130.6261105294959,1.0,-6.123233995736766e-17,0.08139561951670082,-4.984044245287178e-18,0.29395323424697645,-1.7999444370978592e-17,-10.63443514168797,11.153544198099361,0.0,-5.483363956021803e-34
GCOT-PP-04,netlists/GCOT-PP-04__main__f20__m30dBV.cir,132.13868960152064,1.0,-6.123233995736766e-17,0.08139561951670082,-4.984044245287178e-18,0.29395323805991463,-1.7999444604453717e-17,-10.634435029021205,11.153544310766126,6.006270013804712e-31,-5.546858249429556e-34
GCOT-PP-04,netlists/GCOT-PP-04__main__f20__m30dBV.cir,133.66878351372438,1.0,-6.123233995736766e-17,0.08139561951670082,-4.984044245287178e-18,0.2939532417860598,-1.7999444832614305e-17,-10.634434918919048,11.153544420868284,6.006269937669359e-31,5.358547355454203e-34
GCOT-PP-04,netlists/GCOT-PP-04__main__f20__m30dBV.cir,135.21659507839783,1.0,-6.123233995736766e-17,0.08139561951670082,-4.984044245287178e-18,0.29395324542738765,-1.7999445055581332e-17,-10.634434811323121,11.153544528464213,0.0,1.071780471178886e-33
GCOT-PP-04,netlists/GCOT-PP-04__main__f20__m30dBV.cir,136.78232945628736,1.0,-6.123233995736766e-17,0.08139561951670082,-4.984044245287178e-18,0.29395324898582886,-1.7999445273473015e-17,-10.634434706176375,11.153544633610956,-6.006269790558359e-31,1.2197542488035894e-35
GCOT-PP-04,netlists/GCOT-PP-04__main__f20__m30dBV.cir,138.36619418378882,1.0,-6.123233995736766e-17,0.08139561951670082,-4.984044245287178e-18,0.29395325246327014,-1.799944548640488e-17,-10.634434603423058,11.153544736364275,0.0,-5.297208372644502e-34
GCOT-PP-04,netlists/GCOT-PP-04__main__f20__m30dBV.cir,139.96839920045625,1.0,-6.123233995736766e-17,0.08139561951670082,-4.984044245287178e-18,0.2939532558615553,-1.799944569448983e-17,-10.634434503008691,11.15354483677864,0.0,-0.0
GCOT-PP-04,netlists/GCOT-PP-04__main__f20__m30dBV.cir,141.58915687682915,1.0,-6.123233995736766e-17,0.08139561951670082,-4.984044245287178e-18,0.2939532591824861,-1.7999445897838195e-17,-10.634434404880036,11.153544934907298,0.0,-5.058794491155955e-34
GCOT-PP-04,netlists/GCOT-PP-04__main__f20__m30dBV.cir,143.228682042582,1.0,-6.123233995736766e-17,0.08139561951670082,-4.984044245287178e-18,0.2939532624278234,-1.7999446096557788e-17,-10.634434308985057,11.153545030802277,6.006269515901616e-31,-5.117372516621918e-34
GCOT-PP-04,netlists/GCOT-PP-04__main__f20__m30dBV.cir,144.88719201499964,1.0,-6.123233995736766e-17,0.08139561951670082,-4.984044245287178e-18,0.2939532655992878,-1.7999446290753976e-17,-10.634434215272917,11.153545124514416,6.0062694510999206e-31,9.887284435630101e-34
GCOT-PP-04,netlists/GCOT-PP-04__main__f20__m30dBV.cir,146.56490662778248,1.0,-6.123233995736766e-17,0.08139561951670082,-4.984044245287178e-18,0.2939532686985609,-1.7999446480529726e-17,-10.634434123693921,11.15354521609341,-6.006269387773292e-31,5.114720977738492e-34
GCOT-PP-04,netlists/GCOT-PP-04__main__f20__m30dBV.cir,148.2620482601852,1.0,-6.123233995736766e-17,0.08139561951670082,-4.984044245287178e-18,0.2939532717272861,-1.7999446665985652e-17,-10.63443403419952,11.153545305587812,0.0,-9.774753196243622e-34
GCOT-PP-04,netlists/GCOT-PP-04__main__f20__m30dBV.cir,149.9788418664929,1.0,-6.123233995736766e-17,0.08139561951670082,-4.984044245287178e-18,0.2939532746870691,-1.799944684722009e-17,-10.634433946742254,11.153545393045077,6.00626926541169e-31,-1.1124289989961643e-35
GCOT-PP-04,netlists/GCOT-PP-04__main__f20__m30dBV.cir,151.7155150058385,1.0,-6.123233995736766e-17,0.08139561951670082,-4.984044245287178e-18,0.29395327757947926,-1.7999447024329136e-17,-10.634433861275763,11.153545478511568,0.0,4.831111031779749e-34
GCOT-PP-04,netlists/GCOT-PP-04__main__f20__m30dBV.cir,153.47229787236557,1.0,-6.123233995736766e-17,0.08139561951670082,-4.984044245287178e-18,0.29395328040605023,-1.799944719740669e-17,-10.634433777754724,11.153545562032608,0.0,4.667098924091963e-34
GCOT-PP-04,netlists/GCOT-PP-04__main__f20__m30dBV.cir,155.24942332574017,1.0,-6.123233995736766e-17,0.08139561951670082,-4.984044245287178e-18,0.29395328316828057,-1.799944736654452e-17,-10.634433696134856,11.153545643652476,-6.006269092117352e-31,1.0746629812882468e-35
GCOT-PP-04,netlists/GCOT-PP-04__main__f20__m30dBV.cir,157.04712692201622,1.0,-6.123233995736766e-17,0.08139561951670082,-4.984044245287178e-18,0.293953285867635,-1.7999447531832304e-17,-10.634433616372881,11.153545723414453,0.0,-4.667098924091862e-34
GCOT-PP-04,netlists/GCOT-PP-04__main__f20__m30dBV.cir,158.86564694485818,1.0,-6.123233995736766e-17,0.08139561951670082,-4.984044245287178e-18,0.2939532885055446,-1.7999447693357682e-17,-10.63443353842651,11.153545801360822,0.0,-0.0
GCOT-PP-04,netlists/GCOT-PP-04__main__f20__m30dBV.cir,160.70522443712537,1.0,-6.123233995736766e-17,0.08139561951670082,-4.984044245287178e-18,0.2939532910834081,-1.79994478512063e-17,-10.634433462254416,11.153545877532917,0.0,-0.0
GCOT-PP-04,netlists/GCOT-PP-04__main__f20__m30dBV.cir,162.5661032328218,1.0,-6.123233995736766e-17,0.08139561951670082,-4.984044245287178e-18,0.29395329360259237,-1.7999448005461843e-17,-10.634433387816207,11.153545951971125,0.0,-0.0
GCOT-PP-04,netlists/GCOT-PP-04__main__f20__m30dBV.cir,164.44852998941622,1.0,-6.123233995736766e-17,0.08139561951670082,-4.984044245287178e-18,0.293953296064433,-1.7999448156206105e-17,-10.634433315072421,11.153546024714913,0.0,-0.0
GCOT-PP-04,netlists/GCOT-PP-04__main__f20__m30dBV.cir,166.3527542205362,1.0,-6.123233995736766e-17,0.08139561951670082,-4.984044245287178e-18,0.2939532984702353,-1.7999448303519014e-17,-10.634433243984482,11.153546095802849,0.0,-0.0
GCOT-PP-04,netlists/GCOT-PP-04__main__f20__m30dBV.cir,168.27902832904107,1.0,-6.123233995736766e-17,0.08139561951670082,-4.984044245287178e-18,0.29395330082127497,-1.7999448447478672e-17,-10.634433174514704,11.15354616527263,0.0,-4.2564445182346775e-34
GCOT-PP-04,netlists/GCOT-PP-04__main__f20__m30dBV.cir,170.22760764047737,1.0,-6.123233995736766e-17,0.08139561951670082,-4.984044245287178e-18,0.29395330311879847,-1.7999448588161408e-17,-10.634433106626249,11.153546233161084,6.006268684473764e-31,-9.801042210703695e-36
GCOT-PP-04,netlists/GCOT-PP-04__main__f20__m30dBV.cir,172.19875043692224,1.0,-6.123233995736766e-17,0.08139561951670082,-4.984044245287178e-18,0.2939533053640239,-1.7999448725641818e-17,-10.634433040283124,11.153546299504207,0.0,4.2564445182345655e-34
GCOT-PP-04,netlists/GCOT-PP-04__main__f20__m30dBV.cir,174.19271799121827,1.0,-6.123233995736766e-17,0.08139561951670082,-4.984044245287178e-18,0.29395330755814186,-1.7999448859992796e-17,-10.634432975450153,11.15354636433718,0.0,-0.0
GCOT-PP-04,netlists/GCOT-PP-04__main__f20__m30dBV.cir,176.209774601605,1.0,-6.123233995736766e-17,0.08139561951670082,-4.984044245287178e-18,0.29395330970231565,-1.7999448991285573e-17,-10.634432912092958,11.153546427694373,0.0,-0.0
GCOT-PP-04,netlists/GCOT-PP-04__main__f20__m30dBV.cir,178.25018762675134,1.0,-6.123233995736766e-17,0.08139561951670082,-4.984044245287178e-18,0.2939533117976821,-1.7999449119589762e-17,-10.634432850177951,11.153546489609383,0.0,-0.0
GCOT-PP-04,netlists/GCOT-PP-04__main__f20__m30dBV.cir,180.31422752119366,1.0,-6.123233995736766e-17,0.08139561951670082,-4.984044245287178e-18,0.29395331384535217,-1.7999449244973395e-17,-10.634432789672301,11.153546550115031,0.0,-3.9723449807513075e-34
GCOT-PP-04,netlists/GCOT-PP-04__main__f20__m30dBV.cir,182.40216787118428,1.0,-6.123233995736766e-17,0.08139561951670082,-4.984044245287178e-18,0.29395331584641166,-1.7999449367502947e-17,-10.634432730543926,11.153546609243408,6.006268424413883e-31,-4.018342541637074e-34
GCOT-PP-04,netlists/GCOT-PP-04__main__f20__m30dBV.cir,184.514285430955,1.0,-6.123233995736766e-17,0.08139561951670082,-4.984044245287178e-18,0.29395331780192147,-1.799944948724339e-17,-10.634432672761475,11.153546667025855,6.006268384457482e-31,5.166229757901037e-42
GCOT-PP-04,netlists/GCOT-PP-04__main__f20__m30dBV.cir,186.65086015940062,1.0,-6.123233995736766e-17,0.08139561951670082,-4.984044245287178e-18,0.2939533197129185,-1.7999449604258208e-17,-10.634432616294315,11.153546723493015,6.0062683454105985e-31,4.9908407138845485e-42
GCOT-PP-04,netlists/GCOT-PP-04__main__f20__m30dBV.cir,188.81217525718714,1.0,-6.123233995736766e-17,0.08139561951670082,-4.984044245287178e-18,0.2939533215804159,-1.7999449718609445e-17,-10.634432561112506,11.153546778674828,6.00626830725253e-31,3.7935599563998414e-34
GCOT-PP-04,netlists/GCOT-PP-04__main__f20__m30dBV.cir,190.9985172042897,1.0,-6.123233995736766e-17,0.08139561951670082,-4.984044245287178e-18,0.2939533234054039,-1.7999449830357734e-17,-10.634432507186787,11.153546832600547,0.0,3.837487285449567e-34
GCOT-PP-04,netlists/GCOT-PP-04__main__f20__m30dBV.cir,193.21017579796523,1.0,-6.123233995736766e-17,0.08139561951670082,-4.984044245287178e-18,0.29395332518885015,-1.799944993956232e-17,-10.634432454488564,11.153546885298768,0.0,-0.0
GCOT-PP-04,netlists/GCOT-PP-04__main__f20__m30dBV.cir,195.44744419116475,1.0,-6.123233995736766e-17,0.08139561951670082,-4.984044245287178e-18,0.29395332693170023,-1.7999450046281107e-17,-10.634432402989901,11.153546936797431,0.0,-3.664771818606608e-34
GCOT-PP-04,netlists/GCOT-PP-04__main__f20__m30dBV.cir,197.71061893139043,1.0,-6.123233995736766e-17,0.08139561951670082,-4.984044245287178e-18,0.2939533286348782,-1.799945015057068e-17,-10.63443235266349,11.153546987123843,6.0062681631106235e-31,-8.438635375804843e-36
GCOT-PP-04,netlists/GCOT-PP-04__main__f20__m30dBV.cir,200.0000000000027,1.0,-6.123233995736766e-17,0.08139561951670082,-4.984044245287178e-18,0.29395333029928716,-1.7999450252486334e-17,-10.634432303482647,11.153547036304685,0.0,8.34204312491819e-36
GCOT-PP-04,netlists/GCOT-PP-04__main__f20__m30dBV.cir,202.31589085198246,1.0,-6.123233995736766e-17,0.08139561951670082,-4.984044245287178e-18,0.2939533319258095,-1.7999450352082104e-17,-10.634432255421299,11.153547084366036,6.006268095867922e-31,-3.6228214627921015e-34
GCOT-PP-04,netlists/GCOT-PP-04__main__f20__m30dBV.cir,204.6585984561536,1.0,-6.123233995736766e-17,0.08139561951670082,-4.984044245287178e-18,0.2939533335153078,-1.79994504494108e-17,-10.634432208453957,11.153547131333376,6.006268063390139e-31,3.4998298774882213e-34
GCOT-PP-04,netlists/GCOT-PP-04__main__f20__m30dBV.cir,207.0284333358716,1.0,-6.123233995736766e-17,0.08139561951670082,-4.984044245287178e-18,0.2939533350686246,-1.7999450544524025e-17,-10.634432162555726,11.153547177231609,0.0,3.5403559778823187e-34
GCOT-PP-04,netlists/GCOT-PP-04__main__f20__m30dBV.cir,209.4257096101828,1.0,-6.123233995736766e-17,0.08139561951670082,-4.984044245287178e-18,0.2939533365865837,-1.799945063747221e-17,-10.63443211770226,11.153547222085072,0.0,3.4201639513760794e-34
GCOT-PP-04,netlists/GCOT-PP-04__main__f20__m30dBV.cir,211.8507450354607,1.0,-6.123233995736766e-17,0.08139561951670082,-4.984044245287178e-18,0.29395333806998974,-1.799945072830464e-17,-10.63443207386979,11.153547265917542,-6.00626797032557e-31,7.875392504545243e-36
GCOT-PP-04,netlists/GCOT-PP-04__main__f20__m30dBV.cir,214.30386104752426,1.0,-6.123233995736766e-17,0.08139561951670082,-4.984044245287178e-18,0.29395333951962943,-1.7999450817069468e-17,-10.634432031035066,11.153547308752268,0.0,-3.4201639513760755e-34
GCOT-PP-04,netlists/GCOT-PP-04__main__f20__m30dBV.cir,216.78538280424374,1.0,-6.123233995736766e-17,0.08139561951670082,-4.984044245287178e-18,0.2939533409362713,-1.7999450903813763e-17,-10.63443198917538,11.153547350611955,0.0,3.304052343738307e-34
GCOT-PP-04,netlists/GCOT-PP-04__main__f20__m30dBV.cir,219.29563922864008,1.0,-6.123233995736766e-17,0.08139561951670082,-4.984044245287178e-18,0.29395334232066644,-1.799945098858352e-17,-10.634431948268535,11.1535473915188,-6.00626788347266e-31,7.60802974139873e-36
GCOT-PP-04,netlists/GCOT-PP-04__main__f20__m30dBV.cir,221.83496305248335,1.0,-6.123233995736766e-17,0.08139561951670082,-4.984044245287178e-18,0.293953343673549,-1.799945107142368e-17,-10.634431908292843,11.153547431494491,0.0,-3.3040523437382665e-34
GCOT-PP-04,netlists/GCOT-PP-04__main__f20__m30dBV.cir,224.40369086039587,1.0,-6.123233995736766e-17,0.08139561951670082,-4.984044245287178e-18,0.29395334499563613,-1.799945115237817e-17,-10.634431869227107,11.153547470560225,0.0,-0.0
GCOT-PP-04,netlists/GCOT-PP-04__main__f20__m30dBV.cir,227.00216313446626,1.0,-6.123233995736766e-17,0.08139561951670082,-4.984044245287178e-18,0.29395334628762887,-1.799945123148991e-17,-10.634431831050621,11.153547508736711,0.0,-3.1553454359619947e-34
GCOT-PP-04,netlists/GCOT-PP-04__main__f20__m30dBV.cir,229.63072429937984,1.0,-6.123233995736766e-17,0.08139561951670082,-4.984044245287178e-18,0.29395334755021235,-1.7999451308800847e-17,-10.634431793743133,11.1535475460442,6.0062677766187865e-31,-7.265611868011306e-36
GCOT-PP-04,netlists/GCOT-PP-04__main__f20__m30dBV.cir,232.2897227680719,1.0,-6.123233995736766e-17,0.08139561951670082,-4.984044245287178e-18,0.2939533487840559,-1.7999451384351976e-17,-10.634431757284869,11.153547582502462,0.0,3.1553454359619284e-34
GCOT-PP-04,netlists/GCOT-PP-04__main__f20__m30dBV.cir,234.97951098790932,1.0,-6.123233995736766e-17,0.08139561951670082,-4.984044245287178e-18,0.2939533499898137,-1.799945145818335e-17,-10.634431721656497,11.153547618130837,0.0,-0.0
GCOT-PP-04,netlists/GCOT-PP-04__main__f20__m30dBV.cir,237.70044548740717,1.0,-6.123233995736766e-17,0.08139561951670082,-4.984044245287178e-18,0.2939533511681252,-1.799945153033412e-17,-10.634431686839124,11.15354765294821,0.0,-0.0
GCOT-PP-04,netlists/GCOT-PP-04__main__f20__m30dBV.cir,240.45288692348612,1.0,-6.123233995736766e-17,0.08139561951670082,-4.984044245287178e-18,0.293953352319615,-1.7999451600842535e-17,-10.63443165281429,11.15354768697304,0.0,2.9788381175240723e-34
GCOT-PP-04,netlists/GCOT-PP-04__main__f20__m30dBV.cir,243.2372001292772,1.0,-6.123233995736766e-17,0.08139561951670082,-4.984044245287178e-18,0.2939533534448937,-1.7999451669745985e-17,-10.63443161956396,11.153547720223372,-6.006267656174389e-31,6.859179769314468e-36
GCOT-PP-04,netlists/GCOT-PP-04__main__f20__m30dBV.cir,246.05375416247998,1.0,-6.123233995736766e-17,0.08139561951670082,-4.984044245287178e-18,0.293953354544558,-1.7999451737081e-17,-10.634431587070496,11.153547752716836,0.0,-2.978838117524054e-34
GCOT-PP-04,netlists/GCOT-PP-04__main__f20__m30dBV.cir,248.90292235428075,1.0,-6.123233995736766e-17,0.08139561951670082,-4.984044245287178e-18,0.29395335561919084,-1.7999451802883285e-17,-10.634431555316674,11.153547784470659,0.0,-0.0
GCOT-PP-04,netlists/GCOT-PP-04__main__f20__m30dBV.cir,251.78508235883723,1.0,-6.123233995736766e-17,0.08139561951670082,-4.984044245287178e-18,0.29395335666936206,-1.7999451867187725e-17,-10.63443152428566,11.153547815501675,0.0,-0.0
GCOT-PP-04,netlists/GCOT-PP-04__main__f20__m30dBV.cir,254.70061620333618,1.0,-6.123233995736766e-17,0.08139561951670082,-4.984044245287178e-18,0.2939533576956285,-1.7999451930028422e-17,-10.634431493960994,11.153547845826338,0.0,-2.812204473282909e-34
GCOT-PP-04,netlists/GCOT-PP-04__main__f20__m30dBV.cir,257.6499103386307,1.0,-6.123233995736766e-17,0.08139561951670082,-4.984044245287178e-18,0.2939533586985343,-1.7999451991438686e-17,-10.634431464326601,11.15354787546073,6.006267548828205e-31,-6.475483147881068e-36
GCOT-PP-04,netlists/GCOT-PP-04__main__f20__m30dBV.cir,260.6333556904639,1.0,-6.123233995736766e-17,0.08139561951670082,-4.984044245287178e-18,0.2939533596786111,-1.7999452051451085e-17,-10.634431435366773,11.15354790442056,0.0,2.812204473282957e-34
GCOT-PP-04,netlists/GCOT-PP-04__main__f20__m30dBV.cir,263.6513477112855,1.0,-6.123233995736766e-17,0.08139561951670082,-4.984044245287178e-18,0.29395336063637867,-1.7999452110097436e-17,-10.634431407066149,11.153547932721183,0.0,-0.0
GCOT-PP-04,netlists/GCOT-PP-04__main__f20__m30dBV.cir,266.70428643266894,1.0,-6.123233995736766e-17,0.08139561951670082,-4.984044245287178e-18,0.2939533615723448,-1.799945216740883e-17,-10.634431379409726,11.153547960377605,0.0,-2.6856343877490753e-34
GCOT-PP-04,netlists/GCOT-PP-04__main__f20__m30dBV.cir,269.7925765183349,1.0,-6.123233995736766e-17,0.08139561951670082,-4.984044245287178e-18,0.29395336248700576,-1.799945222341566e-17,-10.63443135238284,11.153547987404494,6.006267471419417e-31,-6.184038317440093e-36
GCOT-PP-04,netlists/GCOT-PP-04__main__f20__m30dBV.cir,272.91662731778916,1.0,-6.123233995736766e-17,0.08139561951670082,-4.984044245287178e-18,0.2939533633808465,-1.799945227814762e-17,-10.63443132597116,11.153548013816172,0.0,2.6856343877490612e-34
GCOT-PP-04,netlists/GCOT-PP-04__main__f20__m30dBV.cir,276.0768529205813,1.0,-6.123233995736766e-17,0.08139561951670082,-4.984044245287178e-18,0.2939533642543409,-1.7999452331633728e-17,-10.634431300160685,11.15354803962665,0.0,-2.5944594377975427e-34
GCOT-PP-04,netlists/GCOT-PP-04__main__f20__m30dBV.cir,279.2736722111919,1.0,-6.123233995736766e-17,0.08139561951670082,-4.984044245287178e-18,0.29395336510795217,-1.7999452383902342e-17,-10.634431274937729,11.153548064849605,6.006267417866347e-31,-5.9740955990036454e-36
GCOT-PP-04,netlists/GCOT-PP-04__main__f20__m30dBV.cir,282.50750892455534,1.0,-6.123233995736766e-17,0.08139561951670082,-4.984044245287178e-18,0.2939533659421329,-1.799945243498118e-17,-10.634431250288914,11.153548089498418,0.0,2.5944594377975324e-34
GCOT-PP-04,netlists/GCOT-PP-04__main__f20__m30dBV.cir,285.77879170222513,1.0,-6.123233995736766e-17,0.08139561951670082,-4.984044245287178e-18,0.2939533667573253,-1.7999452484897322e-17,-10.634431226201176,11.153548113586156,0.0,-0.0
GCOT-PP-04,netlists/GCOT-PP-04__main__f20__m30dBV.cir,289.0879541491901,1.0,-6.123233995736766e-17,0.08139561951670082,-4.984044245287178e-18,0.29395336755396173,-1.7999452533677233e-17,-10.634431202661743,11.15354813712559,0.0,-0.0
GCOT-PP-04,netlists/GCOT-PP-04__main__f20__m30dBV.cir,292.43543489134834,1.0,-6.123233995736766e-17,0.08139561951670082,-4.984044245287178e-18,0.2939533683324645,-1.799945258134678e-17,-10.63443117965813,11.153548160129203,0.0,-2.449327617128503e-34
GCOT-PP-04,netlists/GCOT-PP-04__main__f20__m30dBV.cir,295.82167763364623,1.0,-6.123233995736766e-17,0.08139561951670082,-4.984044245287178e-18,0.2939533690932464,-1.799945262793123e-17,-10.634431157178144,11.153548182609187,6.006267336435939e-31,-2.4776894881146447e-34
GCOT-PP-04,netlists/GCOT-PP-04__main__f20__m30dBV.cir,299.2471312188915,1.0,-6.123233995736766e-17,0.08139561951670082,-4.984044245287178e-18,0.2939533698367107,-1.7999452673455293e-17,-10.634431135209867,11.153548204577465,6.0062673212449395e-31,2.3935741139139834e-34
GCOT-PP-04,netlists/GCOT-PP-04__main__f20__m30dBV.cir,302.7122496872465,1.0,-6.123233995736766e-17,0.08139561951670082,-4.984044245287178e-18,0.29395337056325177,-1.7999452717943104e-17,-10.634431113741648,11.153548226045684,0.0,2.4212903896171725e-34
GCOT-PP-04,netlists/GCOT-PP-04__main__f20__m30dBV.cir,306.217492336411,1.0,-6.123233995736766e-17,0.08139561951670082,-4.984044245287178e-18,0.2939533712732547,-1.7999452761418245e-17,-10.634431092762107,11.153548247025228,0.0,-2.3390896922270277e-34
GCOT-PP-04,netlists/GCOT-PP-04__main__f20__m30dBV.cir,309.76332378250135,1.0,-6.123233995736766e-17,0.08139561951670082,-4.984044245287178e-18,0.2939533719670961,-1.7999452803903773e-17,-10.634431072260115,11.153548267527217,6.006267277715369e-31,-2.366175068994278e-34
GCOT-PP-04,netlists/GCOT-PP-04__main__f20__m30dBV.cir,313.350214021635,1.0,-6.123233995736766e-17,0.08139561951670082,-4.984044245287178e-18,0.29395337264514365,-1.7999452845422213e-17,-10.634431052224807,11.153548287562526,6.0062672638610124e-31,2.285845510521143e-34
GCOT-PP-04,netlists/GCOT-PP-04__main__f20__m30dBV.cir,316.97863849222796,1.0,-6.123233995736766e-17,0.08139561951670082,-4.984044245287178e-18,0.29395337330775695,-1.799945288599558e-17,-10.634431032645558,11.153548307141774,0.0,2.312314348597477e-34
GCOT-PP-04,netlists/GCOT-PP-04__main__f20__m30dBV.cir,320.64907813801364,1.0,-6.123233995736766e-17,0.08139561951670082,-4.984044245287178e-18,0.29395337395528737,-1.799945292564538e-17,-10.634431013511987,11.153548326275345,0.0,-0.0
GCOT-PP-04,netlists/GCOT-PP-04__main__f20__m30dBV.cir,324.3620194717914,1.0,-6.123233995736766e-17,0.08139561951670082,-4.984044245287178e-18,0.2939533745880782,-1.7999452964392643e-17,-10.63443099481395,11.153548344973384,0.0,-0.0
GCOT-PP-04,netlists/GCOT-PP-04__main__f20__m30dBV.cir,328.11795463991336,1.0,-6.123233995736766e-17,0.08139561951670082,-4.984044245287178e-18,0.2939533752064649,-1.799945300225791e-17,-10.63443097654153,11.1535483632458,0.0,-0.0
GCOT-PP-04,netlists/GCOT-PP-04__main__f20__m30dBV.cir,331.91738148751773,1.0,-6.123233995736766e-17,0.08139561951670082,-4.984044245287178e-18,0.29395337581077546,-1.799945303926126e-17,-10.634430958685046,11.153548381102286,0.0,-0.0
GCOT-PP-04,netlists/GCOT-PP-04__main__f20__m30dBV.cir,335.76080362451773,1.0,-6.123233995736766e-17,0.08139561951670082,-4.984044245287178e-18,0.29395337640133024,-1.799945307542231e-17,-10.63443094123502,11.15354839855231,0.0,-0.0
GCOT-PP-04,netlists/GCOT-PP-04__main__f20__m30dBV.cir,339.6487304923546,1.0,-6.123233995736766e-17,0.08139561951670082,-4.984044245287178e-18,0.29395337697844237,-1.7999453110760234e-17,-10.634430924182205,11.153548415605128,0.0,-2.108855714785457e-34
GCOT-PP-04,netlists/GCOT-PP-04__main__f20__m30dBV.cir,343.5816774315235,1.0,-6.123233995736766e-17,0.08139561951670082,-4.984044245287178e-18,0.2939533775424178,-1.7999453145293767e-17,-10.634430907517562,11.15354843226977,6.006267163796377e-31,-4.8559270039447464e-36
GCOT-PP-04,netlists/GCOT-PP-04__main__f20__m30dBV.cir,347.56016574988104,1.0,-6.123233995736766e-17,0.08139561951670082,-4.984044245287178e-18,0.29395337809355554,-1.7999453179041224e-17,-10.634430891232254,11.15354844855508,0.0,2.1088557147854496e-34
GCOT-PP-04,netlists/GCOT-PP-04__main__f20__m30dBV.cir,351.5847227917446,1.0,-6.123233995736766e-17,0.08139561951670082,-4.984044245287178e-18,0.2939533786321479,-1.7999453212020494e-17,-10.634430875317642,11.15354846446969,0.0,-2.0372619057309973e-34
GCOT-PP-04,netlists/GCOT-PP-04__main__f20__m30dBV.cir,355.6558820077907,1.0,-6.123233995736766e-17,0.08139561951670082,-4.984044245287178e-18,0.2939533791584804,-1.7999453244249064e-17,-10.634430859765292,11.153548480022042,6.006267130775822e-31,-4.691072524674757e-36
GCOT-PP-04,netlists/GCOT-PP-04__main__f20__m30dBV.cir,359.7741830257638,1.0,-6.123233995736766e-17,0.08139561951670082,-4.984044245287178e-18,0.2939533796728321,-1.7999453275744022e-17,-10.634430844566955,11.153548495220376,0.0,4.637374950327402e-36
GCOT-PP-04,netlists/GCOT-PP-04__main__f20__m30dBV.cir,363.940171722003,1.0,-6.123233995736766e-17,0.08139561951670082,-4.984044245287178e-18,0.29395338017547573,-1.7999453306522068e-17,-10.634430829714576,11.153548510072756,6.006267109995842e-31,-4.584290661454702e-36
GCOT-PP-04,netlists/GCOT-PP-04__main__f20__m30dBV.cir,368.1544002937976,1.0,-6.123233995736766e-17,0.08139561951670082,-4.984044245287178e-18,0.2939533806666778,-1.7999453336599522e-17,-10.634430815200277,11.153548524587054,0.0,1.9908881562277656e-34
GCOT-PP-04,netlists/GCOT-PP-04__main__f20__m30dBV.cir,372.41742733258,1.0,-6.123233995736766e-17,0.08139561951670082,-4.984044245287178e-18,0.2939533811466988,-1.7999453365992328e-17,-10.634430801016366,11.153548538770968,0.0,-1.9232992438704498e-34
GCOT-PP-04,netlists/GCOT-PP-04__main__f20__m30dBV.cir,376.7298178979667,1.0,-6.123233995736766e-17,0.08139561951670082,-4.984044245287178e-18,0.2939533816157931,-1.799945339471607e-17,-10.634430787155317,11.153548552632016,6.00626708056624e-31,-4.42865800135395e-36
GCOT-PP-04,netlists/GCOT-PP-04__main__f20__m30dBV.cir,381.09214359265616,1.0,-6.123233995736766e-17,0.08139561951670082,-4.984044245287178e-18,0.29395338207420957,-1.7999453422785984e-17,-10.634430773609786,11.153548566177545,0.0,1.9232992438703904e-34
GCOT-PP-04,netlists/GCOT-PP-04__main__f20__m30dBV.cir,385.504982638194,1.0,-6.123233995736766e-17,0.08139561951670082,-4.984044245287178e-18,0.29395338252219116,-1.7999453450216946e-17,-10.634430760372592,11.153548579414743,0.0,-1.8580049166052092e-34
GCOT-PP-04,netlists/GCOT-PP-04__main__f20__m30dBV.cir,389.968919951616,1.0,-6.123233995736766e-17,0.08139561951670082,-4.984044245287178e-18,0.2939533829599755,-1.7999453477023502e-17,-10.634430747436706,11.153548592350624,6.006267053100938e-31,-4.278308935373253e-36
GCOT-PP-04,netlists/GCOT-PP-04__main__f20__m30dBV.cir,394.48454722297777,1.0,-6.123233995736766e-17,0.08139561951670082,-4.984044245287178e-18,0.2939533833877946,-1.799945350321987e-17,-10.634430734795284,11.15354860499205,0.0,1.85800491660529e-34
GCOT-PP-04,netlists/GCOT-PP-04__main__f20__m30dBV.cir,399.052462993783,1.0,-6.123233995736766e-17,0.08139561951670082,-4.984044245287178e-18,0.2939533838058754,-1.7999453528819934e-17,-10.634430722441612,11.15354861734572,0.0,-0.0
GCOT-PP-04,netlists/GCOT-PP-04__main__f20__m30dBV.cir,403.6732727363194,1.0,-6.123233995736766e-17,0.08139561951670082,-4.984044245287178e-18,0.2939533842144395,-1.799945355383727e-17,-10.634430710369145,11.15354862941819,0.0,-0.0
GCOT-PP-04,netlists/GCOT-PP-04__main__f20__m30dBV.cir,408.3475889339132,1.0,-6.123233995736766e-17,0.08139561951670082,-4.984044245287178e-18,0.2939533846137035,-1.7999453578285143e-17,-10.63443069857148,11.153548641215853,0.0,1.7540697375176112e-34
GCOT-PP-04,netlists/GCOT-PP-04__main__f20__m30dBV.cir,413.0760311621133,1.0,-6.123233995736766e-17,0.08139561951670082,-4.984044245287178e-18,0.2939533850038792,-1.7999453602176513e-17,-10.634430687042364,11.15354865274497,-6.006267011338427e-31,4.038984054475463e-36
GCOT-PP-04,netlists/GCOT-PP-04__main__f20__m30dBV.cir,417.8592261708154,1.0,-6.123233995736766e-17,0.08139561951670082,-4.984044245287178e-18,0.2939533853851734,-1.7999453625524047e-17,-10.63443067577568,11.153548664011652,0.0,-1.7540697375176072e-34
GCOT-PP-04,netlists/GCOT-PP-04__main__f20__m30dBV.cir,422.697807967337,1.0,-6.123233995736766e-17,0.08139561951670082,-4.984044245287178e-18,0.2939533857577883,-1.799945364834013e-17,-10.63443066476546,11.153548675021874,0.0,-0.0
GCOT-PP-04,netlists/GCOT-PP-04__main__f20__m30dBV.cir,427.59241790045417,1.0,-6.123233995736766e-17,0.08139561951670082,-4.984044245287178e-18,0.29395338612192146,-1.7999453670636855e-17,-10.634430654005861,11.153548685781471,0.0,-0.0
GCOT-PP-04,netlists/GCOT-PP-04__main__f20__m30dBV.cir,432.5437047454119,1.0,-6.123233995736766e-17,0.08139561951670082,-4.984044245287178e-18,0.2939533864777659,-1.7999453692426043e-17,-10.634430643491182,11.153548696296154,0.0,-1.655948603205535e-34
GCOT-PP-04,netlists/GCOT-PP-04__main__f20__m30dBV.cir,437.5523247899185,1.0,-6.123233995736766e-17,0.08139561951670082,-4.984044245287178e-18,0.29395338682551037,-1.7999453713719248e-17,-10.634430633215846,11.153548706571488,6.006266974117548e-31,-1.6751235824206195e-34
GCOT-PP-04,netlists/GCOT-PP-04__main__f20__m30dBV.cir,442.6189419211356,1.0,-6.123233995736766e-17,0.08139561951670082,-4.984044245287178e-18,0.2939533871653392,-1.7999453734527762e-17,-10.634430623174405,11.153548716612928,6.006266967173921e-31,1.6182546110858067e-34
GCOT-PP-04,netlists/GCOT-PP-04__main__f20__m30dBV.cir,447.74422771367614,1.0,-6.123233995736766e-17,0.08139561951670082,-4.984044245287178e-18,0.29395338749743255,-1.7999453754862618e-17,-10.634430613361534,11.1535487264258,0.0,1.6369931143992063e-34
GCOT-PP-04,netlists/GCOT-PP-04__main__f20__m30dBV.cir,452.9288615186203,1.0,-6.123233995736766e-17,0.08139561951670082,-4.984044245287178e-18,0.29395338782196656,-1.7999453774734595e-17,-10.634430603772032,11.1535487360153,0.0,-0.0
GCOT-PP-04,netlists/GCOT-PP-04__main__f20__m30dBV.cir,458.1735305535631,1.0,-6.123233995736766e-17,0.08139561951670082,-4.984044245287178e-18,0.29395338813911326,-1.799945379415423e-17,-10.634430594400815,11.15354874538652,0.0,-0.0
GCOT-PP-04,netlists/GCOT-PP-04__main__f20__m30dBV.cir,463.47892999370436,1.0,-6.123233995736766e-17,0.08139561951670082,-4.984044245287178e-18,0.29395338844904084,-1.799945381313182e-17,-10.63443058524291,11.153548754544422,0.0,-0.0
GCOT-PP-04,netlists/GCOT-PP-04__main__f20__m30dBV.cir,468.8457630639932,1.0,-6.123233995736766e-17,0.08139561951670082,-4.984044245287178e-18,0.29395338875191357,-1.7999453831677428e-17,-10.634430576293468,11.153548763493866,0.0,-1.5277308546041557e-34
GCOT-PP-04,netlists/GCOT-PP-04__main__f20__m30dBV.cir,474.27474113233995,1.0,-6.123233995736766e-17,0.08139561951670082,-4.984044245287178e-18,0.29395338904789214,-1.7999453849800885e-17,-10.634430567547737,11.153548772239596,6.006266928708246e-31,-3.5178080034666454e-36
GCOT-PP-04,netlists/GCOT-PP-04__main__f20__m30dBV.cir,479.7665838039071,1.0,-6.123233995736766e-17,0.08139561951670082,-4.984044245287178e-18,0.2939533893371334,-1.7999453867511804e-17,-10.634430559001085,11.153548780786249,0.0,3.477540278694315e-36
GCOT-PP-04,netlists/GCOT-PP-04__main__f20__m30dBV.cir,485.3220190164923,1.0,-6.123233995736766e-17,0.08139561951670082,-4.984044245287178e-18,0.2939533896197907,-1.799945388481957e-17,-10.634430550648979,11.153548789138355,6.006266917022804e-31,-3.43773291047514e-36
GCOT-PP-04,netlists/GCOT-PP-04__main__f20__m30dBV.cir,490.94178313701536,1.0,-6.123233995736766e-17,0.08139561951670082,-4.984044245287178e-18,0.2939533898960139,-1.7999453901733367e-17,-10.634430542486989,11.153548797300346,0.0,3.3983817783235294e-36
GCOT-PP-04,netlists/GCOT-PP-04__main__f20__m30dBV.cir,496.62662105912347,1.0,-6.123233995736766e-17,0.08139561951670082,-4.984044245287178e-18,0.29395339016594957,-1.7999453918262157e-17,-10.634430534510786,11.153548805276545,6.006266905863293e-31,-3.359480549580851e-36
GCOT-PP-04,netlists/GCOT-PP-04__main__f20__m30dBV.cir,502.37728630192555,1.0,-6.123233995736766e-17,0.08139561951670082,-4.984044245287178e-18,0.29395339042974067,-1.7999453934414707e-17,-10.634430526716148,11.153548813071183,0.0,3.321025146708641e-36
GCOT-PP-04,netlists/GCOT-PP-04__main__f20__m30dBV.cir,508.19454110987067,1.0,-6.123233995736766e-17,0.08139561951670082,-4.984044245287178e-18,0.29395339068752724,-1.799945395019958e-17,-10.634430519098936,11.153548820688396,6.006266895206044e-31,-1.4422709200739127e-34
GCOT-PP-04,netlists/GCOT-PP-04__main__f20__m30dBV.cir,514.0791565537826,1.0,-6.123233995736766e-17,0.08139561951670082,-4.984044245287178e-18,0.29395339093944584,-1.7999453965625144e-17,-10.634430511655113,11.15354882813222,6.006266890058662e-31,1.3933070912735445e-34
GCOT-PP-04,netlists/GCOT-PP-04__main__f20__m30dBV.cir,520.0319126330644,1.0,-6.123233995736766e-17,0.08139561951670082,-4.984044245287178e-18,0.29395339118563,-1.799945398069958e-17,-10.634430504380731,11.153548835406601,0.0,1.40944082577092e-34
GCOT-PP-04,netlists/GCOT-PP-04__main__f20__m30dBV.cir,526.0535983790866,1.0,-6.123233995736766e-17,0.08139561951670082,-4.984044245287178e-18,0.2939533914262104,-1.799945399543088e-17,-10.634430497271936,11.153548842515397,0.0,-0.0
GCOT-PP-04,netlists/GCOT-PP-04__main__f20__m30dBV.cir,532.1450119597723,1.0,-6.123233995736766e-17,0.08139561951670082,-4.984044245287178e-18,0.2939533916613145,-1.7999454009826854e-17,-10.634430490324958,11.153548849462375,0.0,-0.0
GCOT-PP-04,netlists/GCOT-PP-04__main__f20__m30dBV.cir,538.3069607853937,1.0,-6.123233995736766e-17,0.08139561951670082,-4.984044245287178e-18,0.293953391891067,-1.7999454023895137e-17,-10.634430483536107,11.153548856251225,0.0,-0.0
GCOT-PP-04,netlists/GCOT-PP-04__main__f20__m30dBV.cir,544.5402616155932,1.0,-6.123233995736766e-17,0.08139561951670082,-4.984044245287178e-18,0.2939533921155897,-1.7999454037643186e-17,-10.634430476901793,11.153548862885538,0.0,-0.0
GCOT-PP-04,netlists/GCOT-PP-04__main__f20__m30dBV.cir,550.8457406676441,1.0,-6.123233995736766e-17,0.08139561951670082,-4.984044245287178e-18,0.2939533923350016,-1.7999454051078292e-17,-10.634430470418494,11.153548869368839,0.0,1.3003098269999292e-34
GCOT-PP-04,netlists/GCOT-PP-04__main__f20__m30dBV.cir,557.2242337259651,1.0,-6.123233995736766e-17,0.08139561951670082,-4.984044245287178e-18,0.2939533925494191,-1.7999454064207578e-17,-10.634430464082774,11.153548875704558,-6.006266857162532e-31,2.9941401671754273e-36
GCOT-PP-04,netlists/GCOT-PP-04__main__f20__m30dBV.cir,563.6765862529019,1.0,-6.123233995736766e-17,0.08139561951670082,-4.984044245287178e-18,0.2939533927589559,-1.7999454077038003e-17,-10.63443045789127,11.153548881896063,0.0,-1.3003098269999397e-34
GCOT-PP-04,netlists/GCOT-PP-04__main__f20__m30dBV.cir,570.2036535007932,1.0,-6.123233995736766e-17,0.08139561951670082,-4.984044245287178e-18,0.293953392963723,-1.7999454089576374e-17,-10.634430451840702,11.153548887946629,0.0,-1.2561654487067575e-34
GCOT-PP-04,netlists/GCOT-PP-04__main__f20__m30dBV.cir,576.8063006253327,1.0,-6.123233995736766e-17,0.08139561951670082,-4.984044245287178e-18,0.29395339316382907,-1.7999454101829335e-17,-10.634430445927865,11.153548893859469,6.006266844608466e-31,-2.892491734270116e-36
GCOT-PP-04,netlists/GCOT-PP-04__main__f20__m30dBV.cir,583.4854028002451,1.0,-6.123233995736766e-17,0.08139561951670082,-4.984044245287178e-18,0.29395339335938014,-1.7999454113803387e-17,-10.634430440149618,11.153548899637716,0.0,1.2561654487067773e-34
GCOT-PP-04,netlists/GCOT-PP-04__main__f20__m30dBV.cir,590.241845333289,1.0,-6.123233995736766e-17,0.08139561951670082,-4.984044245287178e-18,0.29395339355047995,-1.7999454125504875e-17,-10.634430434502901,11.153548905284431,0.0,-1.2135197335126396e-34
GCOT-PP-04,netlists/GCOT-PP-04__main__f20__m30dBV.cir,597.076523783604,1.0,-6.123233995736766e-17,0.08139561951670082,-4.984044245287178e-18,0.2939533937372298,-1.7999454136940002e-17,-10.634430428984718,11.153548910802616,6.00626683289233e-31,-1.2275716290155602e-34
GCOT-PP-04,netlists/GCOT-PP-04__main__f20__m30dBV.cir,603.9903440804155,1.0,-6.123233995736766e-17,0.08139561951670082,-4.984044245287178e-18,0.2939533939197287,-1.7999454148114836e-17,-10.634430423592145,11.153548916195188,6.006266829163382e-31,1.185896651970106e-34
GCOT-PP-04,netlists/GCOT-PP-04__main__f20__m30dBV.cir,610.9842226431151,1.0,-6.123233995736766e-17,0.08139561951670082,-4.984044245287178e-18,0.29395339409807336,-1.79994541590353e-17,-10.634430418322323,11.15354892146501,0.0,1.1996286872464276e-34
GCOT-PP-04,netlists/GCOT-PP-04__main__f20__m30dBV.cir,618.0590865027308,1.0,-6.123233995736766e-17,0.08139561951670082,-4.984044245287178e-18,0.29395339427235845,-1.7999454169707186e-17,-10.634430413172456,11.153548926614878,0.0,-0.0
GCOT-PP-04,netlists/GCOT-PP-04__main__f20__m30dBV.cir,625.2158734248038,1.0,-6.123233995736766e-17,0.08139561951670082,-4.984044245287178e-18,0.2939533944426763,-1.7999454180136146e-17,-10.634430408139812,11.153548931647519,0.0,-0.0
GCOT-PP-04,netlists/GCOT-PP-04__main__f20__m30dBV.cir,632.4555320336889,1.0,-6.123233995736766e-17,0.08139561951670082,-4.984044245287178e-18,0.2939533946091173,-1.7999454190327717e-17,-10.634430403221726,11.153548936565604,0.0,-0.0
GCOT-PP-04,netlists/GCOT-PP-04__main__f20__m30dBV.cir,639.7790219382928,1.0,-6.123233995736766e-17,0.08139561951670082,-4.984044245287178e-18,0.2939533947717696,-1.79994542002873e-17,-10.63443039841559,11.153548941371742,0.0,-0.0
GCOT-PP-04,netlists/GCOT-PP-04__main__f20__m30dBV.cir,647.1873138592699,1.0,-6.123233995736766e-17,0.08139561951670082,-4.984044245287178e-18,0.2939533949307195,-1.7999454210020172e-17,-10.634430393718857,11.153548946068476,0.0,-1.106743145657471e-34
GCOT-PP-04,netlists/GCOT-PP-04__main__f20__m30dBV.cir,654.68138975769,1.0,-6.123233995736766e-17,0.08139561951670082,-4.984044245287178e-18,0.2939533950860513,-1.79994542195315e-17,-10.63443038912903,11.153548950658303,6.006266805332242e-31,-1.1195586267250958e-34
GCOT-PP-04,netlists/GCOT-PP-04__main__f20__m30dBV.cir,662.262242965196,1.0,-6.123233995736766e-17,0.08139561951670082,-4.984044245287178e-18,0.29395339523784725,-1.799945422882632e-17,-10.634430384643682,11.153548955143648,6.0062668022306375e-31,1.0815505959872463e-34
GCOT-PP-04,netlists/GCOT-PP-04__main__f20__m30dBV.cir,669.9308783156694,1.0,-6.123233995736766e-17,0.08139561951670082,-4.984044245287178e-18,0.29395339538618787,-1.7999454237909566e-17,-10.634430380260437,11.153548959526896,0.0,1.094074361065105e-34
GCOT-PP-04,netlists/GCOT-PP-04__main__f20__m30dBV.cir,677.6883122784193,1.0,-6.123233995736766e-17,0.08139561951670082,-4.984044245287178e-18,0.2939533955311519,-1.7999454246786054e-17,-10.634430375976962,11.153548963810369,0.0,-0.0
GCOT-PP-04,netlists/GCOT-PP-04__main__f20__m30dBV.cir,685.5355730929151,1.0,-6.123233995736766e-17,0.08139561951670082,-4.984044245287178e-18,0.29395339567281614,-1.7999454255460486e-17,-10.634430371790993,11.153548967996338,0.0,-0.0
GCOT-PP-04,netlists/GCOT-PP-04__main__f20__m30dBV.cir,693.4737009050779,1.0,-6.123233995736766e-17,0.08139561951670082,-4.984044245287178e-18,0.29395339581125574,-1.7999454263937465e-17,-10.634430367700308,11.153548972087023,0.0,-0.0
GCOT-PP-04,netlists/GCOT-PP-04__main__f20__m30dBV.cir,701.5037479051508,1.0,-6.123233995736766e-17,0.08139561951670082,-4.984044245287178e-18,0.293953395946544,-1.7999454272221484e-17,-10.634430363702737,11.153548976084595,0.0,-0.0
GCOT-PP-04,netlists/GCOT-PP-04__main__f20__m30dBV.cir,709.626778467166,1.0,-6.123233995736766e-17,0.08139561951670082,-4.984044245287178e-18,0.29395339607875276,-1.7999454280316935e-17,-10.634430359796166,11.153548979991168,0.0,1.0093617413701682e-34
GCOT-PP-04,netlists/GCOT-PP-04__main__f20__m30dBV.cir,717.8438692900257,1.0,-6.123233995736766e-17,0.08139561951670082,-4.984044245287178e-18,0.2939533962079521,-1.7999454288228113e-17,-10.634430355978514,11.153548983808816,-6.006266782408759e-31,2.324192642626193e-36
GCOT-PP-04,netlists/GCOT-PP-04__main__f20__m30dBV.cir,726.1561095402183,1.0,-6.123233995736766e-17,0.08139561951670082,-4.984044245287178e-18,0.29395339633421047,-1.799945429595921e-17,-10.634430352247765,11.153548987539565,0.0,-1.0093617413701673e-34
GCOT-PP-04,netlists/GCOT-PP-04__main__f20__m30dBV.cir,734.5646009961852,1.0,-6.123233995736766e-17,0.08139561951670082,-4.984044245287178e-18,0.2939533964575949,-1.7999454303514324e-17,-10.634430348601938,11.153548991185394,0.0,-0.0
GCOT-PP-04,netlists/GCOT-PP-04__main__f20__m30dBV.cir,743.0704581943611,1.0,-6.123233995736766e-17,0.08139561951670082,-4.984044245287178e-18,0.2939533965781707,-1.7999454310897464e-17,-10.634430345039101,11.153548994748233,0.0,-0.0
GCOT-PP-04,netlists/GCOT-PP-04__main__f20__m30dBV.cir,751.6748085769046,1.0,-6.123233995736766e-17,0.08139561951670082,-4.984044245287178e-18,0.2939533966960019,-1.7999454318112543e-17,-10.634430341557362,11.153548998229969,0.0,-9.528989280920388e-35
GCOT-PP-04,netlists/GCOT-PP-04__main__f20__m30dBV.cir,760.378792641139,1.0,-6.123233995736766e-17,0.08139561951670082,-4.984044245287178e-18,0.2939533968111509,-1.7999454325163385e-17,-10.634430338154878,11.153549001632454,6.006266770083767e-31,-9.639329772835912e-35
GCOT-PP-04,netlists/GCOT-PP-04__main__f20__m30dBV.cir,769.183564090724,1.0,-6.123233995736766e-17,0.08139561951670082,-4.984044245287178e-18,0.29395339692367883,-1.7999454332053734e-17,-10.634430334829846,11.153549004957489,6.006266767784516e-31,9.312083003487272e-35
GCOT-PP-04,netlists/GCOT-PP-04__main__f20__m30dBV.cir,778.0902899885783,1.0,-6.123233995736766e-17,0.08139561951670082,-4.984044245287178e-18,0.29395339703364526,-1.7999454338787238e-17,-10.6344303315805,11.153549008206834,0.0,1.8625400299385031e-34
GCOT-PP-04,netlists/GCOT-PP-04__main__f20__m30dBV.cir,787.1001509115723,1.0,-6.123233995736766e-17,0.08139561951670082,-4.984044245287178e-18,0.2939533971411086,-1.799945434536747e-17,-10.634430328405116,11.153549011382218,-6.006266763341836e-31,2.1196888760965044e-36
GCOT-PP-04,netlists/GCOT-PP-04__main__f20__m30dBV.cir,796.2143411070122,1.0,-6.123233995736766e-17,0.08139561951670082,-4.984044245287178e-18,0.29395339724612574,-1.7999454351797915e-17,-10.634430325302016,11.153549014485318,0.0,-1.8201434414596993e-34
GCOT-PP-04,netlists/GCOT-PP-04__main__f20__m30dBV.cir,805.4340686509361,1.0,-6.123233995736766e-17,0.08139561951670082,-4.984044245287178e-18,0.2939533973487524,-1.7999454358081984e-17,-10.634430322269548,11.153549017517786,6.006266759099108e-31,-2.0714388651050928e-36
GCOT-PP-04,netlists/GCOT-PP-04__main__f20__m30dBV.cir,814.7605556082436,1.0,-6.123233995736766e-17,0.08139561951670082,-4.984044245287178e-18,0.29395339744904303,-1.7999454364223013e-17,-10.634430319306107,11.153549020481226,0.0,2.0477273597975393e-36
GCOT-PP-04,netlists/GCOT-PP-04__main__f20__m30dBV.cir,824.1950381946789,1.0,-6.123233995736766e-17,0.08139561951670082,-4.984044245287178e-18,0.29395339754705074,-1.7999454370224254e-17,-10.634430316410125,11.15354902337721,6.006266755047334e-31,-8.892970203572436e-35
GCOT-PP-04,netlists/GCOT-PP-04__main__f20__m30dBV.cir,833.7387669406895,1.0,-6.123233995736766e-17,0.08139561951670082,-4.984044245287178e-18,0.2939533976428275,-1.799945437608889e-17,-10.634430313580062,11.153549026207273,6.006266753090354e-31,8.591061684792179e-35
GCOT-PP-04,netlists/GCOT-PP-04__main__f20__m30dBV.cir,843.3930068571835,1.0,-6.123233995736766e-17,0.08139561951670082,-4.984044245287178e-18,0.29395339773642415,-1.7999454381820032e-17,-10.634430310814418,11.153549028972915,0.0,8.690541487717667e-35
GCOT-PP-04,netlists/GCOT-PP-04__main__f20__m30dBV.cir,853.1590376032046,1.0,-6.123233995736766e-17,0.08139561951670082,-4.984044245287178e-18,0.29395339782789026,-1.7999454387420716e-17,-10.634430308111732,11.153549031675603,0.0,-8.395505235268531e-35
GCOT-PP-04,netlists/GCOT-PP-04__main__f20__m30dBV.cir,863.0381536555501,1.0,-6.123233995736766e-17,0.08139561951670082,-4.984044245287178e-18,0.2939533979172744,-1.7999454392893913e-17,-10.634430305470561,11.153549034316772,6.00626674748266e-31,-1.9331792259572433e-36
GCOT-PP-04,netlists/GCOT-PP-04__main__f20__m30dBV.cir,873.0316644803519,1.0,-6.123233995736766e-17,0.08139561951670082,-4.984044245287178e-18,0.29395339800462383,-1.7999454398242526e-17,-10.634430302889513,11.153549036897822,0.0,8.395505235268614e-35
GCOT-PP-04,netlists/GCOT-PP-04__main__f20__m30dBV.cir,883.1408947066452,1.0,-6.123233995736766e-17,0.08139561951670082,-4.984044245287178e-18,0.29395339808998494,-1.799945440346939e-17,-10.63443030036722,11.153549039420113,0.0,-0.0
GCOT-PP-04,netlists/GCOT-PP-04__main__f20__m30dBV.cir,893.3671843019467,1.0,-6.123233995736766e-17,0.08139561951670082,-4.984044245287178e-18,0.29395339817340305,-1.7999454408577272e-17,-10.634430297902336,11.153549041884997,0.0,-8.017645246376124e-35
GCOT-PP-04,netlists/GCOT-PP-04__main__f20__m30dBV.cir,903.7118887498656,1.0,-6.123233995736766e-17,0.08139561951670082,-4.984044245287178e-18,0.29395339825492234,-1.7999454413568888e-17,-10.634430295493562,11.153549044293772,6.006266740583594e-31,-1.8461718261186907e-36
GCOT-PP-04,netlists/GCOT-PP-04__main__f20__m30dBV.cir,914.1763792297712,1.0,-6.123233995736766e-17,0.08139561951670082,-4.984044245287178e-18,0.29395339833458595,-1.799945441844688e-17,-10.63443029313962,11.153549046647715,0.0,1.8250389139643e-36
GCOT-PP-04,netlists/GCOT-PP-04__main__f20__m30dBV.cir,924.7620427985421,1.0,-6.123233995736766e-17,0.08139561951670082,-4.984044245287178e-18,0.2939533984124363,-1.7999454423213834e-17,-10.634430290839257,11.153549048948076,6.006266737365156e-31,-1.804147823797774e-36
GCOT-PP-04,netlists/GCOT-PP-04__main__f20__m30dBV.cir,935.4702825744182,1.0,-6.123233995736766e-17,0.08139561951670082,-4.984044245287178e-18,0.2939533984885145,-1.7999454427872283e-17,-10.634430288591258,11.153549051196075,0.0,7.83514135497983e-35
GCOT-PP-04,netlists/GCOT-PP-04__main__f20__m30dBV.cir,946.302517922983,1.0,-6.123233995736766e-17,0.08139561951670082,-4.984044245287178e-18,0.2939533985628609,-1.7999454432424688e-17,-10.634430286394432,11.1535490533929,0.0,-7.56914518724355e-35
GCOT-PP-04,netlists/GCOT-PP-04__main__f20__m30dBV.cir,957.2601846452991,1.0,-6.123233995736766e-17,0.08139561951670082,-4.984044245287178e-18,0.29395339863551506,-1.799945443687347e-17,-10.634430284247607,11.153549055539727,6.00626673280705e-31,-1.7428985896832177e-36
GCOT-PP-04,netlists/GCOT-PP-04__main__f20__m30dBV.cir,968.3447351682214,1.0,-6.123233995736766e-17,0.08139561951670082,-4.984044245287178e-18,0.2939533987065153,-1.7999454441220987e-17,-10.634430282149655,11.15354905763768,0.0,7.569145187243704e-35
GCOT-PP-04,netlists/GCOT-PP-04__main__f20__m30dBV.cir,979.5576387369155,1.0,-6.123233995736766e-17,0.08139561951670082,-4.984044245287178e-18,0.2939533987758995,-1.799945444546954e-17,-10.634430280099455,11.15354905968788,0.0,-0.0
GCOT-PP-04,netlists/GCOT-PP-04__main__f20__m30dBV.cir,990.9003816096039,1.0,-6.123233995736766e-17,0.08139561951670082,-4.984044245287178e-18,0.29395339884370425,-1.7999454449621385e-17,-10.634430278095923,11.153549061691411,0.0,-0.0
GCOT-PP-04,netlists/GCOT-PP-04__main__f20__m30dBV.cir,1002.3744672545683,1.0,-6.123233995736766e-17,0.08139561951670082,-4.984044245287178e-18,0.2939533989099656,-1.799945445367872e-17,-10.634430276138001,11.153549063649333,0.0,-0.0
GCOT-PP-04,netlists/GCOT-PP-04__main__f20__m30dBV.cir,1013.9814165494329,1.0,-6.123233995736766e-17,0.08139561951670082,-4.984044245287178e-18,0.29395339897471867,-1.7999454457643702e-17,-10.63443027422464,11.153549065562691,0.0,-0.0
GCOT-PP-04,netlists/GCOT-PP-04__main__f20__m30dBV.cir,1025.7227679827542,1.0,-6.123233995736766e-17,0.08139561951670082,-4.984044245287178e-18,0.2939533990379978,-1.799945446151843e-17,-10.634430272354836,11.153549067432497,0.0,-0.0
GCOT-PP-04,netlists/GCOT-PP-04__main__f20__m30dBV.cir,1037.600077857947,1.0,-6.123233995736766e-17,0.08139561951670082,-4.984044245287178e-18,0.2939533990998364,-1.7999454465304956e-17,-10.634430270527595,11.15354906925974,0.0,-0.0
GCOT-PP-04,netlists/GCOT-PP-04__main__f20__m30dBV.cir,1049.6149204995704,1.0,-6.123233995736766e-17,0.08139561951670082,-4.984044245287178e-18,0.2939533991602675,-1.7999454469005293e-17,-10.634430268741946,11.153549071045388,0.0,-6.824122823614722e-35
GCOT-PP-04,netlists/GCOT-PP-04__main__f20__m30dBV.cir,1061.7688884620022,1.0,-6.123233995736766e-17,0.08139561951670082,-4.984044245287178e-18,0.293953399219323,-1.7999454472621398e-17,-10.634430266996944,11.15354907279039,6.006266720878267e-31,-1.571347061110256e-36
GCOT-PP-04,netlists/GCOT-PP-04__main__f20__m30dBV.cir,1074.0635927405312,1.0,-6.123233995736766e-17,0.08139561951670082,-4.984044245287178e-18,0.2939533992770342,-1.799945447615519e-17,-10.634430265291662,11.15354907449567,0.0,6.824122823614958e-35
GCOT-PP-04,netlists/GCOT-PP-04__main__f20__m30dBV.cir,1086.5006629848926,1.0,-6.123233995736766e-17,0.08139561951670082,-4.984044245287178e-18,0.29395339933343173,-1.7999454479608545e-17,-10.634430263625198,11.153549076162134,0.0,-6.59244984829232e-35
GCOT-PP-04,netlists/GCOT-PP-04__main__f20__m30dBV.cir,1099.0817477152757,1.0,-6.123233995736766e-17,0.08139561951670082,-4.984044245287178e-18,0.29395339938854553,-1.799945448298329e-17,-10.634430261996666,11.153549077790665,6.0062667174205915e-31,-1.518001208710354e-36
GCOT-PP-04,netlists/GCOT-PP-04__main__f20__m30dBV.cir,1111.808514540834,1.0,-6.123233995736766e-17,0.08139561951670082,-4.984044245287178e-18,0.2939533994424048,-1.7999454486281218e-17,-10.634430260405205,11.153549079382127,0.0,6.592449848292478e-35
GCOT-PP-04,netlists/GCOT-PP-04__main__f20__m30dBV.cir,1124.6826503807254,1.0,-6.123233995736766e-17,0.08139561951670082,-4.984044245287178e-18,0.293953399495038,-1.7999454489504075e-17,-10.63443025884997,11.153549080937362,0.0,-0.0
GCOT-PP-04,netlists/GCOT-PP-04__main__f20__m30dBV.cir,1137.7058616877105,1.0,-6.123233995736766e-17,0.08139561951670082,-4.984044245287178e-18,0.2939533995464732,-1.799945449265357e-17,-10.634430257330138,11.153549082457195,0.0,-6.295740724378338e-35
GCOT-PP-04,netlists/GCOT-PP-04__main__f20__m30dBV.cir,1150.8798746743419,1.0,-6.123233995736766e-17,0.08139561951670082,-4.984044245287178e-18,0.2939533995967376,-1.7999454495731377e-17,-10.634430255844897,11.153549083942433,6.006266713166662e-31,-6.368641965088476e-35
GCOT-PP-04,netlists/GCOT-PP-04__main__f20__m30dBV.cir,1164.2064355417713,1.0,-6.123233995736766e-17,0.08139561951670082,-4.984044245287178e-18,0.2939533996458578,-1.7999454498739122e-17,-10.634430254393468,11.153549085393863,6.006266712163003e-31,2.0567138265336253e-44
GCOT-PP-04,netlists/GCOT-PP-04__main__f20__m30dBV.cir,1177.6873107112067,1.0,-6.123233995736766e-17,0.08139561951670082,-4.984044245287178e-18,0.2939533996938599,-1.7999454501678402e-17,-10.634430252975076,11.153549086812255,6.0062667111821885e-31,1.9868883830354087e-44
GCOT-PP-04,netlists/GCOT-PP-04__main__f20__m30dBV.cir,1191.32428705805,1.0,-6.123233995736766e-17,0.08139561951670082,-4.984044245287178e-18,0.29395339974076934,-1.7999454504550777e-17,-10.63443025158897,11.15354908819836,6.006266710223702e-31,1.919436354599754e-44
GCOT-PP-04,netlists/GCOT-PP-04__main__f20__m30dBV.cir,1205.119172148745,1.0,-6.123233995736766e-17,0.08139561951670082,-4.984044245287178e-18,0.293953399786611,-1.799945450735777e-17,-10.63443025023442,11.153549089552914,6.006266709287032e-31,5.94356250223493e-35
GCOT-PP-04,netlists/GCOT-PP-04__main__f20__m30dBV.cir,1219.0737944803684,1.0,-6.123233995736766e-17,0.08139561951670082,-4.984044245287178e-18,0.29395339983140917,-1.7999454510100867e-17,-10.6344302489107,11.153549090876634,0.0,6.012385711410915e-35
GCOT-PP-04,netlists/GCOT-PP-04__main__f20__m30dBV.cir,1233.1900037229948,1.0,-6.123233995736766e-17,0.08139561951670082,-4.984044245287178e-18,0.2939533998751876,-1.7999454512781524e-17,-10.63443024761711,11.15354909217022,0.0,-5.808270498738807e-35
GCOT-PP-04,netlists/GCOT-PP-04__main__f20__m30dBV.cir,1247.4696709648695,1.0,-6.123233995736766e-17,0.08139561951670082,-4.984044245287178e-18,0.29395339991796954,-1.7999454515401158e-17,-10.634430246352968,11.153549093434364,6.00626670660302e-31,-1.3374332517513392e-36
GCOT-PP-04,netlists/GCOT-PP-04__main__f20__m30dBV.cir,1261.9146889604178,1.0,-6.123233995736766e-17,0.08139561951670082,-4.984044245287178e-18,0.2939533999597776,-1.7999454517961166e-17,-10.634430245117601,11.153549094669732,0.0,1.322123795878373e-36
GCOT-PP-04,netlists/GCOT-PP-04__main__f20__m30dBV.cir,1276.526972381129,1.0,-6.123233995736766e-17,0.08139561951670082,-4.984044245287178e-18,0.293953400000634,-1.79994545204629e-17,-10.634430243910353,11.153549095876977,6.006266704913961e-31,-1.3069895537895727e-36
GCOT-PP-04,netlists/GCOT-PP-04__main__f20__m30dBV.cir,1291.3084580693433,1.0,-6.123233995736766e-17,0.08139561951670082,-4.984044245287178e-18,0.2939534000405604,-1.7999454522907687e-17,-10.634430242730588,11.153549097056743,0.0,1.292028582977828e-36
GCOT-PP-04,netlists/GCOT-PP-04__main__f20__m30dBV.cir,1306.2611052949774,1.0,-6.123233995736766e-17,0.08139561951670082,-4.984044245287178e-18,0.293953400079578,-1.7999454525296824e-17,-10.634430241577677,11.153549098209655,6.006266703300921e-31,-5.611084816921283e-35
GCOT-PP-04,netlists/GCOT-PP-04__main__f20__m30dBV.cir,1321.3868960152251,1.0,-6.123233995736766e-17,0.08139561951670082,-4.984044245287178e-18,0.29395340011770743,-1.7999454527631578e-17,-10.634430240451007,11.153549099336324,6.006266702521832e-31,5.420593420176648e-35
GCOT-PP-04,netlists/GCOT-PP-04__main__f20__m30dBV.cir,1336.687835137263,1.0,-6.123233995736766e-17,0.08139561951670082,-4.984044245287178e-18,0.2939534001549689,-1.7999454529913188e-17,-10.634430239349989,11.153549100437345,0.0,5.483360933019205e-35
GCOT-PP-04,netlists/GCOT-PP-04__main__f20__m30dBV.cir,1352.1659507839977,1.0,-6.123233995736766e-17,0.08139561951670082,-4.984044245287178e-18,0.2939534001913822,-1.799945453214286e-17,-10.634430238274026,11.153549101513306,0.0,-5.297205647192554e-35
GCOT-PP-04,netlists/GCOT-PP-04__main__f20__m30dBV.cir,1367.8232945628934,1.0,-6.123233995736766e-17,0.08139561951670082,-4.984044245287178e-18,0.2939534002269667,-1.7999454534321777e-17,-10.634430237222558,11.153549102564778,6.006266700289368e-31,-1.2197536212285441e-36
GCOT-PP-04,netlists/GCOT-PP-04__main__f20__m30dBV.cir,1383.6619418379082,1.0,-6.123233995736766e-17,0.08139561951670082,-4.984044245287178e-18,0.2939534002617411,-1.7999454536451098e-17,-10.634430236195024,11.153549103592308,0.0,1.205791229096407e-36
GCOT-PP-04,netlists/GCOT-PP-04__main__f20__m30dBV.cir,1399.6839920045827,1.0,-6.123233995736766e-17,0.08139561951670082,-4.984044245287178e-18,0.29395340029572403,-1.799945453853195e-17,-10.63443023519088,11.153549104596454,6.006266698884469e-31,-5.236569033763501e-35
GCOT-PP-04,netlists/GCOT-PP-04__main__f20__m30dBV.cir,1415.891568768312,1.0,-6.123233995736766e-17,0.08139561951670082,-4.984044245287178e-18,0.29395340032893336,-1.7999454540565436e-17,-10.634430234209592,11.15354910557774,6.0062666982059125e-31,5.058792118529992e-35
GCOT-PP-04,netlists/GCOT-PP-04__main__f20__m30dBV.cir,1432.2868204258407,1.0,-6.123233995736766e-17,0.08139561951670082,-4.984044245287178e-18,0.29395340036138673,-1.7999454542552635e-17,-10.634430233250644,11.153549106536689,0.0,5.117370169885275e-35
GCOT-PP-04,netlists/GCOT-PP-04__main__f20__m30dBV.cir,1448.8719201500173,1.0,-6.123233995736766e-17,0.08139561951670082,-4.984044245287178e-18,0.2939534003931014,-1.7999454544494598e-17,-10.634430232313521,11.153549107473813,0.0,-0.0
GCOT-PP-04,netlists/GCOT-PP-04__main__f20__m30dBV.cir,1465.6490662778458,1.0,-6.123233995736766e-17,0.08139561951670082,-4.984044245287178e-18,0.2939534004240942,-1.7999454546392357e-17,-10.634430231397731,11.153549108389601,0.0,-0.0
GCOT-PP-04,netlists/GCOT-PP-04__main__f20__m30dBV.cir,1482.6204826018732,1.0,-6.123233995736766e-17,0.08139561951670082,-4.984044245287178e-18,0.29395340045438145,-1.799945454824692e-17,-10.634430230502787,11.153549109284546,0.0,-4.831108964313131e-35
GCOT-PP-04,netlists/GCOT-PP-04__main__f20__m30dBV.cir,1499.7884186649503,1.0,-6.123233995736766e-17,0.08139561951670082,-4.984044245287178e-18,0.29395340048397933,-1.7999454550059263e-17,-10.634430229628213,11.153549110159119,6.0062666950379025e-31,-1.1124285229346498e-36
GCOT-PP-04,netlists/GCOT-PP-04__main__f20__m30dBV.cir,1517.1551500584067,1.0,-6.123233995736766e-17,0.08139561951670082,-4.984044245287178e-18,0.2939534005129035,-1.7999454551830357e-17,-10.634430228773548,11.153549111013788,0.0,4.831108964313038e-35
GCOT-PP-04,netlists/GCOT-PP-04__main__f20__m30dBV.cir,1534.7229787236777,1.0,-6.123233995736766e-17,0.08139561951670082,-4.984044245287178e-18,0.2939534005411692,-1.7999454553561134e-17,-10.634430227938337,11.153549111848996,0.0,-0.0
GCOT-PP-04,netlists/GCOT-PP-04__main__f20__m30dBV.cir,1552.4942332574237,1.0,-6.123233995736766e-17,0.08139561951670082,-4.984044245287178e-18,0.2939534005687915,-1.7999454555252513e-17,-10.634430227122138,11.153549112665196,0.0,-0.0
GCOT-PP-04,netlists/GCOT-PP-04__main__f20__m30dBV.cir,1570.4712692201845,1.0,-6.123233995736766e-17,0.08139561951670082,-4.984044245287178e-18,0.29395340059578506,-1.7999454556905392e-17,-10.634430226324518,11.153549113462816,0.0,-0.0
GCOT-PP-04,netlists/GCOT-PP-04__main__f20__m30dBV.cir,1588.6564694486044,1.0,-6.123233995736766e-17,0.08139561951670082,-4.984044245287178e-18,0.2939534006221642,-1.7999454558520647e-17,-10.634430225545055,11.153549114242281,0.0,-0.0
GCOT-PP-04,netlists/GCOT-PP-04__main__f20__m30dBV.cir,1607.0522443712764,1.0,-6.123233995736766e-17,0.08139561951670082,-4.984044245287178e-18,0.29395340064794284,-1.7999454560099136e-17,-10.634430224783333,11.153549115004001,0.0,-0.0
GCOT-PP-04,netlists/GCOT-PP-04__main__f20__m30dBV.cir,1625.661032328241,1.0,-6.123233995736766e-17,0.08139561951670082,-4.984044245287178e-18,0.2939534006731347,-1.7999454561641692e-17,-10.634430224038951,11.153549115748383,0.0,-0.0
GCOT-PP-04,netlists/GCOT-PP-04__main__f20__m30dBV.cir,1644.4852998941853,1.0,-6.123233995736766e-17,0.08139561951670082,-4.984044245287178e-18,0.2939534006977531,-1.7999454563149134e-17,-10.634430223311513,11.15354911647582,0.0,-0.0
GCOT-PP-04,netlists/GCOT-PP-04__main__f20__m30dBV.cir,1663.5275422053858,1.0,-6.123233995736766e-17,0.08139561951670082,-4.984044245287178e-18,0.29395340072181114,-1.7999454564622264e-17,-10.634430222600635,11.1535491171867,0.0,-0.0
GCOT-PP-04,netlists/GCOT-PP-04__main__f20__m30dBV.cir,1682.7902832904347,1.0,-6.123233995736766e-17,0.08139561951670082,-4.984044245287178e-18,0.29395340074532156,-1.799945456606186e-17,-10.634430221905935,11.153549117881397,0.0,-4.256443104270143e-35
GCOT-PP-04,netlists/GCOT-PP-04__main__f20__m30dBV.cir,1702.276076404798,1.0,-6.123233995736766e-17,0.08139561951670082,-4.984044245287178e-18,0.29395340076829685,-1.799945456746869e-17,-10.63443022122705,11.153549118560285,6.006266689228523e-31,-4.305730392184496e-35
GCOT-PP-04,netlists/GCOT-PP-04__main__f20__m30dBV.cir,1721.987504369247,1.0,-6.123233995736766e-17,0.08139561951670082,-4.984044245287178e-18,0.2939534007907491,-1.7999454568843496e-17,-10.634430220563619,11.153549119223714,6.006266688769762e-31,4.1595546303807296e-35
GCOT-PP-04,netlists/GCOT-PP-04__main__f20__m30dBV.cir,1741.9271799122077,1.0,-6.123233995736766e-17,0.08139561951670082,-4.984044245287178e-18,0.2939534008126903,-1.7999454570187006e-17,-10.63443021991529,11.153549119872043,0.0,4.207720002635893e-35
GCOT-PP-04,netlists/GCOT-PP-04__main__f20__m30dBV.cir,1762.0977460160752,1.0,-6.123233995736766e-17,0.08139561951670082,-4.984044245287178e-18,0.293953400834132,-1.7999454571499935e-17,-10.634430219281716,11.153549120505616,0.0,-0.0
GCOT-PP-04,netlists/GCOT-PP-04__main__f20__m30dBV.cir,1782.5018762675388,1.0,-6.123233995736766e-17,0.08139561951670082,-4.984044245287178e-18,0.2939534008550857,-1.7999454572782978e-17,-10.634430218662567,11.153549121124765,0.0,-4.0183414054120425e-35
GCOT-PP-04,netlists/GCOT-PP-04__main__f20__m30dBV.cir,1803.1422752119622,1.0,-6.123233995736766e-17,0.08139561951670082,-4.984044245287178e-18,0.29395340087556243,-1.7999454574036813e-17,-10.63443021805751,11.153549121729824,6.006266687036796e-31,-9.252777420844714e-37
GCOT-PP-04,netlists/GCOT-PP-04__main__f20__m30dBV.cir,1824.0216787118686,1.0,-6.123233995736766e-17,0.08139561951670082,-4.984044245287178e-18,0.29395340089557304,-1.7999454575262112e-17,-10.634430217466226,11.153549122321106,0.0,9.146861806414984e-37
GCOT-PP-04,netlists/GCOT-PP-04__main__f20__m30dBV.cir,1845.1428543095763,1.0,-6.123233995736766e-17,0.08139561951670082,-4.984044245287178e-18,0.29395340091512817,-1.7999454576459516e-17,-10.6344302168884,11.153549122898934,6.00626668622836e-31,-9.04215849166486e-37
GCOT-PP-04,netlists/GCOT-PP-04__main__f20__m30dBV.cir,1866.5086015940328,1.0,-6.123233995736766e-17,0.08139561951670082,-4.984044245287178e-18,0.2939534009342381,-1.7999454577629665e-17,-10.634430216323729,11.153549123463602,0.0,3.9268727873478526e-35
GCOT-PP-04,netlists/GCOT-PP-04__main__f20__m30dBV.cir,1888.1217525718982,1.0,-6.123233995736766e-17,0.08139561951670082,-4.984044245287178e-18,0.2939534009529131,-1.7999454578773177e-17,-10.63443021577191,11.153549124015424,0.0,-3.793558907175457e-35
GCOT-PP-04,netlists/GCOT-PP-04__main__f20__m30dBV.cir,1909.9851720429242,1.0,-6.123233995736766e-17,0.08139561951670082,-4.984044245287178e-18,0.293953400971163,-1.799945457989066e-17,-10.634430215232653,11.15354912455468,6.006266685083415e-31,-8.73518515715744e-37
GCOT-PP-04,netlists/GCOT-PP-04__main__f20__m30dBV.cir,1932.1017579796799,1.0,-6.123233995736766e-17,0.08139561951670082,-4.984044245287178e-18,0.29395340098899747,-1.799945458098271e-17,-10.63443021470567,11.153549125081664,0.0,3.7935589071755e-35
GCOT-PP-04,netlists/GCOT-PP-04__main__f20__m30dBV.cir,1954.4744419116753,1.0,-6.123233995736766e-17,0.08139561951670082,-4.984044245287178e-18,0.293953401006426,-1.7999454582049896e-17,-10.634430214190685,11.153549125596648,0.0,-3.6647709161245346e-35
GCOT-PP-04,netlists/GCOT-PP-04__main__f20__m30dBV.cir,1977.1061893139324,1.0,-6.123233995736766e-17,0.08139561951670082,-4.984044245287178e-18,0.2939534010234578,-1.7999454583092792e-17,-10.63443021368742,11.153549126099913,6.006266684014891e-31,-8.438633297707849e-37
GCOT-PP-04,netlists/GCOT-PP-04__main__f20__m30dBV.cir,2000.0000000000555,1.0,-6.123233995736766e-17,0.08139561951670082,-4.984044245287178e-18,0.29395340104010187,-1.799945458411195e-17,-10.63443021319561,11.153549126591722,0.0,3.664770916124617e-35
GCOT-PP-04,netlists/GCOT-PP-04__main__f20__m30dBV.cir,2023.1589085198534,1.0,-6.123233995736766e-17,0.08139561951670082,-4.984044245287178e-18,0.2939534010563671,-1.7999454585107906e-17,-10.634430212714998,11.153549127072335,0.0,-0.0
GCOT-PP-04,netlists/GCOT-PP-04__main__f20__m30dBV.cir,2046.5859845615655,1.0,-6.123233995736766e-17,0.08139561951670082,-4.984044245287178e-18,0.2939534010722621,-1.7999454586081194e-17,-10.634430212245325,11.153549127542007,0.0,-0.0
GCOT-PP-04,netlists/GCOT-PP-04__main__f20__m30dBV.cir,2070.2843333587457,1.0,-6.123233995736766e-17,0.08139561951670082,-4.984044245287178e-18,0.2939534010877953,-1.799945458703233e-17,-10.634430211786341,11.15354912800099,0.0,-0.0
GCOT-PP-04,netlists/GCOT-PP-04__main__f20__m30dBV.cir,2094.2570961018578,1.0,-6.123233995736766e-17,0.08139561951670082,-4.984044245287178e-18,0.29395340110297485,-1.799945458796181e-17,-10.634430211337808,11.153549128449525,0.0,-0.0
GCOT-PP-04,netlists/GCOT-PP-04__main__f20__m30dBV.cir,2118.507450354637,1.0,-6.123233995736766e-17,0.08139561951670082,-4.984044245287178e-18,0.29395340111780893,-1.7999454588870135e-17,-10.634430210899485,11.15354912888785,0.0,-3.3810129330323673e-35
GCOT-PP-04,netlists/GCOT-PP-04__main__f20__m30dBV.cir,2143.038610475273,1.0,-6.123233995736766e-17,0.08139561951670082,-4.984044245287178e-18,0.29395340113230534,-1.7999454589757782e-17,-10.634430210471136,11.153549129316197,6.00626668179084e-31,-3.420163217481478e-35
GCOT-PP-04,netlists/GCOT-PP-04__main__f20__m30dBV.cir,2167.8538280424677,1.0,-6.123233995736766e-17,0.08139561951670082,-4.984044245287178e-18,0.2939534011464718,-1.7999454590625227e-17,-10.634430210052539,11.153549129734795,6.006266681501382e-31,3.304051682695881e-35
GCOT-PP-04,netlists/GCOT-PP-04__main__f20__m30dBV.cir,2192.9563922864318,1.0,-6.123233995736766e-17,0.08139561951670082,-4.984044245287178e-18,0.2939534011603157,-1.7999454591472926e-17,-10.63443020964347,11.153549130143862,0.0,7.60802824927953e-37
GCOT-PP-04,netlists/GCOT-PP-04__main__f20__m30dBV.cir,2218.3496305248646,1.0,-6.123233995736766e-17,0.08139561951670082,-4.984044245287178e-18,0.29395340117384455,-1.7999454592301325e-17,-10.634430209243712,11.153549130543619,6.006266680942082e-31,-7.520939839315568e-37
GCOT-PP-04,netlists/GCOT-PP-04__main__f20__m30dBV.cir,2244.03690860399,1.0,-6.123233995736766e-17,0.08139561951670082,-4.984044245287178e-18,0.2939534011870654,-1.7999454593110872e-17,-10.634430208853054,11.153549130934277,0.0,7.434848381260436e-37
GCOT-PP-04,netlists/GCOT-PP-04__main__f20__m30dBV.cir,2270.021631344694,1.0,-6.123233995736766e-17,0.08139561951670082,-4.984044245287178e-18,0.29395340119998536,-1.799945459390199e-17,-10.63443020847129,11.153549131316042,6.006266680407953e-31,-7.349742346881147e-37
GCOT-PP-04,netlists/GCOT-PP-04__main__f20__m30dBV.cir,2296.30724299383,1.0,-6.123233995736766e-17,0.08139561951670082,-4.984044245287178e-18,0.2939534012126112,-1.79994545946751e-17,-10.634430208098216,11.153549131689115,0.0,3.1918820315577464e-35
GCOT-PP-04,netlists/GCOT-PP-04__main__f20__m30dBV.cir,2322.8972276807513,1.0,-6.123233995736766e-17,0.08139561951670082,-4.984044245287178e-18,0.2939534012249496,-1.799945459543061e-17,-10.634430207733633,11.1535491320537,0.0,3.083520441829718e-35
GCOT-PP-04,netlists/GCOT-PP-04__main__f20__m30dBV.cir,2349.795109879126,1.0,-6.123233995736766e-17,0.08139561951670082,-4.984044245287178e-18,0.2939534012370072,-1.7999454596168925e-17,-10.63443020737735,11.153549132409983,-6.0062666796514965e-31,7.10022505366504e-37
GCOT-PP-04,netlists/GCOT-PP-04__main__f20__m30dBV.cir,2377.004454874105,1.0,-6.123233995736766e-17,0.08139561951670082,-4.984044245287178e-18,0.2939534012487903,-1.799945459689043e-17,-10.634430207029176,11.153549132758158,0.0,-3.0835204418297005e-35
GCOT-PP-04,netlists/GCOT-PP-04__main__f20__m30dBV.cir,2404.5288692348945,1.0,-6.123233995736766e-17,0.08139561951670082,-4.984044245287178e-18,0.2939534012603052,-1.7999454597595516e-17,-10.634430206688927,11.153549133098405,0.0,-2.978837632862515e-35
GCOT-PP-04,netlists/GCOT-PP-04__main__f20__m30dBV.cir,2432.3720012928056,1.0,-6.123233995736766e-17,0.08139561951670082,-4.984044245287178e-18,0.29395340127155806,-1.7999454598284552e-17,-10.634430206356422,11.153549133430909,6.006266678945528e-31,-6.85917865330153e-37
GCOT-PP-04,netlists/GCOT-PP-04__main__f20__m30dBV.cir,2460.5375416248335,1.0,-6.123233995736766e-17,0.08139561951670082,-4.984044245287178e-18,0.2939534012825547,-1.7999454598957903e-17,-10.634430206031489,11.153549133755845,0.0,2.9788376328625956e-35
GCOT-PP-04,netlists/GCOT-PP-04__main__f20__m30dBV.cir,2489.0292235428415,1.0,-6.123233995736766e-17,0.08139561951670082,-4.984044245287178e-18,0.293953401293301,-1.7999454599615924e-17,-10.63443020571395,11.153549134073382,0.0,-0.0
GCOT-PP-04,netlists/GCOT-PP-04__main__f20__m30dBV.cir,2517.850823588407,1.0,-6.123233995736766e-17,0.08139561951670082,-4.984044245287178e-18,0.2939534013038027,-1.799945460025897e-17,-10.634430205403639,11.153549134383693,0.0,-0.0
GCOT-PP-04,netlists/GCOT-PP-04__main__f20__m30dBV.cir,2547.006162033397,1.0,-6.123233995736766e-17,0.08139561951670082,-4.984044245287178e-18,0.2939534013140654,-1.7999454600887377e-17,-10.634430205100394,11.15354913468694,0.0,-2.812204065491049e-35
GCOT-PP-04,netlists/GCOT-PP-04__main__f20__m30dBV.cir,2576.4991033863425,1.0,-6.123233995736766e-17,0.08139561951670082,-4.984044245287178e-18,0.2939534013240945,-1.799945460150148e-17,-10.634430204804048,11.153549134983285,6.006266677872067e-31,-2.844767853744216e-35
GCOT-PP-04,netlists/GCOT-PP-04__main__f20__m30dBV.cir,2606.3335569046744,1.0,-6.123233995736766e-17,0.08139561951670082,-4.984044245287178e-18,0.29395340133389525,-1.7999454602101603e-17,-10.634430204514452,11.153549135272883,6.00626667767181e-31,2.7481904857232493e-35
GCOT-PP-04,netlists/GCOT-PP-04__main__f20__m30dBV.cir,2636.513477112891,1.0,-6.123233995736766e-17,0.08139561951670082,-4.984044245287178e-18,0.2939534013434729,-1.799945460268807e-17,-10.634430204231444,11.153549135555888,0.0,2.7800130316553266e-35
GCOT-PP-04,netlists/GCOT-PP-04__main__f20__m30dBV.cir,2667.042864326726,1.0,-6.123233995736766e-17,0.08139561951670082,-4.984044245287178e-18,0.29395340135283254,-1.7999454603261182e-17,-10.634430203954881,11.15354913583245,0.0,-0.0
GCOT-PP-04,netlists/GCOT-PP-04__main__f20__m30dBV.cir,2697.9257651833864,1.0,-6.123233995736766e-17,0.08139561951670082,-4.984044245287178e-18,0.29395340136197917,-1.799945460382125e-17,-10.634430203684612,11.153549136102722,0.0,-0.0
GCOT-PP-04,netlists/GCOT-PP-04__main__f20__m30dBV.cir,2729.1662731779293,1.0,-6.123233995736766e-17,0.08139561951670082,-4.984044245287178e-18,0.2939534013709176,-1.799945460436857e-17,-10.634430203420495,11.153549136366836,0.0,-0.0
GCOT-PP-04,netlists/GCOT-PP-04__main__f20__m30dBV.cir,2760.768529205851,1.0,-6.123233995736766e-17,0.08139561951670082,-4.984044245287178e-18,0.29395340137965253,-1.799945460490343e-17,-10.63443020316239,11.153549136624942,0.0,-2.594459117584825e-35
GCOT-PP-04,netlists/GCOT-PP-04__main__f20__m30dBV.cir,2792.7367221119575,1.0,-6.123233995736766e-17,0.08139561951670082,-4.984044245287178e-18,0.29395340138818865,-1.7999454605426116e-17,-10.634430202910162,11.153549136877174,6.006266676562449e-31,-2.624501538193297e-35
GCOT-PP-04,netlists/GCOT-PP-04__main__f20__m30dBV.cir,2825.075089245592,1.0,-6.123233995736766e-17,0.08139561951670082,-4.984044245287178e-18,0.2939534013965305,-1.7999454605936906e-17,-10.634430202663673,11.153549137123662,6.006266676392003e-31,1.4393693248553703e-45
GCOT-PP-04,netlists/GCOT-PP-04__main__f20__m30dBV.cir,2857.7879170222905,1.0,-6.123233995736766e-17,0.08139561951670082,-4.984044245287178e-18,0.2939534014046824,-1.7999454606436067e-17,-10.634430202422793,11.153549137364537,6.006266676225437e-31,2.5063795109764147e-35
GCOT-PP-04,netlists/GCOT-PP-04__main__f20__m30dBV.cir,2890.879541491941,1.0,-6.123233995736766e-17,0.08139561951670082,-4.984044245287178e-18,0.29395340141264875,-1.7999454606923867e-17,-10.634430202187401,11.153549137599931,0.0,5.771279605226548e-37
GCOT-PP-04,netlists/GCOT-PP-04__main__f20__m30dBV.cir,2924.3543489135236,1.0,-6.123233995736766e-17,0.08139561951670082,-4.984044245287178e-18,0.2939534014204338,-1.799945460740056e-17,-10.634430201957363,11.153549137829968,6.006266675903593e-31,-5.705216300461378e-37
GCOT-PP-04,netlists/GCOT-PP-04__main__f20__m30dBV.cir,2958.2167763365032,1.0,-6.123233995736766e-17,0.08139561951670082,-4.984044245287178e-18,0.2939534014280416,-1.7999454607866408e-17,-10.634430201732563,11.153549138054768,0.0,5.639909241895129e-37
GCOT-PP-04,netlists/GCOT-PP-04__main__f20__m30dBV.cir,2992.4713121889563,1.0,-6.123233995736766e-17,0.08139561951670082,-4.984044245287178e-18,0.29395340143547627,-1.7999454608321648e-17,-10.634430201512881,11.153549138274453,6.006266675596235e-31,-2.4493273475819365e-35
GCOT-PP-04,netlists/GCOT-PP-04__main__f20__m30dBV.cir,3027.122496872507,1.0,-6.123233995736766e-17,0.08139561951670082,-4.984044245287178e-18,0.2939534014427417,-1.7999454608766526e-17,-10.6344302012982,11.153549138489133,6.006266675447782e-31,2.3661748371238306e-35
GCOT-PP-04,netlists/GCOT-PP-04__main__f20__m30dBV.cir,3062.174923364152,1.0,-6.123233995736766e-17,0.08139561951670082,-4.984044245287178e-18,0.29395340144984167,-1.7999454609201277e-17,-10.634430201088405,11.153549138698928,0.0,5.448439279341245e-37
GCOT-PP-04,netlists/GCOT-PP-04__main__f20__m30dBV.cir,3097.633237825056,1.0,-6.123233995736766e-17,0.08139561951670082,-4.984044245287178e-18,0.2939534014567801,-1.799945460962613e-17,-10.634430200883385,11.153549138903948,6.006266675160938e-31,-2.36617483689766e-35
GCOT-PP-04,netlists/GCOT-PP-04__main__f20__m30dBV.cir,3133.5021402163925,1.0,-6.123233995736766e-17,0.08139561951670082,-4.984044245287178e-18,0.2939534014635606,-1.7999454610041316e-17,-10.634430200683031,11.153549139104301,6.0062666750223954e-31,2.2858452810813227e-35
GCOT-PP-04,netlists/GCOT-PP-04__main__f20__m30dBV.cir,3169.7863849223227,1.0,-6.123233995736766e-17,0.08139561951670082,-4.984044245287178e-18,0.2939534014701867,-1.7999454610447052e-17,-10.63443020048724,11.153549139300093,0.0,2.3123141219042364e-35
GCOT-PP-04,netlists/GCOT-PP-04__main__f20__m30dBV.cir,3206.49078138018,1.0,-6.123233995736766e-17,0.08139561951670082,-4.984044245287178e-18,0.29395340147666205,-1.799945461084355e-17,-10.634430200295903,11.15354913949143,0.0,-0.0
GCOT-PP-04,netlists/GCOT-PP-04__main__f20__m30dBV.cir,3243.6201947179584,1.0,-6.123233995736766e-17,0.08139561951670082,-4.984044245287178e-18,0.29395340148298993,-1.7999454611231023e-17,-10.634430200108921,11.15354913967841,0.0,-2.2082428427787595e-35
GCOT-PP-04,netlists/GCOT-PP-04__main__f20__m30dBV.cir,3281.1795463991784,1.0,-6.123233995736766e-17,0.08139561951670082,-4.984044245287178e-18,0.2939534014891738,-1.7999454611609673e-17,-10.634430199926197,11.153549139861134,6.006266674499048e-31,-2.233813089726588e-35
GCOT-PP-04,netlists/GCOT-PP-04__main__f20__m30dBV.cir,3319.1738148752224,1.0,-6.123233995736766e-17,0.08139561951670082,-4.984044245287178e-18,0.2939534014952169,-1.7999454611979707e-17,-10.634430199747634,11.1535491400397,6.006266674375571e-31,2.1579770988737393e-35
GCOT-PP-04,netlists/GCOT-PP-04__main__f20__m30dBV.cir,3357.608036245223,1.0,-6.123233995736766e-17,0.08139561951670082,-4.984044245287178e-18,0.2939534015011225,-1.799945461234132e-17,-10.634430199573133,11.153549140214201,0.0,2.1829652959381297e-35
GCOT-PP-04,netlists/GCOT-PP-04__main__f20__m30dBV.cir,3396.4873049235925,1.0,-6.123233995736766e-17,0.08139561951670082,-4.984044245287178e-18,0.2939534015068936,-1.79994546126947e-17,-10.634430199402605,11.15354914038473,0.0,-2.1088555428210512e-35
GCOT-PP-04,netlists/GCOT-PP-04__main__f20__m30dBV.cir,3435.8167743152817,1.0,-6.123233995736766e-17,0.08139561951670082,-4.984044245287178e-18,0.29395340151253335,-1.7999454613040032e-17,-10.634430199235958,11.153549140551373,6.006266674021748e-31,-2.1332749390808116e-35
GCOT-PP-04,netlists/GCOT-PP-04__main__f20__m30dBV.cir,3475.601657498858,1.0,-6.123233995736766e-17,0.08139561951670082,-4.984044245287178e-18,0.2939534015180447,-1.7999454613377507e-17,-10.634430199073106,11.15354914071423,6.0062666739091365e-31,2.0608521300646297e-35
GCOT-PP-04,netlists/GCOT-PP-04__main__f20__m30dBV.cir,3515.847227917494,1.0,-6.123233995736766e-17,0.08139561951670082,-4.984044245287178e-18,0.29395340152343064,-1.79994546137073e-17,-10.634430198913961,11.153549140873373,0.0,2.0847156730011226e-35
GCOT-PP-04,netlists/GCOT-PP-04__main__f20__m30dBV.cir,3556.5588200779557,1.0,-6.123233995736766e-17,0.08139561951670082,-4.984044245287178e-18,0.293953401528694,-1.7999454614029587e-17,-10.634430198758436,11.153549141028897,0.0,-0.0
GCOT-PP-04,netlists/GCOT-PP-04__main__f20__m30dBV.cir,3597.7418302576875,1.0,-6.123233995736766e-17,0.08139561951670082,-4.984044245287178e-18,0.2939534015338375,-1.7999454614344536e-17,-10.634430198606452,11.153549141180878,0.0,-0.0
GCOT-PP-04,netlists/GCOT-PP-04__main__f20__m30dBV.cir,3639.40171722008,1.0,-6.123233995736766e-17,0.08139561951670082,-4.984044245287178e-18,0.2939534015388639,-1.7999454614652315e-17,-10.63443019845793,11.153549141329403,0.0,-0.0
GCOT-PP-04,netlists/GCOT-PP-04__main__f20__m30dBV.cir,3681.5440029380266,1.0,-6.123233995736766e-17,0.08139561951670082,-4.984044245287178e-18,0.2939534015437759,-1.799945461495309e-17,-10.634430198312788,11.153549141474546,0.0,-0.0
GCOT-PP-04,netlists/GCOT-PP-04__main__f20__m30dBV.cir,3724.1742733258516,1.0,-6.123233995736766e-17,0.08139561951670082,-4.984044245287178e-18,0.29395340154857613,-1.7999454615247018e-17,-10.634430198170948,11.153549141616388,0.0,-1.9232991134220842e-35
GCOT-PP-04,netlists/GCOT-PP-04__main__f20__m30dBV.cir,3767.2981789797195,1.0,-6.123233995736766e-17,0.08139561951670082,-4.984044245287178e-18,0.2939534015532671,-1.7999454615534256e-17,-10.634430198032337,11.153549141754997,6.006266673189448e-31,-1.94556986750441e-35
GCOT-PP-04,netlists/GCOT-PP-04__main__f20__m30dBV.cir,3810.9214359266143,1.0,-6.123233995736766e-17,0.08139561951670082,-4.984044245287178e-18,0.29395340155785127,-1.7999454615814955e-17,-10.63443019789688,11.153549141890453,6.006266673095781e-31,1.879519480668057e-35
GCOT-PP-04,netlists/GCOT-PP-04__main__f20__m30dBV.cir,3855.0498263819936,1.0,-6.123233995736766e-17,0.08139561951670082,-4.984044245287178e-18,0.2939534015623311,-1.7999454616089266e-17,-10.634430197764509,11.153549142022822,0.0,1.9012832904946897e-35
GCOT-PP-04,netlists/GCOT-PP-04__main__f20__m30dBV.cir,3899.689199516214,1.0,-6.123233995736766e-17,0.08139561951670082,-4.984044245287178e-18,0.2939534015667089,-1.799945461635733e-17,-10.634430197635151,11.153549142152182,0.0,-0.0
GCOT-PP-04,netlists/GCOT-PP-04__main__f20__m30dBV.cir,3944.8454722298325,1.0,-6.123233995736766e-17,0.08139561951670082,-4.984044245287178e-18,0.2939534015709871,-1.7999454616619294e-17,-10.634430197508735,11.153549142278596,0.0,-0.0
GCOT-PP-04,netlists/GCOT-PP-04__main__f20__m30dBV.cir,3990.524629937886,1.0,-6.123233995736766e-17,0.08139561951670082,-4.984044245287178e-18,0.2939534015751679,-1.7999454616875295e-17,-10.634430197385198,11.153549142402133,0.0,-0.0
GCOT-PP-04,netlists/GCOT-PP-04__main__f20__m30dBV.cir,4036.7327273632504,1.0,-6.123233995736766e-17,0.08139561951670082,-4.984044245287178e-18,0.29395340157925354,-1.7999454617125468e-17,-10.634430197264475,11.15354914252286,0.0,-0.0
GCOT-PP-04,netlists/GCOT-PP-04__main__f20__m30dBV.cir,4083.475889339189,1.0,-6.123233995736766e-17,0.08139561951670082,-4.984044245287178e-18,0.2939534015832462,-1.7999454617369947e-17,-10.634430197146498,11.153549142640834,0.0,-0.0
GCOT-PP-04,netlists/GCOT-PP-04__main__f20__m30dBV.cir,4130.760311621191,1.0,-6.123233995736766e-17,0.08139561951670082,-4.984044245287178e-18,0.29395340158714794,-1.799945461760886e-17,-10.634430197031206,11.153549142756125,0.0,-0.0
GCOT-PP-04,netlists/GCOT-PP-04__main__f20__m30dBV.cir,4178.592261708213,1.0,-6.123233995736766e-17,0.08139561951670082,-4.984044245287178e-18,0.2939534015909609,-1.7999454617842336e-17,-10.634430196918538,11.153549142868792,0.0,-0.0
GCOT-PP-04,netlists/GCOT-PP-04__main__f20__m30dBV.cir,4226.978079673429,1.0,-6.123233995736766e-17,0.08139561951670082,-4.984044245287178e-18,0.293953401594687,-1.7999454618070496e-17,-10.634430196808438,11.153549142978893,0.0,-1.694520516078081e-35
GCOT-PP-04,netlists/GCOT-PP-04__main__f20__m30dBV.cir,4275.924179004602,1.0,-6.123233995736766e-17,0.08139561951670082,-4.984044245287178e-18,0.2939534015983284,-1.7999454618293463e-17,-10.63443019670084,11.153549143086492,6.006266672268723e-31,-1.7141421388662056e-35
GCOT-PP-04,netlists/GCOT-PP-04__main__f20__m30dBV.cir,4325.43704745418,1.0,-6.123233995736766e-17,0.08139561951670082,-4.984044245287178e-18,0.2939534016018868,-1.7999454618511355e-17,-10.634430196595694,11.15354914319164,6.006266672196015e-31,1.6559485199852237e-35
GCOT-PP-04,netlists/GCOT-PP-04__main__f20__m30dBV.cir,4375.523247899247,1.0,-6.123233995736766e-17,0.08139561951670082,-4.984044245287178e-18,0.29395340160536426,-1.799945461872429e-17,-10.634430196492941,11.153549143294391,0.0,1.6751235001083752e-35
GCOT-PP-04,netlists/GCOT-PP-04__main__f20__m30dBV.cir,4426.189419211419,1.0,-6.123233995736766e-17,0.08139561951670082,-4.984044245287178e-18,0.29395340160876254,-1.7999454618932373e-17,-10.634430196392529,11.153549143394805,0.0,-0.0
GCOT-PP-04,netlists/GCOT-PP-04__main__f20__m30dBV.cir,4477.4422771368245,1.0,-6.123233995736766e-17,0.08139561951670082,-4.984044245287178e-18,0.2939534016120835,-1.7999454619135723e-17,-10.634430196294398,11.153549143492935,0.0,-1.599730523200608e-35
GCOT-PP-04,netlists/GCOT-PP-04__main__f20__m30dBV.cir,4529.288615186267,1.0,-6.123233995736766e-17,0.08139561951670082,-4.984044245287178e-18,0.29395340161532885,-1.7999454619334442e-17,-10.634430196198503,11.153549143588828,6.006266671921358e-31,-1.6182545296051052e-35
GCOT-PP-04,netlists/GCOT-PP-04__main__f20__m30dBV.cir,4581.735305535695,1.0,-6.123233995736766e-17,0.08139561951670082,-4.984044245287178e-18,0.2939534016185003,-1.7999454619528638e-17,-10.634430196104791,11.153549143682541,6.0062666718565566e-31,1.5633162107711622e-35
GCOT-PP-04,netlists/GCOT-PP-04__main__f20__m30dBV.cir,4634.789299937108,1.0,-6.123233995736766e-17,0.08139561951670082,-4.984044245287178e-18,0.29395340162159955,-1.7999454619718414e-17,-10.634430196013213,11.15354914377412,0.0,1.5814185593100893e-35
GCOT-PP-04,netlists/GCOT-PP-04__main__f20__m30dBV.cir,4688.457630639997,1.0,-6.123233995736766e-17,0.08139561951670082,-4.984044245287178e-18,0.2939534016246283,-1.799945461990387e-17,-10.634430195923718,11.153549143863614,0.0,-0.0
GCOT-PP-04,netlists/GCOT-PP-04__main__f20__m30dBV.cir,4742.747411323465,1.0,-6.123233995736766e-17,0.08139561951670082,-4.984044245287178e-18,0.2939534016275881,-1.7999454620085105e-17,-10.63443019583626,11.153549143951073,0.0,-1.5102429994762958e-35
GCOT-PP-04,netlists/GCOT-PP-04__main__f20__m30dBV.cir,4797.665838039137,1.0,-6.123233995736766e-17,0.08139561951670082,-4.984044245287178e-18,0.2939534016304805,-1.7999454620262214e-17,-10.634430195750792,11.15354914403654,6.006266671611768e-31,-3.47753983938321e-37
GCOT-PP-04,netlists/GCOT-PP-04__main__f20__m30dBV.cir,4853.22019016499,1.0,-6.123233995736766e-17,0.08139561951670082,-4.984044245287178e-18,0.2939534016333071,-1.799945462043529e-17,-10.634430195667273,11.15354914412006,0.0,1.5102429994762685e-35
GCOT-PP-04,netlists/GCOT-PP-04__main__f20__m30dBV.cir,4909.417831370221,1.0,-6.123233995736766e-17,0.08139561951670082,-4.984044245287178e-18,0.2939534016360693,-1.799945462060443e-17,-10.634430195585654,11.15354914420168,0.0,-0.0
GCOT-PP-04,netlists/GCOT-PP-04__main__f20__m30dBV.cir,4966.266210591303,1.0,-6.123233995736766e-17,0.08139561951670082,-4.984044245287178e-18,0.29395340163876865,-1.799945462076972e-17,-10.63443019550589,11.153549144281442,0.0,-0.0
GCOT-PP-04,netlists/GCOT-PP-04__main__f20__m30dBV.cir,5023.772863019325,1.0,-6.123233995736766e-17,0.08139561951670082,-4.984044245287178e-18,0.2939534016414066,-1.7999454620931245e-17,-10.634430195427944,11.153549144359388,0.0,-0.0
GCOT-PP-04,netlists/GCOT-PP-04__main__f20__m30dBV.cir,5081.945411098777,1.0,-6.123233995736766e-17,0.08139561951670082,-4.984044245287178e-18,0.2939534016439844,-1.799945462108909e-17,-10.634430195351774,11.153549144435559,0.0,-1.4094407744329625e-35
GCOT-PP-04,netlists/GCOT-PP-04__main__f20__m30dBV.cir,5140.791565537897,1.0,-6.123233995736766e-17,0.08139561951670082,-4.984044245287178e-18,0.29395340164650363,-1.7999454621243347e-17,-10.634430195277334,11.153549144509999,6.006266671284372e-31,-3.2454290111184336e-37
GCOT-PP-04,netlists/GCOT-PP-04__main__f20__m30dBV.cir,5200.319126330716,1.0,-6.123233995736766e-17,0.08139561951670082,-4.984044245287178e-18,0.2939534016489655,-1.7999454621394093e-17,-10.63443019520459,11.153549144582744,0.0,3.208278894702414e-37
GCOT-PP-04,netlists/GCOT-PP-04__main__f20__m30dBV.cir,5260.535983790938,1.0,-6.123233995736766e-17,0.08139561951670082,-4.984044245287178e-18,0.2939534016513713,-1.7999454621541404e-17,-10.634430195133502,11.15354914465383,6.0062666711849124e-31,-3.171554027587187e-37
GCOT-PP-04,netlists/GCOT-PP-04__main__f20__m30dBV.cir,5321.450119597796,1.0,-6.123233995736766e-17,0.08139561951670082,-4.984044245287178e-18,0.2939534016537223,-1.7999454621685365e-17,-10.634430195064033,11.1535491447233,0.0,3.1352495509677546e-37
GCOT-PP-04,netlists/GCOT-PP-04__main__f20__m30dBV.cir,5383.069607854011,1.0,-6.123233995736766e-17,0.08139561951670082,-4.984044245287178e-18,0.29395340165601985,-1.7999454621826047e-17,-10.634430194996142,11.15354914479119,6.00626667108993e-31,-3.099360643969435e-37
GCOT-PP-04,netlists/GCOT-PP-04__main__f20__m30dBV.cir,5445.402616156007,1.0,-6.123233995736766e-17,0.08139561951670082,-4.984044245287178e-18,0.29395340165826506,-1.7999454621963528e-17,-10.6344301949298,11.153549144857532,0.0,1.3460054899762224e-35
GCOT-PP-04,netlists/GCOT-PP-04__main__f20__m30dBV.cir,5508.457406676517,1.0,-6.123233995736766e-17,0.08139561951670082,-4.984044245287178e-18,0.2939534016604592,-1.799945462209788e-17,-10.634430194864969,11.153549144922366,0.0,-0.0
GCOT-PP-04,netlists/GCOT-PP-04__main__f20__m30dBV.cir,5572.242337259728,1.0,-6.123233995736766e-17,0.08139561951670082,-4.984044245287178e-18,0.29395340166260336,-1.7999454622229173e-17,-10.63443019480161,11.153549144985725,0.0,-0.0
GCOT-PP-04,netlists/GCOT-PP-04__main__f20__m30dBV.cir,5636.765862529097,1.0,-6.123233995736766e-17,0.08139561951670082,-4.984044245287178e-18,0.29395340166469874,-1.7999454622357477e-17,-10.634430194739695,11.153549145047636,0.0,-0.0
GCOT-PP-04,netlists/GCOT-PP-04__main__f20__m30dBV.cir,5702.03653500801,1.0,-6.123233995736766e-17,0.08139561951670082,-4.984044245287178e-18,0.2939534016667464,-1.799945462248286e-17,-10.63443019467919,11.15354914510814,0.0,-0.0
GCOT-PP-04,netlists/GCOT-PP-04__main__f20__m30dBV.cir,5768.0630062534065,1.0,-6.123233995736766e-17,0.08139561951670082,-4.984044245287178e-18,0.29395340166874745,-1.799945462260539e-17,-10.634430194620062,11.153549145167272,0.0,-1.2417862057834848e-35
GCOT-PP-04,netlists/GCOT-PP-04__main__f20__m30dBV.cir,5834.854028002531,1.0,-6.123233995736766e-17,0.08139561951670082,-4.984044245287178e-18,0.293953401670703,-1.799945462272513e-17,-10.63443019456228,11.153549145225053,6.0062666707899136e-31,-2.8593815724345163e-37
GCOT-PP-04,netlists/GCOT-PP-04__main__f20__m30dBV.cir,5902.418453332971,1.0,-6.123233995736766e-17,0.08139561951670082,-4.984044245287178e-18,0.29395340167261397,-1.7999454622842146e-17,-10.63443019450581,11.15354914528152,0.0,1.2417862057835014e-35
GCOT-PP-04,netlists/GCOT-PP-04__main__f20__m30dBV.cir,5970.765237836122,1.0,-6.123233995736766e-17,0.08139561951670082,-4.984044245287178e-18,0.2939534016744815,-1.7999454622956497e-17,-10.63443019445063,11.153549145336703,0.0,-1.1996286555916824e-35
GCOT-PP-04,netlists/GCOT-PP-04__main__f20__m30dBV.cir,6039.903440804238,1.0,-6.123233995736766e-17,0.08139561951670082,-4.984044245287178e-18,0.29395340167630646,-1.7999454623068244e-17,-10.634430194396705,11.153549145390627,6.00626667067542e-31,-1.2135197007307674e-35
GCOT-PP-04,netlists/GCOT-PP-04__main__f20__m30dBV.cir,6109.842226431235,1.0,-6.123233995736766e-17,0.08139561951670082,-4.984044245287178e-18,0.2939534016780899,-1.799945462317745e-17,-10.634430194344004,11.153549145443327,6.006266670638978e-31,1.4228863848882317e-46
GCOT-PP-04,netlists/GCOT-PP-04__main__f20__m30dBV.cir,6180.590865027392,1.0,-6.123233995736766e-17,0.08139561951670082,-4.984044245287178e-18,0.29395340167983275,-1.7999454623284167e-17,-10.634430194292506,11.153549145494825,6.0062666706033675e-31,1.3746162542239667e-46
GCOT-PP-04,netlists/GCOT-PP-04__main__f20__m30dBV.cir,6252.158734248124,1.0,-6.123233995736766e-17,0.08139561951670082,-4.984044245287178e-18,0.29395340168153594,-1.7999454623388457e-17,-10.634430194242181,11.153549145545153,6.006266670568566e-31,1.1456364720553025e-35
GCOT-PP-04,netlists/GCOT-PP-04__main__f20__m30dBV.cir,6324.555320336976,1.0,-6.123233995736766e-17,0.08139561951670082,-4.984044245287178e-18,0.29395340168320033,-1.7999454623490374e-17,-10.634430194193001,11.153549145594333,0.0,1.1589023171750783e-35
GCOT-PP-04,netlists/GCOT-PP-04__main__f20__m30dBV.cir,6397.790219383017,1.0,-6.123233995736766e-17,0.08139561951670082,-4.984044245287178e-18,0.29395340168482686,-1.799945462358997e-17,-10.63443019414494,11.153549145642394,0.0,-0.0
GCOT-PP-04,netlists/GCOT-PP-04__main__f20__m30dBV.cir,6471.8731385927895,1.0,-6.123233995736766e-17,0.08139561951670082,-4.984044245287178e-18,0.29395340168641637,-1.79994546236873e-17,-10.634430194097973,11.153549145689361,0.0,-0.0
GCOT-PP-04,netlists/GCOT-PP-04__main__f20__m30dBV.cir,6546.813897576991,1.0,-6.123233995736766e-17,0.08139561951670082,-4.984044245287178e-18,0.2939534016879697,-1.7999454623782413e-17,-10.634430194052074,11.15354914573526,0.0,-0.0
GCOT-PP-04,netlists/GCOT-PP-04__main__f20__m30dBV.cir,6622.622429652052,1.0,-6.123233995736766e-17,0.08139561951670082,-4.984044245287178e-18,0.29395340168948764,-1.799945462387536e-17,-10.63443019400722,11.153549145780113,0.0,-0.0
GCOT-PP-04,netlists/GCOT-PP-04__main__f20__m30dBV.cir,6699.308783156786,1.0,-6.123233995736766e-17,0.08139561951670082,-4.984044245287178e-18,0.29395340169097106,-1.7999454623966193e-17,-10.634430193963386,11.153549145823947,0.0,-0.0
GCOT-PP-04,netlists/GCOT-PP-04__main__f20__m30dBV.cir,6776.8831227842875,1.0,-6.123233995736766e-17,0.08139561951670082,-4.984044245287178e-18,0.2939534016924207,-1.7999454624054958e-17,-10.634430193920553,11.15354914586678,0.0,-0.0
GCOT-PP-04,netlists/GCOT-PP-04__main__f20__m30dBV.cir,6855.355730929246,1.0,-6.123233995736766e-17,0.08139561951670082,-4.984044245287178e-18,0.2939534016938373,-1.7999454624141702e-17,-10.634430193878693,11.153549145908642,0.0,-0.0
GCOT-PP-04,netlists/GCOT-PP-04__main__f20__m30dBV.cir,6934.737009050876,1.0,-6.123233995736766e-17,0.08139561951670082,-4.984044245287178e-18,0.2939534016952217,-1.799945462422647e-17,-10.634430193837785,11.153549145949547,0.0,-1.0328727773348519e-35
GCOT-PP-04,netlists/GCOT-PP-04__main__f20__m30dBV.cir,7015.037479051606,1.0,-6.123233995736766e-17,0.08139561951670082,-4.984044245287178e-18,0.29395340169657463,-1.799945462430931e-17,-10.634430193797808,11.153549145989523,6.006266670261285e-31,-2.3783299995065933e-37
GCOT-PP-04,netlists/GCOT-PP-04__main__f20__m30dBV.cir,7096.267784671759,1.0,-6.123233995736766e-17,0.08139561951670082,-4.984044245287178e-18,0.2939534016978967,-1.7999454624390267e-17,-10.634430193758746,11.153549146028588,0.0,1.0328727773348118e-35
GCOT-PP-04,netlists/GCOT-PP-04__main__f20__m30dBV.cir,7178.438692900358,1.0,-6.123233995736766e-17,0.08139561951670082,-4.984044245287178e-18,0.2939534016991887,-1.7999454624469378e-17,-10.634430193720569,11.153549146066766,0.0,-0.0
GCOT-PP-04,netlists/GCOT-PP-04__main__f20__m30dBV.cir,7261.561095402283,1.0,-6.123233995736766e-17,0.08139561951670082,-4.984044245287178e-18,0.29395340170045126,-1.799945462454669e-17,-10.634430193683261,11.153549146104071,0.0,-0.0
GCOT-PP-04,netlists/GCOT-PP-04__main__f20__m30dBV.cir,7345.646009961953,1.0,-6.123233995736766e-17,0.08139561951670082,-4.984044245287178e-18,0.2939534017016851,-1.799945462462224e-17,-10.634430193646802,11.153549146140529,0.0,-0.0
GCOT-PP-04,netlists/GCOT-PP-04__main__f20__m30dBV.cir,7430.7045819437135,1.0,-6.123233995736766e-17,0.08139561951670082,-4.984044245287178e-18,0.29395340170289086,-1.799945462469607e-17,-10.634430193611175,11.153549146176157,0.0,-9.639329615992872e-36
GCOT-PP-04,netlists/GCOT-PP-04__main__f20__m30dBV.cir,7516.74808576915,1.0,-6.123233995736766e-17,0.08139561951670082,-4.984044245287178e-18,0.2939534017040692,-1.799945462476822e-17,-10.634430193576357,11.153549146210977,6.006266670108151e-31,-2.219586700692103e-37
GCOT-PP-04,netlists/GCOT-PP-04__main__f20__m30dBV.cir,7603.787926411494,1.0,-6.123233995736766e-17,0.08139561951670082,-4.984044245287178e-18,0.29395340170522066,-1.799945462483873e-17,-10.634430193542332,11.153549146245002,0.0,2.1941793025609254e-37
GCOT-PP-04,netlists/GCOT-PP-04__main__f20__m30dBV.cir,7691.835640907345,1.0,-6.123233995736766e-17,0.08139561951670082,-4.984044245287178e-18,0.293953401706346,-1.7999454624907634e-17,-10.63443019350908,11.153549146278252,6.00626667006163e-31,9.09517657439189e-36
GCOT-PP-04,netlists/GCOT-PP-04__main__f20__m30dBV.cir,7780.902899885889,1.0,-6.123233995736766e-17,0.08139561951670082,-4.984044245287178e-18,0.2939534017074456,-1.799945462497497e-17,-10.63443019347659,11.153549146310745,-6.006266670039162e-31,9.634335054054604e-36
GCOT-PP-04,netlists/GCOT-PP-04__main__f20__m30dBV.cir,7871.00150911583,1.0,-6.123233995736766e-17,0.08139561951670082,-4.984044245287178e-18,0.29395340170852025,-1.7999454625040772e-17,-10.634430193444835,11.153549146342499,0.0,-2.119688843824171e-37
GCOT-PP-04,netlists/GCOT-PP-04__main__f20__m30dBV.cir,7962.143411070229,1.0,-6.123233995736766e-17,0.08139561951670082,-4.984044245287178e-18,0.2939534017095704,-1.7999454625105077e-17,-10.634430193413804,11.153549146373528,-6.006266669995747e-31,2.095424965614075e-37
GCOT-PP-04,netlists/GCOT-PP-04__main__f20__m30dBV.cir,8054.34068650947,1.0,-6.123233995736766e-17,0.08139561951670082,-4.984044245287178e-18,0.2939534017105967,-1.7999454625167918e-17,-10.634430193383476,11.153549146403856,0.0,-1.7993084044326673e-35
GCOT-PP-04,netlists/GCOT-PP-04__main__f20__m30dBV.cir,8147.605556082547,1.0,-6.123233995736766e-17,0.08139561951670082,-4.984044245287178e-18,0.2939534017115996,-1.7999454625229326e-17,-10.634430193353843,11.153549146433491,6.006266669954284e-31,-2.0477272701023765e-37
GCOT-PP-04,netlists/GCOT-PP-04__main__f20__m30dBV.cir,8241.950381946901,1.0,-6.123233995736766e-17,0.08139561951670082,-4.984044245287178e-18,0.29395340171257966,-1.799945462528934e-17,-10.634430193324885,11.15354914646245,0.0,2.024287130442554e-37
GCOT-PP-04,netlists/GCOT-PP-04__main__f20__m30dBV.cir,8337.38766940701,1.0,-6.123233995736766e-17,0.08139561951670082,-4.984044245287178e-18,0.29395340171353745,-1.7999454625347984e-17,-10.634430193296582,11.153549146490748,6.006266669914689e-31,-8.791173093599385e-36
GCOT-PP-04,netlists/GCOT-PP-04__main__f20__m30dBV.cir,8433.93006857195,1.0,-6.123233995736766e-17,0.08139561951670082,-4.984044245287178e-18,0.29395340171447343,-1.7999454625405297e-17,-10.634430193268926,11.153549146518404,6.006266669895565e-31,5.409675773226604e-47
GCOT-PP-04,netlists/GCOT-PP-04__main__f20__m30dBV.cir,8531.590376032162,1.0,-6.123233995736766e-17,0.08139561951670082,-4.984044245287178e-18,0.2939534017153881,-1.7999454625461303e-17,-10.634430193241899,11.153549146545432,6.006266669876876e-31,8.395505126818577e-36
GCOT-PP-04,netlists/GCOT-PP-04__main__f20__m30dBV.cir,8630.381536555617,1.0,-6.123233995736766e-17,0.08139561951670082,-4.984044245287178e-18,0.2939534017162819,-1.7999454625516036e-17,-10.634430193215486,11.153549146571846,0.0,8.492720494396284e-36
GCOT-PP-04,netlists/GCOT-PP-04__main__f20__m30dBV.cir,8730.316644803635,1.0,-6.123233995736766e-17,0.08139561951670082,-4.984044245287178e-18,0.2939534017171554,-1.7999454625569522e-17,-10.634430193189676,11.153549146597655,0.0,-8.204400098553016e-36
GCOT-PP-04,netlists/GCOT-PP-04__main__f20__m30dBV.cir,8831.408947066571,1.0,-6.123233995736766e-17,0.08139561951670082,-4.984044245287178e-18,0.29395340171800904,-1.799945462562179e-17,-10.634430193164455,11.153549146622879,6.006266669823322e-31,-8.299402574201114e-36
GCOT-PP-04,netlists/GCOT-PP-04__main__f20__m30dBV.cir,8933.671843019587,1.0,-6.123233995736766e-17,0.08139561951670082,-4.984044245287178e-18,0.2939534017188432,-1.799945462567287e-17,-10.634430193139806,11.153549146647528,6.006266669806278e-31,8.01764515192024e-36
GCOT-PP-04,netlists/GCOT-PP-04__main__f20__m30dBV.cir,9037.118887498777,1.0,-6.123233995736766e-17,0.08139561951670082,-4.984044245287178e-18,0.2939534017196584,-1.7999454625722786e-17,-10.634430193115719,11.153549146671615,0.0,8.110485107205455e-36
GCOT-PP-04,netlists/GCOT-PP-04__main__f20__m30dBV.cir,9141.763792297834,1.0,-6.123233995736766e-17,0.08139561951670082,-4.984044245287178e-18,0.29395340172045503,-1.7999454625771566e-17,-10.634430193092179,11.153549146695154,0.0,-0.0
GCOT-PP-04,netlists/GCOT-PP-04__main__f20__m30dBV.cir,9247.620427985543,1.0,-6.123233995736766e-17,0.08139561951670082,-4.984044245287178e-18,0.2939534017212335,-1.7999454625819236e-17,-10.634430193069175,11.153549146718156,0.0,-0.0
GCOT-PP-04,netlists/GCOT-PP-04__main__f20__m30dBV.cir,9354.702825744305,1.0,-6.123233995736766e-17,0.08139561951670082,-4.984044245287178e-18,0.2939534017219943,-1.799945462586582e-17,-10.634430193046695,11.153549146740637,0.0,-0.0
GCOT-PP-04,netlists/GCOT-PP-04__main__f20__m30dBV.cir,9463.025179229955,1.0,-6.123233995736766e-17,0.08139561951670082,-4.984044245287178e-18,0.29395340172273776,-1.7999454625911342e-17,-10.634430193024729,11.153549146762604,0.0,-0.0
GCOT-PP-04,netlists/GCOT-PP-04__main__f20__m30dBV.cir,9572.601846453117,1.0,-6.123233995736766e-17,0.08139561951670082,-4.984044245287178e-18,0.29395340172346435,-1.7999454625955833e-17,-10.634430193003258,11.153549146784076,0.0,-7.482501820136276e-36
GCOT-PP-04,netlists/GCOT-PP-04__main__f20__m30dBV.cir,9683.447351682342,1.0,-6.123233995736766e-17,0.08139561951670082,-4.984044245287178e-18,0.29395340172417433,-1.7999454625999306e-17,-10.634430192982279,11.153549146805053,6.006266669697348e-31,-7.569145107694679e-36
GCOT-PP-04,netlists/GCOT-PP-04__main__f20__m30dBV.cir,9795.576387369283,1.0,-6.123233995736766e-17,0.08139561951670082,-4.984044245287178e-18,0.29395340172486817,-1.799945462604179e-17,-10.634430192961776,11.153549146825554,6.0062666696831715e-31,3.452811090732603e-47
GCOT-PP-04,netlists/GCOT-PP-04__main__f20__m30dBV.cir,9909.003816096169,1.0,-6.123233995736766e-17,0.08139561951670082,-4.984044245287178e-18,0.29395340172554624,-1.799945462608331e-17,-10.634430192941743,11.153549146845592,6.006266669669317e-31,7.228477460369019e-36
GCOT-PP-04,netlists/GCOT-PP-04__main__f20__m30dBV.cir,10023.744672545814,1.0,-6.123233995736766e-17,0.08139561951670082,-4.984044245287178e-18,0.2939534017262088,-1.7999454626123885e-17,-10.634430192922162,11.153549146865169,0.0,7.312179284472827e-36
GCOT-PP-04,netlists/GCOT-PP-04__main__f20__m30dBV.cir,10139.814165494461,1.0,-6.123233995736766e-17,0.08139561951670082,-4.984044245287178e-18,0.29395340172685636,-1.7999454626163534e-17,-10.634430192903029,11.153549146884302,0.0,-0.0
GCOT-PP-04,netlists/GCOT-PP-04__main__f20__m30dBV.cir,10257.227679827676,1.0,-6.123233995736766e-17,0.08139561951670082,-4.984044245287178e-18,0.2939534017274891,-1.799945462620228e-17,-10.634430192884333,11.153549146903002,0.0,-0.0
GCOT-PP-04,netlists/GCOT-PP-04__main__f20__m30dBV.cir,10376.000778579606,1.0,-6.123233995736766e-17,0.08139561951670082,-4.984044245287178e-18,0.2939534017281075,-1.7999454626240146e-17,-10.63443019286606,11.153549146921273,0.0,-6.903142382784606e-36
GCOT-PP-04,netlists/GCOT-PP-04__main__f20__m30dBV.cir,10496.149204995842,1.0,-6.123233995736766e-17,0.08139561951670082,-4.984044245287178e-18,0.29395340172871187,-1.799945462627715e-17,-10.634430192848201,11.153549146939131,6.006266669604634e-31,-1.589542388965489e-37
GCOT-PP-04,netlists/GCOT-PP-04__main__f20__m30dBV.cir,10617.688884620162,1.0,-6.123233995736766e-17,0.08139561951670082,-4.984044245287178e-18,0.2939534017293024,-1.799945462631331e-17,-10.634430192830752,11.15354914695658,0.0,6.903142382784474e-36
GCOT-PP-04,netlists/GCOT-PP-04__main__f20__m30dBV.cir,10740.635927405454,1.0,-6.123233995736766e-17,0.08139561951670082,-4.984044245287178e-18,0.2939534017298795,-1.7999454626348648e-17,-10.6344301928137,11.153549146973633,0.0,-0.0
GCOT-PP-04,netlists/GCOT-PP-04__main__f20__m30dBV.cir,10865.00662984907,1.0,-6.123233995736766e-17,0.08139561951670082,-4.984044245287178e-18,0.2939534017304435,-1.7999454626383182e-17,-10.634430192797035,11.153549146990297,0.0,6.592449795758535e-36
GCOT-PP-04,netlists/GCOT-PP-04__main__f20__m30dBV.cir,10990.817477152901,1.0,-6.123233995736766e-17,0.08139561951670082,-4.984044245287178e-18,0.2939534017309946,-1.799945462641693e-17,-10.634430192780751,11.153549147006583,-6.006266669557992e-31,1.518001196618193e-37
GCOT-PP-04,netlists/GCOT-PP-04__main__f20__m30dBV.cir,11118.085145408488,1.0,-6.123233995736766e-17,0.08139561951670082,-4.984044245287178e-18,0.2939534017315332,-1.799945462644991e-17,-10.634430192764835,11.153549147022499,0.0,-1.5006247808379854e-37
GCOT-PP-04,netlists/GCOT-PP-04__main__f20__m30dBV.cir,11246.826503807404,1.0,-6.123233995736766e-17,0.08139561951670082,-4.984044245287178e-18,0.2939534017320595,-1.7999454626482138e-17,-10.634430192749281,11.153549147038051,-6.006266669536233e-31,1.4834472707858404e-37
GCOT-PP-04,netlists/GCOT-PP-04__main__f20__m30dBV.cir,11377.058616877257,1.0,-6.123233995736766e-17,0.08139561951670082,-4.984044245287178e-18,0.2939534017325739,-1.799945462651363e-17,-10.634430192734087,11.153549147053248,0.0,-1.2738127996297658e-35
GCOT-PP-04,netlists/GCOT-PP-04__main__f20__m30dBV.cir,11508.798746743572,1.0,-6.123233995736766e-17,0.08139561951670082,-4.984044245287178e-18,0.29395340173307655,-1.799945462654441e-17,-10.63443019271923,11.1535491470681,6.006266669515452e-31,-6.368641919833251e-36
GCOT-PP-04,netlists/GCOT-PP-04__main__f20__m30dBV.cir,11642.064355417868,1.0,-6.123233995736766e-17,0.08139561951670082,-4.984044245287178e-18,0.29395340173356777,-1.7999454626574487e-17,-10.634430192704718,11.153549147082614,6.006266669505415e-31,6.152432124636559e-36
GCOT-PP-04,netlists/GCOT-PP-04__main__f20__m30dBV.cir,11776.873107112226,1.0,-6.123233995736766e-17,0.08139561951670082,-4.984044245287178e-18,0.29395340173404777,-1.7999454626603882e-17,-10.634430192690534,11.1535491470968,0.0,6.223673931000314e-36
GCOT-PP-04,netlists/GCOT-PP-04__main__f20__m30dBV.cir,11913.242870580661,1.0,-6.123233995736766e-17,0.08139561951670082,-4.984044245287178e-18,0.29395340173451684,-1.7999454626632604e-17,-10.634430192676675,11.15354914711066,0.0,-6.012385671559959e-36
GCOT-PP-04,netlists/GCOT-PP-04__main__f20__m30dBV.cir,12051.191721487614,1.0,-6.123233995736766e-17,0.08139561951670082,-4.984044245287178e-18,0.2939534017349753,-1.7999454626660674e-17,-10.634430192663126,11.15354914712421,6.006266669476656e-31,-6.082005816427554e-36
GCOT-PP-04,netlists/GCOT-PP-04__main__f20__m30dBV.cir,12190.737944803848,1.0,-6.123233995736766e-17,0.08139561951670082,-4.984044245287178e-18,0.2939534017354233,-1.7999454626688105e-17,-10.634430192649889,11.153549147137443,6.006266669467502e-31,5.875527064990114e-36
GCOT-PP-04,netlists/GCOT-PP-04__main__f20__m30dBV.cir,12331.900037230114,1.0,-6.123233995736766e-17,0.08139561951670082,-4.984044245287178e-18,0.29395340173586104,-1.799945462671491e-17,-10.634430192636955,11.153549147150379,0.0,5.943562461882742e-36
GCOT-PP-04,netlists/GCOT-PP-04__main__f20__m30dBV.cir,12474.696709648862,1.0,-6.123233995736766e-17,0.08139561951670082,-4.984044245287178e-18,0.29395340173628887,-1.799945462674111e-17,-10.634430192624311,11.15354914716302,0.0,-0.0
GCOT-PP-04,netlists/GCOT-PP-04__main__f20__m30dBV.cir,12619.14688960435,1.0,-6.123233995736766e-17,0.08139561951670082,-4.984044245287178e-18,0.2939534017367069,-1.7999454626766708e-17,-10.634430192611958,11.153549147175372,0.0,-5.676058085620555e-36
GCOT-PP-04,netlists/GCOT-PP-04__main__f20__m30dBV.cir,12765.269723811465,1.0,-6.123233995736766e-17,0.08139561951670082,-4.984044245287178e-18,0.29395340173711554,-1.7999454626791726e-17,-10.634430192599886,11.153549147187448,6.006266669432924e-31,-1.3069895460680367e-37
GCOT-PP-04,netlists/GCOT-PP-04__main__f20__m30dBV.cir,12913.084580693609,1.0,-6.123233995736766e-17,0.08139561951670082,-4.984044245287178e-18,0.2939534017375148,-1.7999454626816175e-17,-10.63443019258809,11.153549147199245,0.0,5.676058085620568e-36
GCOT-PP-04,netlists/GCOT-PP-04__main__f20__m30dBV.cir,13062.611052949953,1.0,-6.123233995736766e-17,0.08139561951670082,-4.984044245287178e-18,0.29395340173790496,-1.7999454626840065e-17,-10.63443019257656,11.153549147210773,0.0,-0.0
GCOT-PP-04,netlists/GCOT-PP-04__main__f20__m30dBV.cir,13213.868960152433,1.0,-6.123233995736766e-17,0.08139561951670082,-4.984044245287178e-18,0.29395340173828627,-1.7999454626863414e-17,-10.634430192565292,11.15354914722204,0.0,-0.0
GCOT-PP-04,netlists/GCOT-PP-04__main__f20__m30dBV.cir,13366.878351372812,1.0,-6.123233995736766e-17,0.08139561951670082,-4.984044245287178e-18,0.29395340173865886,-1.799945462688623e-17,-10.634430192554284,11.15354914723305,0.0,-5.3585443701259716e-36
GCOT-PP-04,netlists/GCOT-PP-04__main__f20__m30dBV.cir,13521.659507840162,1.0,-6.123233995736766e-17,0.08139561951670082,-4.984044245287178e-18,0.293953401739023,-1.7999454626908524e-17,-10.634430192543523,11.153549147243812,6.00626666939395e-31,-5.420593389553095e-36
GCOT-PP-04,netlists/GCOT-PP-04__main__f20__m30dBV.cir,13678.23294562912,1.0,-6.123233995736766e-17,0.08139561951670082,-4.984044245287178e-18,0.29395340173937884,-1.7999454626930313e-17,-10.634430192533008,11.153549147254324,6.0062666693866796e-31,5.236569008630436e-36
GCOT-PP-04,netlists/GCOT-PP-04__main__f20__m30dBV.cir,13836.61941837927,1.0,-6.123233995736766e-17,0.08139561951670082,-4.984044245287178e-18,0.29395340173972656,-1.7999454626951606e-17,-10.634430192522736,11.153549147264599,0.0,5.297205619938074e-36
GCOT-PP-04,netlists/GCOT-PP-04__main__f20__m30dBV.cir,13996.839920046017,1.0,-6.123233995736766e-17,0.08139561951670082,-4.984044245287178e-18,0.2939534017400664,-1.7999454626972415e-17,-10.634430192512692,11.153549147274639,0.0,-5.117370145313225e-36
GCOT-PP-04,netlists/GCOT-PP-04__main__f20__m30dBV.cir,14158.915687683313,1.0,-6.123233995736766e-17,0.08139561951670082,-4.984044245287178e-18,0.2939534017403985,-1.799945462699275e-17,-10.63443019250288,11.153549147284455,6.006266669365844e-31,-1.1783440518746261e-37
GCOT-PP-04,netlists/GCOT-PP-04__main__f20__m30dBV.cir,14322.868204258602,1.0,-6.123233995736766e-17,0.08139561951670082,-4.984044245287178e-18,0.29395340174072304,-1.7999454627012623e-17,-10.634430192493289,11.153549147294044,0.0,5.1173701453132074e-36
GCOT-PP-04,netlists/GCOT-PP-04__main__f20__m30dBV.cir,14488.719201500371,1.0,-6.123233995736766e-17,0.08139561951670082,-4.984044245287178e-18,0.2939534017410402,-1.7999454627032042e-17,-10.634430192483919,11.153549147303416,0.0,-0.0
GCOT-PP-04,netlists/GCOT-PP-04__main__f20__m30dBV.cir,14656.490662778659,1.0,-6.123233995736766e-17,0.08139561951670082,-4.984044245287178e-18,0.2939534017413501,-1.799945462705102e-17,-10.63443019247476,11.153549147312575,0.0,-0.0
GCOT-PP-04,netlists/GCOT-PP-04__main__f20__m30dBV.cir,14826.204826018935,1.0,-6.123233995736766e-17,0.08139561951670082,-4.984044245287178e-18,0.29395340174165296,-1.7999454627069565e-17,-10.63443019246581,11.153549147321522,0.0,4.8311089436384166e-36
GCOT-PP-04,netlists/GCOT-PP-04__main__f20__m30dBV.cir,14997.88418664971,1.0,-6.123233995736766e-17,0.08139561951670082,-4.984044245287178e-18,0.29395340174194895,-1.799945462708769e-17,-10.634430192457065,11.153549147330267,-6.006266669334165e-31,-4.6645648450363025e-36
GCOT-PP-04,netlists/GCOT-PP-04__main__f20__m30dBV.cir,15171.551500584277,1.0,-6.123233995736766e-17,0.08139561951670082,-4.984044245287178e-18,0.2939534017422382,-1.79994546271054e-17,-10.63443019244852,11.153549147338815,6.006266669328254e-31,-4.941078409060624e-36
GCOT-PP-04,netlists/GCOT-PP-04__main__f20__m30dBV.cir,15347.229787236989,1.0,-6.123233995736766e-17,0.08139561951670082,-4.984044245287178e-18,0.2939534017425209,-1.799945462712271e-17,-10.634430192440165,11.153549147347167,0.0,4.775807696853787e-36
GCOT-PP-04,netlists/GCOT-PP-04__main__f20__m30dBV.cir,15524.942332574454,1.0,-6.123233995736766e-17,0.08139561951670082,-4.984044245287178e-18,0.2939534017427971,-1.7999454627139623e-17,-10.634430192432003,11.153549147355331,0.0,-0.0
GCOT-PP-04,netlists/GCOT-PP-04__main__f20__m30dBV.cir,15704.712692202063,1.0,-6.123233995736766e-17,0.08139561951670082,-4.984044245287178e-18,0.293953401743067,-1.799945462715615e-17,-10.634430192424029,11.153549147363304,0.0,-0.0
GCOT-PP-04,netlists/GCOT-PP-04__main__f20__m30dBV.cir,15886.564694486266,1.0,-6.123233995736766e-17,0.08139561951670082,-4.984044245287178e-18,0.2939534017433308,-1.7999454627172302e-17,-10.634430192416232,11.153549147371098,0.0,-0.0
GCOT-PP-04,netlists/GCOT-PP-04__main__f20__m30dBV.cir,16070.52244371299,1.0,-6.123233995736766e-17,0.08139561951670082,-4.984044245287178e-18,0.2939534017435886,-1.799945462718809e-17,-10.634430192408617,11.153549147378715,0.0,4.4570430728438994e-36
GCOT-PP-04,netlists/GCOT-PP-04__main__f20__m30dBV.cir,16256.610323282637,1.0,-6.123233995736766e-17,0.08139561951670082,-4.984044245287178e-18,0.2939534017438405,-1.7999454627203515e-17,-10.634430192401174,11.153549147386158,-6.0062666692955155e-31,4.5086531992365835e-36
GCOT-PP-04,netlists/GCOT-PP-04__main__f20__m30dBV.cir,16444.852998942082,1.0,-6.123233995736766e-17,0.08139561951670082,-4.984044245287178e-18,0.2939534017440867,-1.799945462721859e-17,-10.6344301923939,11.153549147393434,-6.006266669290485e-31,-4.355588386186354e-36
GCOT-PP-04,netlists/GCOT-PP-04__main__f20__m30dBV.cir,16635.27542205409,1.0,-6.123233995736766e-17,0.08139561951670082,-4.984044245287178e-18,0.29395340174432727,-1.799945462723332e-17,-10.634430192386791,11.153549147400543,0.0,-8.71175410088111e-36
GCOT-PP-04,netlists/GCOT-PP-04__main__f20__m30dBV.cir,16827.90283290458,1.0,-6.123233995736766e-17,0.08139561951670082,-4.984044245287178e-18,0.2939534017445624,-1.7999454627247715e-17,-10.634430192379842,11.153549147407492,6.006266669280765e-31,-9.91452960419699e-38
GCOT-PP-04,netlists/GCOT-PP-04__main__f20__m30dBV.cir,17022.760764048217,1.0,-6.123233995736766e-17,0.08139561951670082,-4.984044245287178e-18,0.2939534017447921,-1.7999454627261782e-17,-10.634430192373054,11.153549147414278,0.0,4.3057303782056824e-36
GCOT-PP-04,netlists/GCOT-PP-04__main__f20__m30dBV.cir,17219.875043692708,1.0,-6.123233995736766e-17,0.08139561951670082,-4.984044245287178e-18,0.29395340174501666,-1.7999454627275532e-17,-10.63443019236642,11.153549147420915,0.0,-0.0
GCOT-PP-04,netlists/GCOT-PP-04__main__f20__m30dBV.cir,17419.271799122318,1.0,-6.123233995736766e-17,0.08139561951670082,-4.984044245287178e-18,0.2939534017452361,-1.7999454627288967e-17,-10.634430192359936,11.153549147427398,0.0,-4.111940588581302e-36
GCOT-PP-04,netlists/GCOT-PP-04__main__f20__m30dBV.cir,17620.977460160997,1.0,-6.123233995736766e-17,0.08139561951670082,-4.984044245287178e-18,0.2939534017454505,-1.7999454627302095e-17,-10.634430192353602,11.153549147433733,6.006266669262619e-31,-4.1595546165432704e-36
GCOT-PP-04,netlists/GCOT-PP-04__main__f20__m30dBV.cir,17825.018762675634,1.0,-6.123233995736766e-17,0.08139561951670082,-4.984044245287178e-18,0.29395340174566004,-1.7999454627314926e-17,-10.63443019234741,11.153549147439925,6.006266669258337e-31,5.731743920792714e-48
GCOT-PP-04,netlists/GCOT-PP-04__main__f20__m30dBV.cir,18031.42275211987,1.0,-6.123233995736766e-17,0.08139561951670082,-4.984044245287178e-18,0.2939534017458648,-1.7999454627327464e-17,-10.634430192341357,11.153549147445975,6.0062666692541535e-31,3.972343819950119e-36
GCOT-PP-04,netlists/GCOT-PP-04__main__f20__m30dBV.cir,18240.216787118938,1.0,-6.123233995736766e-17,0.08139561951670082,-4.984044245287178e-18,0.2939534017460649,-1.7999454627339716e-17,-10.634430192335447,11.153549147451889,0.0,4.01834139351497e-36
GCOT-PP-04,netlists/GCOT-PP-04__main__f20__m30dBV.cir,18451.428543096015,1.0,-6.123233995736766e-17,0.08139561951670082,-4.984044245287178e-18,0.29395340174626045,-1.799945462735169e-17,-10.634430192329667,11.153549147457667,0.0,-0.0
GCOT-PP-04,netlists/GCOT-PP-04__main__f20__m30dBV.cir,18665.086015940582,1.0,-6.123233995736766e-17,0.08139561951670082,-4.984044245287178e-18,0.29395340174645157,-1.7999454627363395e-17,-10.63443019232402,11.153549147463313,0.0,-3.837486238899699e-36
GCOT-PP-04,netlists/GCOT-PP-04__main__f20__m30dBV.cir,18881.21752571924,1.0,-6.123233995736766e-17,0.08139561951670082,-4.984044245287178e-18,0.2939534017466383,-1.7999454627374827e-17,-10.634430192318503,11.15354914746883,6.006266669238349e-31,-8.836333810832757e-38
GCOT-PP-04,netlists/GCOT-PP-04__main__f20__m30dBV.cir,19099.851720429502,1.0,-6.123233995736766e-17,0.08139561951670082,-4.984044245287178e-18,0.2939534017468208,-1.7999454627386003e-17,-10.634430192313111,11.153549147474223,0.0,3.8374862388997285e-36
GCOT-PP-04,netlists/GCOT-PP-04__main__f20__m30dBV.cir,19321.017579797062,1.0,-6.123233995736766e-17,0.08139561951670082,-4.984044245287178e-18,0.29395340174699913,-1.7999454627396924e-17,-10.634430192307839,11.153549147479493,0.0,-0.0
GCOT-PP-04,netlists/GCOT-PP-04__main__f20__m30dBV.cir,19544.744419117018,1.0,-6.123233995736766e-17,0.08139561951670082,-4.984044245287178e-18,0.29395340174717344,-1.7999454627407595e-17,-10.634430192302688,11.153549147484645,0.0,-3.664770907099735e-36
GCOT-PP-04,netlists/GCOT-PP-04__main__f20__m30dBV.cir,19771.06189313959,1.0,-6.123233995736766e-17,0.08139561951670082,-4.984044245287178e-18,0.29395340174734375,-1.7999454627418023e-17,-10.634430192297657,11.153549147489677,6.0062666692239345e-31,-8.438633276941721e-38
GCOT-PP-04,netlists/GCOT-PP-04__main__f20__m30dBV.cir,20000.000000000826,1.0,-6.123233995736766e-17,0.08139561951670082,-4.984044245287178e-18,0.29395340174751017,-1.7999454627428217e-17,-10.63443019229274,11.153549147494592,0.0,7.287591528521829e-36
