# Measured ngspice AC at DC=0; adaptive DDT realization; original coefficients.
# 200 points/decade; Rs=200 ohm differential; RL=8 ohm.
model,netlist,frequency_hz,source_real_v,source_imag_v,primary_real_v,primary_imag_v,output_real_v,output_imag_v,gain_source_db,gain_primary_db,phase_source_deg,group_delay_s
GCOT-PP-03,netlists/GCOT-PP-03__main__f20__m30dBV.cir,20.0,1.0,-6.123233995736766e-17,0.058904495662243095,-3.606860103407755e-18,0.22585957293806844,-1.3829910152769682e-17,-12.92322994742953,11.673801213943399,3.908540373677647e-31,1.5818786551632603e-39
GCOT-PP-03,netlists/GCOT-PP-03__main__f20__m30dBV.cir,20.23158908519797,1.0,-6.123233995736766e-17,0.058904495662243095,-3.606860103407755e-18,0.22585964914909307,-1.3829914819349051e-17,-12.923227016579936,11.673804144792992,3.9085390548326567e-31,2.3038639367176252e-33
GCOT-PP-03,netlists/GCOT-PP-03__main__f20__m30dBV.cir,20.465859845615086,1.0,-6.123233995736766e-17,0.058904495662243095,-3.606860103407755e-18,0.22585972362539264,-1.3829919379707146e-17,-12.923224152443671,11.673807008929257,0.0,2.3305406190902182e-33
GCOT-PP-03,netlists/GCOT-PP-03__main__f20__m30dBV.cir,20.70284333358688,1.0,-6.123233995736766e-17,0.058904495662243095,-3.606860103407755e-18,0.22585979640645215,-1.3829923836261725e-17,-12.923221353502193,11.673809807870734,0.0,-0.0
GCOT-PP-03,netlists/GCOT-PP-03__main__f20__m30dBV.cir,20.942570961017996,1.0,-6.123233995736766e-17,0.058904495662243095,-3.606860103407755e-18,0.2258598675308578,-1.382992819137551e-17,-12.923218618271529,11.673812543101398,0.0,2.2256461757801676e-33
GCOT-PP-03,netlists/GCOT-PP-03__main__f20__m30dBV.cir,21.185074503545785,1.0,-6.123233995736766e-17,0.058904495662243095,-3.606860103407755e-18,0.22585993703631757,-1.3829932447357453e-17,-12.923215945301486,11.673815216071443,-3.9085340729023722e-31,-2.148920223824664e-33
GCOT-PP-03,netlists/GCOT-PP-03__main__f20__m30dBV.cir,21.430386104752138,1.0,-6.123233995736766e-17,0.058904495662243095,-3.606860103407755e-18,0.22586000495968128,-1.3829936606463949e-17,-12.923213333174871,11.673817828198057,3.908532897480538e-31,-2.2763080526741723e-33
GCOT-PP-03,netlists/GCOT-PP-03__main__f20__m30dBV.cir,21.678538280424082,1.0,-6.123233995736766e-17,0.058904495662243095,-3.606860103407755e-18,0.22586007133695993,-1.3829940670900042e-17,-12.923210780506762,11.673820380866166,0.0,2.200168753017277e-33
GCOT-PP-03,netlists/GCOT-PP-03__main__f20__m30dBV.cir,21.929563922863714,1.0,-6.123233995736766e-17,0.058904495662243095,-3.606860103407755e-18,0.22586013620334494,-1.3829944642820581e-17,-12.923208285943746,11.673822875429183,0.0,2.1254731261641144e-33
GCOT-PP-03,netlists/GCOT-PP-03__main__f20__m30dBV.cir,22.18349630524804,1.0,-6.123233995736766e-17,0.058904495662243095,-3.606860103407755e-18,0.22586019959322673,-1.3829948524331374e-17,-12.923205848163228,11.6738253132097,-3.908529529327952e-31,-2.0522005516669496e-33
GCOT-PP-03,netlists/GCOT-PP-03__main__f20__m30dBV.cir,22.440369086039286,1.0,-6.123233995736766e-17,0.058904495662243095,-3.606860103407755e-18,0.22586026154021308,-1.3829952317490299e-17,-12.923203465872703,11.673827695500222,3.9085284573304976e-31,-2.173854788029582e-33
GCOT-PP-03,netlists/GCOT-PP-03__main__f20__m30dBV.cir,22.700216313446322,1.0,-6.123233995736766e-17,0.058904495662243095,-3.606860103407755e-18,0.22586032207714668,-1.3829956024308399e-17,-12.923201137809103,11.673830023563825,0.0,2.1011424601964776e-33
GCOT-PP-03,netlists/GCOT-PP-03__main__f20__m30dBV.cir,22.96307242993768,1.0,-6.123233995736766e-17,0.058904495662243095,-3.606860103407755e-18,0.22586038123612276,-1.3829959646750933e-17,-12.923198862738097,11.67383229863483,0.0,-0.0
GCOT-PP-03,netlists/GCOT-PP-03__main__f20__m30dBV.cir,23.228972276806882,1.0,-6.123233995736766e-17,0.058904495662243095,-3.606860103407755e-18,0.2258604390485061,-1.3829963186738444e-17,-12.923196639453455,11.673834521919474,0.0,-0.0
GCOT-PP-03,netlists/GCOT-PP-03__main__f20__m30dBV.cir,23.49795109879062,1.0,-6.123233995736766e-17,0.058904495662243095,-3.606860103407755e-18,0.22586049554494753,-1.3829966646147751e-17,-12.923194466776398,11.67383669459653,0.0,-0.0
GCOT-PP-03,netlists/GCOT-PP-03__main__f20__m30dBV.cir,23.770044548740398,1.0,-6.123233995736766e-17,0.058904495662243095,-3.606860103407755e-18,0.22586055075540024,-1.382997002681296e-17,-12.923192343554986,11.673838817817943,0.0,-1.9608972582056443e-33
GCOT-PP-03,netlists/GCOT-PP-03__main__f20__m30dBV.cir,24.04528869234829,1.0,-6.123233995736766e-17,0.058904495662243095,-3.606860103407755e-18,0.2258606047091357,-1.382997333052643e-17,-12.923190268663491,11.673840892709437,3.908522518776045e-31,1.893298274973537e-33
GCOT-PP-03,netlists/GCOT-PP-03__main__f20__m30dBV.cir,24.323720012927392,1.0,-6.123233995736766e-17,0.058904495662243095,-3.606860103407755e-18,0.22586065743475908,-1.3829976559039729e-17,-12.923188241001814,11.673842920371113,-3.908521606358235e-31,8.92718161077487e-35
GCOT-PP-03,netlists/GCOT-PP-03__main__f20__m30dBV.cir,24.605375416247664,1.0,-6.123233995736766e-17,0.058904495662243095,-3.606860103407755e-18,0.2258607089602246,-1.3829979714064546e-17,-12.923186259494893,11.673844901878034,3.90852071470959e-31,-1.9825751130238766e-33
GCOT-PP-03,netlists/GCOT-PP-03__main__f20__m30dBV.cir,24.890292235427737,1.0,-6.123233995736766e-17,0.058904495662243095,-3.606860103407755e-18,0.22586075931285,-1.3829982797273624e-17,-12.92318432309214,11.673846838280788,0.0,4.362024897668892e-35
GCOT-PP-03,netlists/GCOT-PP-03__main__f20__m30dBV.cir,25.17850823588338,1.0,-6.123233995736766e-17,0.058904495662243095,-3.606860103407755e-18,0.22586080851933138,-1.382998581030162e-17,-12.923182430766879,11.67384873060605,3.908518991839501e-31,-1.8943244163865206e-33
GCOT-PP-03,netlists/GCOT-PP-03__main__f20__m30dBV.cir,25.470061620333272,1.0,-6.123233995736766e-17,0.058904495662243095,-3.606860103407755e-18,0.22586085660575722,-1.3829988754745994e-17,-12.923180581515803,11.673850579857126,3.9085181597045686e-31,1.830014157363933e-33
GCOT-PP-03,netlists/GCOT-PP-03__main__f20__m30dBV.cir,25.76499103386272,1.0,-6.123233995736766e-17,0.058904495662243095,-3.606860103407755e-18,0.22586090359762215,-1.3829991632167844e-17,-12.923178774358439,11.67385238701449,0.0,3.660269339479522e-33
GCOT-PP-03,netlists/GCOT-PP-03__main__f20__m30dBV.cir,26.063335569046032,1.0,-6.123233995736766e-17,0.058904495662243095,-3.606860103407755e-18,0.22586094951984054,-1.3829994444092733e-17,-12.923177008336635,11.673854153036292,-3.9085165518286496e-31,-1.746700287113545e-33
GCOT-PP-03,netlists/GCOT-PP-03__main__f20__m30dBV.cir,26.36513477112819,1.0,-6.123233995736766e-17,0.058904495662243095,-3.606860103407755e-18,0.2258609943967597,-1.38299971920115e-17,-12.923175282514048,11.673855878858879,3.908515775235144e-31,-8.235938101636457e-35
GCOT-PP-03,netlists/GCOT-PP-03__main__f20__m30dBV.cir,26.67042864326653,1.0,-6.123233995736766e-17,0.058904495662243095,-3.606860103407755e-18,0.22586103825217263,-1.3829999877381057e-17,-12.923173595975648,11.673857565397281,-3.908515016319066e-31,8.14165893564651e-35
GCOT-PP-03,netlists/GCOT-PP-03__main__f20__m30dBV.cir,26.979257651833123,1.0,-6.123233995736766e-17,0.058904495662243095,-3.606860103407755e-18,0.22586108110933098,-1.3830002501625144e-17,-12.923171947827235,11.673859213545693,3.9085142746780267e-31,-1.808126945826714e-33
GCOT-PP-03,netlists/GCOT-PP-03__main__f20__m30dBV.cir,27.291662731778544,1.0,-6.123233995736766e-17,0.058904495662243095,-3.606860103407755e-18,0.225861122990957,-1.3830005066135108e-17,-12.923170337194954,11.673860824177975,0.0,3.978194768205144e-35
GCOT-PP-03,netlists/GCOT-PP-03__main__f20__m30dBV.cir,27.607685292057752,1.0,-6.123233995736766e-17,0.058904495662243095,-3.606860103407755e-18,0.22586116391925587,-1.3830007572270616e-17,-12.923168763224853,11.673862398148076,3.908512841657104e-31,-3.932593406821265e-35
GCOT-PP-03,netlists/GCOT-PP-03__main__f20__m30dBV.cir,27.92736722111881,1.0,-6.123233995736766e-17,0.058904495662243095,-3.606860103407755e-18,0.22586120391592718,-1.3830010021360393e-17,-12.92316722508241,11.673863936290516,0.0,3.3768554158427636e-33
GCOT-PP-03,netlists/GCOT-PP-03__main__f20__m30dBV.cir,28.250750892455148,1.0,-6.123233995736766e-17,0.058904495662243095,-3.606860103407755e-18,0.2258612430021768,-1.3830012414702919e-17,-12.9231657219521,11.673865439420826,-3.9085114731327484e-31,3.8430753064200246e-35
GCOT-PP-03,netlists/GCOT-PP-03__main__f20__m30dBV.cir,28.577879170222122,1.0,-6.123233995736766e-17,0.058904495662243095,-3.606860103407755e-18,0.22586128119872786,-1.3830014753567118e-17,-12.923164253036962,11.673866908335963,0.0,-4.9309858159681845e-33
GCOT-PP-03,netlists/GCOT-PP-03__main__f20__m30dBV.cir,28.908795414918618,1.0,-6.123233995736766e-17,0.058904495662243095,-3.606860103407755e-18,0.22586131852583174,-1.383001703919303e-17,-12.923162817558175,11.67386834381475,7.817020332404268e-31,-1.6874399013442188e-33
GCOT-PP-03,netlists/GCOT-PP-03__main__f20__m30dBV.cir,29.243543489134435,1.0,-6.123233995736766e-17,0.058904495662243095,-3.606860103407755e-18,0.22586135500327892,-1.3830019272792476e-17,-12.923161414754647,11.673869746618282,3.908509534963235e-31,3.2248702427804965e-33
GCOT-PP-03,netlists/GCOT-PP-03__main__f20__m30dBV.cir,29.58216776336422,1.0,-6.123233995736766e-17,0.058904495662243095,-3.606860103407755e-18,0.2258613906504094,-1.3830021455549689e-17,-12.923160043882604,11.673871117490325,0.0,1.6123280018128984e-33
GCOT-PP-03,netlists/GCOT-PP-03__main__f20__m30dBV.cir,29.924713121888743,1.0,-6.123233995736766e-17,0.058904495662243095,-3.606860103407755e-18,0.22586142548612298,-1.3830023588621946e-17,-12.923158704215211,11.673872457157714,0.0,-1.5575901625393533e-33
GCOT-PP-03,netlists/GCOT-PP-03__main__f20__m30dBV.cir,30.27122496872424,1.0,-6.123233995736766e-17,0.058904495662243095,-3.606860103407755e-18,0.22586145952888934,-1.3830025673140187e-17,-12.923157395042171,11.673873766330756,3.908507726158201e-31,-3.586563119667883e-35
GCOT-PP-03,netlists/GCOT-PP-03__main__f20__m30dBV.cir,30.62174923364068,1.0,-6.123233995736766e-17,0.058904495662243095,-3.606860103407755e-18,0.2258614927967576,-1.3830027710209609e-17,-12.923156115669359,11.673875045703571,0.0,3.079724801070446e-33
GCOT-PP-03,netlists/GCOT-PP-03__main__f20__m30dBV.cir,30.976332378249708,1.0,-6.123233995736766e-17,0.058904495662243095,-3.606860103407755e-18,0.2258615253073662,-1.3830029700910248e-17,-12.923154865418443,11.673876295954484,-3.908506587869222e-31,3.5049219550894994e-35
GCOT-PP-03,netlists/GCOT-PP-03__main__f20__m30dBV.cir,31.335021402163065,1.0,-6.123233995736766e-17,0.058904495662243095,-3.606860103407755e-18,0.22586155707795208,-1.3830031646297562e-17,-12.923153643626538,11.67387751774639,0.0,-1.5221346385311317e-33
GCOT-PP-03,netlists/GCOT-PP-03__main__f20__m30dBV.cir,31.697863849222355,1.0,-6.123233995736766e-17,0.058904495662243095,-3.606860103407755e-18,0.22586158812535972,-1.3830033547402981e-17,-12.923152449645848,11.67387871172708,0.0,-0.0
GCOT-PP-03,netlists/GCOT-PP-03__main__f20__m30dBV.cir,32.064907813800914,1.0,-6.123233995736766e-17,0.058904495662243095,-3.606860103407755e-18,0.22586161846605035,-1.3830035405234465e-17,-12.923151282843317,11.67387987852961,0.0,-0.0
GCOT-PP-03,netlists/GCOT-PP-03__main__f20__m30dBV.cir,32.43620194717869,1.0,-6.123233995736766e-17,0.058904495662243095,-3.606860103407755e-18,0.22586164811611043,-1.3830037220777022e-17,-12.923150142600303,11.673881018772626,0.0,-0.0
GCOT-PP-03,netlists/GCOT-PP-03__main__f20__m30dBV.cir,32.811795463990876,1.0,-6.123233995736766e-17,0.058904495662243095,-3.606860103407755e-18,0.22586167709126026,-1.3830038994993247e-17,-12.923149028312244,11.673882133060685,0.0,-0.0
GCOT-PP-03,netlists/GCOT-PP-03__main__f20__m30dBV.cir,33.191738148751305,1.0,-6.123233995736766e-17,0.058904495662243095,-3.606860103407755e-18,0.22586170540686232,-1.3830040728823819e-17,-12.92314793938834,11.673883221984589,0.0,1.4042766339938742e-33
GCOT-PP-03,netlists/GCOT-PP-03__main__f20__m30dBV.cir,33.5760803624513,1.0,-6.123233995736766e-17,0.058904495662243095,-3.606860103407755e-18,0.22586173307792945,-1.383004242318801e-17,-12.923146875251238,11.67388428612169,-3.9085029924278684e-31,3.233537875637809e-35
GCOT-PP-03,netlists/GCOT-PP-03__main__f20__m30dBV.cir,33.96487304923498,1.0,-6.123233995736766e-17,0.058904495662243095,-3.606860103407755e-18,0.22586176011913273,-1.383004407898416e-17,-12.92314583533673,11.673885326036197,0.0,-1.4042766339938792e-33
GCOT-PP-03,netlists/GCOT-PP-03__main__f20__m30dBV.cir,34.35816774315186,1.0,-6.123233995736766e-17,0.058904495662243095,-3.606860103407755e-18,0.22586178654480937,-1.3830045697090176e-17,-12.92314481909344,11.673886342279488,0.0,-0.0
GCOT-PP-03,netlists/GCOT-PP-03__main__f20__m30dBV.cir,34.75601657498761,1.0,-6.123233995736766e-17,0.058904495662243095,-3.606860103407755e-18,0.22586181236897013,-1.3830047278363967e-17,-12.923143825982562,11.673887335390365,0.0,-0.0
GCOT-PP-03,netlists/GCOT-PP-03__main__f20__m30dBV.cir,35.15847227917396,1.0,-6.123233995736766e-17,0.058904495662243095,-3.606860103407755e-18,0.22586183760530693,-1.383004882364392e-17,-12.923142855477536,11.673888305895392,0.0,-1.3257218713445547e-33
GCOT-PP-03,netlists/GCOT-PP-03__main__f20__m30dBV.cir,35.56558820077856,1.0,-6.123233995736766e-17,0.058904495662243095,-3.606860103407755e-18,0.2258618622672,-1.3830050333749341e-17,-12.923141907063798,11.673889254309131,3.9085007568284385e-31,-2.6516191860042432e-33
GCOT-PP-03,netlists/GCOT-PP-03__main__f20__m30dBV.cir,35.97741830257587,1.0,-6.123233995736766e-17,0.058904495662243095,-3.606860103407755e-18,0.22586188636772508,-1.3830051809480884e-17,-12.92314098023849,11.673890181134436,7.817000679546066e-31,1.2653676497217115e-33
GCOT-PP-03,netlists/GCOT-PP-03__main__f20__m30dBV.cir,36.39401717219979,1.0,-6.123233995736766e-17,0.058904495662243095,-3.606860103407755e-18,0.22586190991966018,-1.3830053251620983e-17,-12.923140074510208,11.67389108686272,0.0,5.966388067129038e-35
GCOT-PP-03,netlists/GCOT-PP-03__main__f20__m30dBV.cir,36.81544002937924,1.0,-6.123233995736766e-17,0.058904495662243095,-3.606860103407755e-18,0.22586193293549256,-1.3830054660934253e-17,-12.923139189398727,11.673891971974202,7.816999067852297e-31,2.473127692462575e-33
GCOT-PP-03,netlists/GCOT-PP-03__main__f20__m30dBV.cir,37.241742733257475,1.0,-6.123233995736766e-17,0.058904495662243095,-3.606860103407755e-18,0.2258619554274251,-1.3830056038167918e-17,-12.923138324434758,11.67389283693817,-7.8169982894147975e-31,5.122857014912141e-33
GCOT-PP-03,netlists/GCOT-PP-03__main__f20__m30dBV.cir,37.67298178979614,1.0,-6.123233995736766e-17,0.058904495662243095,-3.606860103407755e-18,0.22586197740738312,-1.383005738405218e-17,-12.923137479159685,11.67389368221324,-7.816997528696699e-31,-1.237235371449788e-33
GCOT-PP-03,netlists/GCOT-PP-03__main__f20__m30dBV.cir,38.109214359265074,1.0,-6.123233995736766e-17,0.058904495662243095,-3.606860103407755e-18,0.22586199888702035,-1.3830058699300627e-17,-12.923136653125344,11.673894508247585,-3.9084983926473285e-31,-2.4746340116164724e-33
GCOT-PP-03,netlists/GCOT-PP-03__main__f20__m30dBV.cir,38.55049826381885,1.0,-6.123233995736766e-17,0.058904495662243095,-3.606860103407755e-18,0.2258620198777253,-1.3830059984610608e-17,-12.923135845893764,11.673895315479161,0.0,-2.4463066528281206e-33
GCOT-PP-03,netlists/GCOT-PP-03__main__f20__m30dBV.cir,38.99689199516104,1.0,-6.123233995736766e-17,0.058904495662243095,-3.606860103407755e-18,0.22586204039062724,-1.3830061240663592e-17,-12.923135057036948,11.673896104335979,3.9084976744355365e-31,1.1673910058073118e-33
GCOT-PP-03,netlists/GCOT-PP-03__main__f20__m30dBV.cir,39.448454722297214,1.0,-6.123233995736766e-17,0.058904495662243095,-3.606860103407755e-18,0.2258620604366021,-1.3830062468125541e-17,-12.923134286136635,11.673896875236291,-3.9084973275439606e-31,1.2365935940663112e-33
GCOT-PP-03,netlists/GCOT-PP-03__main__f20__m30dBV.cir,39.90524629937774,1.0,-6.123233995736766e-17,0.058904495662243095,-3.606860103407755e-18,0.2258620800262783,-1.3830063667647253e-17,-12.92313353278409,11.67389762858884,0.0,-2.363256062558788e-33
GCOT-PP-03,netlists/GCOT-PP-03__main__f20__m30dBV.cir,40.36732727363137,1.0,-6.123233995736766e-17,0.058904495662243095,-3.606860103407755e-18,0.22586209917004235,-1.383006483986472e-17,-12.923132796579877,11.67389836479305,3.9084966572697163e-31,-1.1815495265928351e-33
GCOT-PP-03,netlists/GCOT-PP-03__main__f20__m30dBV.cir,40.83475889339074,1.0,-6.123233995736766e-17,0.058904495662243095,-3.606860103407755e-18,0.22586211787804422,-1.3830065985399451e-17,-12.923132077133662,11.673899084239267,3.908496333531661e-31,1.891390002168115e-40
GCOT-PP-03,netlists/GCOT-PP-03__main__f20__m30dBV.cir,41.30760311621075,1.0,-6.123233995736766e-17,0.058904495662243095,-3.606860103407755e-18,0.225862136160203,-1.3830067104858813e-17,-12.923131374063978,11.673899787308951,3.9084960171627837e-31,1.1283710379133087e-33
GCOT-PP-03,netlists/GCOT-PP-03__main__f20__m30dBV.cir,41.785922617080956,1.0,-6.123233995736766e-17,0.058904495662243095,-3.606860103407755e-18,0.2258621540262119,-1.3830068198836343e-17,-12.923130686998064,11.673900474374864,0.0,1.1414368641905746e-33
GCOT-PP-03,netlists/GCOT-PP-03__main__f20__m30dBV.cir,42.26978079673311,1.0,-6.123233995736766e-17,0.058904495662243095,-3.606860103407755e-18,0.2258621714855435,-1.3830069267912071e-17,-12.923130015571626,11.673901145801302,0.0,1.1026858302018719e-33
GCOT-PP-03,netlists/GCOT-PP-03__main__f20__m30dBV.cir,42.75924179004482,1.0,-6.123233995736766e-17,0.058904495662243095,-3.606860103407755e-18,0.22586218854745482,-1.3830070312652827e-17,-12.92312935942867,11.67390180194426,-3.908495110612792e-31,1.1154542498653694e-33
GCOT-PP-03,netlists/GCOT-PP-03__main__f20__m30dBV.cir,43.254370474540586,1.0,-6.123233995736766e-17,0.058904495662243095,-3.606860103407755e-18,0.2258622052209921,-1.383007133361253e-17,-12.923128718221301,11.673902443151627,-3.9084948220809464e-31,-1.0775856381467488e-33
GCOT-PP-03,netlists/GCOT-PP-03__main__f20__m30dBV.cir,43.75523247899124,1.0,-6.123233995736766e-17,0.058904495662243095,-3.606860103407755e-18,0.22586222151499571,-1.3830072331332498e-17,-12.923128091609549,11.673903069763378,0.0,-2.481302448042985e-35
GCOT-PP-03,netlists/GCOT-PP-03__main__f20__m30dBV.cir,44.26189419211295,1.0,-6.123233995736766e-17,0.058904495662243095,-3.606860103407755e-18,0.2258622374381048,-1.3830073306341727e-17,-12.92312747926118,11.67390368211175,-3.908494264571114e-31,2.1306418225443232e-33
GCOT-PP-03,netlists/GCOT-PP-03__main__f20__m30dBV.cir,44.77442277136699,1.0,-6.123233995736766e-17,0.058904495662243095,-3.606860103407755e-18,0.2258622529987618,-1.3830074259157169e-17,-12.92312688085152,11.673904280521409,-7.816987990595057e-31,-1.016754269992926e-33
GCOT-PP-03,netlists/GCOT-PP-03__main__f20__m30dBV.cir,45.292886151861396,1.0,-6.123233995736766e-17,0.058904495662243095,-3.606860103407755e-18,0.22586226820521715,-1.383007519028401e-17,-12.923126296063284,11.673904865309645,0.0,-2.106112984113758e-33
GCOT-PP-03,netlists/GCOT-PP-03__main__f20__m30dBV.cir,45.81735305535567,1.0,-6.123233995736766e-17,0.058904495662243095,-3.606860103407755e-18,0.22586228306553324,-1.3830076100215937e-17,-12.923125724586415,11.673905436786512,0.0,1.0173059489449898e-33
GCOT-PP-03,netlists/GCOT-PP-03__main__f20__m30dBV.cir,46.34789299936978,1.0,-6.123233995736766e-17,0.058904495662243095,-3.606860103407755e-18,0.22586229758758913,-1.3830076989435401e-17,-12.923125166117915,11.673905995255014,-3.9084932236983475e-31,-9.822360282476189e-34
GCOT-PP-03,netlists/GCOT-PP-03__main__f20__m30dBV.cir,46.88457630639866,1.0,-6.123233995736766e-17,0.058904495662243095,-3.606860103407755e-18,0.2258623117790845,-1.3830077858413867e-17,-12.923124620361673,11.673906541011256,3.908492978117918e-31,-1.0404626580261691e-33
GCOT-PP-03,netlists/GCOT-PP-03__main__f20__m30dBV.cir,47.42747411323332,1.0,-6.123233995736766e-17,0.058904495662243095,-3.606860103407755e-18,0.22586232564754372,-1.3830078707612078e-17,-12.923124087028325,11.673907074344601,0.0,1.0056608808542593e-33
GCOT-PP-03,netlists/GCOT-PP-03__main__f20__m30dBV.cir,47.976658380390035,1.0,-6.123233995736766e-17,0.058904495662243095,-3.606860103407755e-18,0.2258623392003199,-1.3830079537480276e-17,-12.923123565835098,11.67390759553783,0.0,-0.0
GCOT-PP-03,netlists/GCOT-PP-03__main__f20__m30dBV.cir,48.53220190164854,1.0,-6.123233995736766e-17,0.058904495662243095,-3.606860103407755e-18,0.2258623524445988,-1.3830080348458464e-17,-12.923123056505645,11.67390810486728,0.0,-9.603984573174611e-34
GCOT-PP-03,netlists/GCOT-PP-03__main__f20__m30dBV.cir,49.094178313700844,1.0,-6.123233995736766e-17,0.058904495662243095,-3.606860103407755e-18,0.22586236538740262,-1.3830081140976627e-17,-12.923122558769917,11.67390860260301,3.9084920504390875e-31,-2.2114480240315517e-35
GCOT-PP-03,netlists/GCOT-PP-03__main__f20__m30dBV.cir,49.66266210591165,1.0,-6.123233995736766e-17,0.058904495662243095,-3.606860103407755e-18,0.22586237803559367,-1.3830081915454961e-17,-12.923122072364013,11.673909089008916,0.0,2.18614417972347e-35
GCOT-PP-03,netlists/GCOT-PP-03__main__f20__m30dBV.cir,50.23772863019185,1.0,-6.123233995736766e-17,0.058904495662243095,-3.606860103407755e-18,0.22586239039587813,-1.38300826723041e-17,-12.923121597030029,11.673909564342901,3.908491617673688e-31,9.061825307049429e-34
GCOT-PP-03,netlists/GCOT-PP-03__main__f20__m30dBV.cir,50.81945411098636,1.0,-6.123233995736766e-17,0.058904495662243095,-3.606860103407755e-18,0.22586240247480943,-1.3830083411925331e-17,-12.923121132515945,11.673910028856982,-3.9084914086508433e-31,1.877073932915145e-33
GCOT-PP-03,netlists/GCOT-PP-03__main__f20__m30dBV.cir,51.407915655377536,1.0,-6.123233995736766e-17,0.058904495662243095,-3.606860103407755e-18,0.22586241427879197,-1.3830084134710803e-17,-12.923120678575465,11.673910482797464,-3.90849120438594e-31,-1.813348828052588e-33
GCOT-PP-03,netlists/GCOT-PP-03__main__f20__m30dBV.cir,52.0031912633057,1.0,-6.123233995736766e-17,0.058904495662243095,-3.606860103407755e-18,0.22586242581408428,-1.383008484104374e-17,-12.92312023496791,11.673910926405018,3.908491004770672e-31,-9.380506178370791e-34
GCOT-PP-03,netlists/GCOT-PP-03__main__f20__m30dBV.cir,52.605359837907905,1.0,-6.123233995736766e-17,0.058904495662243095,-3.606860103407755e-18,0.22586243708680237,-1.3830085531298648e-17,-12.923119801458077,11.67391135991485,0.0,1.7927102175490296e-33
GCOT-PP-03,netlists/GCOT-PP-03__main__f20__m30dBV.cir,53.21450119597647,1.0,-6.123233995736766e-17,0.058904495662243095,-3.606860103407755e-18,0.22586244810292316,-1.3830086205841503e-17,-12.92311937781611,11.673911783556816,-3.9084906190681043e-31,-8.55491260531355e-34
GCOT-PP-03,netlists/GCOT-PP-03__main__f20__m30dBV.cir,53.830696078538594,1.0,-6.123233995736766e-17,0.058904495662243095,-3.606860103407755e-18,0.22586245886828749,-1.3830086865029948e-17,-12.923118963817391,11.673912197555536,3.908490432776298e-31,-4.033735723896798e-35
GCOT-PP-03,netlists/GCOT-PP-03__main__f20__m30dBV.cir,54.45402616155853,1.0,-6.123233995736766e-17,0.058904495662243095,-3.606860103407755e-18,0.2258624693886032,-1.3830087509213499e-17,-12.923118559242415,11.673912602130514,-3.9084902507250106e-31,3.9875615613788767e-35
GCOT-PP-03,netlists/GCOT-PP-03__main__f20__m30dBV.cir,55.08457406676362,1.0,-6.123233995736766e-17,0.058904495662243095,-3.606860103407755e-18,0.22586247966944822,-1.3830088138733693e-17,-12.92311816387667,11.67391299749626,3.908490072817717e-31,-8.855766723070231e-34
GCOT-PP-03,netlists/GCOT-PP-03__main__f20__m30dBV.cir,55.722423372595706,1.0,-6.123233995736766e-17,0.058904495662243095,-3.606860103407755e-18,0.22586248971627354,-1.3830088753924319e-17,-12.923117777510534,11.673913383862395,0.0,8.55955592969208e-34
GCOT-PP-03,netlists/GCOT-PP-03__main__f20__m30dBV.cir,56.36765862528938,1.0,-6.123233995736766e-17,0.058904495662243095,-3.606860103407755e-18,0.22586249953440607,-1.3830089355111547e-17,-12.923117399939144,11.673913761433782,0.0,-0.0
GCOT-PP-03,netlists/GCOT-PP-03__main__f20__m30dBV.cir,57.0203653500785,1.0,-6.123233995736766e-17,0.058904495662243095,-3.606860103407755e-18,0.22586250912905145,-1.3830089942614135e-17,-12.923117030962315,11.673914130410614,0.0,8.174311046962474e-34
GCOT-PP-03,netlists/GCOT-PP-03__main__f20__m30dBV.cir,57.68063006253244,1.0,-6.123233995736766e-17,0.058904495662243095,-3.606860103407755e-18,0.22586251850529682,-1.383009051674358e-17,-12.923116670384406,11.673914490988523,-3.908489400773812e-31,-1.597325568301199e-33
GCOT-PP-03,netlists/GCOT-PP-03__main__f20__m30dBV.cir,58.34854028002366,1.0,-6.123233995736766e-17,0.058904495662243095,-3.606860103407755e-18,0.22586252766811354,-1.3830091077804285e-17,-12.923116318014241,11.673914843358686,7.816978484427539e-31,-1.6534691474269544e-33
GCOT-PP-03,netlists/GCOT-PP-03__main__f20__m30dBV.cir,59.02418453332805,1.0,-6.123233995736766e-17,0.058904495662243095,-3.606860103407755e-18,0.22586253662235978,-1.3830091626093735e-17,-12.923115973664988,11.67391518770794,3.908489087262995e-31,3.1771139078711396e-33
GCOT-PP-03,netlists/GCOT-PP-03__main__f20__m30dBV.cir,59.70765237835953,1.0,-6.123233995736766e-17,0.058904495662243095,-3.606860103407755e-18,0.22586254537278316,-1.3830092161902639e-17,-12.923115637154066,11.673915524218863,-7.81697787167866e-31,8.351909456902038e-34
GCOT-PP-03,netlists/GCOT-PP-03__main__f20__m30dBV.cir,60.39903440804067,1.0,-6.123233995736766e-17,0.058904495662243095,-3.606860103407755e-18,0.22586255392402332,-1.3830092685515082e-17,-12.92311530830305,11.673915853069875,0.0,-2.351064461973807e-33
GCOT-PP-03,netlists/GCOT-PP-03__main__f20__m30dBV.cir,61.09842226431062,1.0,-6.123233995736766e-17,0.058904495662243095,-3.606860103407755e-18,0.22586256228061408,-1.3830093197208686e-17,-12.923114986937591,11.673916174435337,3.9084886432540103e-31,-1.7769547061224516e-35
GCOT-PP-03,netlists/GCOT-PP-03__main__f20__m30dBV.cir,61.80590865027217,1.0,-6.123233995736766e-17,0.058904495662243095,-3.606860103407755e-18,0.22586257044698618,-1.383009369725476e-17,-12.92311467288729,11.673916488485636,0.0,7.717045754357785e-34
GCOT-PP-03,netlists/GCOT-PP-03__main__f20__m30dBV.cir,62.52158734247947,1.0,-6.123233995736766e-17,0.058904495662243095,-3.606860103407755e-18,0.22586257842746954,-1.383009418591843e-17,-12.923114365985635,11.673916795387292,0.0,-7.455058043825405e-34
GCOT-PP-03,netlists/GCOT-PP-03__main__f20__m30dBV.cir,63.24555320336797,1.0,-6.123233995736766e-17,0.058904495662243095,-3.606860103407755e-18,0.22586258622629551,-1.3830094663458792e-17,-12.923114066069903,11.673917095303024,3.9084882288807156e-31,7.1980576040156835e-34
GCOT-PP-03,netlists/GCOT-PP-03__main__f20__m30dBV.cir,63.97790219382835,1.0,-6.123233995736766e-17,0.058904495662243095,-3.606860103407755e-18,0.225862593847599,-1.383009513012904e-17,-12.92311377298108,11.673917388391848,-3.9084880969962175e-31,3.393961583658307e-35
GCOT-PP-03,netlists/GCOT-PP-03__main__f20__m30dBV.cir,64.71873138592605,1.0,-6.123233995736766e-17,0.058904495662243095,-3.606860103407755e-18,0.22586260129542096,-1.3830095586176604e-17,-12.92311348656376,11.673917674809166,3.9084879681137754e-31,-1.4739440427691398e-33
GCOT-PP-03,netlists/GCOT-PP-03__main__f20__m30dBV.cir,65.46813897576804,1.0,-6.123233995736766e-17,0.058904495662243095,-3.606860103407755e-18,0.22586260857371027,-1.3830096031843289e-17,-12.923113206666088,11.673917954706841,3.9084878421650567e-31,4.589666069242498e-41
GCOT-PP-03,netlists/GCOT-PP-03__main__f20__m30dBV.cir,66.22622429651864,1.0,-6.123233995736766e-17,0.058904495662243095,-3.606860103407755e-18,0.22586261568632593,-1.383009646736539e-17,-12.923112933139652,11.673918228233276,3.908487719083281e-31,4.4338509427429576e-41
GCOT-PP-03,netlists/GCOT-PP-03__main__f20__m30dBV.cir,66.99308783156596,1.0,-6.123233995736766e-17,0.058904495662243095,-3.606860103407755e-18,0.2258626226370391,-1.3830096892973822e-17,-12.923112665839437,11.673918495533492,3.908487598803189e-31,6.957464079592624e-34
GCOT-PP-03,netlists/GCOT-PP-03__main__f20__m30dBV.cir,67.76883122784095,1.0,-6.123233995736766e-17,0.058904495662243095,-3.606860103407755e-18,0.22586262942953517,-1.3830097308894251e-17,-12.923112404623701,11.673918756749224,0.0,7.0380274950333805e-34
GCOT-PP-03,netlists/GCOT-PP-03__main__f20__m30dBV.cir,68.55355730929053,1.0,-6.123233995736766e-17,0.058904495662243095,-3.606860103407755e-18,0.22586263606741552,-1.3830097715347198e-17,-12.923112149353962,11.67391901201897,0.0,-0.0
GCOT-PP-03,netlists/GCOT-PP-03__main__f20__m30dBV.cir,69.34737009050679,1.0,-6.123233995736766e-17,0.058904495662243095,-3.606860103407755e-18,0.2258626425541997,-1.3830098112548172e-17,-12.923111899894856,11.67391926147807,0.0,6.7212632966322085e-34
GCOT-PP-03,netlists/GCOT-PP-03__main__f20__m30dBV.cir,70.15037479051406,1.0,-6.123233995736766e-17,0.058904495662243095,-3.606860103407755e-18,0.22586264889332694,-1.3830098500707767e-17,-12.923111656114132,11.673919505258796,-3.908487144445747e-31,-1.3133884673651968e-33
GCOT-PP-03,netlists/GCOT-PP-03__main__f20__m30dBV.cir,70.96267784671556,1.0,-6.123233995736766e-17,0.058904495662243095,-3.606860103407755e-18,0.22586265508815842,-1.383009888003179e-17,-12.923111417882524,11.673919743490405,7.816974074492003e-31,-7.027252550877752e-34
GCOT-PP-03,netlists/GCOT-PP-03__main__f20__m30dBV.cir,71.78438692900153,1.0,-6.123233995736766e-17,0.058904495662243095,-3.606860103407755e-18,0.22586266114197862,-1.383009925072137e-17,-12.923111185073726,11.673919976299203,0.0,1.3288650899306455e-33
GCOT-PP-03,netlists/GCOT-PP-03__main__f20__m30dBV.cir,72.61561095402077,1.0,-6.123233995736766e-17,0.058904495662243095,-3.606860103407755e-18,0.22586266705799737,-1.3830099612973041e-17,-12.923110957564298,11.673920203808631,0.0,-6.4187559364634105e-34
GCOT-PP-03,netlists/GCOT-PP-03__main__f20__m30dBV.cir,73.45646009961744,1.0,-6.123233995736766e-17,0.058904495662243095,-3.606860103407755e-18,0.2258626728393514,-1.3830099966978876e-17,-12.923110735233607,11.673920426139322,3.9084867300668344e-31,-6.493081468513569e-34
GCOT-PP-03,netlists/GCOT-PP-03__main__f20__m30dBV.cir,74.30704581943503,1.0,-6.123233995736766e-17,0.058904495662243095,-3.606860103407755e-18,0.22586267848910602,-1.383010031292657e-17,-12.923110517963776,11.67392064340915,3.9084866322995044e-31,-6.272646589212674e-34
GCOT-PP-03,netlists/GCOT-PP-03__main__f20__m30dBV.cir,75.16748085768937,1.0,-6.123233995736766e-17,0.058904495662243095,-3.606860103407755e-18,0.2258626840102568,-1.383010065099955e-17,-12.923110305639607,11.673920855733321,7.816973073515261e-31,6.056408439610413e-34
GCOT-PP-03,netlists/GCOT-PP-03__main__f20__m30dBV.cir,76.03787926411279,1.0,-6.123233995736766e-17,0.058904495662243095,-3.606860103407755e-18,0.22586268940573107,-1.3830100981377067e-17,-12.923110098148523,11.673921063224405,0.0,1.2545293806210691e-33
GCOT-PP-03,netlists/GCOT-PP-03__main__f20__m30dBV.cir,76.91835640907128,1.0,-6.123233995736766e-17,0.058904495662243095,-3.606860103407755e-18,0.22586269467838965,-1.383010130423429e-17,-12.923109895380502,11.673921265992426,0.0,-0.0
GCOT-PP-03,netlists/GCOT-PP-03__main__f20__m30dBV.cir,77.8090289988567,1.0,-6.123233995736766e-17,0.058904495662243095,-3.606860103407755e-18,0.22586269983102808,-1.3830101619742399e-17,-12.923109697228043,11.673921464144883,0.0,-0.0
GCOT-PP-03,netlists/GCOT-PP-03__main__f20__m30dBV.cir,78.7100150911561,1.0,-6.123233995736766e-17,0.058904495662243095,-3.606860103407755e-18,0.22586270486637838,-1.383010192806868e-17,-12.923109503586081,11.673921657786845,0.0,-0.0
GCOT-PP-03,netlists/GCOT-PP-03__main__f20__m30dBV.cir,79.62143411070006,1.0,-6.123233995736766e-17,0.058904495662243095,-3.606860103407755e-18,0.22586270978711032,-1.3830102229376612e-17,-12.923109314351944,11.673921847020985,0.0,5.853973906978129e-34
GCOT-PP-03,netlists/GCOT-PP-03__main__f20__m30dBV.cir,80.54340686509245,1.0,-6.123233995736766e-17,0.058904495662243095,-3.606860103407755e-18,0.22586271459583296,-1.3830102523825952e-17,-12.923109129425296,11.673922031947633,-3.9084860074834084e-31,1.3479570828832628e-35
GCOT-PP-03,netlists/GCOT-PP-03__main__f20__m30dBV.cir,81.47605556082318,1.0,-6.123233995736766e-17,0.058904495662243095,-3.606860103407755e-18,0.22586271929509588,-1.3830102811572815e-17,-12.92310894870809,11.673922212664838,0.0,-1.1574694864041964e-33
GCOT-PP-03,netlists/GCOT-PP-03__main__f20__m30dBV.cir,82.4195038194667,1.0,-6.123233995736766e-17,0.058904495662243095,-3.606860103407755e-18,0.22586272388739073,-1.3830103092769773e-17,-12.923108772104506,11.673922389268421,3.9084858466958167e-31,-5.786963671353449e-34
GCOT-PP-03,netlists/GCOT-PP-03__main__f20__m30dBV.cir,83.37387669406775,1.0,-6.123233995736766e-17,0.058904495662243095,-3.606860103407755e-18,0.22586272837515237,-1.383010336756592e-17,-12.923108599520907,11.67392256185202,3.9084857690364653e-31,-5.590501008093938e-34
GCOT-PP-03,netlists/GCOT-PP-03__main__f20__m30dBV.cir,84.33930068571713,1.0,-6.123233995736766e-17,0.058904495662243095,-3.606860103407755e-18,0.22586273276076024,-1.383010363610695e-17,-12.923108430865787,11.67392273050714,7.816971386289715e-31,-1.2872867701477183e-35
GCOT-PP-03,netlists/GCOT-PP-03__main__f20__m30dBV.cir,85.31590376031923,1.0,-6.123233995736766e-17,0.058904495662243095,-3.606860103407755e-18,0.22586273704653964,-1.3830103898535252e-17,-12.923108266049724,11.673922895323205,3.9084856189807533e-31,5.590501437700022e-34
GCOT-PP-03,netlists/GCOT-PP-03__main__f20__m30dBV.cir,86.30381536555376,1.0,-6.123233995736766e-17,0.058904495662243095,-3.606860103407755e-18,0.22586274123476294,-1.3830104154989965e-17,-12.923108104985328,11.6739230563876,3.908485546504831e-31,5.400708527391074e-34
GCOT-PP-03,netlists/GCOT-PP-03__main__f20__m30dBV.cir,87.30316644803392,1.0,-6.123233995736766e-17,0.058904495662243095,-3.606860103407755e-18,0.2258627453276508,-1.3830104405607067e-17,-12.923107947587201,11.673923213785727,0.0,5.463245681089083e-34
GCOT-PP-03,netlists/GCOT-PP-03__main__f20__m30dBV.cir,88.31408947066325,1.0,-6.123233995736766e-17,0.058904495662243095,-3.606860103407755e-18,0.22586274932737332,-1.3830104650519437e-17,-12.923107793771893,11.673923367601034,0.0,-0.0
GCOT-PP-03,netlists/GCOT-PP-03__main__f20__m30dBV.cir,89.33671843019339,1.0,-6.123233995736766e-17,0.058904495662243095,-3.606860103407755e-18,0.22586275323605115,-1.3830104889856927e-17,-12.923107643457847,11.673923517915082,0.0,-0.0
GCOT-PP-03,netlists/GCOT-PP-03__main__f20__m30dBV.cir,90.37118887498525,1.0,-6.123233995736766e-17,0.058904495662243095,-3.606860103407755e-18,0.22586275705575676,-1.3830105123746438e-17,-12.923107496565363,11.673923664807566,0.0,-0.0
GCOT-PP-03,netlists/GCOT-PP-03__main__f20__m30dBV.cir,91.4176379229758,1.0,-6.123233995736766e-17,0.058904495662243095,-3.606860103407755e-18,0.22586276078851536,-1.3830105352311983e-17,-12.923107353016556,11.673923808356372,0.0,-0.0
GCOT-PP-03,netlists/GCOT-PP-03__main__f20__m30dBV.cir,92.47620427985287,1.0,-6.123233995736766e-17,0.058904495662243095,-3.606860103407755e-18,0.22586276443630612,-1.3830105575674747e-17,-12.923107212735319,11.67392394863761,0.0,5.040233767596839e-34
GCOT-PP-03,netlists/GCOT-PP-03__main__f20__m30dBV.cir,93.54702825744046,1.0,-6.123233995736766e-17,0.058904495662243095,-3.606860103407755e-18,0.22586276800106314,-1.3830105793953162e-17,-12.92310707564727,11.673924085725659,-3.908485083322261e-31,-4.866480376688053e-34
GCOT-PP-03,netlists/GCOT-PP-03__main__f20__m30dBV.cir,94.63025179229693,1.0,-6.123233995736766e-17,0.058904495662243095,-3.606860103407755e-18,0.22586277148467654,-1.383010600726296e-17,-12.92310694167972,11.673924219693209,3.9084850230394133e-31,-1.0080467383215642e-33
GCOT-PP-03,netlists/GCOT-PP-03__main__f20__m30dBV.cir,95.72601846452852,1.0,-6.123233995736766e-17,0.058904495662243095,-3.606860103407755e-18,0.2258627748889933,-1.3830106215717241e-17,-12.923106810761645,11.673924350611284,3.908484964128771e-31,1.4681860305122415e-41
GCOT-PP-03,netlists/GCOT-PP-03__main__f20__m30dBV.cir,96.83447351682074,1.0,-6.123233995736766e-17,0.058904495662243095,-3.606860103407755e-18,0.2258627782158184,-1.3830106419426526e-17,-12.92310668282363,11.6739244785493,3.9084849065591002e-31,1.4183424154663922e-41
GCOT-PP-03,netlists/GCOT-PP-03__main__f20__m30dBV.cir,97.95576387369012,1.0,-6.123233995736766e-17,0.058904495662243095,-3.606860103407755e-18,0.22586278146691588,-1.3830106618498831e-17,-12.923106557797832,11.673924603575095,3.9084848502998733e-31,4.758287293722756e-34
GCOT-PP-03,netlists/GCOT-PP-03__main__f20__m30dBV.cir,99.09003816095894,1.0,-6.123233995736766e-17,0.058904495662243095,-3.606860103407755e-18,0.22586278464400938,-1.3830106813039703e-17,-12.92310643561797,11.673924725754958,0.0,-4.594253265834202e-34
GCOT-PP-03,netlists/GCOT-PP-03__main__f20__m30dBV.cir,100.23744672545537,1.0,-6.123233995736766e-17,0.058904495662243095,-3.606860103407755e-18,0.22586278774878354,-1.3830107003152286e-17,-12.923106316219258,11.67392484515367,7.816969483188239e-31,-4.866598866518235e-34
GCOT-PP-03,netlists/GCOT-PP-03__main__f20__m30dBV.cir,101.39814165494181,1.0,-6.123233995736766e-17,0.058904495662243095,-3.606860103407755e-18,0.22586279078288446,-1.3830107188937387e-17,-12.923106199538392,11.673924961834533,3.9084846890899555e-31,4.703819552898239e-34
GCOT-PP-03,netlists/GCOT-PP-03__main__f20__m30dBV.cir,102.57227679827393,1.0,-6.123233995736766e-17,0.058904495662243095,-3.606860103407755e-18,0.2258627937479209,-1.3830107370493505e-17,-12.923106085513506,11.673925075859422,3.9084846377809306e-31,-4.544128596017502e-34
GCOT-PP-03,netlists/GCOT-PP-03__main__f20__m30dBV.cir,103.7600077857932,1.0,-6.123233995736766e-17,0.058904495662243095,-3.606860103407755e-18,0.22586279664546494,-1.3830107547916906e-17,-12.923105974084141,11.673925187288788,7.816969175279686e-31,-1.046346265949255e-35
GCOT-PP-03,netlists/GCOT-PP-03__main__f20__m30dBV.cir,104.96149204995552,1.0,-6.123233995736766e-17,0.058904495662243095,-3.606860103407755e-18,0.2258627994770529,-1.3830107721301665e-17,-12.923105865191218,11.67392529618171,3.9084845386401056e-31,1.342551204149634e-33
GCOT-PP-03,netlists/GCOT-PP-03__main__f20__m30dBV.cir,106.1768888461987,1.0,-6.123233995736766e-17,0.058904495662243095,-3.606860103407755e-18,0.2258628022441861,-1.3830107890739707e-17,-12.923105758776998,11.67392540259593,-3.9084844907557384e-31,4.594365409605529e-34
GCOT-PP-03,netlists/GCOT-PP-03__main__f20__m30dBV.cir,107.40635927405158,1.0,-6.123233995736766e-17,0.058904495662243095,-3.606860103407755e-18,0.22586280494833172,-1.383010805632087e-17,-12.923105654785061,11.673925506587866,0.0,-1.0108258459177506e-35
GCOT-PP-03,netlists/GCOT-PP-03__main__f20__m30dBV.cir,108.6500662984877,1.0,-6.123233995736766e-17,0.058904495662243095,-3.606860103407755e-18,0.22586280759092353,-1.3830108218132953e-17,-12.923105553160267,11.67392560821266,-3.9084843982321373e-31,-4.190008482137177e-34
GCOT-PP-03,netlists/GCOT-PP-03__main__f20__m30dBV.cir,109.90817477152599,1.0,-6.123233995736766e-17,0.058904495662243095,-3.606860103407755e-18,0.22586281017336274,-1.3830108376261745e-17,-12.923105453848736,11.673925707524191,3.9084843535438447e-31,-8.679217948581378e-34
GCOT-PP-03,netlists/GCOT-PP-03__main__f20__m30dBV.cir,111.18085145408182,1.0,-6.123233995736766e-17,0.058904495662243095,-3.606860103407755e-18,0.22586281269701847,-1.383010853079109e-17,-12.923105356797809,11.673925804575118,3.9084843098727827e-31,4.192283064098077e-34
GCOT-PP-03,netlists/GCOT-PP-03__main__f20__m30dBV.cir,112.46826503807094,1.0,-6.123233995736766e-17,0.058904495662243095,-3.606860103407755e-18,0.22586281516322881,-1.3830108681802922e-17,-12.92310526195603,11.673925899416897,0.0,4.240827365595161e-34
GCOT-PP-03,netlists/GCOT-PP-03__main__f20__m30dBV.cir,113.77058616876943,1.0,-6.123233995736766e-17,0.058904495662243095,-3.606860103407755e-18,0.22586281757330143,-1.3830108829377307e-17,-12.923105169273112,11.673925992099816,0.0,-0.0
GCOT-PP-03,netlists/GCOT-PP-03__main__f20__m30dBV.cir,115.08798746743254,1.0,-6.123233995736766e-17,0.058904495662243095,-3.606860103407755e-18,0.22586281992851412,-1.3830108973592492e-17,-12.923105078699917,11.673926082673011,0.0,-0.0
GCOT-PP-03,netlists/GCOT-PP-03__main__f20__m30dBV.cir,116.42064355417546,1.0,-6.123233995736766e-17,0.058904495662243095,-3.606860103407755e-18,0.2258628222301157,-1.3830109114524942e-17,-12.923104990188413,11.673926171184512,0.0,-8.007197980180644e-34
GCOT-PP-03,netlists/GCOT-PP-03__main__f20__m30dBV.cir,117.76873107111899,1.0,-6.123233995736766e-17,0.058904495662243095,-3.606860103407755e-18,0.22586282447932648,-1.3830109252249379e-17,-12.92310490369168,11.673926257681249,7.816968211967382e-31,3.773393512799833e-34
GCOT-PP-03,netlists/GCOT-PP-03__main__f20__m30dBV.cir,119.1324287058033,1.0,-6.123233995736766e-17,0.058904495662243095,-3.606860103407755e-18,0.22586282667733898,-1.3830109386838832e-17,-12.923104819163854,11.673926342209075,-3.908484067947787e-31,4.1858651428719705e-34
GCOT-PP-03,netlists/GCOT-PP-03__main__f20__m30dBV.cir,120.51191721487278,1.0,-6.123233995736766e-17,0.058904495662243095,-3.606860103407755e-18,0.22586282882531872,-1.3830109518364653e-17,-12.92310473656011,11.67392642481282,3.908484030777684e-31,-4.047859979089803e-34
GCOT-PP-03,netlists/GCOT-PP-03__main__f20__m30dBV.cir,121.90737944803509,1.0,-6.123233995736766e-17,0.058904495662243095,-3.606860103407755e-18,0.22586283092440446,-1.3830109646896586e-17,-12.92310465583666,11.673926505536269,0.0,3.912465875614713e-34
GCOT-PP-03,netlists/GCOT-PP-03__main__f20__m30dBV.cir,123.31900037229771,1.0,-6.123233995736766e-17,0.058904495662243095,-3.606860103407755e-18,0.2258628329757092,-1.3830109772502776e-17,-12.9231045769507,11.67392658442223,0.0,-0.0
GCOT-PP-03,netlists/GCOT-PP-03__main__f20__m30dBV.cir,124.74696709648515,1.0,-6.123233995736766e-17,0.058904495662243095,-3.606860103407755e-18,0.2258628349803206,-1.3830109895249823e-17,-12.9231044998604,11.673926661512528,0.0,-0.0
GCOT-PP-03,netlists/GCOT-PP-03__main__f20__m30dBV.cir,126.19146889603998,1.0,-6.123233995736766e-17,0.058904495662243095,-3.606860103407755e-18,0.22586283693930148,-1.3830110015202807e-17,-12.92310442452489,11.673926736848037,0.0,-3.6936057989744708e-34
GCOT-PP-03,netlists/GCOT-PP-03__main__f20__m30dBV.cir,127.65269723811109,1.0,-6.123233995736766e-17,0.058904495662243095,-3.606860103407755e-18,0.22586283885369057,-1.3830110132425328e-17,-12.923104350904225,11.673926810468704,3.9084838572399227e-31,-8.505029535882068e-36
GCOT-PP-03,netlists/GCOT-PP-03__main__f20__m30dBV.cir,129.13084580693248,1.0,-6.123233995736766e-17,0.058904495662243095,-3.606860103407755e-18,0.22586284072450288,-1.3830110246979546e-17,-12.92310427895937,11.673926882413559,0.0,3.693605798974441e-34
GCOT-PP-03,netlists/GCOT-PP-03__main__f20__m30dBV.cir,130.6261105294959,1.0,-6.123233995736766e-17,0.058904495662243095,-3.606860103407755e-18,0.22586284255273031,-1.383011035892619e-17,-12.92310420865218,11.673926952720748,0.0,-3.5682110420781356e-34
GCOT-PP-03,netlists/GCOT-PP-03__main__f20__m30dBV.cir,132.13868960152064,1.0,-6.123233995736766e-17,0.058904495662243095,-3.606860103407755e-18,0.22586284433934228,-1.3830110468324619e-17,-12.923104139945373,11.673927021427552,3.908483762312485e-31,-8.216291059415418e-36
GCOT-PP-03,netlists/GCOT-PP-03__main__f20__m30dBV.cir,133.66878351372438,1.0,-6.123233995736766e-17,0.058904495662243095,-3.606860103407755e-18,0.22586284608528595,-1.3830110575232837e-17,-12.923104072802529,11.673927088570398,0.0,3.5682110420781095e-34
GCOT-PP-03,netlists/GCOT-PP-03__main__f20__m30dBV.cir,135.21659507839783,1.0,-6.123233995736766e-17,0.058904495662243095,-3.606860103407755e-18,0.2258628477914872,-1.3830110679707531e-17,-12.92310400718804,11.673927154184888,0.0,-6.89414667097558e-34
GCOT-PP-03,netlists/GCOT-PP-03__main__f20__m30dBV.cir,136.78232945628736,1.0,-6.123233995736766e-17,0.058904495662243095,-3.606860103407755e-18,0.22586284945885055,-1.3830110781804088e-17,-12.923103943067119,11.67392721830581,7.8169673474420915e-31,-1.5874710040147957e-35
GCOT-PP-03,netlists/GCOT-PP-03__main__f20__m30dBV.cir,138.36619418378882,1.0,-6.123233995736766e-17,0.058904495662243095,-3.606860103407755e-18,0.22586285108826007,-1.3830110881576649e-17,-12.923103880405765,11.673927280967163,0.0,6.894146670975551e-34
GCOT-PP-03,netlists/GCOT-PP-03__main__f20__m30dBV.cir,139.96839920045625,1.0,-6.123233995736766e-17,0.058904495662243095,-3.606860103407755e-18,0.22586285268057976,-1.383011097907811e-17,-12.92310381917076,11.673927342202168,0.0,-6.660096310495956e-34
GCOT-PP-03,netlists/GCOT-PP-03__main__f20__m30dBV.cir,141.58915687682915,1.0,-6.123233995736766e-17,0.058904495662243095,-3.606860103407755e-18,0.22586285423665386,-1.3830111074360165e-17,-12.923103759329633,11.673927402043295,7.816967182085409e-31,-1.533577726358335e-35
GCOT-PP-03,netlists/GCOT-PP-03__main__f20__m30dBV.cir,143.228682042582,1.0,-6.123233995736766e-17,0.058904495662243095,-3.606860103407755e-18,0.22586285575730738,-1.383011116747334e-17,-12.923103700850655,11.673927460522272,0.0,3.405849348933058e-34
GCOT-PP-03,netlists/GCOT-PP-03__main__f20__m30dBV.cir,144.88719201499964,1.0,-6.123233995736766e-17,0.058904495662243095,-3.606860103407755e-18,0.22586285724334665,-1.3830111258467001e-17,-12.923103643702822,11.673927517670107,3.9084835390128594e-31,-7.493346077377144e-36
GCOT-PP-03,netlists/GCOT-PP-03__main__f20__m30dBV.cir,146.56490662778248,1.0,-6.123233995736766e-17,0.058904495662243095,-3.606860103407755e-18,0.22586285869555953,-1.3830111347389396e-17,-12.923103587855831,11.673927573517098,0.0,6.434418178155386e-34
GCOT-PP-03,netlists/GCOT-PP-03__main__f20__m30dBV.cir,148.2620482601852,1.0,-6.123233995736766e-17,0.058904495662243095,-3.606860103407755e-18,0.225862860114716,-1.3830111434287669e-17,-12.923103533280074,11.673927628092855,-3.908483489324744e-31,7.322776603218059e-36
GCOT-PP-03,netlists/GCOT-PP-03__main__f20__m30dBV.cir,149.9788418664929,1.0,-6.123233995736766e-17,0.058904495662243095,-3.606860103407755e-18,0.22586286150156862,-1.3830111519207899e-17,-12.92310347994661,11.673927681426317,0.0,-7.238957245669541e-36
GCOT-PP-03,netlists/GCOT-PP-03__main__f20__m30dBV.cir,151.7155150058385,1.0,-6.123233995736766e-17,0.058904495662243095,-3.606860103407755e-18,0.2258628628568526,-1.3830111602195107e-17,-12.923103427827165,11.673927733545764,-3.908483441872961e-31,-3.000646246108056e-34
GCOT-PP-03,netlists/GCOT-PP-03__main__f20__m30dBV.cir,153.47229787236557,1.0,-6.123233995736766e-17,0.058904495662243095,-3.606860103407755e-18,0.22586286418128657,-1.3830111683293296e-17,-12.923103376894103,11.673927784478826,3.908483418954061e-31,-6.215563252644438e-34
GCOT-PP-03,netlists/GCOT-PP-03__main__f20__m30dBV.cir,155.24942332574017,1.0,-6.123233995736766e-17,0.058904495662243095,-3.606860103407755e-18,0.22586286547557274,-1.3830111762545468e-17,-12.923103327120417,11.67392783425251,3.9084833965568597e-31,3.002275171821501e-34
GCOT-PP-03,netlists/GCOT-PP-03__main__f20__m30dBV.cir,157.04712692201622,1.0,-6.123233995736766e-17,0.058904495662243095,-3.606860103407755e-18,0.22586286674039735,-1.383011183999364e-17,-12.923103278479724,11.673927882893205,0.0,3.0370398620403707e-34
GCOT-PP-03,netlists/GCOT-PP-03__main__f20__m30dBV.cir,158.86564694485818,1.0,-6.123233995736766e-17,0.058904495662243095,-3.606860103407755e-18,0.2258628679764311,-1.3830111915678879e-17,-12.923103230946221,11.673927930426707,0.0,-5.867869960149724e-34
GCOT-PP-03,netlists/GCOT-PP-03__main__f20__m30dBV.cir,160.70522443712537,1.0,-6.123233995736766e-17,0.058904495662243095,-3.606860103407755e-18,0.2258628691843293,-1.3830111989641309e-17,-12.923103184494716,11.673927976878211,7.816966664756072e-31,2.7652348051117395e-34
GCOT-PP-03,netlists/GCOT-PP-03__main__f20__m30dBV.cir,162.5661032328218,1.0,-6.123233995736766e-17,0.058904495662243095,-3.606860103407755e-18,0.22586287036473235,-1.3830112061920153e-17,-12.923103139100576,11.673928022272353,-3.908483311951546e-31,2.0035359995050328e-35
GCOT-PP-03,netlists/GCOT-PP-03__main__f20__m30dBV.cir,164.44852998941622,1.0,-6.123233995736766e-17,0.058904495662243095,-3.606860103407755e-18,0.22586287151826623,-1.3830112132553728e-17,-12.923103094739732,11.673928066633197,7.816966583980037e-31,-1.9806013993661546e-35
GCOT-PP-03,netlists/GCOT-PP-03__main__f20__m30dBV.cir,166.3527542205362,1.0,-6.123233995736766e-17,0.058904495662243095,-3.606860103407755e-18,0.2258628726455424,-1.383011220157949e-17,-12.923103051388665,11.673928109984264,-3.9084832724828726e-31,2.997679087847738e-34
GCOT-PP-03,netlists/GCOT-PP-03__main__f20__m30dBV.cir,168.27902832904107,1.0,-6.123233995736766e-17,0.058904495662243095,-3.606860103407755e-18,0.2258628737471587,-1.3830112269034031e-17,-12.923103009024386,11.673928152348543,3.908483253419762e-31,-5.668660818905715e-34
GCOT-PP-03,netlists/GCOT-PP-03__main__f20__m30dBV.cir,170.22760764047737,1.0,-6.123233995736766e-17,0.058904495662243095,-3.606860103407755e-18,0.22586287482369916,-1.3830112334953122e-17,-12.923102967624436,11.673928193748493,3.908483234790581e-31,5.476214740697505e-34
GCOT-PP-03,netlists/GCOT-PP-03__main__f20__m30dBV.cir,172.19875043692224,1.0,-6.123233995736766e-17,0.058904495662243095,-3.606860103407755e-18,0.2258628758757345,-1.3830112399371711e-17,-12.923102927166868,11.67392823420606,-3.9084832165854534e-31,5.539626292974711e-34
GCOT-PP-03,netlists/GCOT-PP-03__main__f20__m30dBV.cir,174.19271799121827,1.0,-6.123233995736766e-17,0.058904495662243095,-3.606860103407755e-18,0.22586287690382267,-1.3830112462323956e-17,-12.923102887630222,11.673928273742707,-3.908483198794723e-31,-5.351560825243956e-34
GCOT-PP-03,netlists/GCOT-PP-03__main__f20__m30dBV.cir,176.209774601605,1.0,-6.123233995736766e-17,0.058904495662243095,-3.606860103407755e-18,0.22586287790850873,-1.3830112523843231e-17,-12.92310284899354,11.673928312379388,3.9084831814089602e-31,-2.7683779709547915e-34
GCOT-PP-03,netlists/GCOT-PP-03__main__f20__m30dBV.cir,178.25018762675134,1.0,-6.123233995736766e-17,0.058904495662243095,-3.606860103407755e-18,0.2258628788903253,-1.3830112583962159e-17,-12.923102811236337,11.673928350136592,0.0,6.090822050079812e-36
GCOT-PP-03,netlists/GCOT-PP-03__main__f20__m30dBV.cir,180.31422752119366,1.0,-6.123233995736766e-17,0.058904495662243095,-3.606860103407755e-18,0.22586287984979303,-1.3830112642712612e-17,-12.923102774338593,11.673928387034334,3.908483147815671e-31,-6.02109871309773e-36
GCOT-PP-03,netlists/GCOT-PP-03__main__f20__m30dBV.cir,182.40216787118428,1.0,-6.123233995736766e-17,0.058904495662243095,-3.606860103407755e-18,0.22586288078742062,-1.3830112700125743e-17,-12.923102738280743,11.673928423092184,0.0,-2.495828622667693e-34
GCOT-PP-03,netlists/GCOT-PP-03__main__f20__m30dBV.cir,184.514285430955,1.0,-6.123233995736766e-17,0.058904495662243095,-3.606860103407755e-18,0.22586288170370522,-1.3830112756231992e-17,-12.92310270304367,11.673928458329259,7.816966231468656e-31,-2.643780371630316e-34
GCOT-PP-03,netlists/GCOT-PP-03__main__f20__m30dBV.cir,186.65086015940062,1.0,-6.123233995736766e-17,0.058904495662243095,-3.606860103407755e-18,0.22586288259913262,-1.3830112811061108e-17,-12.92310266860869,11.673928492764237,3.9084831002392503e-31,2.5553504211082336e-34
GCOT-PP-03,netlists/GCOT-PP-03__main__f20__m30dBV.cir,188.81217525718714,1.0,-6.123233995736766e-17,0.058904495662243095,-3.606860103407755e-18,0.2258628834741776,-1.383011286464216e-17,-12.923102634957548,11.67392852641538,3.908483085096884e-31,2.468598491741785e-34
GCOT-PP-03,netlists/GCOT-PP-03__main__f20__m30dBV.cir,190.9985172042897,1.0,-6.123233995736766e-17,0.058904495662243095,-3.606860103407755e-18,0.22586288432930413,-1.3830112917003559e-17,-12.923102602072401,11.673928559300531,0.0,2.497183505162947e-34
GCOT-PP-03,netlists/GCOT-PP-03__main__f20__m30dBV.cir,193.21017579796523,1.0,-6.123233995736766e-17,0.058904495662243095,-3.606860103407755e-18,0.2258628851649656,-1.3830112968173068e-17,-12.923102569935807,11.673928591437122,0.0,4.824812586760095e-34
GCOT-PP-03,netlists/GCOT-PP-03__main__f20__m30dBV.cir,195.44744419116475,1.0,-6.123233995736766e-17,0.058904495662243095,-3.606860103407755e-18,0.22586288598160512,-1.3830113018177817e-17,-12.923102538530733,11.673928622842196,-7.816966083413349e-31,1.1109786963943875e-35
GCOT-PP-03,netlists/GCOT-PP-03__main__f20__m30dBV.cir,197.71061893139043,1.0,-6.123233995736766e-17,0.058904495662243095,-3.606860103407755e-18,0.22586288677965566,-1.3830113067044318e-17,-12.923102507840525,11.673928653532402,0.0,-2.467319381271188e-34
GCOT-PP-03,netlists/GCOT-PP-03__main__f20__m30dBV.cir,200.0000000000027,1.0,-6.123233995736766e-17,0.058904495662243095,-3.606860103407755e-18,0.22586288755954037,-1.3830113114798484e-17,-12.92310247784891,11.673928683524014,-3.908483014401023e-31,-2.2762227097437486e-34
GCOT-PP-03,netlists/GCOT-PP-03__main__f20__m30dBV.cir,202.31589085198246,1.0,-6.123233995736766e-17,0.058904495662243095,-3.606860103407755e-18,0.22586288832167276,-1.3830113161465631e-17,-12.92310244853999,11.67392871283294,3.908483001212573e-31,-2.4111563022424595e-34
GCOT-PP-03,netlists/GCOT-PP-03__main__f20__m30dBV.cir,204.6585984561536,1.0,-6.123233995736766e-17,0.058904495662243095,-3.606860103407755e-18,0.22586288906645685,-1.3830113207070506e-17,-12.923102419898221,11.673928741474707,0.0,2.3305071960550785e-34
GCOT-PP-03,netlists/GCOT-PP-03__main__f20__m30dBV.cir,207.0284333358716,1.0,-6.123233995736766e-17,0.058904495662243095,-3.606860103407755e-18,0.22586288979428762,-1.3830113251637286e-17,-12.923102391908419,11.67392876946451,0.0,-0.0
GCOT-PP-03,netlists/GCOT-PP-03__main__f20__m30dBV.cir,209.4257096101828,1.0,-6.123233995736766e-17,0.058904495662243095,-3.606860103407755e-18,0.22586289050555092,-1.3830113295189603e-17,-12.923102364555742,11.673928796817187,0.0,-2.2256170655334e-34
GCOT-PP-03,netlists/GCOT-PP-03__main__f20__m30dBV.cir,211.8507450354607,1.0,-6.123233995736766e-17,0.058904495662243095,-3.606860103407755e-18,0.22586289120062392,-1.3830113337750547e-17,-12.923102337825688,11.67392882354724,3.9084829513932705e-31,-5.1247858889447705e-36
GCOT-PP-03,netlists/GCOT-PP-03__main__f20__m30dBV.cir,214.30386104752426,1.0,-6.123233995736766e-17,0.058904495662243095,-3.606860103407755e-18,0.22586289187987513,-1.383011337934269e-17,-12.923102311704085,11.673928849668844,0.0,5.0661242432541266e-36
GCOT-PP-03,netlists/GCOT-PP-03__main__f20__m30dBV.cir,216.78538280424374,1.0,-6.123233995736766e-17,0.058904495662243095,-3.606860103407755e-18,0.22586289254366468,-1.3830113419988076e-17,-12.92310228617708,11.673928875195847,3.908482928152392e-31,-4.350199921890235e-34
GCOT-PP-03,netlists/GCOT-PP-03__main__f20__m30dBV.cir,219.29563922864008,1.0,-6.123233995736766e-17,0.058904495662243095,-3.606860103407755e-18,0.2258628931923446,-1.3830113459708263e-17,-12.92310226123114,11.673928900141789,7.816965833854402e-31,-4.950802647813432e-36
GCOT-PP-03,netlists/GCOT-PP-03__main__f20__m30dBV.cir,221.83496305248335,1.0,-6.123233995736766e-17,0.058904495662243095,-3.606860103407755e-18,0.22586289382625868,-1.3830113498524307e-17,-12.92310223685304,11.673928924519885,3.9084829059575257e-31,2.1500593152907056e-34
GCOT-PP-03,netlists/GCOT-PP-03__main__f20__m30dBV.cir,224.40369086039587,1.0,-6.123233995736766e-17,0.058904495662243095,-3.606860103407755e-18,0.22586289444574315,-1.3830113536456791e-17,-12.923102213029855,11.673928948343072,3.908482895237552e-31,1.1396752114092077e-42
GCOT-PP-03,netlists/GCOT-PP-03__main__f20__m30dBV.cir,227.00216313446626,1.0,-6.123233995736766e-17,0.058904495662243095,-3.606860103407755e-18,0.22586289505112644,-1.3830113573525827e-17,-12.923102189748953,11.673928971623976,3.9084828847615933e-31,2.0532906830763886e-34
GCOT-PP-03,netlists/GCOT-PP-03__main__f20__m30dBV.cir,229.63072429937984,1.0,-6.123233995736766e-17,0.058904495662243095,-3.606860103407755e-18,0.22586289564272952,-1.3830113609751069e-17,-12.923102166997985,11.673928994374943,0.0,4.1068535058324614e-34
GCOT-PP-03,netlists/GCOT-PP-03__main__f20__m30dBV.cir,232.2897227680719,1.0,-6.123233995736766e-17,0.058904495662243095,-3.606860103407755e-18,0.22586289622086608,-1.3830113645151724e-17,-12.923102144764895,11.673929016608033,-3.908482864519635e-31,4.6738601762054094e-36
GCOT-PP-03,netlists/GCOT-PP-03__main__f20__m30dBV.cir,234.97951098790932,1.0,-6.123233995736766e-17,0.058904495662243095,-3.606860103407755e-18,0.22586289678584265,-1.383011367974656e-17,-12.923102123037891,11.673929038335038,0.0,-2.0297868429060145e-34
GCOT-PP-03,netlists/GCOT-PP-03__main__f20__m30dBV.cir,237.70044548740717,1.0,-6.123233995736766e-17,0.058904495662243095,-3.606860103407755e-18,0.2258628973379588,-1.3830113713553924e-17,-12.923102101805453,11.673929059567476,0.0,-1.960877349368825e-34
GCOT-PP-03,netlists/GCOT-PP-03__main__f20__m30dBV.cir,240.45288692348612,1.0,-6.123233995736766e-17,0.058904495662243095,-3.606860103407755e-18,0.2258628978775072,-1.3830113746591735e-17,-12.923102081056326,11.6739290803166,3.9084828358520073e-31,-1.983583234419923e-34
GCOT-PP-03,netlists/GCOT-PP-03__main__f20__m30dBV.cir,243.2372001292772,1.0,-6.123233995736766e-17,0.058904495662243095,-3.606860103407755e-18,0.22586289840477403,-1.3830113778877516e-17,-12.923102060779506,11.673929100593421,3.908482826727829e-31,8.949135757648628e-43
GCOT-PP-03,netlists/GCOT-PP-03__main__f20__m30dBV.cir,246.05375416247998,1.0,-6.123233995736766e-17,0.058904495662243095,-3.606860103407755e-18,0.2258628989200388,-1.3830113810428384e-17,-12.92310204096424,11.673929120408687,3.9084828178113423e-31,5.682921830591686e-34
GCOT-PP-03,netlists/GCOT-PP-03__main__f20__m30dBV.cir,248.90292235428075,1.0,-6.123233995736766e-17,0.058904495662243095,-3.606860103407755e-18,0.22586289942357468,-1.3830113841261068e-17,-12.923102021600029,11.673929139772898,-7.816965618195642e-31,2.003480323665913e-34
GCOT-PP-03,netlists/GCOT-PP-03__main__f20__m30dBV.cir,251.78508235883723,1.0,-6.123233995736766e-17,0.058904495662243095,-3.606860103407755e-18,0.22586289991564873,-1.383011387139191e-17,-12.923102002676599,11.67392915869633,0.0,-1.937426979875851e-34
GCOT-PP-03,netlists/GCOT-PP-03__main__f20__m30dBV.cir,254.70061620333618,1.0,-6.123233995736766e-17,0.058904495662243095,-3.606860103407755e-18,0.2258629003965218,-1.3830113900836894e-17,-12.923101984183917,11.67392917718901,-3.908482792261293e-31,1.8726233060520524e-34
GCOT-PP-03,netlists/GCOT-PP-03__main__f20__m30dBV.cir,257.6499103386307,1.0,-6.123233995736766e-17,0.058904495662243095,-3.606860103407755e-18,0.22586290086644883,-1.3830113929611628e-17,-12.923101966112185,11.673929195260744,-3.9084827841293606e-31,-5.427148168723283e-34
GCOT-PP-03,netlists/GCOT-PP-03__main__f20__m30dBV.cir,260.6333556904639,1.0,-6.123233995736766e-17,0.058904495662243095,-3.606860103407755e-18,0.2258629013256791,-1.3830113957731367e-17,-12.923101948451809,11.67392921292112,7.816965552365066e-31,-1.9133088388688563e-34
GCOT-PP-03,netlists/GCOT-PP-03__main__f20__m30dBV.cir,263.6513477112855,1.0,-6.123233995736766e-17,0.058904495662243095,-3.606860103407755e-18,0.22586290177445595,-1.3830113985211025e-17,-12.923101931193436,11.673929230179493,0.0,5.385969162770345e-34
GCOT-PP-03,netlists/GCOT-PP-03__main__f20__m30dBV.cir,266.70428643266894,1.0,-6.123233995736766e-17,0.058904495662243095,-3.606860103407755e-18,0.22586290221301736,-1.383011401206517e-17,-12.923101914327912,11.673929247045013,-3.9084827608274382e-31,4.0707619300271775e-36
GCOT-PP-03,netlists/GCOT-PP-03__main__f20__m30dBV.cir,269.7925765183349,1.0,-6.123233995736766e-17,0.058904495662243095,-3.606860103407755e-18,0.22586290264159598,-1.3830114038308039e-17,-12.923101897846294,11.673929263526635,0.0,-1.767870388641365e-34
GCOT-PP-03,netlists/GCOT-PP-03__main__f20__m30dBV.cir,272.91662731778916,1.0,-6.123233995736766e-17,0.058904495662243095,-3.606860103407755e-18,0.2258629030604189,-1.3830114063953546e-17,-12.923101881739843,11.673929279633084,0.0,-0.0
GCOT-PP-03,netlists/GCOT-PP-03__main__f20__m30dBV.cir,276.0768529205813,1.0,-6.123233995736766e-17,0.058904495662243095,-3.606860103407755e-18,0.22586290346970828,-1.3830114089015294e-17,-12.923101866000017,11.67392929537291,0.0,-3.3766062036318676e-34
GCOT-PP-03,netlists/GCOT-PP-03__main__f20__m30dBV.cir,279.2736722111919,1.0,-6.123233995736766e-17,0.058904495662243095,-3.606860103407755e-18,0.2258629038696811,-1.3830114113506562e-17,-12.923101850618476,11.673929310754453,7.816965464318841e-31,1.5912263044483493e-34
GCOT-PP-03,netlists/GCOT-PP-03__main__f20__m30dBV.cir,282.50750892455534,1.0,-6.123233995736766e-17,0.058904495662243095,-3.606860103407755e-18,0.2258629042605494,-1.3830114137440346e-17,-12.923101835587063,11.673929325785865,-3.908482725395574e-31,1.7651640483273234e-34
GCOT-PP-03,netlists/GCOT-PP-03__main__f20__m30dBV.cir,285.77879170222513,1.0,-6.123233995736766e-17,0.058904495662243095,-3.606860103407755e-18,0.22586290464252046,-1.3830114160829326e-17,-12.923101820897804,11.673929340475125,3.908482718785691e-31,-1.7069678135093273e-34
GCOT-PP-03,netlists/GCOT-PP-03__main__f20__m30dBV.cir,289.0879541491901,1.0,-6.123233995736766e-17,0.058904495662243095,-3.606860103407755e-18,0.2258629050157968,-1.3830114183685911e-17,-12.923101806542913,11.673929354830015,0.0,3.75556912985585e-36
GCOT-PP-03,netlists/GCOT-PP-03__main__f20__m30dBV.cir,292.43543489134834,1.0,-6.123233995736766e-17,0.058904495662243095,-3.606860103407755e-18,0.22586290538057635,-1.3830114206022215e-17,-12.923101792514782,11.673929368858147,3.9084827060138792e-31,-3.712578952555867e-36
GCOT-PP-03,netlists/GCOT-PP-03__main__f20__m30dBV.cir,295.82167763364623,1.0,-6.123233995736766e-17,0.058904495662243095,-3.606860103407755e-18,0.22586290573705248,-1.3830114227850084e-17,-12.923101778805968,11.67392938256696,0.0,3.670081904403618e-36
GCOT-PP-03,netlists/GCOT-PP-03__main__f20__m30dBV.cir,299.2471312188915,1.0,-6.123233995736766e-17,0.058904495662243095,-3.606860103407755e-18,0.22586290608541423,-1.3830114249181088e-17,-12.923101765409207,11.673929395963722,3.9084826938168924e-31,-3.6280703268527265e-36
GCOT-PP-03,netlists/GCOT-PP-03__main__f20__m30dBV.cir,302.7122496872465,1.0,-6.123233995736766e-17,0.058904495662243095,-3.606860103407755e-18,0.22586290642584633,-1.3830114270026543e-17,-12.92310175231739,11.673929409055539,0.0,3.115366824642207e-34
GCOT-PP-03,netlists/GCOT-PP-03__main__f20__m30dBV.cir,306.217492336411,1.0,-6.123233995736766e-17,0.058904495662243095,-3.606860103407755e-18,0.2258629067585292,-1.3830114290397496e-17,-12.923101739523581,11.67392942184935,-3.9084826821688617e-31,3.545485353081395e-36
GCOT-PP-03,netlists/GCOT-PP-03__main__f20__m30dBV.cir,309.76332378250135,1.0,-6.123233995736766e-17,0.058904495662243095,-3.606860103407755e-18,0.22586290708363932,-1.3830114310304747e-17,-12.923101727020994,11.673929434351935,0.0,-3.044452409100038e-34
GCOT-PP-03,netlists/GCOT-PP-03__main__f20__m30dBV.cir,313.350214021635,1.0,-6.123233995736766e-17,0.058904495662243095,-3.606860103407755e-18,0.225862907401349,-1.3830114329758854e-17,-12.923101714803003,11.673929446569925,3.908482671045078e-31,-1.5221253222826566e-34
GCOT-PP-03,netlists/GCOT-PP-03__main__f20__m30dBV.cir,316.97863849222796,1.0,-6.123233995736766e-17,0.058904495662243095,-3.606860103407755e-18,0.22586290771182677,-1.3830114348770134e-17,-12.923101702863125,11.673929458509802,3.9084826656723637e-31,1.4704505075462136e-34
GCOT-PP-03,netlists/GCOT-PP-03__main__f20__m30dBV.cir,320.64907813801364,1.0,-6.123233995736766e-17,0.058904495662243095,-3.606860103407755e-18,0.22586290801523717,-1.3830114367348663e-17,-12.923101691195031,11.673929470177898,0.0,2.9410959137164276e-34
GCOT-PP-03,netlists/GCOT-PP-03__main__f20__m30dBV.cir,324.3620194717914,1.0,-6.123233995736766e-17,0.058904495662243095,-3.606860103407755e-18,0.2258629083117411,-1.3830114385504295e-17,-12.923101679792538,11.673929481580391,-3.908482655291045e-31,3.3471539862696486e-36
GCOT-PP-03,netlists/GCOT-PP-03__main__f20__m30dBV.cir,328.11795463991336,1.0,-6.123233995736766e-17,0.058904495662243095,-3.606860103407755e-18,0.22586290860149583,-1.3830114403246652e-17,-12.923101668649595,11.673929492723332,0.0,-2.8741483898205306e-34
GCOT-PP-03,netlists/GCOT-PP-03__main__f20__m30dBV.cir,331.91738148751773,1.0,-6.123233995736766e-17,0.058904495662243095,-3.606860103407755e-18,0.2258629088846549,-1.3830114420585145e-17,-12.923101657760297,11.67392950361263,3.908482645376962e-31,1.3715596873168389e-34
GCOT-PP-03,netlists/GCOT-PP-03__main__f20__m30dBV.cir,335.76080362451773,1.0,-6.123233995736766e-17,0.058904495662243095,-3.606860103407755e-18,0.22586290916136847,-1.3830114437528966e-17,-12.923101647118871,11.673929514254057,-3.9084826405885256e-31,2.84105998850062e-34
GCOT-PP-03,netlists/GCOT-PP-03__main__f20__m30dBV.cir,339.6487304923546,1.0,-6.123233995736766e-17,0.058904495662243095,-3.606860103407755e-18,0.22586290943178328,-1.3830114454087098e-17,-12.923101636719672,11.673929524653257,-3.9084826359090873e-31,-1.37230424957736e-34
GCOT-PP-03,netlists/GCOT-PP-03__main__f20__m30dBV.cir,343.5816774315235,1.0,-6.123233995736766e-17,0.058904495662243095,-3.606860103407755e-18,0.22586290969604272,-1.3830114470268321e-17,-12.923101626557187,11.673929534815741,0.0,-1.3881947821652947e-34
GCOT-PP-03,netlists/GCOT-PP-03__main__f20__m30dBV.cir,347.56016574988104,1.0,-6.123233995736766e-17,0.058904495662243095,-3.606860103407755e-18,0.22586290995428687,-1.3830114486081213e-17,-12.92310161662603,11.6739295447469,0.0,-0.0
GCOT-PP-03,netlists/GCOT-PP-03__main__f20__m30dBV.cir,351.5847227917446,1.0,-6.123233995736766e-17,0.058904495662243095,-3.606860103407755e-18,0.22586291020665267,-1.3830114501534162e-17,-12.923101606920932,11.673929554451997,0.0,1.3257157189258026e-34
GCOT-PP-03,netlists/GCOT-PP-03__main__f20__m30dBV.cir,355.6558820077907,1.0,-6.123233995736766e-17,0.058904495662243095,-3.606860103407755e-18,0.2258629104532739,-1.3830114516635358e-17,-12.923101597436752,11.673929563936177,-3.9084826182325318e-31,1.3410667820563098e-34
GCOT-PP-03,netlists/GCOT-PP-03__main__f20__m30dBV.cir,359.7741830257638,1.0,-6.123233995736766e-17,0.058904495662243095,-3.606860103407755e-18,0.22586291069428135,-1.3830114531392809e-17,-12.923101588168455,11.673929573204472,-3.9084826140619776e-31,-2.765547278059513e-43
GCOT-PP-03,netlists/GCOT-PP-03__main__f20__m30dBV.cir,363.940171722003,1.0,-6.123233995736766e-17,0.058904495662243095,-3.606860103407755e-18,0.22586291092980282,-1.3830114545814339e-17,-12.923101579111131,11.673929582261797,-3.9084826099863567e-31,-1.2807088342234044e-34
GCOT-PP-03,netlists/GCOT-PP-03__main__f20__m30dBV.cir,368.1544002937976,1.0,-6.123233995736766e-17,0.058904495662243095,-3.606860103407755e-18,0.22586291115996318,-1.3830114559907596e-17,-12.923101570259979,11.673929591112948,0.0,-2.561587419731321e-34
GCOT-PP-03,netlists/GCOT-PP-03__main__f20__m30dBV.cir,372.41742733258,1.0,-6.123233995736766e-17,0.058904495662243095,-3.606860103407755e-18,0.22586291138488443,-1.3830114573680048e-17,-12.923101561610302,11.673929599762626,3.9084826021113207e-31,-2.915249212353732e-36
GCOT-PP-03,netlists/GCOT-PP-03__main__f20__m30dBV.cir,376.7298178979667,1.0,-6.123233995736766e-17,0.058904495662243095,-3.606860103407755e-18,0.22586291160468586,-1.3830114587139005e-17,-12.923101553157515,11.673929608215413,0.0,2.8818788686367268e-36
GCOT-PP-03,netlists/GCOT-PP-03__main__f20__m30dBV.cir,381.09214359265616,1.0,-6.123233995736766e-17,0.058904495662243095,-3.606860103407755e-18,0.22586291181948398,-1.3830114600291595e-17,-12.923101544897138,11.673929616475789,3.90848259459072e-31,-2.8488900331844458e-36
GCOT-PP-03,netlists/GCOT-PP-03__main__f20__m30dBV.cir,385.504982638194,1.0,-6.123233995736766e-17,0.058904495662243095,-3.606860103407755e-18,0.2258629120293927,-1.38301146131448e-17,-12.92310153682479,11.673929624548139,0.0,1.2372298888378887e-34
GCOT-PP-03,netlists/GCOT-PP-03__main__f20__m30dBV.cir,389.968919951616,1.0,-6.123233995736766e-17,0.058904495662243095,-3.606860103407755e-18,0.22586291223452332,-1.3830114625705427e-17,-12.923101528936192,11.673929632436737,0.0,-0.0
GCOT-PP-03,netlists/GCOT-PP-03__main__f20__m30dBV.cir,394.48454722297777,1.0,-6.123233995736766e-17,0.058904495662243095,-3.606860103407755e-18,0.2258629124349846,-1.383011463798014e-17,-12.923101521227158,11.67392964014577,0.0,-0.0
GCOT-PP-03,netlists/GCOT-PP-03__main__f20__m30dBV.cir,399.052462993783,1.0,-6.123233995736766e-17,0.058904495662243095,-3.606860103407755e-18,0.22586291263088282,-1.3830114649975446e-17,-12.923101513693604,11.673929647679323,0.0,-1.168020327837373e-34
GCOT-PP-03,netlists/GCOT-PP-03__main__f20__m30dBV.cir,403.6732727363194,1.0,-6.123233995736766e-17,0.058904495662243095,-3.606860103407755e-18,0.22586291282232185,-1.3830114661697705e-17,-12.923101506331536,11.673929655041391,3.9084825772369444e-31,1.1277548526570566e-34
GCOT-PP-03,netlists/GCOT-PP-03__main__f20__m30dBV.cir,408.3475889339132,1.0,-6.123233995736766e-17,0.058904495662243095,-3.606860103407755e-18,0.2258629130094032,-1.3830114673153137e-17,-12.923101499137049,11.673929662235878,-3.9084825739995635e-31,5.3174779130650615e-36
GCOT-PP-03,netlists/GCOT-PP-03__main__f20__m30dBV.cir,413.0760311621133,1.0,-6.123233995736766e-17,0.058904495662243095,-3.606860103407755e-18,0.22586291319222607,-1.3830114684347806e-17,-12.923101492106328,11.6739296692666,3.9084825708358747e-31,-1.1809331540269957e-34
GCOT-PP-03,netlists/GCOT-PP-03__main__f20__m30dBV.cir,417.8592261708154,1.0,-6.123233995736766e-17,0.058904495662243095,-3.606860103407755e-18,0.22586291337088737,-1.3830114695287657e-17,-12.923101485235645,11.673929676137282,0.0,2.256883687161908e-34
GCOT-PP-03,netlists/GCOT-PP-03__main__f20__m30dBV.cir,422.697807967337,1.0,-6.123233995736766e-17,0.058904495662243095,-3.606860103407755e-18,0.22586291354548182,-1.3830114705978486e-17,-12.92310147852136,11.673929682851568,-3.9084825647229016e-31,1.1283670599394905e-34
GCOT-PP-03,netlists/GCOT-PP-03__main__f20__m30dBV.cir,427.59241790045417,1.0,-6.123233995736766e-17,0.058904495662243095,-3.606860103407755e-18,0.22586291371610207,-1.3830114716425963e-17,-12.923101471959908,11.67392968941302,-3.9084825617703744e-31,-2.18011998015584e-34
GCOT-PP-03,netlists/GCOT-PP-03__main__f20__m30dBV.cir,432.5437047454119,1.0,-6.123233995736766e-17,0.058904495662243095,-3.606860103407755e-18,0.22586291388283852,-1.3830114726635623e-17,-12.923101465547813,11.673929695825116,3.908482558885056e-31,-1.1277824031557718e-34
GCOT-PP-03,netlists/GCOT-PP-03__main__f20__m30dBV.cir,437.5523247899185,1.0,-6.123233995736766e-17,0.058904495662243095,-3.606860103407755e-18,0.22586291404577957,-1.3830114736612886e-17,-12.923101459281675,11.673929702091252,0.0,2.481279619975611e-36
GCOT-PP-03,netlists/GCOT-PP-03__main__f20__m30dBV.cir,442.6189419211356,1.0,-6.123233995736766e-17,0.058904495662243095,-3.606860103407755e-18,0.2258629142050116,-1.3830114746363034e-17,-12.923101453158175,11.673929708214752,3.908482553309958e-31,-2.452876493334037e-36
GCOT-PP-03,netlists/GCOT-PP-03__main__f20__m30dBV.cir,447.74422771367614,1.0,-6.123233995736766e-17,0.058904495662243095,-3.606860103407755e-18,0.2258629143606191,-1.3830114755891246e-17,-12.923101447174059,11.673929714198866,0.0,2.1062463982079417e-34
GCOT-PP-03,netlists/GCOT-PP-03__main__f20__m30dBV.cir,452.9288615186203,1.0,-6.123233995736766e-17,0.058904495662243095,-3.606860103407755e-18,0.22586291451268453,-1.383011476520257e-17,-12.923101441326159,11.673929720046768,-3.9084825479857804e-31,-1.0051125630685466e-34
GCOT-PP-03,netlists/GCOT-PP-03__main__f20__m30dBV.cir,458.1735305535631,1.0,-6.123233995736766e-17,0.058904495662243095,-3.606860103407755e-18,0.22586291466128855,-1.3830114774301939e-17,-12.923101435611375,11.673929725761553,3.9084825454142375e-31,-4.7392071091993635e-36
GCOT-PP-03,netlists/GCOT-PP-03__main__f20__m30dBV.cir,463.47892999370436,1.0,-6.123233995736766e-17,0.058904495662243095,-3.606860103407755e-18,0.2258629148065099,-1.3830114783194185e-17,-12.923101430026673,11.673929731346252,-3.90848254290123e-31,2.0581659689320583e-34
GCOT-PP-03,netlists/GCOT-PP-03__main__f20__m30dBV.cir,468.8457630639932,1.0,-6.123233995736766e-17,0.058904495662243095,-3.606860103407755e-18,0.22586291494842559,-1.3830114791884015e-17,-12.923101424569099,11.67392973680383,-3.9084825404454262e-31,-1.988293042144466e-34
GCOT-PP-03,netlists/GCOT-PP-03__main__f20__m30dBV.cir,474.27474113233995,1.0,-6.123233995736766e-17,0.058904495662243095,-3.606860103407755e-18,0.22586291508711095,-1.3830114800376041e-17,-12.92310141923575,11.673929742137176,3.9084825380455226e-31,-1.0285497705039364e-34
GCOT-PP-03,netlists/GCOT-PP-03__main__f20__m30dBV.cir,479.7665838039071,1.0,-6.123233995736766e-17,0.058904495662243095,-3.606860103407755e-18,0.2258629152226394,-1.3830114808674767e-17,-12.923101414023803,11.673929747349124,0.0,2.937180483871962e-34
GCOT-PP-03,netlists/GCOT-PP-03__main__f20__m30dBV.cir,485.3220190164923,1.0,-6.123233995736766e-17,0.058904495662243095,-3.606860103407755e-18,0.22586291535508285,-1.3830114816784592e-17,-12.923101408930497,11.673929752442431,-7.816965066816716e-31,-9.156551194704977e-35
GCOT-PP-03,netlists/GCOT-PP-03__main__f20__m30dBV.cir,490.94178313701536,1.0,-6.123233995736766e-17,0.058904495662243095,-3.606860103407755e-18,0.22586291548451154,-1.3830114824709809e-17,-12.923101403953128,11.6739297574198,3.9084825311686377e-31,-1.0157458355600467e-34
GCOT-PP-03,netlists/GCOT-PP-03__main__f20__m30dBV.cir,496.62662105912347,1.0,-6.123233995736766e-17,0.058904495662243095,-3.606860103407755e-18,0.22586291561099406,-1.3830114832454632e-17,-12.923101399089056,11.67392976228387,-3.9084825289798997e-31,9.822574028551163e-35
GCOT-PP-03,netlists/GCOT-PP-03__main__f20__m30dBV.cir,502.37728630192555,1.0,-6.123233995736766e-17,0.058904495662243095,-3.606860103407755e-18,0.2258629157345975,-1.3830114840023158e-17,-12.923101394335706,11.673929767037222,0.0,-9.494025542441765e-35
GCOT-PP-03,netlists/GCOT-PP-03__main__f20__m30dBV.cir,508.19454110987067,1.0,-6.123233995736766e-17,0.058904495662243095,-3.606860103407755e-18,0.22586291585538737,-1.3830114847419405e-17,-12.923101389690554,11.673929771682374,0.0,-9.171711705710137e-35
GCOT-PP-03,netlists/GCOT-PP-03__main__f20__m30dBV.cir,514.0791565537826,1.0,-6.123233995736766e-17,0.058904495662243095,-3.606860103407755e-18,0.22586291597342772,-1.3830114854647291e-17,-12.923101385151138,11.67392977622179,3.908482522708106e-31,8.855532853439603e-35
GCOT-PP-03,netlists/GCOT-PP-03__main__f20__m30dBV.cir,520.0319126330644,1.0,-6.123233995736766e-17,0.058904495662243095,-3.606860103407755e-18,0.22586291608878112,-1.3830114861710653e-17,-12.923101380715053,11.673929780657875,-3.9084825207119537e-31,4.17547302972519e-36
GCOT-PP-03,netlists/GCOT-PP-03__main__f20__m30dBV.cir,526.0535983790866,1.0,-6.123233995736766e-17,0.058904495662243095,-3.606860103407755e-18,0.22586291620150883,-1.383011486861323e-17,-12.923101376379943,11.673929784992986,3.9084825187612385e-31,-1.8133447961853832e-34
GCOT-PP-03,netlists/GCOT-PP-03__main__f20__m30dBV.cir,532.1450119597723,1.0,-6.123233995736766e-17,0.058904495662243095,-3.606860103407755e-18,0.2258629163116705,-1.3830114875358688e-17,-12.923101372143517,11.673929789229408,3.908482516854928e-31,1.7517833334121058e-34
GCOT-PP-03,netlists/GCOT-PP-03__main__f20__m30dBV.cir,538.3069607853937,1.0,-6.123233995736766e-17,0.058904495662243095,-3.606860103407755e-18,0.22586291641932454,-1.38301148819506e-17,-12.923101368003522,11.673929793369403,-3.9084825149920097e-31,9.062026106683074e-35
GCOT-PP-03,netlists/GCOT-PP-03__main__f20__m30dBV.cir,544.5402616155932,1.0,-6.123233995736766e-17,0.058904495662243095,-3.606860103407755e-18,0.22586291652452814,-1.383011488839246e-17,-12.923101363957763,11.673929797415163,0.0,-8.758916662787364e-35
GCOT-PP-03,netlists/GCOT-PP-03__main__f20__m30dBV.cir,550.8457406676441,1.0,-6.123233995736766e-17,0.058904495662243095,-3.606860103407755e-18,0.22586291662733698,-1.3830114894687687e-17,-12.923101360004098,11.673929801368828,0.0,-0.0
GCOT-PP-03,netlists/GCOT-PP-03__main__f20__m30dBV.cir,557.2242337259651,1.0,-6.123233995736766e-17,0.058904495662243095,-3.606860103407755e-18,0.22586291672780562,-1.3830114900839616e-17,-12.92310135614043,11.673929805232497,0.0,-1.672940091896213e-34
GCOT-PP-03,netlists/GCOT-PP-03__main__f20__m30dBV.cir,563.6765862529019,1.0,-6.123233995736766e-17,0.058904495662243095,-3.606860103407755e-18,0.22586291682598733,-1.383011490685151e-17,-12.92310135236471,11.673929809008218,7.816965015909692e-31,-3.85217201502575e-36
GCOT-PP-03,netlists/GCOT-PP-03__main__f20__m30dBV.cir,570.2036535007932,1.0,-6.123233995736766e-17,0.058904495662243095,-3.606860103407755e-18,0.2258629169219341,-1.3830114912726559e-17,-12.923101348674935,11.673929812697994,0.0,1.6729400918961919e-34
GCOT-PP-03,netlists/GCOT-PP-03__main__f20__m30dBV.cir,576.8063006253327,1.0,-6.123233995736766e-17,0.058904495662243095,-3.606860103407755e-18,0.2258629170156969,-1.3830114918467875e-17,-12.923101345069147,11.67392981630378,0.0,-8.0807262213027e-35
GCOT-PP-03,netlists/GCOT-PP-03__main__f20__m30dBV.cir,583.4854028002451,1.0,-6.123233995736766e-17,0.058904495662243095,-3.606860103407755e-18,0.22586291710732542,-1.38301149240785e-17,-12.92310134154544,11.673929819827489,3.9084825030863844e-31,-1.8606970782475504e-36
GCOT-PP-03,netlists/GCOT-PP-03__main__f20__m30dBV.cir,590.241845333289,1.0,-6.123233995736766e-17,0.058904495662243095,-3.606860103407755e-18,0.22586291719686816,-1.3830114929561413e-17,-12.923101338101944,11.673929823270985,0.0,8.080726221302712e-35
GCOT-PP-03,netlists/GCOT-PP-03__main__f20__m30dBV.cir,597.076523783604,1.0,-6.123233995736766e-17,0.058904495662243095,-3.606860103407755e-18,0.2258629172843727,-1.3830114934919521e-17,-12.923101334736828,11.673929826636101,0.0,-1.5612785319781263e-34
GCOT-PP-03,netlists/GCOT-PP-03__main__f20__m30dBV.cir,603.9903440804155,1.0,-6.123233995736766e-17,0.058904495662243095,-3.606860103407755e-18,0.2258629173698854,-1.3830114940155661e-17,-12.92310133144831,11.673929829924617,7.816964997085742e-31,-8.076539228363772e-35
GCOT-PP-03,netlists/GCOT-PP-03__main__f20__m30dBV.cir,610.9842226431151,1.0,-6.123233995736766e-17,0.058904495662243095,-3.606860103407755e-18,0.22586291745345155,-1.3830114945272613e-17,-12.923101328234651,11.673929833138278,3.9084824970967872e-31,7.806392665537257e-35
GCOT-PP-03,netlists/GCOT-PP-03__main__f20__m30dBV.cir,618.0590865027308,1.0,-6.123233995736766e-17,0.058904495662243095,-3.606860103407755e-18,0.2258629175351155,-1.3830114950273089e-17,-12.923101325094146,11.673929836278782,3.9084824956836193e-31,1.5082744970745969e-34
GCOT-PP-03,netlists/GCOT-PP-03__main__f20__m30dBV.cir,625.2158734248038,1.0,-6.123233995736766e-17,0.058904495662243095,-3.606860103407755e-18,0.22586291761492058,-1.3830114955159743e-17,-12.923101322025124,11.673929839347803,-3.908482494302619e-31,1.525739492085176e-34
GCOT-PP-03,netlists/GCOT-PP-03__main__f20__m30dBV.cir,632.4555320336889,1.0,-6.123233995736766e-17,0.058904495662243095,-3.606860103407755e-18,0.22586291769290906,-1.383011495993516e-17,-12.923101319025962,11.673929842346967,-3.9084824929530544e-31,-1.473941976929436e-34
GCOT-PP-03,netlists/GCOT-PP-03__main__f20__m30dBV.cir,639.7790219382928,1.0,-6.123233995736766e-17,0.058904495662243095,-3.606860103407755e-18,0.22586291776912237,-1.3830114964601876e-17,-12.923101316095067,11.67392984527786,3.9084824916342083e-31,-1.49100942012939e-34
GCOT-PP-03,netlists/GCOT-PP-03__main__f20__m30dBV.cir,647.1873138592699,1.0,-6.123233995736766e-17,0.058904495662243095,-3.606860103407755e-18,0.2258629178436008,-1.3830114969162365e-17,-12.923101313230891,11.673929848142034,3.908482490345384e-31,1.4403909604230658e-34
GCOT-PP-03,netlists/GCOT-PP-03__main__f20__m30dBV.cir,654.68138975769,1.0,-6.123233995736766e-17,0.058904495662243095,-3.606860103407755e-18,0.22586291791638385,-1.3830114973619045e-17,-12.923101310431912,11.673929850941017,-3.908482489085897e-31,1.4570699011956277e-34
GCOT-PP-03,netlists/GCOT-PP-03__main__f20__m30dBV.cir,662.262242965196,1.0,-6.123233995736766e-17,0.058904495662243095,-3.606860103407755e-18,0.2258629179875102,-1.3830114977974278e-17,-12.923101307696642,11.673929853676285,-3.9084824878550794e-31,-4.4338504466778274e-44
GCOT-PP-03,netlists/GCOT-PP-03__main__f20__m30dBV.cir,669.9308783156694,1.0,-6.123233995736766e-17,0.058904495662243095,-3.606860103407755e-18,0.22586291805701753,-1.3830114982230374e-17,-12.923101305023636,11.673929856349293,-3.9084824866522788e-31,-4.283325683734855e-44
GCOT-PP-03,netlists/GCOT-PP-03__main__f20__m30dBV.cir,677.6883122784193,1.0,-6.123233995736766e-17,0.058904495662243095,-3.606860103407755e-18,0.22586291812494264,-1.3830114986389588e-17,-12.923101302411478,11.673929858961449,-3.908482485476858e-31,-4.137910177811695e-44
GCOT-PP-03,netlists/GCOT-PP-03__main__f20__m30dBV.cir,685.5355730929151,1.0,-6.123233995736766e-17,0.058904495662243095,-3.606860103407755e-18,0.22586291819132165,-1.3830114990454129e-17,-12.923101299858775,11.673929861514152,-3.9084824843281907e-31,-1.359816750196776e-34
GCOT-PP-03,netlists/GCOT-PP-03__main__f20__m30dBV.cir,693.4737009050779,1.0,-6.123233995736766e-17,0.058904495662243095,-3.606860103407755e-18,0.22586291825618965,-1.3830114994426145e-17,-12.92310129736418,11.673929864008748,3.9084824832056713e-31,-3.1311629861158075e-36
GCOT-PP-03,netlists/GCOT-PP-03__main__f20__m30dBV.cir,701.5037479051508,1.0,-6.123233995736766e-17,0.058904495662243095,-3.606860103407755e-18,0.22586291831958108,-1.3830114998307754e-17,-12.923101294926372,11.673929866446557,-3.908482482108704e-31,6.953849790022817e-35
GCOT-PP-03,netlists/GCOT-PP-03__main__f20__m30dBV.cir,709.626778467166,1.0,-6.123233995736766e-17,0.058904495662243095,-3.606860103407755e-18,0.22586291838152953,-1.3830115002101e-17,-12.923101292544052,11.673929868828875,0.0,-6.721255279004351e-35
GCOT-PP-03,netlists/GCOT-PP-03__main__f20__m30dBV.cir,717.8438692900257,1.0,-6.123233995736766e-17,0.058904495662243095,-3.606860103407755e-18,0.22586291844206785,-1.3830115005807904e-17,-12.923101290215964,11.673929871156963,0.0,-0.0
GCOT-PP-03,netlists/GCOT-PP-03__main__f20__m30dBV.cir,726.1561095402183,1.0,-6.123233995736766e-17,0.058904495662243095,-3.606860103407755e-18,0.2258629185012282,-1.383011500943043e-17,-12.923101287940867,11.673929873432062,0.0,-0.0
GCOT-PP-03,netlists/GCOT-PP-03__main__f20__m30dBV.cir,734.5646009961852,1.0,-6.123233995736766e-17,0.058904495662243095,-3.606860103407755e-18,0.22586291855904186,-1.3830115012970496e-17,-12.923101285717555,11.673929875655372,0.0,-0.0
GCOT-PP-03,netlists/GCOT-PP-03__main__f20__m30dBV.cir,743.0704581943611,1.0,-6.123233995736766e-17,0.058904495662243095,-3.606860103407755e-18,0.22586291861553953,-1.3830115016429981e-17,-12.923101283544856,11.673929877828073,0.0,6.272640386132676e-35
GCOT-PP-03,netlists/GCOT-PP-03__main__f20__m30dBV.cir,751.6748085769046,1.0,-6.123233995736766e-17,0.058904495662243095,-3.606860103407755e-18,0.22586291867075114,-1.3830115019810718e-17,-12.923101281421612,11.673929879951315,-3.9084824760318237e-31,-6.056401990709355e-35
GCOT-PP-03,netlists/GCOT-PP-03__main__f20__m30dBV.cir,760.378792641139,1.0,-6.123233995736766e-17,0.058904495662243095,-3.606860103407755e-18,0.225862918724706,-1.3830115023114499e-17,-12.923101279346698,11.673929882026231,3.908482475098152e-31,-6.415423113232205e-35
GCOT-PP-03,netlists/GCOT-PP-03__main__f20__m30dBV.cir,769.183564090724,1.0,-6.123233995736766e-17,0.058904495662243095,-3.606860103407755e-18,0.2258629187774327,-1.3830115026343078e-17,-12.923101277319017,11.673929884053912,0.0,6.200838063900192e-35
GCOT-PP-03,netlists/GCOT-PP-03__main__f20__m30dBV.cir,778.0902899885783,1.0,-6.123233995736766e-17,0.058904495662243095,-3.606860103407755e-18,0.22586291882895915,-1.3830115029498164e-17,-12.923101275337492,11.673929886035438,0.0,-1.1980650116007926e-34
GCOT-PP-03,netlists/GCOT-PP-03__main__f20__m30dBV.cir,787.1001509115723,1.0,-6.123233995736766e-17,0.058904495662243095,-3.606860103407755e-18,0.2258629188793128,-1.3830115032581433e-17,-12.923101273401068,11.67392988797186,7.816964944845465e-31,-2.7587075784835953e-36
GCOT-PP-03,netlists/GCOT-PP-03__main__f20__m30dBV.cir,796.2143411070122,1.0,-6.123233995736766e-17,0.058904495662243095,-3.606860103407755e-18,0.22586291892852017,-1.3830115035594518e-17,-12.923101271508726,11.673929889864203,0.0,1.1980650116007948e-34
GCOT-PP-03,netlists/GCOT-PP-03__main__f20__m30dBV.cir,805.4340686509361,1.0,-6.123233995736766e-17,0.058904495662243095,-3.606860103407755e-18,0.2258629189766075,-1.3830115038539019e-17,-12.923101269659456,11.67392989171347,0.0,-0.0
GCOT-PP-03,netlists/GCOT-PP-03__main__f20__m30dBV.cir,814.7605556082436,1.0,-6.123233995736766e-17,0.058904495662243095,-3.606860103407755e-18,0.22586291902360023,-1.3830115041416492e-17,-12.923101267852283,11.673929893520645,0.0,5.720716013434421e-35
GCOT-PP-03,netlists/GCOT-PP-03__main__f20__m30dBV.cir,824.1950381946789,1.0,-6.123233995736766e-17,0.058904495662243095,-3.606860103407755e-18,0.22586291906952322,-1.3830115044228465e-17,-12.923101266086247,11.673929895286681,-3.908482469131205e-31,-5.523504253498857e-35
GCOT-PP-03,netlists/GCOT-PP-03__main__f20__m30dBV.cir,833.7387669406895,1.0,-6.123233995736766e-17,0.058904495662243095,-3.606860103407755e-18,0.22586291911440096,-1.3830115046976432e-17,-12.923101264360408,11.67392989701252,3.908482468354611e-31,-5.850935407996909e-35
GCOT-PP-03,netlists/GCOT-PP-03__main__f20__m30dBV.cir,843.3930068571835,1.0,-6.123233995736766e-17,0.058904495662243095,-3.606860103407755e-18,0.22586291915825707,-1.3830115049661847e-17,-12.923101262673857,11.673929898699072,0.0,5.655231517610541e-35
GCOT-PP-03,netlists/GCOT-PP-03__main__f20__m30dBV.cir,853.1590376032046,1.0,-6.123233995736766e-17,0.058904495662243095,-3.606860103407755e-18,0.22586291920111495,-1.3830115052286134e-17,-12.923101261025693,11.673929900347236,0.0,-0.0
GCOT-PP-03,netlists/GCOT-PP-03__main__f20__m30dBV.cir,863.0381536555501,1.0,-6.123233995736766e-17,0.058904495662243095,-3.606860103407755e-18,0.22586291924299726,-1.3830115054850686e-17,-12.923101259415049,11.67392990195788,0.0,-0.0
GCOT-PP-03,netlists/GCOT-PP-03__main__f20__m30dBV.cir,873.0316644803519,1.0,-6.123233995736766e-17,0.058904495662243095,-3.606860103407755e-18,0.22586291928392618,-1.383011505735686e-17,-12.923101257841068,11.67392990353186,0.0,-5.338882817162492e-35
GCOT-PP-03,netlists/GCOT-PP-03__main__f20__m30dBV.cir,883.1408947066452,1.0,-6.123233995736766e-17,0.058904495662243095,-3.606860103407755e-18,0.2258629193239235,-1.3830115059805988e-17,-12.92310125630291,11.673929905070018,3.9084824647288933e-31,-1.2293503562595857e-36
GCOT-PP-03,netlists/GCOT-PP-03__main__f20__m30dBV.cir,893.3671843019467,1.0,-6.123233995736766e-17,0.058904495662243095,-3.606860103407755e-18,0.22586291936301034,-1.3830115062199367e-17,-12.92310125479977,11.673929906573157,0.0,1.2152781169529736e-36
GCOT-PP-03,netlists/GCOT-PP-03__main__f20__m30dBV.cir,903.7118887498656,1.0,-6.123233995736766e-17,0.058904495662243095,-3.606860103407755e-18,0.22586291940120745,-1.3830115064538264e-17,-12.923101253330845,11.673929908042084,3.908482463391521e-31,-1.0435401563984657e-34
GCOT-PP-03,netlists/GCOT-PP-03__main__f20__m30dBV.cir,914.1763792297712,1.0,-6.123233995736766e-17,0.058904495662243095,-3.606860103407755e-18,0.2258629194385351,-1.3830115066823922e-17,-12.923101251895355,11.673929909477572,7.816964925491156e-31,4.979832007137489e-35
GCOT-PP-03,netlists/GCOT-PP-03__main__f20__m30dBV.cir,924.7620427985421,1.0,-6.123233995736766e-17,0.058904495662243095,-3.606860103407755e-18,0.22586291947501302,-1.3830115069057554e-17,-12.923101250492541,11.673929910880387,0.0,1.0315264871452487e-34
GCOT-PP-03,netlists/GCOT-PP-03__main__f20__m30dBV.cir,935.4702825744182,1.0,-6.123233995736766e-17,0.058904495662243095,-3.606860103407755e-18,0.22586291951066065,-1.3830115071240342e-17,-12.923101249121661,11.673929912251268,0.0,4.982535345680198e-35
GCOT-PP-03,netlists/GCOT-PP-03__main__f20__m30dBV.cir,946.302517922983,1.0,-6.123233995736766e-17,0.058904495662243095,-3.606860103407755e-18,0.2258629195454968,-1.3830115073373443e-17,-12.923101247781986,11.673929913590943,-3.9084824608946412e-31,5.040230385071429e-35
GCOT-PP-03,netlists/GCOT-PP-03__main__f20__m30dBV.cir,957.2601846452991,1.0,-6.123233995736766e-17,0.058904495662243095,-3.606860103407755e-18,0.22586291957954005,-1.383011507545799e-17,-12.9231012464728,11.673929914900128,-3.908482460305534e-31,-9.738237987619282e-35
GCOT-PP-03,netlists/GCOT-PP-03__main__f20__m30dBV.cir,968.3447351682214,1.0,-6.123233995736766e-17,0.058904495662243095,-3.606860103407755e-18,0.22586291961280835,-1.3830115077495083e-17,-12.92310124519342,11.673929916179508,3.9084824597298373e-31,-5.03761881935165e-35
GCOT-PP-03,netlists/GCOT-PP-03__main__f20__m30dBV.cir,979.5576387369155,1.0,-6.123233995736766e-17,0.058904495662243095,-3.606860103407755e-18,0.22586291964531935,-1.3830115079485809e-17,-12.923101243943162,11.673929917429767,0.0,4.869118993075455e-35
GCOT-PP-03,netlists/GCOT-PP-03__main__f20__m30dBV.cir,990.9003816096039,1.0,-6.123233995736766e-17,0.058904495662243095,-3.606860103407755e-18,0.22586291967709032,-1.383011508143122e-17,-12.923101242721364,11.673929918651565,0.0,4.703816681181157e-35
GCOT-PP-03,netlists/GCOT-PP-03__main__f20__m30dBV.cir,1002.3744672545683,1.0,-6.123233995736766e-17,0.058904495662243095,-3.606860103407755e-18,0.2258629197081381,-1.383011508333235e-17,-12.923101241527375,11.673929919845554,-3.908482458080188e-31,1.0831177440720042e-36
GCOT-PP-03,netlists/GCOT-PP-03__main__f20__m30dBV.cir,1013.9814165494329,1.0,-6.123233995736766e-17,0.058904495662243095,-3.606860103407755e-18,0.22586291973847916,-1.3830115085190202e-17,-12.923101240360566,11.673929921012363,0.0,-4.7038166811812315e-35
GCOT-PP-03,netlists/GCOT-PP-03__main__f20__m30dBV.cir,1025.7227679827542,1.0,-6.123233995736766e-17,0.058904495662243095,-3.606860103407755e-18,0.22586291976812953,-1.3830115087005764e-17,-12.923101239220319,11.67392992215261,0.0,-0.0
GCOT-PP-03,netlists/GCOT-PP-03__main__f20__m30dBV.cir,1037.600077857947,1.0,-6.123233995736766e-17,0.058904495662243095,-3.606860103407755e-18,0.22586291979710502,-1.3830115088780001e-17,-12.923101238106023,11.673929923266906,0.0,4.4921100541994055e-35
GCOT-PP-03,netlists/GCOT-PP-03__main__f20__m30dBV.cir,1049.6149204995704,1.0,-6.123233995736766e-17,0.058904495662243095,-3.606860103407755e-18,0.2258629198254209,-1.383011509051385e-17,-12.923101237017093,11.673929924355836,-3.9084824560506485e-31,1.0343694148410259e-36
GCOT-PP-03,netlists/GCOT-PP-03__main__f20__m30dBV.cir,1061.7688884620022,1.0,-6.123233995736766e-17,0.058904495662243095,-3.606860103407755e-18,0.22586291985309226,-1.383011509220823e-17,-12.923101235952952,11.67392992541998,0.0,-8.881967198729595e-35
GCOT-PP-03,netlists/GCOT-PP-03__main__f20__m30dBV.cir,1074.0635927405312,1.0,-6.123233995736766e-17,0.058904495662243095,-3.606860103407755e-18,0.22586291988013377,-1.3830115093864044e-17,-12.92310123491303,11.673929926459898,3.90848245510386e-31,-4.440689294035078e-35
GCOT-PP-03,netlists/GCOT-PP-03__main__f20__m30dBV.cir,1086.5006629848926,1.0,-6.123233995736766e-17,0.058904495662243095,-3.606860103407755e-18,0.2258629199065597,-1.3830115095482167e-17,-12.92310123389678,11.673929927476149,3.9084824546465684e-31,4.289931796325279e-35
GCOT-PP-03,netlists/GCOT-PP-03__main__f20__m30dBV.cir,1099.0817477152757,1.0,-6.123233995736766e-17,0.058904495662243095,-3.606860103407755e-18,0.22586291993238414,-1.3830115097063458e-17,-12.923101232903667,11.673929928469263,0.0,4.3396068648193184e-35
GCOT-PP-03,netlists/GCOT-PP-03__main__f20__m30dBV.cir,1111.808514540834,1.0,-6.123233995736766e-17,0.058904495662243095,-3.606860103407755e-18,0.2258629199576207,-1.3830115098608752e-17,-12.923101231933156,11.673929929439772,0.0,-4.1922810248234413e-35
GCOT-PP-03,netlists/GCOT-PP-03__main__f20__m30dBV.cir,1124.6826503807254,1.0,-6.123233995736766e-17,0.058904495662243095,-3.606860103407755e-18,0.22586291998228286,-1.3830115100118872e-17,-12.923101230984738,11.67392993038819,3.9084824533362046e-31,-8.385117731071438e-35
GCOT-PP-03,netlists/GCOT-PP-03__main__f20__m30dBV.cir,1137.7058616877105,1.0,-6.123233995736766e-17,0.058904495662243095,-3.606860103407755e-18,0.2258629200063836,-1.3830115101594615e-17,-12.923101230057908,11.673929931315019,7.8169649058382985e-31,4.0014250915253403e-35
GCOT-PP-03,netlists/GCOT-PP-03__main__f20__m30dBV.cir,1150.8798746743419,1.0,-6.123233995736766e-17,0.058904495662243095,-3.606860103407755e-18,0.22586292002993574,-1.383011510303677e-17,-12.923101229152177,11.673929932220751,0.0,8.288584760637126e-35
GCOT-PP-03,netlists/GCOT-PP-03__main__f20__m30dBV.cir,1164.2064355417713,1.0,-6.123233995736766e-17,0.058904495662243095,-3.606860103407755e-18,0.22586292005295178,-1.3830115104446096e-17,-12.92310122826706,11.673929933105867,0.0,-0.0
GCOT-PP-03,netlists/GCOT-PP-03__main__f20__m30dBV.cir,1177.6873107112067,1.0,-6.123233995736766e-17,0.058904495662243095,-3.606860103407755e-18,0.2258629200754439,-1.3830115105823341e-17,-12.923101227402093,11.673929933970834,0.0,3.9577684959140795e-35
GCOT-PP-03,netlists/GCOT-PP-03__main__f20__m30dBV.cir,1191.32428705805,1.0,-6.123233995736766e-17,0.058904495662243095,-3.606860103407755e-18,0.22586292009742404,-1.3830115107169238e-17,-12.923101226556815,11.673929934816114,-3.908482451343725e-31,9.11330006122181e-37
GCOT-PP-03,netlists/GCOT-PP-03__main__f20__m30dBV.cir,1205.119172148745,1.0,-6.123233995736766e-17,0.058904495662243095,-3.606860103407755e-18,0.22586292011890385,-1.3830115108484496e-17,-12.923101225730775,11.673929935642152,0.0,-3.9577684959140865e-35
GCOT-PP-03,netlists/GCOT-PP-03__main__f20__m30dBV.cir,1219.0737944803684,1.0,-6.123233995736766e-17,0.058904495662243095,-3.606860103407755e-18,0.22586292013989473,-1.3830115109769817e-17,-12.923101224923542,11.673929936449387,0.0,7.646811466499721e-35
GCOT-PP-03,netlists/GCOT-PP-03__main__f20__m30dBV.cir,1233.1900037229948,1.0,-6.123233995736766e-17,0.058904495662243095,-3.606860103407755e-18,0.22586292016040777,-1.383011511102588e-17,-12.923101224134683,11.673929937238245,-7.816964900507624e-31,3.955717800041501e-35
GCOT-PP-03,netlists/GCOT-PP-03__main__f20__m30dBV.cir,1247.4696709648695,1.0,-6.123233995736766e-17,0.058904495662243095,-3.606860103407755e-18,0.2258629201804539,-1.3830115112253351e-17,-12.92310122336378,11.673929938009149,-3.908482449906921e-31,-8.703134122128498e-37
GCOT-PP-03,netlists/GCOT-PP-03__main__f20__m30dBV.cir,1261.9146889604178,1.0,-6.123233995736766e-17,0.058904495662243095,-3.606860103407755e-18,0.22586292020004373,-1.3830115113452883e-17,-12.923101222610423,11.673929938762504,-7.816964899135851e-31,8.603509973650186e-37
GCOT-PP-03,netlists/GCOT-PP-03__main__f20__m30dBV.cir,1276.526972381129,1.0,-6.123233995736766e-17,0.058904495662243095,-3.606860103407755e-18,0.22586292021918764,-1.3830115114625109e-17,-12.923101221874216,11.673929939498711,-3.9084824492366464e-31,-1.10390226480165e-34
GCOT-PP-03,netlists/GCOT-PP-03__main__f20__m30dBV.cir,1291.3084580693433,1.0,-6.123233995736766e-17,0.058904495662243095,-3.606860103407755e-18,0.22586292023789578,-1.383011511577065e-17,-12.923101221154766,11.673929940218159,3.908482448912908e-31,-1.0996736701558684e-34
GCOT-PP-03,netlists/GCOT-PP-03__main__f20__m30dBV.cir,1306.2611052949774,1.0,-6.123233995736766e-17,0.058904495662243095,-3.606860103407755e-18,0.2258629202561781,-1.3830115116890117e-17,-12.923101220451693,11.673929940921234,7.816964897193077e-31,3.485095558706636e-35
GCOT-PP-03,netlists/GCOT-PP-03__main__f20__m30dBV.cir,1321.3868960152251,1.0,-6.123233995736766e-17,0.058904495662243095,-3.606860103407755e-18,0.2258629202740442,-1.3830115117984104e-17,-12.923101219764629,11.6739299416083,0.0,3.691690648927022e-35
GCOT-PP-03,netlists/GCOT-PP-03__main__f20__m30dBV.cir,1336.687835137263,1.0,-6.123233995736766e-17,0.058904495662243095,-3.606860103407755e-18,0.22586292029150368,-1.3830115119053186e-17,-12.923101219093198,11.673929942279731,3.9084824479852413e-31,-3.568209841912779e-35
GCOT-PP-03,netlists/GCOT-PP-03__main__f20__m30dBV.cir,1352.1659507839977,1.0,-6.123233995736766e-17,0.058904495662243095,-3.606860103407755e-18,0.2258629203085657,-1.3830115120097933e-17,-12.923101218437052,11.673929942935874,3.908482447689989e-31,5.2093146394992526e-45
GCOT-PP-03,netlists/GCOT-PP-03__main__f20__m30dBV.cir,1367.8232945628934,1.0,-6.123233995736766e-17,0.058904495662243095,-3.606860103407755e-18,0.22586292032523936,-1.3830115121118901e-17,-12.923101217795843,11.673929943577086,3.908482447401457e-31,5.0324738352207126e-45
GCOT-PP-03,netlists/GCOT-PP-03__main__f20__m30dBV.cir,1383.6619418379082,1.0,-6.123233995736766e-17,0.058904495662243095,-3.606860103407755e-18,0.22586292034153344,-1.3830115122116625e-17,-12.923101217169231,11.673929944203698,3.908482447119493e-31,3.368607309879389e-35
GCOT-PP-03,netlists/GCOT-PP-03__main__f20__m30dBV.cir,1399.6839920045827,1.0,-6.123233995736766e-17,0.058904495662243095,-3.606860103407755e-18,0.22586292035745664,-1.3830115123091642e-17,-12.923101216556878,11.67392994481605,0.0,6.737661124047448e-35
GCOT-PP-03,netlists/GCOT-PP-03__main__f20__m30dBV.cir,1415.891568768312,1.0,-6.123233995736766e-17,0.058904495662243095,-3.606860103407755e-18,0.22586292037301736,-1.3830115124044463e-17,-12.923101215958468,11.673929945414459,-3.908482446574674e-31,3.36860730893956e-35
GCOT-PP-03,netlists/GCOT-PP-03__main__f20__m30dBV.cir,1432.2868204258407,1.0,-6.123233995736766e-17,0.058904495662243095,-3.606860103407755e-18,0.22586292038822392,-1.3830115124975596e-17,-12.923101215373677,11.673929945999252,-3.9084824463115295e-31,-4.383098921256713e-45
GCOT-PP-03,netlists/GCOT-PP-03__main__f20__m30dBV.cir,1448.8719201500173,1.0,-6.123233995736766e-17,0.058904495662243095,-3.606860103407755e-18,0.2258629204030843,-1.3830115125885532e-17,-12.9231012148022,11.673929946570727,-3.908482446054376e-31,-3.216995005254901e-35
GCOT-PP-03,netlists/GCOT-PP-03__main__f20__m30dBV.cir,1465.6490662778458,1.0,-6.123233995736766e-17,0.058904495662243095,-3.606860103407755e-18,0.22586292041760647,-1.3830115126774757e-17,-12.92310121424373,11.673929947129198,0.0,-7.407568423123295e-37
GCOT-PP-03,netlists/GCOT-PP-03__main__f20__m30dBV.cir,1482.6204826018732,1.0,-6.123233995736766e-17,0.058904495662243095,-3.606860103407755e-18,0.225862920431798,-1.383011512764374e-17,-12.923101213697974,11.673929947674955,-3.9084824455574943e-31,7.322774647659191e-37
GCOT-PP-03,netlists/GCOT-PP-03__main__f20__m30dBV.cir,1499.7884186649503,1.0,-6.123233995736766e-17,0.058904495662243095,-3.606860103407755e-18,0.22586292044566658,-1.3830115128492943e-17,-12.923101213164635,11.673929948208293,0.0,-3.1801703673222747e-35
GCOT-PP-03,netlists/GCOT-PP-03__main__f20__m30dBV.cir,1517.1551500584067,1.0,-6.123233995736766e-17,0.058904495662243095,-3.606860103407755e-18,0.2258629204592194,-1.3830115129322814e-17,-12.923101212643445,11.673929948729484,0.0,-3.072206378135889e-35
GCOT-PP-03,netlists/GCOT-PP-03__main__f20__m30dBV.cir,1534.7229787236777,1.0,-6.123233995736766e-17,0.058904495662243095,-3.606860103407755e-18,0.22586292047246379,-1.3830115130133797e-17,-12.923101212134112,11.673929949238817,3.908482444853787e-31,-7.074172883742828e-37
GCOT-PP-03,netlists/GCOT-PP-03__main__f20__m30dBV.cir,1552.4942332574237,1.0,-6.123233995736766e-17,0.058904495662243095,-3.606860103407755e-18,0.22586292048540663,-1.3830115130926319e-17,-12.923101211636375,11.673929949736552,0.0,3.072206378135933e-35
GCOT-PP-03,netlists/GCOT-PP-03__main__f20__m30dBV.cir,1570.4712692201845,1.0,-6.123233995736766e-17,0.058904495662243095,-3.606860103407755e-18,0.2258629204980549,-1.3830115131700802e-17,-12.923101211149968,11.673929950222961,0.0,-2.9679076715376294e-35
GCOT-PP-03,netlists/GCOT-PP-03__main__f20__m30dBV.cir,1588.6564694486044,1.0,-6.123233995736766e-17,0.058904495662243095,-3.606860103407755e-18,0.22586292051041523,-1.3830115132457654e-17,-12.923101210674632,11.673929950698296,3.90848244419705e-31,-5.936208735708527e-35
GCOT-PP-03,netlists/GCOT-PP-03__main__f20__m30dBV.cir,1607.0522443712764,1.0,-6.123233995736766e-17,0.058904495662243095,-3.606860103407755e-18,0.22586292052249424,-1.3830115133197277e-17,-12.923101210210117,11.673929951162812,7.816964887976054e-31,5.733141863123079e-35
GCOT-PP-03,netlists/GCOT-PP-03__main__f20__m30dBV.cir,1625.661032328241,1.0,-6.123233995736766e-17,0.058904495662243095,-3.606860103407755e-18,0.22586292053429824,-1.3830115133920068e-17,-12.923101209756176,11.673929951616751,-3.9084824437837627e-31,5.934653124893009e-35
GCOT-PP-03,netlists/GCOT-PP-03__main__f20__m30dBV.cir,1644.4852998941853,1.0,-6.123233995736766e-17,0.058904495662243095,-3.606860103407755e-18,0.2258629205458336,-1.3830115134626403e-17,-12.923101209312566,11.673929952060362,0.0,-5.734679666408721e-35
GCOT-PP-03,netlists/GCOT-PP-03__main__f20__m30dBV.cir,1663.5275422053858,1.0,-6.123233995736766e-17,0.058904495662243095,-3.606860103407755e-18,0.22586292055710638,-1.3830115135316661e-17,-12.923101208879055,11.673929952493873,3.9084824433890747e-31,-6.526429770855484e-37
GCOT-PP-03,netlists/GCOT-PP-03__main__f20__m30dBV.cir,1682.7902832904347,1.0,-6.123233995736766e-17,0.058904495662243095,-3.606860103407755e-18,0.22586292056812252,-1.3830115135991207e-17,-12.923101208455414,11.673929952917511,0.0,6.451722373733826e-37
GCOT-PP-03,netlists/GCOT-PP-03__main__f20__m30dBV.cir,1702.276076404798,1.0,-6.123233995736766e-17,0.058904495662243095,-3.606860103407755e-18,0.22586292057888796,-1.3830115136650398e-17,-12.923101208041414,11.673929953331514,3.9084824430121526e-31,2.674328114322073e-35
GCOT-PP-03,netlists/GCOT-PP-03__main__f20__m30dBV.cir,1721.987504369247,1.0,-6.123233995736766e-17,0.058904495662243095,-3.606860103407755e-18,0.22586292058940827,-1.3830115137294583e-17,-12.92310120763684,11.673929953736089,-3.9084824428301016e-31,5.539625195730002e-35
GCOT-PP-03,netlists/GCOT-PP-03__main__f20__m30dBV.cir,1741.9271799122077,1.0,-6.123233995736766e-17,0.058904495662243095,-3.606860103407755e-18,0.22586292059968918,-1.3830115137924108e-17,-12.923101207241473,11.673929954131456,-3.9084824426521945e-31,-5.351559789365517e-35
GCOT-PP-03,netlists/GCOT-PP-03__main__f20__m30dBV.cir,1762.0977460160752,1.0,-6.123233995736766e-17,0.058904495662243095,-3.606860103407755e-18,0.22586292060973606,-1.38301151385393e-17,-12.923101206855105,11.673929954517824,3.9084824424783363e-31,-1.2322694037645278e-36
GCOT-PP-03,netlists/GCOT-PP-03__main__f20__m30dBV.cir,1782.5018762675388,1.0,-6.123233995736766e-17,0.058904495662243095,-3.606860103407755e-18,0.2258629206195542,-1.383011513914049e-17,-12.923101206477535,11.673929954895394,-3.9084824423084367e-31,1.2181637324359986e-36
GCOT-PP-03,netlists/GCOT-PP-03__main__f20__m30dBV.cir,1803.1422752119622,1.0,-6.123233995736766e-17,0.058904495662243095,-3.606860103407755e-18,0.22586292062914892,-1.3830115139727994e-17,-12.923101206108553,11.673929955264374,3.9084824421424034e-31,-5.290300990328396e-35
GCOT-PP-03,netlists/GCOT-PP-03__main__f20__m30dBV.cir,1824.0216787118686,1.0,-6.123233995736766e-17,0.058904495662243095,-3.606860103407755e-18,0.2258629206385252,-1.3830115140302126e-17,-12.923101205747976,11.673929955624951,3.90848244198015e-31,2.555349960913715e-35
GCOT-PP-03,netlists/GCOT-PP-03__main__f20__m30dBV.cir,1845.1428543095763,1.0,-6.123233995736766e-17,0.058904495662243095,-3.606860103407755e-18,0.22586292064768804,-1.383011514086319e-17,-12.923101205395607,11.673929955977322,0.0,5.111038630277146e-35
GCOT-PP-03,netlists/GCOT-PP-03__main__f20__m30dBV.cir,1866.5086015940328,1.0,-6.123233995736766e-17,0.058904495662243095,-3.606860103407755e-18,0.2258629206566423,-1.383011514141148e-17,-12.923101205051257,11.673929956321672,-3.90848244166664e-31,-2.439016227436172e-35
GCOT-PP-03,netlists/GCOT-PP-03__main__f20__m30dBV.cir,1888.1217525718982,1.0,-6.123233995736766e-17,0.058904495662243095,-3.606860103407755e-18,0.22586292066539276,-1.383011514194729e-17,-12.923101204714744,11.673929956658181,3.908482441515215e-31,-2.5836001473991166e-35
GCOT-PP-03,netlists/GCOT-PP-03__main__f20__m30dBV.cir,1909.9851720429242,1.0,-6.123233995736766e-17,0.058904495662243095,-3.606860103407755e-18,0.22586292067394403,-1.3830115142470905e-17,-12.923101204385892,11.673929956987035,0.0,4.937523360755864e-35
GCOT-PP-03,netlists/GCOT-PP-03__main__f20__m30dBV.cir,1932.1017579796799,1.0,-6.123233995736766e-17,0.058904495662243095,-3.606860103407755e-18,0.22586292068230063,-1.38301151429826e-17,-12.92310120406453,11.673929957308399,-3.9084824412226305e-31,5.6192152536560114e-37
GCOT-PP-03,netlists/GCOT-PP-03__main__f20__m30dBV.cir,1954.4744419116753,1.0,-6.123233995736766e-17,0.058904495662243095,-3.606860103407755e-18,0.22586292069046704,-1.3830115143482647e-17,-12.923101203750475,11.673929957622452,0.0,-4.825131607116314e-35
GCOT-PP-03,netlists/GCOT-PP-03__main__f20__m30dBV.cir,1977.1061893139324,1.0,-6.123233995736766e-17,0.058904495662243095,-3.606860103407755e-18,0.22586292069844754,-1.3830115143971311e-17,-12.923101203443574,11.673929957929355,3.908482440943213e-31,-5.491306298041839e-37
GCOT-PP-03,netlists/GCOT-PP-03__main__f20__m30dBV.cir,2000.0000000000555,1.0,-6.123233995736766e-17,0.058904495662243095,-3.606860103407755e-18,0.22586292070624642,-1.3830115144448855e-17,-12.923101203143656,11.673929958229273,0.0,2.38479134033019e-35
GCOT-PP-03,netlists/GCOT-PP-03__main__f20__m30dBV.cir,2023.1589085198534,1.0,-6.123233995736766e-17,0.058904495662243095,-3.606860103407755e-18,0.2258629207138677,-1.3830115144915525e-17,-12.92310120285057,11.673929958522358,0.0,2.3038297703000183e-35
GCOT-PP-03,netlists/GCOT-PP-03__main__f20__m30dBV.cir,2046.5859845615655,1.0,-6.123233995736766e-17,0.058904495662243095,-3.606860103407755e-18,0.22586292072131556,-1.3830115145371576e-17,-12.923101202564151,11.673929958808776,-3.9084824405474906e-31,2.3305068616744124e-35
GCOT-PP-03,netlists/GCOT-PP-03__main__f20__m30dBV.cir,2070.2843333587457,1.0,-6.123233995736766e-17,0.058904495662243095,-3.606860103407755e-18,0.22586292072859387,-1.3830115145817244e-17,-12.923101202284252,11.673929959088676,-3.908482440421541e-31,-1.4513780566978145e-45
GCOT-PP-03,netlists/GCOT-PP-03__main__f20__m30dBV.cir,2094.2570961018578,1.0,-6.123233995736766e-17,0.058904495662243095,-3.606860103407755e-18,0.22586292073570652,-1.3830115146252768e-17,-12.923101202010725,11.673929959362201,-3.9084824402984597e-31,-2.2256167745711566e-35
GCOT-PP-03,netlists/GCOT-PP-03__main__f20__m30dBV.cir,2118.507450354637,1.0,-6.123233995736766e-17,0.058904495662243095,-3.606860103407755e-18,0.22586292074265724,-1.3830115146678375e-17,-12.923101201743425,11.673929959629504,0.0,-2.2513882021398244e-35
GCOT-PP-03,netlists/GCOT-PP-03__main__f20__m30dBV.cir,2143.038610475273,1.0,-6.123233995736766e-17,0.058904495662243095,-3.606860103407755e-18,0.22586292074944975,-1.3830115147094297e-17,-12.92310120148221,11.67392995989072,0.0,-0.0
GCOT-PP-03,netlists/GCOT-PP-03__main__f20__m30dBV.cir,2167.8538280424677,1.0,-6.123233995736766e-17,0.058904495662243095,-3.606860103407755e-18,0.22586292075608766,-1.3830115147500752e-17,-12.923101201226938,11.673929960145987,0.0,-2.150059041043834e-35
GCOT-PP-03,netlists/GCOT-PP-03__main__f20__m30dBV.cir,2192.9563922864318,1.0,-6.123233995736766e-17,0.058904495662243095,-3.606860103407755e-18,0.22586292076257447,-1.3830115147897953e-17,-12.92310120097748,11.673929960395448,3.908482439833519e-31,-4.950803264659096e-37
GCOT-PP-03,netlists/GCOT-PP-03__main__f20__m30dBV.cir,2218.3496305248646,1.0,-6.123233995736766e-17,0.058904495662243095,-3.606860103407755e-18,0.22586292076891362,-1.3830115148286115e-17,-12.923101200733697,11.673929960639228,0.0,4.894131899989333e-37
GCOT-PP-03,netlists/GCOT-PP-03__main__f20__m30dBV.cir,2244.03690860399,1.0,-6.123233995736766e-17,0.058904495662243095,-3.606860103407755e-18,0.22586292077510844,-1.3830115148665437e-17,-12.923101200495468,11.67392996087746,3.9084824396166225e-31,-4.838109223593251e-37
GCOT-PP-03,netlists/GCOT-PP-03__main__f20__m30dBV.cir,2270.021631344694,1.0,-6.123233995736766e-17,0.058904495662243095,-3.606860103407755e-18,0.22586292078116227,-1.383011514903613e-17,-12.923101200262659,11.67392996111027,0.0,2.1011177220440106e-35
GCOT-PP-03,netlists/GCOT-PP-03__main__f20__m30dBV.cir,2296.30724299383,1.0,-6.123233995736766e-17,0.058904495662243095,-3.606860103407755e-18,0.22586292078707831,-1.3830115149398383e-17,-12.923101200035148,11.67392996133778,0.0,2.0297866220821397e-35
GCOT-PP-03,netlists/GCOT-PP-03__main__f20__m30dBV.cir,2322.8972276807513,1.0,-6.123233995736766e-17,0.058904495662243095,-3.606860103407755e-18,0.22586292079285966,-1.3830115149752389e-17,-12.92310119981282,11.673929961560109,-3.9084824393094434e-31,4.673859667733934e-37
GCOT-PP-03,netlists/GCOT-PP-03__main__f20__m30dBV.cir,2349.795109879126,1.0,-6.123233995736766e-17,0.058904495662243095,-3.606860103407755e-18,0.22586292079850945,-1.3830115150098337e-17,-12.923101199595548,11.67392996177738,0.0,-4.62035844834149e-37
GCOT-PP-03,netlists/GCOT-PP-03__main__f20__m30dBV.cir,2377.004454874105,1.0,-6.123233995736766e-17,0.058904495662243095,-3.606860103407755e-18,0.2258629208040306,-1.3830115150436411e-17,-12.923101199383225,11.673929961989703,-3.9084824391161343e-31,-1.915202453954402e-35
GCOT-PP-03,netlists/GCOT-PP-03__main__f20__m30dBV.cir,2404.5288692348945,1.0,-6.123233995736766e-17,0.058904495662243095,-3.606860103407755e-18,0.22586292080942608,-1.3830115150766787e-17,-12.923101199175733,11.673929962197196,3.9084824390227675e-31,-3.967166075104914e-35
GCOT-PP-03,netlists/GCOT-PP-03__main__f20__m30dBV.cir,2432.3720012928056,1.0,-6.123233995736766e-17,0.058904495662243095,-3.606860103407755e-18,0.22586292081469878,-1.3830115151089647e-17,-12.923101198972963,11.673929962399965,3.9084824389315246e-31,8.949164623507497e-46
GCOT-PP-03,netlists/GCOT-PP-03__main__f20__m30dBV.cir,2460.5375416248335,1.0,-6.123233995736766e-17,0.058904495662243095,-3.606860103407755e-18,0.2258629208198514,-1.3830115151405154e-17,-12.92310119877481,11.673929962598116,3.9084824388423604e-31,1.8943070945762242e-35
GCOT-PP-03,netlists/GCOT-PP-03__main__f20__m30dBV.cir,2489.0292235428415,1.0,-6.123233995736766e-17,0.058904495662243095,-3.606860103407755e-18,0.2258629208248868,-1.3830115151713483e-17,-12.923101198581168,11.67392996279176,0.0,4.361899643972751e-37
GCOT-PP-03,netlists/GCOT-PP-03__main__f20__m30dBV.cir,2517.850823588407,1.0,-6.123233995736766e-17,0.058904495662243095,-3.606860103407755e-18,0.22586292082980752,-1.383011515201479e-17,-12.923101198391933,11.673929962980996,3.908482438670073e-31,-4.311969383271808e-37
GCOT-PP-03,netlists/GCOT-PP-03__main__f20__m30dBV.cir,2547.006162033397,1.0,-6.123233995736766e-17,0.058904495662243095,-3.606860103407755e-18,0.22586292083461626,-1.3830115152309241e-17,-12.923101198207007,11.673929963165918,0.0,1.8726231404476828e-35
GCOT-PP-03,netlists/GCOT-PP-03__main__f20__m30dBV.cir,2576.4991033863425,1.0,-6.123233995736766e-17,0.058904495662243095,-3.606860103407755e-18,0.2258629208393155,-1.3830115152596987e-17,-12.92310119802629,11.673929963346637,0.0,-0.0
GCOT-PP-03,netlists/GCOT-PP-03__main__f20__m30dBV.cir,2606.3335569046744,1.0,-6.123233995736766e-17,0.058904495662243095,-3.606860103407755e-18,0.22586292084390783,-1.3830115152878186e-17,-12.923101197849686,11.673929963523243,0.0,1.7883412153924947e-35
GCOT-PP-03,netlists/GCOT-PP-03__main__f20__m30dBV.cir,2636.513477112891,1.0,-6.123233995736766e-17,0.058904495662243095,-3.606860103407755e-18,0.22586292084839557,-1.3830115153152983e-17,-12.923101197677102,11.673929963695823,-3.9084824383484132e-31,-1.7266912548261067e-35
GCOT-PP-03,netlists/GCOT-PP-03__main__f20__m30dBV.cir,2667.042864326726,1.0,-6.123233995736766e-17,0.058904495662243095,-3.606860103407755e-18,0.2258629208527812,-1.3830115153421523e-17,-12.923101197508446,11.673929963864481,3.9084824382725207e-31,-3.576682430717172e-35
GCOT-PP-03,netlists/GCOT-PP-03__main__f20__m30dBV.cir,2697.9257651833864,1.0,-6.123233995736766e-17,0.058904495662243095,-3.606860103407755e-18,0.225862920857067,-1.3830115153683951e-17,-12.923101197343632,11.673929964029297,3.908482438198357e-31,3.4552572059961805e-35
GCOT-PP-03,netlists/GCOT-PP-03__main__f20__m30dBV.cir,2729.1662731779293,1.0,-6.123233995736766e-17,0.058904495662243095,-3.606860103407755e-18,0.2258629208612552,-1.3830115153940408e-17,-12.923101197182568,11.67392996419036,-3.9084824381258813e-31,7.956199500778481e-37
GCOT-PP-03,netlists/GCOT-PP-03__main__f20__m30dBV.cir,2760.768529205851,1.0,-6.123233995736766e-17,0.058904495662243095,-3.606860103407755e-18,0.22586292086534815,-1.3830115154191026e-17,-12.923101197025167,11.67392996434776,3.9084824380550545e-31,-7.86512563792827e-37
GCOT-PP-03,netlists/GCOT-PP-03__main__f20__m30dBV.cir,2792.7367221119575,1.0,-6.123233995736766e-17,0.058904495662243095,-3.606860103407755e-18,0.22586292086934784,-1.383011515443594e-17,-12.923101196871354,11.673929964501575,-3.908482437985841e-31,1.746728073263429e-35
GCOT-PP-03,netlists/GCOT-PP-03__main__f20__m30dBV.cir,2825.075089245592,1.0,-6.123233995736766e-17,0.058904495662243095,-3.606860103407755e-18,0.22586292087325652,-1.3830115154675275e-17,-12.923101196721039,11.673929964651888,0.0,-4.988047988974793e-35
GCOT-PP-03,netlists/GCOT-PP-03__main__f20__m30dBV.cir,2857.7879170222905,1.0,-6.123233995736766e-17,0.058904495662243095,-3.606860103407755e-18,0.22586292087707627,-1.3830115154909165e-17,-12.923101196574144,11.673929964798784,7.816964875704206e-31,1.555005457374973e-35
GCOT-PP-03,netlists/GCOT-PP-03__main__f20__m30dBV.cir,2890.879541491941,1.0,-6.123233995736766e-17,0.058904495662243095,-3.606860103407755e-18,0.225862920880809,-1.3830115155137733e-17,-12.923101196430597,11.673929964942332,-3.9084824377875094e-31,1.7249838738278296e-35
GCOT-PP-03,netlists/GCOT-PP-03__main__f20__m30dBV.cir,2924.3543489135236,1.0,-6.123233995736766e-17,0.058904495662243095,-3.606860103407755e-18,0.2258629208844568,-1.3830115155361094e-17,-12.923101196290316,11.673929965082612,3.908482437724385e-31,-1.6681123596480315e-35
GCOT-PP-03,netlists/GCOT-PP-03__main__f20__m30dBV.cir,2958.2167763365032,1.0,-6.123233995736766e-17,0.058904495662243095,-3.606860103407755e-18,0.22586292088802154,-1.3830115155579372e-17,-12.923101196153228,11.673929965219699,0.0,3.1879328358062393e-35
GCOT-PP-03,netlists/GCOT-PP-03__main__f20__m30dBV.cir,2992.4713121889563,1.0,-6.123233995736766e-17,0.058904495662243095,-3.606860103407755e-18,0.22586292089150517,-1.3830115155792685e-17,-12.92310119601926,11.673929965353667,-3.9084824376024154e-31,3.6280700890155414e-37
GCOT-PP-03,netlists/GCOT-PP-03__main__f20__m30dBV.cir,3027.122496872507,1.0,-6.123233995736766e-17,0.058904495662243095,-3.606860103407755e-18,0.2258629208949095,-1.3830115156001138e-17,-12.923101195888343,11.673929965484586,0.0,-1.575616012074659e-35
GCOT-PP-03,netlists/GCOT-PP-03__main__f20__m30dBV.cir,3062.174923364152,1.0,-6.123233995736766e-17,0.058904495662243095,-3.606860103407755e-18,0.22586292089823634,-1.3830115156204849e-17,-12.923101195760403,11.673929965612524,0.0,-0.0
GCOT-PP-03,netlists/GCOT-PP-03__main__f20__m30dBV.cir,3097.633237825056,1.0,-6.123233995736766e-17,0.058904495662243095,-3.606860103407755e-18,0.22586292090148744,-1.383011515640392e-17,-12.923101195635379,11.67392996573755,0.0,-0.0
GCOT-PP-03,netlists/GCOT-PP-03__main__f20__m30dBV.cir,3133.5021402163925,1.0,-6.123233995736766e-17,0.058904495662243095,-3.606860103407755e-18,0.22586292090466453,-1.3830115156598461e-17,-12.923101195513198,11.673929965859728,0.0,1.487477432942182e-35
GCOT-PP-03,netlists/GCOT-PP-03__main__f20__m30dBV.cir,3169.7863849223227,1.0,-6.123233995736766e-17,0.058904495662243095,-3.606860103407755e-18,0.22586292090776927,-1.3830115156788574e-17,-12.9231011953938,11.673929965979127,-3.9084824373209707e-31,1.5047016098198182e-35
GCOT-PP-03,netlists/GCOT-PP-03__main__f20__m30dBV.cir,3206.49078138018,1.0,-6.123233995736766e-17,0.058904495662243095,-3.606860103407755e-18,0.2258629209108034,-1.383011515697436e-17,-12.923101195277118,11.67392996609581,-3.9084824372684662e-31,-3.906486172623652e-46
GCOT-PP-03,netlists/GCOT-PP-03__main__f20__m30dBV.cir,3243.6201947179584,1.0,-6.123233995736766e-17,0.058904495662243095,-3.606860103407755e-18,0.22586292091376844,-1.3830115157155916e-17,-12.923101195163094,11.673929966209835,-3.908482437217157e-31,-1.4369788815524197e-35
GCOT-PP-03,netlists/GCOT-PP-03__main__f20__m30dBV.cir,3281.1795463991784,1.0,-6.123233995736766e-17,0.058904495662243095,-3.606860103407755e-18,0.225862920916666,-1.3830115157333339e-17,-12.923101195051665,11.673929966321264,0.0,-1.4536183127642695e-35
GCOT-PP-03,netlists/GCOT-PP-03__main__f20__m30dBV.cir,3319.1738148752224,1.0,-6.123233995736766e-17,0.058904495662243095,-3.606860103407755e-18,0.22586292091949756,-1.3830115157506722e-17,-12.923101194942772,11.673929966430157,0.0,-0.0
GCOT-PP-03,netlists/GCOT-PP-03__main__f20__m30dBV.cir,3357.608036245223,1.0,-6.123233995736766e-17,0.058904495662243095,-3.606860103407755e-18,0.22586292092226473,-1.3830115157676162e-17,-12.923101194836358,11.673929966536571,0.0,2.776389423052152e-35
GCOT-PP-03,netlists/GCOT-PP-03__main__f20__m30dBV.cir,3396.4873049235925,1.0,-6.123233995736766e-17,0.058904495662243095,-3.606860103407755e-18,0.22586292092496885,-1.3830115157841745e-17,-12.923101194732364,11.67392996664056,-7.816964874046676e-31,6.393014125312743e-37
GCOT-PP-03,netlists/GCOT-PP-03__main__f20__m30dBV.cir,3435.8167743152817,1.0,-6.123233995736766e-17,0.058904495662243095,-3.606860103407755e-18,0.22586292092761145,-1.3830115158003555e-17,-12.923101194630739,11.673929966742186,0.0,-2.776389423052101e-35
GCOT-PP-03,netlists/GCOT-PP-03__main__f20__m30dBV.cir,3475.601657498858,1.0,-6.123233995736766e-17,0.058904495662243095,-3.606860103407755e-18,0.2258629209301939,-1.3830115158161683e-17,-12.92310119453143,11.673929966841499,0.0,-2.682133442465501e-35
GCOT-PP-03,netlists/GCOT-PP-03__main__f20__m30dBV.cir,3515.847227917494,1.0,-6.123233995736766e-17,0.058904495662243095,-3.606860103407755e-18,0.2258629209327176,-1.3830115158316214e-17,-12.923101194434377,11.673929966938552,7.816964873778496e-31,1.263955888252268e-35
GCOT-PP-03,netlists/GCOT-PP-03__main__f20__m30dBV.cir,3556.5588200779557,1.0,-6.123233995736766e-17,0.058904495662243095,-3.606860103407755e-18,0.2258629209351838,-1.3830115158467228e-17,-12.923101194339534,11.673929967033395,-3.908482436846572e-31,2.712659847924131e-35
GCOT-PP-03,netlists/GCOT-PP-03__main__f20__m30dBV.cir,3597.7418302576875,1.0,-6.123233995736766e-17,0.058904495662243095,-3.606860103407755e-18,0.22586292093759386,-1.38301151586148e-17,-12.923101194246854,11.673929967126075,0.0,-3.916793026980408e-35
GCOT-PP-03,netlists/GCOT-PP-03__main__f20__m30dBV.cir,3639.40171722008,1.0,-6.123233995736766e-17,0.058904495662243095,-3.606860103407755e-18,0.22586292093994909,-1.3830115158759014e-17,-12.92310119415628,11.673929967216647,7.816964873528221e-31,1.2210456968122142e-35
GCOT-PP-03,netlists/GCOT-PP-03__main__f20__m30dBV.cir,3681.5440029380266,1.0,-6.123233995736766e-17,0.058904495662243095,-3.606860103407755e-18,0.22586292094225066,-1.3830115158899949e-17,-12.923101194067767,11.67392996730516,-3.908482436724282e-31,2.6205674304035423e-35
GCOT-PP-03,netlists/GCOT-PP-03__main__f20__m30dBV.cir,3724.1742733258516,1.0,-6.123233995736766e-17,0.058904495662243095,-3.606860103407755e-18,0.2258629209444999,-1.3830115159037673e-17,-12.923101193981271,11.673929967391656,0.0,-1.2807087760832914e-35
GCOT-PP-03,netlists/GCOT-PP-03__main__f20__m30dBV.cir,3767.2981789797195,1.0,-6.123233995736766e-17,0.058904495662243095,-3.606860103407755e-18,0.2258629209466979,-1.3830115159172263e-17,-12.923101193896741,11.673929967476184,0.0,-0.0
GCOT-PP-03,netlists/GCOT-PP-03__main__f20__m30dBV.cir,3810.9214359266143,1.0,-6.123233995736766e-17,0.058904495662243095,-3.606860103407755e-18,0.22586292094884589,-1.3830115159303789e-17,-12.923101193814139,11.67392996755879,0.0,1.223067385965047e-35
GCOT-PP-03,netlists/GCOT-PP-03__main__f20__m30dBV.cir,3855.0498263819936,1.0,-6.123233995736766e-17,0.058904495662243095,-3.606860103407755e-18,0.22586292095094496,-1.3830115159432322e-17,-12.923101193733418,11.67392996763951,-3.90848243657383e-31,2.816278944785771e-37
GCOT-PP-03,netlists/GCOT-PP-03__main__f20__m30dBV.cir,3899.689199516214,1.0,-6.123233995736766e-17,0.058904495662243095,-3.606860103407755e-18,0.22586292095299626,-1.3830115159557927e-17,-12.923101193654531,11.673929967718397,0.0,-2.7840412684345285e-37
GCOT-PP-03,netlists/GCOT-PP-03__main__f20__m30dBV.cir,3944.8454722298325,1.0,-6.123233995736766e-17,0.058904495662243095,-3.606860103407755e-18,0.22586292095500088,-1.3830115159680675e-17,-12.92310119357744,11.673929967795488,-3.908482436503644e-31,2.7521726093952393e-37
GCOT-PP-03,netlists/GCOT-PP-03__main__f20__m30dBV.cir,3990.524629937886,1.0,-6.123233995736766e-17,0.058904495662243095,-3.606860103407755e-18,0.22586292095695987,-1.3830115159800628e-17,-12.923101193502104,11.673929967870825,0.0,-1.1952269732806889e-35
GCOT-PP-03,netlists/GCOT-PP-03__main__f20__m30dBV.cir,4036.7327273632504,1.0,-6.123233995736766e-17,0.058904495662243095,-3.606860103407755e-18,0.22586292095887428,-1.3830115159917851e-17,-12.923101193428483,11.673929967944442,0.0,1.1546500681007824e-35
GCOT-PP-03,netlists/GCOT-PP-03__main__f20__m30dBV.cir,4083.475889339189,1.0,-6.123233995736766e-17,0.058904495662243095,-3.606860103407755e-18,0.22586292096074506,-1.3830115160032405e-17,-12.923101193356539,11.67392996801639,-3.908482436404242e-31,-1.1148455103739421e-35
GCOT-PP-03,netlists/GCOT-PP-03__main__f20__m30dBV.cir,4130.760311621191,1.0,-6.123233995736766e-17,0.058904495662243095,-3.606860103407755e-18,0.22586292096257332,-1.3830115160144351e-17,-12.92310119328623,11.673929968086698,3.908482436372605e-31,-2.3093001361832713e-35
GCOT-PP-03,netlists/GCOT-PP-03__main__f20__m30dBV.cir,4178.592261708213,1.0,-6.123233995736766e-17,0.058904495662243095,-3.606860103407755e-18,0.22586292096435995,-1.383011516025375e-17,-12.923101193217523,11.673929968155402,3.9084824363416877e-31,1.7651339060155374e-46
GCOT-PP-03,netlists/GCOT-PP-03__main__f20__m30dBV.cir,4226.978079673429,1.0,-6.123233995736766e-17,0.058904495662243095,-3.606860103407755e-18,0.22586292096610588,-1.3830115160360658e-17,-12.923101193150382,11.673929968222547,3.9084824363114753e-31,1.102682254467956e-35
GCOT-PP-03,netlists/GCOT-PP-03__main__f20__m30dBV.cir,4275.924179004602,1.0,-6.123233995736766e-17,0.058904495662243095,-3.606860103407755e-18,0.22586292096781205,-1.3830115160465132e-17,-12.923101193084767,11.67392996828816,0.0,2.205510668240632e-35
GCOT-PP-03,netlists/GCOT-PP-03__main__f20__m30dBV.cir,4325.43704745418,1.0,-6.123233995736766e-17,0.058904495662243095,-3.606860103407755e-18,0.2258629209694794,-1.383011516056723e-17,-12.923101193020647,11.673929968352281,-3.9084824362530976e-31,2.5100112513816464e-37
GCOT-PP-03,netlists/GCOT-PP-03__main__f20__m30dBV.cir,4375.523247899247,1.0,-6.123233995736766e-17,0.058904495662243095,-3.606860103407755e-18,0.22586292097110883,-1.3830115160667e-17,-12.923101192957985,11.673929968414942,0.0,-2.481279391695499e-37
GCOT-PP-03,netlists/GCOT-PP-03__main__f20__m30dBV.cir,4426.189419211419,1.0,-6.123233995736766e-17,0.058904495662243095,-3.606860103407755e-18,0.22586292097270116,-1.3830115160764505e-17,-12.923101192896748,11.673929968476177,-3.9084824361973465e-31,2.452876419835508e-37
GCOT-PP-03,netlists/GCOT-PP-03__main__f20__m30dBV.cir,4477.4422771368245,1.0,-6.123233995736766e-17,0.058904495662243095,-3.606860103407755e-18,0.22586292097425723,-1.3830115160859785e-17,-12.92310119283691,11.673929968536019,0.0,-2.4247985770590287e-37
GCOT-PP-03,netlists/GCOT-PP-03__main__f20__m30dBV.cir,4529.288615186267,1.0,-6.123233995736766e-17,0.058904495662243095,-3.606860103407755e-18,0.22586292097577787,-1.38301151609529e-17,-12.92310119277843,11.673929968594496,-3.908482436144105e-31,-1.0051125349774892e-35
GCOT-PP-03,netlists/GCOT-PP-03__main__f20__m30dBV.cir,4581.735305535695,1.0,-6.123233995736766e-17,0.058904495662243095,-3.606860103407755e-18,0.22586292097726396,-1.3830115161043893e-17,-12.92310119272128,11.673929968651645,3.9084824361183886e-31,-1.0646952095790457e-35
GCOT-PP-03,netlists/GCOT-PP-03__main__f20__m30dBV.cir,4634.789299937108,1.0,-6.123233995736766e-17,0.058904495662243095,-3.606860103407755e-18,0.22586292097871616,-1.3830115161132815e-17,-12.923101192665435,11.673929968707494,0.0,2.342478796598881e-37
GCOT-PP-03,netlists/GCOT-PP-03__main__f20__m30dBV.cir,4688.457630639997,1.0,-6.123233995736766e-17,0.058904495662243095,-3.606860103407755e-18,0.22586292098013533,-1.3830115161219713e-17,-12.923101192610858,11.673929968762069,3.9084824360687008e-31,-1.0173031411254026e-35
GCOT-PP-03,netlists/GCOT-PP-03__main__f20__m30dBV.cir,4742.747411323465,1.0,-6.123233995736766e-17,0.058904495662243095,-3.606860103407755e-18,0.22586292098152216,-1.3830115161304633e-17,-12.923101192557525,11.673929968815404,3.9084824360447018e-31,1.2071942727837915e-46
GCOT-PP-03,netlists/GCOT-PP-03__main__f20__m30dBV.cir,4797.665838039137,1.0,-6.123233995736766e-17,0.058904495662243095,-3.606860103407755e-18,0.22586292098287747,-1.383011516138762e-17,-12.923101192505404,11.673929968867522,3.908482436021249e-31,2.9145508725098556e-35
GCOT-PP-03,netlists/GCOT-PP-03__main__f20__m30dBV.cir,4853.22019016499,1.0,-6.123233995736766e-17,0.058904495662243095,-3.606860103407755e-18,0.22586292098420185,-1.383011516146872e-17,-12.923101192454475,11.673929968918454,-7.816964871996661e-31,1.0275075913247129e-35
GCOT-PP-03,netlists/GCOT-PP-03__main__f20__m30dBV.cir,4909.417831370221,1.0,-6.123233995736766e-17,0.058904495662243095,-3.606860103407755e-18,0.22586292098549615,-1.383011516154797e-17,-12.923101192404701,11.673929968968228,0.0,-2.892436446646242e-35
GCOT-PP-03,netlists/GCOT-PP-03__main__f20__m30dBV.cir,4966.266210591303,1.0,-6.123233995736766e-17,0.058904495662243095,-3.606860103407755e-18,0.22586292098676097,-1.3830115161625417e-17,-12.923101192356059,11.67392996901687,3.9084824359540456e-31,-9.60396094831721e-36
GCOT-PP-03,netlists/GCOT-PP-03__main__f20__m30dBV.cir,5023.772863019325,1.0,-6.123233995736766e-17,0.058904495662243095,-3.606860103407755e-18,0.22586292098799704,-1.3830115161701105e-17,-12.923101192308524,11.673929969064405,3.9084824359326566e-31,1.0157441365998876e-46
GCOT-PP-03,netlists/GCOT-PP-03__main__f20__m30dBV.cir,5081.945411098777,1.0,-6.123233995736766e-17,0.058904495662243095,-3.606860103407755e-18,0.22586292098920493,-1.3830115161775067e-17,-12.923101192262072,11.673929969110857,3.908482435911754e-31,9.171711502082295e-36
GCOT-PP-03,netlists/GCOT-PP-03__main__f20__m30dBV.cir,5140.791565537897,1.0,-6.123233995736766e-17,0.058904495662243095,-3.606860103407755e-18,0.22586292099038532,-1.3830115161847346e-17,-12.923101192216679,11.673929969156248,0.0,9.277914915854877e-36
GCOT-PP-03,netlists/GCOT-PP-03__main__f20__m30dBV.cir,5200.319126330716,1.0,-6.123233995736766e-17,0.058904495662243095,-3.606860103407755e-18,0.22586292099153887,-1.383011516191798e-17,-12.923101192172318,11.67392996920061,0.0,-0.0
GCOT-PP-03,netlists/GCOT-PP-03__main__f20__m30dBV.cir,5260.535983790938,1.0,-6.123233995736766e-17,0.058904495662243095,-3.606860103407755e-18,0.22586292099266614,-1.3830115161987005e-17,-12.923101192128968,11.67392996924396,0.0,-0.0
GCOT-PP-03,netlists/GCOT-PP-03__main__f20__m30dBV.cir,5321.450119597796,1.0,-6.123233995736766e-17,0.058904495662243095,-3.606860103407755e-18,0.22586292099376776,-1.383011516205446e-17,-12.923101192086603,11.673929969286325,0.0,-0.0
GCOT-PP-03,netlists/GCOT-PP-03__main__f20__m30dBV.cir,5383.069607854011,1.0,-6.123233995736766e-17,0.058904495662243095,-3.606860103407755e-18,0.22586292099484429,-1.3830115162120378e-17,-12.923101192045204,11.673929969327725,0.0,-0.0
GCOT-PP-03,netlists/GCOT-PP-03__main__f20__m30dBV.cir,5445.402616156007,1.0,-6.123233995736766e-17,0.058904495662243095,-3.606860103407755e-18,0.22586292099589633,-1.3830115162184798e-17,-12.923101192004744,11.673929969368185,0.0,8.559539204648172e-36
GCOT-PP-03,netlists/GCOT-PP-03__main__f20__m30dBV.cir,5508.457406676517,1.0,-6.123233995736766e-17,0.058904495662243095,-3.606860103407755e-18,0.22586292099692443,-1.3830115162247751e-17,-12.923101191965207,11.67392996940772,-3.908482435778171e-31,-8.264463941792702e-36
GCOT-PP-03,netlists/GCOT-PP-03__main__f20__m30dBV.cir,5572.242337259728,1.0,-6.123233995736766e-17,0.058904495662243095,-3.606860103407755e-18,0.2258629209979291,-1.3830115162309267e-17,-12.923101191926571,11.673929969446357,3.9084824357607847e-31,-1.711907840922182e-35
GCOT-PP-03,netlists/GCOT-PP-03__main__f20__m30dBV.cir,5636.765862529097,1.0,-6.123233995736766e-17,0.058904495662243095,-3.606860103407755e-18,0.22586292099891092,-1.3830115162369387e-17,-12.923101191888815,11.673929969484114,3.908482435743795e-31,7.190806176032043e-47
GCOT-PP-03,netlists/GCOT-PP-03__main__f20__m30dBV.cir,5702.03653500801,1.0,-6.123233995736766e-17,0.058904495662243095,-3.606860103407755e-18,0.2258629209998704,-1.3830115162428139e-17,-12.923101191851917,11.67392996952101,3.9084824357271916e-31,6.946782758000626e-47
GCOT-PP-03,netlists/GCOT-PP-03__main__f20__m30dBV.cir,5768.0630062534065,1.0,-6.123233995736766e-17,0.058904495662243095,-3.606860103407755e-18,0.22586292100080801,-1.383011516248555e-17,-12.92310119181586,11.673929969557069,3.9084824357109668e-31,8.080726082039285e-36
GCOT-PP-03,netlists/GCOT-PP-03__main__f20__m30dBV.cir,5834.854028002531,1.0,-6.123233995736766e-17,0.058904495662243095,-3.606860103407755e-18,0.22586292100172428,-1.3830115162541658e-17,-12.923101191780624,11.673929969592304,0.0,1.8606970468120708e-37
GCOT-PP-03,netlists/GCOT-PP-03__main__f20__m30dBV.cir,5902.418453332971,1.0,-6.123233995736766e-17,0.058904495662243095,-3.606860103407755e-18,0.22586292100261973,-1.3830115162596487e-17,-12.923101191746188,11.67392996962674,3.908482435679615e-31,-1.8393978232013565e-37
GCOT-PP-03,netlists/GCOT-PP-03__main__f20__m30dBV.cir,5970.765237836122,1.0,-6.123233995736766e-17,0.058904495662243095,-3.606860103407755e-18,0.22586292100349475,-1.3830115162650067e-17,-12.923101191712536,11.67392996966039,0.0,1.5794619309651133e-35
GCOT-PP-03,netlists/GCOT-PP-03__main__f20__m30dBV.cir,6039.903440804238,1.0,-6.123233995736766e-17,0.058904495662243095,-3.606860103407755e-18,0.2258629210043499,-1.3830115162702431e-17,-12.92310119167965,11.673929969693276,-3.9084824356496757e-31,1.7975280169594708e-37
GCOT-PP-03,netlists/GCOT-PP-03__main__f20__m30dBV.cir,6109.842226431235,1.0,-6.123233995736766e-17,0.058904495662243095,-3.606860103407755e-18,0.22586292100518557,-1.38301151627536e-17,-12.923101191647515,11.673929969725414,0.0,-7.806392534274402e-36
GCOT-PP-03,netlists/GCOT-PP-03__main__f20__m30dBV.cir,6180.590865027392,1.0,-6.123233995736766e-17,0.058904495662243095,-3.606860103407755e-18,0.2258629210060022,-1.3830115162803604e-17,-12.923101191616109,11.673929969756818,0.0,7.541372369393555e-36
GCOT-PP-03,netlists/GCOT-PP-03__main__f20__m30dBV.cir,6252.158734248124,1.0,-6.123233995736766e-17,0.058904495662243095,-3.606860103407755e-18,0.22586292100680022,-1.383011516285247e-17,-12.92310119158542,11.673929969787507,-3.9084824356072733e-31,1.7365035207783004e-37
GCOT-PP-03,netlists/GCOT-PP-03__main__f20__m30dBV.cir,6324.555320336976,1.0,-6.123233995736766e-17,0.058904495662243095,-3.606860103407755e-18,0.22586292100758015,-1.3830115162900226e-17,-12.923101191555427,11.6739299698175,0.0,-7.541372369393291e-36
GCOT-PP-03,netlists/GCOT-PP-03__main__f20__m30dBV.cir,6397.790219383017,1.0,-6.123233995736766e-17,0.058904495662243095,-3.606860103407755e-18,0.22586292100834227,-1.3830115162946892e-17,-12.923101191526118,11.67392996984681,0.0,-7.285349406168256e-36
GCOT-PP-03,netlists/GCOT-PP-03__main__f20__m30dBV.cir,6471.8731385927895,1.0,-6.123233995736766e-17,0.058904495662243095,-3.606860103407755e-18,0.22586292100908706,-1.3830115162992496e-17,-12.923101191497476,11.673929969875449,3.9084824355677006e-31,7.03419962584187e-36
GCOT-PP-03,netlists/GCOT-PP-03__main__f20__m30dBV.cir,6546.813897576991,1.0,-6.123233995736766e-17,0.058904495662243095,-3.606860103407755e-18,0.22586292100981487,-1.3830115163037064e-17,-12.923101191469488,11.67392996990344,-3.908482435555106e-31,7.451184204960002e-36
GCOT-PP-03,netlists/GCOT-PP-03__main__f20__m30dBV.cir,6622.622429652052,1.0,-6.123233995736766e-17,0.058904495662243095,-3.606860103407755e-18,0.22586292101052613,-1.3830115163080615e-17,-12.923101191442134,11.673929969930793,0.0,-1.4239972898611722e-35
GCOT-PP-03,netlists/GCOT-PP-03__main__f20__m30dBV.cir,6699.308783156786,1.0,-6.123233995736766e-17,0.058904495662243095,-3.606860103407755e-18,0.22586292101122124,-1.3830115163123176e-17,-12.923101191415402,11.673929969957527,3.9084824355307694e-31,-1.6205993790801312e-37
GCOT-PP-03,netlists/GCOT-PP-03__main__f20__m30dBV.cir,6776.8831227842875,1.0,-6.123233995736766e-17,0.058904495662243095,-3.606860103407755e-18,0.22586292101190047,-1.3830115163164768e-17,-12.923101191389284,11.673929969983647,0.0,1.391583154184072e-35
GCOT-PP-03,netlists/GCOT-PP-03__main__f20__m30dBV.cir,6855.355730929246,1.0,-6.123233995736766e-17,0.058904495662243095,-3.606860103407755e-18,0.22586292101256425,-1.3830115163205415e-17,-12.923101191363756,11.673929970009171,-3.908482435507529e-31,1.5837100334883029e-37
GCOT-PP-03,netlists/GCOT-PP-03__main__f20__m30dBV.cir,6934.737009050876,1.0,-6.123233995736766e-17,0.058904495662243095,-3.606860103407755e-18,0.22586292101321293,-1.3830115163245134e-17,-12.92310119133881,11.673929970034118,0.0,-6.877813344330304e-36
GCOT-PP-03,netlists/GCOT-PP-03__main__f20__m30dBV.cir,7015.037479051606,1.0,-6.123233995736766e-17,0.058904495662243095,-3.606860103407755e-18,0.22586292101384686,-1.3830115163283951e-17,-12.923101191314432,11.673929970058497,0.0,-0.0
GCOT-PP-03,netlists/GCOT-PP-03__main__f20__m30dBV.cir,7096.267784671759,1.0,-6.123233995736766e-17,0.058904495662243095,-3.606860103407755e-18,0.22586292101446637,-1.3830115163321884e-17,-12.923101191290607,11.67392997008232,0.0,-6.568260751801993e-36
GCOT-PP-03,netlists/GCOT-PP-03__main__f20__m30dBV.cir,7178.438692900358,1.0,-6.123233995736766e-17,0.058904495662243095,-3.606860103407755e-18,0.22586292101507174,-1.3830115163358951e-17,-12.923101191267328,11.673929970105604,3.9084824354641377e-31,6.341831358653568e-36
GCOT-PP-03,netlists/GCOT-PP-03__main__f20__m30dBV.cir,7261.561095402283,1.0,-6.123233995736766e-17,0.058904495662243095,-3.606860103407755e-18,0.2258629210156633,-1.3830115163395177e-17,-12.923101191244577,11.673929970128349,-3.9084824354539008e-31,2.9902373642843954e-37
GCOT-PP-03,netlists/GCOT-PP-03__main__f20__m30dBV.cir,7345.646009961953,1.0,-6.123233995736766e-17,0.058904495662243095,-3.606860103407755e-18,0.22586292101624147,-1.3830115163430578e-17,-12.923101191222344,11.673929970150585,3.9084824354438955e-31,-6.640874912684978e-36
GCOT-PP-03,netlists/GCOT-PP-03__main__f20__m30dBV.cir,7430.7045819437135,1.0,-6.123233995736766e-17,0.058904495662243095,-3.606860103407755e-18,0.22586292101680644,-1.3830115163465173e-17,-12.923101191200617,11.673929970172312,0.0,6.418748883570796e-36
GCOT-PP-03,netlists/GCOT-PP-03__main__f20__m30dBV.cir,7516.74808576915,1.0,-6.123233995736766e-17,0.058904495662243095,-3.606860103407755e-18,0.22586292101735855,-1.383011516349898e-17,-12.923101191179384,11.673929970193544,0.0,-6.200838000943006e-36
GCOT-PP-03,netlists/GCOT-PP-03__main__f20__m30dBV.cir,7603.787926411494,1.0,-6.123233995736766e-17,0.058904495662243095,-3.606860103407755e-18,0.22586292101789812,-1.3830115163532017e-17,-12.923101191158635,11.673929970214294,3.9084824354152275e-31,-1.4278272564952558e-37
GCOT-PP-03,netlists/GCOT-PP-03__main__f20__m30dBV.cir,7691.835640907345,1.0,-6.123233995736766e-17,0.058904495662243095,-3.606860103407755e-18,0.22586292101842537,-1.3830115163564303e-17,-12.923101191138358,11.673929970234571,0.0,1.411483053321236e-37
GCOT-PP-03,netlists/GCOT-PP-03__main__f20__m30dBV.cir,7780.902899885889,1.0,-6.123233995736766e-17,0.058904495662243095,-3.606860103407755e-18,0.22586292101894065,-1.3830115163595855e-17,-12.923101191118542,11.673929970254386,3.908482435397187e-31,-1.3953259401357622e-37
GCOT-PP-03,netlists/GCOT-PP-03__main__f20__m30dBV.cir,7871.00150911583,1.0,-6.123233995736766e-17,0.058904495662243095,-3.606860103407755e-18,0.22586292101944416,-1.3830115163626687e-17,-12.92310119109918,11.673929970273749,0.0,1.1981444013577856e-35
GCOT-PP-03,netlists/GCOT-PP-03__main__f20__m30dBV.cir,7962.143411070229,1.0,-6.123233995736766e-17,0.058904495662243095,-3.606860103407755e-18,0.2258629210199362,-1.3830115163656817e-17,-12.923101191080256,11.673929970292672,-3.9084824353799595e-31,1.3635644440617333e-37
GCOT-PP-03,netlists/GCOT-PP-03__main__f20__m30dBV.cir,8054.34068650947,1.0,-6.123233995736766e-17,0.058904495662243095,-3.606860103407755e-18,0.22586292102041713,-1.3830115163686264e-17,-12.923101191061761,11.673929970311166,0.0,-1.7495671783664859e-35
GCOT-PP-03,netlists/GCOT-PP-03__main__f20__m30dBV.cir,8147.605556082547,1.0,-6.123233995736766e-17,0.058904495662243095,-3.606860103407755e-18,0.22586292102088706,-1.3830115163715036e-17,-12.923101191043692,11.673929970329237,7.81696487072701e-31,5.45421077841754e-36
GCOT-PP-03,netlists/GCOT-PP-03__main__f20__m30dBV.cir,8241.950381946901,1.0,-6.123233995736766e-17,0.058904495662243095,-3.606860103407755e-18,0.22586292102134625,-1.3830115163743158e-17,-12.923101191026031,11.673929970346897,-3.9084824353555594e-31,1.1705644728670951e-35
GCOT-PP-03,netlists/GCOT-PP-03__main__f20__m30dBV.cir,8337.38766940701,1.0,-6.123233995736766e-17,0.058904495662243095,-3.606860103407755e-18,0.22586292102179506,-1.3830115163770638e-17,-12.923101191008772,11.673929970364156,0.0,-5.720715963998073e-36
GCOT-PP-03,netlists/GCOT-PP-03__main__f20__m30dBV.cir,8433.93006857195,1.0,-6.123233995736766e-17,0.058904495662243095,-3.606860103407755e-18,0.2258629210222336,-1.383011516379749e-17,-12.923101190991908,11.673929970381021,0.0,-0.0
GCOT-PP-03,netlists/GCOT-PP-03__main__f20__m30dBV.cir,8531.590376032162,1.0,-6.123233995736766e-17,0.058904495662243095,-3.606860103407755e-18,0.2258629210226622,-1.3830115163823735e-17,-12.923101190975427,11.673929970397502,0.0,-0.0
GCOT-PP-03,netlists/GCOT-PP-03__main__f20__m30dBV.cir,8630.381536555617,1.0,-6.123233995736766e-17,0.058904495662243095,-3.606860103407755e-18,0.225862921023081,-1.383011516384938e-17,-12.923101190959319,11.67392997041361,0.0,-5.400704125903717e-36
GCOT-PP-03,netlists/GCOT-PP-03__main__f20__m30dBV.cir,8730.316644803635,1.0,-6.123233995736766e-17,0.058904495662243095,-3.606860103407755e-18,0.22586292102349032,-1.3830115163874441e-17,-12.923101190943578,11.673929970429349,3.9084824353184574e-31,-1.2435855531245487e-37
GCOT-PP-03,netlists/GCOT-PP-03__main__f20__m30dBV.cir,8831.408947066571,1.0,-6.123233995736766e-17,0.058904495662243095,-3.606860103407755e-18,0.22586292102389027,-1.3830115163898933e-17,-12.923101190928197,11.673929970444732,0.0,1.2293503471928499e-37
GCOT-PP-03,netlists/GCOT-PP-03__main__f20__m30dBV.cir,8933.671843019587,1.0,-6.123233995736766e-17,0.058904495662243095,-3.606860103407755e-18,0.22586292102428118,-1.3830115163922867e-17,-12.923101190913165,11.673929970459763,3.9084824353047715e-31,5.0958271589710365e-36
GCOT-PP-03,netlists/GCOT-PP-03__main__f20__m30dBV.cir,9037.118887498777,1.0,-6.123233995736766e-17,0.058904495662243095,-3.606860103407755e-18,0.2258629210246631,-1.3830115163946255e-17,-12.923101190898478,11.67392997047445,-3.9084824352981626e-31,-4.9173590161433125e-36
GCOT-PP-03,netlists/GCOT-PP-03__main__f20__m30dBV.cir,9141.763792297834,1.0,-6.123233995736766e-17,0.058904495662243095,-3.606860103407755e-18,0.2258629210250364,-1.383011516396911e-17,-12.923101190884122,11.673929970488807,7.816964870583405e-31,-5.4548779646274346e-36
GCOT-PP-03,netlists/GCOT-PP-03__main__f20__m30dBV.cir,9247.620427985543,1.0,-6.123233995736766e-17,0.058904495662243095,-3.606860103407755e-18,0.22586292102540118,-1.3830115163991448e-17,-12.923101190870092,11.673929970502835,0.0,1.0315264798996261e-35
GCOT-PP-03,netlists/GCOT-PP-03__main__f20__m30dBV.cir,9354.702825744305,1.0,-6.123233995736766e-17,0.058904495662243095,-3.606860103407755e-18,0.22586292102575767,-1.3830115164013278e-17,-12.923101190856382,11.673929970516546,0.0,-0.0
GCOT-PP-03,netlists/GCOT-PP-03__main__f20__m30dBV.cir,9463.025179229955,1.0,-6.123233995736766e-17,0.058904495662243095,-3.606860103407755e-18,0.225862921026106,-1.3830115164034606e-17,-12.923101190842988,11.67392997052994,0.0,-4.925500702913852e-36
GCOT-PP-03,netlists/GCOT-PP-03__main__f20__m30dBV.cir,9572.601846453117,1.0,-6.123233995736766e-17,0.058904495662243095,-3.606860103407755e-18,0.22586292102644645,-1.3830115164055452e-17,-12.923101190829895,11.673929970543032,3.9084824352673017e-31,-4.9825353130031726e-36
GCOT-PP-03,netlists/GCOT-PP-03__main__f20__m30dBV.cir,9683.447351682342,1.0,-6.123233995736766e-17,0.058904495662243095,-3.606860103407755e-18,0.22586292102677913,-1.3830115164075823e-17,-12.923101190817102,11.673929970555825,3.908482435261545e-31,1.4184362316459282e-47
GCOT-PP-03,netlists/GCOT-PP-03__main__f20__m30dBV.cir,9795.576387369283,1.0,-6.123233995736766e-17,0.058904495662243095,-3.606860103407755e-18,0.22586292102710426,-1.383011516409573e-17,-12.923101190804598,11.673929970568329,3.9084824352559183e-31,4.7582842835079515e-36
GCOT-PP-03,netlists/GCOT-PP-03__main__f20__m30dBV.cir,9909.003816096169,1.0,-6.123233995736766e-17,0.058904495662243095,-3.606860103407755e-18,0.22586292102742195,-1.3830115164115186e-17,-12.92310119079238,11.673929970580549,0.0,4.813382618717315e-36
GCOT-PP-03,netlists/GCOT-PP-03__main__f20__m30dBV.cir,10023.744672545814,1.0,-6.123233995736766e-17,0.058904495662243095,-3.606860103407755e-18,0.22586292102773242,-1.3830115164134197e-17,-12.923101190780441,11.673929970592486,0.0,4.6499725097069354e-36
GCOT-PP-03,netlists/GCOT-PP-03__main__f20__m30dBV.cir,10139.814165494461,1.0,-6.123233995736766e-17,0.058904495662243095,-3.606860103407755e-18,0.22586292102803585,-1.3830115164152777e-17,-12.923101190768772,11.673929970604156,-3.908482435239798e-31,1.0707193915223965e-37
GCOT-PP-03,netlists/GCOT-PP-03__main__f20__m30dBV.cir,10257.227679827676,1.0,-6.123233995736766e-17,0.058904495662243095,-3.606860103407755e-18,0.22586292102833233,-1.383011516417093e-17,-12.923101190757372,11.673929970615555,0.0,-4.649972509707068e-36
GCOT-PP-03,netlists/GCOT-PP-03__main__f20__m30dBV.cir,10376.000778579606,1.0,-6.123233995736766e-17,0.058904495662243095,-3.606860103407755e-18,0.2258629210286221,-1.3830115164188673e-17,-12.923101190746229,11.6739299706267,0.0,-0.0
GCOT-PP-03,netlists/GCOT-PP-03__main__f20__m30dBV.cir,10496.149204995842,1.0,-6.123233995736766e-17,0.058904495662243095,-3.606860103407755e-18,0.22586292102890526,-1.3830115164206012e-17,-12.923101190735338,11.673929970637591,0.0,-0.0
GCOT-PP-03,netlists/GCOT-PP-03__main__f20__m30dBV.cir,10617.688884620162,1.0,-6.123233995736766e-17,0.058904495662243095,-3.606860103407755e-18,0.22586292102918196,-1.3830115164222954e-17,-12.923101190724697,11.673929970648231,0.0,4.3898571221921206e-36
GCOT-PP-03,netlists/GCOT-PP-03__main__f20__m30dBV.cir,10740.635927405454,1.0,-6.123233995736766e-17,0.058904495662243095,-3.606860103407755e-18,0.22586292102945238,-1.3830115164239514e-17,-12.923101190714299,11.67392997065863,-3.908482435215285e-31,-4.238524414538098e-36
GCOT-PP-03,netlists/GCOT-PP-03__main__f20__m30dBV.cir,10865.00662984907,1.0,-6.123233995736766e-17,0.058904495662243095,-3.606860103407755e-18,0.22586292102971667,-1.3830115164255695e-17,-12.923101190704134,11.673929970668793,3.9084824352107124e-31,-1.3069646018847863e-35
GCOT-PP-03,netlists/GCOT-PP-03__main__f20__m30dBV.cir,10990.817477152901,1.0,-6.123233995736766e-17,0.058904495662243095,-3.606860103407755e-18,0.2258629210299749,-1.3830115164271506e-17,-12.923101190694204,11.673929970678723,7.816964870412486e-31,-9.878151170164878e-38
GCOT-PP-03,netlists/GCOT-PP-03__main__f20__m30dBV.cir,11118.085145408488,1.0,-6.123233995736766e-17,0.058904495662243095,-3.606860103407755e-18,0.22586292103022726,-1.383011516428696e-17,-12.923101190684498,11.673929970688429,3.908482435201877e-31,4.2899317744832795e-36
GCOT-PP-03,netlists/GCOT-PP-03__main__f20__m30dBV.cir,11246.826503807404,1.0,-6.123233995736766e-17,0.058904495662243095,-3.606860103407755e-18,0.2258629210304739,-1.3830115164302062e-17,-12.923101190675014,11.673929970697914,3.908482435197608e-31,4.1442923615323384e-36
GCOT-PP-03,netlists/GCOT-PP-03__main__f20__m30dBV.cir,11377.058616877257,1.0,-6.123233995736766e-17,0.058904495662243095,-3.606860103407755e-18,0.2258629210307149,-1.383011516431682e-17,-12.923101190665747,11.673929970707182,0.0,4.192281005367671e-36
GCOT-PP-03,netlists/GCOT-PP-03__main__f20__m30dBV.cir,11508.798746743572,1.0,-6.123233995736766e-17,0.058904495662243095,-3.606860103407755e-18,0.2258629210309504,-1.3830115164331241e-17,-12.92310119065669,11.67392997071624,0.0,-4.0499567501951496e-36
GCOT-PP-03,netlists/GCOT-PP-03__main__f20__m30dBV.cir,11642.064355417868,1.0,-6.123233995736766e-17,0.058904495662243095,-3.606860103407755e-18,0.22586292103118055,-1.3830115164345333e-17,-12.923101190647838,11.67392997072509,3.90848243518538e-31,-4.0968530391346175e-36
GCOT-PP-03,netlists/GCOT-PP-03__main__f20__m30dBV.cir,11776.873107112226,1.0,-6.123233995736766e-17,0.058904495662243095,-3.606860103407755e-18,0.22586292103140548,-1.3830115164359105e-17,-12.923101190639187,11.673929970733742,3.908482435181488e-31,7.8853240859495e-48
GCOT-PP-03,netlists/GCOT-PP-03__main__f20__m30dBV.cir,11913.242870580661,1.0,-6.123233995736766e-17,0.058904495662243095,-3.606860103407755e-18,0.2258629210316253,-1.3830115164372565e-17,-12.923101190630735,11.673929970742192,3.9084824351776834e-31,3.9124642783929285e-36
GCOT-PP-03,netlists/GCOT-PP-03__main__f20__m30dBV.cir,12051.191721487614,1.0,-6.123233995736766e-17,0.058904495662243095,-3.606860103407755e-18,0.22586292103184008,-1.3830115164385719e-17,-12.923101190622477,11.673929970750452,0.0,9.00898094151103e-38
GCOT-PP-03,netlists/GCOT-PP-03__main__f20__m30dBV.cir,12190.737944803848,1.0,-6.123233995736766e-17,0.058904495662243095,-3.606860103407755e-18,0.22586292103205,-1.383011516439857e-17,-12.923101190614403,11.673929970758525,3.9084824351703344e-31,-3.9124642783782216e-36
GCOT-PP-03,netlists/GCOT-PP-03__main__f20__m30dBV.cir,12331.900037230114,1.0,-6.123233995736766e-17,0.058904495662243095,-3.606860103407755e-18,0.22586292103225514,-1.3830115164411132e-17,-12.923101190606515,11.673929970766412,3.9084824351667848e-31,6.86833711375942e-48
GCOT-PP-03,netlists/GCOT-PP-03__main__f20__m30dBV.cir,12474.696709648862,1.0,-6.123233995736766e-17,0.058904495662243095,-3.606860103407755e-18,0.2258629210324556,-1.3830115164423405e-17,-12.923101190598805,11.673929970774122,3.9084824351633152e-31,3.736374378924917e-36
GCOT-PP-03,netlists/GCOT-PP-03__main__f20__m30dBV.cir,12619.14688960435,1.0,-6.123233995736766e-17,0.058904495662243095,-3.606860103407755e-18,0.2258629210326515,-1.3830115164435401e-17,-12.923101190591273,11.673929970781655,0.0,7.473244010213522e-36
GCOT-PP-03,netlists/GCOT-PP-03__main__f20__m30dBV.cir,12765.269723811465,1.0,-6.123233995736766e-17,0.058904495662243095,-3.606860103407755e-18,0.2258629210328429,-1.3830115164447123e-17,-12.923101190583912,11.673929970789017,-3.908482435156614e-31,8.505026441362679e-38
GCOT-PP-03,netlists/GCOT-PP-03__main__f20__m30dBV.cir,12913.084580693609,1.0,-6.123233995736766e-17,0.058904495662243095,-3.606860103407755e-18,0.22586292103303002,-1.383011516445858e-17,-12.923101190576716,11.673929970796213,0.0,-7.303132208053436e-36
GCOT-PP-03,netlists/GCOT-PP-03__main__f20__m30dBV.cir,13062.611052949953,1.0,-6.123233995736766e-17,0.058904495662243095,-3.606860103407755e-18,0.22586292103321282,-1.3830115164469772e-17,-12.923101190569685,11.673929970803243,3.9084824351502122e-31,-8.311428403691159e-38
GCOT-PP-03,netlists/GCOT-PP-03__main__f20__m30dBV.cir,13213.868960152433,1.0,-6.123233995736766e-17,0.058904495662243095,-3.606860103407755e-18,0.2258629210333915,-1.3830115164480715e-17,-12.923101190562814,11.673929970810114,0.0,8.216288270045373e-38
GCOT-PP-03,netlists/GCOT-PP-03__main__f20__m30dBV.cir,13366.878351372812,1.0,-6.123233995736766e-17,0.058904495662243095,-3.606860103407755e-18,0.2258629210335661,-1.3830115164491404e-17,-12.9231011905561,11.673929970816827,3.9084824351440986e-31,-8.122237195387804e-38
GCOT-PP-03,netlists/GCOT-PP-03__main__f20__m30dBV.cir,13521.659507840162,1.0,-6.123233995736766e-17,0.058904495662243095,-3.606860103407755e-18,0.22586292103373667,-1.383011516450185e-17,-12.92310119054954,11.673929970823389,0.0,6.974437113403573e-36
GCOT-PP-03,netlists/GCOT-PP-03__main__f20__m30dBV.cir,13678.23294562912,1.0,-6.123233995736766e-17,0.058904495662243095,-3.606860103407755e-18,0.22586292103390343,-1.3830115164512063e-17,-12.923101190543127,11.673929970829802,-3.9084824351382613e-31,7.937352504750281e-38
GCOT-PP-03,netlists/GCOT-PP-03__main__f20__m30dBV.cir,13836.61941837927,1.0,-6.123233995736766e-17,0.058904495662243095,-3.606860103407755e-18,0.22586292103406638,-1.3830115164522039e-17,-12.923101190536862,11.673929970836067,0.0,-3.4470722431239983e-36
GCOT-PP-03,netlists/GCOT-PP-03__main__f20__m30dBV.cir,13996.839920046017,1.0,-6.123233995736766e-17,0.058904495662243095,-3.606860103407755e-18,0.22586292103422562,-1.383011516453179e-17,-12.923101190530737,11.673929970842192,0.0,3.330047170404295e-36
GCOT-PP-03,netlists/GCOT-PP-03__main__f20__m30dBV.cir,14158.915687683313,1.0,-6.123233995736766e-17,0.058904495662243095,-3.606860103407755e-18,0.22586292103438121,-1.3830115164541318e-17,-12.923101190524752,11.673929970848176,-3.9084824351299932e-31,7.667886364056735e-38
GCOT-PP-03,netlists/GCOT-PP-03__main__f20__m30dBV.cir,14322.868204258602,1.0,-6.123233995736766e-17,0.058904495662243095,-3.606860103407755e-18,0.22586292103453331,-1.383011516455063e-17,-12.923101190518905,11.673929970854024,0.0,-3.3300471704042844e-36
GCOT-PP-03,netlists/GCOT-PP-03__main__f20__m30dBV.cir,14488.719201500371,1.0,-6.123233995736766e-17,0.058904495662243095,-3.606860103407755e-18,0.2258629210346819,-1.3830115164559729e-17,-12.92310119051319,11.673929970859739,0.0,-0.0
GCOT-PP-03,netlists/GCOT-PP-03__main__f20__m30dBV.cir,14656.490662778659,1.0,-6.123233995736766e-17,0.058904495662243095,-3.606860103407755e-18,0.2258629210348271,-1.383011516456862e-17,-12.923101190507605,11.673929970865322,0.0,-0.0
GCOT-PP-03,netlists/GCOT-PP-03__main__f20__m30dBV.cir,14826.204826018935,1.0,-6.123233995736766e-17,0.058904495662243095,-3.606860103407755e-18,0.22586292103496902,-1.383011516457731e-17,-12.923101190502148,11.673929970870777,0.0,-0.0
GCOT-PP-03,netlists/GCOT-PP-03__main__f20__m30dBV.cir,14997.88418664971,1.0,-6.123233995736766e-17,0.058904495662243095,-3.606860103407755e-18,0.22586292103510772,-1.3830115164585803e-17,-12.923101190496812,11.673929970876113,0.0,-0.0
GCOT-PP-03,netlists/GCOT-PP-03__main__f20__m30dBV.cir,15171.551500584277,1.0,-6.123233995736766e-17,0.058904495662243095,-3.606860103407755e-18,0.22586292103524325,-1.3830115164594101e-17,-12.923101190491602,11.673929970881325,0.0,3.0722063704790336e-36
GCOT-PP-03,netlists/GCOT-PP-03__main__f20__m30dBV.cir,15347.229787236989,1.0,-6.123233995736766e-17,0.058904495662243095,-3.606860103407755e-18,0.22586292103537567,-1.3830115164602212e-17,-12.92310119048651,11.67392997088642,-3.908482435112785e-31,3.107780843621227e-36
GCOT-PP-03,netlists/GCOT-PP-03__main__f20__m30dBV.cir,15524.942332574454,1.0,-6.123233995736766e-17,0.058904495662243095,-3.606860103407755e-18,0.2258629210355051,-1.3830115164610137e-17,-12.923101190481532,11.673929970891395,-3.9084824351105454e-31,-3.0022744156897363e-36
GCOT-PP-03,netlists/GCOT-PP-03__main__f20__m30dBV.cir,15704.712692202063,1.0,-6.123233995736766e-17,0.058904495662243095,-3.606860103407755e-18,0.2258629210356316,-1.3830115164617881e-17,-12.923101190476666,11.67392997089626,0.0,-3.03703911496008e-36
GCOT-PP-03,netlists/GCOT-PP-03__main__f20__m30dBV.cir,15886.564694486266,1.0,-6.123233995736766e-17,0.058904495662243095,-3.606860103407755e-18,0.2258629210357552,-1.3830115164625449e-17,-12.923101190471915,11.67392997090101,0.0,-0.0
GCOT-PP-03,netlists/GCOT-PP-03__main__f20__m30dBV.cir,16070.52244371299,1.0,-6.123233995736766e-17,0.058904495662243095,-3.606860103407755e-18,0.22586292103587596,-1.3830115164632845e-17,-12.92310119046727,11.673929970905657,0.0,2.9003498382377106e-36
GCOT-PP-03,netlists/GCOT-PP-03__main__f20__m30dBV.cir,16256.610323282637,1.0,-6.123233995736766e-17,0.058904495662243095,-3.606860103407755e-18,0.225862921035994,-1.3830115164640074e-17,-12.92310119046273,11.6739299709102,-3.9084824351020846e-31,-2.8003653098265928e-36
GCOT-PP-03,netlists/GCOT-PP-03__main__f20__m30dBV.cir,16444.852998942082,1.0,-6.123233995736766e-17,0.058904495662243095,-3.606860103407755e-18,0.2258629210361094,-1.3830115164647137e-17,-12.923101190458294,11.673929970914633,3.9084824351000882e-31,-5.80069967647259e-36
GCOT-PP-03,netlists/GCOT-PP-03__main__f20__m30dBV.cir,16635.27542205409,1.0,-6.123233995736766e-17,0.058904495662243095,-3.606860103407755e-18,0.22586292103622213,-1.3830115164654039e-17,-12.92310119045396,11.67392997091897,3.908482435098137e-31,2.801885510606097e-36
GCOT-PP-03,netlists/GCOT-PP-03__main__f20__m30dBV.cir,16827.90283290458,1.0,-6.123233995736766e-17,0.058904495662243095,-3.606860103407755e-18,0.22586292103633226,-1.3830115164660785e-17,-12.92310119044972,11.673929970923204,0.0,-2.7052953690438098e-36
GCOT-PP-03,netlists/GCOT-PP-03__main__f20__m30dBV.cir,17022.760764048217,1.0,-6.123233995736766e-17,0.058904495662243095,-3.606860103407755e-18,0.22586292103643996,-1.3830115164667376e-17,-12.92310119044558,11.673929970927347,7.816964870188736e-31,5.348656218061801e-36
GCOT-PP-03,netlists/GCOT-PP-03__main__f20__m30dBV.cir,17219.875043692708,1.0,-6.123233995736766e-17,0.058904495662243095,-3.606860103407755e-18,0.2258629210365451,-1.383011516467382e-17,-12.923101190441537,11.673929970931392,-7.816964870185098e-31,5.665722448828579e-36
GCOT-PP-03,netlists/GCOT-PP-03__main__f20__m30dBV.cir,17419.271799122318,1.0,-6.123233995736766e-17,0.058904495662243095,-3.606860103407755e-18,0.22586292103664796,-1.3830115164680115e-17,-12.923101190437583,11.673929970935346,0.0,-2.8004337301293216e-36
GCOT-PP-03,netlists/GCOT-PP-03__main__f20__m30dBV.cir,17620.977460160997,1.0,-6.123233995736766e-17,0.058904495662243095,-3.606860103407755e-18,0.2258629210367484,-1.3830115164686267e-17,-12.92310119043372,11.673929970939207,-3.90848243508903e-31,6.161346995398542e-38
GCOT-PP-03,netlists/GCOT-PP-03__main__f20__m30dBV.cir,17825.018762675634,1.0,-6.123233995736766e-17,0.058904495662243095,-3.606860103407755e-18,0.22586292103684658,-1.3830115164692277e-17,-12.923101190429945,11.673929970942984,0.0,-2.6757798895021266e-36
GCOT-PP-03,netlists/GCOT-PP-03__main__f20__m30dBV.cir,18031.42275211987,1.0,-6.123233995736766e-17,0.058904495662243095,-3.606860103407755e-18,0.22586292103694255,-1.3830115164698154e-17,-12.923101190426252,11.673929970946677,0.0,-0.0
GCOT-PP-03,netlists/GCOT-PP-03__main__f20__m30dBV.cir,18240.216787118938,1.0,-6.123233995736766e-17,0.058904495662243095,-3.606860103407755e-18,0.2258629210370363,-1.3830115164703895e-17,-12.923101190422647,11.673929970950281,0.0,-0.0
GCOT-PP-03,netlists/GCOT-PP-03__main__f20__m30dBV.cir,18451.428543096015,1.0,-6.123233995736766e-17,0.058904495662243095,-3.606860103407755e-18,0.22586292103712793,-1.3830115164709506e-17,-12.923101190419125,11.673929970953804,0.0,-2.526099107226387e-36
GCOT-PP-03,netlists/GCOT-PP-03__main__f20__m30dBV.cir,18665.086015940582,1.0,-6.123233995736766e-17,0.058904495662243095,-3.606860103407755e-18,0.2258629210372175,-1.3830115164714988e-17,-12.92310119041568,11.673929970957248,3.9084824350809123e-31,2.4390162234220343e-36
GCOT-PP-03,netlists/GCOT-PP-03__main__f20__m30dBV.cir,18881.21752571924,1.0,-6.123233995736766e-17,0.058904495662243095,-3.606860103407755e-18,0.22586292103730496,-1.3830115164720347e-17,-12.923101190412316,11.673929970960613,-3.908482435079399e-31,2.583600143047866e-36
GCOT-PP-03,netlists/GCOT-PP-03__main__f20__m30dBV.cir,19099.851720429502,1.0,-6.123233995736766e-17,0.058904495662243095,-3.606860103407755e-18,0.22586292103739047,-1.3830115164725582e-17,-12.923101190409028,11.6739299709639,0.0,-2.4971830898577935e-36
GCOT-PP-03,netlists/GCOT-PP-03__main__f20__m30dBV.cir,19321.017579797062,1.0,-6.123233995736766e-17,0.058904495662243095,-3.606860103407755e-18,0.22586292103747402,-1.3830115164730697e-17,-12.923101190405815,11.673929970967114,0.0,-2.4124059189529808e-36
GCOT-PP-03,netlists/GCOT-PP-03__main__f20__m30dBV.cir,19544.744419117018,1.0,-6.123233995736766e-17,0.058904495662243095,-3.606860103407755e-18,0.22586292103755573,-1.3830115164735699e-17,-12.923101190402672,11.673929970970256,3.9084824350750593e-31,-2.440340262946936e-36
GCOT-PP-03,netlists/GCOT-PP-03__main__f20__m30dBV.cir,19771.06189313959,1.0,-6.123233995736766e-17,0.058904495662243095,-3.606860103407755e-18,0.22586292103763553,-1.3830115164740586e-17,-12.923101190399604,11.673929970973324,3.9084824350736786e-31,4.714985712108153e-36
GCOT-PP-03,netlists/GCOT-PP-03__main__f20__m30dBV.cir,20000.000000000826,1.0,-6.123233995736766e-17,0.058904495662243095,-3.606860103407755e-18,0.2258629210377135,-1.3830115164745362e-17,-12.923101190396604,11.673929970976324,-3.908482435072329e-31,9.484568385604072e-36
