# Measured ngspice AC at DC=0; adaptive DDT realization; original coefficients.
# 200 points/decade; Rs=200 ohm differential; RL=8 ohm.
model,netlist,frequency_hz,source_real_v,source_imag_v,primary_real_v,primary_imag_v,output_real_v,output_imag_v,gain_source_db,gain_primary_db,phase_source_deg,group_delay_s
GCOT-SE-01,netlists/GCOT-SE-01__main__f20__m30dBV.cir,20.0,1.0,0.0,0.13567730504577835,0.0,0.31114236624169345,0.0,-10.14081699593816,7.209038831659777,0.0,-0.0
GCOT-SE-01,netlists/GCOT-SE-01__main__f20__m30dBV.cir,20.23158908519797,1.0,0.0,0.13567730504577835,0.0,0.3111426804441488,0.0,-10.140808224627115,7.209047602970821,0.0,-0.0
GCOT-SE-01,netlists/GCOT-SE-01__main__f20__m30dBV.cir,20.465859845615086,1.0,0.0,0.13567730504577835,0.0,0.31114298749509617,0.0,-10.14079965296693,7.209056174631008,0.0,-0.0
GCOT-SE-01,netlists/GCOT-SE-01__main__f20__m30dBV.cir,20.70284333358688,1.0,0.0,0.13567730504577835,0.0,0.31114328755729614,0.0,-10.14079127641338,7.209064551184559,0.0,-0.0
GCOT-SE-01,netlists/GCOT-SE-01__main__f20__m30dBV.cir,20.942570961017996,1.0,0.0,0.13567730504577835,0.0,0.31114358078980564,0.0,-10.140783090525662,7.209072737072274,0.0,-0.0
GCOT-SE-01,netlists/GCOT-SE-01__main__f20__m30dBV.cir,21.185074503545785,1.0,0.0,0.13567730504577835,0.0,0.3111438673480624,0.0,-10.140775090964045,7.209080736633893,0.0,-0.0
GCOT-SE-01,netlists/GCOT-SE-01__main__f20__m30dBV.cir,21.430386104752138,1.0,0.0,0.13567730504577835,0.0,0.31114414738396673,0.0,-10.140767273487564,7.209088554110375,0.0,-0.0
GCOT-SE-01,netlists/GCOT-SE-01__main__f20__m30dBV.cir,21.678538280424082,1.0,0.0,0.13567730504577835,0.0,0.3111444210459627,0.0,-10.140759633951772,7.209096193646164,0.0,-0.0
GCOT-SE-01,netlists/GCOT-SE-01__main__f20__m30dBV.cir,21.929563922863714,1.0,0.0,0.13567730504577835,0.0,0.31114468847911614,0.0,-10.140752168306557,7.209103659291378,0.0,-0.0
GCOT-SE-01,netlists/GCOT-SE-01__main__f20__m30dBV.cir,22.18349630524804,1.0,0.0,0.13567730504577835,0.0,0.3111449498251921,0.0,-10.140744872593972,7.209110955003965,0.0,-0.0
GCOT-SE-01,netlists/GCOT-SE-01__main__f20__m30dBV.cir,22.440369086039286,1.0,0.0,0.13567730504577835,0.0,0.31114520522272904,0.0,-10.140737742946166,7.209118084651774,0.0,-0.0
GCOT-SE-01,netlists/GCOT-SE-01__main__f20__m30dBV.cir,22.700216313446322,1.0,0.0,0.13567730504577835,0.0,0.3111454548071135,0.0,-10.140730775583297,7.209125052014639,0.0,-0.0
GCOT-SE-01,netlists/GCOT-SE-01__main__f20__m30dBV.cir,22.96307242993768,1.0,0.0,0.13567730504577835,0.0,0.3111456987106505,0.0,-10.140723966811574,7.209131860786362,0.0,-0.0
GCOT-SE-01,netlists/GCOT-SE-01__main__f20__m30dBV.cir,23.228972276806882,1.0,0.0,0.13567730504577835,0.0,0.31114593706263466,0.0,-10.14071731302126,7.2091385145766775,0.0,-0.0
GCOT-SE-01,netlists/GCOT-SE-01__main__f20__m30dBV.cir,23.49795109879062,1.0,0.0,0.13567730504577835,0.0,0.31114616998941813,0.0,-10.140710810684778,7.209145016913158,0.0,-0.0
GCOT-SE-01,netlists/GCOT-SE-01__main__f20__m30dBV.cir,23.770044548740398,1.0,0.0,0.13567730504577835,0.0,0.31114639761447754,0.0,-10.140704456354845,7.209151371243092,0.0,-0.0
GCOT-SE-01,netlists/GCOT-SE-01__main__f20__m30dBV.cir,24.04528869234829,1.0,0.0,0.13567730504577835,0.0,0.31114662005847976,0.0,-10.14069824666263,7.209157580935309,0.0,-0.0
GCOT-SE-01,netlists/GCOT-SE-01__main__f20__m30dBV.cir,24.323720012927392,1.0,0.0,0.13567730504577835,0.0,0.3111468374393456,0.0,-10.140692178315975,7.2091636492819635,0.0,-0.0
GCOT-SE-01,netlists/GCOT-SE-01__main__f20__m30dBV.cir,24.605375416247664,1.0,0.0,0.13567730504577835,0.0,0.31114704987231234,0.0,-10.140686248097659,7.20916957950028,0.0,-0.0
GCOT-SE-01,netlists/GCOT-SE-01__main__f20__m30dBV.cir,24.890292235427737,1.0,0.0,0.13567730504577835,0.0,0.31114725746999455,0.0,-10.140680452863682,7.209175374734256,0.0,-0.0
GCOT-SE-01,netlists/GCOT-SE-01__main__f20__m30dBV.cir,25.17850823588338,1.0,0.0,0.13567730504577835,0.0,0.3111474603424443,0.0,-10.140674789541597,7.2091810380563395,0.0,-0.0
GCOT-SE-01,netlists/GCOT-SE-01__main__f20__m30dBV.cir,25.470061620333272,1.0,0.0,0.13567730504577835,0.0,0.3111476585972089,0.0,-10.140669255128895,7.209186572469042,0.0,-0.0
GCOT-SE-01,netlists/GCOT-SE-01__main__f20__m30dBV.cir,25.76499103386272,1.0,0.0,0.13567730504577835,0.0,0.31114785233938813,0.0,-10.1406638466914,7.209191980906537,0.0,-0.0
GCOT-SE-01,netlists/GCOT-SE-01__main__f20__m30dBV.cir,26.063335569046032,1.0,0.0,0.13567730504577835,0.0,0.31114804167169,0.0,-10.14065856136172,7.2091972662362185,0.0,-0.0
GCOT-SE-01,netlists/GCOT-SE-01__main__f20__m30dBV.cir,26.36513477112819,1.0,0.0,0.13567730504577835,0.0,0.3111482266944852,0.0,-10.140653396337722,7.209202431260213,0.0,-0.0
GCOT-SE-01,netlists/GCOT-SE-01__main__f20__m30dBV.cir,26.67042864326653,1.0,0.0,0.13567730504577835,0.0,0.31114840750586,0.0,-10.140648348881061,7.209207478716877,0.0,-0.0
GCOT-SE-01,netlists/GCOT-SE-01__main__f20__m30dBV.cir,26.979257651833123,1.0,0.0,0.13567730504577835,0.0,0.3111485842016684,0.0,-10.140643416315703,7.209212411282234,0.0,-0.0
GCOT-SE-01,netlists/GCOT-SE-01__main__f20__m30dBV.cir,27.291662731778544,1.0,0.0,0.13567730504577835,0.0,0.3111487568755831,0.0,-10.140638596026534,7.209217231571401,0.0,-0.0
GCOT-SE-01,netlists/GCOT-SE-01__main__f20__m30dBV.cir,27.607685292057752,1.0,0.0,0.13567730504577835,0.0,0.3111489256191447,0.0,-10.140633885457962,7.209221942139976,0.0,-0.0
GCOT-SE-01,netlists/GCOT-SE-01__main__f20__m30dBV.cir,27.92736722111881,1.0,0.0,0.13567730504577835,0.0,0.3111490905218108,0.0,-10.140629282112549,7.209226545485388,0.0,-0.0
GCOT-SE-01,netlists/GCOT-SE-01__main__f20__m30dBV.cir,28.250750892455148,1.0,0.0,0.13567730504577835,0.0,0.31114925167100277,0.0,-10.140624783549717,7.209231044048221,0.0,-0.0
GCOT-SE-01,netlists/GCOT-SE-01__main__f20__m30dBV.cir,28.577879170222122,1.0,0.0,0.13567730504577835,0.0,0.31114940915215256,0.0,-10.140620387384423,7.209235440213515,0.0,-0.0
GCOT-SE-01,netlists/GCOT-SE-01__main__f20__m30dBV.cir,28.908795414918618,1.0,0.0,0.13567730504577835,0.0,0.31114956304874775,0.0,-10.14061609128592,7.209239736312016,0.0,-0.0
GCOT-SE-01,netlists/GCOT-SE-01__main__f20__m30dBV.cir,29.243543489134435,1.0,0.0,0.13567730504577835,0.0,0.31114971344237585,0.0,-10.140611892976503,7.209243934621433,0.0,-0.0
GCOT-SE-01,netlists/GCOT-SE-01__main__f20__m30dBV.cir,29.58216776336422,1.0,0.0,0.13567730504577835,0.0,0.31114986041276743,0.0,-10.14060779023032,7.209248037367617,0.0,-0.0
GCOT-SE-01,netlists/GCOT-SE-01__main__f20__m30dBV.cir,29.924713121888743,1.0,0.0,0.13567730504577835,0.0,0.3111500040378386,0.0,-10.140603780872166,7.20925204672577,0.0,-0.0
GCOT-SE-01,netlists/GCOT-SE-01__main__f20__m30dBV.cir,30.27122496872424,1.0,0.0,0.13567730504577835,0.0,0.3111501443937322,0.0,-10.140599862776359,7.20925596482158,0.0,-0.0
GCOT-SE-01,netlists/GCOT-SE-01__main__f20__m30dBV.cir,30.62174923364068,1.0,0.0,0.13567730504577835,0.0,0.31115028155485785,0.0,-10.140596033865592,7.209259793732344,0.0,-0.0
GCOT-SE-01,netlists/GCOT-SE-01__main__f20__m30dBV.cir,30.976332378249708,1.0,0.0,0.13567730504577835,0.0,0.3111504155939319,0.0,-10.140592292109847,7.209263535488091,0.0,-0.0
GCOT-SE-01,netlists/GCOT-SE-01__main__f20__m30dBV.cir,31.335021402163065,1.0,0.0,0.13567730504577835,0.0,0.3111505465820158,0.0,-10.140588635525301,7.209267192072637,0.0,-0.0
GCOT-SE-01,netlists/GCOT-SE-01__main__f20__m30dBV.cir,31.697863849222355,1.0,0.0,0.13567730504577835,0.0,0.31115067458855344,0.0,-10.140585062173294,7.209270765424644,0.0,-0.0
GCOT-SE-01,netlists/GCOT-SE-01__main__f20__m30dBV.cir,32.064907813800914,1.0,0.0,0.13567730504577835,0.0,0.3111507996814082,0.0,-10.140581570159291,7.209274257438646,0.0,-0.0
GCOT-SE-01,netlists/GCOT-SE-01__main__f20__m30dBV.cir,32.43620194717869,1.0,0.0,0.13567730504577835,0.0,0.3111509219268992,0.0,-10.140578157631875,7.209277669966063,0.0,-0.0
GCOT-SE-01,netlists/GCOT-SE-01__main__f20__m30dBV.cir,32.811795463990876,1.0,0.0,0.13567730504577835,0.0,0.3111510413898359,0.0,-10.140574822781767,7.2092810048161695,0.0,-0.0
GCOT-SE-01,netlists/GCOT-SE-01__main__f20__m30dBV.cir,33.191738148751305,1.0,0.0,0.13567730504577835,0.0,0.3111511581335527,0.0,-10.140571563840883,7.209284263757054,0.0,-0.0
GCOT-SE-01,netlists/GCOT-SE-01__main__f20__m30dBV.cir,33.5760803624513,1.0,0.0,0.13567730504577835,0.0,0.3111512722199428,0.0,-10.140568379081367,7.209287448516571,0.0,-0.0
GCOT-SE-01,netlists/GCOT-SE-01__main__f20__m30dBV.cir,33.96487304923498,1.0,0.0,0.13567730504577835,0.0,0.31115138370949047,0.0,-10.140565266814699,7.209290560783238,0.0,-0.0
GCOT-SE-01,netlists/GCOT-SE-01__main__f20__m30dBV.cir,34.35816774315186,1.0,0.0,0.13567730504577835,0.0,0.31115149266130326,0.0,-10.140562225390795,7.209293602207143,0.0,-0.0
GCOT-SE-01,netlists/GCOT-SE-01__main__f20__m30dBV.cir,34.75601657498761,1.0,0.0,0.13567730504577835,0.0,0.31115159913314383,0.0,-10.140559253197118,7.209296574400818,0.0,-0.0
GCOT-SE-01,netlists/GCOT-SE-01__main__f20__m30dBV.cir,35.15847227917396,1.0,0.0,0.13567730504577835,0.0,0.3111517031814598,0.0,-10.140556348657853,7.2092994789400855,0.0,-0.0
GCOT-SE-01,netlists/GCOT-SE-01__main__f20__m30dBV.cir,35.56558820077856,1.0,0.0,0.13567730504577835,0.0,0.3111518048614142,0.0,-10.140553510233028,7.20930231736491,0.0,-0.0
GCOT-SE-01,netlists/GCOT-SE-01__main__f20__m30dBV.cir,35.97741830257587,1.0,0.0,0.13567730504577835,0.0,0.31115190422691436,0.0,-10.140550736417747,7.209305091180189,0.0,-0.0
GCOT-SE-01,netlists/GCOT-SE-01__main__f20__m30dBV.cir,36.39401717219979,1.0,0.0,0.13567730504577835,0.0,0.311152001330641,0.0,-10.140548025741353,7.209307801856583,0.0,-0.0
GCOT-SE-01,netlists/GCOT-SE-01__main__f20__m30dBV.cir,36.81544002937924,1.0,0.0,0.13567730504577835,0.0,0.31115209622407547,0.0,-10.140545376766674,7.209310450831262,0.0,-0.0
GCOT-SE-01,netlists/GCOT-SE-01__main__f20__m30dBV.cir,37.241742733257475,1.0,0.0,0.13567730504577835,0.0,0.3111521889575276,0.0,-10.140542788089238,7.2093130395087,0.0,-0.0
GCOT-SE-01,netlists/GCOT-SE-01__main__f20__m30dBV.cir,37.67298178979614,1.0,0.0,0.13567730504577835,0.0,0.31115227958016206,0.0,-10.140540258336548,7.209315569261388,0.0,-0.0
GCOT-SE-01,netlists/GCOT-SE-01__main__f20__m30dBV.cir,38.109214359265074,1.0,0.0,0.13567730504577835,0.0,0.3111523681400245,0.0,-10.140537786167346,7.209318041430589,0.0,-0.0
GCOT-SE-01,netlists/GCOT-SE-01__main__f20__m30dBV.cir,38.55049826381885,1.0,0.0,0.13567730504577835,0.0,0.3111524546840671,0.0,-10.140535370270909,7.209320457327029,0.0,-0.0
GCOT-SE-01,netlists/GCOT-SE-01__main__f20__m30dBV.cir,38.99689199516104,1.0,0.0,0.13567730504577835,0.0,0.31115253925817327,0.0,-10.140533009366337,7.209322818231599,0.0,-0.0
GCOT-SE-01,netlists/GCOT-SE-01__main__f20__m30dBV.cir,39.448454722297214,1.0,0.0,0.13567730504577835,0.0,0.3111526219071822,0.0,-10.140530702201895,7.2093251253960435,0.0,-0.0
GCOT-SE-01,netlists/GCOT-SE-01__main__f20__m30dBV.cir,39.90524629937774,1.0,0.0,0.13567730504577835,0.0,0.31115270267491235,0.0,-10.140528447554335,7.209327380043602,0.0,-0.0
GCOT-SE-01,netlists/GCOT-SE-01__main__f20__m30dBV.cir,40.36732727363137,1.0,0.0,0.13567730504577835,0.0,0.311152781604185,0.0,-10.140526244228255,7.209329583369682,0.0,-0.0
GCOT-SE-01,netlists/GCOT-SE-01__main__f20__m30dBV.cir,40.83475889339074,1.0,0.0,0.13567730504577835,0.0,0.3111528587368468,0.0,-10.140524091055461,7.209331736542477,0.0,-0.0
GCOT-SE-01,netlists/GCOT-SE-01__main__f20__m30dBV.cir,41.30760311621075,1.0,0.0,0.13567730504577835,0.0,0.3111529341137918,0.0,-10.140521986894344,7.209333840703593,0.0,-0.0
GCOT-SE-01,netlists/GCOT-SE-01__main__f20__m30dBV.cir,41.785922617080956,1.0,0.0,0.13567730504577835,0.0,0.3111530077749833,0.0,-10.140519930629292,7.209335896968644,0.0,-0.0
GCOT-SE-01,netlists/GCOT-SE-01__main__f20__m30dBV.cir,42.26978079673311,1.0,0.0,0.13567730504577835,0.0,0.3111530797594751,0.0,-10.140517921170078,7.209337906427862,0.0,-0.0
GCOT-SE-01,netlists/GCOT-SE-01__main__f20__m30dBV.cir,42.75924179004482,1.0,0.0,0.13567730504577835,0.0,0.31115315010543204,0.0,-10.140515957451285,7.209339870146652,0.0,-0.0
GCOT-SE-01,netlists/GCOT-SE-01__main__f20__m30dBV.cir,43.254370474540586,1.0,0.0,0.13567730504577835,0.0,0.3111532188501501,0.0,-10.140514038431768,7.209341789166171,0.0,-0.0
GCOT-SE-01,netlists/GCOT-SE-01__main__f20__m30dBV.cir,43.75523247899124,1.0,0.0,0.13567730504577835,0.0,0.31115328603007686,0.0,-10.140512163094053,7.209343664503884,0.0,-0.0
GCOT-SE-01,netlists/GCOT-SE-01__main__f20__m30dBV.cir,44.26189419211295,1.0,0.0,0.13567730504577835,0.0,0.31115335168082975,0.0,-10.140510330443844,7.209345497154091,0.0,-0.0
GCOT-SE-01,netlists/GCOT-SE-01__main__f20__m30dBV.cir,44.77442277136699,1.0,0.0,0.13567730504577835,0.0,0.31115341583721573,0.0,-10.14050853950948,7.209347288088459,0.0,-0.0
GCOT-SE-01,netlists/GCOT-SE-01__main__f20__m30dBV.cir,45.292886151861396,1.0,0.0,0.13567730504577835,0.0,0.3111534785332497,0.0,-10.140506789341398,7.209349038256541,0.0,-0.0
GCOT-SE-01,netlists/GCOT-SE-01__main__f20__m30dBV.cir,45.81735305535567,1.0,0.0,0.13567730504577835,0.0,0.3111535398021722,0.0,-10.14050507901166,7.209350748586276,0.0,-0.0
GCOT-SE-01,netlists/GCOT-SE-01__main__f20__m30dBV.cir,46.34789299936978,1.0,0.0,0.13567730504577835,0.0,0.31115359967646694,0.0,-10.140503407613462,7.209352419984477,0.0,-0.0
GCOT-SE-01,netlists/GCOT-SE-01__main__f20__m30dBV.cir,46.88457630639866,1.0,0.0,0.13567730504577835,0.0,0.31115365818787866,0.0,-10.140501774260617,7.20935405333732,0.0,-0.0
GCOT-SE-01,netlists/GCOT-SE-01__main__f20__m30dBV.cir,47.42747411323332,1.0,0.0,0.13567730504577835,0.0,0.31115371536742925,0.0,-10.140500178087128,7.209355649510809,0.0,-0.0
GCOT-SE-01,netlists/GCOT-SE-01__main__f20__m30dBV.cir,47.976658380390035,1.0,0.0,0.13567730504577835,0.0,0.31115377124543475,0.0,-10.1404986182467,7.20935720935124,0.0,-0.0
GCOT-SE-01,netlists/GCOT-SE-01__main__f20__m30dBV.cir,48.53220190164854,1.0,0.0,0.13567730504577835,0.0,0.31115382585152085,0.0,-10.140497093912302,7.209358733685636,0.0,-0.0
GCOT-SE-01,netlists/GCOT-SE-01__main__f20__m30dBV.cir,49.094178313700844,1.0,0.0,0.13567730504577835,0.0,0.31115387921463933,0.0,-10.140495604275731,7.209360223322207,0.0,-0.0
GCOT-SE-01,netlists/GCOT-SE-01__main__f20__m30dBV.cir,49.66266210591165,1.0,0.0,0.13567730504577835,0.0,0.3111539313630825,0.0,-10.140494148547186,7.209361679050755,0.0,-0.0
GCOT-SE-01,netlists/GCOT-SE-01__main__f20__m30dBV.cir,50.23772863019185,1.0,0.0,0.13567730504577835,0.0,0.3111539823244991,0.0,-10.14049272595483,7.20936310164311,0.0,-0.0
GCOT-SE-01,netlists/GCOT-SE-01__main__f20__m30dBV.cir,50.81945411098636,1.0,0.0,0.13567730504577835,0.0,0.3111540321259083,0.0,-10.140491335744406,7.209364491853531,0.0,-0.0
GCOT-SE-01,netlists/GCOT-SE-01__main__f20__m30dBV.cir,51.407915655377536,1.0,0.0,0.13567730504577835,0.0,0.31115408079371454,0.0,-10.140489977178817,7.209365850419122,0.0,-0.0
GCOT-SE-01,netlists/GCOT-SE-01__main__f20__m30dBV.cir,52.0031912633057,1.0,0.0,0.13567730504577835,0.0,0.3111541283537209,0.0,-10.140488649537751,7.209367178060186,0.0,-0.0
GCOT-SE-01,netlists/GCOT-SE-01__main__f20__m30dBV.cir,52.605359837907905,1.0,0.0,0.13567730504577835,0.0,0.31115417483114344,0.0,-10.14048735211729,7.209368475480646,0.0,-0.0
GCOT-SE-01,netlists/GCOT-SE-01__main__f20__m30dBV.cir,53.21450119597647,1.0,0.0,0.13567730504577835,0.0,0.31115422025062406,0.0,-10.14048608422954,7.209369743368397,0.0,-0.0
GCOT-SE-01,netlists/GCOT-SE-01__main__f20__m30dBV.cir,53.830696078538594,1.0,0.0,0.13567730504577835,0.0,0.31115426463624385,0.0,-10.140484845202257,7.209370982395678,0.0,-0.0
GCOT-SE-01,netlists/GCOT-SE-01__main__f20__m30dBV.cir,54.45402616155853,1.0,0.0,0.13567730504577835,0.0,0.31115430801153593,0.0,-10.140483634378509,7.20937219321943,0.0,-0.0
GCOT-SE-01,netlists/GCOT-SE-01__main__f20__m30dBV.cir,55.08457406676362,1.0,0.0,0.13567730504577835,0.0,0.31115435039949735,0.0,-10.140482451116313,7.209373376481625,0.0,-0.0
GCOT-SE-01,netlists/GCOT-SE-01__main__f20__m30dBV.cir,55.722423372595706,1.0,0.0,0.13567730504577835,0.0,0.31115439182260224,0.0,-10.140481294788293,7.209374532809645,0.0,-0.0
GCOT-SE-01,netlists/GCOT-SE-01__main__f20__m30dBV.cir,56.36765862528938,1.0,0.0,0.13567730504577835,0.0,0.3111544323028128,0.0,-10.140480164781366,7.209375662816573,0.0,-0.0
GCOT-SE-01,netlists/GCOT-SE-01__main__f20__m30dBV.cir,57.0203653500785,1.0,0.0,0.13567730504577835,0.0,0.31115447186159145,0.0,-10.140479060496393,7.209376767101546,0.0,-0.0
GCOT-SE-01,netlists/GCOT-SE-01__main__f20__m30dBV.cir,57.68063006253244,1.0,0.0,0.13567730504577835,0.0,0.311154510519912,0.0,-10.140477981347882,7.209377846250057,0.0,-0.0
GCOT-SE-01,netlists/GCOT-SE-01__main__f20__m30dBV.cir,58.34854028002366,1.0,0.0,0.13567730504577835,0.0,0.3111545482982711,0.0,-10.140476926763657,7.209378900834281,0.0,-0.0
GCOT-SE-01,netlists/GCOT-SE-01__main__f20__m30dBV.cir,59.02418453332805,1.0,0.0,0.13567730504577835,0.0,0.31115458521669853,0.0,-10.14047589618458,7.209379931413357,0.0,-0.0
GCOT-SE-01,netlists/GCOT-SE-01__main__f20__m30dBV.cir,59.70765237835953,1.0,0.0,0.13567730504577835,0.0,0.3111546212947685,0.0,-10.140474889064226,7.209380938533711,0.0,-0.0
GCOT-SE-01,netlists/GCOT-SE-01__main__f20__m30dBV.cir,60.39903440804067,1.0,0.0,0.13567730504577835,0.0,0.3111546565516094,0.0,-10.14047390486862,7.209381922729319,0.0,-0.0
GCOT-SE-01,netlists/GCOT-SE-01__main__f20__m30dBV.cir,61.09842226431062,1.0,0.0,0.13567730504577835,0.0,0.31115469100591436,0.0,-10.14047294307593,7.209382884522007,0.0,-0.0
GCOT-SE-01,netlists/GCOT-SE-01__main__f20__m30dBV.cir,61.80590865027217,1.0,0.0,0.13567730504577835,0.0,0.31115472467595096,0.0,-10.140472003176214,7.209383824421725,0.0,-0.0
GCOT-SE-01,netlists/GCOT-SE-01__main__f20__m30dBV.cir,62.52158734247947,1.0,0.0,0.13567730504577835,0.0,0.31115475757957095,0.0,-10.140471084671127,7.20938474292681,0.0,-0.0
GCOT-SE-01,netlists/GCOT-SE-01__main__f20__m30dBV.cir,63.24555320336797,1.0,0.0,0.13567730504577835,0.0,0.3111547897342199,0.0,-10.140470187073674,7.209385640524263,0.0,-0.0
GCOT-SE-01,netlists/GCOT-SE-01__main__f20__m30dBV.cir,63.97790219382835,1.0,0.0,0.13567730504577835,0.0,0.31115482115694604,0.0,-10.140469309907946,7.209386517689991,0.0,-0.0
GCOT-SE-01,netlists/GCOT-SE-01__main__f20__m30dBV.cir,64.71873138592605,1.0,0.0,0.13567730504577835,0.0,0.3111548518644098,0.0,-10.140468452708863,7.209387374889076,0.0,-0.0
GCOT-SE-01,netlists/GCOT-SE-01__main__f20__m30dBV.cir,65.46813897576804,1.0,0.0,0.13567730504577835,0.0,0.3111548818728921,0.0,-10.140467615021931,7.209388212576008,0.0,-0.0
GCOT-SE-01,netlists/GCOT-SE-01__main__f20__m30dBV.cir,66.22622429651864,1.0,0.0,0.13567730504577835,0.0,0.31115491119830363,0.0,-10.140466796403,7.209389031194937,0.0,-0.0
GCOT-SE-01,netlists/GCOT-SE-01__main__f20__m30dBV.cir,66.99308783156596,1.0,0.0,0.13567730504577835,0.0,0.3111549398561926,0.0,-10.140465996418042,7.209389831179895,0.0,-0.0
GCOT-SE-01,netlists/GCOT-SE-01__main__f20__m30dBV.cir,67.76883122784095,1.0,0.0,0.13567730504577835,0.0,0.3111549678617535,0.0,-10.140465214642889,7.209390612955049,0.0,-0.0
GCOT-SE-01,netlists/GCOT-SE-01__main__f20__m30dBV.cir,68.55355730929053,1.0,0.0,0.13567730504577835,0.0,0.31115499522983486,0.0,-10.140464450663044,7.209391376934892,0.0,-0.0
GCOT-SE-01,netlists/GCOT-SE-01__main__f20__m30dBV.cir,69.34737009050679,1.0,0.0,0.13567730504577835,0.0,0.31115502197494727,0.0,-10.14046370407344,7.2093921235244975,0.0,-0.0
GCOT-SE-01,netlists/GCOT-SE-01__main__f20__m30dBV.cir,70.15037479051406,1.0,0.0,0.13567730504577835,0.0,0.31115504811127104,0.0,-10.140462974478229,7.209392853119709,0.0,-0.0
GCOT-SE-01,netlists/GCOT-SE-01__main__f20__m30dBV.cir,70.96267784671556,1.0,0.0,0.13567730504577835,0.0,0.3111550736526637,0.0,-10.14046226149057,7.209393566107366,0.0,-0.0
GCOT-SE-01,netlists/GCOT-SE-01__main__f20__m30dBV.cir,71.78438692900153,1.0,0.0,0.13567730504577835,0.0,0.3111550986126673,0.0,-10.140461564732437,7.2093942628655,0.0,-0.0
GCOT-SE-01,netlists/GCOT-SE-01__main__f20__m30dBV.cir,72.61561095402077,1.0,0.0,0.13567730504577835,0.0,0.3111551230045158,0.0,-10.1404608838344,7.209394943763536,0.0,-0.0
GCOT-SE-01,netlists/GCOT-SE-01__main__f20__m30dBV.cir,73.45646009961744,1.0,0.0,0.13567730504577835,0.0,0.3111551468411417,0.0,-10.140460218435445,7.209395609162492,0.0,-0.0
GCOT-SE-01,netlists/GCOT-SE-01__main__f20__m30dBV.cir,74.30704581943503,1.0,0.0,0.13567730504577835,0.0,0.31115517013518323,0.0,-10.140459568182772,7.209396259415165,0.0,-0.0
GCOT-SE-01,netlists/GCOT-SE-01__main__f20__m30dBV.cir,75.16748085768937,1.0,0.0,0.13567730504577835,0.0,0.3111551928989911,0.0,-10.140458932731606,7.209396894866331,0.0,-0.0
GCOT-SE-01,netlists/GCOT-SE-01__main__f20__m30dBV.cir,76.03787926411279,1.0,0.0,0.13567730504577835,0.0,0.3111552151446346,0.0,-10.14045831174503,7.209397515852908,0.0,-0.0
GCOT-SE-01,netlists/GCOT-SE-01__main__f20__m30dBV.cir,76.91835640907128,1.0,0.0,0.13567730504577835,0.0,0.3111552368839085,0.0,-10.140457704893793,7.209398122704144,0.0,-0.0
GCOT-SE-01,netlists/GCOT-SE-01__main__f20__m30dBV.cir,77.8090289988567,1.0,0.0,0.13567730504577835,0.0,0.3111552581283391,0.0,-10.140457111856133,7.209398715741803,0.0,-0.0
GCOT-SE-01,netlists/GCOT-SE-01__main__f20__m30dBV.cir,78.7100150911561,1.0,0.0,0.13567730504577835,0.0,0.3111552788891902,0.0,-10.140456532317621,7.209399295280314,0.0,-0.0
GCOT-SE-01,netlists/GCOT-SE-01__main__f20__m30dBV.cir,79.62143411070006,1.0,0.0,0.13567730504577835,0.0,0.31115529917746926,0.0,-10.14045596597098,7.209399861626956,0.0,-0.0
GCOT-SE-01,netlists/GCOT-SE-01__main__f20__m30dBV.cir,80.54340686509245,1.0,0.0,0.13567730504577835,0.0,0.3111553190039333,0.0,-10.140455412515927,7.209400415082011,0.0,-0.0
GCOT-SE-01,netlists/GCOT-SE-01__main__f20__m30dBV.cir,81.47605556082318,1.0,0.0,0.13567730504577835,0.0,0.31115533837909437,0.0,-10.140454871659013,7.209400955938925,0.0,-0.0
GCOT-SE-01,netlists/GCOT-SE-01__main__f20__m30dBV.cir,82.4195038194667,1.0,0.0,0.13567730504577835,0.0,0.3111553573132252,0.0,-10.140454343113474,7.209401484484463,0.0,-0.0
GCOT-SE-01,netlists/GCOT-SE-01__main__f20__m30dBV.cir,83.37387669406775,1.0,0.0,0.13567730504577835,0.0,0.31115537581636493,0.0,-10.140453826599067,7.209402000998869,0.0,-0.0
GCOT-SE-01,netlists/GCOT-SE-01__main__f20__m30dBV.cir,84.33930068571713,1.0,0.0,0.13567730504577835,0.0,0.31115539389832386,0.0,-10.140453321841935,7.209402505756001,0.0,-0.0
GCOT-SE-01,netlists/GCOT-SE-01__main__f20__m30dBV.cir,85.31590376031923,1.0,0.0,0.13567730504577835,0.0,0.31115541156868914,0.0,-10.140452828574452,7.209402999023487,0.0,-0.0
GCOT-SE-01,netlists/GCOT-SE-01__main__f20__m30dBV.cir,86.30381536555376,1.0,0.0,0.13567730504577835,0.0,0.31115542883682973,0.0,-10.140452346535078,7.209403481062858,0.0,-0.0
GCOT-SE-01,netlists/GCOT-SE-01__main__f20__m30dBV.cir,87.30316644803392,1.0,0.0,0.13567730504577835,0.0,0.3111554457119014,0.0,-10.140451875468234,7.209403952129704,0.0,-0.0
GCOT-SE-01,netlists/GCOT-SE-01__main__f20__m30dBV.cir,88.31408947066325,1.0,0.0,0.13567730504577835,0.0,0.3111554622028512,0.0,-10.140451415124158,7.209404412473779,0.0,-0.0
GCOT-SE-01,netlists/GCOT-SE-01__main__f20__m30dBV.cir,89.33671843019339,1.0,0.0,0.13567730504577835,0.0,0.3111554783184229,0.0,-10.140450965258767,7.20940486233917,0.0,-0.0
GCOT-SE-01,netlists/GCOT-SE-01__main__f20__m30dBV.cir,90.37118887498525,1.0,0.0,0.13567730504577835,0.0,0.31115549406716103,0.0,-10.14045052563354,7.209405301964399,0.0,-0.0
GCOT-SE-01,netlists/GCOT-SE-01__main__f20__m30dBV.cir,91.4176379229758,1.0,0.0,0.13567730504577835,0.0,0.31115550945741566,0.0,-10.140450096015382,7.209405731582556,0.0,-0.0
GCOT-SE-01,netlists/GCOT-SE-01__main__f20__m30dBV.cir,92.47620427985287,1.0,0.0,0.13567730504577835,0.0,0.31115552449734674,0.0,-10.14044967617651,7.209406151421428,0.0,-0.0
GCOT-SE-01,netlists/GCOT-SE-01__main__f20__m30dBV.cir,93.54702825744046,1.0,0.0,0.13567730504577835,0.0,0.3111555391949286,0.0,-10.140449265894315,7.209406561703621,0.0,-0.0
GCOT-SE-01,netlists/GCOT-SE-01__main__f20__m30dBV.cir,94.63025179229693,1.0,0.0,0.13567730504577835,0.0,0.31115555355795405,0.0,-10.140448864951265,7.209406962646671,0.0,-0.0
GCOT-SE-01,netlists/GCOT-SE-01__main__f20__m30dBV.cir,95.72601846452852,1.0,0.0,0.13567730504577835,0.0,0.31115556759403834,0.0,-10.140448473134779,7.209407354463161,0.0,-0.0
GCOT-SE-01,netlists/GCOT-SE-01__main__f20__m30dBV.cir,96.83447351682074,1.0,0.0,0.13567730504577835,0.0,0.3111555813106236,0.0,-10.140448090237104,7.209407737360833,0.0,-0.0
GCOT-SE-01,netlists/GCOT-SE-01__main__f20__m30dBV.cir,97.95576387369012,1.0,0.0,0.13567730504577835,0.0,0.31115559471498244,0.0,-10.140447716055228,7.20940811154271,0.0,-0.0
GCOT-SE-01,netlists/GCOT-SE-01__main__f20__m30dBV.cir,99.09003816095894,1.0,0.0,0.13567730504577835,0.0,0.3111556078142219,0.0,-10.140447350390755,7.209408477207182,0.0,-0.0
GCOT-SE-01,netlists/GCOT-SE-01__main__f20__m30dBV.cir,100.23744672545537,1.0,0.0,0.13567730504577835,0.0,0.31115562061528734,0.0,-10.14044699304981,7.209408834548126,0.0,-0.0
GCOT-SE-01,netlists/GCOT-SE-01__main__f20__m30dBV.cir,101.39814165494181,1.0,0.0,0.13567730504577835,0.0,0.311155633124966,0.0,-10.140446643842921,7.2094091837550165,0.0,-0.0
GCOT-SE-01,netlists/GCOT-SE-01__main__f20__m30dBV.cir,102.57227679827393,1.0,0.0,0.13567730504577835,0.0,0.3111556453498906,0.0,-10.140446302584941,7.2094095250129975,0.0,-0.0
GCOT-SE-01,netlists/GCOT-SE-01__main__f20__m30dBV.cir,103.7600077857932,1.0,0.0,0.13567730504577835,0.0,0.3111556572965428,0.0,-10.140445969094925,7.209409858503014,0.0,-0.0
GCOT-SE-01,netlists/GCOT-SE-01__main__f20__m30dBV.cir,104.96149204995552,1.0,0.0,0.13567730504577835,0.0,0.31115566897125696,0.0,-10.140445643196054,7.209410184401882,0.0,-0.0
GCOT-SE-01,netlists/GCOT-SE-01__main__f20__m30dBV.cir,106.1768888461987,1.0,0.0,0.13567730504577835,0.0,0.311155680380223,0.0,-10.14044532471554,7.209410502882399,0.0,-0.0
GCOT-SE-01,netlists/GCOT-SE-01__main__f20__m30dBV.cir,107.40635927405158,1.0,0.0,0.13567730504577835,0.0,0.3111556915294901,0.0,-10.140445013484513,7.209410814113425,0.0,-0.0
GCOT-SE-01,netlists/GCOT-SE-01__main__f20__m30dBV.cir,108.6500662984877,1.0,0.0,0.13567730504577835,0.0,0.31115570242496965,0.0,-10.14044470933796,7.20941111825998,0.0,-0.0
GCOT-SE-01,netlists/GCOT-SE-01__main__f20__m30dBV.cir,109.90817477152599,1.0,0.0,0.13567730504577835,0.0,0.3111557130724385,0.0,-10.140444412114618,7.20941141548332,0.0,-0.0
GCOT-SE-01,netlists/GCOT-SE-01__main__f20__m30dBV.cir,111.18085145408182,1.0,0.0,0.13567730504577835,0.0,0.3111557234775421,0.0,-10.140444121656893,7.2094117059410445,0.0,-0.0
GCOT-SE-01,netlists/GCOT-SE-01__main__f20__m30dBV.cir,112.46826503807094,1.0,0.0,0.13567730504577835,0.0,0.3111557336457973,0.0,-10.140443837810786,7.209411989787152,0.0,-0.0
GCOT-SE-01,netlists/GCOT-SE-01__main__f20__m30dBV.cir,113.77058616876943,1.0,0.0,0.13567730504577835,0.0,0.3111557435825954,0.0,-10.140443560425796,7.209412267172143,0.0,-0.0
GCOT-SE-01,netlists/GCOT-SE-01__main__f20__m30dBV.cir,115.08798746743254,1.0,0.0,0.13567730504577835,0.0,0.31115575329320494,0.0,-10.14044328935485,7.209412538243088,0.0,-0.0
GCOT-SE-01,netlists/GCOT-SE-01__main__f20__m30dBV.cir,116.42064355417546,1.0,0.0,0.13567730504577835,0.0,0.3111557627827747,0.0,-10.140443024454221,7.2094128031437155,0.0,-0.0
GCOT-SE-01,netlists/GCOT-SE-01__main__f20__m30dBV.cir,117.76873107111899,1.0,0.0,0.13567730504577835,0.0,0.31115577205633593,0.0,-10.140442765583463,7.209413062014472,0.0,-0.0
GCOT-SE-01,netlists/GCOT-SE-01__main__f20__m30dBV.cir,119.1324287058033,1.0,0.0,0.13567730504577835,0.0,0.3111557811188057,0.0,-10.140442512605315,7.209413314992622,0.0,-0.0
GCOT-SE-01,netlists/GCOT-SE-01__main__f20__m30dBV.cir,120.51191721487278,1.0,0.0,0.13567730504577835,0.0,0.31115578997498905,0.0,-10.140442265385643,7.209413562212294,0.0,-0.0
GCOT-SE-01,netlists/GCOT-SE-01__main__f20__m30dBV.cir,121.90737944803509,1.0,0.0,0.13567730504577835,0.0,0.3111557986295815,0.0,-10.140442023793375,7.209413803804564,0.0,-0.0
GCOT-SE-01,netlists/GCOT-SE-01__main__f20__m30dBV.cir,123.31900037229771,1.0,0.0,0.13567730504577835,0.0,0.3111558070871718,0.0,-10.140441787700409,7.209414039897528,0.0,-0.0
GCOT-SE-01,netlists/GCOT-SE-01__main__f20__m30dBV.cir,124.74696709648515,1.0,0.0,0.13567730504577835,0.0,0.3111558153522443,0.0,-10.14044155698157,7.209414270616367,0.0,-0.0
GCOT-SE-01,netlists/GCOT-SE-01__main__f20__m30dBV.cir,126.19146889603998,1.0,0.0,0.13567730504577835,0.0,0.31115582342918124,0.0,-10.140441331514525,7.209414496083413,0.0,-0.0
GCOT-SE-01,netlists/GCOT-SE-01__main__f20__m30dBV.cir,127.65269723811109,1.0,0.0,0.13567730504577835,0.0,0.31115583132226504,0.0,-10.140441111179733,7.209414716418205,0.0,-0.0
GCOT-SE-01,netlists/GCOT-SE-01__main__f20__m30dBV.cir,129.13084580693248,1.0,0.0,0.13567730504577835,0.0,0.31115583903568067,0.0,-10.140440895860365,7.209414931737571,0.0,-0.0
GCOT-SE-01,netlists/GCOT-SE-01__main__f20__m30dBV.cir,130.6261105294959,1.0,0.0,0.13567730504577835,0.0,0.3111558465735179,0.0,-10.140440685442263,7.209415142155674,0.0,-0.0
GCOT-SE-01,netlists/GCOT-SE-01__main__f20__m30dBV.cir,132.13868960152064,1.0,0.0,0.13567730504577835,0.0,0.3111558539397734,0.0,-10.140440479813854,7.209415347784082,0.0,-0.0
GCOT-SE-01,netlists/GCOT-SE-01__main__f20__m30dBV.cir,133.66878351372438,1.0,0.0,0.13567730504577835,0.0,0.3111558611383528,0.0,-10.140440278866114,7.209415548731821,0.0,-0.0
GCOT-SE-01,netlists/GCOT-SE-01__main__f20__m30dBV.cir,135.21659507839783,1.0,0.0,0.13567730504577835,0.0,0.31115586817307284,0.0,-10.140440082492502,7.209415745105437,0.0,-0.0
GCOT-SE-01,netlists/GCOT-SE-01__main__f20__m30dBV.cir,136.78232945628736,1.0,0.0,0.13567730504577835,0.0,0.3111558750476634,0.0,-10.14043989058889,7.209415937009047,0.0,-0.0
GCOT-SE-01,netlists/GCOT-SE-01__main__f20__m30dBV.cir,138.36619418378882,1.0,0.0,0.13567730504577835,0.0,0.3111558817657694,0.0,-10.140439703053538,7.209416124544399,0.0,-0.0
GCOT-SE-01,netlists/GCOT-SE-01__main__f20__m30dBV.cir,139.96839920045625,1.0,0.0,0.13567730504577835,0.0,0.311155888330953,0.0,-10.140439519787005,7.20941630781093,0.0,-0.0
GCOT-SE-01,netlists/GCOT-SE-01__main__f20__m30dBV.cir,141.58915687682915,1.0,0.0,0.13567730504577835,0.0,0.311155894746695,0.0,-10.140439340692124,7.209416486905812,0.0,-0.0
GCOT-SE-01,netlists/GCOT-SE-01__main__f20__m30dBV.cir,143.228682042582,1.0,0.0,0.13567730504577835,0.0,0.3111559010163972,0.0,-10.14043916567394,7.209416661923998,0.0,-0.0
GCOT-SE-01,netlists/GCOT-SE-01__main__f20__m30dBV.cir,144.88719201499964,1.0,0.0,0.13567730504577835,0.0,0.3111559071433837,0.0,-10.140438994639652,7.209416832958288,0.0,-0.0
GCOT-SE-01,netlists/GCOT-SE-01__main__f20__m30dBV.cir,146.56490662778248,1.0,0.0,0.13567730504577835,0.0,0.3111559131309033,0.0,-10.140438827498572,7.209417000099365,0.0,-0.0
GCOT-SE-01,netlists/GCOT-SE-01__main__f20__m30dBV.cir,148.2620482601852,1.0,0.0,0.13567730504577835,0.0,0.31115591898213046,0.0,-10.140438664162089,7.209417163435851,0.0,-0.0
GCOT-SE-01,netlists/GCOT-SE-01__main__f20__m30dBV.cir,149.9788418664929,1.0,0.0,0.13567730504577835,0.0,0.3111559247001677,0.0,-10.140438504543592,7.209417323054347,0.0,-0.0
GCOT-SE-01,netlists/GCOT-SE-01__main__f20__m30dBV.cir,151.7155150058385,1.0,0.0,0.13567730504577835,0.0,0.31115593028804667,0.0,-10.140438348558455,7.209417479039483,0.0,-0.0
GCOT-SE-01,netlists/GCOT-SE-01__main__f20__m30dBV.cir,153.47229787236557,1.0,0.0,0.13567730504577835,0.0,0.3111559357487302,0.0,-10.140438196123968,7.209417631473968,0.0,-0.0
GCOT-SE-01,netlists/GCOT-SE-01__main__f20__m30dBV.cir,155.24942332574017,1.0,0.0,0.13567730504577835,0.0,0.3111559410851136,0.0,-10.140438047159313,7.209417780438625,0.0,-0.0
GCOT-SE-01,netlists/GCOT-SE-01__main__f20__m30dBV.cir,157.04712692201622,1.0,0.0,0.13567730504577835,0.0,0.3111559463000263,0.0,-10.140437901585502,7.209417926012433,0.0,-0.0
GCOT-SE-01,netlists/GCOT-SE-01__main__f20__m30dBV.cir,158.86564694485818,1.0,0.0,0.13567730504577835,0.0,0.3111559513962332,0.0,-10.140437759325355,7.20941806827258,0.0,-0.0
GCOT-SE-01,netlists/GCOT-SE-01__main__f20__m30dBV.cir,160.70522443712537,1.0,0.0,0.13567730504577835,0.0,0.31115595637643645,0.0,-10.140437620303445,7.209418207294494,0.0,-0.0
GCOT-SE-01,netlists/GCOT-SE-01__main__f20__m30dBV.cir,162.5661032328218,1.0,0.0,0.13567730504577835,0.0,0.31115596124327655,0.0,-10.140437484446053,7.209418343151882,0.0,-0.0
GCOT-SE-01,netlists/GCOT-SE-01__main__f20__m30dBV.cir,164.44852998941622,1.0,0.0,0.13567730504577835,0.0,0.31115596599933404,0.0,-10.140437351681156,7.209418475916781,0.0,-0.0
GCOT-SE-01,netlists/GCOT-SE-01__main__f20__m30dBV.cir,166.3527542205362,1.0,0.0,0.13567730504577835,0.0,0.3111559706471306,0.0,-10.140437221938353,7.209418605659586,0.0,-0.0
GCOT-SE-01,netlists/GCOT-SE-01__main__f20__m30dBV.cir,168.27902832904107,1.0,0.0,0.13567730504577835,0.0,0.31115597518913046,0.0,-10.140437095148853,7.209418732449084,0.0,-0.0
GCOT-SE-01,netlists/GCOT-SE-01__main__f20__m30dBV.cir,170.22760764047737,1.0,0.0,0.13567730504577835,0.0,0.31115597962774194,0.0,-10.140436971245435,7.209418856352503,0.0,-0.0
GCOT-SE-01,netlists/GCOT-SE-01__main__f20__m30dBV.cir,172.19875043692224,1.0,0.0,0.13567730504577835,0.0,0.31115598396531835,0.0,-10.140436850162402,7.209418977435536,0.0,-0.0
GCOT-SE-01,netlists/GCOT-SE-01__main__f20__m30dBV.cir,174.19271799121827,1.0,0.0,0.13567730504577835,0.0,0.3111559882041597,0.0,-10.140436731835551,7.209419095762386,0.0,-0.0
GCOT-SE-01,netlists/GCOT-SE-01__main__f20__m30dBV.cir,176.209774601605,1.0,0.0,0.13567730504577835,0.0,0.31115599234651325,0.0,-10.140436616202146,7.20941921139579,0.0,-0.0
GCOT-SE-01,netlists/GCOT-SE-01__main__f20__m30dBV.cir,178.25018762675134,1.0,0.0,0.13567730504577835,0.0,0.3111559963945755,0.0,-10.140436503200881,7.209419324397057,0.0,-0.0
GCOT-SE-01,netlists/GCOT-SE-01__main__f20__m30dBV.cir,180.31422752119366,1.0,0.0,0.13567730504577835,0.0,0.3111560003504927,0.0,-10.140436392771832,7.2094194348261045,0.0,-0.0
GCOT-SE-01,netlists/GCOT-SE-01__main__f20__m30dBV.cir,182.40216787118428,1.0,0.0,0.13567730504577835,0.0,0.31115600421636225,0.0,-10.140436284856458,7.209419542741477,0.0,-0.0
GCOT-SE-01,netlists/GCOT-SE-01__main__f20__m30dBV.cir,184.514285430955,1.0,0.0,0.13567730504577835,0.0,0.31115600799423404,0.0,-10.140436179397536,7.209419648200401,0.0,-0.0
GCOT-SE-01,netlists/GCOT-SE-01__main__f20__m30dBV.cir,186.65086015940062,1.0,0.0,0.13567730504577835,0.0,0.311156011686111,0.0,-10.14043607633915,7.209419751258787,0.0,-0.0
GCOT-SE-01,netlists/GCOT-SE-01__main__f20__m30dBV.cir,188.81217525718714,1.0,0.0,0.13567730504577835,0.0,0.31115601529395076,0.0,-10.140435975626655,7.2094198519712815,0.0,-0.0
GCOT-SE-01,netlists/GCOT-SE-01__main__f20__m30dBV.cir,190.9985172042897,1.0,0.0,0.13567730504577835,0.0,0.3111560188196661,0.0,-10.14043587720666,7.209419950391278,0.0,-0.0
GCOT-SE-01,netlists/GCOT-SE-01__main__f20__m30dBV.cir,193.21017579796523,1.0,0.0,0.13567730504577835,0.0,0.3111560222651264,0.0,-10.140435781026975,7.209420046570961,0.0,-0.0
GCOT-SE-01,netlists/GCOT-SE-01__main__f20__m30dBV.cir,195.44744419116475,1.0,0.0,0.13567730504577835,0.0,0.3111560256321585,0.0,-10.140435687036607,7.209420140561329,0.0,-0.0
GCOT-SE-01,netlists/GCOT-SE-01__main__f20__m30dBV.cir,197.71061893139043,1.0,0.0,0.13567730504577835,0.0,0.31115602892254773,0.0,-10.14043559518572,7.209420232412218,0.0,-0.0
GCOT-SE-01,netlists/GCOT-SE-01__main__f20__m30dBV.cir,200.0000000000027,1.0,0.0,0.13567730504577835,0.0,0.3111560321380386,0.0,-10.14043550542561,7.209420322172326,0.0,-0.0
GCOT-SE-01,netlists/GCOT-SE-01__main__f20__m30dBV.cir,202.31589085198246,1.0,0.0,0.13567730504577835,0.0,0.31115603528033603,0.0,-10.14043541770869,7.209420409889246,0.0,-0.0
GCOT-SE-01,netlists/GCOT-SE-01__main__f20__m30dBV.cir,204.6585984561536,1.0,0.0,0.13567730504577835,0.0,0.3111560383511061,0.0,-10.140435331988451,7.209420495609486,0.0,-0.0
GCOT-SE-01,netlists/GCOT-SE-01__main__f20__m30dBV.cir,207.0284333358716,1.0,0.0,0.13567730504577835,0.0,0.31115604135197694,0.0,-10.140435248219443,7.209420579378495,0.0,-0.0
GCOT-SE-01,netlists/GCOT-SE-01__main__f20__m30dBV.cir,209.4257096101828,1.0,0.0,0.13567730504577835,0.0,0.31115604428453975,0.0,-10.14043516635725,7.209420661240689,0.0,-0.0
GCOT-SE-01,netlists/GCOT-SE-01__main__f20__m30dBV.cir,211.8507450354607,1.0,0.0,0.13567730504577835,0.0,0.3111560471503493,0.0,-10.140435086358464,7.209420741239474,0.0,-0.0
GCOT-SE-01,netlists/GCOT-SE-01__main__f20__m30dBV.cir,214.30386104752426,1.0,0.0,0.13567730504577835,0.0,0.31115604995092505,0.0,-10.140435008180674,7.209420819417263,0.0,-0.0
GCOT-SE-01,netlists/GCOT-SE-01__main__f20__m30dBV.cir,216.78538280424374,1.0,0.0,0.13567730504577835,0.0,0.311156052687752,0.0,-10.140434931782426,7.2094208958155095,0.0,-0.0
GCOT-SE-01,netlists/GCOT-SE-01__main__f20__m30dBV.cir,219.29563922864008,1.0,0.0,0.13567730504577835,0.0,0.3111560553622812,0.0,-10.140434857123218,7.209420970474722,0.0,-0.0
GCOT-SE-01,netlists/GCOT-SE-01__main__f20__m30dBV.cir,221.83496305248335,1.0,0.0,0.13567730504577835,0.0,0.31115605797593077,0.0,-10.140434784163455,7.209421043434483,0.0,-0.0
GCOT-SE-01,netlists/GCOT-SE-01__main__f20__m30dBV.cir,224.40369086039587,1.0,0.0,0.13567730504577835,0.0,0.3111560605300864,0.0,-10.140434712864462,7.209421114733475,0.0,-0.0
GCOT-SE-01,netlists/GCOT-SE-01__main__f20__m30dBV.cir,227.00216313446626,1.0,0.0,0.13567730504577835,0.0,0.3111560630261024,0.0,-10.14043464318843,7.209421184409508,0.0,-0.0
GCOT-SE-01,netlists/GCOT-SE-01__main__f20__m30dBV.cir,229.63072429937984,1.0,0.0,0.13567730504577835,0.0,0.31115606546530217,0.0,-10.140434575098418,7.209421252499519,0.0,-0.0
GCOT-SE-01,netlists/GCOT-SE-01__main__f20__m30dBV.cir,232.2897227680719,1.0,0.0,0.13567730504577835,0.0,0.3111560678489791,0.0,-10.140434508558322,7.209421319039615,0.0,-0.0
GCOT-SE-01,netlists/GCOT-SE-01__main__f20__m30dBV.cir,234.97951098790932,1.0,0.0,0.13567730504577835,0.0,0.31115607017839686,0.0,-10.140434443532865,7.209421384065072,0.0,-0.0
GCOT-SE-01,netlists/GCOT-SE-01__main__f20__m30dBV.cir,237.70044548740717,1.0,0.0,0.13567730504577835,0.0,0.31115607245479066,0.0,-10.140434379987566,7.20942144761037,0.0,-0.0
GCOT-SE-01,netlists/GCOT-SE-01__main__f20__m30dBV.cir,240.45288692348612,1.0,0.0,0.13567730504577835,0.0,0.31115607467936746,0.0,-10.140434317888737,7.209421509709202,0.0,-0.0
GCOT-SE-01,netlists/GCOT-SE-01__main__f20__m30dBV.cir,243.2372001292772,1.0,0.0,0.13567730504577835,0.0,0.3111560768533067,0.0,-10.140434257203445,7.2094215703944915,0.0,-0.0
GCOT-SE-01,netlists/GCOT-SE-01__main__f20__m30dBV.cir,246.05375416247998,1.0,0.0,0.13567730504577835,0.0,0.3111560789777611,0.0,-10.140434197899522,7.209421629698416,0.0,-0.0
GCOT-SE-01,netlists/GCOT-SE-01__main__f20__m30dBV.cir,248.90292235428075,1.0,0.0,0.13567730504577835,0.0,0.31115608105385706,0.0,-10.140434139945517,7.2094216876524175,0.0,-0.0
GCOT-SE-01,netlists/GCOT-SE-01__main__f20__m30dBV.cir,251.78508235883723,1.0,0.0,0.13567730504577835,0.0,0.31115608308269527,0.0,-10.140434083310712,7.2094217442872255,0.0,-0.0
GCOT-SE-01,netlists/GCOT-SE-01__main__f20__m30dBV.cir,254.70061620333618,1.0,0.0,0.13567730504577835,0.0,0.3111560850653516,0.0,-10.140434027965068,7.20942179963287,0.0,-0.0
GCOT-SE-01,netlists/GCOT-SE-01__main__f20__m30dBV.cir,257.6499103386307,1.0,0.0,0.13567730504577835,0.0,0.3111560870028771,0.0,-10.140433973879244,7.209421853718693,0.0,-0.0
GCOT-SE-01,netlists/GCOT-SE-01__main__f20__m30dBV.cir,260.6333556904639,1.0,0.0,0.13567730504577835,0.0,0.3111560888962992,0.0,-10.140433921024565,7.209421906573372,0.0,-0.0
GCOT-SE-01,netlists/GCOT-SE-01__main__f20__m30dBV.cir,263.6513477112855,1.0,0.0,0.13567730504577835,0.0,0.31115609074662176,0.0,-10.140433869373005,7.209421958224932,0.0,-0.0
GCOT-SE-01,netlists/GCOT-SE-01__main__f20__m30dBV.cir,266.70428643266894,1.0,0.0,0.13567730504577835,0.0,0.31115609255482585,0.0,-10.140433818897176,7.20942200870076,0.0,-0.0
GCOT-SE-01,netlists/GCOT-SE-01__main__f20__m30dBV.cir,269.7925765183349,1.0,0.0,0.13567730504577835,0.0,0.31115609432187025,0.0,-10.140433769570318,7.209422058027619,0.0,-0.0
GCOT-SE-01,netlists/GCOT-SE-01__main__f20__m30dBV.cir,272.91662731778916,1.0,0.0,0.13567730504577835,0.0,0.3111560960486918,0.0,-10.140433721366275,7.209422106231661,0.0,-0.0
GCOT-SE-01,netlists/GCOT-SE-01__main__f20__m30dBV.cir,276.0768529205813,1.0,0.0,0.13567730504577835,0.0,0.3111560977362061,0.0,-10.140433674259492,7.209422153338445,0.0,-0.0
GCOT-SE-01,netlists/GCOT-SE-01__main__f20__m30dBV.cir,279.2736722111919,1.0,0.0,0.13567730504577835,0.0,0.3111560993853079,0.0,-10.14043362822499,7.209422199372948,0.0,-0.0
GCOT-SE-01,netlists/GCOT-SE-01__main__f20__m30dBV.cir,282.50750892455534,1.0,0.0,0.13567730504577835,0.0,0.31115610099687163,0.0,-10.140433583238359,7.209422244359578,0.0,-0.0
GCOT-SE-01,netlists/GCOT-SE-01__main__f20__m30dBV.cir,285.77879170222513,1.0,0.0,0.13567730504577835,0.0,0.31115610257175164,0.0,-10.140433539275751,7.2094222883221875,0.0,-0.0
GCOT-SE-01,netlists/GCOT-SE-01__main__f20__m30dBV.cir,289.0879541491901,1.0,0.0,0.13567730504577835,0.0,0.31115610411078304,0.0,-10.140433496313852,7.2094223312840855,0.0,-0.0
GCOT-SE-01,netlists/GCOT-SE-01__main__f20__m30dBV.cir,292.43543489134834,1.0,0.0,0.13567730504577835,0.0,0.31115610561478185,0.0,-10.140433454329884,7.209422373268052,0.0,-0.0
GCOT-SE-01,netlists/GCOT-SE-01__main__f20__m30dBV.cir,295.82167763364623,1.0,0.0,0.13567730504577835,0.0,0.3111561070845455,0.0,-10.140433413301588,7.209422414296348,0.0,-0.0
GCOT-SE-01,netlists/GCOT-SE-01__main__f20__m30dBV.cir,299.2471312188915,1.0,0.0,0.13567730504577835,0.0,0.31115610852085324,0.0,-10.140433373207212,7.209422454390726,0.0,-0.0
GCOT-SE-01,netlists/GCOT-SE-01__main__f20__m30dBV.cir,302.7122496872465,1.0,0.0,0.13567730504577835,0.0,0.3111561099244666,0.0,-10.140433334025495,7.2094224935724425,0.0,-0.0
GCOT-SE-01,netlists/GCOT-SE-01__main__f20__m30dBV.cir,306.217492336411,1.0,0.0,0.13567730504577835,0.0,0.31115611129612986,0.0,-10.14043329573566,7.209422531862276,0.0,-0.0
GCOT-SE-01,netlists/GCOT-SE-01__main__f20__m30dBV.cir,309.76332378250135,1.0,0.0,0.13567730504577835,0.0,0.3111561126365703,0.0,-10.14043325831741,7.2094225692805285,0.0,-0.0
GCOT-SE-01,netlists/GCOT-SE-01__main__f20__m30dBV.cir,313.350214021635,1.0,0.0,0.13567730504577835,0.0,0.3111561139464985,0.0,-10.140433221750902,7.209422605847033,0.0,-0.0
GCOT-SE-01,netlists/GCOT-SE-01__main__f20__m30dBV.cir,316.97863849222796,1.0,0.0,0.13567730504577835,0.0,0.3111561152266092,0.0,-10.14043318601675,7.209422641581188,0.0,-0.0
GCOT-SE-01,netlists/GCOT-SE-01__main__f20__m30dBV.cir,320.64907813801364,1.0,0.0,0.13567730504577835,0.0,0.31115611647758096,0.0,-10.140433151096007,7.20942267650193,0.0,-0.0
GCOT-SE-01,netlists/GCOT-SE-01__main__f20__m30dBV.cir,324.3620194717914,1.0,0.0,0.13567730504577835,0.0,0.3111561177000772,0.0,-10.140433116970158,7.209422710627781,0.0,-0.0
GCOT-SE-01,netlists/GCOT-SE-01__main__f20__m30dBV.cir,328.11795463991336,1.0,0.0,0.13567730504577835,0.0,0.311156118894746,0.0,-10.140433083621105,7.209422743976833,0.0,-0.0
GCOT-SE-01,netlists/GCOT-SE-01__main__f20__m30dBV.cir,331.91738148751773,1.0,0.0,0.13567730504577835,0.0,0.3111561200622209,0.0,-10.140433051031168,7.209422776566768,0.0,-0.0
GCOT-SE-01,netlists/GCOT-SE-01__main__f20__m30dBV.cir,335.76080362451773,1.0,0.0,0.13567730504577835,0.0,0.31115612120312075,0.0,-10.140433019183071,7.209422808414866,0.0,-0.0
GCOT-SE-01,netlists/GCOT-SE-01__main__f20__m30dBV.cir,339.6487304923546,1.0,0.0,0.13567730504577835,0.0,0.31115612231805057,0.0,-10.140432988059924,7.209422839538012,0.0,-0.0
GCOT-SE-01,netlists/GCOT-SE-01__main__f20__m30dBV.cir,343.5816774315235,1.0,0.0,0.13567730504577835,0.0,0.31115612340760146,0.0,-10.140432957645231,7.209422869952709,0.0,-0.0
GCOT-SE-01,netlists/GCOT-SE-01__main__f20__m30dBV.cir,347.56016574988104,1.0,0.0,0.13567730504577835,0.0,0.31115612447235125,0.0,-10.140432927922854,7.209422899675083,0.0,-0.0
GCOT-SE-01,netlists/GCOT-SE-01__main__f20__m30dBV.cir,351.5847227917446,1.0,0.0,0.13567730504577835,0.0,0.3111561255128643,0.0,-10.140432898877044,7.209422928720893,0.0,-0.0
GCOT-SE-01,netlists/GCOT-SE-01__main__f20__m30dBV.cir,355.6558820077907,1.0,0.0,0.13567730504577835,0.0,0.31115612652969243,0.0,-10.140432870492397,7.209422957105539,0.0,-0.0
GCOT-SE-01,netlists/GCOT-SE-01__main__f20__m30dBV.cir,359.7741830257638,1.0,0.0,0.13567730504577835,0.0,0.3111561275233747,0.0,-10.140432842753864,7.209422984844073,0.0,-0.0
GCOT-SE-01,netlists/GCOT-SE-01__main__f20__m30dBV.cir,363.940171722003,1.0,0.0,0.13567730504577835,0.0,0.311156128494438,0.0,-10.140432815646736,7.209423011951202,0.0,-0.0
GCOT-SE-01,netlists/GCOT-SE-01__main__f20__m30dBV.cir,368.1544002937976,1.0,0.0,0.13567730504577835,0.0,0.31115612944339727,0.0,-10.140432789156645,7.209423038441295,0.0,-0.0
GCOT-SE-01,netlists/GCOT-SE-01__main__f20__m30dBV.cir,372.41742733258,1.0,0.0,0.13567730504577835,0.0,0.31115613037075557,0.0,-10.140432763269535,7.2094230643284005,0.0,-0.0
GCOT-SE-01,netlists/GCOT-SE-01__main__f20__m30dBV.cir,376.7298178979667,1.0,0.0,0.13567730504577835,0.0,0.3111561312770046,0.0,-10.140432737971691,7.209423089626244,0.0,-0.0
GCOT-SE-01,netlists/GCOT-SE-01__main__f20__m30dBV.cir,381.09214359265616,1.0,0.0,0.13567730504577835,0.0,0.3111561321626249,0.0,-10.140432713249698,7.209423114348239,0.0,-0.0
GCOT-SE-01,netlists/GCOT-SE-01__main__f20__m30dBV.cir,385.504982638194,1.0,0.0,0.13567730504577835,0.0,0.311156133028086,0.0,-10.140432689090446,7.209423138507491,0.0,-0.0
GCOT-SE-01,netlists/GCOT-SE-01__main__f20__m30dBV.cir,389.968919951616,1.0,0.0,0.13567730504577835,0.0,0.31115613387384683,0.0,-10.140432665481123,7.209423162116815,0.0,-0.0
GCOT-SE-01,netlists/GCOT-SE-01__main__f20__m30dBV.cir,394.48454722297777,1.0,0.0,0.13567730504577835,0.0,0.3111561347003558,0.0,-10.140432642409216,7.209423185188721,0.0,-0.0
GCOT-SE-01,netlists/GCOT-SE-01__main__f20__m30dBV.cir,399.052462993783,1.0,0.0,0.13567730504577835,0.0,0.31115613550805116,0.0,-10.140432619862487,7.209423207735449,0.0,-0.0
GCOT-SE-01,netlists/GCOT-SE-01__main__f20__m30dBV.cir,403.6732727363194,1.0,0.0,0.13567730504577835,0.0,0.3111561362973611,0.0,-10.140432597828985,7.209423229768952,0.0,-0.0
GCOT-SE-01,netlists/GCOT-SE-01__main__f20__m30dBV.cir,408.3475889339132,1.0,0.0,0.13567730504577835,0.0,0.31115613706870415,0.0,-10.14043257629703,7.209423251300908,0.0,-0.0
GCOT-SE-01,netlists/GCOT-SE-01__main__f20__m30dBV.cir,413.0760311621133,1.0,0.0,0.13567730504577835,0.0,0.3111561378224893,0.0,-10.140432555255199,7.209423272342739,0.0,-0.0
GCOT-SE-01,netlists/GCOT-SE-01__main__f20__m30dBV.cir,417.8592261708154,1.0,0.0,0.13567730504577835,0.0,0.3111561385591162,0.0,-10.140432534692339,7.209423292905598,0.0,-0.0
GCOT-SE-01,netlists/GCOT-SE-01__main__f20__m30dBV.cir,422.697807967337,1.0,0.0,0.13567730504577835,0.0,0.31115613927897545,0.0,-10.14043251459755,7.20942331300039,0.0,-0.0
GCOT-SE-01,netlists/GCOT-SE-01__main__f20__m30dBV.cir,427.59241790045417,1.0,0.0,0.13567730504577835,0.0,0.3111561399824487,0.0,-10.140432494960168,7.209423332637769,0.0,-0.0
GCOT-SE-01,netlists/GCOT-SE-01__main__f20__m30dBV.cir,432.5437047454119,1.0,0.0,0.13567730504577835,0.0,0.311156140669909,0.0,-10.140432475769789,7.209423351828148,0.0,-0.0
GCOT-SE-01,netlists/GCOT-SE-01__main__f20__m30dBV.cir,437.5523247899185,1.0,0.0,0.13567730504577835,0.0,0.3111561413417207,0.0,-10.140432457016239,7.209423370581698,0.0,-0.0
GCOT-SE-01,netlists/GCOT-SE-01__main__f20__m30dBV.cir,442.6189419211356,1.0,0.0,0.13567730504577835,0.0,0.3111561419982401,0.0,-10.140432438689572,7.209423388908366,0.0,-0.0
GCOT-SE-01,netlists/GCOT-SE-01__main__f20__m30dBV.cir,447.74422771367614,1.0,0.0,0.13567730504577835,0.0,0.31115614263981534,0.0,-10.14043242078007,7.2094234068178675,0.0,-0.0
GCOT-SE-01,netlists/GCOT-SE-01__main__f20__m30dBV.cir,452.9288615186203,1.0,0.0,0.13567730504577835,0.0,0.31115614326678653,0.0,-10.140432403278236,7.2094234243197,0.0,-0.0
GCOT-SE-01,netlists/GCOT-SE-01__main__f20__m30dBV.cir,458.1735305535631,1.0,0.0,0.13567730504577835,0.0,0.31115614387948615,0.0,-10.140432386174796,7.209423441423143,0.0,-0.0
GCOT-SE-01,netlists/GCOT-SE-01__main__f20__m30dBV.cir,463.47892999370436,1.0,0.0,0.13567730504577835,0.0,0.311156144478239,0.0,-10.140432369460672,7.209423458137264,0.0,-0.0
GCOT-SE-01,netlists/GCOT-SE-01__main__f20__m30dBV.cir,468.8457630639932,1.0,0.0,0.13567730504577835,0.0,0.3111561450633626,0.0,-10.140432353127014,7.209423474470923,0.0,-0.0
GCOT-SE-01,netlists/GCOT-SE-01__main__f20__m30dBV.cir,474.27474113233995,1.0,0.0,0.13567730504577835,0.0,0.31115614563516714,0.0,-10.140432337165153,7.209423490432785,0.0,-0.0
GCOT-SE-01,netlists/GCOT-SE-01__main__f20__m30dBV.cir,479.7665838039071,1.0,0.0,0.13567730504577835,0.0,0.3111561461939558,0.0,-10.140432321566628,7.20942350603131,0.0,-0.0
GCOT-SE-01,netlists/GCOT-SE-01__main__f20__m30dBV.cir,485.3220190164923,1.0,0.0,0.13567730504577835,0.0,0.31115614674002495,0.0,-10.140432306323168,7.209423521274768,0.0,-0.0
GCOT-SE-01,netlists/GCOT-SE-01__main__f20__m30dBV.cir,490.94178313701536,1.0,0.0,0.13567730504577835,0.0,0.311156147273664,0.0,-10.140432291426693,7.209423536171244,0.0,-0.0
GCOT-SE-01,netlists/GCOT-SE-01__main__f20__m30dBV.cir,496.62662105912347,1.0,0.0,0.13567730504577835,0.0,0.31115614779515594,0.0,-10.140432276869301,7.209423550728634,0.0,-0.0
GCOT-SE-01,netlists/GCOT-SE-01__main__f20__m30dBV.cir,502.37728630192555,1.0,0.0,0.13567730504577835,0.0,0.3111561483047773,0.0,-10.140432262643277,7.209423564954659,0.0,-0.0
GCOT-SE-01,netlists/GCOT-SE-01__main__f20__m30dBV.cir,508.19454110987067,1.0,0.0,0.13567730504577835,0.0,0.3111561488027982,0.0,-10.14043224874108,7.209423578856857,0.0,-0.0
GCOT-SE-01,netlists/GCOT-SE-01__main__f20__m30dBV.cir,514.0791565537826,1.0,0.0,0.13567730504577835,0.0,0.3111561492894828,0.0,-10.140432235155332,7.209423592442605,0.0,-0.0
GCOT-SE-01,netlists/GCOT-SE-01__main__f20__m30dBV.cir,520.0319126330644,1.0,0.0,0.13567730504577835,0.0,0.31115614976508915,0.0,-10.140432221878832,7.209423605719104,0.0,-0.0
GCOT-SE-01,netlists/GCOT-SE-01__main__f20__m30dBV.cir,526.0535983790866,1.0,0.0,0.13567730504577835,0.0,0.31115615022986937,0.0,-10.140432208904544,7.209423618693391,0.0,-0.0
GCOT-SE-01,netlists/GCOT-SE-01__main__f20__m30dBV.cir,532.1450119597723,1.0,0.0,0.13567730504577835,0.0,0.3111561506840699,0.0,-10.14043219622559,7.209423631372349,0.0,-0.0
GCOT-SE-01,netlists/GCOT-SE-01__main__f20__m30dBV.cir,538.3069607853937,1.0,0.0,0.13567730504577835,0.0,0.3111561511279315,0.0,-10.14043218383524,7.209423643762697,0.0,-0.0
GCOT-SE-01,netlists/GCOT-SE-01__main__f20__m30dBV.cir,544.5402616155932,1.0,0.0,0.13567730504577835,0.0,0.31115615156168963,0.0,-10.14043217172693,7.209423655871008,0.0,-0.0
GCOT-SE-01,netlists/GCOT-SE-01__main__f20__m30dBV.cir,550.8457406676441,1.0,0.0,0.13567730504577835,0.0,0.31115615198557417,0.0,-10.140432159894239,7.209423667703698,0.0,-0.0
GCOT-SE-01,netlists/GCOT-SE-01__main__f20__m30dBV.cir,557.2242337259651,1.0,0.0,0.13567730504577835,0.0,0.31115615239981,0.0,-10.140432148330891,7.209423679267044,0.0,-0.0
GCOT-SE-01,netlists/GCOT-SE-01__main__f20__m30dBV.cir,563.6765862529019,1.0,0.0,0.13567730504577835,0.0,0.3111561528046166,0.0,-10.140432137030759,7.209423690567177,0.0,-0.0
GCOT-SE-01,netlists/GCOT-SE-01__main__f20__m30dBV.cir,570.2036535007932,1.0,0.0,0.13567730504577835,0.0,0.31115615320020873,0.0,-10.140432125987848,7.209423701610088,0.0,-0.0
GCOT-SE-01,netlists/GCOT-SE-01__main__f20__m30dBV.cir,576.8063006253327,1.0,0.0,0.13567730504577835,0.0,0.31115615358679605,0.0,-10.140432115196308,7.20942371240163,0.0,-0.0
GCOT-SE-01,netlists/GCOT-SE-01__main__f20__m30dBV.cir,583.4854028002451,1.0,0.0,0.13567730504577835,0.0,0.31115615396458357,0.0,-10.14043210465041,7.209423722947528,0.0,-0.0
GCOT-SE-01,netlists/GCOT-SE-01__main__f20__m30dBV.cir,590.241845333289,1.0,0.0,0.13567730504577835,0.0,0.31115615433377164,0.0,-10.140432094344566,7.20942373325337,0.0,-0.0
GCOT-SE-01,netlists/GCOT-SE-01__main__f20__m30dBV.cir,597.076523783604,1.0,0.0,0.13567730504577835,0.0,0.31115615469455593,0.0,-10.140432084273312,7.209423743324624,0.0,-0.0
GCOT-SE-01,netlists/GCOT-SE-01__main__f20__m30dBV.cir,603.9903440804155,1.0,0.0,0.13567730504577835,0.0,0.3111561550471278,0.0,-10.140432074431306,7.2094237531666305,0.0,-0.0
GCOT-SE-01,netlists/GCOT-SE-01__main__f20__m30dBV.cir,610.9842226431151,1.0,0.0,0.13567730504577835,0.0,0.31115615539167407,0.0,-10.140432064813336,7.209423762784601,0.0,-0.0
GCOT-SE-01,netlists/GCOT-SE-01__main__f20__m30dBV.cir,618.0590865027308,1.0,0.0,0.13567730504577835,0.0,0.3111561557283776,0.0,-10.140432055414294,7.2094237721836425,0.0,-0.0
GCOT-SE-01,netlists/GCOT-SE-01__main__f20__m30dBV.cir,625.2158734248038,1.0,0.0,0.13567730504577835,0.0,0.3111561560574168,0.0,-10.140432046229202,7.209423781368734,0.0,-0.0
GCOT-SE-01,netlists/GCOT-SE-01__main__f20__m30dBV.cir,632.4555320336889,1.0,0.0,0.13567730504577835,0.0,0.31115615637896615,0.0,-10.140432037253188,7.209423790344749,0.0,-0.0
GCOT-SE-01,netlists/GCOT-SE-01__main__f20__m30dBV.cir,639.7790219382928,1.0,0.0,0.13567730504577835,0.0,0.31115615669319613,0.0,-10.140432028481495,7.209423799116444,0.0,-0.0
GCOT-SE-01,netlists/GCOT-SE-01__main__f20__m30dBV.cir,647.1873138592699,1.0,0.0,0.13567730504577835,0.0,0.31115615700027344,0.0,-10.140432019909465,7.2094238076884745,0.0,-0.0
GCOT-SE-01,netlists/GCOT-SE-01__main__f20__m30dBV.cir,654.68138975769,1.0,0.0,0.13567730504577835,0.0,0.31115615730036067,0.0,-10.140432011532564,7.209423816065375,0.0,-0.0
GCOT-SE-01,netlists/GCOT-SE-01__main__f20__m30dBV.cir,662.262242965196,1.0,0.0,0.13567730504577835,0.0,0.31115615759361714,0.0,-10.14043200334634,7.209423824251598,0.0,-0.0
GCOT-SE-01,netlists/GCOT-SE-01__main__f20__m30dBV.cir,669.9308783156694,1.0,0.0,0.13567730504577835,0.0,0.31115615788019835,0.0,-10.140431995346457,7.209423832251479,0.0,-0.0
GCOT-SE-01,netlists/GCOT-SE-01__main__f20__m30dBV.cir,677.6883122784193,1.0,0.0,0.13567730504577835,0.0,0.31115615816025616,0.0,-10.140431987528675,7.209423840069262,0.0,-0.0
GCOT-SE-01,netlists/GCOT-SE-01__main__f20__m30dBV.cir,685.5355730929151,1.0,0.0,0.13567730504577835,0.0,0.311156158433939,0.0,-10.140431979888849,7.209423847709089,0.0,-0.0
GCOT-SE-01,netlists/GCOT-SE-01__main__f20__m30dBV.cir,693.4737009050779,1.0,0.0,0.13567730504577835,0.0,0.31115615870139207,0.0,-10.140431972422926,7.209423855175013,0.0,-0.0
GCOT-SE-01,netlists/GCOT-SE-01__main__f20__m30dBV.cir,701.5037479051508,1.0,0.0,0.13567730504577835,0.0,0.3111561589627572,0.0,-10.140431965126947,7.209423862470991,0.0,-0.0
GCOT-SE-01,netlists/GCOT-SE-01__main__f20__m30dBV.cir,709.626778467166,1.0,0.0,0.13567730504577835,0.0,0.31115615921817297,0.0,-10.140431957997045,7.209423869600893,0.0,-0.0
GCOT-SE-01,netlists/GCOT-SE-01__main__f20__m30dBV.cir,717.8438692900257,1.0,0.0,0.13567730504577835,0.0,0.31115615946777475,0.0,-10.140431951029438,7.209423876568499,0.0,-0.0
GCOT-SE-01,netlists/GCOT-SE-01__main__f20__m30dBV.cir,726.1561095402183,1.0,0.0,0.13567730504577835,0.0,0.31115615971169486,0.0,-10.140431944220436,7.209423883377502,0.0,-0.0
GCOT-SE-01,netlists/GCOT-SE-01__main__f20__m30dBV.cir,734.5646009961852,1.0,0.0,0.13567730504577835,0.0,0.3111561599500627,0.0,-10.140431937566426,7.2094238900315135,0.0,-0.0
GCOT-SE-01,netlists/GCOT-SE-01__main__f20__m30dBV.cir,743.0704581943611,1.0,0.0,0.13567730504577835,0.0,0.3111561601830046,0.0,-10.140431931063876,7.209423896534062,0.0,-0.0
GCOT-SE-01,netlists/GCOT-SE-01__main__f20__m30dBV.cir,751.6748085769046,1.0,0.0,0.13567730504577835,0.0,0.3111561604106441,0.0,-10.140431924709345,7.209423902888592,0.0,-0.0
GCOT-SE-01,netlists/GCOT-SE-01__main__f20__m30dBV.cir,760.378792641139,1.0,0.0,0.13567730504577835,0.0,0.31115616063310186,0.0,-10.140431918499463,7.209423909098476,0.0,-0.0
GCOT-SE-01,netlists/GCOT-SE-01__main__f20__m30dBV.cir,769.183564090724,1.0,0.0,0.13567730504577835,0.0,0.3111561608504959,0.0,-10.14043191243093,7.209423915167006,0.0,-0.0
GCOT-SE-01,netlists/GCOT-SE-01__main__f20__m30dBV.cir,778.0902899885783,1.0,0.0,0.13567730504577835,0.0,0.31115616106294147,0.0,-10.140431906500535,7.2094239210974,0.0,-0.0
GCOT-SE-01,netlists/GCOT-SE-01__main__f20__m30dBV.cir,787.1001509115723,1.0,0.0,0.13567730504577835,0.0,0.31115616127055123,0.0,-10.140431900705133,7.2094239268928035,0.0,-0.0
GCOT-SE-01,netlists/GCOT-SE-01__main__f20__m30dBV.cir,796.2143411070122,1.0,0.0,0.13567730504577835,0.0,0.3111561614734351,0.0,-10.140431895041653,7.209423932556285,0.0,-0.0
GCOT-SE-01,netlists/GCOT-SE-01__main__f20__m30dBV.cir,805.4340686509361,1.0,0.0,0.13567730504577835,0.0,0.31115616167170085,0.0,-10.140431889507086,7.2094239380908505,0.0,-0.0
GCOT-SE-01,netlists/GCOT-SE-01__main__f20__m30dBV.cir,814.7605556082436,1.0,0.0,0.13567730504577835,0.0,0.3111561618654535,0.0,-10.140431884098504,7.209423943499434,0.0,-0.0
GCOT-SE-01,netlists/GCOT-SE-01__main__f20__m30dBV.cir,824.1950381946789,1.0,0.0,0.13567730504577835,0.0,0.31115616205479585,0.0,-10.140431878813033,7.209423948784904,0.0,-0.0
GCOT-SE-01,netlists/GCOT-SE-01__main__f20__m30dBV.cir,833.7387669406895,1.0,0.0,0.13567730504577835,0.0,0.3111561622398281,0.0,-10.140431873647877,7.20942395395006,0.0,-0.0
GCOT-SE-01,netlists/GCOT-SE-01__main__f20__m30dBV.cir,843.3930068571835,1.0,0.0,0.13567730504577835,0.0,0.31115616242064864,0.0,-10.140431868600292,7.209423958997645,0.0,-0.0
GCOT-SE-01,netlists/GCOT-SE-01__main__f20__m30dBV.cir,853.1590376032046,1.0,0.0,0.13567730504577835,0.0,0.3111561625973531,0.0,-10.140431863667608,7.209423963930331,0.0,-0.0
GCOT-SE-01,netlists/GCOT-SE-01__main__f20__m30dBV.cir,863.0381536555501,1.0,0.0,0.13567730504577835,0.0,0.3111561627700354,0.0,-10.1404318588472,7.2094239687507375,0.0,-0.0
GCOT-SE-01,netlists/GCOT-SE-01__main__f20__m30dBV.cir,873.0316644803519,1.0,0.0,0.13567730504577835,0.0,0.3111561629387869,0.0,-10.14043185413652,7.2094239734614165,0.0,-0.0
GCOT-SE-01,netlists/GCOT-SE-01__main__f20__m30dBV.cir,883.1408947066452,1.0,0.0,0.13567730504577835,0.0,0.3111561631036972,0.0,-10.140431849533067,7.209423978064871,0.0,-0.0
GCOT-SE-01,netlists/GCOT-SE-01__main__f20__m30dBV.cir,893.3671843019467,1.0,0.0,0.13567730504577835,0.0,0.31115616326485357,0.0,-10.140431845034406,7.209423982563531,0.0,-0.0
GCOT-SE-01,netlists/GCOT-SE-01__main__f20__m30dBV.cir,903.7118887498656,1.0,0.0,0.13567730504577835,0.0,0.31115616342234165,0.0,-10.140431840638144,7.209423986959794,0.0,-0.0
GCOT-SE-01,netlists/GCOT-SE-01__main__f20__m30dBV.cir,914.1763792297712,1.0,0.0,0.13567730504577835,0.0,0.31115616357624487,0.0,-10.140431836341952,7.209423991255984,0.0,-0.0
GCOT-SE-01,netlists/GCOT-SE-01__main__f20__m30dBV.cir,924.7620427985421,1.0,0.0,0.13567730504577835,0.0,0.3111561637266448,0.0,-10.140431832143555,7.209423995454381,0.0,-0.0
GCOT-SE-01,netlists/GCOT-SE-01__main__f20__m30dBV.cir,935.4702825744182,1.0,0.0,0.13567730504577835,0.0,0.31115616387362116,0.0,-10.140431828040725,7.209423999557211,0.0,-0.0
GCOT-SE-01,netlists/GCOT-SE-01__main__f20__m30dBV.cir,946.302517922983,1.0,0.0,0.13567730504577835,0.0,0.31115616401725205,0.0,-10.140431824031285,7.209424003566651,0.0,-0.0
GCOT-SE-01,netlists/GCOT-SE-01__main__f20__m30dBV.cir,957.2601846452991,1.0,0.0,0.13567730504577835,0.0,0.31115616415761344,0.0,-10.140431820113115,7.209424007484824,0.0,-0.0
GCOT-SE-01,netlists/GCOT-SE-01__main__f20__m30dBV.cir,968.3447351682214,1.0,0.0,0.13567730504577835,0.0,0.31115616429477977,0.0,-10.14043181628413,7.209424011313806,0.0,-0.0
GCOT-SE-01,netlists/GCOT-SE-01__main__f20__m30dBV.cir,979.5576387369155,1.0,0.0,0.13567730504577835,0.0,0.3111561644288239,0.0,-10.140431812542303,7.2094240150556335,0.0,-0.0
GCOT-SE-01,netlists/GCOT-SE-01__main__f20__m30dBV.cir,990.9003816096039,1.0,0.0,0.13567730504577835,0.0,0.3111561645598167,0.0,-10.140431808885655,7.2094240187122836,0.0,-0.0
GCOT-SE-01,netlists/GCOT-SE-01__main__f20__m30dBV.cir,1002.3744672545683,1.0,0.0,0.13567730504577835,0.0,0.3111561646878278,0.0,-10.140431805312238,7.2094240222857,0.0,-0.0
GCOT-SE-01,netlists/GCOT-SE-01__main__f20__m30dBV.cir,1013.9814165494329,1.0,0.0,0.13567730504577835,0.0,0.3111561648129251,0.0,-10.140431801820162,7.209424025777775,0.0,-0.0
GCOT-SE-01,netlists/GCOT-SE-01__main__f20__m30dBV.cir,1025.7227679827542,1.0,0.0,0.13567730504577835,0.0,0.31115616493517473,0.0,-10.140431798407576,7.20942402919036,0.0,-0.0
GCOT-SE-01,netlists/GCOT-SE-01__main__f20__m30dBV.cir,1037.600077857947,1.0,0.0,0.13567730504577835,0.0,0.31115616505464166,0.0,-10.14043179507267,7.209424032525266,0.0,-0.0
GCOT-SE-01,netlists/GCOT-SE-01__main__f20__m30dBV.cir,1049.6149204995704,1.0,0.0,0.13567730504577835,0.0,0.3111561651713891,0.0,-10.140431791813679,7.2094240357842585,0.0,-0.0
GCOT-SE-01,netlists/GCOT-SE-01__main__f20__m30dBV.cir,1061.7688884620022,1.0,0.0,0.13567730504577835,0.0,0.3111561652854792,0.0,-10.140431788628867,7.20942403896907,0.0,-0.0
GCOT-SE-01,netlists/GCOT-SE-01__main__f20__m30dBV.cir,1074.0635927405312,1.0,0.0,0.13567730504577835,0.0,0.31115616539697216,0.0,-10.140431785516553,7.209424042081384,0.0,-0.0
GCOT-SE-01,netlists/GCOT-SE-01__main__f20__m30dBV.cir,1086.5006629848926,1.0,0.0,0.13567730504577835,0.0,0.31115616550592734,0.0,-10.140431782475082,7.209424045122857,0.0,-0.0
GCOT-SE-01,netlists/GCOT-SE-01__main__f20__m30dBV.cir,1099.0817477152757,1.0,0.0,0.13567730504577835,0.0,0.3111561656124023,0.0,-10.140431779502846,7.209424048095093,0.0,-0.0
GCOT-SE-01,netlists/GCOT-SE-01__main__f20__m30dBV.cir,1111.808514540834,1.0,0.0,0.13567730504577835,0.0,0.3111561657164536,0.0,-10.140431776598264,7.209424050999673,0.0,-0.0
GCOT-SE-01,netlists/GCOT-SE-01__main__f20__m30dBV.cir,1124.6826503807254,1.0,0.0,0.13567730504577835,0.0,0.3111561658181365,0.0,-10.140431773759797,7.2094240538381404,0.0,-0.0
GCOT-SE-01,netlists/GCOT-SE-01__main__f20__m30dBV.cir,1137.7058616877105,1.0,0.0,0.13567730504577835,0.0,0.3111561659175047,0.0,-10.140431770985945,7.209424056611994,0.0,-0.0
GCOT-SE-01,netlists/GCOT-SE-01__main__f20__m30dBV.cir,1150.8798746743419,1.0,0.0,0.13567730504577835,0.0,0.3111561660146111,0.0,-10.140431768275231,7.209424059322707,0.0,-0.0
GCOT-SE-01,netlists/GCOT-SE-01__main__f20__m30dBV.cir,1164.2064355417713,1.0,0.0,0.13567730504577835,0.0,0.311156166109507,0.0,-10.140431765626222,7.209424061971715,0.0,-0.0
GCOT-SE-01,netlists/GCOT-SE-01__main__f20__m30dBV.cir,1177.6873107112067,1.0,0.0,0.13567730504577835,0.0,0.3111561662022429,0.0,-10.14043176303751,7.209424064560428,0.0,-0.0
GCOT-SE-01,netlists/GCOT-SE-01__main__f20__m30dBV.cir,1191.32428705805,1.0,0.0,0.13567730504577835,0.0,0.31115616629286785,0.0,-10.140431760507724,7.209424067090213,0.0,-0.0
GCOT-SE-01,netlists/GCOT-SE-01__main__f20__m30dBV.cir,1205.119172148745,1.0,0.0,0.13567730504577835,0.0,0.3111561663814299,0.0,-10.140431758035524,7.209424069562412,0.0,-0.0
GCOT-SE-01,netlists/GCOT-SE-01__main__f20__m30dBV.cir,1219.0737944803684,1.0,0.0,0.13567730504577835,0.0,0.31115616646797606,0.0,-10.140431755619598,7.20942407197834,0.0,-0.0
GCOT-SE-01,netlists/GCOT-SE-01__main__f20__m30dBV.cir,1233.1900037229948,1.0,0.0,0.13567730504577835,0.0,0.3111561665525521,0.0,-10.140431753258667,7.20942407433927,0.0,-0.0
GCOT-SE-01,netlists/GCOT-SE-01__main__f20__m30dBV.cir,1247.4696709648695,1.0,0.0,0.13567730504577835,0.0,0.311156166635203,0.0,-10.140431750951478,7.209424076646461,0.0,-0.0
GCOT-SE-01,netlists/GCOT-SE-01__main__f20__m30dBV.cir,1261.9146889604178,1.0,0.0,0.13567730504577835,0.0,0.31115616671597257,0.0,-10.140431748696804,7.209424078901133,0.0,-0.0
GCOT-SE-01,netlists/GCOT-SE-01__main__f20__m30dBV.cir,1276.526972381129,1.0,0.0,0.13567730504577835,0.0,0.3111561667949036,0.0,-10.140431746493451,7.209424081104484,0.0,-0.0
GCOT-SE-01,netlists/GCOT-SE-01__main__f20__m30dBV.cir,1291.3084580693433,1.0,0.0,0.13567730504577835,0.0,0.3111561668720379,0.0,-10.140431744340257,7.20942408325768,0.0,-0.0
GCOT-SE-01,netlists/GCOT-SE-01__main__f20__m30dBV.cir,1306.2611052949774,1.0,0.0,0.13567730504577835,0.0,0.31115616694741643,0.0,-10.140431742236073,7.209424085361864,0.0,-0.0
GCOT-SE-01,netlists/GCOT-SE-01__main__f20__m30dBV.cir,1321.3868960152251,1.0,0.0,0.13567730504577835,0.0,0.3111561670210792,0.0,-10.140431740179787,7.209424087418151,0.0,-0.0
GCOT-SE-01,netlists/GCOT-SE-01__main__f20__m30dBV.cir,1336.687835137263,1.0,0.0,0.13567730504577835,0.0,0.3111561670930651,0.0,-10.140431738170308,7.20942408942763,0.0,-0.0
GCOT-SE-01,netlists/GCOT-SE-01__main__f20__m30dBV.cir,1352.1659507839977,1.0,0.0,0.13567730504577835,0.0,0.31115616716341243,0.0,-10.140431736206569,7.209424091391367,0.0,-0.0
GCOT-SE-01,netlists/GCOT-SE-01__main__f20__m30dBV.cir,1367.8232945628934,1.0,0.0,0.13567730504577835,0.0,0.31115616723215844,0.0,-10.140431734287532,7.209424093310406,0.0,-0.0
GCOT-SE-01,netlists/GCOT-SE-01__main__f20__m30dBV.cir,1383.6619418379082,1.0,0.0,0.13567730504577835,0.0,0.31115616729933965,0.0,-10.140431732412177,7.20942409518576,0.0,-0.0
GCOT-SE-01,netlists/GCOT-SE-01__main__f20__m30dBV.cir,1399.6839920045827,1.0,0.0,0.13567730504577835,0.0,0.3111561673649916,0.0,-10.140431730579511,7.2094240970184265,0.0,-0.0
GCOT-SE-01,netlists/GCOT-SE-01__main__f20__m30dBV.cir,1415.891568768312,1.0,0.0,0.13567730504577835,0.0,0.3111561674291491,0.0,-10.140431728788561,7.209424098809376,0.0,-0.0
GCOT-SE-01,netlists/GCOT-SE-01__main__f20__m30dBV.cir,1432.2868204258407,1.0,0.0,0.13567730504577835,0.0,0.31115616749184627,0.0,-10.140431727038376,7.209424100559562,0.0,-0.0
GCOT-SE-01,netlists/GCOT-SE-01__main__f20__m30dBV.cir,1448.8719201500173,1.0,0.0,0.13567730504577835,0.0,0.3111561675531162,0.0,-10.140431725328032,7.209424102269905,0.0,-0.0
GCOT-SE-01,netlists/GCOT-SE-01__main__f20__m30dBV.cir,1465.6490662778458,1.0,0.0,0.13567730504577835,0.0,0.3111561676129915,0.0,-10.140431723656622,7.209424103941316,0.0,-0.0
GCOT-SE-01,netlists/GCOT-SE-01__main__f20__m30dBV.cir,1482.6204826018732,1.0,0.0,0.13567730504577835,0.0,0.3111561676715039,0.0,-10.140431722023253,7.209424105574684,0.0,-0.0
GCOT-SE-01,netlists/GCOT-SE-01__main__f20__m30dBV.cir,1499.7884186649503,1.0,0.0,0.13567730504577835,0.0,0.3111561677286843,0.0,-10.140431720427067,7.209424107170869,0.0,-0.0
GCOT-SE-01,netlists/GCOT-SE-01__main__f20__m30dBV.cir,1517.1551500584067,1.0,0.0,0.13567730504577835,0.0,0.31115616778456323,0.0,-10.140431718867212,7.209424108730723,0.0,-0.0
GCOT-SE-01,netlists/GCOT-SE-01__main__f20__m30dBV.cir,1534.7229787236777,1.0,0.0,0.13567730504577835,0.0,0.3111561678391701,0.0,-10.14043171734287,7.209424110255068,0.0,-0.0
GCOT-SE-01,netlists/GCOT-SE-01__main__f20__m30dBV.cir,1552.4942332574237,1.0,0.0,0.13567730504577835,0.0,0.3111561678925341,0.0,-10.14043171585322,7.209424111744718,0.0,-0.0
GCOT-SE-01,netlists/GCOT-SE-01__main__f20__m30dBV.cir,1570.4712692201845,1.0,0.0,0.13567730504577835,0.0,0.3111561679446832,0.0,-10.140431714397485,7.209424113200455,0.0,-0.0
GCOT-SE-01,netlists/GCOT-SE-01__main__f20__m30dBV.cir,1588.6564694486044,1.0,0.0,0.13567730504577835,0.0,0.3111561679956454,0.0,-10.14043171297488,7.209424114623056,0.0,-0.0
GCOT-SE-01,netlists/GCOT-SE-01__main__f20__m30dBV.cir,1607.0522443712764,1.0,0.0,0.13567730504577835,0.0,0.3111561680454475,0.0,-10.140431711584661,7.209424116013279,0.0,-0.0
GCOT-SE-01,netlists/GCOT-SE-01__main__f20__m30dBV.cir,1625.661032328241,1.0,0.0,0.13567730504577835,0.0,0.31115616809411595,0.0,-10.140431710226085,7.209424117371852,0.0,-0.0
GCOT-SE-01,netlists/GCOT-SE-01__main__f20__m30dBV.cir,1644.4852998941853,1.0,0.0,0.13567730504577835,0.0,0.31115616814167657,0.0,-10.140431708898436,7.209424118699502,0.0,-0.0
GCOT-SE-01,netlists/GCOT-SE-01__main__f20__m30dBV.cir,1663.5275422053858,1.0,0.0,0.13567730504577835,0.0,0.3111561681881546,0.0,-10.140431707601007,7.20942411999693,0.0,-0.0
GCOT-SE-01,netlists/GCOT-SE-01__main__f20__m30dBV.cir,1682.7902832904347,1.0,0.0,0.13567730504577835,0.0,0.3111561682335747,0.0,-10.140431706333109,7.20942412126483,0.0,-0.0
GCOT-SE-01,netlists/GCOT-SE-01__main__f20__m30dBV.cir,1702.276076404798,1.0,0.0,0.13567730504577835,0.0,0.31115616827796083,0.0,-10.140431705094075,7.2094241225038616,0.0,-0.0
GCOT-SE-01,netlists/GCOT-SE-01__main__f20__m30dBV.cir,1721.987504369247,1.0,0.0,0.13567730504577835,0.0,0.3111561683213367,0.0,-10.140431703883245,7.209424123714695,0.0,-0.0
GCOT-SE-01,netlists/GCOT-SE-01__main__f20__m30dBV.cir,1741.9271799122077,1.0,0.0,0.13567730504577835,0.0,0.31115616836372517,0.0,-10.140431702699974,7.209424124897964,0.0,-0.0
GCOT-SE-01,netlists/GCOT-SE-01__main__f20__m30dBV.cir,1762.0977460160752,1.0,0.0,0.13567730504577835,0.0,0.3111561684051487,0.0,-10.14043170154364,7.209424126054297,0.0,-0.0
GCOT-SE-01,netlists/GCOT-SE-01__main__f20__m30dBV.cir,1782.5018762675388,1.0,0.0,0.13567730504577835,0.0,0.3111561684456294,0.0,-10.140431700413629,7.2094241271843105,0.0,-0.0
GCOT-SE-01,netlists/GCOT-SE-01__main__f20__m30dBV.cir,1803.1422752119622,1.0,0.0,0.13567730504577835,0.0,0.3111561684851886,0.0,-10.140431699309335,7.209424128288601,0.0,-0.0
GCOT-SE-01,netlists/GCOT-SE-01__main__f20__m30dBV.cir,1824.0216787118686,1.0,0.0,0.13567730504577835,0.0,0.3111561685238473,0.0,-10.140431698230184,7.209424129367755,0.0,-0.0
GCOT-SE-01,netlists/GCOT-SE-01__main__f20__m30dBV.cir,1845.1428543095763,1.0,0.0,0.13567730504577835,0.0,0.3111561685616261,0.0,-10.140431697175591,7.209424130422345,0.0,-0.0
GCOT-SE-01,netlists/GCOT-SE-01__main__f20__m30dBV.cir,1866.5086015940328,1.0,0.0,0.13567730504577835,0.0,0.3111561685985449,0.0,-10.140431696145008,7.209424131452931,0.0,-0.0
GCOT-SE-01,netlists/GCOT-SE-01__main__f20__m30dBV.cir,1888.1217525718982,1.0,0.0,0.13567730504577835,0.0,0.3111561686346233,0.0,-10.140431695137885,7.209424132460054,0.0,-0.0
GCOT-SE-01,netlists/GCOT-SE-01__main__f20__m30dBV.cir,1909.9851720429242,1.0,0.0,0.13567730504577835,0.0,0.3111561686698805,0.0,-10.140431694153682,7.209424133444255,0.0,-0.0
GCOT-SE-01,netlists/GCOT-SE-01__main__f20__m30dBV.cir,1932.1017579796799,1.0,0.0,0.13567730504577835,0.0,0.31115616870433516,0.0,-10.140431693191886,7.209424134406053,0.0,-0.0
GCOT-SE-01,netlists/GCOT-SE-01__main__f20__m30dBV.cir,1954.4744419116753,1.0,0.0,0.13567730504577835,0.0,0.3111561687380055,0.0,-10.140431692251981,7.209424135345957,0.0,-0.0
GCOT-SE-01,netlists/GCOT-SE-01__main__f20__m30dBV.cir,1977.1061893139324,1.0,0.0,0.13567730504577835,0.0,0.31115616877090946,0.0,-10.140431691333468,7.2094241362644675,0.0,-0.0
GCOT-SE-01,netlists/GCOT-SE-01__main__f20__m30dBV.cir,2000.0000000000555,1.0,0.0,0.13567730504577835,0.0,0.31115616880306435,0.0,-10.14043169043587,7.209424137162067,0.0,-0.0
GCOT-SE-01,netlists/GCOT-SE-01__main__f20__m30dBV.cir,2023.1589085198534,1.0,0.0,0.13567730504577835,0.0,0.3111561688344874,0.0,-10.1404316895587,7.209424138039237,0.0,-0.0
GCOT-SE-01,netlists/GCOT-SE-01__main__f20__m30dBV.cir,2046.5859845615655,1.0,0.0,0.13567730504577835,0.0,0.3111561688651951,0.0,-10.140431688701497,7.2094241388964395,0.0,-0.0
GCOT-SE-01,netlists/GCOT-SE-01__main__f20__m30dBV.cir,2070.2843333587457,1.0,0.0,0.13567730504577835,0.0,0.3111561688952038,0.0,-10.140431687863806,7.209424139734129,0.0,-0.0
GCOT-SE-01,netlists/GCOT-SE-01__main__f20__m30dBV.cir,2094.2570961018578,1.0,0.0,0.13567730504577835,0.0,0.31115616892452946,0.0,-10.140431687045183,7.209424140552753,0.0,-0.0
GCOT-SE-01,netlists/GCOT-SE-01__main__f20__m30dBV.cir,2118.507450354637,1.0,0.0,0.13567730504577835,0.0,0.31115616895318754,0.0,-10.140431686245197,7.2094241413527405,0.0,-0.0
GCOT-SE-01,netlists/GCOT-SE-01__main__f20__m30dBV.cir,2143.038610475273,1.0,0.0,0.13567730504577835,0.0,0.31115616898119336,0.0,-10.140431685463419,7.2094241421345195,0.0,-0.0
GCOT-SE-01,netlists/GCOT-SE-01__main__f20__m30dBV.cir,2167.8538280424677,1.0,0.0,0.13567730504577835,0.0,0.31115616900856163,0.0,-10.140431684699436,7.2094241428985,0.0,-0.0
GCOT-SE-01,netlists/GCOT-SE-01__main__f20__m30dBV.cir,2192.9563922864318,1.0,0.0,0.13567730504577835,0.0,0.311156169035307,0.0,-10.140431683952842,7.209424143645094,0.0,-0.0
GCOT-SE-01,netlists/GCOT-SE-01__main__f20__m30dBV.cir,2218.3496305248646,1.0,0.0,0.13567730504577835,0.0,0.3111561690614435,0.0,-10.140431683223245,7.209424144374693,0.0,-0.0
GCOT-SE-01,netlists/GCOT-SE-01__main__f20__m30dBV.cir,2244.03690860399,1.0,0.0,0.13567730504577835,0.0,0.31115616908698507,0.0,-10.140431682510256,7.209424145087682,0.0,-0.0
GCOT-SE-01,netlists/GCOT-SE-01__main__f20__m30dBV.cir,2270.021631344694,1.0,0.0,0.13567730504577835,0.0,0.31115616911194527,0.0,-10.140431681813492,7.209424145784444,0.0,-0.0
GCOT-SE-01,netlists/GCOT-SE-01__main__f20__m30dBV.cir,2296.30724299383,1.0,0.0,0.13567730504577835,0.0,0.31115616913633726,0.0,-10.140431681132593,7.209424146465343,0.0,-0.0
GCOT-SE-01,netlists/GCOT-SE-01__main__f20__m30dBV.cir,2322.8972276807513,1.0,0.0,0.13567730504577835,0.0,0.3111561691601741,0.0,-10.140431680467191,7.209424147130746,0.0,-0.0
GCOT-SE-01,netlists/GCOT-SE-01__main__f20__m30dBV.cir,2349.795109879126,1.0,0.0,0.13567730504577835,0.0,0.3111561691834682,0.0,-10.140431679816938,7.209424147780998,0.0,-0.0
GCOT-SE-01,netlists/GCOT-SE-01__main__f20__m30dBV.cir,2377.004454874105,1.0,0.0,0.13567730504577835,0.0,0.3111561692062321,0.0,-10.140431679181487,7.209424148416451,0.0,-0.0
GCOT-SE-01,netlists/GCOT-SE-01__main__f20__m30dBV.cir,2404.5288692348945,1.0,0.0,0.13567730504577835,0.0,0.311156169228478,0.0,-10.140431678560496,7.209424149037441,0.0,-0.0
GCOT-SE-01,netlists/GCOT-SE-01__main__f20__m30dBV.cir,2432.3720012928056,1.0,0.0,0.13567730504577835,0.0,0.31115616925021733,0.0,-10.140431677953645,7.209424149644292,0.0,-0.0
GCOT-SE-01,netlists/GCOT-SE-01__main__f20__m30dBV.cir,2460.5375416248335,1.0,0.0,0.13567730504577835,0.0,0.3111561692714619,0.0,-10.140431677360604,7.209424150237331,0.0,-0.0
GCOT-SE-01,netlists/GCOT-SE-01__main__f20__m30dBV.cir,2489.0292235428415,1.0,0.0,0.13567730504577835,0.0,0.3111561692922229,0.0,-10.140431676781063,7.209424150816873,0.0,-0.0
GCOT-SE-01,netlists/GCOT-SE-01__main__f20__m30dBV.cir,2517.850823588407,1.0,0.0,0.13567730504577835,0.0,0.3111561693125113,0.0,-10.140431676214716,7.209424151383221,0.0,-0.0
GCOT-SE-01,netlists/GCOT-SE-01__main__f20__m30dBV.cir,2547.006162033397,1.0,0.0,0.13567730504577835,0.0,0.31115616933233786,0.0,-10.140431675661258,7.209424151936679,0.0,-0.0
GCOT-SE-01,netlists/GCOT-SE-01__main__f20__m30dBV.cir,2576.4991033863425,1.0,0.0,0.13567730504577835,0.0,0.31115616935171314,0.0,-10.1404316751204,7.209424152477537,0.0,-0.0
GCOT-SE-01,netlists/GCOT-SE-01__main__f20__m30dBV.cir,2606.3335569046744,1.0,0.0,0.13567730504577835,0.0,0.3111561693706474,0.0,-10.140431674591852,7.209424153006085,0.0,-0.0
GCOT-SE-01,netlists/GCOT-SE-01__main__f20__m30dBV.cir,2636.513477112891,1.0,0.0,0.13567730504577835,0.0,0.3111561693891506,0.0,-10.140431674075339,7.209424153522599,0.0,-0.0
GCOT-SE-01,netlists/GCOT-SE-01__main__f20__m30dBV.cir,2667.042864326726,1.0,0.0,0.13567730504577835,0.0,0.3111561694072326,0.0,-10.14043167357058,7.209424154027357,0.0,-0.0
GCOT-SE-01,netlists/GCOT-SE-01__main__f20__m30dBV.cir,2697.9257651833864,1.0,0.0,0.13567730504577835,0.0,0.3111561694249031,0.0,-10.14043167307731,7.209424154520626,0.0,-0.0
GCOT-SE-01,netlists/GCOT-SE-01__main__f20__m30dBV.cir,2729.1662731779293,1.0,0.0,0.13567730504577835,0.0,0.3111561694421713,0.0,-10.140431672595271,7.209424155002665,0.0,-0.0
GCOT-SE-01,netlists/GCOT-SE-01__main__f20__m30dBV.cir,2760.768529205851,1.0,0.0,0.13567730504577835,0.0,0.3111561694590465,0.0,-10.140431672124201,7.2094241554737355,0.0,-0.0
GCOT-SE-01,netlists/GCOT-SE-01__main__f20__m30dBV.cir,2792.7367221119575,1.0,0.0,0.13567730504577835,0.0,0.3111561694755375,0.0,-10.140431671663857,7.209424155934078,0.0,-0.0
GCOT-SE-01,netlists/GCOT-SE-01__main__f20__m30dBV.cir,2825.075089245592,1.0,0.0,0.13567730504577835,0.0,0.31115616949165315,0.0,-10.140431671213989,7.209424156383948,0.0,-0.0
GCOT-SE-01,netlists/GCOT-SE-01__main__f20__m30dBV.cir,2857.7879170222905,1.0,0.0,0.13567730504577835,0.0,0.31115616950740194,0.0,-10.140431670774364,7.209424156823571,0.0,-0.0
GCOT-SE-01,netlists/GCOT-SE-01__main__f20__m30dBV.cir,2890.879541491941,1.0,0.0,0.13567730504577835,0.0,0.31115616952279224,0.0,-10.140431670344746,7.209424157253191,0.0,-0.0
GCOT-SE-01,netlists/GCOT-SE-01__main__f20__m30dBV.cir,2924.3543489135236,1.0,0.0,0.13567730504577835,0.0,0.31115616953783226,0.0,-10.140431669924904,7.209424157673031,0.0,-0.0
GCOT-SE-01,netlists/GCOT-SE-01__main__f20__m30dBV.cir,2958.2167763365032,1.0,0.0,0.13567730504577835,0.0,0.3111561695525299,0.0,-10.140431669514623,7.209424158083316,0.0,-0.0
GCOT-SE-01,netlists/GCOT-SE-01__main__f20__m30dBV.cir,2992.4713121889563,1.0,0.0,0.13567730504577835,0.0,0.31115616956689296,0.0,-10.140431669113678,7.209424158484259,0.0,-0.0
GCOT-SE-01,netlists/GCOT-SE-01__main__f20__m30dBV.cir,3027.122496872507,1.0,0.0,0.13567730504577835,0.0,0.3111561695809291,0.0,-10.140431668721863,7.209424158876075,0.0,-0.0
GCOT-SE-01,netlists/GCOT-SE-01__main__f20__m30dBV.cir,3062.174923364152,1.0,0.0,0.13567730504577835,0.0,0.31115616959464576,0.0,-10.140431668338962,7.209424159258973,0.0,-0.0
GCOT-SE-01,netlists/GCOT-SE-01__main__f20__m30dBV.cir,3097.633237825056,1.0,0.0,0.13567730504577835,0.0,0.31115616960805015,0.0,-10.140431667964782,7.209424159633155,0.0,-0.0
GCOT-SE-01,netlists/GCOT-SE-01__main__f20__m30dBV.cir,3133.5021402163925,1.0,0.0,0.13567730504577835,0.0,0.31115616962114945,0.0,-10.140431667599117,7.209424159998822,0.0,-0.0
GCOT-SE-01,netlists/GCOT-SE-01__main__f20__m30dBV.cir,3169.7863849223227,1.0,0.0,0.13567730504577835,0.0,0.3111561696339506,0.0,-10.140431667241774,7.209424160356164,0.0,-0.0
GCOT-SE-01,netlists/GCOT-SE-01__main__f20__m30dBV.cir,3206.49078138018,1.0,0.0,0.13567730504577835,0.0,0.3111561696464603,0.0,-10.140431666892567,7.209424160705372,0.0,-0.0
GCOT-SE-01,netlists/GCOT-SE-01__main__f20__m30dBV.cir,3243.6201947179584,1.0,0.0,0.13567730504577835,0.0,0.3111561696586853,0.0,-10.140431666551306,7.209424161046631,0.0,-0.0
GCOT-SE-01,netlists/GCOT-SE-01__main__f20__m30dBV.cir,3281.1795463991784,1.0,0.0,0.13567730504577835,0.0,0.311156169670632,0.0,-10.140431666217818,7.20942416138012,0.0,-0.0
GCOT-SE-01,netlists/GCOT-SE-01__main__f20__m30dBV.cir,3319.1738148752224,1.0,0.0,0.13567730504577835,0.0,0.3111561696823067,0.0,-10.140431665891917,7.209424161706019,0.0,-0.0
GCOT-SE-01,netlists/GCOT-SE-01__main__f20__m30dBV.cir,3357.608036245223,1.0,0.0,0.13567730504577835,0.0,0.31115616969371573,0.0,-10.140431665573434,7.209424162024501,0.0,-0.0
GCOT-SE-01,netlists/GCOT-SE-01__main__f20__m30dBV.cir,3396.4873049235925,1.0,0.0,0.13567730504577835,0.0,0.31115616970486504,0.0,-10.140431665262204,7.209424162335733,0.0,-0.0
GCOT-SE-01,netlists/GCOT-SE-01__main__f20__m30dBV.cir,3435.8167743152817,1.0,0.0,0.13567730504577835,0.0,0.3111561697157605,0.0,-10.140431664958061,7.209424162639878,0.0,-0.0
GCOT-SE-01,netlists/GCOT-SE-01__main__f20__m30dBV.cir,3475.601657498858,1.0,0.0,0.13567730504577835,0.0,0.311156169726408,0.0,-10.140431664660834,7.209424162937102,0.0,-0.0
GCOT-SE-01,netlists/GCOT-SE-01__main__f20__m30dBV.cir,3515.847227917494,1.0,0.0,0.13567730504577835,0.0,0.31115616973681315,0.0,-10.140431664370377,7.20942416322756,0.0,-0.0
GCOT-SE-01,netlists/GCOT-SE-01__main__f20__m30dBV.cir,3556.5588200779557,1.0,0.0,0.13567730504577835,0.0,0.31115616974698146,0.0,-10.14043166408653,7.209424163511407,0.0,-0.0
GCOT-SE-01,netlists/GCOT-SE-01__main__f20__m30dBV.cir,3597.7418302576875,1.0,0.0,0.13567730504577835,0.0,0.3111561697569183,0.0,-10.140431663809144,7.2094241637887935,0.0,-0.0
GCOT-SE-01,netlists/GCOT-SE-01__main__f20__m30dBV.cir,3639.40171722008,1.0,0.0,0.13567730504577835,0.0,0.31115616976662885,0.0,-10.140431663538074,7.209424164059863,0.0,-0.0
GCOT-SE-01,netlists/GCOT-SE-01__main__f20__m30dBV.cir,3681.5440029380266,1.0,0.0,0.13567730504577835,0.0,0.3111561697761185,0.0,-10.140431663273173,7.209424164324766,0.0,-0.0
GCOT-SE-01,netlists/GCOT-SE-01__main__f20__m30dBV.cir,3724.1742733258516,1.0,0.0,0.13567730504577835,0.0,0.31115616978539207,0.0,-10.140431663014303,7.209424164583637,0.0,-0.0
GCOT-SE-01,netlists/GCOT-SE-01__main__f20__m30dBV.cir,3767.2981789797195,1.0,0.0,0.13567730504577835,0.0,0.31115616979445454,0.0,-10.140431662761324,7.209424164836613,0.0,-0.0
GCOT-SE-01,netlists/GCOT-SE-01__main__f20__m30dBV.cir,3810.9214359266143,1.0,0.0,0.13567730504577835,0.0,0.3111561698033108,0.0,-10.140431662514102,7.209424165083835,0.0,-0.0
GCOT-SE-01,netlists/GCOT-SE-01__main__f20__m30dBV.cir,3855.0498263819936,1.0,0.0,0.13567730504577835,0.0,0.31115616981196537,0.0,-10.140431662272512,7.2094241653254265,0.0,-0.0
GCOT-SE-01,netlists/GCOT-SE-01__main__f20__m30dBV.cir,3899.689199516214,1.0,0.0,0.13567730504577835,0.0,0.31115616982042305,0.0,-10.140431662036416,7.209424165561521,0.0,-0.0
GCOT-SE-01,netlists/GCOT-SE-01__main__f20__m30dBV.cir,3944.8454722298325,1.0,0.0,0.13567730504577835,0.0,0.3111561698286881,0.0,-10.140431661805698,7.20942416579224,0.0,-0.0
GCOT-SE-01,netlists/GCOT-SE-01__main__f20__m30dBV.cir,3990.524629937886,1.0,0.0,0.13567730504577835,0.0,0.31115616983676503,0.0,-10.140431661580232,7.2094241660177065,0.0,-0.0
GCOT-SE-01,netlists/GCOT-SE-01__main__f20__m30dBV.cir,4036.7327273632504,1.0,0.0,0.13567730504577835,0.0,0.31115616984465816,0.0,-10.140431661359894,7.209424166238042,0.0,-0.0
GCOT-SE-01,netlists/GCOT-SE-01__main__f20__m30dBV.cir,4083.475889339189,1.0,0.0,0.13567730504577835,0.0,0.3111561698523716,0.0,-10.140431661144575,7.209424166453362,0.0,-0.0
GCOT-SE-01,netlists/GCOT-SE-01__main__f20__m30dBV.cir,4130.760311621191,1.0,0.0,0.13567730504577835,0.0,0.31115616985990946,0.0,-10.140431660934157,7.20942416666378,0.0,-0.0
GCOT-SE-01,netlists/GCOT-SE-01__main__f20__m30dBV.cir,4178.592261708213,1.0,0.0,0.13567730504577835,0.0,0.3111561698672757,0.0,-10.140431660728531,7.2094241668694075,0.0,-0.0
GCOT-SE-01,netlists/GCOT-SE-01__main__f20__m30dBV.cir,4226.978079673429,1.0,0.0,0.13567730504577835,0.0,0.3111561698744743,0.0,-10.14043166052758,7.209424167070358,0.0,-0.0
GCOT-SE-01,netlists/GCOT-SE-01__main__f20__m30dBV.cir,4275.924179004602,1.0,0.0,0.13567730504577835,0.0,0.31115616988150907,0.0,-10.140431660331206,7.209424167266731,0.0,-0.0
GCOT-SE-01,netlists/GCOT-SE-01__main__f20__m30dBV.cir,4325.43704745418,1.0,0.0,0.13567730504577835,0.0,0.3111561698883836,0.0,-10.140431660139305,7.209424167458634,0.0,-0.0
GCOT-SE-01,netlists/GCOT-SE-01__main__f20__m30dBV.cir,4375.523247899247,1.0,0.0,0.13567730504577835,0.0,0.31115616989510175,0.0,-10.140431659951767,7.20942416764617,0.0,-0.0
GCOT-SE-01,netlists/GCOT-SE-01__main__f20__m30dBV.cir,4426.189419211419,1.0,0.0,0.13567730504577835,0.0,0.311156169901667,0.0,-10.1404316597685,7.209424167829438,0.0,-0.0
GCOT-SE-01,netlists/GCOT-SE-01__main__f20__m30dBV.cir,4477.4422771368245,1.0,0.0,0.13567730504577835,0.0,0.3111561699080827,0.0,-10.140431659589407,7.20942416800853,0.0,-0.0
GCOT-SE-01,netlists/GCOT-SE-01__main__f20__m30dBV.cir,4529.288615186267,1.0,0.0,0.13567730504577835,0.0,0.3111561699143524,0.0,-10.14043165941439,7.209424168183549,0.0,-0.0
GCOT-SE-01,netlists/GCOT-SE-01__main__f20__m30dBV.cir,4581.735305535695,1.0,0.0,0.13567730504577835,0.0,0.31115616992047945,0.0,-10.140431659243351,7.209424168354586,0.0,-0.0
GCOT-SE-01,netlists/GCOT-SE-01__main__f20__m30dBV.cir,4634.789299937108,1.0,0.0,0.13567730504577835,0.0,0.31115616992646694,0.0,-10.140431659076212,7.209424168521727,0.0,-0.0
GCOT-SE-01,netlists/GCOT-SE-01__main__f20__m30dBV.cir,4688.457630639997,1.0,0.0,0.13567730504577835,0.0,0.31115616993231815,0.0,-10.140431658912876,7.20942416868506,0.0,-0.0
GCOT-SE-01,netlists/GCOT-SE-01__main__f20__m30dBV.cir,4742.747411323465,1.0,0.0,0.13567730504577835,0.0,0.3111561699380362,0.0,-10.140431658753258,7.209424168844679,0.0,-0.0
GCOT-SE-01,netlists/GCOT-SE-01__main__f20__m30dBV.cir,4797.665838039137,1.0,0.0,0.13567730504577835,0.0,0.3111561699436241,0.0,-10.140431658597272,7.209424169000664,0.0,-0.0
GCOT-SE-01,netlists/GCOT-SE-01__main__f20__m30dBV.cir,4853.22019016499,1.0,0.0,0.13567730504577835,0.0,0.3111561699490848,0.0,-10.140431658444838,7.209424169153101,0.0,-0.0
GCOT-SE-01,netlists/GCOT-SE-01__main__f20__m30dBV.cir,4909.417831370221,1.0,0.0,0.13567730504577835,0.0,0.31115616995442125,0.0,-10.14043165829587,7.209424169302067,0.0,-0.0
GCOT-SE-01,netlists/GCOT-SE-01__main__f20__m30dBV.cir,4966.266210591303,1.0,0.0,0.13567730504577835,0.0,0.31115616995963613,0.0,-10.140431658150298,7.20942416944764,0.0,-0.0
GCOT-SE-01,netlists/GCOT-SE-01__main__f20__m30dBV.cir,5023.772863019325,1.0,0.0,0.13567730504577835,0.0,0.31115616996473233,0.0,-10.140431658008037,7.2094241695899,0.0,-0.0
GCOT-SE-01,netlists/GCOT-SE-01__main__f20__m30dBV.cir,5081.945411098777,1.0,0.0,0.13567730504577835,0.0,0.31115616996971257,0.0,-10.140431657869016,7.209424169728923,0.0,-0.0
GCOT-SE-01,netlists/GCOT-SE-01__main__f20__m30dBV.cir,5140.791565537897,1.0,0.0,0.13567730504577835,0.0,0.3111561699745794,0.0,-10.140431657733158,7.2094241698647785,0.0,-0.0
GCOT-SE-01,netlists/GCOT-SE-01__main__f20__m30dBV.cir,5200.319126330716,1.0,0.0,0.13567730504577835,0.0,0.3111561699793355,0.0,-10.140431657600393,7.209424169997545,0.0,-0.0
GCOT-SE-01,netlists/GCOT-SE-01__main__f20__m30dBV.cir,5260.535983790938,1.0,0.0,0.13567730504577835,0.0,0.31115616998398327,0.0,-10.14043165747065,7.209424170127288,0.0,-0.0
GCOT-SE-01,netlists/GCOT-SE-01__main__f20__m30dBV.cir,5321.450119597796,1.0,0.0,0.13567730504577835,0.0,0.31115616998852524,0.0,-10.140431657343862,7.209424170254075,0.0,-0.0
GCOT-SE-01,netlists/GCOT-SE-01__main__f20__m30dBV.cir,5383.069607854011,1.0,0.0,0.13567730504577835,0.0,0.3111561699929639,0.0,-10.140431657219956,7.2094241703779804,0.0,-0.0
GCOT-SE-01,netlists/GCOT-SE-01__main__f20__m30dBV.cir,5445.402616156007,1.0,0.0,0.13567730504577835,0.0,0.3111561699973015,0.0,-10.140431657098874,7.209424170499065,0.0,-0.0
GCOT-SE-01,netlists/GCOT-SE-01__main__f20__m30dBV.cir,5508.457406676517,1.0,0.0,0.13567730504577835,0.0,0.3111561700015403,0.0,-10.14043165698055,7.20942417061739,0.0,-0.0
GCOT-SE-01,netlists/GCOT-SE-01__main__f20__m30dBV.cir,5572.242337259728,1.0,0.0,0.13567730504577835,0.0,0.31115617000568263,0.0,-10.140431656864914,7.209424170733022,0.0,-0.0
GCOT-SE-01,netlists/GCOT-SE-01__main__f20__m30dBV.cir,5636.765862529097,1.0,0.0,0.13567730504577835,0.0,0.3111561700097307,0.0,-10.140431656751915,7.209424170846024,0.0,-0.0
GCOT-SE-01,netlists/GCOT-SE-01__main__f20__m30dBV.cir,5702.03653500801,1.0,0.0,0.13567730504577835,0.0,0.3111561700136866,0.0,-10.140431656641484,7.209424170956452,0.0,-0.0
GCOT-SE-01,netlists/GCOT-SE-01__main__f20__m30dBV.cir,5768.0630062534065,1.0,0.0,0.13567730504577835,0.0,0.3111561700175525,0.0,-10.140431656533568,7.209424171064368,0.0,-0.0
GCOT-SE-01,netlists/GCOT-SE-01__main__f20__m30dBV.cir,5834.854028002531,1.0,0.0,0.13567730504577835,0.0,0.3111561700213304,0.0,-10.14043165642811,7.209424171169828,0.0,-0.0
GCOT-SE-01,netlists/GCOT-SE-01__main__f20__m30dBV.cir,5902.418453332971,1.0,0.0,0.13567730504577835,0.0,0.3111561700250223,0.0,-10.14043165632505,7.209424171272888,0.0,-0.0
GCOT-SE-01,netlists/GCOT-SE-01__main__f20__m30dBV.cir,5970.765237836122,1.0,0.0,0.13567730504577835,0.0,0.3111561700286301,0.0,-10.14043165622434,7.209424171373598,0.0,-0.0
GCOT-SE-01,netlists/GCOT-SE-01__main__f20__m30dBV.cir,6039.903440804238,1.0,0.0,0.13567730504577835,0.0,0.31115617003215584,0.0,-10.14043165612592,7.20942417147202,0.0,-0.0
GCOT-SE-01,netlists/GCOT-SE-01__main__f20__m30dBV.cir,6109.842226431235,1.0,0.0,0.13567730504577835,0.0,0.3111561700356013,0.0,-10.140431656029739,7.209424171568198,0.0,-0.0
GCOT-SE-01,netlists/GCOT-SE-01__main__f20__m30dBV.cir,6180.590865027392,1.0,0.0,0.13567730504577835,0.0,0.31115617003896834,0.0,-10.14043165593575,7.209424171662189,0.0,-0.0
GCOT-SE-01,netlists/GCOT-SE-01__main__f20__m30dBV.cir,6252.158734248124,1.0,0.0,0.13567730504577835,0.0,0.3111561700422587,0.0,-10.140431655843898,7.209424171754039,0.0,-0.0
GCOT-SE-01,netlists/GCOT-SE-01__main__f20__m30dBV.cir,6324.555320336976,1.0,0.0,0.13567730504577835,0.0,0.31115617004547425,0.0,-10.140431655754137,7.209424171843802,0.0,-0.0
GCOT-SE-01,netlists/GCOT-SE-01__main__f20__m30dBV.cir,6397.790219383017,1.0,0.0,0.13567730504577835,0.0,0.31115617004861656,0.0,-10.14043165566642,7.209424171931518,0.0,-0.0
GCOT-SE-01,netlists/GCOT-SE-01__main__f20__m30dBV.cir,6471.8731385927895,1.0,0.0,0.13567730504577835,0.0,0.3111561700516873,0.0,-10.140431655580699,7.209424172017237,0.0,-0.0
GCOT-SE-01,netlists/GCOT-SE-01__main__f20__m30dBV.cir,6546.813897576991,1.0,0.0,0.13567730504577835,0.0,0.3111561700546882,0.0,-10.140431655496931,7.209424172101007,0.0,-0.0
GCOT-SE-01,netlists/GCOT-SE-01__main__f20__m30dBV.cir,6622.622429652052,1.0,0.0,0.13567730504577835,0.0,0.31115617005762075,0.0,-10.140431655415068,7.209424172182869,0.0,-0.0
GCOT-SE-01,netlists/GCOT-SE-01__main__f20__m30dBV.cir,6699.308783156786,1.0,0.0,0.13567730504577835,0.0,0.31115617006048657,0.0,-10.14043165533507,7.209424172262867,0.0,-0.0
GCOT-SE-01,netlists/GCOT-SE-01__main__f20__m30dBV.cir,6776.8831227842875,1.0,0.0,0.13567730504577835,0.0,0.31115617006328716,0.0,-10.140431655256892,7.209424172341046,0.0,-0.0
GCOT-SE-01,netlists/GCOT-SE-01__main__f20__m30dBV.cir,6855.355730929246,1.0,0.0,0.13567730504577835,0.0,0.311156170066024,0.0,-10.140431655180492,7.209424172417443,0.0,-0.0
GCOT-SE-01,netlists/GCOT-SE-01__main__f20__m30dBV.cir,6934.737009050876,1.0,0.0,0.13567730504577835,0.0,0.3111561700686985,0.0,-10.140431655105836,7.2094241724921035,0.0,-0.0
GCOT-SE-01,netlists/GCOT-SE-01__main__f20__m30dBV.cir,7015.037479051606,1.0,0.0,0.13567730504577835,0.0,0.31115617007131213,0.0,-10.140431655032875,7.209424172565062,0.0,-0.0
GCOT-SE-01,netlists/GCOT-SE-01__main__f20__m30dBV.cir,7096.267784671759,1.0,0.0,0.13567730504577835,0.0,0.3111561700738663,0.0,-10.140431654961574,7.2094241726363615,0.0,-0.0
GCOT-SE-01,netlists/GCOT-SE-01__main__f20__m30dBV.cir,7178.438692900358,1.0,0.0,0.13567730504577835,0.0,0.3111561700763623,0.0,-10.140431654891898,7.209424172706038,0.0,-0.0
GCOT-SE-01,netlists/GCOT-SE-01__main__f20__m30dBV.cir,7261.561095402283,1.0,0.0,0.13567730504577835,0.0,0.31115617007880153,0.0,-10.140431654823809,7.209424172774128,0.0,-0.0
GCOT-SE-01,netlists/GCOT-SE-01__main__f20__m30dBV.cir,7345.646009961953,1.0,0.0,0.13567730504577835,0.0,0.3111561700811852,0.0,-10.140431654757268,7.209424172840668,0.0,-0.0
GCOT-SE-01,netlists/GCOT-SE-01__main__f20__m30dBV.cir,7430.7045819437135,1.0,0.0,0.13567730504577835,0.0,0.31115617008351465,0.0,-10.140431654692243,7.209424172905694,0.0,-0.0
GCOT-SE-01,netlists/GCOT-SE-01__main__f20__m30dBV.cir,7516.74808576915,1.0,0.0,0.13567730504577835,0.0,0.311156170085791,0.0,-10.1404316546287,7.209424172969237,0.0,-0.0
GCOT-SE-01,netlists/GCOT-SE-01__main__f20__m30dBV.cir,7603.787926411494,1.0,0.0,0.13567730504577835,0.0,0.3111561700880156,0.0,-10.1404316545666,7.209424173031337,0.0,-0.0
GCOT-SE-01,netlists/GCOT-SE-01__main__f20__m30dBV.cir,7691.835640907345,1.0,0.0,0.13567730504577835,0.0,0.3111561700901896,0.0,-10.140431654505912,7.209424173092024,0.0,-0.0
GCOT-SE-01,netlists/GCOT-SE-01__main__f20__m30dBV.cir,7780.902899885889,1.0,0.0,0.13567730504577835,0.0,0.311156170092314,0.0,-10.140431654446612,7.209424173151327,0.0,-0.0
GCOT-SE-01,netlists/GCOT-SE-01__main__f20__m30dBV.cir,7871.00150911583,1.0,0.0,0.13567730504577835,0.0,0.31115617009439006,0.0,-10.140431654388657,7.209424173209279,0.0,-0.0
GCOT-SE-01,netlists/GCOT-SE-01__main__f20__m30dBV.cir,7962.143411070229,1.0,0.0,0.13567730504577835,0.0,0.31115617009641894,0.0,-10.140431654332021,7.209424173265916,0.0,-0.0
GCOT-SE-01,netlists/GCOT-SE-01__main__f20__m30dBV.cir,8054.34068650947,1.0,0.0,0.13567730504577835,0.0,0.31115617009840163,0.0,-10.140431654276675,7.209424173321262,0.0,-0.0
GCOT-SE-01,netlists/GCOT-SE-01__main__f20__m30dBV.cir,8147.605556082547,1.0,0.0,0.13567730504577835,0.0,0.31115617010033914,0.0,-10.14043165422259,7.209424173375348,0.0,-0.0
GCOT-SE-01,netlists/GCOT-SE-01__main__f20__m30dBV.cir,8241.950381946901,1.0,0.0,0.13567730504577835,0.0,0.31115617010223257,0.0,-10.140431654169735,7.209424173428203,0.0,-0.0
GCOT-SE-01,netlists/GCOT-SE-01__main__f20__m30dBV.cir,8337.38766940701,1.0,0.0,0.13567730504577835,0.0,0.31115617010408286,0.0,-10.140431654118082,7.209424173479854,0.0,-0.0
GCOT-SE-01,netlists/GCOT-SE-01__main__f20__m30dBV.cir,8433.93006857195,1.0,0.0,0.13567730504577835,0.0,0.3111561701058911,0.0,-10.140431654067608,7.20942417353033,0.0,-0.0
GCOT-SE-01,netlists/GCOT-SE-01__main__f20__m30dBV.cir,8531.590376032162,1.0,0.0,0.13567730504577835,0.0,0.31115617010765806,0.0,-10.140431654018283,7.209424173579655,0.0,-0.0
GCOT-SE-01,netlists/GCOT-SE-01__main__f20__m30dBV.cir,8630.381536555617,1.0,0.0,0.13567730504577835,0.0,0.31115617010938496,0.0,-10.140431653970076,7.209424173627862,0.0,-0.0
GCOT-SE-01,netlists/GCOT-SE-01__main__f20__m30dBV.cir,8730.316644803635,1.0,0.0,0.13567730504577835,0.0,0.31115617011107244,0.0,-10.14043165392297,7.209424173674966,0.0,-0.0
GCOT-SE-01,netlists/GCOT-SE-01__main__f20__m30dBV.cir,8831.408947066571,1.0,0.0,0.13567730504577835,0.0,0.31115617011272156,0.0,-10.140431653876936,7.2094241737210005,0.0,-0.0
GCOT-SE-01,netlists/GCOT-SE-01__main__f20__m30dBV.cir,8933.671843019587,1.0,0.0,0.13567730504577835,0.0,0.3111561701143331,0.0,-10.14043165383195,7.2094241737659885,0.0,-0.0
GCOT-SE-01,netlists/GCOT-SE-01__main__f20__m30dBV.cir,9037.118887498777,1.0,0.0,0.13567730504577835,0.0,0.311156170115908,0.0,-10.140431653787987,7.209424173809951,0.0,-0.0
GCOT-SE-01,netlists/GCOT-SE-01__main__f20__m30dBV.cir,9141.763792297834,1.0,0.0,0.13567730504577835,0.0,0.311156170117447,0.0,-10.140431653745026,7.209424173852912,0.0,-0.0
GCOT-SE-01,netlists/GCOT-SE-01__main__f20__m30dBV.cir,9247.620427985543,1.0,0.0,0.13567730504577835,0.0,0.311156170118951,0.0,-10.140431653703041,7.209424173894896,0.0,-0.0
GCOT-SE-01,netlists/GCOT-SE-01__main__f20__m30dBV.cir,9354.702825744305,1.0,0.0,0.13567730504577835,0.0,0.3111561701204208,0.0,-10.140431653662013,7.2094241739359255,0.0,-0.0
GCOT-SE-01,netlists/GCOT-SE-01__main__f20__m30dBV.cir,9463.025179229955,1.0,0.0,0.13567730504577835,0.0,0.3111561701218571,0.0,-10.140431653621917,7.209424173976019,0.0,-0.0
GCOT-SE-01,netlists/GCOT-SE-01__main__f20__m30dBV.cir,9572.601846453117,1.0,0.0,0.13567730504577835,0.0,0.31115617012326074,0.0,-10.140431653582736,7.209424174015201,0.0,-0.0
GCOT-SE-01,netlists/GCOT-SE-01__main__f20__m30dBV.cir,9683.447351682342,1.0,0.0,0.13567730504577835,0.0,0.31115617012463237,0.0,-10.140431653544447,7.209424174053492,0.0,-0.0
GCOT-SE-01,netlists/GCOT-SE-01__main__f20__m30dBV.cir,9795.576387369283,1.0,0.0,0.13567730504577835,0.0,0.3111561701259728,0.0,-10.14043165350703,7.209424174090909,0.0,-0.0
GCOT-SE-01,netlists/GCOT-SE-01__main__f20__m30dBV.cir,9909.003816096169,1.0,0.0,0.13567730504577835,0.0,0.31115617012728275,0.0,-10.140431653470461,7.209424174127477,0.0,-0.0
GCOT-SE-01,netlists/GCOT-SE-01__main__f20__m30dBV.cir,10023.744672545814,1.0,0.0,0.13567730504577835,0.0,0.3111561701285629,0.0,-10.140431653434728,7.209424174163211,0.0,-0.0
GCOT-SE-01,netlists/GCOT-SE-01__main__f20__m30dBV.cir,10139.814165494461,1.0,0.0,0.13567730504577835,0.0,0.3111561701298138,0.0,-10.140431653399808,7.209424174198129,0.0,-0.0
GCOT-SE-01,netlists/GCOT-SE-01__main__f20__m30dBV.cir,10257.227679827676,1.0,0.0,0.13567730504577835,0.0,0.3111561701310363,0.0,-10.140431653365681,7.209424174232256,0.0,-0.0
GCOT-SE-01,netlists/GCOT-SE-01__main__f20__m30dBV.cir,10376.000778579606,1.0,0.0,0.13567730504577835,0.0,0.311156170132231,0.0,-10.140431653332332,7.209424174265607,0.0,-0.0
GCOT-SE-01,netlists/GCOT-SE-01__main__f20__m30dBV.cir,10496.149204995842,1.0,0.0,0.13567730504577835,0.0,0.31115617013339847,0.0,-10.140431653299743,7.209424174298196,0.0,-0.0
GCOT-SE-01,netlists/GCOT-SE-01__main__f20__m30dBV.cir,10617.688884620162,1.0,0.0,0.13567730504577835,0.0,0.3111561701345394,0.0,-10.140431653267894,7.209424174330044,0.0,-0.0
GCOT-SE-01,netlists/GCOT-SE-01__main__f20__m30dBV.cir,10740.635927405454,1.0,0.0,0.13567730504577835,0.0,0.31115617013565433,0.0,-10.14043165323677,7.209424174361167,0.0,-0.0
GCOT-SE-01,netlists/GCOT-SE-01__main__f20__m30dBV.cir,10865.00662984907,1.0,0.0,0.13567730504577835,0.0,0.3111561701367439,0.0,-10.140431653206354,7.209424174391583,0.0,-0.0
GCOT-SE-01,netlists/GCOT-SE-01__main__f20__m30dBV.cir,10990.817477152901,1.0,0.0,0.13567730504577835,0.0,0.3111561701378086,0.0,-10.140431653176634,7.209424174421303,0.0,-0.0
GCOT-SE-01,netlists/GCOT-SE-01__main__f20__m30dBV.cir,11118.085145408488,1.0,0.0,0.13567730504577835,0.0,0.3111561701388491,0.0,-10.140431653147587,7.2094241744503496,0.0,-0.0
GCOT-SE-01,netlists/GCOT-SE-01__main__f20__m30dBV.cir,11246.826503807404,1.0,0.0,0.13567730504577835,0.0,0.31115617013986596,0.0,-10.140431653119201,7.209424174478736,0.0,-0.0
GCOT-SE-01,netlists/GCOT-SE-01__main__f20__m30dBV.cir,11377.058616877257,1.0,0.0,0.13567730504577835,0.0,0.31115617014085967,0.0,-10.140431653091465,7.2094241745064735,0.0,-0.0
GCOT-SE-01,netlists/GCOT-SE-01__main__f20__m30dBV.cir,11508.798746743572,1.0,0.0,0.13567730504577835,0.0,0.31115617014183067,0.0,-10.140431653064358,7.209424174533579,0.0,-0.0
GCOT-SE-01,netlists/GCOT-SE-01__main__f20__m30dBV.cir,11642.064355417868,1.0,0.0,0.13567730504577835,0.0,0.3111561701427797,0.0,-10.140431653037867,7.209424174560071,0.0,-0.0
GCOT-SE-01,netlists/GCOT-SE-01__main__f20__m30dBV.cir,11776.873107112226,1.0,0.0,0.13567730504577835,0.0,0.311156170143707,0.0,-10.14043165301198,7.209424174585957,0.0,-0.0
GCOT-SE-01,netlists/GCOT-SE-01__main__f20__m30dBV.cir,11913.242870580661,1.0,0.0,0.13567730504577835,0.0,0.3111561701446133,0.0,-10.140431652986681,7.209424174611256,0.0,-0.0
GCOT-SE-01,netlists/GCOT-SE-01__main__f20__m30dBV.cir,12051.191721487614,1.0,0.0,0.13567730504577835,0.0,0.3111561701454989,0.0,-10.140431652961958,7.209424174635978,0.0,-0.0
GCOT-SE-01,netlists/GCOT-SE-01__main__f20__m30dBV.cir,12190.737944803848,1.0,0.0,0.13567730504577835,0.0,0.3111561701463643,0.0,-10.1404316529378,7.2094241746601355,0.0,-0.0
GCOT-SE-01,netlists/GCOT-SE-01__main__f20__m30dBV.cir,12331.900037230114,1.0,0.0,0.13567730504577835,0.0,0.3111561701472101,0.0,-10.140431652914192,7.209424174683745,0.0,-0.0
GCOT-SE-01,netlists/GCOT-SE-01__main__f20__m30dBV.cir,12474.696709648862,1.0,0.0,0.13567730504577835,0.0,0.3111561701480366,0.0,-10.14043165289112,7.209424174706818,0.0,-0.0
GCOT-SE-01,netlists/GCOT-SE-01__main__f20__m30dBV.cir,12619.14688960435,1.0,0.0,0.13567730504577835,0.0,0.31115617014884434,0.0,-10.140431652868571,7.209424174729364,0.0,-0.0
GCOT-SE-01,netlists/GCOT-SE-01__main__f20__m30dBV.cir,12765.269723811465,1.0,0.0,0.13567730504577835,0.0,0.31115617014963365,0.0,-10.140431652846537,7.209424174751398,0.0,-0.0
GCOT-SE-01,netlists/GCOT-SE-01__main__f20__m30dBV.cir,12913.084580693609,1.0,0.0,0.13567730504577835,0.0,0.311156170150405,0.0,-10.140431652825006,7.209424174772931,0.0,-0.0
GCOT-SE-01,netlists/GCOT-SE-01__main__f20__m30dBV.cir,13062.611052949953,1.0,0.0,0.13567730504577835,0.0,0.3111561701511587,0.0,-10.140431652803967,7.20942417479397,0.0,-0.0
GCOT-SE-01,netlists/GCOT-SE-01__main__f20__m30dBV.cir,13213.868960152433,1.0,0.0,0.13567730504577835,0.0,0.3111561701518954,0.0,-10.140431652783402,7.209424174814535,0.0,-0.0
GCOT-SE-01,netlists/GCOT-SE-01__main__f20__m30dBV.cir,13366.878351372812,1.0,0.0,0.13567730504577835,0.0,0.31115617015261526,0.0,-10.140431652763306,7.209424174834631,0.0,-0.0
GCOT-SE-01,netlists/GCOT-SE-01__main__f20__m30dBV.cir,13521.659507840162,1.0,0.0,0.13567730504577835,0.0,0.3111561701533187,0.0,-10.140431652743672,7.2094241748542665,0.0,-0.0
GCOT-SE-01,netlists/GCOT-SE-01__main__f20__m30dBV.cir,13678.23294562912,1.0,0.0,0.13567730504577835,0.0,0.31115617015400615,0.0,-10.140431652724482,7.209424174873456,0.0,-0.0
GCOT-SE-01,netlists/GCOT-SE-01__main__f20__m30dBV.cir,13836.61941837927,1.0,0.0,0.13567730504577835,0.0,0.311156170154678,0.0,-10.140431652705725,7.20942417489221,0.0,-0.0
GCOT-SE-01,netlists/GCOT-SE-01__main__f20__m30dBV.cir,13996.839920046017,1.0,0.0,0.13567730504577835,0.0,0.31115617015533453,0.0,-10.140431652687399,7.209424174910537,0.0,-0.0
GCOT-SE-01,netlists/GCOT-SE-01__main__f20__m30dBV.cir,14158.915687683313,1.0,0.0,0.13567730504577835,0.0,0.3111561701559761,0.0,-10.140431652669491,7.209424174928447,0.0,-0.0
GCOT-SE-01,netlists/GCOT-SE-01__main__f20__m30dBV.cir,14322.868204258602,1.0,0.0,0.13567730504577835,0.0,0.3111561701566031,0.0,-10.140431652651989,7.209424174945949,0.0,-0.0
GCOT-SE-01,netlists/GCOT-SE-01__main__f20__m30dBV.cir,14488.719201500371,1.0,0.0,0.13567730504577835,0.0,0.31115617015721575,0.0,-10.140431652634884,7.209424174963052,0.0,-0.0
GCOT-SE-01,netlists/GCOT-SE-01__main__f20__m30dBV.cir,14656.490662778659,1.0,0.0,0.13567730504577835,0.0,0.3111561701578145,0.0,-10.140431652618172,7.209424174979766,0.0,-0.0
GCOT-SE-01,netlists/GCOT-SE-01__main__f20__m30dBV.cir,14826.204826018935,1.0,0.0,0.13567730504577835,0.0,0.31115617015839964,0.0,-10.140431652601837,7.2094241749961,0.0,-0.0
GCOT-SE-01,netlists/GCOT-SE-01__main__f20__m30dBV.cir,14997.88418664971,1.0,0.0,0.13567730504577835,0.0,0.3111561701589714,0.0,-10.140431652585878,7.209424175012061,0.0,-0.0
GCOT-SE-01,netlists/GCOT-SE-01__main__f20__m30dBV.cir,15171.551500584277,1.0,0.0,0.13567730504577835,0.0,0.31115617015953023,0.0,-10.140431652570276,7.20942417502766,0.0,-0.0
GCOT-SE-01,netlists/GCOT-SE-01__main__f20__m30dBV.cir,15347.229787236989,1.0,0.0,0.13567730504577835,0.0,0.3111561701600763,0.0,-10.140431652555034,7.209424175042903,0.0,-0.0
GCOT-SE-01,netlists/GCOT-SE-01__main__f20__m30dBV.cir,15524.942332574454,1.0,0.0,0.13567730504577835,0.0,0.3111561701606099,0.0,-10.140431652540137,7.2094241750578005,0.0,-0.0
GCOT-SE-01,netlists/GCOT-SE-01__main__f20__m30dBV.cir,15704.712692202063,1.0,0.0,0.13567730504577835,0.0,0.31115617016113145,0.0,-10.140431652525578,7.209424175072358,0.0,-0.0
GCOT-SE-01,netlists/GCOT-SE-01__main__f20__m30dBV.cir,15886.564694486266,1.0,0.0,0.13567730504577835,0.0,0.31115617016164104,0.0,-10.140431652511355,7.209424175086584,0.0,-0.0
GCOT-SE-01,netlists/GCOT-SE-01__main__f20__m30dBV.cir,16070.52244371299,1.0,0.0,0.13567730504577835,0.0,0.3111561701621391,0.0,-10.140431652497451,7.209424175100487,0.0,-0.0
GCOT-SE-01,netlists/GCOT-SE-01__main__f20__m30dBV.cir,16256.610323282637,1.0,0.0,0.13567730504577835,0.0,0.31115617016262576,0.0,-10.140431652483866,7.209424175114072,0.0,-0.0
GCOT-SE-01,netlists/GCOT-SE-01__main__f20__m30dBV.cir,16444.852998942082,1.0,0.0,0.13567730504577835,0.0,0.3111561701631014,0.0,-10.140431652470587,7.209424175127349,0.0,-0.0
GCOT-SE-01,netlists/GCOT-SE-01__main__f20__m30dBV.cir,16635.27542205409,1.0,0.0,0.13567730504577835,0.0,0.3111561701635661,0.0,-10.140431652457615,7.209424175140322,0.0,-0.0
GCOT-SE-01,netlists/GCOT-SE-01__main__f20__m30dBV.cir,16827.90283290458,1.0,0.0,0.13567730504577835,0.0,0.3111561701640203,0.0,-10.140431652444937,7.209424175153001,0.0,-0.0
GCOT-SE-01,netlists/GCOT-SE-01__main__f20__m30dBV.cir,17022.760764048217,1.0,0.0,0.13567730504577835,0.0,0.31115617016446423,0.0,-10.140431652432545,7.209424175165394,0.0,-0.0
GCOT-SE-01,netlists/GCOT-SE-01__main__f20__m30dBV.cir,17219.875043692708,1.0,0.0,0.13567730504577835,0.0,0.31115617016489794,0.0,-10.140431652420439,7.2094241751775,0.0,-0.0
GCOT-SE-01,netlists/GCOT-SE-01__main__f20__m30dBV.cir,17419.271799122318,1.0,0.0,0.13567730504577835,0.0,0.3111561701653218,0.0,-10.140431652408605,7.209424175189333,0.0,-0.0
GCOT-SE-01,netlists/GCOT-SE-01__main__f20__m30dBV.cir,17620.977460160997,1.0,0.0,0.13567730504577835,0.0,0.31115617016573605,0.0,-10.14043165239704,7.209424175200896,0.0,-0.0
GCOT-SE-01,netlists/GCOT-SE-01__main__f20__m30dBV.cir,17825.018762675634,1.0,0.0,0.13567730504577835,0.0,0.3111561701661409,0.0,-10.14043165238574,7.209424175212197,0.0,-0.0
GCOT-SE-01,netlists/GCOT-SE-01__main__f20__m30dBV.cir,18031.42275211987,1.0,0.0,0.13567730504577835,0.0,0.3111561701665365,0.0,-10.140431652374698,7.209424175223241,0.0,-0.0
GCOT-SE-01,netlists/GCOT-SE-01__main__f20__m30dBV.cir,18240.216787118938,1.0,0.0,0.13567730504577835,0.0,0.31115617016692304,0.0,-10.140431652363908,7.20942417523403,0.0,-0.0
GCOT-SE-01,netlists/GCOT-SE-01__main__f20__m30dBV.cir,18451.428543096015,1.0,0.0,0.13567730504577835,0.0,0.3111561701673008,0.0,-10.14043165235336,7.209424175244575,0.0,-0.0
GCOT-SE-01,netlists/GCOT-SE-01__main__f20__m30dBV.cir,18665.086015940582,1.0,0.0,0.13567730504577835,0.0,0.31115617016767,0.0,-10.140431652343056,7.209424175254881,0.0,-0.0
GCOT-SE-01,netlists/GCOT-SE-01__main__f20__m30dBV.cir,18881.21752571924,1.0,0.0,0.13567730504577835,0.0,0.31115617016803077,0.0,-10.140431652332985,7.209424175264951,0.0,-0.0
GCOT-SE-01,netlists/GCOT-SE-01__main__f20__m30dBV.cir,19099.851720429502,1.0,0.0,0.13567730504577835,0.0,0.3111561701683834,0.0,-10.14043165232314,7.209424175274796,0.0,-0.0
GCOT-SE-01,netlists/GCOT-SE-01__main__f20__m30dBV.cir,19321.017579797062,1.0,0.0,0.13567730504577835,0.0,0.31115617016872793,0.0,-10.140431652313524,7.209424175284413,0.0,-0.0
GCOT-SE-01,netlists/GCOT-SE-01__main__f20__m30dBV.cir,19544.744419117018,1.0,0.0,0.13567730504577835,0.0,0.31115617016906466,0.0,-10.140431652304125,7.2094241752938135,0.0,-0.0
GCOT-SE-01,netlists/GCOT-SE-01__main__f20__m30dBV.cir,19771.06189313959,1.0,0.0,0.13567730504577835,0.0,0.3111561701693937,0.0,-10.140431652294941,7.209424175302997,0.0,-0.0
GCOT-SE-01,netlists/GCOT-SE-01__main__f20__m30dBV.cir,20000.000000000826,1.0,0.0,0.13567730504577835,0.0,0.3111561701697152,0.0,-10.140431652285963,7.209424175311971,0.0,-0.0
