# Measured ngspice AC at DC=0; adaptive DDT realization; original coefficients.
# 200 points/decade; Rs=200 ohm differential; RL=8 ohm.
model,netlist,frequency_hz,source_real_v,source_imag_v,primary_real_v,primary_imag_v,output_real_v,output_imag_v,gain_source_db,gain_primary_db,phase_source_deg,group_delay_s
GCSYMETRICAL,netlists/GCSYMETRICAL__main__f20__m30dBV.cir,20.0,1.0,-6.123233995736766e-17,0.022482893450635366,-1.376680174994571e-18,0.488603847274251,-2.9918356880774685e-17,-6.220862354153017,26.742093599738336,0.0,8.668271330271782e-33
GCSYMETRICAL,netlists/GCSYMETRICAL__main__f20__m30dBV.cir,20.23158908519797,1.0,-6.123233995736766e-17,0.022482893450635366,-1.376680174994571e-18,0.4886073677234534,-2.991857244611706e-17,-6.2207997715039856,26.74215618238737,-7.226917299451583e-31,4.359054685846745e-33
GCSYMETRICAL,netlists/GCSYMETRICAL__main__f20__m30dBV.cir,20.465859845615086,1.0,-6.123233995736766e-17,0.022482893450635366,-1.376680174994571e-18,0.4886108080864604,-2.9918783107594275e-17,-6.220738612974328,26.742217340917023,-7.226866413923634e-31,-5.931733356202304e-38
GCSYMETRICAL,netlists/GCSYMETRICAL__main__f20__m30dBV.cir,20.70284333358688,1.0,-6.123233995736766e-17,0.022482893450635366,-1.376680174994571e-18,0.48861417018405146,-2.991898897669694e-17,-6.220678846166729,26.742277107724625,-7.2268166866917115e-31,-4.1628649070455806e-33
GCSYMETRICAL,netlists/GCSYMETRICAL__main__f20__m30dBV.cir,20.942570961017996,1.0,-6.123233995736766e-17,0.022482893450635366,-1.376680174994571e-18,0.4886174557956591,-2.991919016238386e-17,-6.2206204394204505,26.742335514470902,0.0,-4.211038960020715e-33
GCSYMETRICAL,netlists/GCSYMETRICAL__main__f20__m30dBV.cir,21.185074503545785,1.0,-6.123233995736766e-17,0.022482893450635366,-1.376680174994571e-18,0.4886206666603058,-2.991938677113947e-17,-6.220563361794591,26.742392592096763,0.0,4.067997677681351e-33
GCSYMETRICAL,netlists/GCSYMETRICAL__main__f20__m30dBV.cir,21.430386104752138,1.0,-6.123233995736766e-17,0.022482893450635366,-1.376680174994571e-18,0.4886238044775197,-2.9919578907029835e-17,-6.22050758305175,26.742448370839604,-7.226674194098918e-31,4.1150776337904176e-33
GCSYMETRICAL,netlists/GCSYMETRICAL__main__f20__m30dBV.cir,21.678538280424082,1.0,-6.123233995736766e-17,0.022482893450635366,-1.376680174994571e-18,0.48862687090822904,-2.991976667175749e-17,-6.2204530736420445,26.742502880249308,-7.226628842324395e-31,-3.975399326506548e-33
GCSYMETRICAL,netlists/GCSYMETRICAL__main__f20__m30dBV.cir,21.929563922863714,1.0,-6.123233995736766e-17,0.022482893450635366,-1.376680174994571e-18,0.4886298675756374,-2.9919950164714974e-17,-6.220399804687498,26.742556149203853,0.0,-9.15860401663518e-35
GCSYMETRICAL,netlists/GCSYMETRICAL__main__f20__m30dBV.cir,22.18349630524804,1.0,-6.123233995736766e-17,0.022482893450635366,-1.376680174994571e-18,0.4886327960660786,-2.9920129483037234e-17,-6.220347747966772,26.742608205924583,-7.226541212273862e-31,3.975302839106356e-33
GCSYMETRICAL,netlists/GCSYMETRICAL__main__f20__m30dBV.cir,22.440369086039286,1.0,-6.123233995736766e-17,0.022482893450635366,-1.376680174994571e-18,0.4886356579298522,-2.992030472165273e-17,-6.22029687590026,26.742659077991092,-7.226498887535239e-31,-3.840367306331839e-33
GCSYMETRICAL,netlists/GCSYMETRICAL__main__f20__m30dBV.cir,22.700216313446322,1.0,-6.123233995736766e-17,0.022482893450635366,-1.376680174994571e-18,0.4886384546820405,-2.9920475973333497e-17,-6.220247161535499,26.742708792355856,0.0,-8.847211168796202e-35
GCSYMETRICAL,netlists/GCSYMETRICAL__main__f20__m30dBV.cir,22.96307242993768,1.0,-6.123233995736766e-17,0.022482893450635366,-1.376680174994571e-18,0.4886411878033069,-2.992064332874403e-17,-6.220198578532936,26.742757375358416,-7.2264171064137e-31,3.840280316076476e-33
GCSYMETRICAL,netlists/GCSYMETRICAL__main__f20__m30dBV.cir,23.228972276806882,1.0,-6.123233995736766e-17,0.022482893450635366,-1.376680174994571e-18,0.48864385874067656,-2.992080687648905e-17,-6.220151101151991,26.74280485273936,-7.226377606669352e-31,-3.7099264641967086e-33
GCSYMETRICAL,netlists/GCSYMETRICAL__main__f20__m30dBV.cir,23.49795109879062,1.0,-6.123233995736766e-17,0.022482893450635366,-1.376680174994571e-18,0.4886464689082987,-2.9920966703160235e-17,-6.220104704237459,26.742851249653896,0.0,-3.7528643968332307e-33
GCSYMETRICAL,netlists/GCSYMETRICAL__main__f20__m30dBV.cir,23.770044548740398,1.0,-6.123233995736766e-17,0.022482893450635366,-1.376680174994571e-18,0.4886490196881925,-2.992112289338185e-17,-6.2200593632062,26.742896590685152,0.0,-0.0
GCSYMETRICAL,netlists/GCSYMETRICAL__main__f20__m30dBV.cir,24.04528869234829,1.0,-6.123233995736766e-17,0.022482893450635366,-1.376680174994571e-18,0.4886515124309756,-2.992127552985537e-17,-6.220015054034152,26.7429408998572,0.0,-0.0
GCSYMETRICAL,netlists/GCSYMETRICAL__main__f20__m30dBV.cir,24.323720012927392,1.0,-6.123233995736766e-17,0.022482893450635366,-1.376680174994571e-18,0.4886539484565762,-2.992142469340309e-17,-6.219971753243623,26.74298420064773,0.0,3.5428420368361135e-33
GCSYMETRICAL,netlists/GCSYMETRICAL__main__f20__m30dBV.cir,24.605375416247664,1.0,-6.123233995736766e-17,0.022482893450635366,-1.376680174994571e-18,0.4886563290549296,-2.9921570463010774e-17,-6.2199294378908725,26.74302651600048,-7.2261931924004514e-31,8.157875475661474e-35
GCSYMETRICAL,netlists/GCSYMETRICAL__main__f20__m30dBV.cir,24.890292235427737,1.0,-6.123233995736766e-17,0.022482893450635366,-1.376680174994571e-18,0.48865865548665827,-2.9921712915869265e-17,-6.219888085553979,26.743067868337373,0.0,-3.54284203683619e-33
GCSYMETRICAL,netlists/GCSYMETRICAL__main__f20__m30dBV.cir,25.17850823588338,1.0,-6.123233995736766e-17,0.022482893450635366,-1.376680174994571e-18,0.4886609289837366,-2.992185212741526e-17,-6.219847674320993,26.74310827957036,0.0,3.422517885087765e-33
GCSYMETRICAL,netlists/GCSYMETRICAL__main__f20__m30dBV.cir,25.470061620333272,1.0,-6.123233995736766e-17,0.022482893450635366,-1.376680174994571e-18,0.48866315075014155,-2.9921988171371075e-17,-6.21980818277833,26.743147771113023,-7.226092315370076e-31,3.4621337417086e-33
GCSYMETRICAL,netlists/GCSYMETRICAL__main__f20__m30dBV.cir,25.76499103386272,1.0,-6.123233995736766e-17,0.022482893450635366,-1.376680174994571e-18,0.4886653219624874,-2.992212111978356e-17,-6.219769589999458,26.743186363891898,-7.226060208772489e-31,-3.344612212842659e-33
GCSYMETRICAL,netlists/GCSYMETRICAL__main__f20__m30dBV.cir,26.063335569046032,1.0,-6.123233995736766e-17,0.022482893450635366,-1.376680174994571e-18,0.4886674437706468,-2.992225104306209e-17,-6.219731875533818,26.743224078357535,0.0,-3.383325614138986e-33
GCSYMETRICAL,netlists/GCSYMETRICAL__main__f20__m30dBV.cir,26.36513477112819,1.0,-6.123233995736766e-17,0.022482893450635366,-1.376680174994571e-18,0.4886695172983576,-2.992237801001579e-17,-6.219695019396017,26.743260934495336,0.0,-0.0
GCSYMETRICAL,netlists/GCSYMETRICAL__main__f20__m30dBV.cir,26.67042864326653,1.0,-6.123233995736766e-17,0.022482893450635366,-1.376680174994571e-18,0.488671543643816,-2.992250208788977e-17,-6.219659002055248,26.743296951836104,0.0,3.230996647500131e-33
GCSYMETRICAL,netlists/GCSYMETRICAL__main__f20__m30dBV.cir,26.979257651833123,1.0,-6.123233995736766e-17,0.022482893450635366,-1.376680174994571e-18,0.4886735238802561,-2.992262334240067e-17,-6.219623804424957,26.743332149466394,-7.22593892626233e-31,7.439809068135314e-35
GCSYMETRICAL,netlists/GCSYMETRICAL__main__f20__m30dBV.cir,27.291662731778544,1.0,-6.123233995736766e-17,0.022482893450635366,-1.376680174994571e-18,0.488675459056517,-2.992274183777135e-17,-6.219589407852749,26.7433665460386,0.0,-3.230996647500091e-33
GCSYMETRICAL,netlists/GCSYMETRICAL__main__f20__m30dBV.cir,27.607685292057752,1.0,-6.123233995736766e-17,0.022482893450635366,-1.376680174994571e-18,0.4886773501975957,-2.992285763676479e-17,-6.219555794110518,26.743400159780837,0.0,-0.0
GCSYMETRICAL,netlists/GCSYMETRICAL__main__f20__m30dBV.cir,27.92736722111881,1.0,-6.123233995736766e-17,0.022482893450635366,-1.376680174994571e-18,0.48867919830518913,-2.992297080071723e-17,-6.219522945384799,26.743433008506553,0.0,-3.085530611380976e-33
GCSYMETRICAL,netlists/GCSYMETRICAL__main__f20__m30dBV.cir,28.250750892455148,1.0,-6.123233995736766e-17,0.022482893450635366,-1.376680174994571e-18,0.48868100435822276,-2.992308138957056e-17,-6.2194908442673436,26.74346510962401,7.225828315298441e-31,-7.104853742362518e-35
GCSYMETRICAL,netlists/GCSYMETRICAL__main__f20__m30dBV.cir,28.577879170222122,1.0,-6.123233995736766e-17,0.022482893450635366,-1.376680174994571e-18,0.48868276931336746,-2.992318946190399e-17,-6.219459473745914,26.74349648014544,0.0,6.100804438679904e-33
GCSYMETRICAL,netlists/GCSYMETRICAL__main__f20__m30dBV.cir,28.908795414918618,1.0,-6.123233995736766e-17,0.022482893450635366,-1.376680174994571e-18,0.4886844941055451,-2.9923295074964977e-17,-6.219428817195273,26.74352713669608,-7.225776714899167e-31,3.0501787716360833e-33
GCSYMETRICAL,netlists/GCSYMETRICAL__main__f20__m30dBV.cir,29.243543489134435,1.0,-6.123233995736766e-17,0.022482893450635366,-1.376680174994571e-18,0.48868617964842226,-2.992339828469944e-17,-6.219398858368383,26.743557095522974,-7.225751792245364e-31,-2.033207112943662e-38
GCSYMETRICAL,netlists/GCSYMETRICAL__main__f20__m30dBV.cir,29.58216776336422,1.0,-6.123233995736766e-17,0.022482893450635366,-1.376680174994571e-18,0.48868782683489265,-2.992349914578137e-17,-6.219369581387819,26.743586372503533,-7.2257274369004235e-31,-2.9128981129524684e-33
GCSYMETRICAL,netlists/GCSYMETRICAL__main__f20__m30dBV.cir,29.924713121888743,1.0,-6.123233995736766e-17,0.022482893450635366,-1.376680174994571e-18,0.48868943653754937,-2.9923597711641675e-17,-6.219340970737356,26.743614983153996,0.0,-2.946617720073962e-33
GCSYMETRICAL,netlists/GCSYMETRICAL__main__f20__m30dBV.cir,30.27122496872424,1.0,-6.123233995736766e-17,0.022482893450635366,-1.376680174994571e-18,0.4886910096091453,-2.9923694034496413e-17,-6.219313011253762,26.74364294263759,0.0,-0.0
GCSYMETRICAL,netlists/GCSYMETRICAL__main__f20__m30dBV.cir,30.62174923364068,1.0,-6.123233995736766e-17,0.022482893450635366,-1.376680174994571e-18,0.48869254688304437,-2.9923788165374403e-17,-6.219285688118761,26.743670265772593,0.0,2.8139622470388767e-33
GCSYMETRICAL,netlists/GCSYMETRICAL__main__f20__m30dBV.cir,30.976332378249708,1.0,-6.123233995736766e-17,0.022482893450635366,-1.376680174994571e-18,0.4886940491736611,-2.992388015414417e-17,-6.21925898685121,26.743696967040144,-7.225635434707975e-31,6.479530660938985e-35
GCSYMETRICAL,netlists/GCSYMETRICAL__main__f20__m30dBV.cir,31.335021402163065,1.0,-6.123233995736766e-17,0.022482893450635366,-1.376680174994571e-18,0.488695517276892,-2.9923970049540293e-17,-6.219232893299409,26.743723060591943,0.0,-2.8139622470389355e-33
GCSYMETRICAL,netlists/GCSYMETRICAL__main__f20__m30dBV.cir,31.697863849222355,1.0,-6.123233995736766e-17,0.022482893450635366,-1.376680174994571e-18,0.4886969519705353,-2.992405789918919e-17,-6.21920739363363,26.74374856025772,0.0,-0.0
GCSYMETRICAL,netlists/GCSYMETRICAL__main__f20__m30dBV.cir,32.064907813800914,1.0,-6.123233995736766e-17,0.022482893450635366,-1.376680174994571e-18,0.48869835401470263,-2.9924143749634284e-17,-6.219182474338785,26.74377347955257,0.0,2.6872818771015568e-33
GCSYMETRICAL,netlists/GCSYMETRICAL__main__f20__m30dBV.cir,32.43620194717869,1.0,-6.123233995736766e-17,0.022482893450635366,-1.376680174994571e-18,0.48869972415222057,-2.992422764636057e-17,-6.219158122207272,26.74379783168408,-7.225551527711216e-31,6.187831885668255e-35
GCSYMETRICAL,netlists/GCSYMETRICAL__main__f20__m30dBV.cir,32.811795463990876,1.0,-6.123233995736766e-17,0.022482893450635366,-1.376680174994571e-18,0.4887010631090234,-2.992430963381871e-17,-6.2191343243319865,26.743821629559367,0.0,-6.11842300066469e-35
GCSYMETRICAL,netlists/GCSYMETRICAL__main__f20__m30dBV.cir,33.191738148751305,1.0,-6.123233995736766e-17,0.022482893450635366,-1.376680174994571e-18,0.4887023715945367,-2.9924389755448497e-17,-6.219111068099487,26.743844885791866,-7.225512384805463e-31,2.656499632074181e-33
GCSYMETRICAL,netlists/GCSYMETRICAL__main__f20__m30dBV.cir,33.5760803624513,1.0,-6.123233995736766e-17,0.022482893450635366,-1.376680174994571e-18,0.488703650302053,-2.992446805370184e-17,-6.21908834118331,26.743867612708044,-7.225493479039179e-31,-2.5663205230146154e-33
GCSYMETRICAL,netlists/GCSYMETRICAL__main__f20__m30dBV.cir,33.96487304923498,1.0,-6.123233995736766e-17,0.022482893450635366,-1.376680174994571e-18,0.4887048999090974,-2.992454457006519e-17,-6.219066131537453,26.7438898223539,0.0,-5.910568711881111e-35
GCSYMETRICAL,netlists/GCSYMETRICAL__main__f20__m30dBV.cir,34.35816774315186,1.0,-6.123233995736766e-17,0.022482893450635366,-1.376680174994571e-18,0.4887061210777867,-2.992461934508152e-17,-6.219044427389991,26.74391152650136,-7.225456948754038e-31,2.566294553094972e-33
GCSYMETRICAL,netlists/GCSYMETRICAL__main__f20__m30dBV.cir,34.75601657498761,1.0,-6.123233995736766e-17,0.022482893450635366,-1.376680174994571e-18,0.488707314455179,-2.9924692418371706e-17,-6.219023217236847,26.743932736654507,-7.225439304866345e-31,-1.2111045070620348e-38
GCSYMETRICAL,netlists/GCSYMETRICAL__main__f20__m30dBV.cir,35.15847227917396,1.0,-6.123233995736766e-17,0.022482893450635366,-1.376680174994571e-18,0.4887084806736163,-2.992476382865552e-17,-6.219002489835694,26.74395346405566,-7.225422062602566e-31,-1.1699885736856327e-38
GCSYMETRICAL,netlists/GCSYMETRICAL__main__f20__m30dBV.cir,35.56558820077856,1.0,-6.123233995736766e-17,0.022482893450635366,-1.376680174994571e-18,0.4887096203510583,-2.992483361377209e-17,-6.2189822342000065,26.743973719691347,-7.225405212820628e-31,-2.4227325000908027e-33
GCSYMETRICAL,netlists/GCSYMETRICAL__main__f20__m30dBV.cir,35.97741830257587,1.0,-6.123233995736766e-17,0.022482893450635366,-1.376680174994571e-18,0.4887107340914099,-2.992490181069992e-17,-6.218962439593242,26.74399351429811,0.0,-5.579736847785035e-35
GCSYMETRICAL,netlists/GCSYMETRICAL__main__f20__m30dBV.cir,36.39401717219979,1.0,-6.123233995736766e-17,0.022482893450635366,-1.376680174994571e-18,0.48871182248484024,-2.992496845557646e-17,-6.218943095523157,26.744012858368194,-7.225372655169728e-31,2.4227106491266178e-33
GCSYMETRICAL,netlists/GCSYMETRICAL__main__f20__m30dBV.cir,36.81544002937924,1.0,-6.123233995736766e-17,0.022482893450635366,-1.376680174994571e-18,0.488712886108095,-2.992503358371718e-17,-6.218924191736245,26.74403176215511,-7.225356930038268e-31,-1.0190174482594878e-38
GCSYMETRICAL,netlists/GCSYMETRICAL__main__f20__m30dBV.cir,37.241742733257475,1.0,-6.123233995736766e-17,0.022482893450635366,-1.376680174994571e-18,0.4887139255248015,-2.992509722963431e-17,-6.218905718212308,26.74405023567904,-7.2253415628545005e-31,-9.844227016587677e-39
GCSYMETRICAL,netlists/GCSYMETRICAL__main__f20__m30dBV.cir,37.67298178979614,1.0,-6.123233995736766e-17,0.022482893450635366,-1.376680174994571e-18,0.4887149412857667,-2.992515942705505e-17,-6.218887665159155,26.744068288732198,-7.22532654547054e-31,-2.2871814713415945e-33
GCSYMETRICAL,netlists/GCSYMETRICAL__main__f20__m30dBV.cir,38.109214359265074,1.0,-6.123233995736766e-17,0.022482893450635366,-1.376680174994571e-18,0.4887159339292688,-2.992522020893942e-17,-6.218870023007412,26.74408593088394,0.0,-5.26744312222764e-35
GCSYMETRICAL,netlists/GCSYMETRICAL__main__f20__m30dBV.cir,38.55049826381885,1.0,-6.123233995736766e-17,0.022482893450635366,-1.376680174994571e-18,0.48871690398134193,-2.9925279607497745e-17,-6.2188527824054525,26.7441031714859,-7.225297528433632e-31,5.206228665321299e-35
GCSYMETRICAL,netlists/GCSYMETRICAL__main__f20__m30dBV.cir,38.99689199516104,1.0,-6.123233995736766e-17,0.022482893450635366,-1.376680174994571e-18,0.48871785195605455,-2.992533765420761e-17,-6.218835934214444,26.744120019676906,0.0,-2.2609864325417588e-33
GCSYMETRICAL,netlists/GCSYMETRICAL__main__f20__m30dBV.cir,39.448454722297214,1.0,-6.123233995736766e-17,0.022482893450635366,-1.376680174994571e-18,0.4887187783557812,-2.992539437983061e-17,-6.2188194695035115,26.744136484387838,0.0,-0.0
GCSYMETRICAL,netlists/GCSYMETRICAL__main__f20__m30dBV.cir,39.90524629937774,1.0,-6.123233995736766e-17,0.022482893450635366,-1.376680174994571e-18,0.4887196836714687,-2.992544981442856e-17,-6.218803379545004,26.74415257434635,0.0,-0.0
GCSYMETRICAL,netlists/GCSYMETRICAL__main__f20__m30dBV.cir,40.36732727363137,1.0,-6.123233995736766e-17,0.022482893450635366,-1.376680174994571e-18,0.4887205683828956,-2.9925503987379416e-17,-6.218787655809871,26.744168298081483,0.0,2.1344890522998247e-33
GCSYMETRICAL,netlists/GCSYMETRICAL__main__f20__m30dBV.cir,40.83475889339074,1.0,-6.123233995736766e-17,0.022482893450635366,-1.376680174994571e-18,0.48872143295892645,-2.9925556927392855e-17,-6.218772289963146,26.744183663928208,-7.225230571659607e-31,2.159201622803127e-33
GCSYMETRICAL,netlists/GCSYMETRICAL__main__f20__m30dBV.cir,41.30760311621075,1.0,-6.123233995736766e-17,0.022482893450635366,-1.376680174994571e-18,0.4887222778577594,-2.992560866252543e-17,-6.218757273859533,26.744198680031822,-7.225218080743695e-31,2.085887805444602e-33
GCSYMETRICAL,netlists/GCSYMETRICAL__main__f20__m30dBV.cir,41.785922617080956,1.0,-6.123233995736766e-17,0.022482893450635366,-1.376680174994571e-18,0.48872310352716924,-2.9925659220195426e-17,-6.21874259953909,26.744213354352265,-1.445041174831148e-30,-2.0139909726885143e-33
GCSYMETRICAL,netlists/GCSYMETRICAL__main__f20__m30dBV.cir,42.26978079673311,1.0,-6.123233995736766e-17,0.022482893450635366,-1.376680174994571e-18,0.48872391040474417,-2.992570862719739e-17,-6.218728259223006,26.744227694668346,0.0,-2.1333824411659917e-33
GCSYMETRICAL,netlists/GCSYMETRICAL__main__f20__m30dBV.cir,42.75924179004482,1.0,-6.123233995736766e-17,0.022482893450635366,-1.376680174994571e-18,0.488724698918117,-2.99257569097163e-17,-6.218714245309499,26.744241708581853,-7.225182288222651e-31,2.0620080683071113e-33
GCSYMETRICAL,netlists/GCSYMETRICAL__main__f20__m30dBV.cir,43.254370474540586,1.0,-6.123233995736766e-17,0.022482893450635366,-1.376680174994571e-18,0.4887254694851924,-2.992580409334142e-17,-6.218700550369762,26.74425540352159,-7.225170896371945e-31,-6.28321065398907e-39
GCSYMETRICAL,netlists/GCSYMETRICAL__main__f20__m30dBV.cir,43.75523247899124,1.0,-6.123233995736766e-17,0.022482893450635366,-1.376680174994571e-18,0.48872622251436726,-2.9925850203079854e-17,-6.218687167144053,26.7442687867473,-7.225159763831418e-31,-6.069901175547881e-39
GCSYMETRICAL,netlists/GCSYMETRICAL__main__f20__m30dBV.cir,44.26189419211295,1.0,-6.123233995736766e-17,0.022482893450635366,-1.376680174994571e-18,0.48872695840474734,-2.992589526336978e-17,-6.218674088537831,26.74428186535352,-7.225148884698452e-31,-1.9466581428696796e-33
GCSYMETRICAL,netlists/GCSYMETRICAL__main__f20__m30dBV.cir,44.77442277136699,1.0,-6.123233995736766e-17,0.022482893450635366,-1.376680174994571e-18,0.4887276775463583,-2.9925939298093375e-17,-6.218661307618007,26.744294646273346,0.0,-1.9691963476484865e-33
GCSYMETRICAL,netlists/GCSYMETRICAL__main__f20__m30dBV.cir,45.292886151861396,1.0,-6.123233995736766e-17,0.022482893450635366,-1.376680174994571e-18,0.4887283803203524,-2.992598233058949e-17,-6.218648817609266,26.744307136282085,0.0,-0.0
GCSYMETRICAL,netlists/GCSYMETRICAL__main__f20__m30dBV.cir,45.81735305535567,1.0,-6.123233995736766e-17,0.022482893450635366,-1.376680174994571e-18,0.4887290670992099,-2.992602438366597e-17,-6.218636611890485,26.744319342000868,0.0,1.880557215956794e-33
GCSYMETRICAL,netlists/GCSYMETRICAL__main__f20__m30dBV.cir,46.34789299936978,1.0,-6.123233995736766e-17,0.022482893450635366,-1.376680174994571e-18,0.48872973824693683,-2.992606547961175e-17,-6.2186246839912105,26.74433126990014,-7.225107788828643e-31,1.9023305474176532e-33
GCSYMETRICAL,netlists/GCSYMETRICAL__main__f20__m30dBV.cir,46.88457630639866,1.0,-6.123233995736766e-17,0.022482893450635366,-1.376680174994571e-18,0.48873039411925717,-2.992610564020864e-17,-6.218613027588249,26.744342926303105,-7.225098092791181e-31,-4.9338009047111255e-39
GCSYMETRICAL,netlists/GCSYMETRICAL__main__f20__m30dBV.cir,47.42747411323332,1.0,-6.123233995736766e-17,0.022482893450635366,-1.376680174994571e-18,0.4887310350638015,-2.9926144886742874e-17,-6.218601636502299,26.744354317389053,-7.225088617462478e-31,-4.7663027020084115e-39
GCSYMETRICAL,netlists/GCSYMETRICAL__main__f20__m30dBV.cir,47.976658380390035,1.0,-6.123233995736766e-17,0.022482893450635366,-1.376680174994571e-18,0.488731661420291,-2.9926183240016373e-17,-6.2185905046946885,26.744365449196664,-7.225079357818586e-31,-4.604490914419934e-39
GCSYMETRICAL,netlists/GCSYMETRICAL__main__f20__m30dBV.cir,48.53220190164854,1.0,-6.123233995736766e-17,0.022482893450635366,-1.376680174994571e-18,0.48873227352071713,-2.9926220720357755e-17,-6.218579626264173,26.74437632762718,-7.225070308949924e-31,-4.448172494608083e-39
GCSYMETRICAL,netlists/GCSYMETRICAL__main__f20__m30dBV.cir,49.094178313700844,1.0,-6.123233995736766e-17,0.022482893450635366,-1.376680174994571e-18,0.48873287168951784,-2.992625734763311e-17,-6.218568995443804,26.74438695844755,-7.22506146605866e-31,-4.297160948426674e-39
GCSYMETRICAL,netlists/GCSYMETRICAL__main__f20__m30dBV.cir,49.66266210591165,1.0,-6.123233995736766e-17,0.022482893450635366,-1.376680174994571e-18,0.4887334562437489,-2.9926293141256515e-17,-6.218558606597879,26.74439734729347,-7.225052824456176e-31,-4.151276111520586e-39
GCSYMETRICAL,netlists/GCSYMETRICAL__main__f20__m30dBV.cir,50.23772863019185,1.0,-6.123233995736766e-17,0.022482893450635366,-1.376680174994571e-18,0.4887340274932522,-2.9926328120200295e-17,-6.218548454218954,26.7444074996724,-7.225044379560578e-31,-4.010343936873035e-39
GCSYMETRICAL,netlists/GCSYMETRICAL__main__f20__m30dBV.cir,50.81945411098636,1.0,-6.123233995736766e-17,0.022482893450635366,-1.376680174994571e-18,0.48873458574081924,-2.99263623030051e-17,-6.218538532924924,26.74441742096643,-7.225036126894275e-31,-1.6954412739051544e-33
GCSYMETRICAL,netlists/GCSYMETRICAL__main__f20__m30dBV.cir,51.407915655377536,1.0,-6.123233995736766e-17,0.022482893450635366,-1.376680174994571e-18,0.48873513128235246,-2.992639570778972e-17,-6.2185288374561685,26.744427116435183,0.0,-1.7150715539461666e-33
GCSYMETRICAL,netlists/GCSYMETRICAL__main__f20__m30dBV.cir,52.0031912633057,1.0,-6.123233995736766e-17,0.022482893450635366,-1.376680174994571e-18,0.48873566440702093,-2.992642835226066e-17,-6.218519362672771,26.74443659121858,0.0,-0.0
GCSYMETRICAL,netlists/GCSYMETRICAL__main__f20__m30dBV.cir,52.605359837907905,1.0,-6.123233995736766e-17,0.022482893450635366,-1.376680174994571e-18,0.48873618539741404,-2.9926460253721527e-17,-6.218510103551789,26.744445850339563,0.0,1.6378735514284452e-33
GCSYMETRICAL,netlists/GCSYMETRICAL__main__f20__m30dBV.cir,53.21450119597647,1.0,-6.123233995736766e-17,0.022482893450635366,-1.376680174994571e-18,0.488736694529691,-2.9926491429082196e-17,-6.218501055184596,26.744454898706756,-7.225004952489012e-31,1.6568375849997817e-33
GCSYMETRICAL,netlists/GCSYMETRICAL__main__f20__m30dBV.cir,53.830696078538594,1.0,-6.123233995736766e-17,0.022482893450635366,-1.376680174994571e-18,0.48873719207372734,-2.9926521894867774e-17,-6.218492212774279,26.744463741117073,-7.224997597292426e-31,-1.60059103562941e-33
GCSYMETRICAL,netlists/GCSYMETRICAL__main__f20__m30dBV.cir,54.45402616155853,1.0,-6.123233995736766e-17,0.022482893450635366,-1.376680174994571e-18,0.48873767829325737,-2.9926551667227323e-17,-6.218483571633099,26.744472382258255,0.0,-1.619123319620497e-33
GCSYMETRICAL,netlists/GCSYMETRICAL__main__f20__m30dBV.cir,55.08457406676362,1.0,-6.123233995736766e-17,0.022482893450635366,-1.376680174994571e-18,0.48873815344601435,-2.992658076194247e-17,-6.21847512718,26.744480826711353,0.0,-0.0
GCSYMETRICAL,netlists/GCSYMETRICAL__main__f20__m30dBV.cir,55.722423372595706,1.0,-6.123233995736766e-17,0.022482893450635366,-1.376680174994571e-18,0.4887386177838666,-2.99266091944357e-17,-6.21846687493819,26.744489078953162,0.0,-0.0
GCSYMETRICAL,netlists/GCSYMETRICAL__main__f20__m30dBV.cir,56.36765862528938,1.0,-6.123233995736766e-17,0.022482893450635366,-1.376680174994571e-18,0.48873907155295143,-2.992663697977856e-17,-6.218458810532762,26.74449714335859,0.0,-0.0
GCSYMETRICAL,netlists/GCSYMETRICAL__main__f20__m30dBV.cir,57.0203653500785,1.0,-6.123233995736766e-17,0.022482893450635366,-1.376680174994571e-18,0.4887395149938049,-2.992666413269965e-17,-6.218450929688379,26.744505024202976,0.0,1.5110452799103693e-33
GCSYMETRICAL,netlists/GCSYMETRICAL__main__f20__m30dBV.cir,57.68063006253244,1.0,-6.123233995736766e-17,0.022482893450635366,-1.376680174994571e-18,0.48873994834148954,-2.9926690667592404e-17,-6.218443228227009,26.744512725664343,-7.2249568516402086e-31,3.4793871991555556e-35
GCSYMETRICAL,netlists/GCSYMETRICAL__main__f20__m30dBV.cir,58.34854028002366,1.0,-6.123233995736766e-17,0.022482893450635366,-1.376680174994571e-18,0.4887403718257191,-2.992671659852271e-17,-6.218435702065703,26.744520251825648,0.0,-3.4398119685347e-35
GCSYMETRICAL,netlists/GCSYMETRICAL__main__f20__m30dBV.cir,59.02418453332805,1.0,-6.123233995736766e-17,0.022482893450635366,-1.376680174994571e-18,0.48874078567097967,-2.9926741939236396e-17,-6.218428347214444,26.744527606676908,-7.224944473566567e-31,1.4937447205595097e-33
GCSYMETRICAL,netlists/GCSYMETRICAL__main__f20__m30dBV.cir,59.70765237835953,1.0,-6.123233995736766e-17,0.022482893450635366,-1.376680174994571e-18,0.4887411900966491,-2.9926766703166475e-17,-6.2184211597740235,26.744534794117328,-7.2249384950383315e-31,-1.4430345950045066e-33
GCSYMETRICAL,netlists/GCSYMETRICAL__main__f20__m30dBV.cir,60.39903440804067,1.0,-6.123233995736766e-17,0.022482893450635366,-1.376680174994571e-18,0.4887415853171131,-2.992679090344028e-17,-6.218414135933974,26.74454181795738,0.0,-1.4597429120414834e-33
GCSYMETRICAL,netlists/GCSYMETRICAL__main__f20__m30dBV.cir,61.09842226431062,1.0,-6.123233995736766e-17,0.022482893450635366,-1.376680174994571e-18,0.4887419715418785,-2.9926814552886415e-17,-6.218407271970557,26.744548681920794,0.0,-0.0
GCSYMETRICAL,netlists/GCSYMETRICAL__main__f20__m30dBV.cir,61.80590865027217,1.0,-6.123233995736766e-17,0.022482893450635366,-1.376680174994571e-18,0.48874234897568464,-2.9926837664041545e-17,-6.2184005642447815,26.74455538964657,0.0,1.3940393009668169e-33
GCSYMETRICAL,netlists/GCSYMETRICAL__main__f20__m30dBV.cir,62.52158734247947,1.0,-6.123233995736766e-17,0.022482893450635366,-1.376680174994571e-18,0.48874271781861156,-2.9926860249157044e-17,-6.218394009200483,26.744561944690872,-7.224915911178124e-31,1.4101804989547507e-33
GCSYMETRICAL,netlists/GCSYMETRICAL__main__f20__m30dBV.cir,63.24555320336797,1.0,-6.123233995736766e-17,0.022482893450635366,-1.376680174994571e-18,0.4887430782661864,-2.992688232020548e-17,-6.2183876033624275,26.744568350528922,-7.224910582809224e-31,-2.0099331834240753e-39
GCSYMETRICAL,netlists/GCSYMETRICAL__main__f20__m30dBV.cir,63.97790219382835,1.0,-6.123233995736766e-17,0.022482893450635366,-1.376680174994571e-18,0.4887434305094863,-2.992690388888697e-17,-6.218381343334486,26.744574610556867,-7.224905375728808e-31,-1.941697718473022e-39
GCSYMETRICAL,netlists/GCSYMETRICAL__main__f20__m30dBV.cir,64.71873138592605,1.0,-6.123233995736766e-17,0.022482893450635366,-1.376680174994571e-18,0.48874377473524033,-2.992692496663536e-17,-6.218375225797819,26.74458072809353,-7.224900287176014e-31,-1.3312952775745456e-33
GCSYMETRICAL,netlists/GCSYMETRICAL__main__f20__m30dBV.cir,65.46813897576804,1.0,-6.123233995736766e-17,0.022482893450635366,-1.376680174994571e-18,0.48874411112592814,-2.992694556462431e-17,-6.218369247509123,26.74458670638223,0.0,-1.3467099797560959e-33
GCSYMETRICAL,netlists/GCSYMETRICAL__main__f20__m30dBV.cir,66.22622429651864,1.0,-6.123233995736766e-17,0.022482893450635366,-1.376680174994571e-18,0.48874443985987637,-2.992696569377318e-17,-6.218363405298915,26.744592548592436,0.0,1.3009877340517735e-33
GCSYMETRICAL,netlists/GCSYMETRICAL__main__f20__m30dBV.cir,66.99308783156596,1.0,-6.123233995736766e-17,0.022482893450635366,-1.376680174994571e-18,0.4887447611113535,-2.9926985364752847e-17,-6.218357696069855,26.7445982578215,-7.224885706008848e-31,1.316051635903527e-33
GCSYMETRICAL,netlists/GCSYMETRICAL__main__f20__m30dBV.cir,67.76883122784095,1.0,-6.123233995736766e-17,0.022482893450635366,-1.376680174994571e-18,0.48874507505066234,-2.992700458799133e-17,-6.218352116795087,26.744603837096264,-7.2248810651935425e-31,-1.6337350272221367e-39
GCSYMETRICAL,netlists/GCSYMETRICAL__main__f20__m30dBV.cir,68.55355730929053,1.0,-6.123233995736766e-17,0.022482893450635366,-1.376680174994571e-18,0.4887453818442297,-2.992702337367935e-17,-6.218346664516654,26.7446092893747,-7.224876530016089e-31,-1.2568195551092711e-33
GCSYMETRICAL,netlists/GCSYMETRICAL__main__f20__m30dBV.cir,69.34737009050679,1.0,-6.123233995736766e-17,0.022482893450635366,-1.376680174994571e-18,0.488745681654695,-2.9927041731775674e-17,-6.218341336343926,26.744614617547427,0.0,-1.2713720230095889e-33
GCSYMETRICAL,netlists/GCSYMETRICAL__main__f20__m30dBV.cir,70.15037479051406,1.0,-6.123233995736766e-17,0.022482893450635366,-1.376680174994571e-18,0.4887459746409963,-2.992705967201248e-17,-6.218336129452057,26.744619824439297,0.0,-0.0
GCSYMETRICAL,netlists/GCSYMETRICAL__main__f20__m30dBV.cir,70.96267784671556,1.0,-6.123233995736766e-17,0.022482893450635366,-1.376680174994571e-18,0.48874626095845447,-2.9927077203900415e-17,-6.218331041080502,26.744624912810853,0.0,1.2141479770576221e-33
GCSYMETRICAL,netlists/GCSYMETRICAL__main__f20__m30dBV.cir,71.78438692900153,1.0,-6.123233995736766e-17,0.022482893450635366,-1.376680174994571e-18,0.48874654075885565,-2.9927094336733707e-17,-6.218326068531546,26.744629885359807,-7.224859398406178e-31,2.7957407930954636e-35
GCSYMETRICAL,netlists/GCSYMETRICAL__main__f20__m30dBV.cir,72.61561095402077,1.0,-6.123233995736766e-17,0.022482893450635366,-1.376680174994571e-18,0.48874681419053173,-2.9927111079595046e-17,-6.218321209168871,26.744634744722482,0.0,-2.7638694616531603e-35
GCSYMETRICAL,netlists/GCSYMETRICAL__main__f20__m30dBV.cir,73.45646009961744,1.0,-6.123233995736766e-17,0.022482893450635366,-1.376680174994571e-18,0.4887470813984385,-2.992712744136044e-17,-6.21831646041617,26.744639493475184,-7.224851406450585e-31,2.7320989409747765e-35
GCSYMETRICAL,netlists/GCSYMETRICAL__main__f20__m30dBV.cir,74.30704581943503,1.0,-6.123233995736766e-17,0.022482893450635366,-1.376680174994571e-18,0.4887473425242331,-2.9927143430703855e-17,-6.218311819755767,26.744644134135584,0.0,-2.7009473514984497e-35
GCSYMETRICAL,netlists/GCSYMETRICAL__main__f20__m30dBV.cir,75.16748085768937,1.0,-6.123233995736766e-17,0.022482893450635366,-1.376680174994571e-18,0.48874759770634835,-2.9927159056101894e-17,-6.218307284727299,26.744648669164054,-7.2248437741922445e-31,2.669905955988555e-35
GCSYMETRICAL,netlists/GCSYMETRICAL__main__f20__m30dBV.cir,76.03787926411279,1.0,-6.123233995736766e-17,0.022482893450635366,-1.376680174994571e-18,0.4887478470800671,-2.992717432583821e-17,-6.218302852926392,26.74465310096496,0.0,-2.6394581081503747e-35
GCSYMETRICAL,netlists/GCSYMETRICAL__main__f20__m30dBV.cir,76.91835640907128,1.0,-6.123233995736766e-17,0.022482893450635366,-1.376680174994571e-18,0.4887480907775927,-2.992718924800795e-17,-6.218298522003407,26.744657431887944,-7.224836485442116e-31,1.1462254221983379e-33
GCSYMETRICAL,netlists/GCSYMETRICAL__main__f20__m30dBV.cir,77.8090289988567,1.0,-6.123233995736766e-17,0.022482893450635366,-1.376680174994571e-18,0.4887483289281202,-2.9927203830522014e-17,-6.218294289662177,26.744661664229174,-7.224832965023696e-31,-1.1073126164772377e-33
GCSYMETRICAL,netlists/GCSYMETRICAL__main__f20__m30dBV.cir,78.7100150911561,1.0,-6.123233995736766e-17,0.022482893450635366,-1.376680174994571e-18,0.48874856165790415,-2.992721808111126e-17,-6.218290153658803,26.74466580023255,0.0,-2.549839639867677e-35
GCSYMETRICAL,netlists/GCSYMETRICAL__main__f20__m30dBV.cir,79.62143411070006,1.0,-6.123233995736766e-17,0.022482893450635366,-1.376680174994571e-18,0.4887487890903255,-2.99272320073306e-17,-6.218286111800459,26.744669842090897,-7.224826162766289e-31,2.520547612261891e-35
GCSYMETRICAL,netlists/GCSYMETRICAL__main__f20__m30dBV.cir,80.54340686509245,1.0,-6.123233995736766e-17,0.022482893450635366,-1.376680174994571e-18,0.48874901134595744,-2.992724561656301e-17,-6.218282161944224,26.74467379194713,0.0,-2.4917913246550705e-35
GCSYMETRICAL,netlists/GCSYMETRICAL__main__f20__m30dBV.cir,81.47605556082318,1.0,-6.123233995736766e-17,0.022482893450635366,-1.376680174994571e-18,0.4887492285426288,-2.992725891602343e-17,-6.2182783019959595,26.744677651895394,-7.224819666660899e-31,1.082104113487393e-33
GCSYMETRICAL,netlists/GCSYMETRICAL__main__f20__m30dBV.cir,82.4195038194667,1.0,-6.123233995736766e-17,0.022482893450635366,-1.376680174994571e-18,0.4887494407954869,-2.99272719127626e-17,-6.218274529909187,26.744681423982165,-7.224816529084678e-31,-1.0453680842134665e-33
GCSYMETRICAL,netlists/GCSYMETRICAL__main__f20__m30dBV.cir,83.37387669406775,1.0,-6.123233995736766e-17,0.022482893450635366,-1.376680174994571e-18,0.48874964821705813,-2.9927284613670757e-17,-6.218270843684009,26.744685110207342,0.0,-1.0574724061957784e-33
GCSYMETRICAL,netlists/GCSYMETRICAL__main__f20__m30dBV.cir,84.33930068571713,1.0,-6.123233995736766e-17,0.022482893450635366,-1.376680174994571e-18,0.488749850917308,-2.992729702548137e-17,-6.218267241366052,26.744688712525303,0.0,-0.0
GCSYMETRICAL,netlists/GCSYMETRICAL__main__f20__m30dBV.cir,85.31590376031923,1.0,-6.123233995736766e-17,0.022482893450635366,-1.376680174994571e-18,0.4887500490036994,-2.9927309154774623e-17,-6.218263721045416,26.744692232845935,0.0,1.0098766511524269e-33
GCSYMETRICAL,netlists/GCSYMETRICAL__main__f20__m30dBV.cir,86.30381536555376,1.0,-6.123233995736766e-17,0.022482893450635366,-1.376680174994571e-18,0.4887502425812491,-2.9927321007980964e-17,-6.218260280855684,26.74469567303567,-7.224804676906361e-31,2.3253782924035098e-35
GCSYMETRICAL,netlists/GCSYMETRICAL__main__f20__m30dBV.cir,87.30316644803392,1.0,-6.123233995736766e-17,0.022482893450635366,-1.376680174994571e-18,0.488750431752584,-2.9927332591384445e-17,-6.218256918972913,26.744699034918437,0.0,-1.0098766511524592e-33
GCSYMETRICAL,netlists/GCSYMETRICAL__main__f20__m30dBV.cir,88.31408947066325,1.0,-6.123233995736766e-17,0.022482893450635366,-1.376680174994571e-18,0.48875061661799507,-2.9927343911126144e-17,-6.21825363361468,26.744702320276673,0.0,9.755911192956206e-34
GCSYMETRICAL,netlists/GCSYMETRICAL__main__f20__m30dBV.cir,89.33671843019339,1.0,-6.123233995736766e-17,0.022482893450635366,-1.376680174994571e-18,0.4887507972754907,-2.9927354973207333e-17,-6.218250423039131,26.74470553085222,-7.224796477313494e-31,9.86887583671272e-34
GCSYMETRICAL,netlists/GCSYMETRICAL__main__f20__m30dBV.cir,90.37118887498525,1.0,-6.123233995736766e-17,0.022482893450635366,-1.376680174994571e-18,0.48875097382084876,-2.992736578349272e-17,-6.218247285544056,26.744708668347297,-7.224793867591264e-31,-6.88940348427422e-40
GCSYMETRICAL,netlists/GCSYMETRICAL__main__f20__m30dBV.cir,91.4176379229758,1.0,-6.123233995736766e-17,0.022482893450635366,-1.376680174994571e-18,0.488751146347667,-2.9927376347713505e-17,-6.218244219465996,26.74471173442536,-7.224791317273567e-31,-9.424703256426767e-34
GCSYMETRICAL,netlists/GCSYMETRICAL__main__f20__m30dBV.cir,92.47620427985287,1.0,-6.123233995736766e-17,0.022482893450635366,-1.376680174994571e-18,0.48875131494741314,-2.9927386671470474e-17,-6.218241223179344,26.74471473071201,0.0,-2.1702288264676196e-35
GCSYMETRICAL,netlists/GCSYMETRICAL__main__f20__m30dBV.cir,93.54702825744046,1.0,-6.123233995736766e-17,0.022482893450635366,-1.376680174994571e-18,0.48875147970947286,-2.992739676023693e-17,-6.218238295095507,26.744717658795846,-7.2247863894736925e-31,2.1453221396445398e-35
GCSYMETRICAL,netlists/GCSYMETRICAL__main__f20__m30dBV.cir,94.63025179229693,1.0,-6.123233995736766e-17,0.022482893450635366,-1.376680174994571e-18,0.4887516407211976,-2.992740661936159e-17,-6.21823543366204,26.744720520229315,0.0,-2.1208241457274968e-35
GCSYMETRICAL,netlists/GCSYMETRICAL__main__f20__m30dBV.cir,95.72601846452852,1.0,-6.123233995736766e-17,0.022482893450635366,-1.376680174994571e-18,0.4887517980679504,-2.9927416254071456e-17,-6.218232637361841,26.74472331652951,-7.224781683461347e-31,2.0964872802086958e-35
GCSYMETRICAL,netlists/GCSYMETRICAL__main__f20__m30dBV.cir,96.83447351682074,1.0,-6.123233995736766e-17,0.022482893450635366,-1.376680174994571e-18,0.48875195183315184,-2.992742566947454e-17,-6.218229904712334,26.744726049179018,0.0,-2.07254433591542e-35
GCSYMETRICAL,netlists/GCSYMETRICAL__main__f20__m30dBV.cir,97.95576387369012,1.0,-6.123233995736766e-17,0.022482893450635366,-1.376680174994571e-18,0.4887521020983233,-2.9927434870562605e-17,-6.218227234264697,26.744728719626657,-7.2247771892544465e-31,9.000498241123793e-34
GCSYMETRICAL,netlists/GCSYMETRICAL__main__f20__m30dBV.cir,99.09003816095894,1.0,-6.123233995736766e-17,0.022482893450635366,-1.376680174994571e-18,0.48875224894313124,-2.9927443862213804e-17,-6.2182246246030735,26.74473132928828,-7.224775018582045e-31,-5.2261469863619816e-40
GCSYMETRICAL,netlists/GCSYMETRICAL__main__f20__m30dBV.cir,100.23744672545537,1.0,-6.123233995736766e-17,0.022482893450635366,-1.376680174994571e-18,0.48875239244542845,-2.9927452649195257e-17,-6.218222074343846,26.74473387954751,-7.2247728973201785e-31,-8.595409090772022e-34
GCSYMETRICAL,netlists/GCSYMETRICAL__main__f20__m30dBV.cir,101.39814165494181,1.0,-6.123233995736766e-17,0.022482893450635366,-1.376680174994571e-18,0.48875253268129604,-2.992746123616557e-17,-6.218219582134879,26.744736371756474,0.0,-1.9792574172919883e-35
GCSYMETRICAL,netlists/GCSYMETRICAL__main__f20__m30dBV.cir,102.57227679827393,1.0,-6.123233995736766e-17,0.022482893450635366,-1.376680174994571e-18,0.4887526697250833,-2.9927469627677343e-17,-6.218217146654825,26.74473880723653,-7.224768798554771e-31,1.9565522814352336e-35
GCSYMETRICAL,netlists/GCSYMETRICAL__main__f20__m30dBV.cir,103.7600077857932,1.0,-6.123233995736766e-17,0.022482893450635366,-1.376680174994571e-18,0.48875280364944734,-2.992747782817953e-17,-6.218214766612405,26.744741187278947,0.0,-1.9342008005331042e-35
GCSYMETRICAL,netlists/GCSYMETRICAL__main__f20__m30dBV.cir,104.96149204995552,1.0,-6.123233995736766e-17,0.022482893450635366,-1.376680174994571e-18,0.48875293452539154,-2.992748584201984e-17,-6.218212440745737,26.744743513145615,-7.224764884264197e-31,1.9120146782595725e-35
GCSYMETRICAL,netlists/GCSYMETRICAL__main__f20__m30dBV.cir,106.1768888461987,1.0,-6.123233995736766e-17,0.022482893450635366,-1.376680174994571e-18,0.4887530624223034,-2.9927493673447016e-17,-6.218210167821653,26.7447457860697,0.0,-8.303590803020874e-34
GCSYMETRICAL,netlists/GCSYMETRICAL__main__f20__m30dBV.cir,107.40635927405158,1.0,-6.123233995736766e-17,0.022482893450635366,-1.376680174994571e-18,0.4887531874079906,-2.992750132661311e-17,-6.218207946635066,26.74474800725629,0.0,8.021685038938512e-34
GCSYMETRICAL,netlists/GCSYMETRICAL__main__f20__m30dBV.cir,108.6500662984877,1.0,-6.123233995736766e-17,0.022482893450635366,-1.376680174994571e-18,0.4887533095487181,-2.992750880557566e-17,-6.218205776008308,26.74475017788305,-7.224759340659054e-31,8.114569837349566e-34
GCSYMETRICAL,netlists/GCSYMETRICAL__main__f20__m30dBV.cir,109.90817477152599,1.0,-6.123233995736766e-17,0.022482893450635366,-1.376680174994571e-18,0.48875342890924217,-2.992751611429985e-17,-6.218203654790523,26.74475229910083,-7.224757576270284e-31,-7.839089239427816e-34
GCSYMETRICAL,netlists/GCSYMETRICAL__main__f20__m30dBV.cir,111.18085145408182,1.0,-6.123233995736766e-17,0.022482893450635366,-1.376680174994571e-18,0.4887535455528453,-2.9927523256660604e-17,-6.21820158185705,26.744754372034304,0.0,-7.9298596330214e-34
GCSYMETRICAL,netlists/GCSYMETRICAL__main__f20__m30dBV.cir,112.46826503807094,1.0,-6.123233995736766e-17,0.022482893450635366,-1.376680174994571e-18,0.4887536595413696,-2.9927530236444676e-17,-6.218199556108825,26.744756397782528,0.0,7.6606425078856026e-34
GCSYMETRICAL,netlists/GCSYMETRICAL__main__f20__m30dBV.cir,113.77058616876943,1.0,-6.123233995736766e-17,0.022482893450635366,-1.376680174994571e-18,0.48875377093524974,-2.992753705735262e-17,-6.2181975764718045,26.74475837741955,-7.2247525204423055e-31,1.7639670917636058e-35
GCSYMETRICAL,netlists/GCSYMETRICAL__main__f20__m30dBV.cir,115.08798746743254,1.0,-6.123233995736766e-17,0.022482893450635366,-1.376680174994571e-18,0.48875387979354473,-2.992754372300074e-17,-6.218195641896385,26.744760311994966,0.0,-1.7438080956397135e-35
GCSYMETRICAL,netlists/GCSYMETRICAL__main__f20__m30dBV.cir,116.42064355417546,1.0,-6.123233995736766e-17,0.022482893450635366,-1.376680174994571e-18,0.48875398617396915,-2.9927550236923055e-17,-6.218193751356864,26.74476220253449,-7.224749338787476e-31,1.7238135394733155e-35
GCSYMETRICAL,netlists/GCSYMETRICAL__main__f20__m30dBV.cir,117.76873107111899,1.0,-6.123233995736766e-17,0.022482893450635366,-1.376680174994571e-18,0.4887540901329242,-2.992755660257313e-17,-6.21819190385088,26.74476405004047,0.0,-1.7041119767769575e-35
GCSYMETRICAL,netlists/GCSYMETRICAL__main__f20__m30dBV.cir,119.1324287058033,1.0,-6.123233995736766e-17,0.022482893450635366,-1.376680174994571e-18,0.4887541917255273,-2.9927562823325946e-17,-6.218190098398885,26.744765855492467,-7.224746300330703e-31,1.6845740442931174e-35
GCSYMETRICAL,netlists/GCSYMETRICAL__main__f20__m30dBV.cir,120.51191721487278,1.0,-6.123233995736766e-17,0.022482893450635366,-1.376680174994571e-18,0.4887542910056412,-2.992756890247963e-17,-6.218188334043634,26.74476761984772,0.0,-7.31585050064396e-34
GCSYMETRICAL,netlists/GCSYMETRICAL__main__f20__m30dBV.cir,121.90737944803509,1.0,-6.123233995736766e-17,0.022482893450635366,-1.376680174994571e-18,0.4887543880259028,-2.992757484325727e-17,-6.218186609849663,26.74476934404169,0.0,7.067479597166529e-34
GCSYMETRICAL,netlists/GCSYMETRICAL__main__f20__m30dBV.cir,123.31900037229771,1.0,-6.123233995736766e-17,0.022482893450635366,-1.376680174994571e-18,0.48875448283775086,-2.9927580648808585e-17,-6.218184924902809,26.744771028988545,-7.224741997123196e-31,7.149315829441887e-34
GCSYMETRICAL,netlists/GCSYMETRICAL__main__f20__m30dBV.cir,124.74696709648515,1.0,-6.123233995736766e-17,0.022482893450635366,-1.376680174994571e-18,0.4887545754914532,-2.9927586322211585e-17,-6.218183278309715,26.74477267558164,-7.224740627521502e-31,-6.906604151194245e-34
GCSYMETRICAL,netlists/GCSYMETRICAL__main__f20__m30dBV.cir,126.19146889603998,1.0,-6.123233995736766e-17,0.022482893450635366,-1.376680174994571e-18,0.4887546660361338,-2.9927591866474246e-17,-6.21818166919735,26.744774284694003,0.0,-6.986577502750849e-34
GCSYMETRICAL,netlists/GCSYMETRICAL__main__f20__m30dBV.cir,127.65269723811109,1.0,-6.123233995736766e-17,0.022482893450635366,-1.376680174994571e-18,0.48875475451979833,-2.992759728453607e-17,-6.218180096712567,26.744775857178787,0.0,6.749385671307825e-34
GCSYMETRICAL,netlists/GCSYMETRICAL__main__f20__m30dBV.cir,129.13084580693248,1.0,-6.123233995736766e-17,0.022482893450635366,-1.376680174994571e-18,0.48875484098935956,-2.9927602579269644e-17,-6.218178560021634,26.74477739386972,-7.224736702949611e-31,1.5541378156652623e-35
GCSYMETRICAL,netlists/GCSYMETRICAL__main__f20__m30dBV.cir,130.6261105294959,1.0,-6.123233995736766e-17,0.022482893450635366,-1.376680174994571e-18,0.48875492549066296,-2.992760775348218e-17,-6.218177058309793,26.74477889558156,0.0,-6.749385671307869e-34
GCSYMETRICAL,netlists/GCSYMETRICAL__main__f20__m30dBV.cir,132.13868960152064,1.0,-6.123233995736766e-17,0.022482893450635366,-1.376680174994571e-18,0.48875500806851,-2.992761280991698e-17,-6.218175590780836,26.744780363110515,0.0,-0.0
GCSYMETRICAL,netlists/GCSYMETRICAL__main__f20__m30dBV.cir,133.66878351372438,1.0,-6.123233995736766e-17,0.022482893450635366,-1.376680174994571e-18,0.4887550887666827,-2.9927617751254926e-17,-6.21817415665668,26.744781797234673,0.0,6.445608968648539e-34
GCSYMETRICAL,netlists/GCSYMETRICAL__main__f20__m30dBV.cir,135.21659507839783,1.0,-6.123233995736766e-17,0.022482893450635366,-1.376680174994571e-18,0.48875516762796656,-2.992762258011587e-17,-6.218172755176942,26.74478319871441,-7.224731874605914e-31,1.484189099722853e-35
GCSYMETRICAL,netlists/GCSYMETRICAL__main__f20__m30dBV.cir,136.78232945628736,1.0,-6.123233995736766e-17,0.022482893450635366,-1.376680174994571e-18,0.488755244694173,-2.9927627299060015e-17,-6.218171385598563,26.74478456829279,0.0,-6.44560896864847e-34
GCSYMETRICAL,netlists/GCSYMETRICAL__main__f20__m30dBV.cir,138.36619418378882,1.0,-6.123233995736766e-17,0.022482893450635366,-1.376680174994571e-18,0.48875532000616184,-2.992763191058932e-17,-6.218170047195384,26.74478590669597,0.0,6.226783330834983e-34
GCSYMETRICAL,netlists/GCSYMETRICAL__main__f20__m30dBV.cir,139.96839920045625,1.0,-6.123233995736766e-17,0.022482893450635366,-1.376680174994571e-18,0.48875539360386294,-2.992763641714878e-17,-6.218168739257781,26.744787214633572,-7.224728534253495e-31,1.433801521455661e-35
GCSYMETRICAL,netlists/GCSYMETRICAL__main__f20__m30dBV.cir,141.58915687682915,1.0,-6.123233995736766e-17,0.022482893450635366,-1.376680174994571e-18,0.4887554655262973,-2.9927640821127726e-17,-6.218167461092284,26.74478849279907,0.0,-1.4174066361320135e-35
GCSYMETRICAL,netlists/GCSYMETRICAL__main__f20__m30dBV.cir,143.228682042582,1.0,-6.123233995736766e-17,0.022482893450635366,-1.376680174994571e-18,0.4887555358115976,-2.992764512486113e-17,-6.2181662120212025,26.74478974187015,-7.224726432154996e-31,6.155503295106462e-34
GCSYMETRICAL,netlists/GCSYMETRICAL__main__f20__m30dBV.cir,144.88719201499964,1.0,-6.123233995736766e-17,0.022482893450635366,-1.376680174994571e-18,0.48875560449702865,-2.99276493306308e-17,-6.2181649913822765,26.744790962509075,-7.2247254168552335e-31,-1.6717896050134906e-40
GCSYMETRICAL,netlists/GCSYMETRICAL__main__f20__m30dBV.cir,146.56490662778248,1.0,-6.123233995736766e-17,0.022482893450635366,-1.376680174994571e-18,0.4887556716190071,-2.99276534406666e-17,-6.218163798528319,26.744792155363033,-7.224724424666514e-31,-5.878460010057093e-34
GCSYMETRICAL,netlists/GCSYMETRICAL__main__f20__m30dBV.cir,148.2620482601852,1.0,-6.123233995736766e-17,0.022482893450635366,-1.376680174994571e-18,0.4887557372131206,-2.9927657457147655e-17,-6.218162632826875,26.744793321064478,0.0,-5.946528533188932e-34
GCSYMETRICAL,netlists/GCSYMETRICAL__main__f20__m30dBV.cir,149.9788418664929,1.0,-6.123233995736766e-17,0.022482893450635366,-1.376680174994571e-18,0.4887558013141468,-2.992766138220348e-17,-6.218161493659883,26.74479446023147,0.0,-0.0
GCSYMETRICAL,netlists/GCSYMETRICAL__main__f20__m30dBV.cir,151.7155150058385,1.0,-6.123233995736766e-17,0.022482893450635366,-1.376680174994571e-18,0.48875586395607173,-2.992766521791512e-17,-6.218160380423354,26.744795573468,0.0,-0.0
GCSYMETRICAL,netlists/GCSYMETRICAL__main__f20__m30dBV.cir,153.47229787236557,1.0,-6.123233995736766e-17,0.022482893450635366,-1.376680174994571e-18,0.48875592517210786,-2.992766896631626e-17,-6.218159292527044,26.744796661364308,0.0,-0.0
GCSYMETRICAL,netlists/GCSYMETRICAL__main__f20__m30dBV.cir,155.24942332574017,1.0,-6.123233995736766e-17,0.022482893450635366,-1.376680174994571e-18,0.48875598499471173,-2.992767262939428e-17,-6.218158229394146,26.744797724497204,0.0,-0.0
GCSYMETRICAL,netlists/GCSYMETRICAL__main__f20__m30dBV.cir,157.04712692201622,1.0,-6.123233995736766e-17,0.022482893450635366,-1.376680174994571e-18,0.48875604345560103,-2.9927676209091325e-17,-6.218157190460981,26.74479876343037,0.0,1.0972185000991122e-33
GCSYMETRICAL,netlists/GCSYMETRICAL__main__f20__m30dBV.cir,158.86564694485818,1.0,-6.123233995736766e-17,0.022482893450635366,-1.376680174994571e-18,0.48875610058577146,-2.992767970730535e-17,-6.218156175176705,26.74479977871465,-1.4449436167479417e-30,2.526494774633292e-35
GCSYMETRICAL,netlists/GCSYMETRICAL__main__f20__m30dBV.cir,160.70522443712537,1.0,-6.123233995736766e-17,0.022482893450635366,-1.376680174994571e-18,0.48875615641551345,-2.9927683125891084e-17,-6.218155183003002,26.744800770888347,0.0,-5.610972422763895e-34
GCSYMETRICAL,netlists/GCSYMETRICAL__main__f20__m30dBV.cir,162.5661032328218,1.0,-6.123233995736766e-17,0.022482893450635366,-1.376680174994571e-18,0.4887562109744277,-2.992768646666107e-17,-6.218154213413821,26.74480174047753,-7.2247164519918085e-31,5.423291915909486e-34
GCSYMETRICAL,netlists/GCSYMETRICAL__main__f20__m30dBV.cir,164.44852998941622,1.0,-6.123233995736766e-17,0.022482893450635366,-1.376680174994571e-18,0.4887562642914411,-2.992768973138656e-17,-6.218153265895081,26.74480268799627,-7.224715663868295e-31,-5.2391764942125574e-34
GCSYMETRICAL,netlists/GCSYMETRICAL__main__f20__m30dBV.cir,166.3527542205362,1.0,-6.123233995736766e-17,0.022482893450635366,-1.376680174994571e-18,0.4887563163948224,-2.992769292179852e-17,-6.2181523399444005,26.744803613946956,0.0,-5.29984270717547e-34
GCSYMETRICAL,netlists/GCSYMETRICAL__main__f20__m30dBV.cir,168.27902832904107,1.0,-6.123233995736766e-17,0.022482893450635366,-1.376680174994571e-18,0.48875636731219674,-2.992769603958849e-17,-6.218151435070834,26.744804518820516,0.0,5.119916105352556e-34
GCSYMETRICAL,netlists/GCSYMETRICAL__main__f20__m30dBV.cir,170.22760764047737,1.0,-6.123233995736766e-17,0.022482893450635366,-1.376680174994571e-18,0.4887564170705603,-2.9927699086409525e-17,-6.218150550794616,26.744805403096738,-7.224713405512892e-31,1.1789302937897563e-35
GCSYMETRICAL,netlists/GCSYMETRICAL__main__f20__m30dBV.cir,172.19875043692224,1.0,-6.123233995736766e-17,0.022482893450635366,-1.376680174994571e-18,0.488756465696295,-2.992770206387704e-17,-6.218149686646894,26.74480626724446,0.0,-5.1199161053524216e-34
GCSYMETRICAL,netlists/GCSYMETRICAL__main__f20__m30dBV.cir,174.19271799121827,1.0,-6.123233995736766e-17,0.022482893450635366,-1.376680174994571e-18,0.48875651321518226,-2.99277049735697e-17,-6.218148842169492,26.74480711172186,0.0,4.946098011035555e-34
GCSYMETRICAL,netlists/GCSYMETRICAL__main__f20__m30dBV.cir,176.209774601605,1.0,-6.123233995736766e-17,0.022482893450635366,-1.376680174994571e-18,0.48875655965241643,-2.992770781703021e-17,-6.218148016914665,26.744807936976688,-7.224711297892999e-31,1.138906314335624e-35
GCSYMETRICAL,netlists/GCSYMETRICAL__main__f20__m30dBV.cir,178.25018762675134,1.0,-6.123233995736766e-17,0.022482893450635366,-1.376680174994571e-18,0.4887566050326187,-2.992771059576618e-17,-6.218147210444853,26.744808743446498,0.0,-1.1258782350694135e-35
GCSYMETRICAL,netlists/GCSYMETRICAL__main__f20__m30dBV.cir,180.31422752119366,1.0,-6.123233995736766e-17,0.022482893450635366,-1.376680174994571e-18,0.48875664937984953,-2.99277133112509e-17,-6.218146422332465,26.74480953155889,-7.224709971558513e-31,4.889479173981347e-34
GCSYMETRICAL,netlists/GCSYMETRICAL__main__f20__m30dBV.cir,182.40216787118428,1.0,-6.123233995736766e-17,0.022482893450635366,-1.376680174994571e-18,0.48875669271762195,-2.992771596492412e-17,-6.218145652159635,26.744810301731718,-7.224709330947671e-31,-8.378796069885916e-41
GCSYMETRICAL,netlists/GCSYMETRICAL__main__f20__m30dBV.cir,184.514285430955,1.0,-6.123233995736766e-17,0.022482893450635366,-1.376680174994571e-18,0.4887567350689137,-2.992771855819281e-17,-6.218144899518013,26.74481105437334,-7.2247087049189115e-31,-8.094343309532371e-41
GCSYMETRICAL,netlists/GCSYMETRICAL__main__f20__m30dBV.cir,186.65086015940062,1.0,-6.123233995736766e-17,0.022482893450635366,-1.376680174994571e-18,0.4887567764561794,-2.9927721092431934e-17,-6.218144164008543,26.744811789882807,-7.224708093140307e-31,-7.81954746617399e-41
GCSYMETRICAL,netlists/GCSYMETRICAL__main__f20__m30dBV.cir,188.81217525718714,1.0,-6.123233995736766e-17,0.022482893450635366,-1.376680174994571e-18,0.4887568169013627,-2.9927723568985145e-17,-6.218143445241252,26.7448125086501,-7.224707495287483e-31,-7.554080717735339e-41
GCSYMETRICAL,netlists/GCSYMETRICAL__main__f20__m30dBV.cir,190.9985172042897,1.0,-6.123233995736766e-17,0.022482893450635366,-1.376680174994571e-18,0.4887568564259077,-2.9927725989165523e-17,-6.218142742835044,26.744813211056307,-7.22470691104345e-31,-4.510892632844177e-34
GCSYMETRICAL,netlists/GCSYMETRICAL__main__f20__m30dBV.cir,193.21017579796523,1.0,-6.123233995736766e-17,0.022482893450635366,-1.376680174994571e-18,0.4887568950507704,-2.9927728354256244e-17,-6.2181420564175,26.744813897473854,0.0,-4.563125930153602e-34
GCSYMETRICAL,netlists/GCSYMETRICAL__main__f20__m30dBV.cir,195.44744419116475,1.0,-6.123233995736766e-17,0.022482893450635366,-1.376680174994571e-18,0.4887569327964298,-2.992773066551129e-17,-6.218141385624674,26.744814568266676,0.0,-0.0
GCSYMETRICAL,netlists/GCSYMETRICAL__main__f20__m30dBV.cir,197.71061893139043,1.0,-6.123233995736766e-17,0.022482893450635366,-1.376680174994571e-18,0.48875696968289867,-2.992773292415609e-17,-6.218140730100906,26.744815223790447,0.0,-0.0
GCSYMETRICAL,netlists/GCSYMETRICAL__main__f20__m30dBV.cir,200.0000000000027,1.0,-6.123233995736766e-17,0.022482893450635366,-1.376680174994571e-18,0.4887570057297344,-2.9927735131388193e-17,-6.218140089498634,26.74481586439272,0.0,4.307867037788615e-34
GCSYMETRICAL,netlists/GCSYMETRICAL__main__f20__m30dBV.cir,202.31589085198246,1.0,-6.123233995736766e-17,0.022482893450635366,-1.376680174994571e-18,0.48875704095604905,-2.992773728837787e-17,-6.218139463478205,26.744816490413147,-7.22470418335653e-31,4.357749487168926e-34
GCSYMETRICAL,netlists/GCSYMETRICAL__main__f20__m30dBV.cir,204.6585984561536,1.0,-6.123233995736766e-17,0.022482893450635366,-1.376680174994571e-18,0.4887570753805199,-2.992773939626877e-17,-6.218138851707696,26.744817102183656,-7.224703674501251e-31,-4.209808019162263e-34
GCSYMETRICAL,netlists/GCSYMETRICAL__main__f20__m30dBV.cir,207.0284333358716,1.0,-6.123233995736766e-17,0.022482893450635366,-1.376680174994571e-18,0.48875710902139874,-2.99277414561785e-17,-6.218138253862743,26.744817700028612,0.0,-9.693711268561308e-36
GCSYMETRICAL,netlists/GCSYMETRICAL__main__f20__m30dBV.cir,209.4257096101828,1.0,-6.123233995736766e-17,0.022482893450635366,-1.376680174994571e-18,0.4887571418965222,-2.9927743469199235e-17,-6.218137669626361,26.74481828426499,-7.224702691275912e-31,4.209806872407437e-34
GCSYMETRICAL,netlists/GCSYMETRICAL__main__f20__m30dBV.cir,211.8507450354607,1.0,-6.123233995736766e-17,0.022482893450635366,-1.376680174994571e-18,0.48875717402332075,-2.992774543639829e-17,-6.2181370986887865,26.744818855202567,-7.2247022163845335e-31,-5.347879580055764e-41
GCSYMETRICAL,netlists/GCSYMETRICAL__main__f20__m30dBV.cir,214.30386104752426,1.0,-6.123233995736766e-17,0.022482893450635366,-1.376680174994571e-18,0.4887572054188281,-2.9927747358818666e-17,-6.218136540747301,26.74481941314405,-7.224701752303005e-31,-4.020334351731235e-34
GCSYMETRICAL,netlists/GCSYMETRICAL__main__f20__m30dBV.cir,216.78538280424374,1.0,-6.123233995736766e-17,0.022482893450635366,-1.376680174994571e-18,0.48875723609969046,-2.992774923747966e-17,-6.218135995506079,26.74481995838527,0.0,-9.257415170412375e-36
GCSYMETRICAL,netlists/GCSYMETRICAL__main__f20__m30dBV.cir,219.29563922864008,1.0,-6.123233995736766e-17,0.022482893450635366,-1.376680174994571e-18,0.4887572660821748,-2.992775107337733e-17,-6.21813546267603,26.74482049121532,-7.224700855590837e-31,4.0203333529494586e-34
GCSYMETRICAL,netlists/GCSYMETRICAL__main__f20__m30dBV.cir,221.83496305248335,1.0,-6.123233995736766e-17,0.022482893450635366,-1.376680174994571e-18,0.488757295382178,-2.9927752867485095e-17,-6.218134941974643,26.74482101191671,-7.224700422484754e-31,-4.657808406518205e-41
GCSYMETRICAL,netlists/GCSYMETRICAL__main__f20__m30dBV.cir,224.40369086039587,1.0,-6.123233995736766e-17,0.022482893450635366,-1.376680174994571e-18,0.48875732401523514,-2.992775462075418e-17,-6.218134433125835,26.744821520765516,-7.224699999237366e-31,-7.678776640834861e-34
GCSYMETRICAL,netlists/GCSYMETRICAL__main__f20__m30dBV.cir,227.00216313446626,1.0,-6.123233995736766e-17,0.022482893450635366,-1.376680174994571e-18,0.4887573519965276,-2.9927756334114183e-17,-6.218133935859811,26.74482201803154,7.2246995856242665e-31,-3.972253467560964e-34
GCSYMETRICAL,netlists/GCSYMETRICAL__main__f20__m30dBV.cir,229.63072429937984,1.0,-6.123233995736766e-17,0.022482893450635366,-1.376680174994571e-18,0.4887573793408911,-2.992775800847355e-17,-6.2181334499129175,26.744822503978437,0.0,3.839388095433451e-34
GCSYMETRICAL,netlists/GCSYMETRICAL__main__f20__m30dBV.cir,232.2897227680719,1.0,-6.123233995736766e-17,0.022482893450635366,-1.376680174994571e-18,0.4887574060628239,-2.9927759644720027e-17,-6.2181329750274985,26.744822978863855,0.0,3.709043635913034e-34
GCSYMETRICAL,netlists/GCSYMETRICAL__main__f20__m30dBV.cir,234.97951098790932,1.0,-6.123233995736766e-17,0.022482893450635366,-1.376680174994571e-18,0.488757432176494,-2.992776124372115e-17,-6.218132510951769,26.744823442939584,-7.224698400422505e-31,8.540577254366528e-36
GCSYMETRICAL,netlists/GCSYMETRICAL__main__f20__m30dBV.cir,237.70044548740717,1.0,-6.123233995736766e-17,0.022482893450635366,-1.376680174994571e-18,0.4887574576957472,-2.992776280632473e-17,-6.2181320574396635,26.74482389645169,0.0,-8.44285149421615e-36
GCSYMETRICAL,netlists/GCSYMETRICAL__main__f20__m30dBV.cir,240.45288692348612,1.0,-6.123233995736766e-17,0.022482893450635366,-1.376680174994571e-18,0.4887574826341137,-2.9927764333359277e-17,-6.218131614250736,26.74482433964062,-7.224697654569812e-31,3.666586007310028e-34
GCSYMETRICAL,netlists/GCSYMETRICAL__main__f20__m30dBV.cir,243.2372001292772,1.0,-6.123233995736766e-17,0.022482893450635366,-1.376680174994571e-18,0.48875750700481624,-2.992776582563442e-17,-6.218131181149996,26.744824772741357,-7.224697294327861e-31,-3.5333090034580767e-41
GCSYMETRICAL,netlists/GCSYMETRICAL__main__f20__m30dBV.cir,246.05375416247998,1.0,-6.123233995736766e-17,0.022482893450635366,-1.376680174994571e-18,0.4887575308207762,-2.992776728394138e-17,-6.218130757907812,26.744825195983545,-7.22469694228602e-31,-3.5015624529910073e-34
GCSYMETRICAL,netlists/GCSYMETRICAL__main__f20__m30dBV.cir,248.90292235428075,1.0,-6.123233995736766e-17,0.022482893450635366,-1.376680174994571e-18,0.48875755409462107,-2.992776870905335e-17,-6.218130344299775,26.744825609591576,0.0,-3.542108458634974e-34
GCSYMETRICAL,netlists/GCSYMETRICAL__main__f20__m30dBV.cir,251.78508235883723,1.0,-6.123233995736766e-17,0.022482893450635366,-1.376680174994571e-18,0.48875757683869053,-2.9927770101725944e-17,-6.218129940106589,26.74482601378476,0.0,3.4218565121544007e-34
GCSYMETRICAL,netlists/GCSYMETRICAL__main__f20__m30dBV.cir,254.70061620333618,1.0,-6.123233995736766e-17,0.022482893450635366,-1.376680174994571e-18,0.48875759906504385,-2.992777146269757e-17,-6.218129545113945,26.74482640877741,-7.224695933515716e-31,7.879289855867568e-36
GCSYMETRICAL,netlists/GCSYMETRICAL__main__f20__m30dBV.cir,257.6499103386307,1.0,-6.123233995736766e-17,0.022482893450635366,-1.376680174994571e-18,0.4887576207854656,-2.992777279268982e-17,-6.218129159112413,26.744826794778938,0.0,-3.421856512154324e-34
GCSYMETRICAL,netlists/GCSYMETRICAL__main__f20__m30dBV.cir,260.6333556904639,1.0,-6.123233995736766e-17,0.022482893450635366,-1.376680174994571e-18,0.48875764201147204,-2.9927774092407856e-17,-6.218128781897332,26.744827171994018,0.0,3.305687060584585e-34
GCSYMETRICAL,netlists/GCSYMETRICAL__main__f20__m30dBV.cir,263.6513477112855,1.0,-6.123233995736766e-17,0.022482893450635366,-1.376680174994571e-18,0.4887576627543173,-2.992777536254082e-17,-6.218128413268699,26.74482754062265,-7.224694992076492e-31,3.3439649771698347e-34
GCSYMETRICAL,netlists/GCSYMETRICAL__main__f20__m30dBV.cir,266.70428643266894,1.0,-6.123233995736766e-17,0.022482893450635366,-1.376680174994571e-18,0.48875768302499956,-2.992777660376212e-17,-6.218128053031063,26.744827900860287,-7.224694692440288e-31,-2.680288978946306e-41
GCSYMETRICAL,netlists/GCSYMETRICAL__main__f20__m30dBV.cir,269.7925765183349,1.0,-6.123233995736766e-17,0.022482893450635366,-1.376680174994571e-18,0.4887577028342663,-2.992777781672988e-17,-6.218127700993424,26.74482825289793,-7.224694399624638e-31,-3.193461761112525e-34
GCSYMETRICAL,netlists/GCSYMETRICAL__main__f20__m30dBV.cir,272.91662731778916,1.0,-6.123233995736766e-17,0.022482893450635366,-1.376680174994571e-18,0.4887577221926207,-2.9927779002087213e-17,-6.2181273569691236,26.74482859692223,0.0,-3.230440171527134e-34
GCSYMETRICAL,netlists/GCSYMETRICAL__main__f20__m30dBV.cir,276.0768529205813,1.0,-6.123233995736766e-17,0.022482893450635366,-1.376680174994571e-18,0.48875774111032655,-2.992778016046261e-17,-6.218127020775761,26.744828933115592,0.0,3.120769204789145e-34
GCSYMETRICAL,netlists/GCSYMETRICAL__main__f20__m30dBV.cir,279.2736722111919,1.0,-6.123233995736766e-17,0.022482893450635366,-1.376680174994571e-18,0.4887577595974143,-2.9927781292470255e-17,-6.218126692235081,26.74482926165627,-7.224693560566047e-31,7.185995394733859e-36
GCSYMETRICAL,netlists/GCSYMETRICAL__main__f20__m30dBV.cir,282.50750892455534,1.0,-6.123233995736766e-17,0.022482893450635366,-1.376680174994571e-18,0.48875777766368594,-2.992778239871034e-17,-6.218126371172886,26.744829582718467,0.0,-3.120769204789133e-34
GCSYMETRICAL,netlists/GCSYMETRICAL__main__f20__m30dBV.cir,285.77879170222513,1.0,-6.123233995736766e-17,0.022482893450635366,-1.376680174994571e-18,0.4887577953187203,-2.9927783479769403e-17,-6.218126057418949,26.744829896472403,0.0,-0.0
GCSYMETRICAL,netlists/GCSYMETRICAL__main__f20__m30dBV.cir,289.0879541491901,1.0,-6.123233995736766e-17,0.022482893450635366,-1.376680174994571e-18,0.4887578125718783,-2.9927784536220636e-17,-6.2181257508069105,26.74483020308444,0.0,2.9803110274235807e-34
GCSYMETRICAL,netlists/GCSYMETRICAL__main__f20__m30dBV.cir,292.43543489134834,1.0,-6.123233995736766e-17,0.022482893450635366,-1.376680174994571e-18,0.48875782943230756,-2.992778556862418e-17,-6.218125451174207,26.744830502717146,-7.224692528284468e-31,3.0148213033259473e-34
GCSYMETRICAL,netlists/GCSYMETRICAL__main__f20__m30dBV.cir,295.82167763364623,1.0,-6.123233995736766e-17,0.022482893450635366,-1.376680174994571e-18,0.4887578459089477,-2.992778657752741e-17,-6.218125158361964,26.74483079552939,-7.22469228473102e-31,-1.9641815148716434e-41
GCSYMETRICAL,netlists/GCSYMETRICAL__main__f20__m30dBV.cir,299.2471312188915,1.0,-6.123233995736766e-17,0.022482893450635366,-1.376680174994571e-18,0.4887578620105349,-2.992778756346527e-17,-6.218124872214933,26.74483108167642,-7.224692046721523e-31,-2.8791319928557737e-34
GCSYMETRICAL,netlists/GCSYMETRICAL__main__f20__m30dBV.cir,302.7122496872465,1.0,-6.123233995736766e-17,0.022482893450635366,-1.376680174994571e-18,0.48875787774560625,-2.9927788526960504e-17,-6.218124592581393,26.744831361309956,0.0,-6.629610755071587e-36
GCSYMETRICAL,netlists/GCSYMETRICAL__main__f20__m30dBV.cir,306.217492336411,1.0,-6.123233995736766e-17,0.022482893450635366,-1.376680174994571e-18,0.4887578931225045,-2.992778946852397e-17,-6.218124319313083,26.74483163457827,-7.224691586832479e-31,6.553703901134049e-36
GCSYMETRICAL,netlists/GCSYMETRICAL__main__f20__m30dBV.cir,309.76332378250135,1.0,-6.123233995736766e-17,0.022482893450635366,-1.376680174994571e-18,0.48875790814938286,-2.992779038865489e-17,-6.218124052265111,26.74483190162624,0.0,-6.478701181050014e-36
GCSYMETRICAL,netlists/GCSYMETRICAL__main__f20__m30dBV.cir,313.350214021635,1.0,-6.123233995736766e-17,0.022482893450635366,-1.376680174994571e-18,0.48875792283420855,-2.992779128784113e-17,-6.218123791295883,26.744832162595472,-7.224691147641854e-31,2.8135944217442816e-34
GCSYMETRICAL,netlists/GCSYMETRICAL__main__f20__m30dBV.cir,316.97863849222796,1.0,-6.123233995736766e-17,0.022482893450635366,-1.376680174994571e-18,0.4887579371847676,-2.9927792166559444e-17,-6.218123536267034,26.744832417624316,-7.224690935515668e-31,-1.5965466761373857e-41
GCSYMETRICAL,netlists/GCSYMETRICAL__main__f20__m30dBV.cir,320.64907813801364,1.0,-6.123233995736766e-17,0.022482893450635366,-1.376680174994571e-18,0.48875795120866894,-2.992779302527574e-17,-6.218123287043342,26.74483266684801,-7.224690728218064e-31,-1.542345321361849e-41
GCSYMETRICAL,netlists/GCSYMETRICAL__main__f20__m30dBV.cir,324.3620194717914,1.0,-6.123233995736766e-17,0.022482893450635366,-1.376680174994571e-18,0.4887579649133481,-2.992779386444531e-17,-6.2181230434926675,26.744832910398685,-7.224690525639127e-31,-2.6562043390504024e-34
GCSYMETRICAL,netlists/GCSYMETRICAL__main__f20__m30dBV.cir,328.11795463991336,1.0,-6.123233995736766e-17,0.022482893450635366,-1.376680174994571e-18,0.4887579783060714,-2.992779468451309e-17,-6.218122805485876,26.744833148405476,0.0,-2.6869616586025544e-34
GCSYMETRICAL,netlists/GCSYMETRICAL__main__f20__m30dBV.cir,331.91738148751773,1.0,-6.123233995736766e-17,0.022482893450635366,-1.376680174994571e-18,0.48875799139393983,-2.99277954859139e-17,-6.218122572896774,26.74483338099458,0.0,2.5957414635431865e-34
GCSYMETRICAL,netlists/GCSYMETRICAL__main__f20__m30dBV.cir,335.76080362451773,1.0,-6.123233995736766e-17,0.022482893450635366,-1.376680174994571e-18,0.48875800418389265,-2.9927796269072644e-17,-6.2181223456020405,26.744833608289312,-7.2246899451524065e-31,2.625798667470742e-34
GCSYMETRICAL,netlists/GCSYMETRICAL__main__f20__m30dBV.cir,339.6487304923546,1.0,-6.123233995736766e-17,0.022482893450635366,-1.376680174994571e-18,0.4887580166827112,-2.992779703440455e-17,-6.218122123481162,26.744833830410187,-7.224689760398223e-31,-2.536655175663714e-34
GCSYMETRICAL,netlists/GCSYMETRICAL__main__f20__m30dBV.cir,343.5816774315235,1.0,-6.123233995736766e-17,0.022482893450635366,-1.376680174994571e-18,0.48875802889702263,-2.9927797782315417e-17,-6.218121906416365,26.744834047474985,0.0,-5.841005664194396e-36
GCSYMETRICAL,netlists/GCSYMETRICAL__main__f20__m30dBV.cir,347.56016574988104,1.0,-6.123233995736766e-17,0.022482893450635366,-1.376680174994571e-18,0.4887580408333029,-2.9927798513201794e-17,-6.218121694292563,26.74483425959879,-7.2246894034106785e-31,2.536654924781068e-34
GCSYMETRICAL,netlists/GCSYMETRICAL__main__f20__m30dBV.cir,351.5847227917446,1.0,-6.123233995736766e-17,0.022482893450635366,-1.376680174994571e-18,0.48875805249788085,-2.9927799227451193e-17,-6.218121486997282,26.744834466894073,-7.2246892309880395e-31,-1.1699885754988363e-41
GCSYMETRICAL,netlists/GCSYMETRICAL__main__f20__m30dBV.cir,355.6558820077907,1.0,-6.123233995736766e-17,0.022482893450635366,-1.376680174994571e-18,0.4887580638969411,-2.992779992544233e-17,-6.218121284420612,26.74483466947074,-7.22468906249022e-31,-2.4224866464607518e-34
GCSYMETRICAL,netlists/GCSYMETRICAL__main__f20__m30dBV.cir,359.7741830257638,1.0,-6.123233995736766e-17,0.022482893450635366,-1.376680174994571e-18,0.4887580750365276,-2.992780060754527e-17,-6.218121086455147,26.744834867436204,0.0,-2.4505376612947474e-34
GCSYMETRICAL,netlists/GCSYMETRICAL__main__f20__m30dBV.cir,363.940171722003,1.0,-6.123233995736766e-17,0.022482893450635366,-1.376680174994571e-18,0.48875808592254666,-2.992780127412169e-17,-6.21812089299592,26.744835060895433,0.0,-0.0
GCSYMETRICAL,netlists/GCSYMETRICAL__main__f20__m30dBV.cir,368.1544002937976,1.0,-6.123233995736766e-17,0.022482893450635366,-1.376680174994571e-18,0.48875809656077013,-2.992780192552501e-17,-6.218120703940359,26.744835249950995,0.0,2.3402450921257075e-34
GCSYMETRICAL,netlists/GCSYMETRICAL__main__f20__m30dBV.cir,372.41742733258,1.0,-6.123233995736766e-17,0.022482893450635366,-1.376680174994571e-18,0.4887581069568384,-2.99278025621006e-17,-6.218120519188226,26.744835434703127,-7.224688425990561e-31,2.367343805038944e-34
GCSYMETRICAL,netlists/GCSYMETRICAL__main__f20__m30dBV.cir,376.7298178979667,1.0,-6.123233995736766e-17,0.022482893450635366,-1.376680174994571e-18,0.4887581171162639,-2.992780318418599e-17,-6.218120338641558,26.744835615249794,-7.22468827581672e-31,-2.2869746112915962e-34
GCSYMETRICAL,netlists/GCSYMETRICAL__main__f20__m30dBV.cir,381.09214359265616,1.0,-6.123233995736766e-17,0.022482893450635366,-1.376680174994571e-18,0.48875812704443294,-2.992780379211101e-17,-6.218120162204633,26.74483579168672,0.0,-2.313456479988499e-34
GCSYMETRICAL,netlists/GCSYMETRICAL__main__f20__m30dBV.cir,385.504982638194,1.0,-6.123233995736766e-17,0.022482893450635366,-1.376680174994571e-18,0.4887581367466096,-2.992780438619799e-17,-6.218119989783898,26.744835964107455,0.0,-0.0
GCSYMETRICAL,netlists/GCSYMETRICAL__main__f20__m30dBV.cir,389.968919951616,1.0,-6.123233995736766e-17,0.022482893450635366,-1.376680174994571e-18,0.48875814622793823,-2.9927804966761926e-17,-6.218119821287935,26.74483613260342,0.0,-0.0
GCSYMETRICAL,netlists/GCSYMETRICAL__main__f20__m30dBV.cir,394.48454722297777,1.0,-6.123233995736766e-17,0.022482893450635366,-1.376680174994571e-18,0.4887581554934458,-2.992780553411064e-17,-6.218119656627405,26.74483629726395,0.0,-0.0
GCSYMETRICAL,netlists/GCSYMETRICAL__main__f20__m30dBV.cir,399.052462993783,1.0,-6.123233995736766e-17,0.022482893450635366,-1.376680174994571e-18,0.488758164548045,-2.9927806088544936e-17,-6.218119495715003,26.744836458176348,0.0,2.159042961043211e-34
GCSYMETRICAL,netlists/GCSYMETRICAL__main__f20__m30dBV.cir,403.6732727363194,1.0,-6.123233995736766e-17,0.022482893450635366,-1.376680174994571e-18,0.4887581733965366,-2.9927806630358783e-17,-6.218119338465414,26.74483661542594,-7.224687443897279e-31,4.971489961926523e-36
GCSYMETRICAL,netlists/GCSYMETRICAL__main__f20__m30dBV.cir,408.3475889339132,1.0,-6.123233995736766e-17,0.022482893450635366,-1.376680174994571e-18,0.4887581820436124,-2.992780715983946e-17,-6.218119184795256,26.744836769096096,0.0,-4.914589167569556e-36
GCSYMETRICAL,netlists/GCSYMETRICAL__main__f20__m30dBV.cir,413.0760311621133,1.0,-6.123233995736766e-17,0.022482893450635366,-1.376680174994571e-18,0.48875819049385694,-2.9927807677267714e-17,-6.218119034623058,26.744836919268295,-7.224687191169451e-31,4.858324864449211e-36
GCSYMETRICAL,netlists/GCSYMETRICAL__main__f20__m30dBV.cir,417.8592261708154,1.0,-6.123233995736766e-17,0.022482893450635366,-1.376680174994571e-18,0.48875819875175075,-2.992780818291787e-17,-6.218118887869192,26.744837066022164,0.0,-4.802718967638302e-36
GCSYMETRICAL,netlists/GCSYMETRICAL__main__f20__m30dBV.cir,422.697807967337,1.0,-6.123233995736766e-17,0.022482893450635366,-1.376680174994571e-18,0.4887582068216721,-2.9927808677058044e-17,-6.218118744455853,26.744837209435502,-7.224686949816252e-31,2.0857451747648963e-34
GCSYMETRICAL,netlists/GCSYMETRICAL__main__f20__m30dBV.cir,427.59241790045417,1.0,-6.123233995736766e-17,0.022482893450635366,-1.376680174994571e-18,0.4887582147079,-2.992780915995023e-17,-6.218118604306994,26.74483734958436,-7.224686833244241e-31,-2.0149359919591006e-34
GCSYMETRICAL,netlists/GCSYMETRICAL__main__f20__m30dBV.cir,432.5437047454119,1.0,-6.123233995736766e-17,0.022482893450635366,-1.376680174994571e-18,0.48875822241461564,-2.992780963185046e-17,-6.218118467348312,26.74483748654304,0.0,-2.038267817460642e-34
GCSYMETRICAL,netlists/GCSYMETRICAL__main__f20__m30dBV.cir,437.5523247899185,1.0,-6.123233995736766e-17,0.022482893450635366,-1.376680174994571e-18,0.4887582299459053,-2.992781009300895e-17,-6.218118333507187,26.744837620384168,0.0,1.9690703256340585e-34
GCSYMETRICAL,netlists/GCSYMETRICAL__main__f20__m30dBV.cir,442.6189419211356,1.0,-6.123233995736766e-17,0.022482893450635366,-1.376680174994571e-18,0.488758237305762,-2.9927810543670203e-17,-6.218118202712657,26.744837751178693,-7.224686499208999e-31,4.53405214016115e-36
GCSYMETRICAL,netlists/GCSYMETRICAL__main__f20__m30dBV.cir,447.74422771367614,1.0,-6.123233995736766e-17,0.022482893450635366,-1.376680174994571e-18,0.4887582444980882,-2.992781098407316e-17,-6.218118074895372,26.74483787899598,0.0,-4.482156873292813e-36
GCSYMETRICAL,netlists/GCSYMETRICAL__main__f20__m30dBV.cir,452.9288615186203,1.0,-6.123233995736766e-17,0.022482893450635366,-1.376680174994571e-18,0.4887582515266972,-2.992781141445134e-17,-6.218117949987563,26.744838003903787,-7.22468628899915e-31,1.9465304806339895e-34
GCSYMETRICAL,netlists/GCSYMETRICAL__main__f20__m30dBV.cir,458.1735305535631,1.0,-6.123233995736766e-17,0.022482893450635366,-1.376680174994571e-18,0.48875825839531584,-2.992781183503293e-17,-6.218117827922999,26.744838125968357,-7.224686187469173e-31,-1.8804475082372511e-34
GCSYMETRICAL,netlists/GCSYMETRICAL__main__f20__m30dBV.cir,463.47892999370436,1.0,-6.123233995736766e-17,0.022482893450635366,-1.376680174994571e-18,0.4887582651075857,-2.992781224604092e-17,-6.218117708636964,26.74483824525439,0.0,-4.3299910393682984e-36
GCSYMETRICAL,netlists/GCSYMETRICAL__main__f20__m30dBV.cir,468.8457630639932,1.0,-6.123233995736766e-17,0.022482893450635366,-1.376680174994571e-18,0.4887582716670658,-2.992781264769324e-17,-6.218117592066208,26.744838361825142,-7.224685991289928e-31,4.280420935631733e-36
GCSYMETRICAL,netlists/GCSYMETRICAL__main__f20__m30dBV.cir,474.27474113233995,1.0,-6.123233995736766e-17,0.022482893450635366,-1.376680174994571e-18,0.4887582780772342,-2.9927813040202845e-17,-6.218117478148924,26.744838475742426,0.0,-4.23142807316455e-36
GCSYMETRICAL,netlists/GCSYMETRICAL__main__f20__m30dBV.cir,479.7665838039071,1.0,-6.123233995736766e-17,0.022482893450635366,-1.376680174994571e-18,0.4887582843414895,-2.9927813423777856e-17,-6.218117366824714,26.74483858706664,-7.2246858039402e-31,1.8376431506313631e-34
GCSYMETRICAL,netlists/GCSYMETRICAL__main__f20__m30dBV.cir,485.3220190164923,1.0,-6.123233995736766e-17,0.022482893450635366,-1.376680174994571e-18,0.488758290463153,-2.992781379862164e-17,-6.21811725803455,26.744838695856803,-7.224685713451514e-31,-4.4481725098321506e-42
GCSYMETRICAL,netlists/GCSYMETRICAL__main__f20__m30dBV.cir,490.94178313701536,1.0,-6.123233995736766e-17,0.022482893450635366,-1.376680174994571e-18,0.4887582964454707,-2.992781416493295e-17,-6.21811715172075,26.7448388021706,-7.224685625022601e-31,-4.2971609188338233e-42
GCSYMETRICAL,netlists/GCSYMETRICAL__main__f20__m30dBV.cir,496.62662105912347,1.0,-6.123233995736766e-17,0.022482893450635366,-1.376680174994571e-18,0.4887583022916142,-2.9927814522905996e-17,-6.21811704782695,26.744838906064402,-7.224685538606577e-31,-4.151276075427571e-42
GCSYMETRICAL,netlists/GCSYMETRICAL__main__f20__m30dBV.cir,502.37728630192555,1.0,-6.123233995736766e-17,0.022482893450635366,-1.376680174994571e-18,0.48875830800468345,-2.992781487273059e-17,-6.218116946298058,26.744839007593292,-7.224685454157621e-31,-1.7149883321303212e-34
GCSYMETRICAL,netlists/GCSYMETRICAL__main__f20__m30dBV.cir,508.19454110987067,1.0,-6.123233995736766e-17,0.022482893450635366,-1.376680174994571e-18,0.48875831358770755,-2.9927815214592217e-17,-6.218116847080244,26.74483910681111,0.0,-1.7348469403276028e-34
GCSYMETRICAL,netlists/GCSYMETRICAL__main__f20__m30dBV.cir,514.0791565537826,1.0,-6.123233995736766e-17,0.022482893450635366,-1.376680174994571e-18,0.48875831904364664,-2.9927815548672135e-17,-6.2181167501209025,26.744839203770454,0.0,3.351900710962322e-34
GCSYMETRICAL,netlists/GCSYMETRICAL__main__f20__m30dBV.cir,520.0319126330644,1.0,-6.123233995736766e-17,0.022482893450635366,-1.376680174994571e-18,0.48875832437539335,-2.992781587514747e-17,-6.218116655368626,26.744839298522724,-1.4449370424340959e-30,1.7339479638644845e-34
GCSYMETRICAL,netlists/GCSYMETRICAL__main__f20__m30dBV.cir,526.0535983790866,1.0,-6.123233995736766e-17,0.022482893450635366,-1.376680174994571e-18,0.488758329585775,-2.9927816194191325e-17,-6.2181165627731705,26.74483939111818,-7.224685135152115e-31,-3.814935708143173e-36
GCSYMETRICAL,netlists/GCSYMETRICAL__main__f20__m30dBV.cir,532.1450119597723,1.0,-6.123233995736766e-17,0.022482893450635366,-1.376680174994571e-18,0.4887583346775538,-2.9927816505972864e-17,-6.2181164722854465,26.744839481605904,-1.4449370119773809e-30,3.7712561808652025e-36
GCSYMETRICAL,netlists/GCSYMETRICAL__main__f20__m30dBV.cir,538.3069607853937,1.0,-6.123233995736766e-17,0.022482893450635366,-1.376680174994571e-18,0.48875833965342974,-2.9927816810657385e-17,-6.218116383857474,26.744839570033882,-7.224684986334939e-31,-1.637801065925686e-34
GCSYMETRICAL,netlists/GCSYMETRICAL__main__f20__m30dBV.cir,544.5402616155932,1.0,-6.123233995736766e-17,0.022482893450635366,-1.376680174994571e-18,0.4887583445160411,-2.9927817108406456e-17,-6.218116297442364,26.74483965644899,-7.224684914457219e-31,-1.582199112116162e-34
GCSYMETRICAL,netlists/GCSYMETRICAL__main__f20__m30dBV.cir,550.8457406676441,1.0,-6.123233995736766e-17,0.022482893450635366,-1.376680174994571e-18,0.4887583492679659,-2.992781739937793e-17,-6.218116212994303,26.74483974089705,0.0,-1.6005200980706324e-34
GCSYMETRICAL,netlists/GCSYMETRICAL__main__f20__m30dBV.cir,557.2242337259651,1.0,-6.123233995736766e-17,0.022482893450635366,-1.376680174994571e-18,0.4887583539117239,-2.99278176837261e-17,-6.218116130468513,26.74483982342284,0.0,-0.0
GCSYMETRICAL,netlists/GCSYMETRICAL__main__f20__m30dBV.cir,563.6765862529019,1.0,-6.123233995736766e-17,0.022482893450635366,-1.376680174994571e-18,0.48875835844977705,-2.992781796160171e-17,-6.21811604982124,26.744839904070115,0.0,1.5284847699923034e-34
GCSYMETRICAL,netlists/GCSYMETRICAL__main__f20__m30dBV.cir,570.2036535007932,1.0,-6.123233995736766e-17,0.022482893450635366,-1.376680174994571e-18,0.4887583628845315,-2.992781823315211e-17,-6.2181159710097225,26.744839982881633,-7.224684642939502e-31,1.5461837760755033e-34
GCSYMETRICAL,netlists/GCSYMETRICAL__main__f20__m30dBV.cir,576.8063006253327,1.0,-6.123233995736766e-17,0.022482893450635366,-1.376680174994571e-18,0.4887583672183388,-2.992781849852127e-17,-6.218115893992172,26.74484005989918,-7.224684578878417e-31,1.4936921562169377e-34
GCSYMETRICAL,netlists/GCSYMETRICAL__main__f20__m30dBV.cir,583.4854028002451,1.0,-6.123233995736766e-17,0.022482893450635366,-1.376680174994571e-18,0.48875837145349665,-2.99278187578499e-17,-6.218115818727755,26.744840135163596,-1.4449369032551084e-30,3.439426773871347e-36
GCSYMETRICAL,netlists/GCSYMETRICAL__main__f20__m30dBV.cir,590.241845333289,1.0,-6.123233995736766e-17,0.022482893450635366,-1.376680174994571e-18,0.4887583755922507,-2.992781901127549e-17,-6.218115745176563,26.744840208714788,-7.224684455097679e-31,-1.4936922074405995e-34
GCSYMETRICAL,netlists/GCSYMETRICAL__main__f20__m30dBV.cir,597.076523783604,1.0,-6.123233995736766e-17,0.022482893450635366,-1.376680174994571e-18,0.48875837963679514,-2.992781925893241e-17,-6.218115673299604,26.744840280591752,-7.224684395312398e-31,-2.3888100589992947e-42
GCSYMETRICAL,netlists/GCSYMETRICAL__main__f20__m30dBV.cir,603.9903440804155,1.0,-6.123233995736766e-17,0.022482893450635366,-1.376680174994571e-18,0.48875838358927465,-2.992781950095198e-17,-6.21811560305876,26.744840350832597,-7.224684336887994e-31,-2.3077120699703817e-42
GCSYMETRICAL,netlists/GCSYMETRICAL__main__f20__m30dBV.cir,610.9842226431151,1.0,-6.123233995736766e-17,0.022482893450635366,-1.376680174994571e-18,0.4887583874517848,-2.992781973746251e-17,-6.2181155344167935,26.744840419474556,-7.224684279793492e-31,-2.229367263796158e-42
GCSYMETRICAL,netlists/GCSYMETRICAL__main__f20__m30dBV.cir,618.0590865027308,1.0,-6.123233995736766e-17,0.022482893450635366,-1.376680174994571e-18,0.4887583912263735,-2.992781996858941e-17,-6.2181154673373085,26.744840486554043,-7.224684223998622e-31,-2.1536821578581238e-42
GCSYMETRICAL,netlists/GCSYMETRICAL__main__f20__m30dBV.cir,625.2158734248038,1.0,-6.123233995736766e-17,0.022482893450635366,-1.376680174994571e-18,0.48875839491504214,-2.992782019445522e-17,-6.218115401784738,26.744840552106616,-7.2246841694737964e-31,-2.0805666051481367e-42
GCSYMETRICAL,netlists/GCSYMETRICAL__main__f20__m30dBV.cir,632.4555320336889,1.0,-6.123233995736766e-17,0.022482893450635366,-1.376680174994571e-18,0.4887583985197465,-2.9927820415179705e-17,-6.218115337724327,26.744840616167025,-7.224684116190106e-31,-2.0099331528048827e-42
GCSYMETRICAL,netlists/GCSYMETRICAL__main__f20__m30dBV.cir,639.7790219382928,1.0,-6.123233995736766e-17,0.022482893450635366,-1.376680174994571e-18,0.4887584020423978,-2.992782063087989e-17,-6.218115275122108,26.744840678769247,-7.224684064119304e-31,-1.3466696860524563e-34
GCSYMETRICAL,netlists/GCSYMETRICAL__main__f20__m30dBV.cir,647.1873138592699,1.0,-6.123233995736766e-17,0.022482893450635366,-1.376680174994571e-18,0.4887584054848639,-2.9927820841670137e-17,-6.218115213944888,26.744840739946465,0.0,-3.1008918768153205e-36
GCSYMETRICAL,netlists/GCSYMETRICAL__main__f20__m30dBV.cir,654.68138975769,1.0,-6.123233995736766e-17,0.022482893450635366,-1.376680174994571e-18,0.48875840884896987,-2.9927821047662223e-17,-6.21811515416023,26.744840799731122,-7.224683963506543e-31,3.0653943856137395e-36
GCSYMETRICAL,netlists/GCSYMETRICAL__main__f20__m30dBV.cir,662.262242965196,1.0,-6.123233995736766e-17,0.022482893450635366,-1.376680174994571e-18,0.4887584121364995,-2.992782124896535e-17,-6.218115095736439,26.744840858154912,0.0,-3.03030683643423e-36
GCSYMETRICAL,netlists/GCSYMETRICAL__main__f20__m30dBV.cir,669.9308783156694,1.0,-6.123233995736766e-17,0.022482893450635366,-1.376680174994571e-18,0.48875841534919584,-2.992782144568627e-17,-6.2181150386425355,26.744840915248815,-7.224683867422103e-31,1.3160156877469112e-34
GCSYMETRICAL,netlists/GCSYMETRICAL__main__f20__m30dBV.cir,677.6883122784193,1.0,-6.123233995736766e-17,0.022482893450635366,-1.376680174994571e-18,0.4887584184887624,-2.9927821637929275e-17,-6.218114982848246,26.74484097104311,-7.22468382101395e-31,1.2713380874083967e-34
GCSYMETRICAL,netlists/GCSYMETRICAL__main__f20__m30dBV.cir,685.5355730929151,1.0,-6.123233995736766e-17,0.022482893450635366,-1.376680174994571e-18,0.4887584215568636,-2.9927821825796297e-17,-6.218114928323992,26.74484102556736,-1.4449367551324353e-30,-1.2275109365324501e-34
GCSYMETRICAL,netlists/GCSYMETRICAL__main__f20__m30dBV.cir,693.4737009050779,1.0,-6.123233995736766e-17,0.022482893450635366,-1.376680174994571e-18,0.48875842455512647,-2.992782200938694e-17,-6.2181148750408575,26.744841078850495,0.0,-1.3002773071612099e-34
GCSYMETRICAL,netlists/GCSYMETRICAL__main__f20__m30dBV.cir,701.5037479051508,1.0,-6.123233995736766e-17,0.022482893450635366,-1.376680174994571e-18,0.4887584274851405,-2.9927822188798555e-17,-6.218114822970598,26.744841130920754,-7.224683688032127e-31,2.8607923849348875e-36
GCSYMETRICAL,netlists/GCSYMETRICAL__main__f20__m30dBV.cir,709.626778467166,1.0,-6.123233995736766e-17,0.022482893450635366,-1.376680174994571e-18,0.4887584303484594,-2.992782236412627e-17,-6.218114772085599,26.744841181805754,0.0,-1.242398900330341e-34
GCSYMETRICAL,netlists/GCSYMETRICAL__main__f20__m30dBV.cir,717.8438692900257,1.0,-6.123233995736766e-17,0.022482893450635366,-1.376680174994571e-18,0.4887584331466011,-2.9927822535463036e-17,-6.218114722358886,26.74484123153247,0.0,1.2002205291026921e-34
GCSYMETRICAL,netlists/GCSYMETRICAL__main__f20__m30dBV.cir,726.1561095402183,1.0,-6.123233995736766e-17,0.022482893450635366,-1.376680174994571e-18,0.4887584358810494,-2.9927822702899707e-17,-6.2181146737640915,26.74484128012726,-7.224683563926265e-31,2.7636709506005245e-36
GCSYMETRICAL,netlists/GCSYMETRICAL__main__f20__m30dBV.cir,734.5646009961852,1.0,-6.123233995736766e-17,0.022482893450635366,-1.376680174994571e-18,0.4887584385532541,-2.992782286652505e-17,-6.218114626275447,26.74484132761591,0.0,-1.200220529102664e-34
GCSYMETRICAL,netlists/GCSYMETRICAL__main__f20__m30dBV.cir,743.0704581943611,1.0,-6.123233995736766e-17,0.022482893450635366,-1.376680174994571e-18,0.4887584411646321,-2.992782302642583e-17,-6.218114579867777,26.744841374023576,0.0,-0.0
GCSYMETRICAL,netlists/GCSYMETRICAL__main__f20__m30dBV.cir,751.6748085769046,1.0,-6.123233995736766e-17,0.022482893450635366,-1.376680174994571e-18,0.48875844371656774,-2.9927823182686826e-17,-6.2181145345164754,26.744841419374875,0.0,-0.0
GCSYMETRICAL,netlists/GCSYMETRICAL__main__f20__m30dBV.cir,760.378792641139,1.0,-6.123233995736766e-17,0.022482893450635366,-1.376680174994571e-18,0.48875844621041437,-2.992782333539089e-17,-6.218114490197494,26.74484146369386,0.0,-0.0
GCSYMETRICAL,netlists/GCSYMETRICAL__main__f20__m30dBV.cir,769.183564090724,1.0,-6.123233995736766e-17,0.022482893450635366,-1.376680174994571e-18,0.4887584486474941,-2.9927823484618986e-17,-6.218114446887335,26.74484150700402,0.0,-0.0
GCSYMETRICAL,netlists/GCSYMETRICAL__main__f20__m30dBV.cir,778.0902899885783,1.0,-6.123233995736766e-17,0.022482893450635366,-1.376680174994571e-18,0.4887584510290992,-2.9927823630450235e-17,-6.218114404563035,26.744841549328314,0.0,-0.0
GCSYMETRICAL,netlists/GCSYMETRICAL__main__f20__m30dBV.cir,787.1001509115723,1.0,-6.123233995736766e-17,0.022482893450635366,-1.376680174994571e-18,0.4887584533564924,-2.9927823772961964e-17,-6.218114363202155,26.744841590689198,0.0,1.0946140879277411e-34
GCSYMETRICAL,netlists/GCSYMETRICAL__main__f20__m30dBV.cir,796.2143411070122,1.0,-6.123233995736766e-17,0.022482893450635366,-1.376680174994571e-18,0.4887584556309076,-2.9927823912229736e-17,-6.218114322782763,26.744841631108592,-7.224683271989677e-31,2.5204977615101183e-36
GCSYMETRICAL,netlists/GCSYMETRICAL__main__f20__m30dBV.cir,805.4340686509361,1.0,-6.123233995736766e-17,0.022482893450635366,-1.376680174994571e-18,0.4887584578535508,-2.992782404832738e-17,-6.218114283283428,26.744841670607926,0.0,-1.0946140879277343e-34
GCSYMETRICAL,netlists/GCSYMETRICAL__main__f20__m30dBV.cir,814.7605556082436,1.0,-6.123233995736766e-17,0.022482893450635366,-1.376680174994571e-18,0.4887584600256005,-2.9927824181327065e-17,-6.218114244683209,26.744841709208146,0.0,-0.0
GCSYMETRICAL,netlists/GCSYMETRICAL__main__f20__m30dBV.cir,824.1950381946789,1.0,-6.123233995736766e-17,0.022482893450635366,-1.376680174994571e-18,0.4887584621482084,-2.992782431129931e-17,-6.218114206961635,26.744841746929715,0.0,-0.0
GCSYMETRICAL,netlists/GCSYMETRICAL__main__f20__m30dBV.cir,833.7387669406895,1.0,-6.123233995736766e-17,0.022482893450635366,-1.376680174994571e-18,0.48875846422249974,-2.9927824438313025e-17,-6.218114170098713,26.744841783792637,0.0,-0.0
GCSYMETRICAL,netlists/GCSYMETRICAL__main__f20__m30dBV.cir,843.3930068571835,1.0,-6.123233995736766e-17,0.022482893450635366,-1.376680174994571e-18,0.48875846624957464,-2.992782456243556e-17,-6.218114134074889,26.744841819816465,0.0,-0.0
GCSYMETRICAL,netlists/GCSYMETRICAL__main__f20__m30dBV.cir,853.1590376032046,1.0,-6.123233995736766e-17,0.022482893450635366,-1.376680174994571e-18,0.48875846823050756,-2.992782468373272e-17,-6.2181140988710695,26.744841855020283,0.0,-0.0
GCSYMETRICAL,netlists/GCSYMETRICAL__main__f20__m30dBV.cir,863.0381536555501,1.0,-6.123233995736766e-17,0.022482893450635366,-1.376680174994571e-18,0.488758470166349,-2.992782480226882e-17,-6.218114064468586,26.744841889422766,0.0,9.98299879548823e-35
GCSYMETRICAL,netlists/GCSYMETRICAL__main__f20__m30dBV.cir,873.0316644803519,1.0,-6.123233995736766e-17,0.022482893450635366,-1.376680174994571e-18,0.4887584720581253,-2.9927824918106714e-17,-6.2181140308492004,26.744841923042152,-7.224683029167401e-31,2.2987212018081222e-36
GCSYMETRICAL,netlists/GCSYMETRICAL__main__f20__m30dBV.cir,883.1408947066452,1.0,-6.123233995736766e-17,0.022482893450635366,-1.376680174994571e-18,0.4887584739068395,-2.992782503130781e-17,-6.218113997995083,26.74484195589627,0.0,-2.2724086874170164e-36
GCSYMETRICAL,netlists/GCSYMETRICAL__main__f20__m30dBV.cir,893.3671843019467,1.0,-6.123233995736766e-17,0.022482893450635366,-1.376680174994571e-18,0.4887584757134719,-2.992782514193214e-17,-6.218113965888818,26.744841988002538,-7.224682975135149e-31,9.868724244593248e-35
GCSYMETRICAL,netlists/GCSYMETRICAL__main__f20__m30dBV.cir,903.7118887498656,1.0,-6.123233995736766e-17,0.022482893450635366,-1.376680174994571e-18,0.4887584774789803,-2.9927825250038354e-17,-6.218113934513379,26.744842019377973,-7.224682949037927e-31,-9.533689765453431e-35
GCSYMETRICAL,netlists/GCSYMETRICAL__main__f20__m30dBV.cir,914.1763792297712,1.0,-6.123233995736766e-17,0.022482893450635366,-1.376680174994571e-18,0.4887584792043009,-2.9927825355683766e-17,-6.2181139038521325,26.744842050039217,0.0,-2.195262338511969e-36
GCSYMETRICAL,netlists/GCSYMETRICAL__main__f20__m30dBV.cir,924.7620427985421,1.0,-6.123233995736766e-17,0.022482893450635366,-1.376680174994571e-18,0.48875848089034835,-2.99278254589244e-17,-6.2181138738888215,26.74484208000253,-7.224682898612096e-31,2.1701327129001215e-36
GCSYMETRICAL,netlists/GCSYMETRICAL__main__f20__m30dBV.cir,935.4702825744182,1.0,-6.123233995736766e-17,0.022482893450635366,-1.376680174994571e-18,0.48875848253801674,-2.9927825559814985e-17,-6.218113844607559,26.744842109283795,0.0,-9.424558420521202e-35
GCSYMETRICAL,netlists/GCSYMETRICAL__main__f20__m30dBV.cir,946.302517922983,1.0,-6.123233995736766e-17,0.022482893450635366,-1.376680174994571e-18,0.48875848414817963,-2.992782565840903e-17,-6.218113815992819,26.744842137898534,0.0,1.8209205712474049e-34
GCSYMETRICAL,netlists/GCSYMETRICAL__main__f20__m30dBV.cir,957.2601846452991,1.0,-6.123233995736766e-17,0.022482893450635366,-1.376680174994571e-18,0.4887584857216906,-2.99278257547588e-17,-6.218113788029431,26.74484216586192,-1.4449365654393258e-30,4.192917188193107e-36
GCSYMETRICAL,netlists/GCSYMETRICAL__main__f20__m30dBV.cir,968.3447351682214,1.0,-6.123233995736766e-17,0.022482893450635366,-1.376680174994571e-18,0.4887584872593843,-2.9927825848915373e-17,-6.218113760702565,26.744842193188788,0.0,-1.820920571247442e-34
GCSYMETRICAL,netlists/GCSYMETRICAL__main__f20__m30dBV.cir,979.5576387369155,1.0,-6.123233995736766e-17,0.022482893450635366,-1.376680174994571e-18,0.4887584887620758,-2.992782594092868e-17,-6.218113733997735,26.744842219893616,0.0,8.795509510981081e-35
GCSYMETRICAL,netlists/GCSYMETRICAL__main__f20__m30dBV.cir,990.9003816096039,1.0,-6.123233995736766e-17,0.022482893450635366,-1.376680174994571e-18,0.4887584902305618,-2.992782603084752e-17,-6.218113707900782,26.744842245990572,-7.224682760547835e-31,2.0252856489125992e-36
GCSYMETRICAL,netlists/GCSYMETRICAL__main__f20__m30dBV.cir,1002.3744672545683,1.0,-6.123233995736766e-17,0.022482893450635366,-1.376680174994571e-18,0.48875849166562096,-2.992782611871955e-17,-6.218113682397869,26.744842271493482,0.0,-2.0021028947877695e-36
GCSYMETRICAL,netlists/GCSYMETRICAL__main__f20__m30dBV.cir,1013.9814165494329,1.0,-6.123233995736766e-17,0.022482893450635366,-1.376680174994571e-18,0.48875849306801417,-2.9927826204591376e-17,-6.218113657475472,26.744842296415882,-7.224682718605457e-31,1.9791845076945347e-36
GCSYMETRICAL,netlists/GCSYMETRICAL__main__f20__m30dBV.cir,1025.7227679827542,1.0,-6.123233995736766e-17,0.022482893450635366,-1.376680174994571e-18,0.4887584944384851,-2.9927826288508513e-17,-6.218113633120378,26.744842320770978,0.0,-1.956529435662762e-36
GCSYMETRICAL,netlists/GCSYMETRICAL__main__f20__m30dBV.cir,1037.600077857947,1.0,-6.123233995736766e-17,0.022482893450635366,-1.376680174994571e-18,0.4887584957777603,-2.9927826370515473e-17,-6.218113609319673,26.74484234457168,-7.224682678550796e-31,1.9341327573357334e-36
GCSYMETRICAL,netlists/GCSYMETRICAL__main__f20__m30dBV.cir,1049.6149204995704,1.0,-6.123233995736766e-17,0.022482893450635366,-1.376680174994571e-18,0.48875849708654995,-2.992782645065572e-17,-6.218113586060738,26.744842367830618,0.0,-8.399646277935598e-35
GCSYMETRICAL,netlists/GCSYMETRICAL__main__f20__m30dBV.cir,1061.7688884620022,1.0,-6.123233995736766e-17,0.022482893450635366,-1.376680174994571e-18,0.48875849836554786,-2.992782652897175e-17,-6.218113563331241,26.74484239056011,0.0,-0.0
GCSYMETRICAL,netlists/GCSYMETRICAL__main__f20__m30dBV.cir,1074.0635927405312,1.0,-6.123233995736766e-17,0.022482893450635366,-1.376680174994571e-18,0.48875849961543216,-2.9927826605505094e-17,-6.218113541119132,26.744842412772222,0.0,-0.0
GCSYMETRICAL,netlists/GCSYMETRICAL__main__f20__m30dBV.cir,1086.5006629848926,1.0,-6.123233995736766e-17,0.022482893450635366,-1.376680174994571e-18,0.48875850083686573,-2.992782668029633e-17,-6.21811351941263,26.74484243447872,0.0,7.929777324193187e-35
GCSYMETRICAL,netlists/GCSYMETRICAL__main__f20__m30dBV.cir,1099.0817477152757,1.0,-6.123233995736766e-17,0.022482893450635366,-1.376680174994571e-18,0.488758502030496,-2.992782675338511e-17,-6.21811349820023,26.74484245569112,-7.224682586124718e-31,8.021599799301406e-35
GCSYMETRICAL,netlists/GCSYMETRICAL__main__f20__m30dBV.cir,1111.808514540834,1.0,-6.123233995736766e-17,0.022482893450635366,-1.376680174994571e-18,0.48875850319695596,-2.992782682481018e-17,-6.218113477470684,26.74484247642067,-7.224682568882454e-31,-3.699828860524031e-43
GCSYMETRICAL,netlists/GCSYMETRICAL__main__f20__m30dBV.cir,1124.6826503807254,1.0,-6.123233995736766e-17,0.022482893450635366,-1.376680174994571e-18,0.4887585043368641,-2.992782689460942e-17,-6.218113457212998,26.744842496678352,-7.224682552032671e-31,-7.660568336364015e-35
GCSYMETRICAL,netlists/GCSYMETRICAL__main__f20__m30dBV.cir,1137.7058616877105,1.0,-6.123233995736766e-17,0.022482893450635366,-1.376680174994571e-18,0.4887585054508248,-2.992782696281984e-17,-6.218113437416433,26.744842516474918,0.0,-1.763950349820702e-36
GCSYMETRICAL,netlists/GCSYMETRICAL__main__f20__m30dBV.cir,1150.8798746743419,1.0,-6.123233995736766e-17,0.022482893450635366,-1.376680174994571e-18,0.48875850653942854,-2.99278270294776e-17,-6.218113418070494,26.74484253582086,-7.22468251947502e-31,7.660568267265112e-35
GCSYMETRICAL,netlists/GCSYMETRICAL__main__f20__m30dBV.cir,1164.2064355417713,1.0,-6.123233995736766e-17,0.022482893450635366,-1.376680174994571e-18,0.4887585076032526,-2.9927827094618035e-17,-6.218113399164923,26.744842554726432,-7.22468250374989e-31,-7.400498724269433e-35
GCSYMETRICAL,netlists/GCSYMETRICAL__main__f20__m30dBV.cir,1177.6873107112067,1.0,-6.123233995736766e-17,0.022482893450635366,-1.376680174994571e-18,0.48875850864286124,-2.99278271582757e-17,-6.218113380689693,26.744842573201662,0.0,-1.704065752545682e-36
GCSYMETRICAL,netlists/GCSYMETRICAL__main__f20__m30dBV.cir,1191.32428705805,1.0,-6.123233995736766e-17,0.022482893450635366,-1.376680174994571e-18,0.4887585096588054,-2.992782722048434e-17,-6.218113362635012,26.74484259125634,-7.2246824733653215e-31,1.6845591619374544e-36
GCSYMETRICAL,netlists/GCSYMETRICAL__main__f20__m30dBV.cir,1205.119172148745,1.0,-6.123233995736766e-17,0.022482893450635366,-1.376680174994571e-18,0.4887585106516239,-2.992782728127694e-17,-6.2181133449913055,26.744842608900047,0.0,6.982730576857726e-35
GCSYMETRICAL,netlists/GCSYMETRICAL__main__f20__m30dBV.cir,1219.0737944803684,1.0,-6.123233995736766e-17,0.022482893450635366,-1.376680174994571e-18,0.48875851162184303,-2.9927827340685735e-17,-6.2181133277492195,26.744842626142137,-1.4449364888696571e-30,7.396664108445279e-35
GCSYMETRICAL,netlists/GCSYMETRICAL__main__f20__m30dBV.cir,1233.1900037229948,1.0,-6.123233995736766e-17,0.022482893450635366,-1.376680174994571e-18,0.48875851256997743,-2.992782739874222e-17,-6.218113310899608,26.744842642991742,-7.224682430333246e-31,-7.149258249951824e-35
GCSYMETRICAL,netlists/GCSYMETRICAL__main__f20__m30dBV.cir,1247.4696709648695,1.0,-6.123233995736766e-17,0.022482893450635366,-1.376680174994571e-18,0.4887585134965295,-2.992782745547717e-17,-6.218113294433544,26.74484265945781,-7.22468241663723e-31,-6.906547177205408e-35
GCSYMETRICAL,netlists/GCSYMETRICAL__main__f20__m30dBV.cir,1261.9146889604178,1.0,-6.123233995736766e-17,0.022482893450635366,-1.376680174994571e-18,0.4887585144019908,-2.992782751092068e-17,-6.218113278342291,26.744842675549062,0.0,-6.986521210784618e-35
GCSYMETRICAL,netlists/GCSYMETRICAL__main__f20__m30dBV.cir,1276.526972381129,1.0,-6.123233995736766e-17,0.022482893450635366,-1.376680174994571e-18,0.4887585152868411,-2.9927827565102136e-17,-6.218113262617323,26.74484269127403,0.0,-0.0
GCSYMETRICAL,netlists/GCSYMETRICAL__main__f20__m30dBV.cir,1291.3084580693433,1.0,-6.123233995736766e-17,0.022482893450635366,-1.376680174994571e-18,0.48875851615154997,-2.992782761805028e-17,-6.218113247250296,26.74484270664106,0.0,-0.0
GCSYMETRICAL,netlists/GCSYMETRICAL__main__f20__m30dBV.cir,1306.2611052949774,1.0,-6.123233995736766e-17,0.022482893450635366,-1.376680174994571e-18,0.4887585169965756,-2.9927827669793173e-17,-6.218113232233065,26.74484272165829,0.0,6.595701278066997e-35
GCSYMETRICAL,netlists/GCSYMETRICAL__main__f20__m30dBV.cir,1321.3868960152251,1.0,-6.123233995736766e-17,0.022482893450635366,-1.376680174994571e-18,0.48875851782236596,-2.992782772035826e-17,-6.21811321755767,26.744842736333684,-7.224682352694007e-31,6.672075888562791e-35
GCSYMETRICAL,netlists/GCSYMETRICAL__main__f20__m30dBV.cir,1336.687835137263,1.0,-6.123233995736766e-17,0.022482893450635366,-1.376680174994571e-18,0.48875851862935915,-2.992782776977234e-17,-6.218113203216326,26.744842750675026,-7.224682340765275e-31,-2.1290292176357638e-43
GCSYMETRICAL,netlists/GCSYMETRICAL__main__f20__m30dBV.cir,1352.1659507839977,1.0,-6.123233995736766e-17,0.022482893450635366,-1.376680174994571e-18,0.488758519417983,-2.992782781806162e-17,-6.21811318920143,26.74484276468992,-7.224682329108074e-31,-6.37178300694984e-35
GCSYMETRICAL,netlists/GCSYMETRICAL__main__f20__m30dBV.cir,1367.8232945628934,1.0,-6.123233995736766e-17,0.022482893450635366,-1.376680174994571e-18,0.4887585201886555,-2.99278278652517e-17,-6.218113175505554,26.7448427783858,0.0,-1.4671898622544013e-36
GCSYMETRICAL,netlists/GCSYMETRICAL__main__f20__m30dBV.cir,1383.6619418379082,1.0,-6.123233995736766e-17,0.022482893450635366,-1.376680174994571e-18,0.48875852094178535,-2.992782791136761e-17,-6.218113162121435,26.74484279176992,-7.224682306583683e-31,1.4503948801320162e-36
GCSYMETRICAL,netlists/GCSYMETRICAL__main__f20__m30dBV.cir,1399.6839920045827,1.0,-6.123233995736766e-17,0.022482893450635366,-1.376680174994571e-18,0.4887585216777719,-2.992782795643378e-17,-6.218113149041974,26.74484280484938,0.0,-1.43379253049805e-36
GCSYMETRICAL,netlists/GCSYMETRICAL__main__f20__m30dBV.cir,1415.891568768312,1.0,-6.123233995736766e-17,0.022482893450635366,-1.376680174994571e-18,0.48875852239700535,-2.992782800047413e-17,-6.2181131362602375,26.744842817631117,-7.224682285073056e-31,1.4173798577267909e-36
GCSYMETRICAL,netlists/GCSYMETRICAL__main__f20__m30dBV.cir,1432.2868204258407,1.0,-6.123233995736766e-17,0.022482893450635366,-1.376680174994571e-18,0.48875852309986706,-2.9927828043511996e-17,-6.218113123769449,26.744842830121904,0.0,-1.4011554157017302e-36
GCSYMETRICAL,netlists/GCSYMETRICAL__main__f20__m30dBV.cir,1448.8719201500173,1.0,-6.123233995736766e-17,0.022482893450635366,-1.376680174994571e-18,0.4887585237867296,-2.99278280855702e-17,-6.218113111562987,26.744842842328364,-7.224682264530567e-31,1.3851163492648895e-36
GCSYMETRICAL,netlists/GCSYMETRICAL__main__f20__m30dBV.cir,1465.6490662778458,1.0,-6.123233995736766e-17,0.022482893450635366,-1.376680174994571e-18,0.48875852445795737,-2.9927828126671045e-17,-6.218113099634376,26.74484285425698,0.0,-6.015350985345031e-35
GCSYMETRICAL,netlists/GCSYMETRICAL__main__f20__m30dBV.cir,1482.6204826018732,1.0,-6.123233995736766e-17,0.022482893450635366,-1.376680174994571e-18,0.48875852511390605,-2.9927828166836317e-17,-6.2181130879772955,26.74484286591406,0.0,5.81113508342386e-35
GCSYMETRICAL,netlists/GCSYMETRICAL__main__f20__m30dBV.cir,1499.7884186649503,1.0,-6.123233995736766e-17,0.022482893450635366,-1.376680174994571e-18,0.4887585257549235,-2.992782820608732e-17,-6.218113076585562,26.74484287730579,-7.224682235437314e-31,5.87842484895778e-35
GCSYMETRICAL,netlists/GCSYMETRICAL__main__f20__m30dBV.cir,1517.1551500584067,1.0,-6.123233995736766e-17,0.022482893450635366,-1.376680174994571e-18,0.4887585263813497,-2.992782824444486e-17,-6.218113065453133,26.744842888438217,-7.224682226177669e-31,-5.67885749969347e-35
GCSYMETRICAL,netlists/GCSYMETRICAL__main__f20__m30dBV.cir,1534.7229787236777,1.0,-6.123233995736766e-17,0.022482893450635366,-1.376680174994571e-18,0.4887585269935167,-2.9927828281929274e-17,-6.218113054574111,26.74484289931724,0.0,-1.3076342865291895e-36
GCSYMETRICAL,netlists/GCSYMETRICAL__main__f20__m30dBV.cir,1552.4942332574237,1.0,-6.123233995736766e-17,0.022482893450635366,-1.376680174994571e-18,0.488758527591749,-2.992782831856044e-17,-6.2181130439427275,26.744842909948623,-7.22468220828591e-31,5.678857471544058e-35
GCSYMETRICAL,netlists/GCSYMETRICAL__main__f20__m30dBV.cir,1570.4712692201845,1.0,-6.123233995736766e-17,0.022482893450635366,-1.376680174994571e-18,0.4887585281763639,-2.992782835435778e-17,-6.218113033553343,26.744842920338012,-7.224682199644308e-31,-1.3127489141947554e-43
GCSYMETRICAL,netlists/GCSYMETRICAL__main__f20__m30dBV.cir,1588.6564694486044,1.0,-6.123233995736766e-17,0.022482893450635366,-1.376680174994571e-18,0.48875852874767134,-2.992782838934027e-17,-6.2181130234004485,26.744842930490904,-7.224682191199411e-31,-1.2681820594022057e-43
GCSYMETRICAL,netlists/GCSYMETRICAL__main__f20__m30dBV.cir,1607.0522443712764,1.0,-6.123233995736766e-17,0.022482893450635366,-1.376680174994571e-18,0.4887585293059742,-2.992782842352646e-17,-6.218113013478664,26.744842940412692,-7.2246821829467455e-31,-5.361187154618497e-35
GCSYMETRICAL,netlists/GCSYMETRICAL__main__f20__m30dBV.cir,1625.661032328241,1.0,-6.123233995736766e-17,0.022482893450635366,-1.376680174994571e-18,0.4887585298515686,-2.992782845693448e-17,-6.218113003782725,26.74484295010863,0.0,-1.2344863487407579e-36
GCSYMETRICAL,netlists/GCSYMETRICAL__main__f20__m30dBV.cir,1644.4852998941853,1.0,-6.123233995736766e-17,0.022482893450635366,-1.376680174994571e-18,0.48875853038474376,-2.992782848958205e-17,-6.218112994307493,26.74484295958386,-7.224682167000698e-31,1.2203551820325409e-36
GCSYMETRICAL,netlists/GCSYMETRICAL__main__f20__m30dBV.cir,1663.5275422053858,1.0,-6.123233995736766e-17,0.022482893450635366,-1.376680174994571e-18,0.48875853090578236,-2.9927828521486455e-17,-6.218112985047943,26.744842968843408,0.0,-1.2063860009463936e-36
GCSYMETRICAL,netlists/GCSYMETRICAL__main__f20__m30dBV.cir,1682.7902832904347,1.0,-6.123233995736766e-17,0.022482893450635366,-1.376680174994571e-18,0.4887585314149606,-2.9927828552664635e-17,-6.218112975999168,26.744842977892187,-7.2246821517723405e-31,5.239151602060105e-35
GCSYMETRICAL,netlists/GCSYMETRICAL__main__f20__m30dBV.cir,1702.276076404798,1.0,-6.123233995736766e-17,0.022482893450635366,-1.376680174994571e-18,0.48875853191254864,-2.992782858313311e-17,-6.218112967156366,26.744842986734987,-7.224682144417144e-31,-5.061287015486557e-35
GCSYMETRICAL,netlists/GCSYMETRICAL__main__f20__m30dBV.cir,1721.987504369247,1.0,-6.123233995736766e-17,0.022482893450635366,-1.376680174994571e-18,0.4887585323988102,-2.992782861290804e-17,-6.218112958514852,26.7448429953765,0.0,-5.11989395164486e-35
GCSYMETRICAL,netlists/GCSYMETRICAL__main__f20__m30dBV.cir,1741.9271799122077,1.0,-6.123233995736766e-17,0.022482893450635366,-1.376680174994571e-18,0.488758532874003,-2.992782864200521e-17,-6.218112950070043,26.744843003821313,0.0,4.946078037892224e-35
GCSYMETRICAL,netlists/GCSYMETRICAL__main__f20__m30dBV.cir,1762.0977460160752,1.0,-6.123233995736766e-17,0.022482893450635366,-1.376680174994571e-18,0.48875853333837915,-2.992782867044005e-17,-6.218112941817461,26.744843012073893,-7.224682123340944e-31,5.003350917758073e-35
GCSYMETRICAL,netlists/GCSYMETRICAL__main__f20__m30dBV.cir,1782.5018762675388,1.0,-6.123233995736766e-17,0.022482893450635366,-1.376680174994571e-18,0.48875853379218476,-2.9927828698227635e-17,-6.218112933752731,26.74484302013862,-7.224682116632926e-31,-8.978041173435333e-44
GCSYMETRICAL,netlists/GCSYMETRICAL__main__f20__m30dBV.cir,1803.1422752119622,1.0,-6.123233995736766e-17,0.022482893450635366,-1.376680174994571e-18,0.48875853423566057,-2.992782872538269e-17,-6.218112925871575,26.74484302801978,-7.224682110077599e-31,-4.778163031722553e-35
GCSYMETRICAL,netlists/GCSYMETRICAL__main__f20__m30dBV.cir,1824.0216787118686,1.0,-6.123233995736766e-17,0.022482893450635366,-1.376680174994571e-18,0.48875853466904157,-2.992782875191962e-17,-6.218112918169818,26.744843035721534,0.0,-4.833491547506907e-35
GCSYMETRICAL,netlists/GCSYMETRICAL__main__f20__m30dBV.cir,1845.1428543095763,1.0,-6.123233995736766e-17,0.022482893450635366,-1.376680174994571e-18,0.4887585350925577,-2.9927828777852506e-17,-6.218112910643374,26.74484304324798,0.0,-0.0
GCSYMETRICAL,netlists/GCSYMETRICAL__main__f20__m30dBV.cir,1866.5086015940328,1.0,-6.123233995736766e-17,0.022482893450635366,-1.376680174994571e-18,0.4887585355064334,-2.992782880319508e-17,-6.218112903288251,26.7448430506031,0.0,4.6159485766451505e-35
GCSYMETRICAL,netlists/GCSYMETRICAL__main__f20__m30dBV.cir,1888.1217525718982,1.0,-6.123233995736766e-17,0.022482893450635366,-1.376680174994571e-18,0.488758535910888,-2.992782882796079e-17,-6.218112896100553,26.7448430577908,-7.2246820853148894e-31,4.669398738364357e-35
GCSYMETRICAL,netlists/GCSYMETRICAL__main__f20__m30dBV.cir,1909.9851720429242,1.0,-6.123233995736766e-17,0.022482893450635366,-1.376680174994571e-18,0.4887585363061362,-2.992782885216276e-17,-6.218112889076468,26.744843064814887,-7.22468207947245e-31,-7.297626959541472e-44
GCSYMETRICAL,netlists/GCSYMETRICAL__main__f20__m30dBV.cir,1932.1017579796799,1.0,-6.123233995736766e-17,0.022482893450635366,-1.376680174994571e-18,0.4887585366923875,-2.992782887581383e-17,-6.218112882212269,26.744843071679085,-7.224682073762998e-31,-7.049878242057128e-44
GCSYMETRICAL,netlists/GCSYMETRICAL__main__f20__m30dBV.cir,1954.4744419116753,1.0,-6.123233995736766e-17,0.022482893450635366,-1.376680174994571e-18,0.48875853706984657,-2.992782889892653e-17,-6.218112875504319,26.744843078387035,-7.224682068183512e-31,-6.810540715115444e-44
GCSYMETRICAL,netlists/GCSYMETRICAL__main__f20__m30dBV.cir,1977.1061893139324,1.0,-6.123233995736766e-17,0.022482893450635366,-1.376680174994571e-18,0.48875853743871367,-2.992782892151313e-17,-6.21811286894906,26.744843084942293,-7.224682062731029e-31,-4.3577364479017636e-35
GCSYMETRICAL,netlists/GCSYMETRICAL__main__f20__m30dBV.cir,2000.0000000000555,1.0,-6.123233995736766e-17,0.022482893450635366,-1.376680174994571e-18,0.4887585377991843,-2.992782894358559e-17,-6.218112862543016,26.744843091348336,0.0,-1.0034281270888224e-36
GCSYMETRICAL,netlists/GCSYMETRICAL__main__f20__m30dBV.cir,2023.1589085198534,1.0,-6.123233995736766e-17,0.022482893450635366,-1.376680174994571e-18,0.4887585381514496,-2.992782896515562e-17,-6.218112856282794,26.74484309760856,-7.22468205219558e-31,9.919419167503968e-37
GCSYMETRICAL,netlists/GCSYMETRICAL__main__f20__m30dBV.cir,2046.5859845615655,1.0,-6.123233995736766e-17,0.022482893450635366,-1.376680174994571e-18,0.48875853849569645,-2.9927828986234656e-17,-6.218112850165069,26.744843103726286,0.0,-9.805873101524282e-37
GCSYMETRICAL,netlists/GCSYMETRICAL__main__f20__m30dBV.cir,2070.2843333587457,1.0,-6.123233995736766e-17,0.022482893450635366,-1.376680174994571e-18,0.48875853883210724,-2.992782900683388e-17,-6.218112844186602,26.744843109704753,-7.224682042134304e-31,4.2585422377766243e-35
GCSYMETRICAL,netlists/GCSYMETRICAL__main__f20__m30dBV.cir,2094.2570961018578,1.0,-6.123233995736766e-17,0.022482893450635366,-1.376680174994571e-18,0.4887585391608604,-2.9927829026964204e-17,-6.21811283834422,26.744843115547134,-7.224682037274774e-31,-4.113968474788141e-35
GCSYMETRICAL,netlists/GCSYMETRICAL__main__f20__m30dBV.cir,2118.507450354637,1.0,-6.123233995736766e-17,0.022482893450635366,-1.376680174994571e-18,0.48875853948213016,-2.99278290466363e-17,-6.218112832634829,26.744843121256526,0.0,-9.47297227162028e-37
GCSYMETRICAL,netlists/GCSYMETRICAL__main__f20__m30dBV.cir,2143.038610475273,1.0,-6.123233995736766e-17,0.022482893450635366,-1.376680174994571e-18,0.48875853979608697,-2.992782906586061e-17,-6.218112827055399,26.744843126835956,-7.2246820278850445e-31,4.1139684640859483e-35
GCSYMETRICAL,netlists/GCSYMETRICAL__main__f20__m30dBV.cir,2167.8538280424677,1.0,-6.123233995736766e-17,0.022482893450635366,-1.376680174994571e-18,0.4887585401028972,-2.992782908464732e-17,-6.218112821602972,26.74484313228838,-7.224682023349868e-31,-3.974302853362676e-35
GCSYMETRICAL,netlists/GCSYMETRICAL__main__f20__m30dBV.cir,2192.9563922864318,1.0,-6.123233995736766e-17,0.022482893450635366,-1.376680174994571e-18,0.4887585404027237,-2.9927829103006396e-17,-6.218112816274656,26.744843137616698,0.0,-4.0203231088856834e-35
GCSYMETRICAL,netlists/GCSYMETRICAL__main__f20__m30dBV.cir,2218.3496305248646,1.0,-6.123233995736766e-17,0.022482893450635366,-1.376680174994571e-18,0.4887585406957252,-2.9927829120947564e-17,-6.21811281106763,26.744843142823722,0.0,-0.0
GCSYMETRICAL,netlists/GCSYMETRICAL__main__f20__m30dBV.cir,2244.03690860399,1.0,-6.123233995736766e-17,0.022482893450635366,-1.376680174994571e-18,0.48875854098205723,-2.992782913848034e-17,-6.218112805979129,26.744843147912224,0.0,3.8393787532923733e-35
GCSYMETRICAL,netlists/GCSYMETRICAL__main__f20__m30dBV.cir,2270.021631344694,1.0,-6.123233995736766e-17,0.022482893450635366,-1.376680174994571e-18,0.4887585412618715,-2.992782915561403e-17,-6.218112801006457,26.744843152884897,-7.224682006218257e-31,8.840691582519938e-37
GCSYMETRICAL,netlists/GCSYMETRICAL__main__f20__m30dBV.cir,2296.30724299383,1.0,-6.123233995736766e-17,0.022482893450635366,-1.376680174994571e-18,0.4887585415353165,-2.99278291723577e-17,-6.2181127961469755,26.744843157744377,0.0,-8.739493437873529e-37
GCSYMETRICAL,netlists/GCSYMETRICAL__main__f20__m30dBV.cir,2322.8972276807513,1.0,-6.123233995736766e-17,0.022482893450635366,-1.376680174994571e-18,0.488758541802537,-2.9927829188720244e-17,-6.218112791398111,26.74484316249324,-7.2246819982263015e-31,3.7954297419470374e-35
GCSYMETRICAL,netlists/GCSYMETRICAL__main__f20__m30dBV.cir,2349.795109879126,1.0,-6.123233995736766e-17,0.022482893450635366,-1.376680174994571e-18,0.4887585420636749,-2.992782920471033e-17,-6.218112786757343,26.744843167134007,-7.22468199436624e-31,-3.9190572541611e-44
GCSYMETRICAL,netlists/GCSYMETRICAL__main__f20__m30dBV.cir,2377.004454874105,1.0,-6.123233995736766e-17,0.022482893450635366,-1.376680174994571e-18,0.4887585423188686,-2.992782922033644e-17,-6.218112782222212,26.744843171669142,-7.2246819905940435e-31,-3.6246072643247324e-35
GCSYMETRICAL,netlists/GCSYMETRICAL__main__f20__m30dBV.cir,2404.5288692348945,1.0,-6.123233995736766e-17,0.022482893450635366,-1.376680174994571e-18,0.4887585425682534,-2.9927829235606845e-17,-6.218112777790312,26.744843176101043,0.0,-3.666578236393065e-35
GCSYMETRICAL,netlists/GCSYMETRICAL__main__f20__m30dBV.cir,2432.3720012928056,1.0,-6.123233995736766e-17,0.022482893450635366,-1.376680174994571e-18,0.4887585428119615,-2.9927829250529665e-17,-6.2181127734592945,26.744843180432056,0.0,3.542101122852987e-35
GCSYMETRICAL,netlists/GCSYMETRICAL__main__f20__m30dBV.cir,2460.5375416248335,1.0,-6.123233995736766e-17,0.022482893450635366,-1.376680174994571e-18,0.48875854305012206,-2.9927829265112794e-17,-6.218112769226866,26.74484318466449,-7.224681979784875e-31,8.156169420491841e-37
GCSYMETRICAL,netlists/GCSYMETRICAL__main__f20__m30dBV.cir,2489.0292235428415,1.0,-6.123233995736766e-17,0.022482893450635366,-1.376680174994571e-18,0.4887585432828615,-2.9927829279363973e-17,-6.218112765090775,26.744843188800576,0.0,-3.542101122852949e-35
GCSYMETRICAL,netlists/GCSYMETRICAL__main__f20__m30dBV.cir,2517.850823588407,1.0,-6.123233995736766e-17,0.022482893450635366,-1.376680174994571e-18,0.48875854351030307,-2.992782929329075e-17,-6.218112761048836,26.744843192842517,0.0,3.42184989842503e-35
GCSYMETRICAL,netlists/GCSYMETRICAL__main__f20__m30dBV.cir,2547.006162033397,1.0,-6.123233995736766e-17,0.022482893450635366,-1.376680174994571e-18,0.48875854373256744,-2.9927829306900525e-17,-6.218112757098902,26.74484319679245,-7.224681969697172e-31,3.4614730513048123e-35
GCSYMETRICAL,netlists/GCSYMETRICAL__main__f20__m30dBV.cir,2576.4991033863425,1.0,-6.123233995736766e-17,0.022482893450635366,-1.376680174994571e-18,0.48875854394977253,-2.99278293202005e-17,-6.218112753238879,26.744843200652472,-7.224681966486513e-31,-3.3439590852994045e-35
GCSYMETRICAL,netlists/GCSYMETRICAL__main__f20__m30dBV.cir,2606.3335569046744,1.0,-6.123233995736766e-17,0.022482893450635366,-1.376680174994571e-18,0.4887585441620334,-2.992782933319773e-17,-6.218112749466721,26.744843204424633,0.0,-7.699920719928303e-37
GCSYMETRICAL,netlists/GCSYMETRICAL__main__f20__m30dBV.cir,2636.513477112891,1.0,-6.123233995736766e-17,0.022482893450635366,-1.376680174994571e-18,0.4887585443694626,-2.99278293458991e-17,-6.218112745780429,26.744843208110925,-7.22468196028278e-31,7.611780169145545e-37
GCSYMETRICAL,netlists/GCSYMETRICAL__main__f20__m30dBV.cir,2667.042864326726,1.0,-6.123233995736766e-17,0.022482893450635366,-1.376680174994571e-18,0.48875854457217016,-2.992782935831136e-17,-6.218112742178046,26.744843211713306,0.0,-7.524649106979045e-37
GCSYMETRICAL,netlists/GCSYMETRICAL__main__f20__m30dBV.cir,2697.9257651833864,1.0,-6.123233995736766e-17,0.022482893450635366,-1.376680174994571e-18,0.48875854477026354,-2.9927829370441083e-17,-6.218112738657663,26.74484321523369,-7.224681954358261e-31,7.438514892918352e-37
GCSYMETRICAL,netlists/GCSYMETRICAL__main__f20__m30dBV.cir,2729.1662731779293,1.0,-6.123233995736766e-17,0.022482893450635366,-1.376680174994571e-18,0.48875854496384774,-2.992782938229469e-17,-6.218112735217414,26.744843218673942,0.0,-3.230434606767359e-35
GCSYMETRICAL,netlists/GCSYMETRICAL__main__f20__m30dBV.cir,2760.768529205851,1.0,-6.123233995736766e-17,0.022482893450635366,-1.376680174994571e-18,0.4887585451530254,-2.9927829393878486e-17,-6.218112731855474,26.74484322203588,0.0,-0.0
GCSYMETRICAL,netlists/GCSYMETRICAL__main__f20__m30dBV.cir,2792.7367221119575,1.0,-6.123233995736766e-17,0.022482893450635366,-1.376680174994571e-18,0.48875854533789687,-2.9927829405198597e-17,-6.2181127285700635,26.74484322532129,0.0,-0.0
GCSYMETRICAL,netlists/GCSYMETRICAL__main__f20__m30dBV.cir,2825.075089245592,1.0,-6.123233995736766e-17,0.022482893450635366,-1.376680174994571e-18,0.4887585455185602,-2.9927829416261033e-17,-6.218112725359436,26.74484322853192,0.0,-0.0
GCSYMETRICAL,netlists/GCSYMETRICAL__main__f20__m30dBV.cir,2857.7879170222905,1.0,-6.123233995736766e-17,0.022482893450635366,-1.376680174994571e-18,0.48875854569511107,-2.992782942707166e-17,-6.218112722221891,26.744843231669464,0.0,3.014816983440039e-35
GCSYMETRICAL,netlists/GCSYMETRICAL__main__f20__m30dBV.cir,2890.879541491941,1.0,-6.123233995736766e-17,0.022482893450635366,-1.376680174994571e-18,0.48875854586764317,-2.9927829437636206e-17,-6.218112719155766,26.744843234735587,-7.224681938137124e-31,6.942025999768521e-37
GCSYMETRICAL,netlists/GCSYMETRICAL__main__f20__m30dBV.cir,2924.3543489135236,1.0,-6.123233995736766e-17,0.022482893450635366,-1.376680174994571e-18,0.48875854603624797,-2.992782944796027e-17,-6.218112716159435,26.74484323773192,0.0,-6.8625614862309095e-37
GCSYMETRICAL,netlists/GCSYMETRICAL__main__f20__m30dBV.cir,2958.2167763365032,1.0,-6.123233995736766e-17,0.022482893450635366,-1.376680174994571e-18,0.4887585462010148,-2.992782945804933e-17,-6.21811271323131,26.744843240660042,-7.224681933209326e-31,2.9803066558117183e-35
GCSYMETRICAL,netlists/GCSYMETRICAL__main__f20__m30dBV.cir,2992.4713121889563,1.0,-6.123233995736766e-17,0.022482893450635366,-1.376680174994571e-18,0.48875854636203114,-2.9927829467908737e-17,-6.218112710369834,26.74484324352152,-7.22468193082923e-31,-2.8791278654551684e-35
GCSYMETRICAL,netlists/GCSYMETRICAL__main__f20__m30dBV.cir,3027.122496872507,1.0,-6.123233995736766e-17,0.022482893450635366,-1.376680174994571e-18,0.48875854651938233,-2.992782947754372e-17,-6.2181127075734945,26.74484324631786,0.0,-2.9124665938997754e-35
GCSYMETRICAL,netlists/GCSYMETRICAL__main__f20__m30dBV.cir,3062.174923364152,1.0,-6.123233995736766e-17,0.022482893450635366,-1.376680174994571e-18,0.4887585466731517,-2.9927829486959376e-17,-6.218112704840808,26.744843249050547,0.0,2.813590910409236e-35
GCSYMETRICAL,netlists/GCSYMETRICAL__main__f20__m30dBV.cir,3097.633237825056,1.0,-6.123233995736766e-17,0.022482893450635366,-1.376680174994571e-18,0.4887585468234209,-2.992782949616071e-17,-6.218112702170324,26.744843251721026,-7.224681924009106e-31,2.846170756826698e-35
GCSYMETRICAL,netlists/GCSYMETRICAL__main__f20__m30dBV.cir,3133.5021402163925,1.0,-6.123233995736766e-17,0.022482893450635366,-1.376680174994571e-18,0.4887585469702695,-2.99278295051526e-17,-6.2181126995606295,26.74484325433072,-7.224681921838434e-31,-2.749545762214086e-35
GCSYMETRICAL,netlists/GCSYMETRICAL__main__f20__m30dBV.cir,3169.7863849223227,1.0,-6.123233995736766e-17,0.022482893450635366,-1.376680174994571e-18,0.4887585471137755,-2.99278295139398e-17,-6.218112697010337,26.744843256881015,0.0,-2.781384000748012e-35
GCSYMETRICAL,netlists/GCSYMETRICAL__main__f20__m30dBV.cir,3206.49078138018,1.0,-6.123233995736766e-17,0.022482893450635366,-1.376680174994571e-18,0.48875854725401485,-2.992782952252698e-17,-6.218112694518098,26.744843259373255,0.0,2.6869584564175404e-35
GCSYMETRICAL,netlists/GCSYMETRICAL__main__f20__m30dBV.cir,3243.6201947179584,1.0,-6.123233995736766e-17,0.022482893450635366,-1.376680174994571e-18,0.488758547391062,-2.9927829530918706e-17,-6.218112692082586,26.744843261808768,-7.224681915618405e-31,2.7180719682340493e-35
GCSYMETRICAL,netlists/GCSYMETRICAL__main__f20__m30dBV.cir,3281.1795463991784,1.0,-6.123233995736766e-17,0.022482893450635366,-1.376680174994571e-18,0.4887585475249895,-2.99278295391194e-17,-6.218112689702517,26.744843264188837,-7.224681913638729e-31,-1.4394003289260074e-44
GCSYMETRICAL,netlists/GCSYMETRICAL__main__f20__m30dBV.cir,3319.1738148752224,1.0,-6.123233995736766e-17,0.022482893450635366,-1.376680174994571e-18,0.48875854765586846,-2.992782954713343e-17,-6.218112687376624,26.74484326651473,-7.224681911704116e-31,-2.595738577936152e-35
GCSYMETRICAL,netlists/GCSYMETRICAL__main__f20__m30dBV.cir,3357.608036245223,1.0,-6.123233995736766e-17,0.022482893450635366,-1.376680174994571e-18,0.4887585477837683,-2.992782955496503e-17,-6.218112685103673,26.744843268787683,0.0,-5.977041124208112e-37
GCSYMETRICAL,netlists/GCSYMETRICAL__main__f20__m30dBV.cir,3396.4873049235925,1.0,-6.123233995736766e-17,0.022482893450635366,-1.376680174994571e-18,0.4887585479087567,-2.9927829562618366e-17,-6.218112682882463,26.74484327100889,-7.224681907965998e-31,5.908622365934691e-37
GCSYMETRICAL,netlists/GCSYMETRICAL__main__f20__m30dBV.cir,3435.8167743152817,1.0,-6.123233995736766e-17,0.022482893450635366,-1.376680174994571e-18,0.4887585480309002,-2.992782957009749e-17,-6.218112680711812,26.74484327317954,0.0,-5.840987048905017e-37
GCSYMETRICAL,netlists/GCSYMETRICAL__main__f20__m30dBV.cir,3475.601657498858,1.0,-6.123233995736766e-17,0.022482893450635366,-1.376680174994571e-18,0.4887585481502632,-2.992782957740637e-17,-6.218112678590572,26.74484327530078,-7.224681904396121e-31,5.774125697700484e-37
GCSYMETRICAL,netlists/GCSYMETRICAL__main__f20__m30dBV.cir,3515.847227917494,1.0,-6.123233995736766e-17,0.022482893450635366,-1.376680174994571e-18,0.48875854826690923,-2.992782958454888e-17,-6.218112676517617,26.74484327737374,0.0,-2.507615531619341e-35
GCSYMETRICAL,netlists/GCSYMETRICAL__main__f20__m30dBV.cir,3556.5588200779557,1.0,-6.123233995736766e-17,0.022482893450635366,-1.376680174994571e-18,0.48875854838090005,-2.99278295915288e-17,-6.218112674491848,26.744843279399504,0.0,2.4224841867940976e-35
GCSYMETRICAL,netlists/GCSYMETRICAL__main__f20__m30dBV.cir,3597.7418302576875,1.0,-6.123233995736766e-17,0.022482893450635366,-1.376680174994571e-18,0.4887585484922961,-2.9927829598349846e-17,-6.218112672512191,26.74484328137916,-7.224681899340294e-31,5.578099201755001e-37
GCSYMETRICAL,netlists/GCSYMETRICAL__main__f20__m30dBV.cir,3639.40171722008,1.0,-6.123233995736766e-17,0.022482893450635366,-1.376680174994571e-18,0.48875854860115653,-2.992782960501562e-17,-6.218112670577597,26.744843283313756,0.0,-5.5142473324632325e-37
GCSYMETRICAL,netlists/GCSYMETRICAL__main__f20__m30dBV.cir,3681.5440029380266,1.0,-6.123233995736766e-17,0.022482893450635366,-1.376680174994571e-18,0.48875854870753893,-2.992782961152967e-17,-6.2181126686870405,26.744843285204315,-7.2246818961586395e-31,4.7349972145234056e-35
GCSYMETRICAL,netlists/GCSYMETRICAL__main__f20__m30dBV.cir,3724.1742733258516,1.0,-6.123233995736766e-17,0.022482893450635366,-1.376680174994571e-18,0.48875854881149977,-2.992782961789544e-17,-6.218112666839518,26.744843287051836,-1.4449363789243843e-30,5.3887275349922735e-37
GCSYMETRICAL,netlists/GCSYMETRICAL__main__f20__m30dBV.cir,3767.2981789797195,1.0,-6.123233995736766e-17,0.022482893450635366,-1.376680174994571e-18,0.4887585489130943,-2.9927829624116305e-17,-6.218112665034048,26.744843288857307,-7.224681893120181e-31,-4.627215519154096e-35
GCSYMETRICAL,netlists/GCSYMETRICAL__main__f20__m30dBV.cir,3810.9214359266143,1.0,-6.123233995736766e-17,0.022482893450635366,-1.376680174994571e-18,0.4887585490123762,-2.992782963019556e-17,-6.218112663269677,26.744843290621674,0.0,-5.266065306691716e-37
GCSYMETRICAL,netlists/GCSYMETRICAL__main__f20__m30dBV.cir,3855.0498263819936,1.0,-6.123233995736766e-17,0.022482893450635366,-1.376680174994571e-18,0.48875854910939803,-2.9927829636136443e-17,-6.21811266154547,26.744843292345884,-7.224681890218478e-31,2.2869725408525717e-35
GCSYMETRICAL,netlists/GCSYMETRICAL__main__f20__m30dBV.cir,3899.689199516214,1.0,-6.123233995736766e-17,0.022482893450635366,-1.376680174994571e-18,0.4887585492042115,-2.9927829641942096e-17,-6.218112659860507,26.744843294030844,-7.224681888816974e-31,-8.573967259034175e-45
GCSYMETRICAL,netlists/GCSYMETRICAL__main__f20__m30dBV.cir,3944.8454722298325,1.0,-6.123233995736766e-17,0.022482893450635366,-1.376680174994571e-18,0.48875854929686674,-2.992782964761559e-17,-6.218112658213901,26.744843295677452,-7.224681887447373e-31,-8.282884472752164e-45
GCSYMETRICAL,netlists/GCSYMETRICAL__main__f20__m30dBV.cir,3990.524629937886,1.0,-6.123233995736766e-17,0.022482893450635366,-1.376680174994571e-18,0.4887585493874129,-2.9927829653159945e-17,-6.2181126566047755,26.74484329728658,-7.2246818861089465e-31,-8.001685570368074e-45
GCSYMETRICAL,netlists/GCSYMETRICAL__main__f20__m30dBV.cir,4036.7327273632504,1.0,-6.123233995736766e-17,0.022482893450635366,-1.376680174994571e-18,0.4887585494758979,-2.992782965857809e-17,-6.218112655032279,26.744843298859074,-7.224681884800988e-31,2.1343269572088303e-35
GCSYMETRICAL,netlists/GCSYMETRICAL__main__f20__m30dBV.cir,4083.475889339189,1.0,-6.123233995736766e-17,0.022482893450635366,-1.376680174994571e-18,0.48875854956236875,-2.9927829663872904e-17,-6.218112653495577,26.744843300395775,-1.4449363767045602e-30,-2.0607497396598273e-35
GCSYMETRICAL,netlists/GCSYMETRICAL__main__f20__m30dBV.cir,4130.760311621191,1.0,-6.123233995736766e-17,0.022482893450635366,-1.376680174994571e-18,0.48875854964687143,-2.992782966904719e-17,-6.218112651993852,26.744843301897497,0.0,-2.1829101716473364e-35
GCSYMETRICAL,netlists/GCSYMETRICAL__main__f20__m30dBV.cir,4178.592261708213,1.0,-6.123233995736766e-17,0.022482893450635366,-1.376680174994571e-18,0.48875854972945043,-2.99278296741037e-17,-6.218112650526314,26.74484330336504,-7.22468188105305e-31,2.1098955182610065e-35
GCSYMETRICAL,netlists/GCSYMETRICAL__main__f20__m30dBV.cir,4226.978079673429,1.0,-6.123233995736766e-17,0.022482893450635366,-1.376680174994571e-18,0.48875854981014977,-2.992782967904511e-17,-6.218112649092179,26.744843304799172,-7.224681879860177e-31,-2.0382664203294184e-35
GCSYMETRICAL,netlists/GCSYMETRICAL__main__f20__m30dBV.cir,4275.924179004602,1.0,-6.123233995736766e-17,0.022482893450635366,-1.376680174994571e-18,0.4887585498890122,-2.9927829683874034e-17,-6.218112647690689,26.744843306200664,0.0,-4.693385619608091e-37
GCSYMETRICAL,netlists/GCSYMETRICAL__main__f20__m30dBV.cir,4325.43704745418,1.0,-6.123233995736766e-17,0.022482893450635366,-1.376680174994571e-18,0.4887585499660794,-2.992782968859305e-17,-6.218112646321101,26.74484330757025,-7.224681877555272e-31,4.6396608136484724e-37
GCSYMETRICAL,netlists/GCSYMETRICAL__main__f20__m30dBV.cir,4375.523247899247,1.0,-6.123233995736766e-17,0.022482893450635366,-1.376680174994571e-18,0.48875855004139246,-2.992782969320464e-17,-6.218112644982688,26.744843308908663,0.0,-4.586551115481069e-37
GCSYMETRICAL,netlists/GCSYMETRICAL__main__f20__m30dBV.cir,4426.189419211419,1.0,-6.123233995736766e-17,0.022482893450635366,-1.376680174994571e-18,0.48875855011499103,-2.992782969771126e-17,-6.218112643674745,26.74484331021661,-7.224681875354105e-31,4.5340492383305875e-37
GCSYMETRICAL,netlists/GCSYMETRICAL__main__f20__m30dBV.cir,4477.4422771368245,1.0,-6.123233995736766e-17,0.022482893450635366,-1.376680174994571e-18,0.48875855018691444,-2.992782970211529e-17,-6.218112642396569,26.744843311494783,0.0,-4.482148461869606e-37
GCSYMETRICAL,netlists/GCSYMETRICAL__main__f20__m30dBV.cir,4529.288615186267,1.0,-6.123233995736766e-17,0.022482893450635366,-1.376680174994571e-18,0.48875855025720066,-2.992782970641908e-17,-6.218112641147489,26.74484331274386,-7.224681873252005e-31,1.9465293173743863e-35
GCSYMETRICAL,netlists/GCSYMETRICAL__main__f20__m30dBV.cir,4581.735305535695,1.0,-6.123233995736766e-17,0.022482893450635366,-1.376680174994571e-18,0.48875855032588683,-2.99278297106249e-17,-6.218112639926845,26.74484331396451,-7.2246818722367065e-31,-1.8804463582934035e-35
GCSYMETRICAL,netlists/GCSYMETRICAL__main__f20__m30dBV.cir,4634.789299937108,1.0,-6.123233995736766e-17,0.022482893450635366,-1.376680174994571e-18,0.48875855039300964,-2.992782971473498e-17,-6.218112638733984,26.74484331515737,0.0,-1.90222090061391e-35
GCSYMETRICAL,netlists/GCSYMETRICAL__main__f20__m30dBV.cir,4688.457630639997,1.0,-6.123233995736766e-17,0.022482893450635366,-1.376680174994571e-18,0.48875855045860456,-2.992782971875151e-17,-6.218112637568275,26.744843316323077,0.0,1.8376421723308688e-35
GCSYMETRICAL,netlists/GCSYMETRICAL__main__f20__m30dBV.cir,4742.747411323465,1.0,-6.123233995736766e-17,0.022482893450635366,-1.376680174994571e-18,0.48875855052270634,-2.992782972267662e-17,-6.218112636429101,26.74484331746225,-7.224681869327381e-31,1.858921065578605e-35
GCSYMETRICAL,netlists/GCSYMETRICAL__main__f20__m30dBV.cir,4797.665838039137,1.0,-6.123233995736766e-17,0.022482893450635366,-1.376680174994571e-18,0.4887585505853489,-2.9927829726512367e-17,-6.218112635315859,26.744843318575494,-7.2246818684014165e-31,-4.6044866949583594e-45
GCSYMETRICAL,netlists/GCSYMETRICAL__main__f20__m30dBV.cir,4853.22019016499,1.0,-6.123233995736766e-17,0.022482893450635366,-1.376680174994571e-18,0.4887585506465656,-2.992782973026081e-17,-6.218112634227957,26.744843319663396,-7.224681867496531e-31,-4.4481700508886173e-45
GCSYMETRICAL,netlists/GCSYMETRICAL__main__f20__m30dBV.cir,4909.417831370221,1.0,-6.123233995736766e-17,0.022482893450635366,-1.376680174994571e-18,0.4887585507063888,-2.9927829733923925e-17,-6.21811263316482,26.744843320726535,-7.224681866612241e-31,-1.7549346498965742e-35
GCSYMETRICAL,netlists/GCSYMETRICAL__main__f20__m30dBV.cir,4966.266210591303,1.0,-6.123233995736766e-17,0.022482893450635366,-1.376680174994571e-18,0.48875855076485036,-2.992782973750366e-17,-6.218112632125879,26.744843321765472,0.0,-4.040975673344854e-37
GCSYMETRICAL,netlists/GCSYMETRICAL__main__f20__m30dBV.cir,5023.772863019325,1.0,-6.123233995736766e-17,0.022482893450635366,-1.376680174994571e-18,0.48875855082198105,-2.992782974100191e-17,-6.218112631110591,26.744843322780763,-7.2246818649035925e-31,3.994718965816656e-37
GCSYMETRICAL,netlists/GCSYMETRICAL__main__f20__m30dBV.cir,5081.945411098777,1.0,-6.123233995736766e-17,0.022482893450635366,-1.376680174994571e-18,0.4887585508778114,-2.9927829744420526e-17,-6.218112630118412,26.74484332377294,0.0,-3.948991834229442e-37
GCSYMETRICAL,netlists/GCSYMETRICAL__main__f20__m30dBV.cir,5140.791565537897,1.0,-6.123233995736766e-17,0.022482893450635366,-1.376680174994571e-18,0.4887585509323708,-2.9927829747761334e-17,-6.218112629148819,26.744843324742536,-7.224681863271843e-31,3.903788059771529e-37
GCSYMETRICAL,netlists/GCSYMETRICAL__main__f20__m30dBV.cir,5200.319126330716,1.0,-6.123233995736766e-17,0.022482893450635366,-1.376680174994571e-18,0.4887585509856884,-2.9927829751026084e-17,-6.218112628201294,26.744843325690056,0.0,-1.6953561601060186e-35
GCSYMETRICAL,netlists/GCSYMETRICAL__main__f20__m30dBV.cir,5260.535983790938,1.0,-6.123233995736766e-17,0.022482893450635366,-1.376680174994571e-18,0.4887585510377922,-2.992782975421653e-17,-6.21811262727534,26.744843326616014,0.0,1.6378003081473356e-35
GCSYMETRICAL,netlists/GCSYMETRICAL__main__f20__m30dBV.cir,5321.450119597796,1.0,-6.123233995736766e-17,0.022482893450635366,-1.376680174994571e-18,0.4887585510887101,-2.992782975733435e-17,-6.218112626370461,26.74484332752089,-7.224681860960883e-31,3.771257885327251e-37
GCSYMETRICAL,netlists/GCSYMETRICAL__main__f20__m30dBV.cir,5383.069607854011,1.0,-6.123233995736766e-17,0.022482893450635366,-1.376680174994571e-18,0.4887585511384689,-2.992782976038119e-17,-6.218112625486181,26.744843328405175,0.0,-1.6378003081473217e-35
GCSYMETRICAL,netlists/GCSYMETRICAL__main__f20__m30dBV.cir,5445.402616156007,1.0,-6.123233995736766e-17,0.022482893450635366,-1.376680174994571e-18,0.488758551187095,-2.9927829763358685e-17,-6.218112624622031,26.744843329269322,0.0,1.5821984268232363e-35
GCSYMETRICAL,netlists/GCSYMETRICAL__main__f20__m30dBV.cir,5508.457406676517,1.0,-6.123233995736766e-17,0.022482893450635366,-1.376680174994571e-18,0.48875855123461426,-2.9927829766268405e-17,-6.21811262377755,26.744843330113802,-7.224681858804171e-31,3.643226993928422e-37
GCSYMETRICAL,netlists/GCSYMETRICAL__main__f20__m30dBV.cir,5572.242337259728,1.0,-6.123233995736766e-17,0.022482893450635366,-1.376680174994571e-18,0.48875855128105195,-2.9927829769111885e-17,-6.218112622952291,26.744843330939062,0.0,-3.6015233484303053e-37
GCSYMETRICAL,netlists/GCSYMETRICAL__main__f20__m30dBV.cir,5636.765862529097,1.0,-6.123233995736766e-17,0.022482893450635366,-1.376680174994571e-18,0.4887585513264325,-2.992782977189065e-17,-6.218112622145818,26.744843331745535,-7.224681857446943e-31,3.560297022186264e-37
GCSYMETRICAL,netlists/GCSYMETRICAL__main__f20__m30dBV.cir,5702.03653500801,1.0,-6.123233995736766e-17,0.022482893450635366,-1.376680174994571e-18,0.4887585513707801,-2.9927829774606153e-17,-6.218112621357702,26.744843332533648,0.0,-1.5461831933389383e-35
GCSYMETRICAL,netlists/GCSYMETRICAL__main__f20__m30dBV.cir,5768.0630062534065,1.0,-6.123233995736766e-17,0.022482893450635366,-1.376680174994571e-18,0.48875855141411817,-2.9927829777259844e-17,-6.218112620587527,26.744843333303827,0.0,1.493691632606949e-35
GCSYMETRICAL,netlists/GCSYMETRICAL__main__f20__m30dBV.cir,5834.854028002531,1.0,-6.123233995736766e-17,0.022482893450635366,-1.376680174994571e-18,0.4887585514564698,-2.992782977985314e-17,-6.218112619834883,26.744843334056473,-7.224681855524769e-31,1.5109877664200649e-35
GCSYMETRICAL,netlists/GCSYMETRICAL__main__f20__m30dBV.cir,5902.418453332971,1.0,-6.123233995736766e-17,0.022482893450635366,-1.376680174994571e-18,0.48875855149785735,-2.99278297823874e-17,-6.21811261909937,26.744843334791987,-7.224681854912991e-31,-1.4596910600166035e-35
GCSYMETRICAL,netlists/GCSYMETRICAL__main__f20__m30dBV.cir,5970.765237836122,1.0,-6.123233995736766e-17,0.022482893450635366,-1.376680174994571e-18,0.4887585515383029,-2.9927829784863964e-17,-6.218112618380599,26.74484333551075,0.0,-3.36113714903408e-37
GCSYMETRICAL,netlists/GCSYMETRICAL__main__f20__m30dBV.cir,6039.903440804238,1.0,-6.123233995736766e-17,0.022482893450635366,-1.376680174994571e-18,0.48875855157782766,-2.9927829787284165e-17,-6.218112617678191,26.744843336213158,-7.224681853730894e-31,1.4596910595385734e-35
GCSYMETRICAL,netlists/GCSYMETRICAL__main__f20__m30dBV.cir,6109.842226431235,1.0,-6.123233995736766e-17,0.022482893450635366,-1.376680174994571e-18,0.48875855161645276,-2.992782978964927e-17,-6.218112616991772,26.744843336899578,-7.22468185315995e-31,-1.4101358312322978e-35
GCSYMETRICAL,netlists/GCSYMETRICAL__main__f20__m30dBV.cir,6180.590865027392,1.0,-6.123233995736766e-17,0.022482893450635366,-1.376680174994571e-18,0.4887585516541987,-2.992782979196054e-17,-6.218112616320976,26.744843337570376,0.0,-3.24702949491577e-37
GCSYMETRICAL,netlists/GCSYMETRICAL__main__f20__m30dBV.cir,6252.158734248124,1.0,-6.123233995736766e-17,0.022482893450635366,-1.376680174994571e-18,0.4887585516910854,-2.99278297942192e-17,-6.218112615665451,26.744843338225902,-7.224681852056752e-31,1.410135830801355e-35
GCSYMETRICAL,netlists/GCSYMETRICAL__main__f20__m30dBV.cir,6324.555320336976,1.0,-6.123233995736766e-17,0.022482893450635366,-1.376680174994571e-18,0.48875855172713245,-2.9927829796426446e-17,-6.218112615024847,26.744843338866502,-7.224681851523915e-31,1.3622629585391795e-35
GCSYMETRICAL,netlists/GCSYMETRICAL__main__f20__m30dBV.cir,6397.790219383017,1.0,-6.123233995736766e-17,0.022482893450635366,-1.376680174994571e-18,0.48875855176235894,-2.992782979858345e-17,-6.218112614398825,26.744843339492526,-1.4449363702006417e-30,-1.3153013069367257e-35
GCSYMETRICAL,netlists/GCSYMETRICAL__main__f20__m30dBV.cir,6471.8731385927895,1.0,-6.123233995736766e-17,0.022482893450635366,-1.376680174994571e-18,0.4887585517967837,-2.992782980069135e-17,-6.218112613787051,26.7448433401043,0.0,-1.3932718496554572e-35
GCSYMETRICAL,netlists/GCSYMETRICAL__main__f20__m30dBV.cir,6546.813897576991,1.0,-6.123233995736766e-17,0.022482893450635366,-1.376680174994571e-18,0.48875855183042477,-2.9927829802751274e-17,-6.218112613189205,26.744843340702147,-7.2246818499970795e-31,3.0653934888635817e-37
GCSYMETRICAL,netlists/GCSYMETRICAL__main__f20__m30dBV.cir,6622.622429652052,1.0,-6.123233995736766e-17,0.022482893450635366,-1.376680174994571e-18,0.4887585518633001,-2.9927829804764306e-17,-6.218112612604967,26.744843341286387,0.0,-1.3312540678249044e-35
GCSYMETRICAL,netlists/GCSYMETRICAL__main__f20__m30dBV.cir,6699.308783156786,1.0,-6.123233995736766e-17,0.022482893450635366,-1.376680174994571e-18,0.4887585518954271,-2.9927829806731515e-17,-6.218112612034027,26.744843341857326,0.0,1.2860591621273613e-35
GCSYMETRICAL,netlists/GCSYMETRICAL__main__f20__m30dBV.cir,6776.8831227842875,1.0,-6.123233995736766e-17,0.022482893450635366,-1.376680174994571e-18,0.4887585519268227,-2.992782980865395e-17,-6.218112611476085,26.744843342415265,-7.224681848572154e-31,1.300951025290926e-35
GCSYMETRICAL,netlists/GCSYMETRICAL__main__f20__m30dBV.cir,6855.355730929246,1.0,-6.123233995736766e-17,0.022482893450635366,-1.376680174994571e-18,0.48875855195750373,-2.9927829810532617e-17,-6.218112610930842,26.744843342960507,-7.224681848118637e-31,-1.2567848815839143e-35
GCSYMETRICAL,netlists/GCSYMETRICAL__main__f20__m30dBV.cir,6934.737009050876,1.0,-6.123233995736766e-17,0.022482893450635366,-1.376680174994571e-18,0.4887585519874864,-2.9927829812368524e-17,-6.21811261039801,26.74484334349334,0.0,-2.8939180775706046e-37
GCSYMETRICAL,netlists/GCSYMETRICAL__main__f20__m30dBV.cir,7015.037479051606,1.0,-6.123233995736766e-17,0.022482893450635366,-1.376680174994571e-18,0.4887585520167866,-2.9927829814162647e-17,-6.218112609877307,26.744843344014043,-7.224681847242336e-31,1.2567848812788412e-35
GCSYMETRICAL,netlists/GCSYMETRICAL__main__f20__m30dBV.cir,7096.267784671759,1.0,-6.123233995736766e-17,0.022482893450635366,-1.376680174994571e-18,0.4887585520454198,-2.992782981591593e-17,-6.218112609368457,26.744843344522895,-7.224681846819089e-31,-1.2141181393316848e-35
GCSYMETRICAL,netlists/GCSYMETRICAL__main__f20__m30dBV.cir,7178.438692900358,1.0,-6.123233995736766e-17,0.022482893450635366,-1.376680174994571e-18,0.48875855207340124,-2.992782981762929e-17,-6.2181126088711896,26.744843345020165,0.0,-2.7956721010907342e-37
GCSYMETRICAL,netlists/GCSYMETRICAL__main__f20__m30dBV.cir,7261.561095402283,1.0,-6.123233995736766e-17,0.022482893450635366,-1.376680174994571e-18,0.48875855210074565,-2.992782981930366e-17,-6.218112608385243,26.74484334550611,-7.224681846001278e-31,2.7636702934346603e-37
GCSYMETRICAL,netlists/GCSYMETRICAL__main__f20__m30dBV.cir,7345.646009961953,1.0,-6.123233995736766e-17,0.022482893450635366,-1.376680174994571e-18,0.48875855212746777,-2.992782982093991e-17,-6.2181126079103555,26.744843345980996,0.0,-1.2002202437076593e-35
GCSYMETRICAL,netlists/GCSYMETRICAL__main__f20__m30dBV.cir,7430.7045819437135,1.0,-6.123233995736766e-17,0.022482893450635366,-1.376680174994571e-18,0.48875855215358155,-2.992782982253892e-17,-6.218112607446279,26.744843346445073,0.0,-0.0
GCSYMETRICAL,netlists/GCSYMETRICAL__main__f20__m30dBV.cir,7516.74808576915,1.0,-6.123233995736766e-17,0.022482893450635366,-1.376680174994571e-18,0.48875855217910097,-2.992782982410153e-17,-6.218112606992765,26.744843346898584,0.0,1.1462014340914046e-35
GCSYMETRICAL,netlists/GCSYMETRICAL__main__f20__m30dBV.cir,7603.787926411494,1.0,-6.123233995736766e-17,0.022482893450635366,-1.376680174994571e-18,0.4887585522040394,-2.9927829825628573e-17,-6.218112606549575,26.744843347341778,-7.22468184447442e-31,2.639284639883789e-37
GCSYMETRICAL,netlists/GCSYMETRICAL__main__f20__m30dBV.cir,7691.835640907345,1.0,-6.123233995736766e-17,0.022482893450635366,-1.376680174994571e-18,0.4887585522284102,-2.992782982712085e-17,-6.218112606116475,26.744843347774882,0.0,-1.1462014340913852e-35
GCSYMETRICAL,netlists/GCSYMETRICAL__main__f20__m30dBV.cir,7780.902899885889,1.0,-6.123233995736766e-17,0.022482893450635366,-1.376680174994571e-18,0.48875855225222625,-2.9927829828579166e-17,-6.218112605693231,26.74484334819812,0.0,-0.0
GCSYMETRICAL,netlists/GCSYMETRICAL__main__f20__m30dBV.cir,7871.00150911583,1.0,-6.123233995736766e-17,0.022482893450635366,-1.376680174994571e-18,0.48875855227550025,-2.9927829830004286e-17,-6.218112605279621,26.74484334861173,0.0,1.0946138714334657e-35
GCSYMETRICAL,netlists/GCSYMETRICAL__main__f20__m30dBV.cir,7962.143411070229,1.0,-6.123233995736766e-17,0.022482893450635366,-1.376680174994571e-18,0.4887585522982444,-2.9927829831396965e-17,-6.218112604875428,26.744843349015923,-7.224681843081912e-31,1.1072889026407761e-35
GCSYMETRICAL,netlists/GCSYMETRICAL__main__f20__m30dBV.cir,8054.34068650947,1.0,-6.123233995736766e-17,0.022482893450635366,-1.376680174994571e-18,0.4887585523204708,-2.992782983275794e-17,-6.218112604480436,26.744843349410917,-7.2246818427533675e-31,-9.731549673269235e-46
GCSYMETRICAL,netlists/GCSYMETRICAL__main__f20__m30dBV.cir,8147.605556082547,1.0,-6.123233995736766e-17,0.022482893450635366,-1.376680174994571e-18,0.48875855234219134,-2.992782983408794e-17,-6.218112604094433,26.74484334979692,-7.224681842432301e-31,-1.0574526926057095e-35
GCSYMETRICAL,netlists/GCSYMETRICAL__main__f20__m30dBV.cir,8241.950381946901,1.0,-6.123233995736766e-17,0.022482893450635366,-1.376680174994571e-18,0.4887585523634174,-2.992782983538766e-17,-6.218112603717216,26.744843350174136,0.0,-1.0696974176431047e-35
GCSYMETRICAL,netlists/GCSYMETRICAL__main__f20__m30dBV.cir,8337.38766940701,1.0,-6.123233995736766e-17,0.022482893450635366,-1.376680174994571e-18,0.4887585523841604,-2.99278298366578e-17,-6.218112603348587,26.74484335054277,0.0,-0.0
GCSYMETRICAL,netlists/GCSYMETRICAL__main__f20__m30dBV.cir,8433.93006857195,1.0,-6.123233995736766e-17,0.022482893450635366,-1.376680174994571e-18,0.48875855240443106,-2.992782983789902e-17,-6.21811260298835,26.744843350903004,0.0,1.0215531029639762e-35
GCSYMETRICAL,netlists/GCSYMETRICAL__main__f20__m30dBV.cir,8531.590376032162,1.0,-6.123233995736766e-17,0.022482893450635366,-1.376680174994571e-18,0.48875855242424043,-2.9927829839112e-17,-6.218112602636311,26.744843351255042,-7.2246818412194764e-31,1.0333821303538068e-35
GCSYMETRICAL,netlists/GCSYMETRICAL__main__f20__m30dBV.cir,8630.381536555617,1.0,-6.123233995736766e-17,0.022482893450635366,-1.376680174994571e-18,0.48875855244359884,-2.992782984029736e-17,-6.218112602292286,26.744843351599066,-7.224681840933326e-31,-7.910113978635605e-46
GCSYMETRICAL,netlists/GCSYMETRICAL__main__f20__m30dBV.cir,8730.316644803635,1.0,-6.123233995736766e-17,0.022482893450635366,-1.376680174994571e-18,0.4887585524625166,-2.9927829841455736e-17,-6.218112601956092,26.74484335193526,-7.224681840653688e-31,-9.868722730148875e-36
GCSYMETRICAL,netlists/GCSYMETRICAL__main__f20__m30dBV.cir,8831.408947066571,1.0,-6.123233995736766e-17,0.022482893450635366,-1.376680174994571e-18,0.48875855248100375,-2.9927829842587746e-17,-6.218112601627551,26.7448433522638,0.0,-2.2724075912659635e-37
GCSYMETRICAL,netlists/GCSYMETRICAL__main__f20__m30dBV.cir,8933.671843019587,1.0,-6.123233995736766e-17,0.022482893450635366,-1.376680174994571e-18,0.4887585524990701,-2.9927829843693994e-17,-6.218112601306488,26.744843352584866,-7.224681840113366e-31,2.2463955492910707e-37
GCSYMETRICAL,netlists/GCSYMETRICAL__main__f20__m30dBV.cir,9037.118887498777,1.0,-6.123233995736766e-17,0.022482893450635366,-1.376680174994571e-18,0.4887585525167252,-2.9927829844775053e-17,-6.218112600992733,26.744843352898616,0.0,-2.220681278883755e-37
GCSYMETRICAL,netlists/GCSYMETRICAL__main__f20__m30dBV.cir,9141.763792297834,1.0,-6.123233995736766e-17,0.022482893450635366,-1.376680174994571e-18,0.4887585525339784,-2.992782984583151e-17,-6.218112600686121,26.74484335320523,-7.224681839597361e-31,9.644083173077195e-36
GCSYMETRICAL,netlists/GCSYMETRICAL__main__f20__m30dBV.cir,9247.620427985543,1.0,-6.123233995736766e-17,0.022482893450635366,-1.376680174994571e-18,0.48875855255083883,-2.9927829846863914e-17,-6.218112600386489,26.744843353504866,-7.224681839348136e-31,-6.429576058950685e-46
GCSYMETRICAL,netlists/GCSYMETRICAL__main__f20__m30dBV.cir,9354.702825744305,1.0,-6.123233995736766e-17,0.022482893450635366,-1.376680174994571e-18,0.4887585525673156,-2.9927829847872824e-17,-6.218112600093675,26.74484335379768,-7.224681839104582e-31,-6.211304728901006e-46
GCSYMETRICAL,netlists/GCSYMETRICAL__main__f20__m30dBV.cir,9463.025179229955,1.0,-6.123233995736766e-17,0.022482893450635366,-1.376680174994571e-18,0.4887585525834172,-2.9927829848858764e-17,-6.218112599807527,26.744843354083827,-7.224681838866572e-31,-9.10460161104247e-36
GCSYMETRICAL,netlists/GCSYMETRICAL__main__f20__m30dBV.cir,9572.601846453117,1.0,-6.123233995736766e-17,0.022482893450635366,-1.376680174994571e-18,0.4887585525991523,-2.992782984982226e-17,-6.218112599527894,26.74484335436346,0.0,-2.096458313033988e-37
GCSYMETRICAL,netlists/GCSYMETRICAL__main__f20__m30dBV.cir,9683.447351682342,1.0,-6.123233995736766e-17,0.022482893450635366,-1.376680174994571e-18,0.4887585526145292,-2.9927829850763827e-17,-6.218112599254626,26.74484335463673,-7.224681838406683e-31,9.104601609882433e-36
GCSYMETRICAL,netlists/GCSYMETRICAL__main__f20__m30dBV.cir,9795.576387369283,1.0,-6.123233995736766e-17,0.022482893450635366,-1.376680174994571e-18,0.48875855262955614,-2.992782985168396e-17,-6.218112598987577,26.74484335490378,-7.22468183818456e-31,-8.79550838834943e-36
GCSYMETRICAL,netlists/GCSYMETRICAL__main__f20__m30dBV.cir,9909.003816096169,1.0,-6.123233995736766e-17,0.022482893450635366,-1.376680174994571e-18,0.48875855264424106,-2.992782985258315e-17,-6.218112598726606,26.744843355164747,0.0,-2.0252853955076508e-37
GCSYMETRICAL,netlists/GCSYMETRICAL__main__f20__m30dBV.cir,10023.744672545814,1.0,-6.123233995736766e-17,0.022482893450635366,-1.376680174994571e-18,0.48875855265859164,-2.992782985346187e-17,-6.218112598471578,26.744843355419775,-7.224681837755367e-31,2.002102140075867e-37
GCSYMETRICAL,netlists/GCSYMETRICAL__main__f20__m30dBV.cir,10139.814165494461,1.0,-6.123233995736766e-17,0.022482893450635366,-1.376680174994571e-18,0.4887585526726156,-2.9927829854320585e-17,-6.218112598222354,26.744843355669,0.0,-1.979184271204403e-37
GCSYMETRICAL,netlists/GCSYMETRICAL__main__f20__m30dBV.cir,10257.227679827676,1.0,-6.123233995736766e-17,0.022482893450635366,-1.376680174994571e-18,0.48875855268632024,-2.992782985515976e-17,-6.218112597978803,26.74484335591255,-7.2246818373454905e-31,1.9565287313214243e-37
GCSYMETRICAL,netlists/GCSYMETRICAL__main__f20__m30dBV.cir,10376.000778579606,1.0,-6.123233995736766e-17,0.022482893450635366,-1.376680174994571e-18,0.48875855269971297,-2.9927829855979824e-17,-6.218112597740797,26.744843356150554,0.0,-8.496908608473306e-36
GCSYMETRICAL,netlists/GCSYMETRICAL__main__f20__m30dBV.cir,10496.149204995842,1.0,-6.123233995736766e-17,0.022482893450635366,-1.376680174994571e-18,0.48875855271280094,-2.9927829856781227e-17,-6.218112597508206,26.744843356383146,0.0,8.208446029251996e-36
GCSYMETRICAL,netlists/GCSYMETRICAL__main__f20__m30dBV.cir,10617.688884620162,1.0,-6.123233995736766e-17,0.022482893450635366,-1.376680174994571e-18,0.4887585527255909,-2.9927829857564393e-17,-6.218112597280912,26.74484335661044,-7.2246818367650035e-31,1.890106300505349e-37
GCSYMETRICAL,netlists/GCSYMETRICAL__main__f20__m30dBV.cir,10740.635927405454,1.0,-6.123233995736766e-17,0.022482893450635366,-1.376680174994571e-18,0.48875855273808977,-2.9927829858329724e-17,-6.2181125970587905,26.744843356832565,0.0,-8.208446029252386e-36
GCSYMETRICAL,netlists/GCSYMETRICAL__main__f20__m30dBV.cir,10865.00662984907,1.0,-6.123233995736766e-17,0.022482893450635366,-1.376680174994571e-18,0.4887585527503041,-2.992782985907764e-17,-6.218112596841725,26.744843357049632,0.0,7.92977650110488e-36
GCSYMETRICAL,netlists/GCSYMETRICAL__main__f20__m30dBV.cir,10990.817477152901,1.0,-6.123233995736766e-17,0.022482893450635366,-1.376680174994571e-18,0.4887585527622404,-2.992782985980853e-17,-6.218112596629601,26.74484335726175,-7.2246818362232615e-31,1.8259388528581126e-37
GCSYMETRICAL,netlists/GCSYMETRICAL__main__f20__m30dBV.cir,11118.085145408488,1.0,-6.123233995736766e-17,0.022482893450635366,-1.376680174994571e-18,0.488758552773905,-2.9927829860522776e-17,-6.218112596422306,26.744843357469044,0.0,-1.805037507297658e-37
GCSYMETRICAL,netlists/GCSYMETRICAL__main__f20__m30dBV.cir,11246.826503807404,1.0,-6.123233995736766e-17,0.022482893450635366,-1.376680174994571e-18,0.48875855278530406,-2.992782986122077e-17,-6.218112596219729,26.74484335767162,-7.224681835882341e-31,7.8390050995607e-36
GCSYMETRICAL,netlists/GCSYMETRICAL__main__f20__m30dBV.cir,11377.058616877257,1.0,-6.123233995736766e-17,0.022482893450635366,-1.376680174994571e-18,0.4887585527964437,-2.9927829861902875e-17,-6.218112596021763,26.744843357869588,-7.224681835717679e-31,-7.572877767008898e-36
GCSYMETRICAL,netlists/GCSYMETRICAL__main__f20__m30dBV.cir,11508.798746743572,1.0,-6.123233995736766e-17,0.022482893450635366,-1.376680174994571e-18,0.48875855280732977,-2.992782986256945e-17,-6.218112595828304,26.74484335806305,0.0,-1.7437580701807386e-37
GCSYMETRICAL,netlists/GCSYMETRICAL__main__f20__m30dBV.cir,11642.064355417868,1.0,-6.123233995736766e-17,0.022482893450635366,-1.376680174994571e-18,0.48875855281796793,-2.992782986322086e-17,-6.21811259563925,26.744843358252105,-7.224681835399514e-31,7.572877766341266e-36
GCSYMETRICAL,netlists/GCSYMETRICAL__main__f20__m30dBV.cir,11776.873107112226,1.0,-6.123233995736766e-17,0.022482893450635366,-1.376680174994571e-18,0.48875855282836406,-2.992782986385743e-17,-6.218112595454496,26.74484335843686,-7.224681835245842e-31,-7.315785222811951e-36
GCSYMETRICAL,netlists/GCSYMETRICAL__main__f20__m30dBV.cir,11913.242870580661,1.0,-6.123233995736766e-17,0.022482893450635366,-1.376680174994571e-18,0.4887585528385235,-2.992782986447952e-17,-6.218112595273949,26.744843358617402,0.0,-7.400498023013703e-36
GCSYMETRICAL,netlists/GCSYMETRICAL__main__f20__m30dBV.cir,12051.191721487614,1.0,-6.123233995736766e-17,0.022482893450635366,-1.376680174994571e-18,0.4887585528484517,-2.9927829865087445e-17,-6.218112595097511,26.74484335879384,0.0,1.4298515239318353e-35
GCSYMETRICAL,netlists/GCSYMETRICAL__main__f20__m30dBV.cir,12190.737944803848,1.0,-6.123233995736766e-17,0.022482893450635366,-1.376680174994571e-18,0.48875855285815384,-2.992782986568154e-17,-6.218112594925092,26.74484335896626,-1.4449363669610997e-30,3.29242753688728e-37
GCSYMETRICAL,netlists/GCSYMETRICAL__main__f20__m30dBV.cir,12331.900037230114,1.0,-6.123233995736766e-17,0.022482893450635366,-1.376680174994571e-18,0.48875855286763525,-2.9927829866262096e-17,-6.218112594756596,26.74484335913476,0.0,-7.311994591453882e-36
GCSYMETRICAL,netlists/GCSYMETRICAL__main__f20__m30dBV.cir,12474.696709648862,1.0,-6.123233995736766e-17,0.022482893450635366,-1.376680174994571e-18,0.48875855287690073,-2.992782986682945e-17,-6.218112594591934,26.744843359299416,-7.2246818345283875e-31,7.067420744014563e-36
GCSYMETRICAL,netlists/GCSYMETRICAL__main__f20__m30dBV.cir,12619.14688960435,1.0,-6.123233995736766e-17,0.022482893450635366,-1.376680174994571e-18,0.4887585528859553,-2.992782986738388e-17,-6.218112594431022,26.744843359460333,-7.224681834394545e-31,-1.3654976043892605e-35
GCSYMETRICAL,netlists/GCSYMETRICAL__main__f20__m30dBV.cir,12765.269723811465,1.0,-6.123233995736766e-17,0.022482893450635366,-1.376680174994571e-18,0.4887585528948039,-2.992782986792569e-17,-6.218112594273771,26.74484335961758,7.224681834263747e-31,-3.1442438899513344e-37
GCSYMETRICAL,netlists/GCSYMETRICAL__main__f20__m30dBV.cir,12913.084580693609,1.0,-6.123233995736766e-17,0.022482893450635366,-1.376680174994571e-18,0.48875855290345094,-2.992782986845518e-17,-6.218112594120102,26.74484335977125,-7.22468183413593e-31,1.365497604340345e-35
GCSYMETRICAL,netlists/GCSYMETRICAL__main__f20__m30dBV.cir,13062.611052949953,1.0,-6.123233995736766e-17,0.022482893450635366,-1.376680174994571e-18,0.48875855291190123,-2.992782986897261e-17,-6.218112593969929,26.744843359921422,-7.22468183401102e-31,-6.595700804657367e-36
GCSYMETRICAL,netlists/GCSYMETRICAL__main__f20__m30dBV.cir,13213.868960152433,1.0,-6.123233995736766e-17,0.022482893450635366,-1.376680174994571e-18,0.48875855292015913,-2.992782986947826e-17,-6.218112593823175,26.744843360068174,0.0,-6.672075420318791e-36
GCSYMETRICAL,netlists/GCSYMETRICAL__main__f20__m30dBV.cir,13366.878351372812,1.0,-6.123233995736766e-17,0.022482893450635366,-1.376680174994571e-18,0.48875855292822906,-2.99278298699724e-17,-6.218112593679762,26.74484336021159,0.0,-0.0
GCSYMETRICAL,netlists/GCSYMETRICAL__main__f20__m30dBV.cir,13521.659507840162,1.0,-6.123233995736766e-17,0.022482893450635366,-1.376680174994571e-18,0.4887585529361153,-2.992782987045529e-17,-6.2181125935396135,26.74484336035174,0.0,6.371782559364081e-36
GCSYMETRICAL,netlists/GCSYMETRICAL__main__f20__m30dBV.cir,13678.23294562912,1.0,-6.123233995736766e-17,0.022482893450635366,-1.376680174994571e-18,0.48875855294382203,-2.99278298709272e-17,-6.218112593402654,26.744843360488698,-7.224681833539177e-31,6.445564323967216e-36
GCSYMETRICAL,netlists/GCSYMETRICAL__main__f20__m30dBV.cir,13836.61941837927,1.0,-6.123233995736766e-17,0.022482893450635366,-1.376680174994571e-18,0.48875855295135334,-2.9927829871388355e-17,-6.218112593268813,26.74484336062254,-7.2246818334278515e-31,-6.226743080850045e-36
GCSYMETRICAL,netlists/GCSYMETRICAL__main__f20__m30dBV.cir,13996.839920046017,1.0,-6.123233995736766e-17,0.022482893450635366,-1.376680174994571e-18,0.4887585529587132,-2.992782987183901e-17,-6.218112593138018,26.744843360753336,0.0,-1.433792255159588e-37
GCSYMETRICAL,netlists/GCSYMETRICAL__main__f20__m30dBV.cir,14158.915687683313,1.0,-6.123233995736766e-17,0.022482893450635366,-1.376680174994571e-18,0.48875855296590554,-2.992782987227942e-17,-6.218112593010201,26.744843360881152,-7.224681833212744e-31,6.226743080478923e-36
GCSYMETRICAL,netlists/GCSYMETRICAL__main__f20__m30dBV.cir,14322.868204258602,1.0,-6.123233995736766e-17,0.022482893450635366,-1.376680174994571e-18,0.4887585529729341,-2.9927829872709795e-17,-6.218112592885294,26.744843361006062,-7.22468183310885e-31,-6.01535062622697e-36
GCSYMETRICAL,netlists/GCSYMETRICAL__main__f20__m30dBV.cir,14488.719201500371,1.0,-6.123233995736766e-17,0.022482893450635366,-1.376680174994571e-18,0.48875855297980275,-2.9927829873130375e-17,-6.218112592763228,26.744843361128122,0.0,-6.085005103571058e-36
GCSYMETRICAL,netlists/GCSYMETRICAL__main__f20__m30dBV.cir,14656.490662778659,1.0,-6.123233995736766e-17,0.022482893450635366,-1.376680174994571e-18,0.48875855298651505,-2.9927829873541384e-17,-6.2181125926439424,26.744843361247412,0.0,5.878424528719993e-36
GCSYMETRICAL,netlists/GCSYMETRICAL__main__f20__m30dBV.cir,14826.204826018935,1.0,-6.123233995736766e-17,0.022482893450635366,-1.376680174994571e-18,0.48875855299307447,-2.992782987394304e-17,-6.218112592527373,26.74484336136398,-7.224681832811142e-31,5.946493476594346e-36
GCSYMETRICAL,netlists/GCSYMETRICAL__main__f20__m30dBV.cir,14997.88418664971,1.0,-6.123233995736766e-17,0.022482893450635366,-1.376680174994571e-18,0.48875855299948473,-2.992782987433555e-17,-6.218112592413454,26.744843361477898,-7.224681832716388e-31,-5.7446152500465395e-36
GCSYMETRICAL,netlists/GCSYMETRICAL__main__f20__m30dBV.cir,15171.551500584277,1.0,-6.123233995736766e-17,0.022482893450635366,-1.376680174994571e-18,0.488758553005749,-2.992782987471912e-17,-6.21811259230213,26.744843361589226,0.0,-5.811134759497215e-36
GCSYMETRICAL,netlists/GCSYMETRICAL__main__f20__m30dBV.cir,15347.229787236989,1.0,-6.123233995736766e-17,0.022482893450635366,-1.376680174994571e-18,0.48875855301187066,-2.992782987509397e-17,-6.21811259219334,26.744843361698013,0.0,5.6138518421295524e-36
GCSYMETRICAL,netlists/GCSYMETRICAL__main__f20__m30dBV.cir,15524.942332574454,1.0,-6.123233995736766e-17,0.022482893450635366,-1.376680174994571e-18,0.4887585530178529,-2.992782987546028e-17,-6.218112592087027,26.744843361804325,-7.224681832444874e-31,1.2926657127450909e-37
GCSYMETRICAL,netlists/GCSYMETRICAL__main__f20__m30dBV.cir,15704.712692202063,1.0,-6.123233995736766e-17,0.022482893450635366,-1.376680174994571e-18,0.48875855302369914,-2.992782987581825e-17,-6.2181125919831315,26.744843361908224,0.0,-1.2778686919893057e-37
GCSYMETRICAL,netlists/GCSYMETRICAL__main__f20__m30dBV.cir,15886.564694486266,1.0,-6.123233995736766e-17,0.022482893450635366,-1.376680174994571e-18,0.4887585530294122,-2.992782987616808e-17,-6.218112591881604,26.744843362009753,-7.224681832274009e-31,5.549590611289614e-36
GCSYMETRICAL,netlists/GCSYMETRICAL__main__f20__m30dBV.cir,16070.52244371299,1.0,-6.123233995736766e-17,0.022482893450635366,-1.376680174994571e-18,0.4887585530349952,-2.992782987650994e-17,-6.218112591782385,26.744843362108966,-7.224681832191482e-31,-1.2251285239885102e-46
GCSYMETRICAL,netlists/GCSYMETRICAL__main__f20__m30dBV.cir,16256.610323282637,1.0,-6.123233995736766e-17,0.022482893450635366,-1.376680174994571e-18,0.4887585530404512,-2.9927829876844024e-17,-6.218112591685426,26.744843362205927,-7.224681832110833e-31,-5.299817889235785e-36
GCSYMETRICAL,netlists/GCSYMETRICAL__main__f20__m30dBV.cir,16444.852998942082,1.0,-6.123233995736766e-17,0.022482893450635366,-1.376680174994571e-18,0.4887585530457829,-2.9927829877170496e-17,-6.218112591590673,26.744843362300678,0.0,-1.22035512659471e-37
GCSYMETRICAL,netlists/GCSYMETRICAL__main__f20__m30dBV.cir,16635.27542205409,1.0,-6.123233995736766e-17,0.022482893450635366,-1.376680174994571e-18,0.48875855305099325,-2.992782987748954e-17,-6.2181125914980795,26.744843362393276,-7.2246818319550045e-31,1.2063858358311238e-37
GCSYMETRICAL,netlists/GCSYMETRICAL__main__f20__m30dBV.cir,16827.90283290458,1.0,-6.123233995736766e-17,0.022482893450635366,-1.376680174994571e-18,0.4887585530560851,-2.9927829877801325e-17,-6.218112591407589,26.744843362483763,0.0,-5.2391513753493296e-36
GCSYMETRICAL,netlists/GCSYMETRICAL__main__f20__m30dBV.cir,17022.760764048217,1.0,-6.123233995736766e-17,0.022482893450635366,-1.376680174994571e-18,0.488758553061061,-2.9927829878106004e-17,-6.218112591319162,26.74484336257219,0.0,-0.0
GCSYMETRICAL,netlists/GCSYMETRICAL__main__f20__m30dBV.cir,17219.875043692708,1.0,-6.123233995736766e-17,0.022482893450635366,-1.376680174994571e-18,0.4887585530659236,-2.9927829878403756e-17,-6.218112591232748,26.744843362658607,0.0,-0.0
GCSYMETRICAL,netlists/GCSYMETRICAL__main__f20__m30dBV.cir,17419.271799122318,1.0,-6.123233995736766e-17,0.022482893450635366,-1.376680174994571e-18,0.4887585530706755,-2.992782987869473e-17,-6.2181125911483,26.744843362743055,0.0,4.9460778381607e-36
GCSYMETRICAL,netlists/GCSYMETRICAL__main__f20__m30dBV.cir,17620.977460160997,1.0,-6.123233995736766e-17,0.022482893450635366,-1.376680174994571e-18,0.4887585530753193,-2.992782987897908e-17,-6.218112591065773,26.744843362825577,-7.224681831595423e-31,1.1389016692561119e-37
GCSYMETRICAL,netlists/GCSYMETRICAL__main__f20__m30dBV.cir,17825.018762675634,1.0,-6.123233995736766e-17,0.022482893450635366,-1.376680174994571e-18,0.4887585530798573,-2.992782987925695e-17,-6.218112590985126,26.744843362906224,0.0,-1.1258647705418651e-37
GCSYMETRICAL,netlists/GCSYMETRICAL__main__f20__m30dBV.cir,18031.42275211987,1.0,-6.123233995736766e-17,0.022482893450635366,-1.376680174994571e-18,0.48875855308429206,-2.9927829879528506e-17,-6.2181125909063155,26.744843362985037,-7.2246818314627905e-31,1.1129771021862481e-37
GCSYMETRICAL,netlists/GCSYMETRICAL__main__f20__m30dBV.cir,18240.216787118938,1.0,-6.123233995736766e-17,0.022482893450635366,-1.376680174994571e-18,0.4887585530886259,-2.992782987979387e-17,-6.218112590829296,26.744843363062056,0.0,-4.833491361106603e-36
GCSYMETRICAL,netlists/GCSYMETRICAL__main__f20__m30dBV.cir,18451.428543096015,1.0,-6.123233995736766e-17,0.022482893450635366,-1.376680174994571e-18,0.4887585530928611,-2.99278298800532e-17,-6.218112590754032,26.74484336313732,0.0,4.6693985778653074e-36
GCSYMETRICAL,netlists/GCSYMETRICAL__main__f20__m30dBV.cir,18665.086015940582,1.0,-6.123233995736766e-17,0.022482893450635366,-1.376680174994571e-18,0.4887585530969998,-2.992782988030663e-17,-6.218112590680482,26.74484336321087,-7.224681831274949e-31,1.0751925078352965e-37
GCSYMETRICAL,netlists/GCSYMETRICAL__main__f20__m30dBV.cir,18881.21752571924,1.0,-6.123233995736766e-17,0.022482893450635366,-1.376680174994571e-18,0.4887585531010444,-2.9927829880554284e-17,-6.218112590608604,26.74484336328275,0.0,-4.669398577865261e-36
GCSYMETRICAL,netlists/GCSYMETRICAL__main__f20__m30dBV.cir,19099.851720429502,1.0,-6.123233995736766e-17,0.022482893450635366,-1.376680174994571e-18,0.4887585531049969,-2.9927829880796304e-17,-6.218112590538363,26.744843363352988,0.0,-0.0
GCSYMETRICAL,netlists/GCSYMETRICAL__main__f20__m30dBV.cir,19321.017579797062,1.0,-6.123233995736766e-17,0.022482893450635366,-1.376680174994571e-18,0.4887585531088594,-2.9927829881032814e-17,-6.218112590469721,26.74484336342163,0.0,-0.0
GCSYMETRICAL,netlists/GCSYMETRICAL__main__f20__m30dBV.cir,19544.744419117018,1.0,-6.123233995736766e-17,0.022482893450635366,-1.376680174994571e-18,0.488758553112634,-2.9927829881263944e-17,-6.218112590402641,26.744843363488712,0.0,4.4081965129734695e-36
GCSYMETRICAL,netlists/GCSYMETRICAL__main__f20__m30dBV.cir,19771.06189313959,1.0,-6.123233995736766e-17,0.022482893450635366,-1.376680174994571e-18,0.4887585531163226,-2.992782988148981e-17,-6.218112590337089,26.744843363554264,-7.224681830989326e-31,1.0150471810832902e-37
GCSYMETRICAL,netlists/GCSYMETRICAL__main__f20__m30dBV.cir,20000.000000000826,1.0,-6.123233995736766e-17,0.022482893450635366,-1.376680174994571e-18,0.4887585531199274,-2.992782988171053e-17,-6.218112590273028,26.744843363618326,0.0,-8.765932817729242e-36
