Graph #0 from AudioThread1
2.69198 -199.68588
5.38396 -236.15727
8.07594 -227.61426
10.76791 -183.80460
13.45989 -227.18181
16.15187 -234.03043
18.84385 -228.77654
21.53583 -177.59169
24.22781 -227.51483
26.91979 -233.45129
29.61176 -228.45876
32.30375 -179.84224
34.99573 -227.42172
37.68771 -237.79431
40.37968 -230.04138
43.07167 -177.37355
45.76364 -227.36520
48.45562 -233.70827
51.14760 -230.20807
53.83958 -184.99689
56.53155 -228.27596
59.22354 -241.28117
61.91550 -234.41315
64.60748 -185.97458
67.29947 -228.96231
69.99145 -236.34576
72.68342 -231.14514
75.37541 -178.31334
78.06738 -228.21851
80.75936 -241.20775
83.45135 -234.14259
86.14331 -180.50516
88.83529 -227.89192
91.52726 -232.96796
94.21925 -237.20512
96.91125 -177.70775
99.60323 -231.09097
102.29519 -239.46983
104.98715 -238.35811
107.67915 -192.50868
110.37112 -229.82103
113.06311 -234.92932
115.75508 -237.01289
118.44704 -196.52090
121.13905 -231.24565
123.83102 -237.20575
126.52299 -235.66855
129.21498 -179.37703
131.90695 -231.74017
134.59895 -234.96899
137.29092 -238.56584
139.98288 -175.61641
142.67488 -234.08308
145.36685 -237.18294
148.05884 -236.49802
150.75082 -180.70099
153.44283 -230.77608
156.13478 -232.89276
158.82674 -237.58917
161.51871 -0.33127
164.21068 -238.28801
166.90265 -233.10834
169.59467 -230.27393
172.28662 -184.21086
174.97864 -237.15919
177.67059 -236.98698
180.36258 -234.16513
183.05452 -181.86520
185.74654 -238.68163
188.43854 -234.87596
191.13049 -231.29366
193.82245 -181.57820
196.51450 -236.57092
199.20641 -236.67546
201.89836 -231.24675
204.59042 -174.52878
207.28238 -236.66328
209.97437 -234.87218
212.66631 -229.46089
215.35828 -187.45325
218.05025 -239.62749
220.74232 -238.46919
223.43420 -230.94882
226.12619 -183.22661
228.81815 -236.42261
231.51018 -232.96298
234.20219 -227.75638
236.89415 -183.39114
239.58609 -234.20633
242.27808 -242.45410
244.97008 -228.57407
247.66197 -171.12749
250.35399 -231.15262
253.04602 -236.37543
255.73793 -228.73491
258.42996 -175.81947
261.12186 -234.74071
263.81393 -241.33362
266.50589 -228.41867
269.19791 -183.55838
271.88986 -229.96492
274.58182 -233.76674
277.27374 -227.38449
279.96582 -189.85274
282.65775 -230.18663
285.34970 -238.41666
288.04175 -227.58818
290.73367 -181.75090
293.42569 -228.16388
296.11768 -233.39838
298.80960 -227.48047
301.50159 -187.01785
304.19360 -228.77979
306.88565 -234.44077
309.57758 -227.62079
312.26950 -182.63589
314.96152 -227.63429
317.65353 -236.19466
320.34543 -228.61671
323.03745 -63.09439
325.72943 -228.71429
328.42145 -236.09366
331.11334 -227.62941
333.80530 -178.39581
336.49738 -226.79794
339.18933 -233.70216
341.88138 -228.82205
344.57330 -190.26131
347.26520 -227.57988
349.95728 -233.54854
352.64926 -228.80151
355.34119 -177.83185
358.03311 -227.27345
360.72513 -237.22466
363.41718 -229.93669
366.10907 -180.73677
368.80112 -227.36272
371.49304 -233.67351
374.18506 -230.48686
376.87698 -175.10590
379.56897 -228.12541
382.26089 -241.02162
384.95297 -234.04144
387.64499 -180.48291
390.33694 -229.13481
393.02887 -236.20398
395.72086 -231.20128
398.41293 -187.47916
401.10477 -227.89453
403.79681 -240.07108
406.48877 -234.16322
409.18088 -184.17300
411.87280 -228.06094
414.56479 -233.01114
417.25662 -237.97882
419.94867 -176.13980
422.64066 -231.15201
425.33264 -240.63184
428.02472 -237.33481
430.71658 -189.00230
433.40857 -230.16991
436.10052 -234.96671
438.79248 -237.44025
441.48456 -200.69334
444.17648 -231.22214
446.86844 -237.79756
449.56036 -234.94196
452.25244 -185.46269
454.94443 -232.16975
457.63635 -235.05620
460.32840 -238.49150
463.02029 -175.11896
465.71231 -233.97571
468.40430 -237.36050
471.09634 -235.82454
473.78821 -177.15735
476.48022 -231.38306
479.17224 -232.74597
481.86414 -236.81091
484.55624 -83.15241
487.24811 -238.78716
489.94006 -233.39629
492.63211 -229.86784
495.32404 -182.95091
498.01611 -237.78566
500.70804 -236.77187
503.39996 -234.20471
506.09195 -193.21809
508.78406 -238.83270
511.47589 -234.78430
514.16803 -230.84311
516.85980 -181.01320
519.55188 -237.68826
522.24377 -236.20740
524.93579 -231.22302
527.62781 -173.00351
530.31989 -236.37593
533.01172 -234.80190
535.70380 -229.09851
538.39569 -184.12714
541.08765 -241.16766
543.77960 -237.61476
546.47162 -230.74043
549.16370 -175.59273
551.85553 -235.66220
554.54749 -232.99640
557.23962 -227.65308
559.93170 -179.85687
562.62354 -234.35628
565.31555 -243.70026
568.00751 -228.94724
570.69934 -170.66495
573.39160 -231.21286
576.08344 -236.28746
578.77551 -228.46162
581.46741 -175.20494
584.15930 -234.97447
586.85126 -241.18526
589.54321 -228.55034
592.23523 -184.70833
594.92743 -229.75616
597.61926 -233.84676
600.31134 -227.41740
603.00323 -181.72049
605.69507 -230.36864
608.38708 -239.08534
611.07916 -227.76994
613.77124 -177.41623
616.46307 -227.91606
619.15515 -233.38754
621.84705 -227.47414
624.53906 -178.07416
627.23096 -228.83159
629.92303 -234.94012
632.61493 -228.11037
635.30695 -179.01448
637.99884 -227.68355
640.69092 -236.19569
643.38306 -228.54375
646.07477 -79.57899
648.76697 -228.73453
651.45898 -236.01523
654.15076 -227.68494
656.84277 -175.76849
659.53479 -226.47165
662.22681 -233.45058
664.91882 -228.91524
667.61072 -177.73286
670.30273 -227.67738
672.99475 -233.69229
675.68652 -229.19254
678.37878 -181.16859
681.07068 -227.14563
683.76257 -236.70976
686.45441 -229.87506
689.14667 -182.86719
691.83838 -227.37984
694.53033 -233.66426
697.22241 -230.80240
699.91443 -176.86279
702.60614 -227.97081
705.29840 -240.58331
707.99023 -233.66682
710.68225 -194.20699
713.37433 -229.24867
716.06616 -235.96802
718.75824 -231.33055
721.45032 -173.69156
724.14209 -227.61209
726.83423 -239.07516
729.52625 -234.26537
732.21826 -206.01735
734.90997 -228.26405
737.60205 -233.09203
740.29425 -238.70273
742.98615 -173.87741
745.67798 -231.12485
748.37024 -241.95763
751.06195 -236.52483
753.75403 -174.60323
756.44598 -230.49911
759.13782 -234.97879
761.82996 -237.96336
764.52161 -191.28113
767.21399 -231.18053
769.90588 -238.44708
772.59760 -234.36444
775.28986 -175.45454
777.98187 -232.56949
780.67358 -235.13046
783.36578 -238.45866
786.05780 -196.06921
788.74951 -233.85904
791.44159 -237.52190
794.13367 -235.15921
796.82568 -179.32198
799.51770 -232.10616
802.20947 -232.66518
804.90167 -236.04100
807.59369 -76.09160
810.28552 -238.97160
812.97742 -233.76118
815.66931 -229.55099
818.36182 -187.97063
821.05322 -238.35658
823.74542 -236.53838
826.43762 -234.18555
829.12915 -180.90501
831.82135 -239.00629
834.51331 -234.70097
837.20526 -230.40045
839.89740 -189.53685
842.58917 -239.08070
845.28137 -235.80052
847.97339 -231.17427
850.66516 -177.15897
853.35718 -236.13725
856.04950 -234.72568
858.74091 -228.74272
861.43304 -181.22162
864.12524 -242.93913
866.81702 -236.88974
869.50891 -230.48517
872.20123 -173.65704
874.89294 -234.94475
877.58484 -233.06821
880.27704 -227.58014
882.96924 -186.66862
885.66095 -234.59283
888.35278 -244.68607
891.04498 -229.31914
893.73669 -171.32022
896.42877 -231.31305
899.12079 -236.09050
901.81299 -228.15503
904.50470 -177.96837
907.19659 -235.06560
909.88867 -240.87404
912.58051 -228.66838
915.27277 -180.00757
917.96472 -229.58035
920.65668 -233.94585
923.34869 -227.46046
926.04065 -194.82176
928.73285 -230.58194
931.42450 -239.78671
934.11646 -227.96353
936.80847 -175.85611
939.50049 -227.71410
942.19275 -233.41632
944.88416 -227.49240
947.57660 -178.66020
950.26849 -228.93031
952.96051 -235.53726
955.65234 -228.64278
958.34424 -197.17354
961.03625 -227.75516
963.72833 -236.15271
966.42053 -228.46021
969.11200 -79.69572
971.80432 -228.73595
974.49640 -235.93356
977.18835 -227.78531
979.88025 -172.59052
982.57196 -226.20398
985.26434 -233.27139
987.95593 -229.05370
990.64813 -179.45998
993.34033 -227.80814
996.03210 -233.88469
998.72406 -229.63148
1001.41589 -182.37973
1004.10815 -227.03996
1006.80005 -236.24928
1009.49207 -229.85803
1012.18396 -185.07677
1014.87585 -227.41893
1017.56799 -233.68207
1020.25964 -231.15556
1022.95197 -180.06996
1025.64404 -227.81622
1028.33594 -240.01666
1031.02771 -233.31946
1033.71973 -184.81842
1036.41174 -229.30618
1039.10364 -235.66339
1041.79590 -231.54199
1044.48767 -175.13197
1047.17993 -227.37802
1049.87146 -238.21994
1052.56384 -234.44530
1055.25562 -177.69884
1057.94751 -228.50107
1060.63989 -233.20982
1063.33142 -239.33058
1066.02344 -178.88139
1068.71545 -231.01216
1071.40759 -243.40425
1074.09961 -235.90031
1076.79126 -179.66467
1079.48340 -230.80182
1082.17542 -234.96169
1084.86731 -238.60371
1087.55933 -175.18156
1090.25122 -231.12674
1092.94299 -239.14488
1095.63525 -233.91724
1098.32751 -180.28784
1101.01880 -232.92825
1103.71155 -235.18527
1106.40295 -238.46162
1109.09546 -176.16449
1111.78723 -233.74663
1114.47864 -237.67059
1117.17126 -234.51881
1119.86316 -181.88965
1122.55542 -232.96016
1125.24744 -232.64822
1127.93909 -235.33134
1130.63086 -93.51590
1133.32288 -238.79752
1136.01550 -234.20883
1138.70654 -229.31789
1141.39844 -176.71582
1144.09070 -238.85735
1146.78296 -236.28874
1149.47461 -234.09508
1152.16663 -173.80421
1154.85852 -239.18242
1157.55115 -234.63251
1160.24231 -229.97583
1162.93457 -199.25990
1165.62708 -240.84644
1168.31873 -235.45303
1171.01086 -231.10242
1173.70264 -178.75111
1176.39453 -235.93535
1179.08655 -234.65073
1181.77881 -228.40158
1184.47034 -182.61560
1187.16211 -244.64949
1189.85461 -236.27914
1192.54688 -230.20326
1195.23828 -176.33159
1197.93030 -234.28310
1200.62244 -233.17818
1203.31470 -227.53508
1206.00659 -181.71724
1208.69824 -234.91360
1211.39026 -245.02277
1214.08264 -229.66612
1216.77393 -196.18234
1219.46594 -231.43787
1222.15808 -235.80466
1224.85022 -227.82925
1227.54248 -179.69405
1230.23425 -234.98080
1232.92627 -240.45377
1235.61865 -228.77109
1238.31042 -176.41901
1241.00232 -229.43584
1243.69397 -234.06110
1246.38599 -227.51003
1249.07825 -180.57524
1251.77051 -230.81880
1254.46204 -240.49545
1257.15381 -228.16484
1259.84558 -170.77086
1262.53821 -227.55649
1265.22961 -233.48196
1267.92188 -227.53110
1270.61426 -177.34584
1273.30591 -229.07271
1275.99780 -236.24316
1278.68994 -229.20561
1281.38196 -182.40781
1284.07336 -227.84135
1286.76538 -236.06158
1289.45752 -228.37167
1292.14966 -120.46074
1294.84155 -228.72107
1297.53320 -235.85970
1300.22571 -227.93439
1302.91699 -185.39430
1305.60962 -225.99516
1308.30127 -233.16135
1310.99304 -229.23360
1313.68542 -177.39545
1316.37744 -227.97180
1319.06921 -234.12784
1321.76147 -230.11710
1324.45374 -190.55917
1327.14551 -226.95764
1329.83704 -235.84166
1332.52905 -229.88652
1335.22156 -174.95160
1337.91370 -227.48199
1340.60498 -233.72827
1343.29761 -231.54706
1345.98889 -172.64102
1348.68176 -227.66582
1351.37280 -239.37640
1354.06506 -233.01965
1356.75684 -177.97562
1359.44946 -229.31528
1362.14160 -235.31757
1364.83325 -231.84485
1367.52454 -175.59364
1370.21680 -227.19681
1372.90869 -237.49533
1375.60156 -234.69830
1378.29248 -176.94138
1380.98511 -228.77098
1383.67725 -233.36339
1386.36890 -239.82196
1389.06079 -175.50470
1391.75293 -230.82570
1394.44507 -244.80421
1397.13647 -235.43999
1399.82849 -180.86272
1402.52051 -231.07381
1405.21313 -234.91362
1407.90417 -239.38768
1410.59692 -189.32722
1413.28882 -231.06766
1415.98096 -239.87206
1418.67285 -233.58678
1421.36462 -181.85863
1424.05688 -233.23851
1426.74829 -235.21519
1429.44067 -238.48903
1432.13245 -181.70789
1434.82422 -233.64922
1437.51611 -237.81090
1440.20825 -233.91612
1442.90015 -181.77696
1445.59229 -233.96480
1448.28430 -232.69342
1450.97607 -234.70833
1453.66772 -87.38615
1456.35999 -238.32410
1459.05212 -234.74651
1461.74426 -229.16406
1464.43665 -174.97569
1467.12830 -239.28404
1469.82080 -236.02638
1472.51196 -233.92702
1475.20386 -176.42343
1477.89624 -239.33430
1480.58789 -234.58488
1483.28027 -229.57755
1485.97241 -197.89294
1488.66394 -243.15938
1491.35596 -235.16273
1494.04785 -231.01118
1496.74060 -182.16495
1499.43188 -235.75995
1502.12402 -234.58397
1504.81592 -228.08211
1507.50781 -185.20569
1510.19995 -245.46414
1512.89172 -235.77037
1515.58374 -229.91324
1518.27576 -178.02597
1520.96741 -233.68439
1523.66016 -233.32576
1526.35181 -227.51488
1529.04346 -174.36902
1531.73572 -235.31136
1534.42810 -244.50490
1537.12012 -229.96103
1539.81189 -179.42461
1542.50354 -231.56918
1545.19531 -235.45630
1547.88708 -227.49834
1550.57983 -182.07281
1553.27124 -234.71559
1555.96387 -239.97720
1558.65601 -228.85764
1561.34741 -184.02376
1564.03906 -229.32074
1566.73120 -234.18907
1569.42371 -227.56229
1572.11536 -182.62068
1574.80701 -231.06873
1577.49927 -241.16965
1580.19177 -228.36920
1582.88281 -171.99156
1585.57593 -227.44151
1588.26758 -233.58131
1590.95959 -227.58551
1593.65063 -182.33722
1596.34326 -229.25345
1599.03503 -237.07146
1601.72705 -229.78015
1604.41992 -177.19016
1607.11121 -227.93367
1609.80322 -235.92224
1612.49463 -228.28421
1615.18665 -95.00682
1617.87903 -228.69388
1620.57068 -235.80362
1623.26294 -228.13554
1625.95508 -173.30464
1628.64673 -225.84489
1631.33887 -233.11790
1634.03125 -229.44945
1636.72290 -181.15707
1639.41528 -228.16664
1642.10669 -234.42386
1644.79883 -230.64665
1647.49097 -171.84215
1650.18250 -226.89941
1652.87451 -235.48465
1655.56702 -229.96089
1658.25903 -178.70583
1660.95117 -227.57051
1663.64282 -233.80406
1666.33435 -231.97736
1669.02686 -173.08134
1671.71924 -227.52376
1674.41064 -238.70908
1677.10254 -232.78026
1679.79443 -183.25890
1682.48669 -229.28813
1685.17847 -234.95576
1687.87097 -232.24936
1690.56287 -170.25380
1693.25378 -227.07141
1695.94604 -236.88922
1698.63843 -235.01817
1701.33044 -175.74353
1704.02295 -229.07179
1706.71448 -233.55098
1709.40613 -240.15694
1712.09827 -173.59729
1714.79028 -230.58366
1717.48242 -245.75786
1720.17407 -235.12828
1722.86670 -180.92334
1725.55859 -231.31415
1728.25012 -234.83511
1730.94214 -240.34846
1733.63416 -177.53389
1736.32642 -231.01060
1739.01794 -240.59511
1741.71033 -233.36316
1744.40210 -178.68933
1747.09363 -233.49783
1749.78564 -235.21638
1752.47791 -238.52386
1755.16980 -193.39220
1757.86157 -233.57481
1760.55371 -237.94756
1763.24561 -233.36023
1765.93762 -177.96022
1768.62939 -235.14680
1771.32202 -232.79938
1774.01343 -234.18326
1776.70667 -95.81335
1779.39746 -237.67207
1782.08972 -235.38335
1784.78162 -229.08574
1787.47375 -185.91820
1790.16589 -239.64557
1792.85718 -235.75562
1795.54980 -233.68280
1798.24121 -175.39583
1800.93445 -239.43057
1803.62500 -234.56352
1806.31726 -229.21207
1809.00977 -185.67183
1811.70239 -246.36102
1814.39331 -234.92729
1817.08521 -230.90556
1819.77759 -183.66698
1822.46948 -235.60249
1825.16125 -234.53177
1827.85254 -227.79022
1830.54578 -183.69119
1833.23706 -244.65218
1835.92957 -235.35313
1838.62061 -229.63052
1841.31348 -177.32312
1844.00488 -233.15196
1846.69751 -233.51015
1849.38855 -227.51598
1852.08105 -180.35193
1854.77319 -235.77022
1857.46533 -243.36316
1860.15735 -230.17676
1862.84912 -177.25252
1865.54175 -231.68669
1868.23303 -235.07254
1870.92578 -227.17500
1873.61707 -182.84178
1876.30872 -234.29597
1879.00012 -239.48659
1881.69324 -228.92805
1884.38464 -176.34149
1887.07666 -229.23293
1889.76855 -234.32591
1892.46069 -227.61363
1895.15234 -180.80724
1897.84473 -231.31804
1900.53723 -241.74789
1903.22827 -228.57159
1905.92029 -172.99158
1908.61218 -227.36714
1911.30432 -233.71063
1913.99646 -227.65045
1916.68884 -176.68494
1919.38123 -229.46469
1922.07263 -238.03848
1924.76465 -230.34004
1927.45679 -175.48134
1930.14795 -228.02319
1932.84033 -235.73868
1935.53296 -228.20404
1938.22412 -105.90205
1940.91663 -228.65953
1943.60889 -235.77414
1946.30005 -228.39169
1948.99182 -173.02635
1951.68408 -225.75252
1954.37634 -233.13910
1957.06848 -229.69386
1959.76062 -188.35544
1962.45215 -228.38939
1965.14404 -234.77486
1967.83594 -231.21544
1970.52881 -195.13782
1973.22009 -226.86557
1975.91211 -235.17580
1978.60352 -230.08113
1981.29639 -177.20343
1983.98865 -227.68555
1986.68018 -233.91043
1989.37109 -232.44664
1992.06372 -174.57309
1994.75537 -227.39398
1997.44824 -238.04871
2000.13940 -232.60912
2002.83142 -175.52448
2005.52368 -229.23914
2008.21643 -234.59886
2010.90820 -232.76778
2013.60034 -176.38127
2016.29163 -227.00368
2018.98315 -236.39026
2021.67615 -235.39673
2024.36707 -178.19420
2027.05945 -229.40038
2029.75208 -233.77026
2032.44373 -240.34575
2035.13562 -197.47330
2037.82776 -230.30699
2040.52002 -245.76967
2043.21143 -234.95425
2045.90405 -179.57410
2048.59570 -231.52556
2051.28760 -234.72888
2053.97974 -241.52783
2056.67090 -168.27148
2059.36426 -230.96288
2062.05566 -241.26082
2064.74707 -233.23897
2067.43970 -178.85397
2070.13135 -233.70967
2072.82422 -235.18695
2075.51611 -238.54410
2078.20703 -180.56668
2080.89893 -233.52895
2083.59082 -238.08533
2086.28394 -232.85736
2088.97510 -181.92659
2091.66724 -236.54321
2094.35938 -232.96483
2097.05151 -233.75923
2099.74365 -102.12696
2102.43457 -236.95924
2105.12671 -236.13058
2107.81885 -229.07957
2110.51099 -179.41655
2113.20410 -239.96227
2115.89380 -235.48129
2118.58691 -233.37140
2121.27881 -184.43532
2123.97192 -239.44037
2126.66357 -234.57335
2129.35522 -228.88434
2132.04663 -194.99133
2134.73926 -251.13617
2137.43164 -234.74438
2140.12280 -230.79118
2142.81494 -177.11371
2145.50708 -235.45642
2148.19873 -234.49980
2150.89062 -227.53070
2153.58325 -179.38423
2156.27466 -242.82768
2158.96704 -235.01903
2161.65796 -229.36694
2164.35107 -171.13266
2167.04272 -232.68681
2169.73413 -233.73004
2172.42676 -227.53432
2175.11890 -188.72713
2177.81079 -236.25993
2180.50269 -241.98387
2183.19385 -230.29163
2185.88647 -179.79285
2188.57715 -231.76933
2191.27002 -234.67758
2193.96289 -226.87007
2196.65405 -181.94273
2199.34619 -233.76750
2202.03784 -239.01146
2204.73047 -228.98315
2207.42261 -178.30028
2210.11450 -229.17000
2212.80615 -234.46725
2215.49854 -227.66066
2218.19043 -177.86617
2220.88086 -231.54984
2223.57446 -242.15501
2226.26538 -228.76680
2228.95703 -169.70998
2231.65063 -227.33109
2234.34277 -233.86543
2237.03418 -227.72057
2239.72534 -178.11115
2242.41724 -229.69550
2245.10986 -239.16219
2247.80225 -230.85121
2250.49390 -178.18015
2253.18628 -228.10110
2255.87842 -235.51811
2258.56982 -228.13708
2261.26196 -106.05067
2263.95361 -228.62370
2266.64600 -235.77898
2269.33667 -228.70532
2272.02930 -186.93889
2274.72241 -225.71716
2277.41406 -233.22337
2280.10596 -229.95734
2282.79761 -176.61331
2285.48975 -228.63478
2288.18140 -235.18266
2290.87378 -231.81599
2293.56543 -172.91878
2296.25781 -226.85609
2298.94946 -234.91261
2301.64185 -230.24689
2304.33350 -179.04224
2307.02588 -227.82767
2309.71729 -234.04831
2312.40967 -232.95467
2315.10107 -173.79704
2317.79321 -227.28017
2320.48486 -237.41771
2323.17676 -232.51085
2325.86938 -179.33191
2328.56006 -229.18304
2331.25391 -234.26286
2333.94556 -233.41554
2336.63647 -171.53229
2339.32910 -226.99474
2342.02124 -235.98869
2344.71387 -235.82292
2347.40430 -181.09779
2350.09790 -229.75224
2352.78955 -234.01797
2355.48145 -240.42610
2358.17261 -180.58652
2360.86572 -230.01624
2363.55664 -244.81136
2366.24902 -234.91058
2368.94092 -185.02701
2371.63306 -231.71414
2374.32471 -234.59956
2377.01636 -242.97435
2379.70874 -179.47470
2382.40015 -230.93135
2385.09326 -241.79610
2387.78418 -233.20859
2390.47705 -184.70424
2393.16870 -233.88287
2395.85962 -235.12717
2398.55200 -238.52438
2401.24512 -181.32399
2403.93579 -233.51524
2406.62939 -238.22845
2409.32104 -232.41148
2412.01270 -179.44958
2414.70361 -238.20576
2417.39600 -233.18839
2420.08887 -233.43515
2422.78101 -101.00709
2425.47168 -236.26877
2428.16553 -237.00183
2430.85571 -229.14227
2433.54761 -180.22052
2436.23975 -240.26184
2438.93213 -235.20839
2441.62500 -233.00729
2444.31665 -186.04784
2447.00854 -239.34076
2449.70068 -234.61885
2452.39307 -228.59799
2455.08447 -177.23424
2457.77612 -255.94868
2460.46826 -234.61171
2463.16016 -230.67375
2465.85254 -183.27521
2468.54541 -235.31725
2471.23682 -234.49315
2473.92847 -227.30736
2476.62061 -176.75645
2479.31250 -240.87694
2482.00488 -234.76120
2484.69629 -229.13110
2487.38892 -173.34343
2490.07910 -232.28844
2492.77197 -233.98361
2495.46411 -227.56548
2498.15601 -176.16084
2500.84692 -236.72905
2503.54053 -240.61528
2506.23169 -230.29498
2508.92432 -188.79337
2511.61572 -231.79799
2514.30713 -234.29100
2517.00024 -226.59236
2519.69067 -178.31898
2522.38403 -233.17992
2525.07593 -238.57051
2527.76807 -229.02437
2530.45874 -190.34499
2533.15234 -229.12920
2535.84473 -234.60831
2538.53564 -227.70055
2541.22827 -177.84135
2543.91943 -231.74475
2546.61182 -242.32256
2549.30322 -228.94975
2551.99438 -176.61707
2554.68726 -227.33073
2557.38013 -234.04036
2560.07129 -227.79057
2562.76270 -176.50952
2565.45557 -229.93146
2568.14697 -240.45741
2570.83838 -231.27501
2573.53125 -174.86984
2576.22412 -228.15936
2578.91553 -235.26999
2581.60840 -228.08879
2584.29956 -109.70866
2586.99097 -228.59222
2589.68359 -235.82481
2592.37500 -229.07837
2595.06592 -180.81892
2597.76001 -225.73772
2600.45117 -233.36937
2603.14331 -230.22818
2605.83447 -196.33110
2608.52808 -228.89532
2611.22021 -235.64874
2613.91235 -232.43719
2616.60278 -176.24657
2619.29468 -226.87056
2621.98633 -234.69261
2624.67969 -230.45747
2627.37085 -176.35280
2630.06372 -227.99690
2632.75366 -234.21848
2635.44629 -233.50073
2638.13867 -172.81714
2640.82959 -227.18565
2643.52319 -236.82967
2646.21533 -232.48817
2648.90674 -181.57085
2651.59863 -229.13364
2654.28979 -233.95955
2656.98267 -234.21312
2659.67529 -178.08629
2662.36597 -227.04518
2665.05835 -235.67638
2667.75146 -236.28223
2670.44336 -181.76208
2673.13477 -230.12144
2675.82764 -234.28975
2678.51855 -240.45036
2681.21094 -175.95297
2683.90283 -229.72957
2686.59473 -243.36282
2689.28613 -234.99278
2691.97754 -184.39069
2694.67017 -231.88863
2697.36353 -234.45314
2700.05273 -244.72293
2702.74609 -175.45731
2705.43896 -230.92236
2708.13135 -242.12097
2710.82227 -233.26758
2713.51416 -174.89188
2716.20581 -234.03043
2718.89868 -235.03940
2721.58960 -238.43948
2724.28320 -178.03294
2726.97510 -233.53571
2729.66528 -238.38039
2732.35791 -232.02502
2735.05029 -174.09319
2737.74219 -240.20566
2740.43408 -233.46815
2743.12646 -233.20766
2745.81763 -123.18314
2748.50952 -235.64946
2751.20264 -238.01259
2753.89526 -229.27029
2756.58472 -178.82025
2759.27832 -240.57465
2761.97144 -234.94180
2764.66260 -232.60782
2767.35327 -176.22386
2770.04663 -239.12384
2772.73804 -234.70424
2775.43066 -228.35564
2778.12256 -174.76152
2780.81274 -251.19629
2783.50562 -234.52689
2786.19629 -230.55855
2788.89111 -176.38252
2791.58081 -235.18269
2794.27344 -234.51617
2796.96655 -227.12315
2799.65674 -187.29506
2802.34912 -239.13928
2805.04126 -234.57397
2807.73413 -228.92874
2810.42505 -182.81369
2813.11743 -231.95547
2815.80859 -234.26833
2818.50122 -227.60478
2821.19336 -177.89053
2823.88647 -237.10103
2826.57739 -239.35962
2829.26953 -230.19041
2831.96069 -182.50674
2834.65332 -231.75873
2837.34521 -233.92763
2840.03809 -226.34885
2842.72900 -176.79959
2845.42041 -232.57613
2848.11328 -238.17453
2850.80542 -229.05356
2853.49707 -177.61044
2856.18945 -229.10753
2858.87988 -234.74402
2861.57275 -227.73117
2864.26514 -174.16867
2866.95679 -231.88269
2869.64941 -242.21890
2872.34131 -229.11595
2875.03271 -181.14532
2877.72510 -227.36313
2880.41699 -234.22906
2883.10938 -227.85567
2885.79980 -177.67796
2888.49268 -230.15466
2891.18457 -241.92006
2893.87646 -231.57535
2896.56885 -174.97969
2899.26050 -228.19151
2901.95190 -235.00468
2904.64551 -228.06398
2907.33667 -116.61047
2910.02905 -228.57053
2912.72021 -235.91762
2915.41284 -229.51202
2918.10449 -178.10040
2920.79565 -225.81281
2923.48877 -233.57562
2926.18018 -230.49280
2928.87354 -181.31538
2931.56299 -229.16103
2934.25537 -236.17360
2936.94824 -233.06340
2939.64062 -173.75385
2942.33179 -226.90825
2945.02417 -234.51338
2947.71582 -230.71182
2950.40796 -185.05977
2953.10107 -228.19267
2955.79199 -234.42157
2958.48364 -234.08334
2961.17627 -175.46152
2963.86768 -227.11342
2966.56006 -236.29216
2969.25171 -232.54265
2971.94580 -177.63783
2974.63599 -229.10286
2977.32812 -233.69734
2980.02148 -235.18874
2982.71045 -177.97417
2985.40381 -227.15527
2988.09448 -235.44653
2990.78906 -236.75609
2993.48145 -174.54236
2996.17139 -230.50052
2998.86499 -234.57985
3001.55640 -240.47195
3004.24829 -176.77345
3006.93945 -229.46188
3009.63330 -241.84424
3012.32422 -235.19855
3015.01587 -184.55005
3017.70850 -232.05943
3020.39819 -234.29640
3023.09229 -246.69159
3025.78369 -176.44785
3028.47437 -230.94151
3031.16724 -242.17769
3033.85938 -233.41217
3036.55029 -190.00835
3039.24341 -234.16763
3041.93457 -234.92775
3044.62598 -238.26918
3047.31958 -180.36549
3050.01099 -233.59123
3052.70288 -238.54333
3055.39551 -231.69928
3058.08716 -180.25017
3060.77930 -242.62624
3063.47070 -233.80127
3066.16309 -233.07188
3068.85742 -107.08061
3071.54907 -235.12671
3074.23975 -239.17810
3076.93115 -229.45938
3079.62305 -185.49501
3082.31567 -240.92973
3085.00732 -234.68611
3087.69800 -232.19052
3090.39087 -177.33075
3093.08301 -238.79951
3095.77393 -234.83353
3098.46704 -228.15909
3101.16089 -182.19402
3103.85010 -246.53641
3106.54199 -234.48750
3109.23584 -230.45006
3111.92725 -178.80733
3114.61914 -235.05257
3117.31177 -234.57277
3120.00293 -226.98039
3122.69507 -179.22581
3125.38770 -237.66776
3128.07739 -234.45250
3130.76929 -228.76329
3133.46216 -183.37045
3136.15527 -231.68600
3138.84570 -234.58066
3141.53833 -227.64752
3144.22998 -177.07327
3146.92407 -237.28304
3149.61523 -238.24463
3152.30835 -229.99467
3154.99878 -169.42174
3157.69141 -231.64574
3160.38306 -233.59819
3163.07520 -226.14488
3165.76611 -185.23062
3168.45752 -231.98814
3171.14966 -237.82893
3173.84229 -229.07277
3176.53345 -182.44896
3179.22705 -229.10164
3181.91943 -234.86925
3184.60913 -227.75131
3187.30249 -179.52328
3189.99487 -231.94576
3192.68774 -241.86658
3195.37744 -229.26181
3198.06934 -183.54041
3200.76196 -227.42484
3203.45337 -234.42409
3206.14526 -227.91187
3208.83936 -183.75439
3211.53052 -230.34456
3214.22168 -243.48114
3216.91406 -231.72884
3219.60669 -176.44243
3222.29761 -228.19347
3224.98975 -234.73250
3227.68164 -228.06680
3230.37256 -114.22972
3233.06763 -228.56346
3235.75781 -236.06276
3238.44995 -230.00632
3241.14111 -197.68590
3243.83423 -225.94070
3246.52612 -233.84026
3249.21851 -230.73647
3251.90942 -177.25471
3254.60083 -229.41934
3257.29272 -236.75594
3259.98682 -233.67407
3262.67798 -170.41347
3265.36914 -226.96815
3268.06299 -234.37259
3270.75342 -231.00848
3273.44604 -180.72717
3276.13916 -228.41373
3278.82910 -234.65810
3281.52124 -234.70010
3284.21362 -175.67470
3286.90479 -227.06604
3289.59814 -235.80891
3292.29004 -232.67531
3294.98242 -186.70724
3297.67334 -229.10062
3300.36475 -233.48221
3303.06006 -236.38327
3305.75000 -184.42374
3308.44043 -227.32492
3311.13525 -235.29352
3313.82666 -237.22221
3316.51636 -174.40468
3319.20874 -230.88048
3321.90137 -234.88097
3324.59375 -240.53716
3327.28516 -183.04297
3329.97681 -229.22479
3332.66895 -240.43924
3335.36133 -235.52705
3338.05420 -183.17365
3340.74512 -232.23772
3343.43872 -234.13635
3346.12891 -248.32541
3348.82104 -171.69955
3351.51343 -230.99374
3354.20435 -241.96043
3356.89746 -233.63858
3359.58936 -182.51556
3362.28149 -234.31050
3364.97192 -234.79758
3367.66455 -238.00307
3370.35547 -176.48714
3373.04883 -233.68179
3375.74219 -238.71793
3378.43237 -231.43478
3381.12451 -194.86569
3383.81689 -245.46890
3386.50781 -234.18314
3389.20117 -233.02159
3391.89233 -121.21675
3394.58447 -234.71265
3397.27637 -240.50555
3399.96851 -229.70403
3402.66113 -175.28105
3405.35205 -241.35225
3408.04541 -234.44545
3410.73682 -231.77135
3413.42822 -186.44629
3416.12036 -238.39238
3418.81250 -235.01067
3421.50513 -228.00951
3424.19580 -183.10735
3426.88696 -243.44432
3429.58008 -234.49088
3432.27344 -230.35173
3434.96338 -178.62637
3437.65747 -234.92853
3440.34766 -234.66628
3443.04199 -226.88072
3445.73096 -179.66072
3448.42383 -236.43898
3451.11670 -234.39255
3453.80811 -228.63634
3456.49951 -181.75310
3459.19165 -231.47777
3461.88354 -234.91595
3464.57544 -227.68919
3467.26807 -184.03458
3469.96045 -237.19653
3472.65332 -237.26903
3475.34424 -229.73297
3478.03711 -168.25735
3480.72656 -231.46255
3483.42188 -233.31029
3486.11353 -225.98457
3488.80151 -179.07959
3491.49561 -231.43748
3494.18799 -237.53563
3496.88013 -229.08405
3499.57056 -179.09317
3502.26318 -229.10797
3504.95605 -234.97908
3507.64697 -227.76074
3510.33984 -177.72366
3513.03125 -231.92172
3515.72266 -241.32986
3518.41431 -229.38512
3521.10791 -176.92465
3523.79980 -227.51202
3526.49170 -234.61700
3529.18359 -227.95641
3531.87549 -174.96661
3534.56787 -230.47992
3537.26050 -244.90253
3539.95264 -231.73308
3542.64551 -173.87752
3545.33643 -228.16393
3548.02710 -234.46294
3550.71997 -228.10066
3553.41284 -130.17331
3556.10376 -228.57497
3558.79517 -236.26532
3561.48657 -230.55948
3564.17969 -181.80954
3566.87109 -226.11916
3569.56274 -234.16040
3572.25391 -230.94473
3574.94580 -176.72366
3577.63940 -229.65569
3580.33105 -237.39140
3583.02295 -234.24448
3585.71509 -173.51714
3588.40698 -227.04895
3591.10083 -234.26794
3593.79102 -231.34547
3596.48291 -177.51074
3599.17700 -228.65802
3601.86719 -234.92836
3604.55933 -235.34737
3607.25146 -175.73373
3609.94385 -227.04578
3612.63403 -235.38133
3615.32617 -232.88683
3618.02051 -179.12636
3620.71094 -229.13467
3623.40112 -233.31842
3626.09375 -237.85895
3628.78613 -174.74712
3631.47827 -227.55362
3634.17090 -235.21248
3636.86133 -237.65623
3639.55542 -185.84364
3642.24805 -231.25125
3644.93799 -235.18398
3647.63062 -240.68294
3650.32080 -186.86720
3653.01514 -229.02708
3655.70532 -239.19762
3658.39746 -235.97795
3661.09180 -181.71242
3663.78198 -232.43459
3666.47437 -233.97989
3669.16846 -248.36868
3671.85840 -176.74295
3674.55054 -231.08333
3677.24072 -241.51865
3679.93433 -233.94232
3682.62646 -175.42365
3685.31836 -234.47449
3688.01001 -234.65503
3690.70166 -237.64331
3693.39331 -175.00215
3696.08691 -233.80681
3698.77661 -238.90288
3701.46997 -231.23155
3704.16138 -190.88655
3706.85278 -248.12169
3709.54590 -234.60643
3712.23901 -233.04860
3714.93213 -113.49916
3717.62329 -234.41278
3720.31396 -241.97141
3723.00684 -229.99669
3725.69775 -176.79263
3728.38818 -241.86154
3731.08276 -234.22345
3733.77319 -231.36366
3736.46753 -172.81308
3739.15771 -237.93463
3741.85181 -235.23962
3744.54370 -227.90759
3747.23535 -177.77455
3749.92529 -241.23756
3752.61914 -234.53398
3755.31030 -230.26584
3758.00171 -182.89450
3760.69287 -234.81366
3763.38599 -234.79968
3766.07690 -226.82539
3768.76978 -176.62106
3771.46240 -235.41830
3774.15503 -234.39021
3776.84546 -228.54803
3779.53760 -177.78033
3782.22949 -231.32823
3784.91943 -235.26804
3787.61328 -227.72580
3790.30493 -181.73393
3792.99658 -236.81770
3795.68750 -236.42233
3798.38086 -229.43314
3801.07397 -176.85280
3803.76660 -231.22112
3806.45728 -233.06920
3809.14941 -225.87102
3811.84180 -176.24829
3814.53394 -230.93744
3817.22363 -237.29434
3819.91724 -229.08937
3822.60889 -177.44682
3825.30225 -229.12277
3827.99341 -235.06917
3830.68408 -227.76027
3833.37671 -182.84908
3836.06934 -231.80678
3838.76196 -240.68515
3841.45386 -229.48520
3844.14575 -180.49458
3846.83740 -227.62036
3849.52881 -234.79865
3852.21973 -227.98801
3854.91089 -186.22751
3857.60376 -230.54218
3860.29639 -245.68692
3862.98853 -231.60757
3865.68091 -184.72302
3868.37256 -228.10460
3871.06641 -234.20422
3873.75757 -228.16830
3876.44678 -119.03860
3879.13965 -228.60796
3881.83228 -236.53011
3884.52490 -231.16681
3887.21704 -180.94940
3889.91089 -226.34511
3892.59814 -234.53146
3895.29175 -231.10533
3897.98535 -184.08929
3900.67822 -229.85442
3903.36865 -238.07025
3906.05859 -234.74808
3908.75098 -172.76772
3911.44263 -227.14906
3914.13623 -234.19714
3916.82959 -231.72014
3919.52051 -175.44012
3922.21338 -228.92262
3924.90356 -235.23232
3927.59570 -236.01990
3930.28955 -175.96126
3932.97900 -227.05449
3935.67236 -235.00941
3938.36548 -233.17770
3941.05591 -185.21458
3943.74854 -229.21095
3946.44043 -233.20921
3949.13208 -239.71725
3951.82349 -183.49266
3954.51440 -227.84041
3957.20728 -235.19907
3959.89990 -238.03523
3962.59229 -177.03085
3965.28418 -231.60233
3967.97559 -235.47807
3970.66675 -240.93834
3973.35962 -192.30905
3976.05225 -228.87523
3978.74243 -238.11929
3981.43652 -236.54979
3984.12817 -192.54900
3986.81909 -232.66043
3989.51221 -233.83337
3992.20483 -246.62331
3994.89722 -180.37343
3997.58667 -231.21397
4000.28052 -240.93054
4002.97144 -234.31708
4005.66431 -174.46713
4008.35693 -234.67387
4011.04883 -234.50644
4013.74072 -237.20372
4016.43213 -182.99933
4019.12305 -233.96529
4021.81592 -239.09457
4024.50806 -231.08920
4027.19995 -177.21924
4029.89136 -248.59290
4032.58252 -235.05975
4035.27563 -233.14189
4037.96777 -119.78313
4040.65967 -234.22990
4043.35156 -243.46336
4046.04272 -230.32698
4048.73560 -177.32330
4051.42822 -242.46822
4054.11816 -234.02324
4056.80957 -230.97804
4059.50562 -170.32909
4062.19629 -237.45892
4064.88672 -235.52451
4067.57861 -227.85356
4070.27295 -175.91391
4072.96167 -239.57626
4075.65454 -234.61328
4078.34717 -230.19344
4081.03955 -177.92345
4083.73315 -234.71208
4086.42212 -234.97562
4089.11719 -226.81517
4091.80762 -180.10809
4094.49951 -234.57507
4097.19092 -234.44159
4099.88379 -228.49721
4102.57471 -187.62376
4105.26709 -231.23457
4107.95850 -235.62909
4110.64990 -227.75414
4113.34326 -176.29053
4116.03564 -236.19193
4118.72754 -235.69240
4121.41943 -229.12109
4124.11035 -178.45587
4126.80322 -230.93893
4129.49561 -232.87868
4132.18750 -225.80655
4134.87891 -181.05681
4137.56934 -230.49561
4140.26221 -237.10326
4142.95605 -229.09042
4145.64551 -171.67816
4148.33887 -229.14218
4151.03125 -235.13609
4153.72363 -227.75168
4156.41553 -189.18980
4159.10840 -231.60654
4161.79932 -239.99767
4164.49170 -229.56310
4167.18311 -175.17462
4169.87207 -227.74506
4172.56738 -234.95956
4175.25781 -228.00702
4177.95166 -179.05534
4180.64307 -230.51910
4183.33594 -245.39754
4186.02832 -231.38692
4188.71777 -183.61890
4191.40918 -228.01987
4194.10449 -233.96332
4196.79248 -228.27182
4199.48438 -141.22134
4202.17822 -228.66414
4204.87109 -236.86177
4207.56348 -231.81908
4210.25488 -179.54842
4212.94385 -226.61449
4215.63916 -234.94600
4218.32959 -231.21034
4221.02148 -187.56097
4223.71240 -230.00075
4226.40527 -238.77415
4229.09766 -235.16112
4231.78955 -171.55775
4234.48291 -227.26662
4237.17334 -234.15788
4239.86523 -232.12903
4242.55713 -179.49028
4245.25000 -229.20352
4247.94287 -235.56952
4250.63281 -236.71048
4253.32617 -177.57509
4256.01709 -227.09372
4258.70947 -234.69243
4261.40137 -233.54822
4264.09229 -182.77927
4266.78516 -229.33365
4269.47754 -233.15720
4272.16895 -242.13873
4274.86279 -186.97339
4277.55273 -228.18349
4280.24463 -235.24904
4282.93848 -238.34242
4285.62939 -178.33586
4288.32129 -231.92381
4291.01318 -235.75116
4293.70654 -241.32649
4296.39697 -184.03275
4299.09131 -228.77406
4301.78027 -237.18983
4304.47314 -237.23679
4307.16602 -186.23128
4309.85742 -232.92477
4312.54834 -233.70258
4315.24121 -244.34232
4317.93311 -173.98251
4320.62451 -231.38885
4323.31738 -240.27199
4326.00732 -234.75331
4328.69922 -195.31192
4331.39453 -234.92169
4334.08740 -234.35800
4336.77686 -236.70573
4339.46777 -169.52344
4342.16064 -234.15611
4344.85254 -239.28674
4347.54639 -231.00700
4350.23730 -177.13312
4352.92676 -246.71915
4355.62354 -235.52592
4358.31152 -233.28615
4361.00439 -120.62012
4363.69629 -234.16631
4366.38965 -244.67816
4369.08008 -230.68069
4371.77197 -180.64859
4374.46582 -243.16791
4377.15625 -233.84743
4379.84814 -230.62250
4382.53955 -192.17189
4385.23291 -236.99376
4387.92529 -235.86958
4390.61621 -227.84724
4393.30957 -181.01472
4396.00000 -238.28705
4398.69385 -234.72444
4401.38477 -230.13431
4404.07715 -174.14093
4406.76904 -234.62837
4409.45996 -235.19637
4412.15283 -226.85045
4414.84473 -184.53809
4417.53564 -233.88489
4420.22852 -234.54257
4422.92041 -228.48166
4425.61133 -176.74788
4428.30420 -231.19363
4430.99609 -235.98950
4433.68750 -227.77205
4436.38037 -194.85199
4439.07227 -235.40645
4441.76318 -235.06801
4444.45605 -228.81836
4447.14844 -188.41702
4449.83936 -230.63573
4452.53223 -232.74150
4455.22461 -225.79301
4457.91553 -184.52638
4460.60840 -230.11575
4463.30029 -236.95949
4465.99170 -229.08861
4468.68457 -177.14876
4471.37646 -229.16251
4474.06787 -235.17769
4476.76074 -227.73753
4479.45264 -195.33005
4482.14355 -231.33452
4484.83594 -239.31334
4487.52832 -229.62143
4490.22168 -170.89653
4492.91162 -227.88094
4495.60596 -235.09084
4498.29688 -228.01537
4500.98926 -173.82916
4503.67871 -230.40784
4506.37158 -244.23941
4509.06445 -231.11050
4511.75586 -179.19997
4514.44873 -227.91620
4517.14111 -233.74579
4519.83008 -228.41261
4522.52344 -124.18806
4525.21777 -228.74397
4527.90918 -237.26471
4530.59961 -232.50037
4533.29150 -179.13647
4535.98242 -226.92174
4538.67480 -235.39224
4541.36914 -231.25766
4544.06006 -175.12273
4546.75000 -230.08302
4549.44434 -239.47198
4552.13770 -235.46831
4554.82715 -186.90193
4557.51855 -227.39952
4560.21143 -234.14767
4562.90088 -232.56772
4565.59473 -191.56192
4568.28711 -229.49553
4570.97900 -235.93887
4573.67236 -237.40968
4576.36230 -195.02122
4579.05371 -227.16469
4581.74707 -234.42924
4584.43896 -233.99831
4587.12988 -176.97188
4589.82324 -229.50542
4592.51465 -233.16479
4595.20557 -245.48277
4597.89844 -188.22868
4600.59229 -228.57997
4603.28516 -235.35794
4605.97510 -238.57187
4608.66602 -181.94101
4611.36133 -232.20767
4614.05322 -235.99054
4616.74414 -241.86560
4619.43408 -172.82079
4622.12549 -228.72717
4624.81836 -236.39272
4627.51025 -238.02310
4630.20166 -178.71762
4632.89453 -233.23602
4635.58594 -233.59254
4638.27930 -242.23260
4640.97119 -176.33789
4643.66016 -231.61079
4646.35547 -239.60014
4649.04980 -235.23610
4651.74072 -184.73642
4654.43066 -235.22987
4657.12207 -234.21541
4659.81250 -236.17345
4662.50684 -176.08745
4665.19775 -234.37819
4667.89014 -239.47021
4670.58398 -230.98383
4673.27441 -185.16614
4675.96680 -244.54132
4678.65771 -235.98045
4681.35010 -233.46028
4684.04395 -121.68256
4686.73486 -234.22519
4689.42676 -245.12909
4692.12012 -231.03903
4694.81055 -180.27438
4697.50195 -243.92848
4700.19482 -233.69818
4702.88672 -230.30275
4705.57812 -176.09575
4708.27051 -236.56178
4710.96191 -236.27925
4713.65527 -227.88805
4716.34473 -175.79279
4719.03809 -237.27165
4721.73047 -234.86214
4724.42188 -230.08708
4727.11475 -177.10277
4729.80664 -234.56718
4732.49756 -235.46387
4735.18994 -226.93123
4737.88135 -173.27811
4740.57373 -233.32874
4743.26562 -234.68842
4745.95898 -228.49815
4748.65137 -173.04439
4751.34229 -231.20184
4754.03467 -236.33798
4756.72656 -227.77872
4759.41699 -182.99051
4762.10889 -234.54994
4764.80225 -234.53963
4767.49463 -228.54144
4770.18604 -172.42432
4772.87891 -230.33066
4775.57031 -232.65991
4778.26123 -225.83180
4780.95312 -177.18143
4783.64697 -229.79922
4786.33936 -236.85925
4789.03076 -229.08501
4791.72070 -178.73872
4794.41309 -229.18031
4797.10596 -235.19328
4799.79834 -227.72108
4802.48926 -179.38669
4805.17969 -231.00922
4807.87061 -238.66063
4810.56348 -229.66409
4813.25830 -180.63576
4815.94873 -228.02257
4818.64111 -235.18492
4821.33203 -228.01642
4824.02441 -180.26318
4826.71631 -230.21552
4829.40918 -242.76141
4832.10059 -230.81441
4834.79395 -172.53439
4837.48633 -227.80133
4840.17725 -233.55606
4842.86963 -228.59146
4845.55811 -134.32463
4848.25391 -228.84651
4850.94531 -237.74265
4853.63818 -233.18549
4856.33008 -172.81033
4859.02100 -227.25937
4861.71094 -235.85220
4864.40430 -231.25154
4867.09668 -180.54268
4869.78857 -230.09503
4872.48145 -240.11620
4875.17041 -235.66731
4877.86621 -173.53842
4880.55566 -227.54546
4883.24902 -234.16396
4885.93848 -233.03065
4888.63232 -191.57704
4891.32471 -229.79227
4894.01611 -236.33836
4896.70898 -238.10583
4899.40332 -172.03886
4902.09375 -227.26828
4904.78564 -234.21851
4907.47607 -234.52718
4910.16846 -185.36311
4912.85938 -229.72743
4915.55469 -233.23439
4918.24561 -250.49962
4920.93799 -179.60080
4923.62939 -229.02533
4926.31982 -235.52051
4929.01416 -238.73064
4931.70459 -177.52673
4934.39648 -232.44911
4937.08691 -236.18437
4939.78223 -242.56683
4942.47266 -191.17096
4945.16211 -228.73737
4947.85596 -235.71309
4950.54590 -238.87228
4953.24023 -187.73296
4955.93311 -233.60141
4958.62402 -233.50769
4961.31738 -240.42982
4964.00928 -189.57913
4966.70215 -231.88223
4969.39160 -238.95186
4972.08447 -235.74265
4974.77686 -193.59003
4977.46777 -235.60970
4980.16016 -234.08371
4982.85352 -235.62953
4985.54297 -180.41861
4988.23438 -234.63069
4990.92969 -239.63301
4993.62109 -231.01813
4996.31152 -182.48277
4999.00293 -242.78403
5001.69531 -236.39093
5004.38721 -233.63609
5007.08057 -129.30704
5009.77197 -234.41161
5012.46240 -244.57927
5015.15430 -231.37852
5017.84766 -179.87183
5020.54004 -244.66783
5023.23047 -233.57722
5025.92285 -230.02275
5028.61377 -181.96336
5031.30615 -236.17998
5034.00293 -236.75797
5036.69238 -227.97485
5039.38330 -189.66225
5042.07568 -236.46942
5044.77002 -235.01976
5047.45996 -230.04922
5050.15381 -180.30566
5052.84375 -234.53282
5055.53516 -235.77957
5058.22510 -227.05704
5060.91943 -179.78700
5063.60938 -232.89185
5066.30127 -234.87334
5068.99414 -228.54250
5071.68848 -179.07921
5074.37891 -231.25507
5077.07324 -236.66205
5079.76123 -227.77455
5082.45557 -180.05466
5085.14893 -233.68968
5087.83789 -234.09940
5090.53125 -228.30229
5093.22314 -192.84419
5095.91650 -230.04056
5098.60840 -232.63588
5101.29883 -225.92400
5103.99121 -179.29164
5106.68408 -229.54587
5109.37354 -236.79791
5112.06689 -229.08046
5114.75928 -181.89067
5117.45020 -229.19269
5120.14160 -235.18378
5122.83252 -227.70598
5125.52734 -185.25140
5128.21826 -230.65054
5130.91309 -238.05545
5133.60400 -229.69597
5136.29346 -175.98610
5138.98682 -228.16451
5141.67920 -235.23663
5144.37256 -228.01462
5147.06152 -175.63451
5149.75537 -229.95747
5152.44727 -241.31123
5155.13770 -230.52742
5157.83008 -179.56787
5160.52051 -227.68347
5163.21289 -233.39755
5165.90625 -228.80844
5168.60107 -129.86478
5171.28906 -228.96927
5173.98389 -238.29781
5176.67432 -233.83806
5179.36621 -181.63434
5182.06006 -227.61757
5184.75146 -236.29993
5187.43896 -231.20178
5190.13379 -184.94966
5192.82422 -230.03737
5195.51855 -240.64337
5198.20898 -235.76971
5200.90088 -173.70827
5203.59424 -227.70192
5206.28613 -234.20383
5208.97900 -233.51106
5211.67041 -183.17462
5214.36084 -230.08609
5217.05518 -236.76465
5219.74805 -238.78529
5222.43652 -172.35764
5225.13232 -227.40506
5227.82031 -234.05876
5230.51025 -235.13274
5233.20410 -181.23392
5235.89746 -229.99931
5238.59131 -233.36868
5241.28125 -255.53180
5243.97461 -187.34644
5246.66455 -229.51259
5249.35547 -235.73009
5252.04785 -238.83760
5254.74121 -195.15007
5257.43359 -232.64742
5260.12695 -236.32315
5262.81641 -243.42490
5265.50977 -176.06454
5268.20117 -228.80695
5270.89160 -235.13860
5273.58643 -239.71191
5276.27637 -180.05971
5278.96777 -234.02704
5281.66064 -233.45177
5284.35547 -238.91074
5287.04541 -183.82018
5289.73633 -232.20528
5292.42920 -238.34816
5295.12012 -236.23985
5297.81299 -180.01770
5300.50684 -236.07242
5303.19873 -233.96727
5305.88965 -235.09285
5308.58203 -176.63094
5311.27246 -234.91322
5313.96729 -239.76080
5316.65771 -231.10773
5319.34619 -181.22853
5322.04004 -241.47284
5324.73389 -236.71899
5327.42432 -233.77837
5330.11523 -124.75603
5332.80811 -234.73332
5335.50244 -243.36600
5338.19434 -231.67220
5340.88574 -178.86140
5343.57471 -245.23215
5346.27148 -233.48590
5348.96045 -229.78499
5351.65430 -175.30562
5354.34326 -235.86078
5357.03613 -237.30977
5359.72754 -228.10591
5362.42090 -178.01524
5365.11230 -235.84026
5367.80762 -235.18922
5370.49609 -230.01723
5373.18848 -175.35197
5375.87939 -234.52898
5378.57178 -236.14424
5381.26514 -227.22684
5383.95410 -183.56660
5386.65039 -232.56241
5389.34180 -235.09004
5392.03516 -228.60954
5394.72656 -176.51460
5397.41650 -231.34840
5400.10742 -236.94894
5402.80273 -227.76135
5405.49072 -179.17842
5408.18604 -232.86827
5410.87646 -233.74103
5413.56836 -228.10912
5416.26172 -192.45555
5418.95020 -229.77928
5421.64307 -232.67143
5424.33496 -226.07039
5427.03027 -186.59567
5429.72119 -229.35443
5432.41016 -236.76993
5435.10449 -229.07556
5437.79590 -175.57936
5440.48926 -229.19743
5443.18115 -235.15160
5445.87109 -227.69603
5448.56543 -172.25781
5451.25537 -230.27727
5453.94971 -237.50572
5456.64160 -229.72241
5459.33203 -176.28949
5462.02441 -228.30154
5464.71777 -235.24384
5467.40674 -228.01517
5470.09961 -187.26411
5472.79053 -229.65381
5475.48340 -240.01279
5478.17432 -230.27051
5480.86670 -172.35193
5483.56006 -227.57068
5486.25244 -233.27286
5488.94238 -229.06287
5491.63379 -134.35695
5494.32666 -229.10815
5497.01758 -238.92917
5499.71094 -234.41150
5502.40430 -177.19749
5505.09668 -227.98381
5507.78711 -236.70068
5510.47852 -231.12190
5513.16846 -177.45946
5515.86328 -229.91733
5518.55518 -240.98514
5521.24609 -235.79785
5523.93848 -175.88606
5526.62891 -227.86627
5529.32373 -234.26419
5532.01709 -234.00093
5534.70898 -191.78665
5537.40137 -230.36836
5540.09229 -237.21254
5542.78125 -239.43353
5545.47461 -177.94247
5548.16699 -227.57524
5550.85986 -233.94850
5553.55176 -235.81082
5556.24121 -181.94621
5558.93555 -230.31882
5561.62793 -233.57072
5564.31836 -250.45363
5567.00977 -179.83702
5569.70264 -230.03154
5572.39453 -235.97787
5575.08740 -238.91940
5577.77832 -175.15169
5580.46973 -232.80618
5583.16406 -236.40141
5585.85547 -244.39265
5588.54541 -183.33363
5591.23633 -228.93797
5593.92969 -234.65930
5596.62354 -240.42038
5599.31543 -174.89232
5602.00586 -234.51761
5604.70020 -233.42804
5607.39014 -237.62903
5610.08105 -181.26024
5612.77637 -232.58182
5615.46777 -237.79973
5618.15918 -236.68358
5620.85254 -186.40910
5623.54395 -236.62996
5626.23633 -233.86972
5628.92773 -234.57784
5631.61670 -172.85710
5634.31055 -235.22609
5637.00195 -239.83823
5639.69775 -231.24954
5642.38867 -178.81796
5645.08105 -240.53185
5647.77148 -236.92624
5650.46387 -233.84782
5653.15381 -143.59563
5655.84521 -235.20207
5658.53760 -241.95845
5661.23145 -231.89287
5663.92383 -181.73309
5666.61377 -245.41777
5669.30566 -233.42520
5671.99805 -229.59082
5674.69238 -184.02942
5677.38477 -235.61340
5680.07520 -237.93752
5682.76660 -228.27867
5685.45654 -180.88516
5688.15039 -235.35597
5690.83984 -235.36082
5693.53418 -229.98679
5696.22559 -173.79514
5698.91553 -234.55836
5701.61035 -236.55754
5704.30225 -227.43889
5706.99268 -183.97591
5709.68506 -232.33081
5712.38086 -235.32924
5715.06934 -228.69333
5717.76172 -177.76839
5720.45312 -231.47610
5723.14453 -237.18712
5725.83447 -227.74197
5728.52930 -177.14989
5731.22168 -232.10951
5733.91211 -233.45953
5736.60742 -227.96735
5739.29443 -172.45154
5741.98926 -229.55771
5744.68213 -232.76877
5747.37256 -226.27148
5750.06445 -185.45590
5752.75781 -229.22301
5755.44922 -236.76872
5758.14160 -229.07076
5760.83545 -184.81908
5763.52783 -229.19322
5766.21777 -235.10045
5768.90918 -227.69513
5771.60156 -187.16606
5774.29590 -229.90536
5776.98438 -237.01456
5779.67725 -229.74884
5782.36865 -176.11047
5785.06104 -228.42909
5787.75488 -235.20776
5790.44385 -228.02364
5793.13672 -175.37775
5795.82764 -229.32562
5798.52051 -238.88927
5801.21387 -230.05798
5803.90576 -177.27687
5806.59863 -227.47035
5809.28955 -233.18387
5811.98193 -229.35318
5814.67236 -136.30835
5817.36719 -229.25735
5820.05664 -239.62909
5822.74805 -234.85580
5825.43994 -178.69994
5828.13281 -228.34283
5830.82764 -237.01300
5833.51758 -231.02711
5836.20801 -173.21434
5838.90039 -229.74750
5841.59277 -241.09109
5844.28418 -235.77933
5846.97705 -168.83749
5849.66748 -228.03587
5852.35889 -234.34146
5855.05176 -234.49132
5857.74609 -188.43327
5860.43506 -230.62988
5863.12891 -237.67442
5865.82324 -240.03685
5868.51270 -181.36818
5871.20654 -227.77867
5873.89551 -233.88612
5876.58887 -236.55388
5879.27979 -190.89694
5881.97266 -230.68144
5884.66602 -233.84425
5887.35791 -245.88033
5890.04785 -171.90916
5892.74170 -230.56773
5895.43359 -236.25194
5898.12695 -239.00568
5900.81494 -176.41405
5903.51074 -232.93292
5906.19824 -236.41862
5908.89355 -245.32777
5911.58643 -184.47041
5914.27734 -229.13239
5916.96973 -234.26733
5919.65918 -240.84213
5922.35107 -169.80745
5925.04395 -235.07611
5927.73730 -233.43930
5930.42578 -236.54410
5933.11963 -175.47191
5935.81055 -233.01337
5938.50293 -237.31094
5941.19238 -237.02263
5943.88721 -184.08908
5946.58008 -237.29576
5949.27051 -233.79401
5951.96582 -234.09465
5954.65576 -177.72415
5957.34668 -235.57045
5960.03857 -239.85085
5962.73193 -231.43930
5965.42383 -181.07988
5968.11572 -239.89581
5970.80615 -236.98398
5973.49854 -233.80807
5976.19141 -128.53032
5978.88184 -235.83514
5981.57422 -240.61334
5984.26758 -232.01833
5986.95850 -185.08995
5989.65088 -245.08699
5992.34131 -233.39572
5995.03613 -229.44066
5997.72559 -182.14488
6000.41992 -235.44499
6003.11475 -238.64117
6005.80469 -228.48950
6008.49561 -187.47954
6011.18750 -234.99561
6013.87793 -235.52328
6016.57275 -229.95306
6019.26514 -178.67618
6021.95557 -234.62251
6024.64746 -237.01744
6027.33984 -227.69049
6030.03027 -178.17778
6032.72266 -232.18867
6035.41943 -235.57910
6038.10645 -228.78711
6040.79883 -170.36870
6043.49219 -231.63139
6046.18359 -237.36786
6048.87646 -227.72014
6051.56689 -183.51900
6054.25830 -231.42505
6056.95068 -233.25104
6059.64160 -227.88025
6062.33643 -171.10504
6065.02637 -229.38412
6067.71729 -232.93045
6070.41260 -226.52736
6073.10254 -175.69327
6075.79395 -229.14900
6078.48633 -236.78664
6081.17969 -229.06641
6083.87109 -182.04460
6086.56006 -229.17981
6089.25391 -235.03502
6091.94580 -227.70697
6094.63867 -176.44826
6097.33203 -229.54752
6100.02441 -236.58244
6102.71729 -229.78046
6105.40820 -185.72552
6108.09668 -228.54355
6110.79004 -235.13287
6113.48096 -228.04561
6116.17285 -179.47290
6118.86670 -228.99240
6121.55469 -237.93106
6124.25342 -229.89911
6126.94092 -171.45149
6129.63184 -227.38895
6132.32471 -233.13197
6135.02197 -229.67683
6137.70996 -136.21652
6140.40283 -229.40939
6143.09375 -240.37737
6145.78564 -235.13115
6148.47852 -185.97397
6151.17236 -228.67726
6153.86133 -237.19550
6156.55762 -230.93250
6159.24512 -172.49565
6161.93750 -229.54344
6164.63086 -240.95248
6167.32178 -235.74184
6170.01416 -171.48817
6172.70410 -228.20808
6175.39844 -234.43173
6178.09082 -234.97278
6180.78125 -175.52107
6183.47217 -230.86151
6186.16797 -238.13948
6188.85840 -240.58467
6191.54980 -175.92311
6194.24268 -228.01472
6196.93311 -233.86986
6199.62451 -237.34937
6202.31738 -181.62038
6205.01074 -231.07980
6207.70264 -234.19371
6210.39258 -242.92889
6213.08594 -173.70760
6215.77832 -231.10175
6218.47119 -236.53633
6221.15771 -239.12552
6223.85303 -174.49507
6226.54688 -233.03793
6229.23730 -236.37955
6231.92871 -245.93335
6234.62207 -179.33275
6237.31250 -229.39218
6240.00488 -233.95648
6242.70117 -240.85953
6245.39258 -182.33327
6248.08105 -235.70297
6250.77393 -233.48798
6253.46875 -235.62450
6256.15723 -183.73805
6258.85010 -233.50110
6261.54102 -236.88252
6264.23340 -237.20949
6266.92627 -188.92216
6269.62109 -238.08578
6272.30957 -233.74245
6275.00293 -233.64996
6277.69434 -175.72137
6280.38623 -235.94862
6283.07617 -239.78766
6285.77051 -231.67096
6288.45898 -175.78383
6291.15625 -239.52048
6293.84326 -236.88264
6296.53906 -233.63521
6299.22900 -146.03882
6301.91992 -236.65807
6304.61230 -239.41798
6307.30518 -232.03680
6309.99609 -182.29333
6312.68848 -244.28883
6315.38184 -233.39778
6318.07324 -229.33411
6320.76465 -182.00107
6323.45801 -235.36165
6326.14941 -239.41444
6328.84180 -228.73335
6331.53076 -180.70633
6334.22559 -234.74243
6336.91797 -235.66420
6339.61035 -229.91110
6342.30176 -176.41356
6344.99316 -234.72145
6347.68652 -237.51918
6350.37695 -227.97769
6353.06934 -172.41367
6355.76221 -232.12827
6358.45312 -235.82495
6361.14502 -228.88358
6363.83496 -180.47478
6366.52881 -231.80637
6369.22070 -237.48679
6371.90967 -227.70013
6374.60400 -179.57570
6377.29541 -230.81950
6379.98828 -233.11261
6382.67871 -227.84953
6385.37061 -174.41913
6388.06689 -229.26476
6390.75391 -233.15958
6393.45215 -226.83759
6396.13770 -178.18626
6398.83203 -229.12921
6401.52637 -236.81490
6404.21875 -229.06293
6406.90918 -174.62044
6409.60010 -229.15793
6412.28955 -234.96057
6414.98633 -227.73502
6417.67773 -173.58125
6420.37012 -229.21324
6423.05957 -236.20837
6425.75098 -229.82191
6428.44287 -182.17847
6431.13574 -228.64256
6433.82715 -235.02615
6436.51855 -228.08653
6439.20850 -173.65424
6441.90625 -228.67046
6444.59473 -237.12079
6447.29053 -229.79965
6449.97803 -170.25424
6452.66992 -227.33194
6455.36230 -233.11807
6458.05957 -230.03004
6460.74756 -144.22644
6463.44043 -229.55525
6466.13379 -241.13174
6468.82520 -235.22302
6471.51807 -193.39885
6474.20801 -228.96906
6476.89893 -237.21779
6479.59082 -230.85179
6482.28076 -184.78207
6484.97510 -229.32140
6487.67090 -240.60689
6490.35693 -235.70973
6493.05127 -175.25923
6495.74268 -228.38043
6498.43555 -234.53056
6501.12988 -235.43626
6503.81787 -182.60413
6506.51074 -231.05510
6509.20410 -238.59309
6511.89551 -241.07181
6514.58789 -171.91035
6517.28125 -228.28233
6519.97266 -233.89766
6522.66113 -238.17793
6525.35840 -179.90762
6528.04590 -231.50282
6530.73730 -234.62445
6533.43359 -240.87872
6536.12500 -174.91289
6538.81299 -231.60925
6541.50586 -236.81046
6544.19922 -239.30574
6546.89453 -180.45950
6549.58398 -233.13300
6552.27344 -236.29323
6554.96826 -245.84589
6557.65674 -175.24727
6560.35059 -229.71951
6563.04150 -233.72200
6565.73291 -240.47894
6568.42969 -174.33173
6571.12061 -236.39465
6573.80859 -233.57620
6576.50146 -234.84648
6579.19482 -194.57709
6581.88672 -234.04572
6584.57910 -236.51324
6587.27246 -237.21603
6589.96338 -178.14713
6592.65576 -239.02002
6595.34570 -233.71681
6598.03955 -233.24763
6600.72803 -178.84572
6603.42090 -236.36426
6606.11523 -239.64339
6608.80615 -231.93628
6611.49902 -177.69574
6614.19238 -239.37878
6616.88428 -236.63545
6619.57275 -233.32547
6622.26562 -132.90175
6624.95654 -237.70940
6627.64844 -238.38695
6630.34180 -231.95039
6633.03613 -177.98784
6635.72705 -243.21313
6638.41992 -233.43123
6641.10938 -229.27000
6643.80469 -179.98668
6646.49365 -235.36914
6649.18262 -240.23878
6651.87744 -229.00351
6654.56934 -180.76848
6657.26270 -234.58212
6659.95215 -235.77081
6662.64404 -229.85616
6665.33691 -181.52176
6668.03027 -234.85335
6670.72168 -238.05382
6673.41357 -228.29494
6676.10742 -175.69807
6678.79785 -232.14175
6681.48926 -236.04948
6684.18213 -228.97531
6686.87598 -173.94896
6689.56738 -231.99205
6692.25635 -237.54468
6694.95020 -227.68651
6697.64111 -180.14372
6700.33643 -230.29359
6703.02637 -233.04205
6705.71680 -227.87567
6708.41211 -182.78233
6711.10059 -229.20425
6713.79443 -233.45984
6716.48535 -227.20090
6719.17773 -180.44881
6721.87061 -229.15959
6724.56152 -236.84369
6727.25342 -229.06082
6729.94629 -180.66539
6732.63623 -229.12936
6735.32764 -234.88264
6738.02344 -227.78238
6740.71338 -177.20601
6743.40381 -228.90935
6746.09961 -235.89061
6748.78906 -229.87717
6751.48340 -179.17796
6754.17432 -228.72533
6756.86719 -234.89624
6759.55664 -228.15146
6762.25146 -188.40288
6764.93945 -228.37262
6767.63232 -236.44148
6770.32666 -229.76299
6773.01807 -173.13820
6775.71094 -227.30377
6778.40088 -233.14262
6781.09180 -230.40768
6783.78711 -139.01683
6786.47705 -229.68491
6789.17090 -241.81667
6791.86279 -235.14885
6794.55127 -173.59267
6797.24512 -229.20189
6799.93604 -237.07112
6802.62793 -230.79678
6805.32129 -179.65660
6808.01172 -229.09654
6810.70312 -240.11961
6813.39551 -235.70262
6816.08936 -189.61768
6818.78418 -228.55069
6821.47217 -234.63310
6824.16504 -235.87416
6826.85547 -186.02783
6829.55078 -231.20448
6832.23926 -239.01665
6834.92920 -241.50002
6837.62402 -184.62392
6840.31982 -228.57976
6843.00879 -233.96709
6845.69922 -239.01219
6848.39062 -179.08382
6851.08350 -231.93506
6853.77686 -235.14287
6856.46729 -239.38954
6859.15918 -177.70255
6861.85156 -232.06258
6864.54590 -237.04922
6867.23730 -239.57079
6869.92969 -177.78467
6872.61914 -233.23013
6875.31348 -236.17171
6878.00537 -244.97566
6880.69385 -185.61497
6883.38818 -230.11674
6886.07910 -233.56023
6888.77148 -239.82587
6891.46436 -178.42810
6894.15479 -237.14136
6896.85010 -233.70584
6899.54199 -234.19208
6902.23193 -184.39401
6904.92676 -234.64723
6907.61475 -236.20074
6910.30811 -237.04489
6912.99805 -186.09357
6915.68945 -240.12428
6918.38574 -233.71837
6921.07471 -232.88948
6923.76953 -175.30066
6926.45752 -236.82259
6929.14990 -239.41974
6931.84766 -232.22418
6934.53516 -181.31584
6937.22656 -239.45677
6939.92383 -236.27341
6942.61328 -232.89635
6945.30176 -141.23222
6947.99365 -239.04964
6950.68750 -237.51080
6953.37793 -231.77443
6956.07324 -184.59805
6958.76221 -242.04877
6961.45557 -233.49556
6964.14648 -229.24641
6966.83887 -186.41411
6969.53174 -235.47357
6972.22217 -241.07338
6974.91406 -229.29117
6977.60645 -174.62303
6980.29980 -234.50117
6982.99365 -235.83130
6985.68555 -229.78424
6988.37451 -173.42958
6991.06836 -235.01402
6993.75928 -238.60626
6996.45068 -228.63463
6999.14355 -181.24951
7001.83398 -232.22032
7004.52930 -236.23358
7007.21729 -229.05513
7009.91113 -177.03178
7012.60156 -232.17868
7015.29297 -237.54744
7017.98535 -227.68379
7020.67871 -180.25806
7023.37354 -229.84612
7026.06543 -233.03780
7028.75439 -227.95796
7031.44824 -167.55664
7034.13965 -229.20605
7036.83105 -233.83575
7039.52441 -227.61475
7042.21436 -179.57803
7044.90625 -229.23512
7047.59814 -236.86247
7050.29199 -229.06071
7052.98242 -184.73450
7055.67773 -229.09673
7058.36963 -234.80672
7061.05566 -227.85182
7063.75439 -181.96056
7066.44238 -228.64047
7069.13867 -235.62706
7071.82861 -229.94931
7074.51562 -186.24405
7077.21143 -228.79254
7079.90430 -234.75249
7082.59473 -228.24501
7085.28564 -177.75050
7087.97803 -228.10849
7090.67139 -235.87863
7093.36133 -229.79099
7096.05273 -177.98697
7098.74512 -227.30788
7101.43848 -233.20575
7104.12891 -230.80309
7106.82422 -158.25934
7109.51709 -229.78807
7112.20264 -242.31996
7114.89746 -234.95074
7117.58887 -176.12604
7120.28223 -229.36401
7122.97559 -236.77176
7125.66650 -230.77724
7128.35840 -174.11366
7131.05078 -228.88199
7133.74072 -239.55835
7136.43604 -235.73550
7139.12402 -172.99428
7141.82080 -228.71703
7144.51123 -234.73407
7147.20215 -236.28149
7149.89453 -182.72646
7152.58740 -231.30632
7155.27783 -239.38812
7157.97314 -241.87811
7160.66113 -185.26334
7163.35449 -228.90466
7166.04492 -234.07503
7168.74023 -239.81744
7171.42871 -185.06131
7174.11816 -232.35641
7176.81201 -235.75638
7179.50781 -238.29141
7182.19678 -181.70416
7184.89014 -232.43454
7187.58398 -237.22490
7190.27588 -239.94368
7192.96436 -181.92055
7195.65820 -233.34070
7198.34912 -236.02829
7201.04443 -243.61737
7203.73291 -172.06096
7206.42285 -230.58649
7209.11719 -233.46843
7211.80908 -239.05579
7214.50195 -183.04163
7217.19531 -237.92365
7219.88672 -233.87851
7222.57812 -233.64757
7225.27100 -177.77713
7227.96094 -235.30478
7230.65527 -235.94209
7233.34717 -236.72812
7236.03564 -179.11327
7238.72998 -241.43275
7241.42480 -233.74788
7244.11230 -232.57573
7246.80566 -175.27338
7249.49951 -237.33067
7252.18994 -239.12514
7254.88232 -232.52029
7257.57080 -177.25908
7260.26855 -239.75130
7262.95508 -235.83543
7265.64746 -232.37996
7268.34033 -137.84909
7271.03418 -240.77986
7273.72510 -236.77451
7276.41650 -231.53304
7279.10938 -172.82486
7281.79932 -240.91541
7284.49463 -233.58969
7287.18652 -229.26056
7289.87891 -183.98270
7292.56445 -235.68198
7295.25977 -241.84239
7297.95166 -229.58522
7300.64453 -175.15701
7303.33447 -234.48573
7306.03271 -235.83629
7308.72070 -229.69257
7311.41357 -183.57922
7314.10693 -235.19653
7316.79785 -239.15300
7319.48975 -228.98682
7322.18262 -183.71259
7324.87256 -232.35345
7327.56299 -236.35828
7330.25439 -229.11678
7332.94727 -176.08772
7335.64062 -232.35608
7338.33105 -237.50496
7341.02734 -227.69627
7343.71973 -183.29102
7346.40918 -229.47490
7349.10400 -233.09875
7351.79492 -228.09457
7354.48340 -175.35274
7357.17725 -229.27269
7359.86768 -234.29263
7362.56299 -228.07481
7365.25586 -179.55753
7367.94482 -229.34949
7370.63525 -236.86061
7373.33057 -229.06340
7376.01855 -179.37350
7378.71191 -229.06332
7381.40625 -234.73804
7384.09277 -227.94565
7386.78955 -191.88736
7389.48242 -228.40952
7392.17285 -235.41548
7394.86377 -230.04056
7397.55566 -183.56581
7400.24902 -228.84637
7402.93896 -234.60416
7405.63379 -228.37132
7408.32568 -177.22079
7411.01855 -227.88492
7413.70410 -235.42046
7416.39893 -229.88448
7419.09082 -178.14252
7421.78320 -227.34680
7424.47266 -233.30707
7427.16357 -231.20795
7429.85889 -142.25493
7432.55176 -229.85533
7435.24512 -242.51813
7437.93945 -234.68019
7440.62695 -175.34834
7443.31934 -229.45076
7446.01270 -236.35463
7448.70654 -230.80093
7451.39404 -176.97855
7454.08984 -228.68843
7456.77930 -238.97746
7459.47314 -235.81943
7462.16406 -171.60873
7464.85156 -228.87811
7467.54883 -234.82790
7470.23877 -236.65688
7472.92969 -182.42012
7475.62549 -231.36060
7478.31348 -239.68414
7481.00781 -242.22069
7483.69824 -179.31075
7486.39355 -229.25381
7489.08203 -234.21747
7491.77539 -240.55629
7494.46582 -180.61560
7497.15723 -232.74271
7499.85352 -236.47313
7502.54199 -237.49060
7505.23633 -185.03366
7507.92725 -232.70410
7510.61963 -237.31093
7513.31250 -240.44766
7516.00195 -178.42961
7518.69238 -233.47481
7521.38867 -235.87614
7524.08154 -242.12076
7526.77051 -176.42070
7529.46533 -231.13168
7532.15283 -233.44458
7534.84473 -238.28699
7537.54199 -186.84488
7540.23242 -238.70825
7542.91943 -234.09547
7545.61572 -233.20229
7548.30859 -176.95686
7550.99854 -236.01620
7553.68945 -235.73404
7556.38135 -236.31400
7559.07422 -190.66823
7561.76758 -242.99100
7564.45801 -233.80571
7567.14941 -232.30537
7569.84180 -180.26299
7572.53516 -237.89778
7575.22510 -238.77301
7577.92041 -232.80696
7580.60840 -171.58528
7583.30127 -240.26874
7585.99561 -235.35905
7588.69092 -231.81346
7591.37793 -141.10165
7594.07129 -243.08586
7596.76025 -236.16345
7599.45508 -231.25348
7602.14600 -186.59381
7604.83447 -239.87122
7607.53174 -233.71196
7610.22217 -229.30867
7612.91699 -193.39041
7615.60938 -236.00267
7618.29785 -242.42911
7620.99170 -229.87238
7623.67773 -177.28012
7626.37793 -234.52052
7629.06641 -235.78030
7631.75977 -229.57983
7634.45020 -176.88701
7637.14551 -235.39058
7639.83789 -239.66028
7642.53027 -229.33890
7645.21680 -180.49403
7647.90723 -232.52782
7650.60303 -236.40749
7653.29150 -229.15540
7655.98926 -176.54662
7658.67578 -232.51451
7661.37158 -237.42953
7664.05957 -227.72791
7666.75244 -182.06940
7669.44629 -229.17746
7672.13770 -233.22408
7674.82910 -228.28235
7677.52197 -175.62010
7680.21191 -229.40579
7682.90625 -234.83676
7685.59766 -228.57407
7688.29053 -178.83023
7690.98340 -229.49474
7693.67285 -236.82812
7696.36816 -229.06990
7699.05664 -182.29384
7701.74902 -229.03293
7704.43848 -234.68137
7707.13330 -228.06575
7709.82471 -184.83821
7712.51709 -228.21811
7715.21045 -235.25352
7717.90479 -230.15219
7720.59570 -178.25824
7723.28711 -228.89021
7725.97607 -234.45982
7728.66992 -228.53403
7731.36475 -180.23372
7734.05176 -227.70662
7736.74365 -235.05757
7739.43750 -230.04355
7742.13135 -174.70338
7744.82227 -227.42230
7747.51416 -233.44571
7750.20703 -231.61255
7752.89600 -160.15742
7755.59082 -229.87935
7758.28223 -242.33784
7760.97461 -234.38483
7763.66309 -178.13602
7766.35742 -229.46570
7769.04834 -235.86192
7771.74023 -230.87415
7774.43262 -177.51503
7777.12646 -228.52426
7779.81641 -238.41432
7782.50781 -235.96243
7785.19971 -174.93309
7787.89258 -229.03313
7790.58203 -234.90900
7793.27734 -237.00304
7795.96875 -183.80954
7798.66162 -231.37062
7801.35059 -239.88347
7804.04492 -242.54588
7806.74023 -174.70169
7809.42773 -229.62315
7812.12012 -234.38918
7814.81445 -241.19838
7817.50488 -185.62302
7820.19580 -233.06808
7822.88818 -237.30103
7825.58154 -236.93210
7828.27148 -176.15408
7830.96191 -232.86194
7833.65771 -237.28737
7836.34668 -241.10796
7839.04004 -177.69583
7841.73389 -233.64101
7844.42480 -235.72736
7847.11719 -240.68575
7849.80566 -175.48451
7852.49951 -231.75552
7855.18994 -233.48724
7857.88574 -237.58922
7860.57373 -194.23546
7863.26660 -239.44518
7865.96143 -234.35767
7868.65186 -232.84775
7871.34326 -174.83588
7874.03613 -236.77765
7876.72949 -235.57300
7879.41943 -235.85184
7882.11035 -182.45285
7884.80664 -244.85640
7887.49512 -233.89174
7890.18945 -232.07655
7892.87988 -184.44794
7895.57080 -238.53572
7898.26709 -238.37930
7900.95605 -233.06395
7903.64551 -186.30330
7906.34033 -241.02454
7909.03223 -234.87529
7911.72461 -231.23111
7914.41797 -144.07304
7917.10742 -246.36414
7919.79883 -235.66519
7922.49023 -230.96155
7925.18750 -179.88211
7927.87646 -238.93839
7930.56689 -233.85988
7933.26221 -229.38589
7935.94971 -180.79059
7938.64258 -236.44583
7941.33691 -242.70001
7944.02734 -230.13763
7946.72266 -186.50618
7949.41455 -234.58807
7952.10352 -235.66270
7954.79736 -229.44643
7957.48779 -170.36189
7960.18359 -235.58226
7962.87158 -240.08475
7965.56543 -229.67584
7968.25488 -187.43565
7970.94971 -232.72638
7973.64160 -236.37103
7976.32910 -229.16814
7979.02295 -179.35732
7981.71777 -232.64552
7984.40869 -237.33426
7987.10010 -227.78207
7989.79248 -186.19946
7992.48633 -228.95117
7995.17627 -233.41299
7997.86719 -228.51639
8000.55957 -171.69400
8003.24756 -229.60617
8005.94629 -235.47516
8008.63672 -229.10178
8011.32764 -181.93539
8014.01904 -229.66103
8016.71289 -236.75674
8019.40625 -229.08139
8022.09668 -189.57352
8024.78809 -229.00951
8027.47998 -234.64104
8030.16895 -228.21362
8032.86230 -178.75665
8035.55273 -228.06688
8038.24902 -235.13875
8040.93701 -230.28444
8043.62988 -183.75888
8046.32373 -228.92825
8049.01465 -234.32710
8051.70605 -228.73631
8054.39893 -183.15726
8057.09180 -227.57666
8059.78125 -234.78258
8062.47656 -230.26776
8065.16357 -172.77821
8067.86084 -227.53534
8070.54932 -233.62013
8073.23926 -232.00603
8075.93018 -146.16406
8078.62598 -229.85605
8081.31836 -241.80666
8084.01172 -234.10191
8086.70166 -179.82736
8089.39258 -229.41982
8092.08447 -235.33305
8094.78076 -231.00175
8097.46582 -178.43208
8100.16016 -228.39577
8102.85107 -237.89189
8105.54688 -236.17039
8108.23486 -183.39360
8110.92822 -229.18192
8113.62256 -234.97192
8116.31348 -237.32674
8119.00488 -182.12560
8121.69824 -231.34253
8124.39160 -239.97144
8127.08105 -242.87318
8129.77148 -183.92484
8132.46826 -230.00760
8135.15625 -234.58328
8137.84961 -241.73224
8140.54395 -179.28206
8143.23486 -233.30914
8145.92676 -238.24515
8148.61426 -236.58282
8151.31250 -185.21590
8154.00195 -232.91341
8156.69336 -237.14603
8159.38916 -241.95374
8162.08203 -183.65552
8164.77051 -233.84630
8167.46533 -235.59238
8170.15576 -239.38954
8172.84277 -170.86488
8175.53955 -232.46144
8178.23291 -233.59525
8180.92285 -236.99765
8183.61816 -180.86340
8186.30469 -240.07021
8188.99707 -234.66539
8191.68652 -232.57710
8194.38086 -173.21831
8197.07520 -237.58308
8199.76660 -235.45518
8202.45508 -235.38242
8205.14746 -181.38776
8207.84180 -247.08145
8210.53320 -234.00536
8213.22363 -231.88655
8215.91992 -181.33005
8218.60938 -239.25945
8221.30273 -237.96025
8223.99316 -233.27037
8226.68555 -174.84720
8229.37695 -242.04156
8232.06543 -234.40717
8234.76367 -230.66040
8237.45410 -142.50706
8240.14551 -251.69846
8242.83789 -235.26967
8245.52637 -230.67883
8248.21973 -180.65271
8250.91406 -238.12134
8253.60059 -234.03006
8256.30176 -229.48610
8258.99023 -176.53152
8261.68359 -237.02367
8264.37402 -242.57141
8267.06934 -230.36551
8269.76074 -177.90350
8272.44922 -234.66821
8275.13770 -235.48775
8277.83203 -229.29442
8280.52246 -172.92731
8283.21875 -235.75420
8285.91113 -240.37901
8288.59961 -229.98097
8291.29492 -179.75638
8293.98926 -232.92775
8296.67578 -236.24684
8299.37305 -229.15437
8302.06152 -178.38521
8304.75098 -232.74301
8307.44141 -237.23160
8310.13770 -227.86163
8312.82910 -175.92534
8315.52246 -228.79344
8318.21191 -233.66440
8320.90137 -228.78958
8323.59668 -177.96605
8326.28906 -229.87343
8328.98242 -236.21515
8331.67090 -229.64232
8334.36523 -186.41669
8337.05566 -229.83643
8339.74707 -236.64095
8342.44043 -229.09915
8345.13379 -181.99796
8347.82324 -228.99707
8350.51367 -234.62080
8353.20508 -228.39029
8355.90234 -185.38261
8358.59082 -227.95570
8361.28418 -235.06847
8363.97949 -230.43658
8366.67090 -188.56967
8369.35742 -228.96515
8372.05078 -234.21245
8374.74414 -228.98094
8377.43945 -175.52888
8380.12988 -227.49692
8382.81641 -234.58960
8385.51465 -230.55600
8388.20312 -175.05286
8390.89746 -227.68610
8393.58789 -233.82800
8396.27930 -232.37732
8398.97168 -154.93599
8401.66504 -229.78534
8404.35449 -241.03275
8407.04883 -233.85776
8409.74023 -180.18654
8412.43262 -229.32919
8415.12109 -234.79970
8417.81445 -231.18768
8420.50879 -186.70691
8423.20020 -228.30753
8425.89160 -237.42307
8428.58398 -236.44769
8431.27734 -180.45354
8433.96680 -229.32489
8436.65820 -235.01181
8439.35352 -237.63789
8442.04102 -187.55489
8444.73438 -231.28435
8447.42383 -239.94359
8450.12305 -243.22160
8452.81348 -180.44939
8455.50098 -230.40112
8458.19434 -234.79092
8460.88770 -242.17305
8463.57715 -179.02802
8466.27246 -233.45023
8468.96387 -239.30130
8471.65625 -236.42371
8474.34961 -173.20268
8477.03906 -232.87679
8479.73438 -236.89267
8482.42090 -243.01892
8485.11719 -191.43446
8487.80469 -234.09610
8490.49902 -235.47997
8493.19336 -238.25055
8495.88477 -178.00728
8498.57617 -233.25281
8501.26855 -233.76753
8503.95703 -236.52814
8506.65137 -180.33902
8509.34180 -240.51874
8512.03711 -235.01807
8514.72949 -232.38460
8517.41797 -180.50339
8520.11133 -238.42390
8522.80176 -235.37637
8525.49219 -234.93512
8528.18359 -179.99370
8530.87598 -249.60643
8533.56934 -234.14548
8536.26367 -231.73204
8538.95410 -178.51466
8541.64941 -240.08792
8544.34180 -237.53069
8547.03027 -233.40778
8549.72363 -173.51477
8552.41309 -243.34198
8555.10840 -233.97061
8557.79590 -230.12135
8560.48828 -151.92787
8563.18555 -261.11441
8565.87500 -234.96893
8568.57031 -230.42201
8571.25684 -188.03374
8573.94922 -237.41673
8576.64160 -234.21791
8579.33496 -229.60175
8582.02539 -175.70905
8584.72070 -237.75015
8587.41113 -242.06900
8590.09961 -230.54189
8592.79688 -188.19528
8595.48633 -234.73846
8598.18164 -235.26375
8600.86719 -229.12729
8603.56348 -186.52086
8606.25195 -235.88657
8608.94531 -240.50320
8611.63965 -230.23752
8614.33008 -178.63408
8617.02148 -233.10649
8619.71387 -236.04132
8622.40625 -229.11571
8625.09570 -185.55083
8627.79004 -232.80392
8630.48047 -237.13258
8633.17676 -227.96886
8635.87012 -182.31761
8638.55371 -228.70166
8641.25195 -233.97636
8643.94238 -229.09203
8646.63281 -176.38858
8649.32520 -230.20546
8652.01758 -237.06281
8654.71094 -230.17432
8657.40137 -175.96619
8660.09668 -230.00710
8662.78711 -236.47852
8665.47461 -229.12462
8668.16797 -181.74940
8670.86133 -228.99947
8673.55176 -234.62393
8676.24707 -228.59630
8678.93848 -191.47948
8681.63086 -227.88377
8684.32422 -235.03976
8687.01367 -230.60680
8689.70410 -174.23007
8692.39453 -229.00566
8695.09180 -234.12126
8697.78418 -229.27022
8700.47266 -190.12085
8703.16699 -227.46823
8705.85742 -234.47398
8708.54883 -230.90648
8711.24023 -178.44542
8713.93359 -227.87402
8716.62207 -234.06583
8719.31738 -232.71616
8722.00781 -150.75784
8724.70312 -229.67110
8727.39062 -240.13937
8730.08398 -233.66962
8732.77734 -179.18286
8735.46777 -229.21216
8738.15820 -234.28467
8740.85547 -231.43506
8743.54297 -178.78188
8746.24023 -228.26280
8748.92969 -237.01430
8751.62012 -236.79773
8754.31055 -181.78699
8757.00293 -229.46306
8759.69922 -235.02473
8762.38867 -237.94861
8765.08203 -187.29208
8767.77246 -231.20509
8770.46387 -239.80688
8773.15527 -243.60849
8775.84863 -179.49683
8778.54199 -230.79681
8781.23145 -235.00090
8783.92188 -242.56120
8786.61816 -189.59991
8789.30957 -233.48764
8791.99805 -240.44139
8794.69141 -236.44572
8797.38184 -174.54860
8800.07715 -232.77829
8802.76758 -236.54523
8805.45508 -244.33836
8808.14844 -182.46332
8810.84180 -234.39436
8813.53613 -235.39722
8816.22754 -237.26471
8818.91797 -180.56400
8821.61035 -234.13272
8824.30371 -234.00273
8826.99805 -236.18710
8829.69238 -182.12950
8832.37891 -240.75020
8835.06934 -235.41371
8837.76660 -232.26512
8840.45996 -176.10678
8843.14941 -239.28871
8845.83887 -235.33194
8848.53418 -234.52908
8851.22168 -181.48865
8853.91797 -251.82133
8856.60742 -234.31036
8859.30078 -231.60902
8861.99121 -171.09521
8864.68164 -241.04514
8867.37793 -237.10310
8870.07031 -233.46379
8872.76367 -178.10204
8875.45312 -244.91296
8878.14258 -233.57605
8880.83887 -229.62756
8883.52539 -144.52544
8886.22266 -252.93094
8888.91113 -234.75682
8891.60547 -230.20320
8894.29980 -185.41974
8896.98633 -236.81815
8899.68262 -234.41751
8902.37012 -229.72394
8905.06348 -172.91702
8907.75781 -238.63916
8910.44727 -241.30829
8913.13867 -230.65630
8915.83008 -181.61974
8918.52734 -234.77554
8921.21484 -235.00172
8923.90430 -228.94963
8926.59961 -183.14226
8929.29004 -235.95940
8931.98145 -240.43898
8934.67383 -230.43105
8937.36719 -181.53740
8940.06152 -233.23483
8942.75195 -235.76768
8945.44238 -229.05574
8948.13867 -174.14719
8950.82617 -232.82866
8953.52441 -237.04631
8956.20898 -228.10533
8958.90332 -188.24309
8961.59375 -228.67310
8964.29004 -234.34529
8966.97754 -229.41025
8969.67090 -176.94225
8972.36426 -230.59747
8975.05469 -238.01953
8977.74512 -230.67059
8980.44141 -173.56326
8983.13379 -230.15784
8985.82227 -236.27094
8988.51074 -229.15919
8991.20508 -177.77660
8993.90039 -229.02028
8996.59277 -234.65314
8999.28418 -228.83174
9001.97754 -190.25528
9004.67090 -227.84976
9007.35547 -235.04918
9010.05078 -230.79221
9012.74707 -177.27557
9015.43359 -229.05421
9018.12695 -234.05785
9020.81543 -229.60606
9023.50977 -176.84531
9026.20020 -227.49071
9028.89648 -234.43193
9031.58789 -231.31631
9034.27637 -175.04944
9036.96973 -228.09775
9039.66406 -234.32872
9042.35938 -233.01450
9045.04492 -154.06027
9047.74219 -229.52060
9050.42871 -239.22041
9053.12305 -233.54828
9055.81152 -169.43495
9058.50684 -229.08673
9061.19727 -233.80333
9063.88867 -231.74634
9066.58105 -178.23918
9069.27930 -228.26376
9071.96875 -236.66809
9074.65820 -237.22334
9077.34863 -183.56676
9080.04004 -229.59798
9082.73242 -235.00797
9085.42480 -238.27180
9088.11914 -180.48363
9090.81348 -231.11380
9093.50391 -239.57771
9096.19043 -244.04898
9098.88672 -170.36214
9101.57422 -231.18712
9104.27344 -235.19966
9106.95703 -242.95334
9109.65234 -179.90292
9112.34375 -233.43076
9115.03516 -241.58434
9117.72754 -236.64818
9120.42090 -172.77837
9123.11523 -232.64606
9125.80469 -236.12865
9128.50098 -245.92506
9131.19238 -180.49976
9133.87988 -234.74355
9136.57812 -235.34978
9139.26660 -236.42113
9141.96094 -188.80225
9144.64648 -235.10307
9147.34277 -234.29861
9150.03516 -235.97716
9152.72266 -176.07967
9155.41602 -240.76857
9158.11133 -235.84827
9160.80078 -232.21391
9163.49219 -175.01265
9166.18359 -240.16368
9168.87598 -235.31656
9171.57422 -234.17561
9174.26367 -178.65857
9176.95410 -252.20297
9179.64941 -234.49756
9182.34082 -231.51300
9185.02832 -172.51123
9187.72070 -242.16121
9190.41504 -236.68741
9193.10449 -233.43497
9195.79492 -182.76466
9198.48535 -246.58615
9201.18262 -233.23003
9203.87012 -229.18773
9206.56934 -167.32346
9209.25879 -247.24194
9211.95312 -234.62863
9214.64453 -230.03069
9217.33594 -180.47884
9220.02344 -236.31825
9222.71582 -234.62143
9225.41016 -229.84256
9228.10449 -177.76604
9230.79004 -239.69786
9233.48633 -240.42157
9236.17871 -230.70395
9238.86621 -176.98502
9241.56055 -234.75804
9244.25391 -234.71387
9246.94922 -228.76674
9249.63477 -177.34650
9252.32617 -235.95578
9255.01953 -240.19701
9257.71289 -230.55199
9260.40625 -183.09563
9263.09668 -233.28653
9265.79199 -235.44322
9268.47754 -228.97954
9271.17480 -174.43233
9273.86328 -232.82080
9276.56152 -236.97986
9279.25098 -228.27194
9281.93555 -188.90413
9284.63184 -228.70477
9287.32324 -234.76466
9290.01562 -229.72701
9292.70898 -180.53107
9295.39844 -231.04048
9298.09277 -239.07384
9300.78320 -231.10017
9303.47949 -173.66647
9306.17188 -230.27333
9308.86426 -236.02287
9311.55273 -229.20430
9314.24219 -178.50620
9316.93750 -229.06265
9319.62793 -234.71065
9322.31934 -229.09618
9325.01758 -176.94958
9327.70508 -227.85176
9330.39844 -235.09259
9333.08789 -230.98888
9335.78320 -180.85126
9338.46973 -229.11479
9341.16699 -234.02568
9343.85449 -229.98996
9346.54785 -173.64821
9349.24219 -227.56367
9351.93164 -234.46011
9354.62207 -231.78110
9357.31836 -179.76866
9360.00586 -228.35490
9362.69922 -234.61003
9365.39258 -233.26776
9368.08691 -155.38351
9370.77734 -229.34340
9373.46777 -238.33281
9376.16016 -233.50027
9378.85156 -178.46664
9381.54492 -228.96901
9384.23926 -233.36537
9386.92871 -232.12340
9389.61914 -181.92802
9392.31055 -228.31169
9395.00195 -236.38469
9397.69434 -237.72693
9400.38867 -179.89153
9403.07715 -229.73157
9405.77246 -234.96031
9408.46289 -238.62010
9411.15430 -173.58470
9413.84668 -231.01894
9416.53906 -239.27788
9419.23340 -244.55553
9421.92773 -179.79573
9424.61816 -231.56436
9427.30859 -235.37167
9430.00000 -243.41258
9432.69238 -185.75609
9435.38574 -233.29930
9438.07910 -242.55516
9440.76953 -237.03847
9443.45898 -172.23206
9446.15039 -232.50565
9448.84180 -235.66951
9451.53418 -247.67841
9454.22754 -178.80713
9456.92188 -235.14458
9459.61133 -235.34212
9462.30273 -235.70789
9464.99805 -177.02393
9467.68457 -236.16341
9470.38281 -234.65128
9473.07715 -235.89987
9475.76074 -177.90489
9478.45508 -240.62131
9481.14648 -236.31451
9483.83691 -232.22612
9486.52930 -177.43167
9489.22266 -241.03384
9491.91113 -235.32420
9494.61035 -233.88048
9497.29492 -176.89111
9499.99609 -250.62782
9502.68262 -234.70378
9505.37500 -231.43895
9508.06738 -175.07506
9510.75586 -243.47246
9513.45117 -236.29108
9516.14062 -233.32768
9518.83691 -180.23785
9521.52832 -247.76758
9524.21582 -232.93652
9526.90820 -228.80716
9529.60254 -147.09566
9532.29688 -243.90933
9534.98730 -234.58075
9537.68359 -229.90985
9540.37500 -179.42599
9543.06250 -235.90961
9545.75586 -234.82066
9548.44922 -229.94678
9551.13379 -178.81705
9553.82910 -240.90778
9556.52051 -239.50836
9559.21777 -230.68672
9561.90430 -183.99518
9564.60352 -234.67007
9567.29199 -234.41214
9569.98145 -228.58414
9572.67676 -172.05649
9575.36816 -235.86555
9578.05957 -239.81253
9580.74707 -230.59772
9583.44043 -172.68961
9586.13477 -233.24202
9588.82422 -235.08617
9591.51953 -228.89302
9594.20508 -173.14120
9596.90234 -232.78645
9599.59473 -236.93829
9602.28809 -228.46889
9604.97754 -187.07770
9607.67188 -228.79317
9610.36230 -235.22324
9613.05371 -230.02133
9615.74512 -174.76425
9618.43848 -231.51924
9621.13086 -240.18427
9623.82031 -231.43297
9626.51465 -178.31660
9629.20508 -230.33998
9631.89648 -235.74152
9634.58789 -229.26122
9637.28125 -182.09032
9639.97363 -229.12927
9642.66309 -234.79820
9645.36230 -229.38858
9648.05273 -191.22719
9650.74414 -227.88733
9653.43555 -235.16490
9656.12891 -231.19186
9658.81641 -173.55818
9661.51074 -229.19060
9664.20508 -234.02737
9666.89551 -230.42279
9669.58691 -179.47588
9672.27832 -227.68573
9674.96484 -234.55542
9677.66406 -232.29424
9680.35254 -189.28552
9683.04785 -228.64212
9685.73730 -234.90091
9688.42871 -233.47565
9691.12012 -154.76781
9693.81738 -229.15015
9696.50586 -237.50598
9699.19434 -233.52954
9701.88867 -169.75244
9704.57910 -228.87245
9707.27539 -232.97664
9709.96191 -232.56744
9712.65820 -191.35286
9715.34668 -228.40715
9718.04102 -236.16301
9720.73438 -238.31067
9723.42578 -179.68427
9726.11523 -229.86606
9728.80762 -234.88214
9731.50000 -239.00478
9734.18750 -179.62955
9736.88574 -230.92787
9739.57520 -238.93025
9742.27051 -245.13719
9744.96094 -170.47786
9747.65234 -231.92126
9750.34375 -235.50044
9753.03711 -244.00328
9755.72461 -180.70016
9758.42480 -233.11838
9761.11426 -243.08578
9763.80469 -237.63332
9766.50195 -181.79247
9769.18750 -232.37788
9771.88086 -235.19185
9774.57422 -249.12450
9777.26270 -176.34399
9779.95703 -235.59660
9782.64746 -235.37767
9785.33887 -235.11415
9788.03613 -175.69313
9790.72266 -237.30843
9793.41602 -235.05379
9796.10449 -235.95720
9798.79980 -185.38492
9801.49512 -240.37755
9804.18555 -236.80066
9806.87695 -232.29640
9809.56934 -184.65245
9812.25684 -241.88525
9814.95020 -235.34795
9817.64551 -233.64572
9820.34082 -177.77782
9823.03125 -248.63609
9825.71680 -234.92479
9828.41406 -231.38142
9831.10156 -176.72830
9833.79492 -245.01553
9836.48926 -235.91946
9839.17871 -233.15639
9841.87402 -182.24503
9844.56543 -247.56506
9847.25781 -232.69786
9849.95020 -228.48886
9852.64355 -162.00305
9855.33203 -241.64644
9858.02637 -234.61038
9860.71680 -229.84375
9863.40723 -181.73973
9866.09961 -235.58492
9868.79102 -235.00490
9871.48438 -230.02579
9874.17773 -184.69885
9876.86719 -242.17578
9879.55664 -238.62782
9882.24707 -230.61284
9884.94922 -200.04863
9887.64160 -234.50449
9890.32812 -234.10739
9893.02148 -228.40726
9895.71680 -175.72597
9898.40625 -235.68771
9901.09570 -239.33223
9903.79199 -230.57307
9906.47363 -201.21080
9909.17090 -233.09337
9911.86426 -234.71353
9914.55273 -228.80243
9917.24707 -168.63853
9919.94238 -232.73325
9922.63281 -236.92484
9925.32422 -228.69551
9928.01660 -179.90108
9930.70898 -228.93399
9933.39746 -235.70250
9936.09180 -230.27010
9938.78711 -173.94363
9941.47656 -232.00966
9944.16797 -241.24924
9946.85938 -231.64661
9949.55176 -178.13217
9952.24512 -230.34792
9954.93359 -235.43549
9957.62793 -229.33104
9960.31836 -189.44624
9963.01367 -229.22226
9965.70508 -234.91695
9968.39746 -229.70728
9971.08496 -184.54884
9973.77832 -227.95343
9976.47266 -235.25980
9979.16211 -231.39531
9981.85742 -170.54961
9984.54883 -229.28401
9987.24023 -234.06488
9989.93262 -230.90482
9992.62598 -179.57726
9995.31445 -227.85458
9998.00391 -234.71432
10000.69922 -232.84607
10003.38965 -176.25142
10006.08594 -228.95474
10008.77832 -235.19009
10011.47070 -233.64209
10014.15918 -161.89343
10016.85352 -228.95140
10019.54199 -236.75278
10022.23242 -233.63838
10024.92383 -175.66269
10027.62012 -228.80774
10030.31250 -232.64038
10033.00000 -233.07889
10035.69434 -195.28285
10038.38281 -228.55005
10041.07812 -236.00111
10043.77344 -238.97659
10046.46484 -177.92334
10049.15723 -230.00386
10051.84375 -234.77533
10054.53711 -239.43460
10057.23145 -182.53748
10059.92090 -230.84680
10062.61621 -238.55566
10065.30664 -245.79805
10067.99805 -170.73259
10070.68945 -232.25177
10073.38770 -235.57034
10076.07617 -244.79063
10078.76465 -185.23328
10081.45410 -232.91348
10084.14941 -242.96448
10086.84082 -238.46164
10089.53809 -192.80821
10092.22461 -232.27831
10094.91797 -234.71524
10097.61133 -249.29810
10100.30566 -180.78297
10102.99023 -236.09668
10105.68555 -235.45905
10108.37695 -234.63062
10111.06836 -173.90843
10113.76074 -238.52405
10116.45410 -235.49440
10119.14844 -236.15189
10121.83691 -176.12201
10124.53223 -240.10437
10127.22266 -237.28880
10129.91406 -232.41840
10132.60645 -184.27289
10135.29883 -242.70781
10137.98633 -235.37991
10140.68066 -233.47079
10143.37598 -190.01137
10146.06543 -246.93280
10148.75586 -235.15523
10151.44727 -231.33476
10154.13965 -180.92929
10156.83203 -246.79720
10159.52539 -235.57614
10162.22070 -232.94038
10164.91504 -182.04951
10167.60547 -246.05742
10170.29590 -232.51538
10172.98242 -228.23434
10175.67969 -150.40201
10178.37305 -240.00455
10181.06055 -234.71521
10183.75488 -229.83374
10186.44434 -181.95969
10189.13965 -235.33694
10191.82520 -235.16286
10194.52246 -230.06992
10197.21484 -171.66371
10199.90234 -243.24234
10202.60156 -237.80974
10205.29102 -230.49519
10207.98047 -182.96024
10210.66992 -234.26430
10213.36719 -233.80893
10216.05273 -228.24118
10218.75098 -172.84317
10221.43848 -235.43074
10224.13867 -238.80130
10226.82715 -230.48938
10229.51660 -182.04568
10232.20703 -232.84622
10234.89844 -234.33977
10237.59570 -228.71379
10240.28809 -193.73990
10242.97461 -232.66916
10245.66895 -236.94095
10248.35840 -228.95024
10251.05371 -178.35817
10253.74902 -229.12163
10256.43457 -236.17378
10259.13184 -230.45070
10261.81836 -171.22076
10264.51172 -232.47664
10267.20605 -242.07687
10269.90137 -231.73309
10272.58984 -186.18146
10275.28516 -230.29276
10277.97754 -235.11382
10280.66309 -229.41469
10283.35547 -180.45706
10286.04395 -229.34311
10288.73828 -235.06750
10291.43164 -230.04984
10294.12109 -180.07024
10296.81152 -228.04643
10299.50781 -235.36942
10302.20605 -231.59280
10304.89844 -178.51022
10307.58008 -229.39645
10310.27441 -234.13950
10312.96875 -231.43538
10315.65820 -176.51974
10318.34863 -228.06683
10321.04492 -234.93240
10323.73145 -233.42288
10326.42969 -179.03105
10329.11719 -229.28680
10331.81055 -235.46397
10334.50586 -233.77457
10337.20117 -155.73415
10339.89160 -228.75691
10342.57617 -236.07701
10345.27344 -233.82825
10347.95996 -178.68297
10350.65332 -228.78314
10353.34766 -232.35832
10356.04102 -233.65694
10358.73047 -174.35541
10361.42676 -228.73961
10364.11719 -235.89644
10366.80273 -239.72653
10369.50195 -178.40532
10372.19531 -230.14749
10374.88281 -234.64307
10377.57715 -239.91451
10380.26562 -175.08313
10382.96094 -230.78062
10385.65332 -238.17117
10388.34375 -246.53369
10391.03613 -191.18813
10393.72266 -232.55167
10396.42188 -235.56895
10399.11133 -245.84196
10401.80664 -177.02184
10404.49609 -232.70712
10407.18652 -242.24234
10409.88379 -239.57027
10412.57617 -181.22693
10415.26270 -232.21771
10417.95703 -234.25438
10420.65039 -247.93355
10423.33984 -181.98242
10426.02930 -236.63919
10428.71973 -235.58798
10431.41602 -234.24951
10434.10938 -197.13091
10436.80078 -239.78131
10439.49414 -235.95399
10442.18262 -236.48712
10444.87695 -183.09326
10447.56738 -239.85411
10450.26270 -237.75349
10452.95410 -232.58423
10455.64551 -179.74219
10458.33789 -243.49739
10461.02539 -235.41136
10463.71875 -233.35313
10466.40723 -178.59882
10469.10254 -245.60788
10471.79785 -235.38853
10474.49023 -231.29321
10477.17969 -175.73596
10479.87305 -248.67609
10482.56641 -235.26334
10485.25391 -232.70010
10487.94824 -180.76839
10490.63672 -244.15103
10493.32617 -232.38994
10496.02344 -228.04425
10498.71484 -157.76062
10501.40625 -238.78040
10504.09961 -234.89288
10506.79199 -229.87965
10509.48047 -184.90939
10512.17578 -235.15831
10514.86426 -235.28334
10517.56055 -230.07187
10520.25195 -170.30499
10522.93848 -243.65450
10525.63574 -237.06657
10528.32910 -230.34915
10531.01660 -176.39258
10533.71094 -233.96155
10536.40039 -233.52434
10539.09668 -228.09048
10541.78711 -171.33847
10544.47852 -235.11038
10547.16992 -238.25620
10549.85742 -230.36205
10552.55078 -180.94707
10555.24512 -232.51793
10557.94043 -233.97633
10560.62988 -228.63255
10563.32031 -177.37193
10566.01660 -232.60172
10568.70898 -236.98633
10571.39551 -229.23053
10574.08984 -189.35188
10576.77734 -229.34880
10579.47168 -236.59628
10582.16699 -230.54527
10584.85742 -182.30212
10587.55371 -232.87413
10590.24414 -242.42038
10592.93066 -231.70143
10595.62988 -174.98210
10598.31836 -230.17644
10601.00586 -234.78519
10603.70117 -229.51273
10606.39648 -173.78650
10609.08691 -229.49255
10611.77734 -235.24973
10614.46875 -230.41306
10617.16211 -182.53793
10619.85449 -228.16197
10622.54883 -235.48413
10625.23828 -231.77765
10627.93359 -174.51392
10630.62305 -229.52834
10633.31445 -234.25185
10636.01074 -232.01253
10638.69727 -179.85558
10641.39062 -228.31772
10644.08301 -235.20331
10646.77734 -234.00603
10649.46680 -176.39386
10652.16211 -229.63078
10654.85254 -235.70702
10657.54297 -233.88278
10660.22949 -167.66318
10662.92090 -228.57515
10665.62012 -235.47803
10668.31445 -234.10008
10671.00195 -178.41093
10673.69727 -228.80493
10676.38770 -232.13123
10679.07812 -234.29913
10681.76953 -173.56926
10684.46191 -228.97430
10687.14844 -235.84586
10689.84766 -240.56209
10692.53516 -172.32530
10695.23047 -230.29938
10697.92578 -234.48953
10700.61523 -240.44322
10703.30664 -182.66635
10705.99805 -230.73309
10708.69043 -237.78978
10711.37695 -247.32442
10714.07129 -173.18565
10716.76562 -232.81927
10719.45898 -235.48933
10722.14941 -247.21725
10724.83984 -172.08890
10727.53027 -232.51726
10730.22852 -241.17767
10732.92090 -241.03430
10735.60742 -169.57919
10738.30176 -232.20299
10740.99609 -233.81964
10743.68555 -245.94443
10746.38086 -182.21570
10749.06641 -237.21526
10751.75684 -235.76538
10754.44824 -233.96437
10757.14062 -181.77094
10759.83984 -241.02861
10762.52832 -236.40324
10765.21680 -236.96484
10767.91211 -175.60478
10770.60156 -239.66258
10773.29883 -238.16167
10775.99023 -232.78389
10778.68164 -176.64090
10781.37500 -244.25551
10784.06250 -235.43289
10786.75684 -233.28857
10789.45117 -178.01556
10792.14062 -244.61781
10794.83008 -235.61707
10797.52734 -231.25131
10800.21289 -171.01500
10802.90527 -250.05977
10805.59766 -234.98215
10808.29102 -232.45442
10810.98535 -177.21004
10813.67383 -242.37335
10816.36914 -232.32208
10819.06055 -227.91867
10821.75195 -155.08623
10824.44238 -237.86629
10827.13477 -235.14050
10829.82812 -229.97987
10832.52148 -177.68881
10835.20996 -235.04118
10837.90430 -235.35631
10840.60059 -230.02774
10843.28516 -176.75626
10845.98145 -243.10693
10848.67285 -236.40158
10851.36621 -230.19040
10854.05859 -176.70842
10856.74609 -233.61432
10859.44141 -233.25961
10862.13477 -227.95908
10864.82520 -180.96771
10867.51562 -234.74631
10870.20605 -237.72301
10872.90430 -230.20802
10875.59668 -186.98558
10878.29004 -232.13274
10880.97656 -233.63187
10883.66602 -228.56340
10886.35547 -174.07262
10889.05078 -232.53717
10891.74707 -237.05887
10894.43164 -229.53264
10897.12891 -174.58469
10899.81543 -229.60590
10902.50879 -236.91852
10905.20312 -230.54468
10907.89648 -172.24727
10910.58594 -233.15068
10913.28125 -242.14445
10915.97168 -231.57468
10918.66309 -188.43352
10921.35547 -230.00667
10924.05273 -234.45737
10926.73926 -229.62541
10929.42773 -173.62126
10932.12793 -229.67050
10934.81641 -235.46259
10937.50586 -230.79285
10940.19629 -178.01297
10942.89453 -228.29503
10945.58594 -235.59256
10948.27734 -231.94344
10950.96484 -177.35298
10953.66406 -229.67892
10956.35254 -234.40184
10959.04199 -232.63260
10961.73047 -182.01923
10964.42773 -228.60071
10967.11914 -235.51768
10969.81055 -234.57155
10972.50195 -175.45108
10975.19531 -229.97780
10977.88281 -235.90297
10980.57715 -233.97725
10983.26660 -159.73257
10985.96191 -228.41312
10988.65234 -234.95308
10991.34277 -234.45456
10994.03418 -180.80373
10996.73242 -228.87781
10999.41895 -231.95935
11002.11328 -235.00052
11004.81348 -178.64299
11007.50098 -229.25166
11010.18457 -235.84549
11012.88086 -241.48451
11015.57715 -171.56403
11018.26953 -230.46187
11020.95605 -234.31949
11023.65332 -241.00958
11026.34180 -176.54533
11029.04199 -230.70688
11031.72363 -237.42078
11034.41895 -248.12398
11037.11523 -174.37398
11039.79980 -233.05554
11042.49121 -235.33145
11045.18359 -248.90091
11047.88184 -172.87085
11050.57520 -232.35727
11053.26270 -240.01395
11055.95703 -242.97467
11058.64648 -179.93140
11061.33594 -232.23793
11064.03223 -233.41803
11066.72363 -244.01100
11069.41504 -177.43489
11072.10840 -237.81201
11074.80078 -235.99103
11077.48828 -233.76967
11080.18359 -182.16870
11082.87695 -242.18649
11085.56738 -236.80084
11088.25684 -237.58156
11090.95508 -178.98688
11093.64648 -239.55214
11096.33789 -238.47533
11099.02441 -233.00465
11101.71875 -173.63507
11104.41309 -244.98447
11107.10742 -235.43489
11109.79590 -233.27130
11112.48633 -186.39163
11115.17676 -243.91096
11117.86914 -235.83211
11120.55469 -231.20410
11123.25293 -180.38577
11125.95215 -249.94928
11128.64062 -234.73274
11131.32910 -232.21907
11134.02344 -185.81924
11136.71387 -240.85905
11139.40430 -232.31235
11142.10059 -227.85732
11144.78613 -156.72906
11147.47949 -237.19946
11150.17188 -235.45358
11152.86621 -230.13132
11155.56055 -182.60924
11158.25000 -234.97693
11160.94531 -235.37425
11163.63477 -229.93765
11166.32617 -181.29620
11169.01758 -241.83707
11171.70898 -235.81360
11174.40234 -230.03340
11177.08887 -182.06737
11179.78320 -233.24290
11182.47852 -233.01929
11185.16699 -227.85028
11187.86230 -183.44017
11190.55273 -234.35857
11193.24414 -237.21873
11195.93652 -230.04358
11198.62891 -175.75726
11201.32227 -231.71642
11204.01562 -233.31261
11206.70410 -228.51007
11209.39844 -172.67242
11212.08887 -232.48009
11214.78418 -237.15453
11217.46973 -229.85152
11220.16699 -182.31055
11222.85254 -229.88049
11225.55176 -237.08665
11228.23828 -230.45082
11230.93262 -175.38861
11233.62793 -233.26199
11236.31738 -241.35942
11239.01270 -231.38335
11241.70312 -178.71065
11244.39453 -229.79536
11247.08594 -234.13695
11249.77734 -229.75261
11252.47070 -179.65878
11255.15820 -229.87587
11257.85254 -235.70386
11260.54199 -231.18425
11263.23145 -178.54649
11265.92773 -228.43990
11268.62402 -235.68175
11271.31641 -232.08461
11274.00195 -174.02577
11276.69434 -229.84641
11279.38672 -234.58856
11282.08105 -233.28954
11284.77539 -179.35068
11287.46484 -228.90709
11290.15430 -235.86143
11292.85059 -235.09129
11295.54199 -177.12143
11298.22754 -230.31773
11300.92578 -236.03693
11303.61816 -234.06792
11306.31250 -173.68156
11309.00000 -228.27640
11311.69434 -234.49863
11314.38379 -234.89211
11317.07422 -171.32210
11319.76465 -229.00529
11322.46094 -231.84273
11325.15234 -235.75266
11327.84570 -175.17180
11330.53223 -229.56815
11333.22656 -235.89047
11335.91992 -242.49458
11338.61523 -167.72923
11341.30469 -230.63712
11343.99414 -234.13794
11346.69141 -241.58688
11349.38281 -173.03235
11352.07520 -230.70372
11354.76660 -237.07031
11357.45508 -248.84584
11360.15430 -172.02147
11362.84277 -233.26392
11365.53125 -235.10213
11368.22168 -250.50583
11370.91797 -173.52559
11373.60840 -232.23636
11376.29980 -238.88965
11378.99219 -245.57227
11381.67871 -169.71069
11384.37109 -232.32394
11387.06543 -233.05389
11389.75977 -242.32607
11392.45508 -176.27705
11395.13867 -238.41220
11397.83594 -236.26323
11400.52637 -233.66055
11403.21777 -181.66557
11405.91602 -243.15508
11408.60254 -237.09521
11411.29004 -238.31883
11413.98438 -182.07410
11416.68457 -239.53548
11419.37402 -238.65829
11422.06445 -233.23071
11424.75488 -170.65656
11427.44531 -245.67656
11430.14258 -235.40820
11432.83594 -233.29378
11435.52148 -179.50668
11438.21484 -243.44843
11440.90332 -236.02441
11443.59766 -231.14755
11446.29395 -176.74840
11448.98340 -248.37279
11451.67383 -234.51462
11454.36426 -232.00613
11457.05664 -176.33800
11459.75488 -239.60835
11462.44141 -232.36130
11465.13574 -227.85971
11467.83008 -160.56300
11470.51758 -236.74117
11473.21289 -235.82471
11475.89746 -230.32903
11478.59375 -187.46959
11481.28418 -234.95584
11483.98340 -235.33348
11486.66895 -229.80568
11489.36133 -175.11630
11492.05566 -240.30745
11494.74219 -235.29941
11497.43750 -229.89050
11500.12695 -188.76590
11502.82324 -232.86679
11505.51367 -232.80673
11508.20410 -227.76674
11510.89648 -180.81458
11513.58887 -233.96518
11516.28125 -236.75360
11518.97461 -229.88303
11521.66211 -194.22168
11524.35742 -231.29239
11527.04688 -233.02280
11529.74219 -228.47543
11532.44043 -183.87685
11535.12500 -232.43312
11537.82227 -237.26707
11540.50781 -230.18083
11543.20117 -178.19354
11545.89453 -230.15709
11548.58301 -237.06021
11551.27734 -230.27608
11553.96582 -180.90335
11556.66211 -233.18671
11559.35938 -240.30991
11562.04297 -231.15851
11564.74121 -183.26872
11567.42773 -229.55658
11570.12109 -233.82925
11572.81348 -229.89377
11575.50781 -172.36542
11578.20312 -230.10632
11580.89062 -235.96982
11583.58203 -231.58141
11586.27832 -180.88631
11588.96875 -228.59032
11591.66016 -235.73787
11594.35156 -232.19710
11597.04492 -179.72891
11599.73145 -230.02774
11602.42578 -234.81000
11605.11523 -233.97404
11607.80859 -176.07283
11610.50586 -229.22562
11613.19531 -236.21399
11615.88672 -235.53595
11618.58398 -181.56766
11621.27539 -230.63985
11623.95508 -236.09760
11626.64941 -234.16318
11629.34375 -160.86743
11632.03711 -228.16925
11634.72559 -234.11098
11637.42188 -235.41281
11640.11133 -181.35091
11642.80273 -229.19005
11645.49902 -231.78128
11648.19238 -236.54231
11650.87793 -188.07066
11653.57031 -229.91872
11656.26465 -235.97456
11658.95898 -243.59236
11661.64648 -178.87997
11664.34375 -230.82701
11667.03223 -233.94986
11669.72852 -242.12590
11672.41406 -175.39902
11675.11230 -230.72456
11677.79785 -236.74220
11680.49023 -249.36026
11683.18457 -174.96722
11685.87109 -233.44984
11688.56641 -234.81355
11691.26172 -250.78540
11693.95117 -172.64017
11696.64844 -232.16048
11699.33203 -237.86319
11702.03027 -248.90068
11704.72266 -175.08205
11707.41406 -232.46037
11710.10840 -232.72977
11712.80273 -240.89908
11715.49023 -180.64445
11718.17871 -238.99440
11720.87500 -236.57816
11723.56445 -233.63235
11726.25488 -174.76559
11728.95312 -243.84464
11731.63867 -237.23338
11734.33691 -239.12361
11737.02344 -181.68211
11739.71680 -239.61830
11742.40430 -238.68602
11745.10645 -233.44334
11747.78906 -179.91933
11750.48438 -246.29655
11753.17480 -235.34497
11755.86719 -233.34648
11758.56445 -177.67253
11761.25586 -243.20430
11763.94922 -236.18477
11766.63574 -231.07883
11769.32422 -170.93166
11772.01758 -246.33505
11774.70703 -234.32660
11777.41016 -231.82417
11780.09863 -179.31779
11782.78906 -238.59210
11785.48047 -232.46959
11788.17285 -227.92511
11790.86523 -157.94699
11793.55859 -236.46669
11796.25195 -236.24136
11798.93945 -230.56578
11801.62891 -185.98779
11804.32422 -234.96680
11807.01270 -235.23466
11809.70898 -229.63916
11812.40137 -177.36295
11815.09277 -238.80775
11817.78418 -234.85510
11820.47070 -229.77174
11823.16406 -179.86029
11825.85840 -232.50284
11828.55273 -232.62434
11831.24805 -227.71049
11833.93652 -191.49167
11836.62695 -233.58095
11839.32422 -236.33305
11842.01562 -229.73802
11844.69922 -186.06172
11847.39844 -230.87981
11850.08594 -232.76515
11852.77930 -228.46138
11855.47363 -171.47142
11858.16211 -232.39688
11860.85742 -237.38791
11863.55371 -230.51289
11866.24219 -185.08406
11868.93457 -230.41725
11871.62500 -236.82831
11874.31738 -230.03992
11877.00977 -174.15877
11879.70215 -232.93559
11882.39062 -239.19823
11885.07812 -230.92726
11887.77930 -181.38452
11890.46094 -229.30458
11893.15820 -233.53841
11895.85449 -230.04788
11898.54590 -171.33524
11901.23828 -230.35814
11903.92383 -236.25470
11906.62207 -231.97781
11909.30859 -179.59163
11912.00293 -228.73965
11914.69727 -235.74751
11917.38672 -232.27869
11920.08203 -177.34042
11922.77246 -230.21875
11925.45508 -235.06274
11928.15918 -234.67276
11930.84473 -212.26759
11933.53711 -229.54240
11936.23047 -236.54665
11938.91699 -235.88033
11941.61719 -177.56801
11944.31250 -230.93364
11947.00098 -236.07956
11949.68945 -234.26924
11952.38086 -168.73383
11955.07715 -228.09480
11957.76855 -233.78647
11960.45996 -236.01622
11963.15332 -184.99593
11965.84570 -229.43404
11968.53320 -231.77502
11971.22656 -237.35049
11973.92188 -183.95726
11976.61035 -230.29660
11979.30078 -236.08966
11981.99707 -244.77660
11984.68750 -173.56462
11987.38477 -231.03320
11990.06348 -233.75990
11992.76270 -242.55104
11995.45703 -177.22324
11998.14941 -230.76965
12000.83789 -236.43843
12003.52539 -249.52939
12006.22070 -169.45401
12008.91699 -233.61995
12011.60742 -234.48102
12014.29785 -249.00761
12016.99023 -173.28322
12019.68164 -232.13293
12022.37402 -236.95200
12025.06738 -251.22133
12027.75977 -181.27034
12030.44824 -232.64481
12033.14355 -232.44690
12035.83887 -239.69757
12038.52734 -195.79785
12041.21875 -239.53439
12043.90820 -236.92885
12046.60059 -233.68025
12049.29883 -172.44424
12051.98438 -244.21782
12054.67188 -237.17668
12057.37207 -239.87558
12060.06641 -185.63354
12062.75391 -239.80045
12065.44336 -238.55400
12068.13965 -233.62193
12070.83008 -173.62033
12073.52051 -246.76134
12076.21875 -235.23946
12078.90430 -233.41779
12081.59570 -190.01759
12084.28906 -243.16324
12086.98242 -236.30489
12089.67676 -230.99654
12092.36523 -172.43817
12095.05371 -244.40897
12097.75000 -234.16692
12100.44043 -231.67857
12103.13086 -179.74493
12105.82227 -237.78069
12108.51465 -232.63797
12111.20703 -228.05252
12113.90039 -165.66351
12116.59277 -236.35992
12119.28125 -236.68314
12121.97656 -230.83151
12124.67188 -179.82956
12127.36133 -234.99718
12130.05762 -235.08279
12132.74805 -229.44757
12135.43945 -170.11528
12138.13086 -237.44746
12140.82422 -234.47668
12143.51660 -229.68481
12146.20312 -189.94087
12148.89746 -232.16452
12151.59180 -232.47377
12154.28125 -227.68306
12156.97656 -177.83737
12159.66699 -233.21707
12162.35742 -235.95946
12165.04883 -229.61763
12167.74023 -174.74533
12170.43164 -230.49313
12173.12500 -232.54131
12175.81934 -228.46902
12178.50586 -170.37663
12181.20117 -232.36996
12183.88867 -237.50594
12186.58398 -230.83890
12189.28125 -185.60652
12191.97168 -230.64084
12194.65625 -236.41437
12197.35449 -229.76476
12200.04688 -192.94754
12202.74512 -232.54668
12205.42578 -238.13524
12208.12012 -230.71083
12210.81445 -182.68324
12213.50195 -229.05246
12216.19922 -233.26741
12218.88770 -230.21347
12221.57812 -175.56747
12224.27539 -230.62582
12226.96680 -236.55028
12229.65820 -232.36647
12232.34473 -192.36140
12235.04395 -228.88126
12237.73242 -235.69919
12240.42578 -232.32928
12243.11426 -177.09563
12245.80957 -230.41414
12248.50586 -235.34158
12251.19531 -235.36746
12253.88574 -176.42397
12256.57715 -229.84116
12259.26855 -236.82251
12261.96191 -236.10938
12264.65430 -173.95747
12267.34766 -231.19000
12270.03516 -235.98447
12272.72949 -234.38976
12275.42480 -164.34602
12278.11426 -228.05524
12280.80469 -233.52171
12283.50098 -236.70087
12286.19141 -175.16304
12288.88281 -229.73869
12291.56836 -231.82396
12294.26758 -238.15204
12296.96191 -180.53645
12299.64844 -230.69284
12302.34277 -236.22525
12305.03125 -246.04337
12307.71973 -183.12968
12310.41602 -231.25699
12313.11328 -233.57230
12315.80273 -242.76952
12318.49512 -174.07410
12321.18066 -230.83858
12323.87207 -236.15961
12326.57227 -249.28566
12329.26562 -182.22227
12331.95312 -233.78123
12334.64062 -234.12048
12337.33594 -246.41147
12340.02539 -179.23798
12342.72266 -232.15508
12345.41211 -236.15596
12348.10352 -248.94405
12350.79492 -182.09285
12353.48047 -232.87314
12356.18652 -232.20560
12358.86621 -238.68597
12361.56055 -179.94135
12364.25391 -240.00803
12366.94922 -237.30391
12369.64453 -233.79854
12372.32812 -178.87183
12375.02441 -244.30490
12377.72266 -236.91632
12380.41211 -240.36230
12383.09766 -179.92467
12385.79004 -240.07506
12388.48242 -238.27946
12391.17676 -233.74609
12393.86328 -178.69298
12396.55859 -246.93604
12399.25391 -235.08878
12401.94238 -233.49396
12404.63867 -176.28607
12407.32910 -243.31815
12410.02051 -236.37830
12412.71094 -230.90077
12415.40430 -177.68323
12418.09570 -242.72841
12420.78223 -234.03326
12423.48242 -231.57207
12426.17090 -172.05870
12428.86523 -237.14996
12431.55371 -232.86719
12434.24902 -228.24048
12436.93945 -160.09848
12439.63672 -236.40985
12442.32031 -237.11823
12445.01953 -231.11279
12447.71094 -197.87822
12450.39648 -235.03313
12453.09668 -234.88632
12455.78516 -229.24136
12458.47168 -171.36690
12461.16699 -236.25053
12463.85645 -234.16022
12466.54492 -229.63544
12469.24219 -176.18616
12471.93945 -231.86205
12474.62402 -232.35603
12477.32227 -227.68542
12480.01465 -175.76752
12482.70703 -232.88152
12485.39453 -235.63310
12488.08691 -229.52849
12490.78223 -180.56961
12493.47070 -230.14270
12496.16602 -232.35197
12498.85645 -228.49866
12501.54492 -185.01549
12504.23730 -232.34908
12506.92773 -237.60779
12509.61914 -231.14938
12512.31250 -181.91771
12515.01172 -230.80815
12517.70508 -235.86572
12520.39160 -229.47218
12523.08008 -176.74167
12525.77539 -232.07042
12528.47168 -237.16757
12531.16113 -230.52470
12533.85156 -179.05110
12536.54199 -228.81137
12539.23926 -233.01834
12541.92480 -230.38861
12544.61719 -180.81581
12547.30957 -230.90202
12550.00391 -236.84523
12552.69043 -232.74036
12555.38574 -183.36311
12558.08105 -229.00885
12560.77051 -235.58521
12563.45898 -232.35080
12566.15723 -180.47173
12568.84766 -230.60767
12571.53809 -235.63892
12574.22363 -236.03505
12576.92285 -179.94144
12579.61523 -230.10428
12582.30957 -236.99973
12584.99609 -236.22208
12587.69141 -173.06015
12590.37988 -231.40244
12593.07617 -235.82059
12595.76562 -234.52560
12598.45605 -167.34685
12601.14648 -228.05186
12603.84570 -233.31343
12606.52930 -237.46375
12609.22852 -175.21703
12611.91504 -230.10484
12614.60840 -231.92819
12617.30371 -238.91722
12619.99023 -197.87273
12622.68555 -231.09610
12625.38184 -236.36792
12628.07129 -247.38196
12630.76172 -176.45764
12633.44531 -231.49931
12636.14355 -233.39075
12638.83594 -242.70297
12641.53418 -191.38594
12644.22070 -230.93040
12646.91406 -235.90538
12649.60840 -248.68262
12652.29590 -177.90460
12654.99121 -233.94034
12657.68652 -233.74692
12660.37012 -243.94713
12663.06641 -178.80544
12665.75781 -232.22661
12668.44824 -235.46854
12671.14062 -245.40718
12673.83301 -175.51237
12676.52539 -233.13956
12679.21875 -232.00555
12681.90625 -237.83371
12684.60059 -181.04170
12687.29590 -240.39516
12689.98535 -237.68588
12692.68066 -233.97992
12695.36328 -174.10025
12698.06152 -244.17355
12700.75977 -236.47710
12703.44531 -240.33931
12706.13672 -185.89902
12708.82910 -240.42603
12711.52246 -237.89523
12714.21680 -233.79890
12716.90430 -187.87125
12719.59961 -246.68303
12722.28711 -234.89316
12724.97656 -233.55951
12727.67383 -175.43518
12730.36328 -243.66801
12733.05566 -236.40132
12735.74707 -230.79309
12738.43848 -181.85710
12741.13184 -241.28610
12743.82422 -233.92279
12746.52539 -231.50500
12749.20508 -173.10353
12751.90039 -236.68172
12754.59570 -233.15787
12757.28516 -228.48680
12759.98145 -179.12363
12762.67188 -236.60762
12765.35547 -237.50113
12768.05469 -231.39250
12770.74609 -174.74574
12773.43848 -235.06015
12776.13184 -234.65587
12778.81836 -229.03085
12781.51270 -186.31744
12784.20703 -235.21043
12786.89551 -233.90202
12789.59082 -229.62753
12792.28027 -178.84047
12794.97070 -231.60280
12797.66797 -232.27164
12800.35938 -227.71809
12803.05078 -175.28394
12805.74316 -232.57945
12808.42871 -235.35297
12811.12207 -229.47531
12813.81641 -185.03772
12816.50391 -229.83551
12819.20508 -232.19725
12821.88672 -228.54984
12824.58398 -176.15927
12827.28027 -232.32924
12829.97070 -237.67842
12832.66113 -231.43491
12835.35254 -180.16951
12838.04492 -230.90314
12840.73047 -235.23624
12843.42969 -229.18076
12846.11719 -177.96884
12848.81836 -231.55534
12851.50586 -236.30917
12854.19434 -230.37947
12856.89062 -178.45183
12859.58008 -228.59033
12862.26953 -232.79250
12864.96094 -230.57089
12867.65820 -183.76131
12870.35059 -231.17725
12873.04199 -237.12500
12875.73438 -233.09291
12878.42188 -176.46349
12881.11523 -229.11710
12883.80957 -235.40291
12886.49805 -232.34686
12889.19434 -183.90855
12891.88281 -230.79248
12894.57227 -235.94431
12897.26953 -236.64864
12899.96094 -188.36002
12902.65234 -230.31468
12905.34375 -237.03938
12908.03613 -236.23116
12910.73047 -174.45531
12913.41602 -231.56804
12916.11133 -235.60117
12918.80469 -234.67488
12921.49316 -167.77187
12924.18164 -228.08539
12926.87891 -233.15846
12929.56836 -238.29921
12932.26562 -176.56776
12934.95703 -230.53267
12937.64160 -232.08781
12940.34082 -239.61612
12943.03320 -170.99615
12945.71875 -231.49257
12948.41309 -236.50119
12951.10742 -248.76350
12953.80273 -186.12688
12956.49805 -231.76076
12959.18750 -233.21843
12961.87598 -242.32896
12964.56641 -185.78307
12967.25684 -231.04366
12969.94922 -235.67467
12972.64062 -247.85286
12975.33984 -179.74432
12978.02539 -234.10291
12980.71875 -233.37323
12983.41211 -241.82082
12986.09961 -175.55066
12988.79492 -232.34595
12991.48340 -234.88153
12994.17969 -242.57692
12996.86914 -171.21329
12999.56641 -233.43648
13002.25684 -231.84598
13004.94922 -237.11574
13007.64062 -185.71420
13010.32617 -240.68335
13013.02637 -238.04980
13015.71875 -234.21452
13018.40625 -171.48792
13021.10156 -243.88538
13023.78906 -235.90657
13026.48438 -239.71428
13029.17383 -176.60071
13031.87012 -240.82310
13034.56055 -237.43971
13037.25195 -233.77025
13039.94238 -176.34084
13042.63574 -245.96066
13045.32031 -234.65588
13048.01953 -233.59824
13050.70703 -178.84181
13053.40039 -244.21519
13056.09570 -236.37349
13058.78418 -230.67630
13061.47949 -176.25352
13064.16895 -240.04671
13066.86621 -233.83208
13069.55566 -231.47560
13072.24707 -175.65762
13074.94629 -236.36261
13077.63086 -233.51016
13080.32324 -228.78824
13083.00879 -164.53966
13085.70898 -236.94283
13088.39746 -237.77441
13091.08398 -231.65021
13093.77930 -181.97087
13096.47559 -235.06425
13099.16504 -234.40295
13101.86133 -228.82550
13104.55176 -174.16431
13107.23535 -234.31227
13109.93359 -233.69859
13112.63281 -229.66362
13115.31836 -178.35808
13118.01172 -231.39186
13120.70508 -232.22069
13123.39258 -227.78114
13126.08789 -176.12102
13128.77539 -232.31377
13131.46387 -235.11710
13134.16016 -229.46111
13136.85059 -188.47607
13139.54688 -229.57603
13142.23145 -232.07669
13144.93066 -228.62152
13147.62207 -176.03517
13150.31445 -232.30421
13153.00781 -237.70247
13155.69336 -231.68701
13158.38770 -188.74870
13161.08301 -230.91675
13163.77832 -234.57314
13166.46582 -228.90515
13169.16211 -184.37500
13171.84570 -231.04012
13174.54297 -235.55974
13177.23438 -230.28201
13179.92578 -173.83688
13182.61719 -228.39622
13185.30859 -232.59047
13187.99609 -230.75755
13190.68848 -173.78448
13193.38281 -231.44008
13196.07617 -237.37192
13198.76465 -233.41864
13201.46094 -175.94177
13204.15820 -229.20207
13206.83984 -235.15514
13209.53711 -232.32214
13212.23535 -173.63094
13214.92578 -230.96155
13217.61133 -236.24391
13220.31055 -237.18056
13222.99609 -177.94850
13225.68945 -230.45833
13228.38281 -236.91655
13231.07031 -236.15843
13233.76562 -178.22928
13236.46094 -231.68799
13239.15039 -235.34201
13241.83984 -234.83299
13244.53613 -167.31517
13247.22754 -228.15587
13249.91797 -233.05368
13252.60938 -239.19783
13255.30176 -174.99051
13257.99414 -231.02145
13260.68848 -232.30280
13263.37402 -240.22557
13266.06934 -179.14658
13268.75586 -231.86638
13271.45898 -236.60587
13274.14062 -250.11330
13276.83008 -173.68640
13279.53516 -232.04147
13282.22559 -233.05798
13284.90820 -241.69528
13287.60742 -183.32845
13290.29199 -231.17633
13292.98438 -235.46577
13295.68457 -246.92807
13298.37109 -177.94379
13301.06543 -234.27312
13303.75195 -233.00987
13306.45508 -240.01357
13309.14258 -178.39313
13311.83203 -232.51024
13314.52246 -234.38695
13317.21875 -240.40933
13319.91113 -169.67101
13322.60156 -233.75459
13325.28516 -231.72574
13327.98633 -236.51134
13330.67188 -176.16020
13333.37109 -240.86938
13336.05859 -238.36293
13338.75195 -234.48865
13341.44727 -172.11528
13344.13574 -243.47379
13346.82520 -235.25784
13349.52148 -238.63985
13352.21191 -178.97838
13354.91016 -241.21591
13357.59277 -236.94867
13360.29199 -233.65912
13362.97656 -175.37459
13365.67578 -244.86722
13368.36133 -234.38271
13371.05566 -233.59480
13373.75000 -186.43422
13376.43750 -244.95941
13379.13281 -236.29761
13381.82129 -230.55414
13384.51758 -173.07401
13387.20703 -238.97559
13389.89746 -233.75713
13392.58789 -231.48004
13395.28711 -183.58015
13397.97852 -236.18314
13400.66992 -233.92326
13403.36328 -229.13986
13406.04980 -170.81595
13408.74219 -237.39760
13411.43750 -237.87894
13414.13184 -231.86359
13416.82129 -185.03650
13419.50977 -235.03349
13422.20605 -234.13876
13424.89648 -228.63354
13427.58691 -173.18454
13430.28418 -233.54034
13432.97656 -233.54649
13435.66016 -229.74484
13438.35352 -176.73843
13441.04590 -231.23256
13443.73926 -232.20290
13446.43359 -227.87421
13449.12109 -172.76105
13451.81641 -232.08559
13454.50391 -234.92284
13457.20117 -229.48764
13459.89062 -188.90442
13462.57910 -229.36700
13465.27832 -231.98947
13467.96094 -228.71202
13470.66016 -182.81436
13473.34473 -232.26695
13476.04492 -237.66611
13478.73047 -231.89928
13481.42480 -178.44096
13484.11914 -230.84892
13486.80664 -233.91165
13489.50195 -228.65620
13492.19727 -172.08354
13494.88672 -230.55203
13497.57617 -234.91357
13500.26562 -230.23650
13502.95703 -176.52263
13505.64648 -228.23415
13508.34766 -232.41231
13511.03125 -230.94539
13513.72461 -191.99675
13516.42480 -231.67766
13519.11914 -237.56630
13521.80566 -233.71358
13524.50098 -184.47699
13527.18848 -229.26166
13529.87695 -234.84961
13532.56641 -232.28183
13535.27148 -185.77351
13537.95996 -231.10832
13540.65234 -236.52060
13543.34180 -237.60704
13546.02637 -182.23717
13548.72656 -230.52689
13551.41992 -236.62918
13554.10547 -236.02866
13556.80664 -184.58490
13559.49316 -231.76720
13562.18164 -235.05923
13564.87695 -234.99280
13567.56445 -172.54854
13570.26172 -228.26282
13572.95898 -232.99574
13575.64941 -240.14442
13578.33984 -181.29378
13581.03125 -231.56905
13583.72266 -232.57278
13586.41504 -240.73624
13589.10742 -182.23160
13591.79297 -232.20071
13594.49414 -236.66141
13597.18262 -251.25827
13599.87695 -176.05325
13602.56445 -232.34113
13605.25391 -232.91154
13607.95020 -240.89122
13610.63965 -182.14545
13613.33789 -231.32593
13616.02051 -235.27657
13618.71973 -245.99809
13621.41113 -174.61937
13624.10352 -234.45354
13626.78809 -232.66499
13629.48242 -238.47260
13632.17676 -173.04704
13634.87109 -232.71553
13637.56641 -233.97765
13640.25391 -238.71809
13642.94141 -176.53236
13645.63867 -234.08304
13648.33594 -231.64337
13651.01758 -236.00282
13653.71680 -172.90533
13656.40723 -240.95767
13659.09961 -238.58708
13661.79199 -234.78354
13664.48438 -177.41692
13667.16992 -242.94690
13669.86426 -234.57710
13672.55859 -237.36324
13675.24512 -174.42696
13677.94141 -241.53076
13680.63672 -236.45090
13683.31934 -233.47372
13686.01562 -178.03548
13688.70605 -243.56921
13691.40430 -234.08102
13694.08691 -233.53677
13696.78711 -174.08649
13699.47168 -245.88254
13702.16406 -236.17934
13704.85742 -230.43097
13707.55078 -184.00737
13710.24512 -238.04413
13712.93945 -233.69339
13715.62695 -231.51251
13718.32422 -175.98752
13721.01172 -236.13652
13723.70996 -234.39453
13726.39160 -229.53429
13729.08984 -165.65871
13731.78125 -237.93665
13734.47266 -237.77271
13737.17188 -232.01120
13739.85742 -173.57391
13742.54297 -234.95967
13745.23535 -233.87346
13747.93750 -228.46176
13750.62500 -180.68460
13753.31152 -232.88049
13756.01562 -233.44228
13758.70508 -229.87117
13761.39453 -175.13846
13764.08301 -231.12682
13766.77344 -232.21761
13769.47168 -227.99646
13772.16309 -173.19887
13774.84766 -231.89453
13777.54004 -234.76698
13780.24023 -229.55551
13782.92578 -177.97736
13785.62012 -229.20982
13788.31445 -231.93439
13791.00195 -228.81917
13793.69043 -178.52721
13796.39453 -232.21036
13799.08203 -237.55939
13801.77246 -232.06819
13804.47070 -181.80760
13807.16016 -230.70868
13809.85156 -233.27541
13812.53516 -228.44148
13815.23535 -175.33325
13817.91992 -230.10875
13820.61426 -234.36357
13823.30664 -230.24521
13826.00098 -185.07436
13828.68945 -228.10765
13831.38477 -232.25754
13834.07227 -231.13101
13836.76855 -172.92448
13839.46484 -231.87665
13842.14746 -237.68878
13844.83789 -233.97563
13847.53711 -185.03873
13850.22852 -229.29578
13852.91992 -234.49750
13855.61133 -232.23096
13858.30566 -173.59602
13860.99805 -231.22733
13863.69238 -236.75459
13866.37891 -237.91330
13869.07422 -187.61760
13871.76270 -230.51942
13874.45801 -236.19859
13877.14746 -235.86426
13879.84473 -180.80658
13882.52734 -231.81358
13885.22461 -234.76762
13887.90918 -235.14519
13890.60742 -170.02896
13893.29980 -228.40526
13895.98535 -232.98099
13898.68555 -241.11595
13901.37891 -173.24127
13904.06641 -232.17120
13906.75977 -232.89684
13909.45508 -241.15543
13912.14355 -177.29556
13914.83984 -232.47951
13917.52930 -236.64833
13920.21973 -251.88965
13922.90918 -186.97063
13925.60059 -232.65887
13928.29102 -232.78079
13930.98242 -240.00641
13933.68262 -178.99727
13936.37598 -231.48943
13939.06152 -235.10455
13941.75586 -245.11127
13944.44922 -181.80824
13947.14453 -234.64487
13949.83301 -232.34465
13952.52051 -237.15089
13955.20996 -180.68639
13957.90625 -232.95671
13960.59668 -233.64749
13963.29492 -237.37552
13965.98535 -175.41275
13968.67676 -234.40997
13971.36133 -231.59711
13974.06152 -235.57442
13976.74707 -181.38179
13979.43945 -240.95609
13982.13379 -238.68500
13984.82812 -235.07452
13987.51562 -176.51552
13990.21094 -242.30298
13992.90820 -233.89861
13995.59570 -236.06795
13998.28516 -183.02065
14000.97559 -241.67877
14003.67285 -235.96739
14006.36523 -233.22948
14009.05664 -174.66888
14011.74805 -242.21048
14014.43262 -233.75908
14017.12500 -233.41666
14019.81934 -175.93518
14022.51367 -246.91045
14025.20020 -236.02634
14027.90234 -230.31143
14030.59082 -176.57114
14033.28027 -237.22958
14035.97656 -233.63585
14038.66602 -231.56512
14041.35547 -203.61752
14044.04688 -236.21774
14046.73730 -234.91814
14049.42871 -229.96080
14052.12891 -168.82950
14054.82031 -238.49159
14057.51367 -237.44884
14060.20703 -232.07642
14062.89453 -187.27501
14065.58789 -234.83952
14068.28320 -233.61581
14070.97168 -228.31561
14073.66016 -180.53552
14076.34863 -232.32059
14079.03809 -233.38226
14081.73633 -230.04132
14084.42578 -185.80774
14087.11816 -231.07552
14089.81641 -232.26375
14092.50098 -228.14668
14095.20117 -184.31375
14097.88672 -231.73906
14100.58789 -234.64572
14103.26660 -229.66447
14105.96191 -190.63222
14108.65625 -229.10504
14111.35254 -231.90988
14114.04785 -228.94032
14116.72949 -192.14529
14119.42578 -232.12811
14122.11719 -237.37798
14124.80664 -232.19365
14127.50586 -181.89851
14130.18945 -230.51180
14132.88965 -232.67896
14135.58203 -228.26593
14138.26660 -180.19237
14140.96094 -229.72084
14143.65430 -233.90276
14146.34180 -230.30914
14149.03711 -189.81616
14151.73242 -228.01910
14154.41992 -232.12532
14157.11719 -231.31084
14159.81445 -184.76254
14162.49609 -232.02481
14165.19434 -237.72340
14167.87695 -234.20462
14170.57715 -177.68034
14173.26074 -229.30640
14175.95312 -234.11169
14178.65332 -232.17395
14181.33984 -175.16255
14184.03320 -231.31491
14186.72852 -236.92534
14189.42285 -238.09662
14192.10352 -179.82703
14194.79883 -230.44244
14197.49512 -235.66141
14200.19336 -235.68243
14202.87500 -177.91409
14205.57227 -231.83673
14208.26270 -234.47978
14210.94727 -235.27983
14213.65332 -177.79231
14216.33008 -228.58168
14219.03223 -233.00519
14221.72461 -242.07890
14224.41016 -180.14038
14227.09766 -232.82040
14229.79980 -233.27281
14232.48828 -241.50359
14235.17578 -177.84523
14237.87207 -232.68977
14240.56836 -236.55148
14243.25781 -251.69922
14245.94824 -174.83035
14248.64648 -232.99329
14251.33008 -232.66704
14254.02246 -239.10796
14256.72070 -173.95956
14259.41406 -231.66325
14262.09961 -234.94695
14264.79395 -244.28801
14267.47949 -172.39659
14270.18164 -234.84593
14272.87012 -232.05330
14275.56543 -236.01215
14278.25293 -182.33521
14280.94238 -233.22752
14283.63184 -233.39130
14286.32031 -236.30046
14289.01172 -176.10040
14291.70996 -234.72342
14294.40234 -231.58485
14297.09375 -235.21153
14299.78613 -188.23323
14302.47949 -240.87132
14305.17188 -238.63004
14307.86621 -235.33130
14310.56055 -172.41995
14313.24805 -241.54594
14315.94336 -233.24529
14318.63184 -234.84808
14321.32812 -190.07426
14324.01758 -241.58365
14326.70703 -235.51239
14329.39648 -232.94554
14332.09473 -181.71249
14334.78613 -240.88078
14337.47852 -233.42509
14340.16992 -233.23323
14342.85547 -178.91766
14345.54785 -247.83701
14348.24121 -235.84731
14350.93555 -230.20013
14353.63086 -178.13142
14356.31738 -236.51385
14359.01367 -233.57912
14361.70117 -231.62810
14364.39844 -187.44312
14367.08789 -236.42223
14369.78516 -235.48293
14372.46680 -230.40431
14375.15820 -165.81657
14377.85742 -238.94485
14380.54883 -236.93854
14383.23340 -232.05096
14385.92676 -183.42673
14388.61914 -234.67525
14391.31348 -233.37302
14394.00000 -228.19928
14396.70312 -176.38525
14399.39062 -231.85025
14402.07910 -233.36247
14404.77441 -230.25262
14407.47168 -177.99219
14410.15234 -231.07858
14412.85059 -232.33981
14415.54883 -228.32315
14418.24023 -181.93335
14420.93164 -231.61655
14423.61523 -234.55470
14426.31641 -229.81339
14429.00195 -186.88942
14431.69434 -229.05258
14434.39648 -231.91406
14437.07520 -229.07249
14439.77734 -174.19649
14442.46582 -232.01552
14445.14551 -237.12407
14447.84180 -232.27896
14450.53906 -186.63437
14453.22852 -230.27763
14455.91895 -232.13057
14458.61719 -228.13252
14461.30859 -181.88210
14464.00000 -229.39417
14466.69141 -233.52493
14469.38477 -230.42830
14472.07812 -180.43346
14474.76367 -227.96991
14477.45703 -232.01442
14480.15137 -231.48123
14482.83984 -181.69064
14485.54199 -232.11279
14488.22266 -237.66106
14490.91895 -234.40210
14493.60840 -185.00162
14496.30664 -229.29718
14498.98828 -233.70512
14501.69434 -232.11426
14504.37695 -178.26489
14507.06934 -231.36964
14509.76074 -237.01457
14512.45312 -238.16573
14515.14648 -174.37190
14517.84082 -230.30836
14520.52734 -235.05841
14523.23047 -235.49419
14525.91699 -187.52049
14528.60449 -231.84680
14531.29297 -234.20581
14533.98926 -235.38640
14536.67871 -168.56898
14539.37500 -228.79005
14542.06543 -233.06326
14544.75586 -242.98714
14547.44727 -171.29947
14550.13867 -233.50439
14552.83105 -233.69669
14555.52344 -241.80504
14558.21680 -185.51605
14560.91016 -232.82375
14563.59570 -236.36316
14566.29102 -250.69180
14568.98633 -181.28732
14571.67383 -233.34230
14574.36133 -232.57120
14577.05859 -238.23775
14579.75586 -174.21091
14582.44531 -231.84334
14585.13574 -234.80074
14587.82617 -243.53267
14590.51758 -177.18176
14593.20801 -235.05374
14595.90820 -231.79402
14598.60156 -235.02895
14601.28711 -173.24603
14603.97949 -233.52063
14606.66602 -233.20465
14609.36035 -235.44008
14612.05566 -178.97417
14614.75098 -235.01253
14617.43945 -231.60414
14620.13574 -234.90009
14622.82422 -180.76424
14625.51367 -240.70569
14628.20410 -238.41519
14630.90234 -235.52071
14633.59375 -171.63214
14636.29297 -240.69360
14638.96875 -232.63120
14641.66992 -233.74055
14644.36328 -184.27443
14647.05566 -241.21884
14649.74219 -235.09492
14652.43652 -232.64159
14655.13184 -173.76500
14657.81836 -239.62579
14660.50684 -233.08676
14663.21094 -232.99156
14665.89258 -181.38631
14668.58887 -248.26704
14671.27930 -235.65111
14673.96973 -230.10146
14676.66895 -173.90927
14679.36035 -235.88232
14682.05176 -233.51758
14684.74414 -231.68993
14687.43652 -194.65965
14690.12207 -236.74377
14692.81641 -236.06934
14695.50977 -230.84448
14698.20410 -164.23711
14700.89258 -239.13594
14703.58789 -236.29659
14706.27539 -231.93710
14708.96484 -176.94951
14711.66211 -234.47394
14714.35156 -233.15082
14717.04199 -228.11591
14719.74121 -179.71785
14722.43164 -231.46062
14725.11621 -233.37823
14727.80762 -230.50081
14730.50781 -181.12141
14733.20215 -231.13510
14735.88770 -232.44382
14738.57324 -228.52370
14741.27539 -177.41681
14743.96289 -231.52347
14746.65820 -234.48888
14749.35449 -230.00024
14752.03516 -179.26813
14754.73145 -229.05190
14757.42969 -231.94461
14760.11133 -229.21242
14762.81055 -182.23666
14765.50000 -231.87019
14768.19238 -236.80586
14770.88379 -232.33020
14773.57617 -188.84003
14776.26953 -230.02583
14778.96289 -231.63448
14781.64844 -228.04269
14784.35059 -178.73996
14787.03711 -229.13152
14789.72559 -233.22475
14792.42090 -230.60207
14795.10840 -182.43253
14797.80664 -227.96071
14800.50293 -231.92329
14803.18457 -231.63873
14805.87500 -170.82404
14808.57324 -232.13574
14811.26465 -237.50165
14813.95605 -234.57080
14816.64844 -173.81885
14819.34082 -229.27313
14822.03320 -233.28973
14824.72754 -232.05420
14827.41309 -173.11748
14830.10840 -231.39255
14832.80273 -237.00990
14835.49023 -238.13690
14838.18750 -173.13669
14840.87500 -230.13295
14843.57227 -234.42603
14846.26074 -235.30489
14848.95117 -169.58647
14851.64160 -231.85341
14854.33203 -233.95352
14857.03223 -235.45609
14859.71582 -182.21800
14862.40820 -229.02776
14865.09961 -233.14897
14867.79395 -243.78091
14870.49609 -180.55548
14873.17383 -234.20413
14875.86816 -234.16142
14878.56348 -242.07695
14881.25977 -182.17043
14883.94727 -232.88011
14886.63574 -236.08485
14889.33398 -249.18915
14892.03027 -185.10991
14894.71191 -233.70309
14897.41113 -232.49390
14900.10156 -237.41864
14902.79297 -173.71870
14905.48438 -232.02509
14908.17773 -234.66272
14910.87012 -242.84114
14913.55566 -182.16426
14916.25781 -235.26370
14918.94434 -231.56895
14921.63086 -234.18059
14924.33398 -187.10541
14927.01270 -233.82777
14929.70898 -233.08376
14932.39844 -234.75876
14935.08691 -178.25960
14937.78418 -235.26904
14940.47461 -231.65201
14943.16504 -234.62631
14945.86426 -194.40187
14948.55566 -240.45657
14951.24023 -238.05553
14953.94043 -235.61221
14956.63281 -178.16029
14959.32715 -239.77608
14962.02051 -232.06430
14964.70703 -232.75432
14967.39355 -177.05641
14970.08887 -240.62257
14972.78418 -234.72037
14975.48047 -232.33553
14978.16992 -174.60294
14980.86719 -238.46461
14983.54883 -232.75085
14986.23828 -232.70180
14988.93652 -178.81491
14991.62012 -247.82961
14994.32031 -235.44606
14997.00293 -230.01938
14999.70312 -178.53177
15002.38867 -235.32295
15005.08203 -233.44577
15007.77539 -231.73808
15010.47852 -175.73216
15013.16504 -237.17136
15015.85156 -236.64592
15018.54883 -231.25584
15021.23633 -165.20609
15023.92480 -238.92503
15026.62207 -235.58124
15029.31152 -231.74678
15032.00195 -190.31795
15034.69922 -234.24615
15037.39160 -232.95372
15040.08301 -228.06775
15042.77441 -180.29898
15045.46777 -231.14391
15048.16016 -233.42410
15050.85352 -230.77960
15053.54688 -185.97389
15056.23242 -231.24315
15058.92773 -232.57310
15061.61523 -228.74559
15064.31055 -182.54990
15066.99805 -231.45549
15069.69629 -234.44252
15072.38379 -230.22224
15075.07324 -182.58795
15077.77246 -229.10204
15080.46289 -231.99887
15083.15332 -229.35670
15085.84473 -182.53944
15088.53613 -231.69249
15091.22949 -236.43585
15093.92188 -232.35532
15096.62305 -193.95810
15099.30859 -229.77422
15101.99414 -231.19243
15104.68848 -227.99683
15107.38379 -175.18539
15110.08008 -228.93390
15112.76855 -232.99780
15115.45703 -230.82922
15118.14453 -181.91560
15120.84180 -227.99153
15123.53320 -231.85008
15126.22266 -231.78006
15128.91406 -182.06953
15131.60547 -232.09430
15134.29688 -237.25415
15136.99707 -234.71408
15139.68164 -189.70465
15142.37402 -229.24004
15145.06836 -232.87573
15147.76270 -231.99483
15150.44824 -176.78273
15153.14355 -231.38690
15155.83887 -236.90767
15158.52637 -238.02878
15161.21484 -182.92633
15163.91113 -229.93262
15166.60938 -233.79256
15169.29785 -235.11526
15171.98047 -183.08878
15174.67871 -231.86499
15177.37793 -233.72873
15180.06250 -235.48303
15182.75391 -172.39912
15185.45410 -229.29147
15188.13867 -233.25470
15190.83203 -244.38911
15193.52637 -187.77455
15196.22070 -234.89192
15198.90723 -234.65535
15201.59375 -242.31894
15204.29785 -177.22249
15206.98633 -232.86392
15209.67383 -235.72665
15212.36328 -247.51524
15215.06934 -189.68344
15217.75195 -234.07208
15220.44922 -232.43549
15223.14062 -236.66121
15225.82227 -174.11823
15228.52344 -232.20341
15231.21582 -234.52962
15233.90039 -242.20486
15236.60156 -177.99821
15239.28711 -235.46985
15241.98145 -231.37952
15244.67578 -233.45119
15247.36230 -175.40694
15250.05762 -234.14005
15252.74512 -233.02518
15255.44141 -234.23174
15258.12988 -174.38539
15260.82812 -235.48853
15263.51660 -231.72501
15266.20703 -234.37666
15268.89746 -187.08411
15271.58789 -240.11844
15274.27930 -237.58270
15276.97168 -235.58548
15279.66406 -173.78009
15282.35742 -238.82874
15285.04980 -231.54860
15287.74414 -231.88655
15290.42969 -175.75891
15293.12500 -239.87473
15295.82031 -234.39157
15298.51562 -232.04219
15301.21191 -181.72517
15303.89160 -237.40254
15306.58105 -232.42314
15309.27832 -232.37718
15311.96777 -174.96599
15314.66699 -246.60564
15317.35742 -235.23952
15320.04883 -229.95744
15322.73926 -180.41960
15325.43164 -234.82564
15328.12402 -233.35858
15330.80957 -231.75995
15333.51074 -177.26938
15336.19629 -237.68326
15338.89062 -237.16649
15341.58594 -231.60941
15344.27246 -167.88008
15346.96777 -238.28949
15349.65625 -234.84085
15352.34473 -231.49858
15355.04980 -177.51405
15357.73047 -234.00424
15360.42969 -232.78511
15363.11914 -228.05629
15365.81055 -172.50291
15368.50098 -230.89316
15371.20117 -233.49347
15373.89258 -231.08047
15376.57715 -178.35765
15379.26953 -231.39973
15381.96387 -232.72432
15384.64941 -228.98564
15387.34375 -173.42528
15390.03906 -231.40752
15392.73438 -234.40918
15395.42188 -230.47554
15398.11719 -175.83192
15400.80664 -229.20172
15403.49512 -232.07367
15406.19238 -229.50191
15408.88281 -172.77126
15411.57324 -231.48544
15414.27246 -236.02861
15416.96387 -232.36301
15419.64746 -176.63658
15422.33887 -229.53760
15425.03125 -230.80473
15427.72461 -227.99446
15430.41895 -179.97176
15433.11133 -228.80113
15435.80664 -232.84036
15438.49414 -231.10806
15441.18066 -179.70229
15443.87598 -228.06189
15446.56348 -231.79269
15449.25977 -231.90231
15451.95801 -169.46048
15454.64746 -231.99440
15457.34473 -236.93439
15460.03516 -234.83522
15462.72559 -183.76656
15465.40918 -229.20392
15468.10938 -232.47150
15470.80078 -231.93608
15473.49414 -175.08211
15476.18652 -231.35779
15478.87207 -236.71391
15481.56641 -237.85815
15484.25977 -186.53503
15486.94727 -229.72258
15489.64258 -233.17798
15492.32910 -234.92290
15495.02539 -177.67137
15497.72266 -231.88844
15500.40234 -233.53560
15503.10059 -235.46558
15505.79004 -173.15794
15508.48828 -229.57726
15511.17969 -233.37111
15513.87109 -244.73729
15516.55273 -172.41716
15519.25391 -235.53047
15521.94531 -235.16025
15524.63086 -242.50484
15527.33301 -180.47212
15530.02734 -232.78505
15532.71289 -235.30479
15535.40820 -245.85257
15538.09473 -173.01375
15540.79004 -234.44481
15543.47754 -232.39604
15546.17383 -235.96895
15548.87109 -181.35777
15551.56055 -232.37288
15554.24902 -234.39818
15556.93945 -241.61322
15559.63867 -173.68089
15562.33008 -235.66537
15565.02051 -231.22653
15567.70410 -232.82838
15570.39648 -182.00322
15573.08984 -234.44835
15575.78223 -233.02568
15578.47656 -233.84128
15581.17090 -178.89319
15583.85742 -235.67096
15586.56055 -231.81903
15589.24805 -234.13820
15591.93457 -189.61206
15594.63086 -239.68689
15597.32031 -237.03500
15600.01758 -235.43651
15602.70605 -173.98209
15605.39648 -237.88478
15608.08691 -231.08571
15610.77734 -231.13020
15613.47754 -179.61554
15616.16992 -239.05960
15618.86133 -234.10976
15621.54492 -231.77319
15624.23828 -170.93576
15626.93262 -236.43820
15629.62695 -232.10834
15632.32031 -232.03197
15635.00586 -175.36267
15637.69336 -245.01556
15640.38965 -235.03764
15643.08594 -229.91864
15645.77344 -174.99869
15648.47070 -234.38179
15651.16016 -233.25172
15653.84961 -231.74432
15656.54785 -178.72662
15659.23926 -238.23820
15661.92969 -237.57187
15664.62109 -231.87669
15667.32227 -167.57716
15670.00586 -237.34084
15672.69727 -234.10991
15675.38281 -231.21379
15678.08594 -176.92462
15680.77148 -233.76079
15683.46582 -232.64754
15686.15234 -228.08247
15688.85645 -173.35078
15691.54395 -230.70192
15694.23242 -233.57845
15696.92871 -231.39220
15699.61816 -183.18686
15702.30664 -231.60046
15705.00488 -232.89325
15707.69531 -229.24010
15710.38574 -168.52328
15713.07715 -231.37389
15715.76953 -234.38174
15718.46094 -230.75526
15721.15332 -176.55336
15723.84668 -229.34927
15726.53125 -232.16537
15729.22461 -229.64478
15731.91895 -174.46266
15734.61426 -231.25433
15737.30957 -235.59883
15739.99609 -232.36185
15742.69336 -188.11516
15745.38965 -229.32762
15748.06836 -230.47095
15750.76660 -228.03452
15753.45605 -177.96594
15756.14648 -228.73244
15758.84570 -232.74936
15761.53516 -231.43642
15764.22754 -178.09698
15766.91895 -228.17085
15769.60156 -231.74878
15772.29492 -232.00298
15774.99609 -177.94066
15777.69043 -231.84618
15780.38477 -236.56180
15783.06152 -234.93698
15785.75586 -185.70097
15788.45117 -229.17061
15791.14746 -232.08359
15793.82617 -231.87683
15796.52344 -174.37639
15799.21973 -231.31146
15801.91797 -236.44281
15804.59863 -237.63789
15807.29688 -179.47256
15809.98828 -229.51559
15812.67773 -232.59534
15815.37012 -234.72348
15818.06152 -180.94220
15820.76270 -231.92896
15823.44629 -233.37698
15826.13867 -235.40654
15828.82422 -174.50140
15831.52734 -229.88029
15834.22070 -233.48705
15836.90820 -244.76360
15839.59473 -172.55240
15842.29883 -236.07513
15844.97852 -235.64937
15847.67480 -242.57974
15850.36328 -180.02101
15853.06152 -232.65596
15855.75977 -234.83832
15858.43945 -244.27776
15861.14062 -174.51996
15863.83008 -234.81599
15866.52246 -232.37541
15869.20410 -235.34145
15871.90527 -186.27788
15874.59863 -232.52776
15877.29102 -234.26523
15879.97559 -241.05478
15882.66992 -177.11729
15885.36523 -235.84326
15888.05859 -231.11050
15890.74609 -232.30241
15893.44238 -184.94415
15896.12891 -234.74393
15898.81738 -233.08188
15901.51465 -233.57439
15904.20410 -171.29318
15906.90234 -235.82056
15909.59180 -231.92929
15912.28320 -233.89906
15914.97266 -177.34013
15917.66406 -239.16267
15920.35645 -236.44867
15923.04785 -235.17880
15925.74121 -183.89539
15928.43359 -236.97110
15931.12695 -230.67583
15933.82031 -230.47723
15936.50586 -182.94812
15939.20996 -238.24281
15941.89648 -233.87503
15944.58398 -231.53714
15947.28027 -176.56894
15949.97656 -235.56740
15952.66504 -231.81017
15955.34570 -231.67970
15958.04297 -180.26543
15960.74219 -243.39143
15963.43262 -234.84540
15966.12305 -229.90547
15968.81348 -169.22203
15971.49609 -233.98401
15974.19727 -233.12204
15976.88965 -231.68291
15979.58203 -180.26732
15982.27637 -238.76395
15984.96094 -237.80064
15987.65527 -232.03574
15990.35059 -174.79744
15993.04590 -236.23853
15995.73242 -233.41042
15998.42773 -230.91298
16001.11523 -176.20590
16003.81348 -233.52742
16006.49316 -232.54279
16009.19043 -228.14667
16011.87988 -171.69058
16014.57031 -230.56398
16017.26953 -233.66963
16019.96094 -231.70078
16022.66113 -179.09415
16025.35254 -231.83917
16028.03613 -233.07472
16030.72070 -229.50471
16033.43164 -179.83719
16036.11523 -231.34853
16038.80957 -234.35258
16041.50391 -231.05534
16044.19922 -179.35251
16046.87695 -229.54254
16049.57227 -232.26982
16052.26074 -229.78226
16054.95703 -179.28821
16057.64551 -231.00610
16060.34277 -235.15990
16063.03320 -232.35950
16065.73145 -189.84158
16068.42188 -229.15305
16071.11230 -230.19019
16073.80371 -228.11542
16076.49512 -169.78503
16079.18750 -228.72661
16081.87988 -232.72214
16084.57227 -231.81146
16087.26562 -179.67157
16089.95996 -228.31711
16092.64551 -231.71585
16095.34082 -232.08002
16098.02637 -178.28578
16100.72266 -231.66219
16103.40918 -236.15611
16106.10547 -235.02122
16108.80371 -178.48674
16111.49219 -229.14549
16114.18066 -231.71700
16116.87012 -231.81517
16119.56934 -182.27063
16122.25977 -231.25465
16124.95020 -236.11346
16127.64160 -237.37677
16130.33301 -173.89723
16133.02637 -229.32161
16135.70898 -232.05261
16138.41211 -234.51228
16141.10449 -175.94554
16143.79004 -231.99007
16146.48438 -233.25479
16149.17969 -235.31287
16151.86621 -172.50023
16154.56152 -230.19496
16157.25000 -233.58977
16159.94629 -244.44002
16162.64258 -175.17924
16165.32324 -236.48093
16168.02148 -236.08669
16170.71094 -242.46953
16173.40918 -177.12463
16176.09961 -232.48950
16178.79102 -234.34605
16181.48242 -242.81613
16184.16504 -179.93964
16186.86621 -235.17953
16189.55078 -232.37325
16192.25195 -234.77631
16194.93750 -188.36491
16197.63184 -232.66229
16200.31738 -234.12785
16203.02148 -240.51819
16205.70801 -181.64653
16208.40332 -235.99712
16211.09180 -231.03159
16213.77930 -231.86543
16216.47559 -189.63380
16219.16504 -235.01898
16221.86328 -233.18999
16224.55176 -233.42128
16227.24219 -173.88402
16229.93262 -235.94469
16232.62500 -232.05029
16235.32422 -233.64929
16238.01660 -180.14764
16240.69922 -238.55421
16243.40234 -235.85310
16246.08594 -234.83885
16248.78906 -178.07968
16251.47363 -236.10718
16254.15918 -230.31834
16256.85449 -229.92006
16259.54980 -180.66473
16262.23730 -237.46680
16264.92383 -233.68683
16267.62109 -231.34009
16270.31055 -174.56224
16273.00781 -234.78494
16275.69727 -231.53151
16278.39453 -231.33223
16281.08496 -191.31432
16283.77539 -241.87993
16286.46680 -234.66652
16289.16797 -229.91998
16291.85059 -171.10614
16294.54199 -233.62589
16297.23535 -232.96782
16299.92773 -231.57162
16302.62207 -181.32182
16305.31641 -239.15178
16308.00977 -237.80933
16310.69727 -232.07707
16313.39258 -179.10571
16316.07910 -235.10968
16318.76758 -232.75525
16321.47266 -230.61389
16324.16016 -194.64270
16326.84961 -233.31415
16329.53906 -232.47215
16332.23730 -228.24887
16334.92676 -172.45552
16337.61719 -230.47321
16340.30859 -233.75616
16342.99902 -231.98979
16345.69238 -180.18925
16348.38379 -232.10750
16351.07617 -233.26257
16353.76074 -229.77483
16356.46387 -186.64023
16359.14844 -231.32524
16361.84375 -234.31381
16364.53711 -231.36844
16367.22461 -177.26875
16369.91992 -229.77885
16372.60742 -232.38239
16375.30371 -229.91177
16377.99219 -174.41570
16380.68945 -230.74849
16383.37891 -234.72308
16386.07617 -232.36229
16388.76758 -181.86395
16391.45703 -229.02025
16394.14844 -229.96149
16396.83008 -228.23520
16399.53125 -184.75229
16402.22266 -228.78214
16404.91602 -232.75629
16407.60938 -232.22977
16410.30078 -178.65674
16412.99609 -228.49886
16415.68164 -231.69125
16418.37695 -232.13182
16421.07227 -178.27155
16423.75781 -231.45561
16426.45312 -235.73517
16429.14258 -235.08875
16431.83789 -177.27101
16434.52734 -229.13322
16437.22461 -231.37537
16439.91406 -231.74870
16442.59570 -172.55969
16445.29492 -231.19398
16447.98438 -235.74635
16450.67578 -237.08046
16453.36719 -178.28838
16456.06836 -229.14789
16458.75195 -231.55428
16461.44336 -234.28526
16464.13672 -175.07603
16466.83203 -232.07379
16469.51562 -233.17012
16472.21094 -235.19440
16474.91406 -182.80014
16477.59180 -230.51480
16480.28906 -233.66548
16482.98438 -243.78705
16485.67188 -181.70700
16488.36914 -236.71426
16491.05859 -236.42917
16493.74609 -242.10939
16496.44531 -184.02095
16499.12500 -232.29718
16501.82617 -233.84467
16504.52539 -241.47174
16507.20898 -182.99200
16509.90039 -235.52864
16512.59961 -232.38892
16515.28516 -234.27017
16517.97656 -175.47783
16520.66992 -232.77095
16523.36328 -233.98352
16526.05078 -239.99295
16528.74414 -191.81992
16531.43945 -236.12184
16534.12500 -230.98973
16536.82227 -231.51102
16539.51953 -184.17459
16542.20508 -235.26704
16544.89453 -233.34526
16547.59375 -233.37418
16550.28125 -173.28517
16552.97070 -236.05220
16555.66211 -232.17578
16558.36133 -233.38170
16561.05273 -177.46632
16563.74219 -237.87735
16566.42578 -235.26991
16569.12695 -234.44872
16571.82031 -178.77461
16574.51367 -235.30600
16577.20703 -230.01233
16579.89062 -229.45187
16582.58594 -178.38135
16585.27148 -236.75552
16587.96680 -233.54401
16590.66211 -231.18614
16593.34961 -185.54829
16596.03711 -234.08556
16598.74219 -231.27452
16601.42188 -230.99924
16604.11914 -181.43988
16606.80859 -240.52269
16609.50781 -234.50375
16612.19922 -229.96375
16614.88867 -176.08453
16617.58008 -233.30191
16620.28125 -232.78891
16622.96484 -231.41135
16625.65625 -179.82205
16628.34766 -239.27605
16631.04102 -237.59183
16633.73438 -232.00652
16636.42969 -171.34056
16639.11523 -234.02956
16641.80859 -232.15117
16644.49609 -230.33063
16647.20117 -182.09665
16649.88672 -233.12915
16652.57422 -232.43639
16655.27148 -228.38861
16657.96094 -174.11053
16660.65820 -230.42340
16663.33789 -233.82607
16666.02734 -232.24142
16668.73633 -179.10103
16671.42773 -232.39449
16674.11914 -233.44955
16676.80859 -230.04547
16679.49219 -178.60300
16682.19336 -231.29808
16684.87695 -234.25777
16687.57031 -231.68594
16690.26367 -179.24677
16692.95703 -230.05479
16695.65234 -232.49800
16698.33789 -230.03116
16701.03320 -170.61507
16703.72070 -230.48933
16706.41602 -234.29741
16709.10352 -232.37506
16711.80078 -179.66800
16714.49805 -228.93373
16717.17773 -229.78389
16719.87695 -228.39154
16722.57617 -172.05429
16725.25586 -228.89726
16727.95508 -232.84940
16730.63672 -232.68697
16733.33789 -179.59964
16736.03125 -228.71391
16738.71289 -231.67230
16741.41406 -232.15720
16744.10742 -167.45351
16746.80078 -231.23889
16749.48633 -235.31372
16752.17969 -235.13942
16754.86523 -179.82269
16757.56055 -229.13763
16760.25586 -231.06139
16762.95312 -231.67487
16765.64062 -179.58496
16768.33789 -231.13548
16771.02539 -235.36060
16773.71484 -236.75313
16776.41211 -189.59413
16779.10156 -228.99931
16781.79297 -231.10252
16784.48242 -234.04007
16787.17188 -183.01790
16789.87305 -232.18068
16792.55664 -233.12341
16795.24805 -235.06247
16797.94141 -178.69832
16800.63281 -230.83249
16803.32617 -233.70039
16806.01953 -242.86882
16808.71484 -183.50241
16811.40039 -236.76402
16814.09570 -236.63409
16816.79102 -241.48053
16819.47656 -186.40761
16822.17383 -232.08827
16824.86133 -233.34776
16827.55078 -240.24062
16830.24805 -177.93492
16832.94531 -235.85608
16835.62695 -232.42162
16838.32422 -233.81932
16841.01562 -174.56943
16843.70703 -232.84869
16846.40625 -233.83015
16849.08789 -239.47011
16851.77930 -182.02647
16854.47266 -236.21437
16857.16602 -230.98468
16859.85938 -231.23383
16862.55273 -181.10025
16865.23633 -235.48318
16867.93164 -233.54156
16870.63672 -233.42638
16873.31250 -178.62807
16876.01758 -236.15164
16878.70508 -232.29898
16881.40234 -233.09235
16884.08789 -185.39392
16886.78516 -237.15283
16889.47461 -234.71370
16892.15430 -234.03934
16894.85352 -172.88010
16897.55273 -234.57549
16900.24219 -229.75668
16902.93359 -229.06683
16905.62500 -177.45169
16908.31641 -236.12065
16911.00000 -233.44508
16913.70117 -231.07788
16916.39453 -170.97879
16919.08789 -233.46423
16921.77344 -231.04076
16924.46680 -230.68823
16927.16016 -184.27545
16929.84766 -239.31975
16932.54297 -234.35887
16935.23828 -230.03792
16937.92578 -175.01439
16940.61328 -233.00739
16943.31836 -232.58676
16946.00781 -231.20752
16948.69531 -172.58217
16951.38477 -239.05090
16954.08398 -237.18248
16956.77539 -231.84338
16959.46484 -170.92448
16962.15625 -233.03456
16964.84766 -231.60115
16967.53906 -230.07368
16970.23242 -172.65462
16972.92383 -232.97871
16975.61719 -232.43588
16978.31055 -228.56506
16980.99414 -182.32617
16983.69922 -230.40811
16986.38477 -233.86684
16989.07031 -232.43835
16991.76562 -189.16911
16994.46094 -232.68634
16997.14844 -233.62766
16999.83594 -230.31149
17002.53516 -169.70615
17005.22266 -231.26173
17007.91992 -234.17754
17010.60938 -231.99815
17013.29883 -172.16695
17015.99805 -230.36603
17018.67969 -232.61128
17021.37109 -230.13882
17024.07227 -176.92877
17026.76367 -230.23605
17029.45508 -233.88971
17032.14844 -232.40106
17034.84180 -190.08617
17037.52539 -228.89661
17040.23047 -229.65651
17042.91406 -228.58188
17045.60938 -174.98534
17048.29492 -229.06992
17050.99023 -232.99873
17053.67578 -233.17763
17056.37305 -203.59853
17059.06055 -228.95963
17061.75977 -231.65634
17064.44727 -232.15536
17067.14453 -176.48607
17069.83398 -231.02283
17072.53320 -234.90327
17075.21289 -235.17245
17077.91406 -192.97789
17080.60547 -229.16173
17083.29688 -230.77686
17085.98828 -231.59126
17088.67969 -166.15514
17091.36328 -231.08427
17094.05664 -234.97240
17096.75000 -236.39879
17099.44531 -185.52934
17102.13867 -228.87878
17104.83203 -230.69810
17107.52734 -233.77657
17110.21484 -179.64259
17112.90234 -232.31003
17115.58789 -233.11459
17118.28516 -234.92845
17120.98242 -182.57872
17123.67969 -231.14001
17126.36914 -233.68240
17129.05859 -241.77065
17131.74805 -175.30013
17134.43750 -236.64476
17137.13672 -236.67099
17139.82031 -240.62477
17142.51172 -190.70392
17145.21289 -231.86967
17147.90430 -232.86580
17150.58789 -239.11615
17153.27930 -175.71477
17155.97461 -236.15443
17158.66797 -232.47026
17161.35156 -233.41998
17164.04688 -187.68730
17166.74219 -232.89136
17169.43750 -233.66629
17172.13281 -238.94281
17174.83008 -171.29901
17177.50781 -236.27399
17180.20508 -231.01601
17182.90234 -231.02927
17185.58203 -179.03423
17188.27930 -235.66360
17190.97852 -233.77061
17193.66016 -233.57124
17196.35938 -175.42406
17199.05078 -236.24968
17201.74219 -232.41277
17204.43164 -232.78091
17207.11523 -201.69225
17209.81641 -236.40297
17212.50195 -234.19376
17215.19336 -233.63669
17217.88867 -168.79999
17220.58203 -233.92009
17223.27734 -229.55028
17225.97266 -228.76001
17228.66797 -173.09944
17231.35156 -235.56641
17234.04883 -233.38817
17236.73633 -231.01669
17239.43359 -179.72980
17242.11133 -232.91646
17244.82031 -230.83133
17247.49805 -230.40482
17250.19727 -177.62430
17252.88672 -238.25792
17255.58789 -234.23286
17258.26758 -230.14328
17260.96875 -173.09962
17263.66016 -232.73842
17266.34180 -232.36421
17269.04297 -230.96922
17271.73633 -179.88763
17274.42969 -238.48650
17277.11328 -236.63980
17279.80664 -231.61479
17282.50195 -167.99046
17285.19727 -232.13876
17287.88281 -231.10590
17290.57812 -229.85039
17293.26367 -176.10483
17295.96094 -232.86742
17298.65625 -232.47064
17301.33594 -228.77704
17304.03320 -183.88303
17306.73047 -230.42064
17309.41992 -233.86667
17312.11914 -232.56631
17314.80078 -177.74182
17317.48828 -232.96660
17320.17969 -233.78830
17322.88086 -230.56786
17325.57227 -171.21532
17328.26367 -231.21201
17330.94727 -234.06754
17333.65039 -232.29460
17336.34375 -174.87599
17339.03516 -230.70718
17341.72070 -232.71681
17344.42578 -230.23369
17347.10938 -172.05737
17349.79688 -229.99524
17352.49219 -233.50496
17355.17773 -232.44202
17357.87500 -173.38112
17360.57031 -228.91098
17363.25977 -229.57863
17365.94727 -228.80334
17368.63672 -177.62151
17371.33594 -229.29749
17374.03516 -233.20085
17376.72266 -233.69484
17379.41406 -177.58115
17382.10547 -229.23285
17384.79688 -231.64088
17387.48828 -232.12585
17390.17969 -176.29468
17392.86328 -230.81621
17395.56445 -234.51231
17398.24805 -235.18675
17400.95312 -183.25003
17403.63672 -229.20770
17406.33008 -230.52304
17409.02539 -231.49609
17411.71094 -165.87988
17414.40625 -231.04443
17417.09375 -234.59460
17419.78906 -236.02237
17422.48828 -190.84158
17425.17578 -228.78763
17427.87305 -230.34094
17430.56250 -233.49693
17433.25000 -177.23531
17435.93945 -232.45990
17438.64062 -233.14307
17441.33008 -234.80269
17444.02148 -173.23294
17446.71289 -231.42889
17449.40430 -233.60275
17452.09570 -240.57486
17454.77930 -181.65599
17457.47266 -236.38974
17460.16406 -236.53262
17462.86914 -239.62262
17465.55273 -180.65913
17468.24609 -231.64597
17470.93359 -232.40645
17473.62891 -238.09122
17476.32422 -179.36227
17479.00977 -236.41647
17481.69727 -232.53357
17484.39453 -233.06853
17487.09180 -178.41310
17489.77930 -232.89598
17492.47852 -233.49112
17495.17773 -238.40685
17497.85547 -181.24193
17500.54492 -236.30219
17503.23633 -231.08305
17505.93555 -230.89330
17508.62891 -173.63432
17511.32031 -235.80508
17514.01172 -234.02121
17516.70312 -233.80103
17519.39648 -186.58116
17522.08008 -236.34966
17524.77344 -232.51001
17527.46875 -232.45039
17530.16211 -189.34114
17532.84766 -235.64859
17535.54297 -233.71556
17538.23828 -233.26056
17540.92578 -174.42227
17543.62109 -233.34198
17546.31836 -229.39212
17548.99609 -228.52722
17551.69531 -176.89671
17554.39258 -235.09268
17557.08203 -233.37099
17559.76953 -231.00311
17562.46875 -186.91971
17565.16016 -232.43816
17567.84961 -230.64696
17570.54297 -230.15288
17573.23242 -178.31900
17575.92578 -237.32135
17578.61719 -234.12607
17581.31055 -230.28027
17584.00195 -178.33539
17586.68750 -232.49191
17589.37891 -232.12521
17592.07422 -230.70764
17594.76953 -187.12450
17597.46484 -237.68063
17600.15039 -236.02509
17602.85547 -231.34950
17605.53320 -172.17221
17608.23047 -231.34491
17610.91602 -230.66489
17613.61523 -229.66562
17616.30273 -186.89616
17619.00195 -232.79832
17621.68164 -232.54027
17624.39062 -229.02286
17627.07031 -169.69203
17629.76953 -230.45406
17632.45117 -233.81572
17635.14258 -232.61670
17637.83398 -180.01736
17640.53516 -233.21712
17643.22852 -233.92302
17645.92188 -230.80981
17648.61523 -177.86792
17651.29883 -231.14615
17653.99219 -233.92416
17656.68750 -232.56464
17659.37305 -185.82890
17662.06836 -231.07162
17664.76367 -232.80933
17667.45898 -230.31512
17670.14648 -185.95509
17672.83398 -229.77252
17675.53125 -233.14661
17678.21875 -232.49832
17680.91602 -185.75702
17683.60547 -228.97821
17686.29492 -229.54968
17688.98438 -229.05293
17691.68359 -176.99290
17694.37500 -229.57675
17697.06641 -233.45097
17699.74805 -234.22981
17702.44922 -177.24062
17705.14062 -229.52986
17707.82422 -231.62366
17710.52734 -232.06863
17713.22070 -180.41011
17715.90430 -230.62570
17718.59766 -234.14688
17721.28516 -235.18144
17723.98828 -174.90184
17726.67383 -229.27695
17729.37109 -230.30075
17732.05664 -231.38837
17734.75391 -173.54637
17737.43945 -231.01895
17740.13867 -234.23683
17742.82617 -235.63008
17745.51562 -188.07214
17748.21289 -228.72597
17750.90234 -230.03038
17753.59180 -233.20549
17756.29297 -177.20012
17758.98242 -232.62726
17761.67383 -233.20772
17764.35547 -234.69385
17767.04688 -183.14920
17769.75000 -231.69049
17772.44336 -233.45757
17775.12500 -239.34715
17777.82812 -177.48561
17780.51172 -236.03874
17783.20703 -236.23796
17785.89258 -238.55780
17788.58789 -178.27222
17791.28320 -231.41997
17793.96875 -231.97507
17796.66406 -237.15898
17799.36133 -176.63373
17802.04883 -236.63567
17804.73828 -232.61000
17807.43555 -232.76147
17810.12305 -184.10664
17812.81250 -232.86095
17815.51172 -233.30457
17818.21094 -237.86064
17820.90039 -170.62703
17823.59180 -236.30220
17826.27344 -231.18495
17828.96484 -230.82217
17831.65625 -179.32936
17834.34961 -235.90387
17837.05078 -234.27850
17839.73438 -234.10522
17842.43750 -190.42513
17845.12109 -236.45073
17847.81641 -232.58424
17850.50977 -232.10641
17853.20508 -179.71056
17855.89062 -234.90739
17858.58789 -233.28200
17861.27344 -232.92509
17863.96094 -169.40765
17866.65820 -232.84190
17869.34570 -229.28131
17872.04297 -228.36497
17874.74219 -183.64357
17877.42969 -234.69687
17880.11914 -233.39073
17882.81055 -231.03694
17885.50000 -172.96411
17888.20117 -232.02579
17890.89062 -230.48805
17893.58203 -229.93509
17896.26562 -176.63562
17898.96680 -236.49507
17901.65820 -234.03818
17904.35156 -230.44897
17907.03516 -174.54926
17909.72852 -232.26556
17912.42383 -231.87445
17915.11914 -230.43454
17917.80469 -185.41478
17920.50000 -236.75626
17923.18555 -235.38850
17925.88086 -231.07339
17928.56836 -176.59802
17931.26562 -230.65060
17933.96289 -230.27693
17936.65039 -229.52228
17939.33789 -175.39972
17942.03711 -232.77316
17944.72656 -232.64391
17947.41602 -229.30045
17950.11523 -170.48181
17952.79688 -230.50130
17955.49609 -233.70763
17958.18750 -232.58818
17960.88086 -174.60596
17963.57227 -233.41988
17966.26562 -234.02412
17968.94727 -231.03319
17971.64062 -179.91949
17974.33398 -231.06313
17977.02930 -233.74606
17979.73242 -232.79826
17982.40625 -184.61642
17985.10156 -231.45129
17987.78906 -232.88416
17990.49414 -230.38292
17993.18164 -171.22141
17995.87695 -229.57248
17998.55664 -232.81691
18001.25391 -232.56908
18003.96094 -184.60901
18006.63867 -229.09914
18009.33789 -229.56927
18012.02930 -229.32744
18014.70898 -181.48601
18017.40820 -229.90344
18020.10938 -233.74223
18022.78906 -234.77124
18025.49023 -179.67873
18028.18164 -229.84639
18030.86523 -231.60278
18033.55859 -231.98404
18036.25195 -188.84578
18038.94336 -230.45615
18041.63867 -233.81102
18044.33203 -235.15628
18047.02734 -190.67026
18049.72266 -229.37015
18052.40625 -230.11043
18055.09375 -231.26817
18057.79883 -185.11205
18060.47656 -231.00972
18063.17383 -233.90598
18065.86133 -235.22940
18068.55859 -181.89073
18071.24805 -228.69298
18073.94531 -229.76559
18076.63477 -232.90797
18079.32422 -182.35297
18082.02344 -232.80803
18084.71484 -233.30681
18087.40430 -234.60846
18090.09570 -180.45065
18092.78906 -231.91653
18095.47070 -233.24852
18098.17188 -238.13383
18100.86523 -179.07407
18103.55859 -235.62810
18106.24219 -235.82475
18108.93555 -237.49550
18111.62891 -179.27689
18114.32422 -231.19327
18117.00977 -231.57526
18119.70508 -236.31311
18122.39062 -166.98566
18125.08789 -236.80641
18127.77539 -232.69775
18130.47070 -232.49562
18133.16016 -179.96379
18135.85742 -232.78627
18138.54492 -233.10721
18141.24414 -237.30528
18143.93359 -177.81482
18146.62305 -236.27824
18149.31250 -231.32051
18152.00391 -230.81227
18154.69336 -177.20917
18157.39453 -235.95493
18160.08594 -234.52347
18162.77734 -234.46848
18165.47070 -178.01387
18168.16406 -236.54720
18170.84766 -232.63005
18173.53906 -231.75635
18176.23438 -179.47282
18178.91797 -234.19333
18181.62305 -232.89429
18184.30859 -232.63985
18187.00391 -175.42717
18189.69922 -232.41983
18192.38672 -229.21710
18195.08203 -228.27040
18197.77148 -177.25801
18200.45703 -234.37486
18203.15625 -233.44400
18205.84375 -231.11736
18208.54297 -176.96625
18211.22266 -231.67621
18213.92188 -230.35480
18216.61133 -229.75302
18219.30078 -178.94344
18221.99414 -235.76596
18224.69336 -233.96840
18227.38477 -230.64914
18230.06641 -172.18977
18232.76953 -232.05783
18235.46289 -231.61700
18238.14648 -230.16110
18240.84961 -177.68782
18243.53320 -235.81178
18246.22852 -234.76541
18248.92188 -230.80722
18251.60742 -173.66792
18254.31250 -230.05142
18256.99805 -229.94052
18259.68555 -229.42178
18262.37109 -189.81488
18265.06836 -232.79239
18267.75586 -232.78026
18270.45312 -229.60716
18273.15234 -174.57803
18275.84180 -230.55539
18278.53125 -233.54045
18281.21875 -232.48679
18283.91992 -188.47722
18286.60938 -233.55966
18289.30078 -234.08560
18291.99023 -231.23460
18294.69141 -170.67255
18297.37500 -230.96365
18300.06641 -233.53432
18302.75977 -232.98709
18305.45312 -189.40944
18308.14648 -231.83684
18310.83008 -232.93755
18313.52344 -230.43710
18316.21875 -175.85382
18318.91406 -229.39871
18321.59961 -232.51717
18324.29492 -232.65234
18326.98047 -181.95937
18329.67773 -229.27420
18332.36523 -229.63713
18335.06055 -229.62363
18337.75977 -171.36829
18340.44727 -230.27193
18343.13672 -234.06467
18345.82422 -235.30472
18348.52344 -183.68057
18351.21289 -230.17760
18353.90430 -231.57684
18356.60352 -231.87292
18359.29492 -188.34512
18361.98633 -230.31065
18364.67773 -233.50732
18367.37109 -235.11200
18370.06250 -182.92838
18372.74609 -229.48729
18375.43750 -229.95232
18378.13281 -231.13670
18380.82617 -181.25806
18383.51953 -231.01764
18386.20703 -233.60681
18388.90039 -234.82855
18391.59766 -178.25362
18394.28125 -228.68712
18396.97852 -229.54558
18399.66602 -232.61098
18402.36133 -173.92188
18405.06055 -232.99713
18407.74805 -233.43791
18410.44727 -234.55092
18413.13477 -176.37619
18415.82422 -232.09956
18418.51367 -232.98245
18421.20312 -236.96474
18423.90430 -176.51057
18426.59375 -235.18579
18429.28516 -235.33711
18431.97656 -236.47821
18434.66797 -172.72327
18437.36133 -230.96674
18440.04297 -231.20934
18442.74609 -235.54791
18445.42969 -171.72729
18448.13281 -236.92445
18450.81641 -232.79478
18453.52148 -232.26797
18456.20703 -176.15144
18458.89062 -232.67348
18461.58789 -232.90027
18464.27344 -236.74396
18466.98047 -175.84111
18469.65625 -236.23459
18472.35352 -231.48810
18475.05078 -230.85980
18477.73828 -202.91660
18480.43750 -235.95131
18483.11719 -234.73328
18485.81641 -234.86790
18488.50586 -173.72939
18491.19531 -236.62839
18493.89453 -232.64383
18496.58594 -231.40837
18499.27734 -178.79639
18501.95898 -233.51668
18504.66016 -232.55260
18507.34180 -232.41100
18510.03516 -169.58411
18512.73828 -232.07532
18515.42188 -229.19890
18518.11719 -228.24100
18520.81055 -178.62056
18523.50391 -234.12144
18526.18945 -233.52663
18528.88477 -231.24300
18531.58008 -173.07655
18534.26562 -231.38670
18536.96289 -230.24719
18539.65039 -229.60751
18542.33789 -181.46371
18545.03516 -235.12277
18547.73242 -233.91547
18550.42188 -230.88014
18553.10938 -173.02879
18555.80859 -231.86795
18558.49805 -231.35803
18561.18945 -229.89717
18563.87891 -172.96414
18566.57031 -234.90877
18569.25977 -234.17821
18571.95117 -230.56635
18574.64453 -174.37740
18577.33594 -229.54245
18580.02930 -229.65408
18582.72266 -229.36447
18585.41406 -174.80942
18588.11914 -232.85527
18590.80273 -232.94731
18593.49805 -229.93976
18596.19336 -170.16243
18598.87891 -230.60983
18601.57422 -233.31696
18604.25977 -232.32425
18606.95508 -187.18228
18609.64258 -233.62703
18612.33008 -234.10385
18615.02734 -231.41161
18617.72656 -171.03358
18620.41406 -230.85008
18623.10156 -233.29218
18625.80273 -233.12509
18628.49219 -182.74817
18631.19141 -232.21777
18633.87109 -232.96700
18636.56055 -230.47789
18639.25391 -178.54378
18641.95508 -229.25391
18644.64648 -232.24802
18647.33789 -232.74521
18650.03125 -184.19142
18652.72266 -229.50351
18655.41602 -229.75313
18658.10156 -229.93817
18660.79492 -180.75911
18663.47852 -230.67470
18666.17383 -234.40402
18668.85938 -235.81189
18671.56445 -195.86159
18674.25000 -230.51805
18676.93555 -231.54497
18679.64453 -231.73666
18682.33008 -178.96362
18685.01758 -230.19098
18687.71680 -233.23729
18690.40430 -235.05049
18693.10156 -186.26837
18695.78125 -229.62778
18698.48047 -229.82649
18701.16992 -230.99620
18703.85938 -173.18291
18706.56055 -231.04268
18709.25195 -233.34242
18711.94336 -234.43604
18714.63477 -187.73480
18717.31641 -228.70641
18720.01758 -229.36934
18722.71094 -232.32117
18725.40430 -181.83691
18728.09766 -233.18861
18730.78125 -233.59770
18733.47656 -234.52327
18736.16992 -180.05548
18738.86523 -232.23360
18741.55078 -232.67001
18744.24609 -235.85779
18746.94336 -183.19107
18749.62891 -234.73102
18752.32617 -234.81543
18755.01367 -235.53026
18757.70117 -171.87115
18760.39844 -230.74101
18763.08789 -230.87862
18765.77734 -234.85822
18768.47461 -174.64194
18771.16406 -236.98695
18773.85547 -232.89880
18776.54492 -232.07585
18779.24609 -181.90721
18781.92578 -232.52554
18784.61719 -232.68549
18787.32031 -236.18141
18790.00195 -177.37555
18792.70312 -236.17480
18795.39648 -231.68565
18798.08008 -230.96065
18800.77344 -180.77551
18803.46875 -235.88458
18806.15039 -234.88287
18808.84570 -235.27031
18811.54102 -184.25407
18814.23633 -236.67938
18816.93359 -232.62404
18819.61914 -231.07071
18822.31641 -184.46242
18825.00195 -232.88470
18827.69922 -232.25638
18830.37695 -232.24231
18833.07617 -176.39151
18835.77344 -231.80786
18838.46289 -229.22620
18841.15234 -228.27470
18843.84180 -180.03299
18846.54102 -233.93045
18849.23242 -233.63345
18851.93359 -231.41185
18854.61328 -170.31873
18857.30469 -231.15486
18859.99805 -230.16513
18862.68945 -229.49879
18865.38281 -186.91789
18868.07422 -234.55595
18870.76758 -233.87770
18873.46094 -231.14104
18876.14453 -177.88199
18878.84961 -231.69582
18881.53516 -231.10245
18884.23047 -229.65089
18886.91602 -173.29010
18889.61133 -234.07986
18892.30664 -233.63994
18894.98438 -230.36142
18897.69141 -176.85612
18900.37891 -229.11899
18903.06641 -229.41606
18905.76367 -229.34981
18908.46289 -179.24489
18911.14062 -232.95984
18913.83984 -233.14232
18916.53125 -230.29433
18919.22070 -175.15245
18921.91016 -230.65897
18924.60156 -233.04414
18927.30273 -232.11548
18929.98242 -190.78857
18932.68555 -233.62029
18935.36719 -234.07825
18938.05859 -231.56270
18940.76367 -174.85963
18943.45508 -230.72609
18946.14062 -233.02466
18948.84375 -233.20923
18951.51758 -185.72559
18954.21289 -232.58301
18956.90820 -232.97154
18959.60352 -230.50555
18962.30078 -173.20743
18964.98438 -229.13998
18967.68164 -232.00954
18970.36914 -232.84402
18973.05469 -176.03217
18975.75391 -229.78683
18978.45312 -229.91721
18981.14062 -230.26775
18983.82812 -174.38185
18986.51758 -231.10184
18989.21680 -234.74060
18991.90625 -236.27016
18994.59766 -184.57375
18997.28711 -230.86188
18999.97852 -231.50691
19002.67969 -231.57733
19005.37305 -176.94804
19008.06445 -230.09775
19010.74609 -233.00162
19013.43945 -234.97479
19016.13281 -176.10950
19018.83594 -229.79044
19021.51953 -229.73289
19024.21484 -230.84984
19026.89844 -176.55434
19029.59375 -231.08400
19032.27930 -233.11475
19034.97461 -234.06001
19037.66016 -175.91675
19040.36719 -228.74847
19043.05469 -229.23589
19045.75000 -232.04486
19048.43945 -173.84830
19051.13672 -233.37572
19053.82422 -233.78177
19056.51367 -234.52536
19059.20117 -184.30130
19061.89062 -232.31451
19064.59180 -232.32404
19067.28125 -234.82288
19069.97266 -184.01369
19072.66211 -234.27589
19075.35352 -234.29147
19078.04492 -234.66400
19080.73828 -181.94116
19083.42969 -230.51691
19086.12109 -230.58379
19088.81445 -234.23938
19091.50781 -174.43359
19094.19141 -236.99254
19096.88672 -233.00732
19099.58008 -231.91681
19102.27539 -175.32426
19104.97070 -232.34660
19107.65430 -232.46503
19110.35156 -235.62332
19113.04883 -174.77905
19115.73438 -236.10101
19118.43164 -231.91035
19121.11719 -231.11002
19123.81641 -190.79976
19126.51562 -235.74590
19129.20312 -234.94838
19131.89062 -235.63098
19134.58008 -173.68062
19137.26953 -236.68268
19139.96875 -232.57152
19142.66016 -230.75099
19145.34961 -178.47090
19148.05078 -232.30229
19150.73242 -232.00470
19153.42383 -232.13591
19156.11523 -174.35732
19158.80859 -231.61694
19161.50195 -229.29868
19164.19531 -228.36969
19166.88867 -182.30034
19169.57227 -233.79466
19172.26562 -233.75816
19174.95898 -231.62132
19177.65430 -180.61568
19180.33984 -230.97865
19183.03516 -230.10831
19185.72070 -229.42659
19188.41797 -185.39751
19191.11523 -234.05733
19193.81250 -233.85303
19196.50000 -231.43042
19199.18750 -175.30273
19201.88477 -231.54199
19204.57422 -230.85484
19207.26172 -229.42867
19209.96289 -178.23012
19212.65234 -233.33981
19215.33008 -233.15758
19218.03125 -230.19933
19220.72070 -174.61778
19223.42188 -228.77681
19226.10352 -229.22504
19228.80664 -229.37662
19231.48633 -185.08510
19234.17969 -233.10281
19236.88281 -233.36151
19239.57617 -230.66621
19242.25977 -178.33891
19244.95312 -230.69839
19247.64844 -232.73192
19250.33008 -231.87590
19253.02539 -184.00392
19255.72070 -233.54593
19258.40625 -234.01118
19261.10352 -231.68738
19263.78906 -170.68471
19266.48633 -230.59628
19269.18359 -232.73798
19271.87109 -233.23950
19274.56836 -182.08887
19277.25586 -232.92180
19279.94531 -232.95178
19282.64453 -230.52045
19285.33398 -183.41011
19288.02344 -229.05812
19290.71094 -231.80138
19293.40234 -232.94450
19296.09180 -175.08472
19298.78320 -230.12367
19301.48633 -230.12927
19304.17578 -230.60898
19306.86914 -177.18532
19309.56055 -231.54045
19312.25391 -235.04874
19314.94531 -236.65289
19317.62891 -183.38458
19320.33398 -231.20282
19323.01758 -231.46304
19325.71289 -231.39758
19328.39648 -167.54572
19331.09180 -230.03061
19333.78711 -232.80038
19336.48438 -234.88884
19339.16992 -184.42487
19341.86719 -229.97356
19344.55273 -229.67137
19347.25000 -230.70142
19349.93750 -190.35114
19352.62500 -231.14003
19355.32422 -232.92479
19358.01172 -233.70796
19360.71289 -175.19240
19363.39062 -228.81087
19366.09180 -229.14433
19368.79102 -231.78752
19371.47266 -177.76607
19374.16211 -233.55106
19376.86328 -233.98442
19379.54492 -234.55476
19382.23633 -179.47946
19384.93945 -232.34045
19387.62109 -231.95773
19390.32422 -233.86479
19393.00781 -181.02249
19395.70117 -233.82762
19398.39648 -233.78784
19401.07812 -233.88458
19403.77344 -188.82823
19406.46875 -230.29556
19409.16406 -230.32504
19411.85156 -233.68724
19414.54688 -187.58466
19417.23242 -236.94124
19419.92969 -233.11769
19422.61719 -231.78871
19425.32422 -177.45134
19428.00195 -232.14169
19430.70117 -232.24136
19433.38867 -235.07564
19436.08984 -174.68709
19438.77734 -236.01366
19441.46680 -232.15860
19444.15625 -231.30223
19446.84766 -186.48325
19449.54883 -235.52812
19452.23828 -234.91176
19454.91992 -235.89685
19457.61133 -172.70644
19460.31445 -236.62123
19462.99609 -232.48930
19465.68750 -230.45602
19468.38086 -179.96974
19471.07422 -231.77246
19473.75781 -231.79637
19476.46289 -232.09276
19479.15820 -171.18736
19481.85352 -231.50218
19484.53711 -229.41602
19487.22266 -228.52426
19489.91797 -197.71428
19492.62500 -233.70566
19495.31055 -233.89313
19497.99805 -231.86806
19500.68555 -174.28281
19503.38281 -230.85622
19506.07031 -230.07639
19508.76953 -229.39034
19511.45703 -178.36415
19514.14648 -233.61989
19516.84570 -233.83910
19519.53516 -231.74651
19522.22461 -181.55110
19524.91602 -231.40756
19527.60547 -230.61931
19530.30859 -229.23526
19533.00000 -173.56114
19535.67969 -232.69362
19538.37305 -232.73433
19541.07617 -230.08414
19543.75781 -168.67876
19546.45117 -228.51230
19549.14453 -229.07967
19551.83789 -229.44308
19554.53320 -179.90109
19557.22852 -233.27937
19559.92188 -233.59991
19562.60742 -231.04996
19565.30273 -171.50443
19567.98828 -230.72539
19570.68555 -232.39178
19573.37109 -231.61949
19576.06836 -183.66254
19578.75391 -233.41713
19581.44336 -233.90778
19584.14062 -231.78590
19586.82812 -170.95038
19589.51758 -230.46573
19592.21680 -232.43886
19594.91797 -233.21861
19597.60547 -178.66165
19600.29492 -233.22481
19602.98633 -232.90988
19605.68750 -230.52287
19608.37891 -183.63205
19611.04883 -229.00893
19613.75195 -231.62289
19616.44336 -233.04195
19619.13672 -180.39638
19621.82812 -230.51302
19624.52148 -230.38914
19627.21484 -230.95836
19629.89844 -173.65544
19632.59375 -231.97441
19635.28711 -235.29773
19637.98242 -236.93141
19640.67773 -177.14067
19643.36133 -231.53447
19646.04688 -231.41432
19648.74414 -231.20076
19651.44141 -169.14677
19654.12695 -229.98843
19656.83594 -232.63322
19659.51172 -234.79713
19662.21094 -177.25902
19664.89844 -230.17502
19667.59766 -229.64169
19670.28711 -230.55515
19672.97461 -177.22699
19675.66602 -231.20862
19678.36523 -232.77290
19681.05664 -233.38640
19683.74609 -179.14490
19686.43750 -228.89114
19689.12891 -229.09378
19691.82031 -231.55362
19694.52344 -172.48468
19697.19336 -233.70679
19699.89648 -234.19846
19702.58984 -234.60672
19705.28320 -190.55922
19707.96680 -232.31195
19710.67188 -231.58353
19713.35547 -232.98528
19716.05078 -176.06255
19718.74609 -233.39053
19721.42969 -233.31949
19724.11523 -233.19321
19726.82227 -188.06691
19729.50781 -230.07870
19732.20508 -230.10229
19734.89258 -233.19798
19737.58008 -179.74197
19740.27734 -236.83427
19742.97656 -233.22717
19745.66406 -231.68976
19748.35156 -192.46823
19751.04102 -231.91638
19753.74219 -232.01709
19756.41992 -234.54420
19759.12109 -176.62973
19761.82227 -235.91133
19764.50195 -232.42574
19767.19336 -231.53044
19769.88477 -177.27087
19772.57617 -235.22815
19775.26953 -234.76512
19777.96094 -236.01694
19780.64258 -170.84074
19783.34766 -236.48222
19786.03125 -232.38225
19788.73438 -230.19159
19791.41797 -184.64650
19794.11328 -231.29698
19796.79688 -231.63000
19799.49219 -232.11301
19802.18945 -174.35812
19804.88477 -231.46335
19807.57031 -229.57796
19810.26758 -228.73683
19812.95312 -179.84631
19815.66211 -233.65359
19818.33789 -234.02939
19821.03711 -232.14789
19823.72461 -170.31775
19826.42383 -230.78596
19829.11328 -230.06889
19831.80078 -229.38911
19834.50195 -190.83766
19837.17969 -233.23755
19839.88086 -233.83319
19842.57227 -232.08698
19845.26172 -171.00227
19847.95312 -231.29407
19850.64648 -230.39944
19853.33789 -229.07404
19856.02930 -174.24013
19858.72266 -232.14136
19861.41406 -232.37131
19864.10938 -230.01788
19866.79102 -171.39539
19869.49609 -228.32245
19872.17969 -228.97876
19874.87500 -229.54691
19877.57031 -173.74161
19880.25391 -233.48311
19882.95117 -233.85114
19885.64648 -231.43924
19888.33203 -173.65115
19891.02930 -230.73906
19893.71484 -232.03539
19896.41406 -231.35776
19899.09961 -178.66240
19901.78906 -233.25099
19904.48828 -233.77518
19907.18555 -231.85915
19909.86328 -182.86305
19912.56250 -230.33955
19915.25195 -232.13403
19917.94336 -233.15121
19920.63281 -180.34702
19923.33398 -233.48538
19926.02539 -232.84932
19928.71484 -230.51323
19931.40820 -174.48698
19934.09961 -228.99249
19936.79297 -231.47314
19939.48438 -233.13136
19942.17773 -184.21094
19944.85938 -230.95334
19947.55469 -230.69638
19950.24805 -231.31206
19952.94141 -186.78145
19955.63672 -232.38449
19958.32227 -235.45526
19961.01758 -237.07892
19963.71289 -179.72977
19966.40820 -231.85051
19969.09375 -231.36226
19971.79297 -230.99075
19974.47656 -171.07471
19977.16406 -229.96947
19979.86133 -232.49942
19982.55078 -234.70425
19985.25000 -179.27214
19987.92578 -230.39226
19990.63672 -229.64355
19993.32422 -230.41527
19996.01367 -180.72412
19998.70508 -231.28711
20001.39453 -232.65897
20004.08398 -233.10077
20006.77539 -179.58014
20009.47656 -228.98700
20012.16992 -229.08344
20014.86133 -231.34650
20017.55273 -174.45642
20020.23438 -233.83502
20022.92773 -234.41501
20025.62109 -234.67424
20028.31445 -191.72392
20031.01953 -232.23174
20033.69141 -231.21225
20036.38672 -232.18417
20039.08203 -171.46214
20041.78906 -232.96748
20044.46094 -232.89574
20047.15820 -232.58904
20049.84375 -171.62971
20052.54102 -229.86855
20055.23828 -229.91522
20057.92383 -232.76811
20060.61133 -177.09453
20063.30859 -236.67400
20065.99805 -233.33302
20068.69531 -231.61845
20071.38477 -179.92226
20074.08398 -231.67647
20076.77344 -231.79491
20079.46289 -234.03438
20082.16406 -189.70728
20084.85352 -235.79100
20087.54492 -232.70587
20090.23633 -231.78627
20092.92773 -175.95142
20095.61914 -234.84865
20098.31055 -234.51291
20101.00391 -235.95859
20103.69531 -174.88680
20106.38867 -236.26057
20109.08203 -232.25658
20111.77539 -229.96252
20114.45898 -183.01900
20117.15234 -230.87672
20119.84766 -231.50407
20122.53320 -232.19612
20125.22852 -182.98186
20127.92578 -231.50031
20130.60938 -229.78419
20133.30469 -229.00568
20136.00391 -181.00127
20138.68945 -233.62709
20141.38867 -234.15678
20144.06445 -232.45567
20146.76172 -180.88385
20149.46094 -230.76648
20152.14844 -230.08528
20154.83789 -229.42177
20157.52734 -179.72058
20160.22656 -232.90501
20162.91602 -233.83244
20165.60742 -232.44899
20168.29688 -170.29305
20170.98828 -231.20338
20173.68945 -230.19836
20176.38086 -228.94711
20179.07227 -178.49181
20181.75391 -231.68091
20184.45703 -232.06842
20187.13867 -230.00114
20189.83203 -172.32172
20192.52539 -228.20483
20195.23047 -228.92126
20197.91406 -229.68527
20200.60742 -177.64438
20203.30273 -233.70580
20205.98828 -234.10713
20208.68359 -231.82697
20211.37891 -185.79630
20214.05469 -230.74040
20216.76172 -231.67361
20219.44727 -231.09935
20222.13281 -182.99074
20224.83203 -233.06567
20227.51758 -233.62175
20230.20703 -231.90839
20232.90625 -183.33659
20235.59375 -230.22266
20238.29297 -231.82991
20240.97070 -233.04308
20243.66992 -181.29437
20246.37109 -233.70041
20249.06055 -232.77458
20251.75195 -230.49207
20254.43164 -172.69847
20257.13281 -229.00838
20259.83594 -231.35100
20262.51758 -233.20776
20265.20898 -181.60837
20267.90234 -231.44231
20270.59375 -231.04999
20273.28711 -231.66553
20275.98047 -173.30800
20278.67578 -232.74940
20281.36914 -235.49371
20284.05273 -237.07608
20286.74805 -183.26082
20289.44336 -232.14496
20292.12695 -231.30882
20294.81250 -230.77185
20297.50781 -175.65085
20300.19336 -229.97137
20302.90234 -232.39792
20305.60156 -234.61441
20308.28711 -178.57751
20310.97461 -230.62242
20313.67383 -229.67659
20316.34961 -230.28595
20319.04688 -172.89729
20321.73633 -231.37250
20324.43750 -232.58243
20327.12695 -232.85547
20329.82617 -178.83577
20332.50391 -229.09651
20335.20703 -229.11250
20337.89844 -231.16837
20340.58789 -174.45163
20343.27930 -233.92807
20345.97266 -234.62366
20348.65234 -234.74815
20351.35547 -181.82147
20354.04883 -232.10457
20356.74219 -230.85291
20359.43555 -231.46042
20362.11719 -178.38405
20364.81250 -232.56085
20367.50586 -232.52211
20370.20117 -232.07036
20372.89648 -175.32043
20375.58203 -229.66779
20378.26562 -229.76332
20380.97266 -232.39439
20383.65820 -171.60124
20386.34375 -236.46373
20389.04102 -233.43263
20391.74023 -231.57365
20394.42578 -175.57414
20397.11328 -231.42775
20399.81250 -231.57742
20402.50000 -233.55087
20405.19922 -178.34654
20407.88867 -235.64861
20410.57812 -232.99181
20413.26562 -232.05980
20415.96875 -184.55630
20418.64844 -234.39847
20421.34961 -234.17046
20424.02734 -235.72073
20426.73047 -168.09908
20429.42188 -235.96074
20432.11328 -232.11919
20434.80664 -229.77272
20437.49805 -184.24236
20440.19141 -230.51189
20442.88477 -231.41696
20445.56836 -232.34091
20448.26172 -175.33456
20450.96680 -231.61292
20453.65039 -230.03421
20456.34570 -229.32884
20459.04102 -181.75464
20461.72461 -233.61333
20464.41016 -234.26430
20467.10742 -232.78534
20469.80273 -188.43469
20472.50000 -230.79649
20475.18750 -230.12492
20477.87305 -229.48691
20480.57031 -185.11246
20483.24609 -232.61769
20485.95703 -233.83383
20488.64453 -232.82912
20491.33594 -185.39359
20494.03516 -231.13768
20496.72266 -230.01872
20499.41406 -228.85564
20502.10156 -178.68576
20504.79297 -231.30943
20507.49609 -231.82500
20510.18555 -230.03346
20512.87500 -171.59369
20515.56836 -228.15758
20518.26172 -228.90620
20520.95312 -229.85481
20523.64453 -186.01831
20526.33789 -233.93744
20529.02148 -234.35828
20531.71484 -232.20532
20534.41016 -175.93379
20537.10156 -230.73219
20539.79688 -231.31601
20542.48047 -230.85017
20545.17578 -177.54318
20547.87305 -232.87817
20550.55664 -233.45624
20553.24219 -231.93512
20555.93945 -171.68803
20558.63672 -230.11938
20561.32422 -231.53223
20564.02148 -232.90030
20566.70898 -174.71815
20569.40625 -233.87073
20572.09375 -232.69073
20574.79492 -230.46008
20577.48242 -175.20735
20580.17188 -229.05574
20582.87109 -231.25507
20585.56250 -233.26620
20588.25195 -193.36087
20590.93945 -231.97644
20593.63086 -231.44812
20596.33203 -232.01312
20599.02539 -179.28912
20601.71680 -233.04788
20604.39648 -235.39746
20607.08984 -236.91647
20609.78320 -174.60907
20612.47656 -232.41254
20615.16797 -231.25632
20617.86133 -230.54866
20620.55664 -172.85977
20623.25000 -229.99146
20625.92188 -232.32738
20628.62891 -234.53099
20631.32617 -178.61870
20634.00781 -230.86238
20636.70312 -229.74034
20639.40234 -230.17096
20642.08789 -185.28207
20644.78516 -231.46156
20647.47070 -232.54240
20650.15625 -232.65392
20652.85547 -176.74409
20655.55469 -229.21812
20658.23047 -229.18019
20660.92969 -231.02032
20663.63086 -185.24358
20666.31836 -233.97893
20669.00586 -234.81267
20671.69727 -234.81755
20674.39648 -195.24260
20677.07422 -231.93675
20679.77734 -230.51270
20682.48047 -230.81239
20685.14844 -184.49072
20687.85156 -232.17302
20690.54492 -232.20168
20693.23438 -231.63521
20695.92773 -177.78650
20698.62109 -229.47952
20701.31250 -229.64606
20703.99609 -232.07385
20706.70117 -179.32080
20709.38477 -236.20770
20712.08008 -233.52364
20714.77344 -231.55460
20717.46875 -178.13474
20720.14062 -231.17581
20722.84961 -231.36716
20725.53516 -233.09779
20728.24219 -178.22411
20730.91797 -235.47974
20733.61523 -233.27490
20736.31250 -232.33958
20739.00000 -185.22116
20741.68750 -233.89172
20744.37305 -233.75996
20747.07227 -235.33412
20749.76172 -168.20683
20752.44922 -235.59581
20755.14844 -231.97717
20757.83984 -229.62535
20760.52734 -173.23196
20763.23047 -230.20232
20765.90820 -231.36682
20768.61133 -232.54546
20771.30078 -174.94241
20773.99219 -231.80083
20776.68359 -230.32724
20779.37695 -229.70393
20782.06836 -182.78046
20784.77344 -233.59846
20787.45312 -234.34090
20790.14844 -233.12976
20792.83008 -170.05533
20795.53516 -230.87483
20798.21875 -230.18710
20800.92578 -229.58292
20803.60938 -176.29128
20806.29102 -232.37149
20809.00000 -233.83426
20811.68359 -233.22330
20814.37109 -186.70448
20817.06641 -231.09926
20819.76367 -229.86275
20822.44922 -228.79988
20825.14844 -186.13066
20827.83398 -231.02397
20830.52344 -231.64021
20833.22070 -230.11357
20835.90820 -174.64223
20838.60938 -228.17934
20841.29688 -228.93269
20843.99609 -230.05165
20846.67578 -177.15033
20849.37500 -234.16656
20852.06641 -234.59346
20854.75586 -232.56602
20857.44531 -177.34395
20860.13867 -230.71851
20862.84180 -230.97052
20865.51953 -230.61383
20868.22461 -173.72391
20870.90625 -232.70305
20873.61133 -233.28714
20876.29102 -231.94095
20878.98438 -172.06496
20881.67969 -230.03349
20884.35938 -231.24596
20887.06836 -232.72878
20889.75000 -184.56390
20892.43359 -234.00092
20895.14062 -232.60313
20897.82422 -230.41837
20900.52344 -183.34303
20903.21875 -229.13329
20905.90234 -231.18382
20908.58984 -233.30206
20911.28711 -185.98106
20913.98438 -232.55069
20916.67188 -231.88756
20919.37109 -232.34743
20922.04688 -174.48233
20924.74609 -233.26175
20927.44531 -235.16772
20930.13477 -236.60898
20932.81250 -185.26251
20935.51172 -232.64890
20938.21289 -231.20729
20940.89062 -230.32585
20943.59375 -171.41118
20946.29688 -230.02664
20948.97461 -232.28618
20951.66406 -234.45622
20954.35742 -189.18658
20957.05078 -231.10887
20959.74219 -229.83426
20962.43359 -230.07364
20965.11719 -177.34814
20967.82227 -231.55099
20970.51562 -232.53763
20973.19922 -232.49852
20975.89062 -179.25259
20978.57422 -229.35089
20981.28125 -229.28571
20983.96484 -230.90240
20986.66211 -176.66243
20989.34570 -233.98178
20992.04297 -234.96982
20994.73828 -234.87053
20997.42383 -189.93597
21000.12109 -231.73561
21002.81055 -230.19717
21005.50781 -230.23840
21008.19336 -173.15408
21010.89453 -231.80670
21013.58203 -231.93599
21016.26953 -231.28171
21018.96875 -182.32918
21021.65820 -229.30704
21024.34570 -229.56277
21027.03516 -231.80360
21029.73633 -176.23647
21032.42578 -235.91098
21035.11719 -233.60408
21037.81055 -231.56091
21040.50000 -182.80365
21043.19141 -230.92590
21045.88281 -231.16646
21048.57617 -232.67851
21051.25781 -179.91235
21053.96094 -235.28059
21056.65625 -233.54538
21059.34766 -232.61302
21062.04102 -183.76221
21064.73633 -233.34557
21067.41992 -233.30573
21070.11523 -234.84807
21072.81055 -172.23833
21075.50586 -235.18478
21078.18750 -231.83740
21080.87500 -229.52298
21083.57227 -179.00468
21086.26758 -229.94754
21088.96484 -231.35165
21091.65039 -232.80685
21094.33789 -178.47137
21097.03516 -232.06311
21099.72461 -230.66196
21102.42188 -230.12784
21105.10938 -178.56801
21107.79688 -233.56847
21110.48633 -234.37654
21113.18750 -233.48097
21115.87695 -178.71852
21118.56641 -231.00038
21121.26758 -230.27097
21123.95703 -229.70793
21126.64844 -175.89531
21129.32812 -232.16292
21132.04297 -233.83073
21134.72266 -233.62680
21137.41406 -188.88794
21140.10742 -231.09056
21142.80078 -229.73235
21145.49219 -228.77943
21148.18555 -179.97163
21150.87891 -230.82196
21153.56250 -231.51323
21156.26758 -230.23961
21158.93750 -186.74388
21161.63281 -228.26917
21164.32812 -228.99986
21167.02734 -230.27129
21169.70898 -176.52094
21172.40625 -234.38083
21175.10156 -234.80072
21177.78906 -232.90062
21180.48633 -178.67595
21183.17188 -230.70441
21185.86914 -230.64359
21188.55664 -230.39209
21191.25391 -179.83678
21193.94336 -232.55197
21196.63086 -233.12225
21199.33203 -231.92755
21202.01953 -178.05342
21204.70898 -229.96794
21207.39844 -230.97531
21210.09766 -232.53387
21212.78906 -181.85300
21215.47852 -234.09824
21218.16797 -232.51712
21220.85938 -230.36833
21223.55273 -185.79732
21226.24219 -229.23935
21228.93555 -231.13551
21231.63867 -233.31110
21234.32031 -199.47429
21237.01367 -233.15781
21239.71875 -232.36301
21242.40039 -232.65878
21245.08203 -184.50633
21247.78906 -233.37914
21250.48438 -234.82211
21253.16602 -236.17569
21255.86133 -189.32738
21258.54492 -232.85074
21261.24219 -231.16443
21263.92578 -230.10809
21266.62305 -182.78458
21269.32031 -230.07362
21272.00781 -232.27232
21274.70508 -234.39078
21277.39062 -175.35587
21280.08789 -231.35852
21282.77539 -229.95761
21285.47656 -229.99670
21288.15234 -170.92813
21290.86133 -231.63753
21293.55273 -232.56650
21296.24023 -232.39079
21298.92773 -183.31212
21301.63086 -229.49440
21304.30859 -229.42812
21307.00977 -230.81355
21309.70312 -185.96025
21312.39258 -233.93239
21315.08203 -235.08342
21317.76367 -234.89536
21320.46680 -175.89412
21323.16016 -231.50911
21325.85156 -229.91060
21328.54492 -229.73672
21331.22656 -180.14738
21333.92969 -231.46490
21336.62305 -231.72575
21339.30664 -231.00833
21342.01367 -176.71835
21344.69727 -229.15366
21347.39258 -229.51277
21350.07617 -231.58095
21352.77148 -178.12540
21355.45703 -235.57935
21358.15234 -233.67252
21360.84961 -231.59262
21363.54688 -183.54973
21366.22070 -230.68283
21368.91797 -230.97752
21371.60547 -232.29584
21374.30469 -177.54805
21376.99219 -235.04884
21379.69141 -233.79266
21382.38086 -232.86739
21385.07812 -176.95363
21387.76953 -232.77795
21390.45703 -232.83038
21393.14648 -234.31421
21395.84766 -176.44055
21398.52539 -234.74889
21401.22852 -231.70618
21403.91797 -229.46765
21406.62109 -186.93394
21409.30078 -229.74689
21412.00391 -231.36917
21414.68555 -233.12094
21417.37891 -172.95642
21420.06836 -232.39775
21422.75195 -231.03621
21425.45703 -230.59644
21428.13672 -184.61650
21430.83203 -233.51053
21433.52539 -234.36337
21436.22070 -233.83037
21438.91602 -187.12856
21441.59961 -231.17206
21444.28516 -230.37556
21446.99219 -229.85982
21449.67578 -187.47502
21452.37305 -231.98889
21455.05859 -233.82051
21457.75586 -234.03427
21460.45312 -185.34093
21463.15234 -231.11407
21465.83789 -229.62912
21468.53711 -228.79327
21471.22266 -200.19341
21473.89844 -230.70123
21476.59961 -231.44330
21479.28711 -230.40923
21481.98828 -177.81357
21484.67773 -228.42662
21487.37891 -229.10684
21490.05664 -230.50859
21492.74609 -186.42798
21495.44922 -234.56818
21498.14062 -234.96817
21500.83008 -233.20090
21503.52344 -178.47073
21506.21289 -230.69537
21508.90625 -230.34024
21511.59766 -230.18539
21514.28906 -187.81241
21516.98438 -232.43382
21519.67773 -232.96843
21522.35938 -231.89664
21525.06641 -182.59390
21527.74609 -229.92496
21530.44141 -230.72380
21533.12500 -232.32031
21535.82031 -178.80470
21538.51562 -234.17154
21541.21289 -232.43774
21543.89648 -230.31187
21546.59375 -177.67654
21549.29297 -229.37180
21551.97656 -231.10823
21554.67578 -233.28963
21557.36133 -189.19675
21560.05859 -233.78757
21562.74609 -232.86609
21565.43359 -232.93481
21568.13281 -171.64238
21570.82031 -233.39674
21573.50781 -234.38893
21576.19922 -235.64662
21578.91016 -191.16150
21581.58594 -233.01601
21584.28906 -231.13046
21586.96875 -229.89983
21589.66992 -178.89986
21592.34766 -230.12897
21595.05078 -232.28352
21597.73047 -234.33357
21600.43359 -184.73862
21603.12500 -231.60793
21605.81836 -230.10951
21608.51172 -229.94228
21611.20312 -173.13193
21613.89648 -231.71806
21616.58008 -232.62694
21619.27344 -232.33139
21621.96875 -179.40327
21624.65039 -229.64882
21627.34570 -229.60632
21630.04102 -230.75180
21632.75000 -182.87297
21635.43164 -233.82849
21638.11719 -235.14388
21640.81250 -234.88197
21643.51172 -174.57994
21646.19531 -231.26537
21648.89453 -229.65616
21651.58008 -229.30585
21654.26562 -172.89114
21656.96484 -231.15086
21659.66406 -231.57126
21662.35156 -230.81396
21665.03906 -176.59148
21667.72656 -229.02266
21670.42773 -229.49529
21673.11523 -231.40323
21675.80469 -176.87248
21678.49609 -235.21912
21681.19531 -233.72813
21683.88672 -231.65018
21686.57812 -192.81903
21689.26758 -230.45097
21691.95703 -230.80229
21694.65039 -231.95210
21697.33203 -177.33263
21700.04688 -234.78436
21702.72656 -234.00621
21705.41992 -233.09099
21708.11328 -197.80678
21710.80469 -232.20581
21713.50000 -232.35294
21716.18164 -233.77577
21718.87695 -187.04776
21721.57227 -234.30849
21724.26758 -231.58914
21726.96289 -229.46106
21729.63281 -178.97028
21732.33203 -229.59955
21735.02734 -231.41673
21737.72461 -233.48183
21740.41016 -194.70842
21743.10547 -232.80063
21745.80273 -231.44664
21748.49219 -231.10422
21751.18945 -182.59944
21753.86523 -233.41460
21756.56250 -234.29689
21759.25000 -234.16928
21761.95117 -181.54100
21764.63867 -231.38873
21767.32617 -230.49983
21770.02930 -230.03616
21772.71680 -184.86487
21775.40820 -231.84679
21778.10742 -233.80118
21780.79883 -234.43982
21783.47656 -180.35214
21786.17969 -231.17235
21788.87109 -229.55444
21791.56250 -228.83984
21794.26758 -179.31488
21796.93555 -230.66025
21799.62891 -231.42987
21802.33203 -230.61971
21805.02734 -174.38774
21807.70703 -228.65161
21810.40039 -229.25269
21813.09570 -230.75777
21815.80078 -185.16672
21818.48438 -234.71817
21821.16797 -235.08543
21823.86328 -233.45944
21826.57227 -171.76512
21829.24219 -230.69691
21831.94141 -230.06438
21834.63672 -229.99327
21837.32227 -183.41650
21840.00781 -232.35501
21842.71680 -232.83150
21845.39062 -231.85004
21848.08984 -177.85338
21850.78906 -229.90602
21853.48828 -230.49422
21856.16406 -232.09233
21858.86523 -192.60390
21861.55273 -234.22989
21864.25391 -232.36964
21866.94141 -230.25128
21869.63086 -178.83739
21872.32031 -229.52808
21875.00977 -231.09984
21877.71289 -233.23463
21880.39062 -183.21928
21883.09375 -234.42581
21885.77148 -233.38434
21888.47656 -233.16064
21891.16797 -174.85489
21893.85938 -233.31987
21896.55273 -233.89990
21899.24609 -235.05359
21901.92578 -188.77420
21904.63086 -233.14388
21907.31445 -231.10808
21910.01953 -229.70522
21912.70312 -177.34515
21915.39844 -230.18930
21918.08203 -232.31702
21920.77734 -234.28162
21923.47266 -184.66069
21926.15430 -231.85368
21928.86523 -230.28886
21931.54688 -229.91180
21934.23438 -201.70396
21936.94336 -231.78975
21939.61719 -232.71634
21942.31445 -232.31995
21945.01172 -187.67662
21947.69922 -229.81477
21950.38867 -229.81898
21953.08594 -230.71420
21955.77344 -173.23634
21958.46094 -233.67009
21961.15039 -235.14508
21963.85156 -234.82367
21966.54102 -181.70438
21969.24023 -231.01239
21971.91797 -229.43626
21974.62109 -228.94447
21977.30078 -179.99750
21980.00195 -230.86801
21982.69336 -231.47260
21985.39844 -230.69797
21988.07617 -189.13568
21990.75781 -228.91713
21993.46094 -229.50948
21996.15430 -231.26788
21998.84766 -201.38776
22001.54102 -234.83701
22004.23438 -233.77081
22006.91602 -231.73447
22009.62109 -177.97133
22012.30469 -230.23425
22015.00000 -230.64253
22017.69531 -231.64922
22020.37891 -175.92909
22023.08594 -234.48956
22025.77148 -234.17664
22028.45508 -233.27493
22031.15234 -181.78923
22033.83789 -231.64386
22036.52344 -231.88808
22039.22070 -233.26428
22041.90625 -191.92096
22044.60547 -233.88136
22047.30469 -231.49126
22049.99023 -229.50462
Graph #1 from AudioThread1
2.69198 -228.67459
5.38396 -236.15727
8.07594 -227.61426
10.76791 -183.80460
13.45989 -227.18181
16.15187 -234.03043
18.84385 -228.77654
21.53583 -177.59169
24.22781 -227.51483
26.91979 -233.45129
29.61176 -228.45876
32.30375 -179.84224
34.99573 -227.42172
37.68771 -237.79431
40.37968 -230.04138
43.07167 -177.37355
45.76364 -227.36520
48.45562 -233.70827
51.14760 -230.20807
53.83958 -184.99689
56.53155 -228.27596
59.22354 -241.28117
61.91550 -234.41315
64.60748 -185.97458
67.29947 -228.96231
69.99145 -236.34576
72.68342 -231.14514
75.37541 -178.31334
78.06738 -228.21851
80.75936 -241.20775
83.45135 -234.14259
86.14331 -180.50516
88.83529 -227.89192
91.52726 -232.96796
94.21925 -237.20512
96.91125 -177.70775
99.60323 -231.09097
102.29519 -239.46983
104.98715 -238.35811
107.67915 -192.50868
110.37112 -229.82103
113.06311 -234.92932
115.75508 -237.01289
118.44704 -196.52090
121.13905 -231.24565
123.83102 -237.20575
126.52299 -235.66855
129.21498 -179.37703
131.90695 -231.74017
134.59895 -234.96899
137.29092 -238.56584
139.98288 -175.61641
142.67488 -234.08308
145.36685 -237.18294
148.05884 -236.49802
150.75082 -180.70099
153.44283 -230.77608
156.13478 -232.89276
158.82674 -237.58917
161.51871 -0.33127
164.21068 -238.28801
166.90265 -233.10834
169.59467 -230.27393
172.28662 -184.21086
174.97864 -237.15919
177.67059 -236.98698
180.36258 -234.16513
183.05452 -181.86520
185.74654 -238.68163
188.43854 -234.87596
191.13049 -231.29366
193.82245 -181.57820
196.51450 -236.57092
199.20641 -236.67546
201.89836 -231.24675
204.59042 -174.52878
207.28238 -236.66328
209.97437 -234.87218
212.66631 -229.46089
215.35828 -187.45325
218.05025 -239.62749
220.74232 -238.46919
223.43420 -230.94882
226.12619 -183.22661
228.81815 -236.42261
231.51018 -232.96298
234.20219 -227.75638
236.89415 -183.39114
239.58609 -234.20633
242.27808 -242.45410
244.97008 -228.57407
247.66197 -171.12749
250.35399 -231.15262
253.04602 -236.37543
255.73793 -228.73491
258.42996 -175.81947
261.12186 -234.74071
263.81393 -241.33362
266.50589 -228.41867
269.19791 -183.55838
271.88986 -229.96492
274.58182 -233.76674
277.27374 -227.38449
279.96582 -189.85274
282.65775 -230.18663
285.34970 -238.41666
288.04175 -227.58818
290.73367 -181.75090
293.42569 -228.16388
296.11768 -233.39838
298.80960 -227.48047
301.50159 -187.01785
304.19360 -228.77979
306.88565 -234.44077
309.57758 -227.62079
312.26950 -182.63589
314.96152 -227.63429
317.65353 -236.19466
320.34543 -228.61671
323.03745 -63.09439
325.72943 -228.71429
328.42145 -236.09366
331.11334 -227.62941
333.80530 -178.39581
336.49738 -226.79794
339.18933 -233.70216
341.88138 -228.82205
344.57330 -190.26131
347.26520 -227.57988
349.95728 -233.54854
352.64926 -228.80151
355.34119 -177.83185
358.03311 -227.27345
360.72513 -237.22466
363.41718 -229.93669
366.10907 -180.73677
368.80112 -227.36272
371.49304 -233.67351
374.18506 -230.48686
376.87698 -175.10590
379.56897 -228.12541
382.26089 -241.02162
384.95297 -234.04144
387.64499 -180.48291
390.33694 -229.13481
393.02887 -236.20398
395.72086 -231.20128
398.41293 -187.47916
401.10477 -227.89453
403.79681 -240.07108
406.48877 -234.16322
409.18088 -184.17300
411.87280 -228.06094
414.56479 -233.01114
417.25662 -237.97882
419.94867 -176.13980
422.64066 -231.15201
425.33264 -240.63184
428.02472 -237.33481
430.71658 -189.00230
433.40857 -230.16991
436.10052 -234.96671
438.79248 -237.44025
441.48456 -200.69334
444.17648 -231.22214
446.86844 -237.79756
449.56036 -234.94196
452.25244 -185.46269
454.94443 -232.16975
457.63635 -235.05620
460.32840 -238.49150
463.02029 -175.11896
465.71231 -233.97571
468.40430 -237.36050
471.09634 -235.82454
473.78821 -177.15735
476.48022 -231.38306
479.17224 -232.74597
481.86414 -236.81091
484.55624 -83.15241
487.24811 -238.78716
489.94006 -233.39629
492.63211 -229.86784
495.32404 -182.95091
498.01611 -237.78566
500.70804 -236.77187
503.39996 -234.20471
506.09195 -193.21809
508.78406 -238.83270
511.47589 -234.78430
514.16803 -230.84311
516.85980 -181.01320
519.55188 -237.68826
522.24377 -236.20740
524.93579 -231.22302
527.62781 -173.00351
530.31989 -236.37593
533.01172 -234.80190
535.70380 -229.09851
538.39569 -184.12714
541.08765 -241.16766
543.77960 -237.61476
546.47162 -230.74043
549.16370 -175.59273
551.85553 -235.66220
554.54749 -232.99640
557.23962 -227.65308
559.93170 -179.85687
562.62354 -234.35628
565.31555 -243.70026
568.00751 -228.94724
570.69934 -170.66495
573.39160 -231.21286
576.08344 -236.28746
578.77551 -228.46162
581.46741 -175.20494
584.15930 -234.97447
586.85126 -241.18526
589.54321 -228.55034
592.23523 -184.70833
594.92743 -229.75616
597.61926 -233.84676
600.31134 -227.41740
603.00323 -181.72049
605.69507 -230.36864
608.38708 -239.08534
611.07916 -227.76994
613.77124 -177.41623
616.46307 -227.91606
619.15515 -233.38754
621.84705 -227.47414
624.53906 -178.07416
627.23096 -228.83159
629.92303 -234.94012
632.61493 -228.11037
635.30695 -179.01448
637.99884 -227.68355
640.69092 -236.19569
643.38306 -228.54375
646.07477 -79.57899
648.76697 -228.73453
651.45898 -236.01523
654.15076 -227.68494
656.84277 -175.76849
659.53479 -226.47165
662.22681 -233.45058
664.91882 -228.91524
667.61072 -177.73286
670.30273 -227.67738
672.99475 -233.69229
675.68652 -229.19254
678.37878 -181.16859
681.07068 -227.14563
683.76257 -236.70976
686.45441 -229.87506
689.14667 -182.86719
691.83838 -227.37984
694.53033 -233.66426
697.22241 -230.80240
699.91443 -176.86279
702.60614 -227.97081
705.29840 -240.58331
707.99023 -233.66682
710.68225 -194.20699
713.37433 -229.24867
716.06616 -235.96802
718.75824 -231.33055
721.45032 -173.69156
724.14209 -227.61209
726.83423 -239.07516
729.52625 -234.26537
732.21826 -206.01735
734.90997 -228.26405
737.60205 -233.09203
740.29425 -238.70273
742.98615 -173.87741
745.67798 -231.12485
748.37024 -241.95763
751.06195 -236.52483
753.75403 -174.60323
756.44598 -230.49911
759.13782 -234.97879
761.82996 -237.96336
764.52161 -191.28113
767.21399 -231.18053
769.90588 -238.44708
772.59760 -234.36444
775.28986 -175.45454
777.98187 -232.56949
780.67358 -235.13046
783.36578 -238.45866
786.05780 -196.06921
788.74951 -233.85904
791.44159 -237.52190
794.13367 -235.15921
796.82568 -179.32198
799.51770 -232.10616
802.20947 -232.66518
804.90167 -236.04100
807.59369 -76.09160
810.28552 -238.97160
812.97742 -233.76118
815.66931 -229.55099
818.36182 -187.97063
821.05322 -238.35658
823.74542 -236.53838
826.43762 -234.18555
829.12915 -180.90501
831.82135 -239.00629
834.51331 -234.70097
837.20526 -230.40045
839.89740 -189.53685
842.58917 -239.08070
845.28137 -235.80052
847.97339 -231.17427
850.66516 -177.15897
853.35718 -236.13725
856.04950 -234.72568
858.74091 -228.74272
861.43304 -181.22162
864.12524 -242.93913
866.81702 -236.88974
869.50891 -230.48517
872.20123 -173.65704
874.89294 -234.94475
877.58484 -233.06821
880.27704 -227.58014
882.96924 -186.66862
885.66095 -234.59283
888.35278 -244.68607
891.04498 -229.31914
893.73669 -171.32022
896.42877 -231.31305
899.12079 -236.09050
901.81299 -228.15503
904.50470 -177.96837
907.19659 -235.06560
909.88867 -240.87404
912.58051 -228.66838
915.27277 -180.00757
917.96472 -229.58035
920.65668 -233.94585
923.34869 -227.46046
926.04065 -194.82176
928.73285 -230.58194
931.42450 -239.78671
934.11646 -227.96353
936.80847 -175.85611
939.50049 -227.71410
942.19275 -233.41632
944.88416 -227.49240
947.57660 -178.66020
950.26849 -228.93031
952.96051 -235.53726
955.65234 -228.64278
958.34424 -197.17354
961.03625 -227.75516
963.72833 -236.15271
966.42053 -228.46021
969.11200 -79.69572
971.80432 -228.73595
974.49640 -235.93356
977.18835 -227.78531
979.88025 -172.59052
982.57196 -226.20398
985.26434 -233.27139
987.95593 -229.05370
990.64813 -179.45998
993.34033 -227.80814
996.03210 -233.88469
998.72406 -229.63148
1001.41589 -182.37973
1004.10815 -227.03996
1006.80005 -236.24928
1009.49207 -229.85803
1012.18396 -185.07677
1014.87585 -227.41893
1017.56799 -233.68207
1020.25964 -231.15556
1022.95197 -180.06996
1025.64404 -227.81622
1028.33594 -240.01666
1031.02771 -233.31946
1033.71973 -184.81842
1036.41174 -229.30618
1039.10364 -235.66339
1041.79590 -231.54199
1044.48767 -175.13197
1047.17993 -227.37802
1049.87146 -238.21994
1052.56384 -234.44530
1055.25562 -177.69884
1057.94751 -228.50107
1060.63989 -233.20982
1063.33142 -239.33058
1066.02344 -178.88139
1068.71545 -231.01216
1071.40759 -243.40425
1074.09961 -235.90031
1076.79126 -179.66467
1079.48340 -230.80182
1082.17542 -234.96169
1084.86731 -238.60371
1087.55933 -175.18156
1090.25122 -231.12674
1092.94299 -239.14488
1095.63525 -233.91724
1098.32751 -180.28784
1101.01880 -232.92825
1103.71155 -235.18527
1106.40295 -238.46162
1109.09546 -176.16449
1111.78723 -233.74663
1114.47864 -237.67059
1117.17126 -234.51881
1119.86316 -181.88965
1122.55542 -232.96016
1125.24744 -232.64822
1127.93909 -235.33134
1130.63086 -93.51590
1133.32288 -238.79752
1136.01550 -234.20883
1138.70654 -229.31789
1141.39844 -176.71582
1144.09070 -238.85735
1146.78296 -236.28874
1149.47461 -234.09508
1152.16663 -173.80421
1154.85852 -239.18242
1157.55115 -234.63251
1160.24231 -229.97583
1162.93457 -199.25990
1165.62708 -240.84644
1168.31873 -235.45303
1171.01086 -231.10242
1173.70264 -178.75111
1176.39453 -235.93535
1179.08655 -234.65073
1181.77881 -228.40158
1184.47034 -182.61560
1187.16211 -244.64949
1189.85461 -236.27914
1192.54688 -230.20326
1195.23828 -176.33159
1197.93030 -234.28310
1200.62244 -233.17818
1203.31470 -227.53508
1206.00659 -181.71724
1208.69824 -234.91360
1211.39026 -245.02277
1214.08264 -229.66612
1216.77393 -196.18234
1219.46594 -231.43787
1222.15808 -235.80466
1224.85022 -227.82925
1227.54248 -179.69405
1230.23425 -234.98080
1232.92627 -240.45377
1235.61865 -228.77109
1238.31042 -176.41901
1241.00232 -229.43584
1243.69397 -234.06110
1246.38599 -227.51003
1249.07825 -180.57524
1251.77051 -230.81880
1254.46204 -240.49545
1257.15381 -228.16484
1259.84558 -170.77086
1262.53821 -227.55649
1265.22961 -233.48196
1267.92188 -227.53110
1270.61426 -177.34584
1273.30591 -229.07271
1275.99780 -236.24316
1278.68994 -229.20561
1281.38196 -182.40781
1284.07336 -227.84135
1286.76538 -236.06158
1289.45752 -228.37167
1292.14966 -120.46074
1294.84155 -228.72107
1297.53320 -235.85970
1300.22571 -227.93439
1302.91699 -185.39430
1305.60962 -225.99516
1308.30127 -233.16135
1310.99304 -229.23360
1313.68542 -177.39545
1316.37744 -227.97180
1319.06921 -234.12784
1321.76147 -230.11710
1324.45374 -190.55917
1327.14551 -226.95764
1329.83704 -235.84166
1332.52905 -229.88652
1335.22156 -174.95160
1337.91370 -227.48199
1340.60498 -233.72827
1343.29761 -231.54706
1345.98889 -172.64102
1348.68176 -227.66582
1351.37280 -239.37640
1354.06506 -233.01965
1356.75684 -177.97562
1359.44946 -229.31528
1362.14160 -235.31757
1364.83325 -231.84485
1367.52454 -175.59364
1370.21680 -227.19681
1372.90869 -237.49533
1375.60156 -234.69830
1378.29248 -176.94138
1380.98511 -228.77098
1383.67725 -233.36339
1386.36890 -239.82196
1389.06079 -175.50470
1391.75293 -230.82570
1394.44507 -244.80421
1397.13647 -235.43999
1399.82849 -180.86272
1402.52051 -231.07381
1405.21313 -234.91362
1407.90417 -239.38768
1410.59692 -189.32722
1413.28882 -231.06766
1415.98096 -239.87206
1418.67285 -233.58678
1421.36462 -181.85863
1424.05688 -233.23851
1426.74829 -235.21519
1429.44067 -238.48903
1432.13245 -181.70789
1434.82422 -233.64922
1437.51611 -237.81090
1440.20825 -233.91612
1442.90015 -181.77696
1445.59229 -233.96480
1448.28430 -232.69342
1450.97607 -234.70833
1453.66772 -87.38615
1456.35999 -238.32410
1459.05212 -234.74651
1461.74426 -229.16406
1464.43665 -174.97569
1467.12830 -239.28404
1469.82080 -236.02638
1472.51196 -233.92702
1475.20386 -176.42343
1477.89624 -239.33430
1480.58789 -234.58488
1483.28027 -229.57755
1485.97241 -197.89294
1488.66394 -243.15938
1491.35596 -235.16273
1494.04785 -231.01118
1496.74060 -182.16495
1499.43188 -235.75995
1502.12402 -234.58397
1504.81592 -228.08211
1507.50781 -185.20569
1510.19995 -245.46414
1512.89172 -235.77037
1515.58374 -229.91324
1518.27576 -178.02597
1520.96741 -233.68439
1523.66016 -233.32576
1526.35181 -227.51488
1529.04346 -174.36902
1531.73572 -235.31136
1534.42810 -244.50490
1537.12012 -229.96103
1539.81189 -179.42461
1542.50354 -231.56918
1545.19531 -235.45630
1547.88708 -227.49834
1550.57983 -182.07281
1553.27124 -234.71559
1555.96387 -239.97720
1558.65601 -228.85764
1561.34741 -184.02376
1564.03906 -229.32074
1566.73120 -234.18907
1569.42371 -227.56229
1572.11536 -182.62068
1574.80701 -231.06873
1577.49927 -241.16965
1580.19177 -228.36920
1582.88281 -171.99156
1585.57593 -227.44151
1588.26758 -233.58131
1590.95959 -227.58551
1593.65063 -182.33722
1596.34326 -229.25345
1599.03503 -237.07146
1601.72705 -229.78015
1604.41992 -177.19016
1607.11121 -227.93367
1609.80322 -235.92224
1612.49463 -228.28421
1615.18665 -95.00682
1617.87903 -228.69388
1620.57068 -235.80362
1623.26294 -228.13554
1625.95508 -173.30464
1628.64673 -225.84489
1631.33887 -233.11790
1634.03125 -229.44945
1636.72290 -181.15707
1639.41528 -228.16664
1642.10669 -234.42386
1644.79883 -230.64665
1647.49097 -171.84215
1650.18250 -226.89941
1652.87451 -235.48465
1655.56702 -229.96089
1658.25903 -178.70583
1660.95117 -227.57051
1663.64282 -233.80406
1666.33435 -231.97736
1669.02686 -173.08134
1671.71924 -227.52376
1674.41064 -238.70908
1677.10254 -232.78026
1679.79443 -183.25890
1682.48669 -229.28813
1685.17847 -234.95576
1687.87097 -232.24936
1690.56287 -170.25380
1693.25378 -227.07141
1695.94604 -236.88922
1698.63843 -235.01817
1701.33044 -175.74353
1704.02295 -229.07179
1706.71448 -233.55098
1709.40613 -240.15694
1712.09827 -173.59729
1714.79028 -230.58366
1717.48242 -245.75786
1720.17407 -235.12828
1722.86670 -180.92334
1725.55859 -231.31415
1728.25012 -234.83511
1730.94214 -240.34846
1733.63416 -177.53389
1736.32642 -231.01060
1739.01794 -240.59511
1741.71033 -233.36316
1744.40210 -178.68933
1747.09363 -233.49783
1749.78564 -235.21638
1752.47791 -238.52386
1755.16980 -193.39220
1757.86157 -233.57481
1760.55371 -237.94756
1763.24561 -233.36023
1765.93762 -177.96022
1768.62939 -235.14680
1771.32202 -232.79938
1774.01343 -234.18326
1776.70667 -95.81335
1779.39746 -237.67207
1782.08972 -235.38335
1784.78162 -229.08574
1787.47375 -185.91820
1790.16589 -239.64557
1792.85718 -235.75562
1795.54980 -233.68280
1798.24121 -175.39583
1800.93445 -239.43057
1803.62500 -234.56352
1806.31726 -229.21207
1809.00977 -185.67183
1811.70239 -246.36102
1814.39331 -234.92729
1817.08521 -230.90556
1819.77759 -183.66698
1822.46948 -235.60249
1825.16125 -234.53177
1827.85254 -227.79022
1830.54578 -183.69119
1833.23706 -244.65218
1835.92957 -235.35313
1838.62061 -229.63052
1841.31348 -177.32312
1844.00488 -233.15196
1846.69751 -233.51015
1849.38855 -227.51598
1852.08105 -180.35193
1854.77319 -235.77022
1857.46533 -243.36316
1860.15735 -230.17676
1862.84912 -177.25252
1865.54175 -231.68669
1868.23303 -235.07254
1870.92578 -227.17500
1873.61707 -182.84178
1876.30872 -234.29597
1879.00012 -239.48659
1881.69324 -228.92805
1884.38464 -176.34149
1887.07666 -229.23293
1889.76855 -234.32591
1892.46069 -227.61363
1895.15234 -180.80724
1897.84473 -231.31804
1900.53723 -241.74789
1903.22827 -228.57159
1905.92029 -172.99158
1908.61218 -227.36714
1911.30432 -233.71063
1913.99646 -227.65045
1916.68884 -176.68494
1919.38123 -229.46469
1922.07263 -238.03848
1924.76465 -230.34004
1927.45679 -175.48134
1930.14795 -228.02319
1932.84033 -235.73868
1935.53296 -228.20404
1938.22412 -105.90205
1940.91663 -228.65953
1943.60889 -235.77414
1946.30005 -228.39169
1948.99182 -173.02635
1951.68408 -225.75252
1954.37634 -233.13910
1957.06848 -229.69386
1959.76062 -188.35544
1962.45215 -228.38939
1965.14404 -234.77486
1967.83594 -231.21544
1970.52881 -195.13782
1973.22009 -226.86557
1975.91211 -235.17580
1978.60352 -230.08113
1981.29639 -177.20343
1983.98865 -227.68555
1986.68018 -233.91043
1989.37109 -232.44664
1992.06372 -174.57309
1994.75537 -227.39398
1997.44824 -238.04871
2000.13940 -232.60912
2002.83142 -175.52448
2005.52368 -229.23914
2008.21643 -234.59886
2010.90820 -232.76778
2013.60034 -176.38127
2016.29163 -227.00368
2018.98315 -236.39026
2021.67615 -235.39673
2024.36707 -178.19420
2027.05945 -229.40038
2029.75208 -233.77026
2032.44373 -240.34575
2035.13562 -197.47330
2037.82776 -230.30699
2040.52002 -245.76967
2043.21143 -234.95425
2045.90405 -179.57410
2048.59570 -231.52556
2051.28760 -234.72888
2053.97974 -241.52783
2056.67090 -168.27148
2059.36426 -230.96288
2062.05566 -241.26082
2064.74707 -233.23897
2067.43970 -178.85397
2070.13135 -233.70967
2072.82422 -235.18695
2075.51611 -238.54410
2078.20703 -180.56668
2080.89893 -233.52895
2083.59082 -238.08533
2086.28394 -232.85736
2088.97510 -181.92659
2091.66724 -236.54321
2094.35938 -232.96483
2097.05151 -233.75923
2099.74365 -102.12696
2102.43457 -236.95924
2105.12671 -236.13058
2107.81885 -229.07957
2110.51099 -179.41655
2113.20410 -239.96227
2115.89380 -235.48129
2118.58691 -233.37140
2121.27881 -184.43532
2123.97192 -239.44037
2126.66357 -234.57335
2129.35522 -228.88434
2132.04663 -194.99133
2134.73926 -251.13617
2137.43164 -234.74438
2140.12280 -230.79118
2142.81494 -177.11371
2145.50708 -235.45642
2148.19873 -234.49980
2150.89062 -227.53070
2153.58325 -179.38423
2156.27466 -242.82768
2158.96704 -235.01903
2161.65796 -229.36694
2164.35107 -171.13266
2167.04272 -232.68681
2169.73413 -233.73004
2172.42676 -227.53432
2175.11890 -188.72713
2177.81079 -236.25993
2180.50269 -241.98387
2183.19385 -230.29163
2185.88647 -179.79285
2188.57715 -231.76933
2191.27002 -234.67758
2193.96289 -226.87007
2196.65405 -181.94273
2199.34619 -233.76750
2202.03784 -239.01146
2204.73047 -228.98315
2207.42261 -178.30028
2210.11450 -229.17000
2212.80615 -234.46725
2215.49854 -227.66066
2218.19043 -177.86617
2220.88086 -231.54984
2223.57446 -242.15501
2226.26538 -228.76680
2228.95703 -169.70998
2231.65063 -227.33109
2234.34277 -233.86543
2237.03418 -227.72057
2239.72534 -178.11115
2242.41724 -229.69550
2245.10986 -239.16219
2247.80225 -230.85121
2250.49390 -178.18015
2253.18628 -228.10110
2255.87842 -235.51811
2258.56982 -228.13708
2261.26196 -106.05067
2263.95361 -228.62370
2266.64600 -235.77898
2269.33667 -228.70532
2272.02930 -186.93889
2274.72241 -225.71716
2277.41406 -233.22337
2280.10596 -229.95734
2282.79761 -176.61331
2285.48975 -228.63478
2288.18140 -235.18266
2290.87378 -231.81599
2293.56543 -172.91878
2296.25781 -226.85609
2298.94946 -234.91261
2301.64185 -230.24689
2304.33350 -179.04224
2307.02588 -227.82767
2309.71729 -234.04831
2312.40967 -232.95467
2315.10107 -173.79704
2317.79321 -227.28017
2320.48486 -237.41771
2323.17676 -232.51085
2325.86938 -179.33191
2328.56006 -229.18304
2331.25391 -234.26286
2333.94556 -233.41554
2336.63647 -171.53229
2339.32910 -226.99474
2342.02124 -235.98869
2344.71387 -235.82292
2347.40430 -181.09779
2350.09790 -229.75224
2352.78955 -234.01797
2355.48145 -240.42610
2358.17261 -180.58652
2360.86572 -230.01624
2363.55664 -244.81136
2366.24902 -234.91058
2368.94092 -185.02701
2371.63306 -231.71414
2374.32471 -234.59956
2377.01636 -242.97435
2379.70874 -179.47470
2382.40015 -230.93135
2385.09326 -241.79610
2387.78418 -233.20859
2390.47705 -184.70424
2393.16870 -233.88287
2395.85962 -235.12717
2398.55200 -238.52438
2401.24512 -181.32399
2403.93579 -233.51524
2406.62939 -238.22845
2409.32104 -232.41148
2412.01270 -179.44958
2414.70361 -238.20576
2417.39600 -233.18839
2420.08887 -233.43515
2422.78101 -101.00709
2425.47168 -236.26877
2428.16553 -237.00183
2430.85571 -229.14227
2433.54761 -180.22052
2436.23975 -240.26184
2438.93213 -235.20839
2441.62500 -233.00729
2444.31665 -186.04784
2447.00854 -239.34076
2449.70068 -234.61885
2452.39307 -228.59799
2455.08447 -177.23424
2457.77612 -255.94868
2460.46826 -234.61171
2463.16016 -230.67375
2465.85254 -183.27521
2468.54541 -235.31725
2471.23682 -234.49315
2473.92847 -227.30736
2476.62061 -176.75645
2479.31250 -240.87694
2482.00488 -234.76120
2484.69629 -229.13110
2487.38892 -173.34343
2490.07910 -232.28844
2492.77197 -233.98361
2495.46411 -227.56548
2498.15601 -176.16084
2500.84692 -236.72905
2503.54053 -240.61528
2506.23169 -230.29498
2508.92432 -188.79337
2511.61572 -231.79799
2514.30713 -234.29100
2517.00024 -226.59236
2519.69067 -178.31898
2522.38403 -233.17992
2525.07593 -238.57051
2527.76807 -229.02437
2530.45874 -190.34499
2533.15234 -229.12920
2535.84473 -234.60831
2538.53564 -227.70055
2541.22827 -177.84135
2543.91943 -231.74475
2546.61182 -242.32256
2549.30322 -228.94975
2551.99438 -176.61707
2554.68726 -227.33073
2557.38013 -234.04036
2560.07129 -227.79057
2562.76270 -176.50952
2565.45557 -229.93146
2568.14697 -240.45741
2570.83838 -231.27501
2573.53125 -174.86984
2576.22412 -228.15936
2578.91553 -235.26999
2581.60840 -228.08879
2584.29956 -109.70866
2586.99097 -228.59222
2589.68359 -235.82481
2592.37500 -229.07837
2595.06592 -180.81892
2597.76001 -225.73772
2600.45117 -233.36937
2603.14331 -230.22818
2605.83447 -196.33110
2608.52808 -228.89532
2611.22021 -235.64874
2613.91235 -232.43719
2616.60278 -176.24657
2619.29468 -226.87056
2621.98633 -234.69261
2624.67969 -230.45747
2627.37085 -176.35280
2630.06372 -227.99690
2632.75366 -234.21848
2635.44629 -233.50073
2638.13867 -172.81714
2640.82959 -227.18565
2643.52319 -236.82967
2646.21533 -232.48817
2648.90674 -181.57085
2651.59863 -229.13364
2654.28979 -233.95955
2656.98267 -234.21312
2659.67529 -178.08629
2662.36597 -227.04518
2665.05835 -235.67638
2667.75146 -236.28223
2670.44336 -181.76208
2673.13477 -230.12144
2675.82764 -234.28975
2678.51855 -240.45036
2681.21094 -175.95297
2683.90283 -229.72957
2686.59473 -243.36282
2689.28613 -234.99278
2691.97754 -184.39069
2694.67017 -231.88863
2697.36353 -234.45314
2700.05273 -244.72293
2702.74609 -175.45731
2705.43896 -230.92236
2708.13135 -242.12097
2710.82227 -233.26758
2713.51416 -174.89188
2716.20581 -234.03043
2718.89868 -235.03940
2721.58960 -238.43948
2724.28320 -178.03294
2726.97510 -233.53571
2729.66528 -238.38039
2732.35791 -232.02502
2735.05029 -174.09319
2737.74219 -240.20566
2740.43408 -233.46815
2743.12646 -233.20766
2745.81763 -123.18314
2748.50952 -235.64946
2751.20264 -238.01259
2753.89526 -229.27029
2756.58472 -178.82025
2759.27832 -240.57465
2761.97144 -234.94180
2764.66260 -232.60782
2767.35327 -176.22386
2770.04663 -239.12384
2772.73804 -234.70424
2775.43066 -228.35564
2778.12256 -174.76152
2780.81274 -251.19629
2783.50562 -234.52689
2786.19629 -230.55855
2788.89111 -176.38252
2791.58081 -235.18269
2794.27344 -234.51617
2796.96655 -227.12315
2799.65674 -187.29506
2802.34912 -239.13928
2805.04126 -234.57397
2807.73413 -228.92874
2810.42505 -182.81369
2813.11743 -231.95547
2815.80859 -234.26833
2818.50122 -227.60478
2821.19336 -177.89053
2823.88647 -237.10103
2826.57739 -239.35962
2829.26953 -230.19041
2831.96069 -182.50674
2834.65332 -231.75873
2837.34521 -233.92763
2840.03809 -226.34885
2842.72900 -176.79959
2845.42041 -232.57613
2848.11328 -238.17453
2850.80542 -229.05356
2853.49707 -177.61044
2856.18945 -229.10753
2858.87988 -234.74402
2861.57275 -227.73117
2864.26514 -174.16867
2866.95679 -231.88269
2869.64941 -242.21890
2872.34131 -229.11595
2875.03271 -181.14532
2877.72510 -227.36313
2880.41699 -234.22906
2883.10938 -227.85567
2885.79980 -177.67796
2888.49268 -230.15466
2891.18457 -241.92006
2893.87646 -231.57535
2896.56885 -174.97969
2899.26050 -228.19151
2901.95190 -235.00468
2904.64551 -228.06398
2907.33667 -116.61047
2910.02905 -228.57053
2912.72021 -235.91762
2915.41284 -229.51202
2918.10449 -178.10040
2920.79565 -225.81281
2923.48877 -233.57562
2926.18018 -230.49280
2928.87354 -181.31538
2931.56299 -229.16103
2934.25537 -236.17360
2936.94824 -233.06340
2939.64062 -173.75385
2942.33179 -226.90825
2945.02417 -234.51338
2947.71582 -230.71182
2950.40796 -185.05977
2953.10107 -228.19267
2955.79199 -234.42157
2958.48364 -234.08334
2961.17627 -175.46152
2963.86768 -227.11342
2966.56006 -236.29216
2969.25171 -232.54265
2971.94580 -177.63783
2974.63599 -229.10286
2977.32812 -233.69734
2980.02148 -235.18874
2982.71045 -177.97417
2985.40381 -227.15527
2988.09448 -235.44653
2990.78906 -236.75609
2993.48145 -174.54236
2996.17139 -230.50052
2998.86499 -234.57985
3001.55640 -240.47195
3004.24829 -176.77345
3006.93945 -229.46188
3009.63330 -241.84424
3012.32422 -235.19855
3015.01587 -184.55005
3017.70850 -232.05943
3020.39819 -234.29640
3023.09229 -246.69159
3025.78369 -176.44785
3028.47437 -230.94151
3031.16724 -242.17769
3033.85938 -233.41217
3036.55029 -190.00835
3039.24341 -234.16763
3041.93457 -234.92775
3044.62598 -238.26918
3047.31958 -180.36549
3050.01099 -233.59123
3052.70288 -238.54333
3055.39551 -231.69928
3058.08716 -180.25017
3060.77930 -242.62624
3063.47070 -233.80127
3066.16309 -233.07188
3068.85742 -107.08061
3071.54907 -235.12671
3074.23975 -239.17810
3076.93115 -229.45938
3079.62305 -185.49501
3082.31567 -240.92973
3085.00732 -234.68611
3087.69800 -232.19052
3090.39087 -177.33075
3093.08301 -238.79951
3095.77393 -234.83353
3098.46704 -228.15909
3101.16089 -182.19402
3103.85010 -246.53641
3106.54199 -234.48750
3109.23584 -230.45006
3111.92725 -178.80733
3114.61914 -235.05257
3117.31177 -234.57277
3120.00293 -226.98039
3122.69507 -179.22581
3125.38770 -237.66776
3128.07739 -234.45250
3130.76929 -228.76329
3133.46216 -183.37045
3136.15527 -231.68600
3138.84570 -234.58066
3141.53833 -227.64752
3144.22998 -177.07327
3146.92407 -237.28304
3149.61523 -238.24463
3152.30835 -229.99467
3154.99878 -169.42174
3157.69141 -231.64574
3160.38306 -233.59819
3163.07520 -226.14488
3165.76611 -185.23062
3168.45752 -231.98814
3171.14966 -237.82893
3173.84229 -229.07277
3176.53345 -182.44896
3179.22705 -229.10164
3181.91943 -234.86925
3184.60913 -227.75131
3187.30249 -179.52328
3189.99487 -231.94576
3192.68774 -241.86658
3195.37744 -229.26181
3198.06934 -183.54041
3200.76196 -227.42484
3203.45337 -234.42409
3206.14526 -227.91187
3208.83936 -183.75439
3211.53052 -230.34456
3214.22168 -243.48114
3216.91406 -231.72884
3219.60669 -176.44243
3222.29761 -228.19347
3224.98975 -234.73250
3227.68164 -228.06680
3230.37256 -114.22972
3233.06763 -228.56346
3235.75781 -236.06276
3238.44995 -230.00632
3241.14111 -197.68590
3243.83423 -225.94070
3246.52612 -233.84026
3249.21851 -230.73647
3251.90942 -177.25471
3254.60083 -229.41934
3257.29272 -236.75594
3259.98682 -233.67407
3262.67798 -170.41347
3265.36914 -226.96815
3268.06299 -234.37259
3270.75342 -231.00848
3273.44604 -180.72717
3276.13916 -228.41373
3278.82910 -234.65810
3281.52124 -234.70010
3284.21362 -175.67470
3286.90479 -227.06604
3289.59814 -235.80891
3292.29004 -232.67531
3294.98242 -186.70724
3297.67334 -229.10062
3300.36475 -233.48221
3303.06006 -236.38327
3305.75000 -184.42374
3308.44043 -227.32492
3311.13525 -235.29352
3313.82666 -237.22221
3316.51636 -174.40468
3319.20874 -230.88048
3321.90137 -234.88097
3324.59375 -240.53716
3327.28516 -183.04297
3329.97681 -229.22479
3332.66895 -240.43924
3335.36133 -235.52705
3338.05420 -183.17365
3340.74512 -232.23772
3343.43872 -234.13635
3346.12891 -248.32541
3348.82104 -171.69955
3351.51343 -230.99374
3354.20435 -241.96043
3356.89746 -233.63858
3359.58936 -182.51556
3362.28149 -234.31050
3364.97192 -234.79758
3367.66455 -238.00307
3370.35547 -176.48714
3373.04883 -233.68179
3375.74219 -238.71793
3378.43237 -231.43478
3381.12451 -194.86569
3383.81689 -245.46890
3386.50781 -234.18314
3389.20117 -233.02159
3391.89233 -121.21675
3394.58447 -234.71265
3397.27637 -240.50555
3399.96851 -229.70403
3402.66113 -175.28105
3405.35205 -241.35225
3408.04541 -234.44545
3410.73682 -231.77135
3413.42822 -186.44629
3416.12036 -238.39238
3418.81250 -235.01067
3421.50513 -228.00951
3424.19580 -183.10735
3426.88696 -243.44432
3429.58008 -234.49088
3432.27344 -230.35173
3434.96338 -178.62637
3437.65747 -234.92853
3440.34766 -234.66628
3443.04199 -226.88072
3445.73096 -179.66072
3448.42383 -236.43898
3451.11670 -234.39255
3453.80811 -228.63634
3456.49951 -181.75310
3459.19165 -231.47777
3461.88354 -234.91595
3464.57544 -227.68919
3467.26807 -184.03458
3469.96045 -237.19653
3472.65332 -237.26903
3475.34424 -229.73297
3478.03711 -168.25735
3480.72656 -231.46255
3483.42188 -233.31029
3486.11353 -225.98457
3488.80151 -179.07959
3491.49561 -231.43748
3494.18799 -237.53563
3496.88013 -229.08405
3499.57056 -179.09317
3502.26318 -229.10797
3504.95605 -234.97908
3507.64697 -227.76074
3510.33984 -177.72366
3513.03125 -231.92172
3515.72266 -241.32986
3518.41431 -229.38512
3521.10791 -176.92465
3523.79980 -227.51202
3526.49170 -234.61700
3529.18359 -227.95641
3531.87549 -174.96661
3534.56787 -230.47992
3537.26050 -244.90253
3539.95264 -231.73308
3542.64551 -173.87752
3545.33643 -228.16393
3548.02710 -234.46294
3550.71997 -228.10066
3553.41284 -130.17331
3556.10376 -228.57497
3558.79517 -236.26532
3561.48657 -230.55948
3564.17969 -181.80954
3566.87109 -226.11916
3569.56274 -234.16040
3572.25391 -230.94473
3574.94580 -176.72366
3577.63940 -229.65569
3580.33105 -237.39140
3583.02295 -234.24448
3585.71509 -173.51714
3588.40698 -227.04895
3591.10083 -234.26794
3593.79102 -231.34547
3596.48291 -177.51074
3599.17700 -228.65802
3601.86719 -234.92836
3604.55933 -235.34737
3607.25146 -175.73373
3609.94385 -227.04578
3612.63403 -235.38133
3615.32617 -232.88683
3618.02051 -179.12636
3620.71094 -229.13467
3623.40112 -233.31842
3626.09375 -237.85895
3628.78613 -174.74712
3631.47827 -227.55362
3634.17090 -235.21248
3636.86133 -237.65623
3639.55542 -185.84364
3642.24805 -231.25125
3644.93799 -235.18398
3647.63062 -240.68294
3650.32080 -186.86720
3653.01514 -229.02708
3655.70532 -239.19762
3658.39746 -235.97795
3661.09180 -181.71242
3663.78198 -232.43459
3666.47437 -233.97989
3669.16846 -248.36868
3671.85840 -176.74295
3674.55054 -231.08333
3677.24072 -241.51865
3679.93433 -233.94232
3682.62646 -175.42365
3685.31836 -234.47449
3688.01001 -234.65503
3690.70166 -237.64331
3693.39331 -175.00215
3696.08691 -233.80681
3698.77661 -238.90288
3701.46997 -231.23155
3704.16138 -190.88655
3706.85278 -248.12169
3709.54590 -234.60643
3712.23901 -233.04860
3714.93213 -113.49916
3717.62329 -234.41278
3720.31396 -241.97141
3723.00684 -229.99669
3725.69775 -176.79263
3728.38818 -241.86154
3731.08276 -234.22345
3733.77319 -231.36366
3736.46753 -172.81308
3739.15771 -237.93463
3741.85181 -235.23962
3744.54370 -227.90759
3747.23535 -177.77455
3749.92529 -241.23756
3752.61914 -234.53398
3755.31030 -230.26584
3758.00171 -182.89450
3760.69287 -234.81366
3763.38599 -234.79968
3766.07690 -226.82539
3768.76978 -176.62106
3771.46240 -235.41830
3774.15503 -234.39021
3776.84546 -228.54803
3779.53760 -177.78033
3782.22949 -231.32823
3784.91943 -235.26804
3787.61328 -227.72580
3790.30493 -181.73393
3792.99658 -236.81770
3795.68750 -236.42233
3798.38086 -229.43314
3801.07397 -176.85280
3803.76660 -231.22112
3806.45728 -233.06920
3809.14941 -225.87102
3811.84180 -176.24829
3814.53394 -230.93744
3817.22363 -237.29434
3819.91724 -229.08937
3822.60889 -177.44682
3825.30225 -229.12277
3827.99341 -235.06917
3830.68408 -227.76027
3833.37671 -182.84908
3836.06934 -231.80678
3838.76196 -240.68515
3841.45386 -229.48520
3844.14575 -180.49458
3846.83740 -227.62036
3849.52881 -234.79865
3852.21973 -227.98801
3854.91089 -186.22751
3857.60376 -230.54218
3860.29639 -245.68692
3862.98853 -231.60757
3865.68091 -184.72302
3868.37256 -228.10460
3871.06641 -234.20422
3873.75757 -228.16830
3876.44678 -119.03860
3879.13965 -228.60796
3881.83228 -236.53011
3884.52490 -231.16681
3887.21704 -180.94940
3889.91089 -226.34511
3892.59814 -234.53146
3895.29175 -231.10533
3897.98535 -184.08929
3900.67822 -229.85442
3903.36865 -238.07025
3906.05859 -234.74808
3908.75098 -172.76772
3911.44263 -227.14906
3914.13623 -234.19714
3916.82959 -231.72014
3919.52051 -175.44012
3922.21338 -228.92262
3924.90356 -235.23232
3927.59570 -236.01990
3930.28955 -175.96126
3932.97900 -227.05449
3935.67236 -235.00941
3938.36548 -233.17770
3941.05591 -185.21458
3943.74854 -229.21095
3946.44043 -233.20921
3949.13208 -239.71725
3951.82349 -183.49266
3954.51440 -227.84041
3957.20728 -235.19907
3959.89990 -238.03523
3962.59229 -177.03085
3965.28418 -231.60233
3967.97559 -235.47807
3970.66675 -240.93834
3973.35962 -192.30905
3976.05225 -228.87523
3978.74243 -238.11929
3981.43652 -236.54979
3984.12817 -192.54900
3986.81909 -232.66043
3989.51221 -233.83337
3992.20483 -246.62331
3994.89722 -180.37343
3997.58667 -231.21397
4000.28052 -240.93054
4002.97144 -234.31708
4005.66431 -174.46713
4008.35693 -234.67387
4011.04883 -234.50644
4013.74072 -237.20372
4016.43213 -182.99933
4019.12305 -233.96529
4021.81592 -239.09457
4024.50806 -231.08920
4027.19995 -177.21924
4029.89136 -248.59290
4032.58252 -235.05975
4035.27563 -233.14189
4037.96777 -119.78313
4040.65967 -234.22990
4043.35156 -243.46336
4046.04272 -230.32698
4048.73560 -177.32330
4051.42822 -242.46822
4054.11816 -234.02324
4056.80957 -230.97804
4059.50562 -170.32909
4062.19629 -237.45892
4064.88672 -235.52451
4067.57861 -227.85356
4070.27295 -175.91391
4072.96167 -239.57626
4075.65454 -234.61328
4078.34717 -230.19344
4081.03955 -177.92345
4083.73315 -234.71208
4086.42212 -234.97562
4089.11719 -226.81517
4091.80762 -180.10809
4094.49951 -234.57507
4097.19092 -234.44159
4099.88379 -228.49721
4102.57471 -187.62376
4105.26709 -231.23457
4107.95850 -235.62909
4110.64990 -227.75414
4113.34326 -176.29053
4116.03564 -236.19193
4118.72754 -235.69240
4121.41943 -229.12109
4124.11035 -178.45587
4126.80322 -230.93893
4129.49561 -232.87868
4132.18750 -225.80655
4134.87891 -181.05681
4137.56934 -230.49561
4140.26221 -237.10326
4142.95605 -229.09042
4145.64551 -171.67816
4148.33887 -229.14218
4151.03125 -235.13609
4153.72363 -227.75168
4156.41553 -189.18980
4159.10840 -231.60654
4161.79932 -239.99767
4164.49170 -229.56310
4167.18311 -175.17462
4169.87207 -227.74506
4172.56738 -234.95956
4175.25781 -228.00702
4177.95166 -179.05534
4180.64307 -230.51910
4183.33594 -245.39754
4186.02832 -231.38692
4188.71777 -183.61890
4191.40918 -228.01987
4194.10449 -233.96332
4196.79248 -228.27182
4199.48438 -141.22134
4202.17822 -228.66414
4204.87109 -236.86177
4207.56348 -231.81908
4210.25488 -179.54842
4212.94385 -226.61449
4215.63916 -234.94600
4218.32959 -231.21034
4221.02148 -187.56097
4223.71240 -230.00075
4226.40527 -238.77415
4229.09766 -235.16112
4231.78955 -171.55775
4234.48291 -227.26662
4237.17334 -234.15788
4239.86523 -232.12903
4242.55713 -179.49028
4245.25000 -229.20352
4247.94287 -235.56952
4250.63281 -236.71048
4253.32617 -177.57509
4256.01709 -227.09372
4258.70947 -234.69243
4261.40137 -233.54822
4264.09229 -182.77927
4266.78516 -229.33365
4269.47754 -233.15720
4272.16895 -242.13873
4274.86279 -186.97339
4277.55273 -228.18349
4280.24463 -235.24904
4282.93848 -238.34242
4285.62939 -178.33586
4288.32129 -231.92381
4291.01318 -235.75116
4293.70654 -241.32649
4296.39697 -184.03275
4299.09131 -228.77406
4301.78027 -237.18983
4304.47314 -237.23679
4307.16602 -186.23128
4309.85742 -232.92477
4312.54834 -233.70258
4315.24121 -244.34232
4317.93311 -173.98251
4320.62451 -231.38885
4323.31738 -240.27199
4326.00732 -234.75331
4328.69922 -195.31192
4331.39453 -234.92169
4334.08740 -234.35800
4336.77686 -236.70573
4339.46777 -169.52344
4342.16064 -234.15611
4344.85254 -239.28674
4347.54639 -231.00700
4350.23730 -177.13312
4352.92676 -246.71915
4355.62354 -235.52592
4358.31152 -233.28615
4361.00439 -120.62012
4363.69629 -234.16631
4366.38965 -244.67816
4369.08008 -230.68069
4371.77197 -180.64859
4374.46582 -243.16791
4377.15625 -233.84743
4379.84814 -230.62250
4382.53955 -192.17189
4385.23291 -236.99376
4387.92529 -235.86958
4390.61621 -227.84724
4393.30957 -181.01472
4396.00000 -238.28705
4398.69385 -234.72444
4401.38477 -230.13431
4404.07715 -174.14093
4406.76904 -234.62837
4409.45996 -235.19637
4412.15283 -226.85045
4414.84473 -184.53809
4417.53564 -233.88489
4420.22852 -234.54257
4422.92041 -228.48166
4425.61133 -176.74788
4428.30420 -231.19363
4430.99609 -235.98950
4433.68750 -227.77205
4436.38037 -194.85199
4439.07227 -235.40645
4441.76318 -235.06801
4444.45605 -228.81836
4447.14844 -188.41702
4449.83936 -230.63573
4452.53223 -232.74150
4455.22461 -225.79301
4457.91553 -184.52638
4460.60840 -230.11575
4463.30029 -236.95949
4465.99170 -229.08861
4468.68457 -177.14876
4471.37646 -229.16251
4474.06787 -235.17769
4476.76074 -227.73753
4479.45264 -195.33005
4482.14355 -231.33452
4484.83594 -239.31334
4487.52832 -229.62143
4490.22168 -170.89653
4492.91162 -227.88094
4495.60596 -235.09084
4498.29688 -228.01537
4500.98926 -173.82916
4503.67871 -230.40784
4506.37158 -244.23941
4509.06445 -231.11050
4511.75586 -179.19997
4514.44873 -227.91620
4517.14111 -233.74579
4519.83008 -228.41261
4522.52344 -124.18806
4525.21777 -228.74397
4527.90918 -237.26471
4530.59961 -232.50037
4533.29150 -179.13647
4535.98242 -226.92174
4538.67480 -235.39224
4541.36914 -231.25766
4544.06006 -175.12273
4546.75000 -230.08302
4549.44434 -239.47198
4552.13770 -235.46831
4554.82715 -186.90193
4557.51855 -227.39952
4560.21143 -234.14767
4562.90088 -232.56772
4565.59473 -191.56192
4568.28711 -229.49553
4570.97900 -235.93887
4573.67236 -237.40968
4576.36230 -195.02122
4579.05371 -227.16469
4581.74707 -234.42924
4584.43896 -233.99831
4587.12988 -176.97188
4589.82324 -229.50542
4592.51465 -233.16479
4595.20557 -245.48277
4597.89844 -188.22868
4600.59229 -228.57997
4603.28516 -235.35794
4605.97510 -238.57187
4608.66602 -181.94101
4611.36133 -232.20767
4614.05322 -235.99054
4616.74414 -241.86560
4619.43408 -172.82079
4622.12549 -228.72717
4624.81836 -236.39272
4627.51025 -238.02310
4630.20166 -178.71762
4632.89453 -233.23602
4635.58594 -233.59254
4638.27930 -242.23260
4640.97119 -176.33789
4643.66016 -231.61079
4646.35547 -239.60014
4649.04980 -235.23610
4651.74072 -184.73642
4654.43066 -235.22987
4657.12207 -234.21541
4659.81250 -236.17345
4662.50684 -176.08745
4665.19775 -234.37819
4667.89014 -239.47021
4670.58398 -230.98383
4673.27441 -185.16614
4675.96680 -244.54132
4678.65771 -235.98045
4681.35010 -233.46028
4684.04395 -121.68256
4686.73486 -234.22519
4689.42676 -245.12909
4692.12012 -231.03903
4694.81055 -180.27438
4697.50195 -243.92848
4700.19482 -233.69818
4702.88672 -230.30275
4705.57812 -176.09575
4708.27051 -236.56178
4710.96191 -236.27925
4713.65527 -227.88805
4716.34473 -175.79279
4719.03809 -237.27165
4721.73047 -234.86214
4724.42188 -230.08708
4727.11475 -177.10277
4729.80664 -234.56718
4732.49756 -235.46387
4735.18994 -226.93123
4737.88135 -173.27811
4740.57373 -233.32874
4743.26562 -234.68842
4745.95898 -228.49815
4748.65137 -173.04439
4751.34229 -231.20184
4754.03467 -236.33798
4756.72656 -227.77872
4759.41699 -182.99051
4762.10889 -234.54994
4764.80225 -234.53963
4767.49463 -228.54144
4770.18604 -172.42432
4772.87891 -230.33066
4775.57031 -232.65991
4778.26123 -225.83180
4780.95312 -177.18143
4783.64697 -229.79922
4786.33936 -236.85925
4789.03076 -229.08501
4791.72070 -178.73872
4794.41309 -229.18031
4797.10596 -235.19328
4799.79834 -227.72108
4802.48926 -179.38669
4805.17969 -231.00922
4807.87061 -238.66063
4810.56348 -229.66409
4813.25830 -180.63576
4815.94873 -228.02257
4818.64111 -235.18492
4821.33203 -228.01642
4824.02441 -180.26318
4826.71631 -230.21552
4829.40918 -242.76141
4832.10059 -230.81441
4834.79395 -172.53439
4837.48633 -227.80133
4840.17725 -233.55606
4842.86963 -228.59146
4845.55811 -134.32463
4848.25391 -228.84651
4850.94531 -237.74265
4853.63818 -233.18549
4856.33008 -172.81033
4859.02100 -227.25937
4861.71094 -235.85220
4864.40430 -231.25154
4867.09668 -180.54268
4869.78857 -230.09503
4872.48145 -240.11620
4875.17041 -235.66731
4877.86621 -173.53842
4880.55566 -227.54546
4883.24902 -234.16396
4885.93848 -233.03065
4888.63232 -191.57704
4891.32471 -229.79227
4894.01611 -236.33836
4896.70898 -238.10583
4899.40332 -172.03886
4902.09375 -227.26828
4904.78564 -234.21851
4907.47607 -234.52718
4910.16846 -185.36311
4912.85938 -229.72743
4915.55469 -233.23439
4918.24561 -250.49962
4920.93799 -179.60080
4923.62939 -229.02533
4926.31982 -235.52051
4929.01416 -238.73064
4931.70459 -177.52673
4934.39648 -232.44911
4937.08691 -236.18437
4939.78223 -242.56683
4942.47266 -191.17096
4945.16211 -228.73737
4947.85596 -235.71309
4950.54590 -238.87228
4953.24023 -187.73296
4955.93311 -233.60141
4958.62402 -233.50769
4961.31738 -240.42982
4964.00928 -189.57913
4966.70215 -231.88223
4969.39160 -238.95186
4972.08447 -235.74265
4974.77686 -193.59003
4977.46777 -235.60970
4980.16016 -234.08371
4982.85352 -235.62953
4985.54297 -180.41861
4988.23438 -234.63069
4990.92969 -239.63301
4993.62109 -231.01813
4996.31152 -182.48277
4999.00293 -242.78403
5001.69531 -236.39093
5004.38721 -233.63609
5007.08057 -129.30704
5009.77197 -234.41161
5012.46240 -244.57927
5015.15430 -231.37852
5017.84766 -179.87183
5020.54004 -244.66783
5023.23047 -233.57722
5025.92285 -230.02275
5028.61377 -181.96336
5031.30615 -236.17998
5034.00293 -236.75797
5036.69238 -227.97485
5039.38330 -189.66225
5042.07568 -236.46942
5044.77002 -235.01976
5047.45996 -230.04922
5050.15381 -180.30566
5052.84375 -234.53282
5055.53516 -235.77957
5058.22510 -227.05704
5060.91943 -179.78700
5063.60938 -232.89185
5066.30127 -234.87334
5068.99414 -228.54250
5071.68848 -179.07921
5074.37891 -231.25507
5077.07324 -236.66205
5079.76123 -227.77455
5082.45557 -180.05466
5085.14893 -233.68968
5087.83789 -234.09940
5090.53125 -228.30229
5093.22314 -192.84419
5095.91650 -230.04056
5098.60840 -232.63588
5101.29883 -225.92400
5103.99121 -179.29164
5106.68408 -229.54587
5109.37354 -236.79791
5112.06689 -229.08046
5114.75928 -181.89067
5117.45020 -229.19269
5120.14160 -235.18378
5122.83252 -227.70598
5125.52734 -185.25140
5128.21826 -230.65054
5130.91309 -238.05545
5133.60400 -229.69597
5136.29346 -175.98610
5138.98682 -228.16451
5141.67920 -235.23663
5144.37256 -228.01462
5147.06152 -175.63451
5149.75537 -229.95747
5152.44727 -241.31123
5155.13770 -230.52742
5157.83008 -179.56787
5160.52051 -227.68347
5163.21289 -233.39755
5165.90625 -228.80844
5168.60107 -129.86478
5171.28906 -228.96927
5173.98389 -238.29781
5176.67432 -233.83806
5179.36621 -181.63434
5182.06006 -227.61757
5184.75146 -236.29993
5187.43896 -231.20178
5190.13379 -184.94966
5192.82422 -230.03737
5195.51855 -240.64337
5198.20898 -235.76971
5200.90088 -173.70827
5203.59424 -227.70192
5206.28613 -234.20383
5208.97900 -233.51106
5211.67041 -183.17462
5214.36084 -230.08609
5217.05518 -236.76465
5219.74805 -238.78529
5222.43652 -172.35764
5225.13232 -227.40506
5227.82031 -234.05876
5230.51025 -235.13274
5233.20410 -181.23392
5235.89746 -229.99931
5238.59131 -233.36868
5241.28125 -255.53180
5243.97461 -187.34644
5246.66455 -229.51259
5249.35547 -235.73009
5252.04785 -238.83760
5254.74121 -195.15007
5257.43359 -232.64742
5260.12695 -236.32315
5262.81641 -243.42490
5265.50977 -176.06454
5268.20117 -228.80695
5270.89160 -235.13860
5273.58643 -239.71191
5276.27637 -180.05971
5278.96777 -234.02704
5281.66064 -233.45177
5284.35547 -238.91074
5287.04541 -183.82018
5289.73633 -232.20528
5292.42920 -238.34816
5295.12012 -236.23985
5297.81299 -180.01770
5300.50684 -236.07242
5303.19873 -233.96727
5305.88965 -235.09285
5308.58203 -176.63094
5311.27246 -234.91322
5313.96729 -239.76080
5316.65771 -231.10773
5319.34619 -181.22853
5322.04004 -241.47284
5324.73389 -236.71899
5327.42432 -233.77837
5330.11523 -124.75603
5332.80811 -234.73332
5335.50244 -243.36600
5338.19434 -231.67220
5340.88574 -178.86140
5343.57471 -245.23215
5346.27148 -233.48590
5348.96045 -229.78499
5351.65430 -175.30562
5354.34326 -235.86078
5357.03613 -237.30977
5359.72754 -228.10591
5362.42090 -178.01524
5365.11230 -235.84026
5367.80762 -235.18922
5370.49609 -230.01723
5373.18848 -175.35197
5375.87939 -234.52898
5378.57178 -236.14424
5381.26514 -227.22684
5383.95410 -183.56660
5386.65039 -232.56241
5389.34180 -235.09004
5392.03516 -228.60954
5394.72656 -176.51460
5397.41650 -231.34840
5400.10742 -236.94894
5402.80273 -227.76135
5405.49072 -179.17842
5408.18604 -232.86827
5410.87646 -233.74103
5413.56836 -228.10912
5416.26172 -192.45555
5418.95020 -229.77928
5421.64307 -232.67143
5424.33496 -226.07039
5427.03027 -186.59567
5429.72119 -229.35443
5432.41016 -236.76993
5435.10449 -229.07556
5437.79590 -175.57936
5440.48926 -229.19743
5443.18115 -235.15160
5445.87109 -227.69603
5448.56543 -172.25781
5451.25537 -230.27727
5453.94971 -237.50572
5456.64160 -229.72241
5459.33203 -176.28949
5462.02441 -228.30154
5464.71777 -235.24384
5467.40674 -228.01517
5470.09961 -187.26411
5472.79053 -229.65381
5475.48340 -240.01279
5478.17432 -230.27051
5480.86670 -172.35193
5483.56006 -227.57068
5486.25244 -233.27286
5488.94238 -229.06287
5491.63379 -134.35695
5494.32666 -229.10815
5497.01758 -238.92917
5499.71094 -234.41150
5502.40430 -177.19749
5505.09668 -227.98381
5507.78711 -236.70068
5510.47852 -231.12190
5513.16846 -177.45946
5515.86328 -229.91733
5518.55518 -240.98514
5521.24609 -235.79785
5523.93848 -175.88606
5526.62891 -227.86627
5529.32373 -234.26419
5532.01709 -234.00093
5534.70898 -191.78665
5537.40137 -230.36836
5540.09229 -237.21254
5542.78125 -239.43353
5545.47461 -177.94247
5548.16699 -227.57524
5550.85986 -233.94850
5553.55176 -235.81082
5556.24121 -181.94621
5558.93555 -230.31882
5561.62793 -233.57072
5564.31836 -250.45363
5567.00977 -179.83702
5569.70264 -230.03154
5572.39453 -235.97787
5575.08740 -238.91940
5577.77832 -175.15169
5580.46973 -232.80618
5583.16406 -236.40141
5585.85547 -244.39265
5588.54541 -183.33363
5591.23633 -228.93797
5593.92969 -234.65930
5596.62354 -240.42038
5599.31543 -174.89232
5602.00586 -234.51761
5604.70020 -233.42804
5607.39014 -237.62903
5610.08105 -181.26024
5612.77637 -232.58182
5615.46777 -237.79973
5618.15918 -236.68358
5620.85254 -186.40910
5623.54395 -236.62996
5626.23633 -233.86972
5628.92773 -234.57784
5631.61670 -172.85710
5634.31055 -235.22609
5637.00195 -239.83823
5639.69775 -231.24954
5642.38867 -178.81796
5645.08105 -240.53185
5647.77148 -236.92624
5650.46387 -233.84782
5653.15381 -143.59563
5655.84521 -235.20207
5658.53760 -241.95845
5661.23145 -231.89287
5663.92383 -181.73309
5666.61377 -245.41777
5669.30566 -233.42520
5671.99805 -229.59082
5674.69238 -184.02942
5677.38477 -235.61340
5680.07520 -237.93752
5682.76660 -228.27867
5685.45654 -180.88516
5688.15039 -235.35597
5690.83984 -235.36082
5693.53418 -229.98679
5696.22559 -173.79514
5698.91553 -234.55836
5701.61035 -236.55754
5704.30225 -227.43889
5706.99268 -183.97591
5709.68506 -232.33081
5712.38086 -235.32924
5715.06934 -228.69333
5717.76172 -177.76839
5720.45312 -231.47610
5723.14453 -237.18712
5725.83447 -227.74197
5728.52930 -177.14989
5731.22168 -232.10951
5733.91211 -233.45953
5736.60742 -227.96735
5739.29443 -172.45154
5741.98926 -229.55771
5744.68213 -232.76877
5747.37256 -226.27148
5750.06445 -185.45590
5752.75781 -229.22301
5755.44922 -236.76872
5758.14160 -229.07076
5760.83545 -184.81908
5763.52783 -229.19322
5766.21777 -235.10045
5768.90918 -227.69513
5771.60156 -187.16606
5774.29590 -229.90536
5776.98438 -237.01456
5779.67725 -229.74884
5782.36865 -176.11047
5785.06104 -228.42909
5787.75488 -235.20776
5790.44385 -228.02364
5793.13672 -175.37775
5795.82764 -229.32562
5798.52051 -238.88927
5801.21387 -230.05798
5803.90576 -177.27687
5806.59863 -227.47035
5809.28955 -233.18387
5811.98193 -229.35318
5814.67236 -136.30835
5817.36719 -229.25735
5820.05664 -239.62909
5822.74805 -234.85580
5825.43994 -178.69994
5828.13281 -228.34283
5830.82764 -237.01300
5833.51758 -231.02711
5836.20801 -173.21434
5838.90039 -229.74750
5841.59277 -241.09109
5844.28418 -235.77933
5846.97705 -168.83749
5849.66748 -228.03587
5852.35889 -234.34146
5855.05176 -234.49132
5857.74609 -188.43327
5860.43506 -230.62988
5863.12891 -237.67442
5865.82324 -240.03685
5868.51270 -181.36818
5871.20654 -227.77867
5873.89551 -233.88612
5876.58887 -236.55388
5879.27979 -190.89694
5881.97266 -230.68144
5884.66602 -233.84425
5887.35791 -245.88033
5890.04785 -171.90916
5892.74170 -230.56773
5895.43359 -236.25194
5898.12695 -239.00568
5900.81494 -176.41405
5903.51074 -232.93292
5906.19824 -236.41862
5908.89355 -245.32777
5911.58643 -184.47041
5914.27734 -229.13239
5916.96973 -234.26733
5919.65918 -240.84213
5922.35107 -169.80745
5925.04395 -235.07611
5927.73730 -233.43930
5930.42578 -236.54410
5933.11963 -175.47191
5935.81055 -233.01337
5938.50293 -237.31094
5941.19238 -237.02263
5943.88721 -184.08908
5946.58008 -237.29576
5949.27051 -233.79401
5951.96582 -234.09465
5954.65576 -177.72415
5957.34668 -235.57045
5960.03857 -239.85085
5962.73193 -231.43930
5965.42383 -181.07988
5968.11572 -239.89581
5970.80615 -236.98398
5973.49854 -233.80807
5976.19141 -128.53032
5978.88184 -235.83514
5981.57422 -240.61334
5984.26758 -232.01833
5986.95850 -185.08995
5989.65088 -245.08699
5992.34131 -233.39572
5995.03613 -229.44066
5997.72559 -182.14488
6000.41992 -235.44499
6003.11475 -238.64117
6005.80469 -228.48950
6008.49561 -187.47954
6011.18750 -234.99561
6013.87793 -235.52328
6016.57275 -229.95306
6019.26514 -178.67618
6021.95557 -234.62251
6024.64746 -237.01744
6027.33984 -227.69049
6030.03027 -178.17778
6032.72266 -232.18867
6035.41943 -235.57910
6038.10645 -228.78711
6040.79883 -170.36870
6043.49219 -231.63139
6046.18359 -237.36786
6048.87646 -227.72014
6051.56689 -183.51900
6054.25830 -231.42505
6056.95068 -233.25104
6059.64160 -227.88025
6062.33643 -171.10504
6065.02637 -229.38412
6067.71729 -232.93045
6070.41260 -226.52736
6073.10254 -175.69327
6075.79395 -229.14900
6078.48633 -236.78664
6081.17969 -229.06641
6083.87109 -182.04460
6086.56006 -229.17981
6089.25391 -235.03502
6091.94580 -227.70697
6094.63867 -176.44826
6097.33203 -229.54752
6100.02441 -236.58244
6102.71729 -229.78046
6105.40820 -185.72552
6108.09668 -228.54355
6110.79004 -235.13287
6113.48096 -228.04561
6116.17285 -179.47290
6118.86670 -228.99240
6121.55469 -237.93106
6124.25342 -229.89911
6126.94092 -171.45149
6129.63184 -227.38895
6132.32471 -233.13197
6135.02197 -229.67683
6137.70996 -136.21652
6140.40283 -229.40939
6143.09375 -240.37737
6145.78564 -235.13115
6148.47852 -185.97397
6151.17236 -228.67726
6153.86133 -237.19550
6156.55762 -230.93250
6159.24512 -172.49565
6161.93750 -229.54344
6164.63086 -240.95248
6167.32178 -235.74184
6170.01416 -171.48817
6172.70410 -228.20808
6175.39844 -234.43173
6178.09082 -234.97278
6180.78125 -175.52107
6183.47217 -230.86151
6186.16797 -238.13948
6188.85840 -240.58467
6191.54980 -175.92311
6194.24268 -228.01472
6196.93311 -233.86986
6199.62451 -237.34937
6202.31738 -181.62038
6205.01074 -231.07980
6207.70264 -234.19371
6210.39258 -242.92889
6213.08594 -173.70760
6215.77832 -231.10175
6218.47119 -236.53633
6221.15771 -239.12552
6223.85303 -174.49507
6226.54688 -233.03793
6229.23730 -236.37955
6231.92871 -245.93335
6234.62207 -179.33275
6237.31250 -229.39218
6240.00488 -233.95648
6242.70117 -240.85953
6245.39258 -182.33327
6248.08105 -235.70297
6250.77393 -233.48798
6253.46875 -235.62450
6256.15723 -183.73805
6258.85010 -233.50110
6261.54102 -236.88252
6264.23340 -237.20949
6266.92627 -188.92216
6269.62109 -238.08578
6272.30957 -233.74245
6275.00293 -233.64996
6277.69434 -175.72137
6280.38623 -235.94862
6283.07617 -239.78766
6285.77051 -231.67096
6288.45898 -175.78383
6291.15625 -239.52048
6293.84326 -236.88264
6296.53906 -233.63521
6299.22900 -146.03882
6301.91992 -236.65807
6304.61230 -239.41798
6307.30518 -232.03680
6309.99609 -182.29333
6312.68848 -244.28883
6315.38184 -233.39778
6318.07324 -229.33411
6320.76465 -182.00107
6323.45801 -235.36165
6326.14941 -239.41444
6328.84180 -228.73335
6331.53076 -180.70633
6334.22559 -234.74243
6336.91797 -235.66420
6339.61035 -229.91110
6342.30176 -176.41356
6344.99316 -234.72145
6347.68652 -237.51918
6350.37695 -227.97769
6353.06934 -172.41367
6355.76221 -232.12827
6358.45312 -235.82495
6361.14502 -228.88358
6363.83496 -180.47478
6366.52881 -231.80637
6369.22070 -237.48679
6371.90967 -227.70013
6374.60400 -179.57570
6377.29541 -230.81950
6379.98828 -233.11261
6382.67871 -227.84953
6385.37061 -174.41913
6388.06689 -229.26476
6390.75391 -233.15958
6393.45215 -226.83759
6396.13770 -178.18626
6398.83203 -229.12921
6401.52637 -236.81490
6404.21875 -229.06293
6406.90918 -174.62044
6409.60010 -229.15793
6412.28955 -234.96057
6414.98633 -227.73502
6417.67773 -173.58125
6420.37012 -229.21324
6423.05957 -236.20837
6425.75098 -229.82191
6428.44287 -182.17847
6431.13574 -228.64256
6433.82715 -235.02615
6436.51855 -228.08653
6439.20850 -173.65424
6441.90625 -228.67046
6444.59473 -237.12079
6447.29053 -229.79965
6449.97803 -170.25424
6452.66992 -227.33194
6455.36230 -233.11807
6458.05957 -230.03004
6460.74756 -144.22644
6463.44043 -229.55525
6466.13379 -241.13174
6468.82520 -235.22302
6471.51807 -193.39885
6474.20801 -228.96906
6476.89893 -237.21779
6479.59082 -230.85179
6482.28076 -184.78207
6484.97510 -229.32140
6487.67090 -240.60689
6490.35693 -235.70973
6493.05127 -175.25923
6495.74268 -228.38043
6498.43555 -234.53056
6501.12988 -235.43626
6503.81787 -182.60413
6506.51074 -231.05510
6509.20410 -238.59309
6511.89551 -241.07181
6514.58789 -171.91035
6517.28125 -228.28233
6519.97266 -233.89766
6522.66113 -238.17793
6525.35840 -179.90762
6528.04590 -231.50282
6530.73730 -234.62445
6533.43359 -240.87872
6536.12500 -174.91289
6538.81299 -231.60925
6541.50586 -236.81046
6544.19922 -239.30574
6546.89453 -180.45950
6549.58398 -233.13300
6552.27344 -236.29323
6554.96826 -245.84589
6557.65674 -175.24727
6560.35059 -229.71951
6563.04150 -233.72200
6565.73291 -240.47894
6568.42969 -174.33173
6571.12061 -236.39465
6573.80859 -233.57620
6576.50146 -234.84648
6579.19482 -194.57709
6581.88672 -234.04572
6584.57910 -236.51324
6587.27246 -237.21603
6589.96338 -178.14713
6592.65576 -239.02002
6595.34570 -233.71681
6598.03955 -233.24763
6600.72803 -178.84572
6603.42090 -236.36426
6606.11523 -239.64339
6608.80615 -231.93628
6611.49902 -177.69574
6614.19238 -239.37878
6616.88428 -236.63545
6619.57275 -233.32547
6622.26562 -132.90175
6624.95654 -237.70940
6627.64844 -238.38695
6630.34180 -231.95039
6633.03613 -177.98784
6635.72705 -243.21313
6638.41992 -233.43123
6641.10938 -229.27000
6643.80469 -179.98668
6646.49365 -235.36914
6649.18262 -240.23878
6651.87744 -229.00351
6654.56934 -180.76848
6657.26270 -234.58212
6659.95215 -235.77081
6662.64404 -229.85616
6665.33691 -181.52176
6668.03027 -234.85335
6670.72168 -238.05382
6673.41357 -228.29494
6676.10742 -175.69807
6678.79785 -232.14175
6681.48926 -236.04948
6684.18213 -228.97531
6686.87598 -173.94896
6689.56738 -231.99205
6692.25635 -237.54468
6694.95020 -227.68651
6697.64111 -180.14372
6700.33643 -230.29359
6703.02637 -233.04205
6705.71680 -227.87567
6708.41211 -182.78233
6711.10059 -229.20425
6713.79443 -233.45984
6716.48535 -227.20090
6719.17773 -180.44881
6721.87061 -229.15959
6724.56152 -236.84369
6727.25342 -229.06082
6729.94629 -180.66539
6732.63623 -229.12936
6735.32764 -234.88264
6738.02344 -227.78238
6740.71338 -177.20601
6743.40381 -228.90935
6746.09961 -235.89061
6748.78906 -229.87717
6751.48340 -179.17796
6754.17432 -228.72533
6756.86719 -234.89624
6759.55664 -228.15146
6762.25146 -188.40288
6764.93945 -228.37262
6767.63232 -236.44148
6770.32666 -229.76299
6773.01807 -173.13820
6775.71094 -227.30377
6778.40088 -233.14262
6781.09180 -230.40768
6783.78711 -139.01683
6786.47705 -229.68491
6789.17090 -241.81667
6791.86279 -235.14885
6794.55127 -173.59267
6797.24512 -229.20189
6799.93604 -237.07112
6802.62793 -230.79678
6805.32129 -179.65660
6808.01172 -229.09654
6810.70312 -240.11961
6813.39551 -235.70262
6816.08936 -189.61768
6818.78418 -228.55069
6821.47217 -234.63310
6824.16504 -235.87416
6826.85547 -186.02783
6829.55078 -231.20448
6832.23926 -239.01665
6834.92920 -241.50002
6837.62402 -184.62392
6840.31982 -228.57976
6843.00879 -233.96709
6845.69922 -239.01219
6848.39062 -179.08382
6851.08350 -231.93506
6853.77686 -235.14287
6856.46729 -239.38954
6859.15918 -177.70255
6861.85156 -232.06258
6864.54590 -237.04922
6867.23730 -239.57079
6869.92969 -177.78467
6872.61914 -233.23013
6875.31348 -236.17171
6878.00537 -244.97566
6880.69385 -185.61497
6883.38818 -230.11674
6886.07910 -233.56023
6888.77148 -239.82587
6891.46436 -178.42810
6894.15479 -237.14136
6896.85010 -233.70584
6899.54199 -234.19208
6902.23193 -184.39401
6904.92676 -234.64723
6907.61475 -236.20074
6910.30811 -237.04489
6912.99805 -186.09357
6915.68945 -240.12428
6918.38574 -233.71837
6921.07471 -232.88948
6923.76953 -175.30066
6926.45752 -236.82259
6929.14990 -239.41974
6931.84766 -232.22418
6934.53516 -181.31584
6937.22656 -239.45677
6939.92383 -236.27341
6942.61328 -232.89635
6945.30176 -141.23222
6947.99365 -239.04964
6950.68750 -237.51080
6953.37793 -231.77443
6956.07324 -184.59805
6958.76221 -242.04877
6961.45557 -233.49556
6964.14648 -229.24641
6966.83887 -186.41411
6969.53174 -235.47357
6972.22217 -241.07338
6974.91406 -229.29117
6977.60645 -174.62303
6980.29980 -234.50117
6982.99365 -235.83130
6985.68555 -229.78424
6988.37451 -173.42958
6991.06836 -235.01402
6993.75928 -238.60626
6996.45068 -228.63463
6999.14355 -181.24951
7001.83398 -232.22032
7004.52930 -236.23358
7007.21729 -229.05513
7009.91113 -177.03178
7012.60156 -232.17868
7015.29297 -237.54744
7017.98535 -227.68379
7020.67871 -180.25806
7023.37354 -229.84612
7026.06543 -233.03780
7028.75439 -227.95796
7031.44824 -167.55664
7034.13965 -229.20605
7036.83105 -233.83575
7039.52441 -227.61475
7042.21436 -179.57803
7044.90625 -229.23512
7047.59814 -236.86247
7050.29199 -229.06071
7052.98242 -184.73450
7055.67773 -229.09673
7058.36963 -234.80672
7061.05566 -227.85182
7063.75439 -181.96056
7066.44238 -228.64047
7069.13867 -235.62706
7071.82861 -229.94931
7074.51562 -186.24405
7077.21143 -228.79254
7079.90430 -234.75249
7082.59473 -228.24501
7085.28564 -177.75050
7087.97803 -228.10849
7090.67139 -235.87863
7093.36133 -229.79099
7096.05273 -177.98697
7098.74512 -227.30788
7101.43848 -233.20575
7104.12891 -230.80309
7106.82422 -158.25934
7109.51709 -229.78807
7112.20264 -242.31996
7114.89746 -234.95074
7117.58887 -176.12604
7120.28223 -229.36401
7122.97559 -236.77176
7125.66650 -230.77724
7128.35840 -174.11366
7131.05078 -228.88199
7133.74072 -239.55835
7136.43604 -235.73550
7139.12402 -172.99428
7141.82080 -228.71703
7144.51123 -234.73407
7147.20215 -236.28149
7149.89453 -182.72646
7152.58740 -231.30632
7155.27783 -239.38812
7157.97314 -241.87811
7160.66113 -185.26334
7163.35449 -228.90466
7166.04492 -234.07503
7168.74023 -239.81744
7171.42871 -185.06131
7174.11816 -232.35641
7176.81201 -235.75638
7179.50781 -238.29141
7182.19678 -181.70416
7184.89014 -232.43454
7187.58398 -237.22490
7190.27588 -239.94368
7192.96436 -181.92055
7195.65820 -233.34070
7198.34912 -236.02829
7201.04443 -243.61737
7203.73291 -172.06096
7206.42285 -230.58649
7209.11719 -233.46843
7211.80908 -239.05579
7214.50195 -183.04163
7217.19531 -237.92365
7219.88672 -233.87851
7222.57812 -233.64757
7225.27100 -177.77713
7227.96094 -235.30478
7230.65527 -235.94209
7233.34717 -236.72812
7236.03564 -179.11327
7238.72998 -241.43275
7241.42480 -233.74788
7244.11230 -232.57573
7246.80566 -175.27338
7249.49951 -237.33067
7252.18994 -239.12514
7254.88232 -232.52029
7257.57080 -177.25908
7260.26855 -239.75130
7262.95508 -235.83543
7265.64746 -232.37996
7268.34033 -137.84909
7271.03418 -240.77986
7273.72510 -236.77451
7276.41650 -231.53304
7279.10938 -172.82486
7281.79932 -240.91541
7284.49463 -233.58969
7287.18652 -229.26056
7289.87891 -183.98270
7292.56445 -235.68198
7295.25977 -241.84239
7297.95166 -229.58522
7300.64453 -175.15701
7303.33447 -234.48573
7306.03271 -235.83629
7308.72070 -229.69257
7311.41357 -183.57922
7314.10693 -235.19653
7316.79785 -239.15300
7319.48975 -228.98682
7322.18262 -183.71259
7324.87256 -232.35345
7327.56299 -236.35828
7330.25439 -229.11678
7332.94727 -176.08772
7335.64062 -232.35608
7338.33105 -237.50496
7341.02734 -227.69627
7343.71973 -183.29102
7346.40918 -229.47490
7349.10400 -233.09875
7351.79492 -228.09457
7354.48340 -175.35274
7357.17725 -229.27269
7359.86768 -234.29263
7362.56299 -228.07481
7365.25586 -179.55753
7367.94482 -229.34949
7370.63525 -236.86061
7373.33057 -229.06340
7376.01855 -179.37350
7378.71191 -229.06332
7381.40625 -234.73804
7384.09277 -227.94565
7386.78955 -191.88736
7389.48242 -228.40952
7392.17285 -235.41548
7394.86377 -230.04056
7397.55566 -183.56581
7400.24902 -228.84637
7402.93896 -234.60416
7405.63379 -228.37132
7408.32568 -177.22079
7411.01855 -227.88492
7413.70410 -235.42046
7416.39893 -229.88448
7419.09082 -178.14252
7421.78320 -227.34680
7424.47266 -233.30707
7427.16357 -231.20795
7429.85889 -142.25493
7432.55176 -229.85533
7435.24512 -242.51813
7437.93945 -234.68019
7440.62695 -175.34834
7443.31934 -229.45076
7446.01270 -236.35463
7448.70654 -230.80093
7451.39404 -176.97855
7454.08984 -228.68843
7456.77930 -238.97746
7459.47314 -235.81943
7462.16406 -171.60873
7464.85156 -228.87811
7467.54883 -234.82790
7470.23877 -236.65688
7472.92969 -182.42012
7475.62549 -231.36060
7478.31348 -239.68414
7481.00781 -242.22069
7483.69824 -179.31075
7486.39355 -229.25381
7489.08203 -234.21747
7491.77539 -240.55629
7494.46582 -180.61560
7497.15723 -232.74271
7499.85352 -236.47313
7502.54199 -237.49060
7505.23633 -185.03366
7507.92725 -232.70410
7510.61963 -237.31093
7513.31250 -240.44766
7516.00195 -178.42961
7518.69238 -233.47481
7521.38867 -235.87614
7524.08154 -242.12076
7526.77051 -176.42070
7529.46533 -231.13168
7532.15283 -233.44458
7534.84473 -238.28699
7537.54199 -186.84488
7540.23242 -238.70825
7542.91943 -234.09547
7545.61572 -233.20229
7548.30859 -176.95686
7550.99854 -236.01620
7553.68945 -235.73404
7556.38135 -236.31400
7559.07422 -190.66823
7561.76758 -242.99100
7564.45801 -233.80571
7567.14941 -232.30537
7569.84180 -180.26299
7572.53516 -237.89778
7575.22510 -238.77301
7577.92041 -232.80696
7580.60840 -171.58528
7583.30127 -240.26874
7585.99561 -235.35905
7588.69092 -231.81346
7591.37793 -141.10165
7594.07129 -243.08586
7596.76025 -236.16345
7599.45508 -231.25348
7602.14600 -186.59381
7604.83447 -239.87122
7607.53174 -233.71196
7610.22217 -229.30867
7612.91699 -193.39041
7615.60938 -236.00267
7618.29785 -242.42911
7620.99170 -229.87238
7623.67773 -177.28012
7626.37793 -234.52052
7629.06641 -235.78030
7631.75977 -229.57983
7634.45020 -176.88701
7637.14551 -235.39058
7639.83789 -239.66028
7642.53027 -229.33890
7645.21680 -180.49403
7647.90723 -232.52782
7650.60303 -236.40749
7653.29150 -229.15540
7655.98926 -176.54662
7658.67578 -232.51451
7661.37158 -237.42953
7664.05957 -227.72791
7666.75244 -182.06940
7669.44629 -229.17746
7672.13770 -233.22408
7674.82910 -228.28235
7677.52197 -175.62010
7680.21191 -229.40579
7682.90625 -234.83676
7685.59766 -228.57407
7688.29053 -178.83023
7690.98340 -229.49474
7693.67285 -236.82812
7696.36816 -229.06990
7699.05664 -182.29384
7701.74902 -229.03293
7704.43848 -234.68137
7707.13330 -228.06575
7709.82471 -184.83821
7712.51709 -228.21811
7715.21045 -235.25352
7717.90479 -230.15219
7720.59570 -178.25824
7723.28711 -228.89021
7725.97607 -234.45982
7728.66992 -228.53403
7731.36475 -180.23372
7734.05176 -227.70662
7736.74365 -235.05757
7739.43750 -230.04355
7742.13135 -174.70338
7744.82227 -227.42230
7747.51416 -233.44571
7750.20703 -231.61255
7752.89600 -160.15742
7755.59082 -229.87935
7758.28223 -242.33784
7760.97461 -234.38483
7763.66309 -178.13602
7766.35742 -229.46570
7769.04834 -235.86192
7771.74023 -230.87415
7774.43262 -177.51503
7777.12646 -228.52426
7779.81641 -238.41432
7782.50781 -235.96243
7785.19971 -174.93309
7787.89258 -229.03313
7790.58203 -234.90900
7793.27734 -237.00304
7795.96875 -183.80954
7798.66162 -231.37062
7801.35059 -239.88347
7804.04492 -242.54588
7806.74023 -174.70169
7809.42773 -229.62315
7812.12012 -234.38918
7814.81445 -241.19838
7817.50488 -185.62302
7820.19580 -233.06808
7822.88818 -237.30103
7825.58154 -236.93210
7828.27148 -176.15408
7830.96191 -232.86194
7833.65771 -237.28737
7836.34668 -241.10796
7839.04004 -177.69583
7841.73389 -233.64101
7844.42480 -235.72736
7847.11719 -240.68575
7849.80566 -175.48451
7852.49951 -231.75552
7855.18994 -233.48724
7857.88574 -237.58922
7860.57373 -194.23546
7863.26660 -239.44518
7865.96143 -234.35767
7868.65186 -232.84775
7871.34326 -174.83588
7874.03613 -236.77765
7876.72949 -235.57300
7879.41943 -235.85184
7882.11035 -182.45285
7884.80664 -244.85640
7887.49512 -233.89174
7890.18945 -232.07655
7892.87988 -184.44794
7895.57080 -238.53572
7898.26709 -238.37930
7900.95605 -233.06395
7903.64551 -186.30330
7906.34033 -241.02454
7909.03223 -234.87529
7911.72461 -231.23111
7914.41797 -144.07304
7917.10742 -246.36414
7919.79883 -235.66519
7922.49023 -230.96155
7925.18750 -179.88211
7927.87646 -238.93839
7930.56689 -233.85988
7933.26221 -229.38589
7935.94971 -180.79059
7938.64258 -236.44583
7941.33691 -242.70001
7944.02734 -230.13763
7946.72266 -186.50618
7949.41455 -234.58807
7952.10352 -235.66270
7954.79736 -229.44643
7957.48779 -170.36189
7960.18359 -235.58226
7962.87158 -240.08475
7965.56543 -229.67584
7968.25488 -187.43565
7970.94971 -232.72638
7973.64160 -236.37103
7976.32910 -229.16814
7979.02295 -179.35732
7981.71777 -232.64552
7984.40869 -237.33426
7987.10010 -227.78207
7989.79248 -186.19946
7992.48633 -228.95117
7995.17627 -233.41299
7997.86719 -228.51639
8000.55957 -171.69400
8003.24756 -229.60617
8005.94629 -235.47516
8008.63672 -229.10178
8011.32764 -181.93539
8014.01904 -229.66103
8016.71289 -236.75674
8019.40625 -229.08139
8022.09668 -189.57352
8024.78809 -229.00951
8027.47998 -234.64104
8030.16895 -228.21362
8032.86230 -178.75665
8035.55273 -228.06688
8038.24902 -235.13875
8040.93701 -230.28444
8043.62988 -183.75888
8046.32373 -228.92825
8049.01465 -234.32710
8051.70605 -228.73631
8054.39893 -183.15726
8057.09180 -227.57666
8059.78125 -234.78258
8062.47656 -230.26776
8065.16357 -172.77821
8067.86084 -227.53534
8070.54932 -233.62013
8073.23926 -232.00603
8075.93018 -146.16406
8078.62598 -229.85605
8081.31836 -241.80666
8084.01172 -234.10191
8086.70166 -179.82736
8089.39258 -229.41982
8092.08447 -235.33305
8094.78076 -231.00175
8097.46582 -178.43208
8100.16016 -228.39577
8102.85107 -237.89189
8105.54688 -236.17039
8108.23486 -183.39360
8110.92822 -229.18192
8113.62256 -234.97192
8116.31348 -237.32674
8119.00488 -182.12560
8121.69824 -231.34253
8124.39160 -239.97144
8127.08105 -242.87318
8129.77148 -183.92484
8132.46826 -230.00760
8135.15625 -234.58328
8137.84961 -241.73224
8140.54395 -179.28206
8143.23486 -233.30914
8145.92676 -238.24515
8148.61426 -236.58282
8151.31250 -185.21590
8154.00195 -232.91341
8156.69336 -237.14603
8159.38916 -241.95374
8162.08203 -183.65552
8164.77051 -233.84630
8167.46533 -235.59238
8170.15576 -239.38954
8172.84277 -170.86488
8175.53955 -232.46144
8178.23291 -233.59525
8180.92285 -236.99765
8183.61816 -180.86340
8186.30469 -240.07021
8188.99707 -234.66539
8191.68652 -232.57710
8194.38086 -173.21831
8197.07520 -237.58308
8199.76660 -235.45518
8202.45508 -235.38242
8205.14746 -181.38776
8207.84180 -247.08145
8210.53320 -234.00536
8213.22363 -231.88655
8215.91992 -181.33005
8218.60938 -239.25945
8221.30273 -237.96025
8223.99316 -233.27037
8226.68555 -174.84720
8229.37695 -242.04156
8232.06543 -234.40717
8234.76367 -230.66040
8237.45410 -142.50706
8240.14551 -251.69846
8242.83789 -235.26967
8245.52637 -230.67883
8248.21973 -180.65271
8250.91406 -238.12134
8253.60059 -234.03006
8256.30176 -229.48610
8258.99023 -176.53152
8261.68359 -237.02367
8264.37402 -242.57141
8267.06934 -230.36551
8269.76074 -177.90350
8272.44922 -234.66821
8275.13770 -235.48775
8277.83203 -229.29442
8280.52246 -172.92731
8283.21875 -235.75420
8285.91113 -240.37901
8288.59961 -229.98097
8291.29492 -179.75638
8293.98926 -232.92775
8296.67578 -236.24684
8299.37305 -229.15437
8302.06152 -178.38521
8304.75098 -232.74301
8307.44141 -237.23160
8310.13770 -227.86163
8312.82910 -175.92534
8315.52246 -228.79344
8318.21191 -233.66440
8320.90137 -228.78958
8323.59668 -177.96605
8326.28906 -229.87343
8328.98242 -236.21515
8331.67090 -229.64232
8334.36523 -186.41669
8337.05566 -229.83643
8339.74707 -236.64095
8342.44043 -229.09915
8345.13379 -181.99796
8347.82324 -228.99707
8350.51367 -234.62080
8353.20508 -228.39029
8355.90234 -185.38261
8358.59082 -227.95570
8361.28418 -235.06847
8363.97949 -230.43658
8366.67090 -188.56967
8369.35742 -228.96515
8372.05078 -234.21245
8374.74414 -228.98094
8377.43945 -175.52888
8380.12988 -227.49692
8382.81641 -234.58960
8385.51465 -230.55600
8388.20312 -175.05286
8390.89746 -227.68610
8393.58789 -233.82800
8396.27930 -232.37732
8398.97168 -154.93599
8401.66504 -229.78534
8404.35449 -241.03275
8407.04883 -233.85776
8409.74023 -180.18654
8412.43262 -229.32919
8415.12109 -234.79970
8417.81445 -231.18768
8420.50879 -186.70691
8423.20020 -228.30753
8425.89160 -237.42307
8428.58398 -236.44769
8431.27734 -180.45354
8433.96680 -229.32489
8436.65820 -235.01181
8439.35352 -237.63789
8442.04102 -187.55489
8444.73438 -231.28435
8447.42383 -239.94359
8450.12305 -243.22160
8452.81348 -180.44939
8455.50098 -230.40112
8458.19434 -234.79092
8460.88770 -242.17305
8463.57715 -179.02802
8466.27246 -233.45023
8468.96387 -239.30130
8471.65625 -236.42371
8474.34961 -173.20268
8477.03906 -232.87679
8479.73438 -236.89267
8482.42090 -243.01892
8485.11719 -191.43446
8487.80469 -234.09610
8490.49902 -235.47997
8493.19336 -238.25055
8495.88477 -178.00728
8498.57617 -233.25281
8501.26855 -233.76753
8503.95703 -236.52814
8506.65137 -180.33902
8509.34180 -240.51874
8512.03711 -235.01807
8514.72949 -232.38460
8517.41797 -180.50339
8520.11133 -238.42390
8522.80176 -235.37637
8525.49219 -234.93512
8528.18359 -179.99370
8530.87598 -249.60643
8533.56934 -234.14548
8536.26367 -231.73204
8538.95410 -178.51466
8541.64941 -240.08792
8544.34180 -237.53069
8547.03027 -233.40778
8549.72363 -173.51477
8552.41309 -243.34198
8555.10840 -233.97061
8557.79590 -230.12135
8560.48828 -151.92787
8563.18555 -261.11441
8565.87500 -234.96893
8568.57031 -230.42201
8571.25684 -188.03374
8573.94922 -237.41673
8576.64160 -234.21791
8579.33496 -229.60175
8582.02539 -175.70905
8584.72070 -237.75015
8587.41113 -242.06900
8590.09961 -230.54189
8592.79688 -188.19528
8595.48633 -234.73846
8598.18164 -235.26375
8600.86719 -229.12729
8603.56348 -186.52086
8606.25195 -235.88657
8608.94531 -240.50320
8611.63965 -230.23752
8614.33008 -178.63408
8617.02148 -233.10649
8619.71387 -236.04132
8622.40625 -229.11571
8625.09570 -185.55083
8627.79004 -232.80392
8630.48047 -237.13258
8633.17676 -227.96886
8635.87012 -182.31761
8638.55371 -228.70166
8641.25195 -233.97636
8643.94238 -229.09203
8646.63281 -176.38858
8649.32520 -230.20546
8652.01758 -237.06281
8654.71094 -230.17432
8657.40137 -175.96619
8660.09668 -230.00710
8662.78711 -236.47852
8665.47461 -229.12462
8668.16797 -181.74940
8670.86133 -228.99947
8673.55176 -234.62393
8676.24707 -228.59630
8678.93848 -191.47948
8681.63086 -227.88377
8684.32422 -235.03976
8687.01367 -230.60680
8689.70410 -174.23007
8692.39453 -229.00566
8695.09180 -234.12126
8697.78418 -229.27022
8700.47266 -190.12085
8703.16699 -227.46823
8705.85742 -234.47398
8708.54883 -230.90648
8711.24023 -178.44542
8713.93359 -227.87402
8716.62207 -234.06583
8719.31738 -232.71616
8722.00781 -150.75784
8724.70312 -229.67110
8727.39062 -240.13937
8730.08398 -233.66962
8732.77734 -179.18286
8735.46777 -229.21216
8738.15820 -234.28467
8740.85547 -231.43506
8743.54297 -178.78188
8746.24023 -228.26280
8748.92969 -237.01430
8751.62012 -236.79773
8754.31055 -181.78699
8757.00293 -229.46306
8759.69922 -235.02473
8762.38867 -237.94861
8765.08203 -187.29208
8767.77246 -231.20509
8770.46387 -239.80688
8773.15527 -243.60849
8775.84863 -179.49683
8778.54199 -230.79681
8781.23145 -235.00090
8783.92188 -242.56120
8786.61816 -189.59991
8789.30957 -233.48764
8791.99805 -240.44139
8794.69141 -236.44572
8797.38184 -174.54860
8800.07715 -232.77829
8802.76758 -236.54523
8805.45508 -244.33836
8808.14844 -182.46332
8810.84180 -234.39436
8813.53613 -235.39722
8816.22754 -237.26471
8818.91797 -180.56400
8821.61035 -234.13272
8824.30371 -234.00273
8826.99805 -236.18710
8829.69238 -182.12950
8832.37891 -240.75020
8835.06934 -235.41371
8837.76660 -232.26512
8840.45996 -176.10678
8843.14941 -239.28871
8845.83887 -235.33194
8848.53418 -234.52908
8851.22168 -181.48865
8853.91797 -251.82133
8856.60742 -234.31036
8859.30078 -231.60902
8861.99121 -171.09521
8864.68164 -241.04514
8867.37793 -237.10310
8870.07031 -233.46379
8872.76367 -178.10204
8875.45312 -244.91296
8878.14258 -233.57605
8880.83887 -229.62756
8883.52539 -144.52544
8886.22266 -252.93094
8888.91113 -234.75682
8891.60547 -230.20320
8894.29980 -185.41974
8896.98633 -236.81815
8899.68262 -234.41751
8902.37012 -229.72394
8905.06348 -172.91702
8907.75781 -238.63916
8910.44727 -241.30829
8913.13867 -230.65630
8915.83008 -181.61974
8918.52734 -234.77554
8921.21484 -235.00172
8923.90430 -228.94963
8926.59961 -183.14226
8929.29004 -235.95940
8931.98145 -240.43898
8934.67383 -230.43105
8937.36719 -181.53740
8940.06152 -233.23483
8942.75195 -235.76768
8945.44238 -229.05574
8948.13867 -174.14719
8950.82617 -232.82866
8953.52441 -237.04631
8956.20898 -228.10533
8958.90332 -188.24309
8961.59375 -228.67310
8964.29004 -234.34529
8966.97754 -229.41025
8969.67090 -176.94225
8972.36426 -230.59747
8975.05469 -238.01953
8977.74512 -230.67059
8980.44141 -173.56326
8983.13379 -230.15784
8985.82227 -236.27094
8988.51074 -229.15919
8991.20508 -177.77660
8993.90039 -229.02028
8996.59277 -234.65314
8999.28418 -228.83174
9001.97754 -190.25528
9004.67090 -227.84976
9007.35547 -235.04918
9010.05078 -230.79221
9012.74707 -177.27557
9015.43359 -229.05421
9018.12695 -234.05785
9020.81543 -229.60606
9023.50977 -176.84531
9026.20020 -227.49071
9028.89648 -234.43193
9031.58789 -231.31631
9034.27637 -175.04944
9036.96973 -228.09775
9039.66406 -234.32872
9042.35938 -233.01450
9045.04492 -154.06027
9047.74219 -229.52060
9050.42871 -239.22041
9053.12305 -233.54828
9055.81152 -169.43495
9058.50684 -229.08673
9061.19727 -233.80333
9063.88867 -231.74634
9066.58105 -178.23918
9069.27930 -228.26376
9071.96875 -236.66809
9074.65820 -237.22334
9077.34863 -183.56676
9080.04004 -229.59798
9082.73242 -235.00797
9085.42480 -238.27180
9088.11914 -180.48363
9090.81348 -231.11380
9093.50391 -239.57771
9096.19043 -244.04898
9098.88672 -170.36214
9101.57422 -231.18712
9104.27344 -235.19966
9106.95703 -242.95334
9109.65234 -179.90292
9112.34375 -233.43076
9115.03516 -241.58434
9117.72754 -236.64818
9120.42090 -172.77837
9123.11523 -232.64606
9125.80469 -236.12865
9128.50098 -245.92506
9131.19238 -180.49976
9133.87988 -234.74355
9136.57812 -235.34978
9139.26660 -236.42113
9141.96094 -188.80225
9144.64648 -235.10307
9147.34277 -234.29861
9150.03516 -235.97716
9152.72266 -176.07967
9155.41602 -240.76857
9158.11133 -235.84827
9160.80078 -232.21391
9163.49219 -175.01265
9166.18359 -240.16368
9168.87598 -235.31656
9171.57422 -234.17561
9174.26367 -178.65857
9176.95410 -252.20297
9179.64941 -234.49756
9182.34082 -231.51300
9185.02832 -172.51123
9187.72070 -242.16121
9190.41504 -236.68741
9193.10449 -233.43497
9195.79492 -182.76466
9198.48535 -246.58615
9201.18262 -233.23003
9203.87012 -229.18773
9206.56934 -167.32346
9209.25879 -247.24194
9211.95312 -234.62863
9214.64453 -230.03069
9217.33594 -180.47884
9220.02344 -236.31825
9222.71582 -234.62143
9225.41016 -229.84256
9228.10449 -177.76604
9230.79004 -239.69786
9233.48633 -240.42157
9236.17871 -230.70395
9238.86621 -176.98502
9241.56055 -234.75804
9244.25391 -234.71387
9246.94922 -228.76674
9249.63477 -177.34650
9252.32617 -235.95578
9255.01953 -240.19701
9257.71289 -230.55199
9260.40625 -183.09563
9263.09668 -233.28653
9265.79199 -235.44322
9268.47754 -228.97954
9271.17480 -174.43233
9273.86328 -232.82080
9276.56152 -236.97986
9279.25098 -228.27194
9281.93555 -188.90413
9284.63184 -228.70477
9287.32324 -234.76466
9290.01562 -229.72701
9292.70898 -180.53107
9295.39844 -231.04048
9298.09277 -239.07384
9300.78320 -231.10017
9303.47949 -173.66647
9306.17188 -230.27333
9308.86426 -236.02287
9311.55273 -229.20430
9314.24219 -178.50620
9316.93750 -229.06265
9319.62793 -234.71065
9322.31934 -229.09618
9325.01758 -176.94958
9327.70508 -227.85176
9330.39844 -235.09259
9333.08789 -230.98888
9335.78320 -180.85126
9338.46973 -229.11479
9341.16699 -234.02568
9343.85449 -229.98996
9346.54785 -173.64821
9349.24219 -227.56367
9351.93164 -234.46011
9354.62207 -231.78110
9357.31836 -179.76866
9360.00586 -228.35490
9362.69922 -234.61003
9365.39258 -233.26776
9368.08691 -155.38351
9370.77734 -229.34340
9373.46777 -238.33281
9376.16016 -233.50027
9378.85156 -178.46664
9381.54492 -228.96901
9384.23926 -233.36537
9386.92871 -232.12340
9389.61914 -181.92802
9392.31055 -228.31169
9395.00195 -236.38469
9397.69434 -237.72693
9400.38867 -179.89153
9403.07715 -229.73157
9405.77246 -234.96031
9408.46289 -238.62010
9411.15430 -173.58470
9413.84668 -231.01894
9416.53906 -239.27788
9419.23340 -244.55553
9421.92773 -179.79573
9424.61816 -231.56436
9427.30859 -235.37167
9430.00000 -243.41258
9432.69238 -185.75609
9435.38574 -233.29930
9438.07910 -242.55516
9440.76953 -237.03847
9443.45898 -172.23206
9446.15039 -232.50565
9448.84180 -235.66951
9451.53418 -247.67841
9454.22754 -178.80713
9456.92188 -235.14458
9459.61133 -235.34212
9462.30273 -235.70789
9464.99805 -177.02393
9467.68457 -236.16341
9470.38281 -234.65128
9473.07715 -235.89987
9475.76074 -177.90489
9478.45508 -240.62131
9481.14648 -236.31451
9483.83691 -232.22612
9486.52930 -177.43167
9489.22266 -241.03384
9491.91113 -235.32420
9494.61035 -233.88048
9497.29492 -176.89111
9499.99609 -250.62782
9502.68262 -234.70378
9505.37500 -231.43895
9508.06738 -175.07506
9510.75586 -243.47246
9513.45117 -236.29108
9516.14062 -233.32768
9518.83691 -180.23785
9521.52832 -247.76758
9524.21582 -232.93652
9526.90820 -228.80716
9529.60254 -147.09566
9532.29688 -243.90933
9534.98730 -234.58075
9537.68359 -229.90985
9540.37500 -179.42599
9543.06250 -235.90961
9545.75586 -234.82066
9548.44922 -229.94678
9551.13379 -178.81705
9553.82910 -240.90778
9556.52051 -239.50836
9559.21777 -230.68672
9561.90430 -183.99518
9564.60352 -234.67007
9567.29199 -234.41214
9569.98145 -228.58414
9572.67676 -172.05649
9575.36816 -235.86555
9578.05957 -239.81253
9580.74707 -230.59772
9583.44043 -172.68961
9586.13477 -233.24202
9588.82422 -235.08617
9591.51953 -228.89302
9594.20508 -173.14120
9596.90234 -232.78645
9599.59473 -236.93829
9602.28809 -228.46889
9604.97754 -187.07770
9607.67188 -228.79317
9610.36230 -235.22324
9613.05371 -230.02133
9615.74512 -174.76425
9618.43848 -231.51924
9621.13086 -240.18427
9623.82031 -231.43297
9626.51465 -178.31660
9629.20508 -230.33998
9631.89648 -235.74152
9634.58789 -229.26122
9637.28125 -182.09032
9639.97363 -229.12927
9642.66309 -234.79820
9645.36230 -229.38858
9648.05273 -191.22719
9650.74414 -227.88733
9653.43555 -235.16490
9656.12891 -231.19186
9658.81641 -173.55818
9661.51074 -229.19060
9664.20508 -234.02737
9666.89551 -230.42279
9669.58691 -179.47588
9672.27832 -227.68573
9674.96484 -234.55542
9677.66406 -232.29424
9680.35254 -189.28552
9683.04785 -228.64212
9685.73730 -234.90091
9688.42871 -233.47565
9691.12012 -154.76781
9693.81738 -229.15015
9696.50586 -237.50598
9699.19434 -233.52954
9701.88867 -169.75244
9704.57910 -228.87245
9707.27539 -232.97664
9709.96191 -232.56744
9712.65820 -191.35286
9715.34668 -228.40715
9718.04102 -236.16301
9720.73438 -238.31067
9723.42578 -179.68427
9726.11523 -229.86606
9728.80762 -234.88214
9731.50000 -239.00478
9734.18750 -179.62955
9736.88574 -230.92787
9739.57520 -238.93025
9742.27051 -245.13719
9744.96094 -170.47786
9747.65234 -231.92126
9750.34375 -235.50044
9753.03711 -244.00328
9755.72461 -180.70016
9758.42480 -233.11838
9761.11426 -243.08578
9763.80469 -237.63332
9766.50195 -181.79247
9769.18750 -232.37788
9771.88086 -235.19185
9774.57422 -249.12450
9777.26270 -176.34399
9779.95703 -235.59660
9782.64746 -235.37767
9785.33887 -235.11415
9788.03613 -175.69313
9790.72266 -237.30843
9793.41602 -235.05379
9796.10449 -235.95720
9798.79980 -185.38492
9801.49512 -240.37755
9804.18555 -236.80066
9806.87695 -232.29640
9809.56934 -184.65245
9812.25684 -241.88525
9814.95020 -235.34795
9817.64551 -233.64572
9820.34082 -177.77782
9823.03125 -248.63609
9825.71680 -234.92479
9828.41406 -231.38142
9831.10156 -176.72830
9833.79492 -245.01553
9836.48926 -235.91946
9839.17871 -233.15639
9841.87402 -182.24503
9844.56543 -247.56506
9847.25781 -232.69786
9849.95020 -228.48886
9852.64355 -162.00305
9855.33203 -241.64644
9858.02637 -234.61038
9860.71680 -229.84375
9863.40723 -181.73973
9866.09961 -235.58492
9868.79102 -235.00490
9871.48438 -230.02579
9874.17773 -184.69885
9876.86719 -242.17578
9879.55664 -238.62782
9882.24707 -230.61284
9884.94922 -200.04863
9887.64160 -234.50449
9890.32812 -234.10739
9893.02148 -228.40726
9895.71680 -175.72597
9898.40625 -235.68771
9901.09570 -239.33223
9903.79199 -230.57307
9906.47363 -201.21080
9909.17090 -233.09337
9911.86426 -234.71353
9914.55273 -228.80243
9917.24707 -168.63853
9919.94238 -232.73325
9922.63281 -236.92484
9925.32422 -228.69551
9928.01660 -179.90108
9930.70898 -228.93399
9933.39746 -235.70250
9936.09180 -230.27010
9938.78711 -173.94363
9941.47656 -232.00966
9944.16797 -241.24924
9946.85938 -231.64661
9949.55176 -178.13217
9952.24512 -230.34792
9954.93359 -235.43549
9957.62793 -229.33104
9960.31836 -189.44624
9963.01367 -229.22226
9965.70508 -234.91695
9968.39746 -229.70728
9971.08496 -184.54884
9973.77832 -227.95343
9976.47266 -235.25980
9979.16211 -231.39531
9981.85742 -170.54961
9984.54883 -229.28401
9987.24023 -234.06488
9989.93262 -230.90482
9992.62598 -179.57726
9995.31445 -227.85458
9998.00391 -234.71432
10000.69922 -232.84607
10003.38965 -176.25142
10006.08594 -228.95474
10008.77832 -235.19009
10011.47070 -233.64209
10014.15918 -161.89343
10016.85352 -228.95140
10019.54199 -236.75278
10022.23242 -233.63838
10024.92383 -175.66269
10027.62012 -228.80774
10030.31250 -232.64038
10033.00000 -233.07889
10035.69434 -195.28285
10038.38281 -228.55005
10041.07812 -236.00111
10043.77344 -238.97659
10046.46484 -177.92334
10049.15723 -230.00386
10051.84375 -234.77533
10054.53711 -239.43460
10057.23145 -182.53748
10059.92090 -230.84680
10062.61621 -238.55566
10065.30664 -245.79805
10067.99805 -170.73259
10070.68945 -232.25177
10073.38770 -235.57034
10076.07617 -244.79063
10078.76465 -185.23328
10081.45410 -232.91348
10084.14941 -242.96448
10086.84082 -238.46164
10089.53809 -192.80821
10092.22461 -232.27831
10094.91797 -234.71524
10097.61133 -249.29810
10100.30566 -180.78297
10102.99023 -236.09668
10105.68555 -235.45905
10108.37695 -234.63062
10111.06836 -173.90843
10113.76074 -238.52405
10116.45410 -235.49440
10119.14844 -236.15189
10121.83691 -176.12201
10124.53223 -240.10437
10127.22266 -237.28880
10129.91406 -232.41840
10132.60645 -184.27289
10135.29883 -242.70781
10137.98633 -235.37991
10140.68066 -233.47079
10143.37598 -190.01137
10146.06543 -246.93280
10148.75586 -235.15523
10151.44727 -231.33476
10154.13965 -180.92929
10156.83203 -246.79720
10159.52539 -235.57614
10162.22070 -232.94038
10164.91504 -182.04951
10167.60547 -246.05742
10170.29590 -232.51538
10172.98242 -228.23434
10175.67969 -150.40201
10178.37305 -240.00455
10181.06055 -234.71521
10183.75488 -229.83374
10186.44434 -181.95969
10189.13965 -235.33694
10191.82520 -235.16286
10194.52246 -230.06992
10197.21484 -171.66371
10199.90234 -243.24234
10202.60156 -237.80974
10205.29102 -230.49519
10207.98047 -182.96024
10210.66992 -234.26430
10213.36719 -233.80893
10216.05273 -228.24118
10218.75098 -172.84317
10221.43848 -235.43074
10224.13867 -238.80130
10226.82715 -230.48938
10229.51660 -182.04568
10232.20703 -232.84622
10234.89844 -234.33977
10237.59570 -228.71379
10240.28809 -193.73990
10242.97461 -232.66916
10245.66895 -236.94095
10248.35840 -228.95024
10251.05371 -178.35817
10253.74902 -229.12163
10256.43457 -236.17378
10259.13184 -230.45070
10261.81836 -171.22076
10264.51172 -232.47664
10267.20605 -242.07687
10269.90137 -231.73309
10272.58984 -186.18146
10275.28516 -230.29276
10277.97754 -235.11382
10280.66309 -229.41469
10283.35547 -180.45706
10286.04395 -229.34311
10288.73828 -235.06750
10291.43164 -230.04984
10294.12109 -180.07024
10296.81152 -228.04643
10299.50781 -235.36942
10302.20605 -231.59280
10304.89844 -178.51022
10307.58008 -229.39645
10310.27441 -234.13950
10312.96875 -231.43538
10315.65820 -176.51974
10318.34863 -228.06683
10321.04492 -234.93240
10323.73145 -233.42288
10326.42969 -179.03105
10329.11719 -229.28680
10331.81055 -235.46397
10334.50586 -233.77457
10337.20117 -155.73415
10339.89160 -228.75691
10342.57617 -236.07701
10345.27344 -233.82825
10347.95996 -178.68297
10350.65332 -228.78314
10353.34766 -232.35832
10356.04102 -233.65694
10358.73047 -174.35541
10361.42676 -228.73961
10364.11719 -235.89644
10366.80273 -239.72653
10369.50195 -178.40532
10372.19531 -230.14749
10374.88281 -234.64307
10377.57715 -239.91451
10380.26562 -175.08313
10382.96094 -230.78062
10385.65332 -238.17117
10388.34375 -246.53369
10391.03613 -191.18813
10393.72266 -232.55167
10396.42188 -235.56895
10399.11133 -245.84196
10401.80664 -177.02184
10404.49609 -232.70712
10407.18652 -242.24234
10409.88379 -239.57027
10412.57617 -181.22693
10415.26270 -232.21771
10417.95703 -234.25438
10420.65039 -247.93355
10423.33984 -181.98242
10426.02930 -236.63919
10428.71973 -235.58798
10431.41602 -234.24951
10434.10938 -197.13091
10436.80078 -239.78131
10439.49414 -235.95399
10442.18262 -236.48712
10444.87695 -183.09326
10447.56738 -239.85411
10450.26270 -237.75349
10452.95410 -232.58423
10455.64551 -179.74219
10458.33789 -243.49739
10461.02539 -235.41136
10463.71875 -233.35313
10466.40723 -178.59882
10469.10254 -245.60788
10471.79785 -235.38853
10474.49023 -231.29321
10477.17969 -175.73596
10479.87305 -248.67609
10482.56641 -235.26334
10485.25391 -232.70010
10487.94824 -180.76839
10490.63672 -244.15103
10493.32617 -232.38994
10496.02344 -228.04425
10498.71484 -157.76062
10501.40625 -238.78040
10504.09961 -234.89288
10506.79199 -229.87965
10509.48047 -184.90939
10512.17578 -235.15831
10514.86426 -235.28334
10517.56055 -230.07187
10520.25195 -170.30499
10522.93848 -243.65450
10525.63574 -237.06657
10528.32910 -230.34915
10531.01660 -176.39258
10533.71094 -233.96155
10536.40039 -233.52434
10539.09668 -228.09048
10541.78711 -171.33847
10544.47852 -235.11038
10547.16992 -238.25620
10549.85742 -230.36205
10552.55078 -180.94707
10555.24512 -232.51793
10557.94043 -233.97633
10560.62988 -228.63255
10563.32031 -177.37193
10566.01660 -232.60172
10568.70898 -236.98633
10571.39551 -229.23053
10574.08984 -189.35188
10576.77734 -229.34880
10579.47168 -236.59628
10582.16699 -230.54527
10584.85742 -182.30212
10587.55371 -232.87413
10590.24414 -242.42038
10592.93066 -231.70143
10595.62988 -174.98210
10598.31836 -230.17644
10601.00586 -234.78519
10603.70117 -229.51273
10606.39648 -173.78650
10609.08691 -229.49255
10611.77734 -235.24973
10614.46875 -230.41306
10617.16211 -182.53793
10619.85449 -228.16197
10622.54883 -235.48413
10625.23828 -231.77765
10627.93359 -174.51392
10630.62305 -229.52834
10633.31445 -234.25185
10636.01074 -232.01253
10638.69727 -179.85558
10641.39062 -228.31772
10644.08301 -235.20331
10646.77734 -234.00603
10649.46680 -176.39386
10652.16211 -229.63078
10654.85254 -235.70702
10657.54297 -233.88278
10660.22949 -167.66318
10662.92090 -228.57515
10665.62012 -235.47803
10668.31445 -234.10008
10671.00195 -178.41093
10673.69727 -228.80493
10676.38770 -232.13123
10679.07812 -234.29913
10681.76953 -173.56926
10684.46191 -228.97430
10687.14844 -235.84586
10689.84766 -240.56209
10692.53516 -172.32530
10695.23047 -230.29938
10697.92578 -234.48953
10700.61523 -240.44322
10703.30664 -182.66635
10705.99805 -230.73309
10708.69043 -237.78978
10711.37695 -247.32442
10714.07129 -173.18565
10716.76562 -232.81927
10719.45898 -235.48933
10722.14941 -247.21725
10724.83984 -172.08890
10727.53027 -232.51726
10730.22852 -241.17767
10732.92090 -241.03430
10735.60742 -169.57919
10738.30176 -232.20299
10740.99609 -233.81964
10743.68555 -245.94443
10746.38086 -182.21570
10749.06641 -237.21526
10751.75684 -235.76538
10754.44824 -233.96437
10757.14062 -181.77094
10759.83984 -241.02861
10762.52832 -236.40324
10765.21680 -236.96484
10767.91211 -175.60478
10770.60156 -239.66258
10773.29883 -238.16167
10775.99023 -232.78389
10778.68164 -176.64090
10781.37500 -244.25551
10784.06250 -235.43289
10786.75684 -233.28857
10789.45117 -178.01556
10792.14062 -244.61781
10794.83008 -235.61707
10797.52734 -231.25131
10800.21289 -171.01500
10802.90527 -250.05977
10805.59766 -234.98215
10808.29102 -232.45442
10810.98535 -177.21004
10813.67383 -242.37335
10816.36914 -232.32208
10819.06055 -227.91867
10821.75195 -155.08623
10824.44238 -237.86629
10827.13477 -235.14050
10829.82812 -229.97987
10832.52148 -177.68881
10835.20996 -235.04118
10837.90430 -235.35631
10840.60059 -230.02774
10843.28516 -176.75626
10845.98145 -243.10693
10848.67285 -236.40158
10851.36621 -230.19040
10854.05859 -176.70842
10856.74609 -233.61432
10859.44141 -233.25961
10862.13477 -227.95908
10864.82520 -180.96771
10867.51562 -234.74631
10870.20605 -237.72301
10872.90430 -230.20802
10875.59668 -186.98558
10878.29004 -232.13274
10880.97656 -233.63187
10883.66602 -228.56340
10886.35547 -174.07262
10889.05078 -232.53717
10891.74707 -237.05887
10894.43164 -229.53264
10897.12891 -174.58469
10899.81543 -229.60590
10902.50879 -236.91852
10905.20312 -230.54468
10907.89648 -172.24727
10910.58594 -233.15068
10913.28125 -242.14445
10915.97168 -231.57468
10918.66309 -188.43352
10921.35547 -230.00667
10924.05273 -234.45737
10926.73926 -229.62541
10929.42773 -173.62126
10932.12793 -229.67050
10934.81641 -235.46259
10937.50586 -230.79285
10940.19629 -178.01297
10942.89453 -228.29503
10945.58594 -235.59256
10948.27734 -231.94344
10950.96484 -177.35298
10953.66406 -229.67892
10956.35254 -234.40184
10959.04199 -232.63260
10961.73047 -182.01923
10964.42773 -228.60071
10967.11914 -235.51768
10969.81055 -234.57155
10972.50195 -175.45108
10975.19531 -229.97780
10977.88281 -235.90297
10980.57715 -233.97725
10983.26660 -159.73257
10985.96191 -228.41312
10988.65234 -234.95308
10991.34277 -234.45456
10994.03418 -180.80373
10996.73242 -228.87781
10999.41895 -231.95935
11002.11328 -235.00052
11004.81348 -178.64299
11007.50098 -229.25166
11010.18457 -235.84549
11012.88086 -241.48451
11015.57715 -171.56403
11018.26953 -230.46187
11020.95605 -234.31949
11023.65332 -241.00958
11026.34180 -176.54533
11029.04199 -230.70688
11031.72363 -237.42078
11034.41895 -248.12398
11037.11523 -174.37398
11039.79980 -233.05554
11042.49121 -235.33145
11045.18359 -248.90091
11047.88184 -172.87085
11050.57520 -232.35727
11053.26270 -240.01395
11055.95703 -242.97467
11058.64648 -179.93140
11061.33594 -232.23793
11064.03223 -233.41803
11066.72363 -244.01100
11069.41504 -177.43489
11072.10840 -237.81201
11074.80078 -235.99103
11077.48828 -233.76967
11080.18359 -182.16870
11082.87695 -242.18649
11085.56738 -236.80084
11088.25684 -237.58156
11090.95508 -178.98688
11093.64648 -239.55214
11096.33789 -238.47533
11099.02441 -233.00465
11101.71875 -173.63507
11104.41309 -244.98447
11107.10742 -235.43489
11109.79590 -233.27130
11112.48633 -186.39163
11115.17676 -243.91096
11117.86914 -235.83211
11120.55469 -231.20410
11123.25293 -180.38577
11125.95215 -249.94928
11128.64062 -234.73274
11131.32910 -232.21907
11134.02344 -185.81924
11136.71387 -240.85905
11139.40430 -232.31235
11142.10059 -227.85732
11144.78613 -156.72906
11147.47949 -237.19946
11150.17188 -235.45358
11152.86621 -230.13132
11155.56055 -182.60924
11158.25000 -234.97693
11160.94531 -235.37425
11163.63477 -229.93765
11166.32617 -181.29620
11169.01758 -241.83707
11171.70898 -235.81360
11174.40234 -230.03340
11177.08887 -182.06737
11179.78320 -233.24290
11182.47852 -233.01929
11185.16699 -227.85028
11187.86230 -183.44017
11190.55273 -234.35857
11193.24414 -237.21873
11195.93652 -230.04358
11198.62891 -175.75726
11201.32227 -231.71642
11204.01562 -233.31261
11206.70410 -228.51007
11209.39844 -172.67242
11212.08887 -232.48009
11214.78418 -237.15453
11217.46973 -229.85152
11220.16699 -182.31055
11222.85254 -229.88049
11225.55176 -237.08665
11228.23828 -230.45082
11230.93262 -175.38861
11233.62793 -233.26199
11236.31738 -241.35942
11239.01270 -231.38335
11241.70312 -178.71065
11244.39453 -229.79536
11247.08594 -234.13695
11249.77734 -229.75261
11252.47070 -179.65878
11255.15820 -229.87587
11257.85254 -235.70386
11260.54199 -231.18425
11263.23145 -178.54649
11265.92773 -228.43990
11268.62402 -235.68175
11271.31641 -232.08461
11274.00195 -174.02577
11276.69434 -229.84641
11279.38672 -234.58856
11282.08105 -233.28954
11284.77539 -179.35068
11287.46484 -228.90709
11290.15430 -235.86143
11292.85059 -235.09129
11295.54199 -177.12143
11298.22754 -230.31773
11300.92578 -236.03693
11303.61816 -234.06792
11306.31250 -173.68156
11309.00000 -228.27640
11311.69434 -234.49863
11314.38379 -234.89211
11317.07422 -171.32210
11319.76465 -229.00529
11322.46094 -231.84273
11325.15234 -235.75266
11327.84570 -175.17180
11330.53223 -229.56815
11333.22656 -235.89047
11335.91992 -242.49458
11338.61523 -167.72923
11341.30469 -230.63712
11343.99414 -234.13794
11346.69141 -241.58688
11349.38281 -173.03235
11352.07520 -230.70372
11354.76660 -237.07031
11357.45508 -248.84584
11360.15430 -172.02147
11362.84277 -233.26392
11365.53125 -235.10213
11368.22168 -250.50583
11370.91797 -173.52559
11373.60840 -232.23636
11376.29980 -238.88965
11378.99219 -245.57227
11381.67871 -169.71069
11384.37109 -232.32394
11387.06543 -233.05389
11389.75977 -242.32607
11392.45508 -176.27705
11395.13867 -238.41220
11397.83594 -236.26323
11400.52637 -233.66055
11403.21777 -181.66557
11405.91602 -243.15508
11408.60254 -237.09521
11411.29004 -238.31883
11413.98438 -182.07410
11416.68457 -239.53548
11419.37402 -238.65829
11422.06445 -233.23071
11424.75488 -170.65656
11427.44531 -245.67656
11430.14258 -235.40820
11432.83594 -233.29378
11435.52148 -179.50668
11438.21484 -243.44843
11440.90332 -236.02441
11443.59766 -231.14755
11446.29395 -176.74840
11448.98340 -248.37279
11451.67383 -234.51462
11454.36426 -232.00613
11457.05664 -176.33800
11459.75488 -239.60835
11462.44141 -232.36130
11465.13574 -227.85971
11467.83008 -160.56300
11470.51758 -236.74117
11473.21289 -235.82471
11475.89746 -230.32903
11478.59375 -187.46959
11481.28418 -234.95584
11483.98340 -235.33348
11486.66895 -229.80568
11489.36133 -175.11630
11492.05566 -240.30745
11494.74219 -235.29941
11497.43750 -229.89050
11500.12695 -188.76590
11502.82324 -232.86679
11505.51367 -232.80673
11508.20410 -227.76674
11510.89648 -180.81458
11513.58887 -233.96518
11516.28125 -236.75360
11518.97461 -229.88303
11521.66211 -194.22168
11524.35742 -231.29239
11527.04688 -233.02280
11529.74219 -228.47543
11532.44043 -183.87685
11535.12500 -232.43312
11537.82227 -237.26707
11540.50781 -230.18083
11543.20117 -178.19354
11545.89453 -230.15709
11548.58301 -237.06021
11551.27734 -230.27608
11553.96582 -180.90335
11556.66211 -233.18671
11559.35938 -240.30991
11562.04297 -231.15851
11564.74121 -183.26872
11567.42773 -229.55658
11570.12109 -233.82925
11572.81348 -229.89377
11575.50781 -172.36542
11578.20312 -230.10632
11580.89062 -235.96982
11583.58203 -231.58141
11586.27832 -180.88631
11588.96875 -228.59032
11591.66016 -235.73787
11594.35156 -232.19710
11597.04492 -179.72891
11599.73145 -230.02774
11602.42578 -234.81000
11605.11523 -233.97404
11607.80859 -176.07283
11610.50586 -229.22562
11613.19531 -236.21399
11615.88672 -235.53595
11618.58398 -181.56766
11621.27539 -230.63985
11623.95508 -236.09760
11626.64941 -234.16318
11629.34375 -160.86743
11632.03711 -228.16925
11634.72559 -234.11098
11637.42188 -235.41281
11640.11133 -181.35091
11642.80273 -229.19005
11645.49902 -231.78128
11648.19238 -236.54231
11650.87793 -188.07066
11653.57031 -229.91872
11656.26465 -235.97456
11658.95898 -243.59236
11661.64648 -178.87997
11664.34375 -230.82701
11667.03223 -233.94986
11669.72852 -242.12590
11672.41406 -175.39902
11675.11230 -230.72456
11677.79785 -236.74220
11680.49023 -249.36026
11683.18457 -174.96722
11685.87109 -233.44984
11688.56641 -234.81355
11691.26172 -250.78540
11693.95117 -172.64017
11696.64844 -232.16048
11699.33203 -237.86319
11702.03027 -248.90068
11704.72266 -175.08205
11707.41406 -232.46037
11710.10840 -232.72977
11712.80273 -240.89908
11715.49023 -180.64445
11718.17871 -238.99440
11720.87500 -236.57816
11723.56445 -233.63235
11726.25488 -174.76559
11728.95312 -243.84464
11731.63867 -237.23338
11734.33691 -239.12361
11737.02344 -181.68211
11739.71680 -239.61830
11742.40430 -238.68602
11745.10645 -233.44334
11747.78906 -179.91933
11750.48438 -246.29655
11753.17480 -235.34497
11755.86719 -233.34648
11758.56445 -177.67253
11761.25586 -243.20430
11763.94922 -236.18477
11766.63574 -231.07883
11769.32422 -170.93166
11772.01758 -246.33505
11774.70703 -234.32660
11777.41016 -231.82417
11780.09863 -179.31779
11782.78906 -238.59210
11785.48047 -232.46959
11788.17285 -227.92511
11790.86523 -157.94699
11793.55859 -236.46669
11796.25195 -236.24136
11798.93945 -230.56578
11801.62891 -185.98779
11804.32422 -234.96680
11807.01270 -235.23466
11809.70898 -229.63916
11812.40137 -177.36295
11815.09277 -238.80775
11817.78418 -234.85510
11820.47070 -229.77174
11823.16406 -179.86029
11825.85840 -232.50284
11828.55273 -232.62434
11831.24805 -227.71049
11833.93652 -191.49167
11836.62695 -233.58095
11839.32422 -236.33305
11842.01562 -229.73802
11844.69922 -186.06172
11847.39844 -230.87981
11850.08594 -232.76515
11852.77930 -228.46138
11855.47363 -171.47142
11858.16211 -232.39688
11860.85742 -237.38791
11863.55371 -230.51289
11866.24219 -185.08406
11868.93457 -230.41725
11871.62500 -236.82831
11874.31738 -230.03992
11877.00977 -174.15877
11879.70215 -232.93559
11882.39062 -239.19823
11885.07812 -230.92726
11887.77930 -181.38452
11890.46094 -229.30458
11893.15820 -233.53841
11895.85449 -230.04788
11898.54590 -171.33524
11901.23828 -230.35814
11903.92383 -236.25470
11906.62207 -231.97781
11909.30859 -179.59163
11912.00293 -228.73965
11914.69727 -235.74751
11917.38672 -232.27869
11920.08203 -177.34042
11922.77246 -230.21875
11925.45508 -235.06274
11928.15918 -234.67276
11930.84473 -212.26759
11933.53711 -229.54240
11936.23047 -236.54665
11938.91699 -235.88033
11941.61719 -177.56801
11944.31250 -230.93364
11947.00098 -236.07956
11949.68945 -234.26924
11952.38086 -168.73383
11955.07715 -228.09480
11957.76855 -233.78647
11960.45996 -236.01622
11963.15332 -184.99593
11965.84570 -229.43404
11968.53320 -231.77502
11971.22656 -237.35049
11973.92188 -183.95726
11976.61035 -230.29660
11979.30078 -236.08966
11981.99707 -244.77660
11984.68750 -173.56462
11987.38477 -231.03320
11990.06348 -233.75990
11992.76270 -242.55104
11995.45703 -177.22324
11998.14941 -230.76965
12000.83789 -236.43843
12003.52539 -249.52939
12006.22070 -169.45401
12008.91699 -233.61995
12011.60742 -234.48102
12014.29785 -249.00761
12016.99023 -173.28322
12019.68164 -232.13293
12022.37402 -236.95200
12025.06738 -251.22133
12027.75977 -181.27034
12030.44824 -232.64481
12033.14355 -232.44690
12035.83887 -239.69757
12038.52734 -195.79785
12041.21875 -239.53439
12043.90820 -236.92885
12046.60059 -233.68025
12049.29883 -172.44424
12051.98438 -244.21782
12054.67188 -237.17668
12057.37207 -239.87558
12060.06641 -185.63354
12062.75391 -239.80045
12065.44336 -238.55400
12068.13965 -233.62193
12070.83008 -173.62033
12073.52051 -246.76134
12076.21875 -235.23946
12078.90430 -233.41779
12081.59570 -190.01759
12084.28906 -243.16324
12086.98242 -236.30489
12089.67676 -230.99654
12092.36523 -172.43817
12095.05371 -244.40897
12097.75000 -234.16692
12100.44043 -231.67857
12103.13086 -179.74493
12105.82227 -237.78069
12108.51465 -232.63797
12111.20703 -228.05252
12113.90039 -165.66351
12116.59277 -236.35992
12119.28125 -236.68314
12121.97656 -230.83151
12124.67188 -179.82956
12127.36133 -234.99718
12130.05762 -235.08279
12132.74805 -229.44757
12135.43945 -170.11528
12138.13086 -237.44746
12140.82422 -234.47668
12143.51660 -229.68481
12146.20312 -189.94087
12148.89746 -232.16452
12151.59180 -232.47377
12154.28125 -227.68306
12156.97656 -177.83737
12159.66699 -233.21707
12162.35742 -235.95946
12165.04883 -229.61763
12167.74023 -174.74533
12170.43164 -230.49313
12173.12500 -232.54131
12175.81934 -228.46902
12178.50586 -170.37663
12181.20117 -232.36996
12183.88867 -237.50594
12186.58398 -230.83890
12189.28125 -185.60652
12191.97168 -230.64084
12194.65625 -236.41437
12197.35449 -229.76476
12200.04688 -192.94754
12202.74512 -232.54668
12205.42578 -238.13524
12208.12012 -230.71083
12210.81445 -182.68324
12213.50195 -229.05246
12216.19922 -233.26741
12218.88770 -230.21347
12221.57812 -175.56747
12224.27539 -230.62582
12226.96680 -236.55028
12229.65820 -232.36647
12232.34473 -192.36140
12235.04395 -228.88126
12237.73242 -235.69919
12240.42578 -232.32928
12243.11426 -177.09563
12245.80957 -230.41414
12248.50586 -235.34158
12251.19531 -235.36746
12253.88574 -176.42397
12256.57715 -229.84116
12259.26855 -236.82251
12261.96191 -236.10938
12264.65430 -173.95747
12267.34766 -231.19000
12270.03516 -235.98447
12272.72949 -234.38976
12275.42480 -164.34602
12278.11426 -228.05524
12280.80469 -233.52171
12283.50098 -236.70087
12286.19141 -175.16304
12288.88281 -229.73869
12291.56836 -231.82396
12294.26758 -238.15204
12296.96191 -180.53645
12299.64844 -230.69284
12302.34277 -236.22525
12305.03125 -246.04337
12307.71973 -183.12968
12310.41602 -231.25699
12313.11328 -233.57230
12315.80273 -242.76952
12318.49512 -174.07410
12321.18066 -230.83858
12323.87207 -236.15961
12326.57227 -249.28566
12329.26562 -182.22227
12331.95312 -233.78123
12334.64062 -234.12048
12337.33594 -246.41147
12340.02539 -179.23798
12342.72266 -232.15508
12345.41211 -236.15596
12348.10352 -248.94405
12350.79492 -182.09285
12353.48047 -232.87314
12356.18652 -232.20560
12358.86621 -238.68597
12361.56055 -179.94135
12364.25391 -240.00803
12366.94922 -237.30391
12369.64453 -233.79854
12372.32812 -178.87183
12375.02441 -244.30490
12377.72266 -236.91632
12380.41211 -240.36230
12383.09766 -179.92467
12385.79004 -240.07506
12388.48242 -238.27946
12391.17676 -233.74609
12393.86328 -178.69298
12396.55859 -246.93604
12399.25391 -235.08878
12401.94238 -233.49396
12404.63867 -176.28607
12407.32910 -243.31815
12410.02051 -236.37830
12412.71094 -230.90077
12415.40430 -177.68323
12418.09570 -242.72841
12420.78223 -234.03326
12423.48242 -231.57207
12426.17090 -172.05870
12428.86523 -237.14996
12431.55371 -232.86719
12434.24902 -228.24048
12436.93945 -160.09848
12439.63672 -236.40985
12442.32031 -237.11823
12445.01953 -231.11279
12447.71094 -197.87822
12450.39648 -235.03313
12453.09668 -234.88632
12455.78516 -229.24136
12458.47168 -171.36690
12461.16699 -236.25053
12463.85645 -234.16022
12466.54492 -229.63544
12469.24219 -176.18616
12471.93945 -231.86205
12474.62402 -232.35603
12477.32227 -227.68542
12480.01465 -175.76752
12482.70703 -232.88152
12485.39453 -235.63310
12488.08691 -229.52849
12490.78223 -180.56961
12493.47070 -230.14270
12496.16602 -232.35197
12498.85645 -228.49866
12501.54492 -185.01549
12504.23730 -232.34908
12506.92773 -237.60779
12509.61914 -231.14938
12512.31250 -181.91771
12515.01172 -230.80815
12517.70508 -235.86572
12520.39160 -229.47218
12523.08008 -176.74167
12525.77539 -232.07042
12528.47168 -237.16757
12531.16113 -230.52470
12533.85156 -179.05110
12536.54199 -228.81137
12539.23926 -233.01834
12541.92480 -230.38861
12544.61719 -180.81581
12547.30957 -230.90202
12550.00391 -236.84523
12552.69043 -232.74036
12555.38574 -183.36311
12558.08105 -229.00885
12560.77051 -235.58521
12563.45898 -232.35080
12566.15723 -180.47173
12568.84766 -230.60767
12571.53809 -235.63892
12574.22363 -236.03505
12576.92285 -179.94144
12579.61523 -230.10428
12582.30957 -236.99973
12584.99609 -236.22208
12587.69141 -173.06015
12590.37988 -231.40244
12593.07617 -235.82059
12595.76562 -234.52560
12598.45605 -167.34685
12601.14648 -228.05186
12603.84570 -233.31343
12606.52930 -237.46375
12609.22852 -175.21703
12611.91504 -230.10484
12614.60840 -231.92819
12617.30371 -238.91722
12619.99023 -197.87273
12622.68555 -231.09610
12625.38184 -236.36792
12628.07129 -247.38196
12630.76172 -176.45764
12633.44531 -231.49931
12636.14355 -233.39075
12638.83594 -242.70297
12641.53418 -191.38594
12644.22070 -230.93040
12646.91406 -235.90538
12649.60840 -248.68262
12652.29590 -177.90460
12654.99121 -233.94034
12657.68652 -233.74692
12660.37012 -243.94713
12663.06641 -178.80544
12665.75781 -232.22661
12668.44824 -235.46854
12671.14062 -245.40718
12673.83301 -175.51237
12676.52539 -233.13956
12679.21875 -232.00555
12681.90625 -237.83371
12684.60059 -181.04170
12687.29590 -240.39516
12689.98535 -237.68588
12692.68066 -233.97992
12695.36328 -174.10025
12698.06152 -244.17355
12700.75977 -236.47710
12703.44531 -240.33931
12706.13672 -185.89902
12708.82910 -240.42603
12711.52246 -237.89523
12714.21680 -233.79890
12716.90430 -187.87125
12719.59961 -246.68303
12722.28711 -234.89316
12724.97656 -233.55951
12727.67383 -175.43518
12730.36328 -243.66801
12733.05566 -236.40132
12735.74707 -230.79309
12738.43848 -181.85710
12741.13184 -241.28610
12743.82422 -233.92279
12746.52539 -231.50500
12749.20508 -173.10353
12751.90039 -236.68172
12754.59570 -233.15787
12757.28516 -228.48680
12759.98145 -179.12363
12762.67188 -236.60762
12765.35547 -237.50113
12768.05469 -231.39250
12770.74609 -174.74574
12773.43848 -235.06015
12776.13184 -234.65587
12778.81836 -229.03085
12781.51270 -186.31744
12784.20703 -235.21043
12786.89551 -233.90202
12789.59082 -229.62753
12792.28027 -178.84047
12794.97070 -231.60280
12797.66797 -232.27164
12800.35938 -227.71809
12803.05078 -175.28394
12805.74316 -232.57945
12808.42871 -235.35297
12811.12207 -229.47531
12813.81641 -185.03772
12816.50391 -229.83551
12819.20508 -232.19725
12821.88672 -228.54984
12824.58398 -176.15927
12827.28027 -232.32924
12829.97070 -237.67842
12832.66113 -231.43491
12835.35254 -180.16951
12838.04492 -230.90314
12840.73047 -235.23624
12843.42969 -229.18076
12846.11719 -177.96884
12848.81836 -231.55534
12851.50586 -236.30917
12854.19434 -230.37947
12856.89062 -178.45183
12859.58008 -228.59033
12862.26953 -232.79250
12864.96094 -230.57089
12867.65820 -183.76131
12870.35059 -231.17725
12873.04199 -237.12500
12875.73438 -233.09291
12878.42188 -176.46349
12881.11523 -229.11710
12883.80957 -235.40291
12886.49805 -232.34686
12889.19434 -183.90855
12891.88281 -230.79248
12894.57227 -235.94431
12897.26953 -236.64864
12899.96094 -188.36002
12902.65234 -230.31468
12905.34375 -237.03938
12908.03613 -236.23116
12910.73047 -174.45531
12913.41602 -231.56804
12916.11133 -235.60117
12918.80469 -234.67488
12921.49316 -167.77187
12924.18164 -228.08539
12926.87891 -233.15846
12929.56836 -238.29921
12932.26562 -176.56776
12934.95703 -230.53267
12937.64160 -232.08781
12940.34082 -239.61612
12943.03320 -170.99615
12945.71875 -231.49257
12948.41309 -236.50119
12951.10742 -248.76350
12953.80273 -186.12688
12956.49805 -231.76076
12959.18750 -233.21843
12961.87598 -242.32896
12964.56641 -185.78307
12967.25684 -231.04366
12969.94922 -235.67467
12972.64062 -247.85286
12975.33984 -179.74432
12978.02539 -234.10291
12980.71875 -233.37323
12983.41211 -241.82082
12986.09961 -175.55066
12988.79492 -232.34595
12991.48340 -234.88153
12994.17969 -242.57692
12996.86914 -171.21329
12999.56641 -233.43648
13002.25684 -231.84598
13004.94922 -237.11574
13007.64062 -185.71420
13010.32617 -240.68335
13013.02637 -238.04980
13015.71875 -234.21452
13018.40625 -171.48792
13021.10156 -243.88538
13023.78906 -235.90657
13026.48438 -239.71428
13029.17383 -176.60071
13031.87012 -240.82310
13034.56055 -237.43971
13037.25195 -233.77025
13039.94238 -176.34084
13042.63574 -245.96066
13045.32031 -234.65588
13048.01953 -233.59824
13050.70703 -178.84181
13053.40039 -244.21519
13056.09570 -236.37349
13058.78418 -230.67630
13061.47949 -176.25352
13064.16895 -240.04671
13066.86621 -233.83208
13069.55566 -231.47560
13072.24707 -175.65762
13074.94629 -236.36261
13077.63086 -233.51016
13080.32324 -228.78824
13083.00879 -164.53966
13085.70898 -236.94283
13088.39746 -237.77441
13091.08398 -231.65021
13093.77930 -181.97087
13096.47559 -235.06425
13099.16504 -234.40295
13101.86133 -228.82550
13104.55176 -174.16431
13107.23535 -234.31227
13109.93359 -233.69859
13112.63281 -229.66362
13115.31836 -178.35808
13118.01172 -231.39186
13120.70508 -232.22069
13123.39258 -227.78114
13126.08789 -176.12102
13128.77539 -232.31377
13131.46387 -235.11710
13134.16016 -229.46111
13136.85059 -188.47607
13139.54688 -229.57603
13142.23145 -232.07669
13144.93066 -228.62152
13147.62207 -176.03517
13150.31445 -232.30421
13153.00781 -237.70247
13155.69336 -231.68701
13158.38770 -188.74870
13161.08301 -230.91675
13163.77832 -234.57314
13166.46582 -228.90515
13169.16211 -184.37500
13171.84570 -231.04012
13174.54297 -235.55974
13177.23438 -230.28201
13179.92578 -173.83688
13182.61719 -228.39622
13185.30859 -232.59047
13187.99609 -230.75755
13190.68848 -173.78448
13193.38281 -231.44008
13196.07617 -237.37192
13198.76465 -233.41864
13201.46094 -175.94177
13204.15820 -229.20207
13206.83984 -235.15514
13209.53711 -232.32214
13212.23535 -173.63094
13214.92578 -230.96155
13217.61133 -236.24391
13220.31055 -237.18056
13222.99609 -177.94850
13225.68945 -230.45833
13228.38281 -236.91655
13231.07031 -236.15843
13233.76562 -178.22928
13236.46094 -231.68799
13239.15039 -235.34201
13241.83984 -234.83299
13244.53613 -167.31517
13247.22754 -228.15587
13249.91797 -233.05368
13252.60938 -239.19783
13255.30176 -174.99051
13257.99414 -231.02145
13260.68848 -232.30280
13263.37402 -240.22557
13266.06934 -179.14658
13268.75586 -231.86638
13271.45898 -236.60587
13274.14062 -250.11330
13276.83008 -173.68640
13279.53516 -232.04147
13282.22559 -233.05798
13284.90820 -241.69528
13287.60742 -183.32845
13290.29199 -231.17633
13292.98438 -235.46577
13295.68457 -246.92807
13298.37109 -177.94379
13301.06543 -234.27312
13303.75195 -233.00987
13306.45508 -240.01357
13309.14258 -178.39313
13311.83203 -232.51024
13314.52246 -234.38695
13317.21875 -240.40933
13319.91113 -169.67101
13322.60156 -233.75459
13325.28516 -231.72574
13327.98633 -236.51134
13330.67188 -176.16020
13333.37109 -240.86938
13336.05859 -238.36293
13338.75195 -234.48865
13341.44727 -172.11528
13344.13574 -243.47379
13346.82520 -235.25784
13349.52148 -238.63985
13352.21191 -178.97838
13354.91016 -241.21591
13357.59277 -236.94867
13360.29199 -233.65912
13362.97656 -175.37459
13365.67578 -244.86722
13368.36133 -234.38271
13371.05566 -233.59480
13373.75000 -186.43422
13376.43750 -244.95941
13379.13281 -236.29761
13381.82129 -230.55414
13384.51758 -173.07401
13387.20703 -238.97559
13389.89746 -233.75713
13392.58789 -231.48004
13395.28711 -183.58015
13397.97852 -236.18314
13400.66992 -233.92326
13403.36328 -229.13986
13406.04980 -170.81595
13408.74219 -237.39760
13411.43750 -237.87894
13414.13184 -231.86359
13416.82129 -185.03650
13419.50977 -235.03349
13422.20605 -234.13876
13424.89648 -228.63354
13427.58691 -173.18454
13430.28418 -233.54034
13432.97656 -233.54649
13435.66016 -229.74484
13438.35352 -176.73843
13441.04590 -231.23256
13443.73926 -232.20290
13446.43359 -227.87421
13449.12109 -172.76105
13451.81641 -232.08559
13454.50391 -234.92284
13457.20117 -229.48764
13459.89062 -188.90442
13462.57910 -229.36700
13465.27832 -231.98947
13467.96094 -228.71202
13470.66016 -182.81436
13473.34473 -232.26695
13476.04492 -237.66611
13478.73047 -231.89928
13481.42480 -178.44096
13484.11914 -230.84892
13486.80664 -233.91165
13489.50195 -228.65620
13492.19727 -172.08354
13494.88672 -230.55203
13497.57617 -234.91357
13500.26562 -230.23650
13502.95703 -176.52263
13505.64648 -228.23415
13508.34766 -232.41231
13511.03125 -230.94539
13513.72461 -191.99675
13516.42480 -231.67766
13519.11914 -237.56630
13521.80566 -233.71358
13524.50098 -184.47699
13527.18848 -229.26166
13529.87695 -234.84961
13532.56641 -232.28183
13535.27148 -185.77351
13537.95996 -231.10832
13540.65234 -236.52060
13543.34180 -237.60704
13546.02637 -182.23717
13548.72656 -230.52689
13551.41992 -236.62918
13554.10547 -236.02866
13556.80664 -184.58490
13559.49316 -231.76720
13562.18164 -235.05923
13564.87695 -234.99280
13567.56445 -172.54854
13570.26172 -228.26282
13572.95898 -232.99574
13575.64941 -240.14442
13578.33984 -181.29378
13581.03125 -231.56905
13583.72266 -232.57278
13586.41504 -240.73624
13589.10742 -182.23160
13591.79297 -232.20071
13594.49414 -236.66141
13597.18262 -251.25827
13599.87695 -176.05325
13602.56445 -232.34113
13605.25391 -232.91154
13607.95020 -240.89122
13610.63965 -182.14545
13613.33789 -231.32593
13616.02051 -235.27657
13618.71973 -245.99809
13621.41113 -174.61937
13624.10352 -234.45354
13626.78809 -232.66499
13629.48242 -238.47260
13632.17676 -173.04704
13634.87109 -232.71553
13637.56641 -233.97765
13640.25391 -238.71809
13642.94141 -176.53236
13645.63867 -234.08304
13648.33594 -231.64337
13651.01758 -236.00282
13653.71680 -172.90533
13656.40723 -240.95767
13659.09961 -238.58708
13661.79199 -234.78354
13664.48438 -177.41692
13667.16992 -242.94690
13669.86426 -234.57710
13672.55859 -237.36324
13675.24512 -174.42696
13677.94141 -241.53076
13680.63672 -236.45090
13683.31934 -233.47372
13686.01562 -178.03548
13688.70605 -243.56921
13691.40430 -234.08102
13694.08691 -233.53677
13696.78711 -174.08649
13699.47168 -245.88254
13702.16406 -236.17934
13704.85742 -230.43097
13707.55078 -184.00737
13710.24512 -238.04413
13712.93945 -233.69339
13715.62695 -231.51251
13718.32422 -175.98752
13721.01172 -236.13652
13723.70996 -234.39453
13726.39160 -229.53429
13729.08984 -165.65871
13731.78125 -237.93665
13734.47266 -237.77271
13737.17188 -232.01120
13739.85742 -173.57391
13742.54297 -234.95967
13745.23535 -233.87346
13747.93750 -228.46176
13750.62500 -180.68460
13753.31152 -232.88049
13756.01562 -233.44228
13758.70508 -229.87117
13761.39453 -175.13846
13764.08301 -231.12682
13766.77344 -232.21761
13769.47168 -227.99646
13772.16309 -173.19887
13774.84766 -231.89453
13777.54004 -234.76698
13780.24023 -229.55551
13782.92578 -177.97736
13785.62012 -229.20982
13788.31445 -231.93439
13791.00195 -228.81917
13793.69043 -178.52721
13796.39453 -232.21036
13799.08203 -237.55939
13801.77246 -232.06819
13804.47070 -181.80760
13807.16016 -230.70868
13809.85156 -233.27541
13812.53516 -228.44148
13815.23535 -175.33325
13817.91992 -230.10875
13820.61426 -234.36357
13823.30664 -230.24521
13826.00098 -185.07436
13828.68945 -228.10765
13831.38477 -232.25754
13834.07227 -231.13101
13836.76855 -172.92448
13839.46484 -231.87665
13842.14746 -237.68878
13844.83789 -233.97563
13847.53711 -185.03873
13850.22852 -229.29578
13852.91992 -234.49750
13855.61133 -232.23096
13858.30566 -173.59602
13860.99805 -231.22733
13863.69238 -236.75459
13866.37891 -237.91330
13869.07422 -187.61760
13871.76270 -230.51942
13874.45801 -236.19859
13877.14746 -235.86426
13879.84473 -180.80658
13882.52734 -231.81358
13885.22461 -234.76762
13887.90918 -235.14519
13890.60742 -170.02896
13893.29980 -228.40526
13895.98535 -232.98099
13898.68555 -241.11595
13901.37891 -173.24127
13904.06641 -232.17120
13906.75977 -232.89684
13909.45508 -241.15543
13912.14355 -177.29556
13914.83984 -232.47951
13917.52930 -236.64833
13920.21973 -251.88965
13922.90918 -186.97063
13925.60059 -232.65887
13928.29102 -232.78079
13930.98242 -240.00641
13933.68262 -178.99727
13936.37598 -231.48943
13939.06152 -235.10455
13941.75586 -245.11127
13944.44922 -181.80824
13947.14453 -234.64487
13949.83301 -232.34465
13952.52051 -237.15089
13955.20996 -180.68639
13957.90625 -232.95671
13960.59668 -233.64749
13963.29492 -237.37552
13965.98535 -175.41275
13968.67676 -234.40997
13971.36133 -231.59711
13974.06152 -235.57442
13976.74707 -181.38179
13979.43945 -240.95609
13982.13379 -238.68500
13984.82812 -235.07452
13987.51562 -176.51552
13990.21094 -242.30298
13992.90820 -233.89861
13995.59570 -236.06795
13998.28516 -183.02065
14000.97559 -241.67877
14003.67285 -235.96739
14006.36523 -233.22948
14009.05664 -174.66888
14011.74805 -242.21048
14014.43262 -233.75908
14017.12500 -233.41666
14019.81934 -175.93518
14022.51367 -246.91045
14025.20020 -236.02634
14027.90234 -230.31143
14030.59082 -176.57114
14033.28027 -237.22958
14035.97656 -233.63585
14038.66602 -231.56512
14041.35547 -203.61752
14044.04688 -236.21774
14046.73730 -234.91814
14049.42871 -229.96080
14052.12891 -168.82950
14054.82031 -238.49159
14057.51367 -237.44884
14060.20703 -232.07642
14062.89453 -187.27501
14065.58789 -234.83952
14068.28320 -233.61581
14070.97168 -228.31561
14073.66016 -180.53552
14076.34863 -232.32059
14079.03809 -233.38226
14081.73633 -230.04132
14084.42578 -185.80774
14087.11816 -231.07552
14089.81641 -232.26375
14092.50098 -228.14668
14095.20117 -184.31375
14097.88672 -231.73906
14100.58789 -234.64572
14103.26660 -229.66447
14105.96191 -190.63222
14108.65625 -229.10504
14111.35254 -231.90988
14114.04785 -228.94032
14116.72949 -192.14529
14119.42578 -232.12811
14122.11719 -237.37798
14124.80664 -232.19365
14127.50586 -181.89851
14130.18945 -230.51180
14132.88965 -232.67896
14135.58203 -228.26593
14138.26660 -180.19237
14140.96094 -229.72084
14143.65430 -233.90276
14146.34180 -230.30914
14149.03711 -189.81616
14151.73242 -228.01910
14154.41992 -232.12532
14157.11719 -231.31084
14159.81445 -184.76254
14162.49609 -232.02481
14165.19434 -237.72340
14167.87695 -234.20462
14170.57715 -177.68034
14173.26074 -229.30640
14175.95312 -234.11169
14178.65332 -232.17395
14181.33984 -175.16255
14184.03320 -231.31491
14186.72852 -236.92534
14189.42285 -238.09662
14192.10352 -179.82703
14194.79883 -230.44244
14197.49512 -235.66141
14200.19336 -235.68243
14202.87500 -177.91409
14205.57227 -231.83673
14208.26270 -234.47978
14210.94727 -235.27983
14213.65332 -177.79231
14216.33008 -228.58168
14219.03223 -233.00519
14221.72461 -242.07890
14224.41016 -180.14038
14227.09766 -232.82040
14229.79980 -233.27281
14232.48828 -241.50359
14235.17578 -177.84523
14237.87207 -232.68977
14240.56836 -236.55148
14243.25781 -251.69922
14245.94824 -174.83035
14248.64648 -232.99329
14251.33008 -232.66704
14254.02246 -239.10796
14256.72070 -173.95956
14259.41406 -231.66325
14262.09961 -234.94695
14264.79395 -244.28801
14267.47949 -172.39659
14270.18164 -234.84593
14272.87012 -232.05330
14275.56543 -236.01215
14278.25293 -182.33521
14280.94238 -233.22752
14283.63184 -233.39130
14286.32031 -236.30046
14289.01172 -176.10040
14291.70996 -234.72342
14294.40234 -231.58485
14297.09375 -235.21153
14299.78613 -188.23323
14302.47949 -240.87132
14305.17188 -238.63004
14307.86621 -235.33130
14310.56055 -172.41995
14313.24805 -241.54594
14315.94336 -233.24529
14318.63184 -234.84808
14321.32812 -190.07426
14324.01758 -241.58365
14326.70703 -235.51239
14329.39648 -232.94554
14332.09473 -181.71249
14334.78613 -240.88078
14337.47852 -233.42509
14340.16992 -233.23323
14342.85547 -178.91766
14345.54785 -247.83701
14348.24121 -235.84731
14350.93555 -230.20013
14353.63086 -178.13142
14356.31738 -236.51385
14359.01367 -233.57912
14361.70117 -231.62810
14364.39844 -187.44312
14367.08789 -236.42223
14369.78516 -235.48293
14372.46680 -230.40431
14375.15820 -165.81657
14377.85742 -238.94485
14380.54883 -236.93854
14383.23340 -232.05096
14385.92676 -183.42673
14388.61914 -234.67525
14391.31348 -233.37302
14394.00000 -228.19928
14396.70312 -176.38525
14399.39062 -231.85025
14402.07910 -233.36247
14404.77441 -230.25262
14407.47168 -177.99219
14410.15234 -231.07858
14412.85059 -232.33981
14415.54883 -228.32315
14418.24023 -181.93335
14420.93164 -231.61655
14423.61523 -234.55470
14426.31641 -229.81339
14429.00195 -186.88942
14431.69434 -229.05258
14434.39648 -231.91406
14437.07520 -229.07249
14439.77734 -174.19649
14442.46582 -232.01552
14445.14551 -237.12407
14447.84180 -232.27896
14450.53906 -186.63437
14453.22852 -230.27763
14455.91895 -232.13057
14458.61719 -228.13252
14461.30859 -181.88210
14464.00000 -229.39417
14466.69141 -233.52493
14469.38477 -230.42830
14472.07812 -180.43346
14474.76367 -227.96991
14477.45703 -232.01442
14480.15137 -231.48123
14482.83984 -181.69064
14485.54199 -232.11279
14488.22266 -237.66106
14490.91895 -234.40210
14493.60840 -185.00162
14496.30664 -229.29718
14498.98828 -233.70512
14501.69434 -232.11426
14504.37695 -178.26489
14507.06934 -231.36964
14509.76074 -237.01457
14512.45312 -238.16573
14515.14648 -174.37190
14517.84082 -230.30836
14520.52734 -235.05841
14523.23047 -235.49419
14525.91699 -187.52049
14528.60449 -231.84680
14531.29297 -234.20581
14533.98926 -235.38640
14536.67871 -168.56898
14539.37500 -228.79005
14542.06543 -233.06326
14544.75586 -242.98714
14547.44727 -171.29947
14550.13867 -233.50439
14552.83105 -233.69669
14555.52344 -241.80504
14558.21680 -185.51605
14560.91016 -232.82375
14563.59570 -236.36316
14566.29102 -250.69180
14568.98633 -181.28732
14571.67383 -233.34230
14574.36133 -232.57120
14577.05859 -238.23775
14579.75586 -174.21091
14582.44531 -231.84334
14585.13574 -234.80074
14587.82617 -243.53267
14590.51758 -177.18176
14593.20801 -235.05374
14595.90820 -231.79402
14598.60156 -235.02895
14601.28711 -173.24603
14603.97949 -233.52063
14606.66602 -233.20465
14609.36035 -235.44008
14612.05566 -178.97417
14614.75098 -235.01253
14617.43945 -231.60414
14620.13574 -234.90009
14622.82422 -180.76424
14625.51367 -240.70569
14628.20410 -238.41519
14630.90234 -235.52071
14633.59375 -171.63214
14636.29297 -240.69360
14638.96875 -232.63120
14641.66992 -233.74055
14644.36328 -184.27443
14647.05566 -241.21884
14649.74219 -235.09492
14652.43652 -232.64159
14655.13184 -173.76500
14657.81836 -239.62579
14660.50684 -233.08676
14663.21094 -232.99156
14665.89258 -181.38631
14668.58887 -248.26704
14671.27930 -235.65111
14673.96973 -230.10146
14676.66895 -173.90927
14679.36035 -235.88232
14682.05176 -233.51758
14684.74414 -231.68993
14687.43652 -194.65965
14690.12207 -236.74377
14692.81641 -236.06934
14695.50977 -230.84448
14698.20410 -164.23711
14700.89258 -239.13594
14703.58789 -236.29659
14706.27539 -231.93710
14708.96484 -176.94951
14711.66211 -234.47394
14714.35156 -233.15082
14717.04199 -228.11591
14719.74121 -179.71785
14722.43164 -231.46062
14725.11621 -233.37823
14727.80762 -230.50081
14730.50781 -181.12141
14733.20215 -231.13510
14735.88770 -232.44382
14738.57324 -228.52370
14741.27539 -177.41681
14743.96289 -231.52347
14746.65820 -234.48888
14749.35449 -230.00024
14752.03516 -179.26813
14754.73145 -229.05190
14757.42969 -231.94461
14760.11133 -229.21242
14762.81055 -182.23666
14765.50000 -231.87019
14768.19238 -236.80586
14770.88379 -232.33020
14773.57617 -188.84003
14776.26953 -230.02583
14778.96289 -231.63448
14781.64844 -228.04269
14784.35059 -178.73996
14787.03711 -229.13152
14789.72559 -233.22475
14792.42090 -230.60207
14795.10840 -182.43253
14797.80664 -227.96071
14800.50293 -231.92329
14803.18457 -231.63873
14805.87500 -170.82404
14808.57324 -232.13574
14811.26465 -237.50165
14813.95605 -234.57080
14816.64844 -173.81885
14819.34082 -229.27313
14822.03320 -233.28973
14824.72754 -232.05420
14827.41309 -173.11748
14830.10840 -231.39255
14832.80273 -237.00990
14835.49023 -238.13690
14838.18750 -173.13669
14840.87500 -230.13295
14843.57227 -234.42603
14846.26074 -235.30489
14848.95117 -169.58647
14851.64160 -231.85341
14854.33203 -233.95352
14857.03223 -235.45609
14859.71582 -182.21800
14862.40820 -229.02776
14865.09961 -233.14897
14867.79395 -243.78091
14870.49609 -180.55548
14873.17383 -234.20413
14875.86816 -234.16142
14878.56348 -242.07695
14881.25977 -182.17043
14883.94727 -232.88011
14886.63574 -236.08485
14889.33398 -249.18915
14892.03027 -185.10991
14894.71191 -233.70309
14897.41113 -232.49390
14900.10156 -237.41864
14902.79297 -173.71870
14905.48438 -232.02509
14908.17773 -234.66272
14910.87012 -242.84114
14913.55566 -182.16426
14916.25781 -235.26370
14918.94434 -231.56895
14921.63086 -234.18059
14924.33398 -187.10541
14927.01270 -233.82777
14929.70898 -233.08376
14932.39844 -234.75876
14935.08691 -178.25960
14937.78418 -235.26904
14940.47461 -231.65201
14943.16504 -234.62631
14945.86426 -194.40187
14948.55566 -240.45657
14951.24023 -238.05553
14953.94043 -235.61221
14956.63281 -178.16029
14959.32715 -239.77608
14962.02051 -232.06430
14964.70703 -232.75432
14967.39355 -177.05641
14970.08887 -240.62257
14972.78418 -234.72037
14975.48047 -232.33553
14978.16992 -174.60294
14980.86719 -238.46461
14983.54883 -232.75085
14986.23828 -232.70180
14988.93652 -178.81491
14991.62012 -247.82961
14994.32031 -235.44606
14997.00293 -230.01938
14999.70312 -178.53177
15002.38867 -235.32295
15005.08203 -233.44577
15007.77539 -231.73808
15010.47852 -175.73216
15013.16504 -237.17136
15015.85156 -236.64592
15018.54883 -231.25584
15021.23633 -165.20609
15023.92480 -238.92503
15026.62207 -235.58124
15029.31152 -231.74678
15032.00195 -190.31795
15034.69922 -234.24615
15037.39160 -232.95372
15040.08301 -228.06775
15042.77441 -180.29898
15045.46777 -231.14391
15048.16016 -233.42410
15050.85352 -230.77960
15053.54688 -185.97389
15056.23242 -231.24315
15058.92773 -232.57310
15061.61523 -228.74559
15064.31055 -182.54990
15066.99805 -231.45549
15069.69629 -234.44252
15072.38379 -230.22224
15075.07324 -182.58795
15077.77246 -229.10204
15080.46289 -231.99887
15083.15332 -229.35670
15085.84473 -182.53944
15088.53613 -231.69249
15091.22949 -236.43585
15093.92188 -232.35532
15096.62305 -193.95810
15099.30859 -229.77422
15101.99414 -231.19243
15104.68848 -227.99683
15107.38379 -175.18539
15110.08008 -228.93390
15112.76855 -232.99780
15115.45703 -230.82922
15118.14453 -181.91560
15120.84180 -227.99153
15123.53320 -231.85008
15126.22266 -231.78006
15128.91406 -182.06953
15131.60547 -232.09430
15134.29688 -237.25415
15136.99707 -234.71408
15139.68164 -189.70465
15142.37402 -229.24004
15145.06836 -232.87573
15147.76270 -231.99483
15150.44824 -176.78273
15153.14355 -231.38690
15155.83887 -236.90767
15158.52637 -238.02878
15161.21484 -182.92633
15163.91113 -229.93262
15166.60938 -233.79256
15169.29785 -235.11526
15171.98047 -183.08878
15174.67871 -231.86499
15177.37793 -233.72873
15180.06250 -235.48303
15182.75391 -172.39912
15185.45410 -229.29147
15188.13867 -233.25470
15190.83203 -244.38911
15193.52637 -187.77455
15196.22070 -234.89192
15198.90723 -234.65535
15201.59375 -242.31894
15204.29785 -177.22249
15206.98633 -232.86392
15209.67383 -235.72665
15212.36328 -247.51524
15215.06934 -189.68344
15217.75195 -234.07208
15220.44922 -232.43549
15223.14062 -236.66121
15225.82227 -174.11823
15228.52344 -232.20341
15231.21582 -234.52962
15233.90039 -242.20486
15236.60156 -177.99821
15239.28711 -235.46985
15241.98145 -231.37952
15244.67578 -233.45119
15247.36230 -175.40694
15250.05762 -234.14005
15252.74512 -233.02518
15255.44141 -234.23174
15258.12988 -174.38539
15260.82812 -235.48853
15263.51660 -231.72501
15266.20703 -234.37666
15268.89746 -187.08411
15271.58789 -240.11844
15274.27930 -237.58270
15276.97168 -235.58548
15279.66406 -173.78009
15282.35742 -238.82874
15285.04980 -231.54860
15287.74414 -231.88655
15290.42969 -175.75891
15293.12500 -239.87473
15295.82031 -234.39157
15298.51562 -232.04219
15301.21191 -181.72517
15303.89160 -237.40254
15306.58105 -232.42314
15309.27832 -232.37718
15311.96777 -174.96599
15314.66699 -246.60564
15317.35742 -235.23952
15320.04883 -229.95744
15322.73926 -180.41960
15325.43164 -234.82564
15328.12402 -233.35858
15330.80957 -231.75995
15333.51074 -177.26938
15336.19629 -237.68326
15338.89062 -237.16649
15341.58594 -231.60941
15344.27246 -167.88008
15346.96777 -238.28949
15349.65625 -234.84085
15352.34473 -231.49858
15355.04980 -177.51405
15357.73047 -234.00424
15360.42969 -232.78511
15363.11914 -228.05629
15365.81055 -172.50291
15368.50098 -230.89316
15371.20117 -233.49347
15373.89258 -231.08047
15376.57715 -178.35765
15379.26953 -231.39973
15381.96387 -232.72432
15384.64941 -228.98564
15387.34375 -173.42528
15390.03906 -231.40752
15392.73438 -234.40918
15395.42188 -230.47554
15398.11719 -175.83192
15400.80664 -229.20172
15403.49512 -232.07367
15406.19238 -229.50191
15408.88281 -172.77126
15411.57324 -231.48544
15414.27246 -236.02861
15416.96387 -232.36301
15419.64746 -176.63658
15422.33887 -229.53760
15425.03125 -230.80473
15427.72461 -227.99446
15430.41895 -179.97176
15433.11133 -228.80113
15435.80664 -232.84036
15438.49414 -231.10806
15441.18066 -179.70229
15443.87598 -228.06189
15446.56348 -231.79269
15449.25977 -231.90231
15451.95801 -169.46048
15454.64746 -231.99440
15457.34473 -236.93439
15460.03516 -234.83522
15462.72559 -183.76656
15465.40918 -229.20392
15468.10938 -232.47150
15470.80078 -231.93608
15473.49414 -175.08211
15476.18652 -231.35779
15478.87207 -236.71391
15481.56641 -237.85815
15484.25977 -186.53503
15486.94727 -229.72258
15489.64258 -233.17798
15492.32910 -234.92290
15495.02539 -177.67137
15497.72266 -231.88844
15500.40234 -233.53560
15503.10059 -235.46558
15505.79004 -173.15794
15508.48828 -229.57726
15511.17969 -233.37111
15513.87109 -244.73729
15516.55273 -172.41716
15519.25391 -235.53047
15521.94531 -235.16025
15524.63086 -242.50484
15527.33301 -180.47212
15530.02734 -232.78505
15532.71289 -235.30479
15535.40820 -245.85257
15538.09473 -173.01375
15540.79004 -234.44481
15543.47754 -232.39604
15546.17383 -235.96895
15548.87109 -181.35777
15551.56055 -232.37288
15554.24902 -234.39818
15556.93945 -241.61322
15559.63867 -173.68089
15562.33008 -235.66537
15565.02051 -231.22653
15567.70410 -232.82838
15570.39648 -182.00322
15573.08984 -234.44835
15575.78223 -233.02568
15578.47656 -233.84128
15581.17090 -178.89319
15583.85742 -235.67096
15586.56055 -231.81903
15589.24805 -234.13820
15591.93457 -189.61206
15594.63086 -239.68689
15597.32031 -237.03500
15600.01758 -235.43651
15602.70605 -173.98209
15605.39648 -237.88478
15608.08691 -231.08571
15610.77734 -231.13020
15613.47754 -179.61554
15616.16992 -239.05960
15618.86133 -234.10976
15621.54492 -231.77319
15624.23828 -170.93576
15626.93262 -236.43820
15629.62695 -232.10834
15632.32031 -232.03197
15635.00586 -175.36267
15637.69336 -245.01556
15640.38965 -235.03764
15643.08594 -229.91864
15645.77344 -174.99869
15648.47070 -234.38179
15651.16016 -233.25172
15653.84961 -231.74432
15656.54785 -178.72662
15659.23926 -238.23820
15661.92969 -237.57187
15664.62109 -231.87669
15667.32227 -167.57716
15670.00586 -237.34084
15672.69727 -234.10991
15675.38281 -231.21379
15678.08594 -176.92462
15680.77148 -233.76079
15683.46582 -232.64754
15686.15234 -228.08247
15688.85645 -173.35078
15691.54395 -230.70192
15694.23242 -233.57845
15696.92871 -231.39220
15699.61816 -183.18686
15702.30664 -231.60046
15705.00488 -232.89325
15707.69531 -229.24010
15710.38574 -168.52328
15713.07715 -231.37389
15715.76953 -234.38174
15718.46094 -230.75526
15721.15332 -176.55336
15723.84668 -229.34927
15726.53125 -232.16537
15729.22461 -229.64478
15731.91895 -174.46266
15734.61426 -231.25433
15737.30957 -235.59883
15739.99609 -232.36185
15742.69336 -188.11516
15745.38965 -229.32762
15748.06836 -230.47095
15750.76660 -228.03452
15753.45605 -177.96594
15756.14648 -228.73244
15758.84570 -232.74936
15761.53516 -231.43642
15764.22754 -178.09698
15766.91895 -228.17085
15769.60156 -231.74878
15772.29492 -232.00298
15774.99609 -177.94066
15777.69043 -231.84618
15780.38477 -236.56180
15783.06152 -234.93698
15785.75586 -185.70097
15788.45117 -229.17061
15791.14746 -232.08359
15793.82617 -231.87683
15796.52344 -174.37639
15799.21973 -231.31146
15801.91797 -236.44281
15804.59863 -237.63789
15807.29688 -179.47256
15809.98828 -229.51559
15812.67773 -232.59534
15815.37012 -234.72348
15818.06152 -180.94220
15820.76270 -231.92896
15823.44629 -233.37698
15826.13867 -235.40654
15828.82422 -174.50140
15831.52734 -229.88029
15834.22070 -233.48705
15836.90820 -244.76360
15839.59473 -172.55240
15842.29883 -236.07513
15844.97852 -235.64937
15847.67480 -242.57974
15850.36328 -180.02101
15853.06152 -232.65596
15855.75977 -234.83832
15858.43945 -244.27776
15861.14062 -174.51996
15863.83008 -234.81599
15866.52246 -232.37541
15869.20410 -235.34145
15871.90527 -186.27788
15874.59863 -232.52776
15877.29102 -234.26523
15879.97559 -241.05478
15882.66992 -177.11729
15885.36523 -235.84326
15888.05859 -231.11050
15890.74609 -232.30241
15893.44238 -184.94415
15896.12891 -234.74393
15898.81738 -233.08188
15901.51465 -233.57439
15904.20410 -171.29318
15906.90234 -235.82056
15909.59180 -231.92929
15912.28320 -233.89906
15914.97266 -177.34013
15917.66406 -239.16267
15920.35645 -236.44867
15923.04785 -235.17880
15925.74121 -183.89539
15928.43359 -236.97110
15931.12695 -230.67583
15933.82031 -230.47723
15936.50586 -182.94812
15939.20996 -238.24281
15941.89648 -233.87503
15944.58398 -231.53714
15947.28027 -176.56894
15949.97656 -235.56740
15952.66504 -231.81017
15955.34570 -231.67970
15958.04297 -180.26543
15960.74219 -243.39143
15963.43262 -234.84540
15966.12305 -229.90547
15968.81348 -169.22203
15971.49609 -233.98401
15974.19727 -233.12204
15976.88965 -231.68291
15979.58203 -180.26732
15982.27637 -238.76395
15984.96094 -237.80064
15987.65527 -232.03574
15990.35059 -174.79744
15993.04590 -236.23853
15995.73242 -233.41042
15998.42773 -230.91298
16001.11523 -176.20590
16003.81348 -233.52742
16006.49316 -232.54279
16009.19043 -228.14667
16011.87988 -171.69058
16014.57031 -230.56398
16017.26953 -233.66963
16019.96094 -231.70078
16022.66113 -179.09415
16025.35254 -231.83917
16028.03613 -233.07472
16030.72070 -229.50471
16033.43164 -179.83719
16036.11523 -231.34853
16038.80957 -234.35258
16041.50391 -231.05534
16044.19922 -179.35251
16046.87695 -229.54254
16049.57227 -232.26982
16052.26074 -229.78226
16054.95703 -179.28821
16057.64551 -231.00610
16060.34277 -235.15990
16063.03320 -232.35950
16065.73145 -189.84158
16068.42188 -229.15305
16071.11230 -230.19019
16073.80371 -228.11542
16076.49512 -169.78503
16079.18750 -228.72661
16081.87988 -232.72214
16084.57227 -231.81146
16087.26562 -179.67157
16089.95996 -228.31711
16092.64551 -231.71585
16095.34082 -232.08002
16098.02637 -178.28578
16100.72266 -231.66219
16103.40918 -236.15611
16106.10547 -235.02122
16108.80371 -178.48674
16111.49219 -229.14549
16114.18066 -231.71700
16116.87012 -231.81517
16119.56934 -182.27063
16122.25977 -231.25465
16124.95020 -236.11346
16127.64160 -237.37677
16130.33301 -173.89723
16133.02637 -229.32161
16135.70898 -232.05261
16138.41211 -234.51228
16141.10449 -175.94554
16143.79004 -231.99007
16146.48438 -233.25479
16149.17969 -235.31287
16151.86621 -172.50023
16154.56152 -230.19496
16157.25000 -233.58977
16159.94629 -244.44002
16162.64258 -175.17924
16165.32324 -236.48093
16168.02148 -236.08669
16170.71094 -242.46953
16173.40918 -177.12463
16176.09961 -232.48950
16178.79102 -234.34605
16181.48242 -242.81613
16184.16504 -179.93964
16186.86621 -235.17953
16189.55078 -232.37325
16192.25195 -234.77631
16194.93750 -188.36491
16197.63184 -232.66229
16200.31738 -234.12785
16203.02148 -240.51819
16205.70801 -181.64653
16208.40332 -235.99712
16211.09180 -231.03159
16213.77930 -231.86543
16216.47559 -189.63380
16219.16504 -235.01898
16221.86328 -233.18999
16224.55176 -233.42128
16227.24219 -173.88402
16229.93262 -235.94469
16232.62500 -232.05029
16235.32422 -233.64929
16238.01660 -180.14764
16240.69922 -238.55421
16243.40234 -235.85310
16246.08594 -234.83885
16248.78906 -178.07968
16251.47363 -236.10718
16254.15918 -230.31834
16256.85449 -229.92006
16259.54980 -180.66473
16262.23730 -237.46680
16264.92383 -233.68683
16267.62109 -231.34009
16270.31055 -174.56224
16273.00781 -234.78494
16275.69727 -231.53151
16278.39453 -231.33223
16281.08496 -191.31432
16283.77539 -241.87993
16286.46680 -234.66652
16289.16797 -229.91998
16291.85059 -171.10614
16294.54199 -233.62589
16297.23535 -232.96782
16299.92773 -231.57162
16302.62207 -181.32182
16305.31641 -239.15178
16308.00977 -237.80933
16310.69727 -232.07707
16313.39258 -179.10571
16316.07910 -235.10968
16318.76758 -232.75525
16321.47266 -230.61389
16324.16016 -194.64270
16326.84961 -233.31415
16329.53906 -232.47215
16332.23730 -228.24887
16334.92676 -172.45552
16337.61719 -230.47321
16340.30859 -233.75616
16342.99902 -231.98979
16345.69238 -180.18925
16348.38379 -232.10750
16351.07617 -233.26257
16353.76074 -229.77483
16356.46387 -186.64023
16359.14844 -231.32524
16361.84375 -234.31381
16364.53711 -231.36844
16367.22461 -177.26875
16369.91992 -229.77885
16372.60742 -232.38239
16375.30371 -229.91177
16377.99219 -174.41570
16380.68945 -230.74849
16383.37891 -234.72308
16386.07617 -232.36229
16388.76758 -181.86395
16391.45703 -229.02025
16394.14844 -229.96149
16396.83008 -228.23520
16399.53125 -184.75229
16402.22266 -228.78214
16404.91602 -232.75629
16407.60938 -232.22977
16410.30078 -178.65674
16412.99609 -228.49886
16415.68164 -231.69125
16418.37695 -232.13182
16421.07227 -178.27155
16423.75781 -231.45561
16426.45312 -235.73517
16429.14258 -235.08875
16431.83789 -177.27101
16434.52734 -229.13322
16437.22461 -231.37537
16439.91406 -231.74870
16442.59570 -172.55969
16445.29492 -231.19398
16447.98438 -235.74635
16450.67578 -237.08046
16453.36719 -178.28838
16456.06836 -229.14789
16458.75195 -231.55428
16461.44336 -234.28526
16464.13672 -175.07603
16466.83203 -232.07379
16469.51562 -233.17012
16472.21094 -235.19440
16474.91406 -182.80014
16477.59180 -230.51480
16480.28906 -233.66548
16482.98438 -243.78705
16485.67188 -181.70700
16488.36914 -236.71426
16491.05859 -236.42917
16493.74609 -242.10939
16496.44531 -184.02095
16499.12500 -232.29718
16501.82617 -233.84467
16504.52539 -241.47174
16507.20898 -182.99200
16509.90039 -235.52864
16512.59961 -232.38892
16515.28516 -234.27017
16517.97656 -175.47783
16520.66992 -232.77095
16523.36328 -233.98352
16526.05078 -239.99295
16528.74414 -191.81992
16531.43945 -236.12184
16534.12500 -230.98973
16536.82227 -231.51102
16539.51953 -184.17459
16542.20508 -235.26704
16544.89453 -233.34526
16547.59375 -233.37418
16550.28125 -173.28517
16552.97070 -236.05220
16555.66211 -232.17578
16558.36133 -233.38170
16561.05273 -177.46632
16563.74219 -237.87735
16566.42578 -235.26991
16569.12695 -234.44872
16571.82031 -178.77461
16574.51367 -235.30600
16577.20703 -230.01233
16579.89062 -229.45187
16582.58594 -178.38135
16585.27148 -236.75552
16587.96680 -233.54401
16590.66211 -231.18614
16593.34961 -185.54829
16596.03711 -234.08556
16598.74219 -231.27452
16601.42188 -230.99924
16604.11914 -181.43988
16606.80859 -240.52269
16609.50781 -234.50375
16612.19922 -229.96375
16614.88867 -176.08453
16617.58008 -233.30191
16620.28125 -232.78891
16622.96484 -231.41135
16625.65625 -179.82205
16628.34766 -239.27605
16631.04102 -237.59183
16633.73438 -232.00652
16636.42969 -171.34056
16639.11523 -234.02956
16641.80859 -232.15117
16644.49609 -230.33063
16647.20117 -182.09665
16649.88672 -233.12915
16652.57422 -232.43639
16655.27148 -228.38861
16657.96094 -174.11053
16660.65820 -230.42340
16663.33789 -233.82607
16666.02734 -232.24142
16668.73633 -179.10103
16671.42773 -232.39449
16674.11914 -233.44955
16676.80859 -230.04547
16679.49219 -178.60300
16682.19336 -231.29808
16684.87695 -234.25777
16687.57031 -231.68594
16690.26367 -179.24677
16692.95703 -230.05479
16695.65234 -232.49800
16698.33789 -230.03116
16701.03320 -170.61507
16703.72070 -230.48933
16706.41602 -234.29741
16709.10352 -232.37506
16711.80078 -179.66800
16714.49805 -228.93373
16717.17773 -229.78389
16719.87695 -228.39154
16722.57617 -172.05429
16725.25586 -228.89726
16727.95508 -232.84940
16730.63672 -232.68697
16733.33789 -179.59964
16736.03125 -228.71391
16738.71289 -231.67230
16741.41406 -232.15720
16744.10742 -167.45351
16746.80078 -231.23889
16749.48633 -235.31372
16752.17969 -235.13942
16754.86523 -179.82269
16757.56055 -229.13763
16760.25586 -231.06139
16762.95312 -231.67487
16765.64062 -179.58496
16768.33789 -231.13548
16771.02539 -235.36060
16773.71484 -236.75313
16776.41211 -189.59413
16779.10156 -228.99931
16781.79297 -231.10252
16784.48242 -234.04007
16787.17188 -183.01790
16789.87305 -232.18068
16792.55664 -233.12341
16795.24805 -235.06247
16797.94141 -178.69832
16800.63281 -230.83249
16803.32617 -233.70039
16806.01953 -242.86882
16808.71484 -183.50241
16811.40039 -236.76402
16814.09570 -236.63409
16816.79102 -241.48053
16819.47656 -186.40761
16822.17383 -232.08827
16824.86133 -233.34776
16827.55078 -240.24062
16830.24805 -177.93492
16832.94531 -235.85608
16835.62695 -232.42162
16838.32422 -233.81932
16841.01562 -174.56943
16843.70703 -232.84869
16846.40625 -233.83015
16849.08789 -239.47011
16851.77930 -182.02647
16854.47266 -236.21437
16857.16602 -230.98468
16859.85938 -231.23383
16862.55273 -181.10025
16865.23633 -235.48318
16867.93164 -233.54156
16870.63672 -233.42638
16873.31250 -178.62807
16876.01758 -236.15164
16878.70508 -232.29898
16881.40234 -233.09235
16884.08789 -185.39392
16886.78516 -237.15283
16889.47461 -234.71370
16892.15430 -234.03934
16894.85352 -172.88010
16897.55273 -234.57549
16900.24219 -229.75668
16902.93359 -229.06683
16905.62500 -177.45169
16908.31641 -236.12065
16911.00000 -233.44508
16913.70117 -231.07788
16916.39453 -170.97879
16919.08789 -233.46423
16921.77344 -231.04076
16924.46680 -230.68823
16927.16016 -184.27545
16929.84766 -239.31975
16932.54297 -234.35887
16935.23828 -230.03792
16937.92578 -175.01439
16940.61328 -233.00739
16943.31836 -232.58676
16946.00781 -231.20752
16948.69531 -172.58217
16951.38477 -239.05090
16954.08398 -237.18248
16956.77539 -231.84338
16959.46484 -170.92448
16962.15625 -233.03456
16964.84766 -231.60115
16967.53906 -230.07368
16970.23242 -172.65462
16972.92383 -232.97871
16975.61719 -232.43588
16978.31055 -228.56506
16980.99414 -182.32617
16983.69922 -230.40811
16986.38477 -233.86684
16989.07031 -232.43835
16991.76562 -189.16911
16994.46094 -232.68634
16997.14844 -233.62766
16999.83594 -230.31149
17002.53516 -169.70615
17005.22266 -231.26173
17007.91992 -234.17754
17010.60938 -231.99815
17013.29883 -172.16695
17015.99805 -230.36603
17018.67969 -232.61128
17021.37109 -230.13882
17024.07227 -176.92877
17026.76367 -230.23605
17029.45508 -233.88971
17032.14844 -232.40106
17034.84180 -190.08617
17037.52539 -228.89661
17040.23047 -229.65651
17042.91406 -228.58188
17045.60938 -174.98534
17048.29492 -229.06992
17050.99023 -232.99873
17053.67578 -233.17763
17056.37305 -203.59853
17059.06055 -228.95963
17061.75977 -231.65634
17064.44727 -232.15536
17067.14453 -176.48607
17069.83398 -231.02283
17072.53320 -234.90327
17075.21289 -235.17245
17077.91406 -192.97789
17080.60547 -229.16173
17083.29688 -230.77686
17085.98828 -231.59126
17088.67969 -166.15514
17091.36328 -231.08427
17094.05664 -234.97240
17096.75000 -236.39879
17099.44531 -185.52934
17102.13867 -228.87878
17104.83203 -230.69810
17107.52734 -233.77657
17110.21484 -179.64259
17112.90234 -232.31003
17115.58789 -233.11459
17118.28516 -234.92845
17120.98242 -182.57872
17123.67969 -231.14001
17126.36914 -233.68240
17129.05859 -241.77065
17131.74805 -175.30013
17134.43750 -236.64476
17137.13672 -236.67099
17139.82031 -240.62477
17142.51172 -190.70392
17145.21289 -231.86967
17147.90430 -232.86580
17150.58789 -239.11615
17153.27930 -175.71477
17155.97461 -236.15443
17158.66797 -232.47026
17161.35156 -233.41998
17164.04688 -187.68730
17166.74219 -232.89136
17169.43750 -233.66629
17172.13281 -238.94281
17174.83008 -171.29901
17177.50781 -236.27399
17180.20508 -231.01601
17182.90234 -231.02927
17185.58203 -179.03423
17188.27930 -235.66360
17190.97852 -233.77061
17193.66016 -233.57124
17196.35938 -175.42406
17199.05078 -236.24968
17201.74219 -232.41277
17204.43164 -232.78091
17207.11523 -201.69225
17209.81641 -236.40297
17212.50195 -234.19376
17215.19336 -233.63669
17217.88867 -168.79999
17220.58203 -233.92009
17223.27734 -229.55028
17225.97266 -228.76001
17228.66797 -173.09944
17231.35156 -235.56641
17234.04883 -233.38817
17236.73633 -231.01669
17239.43359 -179.72980
17242.11133 -232.91646
17244.82031 -230.83133
17247.49805 -230.40482
17250.19727 -177.62430
17252.88672 -238.25792
17255.58789 -234.23286
17258.26758 -230.14328
17260.96875 -173.09962
17263.66016 -232.73842
17266.34180 -232.36421
17269.04297 -230.96922
17271.73633 -179.88763
17274.42969 -238.48650
17277.11328 -236.63980
17279.80664 -231.61479
17282.50195 -167.99046
17285.19727 -232.13876
17287.88281 -231.10590
17290.57812 -229.85039
17293.26367 -176.10483
17295.96094 -232.86742
17298.65625 -232.47064
17301.33594 -228.77704
17304.03320 -183.88303
17306.73047 -230.42064
17309.41992 -233.86667
17312.11914 -232.56631
17314.80078 -177.74182
17317.48828 -232.96660
17320.17969 -233.78830
17322.88086 -230.56786
17325.57227 -171.21532
17328.26367 -231.21201
17330.94727 -234.06754
17333.65039 -232.29460
17336.34375 -174.87599
17339.03516 -230.70718
17341.72070 -232.71681
17344.42578 -230.23369
17347.10938 -172.05737
17349.79688 -229.99524
17352.49219 -233.50496
17355.17773 -232.44202
17357.87500 -173.38112
17360.57031 -228.91098
17363.25977 -229.57863
17365.94727 -228.80334
17368.63672 -177.62151
17371.33594 -229.29749
17374.03516 -233.20085
17376.72266 -233.69484
17379.41406 -177.58115
17382.10547 -229.23285
17384.79688 -231.64088
17387.48828 -232.12585
17390.17969 -176.29468
17392.86328 -230.81621
17395.56445 -234.51231
17398.24805 -235.18675
17400.95312 -183.25003
17403.63672 -229.20770
17406.33008 -230.52304
17409.02539 -231.49609
17411.71094 -165.87988
17414.40625 -231.04443
17417.09375 -234.59460
17419.78906 -236.02237
17422.48828 -190.84158
17425.17578 -228.78763
17427.87305 -230.34094
17430.56250 -233.49693
17433.25000 -177.23531
17435.93945 -232.45990
17438.64062 -233.14307
17441.33008 -234.80269
17444.02148 -173.23294
17446.71289 -231.42889
17449.40430 -233.60275
17452.09570 -240.57486
17454.77930 -181.65599
17457.47266 -236.38974
17460.16406 -236.53262
17462.86914 -239.62262
17465.55273 -180.65913
17468.24609 -231.64597
17470.93359 -232.40645
17473.62891 -238.09122
17476.32422 -179.36227
17479.00977 -236.41647
17481.69727 -232.53357
17484.39453 -233.06853
17487.09180 -178.41310
17489.77930 -232.89598
17492.47852 -233.49112
17495.17773 -238.40685
17497.85547 -181.24193
17500.54492 -236.30219
17503.23633 -231.08305
17505.93555 -230.89330
17508.62891 -173.63432
17511.32031 -235.80508
17514.01172 -234.02121
17516.70312 -233.80103
17519.39648 -186.58116
17522.08008 -236.34966
17524.77344 -232.51001
17527.46875 -232.45039
17530.16211 -189.34114
17532.84766 -235.64859
17535.54297 -233.71556
17538.23828 -233.26056
17540.92578 -174.42227
17543.62109 -233.34198
17546.31836 -229.39212
17548.99609 -228.52722
17551.69531 -176.89671
17554.39258 -235.09268
17557.08203 -233.37099
17559.76953 -231.00311
17562.46875 -186.91971
17565.16016 -232.43816
17567.84961 -230.64696
17570.54297 -230.15288
17573.23242 -178.31900
17575.92578 -237.32135
17578.61719 -234.12607
17581.31055 -230.28027
17584.00195 -178.33539
17586.68750 -232.49191
17589.37891 -232.12521
17592.07422 -230.70764
17594.76953 -187.12450
17597.46484 -237.68063
17600.15039 -236.02509
17602.85547 -231.34950
17605.53320 -172.17221
17608.23047 -231.34491
17610.91602 -230.66489
17613.61523 -229.66562
17616.30273 -186.89616
17619.00195 -232.79832
17621.68164 -232.54027
17624.39062 -229.02286
17627.07031 -169.69203
17629.76953 -230.45406
17632.45117 -233.81572
17635.14258 -232.61670
17637.83398 -180.01736
17640.53516 -233.21712
17643.22852 -233.92302
17645.92188 -230.80981
17648.61523 -177.86792
17651.29883 -231.14615
17653.99219 -233.92416
17656.68750 -232.56464
17659.37305 -185.82890
17662.06836 -231.07162
17664.76367 -232.80933
17667.45898 -230.31512
17670.14648 -185.95509
17672.83398 -229.77252
17675.53125 -233.14661
17678.21875 -232.49832
17680.91602 -185.75702
17683.60547 -228.97821
17686.29492 -229.54968
17688.98438 -229.05293
17691.68359 -176.99290
17694.37500 -229.57675
17697.06641 -233.45097
17699.74805 -234.22981
17702.44922 -177.24062
17705.14062 -229.52986
17707.82422 -231.62366
17710.52734 -232.06863
17713.22070 -180.41011
17715.90430 -230.62570
17718.59766 -234.14688
17721.28516 -235.18144
17723.98828 -174.90184
17726.67383 -229.27695
17729.37109 -230.30075
17732.05664 -231.38837
17734.75391 -173.54637
17737.43945 -231.01895
17740.13867 -234.23683
17742.82617 -235.63008
17745.51562 -188.07214
17748.21289 -228.72597
17750.90234 -230.03038
17753.59180 -233.20549
17756.29297 -177.20012
17758.98242 -232.62726
17761.67383 -233.20772
17764.35547 -234.69385
17767.04688 -183.14920
17769.75000 -231.69049
17772.44336 -233.45757
17775.12500 -239.34715
17777.82812 -177.48561
17780.51172 -236.03874
17783.20703 -236.23796
17785.89258 -238.55780
17788.58789 -178.27222
17791.28320 -231.41997
17793.96875 -231.97507
17796.66406 -237.15898
17799.36133 -176.63373
17802.04883 -236.63567
17804.73828 -232.61000
17807.43555 -232.76147
17810.12305 -184.10664
17812.81250 -232.86095
17815.51172 -233.30457
17818.21094 -237.86064
17820.90039 -170.62703
17823.59180 -236.30220
17826.27344 -231.18495
17828.96484 -230.82217
17831.65625 -179.32936
17834.34961 -235.90387
17837.05078 -234.27850
17839.73438 -234.10522
17842.43750 -190.42513
17845.12109 -236.45073
17847.81641 -232.58424
17850.50977 -232.10641
17853.20508 -179.71056
17855.89062 -234.90739
17858.58789 -233.28200
17861.27344 -232.92509
17863.96094 -169.40765
17866.65820 -232.84190
17869.34570 -229.28131
17872.04297 -228.36497
17874.74219 -183.64357
17877.42969 -234.69687
17880.11914 -233.39073
17882.81055 -231.03694
17885.50000 -172.96411
17888.20117 -232.02579
17890.89062 -230.48805
17893.58203 -229.93509
17896.26562 -176.63562
17898.96680 -236.49507
17901.65820 -234.03818
17904.35156 -230.44897
17907.03516 -174.54926
17909.72852 -232.26556
17912.42383 -231.87445
17915.11914 -230.43454
17917.80469 -185.41478
17920.50000 -236.75626
17923.18555 -235.38850
17925.88086 -231.07339
17928.56836 -176.59802
17931.26562 -230.65060
17933.96289 -230.27693
17936.65039 -229.52228
17939.33789 -175.39972
17942.03711 -232.77316
17944.72656 -232.64391
17947.41602 -229.30045
17950.11523 -170.48181
17952.79688 -230.50130
17955.49609 -233.70763
17958.18750 -232.58818
17960.88086 -174.60596
17963.57227 -233.41988
17966.26562 -234.02412
17968.94727 -231.03319
17971.64062 -179.91949
17974.33398 -231.06313
17977.02930 -233.74606
17979.73242 -232.79826
17982.40625 -184.61642
17985.10156 -231.45129
17987.78906 -232.88416
17990.49414 -230.38292
17993.18164 -171.22141
17995.87695 -229.57248
17998.55664 -232.81691
18001.25391 -232.56908
18003.96094 -184.60901
18006.63867 -229.09914
18009.33789 -229.56927
18012.02930 -229.32744
18014.70898 -181.48601
18017.40820 -229.90344
18020.10938 -233.74223
18022.78906 -234.77124
18025.49023 -179.67873
18028.18164 -229.84639
18030.86523 -231.60278
18033.55859 -231.98404
18036.25195 -188.84578
18038.94336 -230.45615
18041.63867 -233.81102
18044.33203 -235.15628
18047.02734 -190.67026
18049.72266 -229.37015
18052.40625 -230.11043
18055.09375 -231.26817
18057.79883 -185.11205
18060.47656 -231.00972
18063.17383 -233.90598
18065.86133 -235.22940
18068.55859 -181.89073
18071.24805 -228.69298
18073.94531 -229.76559
18076.63477 -232.90797
18079.32422 -182.35297
18082.02344 -232.80803
18084.71484 -233.30681
18087.40430 -234.60846
18090.09570 -180.45065
18092.78906 -231.91653
18095.47070 -233.24852
18098.17188 -238.13383
18100.86523 -179.07407
18103.55859 -235.62810
18106.24219 -235.82475
18108.93555 -237.49550
18111.62891 -179.27689
18114.32422 -231.19327
18117.00977 -231.57526
18119.70508 -236.31311
18122.39062 -166.98566
18125.08789 -236.80641
18127.77539 -232.69775
18130.47070 -232.49562
18133.16016 -179.96379
18135.85742 -232.78627
18138.54492 -233.10721
18141.24414 -237.30528
18143.93359 -177.81482
18146.62305 -236.27824
18149.31250 -231.32051
18152.00391 -230.81227
18154.69336 -177.20917
18157.39453 -235.95493
18160.08594 -234.52347
18162.77734 -234.46848
18165.47070 -178.01387
18168.16406 -236.54720
18170.84766 -232.63005
18173.53906 -231.75635
18176.23438 -179.47282
18178.91797 -234.19333
18181.62305 -232.89429
18184.30859 -232.63985
18187.00391 -175.42717
18189.69922 -232.41983
18192.38672 -229.21710
18195.08203 -228.27040
18197.77148 -177.25801
18200.45703 -234.37486
18203.15625 -233.44400
18205.84375 -231.11736
18208.54297 -176.96625
18211.22266 -231.67621
18213.92188 -230.35480
18216.61133 -229.75302
18219.30078 -178.94344
18221.99414 -235.76596
18224.69336 -233.96840
18227.38477 -230.64914
18230.06641 -172.18977
18232.76953 -232.05783
18235.46289 -231.61700
18238.14648 -230.16110
18240.84961 -177.68782
18243.53320 -235.81178
18246.22852 -234.76541
18248.92188 -230.80722
18251.60742 -173.66792
18254.31250 -230.05142
18256.99805 -229.94052
18259.68555 -229.42178
18262.37109 -189.81488
18265.06836 -232.79239
18267.75586 -232.78026
18270.45312 -229.60716
18273.15234 -174.57803
18275.84180 -230.55539
18278.53125 -233.54045
18281.21875 -232.48679
18283.91992 -188.47722
18286.60938 -233.55966
18289.30078 -234.08560
18291.99023 -231.23460
18294.69141 -170.67255
18297.37500 -230.96365
18300.06641 -233.53432
18302.75977 -232.98709
18305.45312 -189.40944
18308.14648 -231.83684
18310.83008 -232.93755
18313.52344 -230.43710
18316.21875 -175.85382
18318.91406 -229.39871
18321.59961 -232.51717
18324.29492 -232.65234
18326.98047 -181.95937
18329.67773 -229.27420
18332.36523 -229.63713
18335.06055 -229.62363
18337.75977 -171.36829
18340.44727 -230.27193
18343.13672 -234.06467
18345.82422 -235.30472
18348.52344 -183.68057
18351.21289 -230.17760
18353.90430 -231.57684
18356.60352 -231.87292
18359.29492 -188.34512
18361.98633 -230.31065
18364.67773 -233.50732
18367.37109 -235.11200
18370.06250 -182.92838
18372.74609 -229.48729
18375.43750 -229.95232
18378.13281 -231.13670
18380.82617 -181.25806
18383.51953 -231.01764
18386.20703 -233.60681
18388.90039 -234.82855
18391.59766 -178.25362
18394.28125 -228.68712
18396.97852 -229.54558
18399.66602 -232.61098
18402.36133 -173.92188
18405.06055 -232.99713
18407.74805 -233.43791
18410.44727 -234.55092
18413.13477 -176.37619
18415.82422 -232.09956
18418.51367 -232.98245
18421.20312 -236.96474
18423.90430 -176.51057
18426.59375 -235.18579
18429.28516 -235.33711
18431.97656 -236.47821
18434.66797 -172.72327
18437.36133 -230.96674
18440.04297 -231.20934
18442.74609 -235.54791
18445.42969 -171.72729
18448.13281 -236.92445
18450.81641 -232.79478
18453.52148 -232.26797
18456.20703 -176.15144
18458.89062 -232.67348
18461.58789 -232.90027
18464.27344 -236.74396
18466.98047 -175.84111
18469.65625 -236.23459
18472.35352 -231.48810
18475.05078 -230.85980
18477.73828 -202.91660
18480.43750 -235.95131
18483.11719 -234.73328
18485.81641 -234.86790
18488.50586 -173.72939
18491.19531 -236.62839
18493.89453 -232.64383
18496.58594 -231.40837
18499.27734 -178.79639
18501.95898 -233.51668
18504.66016 -232.55260
18507.34180 -232.41100
18510.03516 -169.58411
18512.73828 -232.07532
18515.42188 -229.19890
18518.11719 -228.24100
18520.81055 -178.62056
18523.50391 -234.12144
18526.18945 -233.52663
18528.88477 -231.24300
18531.58008 -173.07655
18534.26562 -231.38670
18536.96289 -230.24719
18539.65039 -229.60751
18542.33789 -181.46371
18545.03516 -235.12277
18547.73242 -233.91547
18550.42188 -230.88014
18553.10938 -173.02879
18555.80859 -231.86795
18558.49805 -231.35803
18561.18945 -229.89717
18563.87891 -172.96414
18566.57031 -234.90877
18569.25977 -234.17821
18571.95117 -230.56635
18574.64453 -174.37740
18577.33594 -229.54245
18580.02930 -229.65408
18582.72266 -229.36447
18585.41406 -174.80942
18588.11914 -232.85527
18590.80273 -232.94731
18593.49805 -229.93976
18596.19336 -170.16243
18598.87891 -230.60983
18601.57422 -233.31696
18604.25977 -232.32425
18606.95508 -187.18228
18609.64258 -233.62703
18612.33008 -234.10385
18615.02734 -231.41161
18617.72656 -171.03358
18620.41406 -230.85008
18623.10156 -233.29218
18625.80273 -233.12509
18628.49219 -182.74817
18631.19141 -232.21777
18633.87109 -232.96700
18636.56055 -230.47789
18639.25391 -178.54378
18641.95508 -229.25391
18644.64648 -232.24802
18647.33789 -232.74521
18650.03125 -184.19142
18652.72266 -229.50351
18655.41602 -229.75313
18658.10156 -229.93817
18660.79492 -180.75911
18663.47852 -230.67470
18666.17383 -234.40402
18668.85938 -235.81189
18671.56445 -195.86159
18674.25000 -230.51805
18676.93555 -231.54497
18679.64453 -231.73666
18682.33008 -178.96362
18685.01758 -230.19098
18687.71680 -233.23729
18690.40430 -235.05049
18693.10156 -186.26837
18695.78125 -229.62778
18698.48047 -229.82649
18701.16992 -230.99620
18703.85938 -173.18291
18706.56055 -231.04268
18709.25195 -233.34242
18711.94336 -234.43604
18714.63477 -187.73480
18717.31641 -228.70641
18720.01758 -229.36934
18722.71094 -232.32117
18725.40430 -181.83691
18728.09766 -233.18861
18730.78125 -233.59770
18733.47656 -234.52327
18736.16992 -180.05548
18738.86523 -232.23360
18741.55078 -232.67001
18744.24609 -235.85779
18746.94336 -183.19107
18749.62891 -234.73102
18752.32617 -234.81543
18755.01367 -235.53026
18757.70117 -171.87115
18760.39844 -230.74101
18763.08789 -230.87862
18765.77734 -234.85822
18768.47461 -174.64194
18771.16406 -236.98695
18773.85547 -232.89880
18776.54492 -232.07585
18779.24609 -181.90721
18781.92578 -232.52554
18784.61719 -232.68549
18787.32031 -236.18141
18790.00195 -177.37555
18792.70312 -236.17480
18795.39648 -231.68565
18798.08008 -230.96065
18800.77344 -180.77551
18803.46875 -235.88458
18806.15039 -234.88287
18808.84570 -235.27031
18811.54102 -184.25407
18814.23633 -236.67938
18816.93359 -232.62404
18819.61914 -231.07071
18822.31641 -184.46242
18825.00195 -232.88470
18827.69922 -232.25638
18830.37695 -232.24231
18833.07617 -176.39151
18835.77344 -231.80786
18838.46289 -229.22620
18841.15234 -228.27470
18843.84180 -180.03299
18846.54102 -233.93045
18849.23242 -233.63345
18851.93359 -231.41185
18854.61328 -170.31873
18857.30469 -231.15486
18859.99805 -230.16513
18862.68945 -229.49879
18865.38281 -186.91789
18868.07422 -234.55595
18870.76758 -233.87770
18873.46094 -231.14104
18876.14453 -177.88199
18878.84961 -231.69582
18881.53516 -231.10245
18884.23047 -229.65089
18886.91602 -173.29010
18889.61133 -234.07986
18892.30664 -233.63994
18894.98438 -230.36142
18897.69141 -176.85612
18900.37891 -229.11899
18903.06641 -229.41606
18905.76367 -229.34981
18908.46289 -179.24489
18911.14062 -232.95984
18913.83984 -233.14232
18916.53125 -230.29433
18919.22070 -175.15245
18921.91016 -230.65897
18924.60156 -233.04414
18927.30273 -232.11548
18929.98242 -190.78857
18932.68555 -233.62029
18935.36719 -234.07825
18938.05859 -231.56270
18940.76367 -174.85963
18943.45508 -230.72609
18946.14062 -233.02466
18948.84375 -233.20923
18951.51758 -185.72559
18954.21289 -232.58301
18956.90820 -232.97154
18959.60352 -230.50555
18962.30078 -173.20743
18964.98438 -229.13998
18967.68164 -232.00954
18970.36914 -232.84402
18973.05469 -176.03217
18975.75391 -229.78683
18978.45312 -229.91721
18981.14062 -230.26775
18983.82812 -174.38185
18986.51758 -231.10184
18989.21680 -234.74060
18991.90625 -236.27016
18994.59766 -184.57375
18997.28711 -230.86188
18999.97852 -231.50691
19002.67969 -231.57733
19005.37305 -176.94804
19008.06445 -230.09775
19010.74609 -233.00162
19013.43945 -234.97479
19016.13281 -176.10950
19018.83594 -229.79044
19021.51953 -229.73289
19024.21484 -230.84984
19026.89844 -176.55434
19029.59375 -231.08400
19032.27930 -233.11475
19034.97461 -234.06001
19037.66016 -175.91675
19040.36719 -228.74847
19043.05469 -229.23589
19045.75000 -232.04486
19048.43945 -173.84830
19051.13672 -233.37572
19053.82422 -233.78177
19056.51367 -234.52536
19059.20117 -184.30130
19061.89062 -232.31451
19064.59180 -232.32404
19067.28125 -234.82288
19069.97266 -184.01369
19072.66211 -234.27589
19075.35352 -234.29147
19078.04492 -234.66400
19080.73828 -181.94116
19083.42969 -230.51691
19086.12109 -230.58379
19088.81445 -234.23938
19091.50781 -174.43359
19094.19141 -236.99254
19096.88672 -233.00732
19099.58008 -231.91681
19102.27539 -175.32426
19104.97070 -232.34660
19107.65430 -232.46503
19110.35156 -235.62332
19113.04883 -174.77905
19115.73438 -236.10101
19118.43164 -231.91035
19121.11719 -231.11002
19123.81641 -190.79976
19126.51562 -235.74590
19129.20312 -234.94838
19131.89062 -235.63098
19134.58008 -173.68062
19137.26953 -236.68268
19139.96875 -232.57152
19142.66016 -230.75099
19145.34961 -178.47090
19148.05078 -232.30229
19150.73242 -232.00470
19153.42383 -232.13591
19156.11523 -174.35732
19158.80859 -231.61694
19161.50195 -229.29868
19164.19531 -228.36969
19166.88867 -182.30034
19169.57227 -233.79466
19172.26562 -233.75816
19174.95898 -231.62132
19177.65430 -180.61568
19180.33984 -230.97865
19183.03516 -230.10831
19185.72070 -229.42659
19188.41797 -185.39751
19191.11523 -234.05733
19193.81250 -233.85303
19196.50000 -231.43042
19199.18750 -175.30273
19201.88477 -231.54199
19204.57422 -230.85484
19207.26172 -229.42867
19209.96289 -178.23012
19212.65234 -233.33981
19215.33008 -233.15758
19218.03125 -230.19933
19220.72070 -174.61778
19223.42188 -228.77681
19226.10352 -229.22504
19228.80664 -229.37662
19231.48633 -185.08510
19234.17969 -233.10281
19236.88281 -233.36151
19239.57617 -230.66621
19242.25977 -178.33891
19244.95312 -230.69839
19247.64844 -232.73192
19250.33008 -231.87590
19253.02539 -184.00392
19255.72070 -233.54593
19258.40625 -234.01118
19261.10352 -231.68738
19263.78906 -170.68471
19266.48633 -230.59628
19269.18359 -232.73798
19271.87109 -233.23950
19274.56836 -182.08887
19277.25586 -232.92180
19279.94531 -232.95178
19282.64453 -230.52045
19285.33398 -183.41011
19288.02344 -229.05812
19290.71094 -231.80138
19293.40234 -232.94450
19296.09180 -175.08472
19298.78320 -230.12367
19301.48633 -230.12927
19304.17578 -230.60898
19306.86914 -177.18532
19309.56055 -231.54045
19312.25391 -235.04874
19314.94531 -236.65289
19317.62891 -183.38458
19320.33398 -231.20282
19323.01758 -231.46304
19325.71289 -231.39758
19328.39648 -167.54572
19331.09180 -230.03061
19333.78711 -232.80038
19336.48438 -234.88884
19339.16992 -184.42487
19341.86719 -229.97356
19344.55273 -229.67137
19347.25000 -230.70142
19349.93750 -190.35114
19352.62500 -231.14003
19355.32422 -232.92479
19358.01172 -233.70796
19360.71289 -175.19240
19363.39062 -228.81087
19366.09180 -229.14433
19368.79102 -231.78752
19371.47266 -177.76607
19374.16211 -233.55106
19376.86328 -233.98442
19379.54492 -234.55476
19382.23633 -179.47946
19384.93945 -232.34045
19387.62109 -231.95773
19390.32422 -233.86479
19393.00781 -181.02249
19395.70117 -233.82762
19398.39648 -233.78784
19401.07812 -233.88458
19403.77344 -188.82823
19406.46875 -230.29556
19409.16406 -230.32504
19411.85156 -233.68724
19414.54688 -187.58466
19417.23242 -236.94124
19419.92969 -233.11769
19422.61719 -231.78871
19425.32422 -177.45134
19428.00195 -232.14169
19430.70117 -232.24136
19433.38867 -235.07564
19436.08984 -174.68709
19438.77734 -236.01366
19441.46680 -232.15860
19444.15625 -231.30223
19446.84766 -186.48325
19449.54883 -235.52812
19452.23828 -234.91176
19454.91992 -235.89685
19457.61133 -172.70644
19460.31445 -236.62123
19462.99609 -232.48930
19465.68750 -230.45602
19468.38086 -179.96974
19471.07422 -231.77246
19473.75781 -231.79637
19476.46289 -232.09276
19479.15820 -171.18736
19481.85352 -231.50218
19484.53711 -229.41602
19487.22266 -228.52426
19489.91797 -197.71428
19492.62500 -233.70566
19495.31055 -233.89313
19497.99805 -231.86806
19500.68555 -174.28281
19503.38281 -230.85622
19506.07031 -230.07639
19508.76953 -229.39034
19511.45703 -178.36415
19514.14648 -233.61989
19516.84570 -233.83910
19519.53516 -231.74651
19522.22461 -181.55110
19524.91602 -231.40756
19527.60547 -230.61931
19530.30859 -229.23526
19533.00000 -173.56114
19535.67969 -232.69362
19538.37305 -232.73433
19541.07617 -230.08414
19543.75781 -168.67876
19546.45117 -228.51230
19549.14453 -229.07967
19551.83789 -229.44308
19554.53320 -179.90109
19557.22852 -233.27937
19559.92188 -233.59991
19562.60742 -231.04996
19565.30273 -171.50443
19567.98828 -230.72539
19570.68555 -232.39178
19573.37109 -231.61949
19576.06836 -183.66254
19578.75391 -233.41713
19581.44336 -233.90778
19584.14062 -231.78590
19586.82812 -170.95038
19589.51758 -230.46573
19592.21680 -232.43886
19594.91797 -233.21861
19597.60547 -178.66165
19600.29492 -233.22481
19602.98633 -232.90988
19605.68750 -230.52287
19608.37891 -183.63205
19611.04883 -229.00893
19613.75195 -231.62289
19616.44336 -233.04195
19619.13672 -180.39638
19621.82812 -230.51302
19624.52148 -230.38914
19627.21484 -230.95836
19629.89844 -173.65544
19632.59375 -231.97441
19635.28711 -235.29773
19637.98242 -236.93141
19640.67773 -177.14067
19643.36133 -231.53447
19646.04688 -231.41432
19648.74414 -231.20076
19651.44141 -169.14677
19654.12695 -229.98843
19656.83594 -232.63322
19659.51172 -234.79713
19662.21094 -177.25902
19664.89844 -230.17502
19667.59766 -229.64169
19670.28711 -230.55515
19672.97461 -177.22699
19675.66602 -231.20862
19678.36523 -232.77290
19681.05664 -233.38640
19683.74609 -179.14490
19686.43750 -228.89114
19689.12891 -229.09378
19691.82031 -231.55362
19694.52344 -172.48468
19697.19336 -233.70679
19699.89648 -234.19846
19702.58984 -234.60672
19705.28320 -190.55922
19707.96680 -232.31195
19710.67188 -231.58353
19713.35547 -232.98528
19716.05078 -176.06255
19718.74609 -233.39053
19721.42969 -233.31949
19724.11523 -233.19321
19726.82227 -188.06691
19729.50781 -230.07870
19732.20508 -230.10229
19734.89258 -233.19798
19737.58008 -179.74197
19740.27734 -236.83427
19742.97656 -233.22717
19745.66406 -231.68976
19748.35156 -192.46823
19751.04102 -231.91638
19753.74219 -232.01709
19756.41992 -234.54420
19759.12109 -176.62973
19761.82227 -235.91133
19764.50195 -232.42574
19767.19336 -231.53044
19769.88477 -177.27087
19772.57617 -235.22815
19775.26953 -234.76512
19777.96094 -236.01694
19780.64258 -170.84074
19783.34766 -236.48222
19786.03125 -232.38225
19788.73438 -230.19159
19791.41797 -184.64650
19794.11328 -231.29698
19796.79688 -231.63000
19799.49219 -232.11301
19802.18945 -174.35812
19804.88477 -231.46335
19807.57031 -229.57796
19810.26758 -228.73683
19812.95312 -179.84631
19815.66211 -233.65359
19818.33789 -234.02939
19821.03711 -232.14789
19823.72461 -170.31775
19826.42383 -230.78596
19829.11328 -230.06889
19831.80078 -229.38911
19834.50195 -190.83766
19837.17969 -233.23755
19839.88086 -233.83319
19842.57227 -232.08698
19845.26172 -171.00227
19847.95312 -231.29407
19850.64648 -230.39944
19853.33789 -229.07404
19856.02930 -174.24013
19858.72266 -232.14136
19861.41406 -232.37131
19864.10938 -230.01788
19866.79102 -171.39539
19869.49609 -228.32245
19872.17969 -228.97876
19874.87500 -229.54691
19877.57031 -173.74161
19880.25391 -233.48311
19882.95117 -233.85114
19885.64648 -231.43924
19888.33203 -173.65115
19891.02930 -230.73906
19893.71484 -232.03539
19896.41406 -231.35776
19899.09961 -178.66240
19901.78906 -233.25099
19904.48828 -233.77518
19907.18555 -231.85915
19909.86328 -182.86305
19912.56250 -230.33955
19915.25195 -232.13403
19917.94336 -233.15121
19920.63281 -180.34702
19923.33398 -233.48538
19926.02539 -232.84932
19928.71484 -230.51323
19931.40820 -174.48698
19934.09961 -228.99249
19936.79297 -231.47314
19939.48438 -233.13136
19942.17773 -184.21094
19944.85938 -230.95334
19947.55469 -230.69638
19950.24805 -231.31206
19952.94141 -186.78145
19955.63672 -232.38449
19958.32227 -235.45526
19961.01758 -237.07892
19963.71289 -179.72977
19966.40820 -231.85051
19969.09375 -231.36226
19971.79297 -230.99075
19974.47656 -171.07471
19977.16406 -229.96947
19979.86133 -232.49942
19982.55078 -234.70425
19985.25000 -179.27214
19987.92578 -230.39226
19990.63672 -229.64355
19993.32422 -230.41527
19996.01367 -180.72412
19998.70508 -231.28711
20001.39453 -232.65897
20004.08398 -233.10077
20006.77539 -179.58014
20009.47656 -228.98700
20012.16992 -229.08344
20014.86133 -231.34650
20017.55273 -174.45642
20020.23438 -233.83502
20022.92773 -234.41501
20025.62109 -234.67424
20028.31445 -191.72392
20031.01953 -232.23174
20033.69141 -231.21225
20036.38672 -232.18417
20039.08203 -171.46214
20041.78906 -232.96748
20044.46094 -232.89574
20047.15820 -232.58904
20049.84375 -171.62971
20052.54102 -229.86855
20055.23828 -229.91522
20057.92383 -232.76811
20060.61133 -177.09453
20063.30859 -236.67400
20065.99805 -233.33302
20068.69531 -231.61845
20071.38477 -179.92226
20074.08398 -231.67647
20076.77344 -231.79491
20079.46289 -234.03438
20082.16406 -189.70728
20084.85352 -235.79100
20087.54492 -232.70587
20090.23633 -231.78627
20092.92773 -175.95142
20095.61914 -234.84865
20098.31055 -234.51291
20101.00391 -235.95859
20103.69531 -174.88680
20106.38867 -236.26057
20109.08203 -232.25658
20111.77539 -229.96252
20114.45898 -183.01900
20117.15234 -230.87672
20119.84766 -231.50407
20122.53320 -232.19612
20125.22852 -182.98186
20127.92578 -231.50031
20130.60938 -229.78419
20133.30469 -229.00568
20136.00391 -181.00127
20138.68945 -233.62709
20141.38867 -234.15678
20144.06445 -232.45567
20146.76172 -180.88385
20149.46094 -230.76648
20152.14844 -230.08528
20154.83789 -229.42177
20157.52734 -179.72058
20160.22656 -232.90501
20162.91602 -233.83244
20165.60742 -232.44899
20168.29688 -170.29305
20170.98828 -231.20338
20173.68945 -230.19836
20176.38086 -228.94711
20179.07227 -178.49181
20181.75391 -231.68091
20184.45703 -232.06842
20187.13867 -230.00114
20189.83203 -172.32172
20192.52539 -228.20483
20195.23047 -228.92126
20197.91406 -229.68527
20200.60742 -177.64438
20203.30273 -233.70580
20205.98828 -234.10713
20208.68359 -231.82697
20211.37891 -185.79630
20214.05469 -230.74040
20216.76172 -231.67361
20219.44727 -231.09935
20222.13281 -182.99074
20224.83203 -233.06567
20227.51758 -233.62175
20230.20703 -231.90839
20232.90625 -183.33659
20235.59375 -230.22266
20238.29297 -231.82991
20240.97070 -233.04308
20243.66992 -181.29437
20246.37109 -233.70041
20249.06055 -232.77458
20251.75195 -230.49207
20254.43164 -172.69847
20257.13281 -229.00838
20259.83594 -231.35100
20262.51758 -233.20776
20265.20898 -181.60837
20267.90234 -231.44231
20270.59375 -231.04999
20273.28711 -231.66553
20275.98047 -173.30800
20278.67578 -232.74940
20281.36914 -235.49371
20284.05273 -237.07608
20286.74805 -183.26082
20289.44336 -232.14496
20292.12695 -231.30882
20294.81250 -230.77185
20297.50781 -175.65085
20300.19336 -229.97137
20302.90234 -232.39792
20305.60156 -234.61441
20308.28711 -178.57751
20310.97461 -230.62242
20313.67383 -229.67659
20316.34961 -230.28595
20319.04688 -172.89729
20321.73633 -231.37250
20324.43750 -232.58243
20327.12695 -232.85547
20329.82617 -178.83577
20332.50391 -229.09651
20335.20703 -229.11250
20337.89844 -231.16837
20340.58789 -174.45163
20343.27930 -233.92807
20345.97266 -234.62366
20348.65234 -234.74815
20351.35547 -181.82147
20354.04883 -232.10457
20356.74219 -230.85291
20359.43555 -231.46042
20362.11719 -178.38405
20364.81250 -232.56085
20367.50586 -232.52211
20370.20117 -232.07036
20372.89648 -175.32043
20375.58203 -229.66779
20378.26562 -229.76332
20380.97266 -232.39439
20383.65820 -171.60124
20386.34375 -236.46373
20389.04102 -233.43263
20391.74023 -231.57365
20394.42578 -175.57414
20397.11328 -231.42775
20399.81250 -231.57742
20402.50000 -233.55087
20405.19922 -178.34654
20407.88867 -235.64861
20410.57812 -232.99181
20413.26562 -232.05980
20415.96875 -184.55630
20418.64844 -234.39847
20421.34961 -234.17046
20424.02734 -235.72073
20426.73047 -168.09908
20429.42188 -235.96074
20432.11328 -232.11919
20434.80664 -229.77272
20437.49805 -184.24236
20440.19141 -230.51189
20442.88477 -231.41696
20445.56836 -232.34091
20448.26172 -175.33456
20450.96680 -231.61292
20453.65039 -230.03421
20456.34570 -229.32884
20459.04102 -181.75464
20461.72461 -233.61333
20464.41016 -234.26430
20467.10742 -232.78534
20469.80273 -188.43469
20472.50000 -230.79649
20475.18750 -230.12492
20477.87305 -229.48691
20480.57031 -185.11246
20483.24609 -232.61769
20485.95703 -233.83383
20488.64453 -232.82912
20491.33594 -185.39359
20494.03516 -231.13768
20496.72266 -230.01872
20499.41406 -228.85564
20502.10156 -178.68576
20504.79297 -231.30943
20507.49609 -231.82500
20510.18555 -230.03346
20512.87500 -171.59369
20515.56836 -228.15758
20518.26172 -228.90620
20520.95312 -229.85481
20523.64453 -186.01831
20526.33789 -233.93744
20529.02148 -234.35828
20531.71484 -232.20532
20534.41016 -175.93379
20537.10156 -230.73219
20539.79688 -231.31601
20542.48047 -230.85017
20545.17578 -177.54318
20547.87305 -232.87817
20550.55664 -233.45624
20553.24219 -231.93512
20555.93945 -171.68803
20558.63672 -230.11938
20561.32422 -231.53223
20564.02148 -232.90030
20566.70898 -174.71815
20569.40625 -233.87073
20572.09375 -232.69073
20574.79492 -230.46008
20577.48242 -175.20735
20580.17188 -229.05574
20582.87109 -231.25507
20585.56250 -233.26620
20588.25195 -193.36087
20590.93945 -231.97644
20593.63086 -231.44812
20596.33203 -232.01312
20599.02539 -179.28912
20601.71680 -233.04788
20604.39648 -235.39746
20607.08984 -236.91647
20609.78320 -174.60907
20612.47656 -232.41254
20615.16797 -231.25632
20617.86133 -230.54866
20620.55664 -172.85977
20623.25000 -229.99146
20625.92188 -232.32738
20628.62891 -234.53099
20631.32617 -178.61870
20634.00781 -230.86238
20636.70312 -229.74034
20639.40234 -230.17096
20642.08789 -185.28207
20644.78516 -231.46156
20647.47070 -232.54240
20650.15625 -232.65392
20652.85547 -176.74409
20655.55469 -229.21812
20658.23047 -229.18019
20660.92969 -231.02032
20663.63086 -185.24358
20666.31836 -233.97893
20669.00586 -234.81267
20671.69727 -234.81755
20674.39648 -195.24260
20677.07422 -231.93675
20679.77734 -230.51270
20682.48047 -230.81239
20685.14844 -184.49072
20687.85156 -232.17302
20690.54492 -232.20168
20693.23438 -231.63521
20695.92773 -177.78650
20698.62109 -229.47952
20701.31250 -229.64606
20703.99609 -232.07385
20706.70117 -179.32080
20709.38477 -236.20770
20712.08008 -233.52364
20714.77344 -231.55460
20717.46875 -178.13474
20720.14062 -231.17581
20722.84961 -231.36716
20725.53516 -233.09779
20728.24219 -178.22411
20730.91797 -235.47974
20733.61523 -233.27490
20736.31250 -232.33958
20739.00000 -185.22116
20741.68750 -233.89172
20744.37305 -233.75996
20747.07227 -235.33412
20749.76172 -168.20683
20752.44922 -235.59581
20755.14844 -231.97717
20757.83984 -229.62535
20760.52734 -173.23196
20763.23047 -230.20232
20765.90820 -231.36682
20768.61133 -232.54546
20771.30078 -174.94241
20773.99219 -231.80083
20776.68359 -230.32724
20779.37695 -229.70393
20782.06836 -182.78046
20784.77344 -233.59846
20787.45312 -234.34090
20790.14844 -233.12976
20792.83008 -170.05533
20795.53516 -230.87483
20798.21875 -230.18710
20800.92578 -229.58292
20803.60938 -176.29128
20806.29102 -232.37149
20809.00000 -233.83426
20811.68359 -233.22330
20814.37109 -186.70448
20817.06641 -231.09926
20819.76367 -229.86275
20822.44922 -228.79988
20825.14844 -186.13066
20827.83398 -231.02397
20830.52344 -231.64021
20833.22070 -230.11357
20835.90820 -174.64223
20838.60938 -228.17934
20841.29688 -228.93269
20843.99609 -230.05165
20846.67578 -177.15033
20849.37500 -234.16656
20852.06641 -234.59346
20854.75586 -232.56602
20857.44531 -177.34395
20860.13867 -230.71851
20862.84180 -230.97052
20865.51953 -230.61383
20868.22461 -173.72391
20870.90625 -232.70305
20873.61133 -233.28714
20876.29102 -231.94095
20878.98438 -172.06496
20881.67969 -230.03349
20884.35938 -231.24596
20887.06836 -232.72878
20889.75000 -184.56390
20892.43359 -234.00092
20895.14062 -232.60313
20897.82422 -230.41837
20900.52344 -183.34303
20903.21875 -229.13329
20905.90234 -231.18382
20908.58984 -233.30206
20911.28711 -185.98106
20913.98438 -232.55069
20916.67188 -231.88756
20919.37109 -232.34743
20922.04688 -174.48233
20924.74609 -233.26175
20927.44531 -235.16772
20930.13477 -236.60898
20932.81250 -185.26251
20935.51172 -232.64890
20938.21289 -231.20729
20940.89062 -230.32585
20943.59375 -171.41118
20946.29688 -230.02664
20948.97461 -232.28618
20951.66406 -234.45622
20954.35742 -189.18658
20957.05078 -231.10887
20959.74219 -229.83426
20962.43359 -230.07364
20965.11719 -177.34814
20967.82227 -231.55099
20970.51562 -232.53763
20973.19922 -232.49852
20975.89062 -179.25259
20978.57422 -229.35089
20981.28125 -229.28571
20983.96484 -230.90240
20986.66211 -176.66243
20989.34570 -233.98178
20992.04297 -234.96982
20994.73828 -234.87053
20997.42383 -189.93597
21000.12109 -231.73561
21002.81055 -230.19717
21005.50781 -230.23840
21008.19336 -173.15408
21010.89453 -231.80670
21013.58203 -231.93599
21016.26953 -231.28171
21018.96875 -182.32918
21021.65820 -229.30704
21024.34570 -229.56277
21027.03516 -231.80360
21029.73633 -176.23647
21032.42578 -235.91098
21035.11719 -233.60408
21037.81055 -231.56091
21040.50000 -182.80365
21043.19141 -230.92590
21045.88281 -231.16646
21048.57617 -232.67851
21051.25781 -179.91235
21053.96094 -235.28059
21056.65625 -233.54538
21059.34766 -232.61302
21062.04102 -183.76221
21064.73633 -233.34557
21067.41992 -233.30573
21070.11523 -234.84807
21072.81055 -172.23833
21075.50586 -235.18478
21078.18750 -231.83740
21080.87500 -229.52298
21083.57227 -179.00468
21086.26758 -229.94754
21088.96484 -231.35165
21091.65039 -232.80685
21094.33789 -178.47137
21097.03516 -232.06311
21099.72461 -230.66196
21102.42188 -230.12784
21105.10938 -178.56801
21107.79688 -233.56847
21110.48633 -234.37654
21113.18750 -233.48097
21115.87695 -178.71852
21118.56641 -231.00038
21121.26758 -230.27097
21123.95703 -229.70793
21126.64844 -175.89531
21129.32812 -232.16292
21132.04297 -233.83073
21134.72266 -233.62680
21137.41406 -188.88794
21140.10742 -231.09056
21142.80078 -229.73235
21145.49219 -228.77943
21148.18555 -179.97163
21150.87891 -230.82196
21153.56250 -231.51323
21156.26758 -230.23961
21158.93750 -186.74388
21161.63281 -228.26917
21164.32812 -228.99986
21167.02734 -230.27129
21169.70898 -176.52094
21172.40625 -234.38083
21175.10156 -234.80072
21177.78906 -232.90062
21180.48633 -178.67595
21183.17188 -230.70441
21185.86914 -230.64359
21188.55664 -230.39209
21191.25391 -179.83678
21193.94336 -232.55197
21196.63086 -233.12225
21199.33203 -231.92755
21202.01953 -178.05342
21204.70898 -229.96794
21207.39844 -230.97531
21210.09766 -232.53387
21212.78906 -181.85300
21215.47852 -234.09824
21218.16797 -232.51712
21220.85938 -230.36833
21223.55273 -185.79732
21226.24219 -229.23935
21228.93555 -231.13551
21231.63867 -233.31110
21234.32031 -199.47429
21237.01367 -233.15781
21239.71875 -232.36301
21242.40039 -232.65878
21245.08203 -184.50633
21247.78906 -233.37914
21250.48438 -234.82211
21253.16602 -236.17569
21255.86133 -189.32738
21258.54492 -232.85074
21261.24219 -231.16443
21263.92578 -230.10809
21266.62305 -182.78458
21269.32031 -230.07362
21272.00781 -232.27232
21274.70508 -234.39078
21277.39062 -175.35587
21280.08789 -231.35852
21282.77539 -229.95761
21285.47656 -229.99670
21288.15234 -170.92813
21290.86133 -231.63753
21293.55273 -232.56650
21296.24023 -232.39079
21298.92773 -183.31212
21301.63086 -229.49440
21304.30859 -229.42812
21307.00977 -230.81355
21309.70312 -185.96025
21312.39258 -233.93239
21315.08203 -235.08342
21317.76367 -234.89536
21320.46680 -175.89412
21323.16016 -231.50911
21325.85156 -229.91060
21328.54492 -229.73672
21331.22656 -180.14738
21333.92969 -231.46490
21336.62305 -231.72575
21339.30664 -231.00833
21342.01367 -176.71835
21344.69727 -229.15366
21347.39258 -229.51277
21350.07617 -231.58095
21352.77148 -178.12540
21355.45703 -235.57935
21358.15234 -233.67252
21360.84961 -231.59262
21363.54688 -183.54973
21366.22070 -230.68283
21368.91797 -230.97752
21371.60547 -232.29584
21374.30469 -177.54805
21376.99219 -235.04884
21379.69141 -233.79266
21382.38086 -232.86739
21385.07812 -176.95363
21387.76953 -232.77795
21390.45703 -232.83038
21393.14648 -234.31421
21395.84766 -176.44055
21398.52539 -234.74889
21401.22852 -231.70618
21403.91797 -229.46765
21406.62109 -186.93394
21409.30078 -229.74689
21412.00391 -231.36917
21414.68555 -233.12094
21417.37891 -172.95642
21420.06836 -232.39775
21422.75195 -231.03621
21425.45703 -230.59644
21428.13672 -184.61650
21430.83203 -233.51053
21433.52539 -234.36337
21436.22070 -233.83037
21438.91602 -187.12856
21441.59961 -231.17206
21444.28516 -230.37556
21446.99219 -229.85982
21449.67578 -187.47502
21452.37305 -231.98889
21455.05859 -233.82051
21457.75586 -234.03427
21460.45312 -185.34093
21463.15234 -231.11407
21465.83789 -229.62912
21468.53711 -228.79327
21471.22266 -200.19341
21473.89844 -230.70123
21476.59961 -231.44330
21479.28711 -230.40923
21481.98828 -177.81357
21484.67773 -228.42662
21487.37891 -229.10684
21490.05664 -230.50859
21492.74609 -186.42798
21495.44922 -234.56818
21498.14062 -234.96817
21500.83008 -233.20090
21503.52344 -178.47073
21506.21289 -230.69537
21508.90625 -230.34024
21511.59766 -230.18539
21514.28906 -187.81241
21516.98438 -232.43382
21519.67773 -232.96843
21522.35938 -231.89664
21525.06641 -182.59390
21527.74609 -229.92496
21530.44141 -230.72380
21533.12500 -232.32031
21535.82031 -178.80470
21538.51562 -234.17154
21541.21289 -232.43774
21543.89648 -230.31187
21546.59375 -177.67654
21549.29297 -229.37180
21551.97656 -231.10823
21554.67578 -233.28963
21557.36133 -189.19675
21560.05859 -233.78757
21562.74609 -232.86609
21565.43359 -232.93481
21568.13281 -171.64238
21570.82031 -233.39674
21573.50781 -234.38893
21576.19922 -235.64662
21578.91016 -191.16150
21581.58594 -233.01601
21584.28906 -231.13046
21586.96875 -229.89983
21589.66992 -178.89986
21592.34766 -230.12897
21595.05078 -232.28352
21597.73047 -234.33357
21600.43359 -184.73862
21603.12500 -231.60793
21605.81836 -230.10951
21608.51172 -229.94228
21611.20312 -173.13193
21613.89648 -231.71806
21616.58008 -232.62694
21619.27344 -232.33139
21621.96875 -179.40327
21624.65039 -229.64882
21627.34570 -229.60632
21630.04102 -230.75180
21632.75000 -182.87297
21635.43164 -233.82849
21638.11719 -235.14388
21640.81250 -234.88197
21643.51172 -174.57994
21646.19531 -231.26537
21648.89453 -229.65616
21651.58008 -229.30585
21654.26562 -172.89114
21656.96484 -231.15086
21659.66406 -231.57126
21662.35156 -230.81396
21665.03906 -176.59148
21667.72656 -229.02266
21670.42773 -229.49529
21673.11523 -231.40323
21675.80469 -176.87248
21678.49609 -235.21912
21681.19531 -233.72813
21683.88672 -231.65018
21686.57812 -192.81903
21689.26758 -230.45097
21691.95703 -230.80229
21694.65039 -231.95210
21697.33203 -177.33263
21700.04688 -234.78436
21702.72656 -234.00621
21705.41992 -233.09099
21708.11328 -197.80678
21710.80469 -232.20581
21713.50000 -232.35294
21716.18164 -233.77577
21718.87695 -187.04776
21721.57227 -234.30849
21724.26758 -231.58914
21726.96289 -229.46106
21729.63281 -178.97028
21732.33203 -229.59955
21735.02734 -231.41673
21737.72461 -233.48183
21740.41016 -194.70842
21743.10547 -232.80063
21745.80273 -231.44664
21748.49219 -231.10422
21751.18945 -182.59944
21753.86523 -233.41460
21756.56250 -234.29689
21759.25000 -234.16928
21761.95117 -181.54100
21764.63867 -231.38873
21767.32617 -230.49983
21770.02930 -230.03616
21772.71680 -184.86487
21775.40820 -231.84679
21778.10742 -233.80118
21780.79883 -234.43982
21783.47656 -180.35214
21786.17969 -231.17235
21788.87109 -229.55444
21791.56250 -228.83984
21794.26758 -179.31488
21796.93555 -230.66025
21799.62891 -231.42987
21802.33203 -230.61971
21805.02734 -174.38774
21807.70703 -228.65161
21810.40039 -229.25269
21813.09570 -230.75777
21815.80078 -185.16672
21818.48438 -234.71817
21821.16797 -235.08543
21823.86328 -233.45944
21826.57227 -171.76512
21829.24219 -230.69691
21831.94141 -230.06438
21834.63672 -229.99327
21837.32227 -183.41650
21840.00781 -232.35501
21842.71680 -232.83150
21845.39062 -231.85004
21848.08984 -177.85338
21850.78906 -229.90602
21853.48828 -230.49422
21856.16406 -232.09233
21858.86523 -192.60390
21861.55273 -234.22989
21864.25391 -232.36964
21866.94141 -230.25128
21869.63086 -178.83739
21872.32031 -229.52808
21875.00977 -231.09984
21877.71289 -233.23463
21880.39062 -183.21928
21883.09375 -234.42581
21885.77148 -233.38434
21888.47656 -233.16064
21891.16797 -174.85489
21893.85938 -233.31987
21896.55273 -233.89990
21899.24609 -235.05359
21901.92578 -188.77420
21904.63086 -233.14388
21907.31445 -231.10808
21910.01953 -229.70522
21912.70312 -177.34515
21915.39844 -230.18930
21918.08203 -232.31702
21920.77734 -234.28162
21923.47266 -184.66069
21926.15430 -231.85368
21928.86523 -230.28886
21931.54688 -229.91180
21934.23438 -201.70396
21936.94336 -231.78975
21939.61719 -232.71634
21942.31445 -232.31995
21945.01172 -187.67662
21947.69922 -229.81477
21950.38867 -229.81898
21953.08594 -230.71420
21955.77344 -173.23634
21958.46094 -233.67009
21961.15039 -235.14508
21963.85156 -234.82367
21966.54102 -181.70438
21969.24023 -231.01239
21971.91797 -229.43626
21974.62109 -228.94447
21977.30078 -179.99750
21980.00195 -230.86801
21982.69336 -231.47260
21985.39844 -230.69797
21988.07617 -189.13568
21990.75781 -228.91713
21993.46094 -229.50948
21996.15430 -231.26788
21998.84766 -201.38776
22001.54102 -234.83701
22004.23438 -233.77081
22006.91602 -231.73447
22009.62109 -177.97133
22012.30469 -230.23425
22015.00000 -230.64253
22017.69531 -231.64922
22020.37891 -175.92909
22023.08594 -234.48956
22025.77148 -234.17664
22028.45508 -233.27493
22031.15234 -181.78923
22033.83789 -231.64386
22036.52344 -231.88808
22039.22070 -233.26428
22041.90625 -191.92096
22044.60547 -233.88136
22047.30469 -231.49126
22049.99023 -229.50462
